# Blender 4.2.1 LTS
# www.blender.org
mtllib cabeza4.mtl
o 17174_Tiamat_new.001
v -1.231342 1.742365 -1.120213
v -1.207842 1.741065 -1.119413
v -1.208242 1.724366 -1.128613
v -1.231842 1.726665 -1.132313
v -1.186042 1.722266 -1.120213
v -1.186842 1.738466 -1.112713
v -1.184142 1.705165 -1.127413
v -1.207742 1.704766 -1.137213
v -1.230542 1.708665 -1.143913
v -1.155442 1.731965 -1.094313
v -1.150142 1.720765 -1.092213
v -1.165842 1.720566 -1.108213
v -1.168442 1.735065 -1.102913
v -1.161842 1.706166 -1.112113
v -1.145242 1.704666 -1.089713
v -1.206042 1.759866 -1.113513
v -1.186242 1.755865 -1.107113
v -1.227242 1.761865 -1.114213
v -1.222042 1.780365 -1.118813
v -1.201842 1.777565 -1.115613
v -1.182142 1.772166 -1.106813
v -1.166942 1.749565 -1.097213
v -1.162042 1.763065 -1.093113
v -1.149642 1.740065 -1.086313
v -1.143042 1.750565 -1.077413
v -1.126942 1.734265 -1.062813
v -1.137242 1.726365 -1.076213
v -1.131242 1.708665 -1.065413
v -1.116442 1.717666 -1.047013
v -1.223442 1.706565 -1.167113
v -1.249042 1.712366 -1.168713
v -1.252842 1.712366 -1.146013
v -1.242942 1.714065 -1.195813
v -1.212742 1.707265 -1.195413
v -1.278442 1.717666 -1.191813
v -1.272642 1.718066 -1.162413
v -1.268342 1.717965 -1.146513
v -1.172342 1.698965 -1.146713
v -1.197642 1.701265 -1.160013
v -1.184042 1.698665 -1.187513
v -1.156242 1.692665 -1.171713
v -1.149542 1.696266 -1.125913
v -1.131342 1.692865 -1.098413
v -1.111142 1.681065 -1.114213
v -1.131142 1.687166 -1.146513
v -1.117642 1.693066 -1.066713
v -1.094842 1.680466 -1.078913
v -1.106542 1.699766 -1.038413
v -1.081342 1.682566 -1.039013
v -1.152042 1.776065 -1.095513
v -1.173042 1.784965 -1.113713
v -1.161542 1.792765 -1.125313
v -1.138642 1.781865 -1.105613
v -1.132742 1.761966 -1.075713
v -1.118042 1.767365 -1.083113
v -1.115642 1.743765 -1.057213
v -1.100242 1.751565 -1.060413
v -1.088742 1.737865 -1.038213
v -1.102342 1.726965 -1.040113
v -1.081142 1.726766 -1.022613
v -1.093842 1.712265 -1.026713
v -1.072942 1.716966 -1.008813
v -1.083942 1.698366 -1.014913
v -1.061742 1.707065 -0.990613
v -1.069542 1.686665 -0.997713
v -1.049142 1.698265 -0.968013
v -1.051042 1.678265 -0.975113
v -1.055042 1.669365 -1.014113
v -1.032942 1.662065 -0.988313
v -1.040842 1.690666 -0.938813
v -1.040042 1.670165 -0.943613
v -1.039042 1.686265 -0.904713
v -1.037242 1.662365 -0.905913
v -1.009742 1.645965 -0.914713
v -1.018542 1.654065 -0.954013
v -1.021442 1.698066 -0.834913
v -1.021542 1.667365 -0.825113
v -1.034842 1.660766 -0.864813
v -1.035842 1.689566 -0.868813
v -1.002142 1.642665 -0.872513
v -0.987242 1.648866 -0.833913
v -1.326442 1.730765 -1.240613
v -1.302842 1.724465 -1.217413
v -1.287142 1.726665 -1.243013
v -1.314342 1.729865 -1.257813
v -1.260842 1.718766 -1.231513
v -1.278642 1.723065 -1.267713
v -1.250142 1.716565 -1.262913
v -1.308142 1.724165 -1.273613
v -1.198442 1.703966 -1.229413
v -1.230442 1.712066 -1.229913
v -1.220142 1.706866 -1.263113
v -1.189342 1.692366 -1.261013
v -1.168642 1.689165 -1.219713
v -1.158642 1.673066 -1.248913
v -1.140642 1.674566 -1.199913
v -1.128242 1.654065 -1.225813
v -1.114242 1.663266 -1.169313
v -1.089142 1.656966 -1.134113
v -1.071642 1.629365 -1.152113
v -1.099942 1.638865 -1.190313
v -1.065742 1.657465 -1.100313
v -1.043742 1.656865 -1.068013
v -1.018342 1.623165 -1.088913
v -1.044842 1.625565 -1.118913
v -0.994442 1.642866 -1.010013
v -1.019842 1.649465 -1.039313
v -0.989842 1.618165 -1.060413
v -0.960342 1.613565 -1.030213
v -0.957942 1.632165 -0.933913
v -0.973642 1.637465 -0.974113
v -0.933342 1.610266 -0.993913
v -0.910442 1.607466 -0.953413
v -0.943842 1.632565 -0.892113
v -0.925742 1.640965 -0.854913
v -0.890742 1.608365 -0.911213
v -0.869342 1.613066 -0.871113
v -1.279842 1.712366 -1.284013
v -1.308542 1.717565 -1.285613
v -1.252342 1.703565 -1.282613
v -1.265642 1.686766 -1.287313
v -1.289642 1.698865 -1.289413
v -1.314742 1.707665 -1.290213
v -1.224542 1.690565 -1.282913
v -1.194042 1.673565 -1.281113
v -1.212442 1.650065 -1.282713
v -1.242042 1.671265 -1.284513
v -1.143042 1.605565 -1.248013
v -1.171542 1.632565 -1.273613
v -1.159542 1.652366 -1.269413
v -1.125242 1.630966 -1.244013
v -1.175742 1.603665 -1.264513
v -1.181242 1.621365 -1.274213
v -1.198542 1.605465 -1.271613
v -1.206342 1.623566 -1.275913
v -1.094042 1.614265 -1.204513
v -1.064842 1.603266 -1.162113
v -1.072742 1.580766 -1.161513
v -1.105042 1.591165 -1.203713
v -1.010742 1.593665 -1.096013
v -1.038642 1.597266 -1.126113
v -1.016842 1.571065 -1.093413
v -1.045342 1.575466 -1.124313
v -0.946542 1.586066 -1.040413
v -0.979642 1.589465 -1.068813
v -0.952042 1.561265 -1.038113
v -0.985342 1.566165 -1.066013
v -0.893042 1.556866 -0.963513
v -0.920042 1.557665 -1.003713
v -0.914242 1.584266 -1.005813
v -0.887942 1.582965 -0.964813
v -1.102142 1.792365 -1.070013
v -1.087742 1.779866 -1.043713
v -1.093242 1.766065 -1.052413
v -1.107942 1.779466 -1.080113
v -1.084642 1.754566 -1.027213
v -1.079142 1.771965 -1.018413
v -1.069942 1.801365 -1.061913
v -1.055942 1.795666 -1.048313
v -1.072642 1.788365 -1.043213
v -1.085742 1.799265 -1.064313
v -1.060442 1.781365 -1.022913
v -1.040342 1.790865 -1.031513
v -1.073642 1.767665 -0.998413
v -1.078342 1.746265 -1.009113
v -1.070542 1.738766 -0.994313
v -1.065942 1.762465 -0.982113
v -1.026342 1.786166 -1.017813
v -1.050442 1.777165 -1.006313
v -1.040242 1.773265 -0.991713
v -1.012242 1.780965 -1.006013
v -1.008042 1.823865 -1.046113
v -0.986642 1.821765 -1.031613
v -1.006542 1.802266 -1.025113
v -1.024042 1.805665 -1.038713
v -0.990442 1.799065 -1.012613
v -0.969042 1.821566 -1.017113
v -1.054042 1.754166 -0.967713
v -1.059442 1.729865 -0.978213
v -1.047842 1.721266 -0.958813
v -1.041542 1.746166 -0.952613
v -0.980242 1.773665 -0.978613
v -0.996942 1.776465 -0.992913
v -0.972842 1.796666 -0.999613
v -0.953742 1.795465 -0.986213
v -0.950242 1.821566 -1.003213
v -0.930242 1.822565 -0.989313
v -1.027642 1.768165 -0.977013
v -1.013942 1.762666 -0.962613
v -1.039842 1.715065 -0.934013
v -1.030542 1.741266 -0.933613
v -1.019642 1.741966 -0.912213
v -1.035842 1.714365 -0.905313
v -1.027842 1.720765 -0.876513
v -1.010642 1.730465 -0.848813
v -1.002942 1.745466 -0.892613
v -0.981242 1.752365 -0.871613
v -0.962242 1.772766 -0.963713
v -0.999242 1.757965 -0.947113
v -0.983542 1.757066 -0.930513
v -0.943742 1.774065 -0.949013
v -0.908442 1.824466 -0.975213
v -0.932942 1.796165 -0.972513
v -0.912342 1.798466 -0.958713
v -0.886542 1.827266 -0.961613
v -0.924242 1.774465 -0.936313
v -0.964642 1.758066 -0.915513
v -0.942542 1.761966 -0.898213
v -0.903042 1.775966 -0.921813
v -0.865542 1.829865 -0.949913
v -0.892342 1.800665 -0.946413
v -0.871642 1.802865 -0.932613
v -0.844242 1.832466 -0.936713
v -0.879242 1.779565 -0.902413
v -0.917042 1.769666 -0.875413
v -0.886042 1.775165 -0.849513
v -0.849642 1.781165 -0.879013
v -0.920942 1.769765 -0.817213
v -0.954342 1.763065 -0.845013
v -0.820842 1.834365 -0.919313
v -0.848242 1.804565 -0.915213
v -0.818142 1.803165 -0.894213
v -0.790142 1.832765 -0.898613
v -0.749342 1.828065 -0.872313
v -0.778542 1.798665 -0.867613
v -0.737442 1.797865 -0.835413
v -0.708042 1.828465 -0.838113
v -0.769942 1.774365 -0.823113
v -0.810842 1.776865 -0.852313
v -0.695542 1.777565 -0.766613
v -0.733542 1.774665 -0.795713
v -0.698542 1.799665 -0.805513
v -0.657842 1.805166 -0.773913
v -0.666542 1.830565 -0.807713
v -0.623442 1.837466 -0.774813
v -0.570942 1.845366 -0.740613
v -0.609642 1.813365 -0.738113
v -0.561742 1.826066 -0.697413
v -0.522242 1.859866 -0.699513
v -0.603442 1.793166 -0.692413
v -0.650242 1.784165 -0.731713
v -1.187742 1.586666 -1.250613
v -1.216142 1.591565 -1.263713
v -1.156542 1.587165 -1.227413
v -1.175242 1.575065 -1.210413
v -1.208442 1.571966 -1.232013
v -1.240942 1.575065 -1.244813
v -1.123142 1.580766 -1.192113
v -1.088342 1.568265 -1.155113
v -1.107342 1.561365 -1.146113
v -1.141742 1.573565 -1.178513
v -1.057742 1.561865 -1.120413
v -1.028342 1.557266 -1.088713
v -1.043742 1.547565 -1.083113
v -1.074742 1.553066 -1.114413
v -0.997542 1.552266 -1.059413
v -0.966742 1.547066 -1.028913
v -0.984242 1.538465 -1.019313
v -1.013442 1.543166 -1.052113
v -1.031942 1.538566 -1.043813
v -1.062942 1.542765 -1.075113
v -1.002442 1.533766 -1.010513
v -1.014842 1.516665 -1.009313
v -1.048342 1.524266 -1.040213
v -1.081942 1.531165 -1.069113
v -0.965442 1.875366 -1.059413
v -0.933342 1.876466 -1.046913
v -0.960842 1.842765 -1.042213
v -0.987342 1.843965 -1.056313
v -0.942242 1.846166 -1.024313
v -0.913742 1.880365 -1.025513
v -0.892442 1.881266 -1.011713
v -0.922642 1.847666 -1.009713
v -0.901842 1.848465 -0.996513
v -0.870342 1.880865 -0.999913
v -0.852542 1.883466 -0.980313
v -0.881242 1.851466 -0.980113
v -0.859342 1.853966 -0.965813
v -0.831442 1.885166 -0.965613
v -0.809042 1.886966 -0.956913
v -0.837542 1.855765 -0.955713
v -0.815942 1.858665 -0.942413
v -0.786742 1.889465 -0.942913
v -0.764042 1.893065 -0.919113
v -0.792442 1.861765 -0.922913
v -0.760742 1.861565 -0.900613
v -0.729742 1.894165 -0.896113
v -0.688942 1.895565 -0.864013
v -0.719142 1.859465 -0.872313
v -0.675242 1.859866 -0.838613
v -0.642142 1.897766 -0.831713
v -0.599642 1.904065 -0.796113
v -0.631042 1.862766 -0.807813
v -0.589342 1.872365 -0.770613
v -0.558942 1.913765 -0.756613
v -0.514542 1.925466 -0.714413
v -0.539042 1.883165 -0.733113
v -0.491642 1.896966 -0.693213
v -0.470942 1.938766 -0.675913
v -1.009642 1.971866 -1.089313
v -0.966942 1.972266 -1.051413
v -0.976442 1.921465 -1.078713
v -1.014942 1.920266 -1.113413
v -0.943742 1.923265 -1.048613
v -0.932242 1.971166 -1.017213
v -0.997042 1.873266 -1.083513
v -1.032742 1.872265 -1.112613
v -0.898142 1.977466 -0.998213
v -0.908542 1.928465 -1.035213
v -0.886242 1.929865 -1.013613
v -0.871042 1.976866 -0.979613
v -0.845442 1.976365 -0.967513
v -0.863342 1.929565 -0.999313
v -0.839642 1.928766 -0.989013
v -0.820142 1.977566 -0.959013
v -0.802542 1.972765 -0.941413
v -0.824142 1.927366 -0.967713
v -0.805142 1.927966 -0.952113
v -0.785742 1.971465 -0.925013
v -0.766042 1.973966 -0.911313
v -0.783342 1.931166 -0.941913
v -0.758842 1.934065 -0.928313
v -0.740942 1.978665 -0.896413
v -0.717542 1.975865 -0.867913
v -0.736642 1.935066 -0.900613
v -0.700942 1.938365 -0.876413
v -0.684942 1.980265 -0.839213
v -0.647042 1.984566 -0.803313
v -0.661842 1.941465 -0.841213
v -0.614742 1.947966 -0.808713
v -0.603942 1.993065 -0.766913
v -0.564042 1.998566 -0.726013
v -0.575442 1.954366 -0.767713
v -0.532042 1.964466 -0.731813
v -0.521342 2.011166 -0.692213
v -1.140842 2.019566 -1.039413
v -1.085942 2.019065 -1.007613
v -1.069942 2.012465 -1.076713
v -1.127542 2.007165 -1.109213
v -1.018842 2.004866 -1.035613
v -1.034042 2.009265 -0.972313
v -1.057042 1.975565 -1.133913
v -1.114742 1.969965 -1.164513
v -0.988342 2.005065 -0.938013
v -0.973442 2.004066 -0.998113
v -0.936342 1.999666 -0.965313
v -0.948542 2.000566 -0.909513
v -0.914242 2.004665 -0.890213
v -0.902642 2.005065 -0.944913
v -0.872942 2.005866 -0.929413
v -0.884042 2.007465 -0.875913
v -0.858042 2.009665 -0.862213
v -0.846242 2.006866 -0.917213
v -0.821742 2.009766 -0.906213
v -0.835242 2.010766 -0.848713
v -0.814642 2.008865 -0.835313
v -0.801242 2.007465 -0.892113
v -0.784142 2.003866 -0.876713
v -0.795142 2.006966 -0.821713
v -0.774542 2.007565 -0.807213
v -0.764942 2.003166 -0.861913
v -0.741442 2.005365 -0.844813
v -0.751442 2.006966 -0.790113
v -0.725642 2.005566 -0.768413
v -0.715942 2.001865 -0.820013
v -0.685742 2.005466 -0.790613
v -0.696842 2.010365 -0.740313
v -0.663142 2.017566 -0.704913
v -0.649142 2.012566 -0.755513
v -0.608942 2.022866 -0.718213
v -0.625942 2.027366 -0.667213
v -0.586342 2.040066 -0.631913
v -0.568042 2.031665 -0.680913
v -0.528142 2.045266 -0.647513
v -0.547142 2.055665 -0.600213
v -1.339942 1.740566 -1.185713
v -1.321742 1.729065 -1.196113
v -1.342742 1.731766 -1.225013
v -1.358442 1.739365 -1.216213
v -1.304542 1.727965 -1.168013
v -1.321442 1.746466 -1.151413
v -1.255942 1.726265 -1.128713
v -1.256842 1.741866 -1.112913
v -1.277442 1.726066 -1.130713
v -1.285642 1.744666 -1.112313
v -1.250842 1.762565 -1.107313
v -1.272142 1.767866 -1.105813
v -1.260642 1.779765 -1.115813
v -1.244042 1.780866 -1.116913
v -1.280342 1.775765 -1.122413
v -1.263142 1.786765 -1.127513
v -1.294142 1.762765 -1.120413
v -1.297042 1.774765 -1.137413
v -1.281942 1.784366 -1.140213
v -1.265442 1.795266 -1.142813
v -1.302242 1.742566 -1.130813
v -1.291342 1.728266 -1.146113
v -1.304142 1.754765 -1.127013
v -1.311242 1.764265 -1.140413
v -1.546542 1.813365 -1.240013
v -1.526542 1.811066 -1.223913
v -1.516142 1.809965 -1.243313
v -1.535242 1.810465 -1.256013
v -1.497442 1.813365 -1.230913
v -1.507242 1.813866 -1.208213
v -1.491342 1.808266 -1.248513
v -1.510442 1.804665 -1.258813
v -1.529642 1.803565 -1.269313
v -1.488642 1.818365 -1.194513
v -1.478842 1.817965 -1.220613
v -1.459542 1.822666 -1.211913
v -1.468742 1.824265 -1.183413
v -1.452642 1.817066 -1.231113
v -1.472242 1.812466 -1.239413
v -1.446242 1.833266 -1.176213
v -1.438742 1.829565 -1.205513
v -1.419142 1.839365 -1.201013
v -1.424842 1.845265 -1.172313
v -1.412842 1.832065 -1.217713
v -1.432342 1.823766 -1.223713
v -1.406242 1.856766 -1.169513
v -1.401642 1.848966 -1.196813
v -1.384542 1.854266 -1.189813
v -1.388442 1.863265 -1.164413
v -1.378942 1.845765 -1.204613
v -1.395542 1.840365 -1.212413
v -1.390042 1.892365 -1.068413
v -1.371942 1.897965 -1.062413
v -1.374942 1.883366 -1.114513
v -1.391742 1.875765 -1.121413
v -1.365342 1.897965 -1.112213
v -1.361242 1.911166 -1.060113
v -1.360242 1.880065 -1.156013
v -1.372142 1.868666 -1.157313
v -1.348942 1.858166 -1.186713
v -1.362942 1.850466 -1.194713
v -1.368342 1.858166 -1.180913
v -1.354742 1.865965 -1.175913
v -1.386342 1.730165 -1.272913
v -1.396942 1.734065 -1.267613
v -1.368642 1.732665 -1.248613
v -1.355842 1.730765 -1.258613
v -1.379642 1.741566 -1.243513
v -1.404742 1.742765 -1.265213
v -1.359842 1.726766 -1.282613
v -1.373042 1.728765 -1.278813
v -1.344942 1.728866 -1.269113
v -1.338342 1.725066 -1.278713
v -1.306842 1.684965 -1.279113
v -1.325242 1.695866 -1.283513
v -1.288142 1.671366 -1.273413
v -1.312642 1.656365 -1.260913
v -1.325742 1.671165 -1.267613
v -1.340742 1.685265 -1.273513
v -1.271042 1.654065 -1.268213
v -1.254542 1.633665 -1.265413
v -1.302342 1.639066 -1.254513
v -1.296342 1.614365 -1.246713
v -1.269542 1.592065 -1.248613
v -1.237442 1.611266 -1.265213
v -1.341342 1.713265 -1.289213
v -1.338542 1.720866 -1.287513
v -1.373842 1.713665 -1.288513
v -1.367542 1.724565 -1.289913
v -1.426242 1.734166 -1.282613
v -1.414342 1.729566 -1.285413
v -1.445542 1.723966 -1.294813
v -1.433142 1.741966 -1.280313
v -1.456742 1.732165 -1.294813
v -1.462842 1.740665 -1.293413
v -1.409742 1.718766 -1.290413
v -1.393842 1.727566 -1.288413
v -1.356942 1.699665 -1.278813
v -1.341842 1.704766 -1.285413
v -1.340942 1.660766 -1.258513
v -1.355042 1.674765 -1.262613
v -1.330742 1.646965 -1.253913
v -1.343142 1.638366 -1.260813
v -1.352242 1.650365 -1.263313
v -1.366542 1.661665 -1.266013
v -1.372142 1.688765 -1.268813
v -1.394042 1.699965 -1.279013
v -1.385142 1.672665 -1.270113
v -1.406142 1.683465 -1.279113
v -1.422142 1.707765 -1.288013
v -1.429042 1.694065 -1.292113
v -1.453542 1.703966 -1.306313
v -1.450642 1.713265 -1.296513
v -1.473542 1.717366 -1.306613
v -1.480942 1.723366 -1.308913
v -1.477142 1.714265 -1.322013
v -1.502442 1.726766 -1.336813
v -1.487642 1.729266 -1.309813
v -1.513342 1.733565 -1.330813
v -1.518842 1.740665 -1.325913
v -1.492542 1.739466 -1.308913
v -1.442542 1.693166 -1.352613
v -1.471342 1.702165 -1.363613
v -1.473842 1.711465 -1.342113
v -1.448142 1.699665 -1.327613
v -1.507342 1.707265 -1.372613
v -1.504342 1.720765 -1.357013
v -1.401242 1.668265 -1.329913
v -1.419542 1.681265 -1.340813
v -1.425242 1.687365 -1.314313
v -1.405142 1.674866 -1.302613
v -1.371842 1.643865 -1.313513
v -1.385942 1.655365 -1.320513
v -1.386642 1.663566 -1.294113
v -1.370042 1.653066 -1.288513
v -1.358542 1.633766 -1.308513
v -1.357442 1.641365 -1.284213
v -1.348242 1.629665 -1.281913
v -1.346742 1.623765 -1.305413
v -1.520442 1.756165 -1.311413
v -1.497142 1.757165 -1.298413
v -1.495242 1.749565 -1.304713
v -1.520342 1.749465 -1.319213
v -1.467542 1.750366 -1.289813
v -1.471542 1.758066 -1.284013
v -1.505642 1.793166 -1.271513
v -1.524742 1.792866 -1.282713
v -1.485842 1.795765 -1.260513
v -1.480942 1.784265 -1.269513
v -1.501742 1.782165 -1.281513
v -1.521042 1.781966 -1.294313
v -1.520142 1.765965 -1.303113
v -1.498742 1.767966 -1.290213
v -1.498142 1.762666 -1.293613
v -1.519242 1.761165 -1.306013
v -1.474242 1.763965 -1.279413
v -1.475742 1.770066 -1.276913
v -1.499542 1.774266 -1.287113
v -1.520042 1.772965 -1.300213
v -1.477742 1.776366 -1.274513
v -1.439342 1.751466 -1.277313
v -1.445242 1.760065 -1.272613
v -1.419642 1.762465 -1.260813
v -1.412242 1.752565 -1.263513
v -1.465842 1.799166 -1.251013
v -1.445642 1.803965 -1.242213
v -1.439442 1.792166 -1.249913
v -1.460242 1.787465 -1.259313
v -1.449742 1.766565 -1.268313
v -1.453242 1.772665 -1.265113
v -1.431042 1.776565 -1.253913
v -1.425742 1.770265 -1.257613
v -1.435142 1.783465 -1.252413
v -1.456242 1.779166 -1.263313
v -1.387442 1.753466 -1.245113
v -1.395142 1.765965 -1.247013
v -1.372742 1.770165 -1.231013
v -1.366642 1.754966 -1.221813
v -1.425142 1.810865 -1.233913
v -1.405442 1.819265 -1.227213
v -1.398242 1.808165 -1.233713
v -1.418542 1.799466 -1.240913
v -1.401642 1.776366 -1.247513
v -1.408442 1.783666 -1.244413
v -1.386842 1.791466 -1.235113
v -1.378742 1.782666 -1.237013
v -1.392742 1.799265 -1.234913
v -1.413542 1.790766 -1.243013
v -1.387642 1.827765 -1.222213
v -1.379742 1.816265 -1.228313
v -1.370842 1.834865 -1.215613
v -1.362142 1.823465 -1.221613
v -1.347842 1.759665 -1.197213
v -1.352242 1.775765 -1.215113
v -1.333242 1.782565 -1.200613
v -1.331842 1.767765 -1.175613
v -1.358242 1.788666 -1.225313
v -1.367442 1.798565 -1.225513
v -1.349542 1.805265 -1.215213
v -1.339742 1.795365 -1.212913
v -1.356042 1.813765 -1.219413
v -1.373842 1.806866 -1.227413
v -1.340042 1.846665 -1.196513
v -1.354142 1.840765 -1.206013
v -1.344842 1.829366 -1.211513
v -1.331142 1.833665 -1.199113
v -1.315842 1.777766 -1.163113
v -1.318442 1.790465 -1.186413
v -1.305142 1.798665 -1.175013
v -1.299742 1.786265 -1.158013
v -1.326142 1.824766 -1.193513
v -1.339342 1.819466 -1.207313
v -1.335142 1.811365 -1.199713
v -1.322142 1.817565 -1.184813
v -1.314242 1.809065 -1.181013
v -1.326742 1.802165 -1.195713
v -1.069342 1.871065 -1.151613
v -1.057042 1.920365 -1.156013
v -1.107642 1.918965 -1.188913
v -1.111442 1.870865 -1.184313
v -1.127242 1.792765 -1.107813
v -1.151742 1.804165 -1.130613
v -1.139342 1.819166 -1.130713
v -1.118042 1.805665 -1.098413
v -1.051142 1.844165 -1.102913
v -1.085642 1.845065 -1.138313
v -1.070442 1.825265 -1.091313
v -1.100442 1.832765 -1.128213
v -1.121442 1.845866 -1.171413
v -1.130942 1.833266 -1.159013
v -1.045042 1.808365 -1.055813
v -1.034442 1.824665 -1.065113
v -1.069342 1.810565 -1.072613
v -1.096242 1.811365 -1.086513
v -1.105242 1.821666 -1.108213
v -1.114242 1.827065 -1.127513
v -1.138642 1.826265 -1.148613
v -1.017542 1.843766 -1.076413
v -1.324342 1.632666 -1.250713
v -1.324042 1.617266 -1.245813
v -1.337742 1.616166 -1.256913
v -1.337242 1.627565 -1.261313
v -1.340242 1.608265 -1.277113
v -1.340242 1.619366 -1.282713
v -1.338142 1.598465 -1.296213
v -1.337042 1.611865 -1.304213
v -1.347742 1.595065 -1.307213
v -1.340442 1.605366 -1.316413
v -1.360742 1.598565 -1.314013
v -1.349442 1.613165 -1.320113
v -1.362542 1.620665 -1.323213
v -1.377442 1.629465 -1.328513
v -1.373942 1.604465 -1.322613
v -1.388642 1.612465 -1.332513
v -1.392242 1.639766 -1.336213
v -1.407942 1.651165 -1.345913
v -1.403942 1.622065 -1.342713
v -1.420842 1.632865 -1.353613
v -1.439742 1.644266 -1.364913
v -1.426042 1.663065 -1.356513
v -1.448242 1.674166 -1.367413
v -1.460842 1.654866 -1.375613
v -1.485042 1.663666 -1.383413
v -1.476342 1.683065 -1.377513
v -1.513142 1.688166 -1.384613
v -1.519842 1.666965 -1.385613
v -1.524742 1.653265 -1.370713
v -1.496142 1.652766 -1.374413
v -1.484042 1.644065 -1.364113
v -1.525842 1.637065 -1.346113
v -1.478542 1.613165 -1.311113
v -1.500542 1.625165 -1.326213
v -1.466042 1.634365 -1.351213
v -1.445942 1.622566 -1.338713
v -1.439342 1.592765 -1.282013
v -1.458142 1.601365 -1.296813
v -1.427642 1.610765 -1.326813
v -1.411042 1.600766 -1.314713
v -1.381342 1.588265 -1.290713
v -1.395742 1.592965 -1.302213
v -1.422842 1.587565 -1.266613
v -1.407642 1.585065 -1.252413
v -1.355742 1.590765 -1.272113
v -1.379842 1.583866 -1.231413
v -1.392942 1.583465 -1.241413
v -1.366742 1.586565 -1.282113
v -1.347642 1.603566 -1.241413
v -1.353442 1.598966 -1.257713
v -1.362642 1.586965 -1.210313
v -1.371042 1.585966 -1.220613
v -1.334442 1.601965 -1.230913
v -1.316442 1.594466 -1.225313
v -1.335542 1.586766 -1.192913
v -1.351442 1.587366 -1.201213
v -1.292942 1.581766 -1.221813
v -1.262642 1.572565 -1.214913
v -1.284942 1.577566 -1.176713
v -1.312642 1.583665 -1.184513
v -1.229842 1.569265 -1.204713
v -1.195742 1.569466 -1.188313
v -1.220542 1.568565 -1.157813
v -1.253542 1.573066 -1.169013
v -1.161642 1.569065 -1.162313
v -1.128342 1.556866 -1.134913
v -1.156442 1.541265 -1.122513
v -1.187942 1.562466 -1.138613
v -1.114542 1.535265 -1.099713
v -1.095242 1.548365 -1.105713
v -1.228442 1.458166 -1.147513
v -1.183042 1.477265 -1.124613
v -1.184242 1.447165 -1.129113
v -1.183842 1.415565 -1.141113
v -1.228942 1.422865 -1.162113
v -1.212242 1.443066 -1.148613
v -1.271142 1.433966 -1.175213
v -1.127542 1.508466 -1.102013
v -1.166642 1.510566 -1.116013
v -1.093642 1.504266 -1.072513
v -1.111842 1.477065 -1.068713
v -1.141842 1.478065 -1.101413
v -1.059742 1.498665 -1.042813
v -1.024042 1.491665 -1.011713
v -1.036342 1.465465 -1.009513
v -1.077242 1.472966 -1.037313
v -0.981342 1.509066 -0.974713
v -0.988042 1.484965 -0.976713
v -0.954642 1.480565 -0.941913
v -0.952842 1.503965 -0.939313
v -0.956542 1.455466 -0.942413
v -0.995542 1.459165 -0.976513
v -0.928742 1.481766 -0.908413
v -0.934842 1.504266 -0.905813
v -0.926242 1.506966 -0.872313
v -0.917442 1.483166 -0.871413
v -0.921942 1.457466 -0.908513
v -0.906242 1.457166 -0.868313
v -0.937842 1.543166 -0.992813
v -0.913042 1.541766 -0.953713
v -0.935042 1.532966 -0.943313
v -0.957442 1.534665 -0.981613
v -0.974942 1.528565 -0.973013
v -0.952342 1.524866 -0.936013
v -0.918342 1.533366 -0.909413
v -0.936942 1.524765 -0.904213
v -0.926642 1.527165 -0.874413
v -0.907342 1.535466 -0.879513
v -0.867442 1.582866 -0.920913
v -0.846842 1.584465 -0.877413
v -0.852642 1.556466 -0.873813
v -0.872842 1.557866 -0.920413
v -0.893742 1.541865 -0.915513
v -0.882942 1.542066 -0.883013
v -0.883842 1.541366 -0.861013
v -0.901942 1.538065 -0.853213
v -0.867042 1.545065 -0.844613
v -0.888642 1.541565 -0.826613
v -0.917142 1.529765 -0.844913
v -0.916942 1.508865 -0.840013
v -0.903042 1.532165 -0.812013
v -0.901442 1.508865 -0.805613
v -1.157642 1.450665 -1.101113
v -1.131142 1.453065 -1.065613
v -1.141042 1.429265 -1.066313
v -1.163242 1.428766 -1.103213
v -1.117942 1.368065 -1.144313
v -1.144642 1.387365 -1.145513
v -1.115042 1.393865 -1.124113
v -1.087842 1.367065 -1.131213
v -1.143842 1.411965 -1.114813
v -1.112842 1.407365 -1.085413
v -1.082042 1.388465 -1.095713
v -1.054542 1.363165 -1.105213
v -1.129342 1.418265 -1.075313
v -1.151342 1.420865 -1.102413
v -1.098742 1.452266 -1.026913
v -1.050842 1.444265 -1.002713
v -1.056342 1.423766 -1.002713
v -1.109942 1.423866 -1.024813
v -1.044942 1.416466 -1.014913
v -1.093642 1.413566 -1.043613
v -1.073542 1.404665 -1.055313
v -1.026242 1.408565 -1.027613
v -0.998842 1.392966 -1.043613
v -1.042942 1.388065 -1.068813
v -1.018342 1.362565 -1.078813
v -0.977842 1.365965 -1.054513
v -1.002542 1.437365 -0.973613
v -0.956342 1.433865 -0.940113
v -1.003542 1.421565 -0.974213
v -0.954842 1.416965 -0.937313
v -0.944742 1.408066 -0.946113
v -0.994242 1.414465 -0.982813
v -0.976742 1.409766 -0.997413
v -0.929242 1.404665 -0.961013
v -0.910942 1.393666 -0.978213
v -0.953642 1.396565 -1.015513
v -0.937042 1.369766 -1.028013
v -0.900042 1.369165 -0.989013
v -1.086542 1.337066 -1.132913
v -1.126242 1.346765 -1.145913
v -1.052542 1.332866 -1.105813
v -1.062142 1.303666 -1.107313
v -1.097742 1.309165 -1.136613
v -1.139942 1.322266 -1.146413
v -1.017242 1.333266 -1.078213
v -0.977042 1.335366 -1.054913
v -0.988942 1.304165 -1.050013
v -1.028742 1.304565 -1.075513
v -0.937242 1.337366 -1.029013
v -0.900142 1.339866 -0.991713
v -0.905242 1.308165 -0.991313
v -0.946942 1.304265 -1.025013
v -0.861642 1.366866 -0.940613
v -0.860042 1.341765 -0.944613
v -0.821042 1.343066 -0.900713
v -0.824342 1.365065 -0.896613
v -0.822542 1.318766 -0.902313
v -0.862842 1.314165 -0.945813
v -0.876842 1.286866 -0.937013
v -0.923242 1.278066 -0.977913
v -0.834242 1.294765 -0.897013
v -0.851342 1.276366 -0.884713
v -0.896642 1.266765 -0.919213
v -0.944742 1.255966 -0.955113
v -1.327842 1.414865 -1.189113
v -1.282842 1.403066 -1.185313
v -1.298242 1.378965 -1.192913
v -1.333142 1.389865 -1.208413
v -1.315742 1.405065 -1.196513
v -1.372642 1.399665 -1.218113
v -1.248042 1.392866 -1.167113
v -1.210142 1.377866 -1.151013
v -1.226842 1.341666 -1.153013
v -1.264242 1.363766 -1.174213
v -1.181142 1.335065 -1.147113
v -1.168342 1.361465 -1.147813
v -1.153842 1.306065 -1.141913
v -1.183342 1.318565 -1.144913
v -1.170242 1.296765 -1.141513
v -1.202542 1.314465 -1.147613
v -1.115842 1.290366 -1.131613
v -1.079142 1.279265 -1.104513
v -1.095242 1.262065 -1.103213
v -1.130742 1.279365 -1.129913
v -1.047342 1.275065 -1.069913
v -1.011542 1.272965 -1.037513
v -1.037742 1.239265 -1.017913
v -1.069142 1.250065 -1.063913
v -0.989642 1.247166 -0.986413
v -0.969142 1.273466 -1.009613
v -1.337442 1.377665 -1.230613
v -1.373142 1.387565 -1.252313
v -1.302242 1.364166 -1.213413
v -1.303942 1.350965 -1.232113
v -1.336342 1.364965 -1.252613
v -1.370342 1.376565 -1.276613
v -1.270242 1.346866 -1.194213
v -1.242342 1.325665 -1.175113
v -1.244542 1.316165 -1.195813
v -1.273642 1.334566 -1.212713
v -1.275942 1.322565 -1.223813
v -1.277142 1.309666 -1.231813
v -1.306942 1.321966 -1.251313
v -1.305742 1.337366 -1.243713
v -1.244642 1.308165 -1.209213
v -1.245642 1.296666 -1.218213
v -1.211142 1.306566 -1.165813
v -1.175542 1.289666 -1.157713
v -1.174142 1.286566 -1.177713
v -1.211642 1.300966 -1.186513
v -1.173542 1.280265 -1.191913
v -1.210842 1.295266 -1.200913
v -1.212842 1.283366 -1.209613
v -1.177142 1.266965 -1.199713
v -1.135142 1.271165 -1.142013
v -1.098742 1.248465 -1.115513
v -1.094142 1.240166 -1.133413
v -1.132242 1.266866 -1.160513
v -1.098142 1.217765 -1.155913
v -1.137042 1.245466 -1.182513
v -1.131542 1.259166 -1.174913
v -1.093142 1.230565 -1.146913
v -1.075542 1.223765 -1.075613
v -1.049742 1.201866 -1.035213
v -1.040542 1.175465 -1.053613
v -1.067942 1.207065 -1.095713
v -1.029642 1.149266 -1.079813
v -1.064342 1.184666 -1.121313
v -1.063742 1.196065 -1.110213
v -1.033542 1.160766 -1.068113
v -1.824842 1.324766 -1.415413
v -1.810442 1.325965 -1.423913
v -1.819142 1.292765 -1.438413
v -1.837342 1.292365 -1.432313
v -1.791142 1.297366 -1.442213
v -1.784342 1.329265 -1.430113
v -1.797342 1.256366 -1.453813
v -1.826242 1.249465 -1.450613
v -1.844542 1.248566 -1.445913
v -1.761442 1.354666 -1.393913
v -1.785042 1.354266 -1.391713
v -1.781242 1.366166 -1.389013
v -1.757342 1.367365 -1.392613
v -1.795842 1.364965 -1.380013
v -1.798542 1.353566 -1.384313
v -1.788342 1.375965 -1.370913
v -1.773942 1.377565 -1.380313
v -1.751342 1.378566 -1.383813
v -1.769342 1.343865 -1.403713
v -1.793242 1.344466 -1.400413
v -1.788442 1.347765 -1.394513
v -1.764842 1.346966 -1.396413
v -1.800642 1.346866 -1.387413
v -1.805442 1.343165 -1.393013
v -1.801042 1.340266 -1.410413
v -1.813542 1.338665 -1.402013
v -1.776342 1.341465 -1.415113
v -1.717242 1.379665 -1.380613
v -1.719742 1.368865 -1.390413
v -1.674042 1.372166 -1.385313
v -1.675142 1.383466 -1.374513
v -1.673842 1.359265 -1.390213
v -1.721742 1.355465 -1.392513
v -1.675542 1.345466 -1.401713
v -1.726442 1.341365 -1.403613
v -1.723642 1.345665 -1.395213
v -1.674342 1.350565 -1.394313
v -1.731342 1.340266 -1.415813
v -1.678042 1.342765 -1.413013
v -1.680842 1.337265 -1.429313
v -1.737042 1.333166 -1.433213
v -1.628442 1.387465 -1.365913
v -1.626242 1.377066 -1.377413
v -1.580942 1.381666 -1.367013
v -1.583142 1.389865 -1.354913
v -1.582742 1.370265 -1.372613
v -1.626342 1.364166 -1.381813
v -1.409042 1.380266 -1.302013
v -1.409342 1.392566 -1.282413
v -1.445642 1.390766 -1.310413
v -1.446642 1.380365 -1.325713
v -1.451742 1.391765 -1.290013
v -1.417642 1.396366 -1.255713
v -1.545442 1.390466 -1.342313
v -1.542942 1.384565 -1.355713
v -1.509742 1.385765 -1.342713
v -1.512942 1.389265 -1.328013
v -1.515342 1.375865 -1.355013
v -1.547042 1.375165 -1.363613
v -1.584442 1.358365 -1.382013
v -1.627442 1.350965 -1.393413
v -1.626842 1.355366 -1.386113
v -1.586042 1.362165 -1.377113
v -1.548742 1.365765 -1.369113
v -1.556842 1.367966 -1.369413
v -1.628242 1.348266 -1.403313
v -1.583542 1.354666 -1.389113
v -1.582142 1.347365 -1.395413
v -1.628442 1.342065 -1.415113
v -1.546242 1.360765 -1.371813
v -1.513642 1.366166 -1.357213
v -1.518542 1.358065 -1.360213
v -1.543642 1.353266 -1.373713
v -1.478942 1.379966 -1.342613
v -1.478442 1.386966 -1.328713
v -1.482642 1.388265 -1.312213
v -1.742142 1.306065 -1.446113
v -1.683642 1.315765 -1.440913
v -1.685042 1.282266 -1.448813
v -1.748842 1.268465 -1.456113
v -1.628742 1.325166 -1.423613
v -1.579942 1.334266 -1.396913
v -1.578842 1.318965 -1.392513
v -1.627542 1.304665 -1.422113
v -1.580242 1.303865 -1.381313
v -1.623142 1.289065 -1.408913
v -1.620642 1.271066 -1.394713
v -1.581842 1.282865 -1.371813
v -1.639042 1.259066 -1.419513
v -1.653042 1.267566 -1.436213
v -1.474142 1.345265 -1.334713
v -1.501342 1.353966 -1.350913
v -1.484642 1.366365 -1.345613
v -1.454742 1.363865 -1.329013
v -1.535942 1.343865 -1.369413
v -1.529642 1.332265 -1.360513
v -1.335642 1.350865 -1.267913
v -1.371342 1.359765 -1.291013
v -1.336842 1.331766 -1.275913
v -1.378242 1.337766 -1.302513
v -1.471742 1.306665 -1.334113
v -1.528142 1.294465 -1.352213
v -1.528242 1.317165 -1.353413
v -1.475842 1.326765 -1.334113
v -1.423042 1.346365 -1.316013
v -1.414542 1.362366 -1.310213
v -1.422842 1.320065 -1.319513
v -1.436242 1.333566 -1.321413
v -1.157342 1.968165 -0.920013
v -1.109042 1.962965 -0.901613
v -1.098242 1.998266 -0.945913
v -1.149842 2.002866 -0.971613
v -1.047142 1.989365 -0.918913
v -1.058742 1.957265 -0.882213
v -1.013942 1.959065 -0.860113
v -1.001542 1.986065 -0.891713
v -0.961342 1.986065 -0.867713
v -0.973942 1.962766 -0.839413
v -0.908742 1.968565 -0.806713
v -0.896942 1.993065 -0.834913
v -0.926942 1.990065 -0.849413
v -0.939042 1.966666 -0.821613
v -0.883642 1.969066 -0.793013
v -0.871542 1.994666 -0.820813
v -0.849142 1.994865 -0.807213
v -0.861742 1.968865 -0.779913
v -0.841042 1.968066 -0.766813
v -0.828242 1.993565 -0.794213
v -0.808042 1.992365 -0.780613
v -0.820142 1.966365 -0.753413
v -0.798342 1.965166 -0.738413
v -0.786942 1.992365 -0.765513
v -0.763942 1.991365 -0.748213
v -0.775542 1.963965 -0.720413
v -0.751842 1.963066 -0.697713
v -0.739442 1.991866 -0.726013
v -0.712642 1.993566 -0.697413
v -0.726042 1.959966 -0.670213
v -0.698842 1.956265 -0.635213
v -0.682242 1.995466 -0.661513
v -0.647542 2.000966 -0.624113
v -0.668542 1.951166 -0.588713
v -0.583942 2.000065 -0.526213
v -0.569442 2.036366 -0.559213
v -0.608742 2.015666 -0.589713
v -0.623742 1.975766 -0.555813
v -0.644442 1.926765 -0.490013
v -0.636242 1.950565 -0.521013
v -0.672042 1.927866 -0.542713
v -0.676442 1.905066 -0.510913
v -0.606842 1.949865 -0.465813
v -0.597342 1.975066 -0.494213
v -1.088942 1.915865 -0.849413
v -1.071442 1.929766 -0.865613
v -1.121442 1.933165 -0.880613
v -1.135342 1.913566 -0.866113
v -1.168542 1.937765 -0.892313
v -1.178942 1.914165 -0.876813
v -1.001742 1.923665 -0.807113
v -0.984142 1.937565 -0.825113
v -1.025442 1.932765 -0.845513
v -1.043842 1.919566 -0.828713
v -0.934742 1.931166 -0.768913
v -0.917642 1.943965 -0.790513
v -0.948342 1.942265 -0.806413
v -0.965242 1.928165 -0.786813
v -0.891242 1.931566 -0.740813
v -0.872942 1.945266 -0.762713
v -0.893542 1.944866 -0.776213
v -0.911342 1.932065 -0.753913
v -0.849142 1.927765 -0.716513
v -0.831142 1.942966 -0.736813
v -0.852342 1.944665 -0.749913
v -0.870642 1.930066 -0.728813
v -0.805142 1.923366 -0.684513
v -0.785942 1.938866 -0.704213
v -0.808742 1.941066 -0.722013
v -0.826842 1.925466 -0.702113
v -0.785142 1.921165 -0.663113
v -0.762942 1.935066 -0.682813
v -0.739842 1.928966 -0.657913
v -0.767142 1.918466 -0.637713
v -0.749542 1.910866 -0.609813
v -0.735342 1.896966 -0.581413
v -0.702842 1.915565 -0.590413
v -0.717642 1.923165 -0.626213
v -0.728342 1.876865 -0.553613
v -0.698542 1.899566 -0.556313
v -0.696942 1.875666 -0.529213
v -0.723742 1.851466 -0.530213
v -1.184342 1.903766 -0.860213
v -1.147942 1.902665 -0.849713
v -1.161442 1.896165 -0.834813
v -1.183442 1.898965 -0.847013
v -1.127142 1.895066 -0.813713
v -1.107542 1.903865 -0.831913
v -1.065842 1.907165 -0.808713
v -1.089742 1.897366 -0.786813
v -1.052742 1.902766 -0.758113
v -1.025742 1.911566 -0.783813
v -0.990242 1.915366 -0.760813
v -1.019242 1.906765 -0.731813
v -0.990842 1.908066 -0.709413
v -0.960442 1.917066 -0.741013
v -0.937842 1.916466 -0.725413
v -0.969242 1.908366 -0.692313
v -0.949942 1.907166 -0.679713
v -0.918442 1.914465 -0.712913
v -1.167642 1.901065 -0.778613
v -1.148642 1.892566 -0.794713
v -1.179442 1.895265 -0.821113
v -1.196742 1.903565 -0.809813
v -1.202442 1.900765 -0.843513
v -1.221242 1.907765 -0.836913
v -1.080242 1.903865 -0.732213
v -1.114642 1.895966 -0.763713
v -1.135842 1.905566 -0.744313
v -1.102942 1.914666 -0.710913
v -1.021042 1.909966 -0.677913
v -1.048442 1.909366 -0.703013
v -1.071642 1.921165 -0.679413
v -1.045242 1.920365 -0.651313
v -1.321942 1.952765 -0.822913
v -1.349742 1.952465 -0.853713
v -1.357842 1.953365 -0.846513
v -1.328742 1.952966 -0.816213
v -1.292942 1.953565 -0.793313
v -1.299542 1.952566 -0.785913
v -1.312242 1.949565 -0.830013
v -1.283742 1.952065 -0.802413
v -1.338742 1.947565 -0.860213
v -1.266242 1.958266 -0.750313
v -1.258142 1.959466 -0.759813
v -1.221142 1.971966 -0.723613
v -1.230742 1.970965 -0.711713
v -1.210942 1.966966 -0.737113
v -1.248642 1.957366 -0.771213
v -1.194542 1.989166 -0.671513
v -1.184742 1.989565 -0.685013
v -1.149542 2.007865 -0.647113
v -1.160142 2.010066 -0.633013
v -1.140442 1.995965 -0.662613
v -1.174942 1.981966 -0.700513
v -1.126842 2.019266 -0.597013
v -1.116342 2.015265 -0.610313
v -1.087242 2.010365 -0.576313
v -1.095942 2.014165 -0.565313
v -1.080142 1.999365 -0.589113
v -1.107842 2.002965 -0.624813
v -1.069242 2.000465 -0.539213
v -1.062242 1.997766 -0.548713
v -1.039742 1.981966 -0.526113
v -1.046142 1.983665 -0.517313
v -1.034242 1.974666 -0.538813
v -1.056442 1.988466 -0.561013
v -1.026242 1.966166 -0.498813
v -1.019442 1.965566 -0.507113
v -1.007642 1.951066 -0.481513
v -1.000142 1.950665 -0.490113
v -0.992742 1.945966 -0.503613
v -1.013042 1.960065 -0.520113
v -0.981442 1.937766 -0.473513
v -0.989542 1.938665 -0.464213
v -0.971542 1.928165 -0.446913
v -0.963242 1.926666 -0.456613
v -0.955742 1.920765 -0.471013
v -0.973742 1.932665 -0.487613
v -0.953342 1.919266 -0.429113
v -0.945242 1.917265 -0.438513
v -0.925542 1.907966 -0.419213
v -0.933642 1.909966 -0.409813
v -0.917742 1.902266 -0.433113
v -0.937942 1.911166 -0.452513
v -0.888942 1.879466 -0.367313
v -0.880242 1.877565 -0.378313
v -0.902842 1.895465 -0.398813
v -0.911542 1.897366 -0.388413
v -0.872642 1.872066 -0.393113
v -0.894542 1.889966 -0.413113
v -0.859742 1.854765 -0.359513
v -0.867642 1.856066 -0.348213
v -0.839842 1.829865 -0.340813
v -0.847142 1.829865 -0.330613
v -0.835042 1.826665 -0.355913
v -0.853842 1.850165 -0.374513
v -1.251642 1.931166 -0.822613
v -1.268642 1.943565 -0.812813
v -1.235142 1.945966 -0.782913
v -1.221042 1.931065 -0.793613
v -1.199442 1.951965 -0.749613
v -1.187942 1.934065 -0.760813
v -1.154142 1.944066 -0.726413
v -1.145542 1.925665 -0.735813
v -1.177942 1.918166 -0.770213
v -1.112542 1.935465 -0.701313
v -1.120242 1.955666 -0.691413
v -1.164242 1.964566 -0.714513
v -1.130142 1.977365 -0.677913
v -1.087942 1.962565 -0.656213
v -1.081942 1.940566 -0.666613
v -1.056442 1.938866 -0.634913
v -1.061742 1.960966 -0.622413
v -1.097542 1.984566 -0.641113
v -1.071042 1.981865 -0.605513
v -1.019642 1.943066 -0.579413
v -1.040142 1.953365 -0.597713
v -1.048642 1.972466 -0.578613
v -1.027142 1.960566 -0.558113
v -0.985742 1.933566 -0.525013
v -1.005642 1.947666 -0.540813
v -0.980842 1.917066 -0.548313
v -0.999642 1.930766 -0.563313
v -0.947042 1.890066 -0.516813
v -0.963742 1.902966 -0.533113
v -0.967742 1.919466 -0.509413
v -0.950042 1.907365 -0.493113
v -0.910042 1.870666 -0.477113
v -0.929542 1.879866 -0.497713
v -0.931342 1.898566 -0.474713
v -0.910942 1.890165 -0.455013
v -0.866142 1.846866 -0.435613
v -0.887542 1.860466 -0.455813
v -0.887942 1.878665 -0.434513
v -0.867142 1.861566 -0.413913
v -1.258842 1.920365 -0.853913
v -1.238442 1.910365 -0.859713
v -1.256142 1.918065 -0.889313
v -1.277642 1.930965 -0.846313
v -1.280042 1.920266 -0.875613
v -1.302142 1.929066 -0.871113
v -1.236242 1.919566 -0.830613
v -1.296442 1.941565 -0.838113
v -1.322342 1.938765 -0.865913
v -1.208442 1.917866 -0.802513
v -1.243242 1.803165 -1.143913
v -1.241542 1.792565 -1.130213
v -1.218042 1.793365 -1.130013
v -1.215442 1.804965 -1.147113
v -1.187042 1.799065 -1.138113
v -1.195042 1.790465 -1.125213
v -1.291842 1.806866 -1.167913
v -1.275242 1.812466 -1.167413
v -1.269542 1.802765 -1.157213
v -1.285042 1.794266 -1.157113
v -1.203042 1.812166 -1.159813
v -1.197842 1.815465 -1.173013
v -1.172342 1.818265 -1.156813
v -1.179242 1.809765 -1.147213
v -1.233842 1.811466 -1.180513
v -1.228142 1.809366 -1.165413
v -1.248142 1.808365 -1.160013
v -1.254742 1.811766 -1.174313
v -1.216642 1.813265 -1.181413
v -1.216242 1.811365 -1.169913
v -1.299742 1.816666 -1.172713
v -1.306342 1.824466 -1.178913
v -1.287242 1.825866 -1.183313
v -1.281342 1.819665 -1.175013
v -1.194342 1.820365 -1.184113
v -1.166842 1.823565 -1.168613
v -1.162442 1.830965 -1.180913
v -1.192242 1.828365 -1.194413
v -1.240942 1.824165 -1.200413
v -1.237842 1.816565 -1.191413
v -1.260342 1.817565 -1.184113
v -1.265342 1.823766 -1.193213
v -1.216942 1.818365 -1.191213
v -1.217442 1.826365 -1.200413
v -1.157342 1.843965 -1.193213
v -1.190742 1.841266 -1.205113
v -1.154942 1.868966 -1.202813
v -1.193542 1.865466 -1.212113
v -1.300142 1.846765 -1.203413
v -1.292142 1.833665 -1.193313
v -1.310642 1.830865 -1.188613
v -1.316842 1.840566 -1.197013
v -1.269642 1.833966 -1.202913
v -1.277542 1.851665 -1.211913
v -1.251042 1.856366 -1.216613
v -1.244142 1.836066 -1.209113
v -1.218742 1.838766 -1.209713
v -1.223942 1.861165 -1.216313
v -1.341442 1.874565 -1.189613
v -1.329442 1.859166 -1.199013
v -1.315942 1.873665 -1.207313
v -1.335842 1.902965 -1.184313
v -1.348842 1.878466 -1.180013
v -1.353442 1.895066 -1.164913
v -1.204042 1.906966 -1.210913
v -1.160942 1.912665 -1.200413
v -1.171642 1.957265 -1.176513
v -1.218442 1.952465 -1.189613
v -1.277942 1.928366 -1.183113
v -1.265442 1.893065 -1.215613
v -1.292542 1.885466 -1.214113
v -1.308442 1.923066 -1.187313
v -1.236942 1.900165 -1.214613
v -1.251842 1.940465 -1.187813
v -1.360442 1.917166 -1.120713
v -1.357242 1.930665 -1.068513
v -1.346242 1.953565 -1.074113
v -1.345742 1.939065 -1.132413
v -1.238842 2.005765 -1.073213
v -1.193242 2.011966 -1.060913
v -1.183442 1.994565 -1.127713
v -1.231842 1.989265 -1.139913
v -1.322542 1.970265 -1.075713
v -1.319642 1.954265 -1.137113
v -1.287042 1.954965 -1.133113
v -1.292342 1.973666 -1.074413
v -1.263742 1.972165 -1.138413
v -1.268542 1.988066 -1.075513
v -1.338342 1.923866 -0.969613
v -1.358542 1.909366 -1.012013
v -1.374742 1.900165 -1.009313
v -1.348542 1.918365 -0.948013
v -1.336742 1.937365 -0.990213
v -1.351242 1.921565 -1.018313
v -1.231742 1.974865 -0.944413
v -1.198342 1.974666 -0.932413
v -1.196542 2.005765 -0.989813
v -1.236542 2.001266 -1.002313
v -1.349942 1.934366 -1.032913
v -1.340942 1.951065 -1.024713
v -1.306242 1.934265 -0.939713
v -1.273942 1.942165 -0.924413
v -1.304042 1.919966 -0.917713
v -1.283342 1.965966 -0.959313
v -1.312542 1.954666 -0.970313
v -1.303842 1.919365 -0.898713
v -1.327642 1.925465 -0.903613
v -1.236242 1.944566 -0.911713
v -1.207142 1.940865 -0.901713
v -1.215142 1.914765 -0.882913
v -1.254242 1.951166 -0.924513
v -1.257742 1.972266 -0.954413
v -1.214142 1.904866 -0.863013
v -1.265742 1.989466 -1.009313
v -1.291142 1.979465 -1.012813
v -1.319742 1.969665 -1.017513
v -1.350442 1.932765 -0.902613
v -1.369042 1.939465 -0.897913
v -1.377642 1.915965 -0.947813
v -1.405342 1.917066 -0.943113
v -1.381142 1.944665 -0.890413
v -1.412042 1.927266 -0.923813
v -1.419742 1.928565 -0.914413
v -1.390342 1.945566 -0.881213
v -1.564242 1.825365 -1.177913
v -1.545842 1.815065 -1.199213
v -1.567642 1.816766 -1.219013
v -1.588042 1.823265 -1.199413
v -1.525342 1.818565 -1.179613
v -1.543542 1.830665 -1.155913
v -1.526542 1.838766 -1.132813
v -1.506542 1.824565 -1.160713
v -1.485742 1.832765 -1.144213
v -1.509342 1.853266 -1.104713
v -1.459442 1.845065 -1.133013
v -1.433442 1.858365 -1.126713
v -1.474842 1.866065 -1.089713
v -1.441442 1.884565 -1.067413
v -1.411342 1.869066 -1.124613
v -1.412142 1.888666 -1.069813
v -1.398542 1.895265 -1.005813
v -1.421642 1.893165 -1.001713
v -1.515642 1.889965 -1.052713
v -1.488942 1.903466 -1.030513
v -1.483642 1.883665 -1.054313
v -1.511542 1.875265 -1.073013
v -1.455542 1.889965 -1.026913
v -1.461042 1.909366 -0.998513
v -1.437342 1.894865 -0.997313
v -1.436942 1.910965 -0.968813
v -1.476642 1.941066 -0.972013
v -1.448042 1.932765 -0.943113
v -1.440142 1.925866 -0.953013
v -1.465742 1.929565 -0.983613
v -1.494942 1.916865 -1.015413
v -1.522442 1.898866 -1.039613
v -1.529342 1.900865 -1.032313
v -1.504642 1.922066 -1.004213
v -1.808242 1.182065 -1.486913
v -1.841242 1.177666 -1.488913
v -1.834642 1.209165 -1.468513
v -1.803642 1.215566 -1.469613
v -1.857042 1.208266 -1.464213
v -1.868642 1.174566 -1.480813
v -1.725842 1.191766 -1.471913
v -1.768642 1.187166 -1.482813
v -1.759042 1.226166 -1.470713
v -1.710742 1.234365 -1.467813
v -1.671642 1.234365 -1.453213
v -1.644942 1.235966 -1.424813
v -1.656742 1.209065 -1.417613
v -1.687442 1.197865 -1.449013
v -1.621442 1.244366 -1.393413
v -1.582442 1.252965 -1.372713
v -1.583842 1.222465 -1.372713
v -1.626342 1.218066 -1.389613
v -1.528142 1.263265 -1.355913
v -1.470042 1.275966 -1.338813
v -1.468742 1.242666 -1.347913
v -1.528142 1.230965 -1.360413
v -1.417142 1.291865 -1.324413
v -1.371742 1.303766 -1.305713
v -1.376342 1.271766 -1.300613
v -1.417142 1.257666 -1.327513
v -1.339242 1.305965 -1.278413
v -1.309342 1.301266 -1.256213
v -1.313442 1.278265 -1.256313
v -1.344242 1.279166 -1.274513
v -1.278642 1.292466 -1.241113
v -1.283142 1.271466 -1.245313
v -1.247942 1.280765 -1.229613
v -1.253342 1.260765 -1.236013
v -1.181942 1.249865 -1.208913
v -1.216242 1.267065 -1.220213
v -1.222842 1.246866 -1.226313
v -1.189942 1.229266 -1.214413
v -1.143542 1.228166 -1.191713
v -1.103942 1.201465 -1.166613
v -1.152742 1.207466 -1.198013
v -1.112142 1.180766 -1.175913
v -1.027342 1.135866 -1.089913
v -1.066042 1.169966 -1.132813
v -1.069942 1.149665 -1.144413
v -1.026542 1.120066 -1.099513
v -1.531742 1.202465 -1.348513
v -1.587442 1.196966 -1.358513
v -1.475042 1.215765 -1.334213
v -1.487642 1.200265 -1.306713
v -1.542042 1.187965 -1.317613
v -1.595742 1.182365 -1.327713
v -1.427242 1.232365 -1.311613
v -1.387142 1.246965 -1.286713
v -1.401642 1.224666 -1.265913
v -1.441542 1.213466 -1.287813
v -1.353142 1.255266 -1.264113
v -1.321742 1.255865 -1.246913
v -1.334342 1.232665 -1.228213
v -1.366442 1.231665 -1.245113
v -1.292542 1.250965 -1.234813
v -1.264142 1.241166 -1.224913
v -1.305442 1.228765 -1.215613
v -1.278542 1.219965 -1.205013
v -1.205042 1.208166 -1.202513
v -1.235642 1.226265 -1.215213
v -1.252642 1.205366 -1.194313
v -1.224742 1.189666 -1.179513
v -1.132542 1.160166 -1.163913
v -1.170542 1.186466 -1.186413
v -1.156442 1.155065 -1.133213
v -1.192942 1.173365 -1.159613
v -1.043342 1.098966 -1.093713
v -1.091142 1.129266 -1.133113
v -1.114942 1.129765 -1.100313
v -1.066542 1.099265 -1.064213
v -0.870842 1.387266 -0.931513
v -0.886042 1.397365 -0.917613
v -0.846542 1.394165 -0.878113
v -0.833342 1.383165 -0.888913
v -0.792142 1.321266 -0.868613
v -0.802442 1.300866 -0.864913
v -0.782542 1.304265 -0.839813
v -0.773342 1.323565 -0.841813
v -0.797942 1.291665 -0.841013
v -0.816842 1.285866 -0.856913
v -0.782242 1.359765 -0.849413
v -0.773942 1.344466 -0.844613
v -0.791142 1.343066 -0.869213
v -0.796342 1.362766 -0.865913
v -0.906442 1.417765 -0.899713
v -0.868642 1.414065 -0.853913
v -0.857842 1.402565 -0.868013
v -0.898442 1.402965 -0.904813
v -0.795442 1.377866 -0.824113
v -0.783842 1.368765 -0.836813
v -0.804042 1.379065 -0.858313
v -0.815142 1.391166 -0.848113
v -0.781542 1.331166 -0.801413
v -0.765342 1.326765 -0.816713
v -0.769942 1.350766 -0.823713
v -0.783042 1.356366 -0.808213
v -0.777242 1.304165 -0.816413
v -0.794942 1.308966 -0.805713
v -0.801142 1.291466 -0.825813
v -0.811942 1.296465 -0.816613
v -0.960942 1.246365 -0.926613
v -0.998042 1.231965 -0.956313
v -1.008142 1.226365 -0.926813
v -0.977542 1.245165 -0.898413
v -1.019542 1.197465 -0.949413
v -1.025542 1.214065 -0.978613
v -1.019342 1.180866 -0.997113
v -1.001042 1.160466 -0.962413
v -0.969642 1.131666 -0.971813
v -1.002142 1.151165 -1.011313
v -0.990542 1.132165 -1.024013
v -0.984842 1.116665 -1.033713
v -0.947042 1.114466 -0.983113
v -0.934942 1.097666 -0.993913
v -0.930342 1.078465 -1.002413
v -0.981442 1.102466 -1.040913
v -0.979642 1.090165 -1.046413
v -0.929942 1.060565 -1.009313
v -0.940442 1.041165 -1.010713
v -0.988642 1.070566 -1.048413
v -0.960642 1.035166 -0.997213
v -1.009642 1.065465 -1.028213
v -0.895242 1.041066 -0.981413
v -0.912042 1.022066 -0.980713
v -0.886442 1.031765 -0.958913
v -0.904042 1.020565 -0.951813
v -0.931442 1.016365 -0.949213
v -0.935442 1.018465 -0.972413
v -0.893742 1.064765 -0.971313
v -0.887942 1.047766 -0.942313
v -0.901742 1.087265 -0.958613
v -0.899642 1.068265 -0.927713
v -0.919442 1.049466 -0.918613
v -0.907942 1.033066 -0.931613
v -0.934042 1.026465 -0.930513
v -0.936942 1.039266 -0.919813
v -0.919442 1.104865 -0.947013
v -0.949842 1.121565 -0.938713
v -0.952242 1.105265 -0.917113
v -0.918842 1.086465 -0.917713
v -0.960842 1.019165 -0.950213
v -0.956042 1.019865 -0.966813
v -0.983542 1.032565 -0.981013
v -1.000642 1.030166 -0.958613
v -0.969142 1.084865 -0.908113
v -0.938442 1.064666 -0.910913
v -0.956842 1.046265 -0.916713
v -0.989642 1.062866 -0.914913
v -0.962742 1.029166 -0.930813
v -1.001742 1.042365 -0.932713
v -0.983442 1.741566 -0.819313
v -0.948542 1.748865 -0.791913
v -0.959442 1.716065 -0.780413
v -0.994642 1.708266 -0.804613
v -0.847842 1.773365 -0.822713
v -0.809242 1.768165 -0.797313
v -0.845142 1.761365 -0.770813
v -0.882042 1.766166 -0.792813
v -0.783842 1.758165 -0.729813
v -0.815642 1.759565 -0.751213
v -0.776742 1.767266 -0.774013
v -0.742442 1.768166 -0.749013
v -0.994342 1.678666 -0.793513
v -0.961842 1.659265 -0.804413
v -0.957742 1.689866 -0.772813
v -0.928342 1.671765 -0.784413
v -0.906942 1.745565 -0.772713
v -0.869642 1.742866 -0.753813
v -0.881242 1.720665 -0.745213
v -0.918642 1.719165 -0.763313
v -0.840142 1.741166 -0.735813
v -0.809742 1.740265 -0.713513
v -0.819942 1.717966 -0.704313
v -0.851442 1.720166 -0.726213
v -0.916542 1.697765 -0.760213
v -0.890442 1.681166 -0.771513
v -0.877042 1.701866 -0.747713
v -0.853942 1.684666 -0.755313
v -0.868542 1.658666 -0.800713
v -0.899142 1.651366 -0.824513
v -0.842542 1.618966 -0.834013
v -0.814742 1.623665 -0.801713
v -0.814642 1.697865 -0.704913
v -0.844142 1.701566 -0.730613
v -0.820542 1.685666 -0.737513
v -0.793142 1.681066 -0.709813
v -0.821242 1.587665 -0.835813
v -0.822142 1.562365 -0.830613
v -0.795042 1.591065 -0.799013
v -0.793742 1.565165 -0.794213
v -0.809842 1.660366 -0.757213
v -0.837942 1.660965 -0.779413
v -0.791142 1.624966 -0.774413
v -0.770442 1.625865 -0.750013
v -0.761842 1.659165 -0.706413
v -0.783942 1.660166 -0.734713
v -0.751342 1.628265 -0.725513
v -0.735542 1.631566 -0.697213
v -0.841642 1.548165 -0.812713
v -0.864342 1.544266 -0.791213
v -0.810942 1.548165 -0.778313
v -0.830842 1.541965 -0.758413
v -0.752842 1.594965 -0.744513
v -0.772642 1.592765 -0.769713
v -0.768842 1.566966 -0.765513
v -0.745942 1.569366 -0.740513
v -0.735242 1.599865 -0.718813
v -0.727242 1.576265 -0.713013
v -0.722742 1.606165 -0.689213
v -0.716742 1.586066 -0.681113
v -0.876842 1.531665 -0.773013
v -0.872042 1.505365 -0.766513
v -0.835142 1.524665 -0.745513
v -0.829442 1.498665 -0.737313
v -0.780042 1.547465 -0.753013
v -0.751142 1.549566 -0.729713
v -0.762542 1.540865 -0.712913
v -0.794942 1.539065 -0.735413
v -0.718042 1.571866 -0.668513
v -0.729542 1.558765 -0.701513
v -0.717142 1.557765 -0.654313
v -0.736042 1.547465 -0.686813
v -0.759442 1.521266 -0.702013
v -0.794242 1.520366 -0.725713
v -0.788242 1.493765 -0.715313
v -0.751742 1.492566 -0.691613
v -0.730342 1.527366 -0.675113
v -0.720542 1.496766 -0.663713
v -0.703342 1.536665 -0.643713
v -0.689242 1.505166 -0.630513
v -1.541142 1.724066 -1.369113
v -1.573042 1.725366 -1.376213
v -1.550342 1.708866 -1.379713
v -1.597842 1.706365 -1.384513
v -1.561142 1.736666 -1.367713
v -1.535142 1.734365 -1.357813
v -1.555942 1.744965 -1.360913
v -1.536942 1.739866 -1.348313
v -1.554142 1.751265 -1.353913
v -1.540342 1.744465 -1.340713
v -1.570942 1.741765 -1.379913
v -1.562742 1.750965 -1.372713
v -1.569742 1.757565 -1.380013
v -1.578242 1.748465 -1.388213
v -1.565042 1.764766 -1.372113
v -1.558342 1.758265 -1.364913
v -1.540142 1.751466 -1.331713
v -1.552742 1.756765 -1.343413
v -1.552142 1.761566 -1.328913
v -1.538342 1.756865 -1.321913
v -1.538442 1.763265 -1.313513
v -1.534042 1.759965 -1.314513
v -1.556342 1.764066 -1.354713
v -1.562642 1.770865 -1.363413
v -1.562342 1.777366 -1.354113
v -1.556042 1.770465 -1.343813
v -1.554142 1.783565 -1.312513
v -1.538942 1.782465 -1.304413
v -1.538842 1.770865 -1.310513
v -1.553142 1.771766 -1.321313
v -1.557442 1.778766 -1.333713
v -1.564442 1.785265 -1.343913
v -1.569642 1.795565 -1.333013
v -1.561242 1.789966 -1.323013
v -1.559642 1.797665 -1.300213
v -1.543242 1.794966 -1.292213
v -1.549442 1.806065 -1.278413
v -1.567342 1.810265 -1.287113
v -1.603542 1.763165 -1.395713
v -1.590642 1.756366 -1.393513
v -1.605142 1.745366 -1.401913
v -1.617842 1.753065 -1.403113
v -1.592842 1.736865 -1.396913
v -1.614642 1.722566 -1.405613
v -1.625642 1.732365 -1.408713
v -1.636442 1.741266 -1.408713
v -1.589342 1.776565 -1.380813
v -1.576942 1.771066 -1.377213
v -1.581842 1.764565 -1.385113
v -1.594442 1.770865 -1.388113
v -1.587142 1.786466 -1.367513
v -1.574242 1.782765 -1.362113
v -1.574542 1.776666 -1.369813
v -1.587042 1.781365 -1.374213
v -1.582242 1.798965 -1.343213
v -1.576342 1.790265 -1.353113
v -1.589542 1.792665 -1.359613
v -1.595342 1.799566 -1.351213
v -1.644442 1.747265 -1.403213
v -1.627342 1.757366 -1.397813
v -1.634342 1.758565 -1.389713
v -1.650042 1.750265 -1.394513
v -1.621842 1.765965 -1.384513
v -1.613742 1.766166 -1.391413
v -1.605242 1.773265 -1.385313
v -1.614142 1.771965 -1.379613
v -1.609942 1.776366 -1.374913
v -1.600642 1.778665 -1.379513
v -1.598442 1.782465 -1.374213
v -1.608242 1.779466 -1.370513
v -1.608442 1.782065 -1.365413
v -1.598642 1.786265 -1.368513
v -1.600742 1.790666 -1.361413
v -1.605642 1.795865 -1.353813
v -1.610042 1.785265 -1.358813
v -1.613942 1.789465 -1.351613
v -1.621142 1.794966 -1.344713
v -1.614442 1.802465 -1.347113
v -1.626642 1.808966 -1.342713
v -1.631242 1.800866 -1.338713
v -1.619142 1.815865 -1.339013
v -1.605242 1.807566 -1.343213
v -1.641742 1.813866 -1.341213
v -1.659842 1.816165 -1.343113
v -1.644842 1.806566 -1.335313
v -1.661742 1.809465 -1.335913
v -1.657642 1.824565 -1.345713
v -1.636942 1.822065 -1.340613
v -1.701342 1.814465 -1.362213
v -1.679542 1.822266 -1.353613
v -1.680142 1.813665 -1.348913
v -1.700242 1.805265 -1.356513
v -1.681142 1.807465 -1.340513
v -1.700742 1.799665 -1.346713
v -1.718642 1.786866 -1.350913
v -1.719242 1.791865 -1.361613
v -1.737442 1.776565 -1.363313
v -1.735242 1.772365 -1.353413
v -1.741842 1.783465 -1.370513
v -1.722542 1.800665 -1.367913
v -1.752242 1.759365 -1.364213
v -1.748742 1.756366 -1.355613
v -1.754242 1.739466 -1.360813
v -1.768842 1.745665 -1.374313
v -1.758042 1.764965 -1.372113
v -1.760342 1.741465 -1.367813
v -1.760242 1.725865 -1.375513
v -1.770942 1.725965 -1.380013
v -1.752542 1.726365 -1.369013
v -1.746442 1.717366 -1.378113
v -1.753942 1.714765 -1.385113
v -1.763942 1.711366 -1.390613
v -1.742942 1.709765 -1.395313
v -1.750842 1.704065 -1.402113
v -1.736942 1.713565 -1.387113
v -1.727842 1.712265 -1.404413
v -1.723642 1.716065 -1.394613
v -1.732542 1.705165 -1.413413
v -1.705842 1.723065 -1.398613
v -1.707442 1.719365 -1.409313
v -1.684742 1.728266 -1.410113
v -1.686142 1.732565 -1.399713
v -1.682342 1.719565 -1.418313
v -1.708642 1.711165 -1.418913
v -1.663542 1.737066 -1.407313
v -1.658142 1.729566 -1.413713
v -1.667342 1.741266 -1.398013
v -1.646742 1.798965 -1.326213
v -1.634842 1.791865 -1.331613
v -1.637642 1.782165 -1.323113
v -1.647942 1.790465 -1.315013
v -1.664642 1.795565 -1.313213
v -1.663242 1.802865 -1.325513
v -1.682042 1.801266 -1.329513
v -1.683042 1.794566 -1.316613
v -1.701242 1.788465 -1.321713
v -1.701042 1.794365 -1.334913
v -1.717442 1.777766 -1.325313
v -1.718142 1.782565 -1.338713
v -1.731542 1.764965 -1.328513
v -1.733342 1.768765 -1.341613
v -1.745242 1.753866 -1.344913
v -1.741542 1.750865 -1.332813
v -1.743742 1.736765 -1.339413
v -1.748842 1.738466 -1.351013
v -1.745842 1.727065 -1.359213
v -1.739842 1.726365 -1.347213
v -1.732442 1.720065 -1.355413
v -1.739442 1.719565 -1.367713
v -1.730642 1.716465 -1.376113
v -1.723942 1.718265 -1.363513
v -1.713442 1.720566 -1.369813
v -1.718942 1.718665 -1.382813
v -1.686342 1.734065 -1.387013
v -1.669942 1.742566 -1.385713
v -1.685642 1.734365 -1.372813
v -1.671542 1.741765 -1.371613
v -1.657942 1.748266 -1.370113
v -1.654542 1.750265 -1.383113
v -1.700042 1.726365 -1.372513
v -1.703342 1.725066 -1.386213
v -1.665742 1.787065 -1.299813
v -1.684142 1.787166 -1.302613
v -1.668842 1.773765 -1.289513
v -1.685642 1.776965 -1.290213
v -1.701642 1.772665 -1.294213
v -1.701542 1.781765 -1.307713
v -1.714842 1.764366 -1.298413
v -1.716742 1.771965 -1.311313
v -1.723742 1.751865 -1.302813
v -1.729642 1.759665 -1.314713
v -1.736842 1.745766 -1.320313
v -1.729242 1.739965 -1.309013
v -1.727942 1.729465 -1.315813
v -1.737242 1.733166 -1.327613
v -1.732542 1.724165 -1.335113
v -1.723742 1.722566 -1.323213
v -1.715942 1.719865 -1.329313
v -1.724742 1.719665 -1.342713
v -1.716342 1.719265 -1.350513
v -1.708842 1.720466 -1.337013
v -1.700542 1.723765 -1.341113
v -1.706842 1.722065 -1.356413
v -1.692142 1.728266 -1.343513
v -1.695742 1.727566 -1.358413
v -1.683942 1.734065 -1.358113
v -1.683042 1.732766 -1.341813
v -1.629342 1.763265 -1.376913
v -1.622242 1.768465 -1.373513
v -1.635742 1.759766 -1.367913
v -1.628942 1.764766 -1.366413
v -1.624442 1.768465 -1.365513
v -1.618442 1.772166 -1.369713
v -1.691342 1.731865 -1.298013
v -1.685142 1.730666 -1.322813
v -1.690642 1.728065 -1.327513
v -1.696042 1.725665 -1.322413
v -1.713942 1.727866 -1.305013
v -1.718342 1.735165 -1.300813
v -1.712442 1.741966 -1.294513
v -1.625742 1.768566 -1.360313
v -1.617242 1.774365 -1.365213
v -1.626942 1.769366 -1.353413
v -1.617742 1.776065 -1.359713
v -1.698442 1.755165 -1.287813
v -1.687642 1.761266 -1.286313
v -1.677242 1.754665 -1.287513
v -1.708842 1.752965 -1.291113
v -1.705842 1.723065 -1.314813
v -1.713442 1.723465 -1.312713
v -1.702542 1.722966 -1.322913
v -1.673942 1.737366 -1.341813
v -1.672242 1.739965 -1.357013
v -1.665042 1.741765 -1.340013
v -1.660742 1.745565 -1.356013
v -1.672842 1.736765 -1.320913
v -1.678242 1.733866 -1.326113
v -1.663142 1.742666 -1.304413
v -1.664142 1.751665 -1.292513
v -1.653442 1.765865 -1.296213
v -1.646142 1.757766 -1.314213
v -1.640442 1.756966 -1.380213
v -1.645742 1.754266 -1.368913
v -1.640542 1.757165 -1.356513
v -1.632942 1.762865 -1.357713
v -1.643842 1.755365 -1.343513
v -1.635142 1.762365 -1.347913
v -1.649942 1.751265 -1.355913
v -1.654342 1.747965 -1.340713
v -1.628342 1.771165 -1.345713
v -1.619242 1.778565 -1.353213
v -1.630142 1.773866 -1.338213
v -1.622342 1.781966 -1.346113
v -1.632642 1.777665 -1.331513
v -1.627442 1.786365 -1.338913
v -1.646242 1.754566 -1.329213
v -1.636542 1.763366 -1.337313
v -1.637242 1.765865 -1.328813
v -1.636742 1.770165 -1.325013
v -1.640442 1.771366 -1.315713
v -1.648442 1.779866 -1.303513
v -1.659742 1.743966 -1.322713
v -1.607542 1.713665 -1.397813
v -1.585042 1.729765 -1.388513
v -1.651042 1.718165 -1.416113
v -1.644042 1.705366 -1.415913
v -1.679442 1.705265 -1.423913
v -1.676542 1.688465 -1.427213
v -1.711042 1.676765 -1.431113
v -1.709842 1.695866 -1.426713
v -1.738642 1.691265 -1.421413
v -1.744842 1.672665 -1.426413
v -1.775042 1.678265 -1.413513
v -1.762342 1.693766 -1.409013
v -1.779242 1.705366 -1.395913
v -1.801542 1.693265 -1.397913
v -1.804342 1.726166 -1.383713
v -1.786842 1.726365 -1.383613
v -1.782742 1.752965 -1.380713
v -1.804042 1.763265 -1.384613
v -1.825342 1.754166 -1.383113
v -1.820342 1.724565 -1.380413
v -1.834042 1.722666 -1.373113
v -1.840742 1.752066 -1.376513
v -1.823242 1.695765 -1.389113
v -1.837842 1.693766 -1.381013
v -1.769342 1.775266 -1.377213
v -1.782842 1.788365 -1.378013
v -1.750442 1.795165 -1.371213
v -1.760142 1.807866 -1.367913
v -1.735842 1.826365 -1.359313
v -1.728842 1.813566 -1.365113
v -1.705342 1.827865 -1.358513
v -1.710242 1.841065 -1.351213
v -1.683642 1.847765 -1.341513
v -1.680842 1.834865 -1.350013
v -1.655842 1.834966 -1.340413
v -1.656142 1.845065 -1.330213
v -1.592842 1.808865 -1.332913
v -1.608542 1.819765 -1.327513
v -1.595642 1.823366 -1.309913
v -1.579542 1.808165 -1.320913
v -1.569242 1.804165 -1.310313
v -1.579542 1.816265 -1.297213
v -1.626942 1.836066 -1.319013
v -1.630542 1.829366 -1.331513
v -1.555742 1.814065 -1.266613
v -1.567842 1.818766 -1.253613
v -1.574542 1.819065 -1.276113
v -1.587542 1.824766 -1.266013
v -1.605342 1.830265 -1.296313
v -1.588842 1.823665 -1.286213
v -1.602542 1.829865 -1.278313
v -1.613442 1.833966 -1.288613
v -1.610942 1.831265 -1.256313
v -1.590542 1.822465 -1.238013
v -1.612742 1.828266 -1.222713
v -1.634342 1.838365 -1.246513
v -1.634342 1.841565 -1.291313
v -1.626442 1.838265 -1.274513
v -1.651242 1.845365 -1.270313
v -1.667642 1.850766 -1.296713
v -1.661242 1.849865 -1.316013
v -1.631542 1.839965 -1.305813
v -1.688742 1.854865 -1.328513
v -1.715942 1.847966 -1.339813
v -1.721242 1.853566 -1.328313
v -1.695242 1.857265 -1.315013
v -1.742542 1.833765 -1.349113
v -1.769242 1.818265 -1.360213
v -1.775842 1.830265 -1.354113
v -1.748342 1.842465 -1.340613
v -1.818142 1.785665 -1.381413
v -1.796042 1.802465 -1.374413
v -1.803842 1.816265 -1.363413
v -1.834942 1.798466 -1.364413
v -1.830842 1.773466 -1.383513
v -1.844142 1.775065 -1.377413
v -1.801242 1.831565 -1.349713
v -1.777542 1.842565 -1.346313
v -1.818842 1.826065 -1.343813
v -1.804242 1.847966 -1.325913
v -1.789742 1.849766 -1.334213
v -1.775042 1.853266 -1.337013
v -1.756942 1.866166 -1.327313
v -1.751142 1.855666 -1.335313
v -1.724542 1.866065 -1.321313
v -1.727342 1.884766 -1.309213
v -1.770142 1.870965 -1.316313
v -1.786042 1.871866 -1.303813
v -1.765642 1.895265 -1.279413
v -1.747742 1.892665 -1.294913
v -1.701942 1.880465 -1.293813
v -1.702242 1.865065 -1.304313
v -1.690742 1.867165 -1.271613
v -1.685242 1.854865 -1.283913
v -1.745542 1.916665 -1.255313
v -1.728642 1.913765 -1.270013
v -1.715442 1.933165 -1.246113
v -1.726642 1.938566 -1.232313
v -1.700642 1.928265 -1.254513
v -1.710742 1.908066 -1.280613
v -1.710542 1.950565 -1.228313
v -1.698742 1.948565 -1.230913
v -1.715842 1.952865 -1.223813
v -1.711242 1.960765 -1.218213
v -1.710442 1.961965 -1.210213
v -1.686742 1.935165 -1.224813
v -1.686942 1.913266 -1.248313
v -1.697742 1.948366 -1.200613
v -1.696542 1.934065 -1.200913
v -1.688742 1.920966 -1.218513
v -1.690342 1.892765 -1.231713
v -1.693342 1.895666 -1.273913
v -1.689942 1.879765 -1.253813
v -1.692742 1.915265 -1.211113
v -1.693942 1.893566 -1.216913
v -1.694442 1.930265 -1.203613
v -1.695642 1.916865 -1.206413
v -1.698842 1.895666 -1.209613
v -1.693442 1.879365 -1.206613
v -1.689742 1.878665 -1.212113
v -1.675042 1.878866 -1.197913
v -1.680642 1.880266 -1.192713
v -1.669242 1.873865 -1.204313
v -1.685742 1.875065 -1.220813
v -1.539342 1.906365 -1.079013
v -1.549642 1.918965 -1.074413
v -1.546642 1.899065 -1.059513
v -1.536542 1.891065 -1.068513
v -1.552742 1.902366 -1.057413
v -1.568342 1.935565 -1.068513
v -1.555342 1.930565 -1.095013
v -1.561942 1.930365 -1.097313
v -1.569842 1.940865 -1.088413
v -1.559042 1.938365 -1.085113
v -1.578942 1.936766 -1.096813
v -1.569642 1.926966 -1.103513
v -1.588742 1.940865 -1.089013
v -1.579142 1.944765 -1.078413
v -1.532342 1.905566 -1.092613
v -1.543342 1.925765 -1.088913
v -1.545742 1.920065 -1.101413
v -1.533842 1.899365 -1.112913
v -1.527542 1.884466 -1.086513
v -1.526742 1.875065 -1.107813
v -1.552242 1.916865 -1.106313
v -1.546142 1.902265 -1.117213
v -1.554142 1.903865 -1.118513
v -1.560042 1.914165 -1.111313
v -1.554242 1.867666 -1.151313
v -1.540842 1.881165 -1.132713
v -1.535042 1.862865 -1.129713
v -1.550242 1.851066 -1.151313
v -1.603342 1.919665 -1.123513
v -1.590042 1.929565 -1.108913
v -1.579242 1.920065 -1.113913
v -1.591342 1.910466 -1.127113
v -1.600642 1.933465 -1.102313
v -1.614242 1.923066 -1.117913
v -1.568642 1.885065 -1.140913
v -1.558142 1.895465 -1.127613
v -1.549642 1.888865 -1.130913
v -1.561042 1.876665 -1.146413
v -1.568442 1.907165 -1.120813
v -1.579442 1.897466 -1.133413
v -1.625442 1.888465 -1.160313
v -1.635942 1.895766 -1.157413
v -1.618442 1.907765 -1.139513
v -1.606642 1.899566 -1.142313
v -1.628842 1.910665 -1.134713
v -1.645042 1.898466 -1.153313
v -1.598842 1.846866 -1.183313
v -1.573942 1.855765 -1.168213
v -1.571242 1.841465 -1.170613
v -1.597242 1.834666 -1.188313
v -1.656242 1.885665 -1.178613
v -1.663742 1.887865 -1.174213
v -1.648042 1.878866 -1.182513
v -1.667342 1.849965 -1.261113
v -1.648442 1.843366 -1.235513
v -1.676642 1.856965 -1.248313
v -1.653542 1.851766 -1.220613
v -1.606742 1.865265 -1.172613
v -1.585342 1.874765 -1.155613
v -1.578842 1.865365 -1.162213
v -1.599742 1.856366 -1.177313
v -1.625042 1.834966 -1.210113
v -1.626242 1.844365 -1.200913
v -1.631042 1.858065 -1.193413
v -1.620442 1.851665 -1.191813
v -1.681342 1.867465 -1.234113
v -1.662942 1.864965 -1.213313
v -1.640042 1.868366 -1.188813
v -1.615642 1.876965 -1.166013
v -1.595242 1.887266 -1.148213
v -1.566842 1.667166 -1.382513
v -1.559742 1.688265 -1.386513
v -1.607242 1.682065 -1.383413
v -1.613942 1.661665 -1.380613
v -1.577942 1.636865 -1.350513
v -1.569042 1.652165 -1.369013
v -1.614442 1.645565 -1.369113
v -1.609342 1.636165 -1.355413
v -1.643042 1.683365 -1.394113
v -1.675842 1.671666 -1.419913
v -1.639942 1.692965 -1.408713
v -1.677742 1.658666 -1.406713
v -1.712142 1.640265 -1.412413
v -1.711942 1.656865 -1.424813
v -1.748742 1.650566 -1.423413
v -1.748742 1.630065 -1.411913
v -1.789742 1.631966 -1.403213
v -1.786242 1.656266 -1.413113
v -1.814742 1.666766 -1.399513
v -1.833542 1.643765 -1.382913
v -1.839142 1.670765 -1.385313
v -1.828242 1.675566 -1.392313
v -1.648542 1.648965 -1.381213
v -1.646142 1.666665 -1.388513
v -1.677242 1.634866 -1.379413
v -1.678842 1.646265 -1.394613
v -1.633942 1.627866 -1.344613
v -1.646342 1.635365 -1.365213
v -1.671642 1.626466 -1.356613
v -1.659642 1.620565 -1.329213
v -1.710642 1.629465 -1.395513
v -1.734242 1.613565 -1.366513
v -1.743742 1.616866 -1.392513
v -1.705642 1.622665 -1.374213
v -1.789842 1.603966 -1.342413
v -1.814642 1.610465 -1.367013
v -1.781642 1.611266 -1.385313
v -1.764142 1.607066 -1.357513
v -1.605442 1.623065 -1.326113
v -1.571742 1.616665 -1.308413
v -1.612442 1.605465 -1.273113
v -1.638642 1.613766 -1.300613
v -1.543342 1.609166 -1.288913
v -1.517942 1.602765 -1.268813
v -1.556542 1.593965 -1.224013
v -1.584742 1.598266 -1.247813
v -1.471442 1.591266 -1.233013
v -1.493642 1.596365 -1.250513
v -1.528942 1.591966 -1.201713
v -1.503442 1.592465 -1.181013
v -1.385842 1.591865 -1.155713
v -1.396942 1.590365 -1.163613
v -1.423242 1.604065 -1.102413
v -1.410342 1.606265 -1.095513
v -1.435142 1.600865 -1.112413
v -1.407842 1.588866 -1.173213
v -1.355242 1.594165 -1.141413
v -1.372242 1.593366 -1.148613
v -1.377342 1.603765 -1.082513
v -1.394542 1.606965 -1.088913
v -1.419442 1.608365 -1.034713
v -1.405642 1.600066 -1.027713
v -1.441742 1.594766 -0.980613
v -1.451942 1.605366 -0.989913
v -1.462942 1.610665 -1.000713
v -1.433642 1.611465 -1.042713
v -1.334642 1.591266 -1.133813
v -1.311342 1.582566 -1.127213
v -1.342342 1.583166 -1.071313
v -1.360742 1.595265 -1.076213
v -1.378942 1.575965 -1.015213
v -1.393142 1.588965 -1.021413
v -1.421442 1.569965 -0.962613
v -1.432242 1.582866 -0.972113
v -1.283342 1.572565 -1.122813
v -1.253242 1.563866 -1.116213
v -1.293842 1.555565 -1.064613
v -1.318942 1.569265 -1.068513
v -1.360442 1.561066 -1.009413
v -1.340842 1.545266 -1.002613
v -1.395242 1.536765 -0.939613
v -1.408442 1.554565 -0.951113
v -1.225842 1.551165 -1.105013
v -1.210342 1.530965 -1.099013
v -1.257142 1.522066 -1.051213
v -1.271842 1.540565 -1.057413
v -1.435542 1.588265 -1.200313
v -1.452242 1.588965 -1.216213
v -1.481542 1.593165 -1.162713
v -1.463042 1.594665 -1.145313
v -1.420742 1.588066 -1.185813
v -1.448042 1.597365 -1.127613
v -1.445842 1.610065 -1.050913
v -1.473142 1.609566 -1.011313
v -1.484442 1.605465 -1.023613
v -1.457942 1.606165 -1.061913
v -1.613942 1.574466 -1.162813
v -1.586742 1.582265 -1.190513
v -1.557642 1.583665 -1.163613
v -1.585342 1.577065 -1.132713
v -1.530942 1.588866 -1.138813
v -1.559542 1.584165 -1.104713
v -1.488542 1.595566 -1.098013
v -1.508042 1.592065 -1.117513
v -1.537342 1.588565 -1.081013
v -1.517742 1.592865 -1.060013
v -1.471842 1.600665 -1.078513
v -1.499642 1.599165 -1.040313
v -1.642842 1.597266 -1.246413
v -1.664342 1.608166 -1.279713
v -1.684642 1.605666 -1.267413
v -1.676942 1.594066 -1.225913
v -1.701042 1.611165 -1.302413
v -1.681642 1.615265 -1.314513
v -1.695742 1.619265 -1.346513
v -1.719042 1.613466 -1.335913
v -1.741942 1.608665 -1.326013
v -1.719042 1.608365 -1.294513
v -1.732542 1.606366 -1.282313
v -1.761842 1.605765 -1.313013
v -1.701542 1.605865 -1.267913
v -1.706142 1.603765 -1.255213
v -1.616142 1.587366 -1.217613
v -1.642942 1.580466 -1.192113
v -1.732442 1.376366 -1.349613
v -1.708842 1.378866 -1.346113
v -1.713342 1.381065 -1.363913
v -1.742242 1.379566 -1.367013
v -1.676742 1.386365 -1.356813
v -1.678042 1.383766 -1.338413
v -1.633542 1.390466 -1.348313
v -1.639342 1.387865 -1.329813
v -1.599542 1.389366 -1.319913
v -1.590442 1.391866 -1.337713
v -1.554442 1.391466 -1.325013
v -1.565842 1.388465 -1.307613
v -1.536742 1.386566 -1.292813
v -1.523442 1.389665 -1.310313
v -1.495242 1.388666 -1.293613
v -1.510842 1.384365 -1.275813
v -1.467042 1.390165 -1.267713
v -1.485242 1.382766 -1.247913
v -1.759142 1.374865 -1.340213
v -1.748642 1.375765 -1.346913
v -1.761742 1.380566 -1.364013
v -1.774442 1.380365 -1.355813
v -1.746942 1.359866 -1.329613
v -1.724142 1.349766 -1.326013
v -1.737542 1.363965 -1.334913
v -1.734942 1.340065 -1.319813
v -1.723842 1.369066 -1.336113
v -1.716842 1.359465 -1.328513
v -1.701342 1.358265 -1.323413
v -1.704142 1.371965 -1.332013
v -1.677542 1.374565 -1.324413
v -1.677042 1.357965 -1.315013
v -1.612642 1.362666 -1.296613
v -1.606442 1.378065 -1.307313
v -1.642942 1.376865 -1.316513
v -1.645842 1.360566 -1.306013
v -1.556442 1.362965 -1.270813
v -1.547342 1.376565 -1.280613
v -1.574742 1.377466 -1.295413
v -1.583042 1.363766 -1.284613
v -1.500042 1.372566 -1.235913
v -1.522642 1.373765 -1.264013
v -1.533642 1.362366 -1.253313
v -1.514142 1.363066 -1.226413
v -1.716642 1.327566 -1.301913
v -1.704342 1.339166 -1.315513
v -1.680342 1.337466 -1.302513
v -1.689742 1.325866 -1.274213
v -1.629542 1.337066 -1.265013
v -1.619942 1.346266 -1.282713
v -1.650742 1.340966 -1.292413
v -1.656642 1.331866 -1.273013
v -1.653942 1.331866 -1.236113
v -1.639742 1.333566 -1.249113
v -1.657342 1.330965 -1.258613
v -1.669342 1.329065 -1.252513
v -1.581642 1.342965 -1.241313
v -1.567142 1.350865 -1.257613
v -1.592142 1.350265 -1.271013
v -1.604242 1.340266 -1.254713
v -1.623242 1.337865 -1.203413
v -1.601442 1.339065 -1.223013
v -1.620542 1.335966 -1.237513
v -1.638842 1.334666 -1.220013
v -1.562842 1.346665 -1.223813
v -1.546442 1.352765 -1.240013
v -1.529442 1.355965 -1.215013
v -1.546842 1.351866 -1.201113
v -1.566942 1.350366 -1.184113
v -1.583842 1.344165 -1.205513
v -1.606742 1.343465 -1.185413
v -1.587842 1.348765 -1.165013
v -1.565342 1.350066 -1.141313
v -1.548542 1.352365 -1.157913
v -1.529142 1.351866 -1.133213
v -1.542442 1.349066 -1.117713
v -1.521642 1.354966 -1.149013
v -1.531742 1.355165 -1.171613
v -1.514542 1.359166 -1.179713
v -1.496542 1.365065 -1.184713
v -1.505842 1.357466 -1.143713
v -1.485642 1.362366 -1.140213
v -1.522442 1.348065 -1.096913
v -1.509242 1.352566 -1.116513
v -1.488142 1.354465 -1.104113
v -1.503842 1.348165 -1.077613
v -1.462842 1.368666 -1.137513
v -1.477542 1.372765 -1.189413
v -1.457542 1.382066 -1.200613
v -1.426542 1.380865 -1.138713
v -1.435942 1.392465 -1.225513
v -1.397942 1.397866 -1.184113
v -1.484942 1.349366 -1.057613
v -1.465142 1.357965 -1.092413
v -1.436342 1.365566 -1.078313
v -1.463042 1.354765 -1.034013
v -1.349642 1.414065 -1.159613
v -1.375042 1.402766 -1.114413
v -1.331342 1.430565 -1.097213
v -1.301542 1.440666 -1.142813
v -1.411042 1.393365 -0.974613
v -1.363242 1.407666 -1.036313
v -1.398842 1.382465 -1.058513
v -1.436642 1.370265 -1.004313
v -1.261042 1.467965 -1.124113
v -1.295542 1.454865 -1.078113
v -1.269242 1.476166 -1.061413
v -1.229542 1.487865 -1.107413
v -1.212242 1.508766 -1.099813
v -1.254942 1.498865 -1.051313
v -1.334942 1.432966 -1.014713
v -1.389242 1.418166 -0.948613
v -1.370542 1.440366 -0.926213
v -1.312242 1.455466 -0.995513
v -1.323142 1.528965 -0.994313
v -1.308442 1.509466 -0.986013
v -1.371842 1.497166 -0.920313
v -1.382942 1.517866 -0.929313
v -1.301042 1.482466 -0.983613
v -1.363642 1.469466 -0.915213
v -0.890642 1.434965 -0.863213
v -0.912342 1.436365 -0.905213
v -0.900342 1.477566 -0.795913
v -0.913242 1.481366 -0.834013
v -0.912342 1.450565 -0.827613
v -0.903242 1.443565 -0.786913
v -0.822342 1.462066 -0.726013
v -0.867842 1.470866 -0.755613
v -0.864042 1.433065 -0.751013
v -0.815642 1.422565 -0.722613
v -0.745942 1.453166 -0.678313
v -0.781742 1.455865 -0.702713
v -0.775442 1.415165 -0.697613
v -0.739742 1.410366 -0.671813
v -0.675242 1.461565 -0.617313
v -0.712242 1.454465 -0.650913
v -0.703642 1.408666 -0.643913
v -0.662342 1.414366 -0.609213
v -0.832042 1.396265 -0.837013
v -0.857442 1.390865 -0.826013
v -0.851142 1.369066 -0.812613
v -0.818442 1.377766 -0.815613
v -0.808342 1.355565 -0.803613
v -0.841142 1.347966 -0.805513
v -0.835242 1.331965 -0.804113
v -0.808342 1.332765 -0.799913
v -0.906842 1.422165 -0.825413
v -0.907742 1.412466 -0.786213
v -0.918742 1.384866 -0.789113
v -0.899042 1.398065 -0.821413
v -0.867742 1.400765 -0.755013
v -0.817542 1.389966 -0.727713
v -0.824042 1.360466 -0.739013
v -0.877142 1.371366 -0.763613
v -0.775442 1.380566 -0.701313
v -0.736942 1.372466 -0.674113
v -0.779542 1.348966 -0.709613
v -0.737942 1.337666 -0.680613
v -0.656642 1.369565 -0.609613
v -0.698042 1.367866 -0.644613
v -0.660542 1.324965 -0.613013
v -0.699442 1.328966 -0.648313
v -0.634242 1.204465 -0.544113
v -0.671642 1.222866 -0.578213
v -0.639442 1.270465 -0.579513
v -0.596642 1.252666 -0.544613
v -0.677242 1.280665 -0.614513
v -0.705742 1.236366 -0.612813
v -0.617342 1.323366 -0.574313
v -0.564042 1.316566 -0.527213
v -0.739642 1.249065 -0.646013
v -0.711842 1.290465 -0.649413
v -0.746042 1.303066 -0.683913
v -0.774942 1.262365 -0.679513
v -0.788542 1.316666 -0.714613
v -0.836542 1.329566 -0.744413
v -0.811242 1.277165 -0.713713
v -0.858542 1.292665 -0.744713
v -0.839442 1.293465 -0.825013
v -0.832942 1.282465 -0.841613
v -0.871442 1.270865 -0.863513
v -0.890342 1.289366 -0.839513
v -0.857842 1.315065 -0.814213
v -0.825042 1.310165 -0.808713
v -0.939442 1.265466 -0.868913
v -0.915442 1.256465 -0.893813
v -0.882942 1.329865 -0.815013
v -0.898142 1.350366 -0.813913
v -0.958442 1.323665 -0.810013
v -0.927742 1.306466 -0.830813
v -0.898842 1.373665 -0.814413
v -0.933142 1.359265 -0.795613
v -0.916142 1.308966 -0.771813
v -0.892442 1.342065 -0.769313
v -0.996042 1.283965 -0.834513
v -0.967642 1.276965 -0.850313
v -0.999942 1.249465 -0.877013
v -1.026342 1.257366 -0.858013
v -1.001042 1.133565 -0.924213
v -0.997742 1.144465 -0.937713
v -1.027542 1.186565 -0.929613
v -1.047742 1.179965 -0.907013
v -1.022842 1.222666 -0.905713
v -1.047142 1.225366 -0.885013
v -1.015342 1.116266 -0.910413
v -1.037642 1.092666 -0.917313
v -1.069342 1.149966 -0.907313
v -1.090642 1.128365 -0.921313
v -1.109742 1.111065 -0.948613
v -1.055042 1.071666 -0.940513
v -1.058142 1.057266 -0.972913
v -1.128442 1.101466 -0.991213
v -1.035742 1.061165 -1.003413
v -1.093942 1.097865 -1.031613
v -1.142342 1.128665 -1.065413
v -1.177042 1.127365 -1.032213
v -1.183242 1.152265 -1.098713
v -1.213942 1.148365 -1.064413
v -1.218442 1.167965 -1.125213
v -1.246242 1.161665 -1.089513
v -1.273442 1.170565 -1.109313
v -1.248242 1.179466 -1.145813
v -1.273442 1.188966 -1.162213
v -1.296042 1.177666 -1.124913
v -1.317742 1.182566 -1.138513
v -1.297142 1.197065 -1.175713
v -1.342642 1.185265 -1.151813
v -1.322542 1.202266 -1.188213
v -1.351142 1.204565 -1.201713
v -1.371242 1.186066 -1.166413
v -1.403742 1.185565 -1.183213
v -1.383242 1.203266 -1.218413
v -1.419242 1.198665 -1.237413
v -1.439542 1.184666 -1.201413
v -1.477942 1.187065 -1.218813
v -1.459342 1.195465 -1.255513
v -1.519942 1.194665 -1.230513
v -1.505042 1.192766 -1.269513
v -1.060342 1.250366 -0.789513
v -1.053542 1.264665 -0.832513
v -1.020942 1.279166 -0.818613
v -1.002542 1.282865 -0.794313
v -0.940542 1.193766 -0.729213
v -0.999542 1.223266 -0.751813
v -0.954842 1.268666 -0.763313
v -0.895342 1.245165 -0.737613
v -0.860542 1.169765 -0.666113
v -0.895142 1.175566 -0.702113
v -0.850642 1.228566 -0.706913
v -0.814842 1.215866 -0.673813
v -0.792642 1.152565 -0.594813
v -0.827242 1.162166 -0.629713
v -0.779542 1.203566 -0.640713
v -0.744542 1.190866 -0.607513
v -0.678142 1.163566 -0.532313
v -0.711042 1.177765 -0.572113
v -0.716442 1.132066 -0.526513
v -0.756242 1.141965 -0.560313
v -1.080542 1.239565 -0.862513
v -1.116742 1.240665 -0.832813
v -1.148742 1.220166 -0.870913
v -1.102842 1.206766 -0.887713
v -1.122242 1.181065 -0.903913
v -1.139742 1.162166 -0.921613
v -1.167042 1.198965 -0.895813
v -1.180342 1.182966 -0.916013
v -1.196542 1.173165 -0.938613
v -1.158242 1.148265 -0.946613
v -1.180342 1.143666 -0.976013
v -1.215642 1.171865 -0.962813
v -1.238742 1.173466 -0.985013
v -1.210342 1.149266 -1.005113
v -1.242342 1.158666 -1.031613
v -1.263542 1.178265 -1.004913
v -1.288242 1.185366 -1.021413
v -1.270242 1.168465 -1.052713
v -1.294942 1.176865 -1.069813
v -1.312442 1.189266 -1.035813
v -1.357242 1.188765 -1.063213
v -1.338342 1.186665 -1.098513
v -1.316442 1.183165 -1.084613
v -1.334842 1.190065 -1.049513
v -1.408142 1.180866 -1.094513
v -1.390942 1.183765 -1.129513
v -1.363142 1.186665 -1.113313
v -1.381542 1.185465 -1.077613
v -1.470042 1.175365 -1.138413
v -1.455842 1.178165 -1.167813
v -1.422142 1.179766 -1.148213
v -1.438142 1.176065 -1.115513
v -1.523742 1.180965 -1.178013
v -1.525542 1.188566 -1.199213
v -1.490442 1.180265 -1.187313
v -1.501642 1.176266 -1.161513
v -1.531242 1.169165 -1.129113
v -1.515742 1.172165 -1.143513
v -1.483742 1.169165 -1.115213
v -1.499442 1.164865 -1.096513
v -1.542842 1.181765 -1.171313
v -1.561442 1.180965 -1.159213
v -1.378142 1.171965 -1.025913
v -1.396842 1.164065 -1.026413
v -1.395242 1.176765 -1.049213
v -1.371542 1.181566 -1.038813
v -1.421742 1.172565 -1.063113
v -1.430942 1.157666 -1.026113
v -1.451842 1.170365 -1.086613
v -1.467842 1.162665 -1.063913
v -1.343742 1.172366 -0.997813
v -1.364242 1.171765 -1.013313
v -1.350142 1.184565 -1.026413
v -1.329042 1.186365 -1.012213
v -1.382442 1.162866 -1.004413
v -1.360342 1.165465 -0.983813
v -1.377142 1.161965 -0.969413
v -1.400042 1.158666 -0.993713
v -1.300842 1.165565 -0.966913
v -1.322342 1.170565 -0.982213
v -1.306242 1.183765 -0.998113
v -1.283542 1.177065 -0.983913
v -1.338942 1.164565 -0.964913
v -1.318342 1.159665 -0.947413
v -1.336742 1.155765 -0.928013
v -1.356242 1.161265 -0.947613
v -1.259042 1.154466 -0.933313
v -1.279942 1.159665 -0.951013
v -1.261642 1.170865 -0.967613
v -1.240542 1.166565 -0.948813
v -1.278342 1.145165 -0.912413
v -1.298342 1.152265 -0.930413
v -1.317942 1.146965 -0.909513
v -1.298942 1.138065 -0.890813
v -1.220042 1.165366 -0.927213
v -1.201842 1.169665 -0.904213
v -1.218242 1.150966 -0.890313
v -1.237842 1.151065 -0.912513
v -1.238342 1.135365 -0.871713
v -1.257842 1.139465 -0.892313
v -1.279242 1.130666 -0.871013
v -1.259842 1.124365 -0.851513
v -1.188342 1.179766 -0.882413
v -1.171742 1.192865 -0.854613
v -1.183242 1.156365 -0.845513
v -1.201942 1.153066 -0.869613
v -1.200942 1.127466 -0.832313
v -1.242242 1.117966 -0.833513
v -1.220742 1.131266 -0.852913
v -1.222842 1.111165 -0.813813
v -1.117842 1.151966 -0.780513
v -1.154542 1.158165 -0.814113
v -1.139842 1.202165 -0.816513
v -1.093942 1.198465 -0.777513
v -1.174442 1.122965 -0.806413
v -1.143742 1.115066 -0.776713
v -1.170442 1.095866 -0.760513
v -1.198742 1.103466 -0.789313
v -1.040642 1.175066 -0.748213
v -0.988642 1.153366 -0.724013
v -1.029042 1.119465 -0.716713
v -1.073742 1.136266 -0.747313
v -1.104742 1.107366 -0.738713
v -1.064342 1.095866 -0.703113
v -1.094442 1.085266 -0.681913
v -1.132842 1.093066 -0.721113
v -0.944142 1.135066 -0.696713
v -0.906342 1.123566 -0.663313
v -0.950142 1.086666 -0.655613
v -0.987942 1.101965 -0.686813
v -1.025942 1.081366 -0.669613
v -0.990142 1.065065 -0.637013
v -1.024542 1.055066 -0.611713
v -1.058242 1.072165 -0.645513
v -0.872142 1.116665 -0.625613
v -0.838042 1.111065 -0.587213
v -0.877742 1.062965 -0.587713
v -0.914142 1.074165 -0.622113
v -0.955942 1.048165 -0.605113
v -0.921342 1.031466 -0.574213
v -0.959542 1.019366 -0.548413
v -0.992342 1.036466 -0.579413
v -0.800542 1.105765 -0.549713
v -0.756742 1.101466 -0.514813
v -0.791842 1.055265 -0.504613
v -0.839042 1.057166 -0.549713
v -0.884742 1.018166 -0.543913
v -0.848542 1.006166 -0.515013
v -0.890642 0.990066 -0.494513
v -0.925342 1.005065 -0.519213
v -0.613642 1.428465 -0.562913
v -0.612642 1.377766 -0.568313
v -0.570042 1.387166 -0.522413
v -0.572042 1.453666 -0.499913
v -0.534042 1.430965 -0.463013
v -0.539942 1.393566 -0.491113
v -0.501642 1.390466 -0.447613
v -0.521542 1.353166 -0.486013
v -0.824442 1.807665 -0.310013
v -0.817142 1.807566 -0.320313
v -0.789142 1.787066 -0.296913
v -0.797142 1.789065 -0.284713
v -0.787842 1.778466 -0.313313
v -0.814042 1.802765 -0.335713
v -0.641142 1.656765 -0.184613
v -0.649342 1.661265 -0.171713
v -0.624342 1.625165 -0.147713
v -0.613142 1.622066 -0.161213
v -0.659142 1.661766 -0.160913
v -0.636342 1.624365 -0.136413
v -0.602942 1.579366 -0.125813
v -0.619042 1.576866 -0.111213
v -0.585342 1.578966 -0.140613
v -0.532842 1.502166 -0.370113
v -0.528542 1.472566 -0.415413
v -0.561042 1.508066 -0.436613
v -0.571242 1.538365 -0.389413
v -0.492042 1.455266 -0.361013
v -0.491942 1.426966 -0.403913
v -0.516042 1.490766 -0.284213
v -0.501842 1.474165 -0.321213
v -0.547442 1.520165 -0.328313
v -0.563442 1.536265 -0.290513
v -0.589542 1.557166 -0.345413
v -0.605942 1.574066 -0.307713
v -0.538242 1.528766 -0.222113
v -0.529342 1.508466 -0.251013
v -0.573642 1.555766 -0.258413
v -0.579042 1.576965 -0.232113
v -0.615842 1.592465 -0.278313
v -0.621342 1.608866 -0.255813
v -0.623242 1.624266 -0.236313
v -0.584742 1.594366 -0.211013
v -0.592442 1.608166 -0.192713
v -0.626342 1.637666 -0.217613
v -0.554042 1.569066 -0.175013
v -0.544642 1.550365 -0.197013
v -0.633342 1.648665 -0.200313
v -0.602942 1.615965 -0.176813
v -0.569042 1.576965 -0.156813
v -0.681442 1.689166 -0.219013
v -0.685742 1.697165 -0.204713
v -0.724842 1.731266 -0.239713
v -0.722642 1.721365 -0.255713
v -0.732042 1.736266 -0.225613
v -0.693842 1.700166 -0.192213
v -0.724642 1.666965 -0.326413
v -0.711842 1.656365 -0.343613
v -0.752042 1.684666 -0.379513
v -0.767442 1.695966 -0.363913
v -0.731842 1.671566 -0.400313
v -0.691942 1.642966 -0.368013
v -0.755842 1.695466 -0.429613
v -0.775042 1.709966 -0.412513
v -0.796342 1.730465 -0.404513
v -0.766242 1.765865 -0.256313
v -0.757942 1.762266 -0.270413
v -0.756742 1.751966 -0.287313
v -0.762242 1.738165 -0.305913
v -0.793242 1.765265 -0.333413
v -0.724742 1.709065 -0.273113
v -0.727642 1.695266 -0.291113
v -0.768242 1.723666 -0.325613
v -0.798842 1.751266 -0.355713
v -0.678642 1.678666 -0.235213
v -0.676642 1.665966 -0.252613
v -0.770742 1.710166 -0.345413
v -0.800142 1.739666 -0.377513
v -0.728042 1.681365 -0.309013
v -0.661242 1.625065 -0.308813
v -0.647442 1.609665 -0.335613
v -0.670142 1.638165 -0.288513
v -0.673742 1.652565 -0.270513
v -0.627442 1.537665 -0.542913
v -0.595842 1.502965 -0.519813
v -0.631742 1.476366 -0.571813
v -0.654342 1.516866 -0.588713
v -0.758742 1.715466 -0.453013
v -0.773942 1.729866 -0.441613
v -0.755442 1.748266 -0.461613
v -0.744842 1.732865 -0.468613
v -0.785842 1.747265 -0.442113
v -0.763542 1.766066 -0.464413
v -0.749342 1.691865 -0.630213
v -0.784142 1.693965 -0.668913
v -0.782642 1.715665 -0.671913
v -0.741442 1.712766 -0.629513
v -0.743642 1.674665 -0.629913
v -0.769242 1.675266 -0.672313
v -0.741042 1.757766 -0.701113
v -0.771242 1.741665 -0.681213
v -0.729442 1.744666 -0.649613
v -0.696742 1.760965 -0.669313
v -0.698342 1.770165 -0.717813
v -0.652242 1.774365 -0.682813
v -0.561442 1.804466 -0.649913
v -0.612842 1.783066 -0.645913
v -0.588042 1.793866 -0.614013
v -0.526742 1.819166 -0.603313
v -0.632042 1.780766 -0.610413
v -0.660442 1.769866 -0.638513
v -0.692242 1.752265 -0.622713
v -0.660642 1.764565 -0.596213
v -0.676442 1.749765 -0.575013
v -0.707342 1.733265 -0.599713
v -0.685742 1.745565 -0.549113
v -0.712942 1.726366 -0.565913
v -0.715242 1.729065 -0.529813
v -0.692142 1.749266 -0.523413
v -0.733742 1.710366 -0.530913
v -0.733242 1.707566 -0.576413
v -0.719342 1.737666 -0.499813
v -0.736242 1.718666 -0.493113
v -0.699042 1.757865 -0.501813
v -0.725442 1.751266 -0.479513
v -0.706242 1.770865 -0.488213
v -0.733442 1.767665 -0.474113
v -0.740742 1.786566 -0.479513
v -0.713042 1.786166 -0.486913
v -0.717842 1.803666 -0.495813
v -0.720442 1.825665 -0.511713
v -0.694742 1.848065 -0.511513
v -0.693342 1.822065 -0.500513
v -0.671842 1.840765 -0.484213
v -0.674842 1.872965 -0.491113
v -0.693242 1.803766 -0.495513
v -0.690042 1.789566 -0.493813
v -0.676342 1.801666 -0.491313
v -0.673342 1.817066 -0.487313
v -0.679242 1.578065 -0.585113
v -0.655542 1.561466 -0.565513
v -0.676442 1.546266 -0.605413
v -0.697442 1.566266 -0.619113
v -0.586542 1.543766 -0.463913
v -0.606742 1.573966 -0.416713
v -0.623142 1.571765 -0.495213
v -0.647342 1.610765 -0.453213
v -0.628442 1.593165 -0.372313
v -0.669342 1.627965 -0.404313
v -0.672842 1.611166 -0.531513
v -0.661442 1.613366 -0.502613
v -0.650442 1.586865 -0.526213
v -0.672042 1.596066 -0.552513
v -0.709142 1.657065 -0.435613
v -0.736642 1.680766 -0.463313
v -0.690842 1.643966 -0.475913
v -0.723842 1.666965 -0.514313
v -0.739742 1.691066 -0.525213
v -0.739642 1.689166 -0.577113
v -0.732842 1.671065 -0.576913
v -0.743942 1.701365 -0.482013
v -0.743942 1.658066 -0.670513
v -0.724642 1.635265 -0.662713
v -0.730442 1.656665 -0.628713
v -0.718442 1.637465 -0.626013
v -0.710642 1.620165 -0.622613
v -0.714842 1.613366 -0.655013
v -0.711642 1.594766 -0.645513
v -0.705442 1.604966 -0.612413
v -0.709642 1.580766 -0.632313
v -0.696142 1.591465 -0.599913
v -0.703142 1.616866 -0.585213
v -0.709542 1.624765 -0.598913
v -0.714042 1.637365 -0.591913
v -0.705242 1.631566 -0.563813
v -0.690142 1.606666 -0.570913
v -0.687842 1.621965 -0.542313
v -0.685742 1.633366 -0.511313
v -0.710042 1.647265 -0.541713
v -0.721842 1.654166 -0.583413
v -0.483142 2.018966 -0.655813
v -0.493042 1.973266 -0.689313
v -0.453342 1.985266 -0.653113
v -0.445442 2.031966 -0.624413
v -0.510242 2.072966 -0.572913
v -0.490542 2.056866 -0.616613
v -0.455142 2.073465 -0.588513
v -0.475642 2.095866 -0.547913
v -0.511542 2.064566 -0.475613
v -0.499142 2.090866 -0.509713
v -0.533442 2.061066 -0.533013
v -0.546242 2.028466 -0.499713
v -0.523742 2.019166 -0.417613
v -0.519442 2.041565 -0.445413
v -0.557742 2.004665 -0.468813
v -0.565442 1.980666 -0.440813
v -0.670342 1.768666 -0.511513
v -0.648142 1.790465 -0.494913
v -0.664342 1.797266 -0.491213
v -0.681142 1.777465 -0.499513
v -0.616842 1.782266 -0.522813
v -0.632042 1.783066 -0.505513
v -0.659042 1.762666 -0.529013
v -0.646842 1.764666 -0.549713
v -0.595442 1.861566 -0.450113
v -0.604642 1.910466 -0.447413
v -0.643642 1.890165 -0.470213
v -0.640742 1.851366 -0.468413
v -0.624342 1.818965 -0.475013
v -0.649142 1.821266 -0.478813
v -0.494142 1.956965 -0.391213
v -0.513942 1.987966 -0.396813
v -0.559742 1.944166 -0.421513
v -0.542242 1.908666 -0.418213
v -0.611542 1.790766 -0.586613
v -0.632442 1.777465 -0.570313
v -0.603342 1.792466 -0.543213
v -0.584442 1.804666 -0.562913
v -0.602742 1.810865 -0.479213
v -0.567542 1.845766 -0.451413
v -0.584342 1.806066 -0.492713
v -0.547342 1.837066 -0.462313
v -0.503542 1.875465 -0.433813
v -0.522742 1.886866 -0.422413
v -0.456842 1.920566 -0.407713
v -0.474742 1.934765 -0.395013
v -0.583342 1.799866 -0.594413
v -0.554042 1.812866 -0.578613
v -0.570342 1.812965 -0.512613
v -0.552142 1.824165 -0.533113
v -0.533042 1.840665 -0.481713
v -0.515442 1.850366 -0.502113
v -0.474642 1.882966 -0.474713
v -0.490742 1.876366 -0.454113
v -0.447142 1.919166 -0.429813
v -0.433842 1.922766 -0.450213
v -0.446742 1.900765 -0.616913
v -0.482642 1.878766 -0.655913
v -0.458042 1.915165 -0.651613
v -0.429142 1.939365 -0.616213
v -0.437642 1.953765 -0.641213
v -0.418842 1.964866 -0.618713
v -0.518442 1.840765 -0.654013
v -0.479642 1.859965 -0.612513
v -0.479742 1.847966 -0.566813
v -0.519942 1.833365 -0.551413
v -0.483142 1.860065 -0.520213
v -0.443842 1.876865 -0.536013
v -0.410942 1.910965 -0.508613
v -0.444142 1.890666 -0.492213
v -0.408642 1.931066 -0.466813
v -0.384342 1.953866 -0.483213
v -0.413742 2.046165 -0.589213
v -0.421742 1.999666 -0.618713
v -0.398742 2.001165 -0.597913
v -0.378542 2.060565 -0.563313
v -0.415342 1.929066 -0.585513
v -0.443942 1.884665 -0.578713
v -0.411742 1.914566 -0.549513
v -0.389942 1.962466 -0.557813
v -0.401542 1.973465 -0.587613
v -0.380242 2.011665 -0.560313
v -0.370642 1.998566 -0.530113
v -0.384142 1.949466 -0.522413
v -0.365442 1.990866 -0.495813
v -0.356442 2.035666 -0.502613
v -0.362442 2.093266 -0.525113
v -0.365842 2.046266 -0.531313
v -0.352942 2.078166 -0.502213
v -0.347342 2.120265 -0.496713
v -0.441342 2.124566 -0.522013
v -0.421342 2.092966 -0.557313
v -0.390742 2.120865 -0.533013
v -0.410542 2.156166 -0.498713
v -0.464342 2.127766 -0.487313
v -0.478642 2.109665 -0.454413
v -0.444842 2.151065 -0.435613
v -0.430642 2.163266 -0.465913
v -0.384442 2.180166 -0.477413
v -0.368542 2.143866 -0.507213
v -0.348542 2.167066 -0.482313
v -0.360242 2.200566 -0.455813
v -0.483942 2.087265 -0.425313
v -0.485542 2.065465 -0.398513
v -0.450942 2.110665 -0.383713
v -0.450542 2.131266 -0.408613
v -0.415242 2.181866 -0.419013
v -0.401942 2.190166 -0.447113
v -0.389542 2.204866 -0.404313
v -0.376242 2.211166 -0.429413
v -0.472242 2.038465 -0.377913
v -0.450142 2.011765 -0.371513
v -0.412442 2.064566 -0.360213
v -0.435242 2.087066 -0.365713
v -0.394342 2.174366 -0.364013
v -0.396742 2.191966 -0.381913
v -0.422142 2.165666 -0.394113
v -0.421242 2.146366 -0.372213
v -0.377642 2.029866 -0.377513
v -0.392342 2.045566 -0.364113
v -0.430342 1.990566 -0.374913
v -0.413442 1.974666 -0.387113
v -0.378142 2.007266 -0.415713
v -0.375842 2.019666 -0.398313
v -0.408042 1.970366 -0.409813
v -0.398942 1.971066 -0.428713
v -0.405242 2.125366 -0.358313
v -0.383642 2.105966 -0.354113
v -0.360142 2.138966 -0.350313
v -0.379842 2.155965 -0.353313
v -0.365242 2.005466 -0.457713
v -0.380942 1.981966 -0.443713
v -0.363042 2.029066 -0.421913
v -0.351042 2.052465 -0.432913
v -0.362542 2.089066 -0.359313
v -0.350042 2.073666 -0.377313
v -0.327542 2.112966 -0.386113
v -0.338842 2.124266 -0.358213
v -0.339942 2.082965 -0.409213
v -0.353142 2.057566 -0.399713
v -0.345242 2.072266 -0.474713
v -0.352842 2.036366 -0.468613
v -0.342242 2.074165 -0.443513
v -0.333642 2.100766 -0.446713
v -0.329342 2.147166 -0.468113
v -0.339042 2.109066 -0.473813
v -0.324842 2.132966 -0.444413
v -0.312742 2.167566 -0.437913
v -0.325742 2.115466 -0.416813
v -0.334442 2.094666 -0.422013
v -0.300642 2.175766 -0.405713
v -0.313842 2.143866 -0.411713
v -0.310542 2.148766 -0.380913
v -0.296342 2.178166 -0.376613
v -0.319242 2.154766 -0.356813
v -0.303342 2.181966 -0.355413
v -0.319542 2.190866 -0.347113
v -0.338442 2.166666 -0.347913
v -0.285042 2.205566 -0.373713
v -0.290342 2.207266 -0.356013
v -0.279942 2.223066 -0.373213
v -0.282742 2.229366 -0.358413
v -0.295242 2.228466 -0.350413
v -0.303842 2.213666 -0.348113
v -0.355942 2.181266 -0.349513
v -0.334542 2.203066 -0.347613
v -0.369042 2.197066 -0.357713
v -0.346342 2.216466 -0.354213
v -0.351142 2.227666 -0.367913
v -0.372742 2.211466 -0.372613
v -0.366942 2.222166 -0.391013
v -0.351742 2.232566 -0.382413
v -0.289442 2.207866 -0.398413
v -0.303342 2.206066 -0.427713
v -0.308342 2.240866 -0.403313
v -0.285542 2.234566 -0.386713
v -0.334942 2.220966 -0.432213
v -0.325042 2.190666 -0.456113
v -0.334942 2.242066 -0.391113
v -0.352242 2.229166 -0.410713
v -0.329642 2.243666 -0.370713
v -0.325642 2.234366 -0.355313
v -0.312042 2.245566 -0.358813
v -0.308042 2.251866 -0.374213
v -0.289242 2.248566 -0.367313
v -0.301442 2.239766 -0.352913
v -0.315942 2.223266 -0.348613
v -0.999442 1.909766 -0.659813
v -1.023842 1.915766 -0.631813
v -1.002542 1.906966 -0.615913
v -0.978242 1.908066 -0.647713
v -1.014142 1.925066 -0.597113
v -1.034142 1.933666 -0.613513
v -0.995742 1.913765 -0.581913
v -0.977542 1.901566 -0.567813
v -0.991642 1.897866 -0.596013
v -0.975742 1.885766 -0.584213
v -0.897742 1.911766 -0.702113
v -0.928242 1.903965 -0.670413
v -0.905442 1.899866 -0.661513
v -0.876042 1.908666 -0.690813
v -0.953442 1.902066 -0.642513
v -0.971642 1.897066 -0.621713
v -0.946342 1.886566 -0.621813
v -0.927942 1.894065 -0.639013
v -0.962142 1.881366 -0.603413
v -0.978142 1.892166 -0.607113
v -0.853742 1.906266 -0.677013
v -0.882942 1.896366 -0.649413
v -0.861642 1.894065 -0.633713
v -0.832442 1.905066 -0.660013
v -0.960342 1.888566 -0.553513
v -0.943842 1.875566 -0.537613
v -0.940342 1.860566 -0.557813
v -0.958442 1.873166 -0.572113
v -0.904442 1.885965 -0.631113
v -0.922942 1.876165 -0.615913
v -0.901042 1.864866 -0.605313
v -0.882342 1.877965 -0.619013
v -0.923742 1.855666 -0.583913
v -0.943442 1.869165 -0.595613
v -0.841942 1.890165 -0.614613
v -0.813142 1.904066 -0.639413
v -0.821942 1.879766 -0.595813
v -0.795542 1.901666 -0.615013
v -0.926942 1.863966 -0.518513
v -0.908442 1.853765 -0.497313
v -0.904442 1.836066 -0.518913
v -0.922742 1.848166 -0.539913
v -0.880442 1.850466 -0.592313
v -0.861342 1.867166 -0.604813
v -0.839942 1.851466 -0.590013
v -0.860342 1.832166 -0.576913
v -0.905342 1.840166 -0.569113
v -0.887342 1.822566 -0.550613
v -0.778142 1.893166 -0.588713
v -0.763742 1.876366 -0.563913
v -0.800942 1.863966 -0.576313
v -0.784642 1.846266 -0.553613
v -0.840642 1.815465 -0.556113
v -0.818742 1.834065 -0.571513
v -0.802842 1.819265 -0.547013
v -0.824842 1.805265 -0.531513
v -0.779042 1.803266 -0.497013
v -0.770242 1.786665 -0.475713
v -0.746542 1.806866 -0.495313
v -0.750842 1.828866 -0.516213
v -0.777142 1.826066 -0.528813
v -0.755442 1.853566 -0.539213
v -0.816542 1.799665 -0.509313
v -0.796642 1.807266 -0.521513
v -0.800342 1.797966 -0.495713
v -0.814242 1.796366 -0.493913
v -0.887142 1.843966 -0.475013
v -0.866542 1.833266 -0.454813
v -0.863342 1.819066 -0.476013
v -0.883342 1.826665 -0.496213
v -0.867542 1.809266 -0.527613
v -0.849642 1.802765 -0.505413
v -0.795242 1.768466 -0.452713
v -0.804342 1.784466 -0.465413
v -0.821842 1.782966 -0.438413
v -0.811942 1.762566 -0.424213
v -0.819742 1.778265 -0.380413
v -0.817642 1.790865 -0.356813
v -0.835842 1.815765 -0.377313
v -0.835842 1.803766 -0.405013
v -0.815442 1.790666 -0.470913
v -0.826942 1.795166 -0.476013
v -0.837642 1.801566 -0.452113
v -0.829842 1.793566 -0.447113
v -0.818042 1.767966 -0.401213
v -0.828742 1.788666 -0.418213
v -0.839742 1.806166 -0.431213
v -0.834042 1.797366 -0.430313
v -0.850442 1.828065 -0.418613
v -0.850442 1.819566 -0.439913
v -0.848242 1.810565 -0.461613
v -0.851142 1.839766 -0.395613
v -0.836542 1.799265 -0.487613
v -1.808742 1.156266 -1.483413
v -1.837142 1.152865 -1.484113
v -1.824242 1.141265 -1.466013
v -1.806542 1.145465 -1.469613
v -1.841042 1.139066 -1.456513
v -1.858742 1.150465 -1.473613
v -1.775942 1.159865 -1.473313
v -1.740142 1.165865 -1.454613
v -1.755442 1.155065 -1.432413
v -1.786442 1.146865 -1.455713
v -1.801742 1.139965 -1.443613
v -1.772542 1.150165 -1.416013
v -1.789342 1.147665 -1.401413
v -1.817442 1.136365 -1.432113
v -1.668242 1.192366 -1.397313
v -1.703742 1.177966 -1.427113
v -1.719842 1.169966 -1.402213
v -1.681142 1.183966 -1.371313
v -1.631842 1.198265 -1.373413
v -1.640942 1.184965 -1.346113
v -1.609342 1.183765 -1.284213
v -1.655242 1.180365 -1.310613
v -1.628142 1.205965 -1.225613
v -1.676442 1.183065 -1.279513
v -1.718242 1.178965 -1.323213
v -1.697842 1.180565 -1.346213
v -1.557542 1.189966 -1.275213
v -1.566642 1.203765 -1.232513
v -1.588742 1.198265 -1.185313
v -1.560342 1.197465 -1.198413
v -1.737842 1.167365 -1.382613
v -1.756842 1.166466 -1.365013
v -1.606942 1.695765 -0.760813
v -1.616942 1.679066 -0.763913
v -1.613542 1.674066 -0.740613
v -1.606442 1.691666 -0.737613
v -1.625642 1.659966 -0.765413
v -1.619342 1.653865 -0.742913
v -1.610542 1.652266 -0.719113
v -1.605642 1.670065 -0.718413
v -1.600142 1.687265 -0.716913
v -1.582042 1.679066 -0.685713
v -1.590642 1.682665 -0.698613
v -1.594042 1.667166 -0.698213
v -1.578842 1.667466 -0.681713
v -1.596242 1.652165 -0.696313
v -1.574342 1.651366 -0.678813
v -1.610342 1.732265 -0.747013
v -1.603342 1.715365 -0.754113
v -1.602842 1.710666 -0.733413
v -1.607542 1.727265 -0.727113
v -1.596742 1.704865 -0.714013
v -1.598742 1.720466 -0.707913
v -1.575542 1.687166 -0.678613
v -1.586842 1.697465 -0.695113
v -1.584742 1.710765 -0.688313
v -1.568342 1.697666 -0.670313
v -1.564042 1.673165 -0.667513
v -1.552142 1.681466 -0.655713
v -1.551242 1.656365 -0.663213
v -1.534542 1.665366 -0.646713
v -1.627342 1.666165 -0.787013
v -1.650142 1.662665 -0.784613
v -1.648842 1.654366 -0.759713
v -1.643942 1.672066 -0.806913
v -1.627942 1.673466 -0.801913
v -1.672642 1.668665 -0.814413
v -1.677242 1.660265 -0.779813
v -1.677042 1.649665 -0.750713
v -1.641942 1.646565 -0.734513
v -1.629442 1.642665 -0.709113
v -1.669242 1.638465 -0.722913
v -1.653742 1.631065 -0.695413
v -1.608842 1.639066 -0.686113
v -1.628842 1.625165 -0.669913
v -1.596642 1.620565 -0.649413
v -1.581942 1.636765 -0.667013
v -1.550942 1.639465 -0.651613
v -1.524542 1.647466 -0.638613
v -1.562342 1.622466 -0.631313
v -1.523342 1.627666 -0.615813
v -1.589142 1.721966 -0.676913
v -1.600342 1.724566 -0.663413
v -1.620542 1.735866 -0.685813
v -1.607742 1.731066 -0.697513
v -1.568242 1.707965 -0.658513
v -1.576742 1.710465 -0.643913
v -1.529242 1.673965 -0.631213
v -1.548242 1.690266 -0.643113
v -1.529442 1.683065 -0.616413
v -1.552542 1.695466 -0.627413
v -1.501842 1.646666 -0.615413
v -1.514642 1.659966 -0.624213
v -1.498242 1.664165 -0.601513
v -1.513042 1.673066 -0.609113
v -1.483342 1.634866 -0.601313
v -1.479242 1.655166 -0.590813
v -1.498142 1.614366 -0.589713
v -1.460642 1.627466 -0.583013
v -1.472142 1.607766 -0.567513
v -1.456242 1.647565 -0.578313
v -1.428642 1.621866 -0.571413
v -1.426542 1.642665 -0.569613
v -1.437742 1.602365 -0.552413
v -1.397842 1.597666 -0.543213
v -1.390542 1.618065 -0.567713
v -1.392342 1.642566 -0.566613
v -1.324942 1.660565 -0.543513
v -1.357342 1.650065 -0.561013
v -1.349442 1.621166 -0.562913
v -1.311542 1.631166 -0.546813
v -1.356242 1.599165 -0.533313
v -1.319842 1.608166 -0.515413
v -1.720742 1.681265 -0.863013
v -1.738242 1.677266 -0.851813
v -1.724042 1.672565 -0.824513
v -1.697842 1.675266 -0.839113
v -1.753542 1.668965 -0.847013
v -1.748542 1.664966 -0.817713
v -1.712642 1.662365 -0.798713
v -1.743742 1.655065 -0.789913
v -1.711342 1.651865 -0.769813
v -1.710742 1.639666 -0.739113
v -1.743742 1.641665 -0.761813
v -1.740942 1.623566 -0.733113
v -1.700442 1.623166 -0.710513
v -1.679842 1.607666 -0.683613
v -1.727742 1.602166 -0.704013
v -1.703542 1.582566 -0.675213
v -1.649042 1.596866 -0.657313
v -1.667242 1.568366 -0.647113
v -1.629142 1.560165 -0.618413
v -1.614242 1.591866 -0.631513
v -1.581342 1.593565 -0.606613
v -1.596642 1.557065 -0.590613
v -1.567442 1.554965 -0.563213
v -1.550142 1.593966 -0.583313
v -1.521542 1.587265 -0.558813
v -1.492842 1.581366 -0.532713
v -1.539542 1.549965 -0.534013
v -1.510242 1.545365 -0.503813
v -1.457042 1.577765 -0.511213
v -1.416842 1.574865 -0.494513
v -1.474642 1.543066 -0.475613
v -1.434642 1.542265 -0.451413
v -1.376442 1.578765 -0.478213
v -1.394042 1.545765 -0.429613
v -1.341042 1.589766 -0.456513
v -1.355242 1.552765 -0.405513
v -1.764642 1.660866 -0.848813
v -1.763242 1.652265 -0.821113
v -1.766542 1.639565 -0.832713
v -1.767542 1.651465 -0.856413
v -1.763642 1.624865 -0.810313
v -1.761842 1.640165 -0.794613
v -1.761342 1.623966 -0.768713
v -1.759942 1.606865 -0.788613
v -1.756342 1.582466 -0.762013
v -1.758042 1.604365 -0.740413
v -1.718642 1.534165 -0.696713
v -1.718742 1.557065 -0.676013
v -1.745142 1.580266 -0.708413
v -1.746742 1.561466 -0.723313
v -1.745242 1.551365 -0.734113
v -1.733542 1.534565 -0.730113
v -1.746342 1.556365 -0.758813
v -1.739842 1.537966 -0.752813
v -1.632042 1.511266 -0.625913
v -1.635942 1.532365 -0.615213
v -1.678242 1.541565 -0.644913
v -1.674242 1.520266 -0.658713
v -1.600342 1.527565 -0.588313
v -1.571042 1.523965 -0.559513
v -1.595542 1.507066 -0.597513
v -1.565242 1.502965 -0.568213
v -1.544542 1.519166 -0.527913
v -1.517242 1.514966 -0.494013
v -1.538642 1.497566 -0.536213
v -1.511542 1.492065 -0.502413
v -1.438942 1.489265 -0.440913
v -1.443742 1.513666 -0.432513
v -1.483742 1.513165 -0.460513
v -1.478142 1.488666 -0.469213
v -1.568142 1.734066 -0.623813
v -1.575842 1.721166 -0.632113
v -1.547142 1.709466 -0.618013
v -1.540542 1.723566 -0.610313
v -1.521142 1.700066 -0.609313
v -1.515142 1.717465 -0.600913
v -1.562142 1.740166 -0.590513
v -1.563842 1.739666 -0.606513
v -1.541742 1.730366 -0.593913
v -1.548442 1.734466 -0.576713
v -1.521342 1.724066 -0.581513
v -1.531842 1.729465 -0.560913
v -1.502342 1.693366 -0.603213
v -1.495042 1.714965 -0.594713
v -1.486942 1.686865 -0.595613
v -1.478242 1.710966 -0.587313
v -1.504742 1.720265 -0.571313
v -1.518242 1.724666 -0.547013
v -1.490142 1.716866 -0.560913
v -1.506042 1.719565 -0.533213
v -1.551442 1.756366 -0.525713
v -1.541442 1.741066 -0.543413
v -1.527942 1.737366 -0.525913
v -1.537542 1.753366 -0.504113
v -1.515642 1.733866 -0.509713
v -1.523842 1.752565 -0.485913
v -1.470142 1.678465 -0.584913
v -1.463242 1.702466 -0.575613
v -1.450342 1.670866 -0.573513
v -1.448042 1.694665 -0.563213
v -1.478542 1.712466 -0.501213
v -1.489942 1.729266 -0.472613
v -1.502842 1.731165 -0.492113
v -1.492342 1.715966 -0.518113
v -1.510742 1.751966 -0.466613
v -1.497942 1.751766 -0.445813
v -1.475142 1.712466 -0.548413
v -1.460842 1.706965 -0.534713
v -1.425042 1.667066 -0.565213
v -1.428842 1.691066 -0.552113
v -1.396642 1.669665 -0.559913
v -1.407542 1.693466 -0.540813
v -1.369342 1.678566 -0.549713
v -1.389142 1.697465 -0.523013
v -1.343042 1.689065 -0.529413
v -1.369642 1.704266 -0.499513
v -1.445342 1.701566 -0.519913
v -1.464542 1.710666 -0.482713
v -1.429042 1.700565 -0.503813
v -1.450942 1.710865 -0.463413
v -1.477142 1.728765 -0.451313
v -1.484642 1.752866 -0.423513
v -1.464742 1.729866 -0.429713
v -1.472242 1.754466 -0.400713
v -1.414742 1.701566 -0.484513
v -1.439242 1.710065 -0.443313
v -1.398842 1.705165 -0.461313
v -1.425542 1.711066 -0.421513
v -1.453642 1.730865 -0.409113
v -1.461842 1.755666 -0.379013
v -1.440942 1.731966 -0.387513
v -1.449942 1.756966 -0.356813
v -1.378042 1.712366 -0.434013
v -1.407542 1.713866 -0.396513
v -1.345842 1.714665 -0.470213
v -1.320042 1.720665 -0.434913
v -1.354142 1.716765 -0.401213
v -1.385642 1.714466 -0.365913
v -1.424842 1.732666 -0.363213
v -1.433742 1.757966 -0.332513
v -1.404742 1.730266 -0.332713
v -1.413942 1.755166 -0.301313
v -1.378942 1.724165 -0.292713
v -1.388542 1.748665 -0.260213
v -1.359942 1.708665 -0.326413
v -1.332342 1.703866 -0.284813
v -1.348342 1.721966 -0.250413
v -1.356142 1.747965 -0.217613
v -1.279142 1.704865 -0.207813
v -1.291242 1.726366 -0.167413
v -1.320342 1.722365 -0.210113
v -1.306342 1.703065 -0.247313
v -1.327942 1.748365 -0.174513
v -1.297742 1.753665 -0.129313
v -1.258542 1.732565 -0.116813
v -1.266642 1.759265 -0.074613
v -1.246842 1.709866 -0.160413
v -1.210642 1.717566 -0.110913
v -1.221442 1.743966 -0.065713
v -1.229142 1.772166 -0.022713
v -1.729742 1.527666 -0.771713
v -1.717042 1.521266 -0.743513
v -1.696042 1.511365 -0.765013
v -1.708842 1.516866 -0.797813
v -1.676342 1.512866 -0.730613
v -1.695442 1.520165 -0.711413
v -1.661042 1.513165 -0.677213
v -1.645942 1.510365 -0.695913
v -1.613242 1.498365 -0.661713
v -1.623842 1.501565 -0.642413
v -1.589542 1.495766 -0.611213
v -1.581842 1.490066 -0.628913
v -1.551142 1.484566 -0.597213
v -1.558442 1.491466 -0.581113
v -1.529842 1.486266 -0.549813
v -1.520842 1.480165 -0.566213
v -1.488742 1.475865 -0.536213
v -1.500142 1.480966 -0.518213
v -1.542042 1.483166 -0.616413
v -1.511442 1.479065 -0.584713
v -1.505342 1.467465 -0.602513
v -1.533942 1.474865 -0.636413
v -1.475042 1.459466 -0.568713
v -1.478742 1.474465 -0.554413
v -1.572742 1.799866 -0.477813
v -1.564842 1.772265 -0.503213
v -1.551842 1.769566 -0.476513
v -1.561642 1.798666 -0.445613
v -1.535142 1.772466 -0.456613
v -1.541542 1.802266 -0.424313
v -1.521342 1.773365 -0.436513
v -1.528642 1.802166 -0.402413
v -1.509042 1.773066 -0.415113
v -1.517842 1.800566 -0.380313
v -1.493942 1.775365 -0.393513
v -1.499342 1.802966 -0.361013
v -1.480942 1.776566 -0.370713
v -1.485542 1.803865 -0.339313
v -1.471742 1.777066 -0.348413
v -1.478142 1.803966 -0.316513
v -1.459642 1.778766 -0.326013
v -1.465442 1.805166 -0.293313
v -1.441642 1.781266 -0.301413
v -1.443042 1.808666 -0.269113
v -1.420542 1.779665 -0.268813
v -1.421442 1.808266 -0.233913
v -1.393642 1.775765 -0.226413
v -1.391142 1.808365 -0.191713
v -1.361942 1.774566 -0.181213
v -1.360942 1.808465 -0.143413
v -1.333742 1.775166 -0.135013
v -1.328242 1.813365 -0.098513
v -1.299542 1.783865 -0.090713
v -1.291742 1.822566 -0.054913
v -1.264842 1.793066 -0.038213
v -1.252842 1.833665 -0.007513
v -1.228742 1.805366 0.012787
v -1.217742 1.845866 0.039387
v -1.612942 1.897066 -0.511713
v -1.630542 1.843865 -0.524313
v -1.597242 1.844265 -0.484213
v -1.577042 1.896366 -0.467113
v -1.595342 1.798965 -0.510613
v -1.622942 1.798866 -0.547813
v -1.568742 1.845566 -0.449913
v -1.544242 1.894966 -0.431113
v -1.557142 1.848065 -0.414513
v -1.527942 1.899665 -0.395613
v -1.537042 1.848866 -0.390313
v -1.510242 1.897866 -0.367913
v -1.523642 1.847466 -0.367013
v -1.498642 1.895366 -0.341913
v -1.514242 1.845066 -0.343413
v -1.491042 1.894065 -0.316513
v -1.493342 1.844066 -0.326813
v -1.473142 1.888865 -0.299013
v -1.478442 1.844165 -0.307313
v -1.457442 1.887765 -0.281913
v -1.469642 1.845866 -0.284913
v -1.445142 1.889565 -0.261013
v -1.457442 1.847365 -0.259513
v -1.432042 1.892665 -0.234613
v -1.430642 1.848866 -0.236013
v -1.404342 1.890466 -0.210313
v -1.408342 1.850565 -0.198913
v -1.377542 1.894065 -0.176113
v -1.375342 1.852965 -0.158113
v -1.343842 1.897965 -0.136213
v -1.345542 1.857265 -0.109013
v -1.310442 1.905365 -0.090613
v -1.307142 1.863666 -0.067213
v -1.272242 1.910866 -0.048113
v -1.274542 1.872566 -0.021013
v -1.242142 1.922066 -0.002313
v -1.565142 1.966866 -0.633013
v -1.633442 1.944265 -0.624913
v -1.603842 1.945966 -0.565513
v -1.535642 1.963166 -0.577113
v -1.655842 1.901666 -0.560313
v -1.683542 1.899665 -0.619713
v -1.563742 1.936965 -0.513813
v -1.501142 1.951066 -0.524913
v -1.528142 1.935266 -0.467213
v -1.468342 1.945466 -0.478613
v -1.496442 1.930265 -0.429013
v -1.440742 1.939566 -0.438313
v -1.478142 1.933765 -0.394013
v -1.423242 1.941465 -0.402713
v -1.463842 1.932466 -0.363813
v -1.410442 1.941966 -0.371913
v -1.452542 1.931265 -0.336513
v -1.398042 1.942466 -0.345213
v -1.442742 1.932166 -0.311113
v -1.385542 1.942165 -0.321613
v -1.429042 1.928966 -0.290813
v -1.372742 1.939365 -0.301013
v -1.414142 1.925665 -0.274013
v -1.359742 1.936865 -0.281413
v -1.400042 1.924166 -0.253913
v -1.346142 1.936366 -0.259913
v -1.384242 1.925166 -0.229113
v -1.329842 1.934966 -0.236113
v -1.360042 1.921566 -0.203413
v -1.309042 1.933065 -0.209813
v -1.332642 1.925266 -0.171313
v -1.282742 1.937565 -0.179413
v -1.299942 1.931866 -0.132413
v -1.249742 1.944665 -0.143313
v -1.265742 1.941465 -0.089313
v -1.214842 1.954266 -0.103113
v -1.231442 1.949565 -0.046013
v -1.183142 1.966166 -0.060713
v -1.201642 1.962165 -0.002713
v -1.155142 1.980566 -0.018113
v -1.705142 1.686665 -0.878013
v -1.676842 1.684765 -0.855913
v -1.667542 1.700466 -0.871913
v -1.696842 1.697565 -0.892313
v -1.649342 1.684865 -0.837713
v -1.634842 1.707466 -0.851113
v -1.612142 1.681965 -0.787713
v -1.613542 1.684366 -0.809113
v -1.598842 1.698766 -0.785813
v -1.597242 1.706066 -0.814213
v -1.595742 1.719865 -0.776813
v -1.607642 1.735966 -0.768613
v -1.606142 1.737266 -0.784913
v -1.594442 1.728065 -0.797913
v -1.618242 1.742765 -0.787313
v -1.611442 1.734665 -0.805713
v -1.630142 1.741166 -0.806913
v -1.634542 1.749365 -0.789313
v -1.625342 1.734065 -0.823013
v -1.607542 1.724366 -0.820713
v -1.628142 1.686265 -0.823413
v -1.614542 1.703666 -0.831313
v -1.626542 1.724666 -0.838813
v -1.612242 1.716565 -0.831713
v -1.723542 1.791366 -1.070613
v -1.739442 1.785066 -1.060513
v -1.727442 1.783865 -1.041013
v -1.707942 1.788666 -1.050213
v -1.742342 1.775865 -1.036813
v -1.751942 1.776065 -1.056513
v -1.733142 1.778265 -1.017013
v -1.716242 1.786265 -1.021513
v -1.693242 1.790766 -1.030013
v -1.707042 1.789465 -1.002013
v -1.680942 1.794465 -1.010313
v -1.725342 1.780965 -0.997013
v -1.718342 1.784066 -0.976613
v -1.699842 1.792765 -0.981813
v -1.671442 1.799065 -0.989313
v -1.708542 1.795365 -0.934813
v -1.692642 1.805466 -0.939213
v -1.695142 1.797865 -0.960213
v -1.712742 1.789065 -0.955413
v -1.666242 1.805965 -0.965613
v -1.664642 1.815565 -0.942713
v -1.690342 1.813166 -0.920513
v -1.663942 1.824865 -0.922713
v -1.704942 1.801865 -0.916313
v -1.698542 1.806265 -0.898913
v -1.684742 1.817165 -0.902613
v -1.660342 1.829465 -0.904113
v -1.568842 1.870466 -0.897313
v -1.619242 1.847666 -0.903713
v -1.613942 1.853866 -0.885613
v -1.564142 1.873865 -0.878013
v -1.654842 1.833765 -0.886813
v -1.655242 1.843465 -0.873613
v -1.613942 1.867266 -0.874213
v -1.563842 1.885365 -0.865613
v -1.684242 1.817066 -0.866713
v -1.674142 1.826965 -0.871213
v -1.677442 1.820465 -0.885613
v -1.690242 1.810165 -0.881813
v -1.750942 1.684865 -0.923813
v -1.737842 1.683465 -0.892813
v -1.727742 1.688265 -0.904713
v -1.745842 1.690666 -0.933513
v -1.723642 1.698766 -0.914113
v -1.744442 1.700466 -0.940013
v -1.760942 1.676966 -0.898413
v -1.757742 1.672965 -0.877113
v -1.748342 1.678766 -0.882713
v -1.757042 1.680965 -0.911013
v -1.759342 1.641965 -0.867913
v -1.754042 1.629465 -0.850813
v -1.740442 1.619766 -0.870613
v -1.747642 1.634665 -0.884013
v -1.732342 1.604266 -0.859013
v -1.747242 1.614265 -0.833813
v -1.740542 1.595765 -0.818713
v -1.724042 1.586666 -0.850613
v -1.735742 1.573965 -0.804713
v -1.713042 1.562765 -0.847513
v -1.733042 1.549665 -0.790513
v -1.713242 1.537065 -0.823613
v -1.765742 1.667866 -0.878213
v -1.766442 1.660466 -0.882013
v -1.767642 1.674965 -0.906813
v -1.764642 1.665066 -0.914213
v -1.759742 1.692766 -0.963213
v -1.770542 1.693066 -0.994313
v -1.769742 1.683765 -0.984313
v -1.762342 1.686265 -0.952213
v -1.758442 1.701665 -0.968913
v -1.770142 1.702665 -0.999113
v -1.766142 1.680766 -0.932413
v -1.765942 1.674466 -0.949213
v -1.761642 1.652665 -0.883413
v -1.754142 1.650465 -0.898513
v -1.730142 1.590266 -0.890813
v -1.724042 1.597966 -0.877813
v -1.729642 1.612465 -0.886513
v -1.733042 1.602866 -0.899013
v -1.734942 1.627365 -0.898913
v -1.736442 1.615466 -0.912013
v -1.742342 1.642866 -0.914713
v -1.741242 1.628365 -0.929513
v -1.752742 1.655265 -0.935213
v -1.750442 1.640766 -0.949013
v -1.761842 1.665465 -0.962713
v -1.763842 1.652766 -0.971213
v -1.769942 1.673866 -0.990713
v -1.778042 1.663865 -0.995513
v -1.779942 1.678865 -1.013113
v -1.794542 1.674965 -1.017913
v -1.782842 1.685366 -1.020313
v -1.810242 1.688765 -1.042113
v -1.784242 1.692366 -1.026113
v -1.804942 1.697565 -1.051913
v -1.784342 1.703266 -1.029513
v -1.800542 1.705865 -1.056313
v -1.823242 1.645865 -0.987813
v -1.799242 1.656365 -0.991213
v -1.814342 1.669365 -1.016213
v -1.834442 1.657365 -1.015913
v -1.829342 1.680265 -1.045913
v -1.842642 1.665666 -1.051313
v -1.799242 1.618865 -0.948813
v -1.772942 1.629365 -0.950413
v -1.785242 1.642665 -0.969513
v -1.811142 1.632766 -0.965913
v -1.780942 1.593066 -0.921913
v -1.757342 1.604765 -0.917713
v -1.763642 1.616665 -0.933213
v -1.789042 1.605465 -0.934613
v -1.749242 1.580165 -0.897813
v -1.752342 1.592265 -0.906313
v -1.775042 1.581965 -0.909713
v -1.771342 1.571165 -0.899013
v -1.788042 1.722966 -1.055113
v -1.794842 1.715365 -1.056313
v -1.781442 1.714065 -1.030713
v -1.776242 1.722666 -1.031213
v -1.767842 1.713265 -1.002313
v -1.763142 1.722165 -1.005013
v -1.764042 1.763165 -1.053613
v -1.753542 1.762365 -1.034013
v -1.762342 1.749865 -1.032013
v -1.774142 1.750565 -1.051913
v -1.751342 1.750666 -1.010613
v -1.743742 1.763765 -1.013613
v -1.780842 1.733466 -1.053413
v -1.783242 1.728365 -1.053213
v -1.772342 1.728866 -1.031313
v -1.769542 1.734465 -1.031113
v -1.759742 1.729065 -1.006413
v -1.757842 1.735365 -1.007213
v -1.778942 1.740765 -1.052313
v -1.767042 1.741065 -1.031113
v -1.755742 1.741966 -1.008513
v -1.756342 1.712265 -0.973713
v -1.743642 1.711565 -0.946113
v -1.742042 1.722365 -0.952013
v -1.752742 1.721966 -0.978213
v -1.734342 1.755566 -0.967613
v -1.728042 1.768865 -0.971913
v -1.735442 1.765766 -0.992913
v -1.742442 1.752466 -0.989113
v -1.749542 1.729666 -0.981513
v -1.740242 1.731465 -0.956713
v -1.737542 1.738865 -0.961013
v -1.747142 1.736465 -0.984013
v -1.745642 1.743366 -0.986313
v -1.736242 1.746166 -0.964313
v -1.726442 1.711465 -0.920513
v -1.704242 1.713066 -0.898513
v -1.715242 1.727665 -0.903113
v -1.729842 1.724465 -0.926613
v -1.721342 1.774065 -0.950313
v -1.727042 1.761165 -0.945513
v -1.721742 1.767966 -0.924013
v -1.716442 1.780665 -0.929413
v -1.731542 1.735365 -0.931813
v -1.722442 1.739766 -0.907813
v -1.721242 1.749966 -0.914813
v -1.728942 1.743966 -0.937513
v -1.727942 1.751766 -0.941813
v -1.721842 1.758466 -0.919713
v -1.713342 1.787365 -0.910513
v -1.708242 1.793065 -0.892613
v -1.718142 1.774365 -0.904413
v -1.713042 1.780065 -0.885713
v -1.681142 1.718465 -0.878113
v -1.661442 1.727365 -0.860013
v -1.687742 1.738565 -0.861213
v -1.700742 1.732565 -0.881413
v -1.712442 1.744565 -0.886113
v -1.701642 1.750366 -0.866513
v -1.704842 1.761065 -0.875113
v -1.713642 1.755465 -0.894113
v -1.716242 1.764366 -0.899613
v -1.709842 1.769865 -0.880713
v -1.700042 1.797665 -0.875113
v -1.692042 1.803066 -0.859713
v -1.704342 1.784766 -0.867513
v -1.693342 1.788865 -0.852513
v -1.650742 1.736266 -0.842813
v -1.647242 1.743165 -0.825213
v -1.665442 1.754166 -0.829913
v -1.675142 1.746365 -0.844813
v -1.699142 1.774765 -0.863013
v -1.686842 1.780065 -0.848313
v -1.690842 1.767166 -0.859313
v -1.677442 1.773466 -0.844813
v -1.685842 1.757565 -0.851913
v -1.672642 1.764465 -0.837813
v -1.670942 1.843966 -0.567913
v -1.659742 1.797766 -0.586113
v -1.701742 1.844965 -0.620013
v -1.690842 1.799066 -0.629613
v -1.604342 1.733466 -0.651113
v -1.597242 1.745865 -0.639513
v -1.630142 1.758165 -0.660713
v -1.627442 1.745265 -0.675013
v -1.642842 1.776065 -0.604713
v -1.609042 1.774866 -0.568813
v -1.674742 1.777165 -0.641813
v -1.630942 1.766766 -0.620313
v -1.660342 1.767466 -0.652213
v -1.594542 1.759866 -0.589613
v -1.557942 1.744465 -0.564813
v -1.574042 1.747665 -0.589413
v -1.569742 1.757966 -0.552613
v -1.609442 1.758865 -0.625413
v -1.586942 1.750266 -0.616613
v -1.648942 1.762666 -0.660113
v -1.628942 1.762966 -0.634713
v -1.583942 1.773365 -0.534213
v -1.719142 1.583365 -0.873013
v -1.729142 1.578765 -0.886013
v -1.722342 1.568665 -0.888913
v -1.711642 1.569365 -0.874413
v -1.748542 1.568766 -0.891513
v -1.741142 1.559065 -0.893513
v -1.768542 1.558765 -0.891213
v -1.758542 1.547066 -0.893713
v -1.768242 1.543365 -0.903413
v -1.783542 1.558865 -0.904513
v -1.778742 1.551566 -0.895613
v -1.775242 1.547366 -0.916813
v -1.787542 1.567766 -0.916313
v -1.784342 1.553666 -0.929613
v -1.793642 1.577665 -0.930013
v -1.794842 1.561965 -0.943313
v -1.802242 1.588866 -0.943713
v -1.806042 1.572165 -0.957913
v -1.812642 1.600965 -0.958413
v -1.817542 1.583566 -0.973813
v -1.824142 1.613665 -0.975413
v -1.829542 1.595866 -0.991613
v -1.835542 1.625965 -0.996613
v -1.840542 1.607965 -1.011913
v -1.845642 1.637165 -1.024113
v -1.848542 1.618865 -1.035413
v -1.852142 1.645965 -1.060113
v -1.850342 1.626165 -1.069413
v -1.827042 1.601565 -1.035613
v -1.838042 1.610465 -1.047113
v -1.833542 1.614866 -1.075113
v -1.806742 1.602265 -1.077013
v -1.770742 1.576965 -1.031313
v -1.800442 1.578666 -0.999213
v -1.813742 1.591065 -1.018313
v -1.786442 1.589566 -1.052413
v -1.740442 1.555965 -0.993513
v -1.774942 1.556065 -0.966013
v -1.787742 1.566265 -0.982013
v -1.755742 1.564566 -1.011813
v -1.762042 1.547965 -0.951413
v -1.750542 1.542965 -0.937213
v -1.725042 1.550866 -0.977013
v -1.711242 1.548265 -0.961713
v -1.700642 1.545865 -0.946613
v -1.691342 1.545765 -0.933413
v -1.733242 1.545165 -0.910813
v -1.741942 1.540565 -0.922413
v -1.720142 1.554665 -0.906813
v -1.705042 1.559865 -0.899913
v -1.681242 1.548066 -0.923613
v -1.671142 1.549166 -0.914613
v -1.694342 1.557465 -0.885913
v -1.662742 1.548965 -0.903313
v -1.654742 1.547265 -0.887113
v -1.688642 1.548466 -0.868713
v -1.684442 1.533265 -0.846713
v -1.646942 1.542265 -0.864313
v -1.639442 1.533666 -0.837313
v -1.677942 1.520965 -0.818113
v -1.668042 1.514465 -0.785213
v -1.632242 1.525966 -0.806413
v -1.621742 1.518566 -0.773713
v -1.653042 1.512666 -0.750513
v -1.628342 1.510665 -0.715813
v -1.603542 1.510566 -0.741413
v -1.585542 1.487666 -0.711713
v -1.600742 1.497965 -0.682713
v -1.571942 1.489265 -0.649313
v -1.563542 1.479566 -0.669913
v -1.579142 1.397866 -0.751213
v -1.578442 1.428465 -0.746213
v -1.597442 1.411965 -0.795013
v -1.606542 1.375765 -0.800113
v -1.596642 1.395266 -0.780313
v -1.619442 1.390365 -0.841513
v -1.586742 1.365566 -0.755313
v -1.574642 1.459365 -0.725413
v -1.561542 1.453866 -0.686413
v -1.556842 1.426666 -0.703713
v -1.525242 1.425665 -0.672813
v -1.533142 1.449565 -0.651813
v -1.504142 1.443366 -0.617213
v -1.494942 1.420966 -0.637413
v -1.467842 1.411866 -0.596313
v -1.473842 1.435666 -0.581113
v -1.439442 1.428865 -0.544513
v -1.440842 1.451965 -0.534813
v -1.435742 1.404466 -0.555013
v -1.402642 1.400065 -0.515213
v -1.405542 1.424665 -0.510213
v -1.405942 1.447765 -0.505513
v -1.373542 1.426666 -0.482713
v -1.373542 1.449666 -0.485713
v -1.337142 1.430965 -0.469113
v -1.370742 1.401666 -0.478913
v -1.331042 1.404565 -0.460913
v -1.341142 1.455266 -0.475013
v -1.414442 1.473566 -0.484413
v -1.426642 1.478166 -0.462013
v -1.464642 1.478065 -0.488313
v -1.451742 1.473366 -0.508313
v -1.441842 1.470166 -0.525913
v -1.405442 1.468465 -0.502413
v -1.374142 1.470466 -0.485613
v -1.381442 1.475965 -0.466013
v -1.345542 1.475165 -0.473113
v -1.352442 1.480266 -0.453313
v -1.401142 1.516366 -0.410013
v -1.397242 1.492966 -0.418513
v -1.351542 1.494266 -0.396013
v -1.358842 1.520666 -0.387113
v -1.389642 1.480666 -0.440813
v -1.357742 1.483366 -0.428313
v -1.326842 1.485466 -0.446313
v -1.335542 1.485466 -0.428413
v -1.301142 1.491166 -0.431513
v -1.320242 1.489166 -0.410713
v -1.309642 1.459765 -0.463813
v -1.317042 1.480165 -0.461813
v -1.284842 1.485065 -0.446213
v -1.275642 1.462165 -0.446813
v -1.552642 1.401566 -0.723113
v -1.551942 1.380566 -0.731213
v -1.515942 1.384166 -0.707113
v -1.518442 1.404866 -0.694513
v -1.586042 1.309966 -0.696213
v -1.574042 1.306866 -0.665513
v -1.570042 1.337265 -0.688913
v -1.588842 1.331565 -0.720513
v -1.541442 1.331366 -0.655713
v -1.548742 1.301866 -0.631913
v -1.532242 1.354866 -0.683713
v -1.561742 1.360566 -0.714913
v -1.550142 1.371866 -0.720413
v -1.523442 1.369366 -0.697913
v -1.482142 1.404366 -0.660413
v -1.475942 1.380866 -0.674313
v -1.455142 1.374666 -0.620713
v -1.458342 1.393566 -0.612513
v -1.492242 1.364166 -0.661713
v -1.466442 1.364066 -0.611213
v -1.503442 1.350666 -0.643513
v -1.478342 1.352166 -0.594613
v -1.516042 1.329165 -0.615713
v -1.493342 1.331265 -0.570013
v -1.523742 1.299766 -0.594813
v -1.501642 1.300866 -0.553013
v -1.429842 1.384466 -0.564413
v -1.427742 1.368666 -0.567813
v -1.397742 1.379166 -0.517413
v -1.392942 1.362566 -0.517813
v -1.436142 1.359265 -0.559613
v -1.400742 1.351265 -0.509413
v -1.450442 1.350666 -0.543913
v -1.415442 1.344066 -0.495413
v -1.467542 1.332466 -0.523413
v -1.431542 1.328765 -0.479613
v -1.477242 1.302366 -0.510613
v -1.439742 1.301866 -0.472213
v -1.584642 1.289865 -0.706913
v -1.571842 1.276865 -0.668013
v -1.571642 1.250366 -0.682713
v -1.581742 1.267665 -0.723313
v -1.543042 1.243865 -0.646613
v -1.545742 1.271666 -0.633513
v -1.519542 1.270966 -0.597213
v -1.512842 1.244465 -0.611913
v -1.488942 1.242166 -0.571313
v -1.498242 1.270666 -0.555913
v -1.474142 1.270865 -0.514813
v -1.465742 1.240066 -0.528213
v -1.434142 1.242566 -0.484713
v -1.438742 1.272965 -0.475913
v -1.393742 1.275566 -0.433613
v -1.392842 1.300766 -0.431913
v -1.391342 1.248566 -0.439713
v -1.350142 1.253265 -0.397013
v -1.351742 1.277165 -0.392513
v -1.350342 1.299766 -0.392913
v -1.416342 1.216666 -0.505813
v -1.378442 1.224465 -0.456613
v -1.357942 1.209666 -0.477513
v -1.390442 1.200866 -0.528613
v -1.326542 1.217465 -0.429813
v -1.341342 1.231666 -0.411313
v -1.625542 1.360665 -0.857213
v -1.629542 1.377866 -0.900713
v -1.654342 1.364766 -0.948313
v -1.645242 1.351365 -0.909613
v -1.629442 1.337865 -0.875813
v -1.636242 1.365365 -0.890013
v -1.607242 1.348266 -0.823013
v -1.610342 1.320866 -0.842913
v -1.588242 1.297066 -0.807013
v -1.590942 1.330865 -0.786413
v -1.586942 1.309566 -0.746813
v -1.582642 1.285366 -0.762513
v -1.578442 1.269566 -0.766513
v -1.575042 1.254066 -0.738713
v -1.579742 1.267665 -0.786113
v -1.572942 1.246965 -0.756013
v -1.563842 1.234866 -0.702713
v -1.560242 1.226366 -0.718713
v -1.532142 1.207866 -0.684813
v -1.536442 1.222466 -0.666513
v -1.502742 1.218465 -0.633913
v -1.492942 1.197366 -0.658013
v -1.446942 1.188365 -0.626013
v -1.471642 1.215665 -0.596913
v -1.445242 1.214166 -0.553413
v -1.418842 1.194166 -0.575313
v -1.687042 1.349265 -0.951613
v -1.665542 1.337265 -0.916413
v -1.686142 1.321966 -0.917813
v -1.710142 1.334566 -0.951313
v -1.664742 1.306265 -0.886713
v -1.647942 1.321566 -0.882513
v -1.627642 1.302565 -0.852113
v -1.644342 1.288465 -0.857813
v -1.626042 1.268666 -0.830613
v -1.606942 1.280265 -0.825713
v -1.653542 1.275765 -0.862113
v -1.674242 1.291665 -0.890813
v -1.679742 1.275666 -0.894413
v -1.659842 1.262266 -0.865313
v -1.638542 1.259365 -0.832113
v -1.645742 1.247065 -0.835113
v -1.596442 1.258466 -0.796813
v -1.616142 1.250565 -0.799313
v -1.606942 1.232865 -0.763213
v -1.587942 1.238666 -0.763113
v -1.629842 1.243266 -0.799913
v -1.620342 1.224766 -0.764113
v -1.636742 1.230765 -0.803713
v -1.626042 1.211266 -0.769813
v -1.570942 1.217165 -0.724813
v -1.589042 1.210366 -0.723213
v -1.559942 1.182166 -0.687413
v -1.542642 1.193366 -0.690413
v -1.579142 1.158165 -0.695413
v -1.571942 1.171366 -0.688313
v -1.602042 1.200866 -0.724213
v -1.607642 1.186965 -0.731813
v -1.501142 1.171065 -0.668113
v -1.519042 1.151266 -0.663613
v -1.473942 1.121766 -0.638313
v -1.458442 1.151065 -0.642813
v -1.497242 1.091166 -0.632213
v -1.487042 1.104465 -0.634013
v -1.532042 1.138065 -0.661613
v -1.541642 1.125465 -0.664213
v -1.843542 1.289666 -1.415013
v -1.833642 1.322966 -1.401413
v -1.849842 1.246565 -1.428013
v -1.854842 1.249266 -1.398613
v -1.848942 1.290066 -1.386913
v -1.840742 1.322065 -1.375513
v -1.809742 1.348966 -1.348013
v -1.809842 1.360966 -1.342413
v -1.805342 1.363265 -1.365913
v -1.806442 1.351766 -1.371313
v -1.798342 1.374565 -1.356813
v -1.802842 1.372265 -1.334513
v -1.817342 1.337865 -1.357613
v -1.811342 1.341765 -1.352413
v -1.808242 1.345466 -1.375513
v -1.813442 1.341865 -1.381113
v -1.822342 1.337366 -1.389713
v -1.827842 1.334666 -1.365313
v -1.809042 1.357766 -1.304713
v -1.801042 1.369165 -1.300413
v -1.810242 1.344865 -1.308413
v -1.809442 1.342366 -1.260413
v -1.806242 1.355666 -1.258713
v -1.796942 1.368165 -1.257913
v -1.819142 1.327765 -1.264313
v -1.812342 1.333465 -1.262013
v -1.811742 1.335765 -1.311513
v -1.818742 1.330366 -1.315313
v -1.830342 1.327966 -1.320813
v -1.846442 1.319665 -1.328313
v -1.845342 1.317066 -1.271813
v -1.830042 1.323965 -1.267613
v -1.800642 1.355265 -1.210313
v -1.790642 1.367365 -1.210613
v -1.802942 1.341765 -1.212313
v -1.796242 1.343565 -1.167913
v -1.792642 1.355465 -1.164413
v -1.781542 1.365166 -1.165013
v -1.715442 1.354666 -0.989313
v -1.733942 1.339665 -0.991013
v -1.689442 1.362465 -0.995613
v -1.721642 1.358065 -1.031413
v -1.741442 1.353266 -1.026813
v -1.755042 1.341266 -1.030113
v -1.783042 1.354865 -1.125813
v -1.770442 1.362465 -1.126913
v -1.789642 1.345365 -1.131413
v -1.781642 1.342666 -1.099713
v -1.771142 1.352965 -1.092213
v -1.757142 1.358866 -1.094213
v -1.804442 1.331166 -1.171513
v -1.799742 1.335666 -1.172413
v -1.805942 1.332765 -1.214113
v -1.813142 1.327765 -1.215613
v -1.794142 1.338665 -1.142313
v -1.793642 1.335266 -1.134613
v -1.822642 1.324066 -1.217213
v -1.833842 1.316565 -1.218713
v -1.816342 1.318265 -1.171113
v -1.810942 1.326465 -1.171313
v -1.795742 1.329666 -1.132813
v -1.796742 1.321865 -1.131213
v -1.784742 1.324965 -1.105213
v -1.782842 1.332466 -1.099213
v -1.758142 1.351665 -1.060513
v -1.770242 1.343165 -1.062913
v -1.742242 1.355865 -1.063513
v -1.855542 1.291865 -1.337413
v -1.860442 1.254665 -1.349213
v -1.857142 1.261165 -1.283913
v -1.853842 1.294165 -1.277713
v -1.839742 1.298665 -1.221413
v -1.835542 1.279166 -1.222913
v -1.809842 1.290265 -1.171313
v -1.816242 1.305066 -1.170713
v -1.820342 1.264665 -1.219913
v -1.796742 1.276965 -1.173813
v -1.843842 1.244465 -1.253313
v -1.826742 1.235765 -1.239713
v -1.804642 1.248465 -1.218713
v -1.784642 1.257766 -1.177513
v -1.759442 1.309666 -1.061513
v -1.756642 1.326065 -1.039813
v -1.772142 1.330366 -1.069913
v -1.775642 1.319866 -1.088113
v -1.791442 1.312065 -1.124613
v -1.781642 1.301165 -1.119313
v -1.698942 1.305965 -0.920013
v -1.704242 1.286166 -0.924013
v -1.721642 1.316366 -0.955413
v -1.729842 1.294165 -0.965713
v -1.754042 1.271565 -1.063813
v -1.756542 1.291965 -1.065313
v -1.772742 1.286765 -1.119413
v -1.768542 1.264465 -1.122013
v -1.739542 1.321966 -0.999013
v -1.742942 1.306665 -1.009713
v -1.746242 1.295065 -1.024613
v -1.742942 1.280365 -1.013013
v -1.439742 1.933065 -0.649513
v -1.495542 1.960065 -0.640313
v -1.471142 1.952166 -0.588913
v -1.422442 1.924166 -0.601513
v -1.445142 1.940065 -0.537613
v -1.404242 1.914165 -0.551413
v -1.419442 1.934165 -0.491713
v -1.384142 1.912866 -0.505713
v -1.397042 1.931965 -0.450713
v -1.365442 1.913966 -0.464513
v -1.349442 1.915766 -0.428613
v -1.380442 1.933866 -0.415113
v -1.367542 1.934566 -0.384313
v -1.336042 1.915266 -0.397613
v -1.354642 1.934465 -0.358213
v -1.323442 1.914165 -0.372013
v -1.341942 1.933365 -0.335313
v -1.311142 1.912566 -0.349713
v -1.329542 1.931166 -0.314213
v -1.298842 1.910766 -0.328613
v -1.316642 1.929265 -0.293613
v -1.285842 1.908666 -0.307513
v -1.302342 1.928465 -0.272013
v -1.271442 1.906665 -0.285313
v -1.285842 1.926566 -0.248513
v -1.254542 1.904166 -0.261813
v -1.264742 1.926466 -0.223013
v -1.232742 1.903165 -0.237413
v -1.237742 1.928266 -0.194913
v -1.205542 1.901065 -0.211113
v -1.203342 1.930766 -0.162613
v -1.171542 1.897766 -0.182613
v -1.167942 1.936466 -0.125413
v -1.125742 1.894765 -0.151013
v -1.073542 1.938166 -0.057013
v -1.098242 1.916165 -0.101213
v -1.137342 1.950066 -0.083513
v -1.111342 1.969265 -0.040313
v -1.076942 1.878066 -0.155213
v -1.059742 1.898066 -0.115413
v -1.025442 1.879566 -0.125013
v -1.042242 1.859665 -0.160613
v -1.038042 1.920065 -0.072213
v -1.006142 1.900065 -0.083313
v -1.365342 1.881366 -0.584813
v -1.379942 1.883265 -0.631813
v -1.397242 1.898965 -0.616413
v -1.384042 1.890666 -0.566413
v -1.407842 1.907966 -0.663113
v -1.389042 1.888266 -0.675613
v -1.327342 1.882865 -0.495413
v -1.346842 1.881765 -0.538613
v -1.366142 1.890066 -0.519513
v -1.347842 1.892066 -0.477013
v -1.292842 1.886365 -0.426113
v -1.309142 1.885066 -0.457513
v -1.331142 1.894166 -0.440013
v -1.316942 1.893466 -0.408413
v -1.266442 1.884766 -0.381513
v -1.278842 1.886466 -0.402013
v -1.303342 1.893765 -0.383913
v -1.290842 1.892665 -0.362613
v -1.243242 1.878866 -0.339213
v -1.255142 1.882165 -0.360713
v -1.278742 1.891066 -0.341813
v -1.265942 1.889066 -0.320413
v -1.212542 1.872466 -0.294413
v -1.229442 1.875366 -0.316613
v -1.251742 1.886166 -0.297813
v -1.234942 1.882366 -0.274313
v -1.213742 1.879166 -0.251213
v -1.191742 1.870666 -0.273813
v -1.188542 1.873966 -0.227813
v -1.166742 1.868865 -0.255113
v -1.121642 1.863466 -0.189313
v -1.109242 1.850565 -0.223413
v -1.138742 1.862465 -0.237113
v -1.157942 1.868465 -0.204913
v -1.085642 1.851766 -0.185513
v -1.078942 1.833665 -0.217713
v -1.056042 1.831565 -0.185613
v -1.052642 1.810966 -0.215213
v -1.361642 1.876165 -0.644913
v -1.371042 1.880666 -0.681313
v -1.345742 1.874266 -0.603813
v -1.325842 1.870366 -0.623513
v -1.345642 1.873266 -0.658313
v -1.357142 1.877466 -0.680513
v -1.324542 1.875065 -0.560913
v -1.301842 1.877265 -0.519413
v -1.274342 1.875266 -0.545913
v -1.300742 1.871166 -0.584713
v -1.280742 1.879266 -0.482713
v -1.262342 1.879466 -0.451913
v -1.228742 1.878466 -0.481513
v -1.249942 1.878166 -0.510913
v -1.247542 1.878066 -0.428813
v -1.235542 1.875065 -0.409113
v -1.200642 1.876066 -0.439713
v -1.212742 1.878166 -0.459313
v -1.290142 1.885766 -0.661313
v -1.320542 1.888165 -0.691313
v -1.331342 1.876266 -0.675713
v -1.305942 1.872965 -0.644213
v -1.353442 1.881866 -0.698913
v -1.347042 1.892066 -0.716313
v -1.276742 1.875865 -0.608413
v -1.247842 1.883066 -0.571713
v -1.227342 1.899466 -0.591713
v -1.257942 1.890366 -0.627413
v -1.197942 1.905566 -0.558413
v -1.220642 1.887966 -0.538113
v -1.196742 1.888165 -0.509613
v -1.170842 1.904866 -0.531013
v -1.335542 1.951166 -0.809913
v -1.365342 1.950866 -0.838913
v -1.371342 1.943665 -0.829113
v -1.342542 1.945866 -0.801013
v -1.307342 1.951766 -0.779613
v -1.316342 1.947966 -0.771113
v -1.276042 1.957166 -0.742713
v -1.287442 1.952566 -0.734113
v -1.256142 1.961366 -0.693913
v -1.243042 1.969165 -0.702613
v -1.208342 1.986566 -0.662513
v -1.223042 1.975965 -0.654413
v -1.188442 1.989866 -0.616613
v -1.174242 2.004466 -0.623513
v -1.139942 2.012365 -0.587713
v -1.153042 1.997265 -0.581513
v -1.118142 1.994766 -0.552713
v -1.106642 2.008066 -0.557713
v -1.078442 1.996066 -0.532913
v -1.089942 1.984965 -0.528613
v -1.066742 1.971066 -0.507413
v -1.054842 1.980165 -0.511613
v -1.034542 1.963166 -0.493113
v -1.046842 1.955766 -0.487813
v -1.029242 1.941165 -0.468713
v -1.016342 1.948066 -0.474913
v -0.998942 1.935366 -0.457013
v -0.981342 1.924265 -0.439413
v -1.012542 1.927866 -0.450513
v -0.995042 1.915865 -0.433413
v -0.956242 1.897166 -0.396513
v -0.942942 1.905566 -0.402713
v -0.962642 1.914865 -0.422013
v -0.975942 1.906266 -0.416213
v -0.921742 1.892665 -0.381013
v -0.899942 1.874666 -0.359913
v -0.935442 1.884265 -0.374313
v -0.913942 1.866566 -0.353813
v -0.878842 1.852365 -0.341213
v -0.893442 1.845665 -0.336113
v -0.872342 1.822266 -0.319813
v -0.857642 1.827765 -0.323713
v -1.334842 1.920866 -0.742913
v -1.307142 1.920365 -0.711113
v -1.298042 1.938166 -0.722713
v -1.326242 1.936366 -0.757613
v -1.276242 1.923066 -0.676413
v -1.267042 1.943666 -0.684813
v -1.283842 1.904965 -0.668813
v -1.251642 1.912365 -0.634213
v -1.244442 1.932866 -0.639813
v -1.220042 1.922165 -0.598413
v -1.212442 1.944265 -0.603113
v -1.201642 1.968465 -0.609513
v -1.234942 1.955766 -0.646613
v -1.187042 1.927465 -0.565813
v -1.179442 1.951166 -0.568413
v -1.156642 1.926566 -0.538913
v -1.146842 1.950366 -0.541013
v -1.132442 1.974266 -0.546613
v -1.167142 1.975965 -0.574413
v -1.105342 1.965665 -0.524213
v -1.122142 1.943265 -0.519213
v -1.103242 1.932665 -0.499313
v -1.084242 1.953666 -0.503313
v -1.066142 1.940166 -0.483013
v -1.049342 1.925665 -0.464113
v -1.086442 1.919966 -0.480213
v -1.070342 1.905866 -0.462513
v -1.036742 1.878965 -0.430813
v -1.015442 1.899266 -0.430413
v -1.032642 1.911466 -0.447313
v -1.054142 1.891766 -0.446613
v -0.996142 1.860065 -0.394613
v -0.976742 1.881966 -0.392013
v -0.996642 1.890466 -0.412213
v -1.017142 1.869066 -0.413813
v -0.953342 1.836165 -0.352013
v -0.933642 1.853365 -0.350113
v -0.955642 1.870165 -0.369713
v -0.974442 1.849666 -0.372513
v -1.364342 1.907266 -0.752913
v -1.385142 1.907266 -0.775013
v -1.399242 1.900166 -0.752313
v -1.341842 1.906466 -0.729413
v -1.369642 1.894065 -0.734213
v -1.357442 1.921065 -0.769913
v -1.380942 1.919266 -0.795613
v -1.350042 1.934966 -0.786813
v -1.376342 1.932065 -0.814213
v -1.314742 1.904665 -0.700713
v -1.622042 1.745965 -0.765413
v -1.637442 1.755266 -0.766413
v -1.623142 1.743165 -0.741913
v -1.641542 1.752466 -0.738813
v -1.618842 1.737966 -0.719313
v -1.633042 1.744066 -0.710913
v -1.660142 1.761365 -0.815213
v -1.647942 1.749165 -0.809713
v -1.649842 1.755365 -0.793113
v -1.660742 1.764766 -0.798113
v -1.654542 1.759166 -0.694913
v -1.669242 1.757465 -0.721413
v -1.655542 1.756465 -0.726213
v -1.642942 1.753866 -0.702613
v -1.675042 1.756966 -0.757913
v -1.668342 1.760466 -0.778213
v -1.653842 1.758265 -0.771413
v -1.659942 1.756366 -0.751713
v -1.665042 1.755966 -0.740013
v -1.676842 1.756366 -0.740613
v -1.665742 1.771265 -0.822113
v -1.669042 1.771865 -0.803613
v -1.677742 1.777565 -0.809213
v -1.672642 1.778865 -0.828013
v -1.667442 1.761266 -0.689313
v -1.681342 1.760066 -0.717813
v -1.680742 1.766466 -0.684613
v -1.692642 1.766265 -0.715313
v -1.696342 1.767766 -0.764313
v -1.688142 1.771466 -0.788213
v -1.678442 1.765666 -0.783513
v -1.686442 1.760965 -0.761713
v -1.687242 1.760066 -0.740813
v -1.697442 1.766866 -0.740913
v -1.694742 1.777165 -0.678613
v -1.707542 1.800566 -0.673713
v -1.704742 1.777465 -0.712813
v -1.714742 1.800766 -0.713013
v -1.699742 1.797066 -0.820613
v -1.692142 1.794065 -0.837313
v -1.683142 1.784766 -0.832213
v -1.688542 1.784565 -0.813613
v -1.716142 1.798466 -0.770913
v -1.709642 1.797766 -0.798013
v -1.698942 1.780765 -0.791813
v -1.706442 1.778666 -0.766413
v -1.717442 1.799766 -0.743913
v -1.707942 1.778165 -0.741213
v -1.696742 1.813966 -0.847013
v -1.688842 1.831965 -0.857113
v -1.706942 1.825065 -0.832613
v -1.686942 1.859166 -0.848113
v -1.665742 1.856165 -0.865713
v -1.679542 1.837865 -0.863913
v -1.710342 1.844366 -0.674213
v -1.718642 1.842966 -0.718413
v -1.691742 1.892466 -0.678213
v -1.702642 1.892466 -0.726113
v -1.690942 1.877066 -0.787113
v -1.694042 1.874765 -0.818513
v -1.715642 1.832866 -0.809313
v -1.719142 1.837066 -0.780113
v -1.720242 1.840166 -0.752013
v -1.698442 1.885365 -0.760313
v -1.624742 1.883766 -0.867713
v -1.639942 1.901765 -0.851513
v -1.583742 1.924265 -0.846513
v -1.574842 1.903665 -0.859813
v -1.593242 1.961766 -0.733613
v -1.658042 1.936366 -0.732213
v -1.648042 1.936666 -0.682813
v -1.583642 1.963466 -0.687113
v -1.647542 1.913365 -0.822713
v -1.588642 1.937166 -0.821013
v -1.644542 1.910265 -0.790513
v -1.588542 1.936665 -0.790813
v -1.653142 1.923866 -0.765813
v -1.592442 1.947966 -0.765313
v -1.511242 1.882965 -0.878913
v -1.516142 1.889265 -0.860913
v -1.476742 1.905965 -0.836713
v -1.454142 1.904965 -0.846913
v -1.524142 1.899566 -0.852313
v -1.498542 1.916865 -0.834913
v -1.462142 1.946365 -0.723613
v -1.523042 1.965866 -0.727913
v -1.512342 1.966666 -0.687613
v -1.451442 1.943265 -0.690313
v -1.540342 1.910365 -0.850213
v -1.534642 1.927065 -0.838813
v -1.449642 1.916665 -0.802513
v -1.425742 1.904866 -0.801013
v -1.481842 1.933465 -0.807913
v -1.473742 1.942366 -0.776813
v -1.436642 1.922066 -0.768713
v -1.411842 1.915066 -0.822913
v -1.407142 1.906465 -0.799713
v -1.416242 1.914865 -0.701513
v -1.425642 1.920866 -0.730413
v -1.394342 1.892566 -0.711513
v -1.470842 1.945966 -0.750113
v -1.438542 1.928165 -0.748013
v -1.373242 1.884866 -0.710813
v -1.527142 1.957265 -0.758613
v -1.528342 1.949965 -0.786113
v -1.530742 1.943565 -0.815413
v -1.411042 1.925266 -0.844613
v -1.452742 1.906566 -0.876013
v -1.406442 1.935066 -0.862213
v -1.447342 1.911765 -0.902913
v -1.429242 1.925166 -0.907313
v -1.399642 1.942366 -0.872813
v -1.702542 1.800065 -1.089913
v -1.683242 1.797865 -1.067413
v -1.662742 1.813465 -1.083513
v -1.682942 1.811766 -1.108613
v -1.665042 1.801266 -1.045713
v -1.642642 1.818965 -1.061013
v -1.647642 1.807065 -1.025713
v -1.621442 1.827365 -1.042513
v -1.632942 1.814566 -1.003213
v -1.595742 1.842565 -1.021813
v -1.624142 1.824665 -0.975213
v -1.583742 1.852566 -0.985413
v -1.620642 1.835165 -0.947213
v -1.565042 1.869265 -0.949013
v -1.620742 1.843165 -0.924013
v -1.569042 1.869265 -0.919613
v -1.506742 1.881865 -0.902213
v -1.501642 1.883265 -0.925013
v -1.548642 1.885866 -1.021113
v -1.567142 1.868366 -1.019513
v -1.550442 1.875265 -0.990313
v -1.529342 1.897965 -0.991613
v -1.525042 1.881266 -0.960713
v -1.499042 1.904265 -0.962013
v -1.496542 1.887666 -0.940613
v -1.470842 1.906365 -0.936313
v -1.456942 1.923665 -0.936913
v -1.486942 1.926666 -0.963513
v -1.515742 1.914266 -0.995513
v -1.536542 1.897166 -1.026113
v -1.877842 1.173565 -1.420113
v -1.865142 1.207866 -1.410713
v -1.862242 1.205766 -1.442213
v -1.878542 1.173066 -1.453813
v -1.867242 1.174466 -1.336813
v -1.869142 1.214265 -1.316313
v -1.869142 1.212466 -1.365313
v -1.875942 1.174065 -1.380213
v -1.855442 1.210565 -1.276613
v -1.846142 1.178066 -1.296513
v -1.818042 1.188966 -1.263413
v -1.828942 1.213166 -1.248813
v -1.799542 1.222065 -1.222913
v -1.792442 1.197465 -1.230613
v -1.777642 1.198366 -1.187113
v -1.781642 1.228166 -1.182013
v -1.768242 1.233466 -1.126013
v -1.768742 1.201065 -1.130213
v -1.759842 1.206365 -1.069113
v -1.754842 1.240566 -1.066213
v -1.744042 1.251165 -1.011213
v -1.743142 1.216865 -1.015313
v -1.719742 1.229065 -0.971813
v -1.729242 1.259265 -0.963713
v -1.703342 1.260765 -0.929713
v -1.695942 1.235465 -0.937713
v -1.678842 1.232965 -0.906413
v -1.681842 1.255065 -0.899513
v -1.666642 1.244366 -0.869513
v -1.654742 1.230366 -0.839813
v -1.667642 1.224066 -0.876713
v -1.658142 1.210765 -0.848013
v -1.644942 1.213866 -0.809613
v -1.632942 1.193965 -0.777113
v -1.648142 1.194166 -0.819013
v -1.635442 1.173965 -0.787813
v -1.614342 1.169665 -0.740913
v -1.617742 1.149866 -0.752713
v -1.587442 1.141466 -0.703713
v -1.593642 1.121366 -0.714713
v -1.551142 1.109665 -0.668213
v -1.505742 1.076466 -0.631913
v -1.559942 1.089166 -0.674713
v -1.513042 1.059666 -0.633713
v -1.760142 1.175266 -1.193113
v -1.753042 1.174965 -1.136813
v -1.719742 1.165766 -1.147013
v -1.727642 1.166066 -1.201913
v -1.712542 1.172265 -1.091313
v -1.742742 1.182665 -1.078113
v -1.724042 1.195665 -1.027513
v -1.697242 1.181665 -1.042913
v -1.678342 1.190366 -1.000913
v -1.702542 1.207965 -0.984813
v -1.682142 1.214465 -0.949013
v -1.659942 1.195266 -0.964113
v -1.644342 1.194265 -0.931313
v -1.666242 1.213066 -0.916913
v -1.632442 1.188265 -0.902513
v -1.654642 1.205965 -0.888013
v -1.644542 1.193866 -0.860613
v -1.621642 1.177366 -0.876413
v -1.634142 1.176666 -0.833713
v -1.620242 1.156665 -0.804913
v -1.610142 1.161065 -0.851913
v -1.594342 1.143765 -0.825613
v -1.602642 1.132865 -0.772513
v -1.578442 1.104966 -0.737113
v -1.573742 1.125965 -0.795013
v -1.546342 1.106565 -0.759813
v -1.544942 1.072966 -0.698113
v -1.503542 1.042565 -0.652913
v -1.511942 1.080466 -0.720013
v -1.473942 1.048766 -0.674113
v -1.385942 1.323165 -0.438213
v -1.344742 1.319665 -0.399313
v -1.335042 1.333665 -0.410413
v -1.373142 1.336865 -0.451213
v -1.311442 1.237465 -0.377413
v -1.318242 1.255866 -0.364813
v -1.301042 1.225565 -0.393013
v -1.286342 1.230666 -0.372713
v -1.287642 1.241266 -0.355813
v -1.292542 1.259066 -0.344513
v -1.304442 1.294866 -0.349413
v -1.320642 1.297565 -0.363913
v -1.321542 1.277266 -0.361313
v -1.298042 1.279466 -0.342713
v -1.357442 1.362066 -0.467613
v -1.360742 1.345965 -0.462113
v -1.326042 1.344865 -0.419513
v -1.313042 1.359365 -0.428413
v -1.280442 1.317565 -0.359113
v -1.305342 1.330865 -0.378113
v -1.315042 1.315266 -0.369013
v -1.293042 1.305466 -0.349113
v -1.253242 1.273265 -0.349913
v -1.262942 1.296765 -0.348813
v -1.278242 1.287966 -0.337013
v -1.269042 1.264666 -0.334813
v -1.254142 1.251966 -0.365713
v -1.265742 1.243465 -0.349013
v -1.271542 1.232965 -0.375313
v -1.263042 1.240166 -0.385113
v -1.386342 1.183966 -0.584413
v -1.360042 1.196765 -0.544413
v -1.405742 1.166565 -0.614713
v -1.374342 1.153265 -0.609513
v -1.356242 1.183065 -0.593713
v -1.331442 1.201166 -0.559513
v -1.419642 1.131366 -0.613913
v -1.383042 1.113266 -0.596613
v -1.430542 1.097966 -0.601213
v -1.389942 1.079465 -0.569613
v -1.449042 1.058866 -0.589513
v -1.440942 1.076166 -0.592913
v -1.399642 1.057866 -0.550313
v -1.408542 1.038666 -0.540813
v -1.454442 1.043466 -0.588213
v -1.414842 1.018365 -0.538613
v -1.458142 1.030965 -0.588013
v -1.419442 0.999666 -0.540713
v -1.435942 1.012566 -0.619813
v -1.457042 1.012566 -0.599713
v -1.403142 0.980165 -0.573513
v -1.417942 0.981766 -0.553313
v -1.354442 0.963866 -0.544513
v -1.358142 0.964365 -0.516913
v -1.386942 0.963366 -0.526813
v -1.377742 0.963766 -0.549513
v -1.367242 0.972666 -0.498113
v -1.390642 0.979465 -0.507413
v -1.383842 1.003665 -0.502613
v -1.373342 1.028565 -0.506813
v -1.352942 0.990265 -0.497013
v -1.340242 1.013765 -0.505613
v -1.339542 0.979966 -0.518013
v -1.328442 0.998966 -0.526813
v -1.336742 0.976766 -0.544913
v -1.327742 0.991066 -0.545713
v -1.332742 1.058065 -0.552713
v -1.356342 1.071465 -0.549313
v -1.363442 1.049766 -0.521413
v -1.332342 1.035265 -0.521713
v -1.371142 0.968465 -0.569313
v -1.354442 0.970366 -0.573113
v -1.385742 0.982666 -0.595813
v -1.362642 0.985266 -0.611813
v -1.322042 1.017166 -0.543313
v -1.320842 1.041265 -0.571313
v -1.324942 1.000566 -0.564313
v -1.323942 1.021266 -0.594913
v -1.336242 0.982965 -0.573013
v -1.338542 1.000566 -0.610213
v -1.316842 1.699766 -0.500313
v -1.297742 1.670666 -0.514713
v -1.275742 1.677065 -0.477513
v -1.291542 1.705865 -0.463413
v -1.328842 1.713066 -0.362213
v -1.297042 1.714265 -0.395513
v -1.275842 1.707665 -0.358413
v -1.304442 1.706265 -0.323213
v -1.236842 1.701866 -0.296013
v -1.258742 1.703966 -0.254613
v -1.282342 1.704266 -0.290013
v -1.257242 1.704566 -0.328413
v -1.283042 1.643065 -0.517413
v -1.264642 1.652266 -0.478913
v -1.292842 1.618865 -0.487513
v -1.275042 1.628965 -0.452313
v -1.273442 1.699865 -0.421713
v -1.260542 1.676966 -0.436013
v -1.243842 1.675866 -0.398013
v -1.255642 1.695065 -0.384113
v -1.238742 1.691666 -0.354113
v -1.225942 1.673666 -0.367413
v -1.205442 1.669866 -0.335413
v -1.217842 1.689566 -0.322913
v -1.254242 1.656065 -0.436713
v -1.243542 1.656365 -0.396413
v -1.263642 1.634766 -0.413613
v -1.249742 1.635665 -0.376113
v -1.314042 1.599865 -0.427813
v -1.291042 1.606565 -0.395113
v -1.320542 1.559465 -0.376413
v -1.289742 1.564566 -0.346713
v -1.227942 1.653865 -0.362913
v -1.203542 1.649466 -0.332713
v -1.233242 1.634265 -0.342113
v -1.206542 1.629665 -0.313913
v -1.318842 1.525966 -0.359313
v -1.283642 1.530566 -0.331013
v -1.310242 1.501666 -0.363213
v -1.275542 1.505266 -0.332813
v -1.271542 1.606966 -0.364013
v -1.250642 1.605465 -0.335213
v -1.263842 1.566066 -0.321813
v -1.240442 1.567366 -0.300013
v -1.228642 1.604966 -0.308313
v -1.201542 1.604566 -0.285213
v -1.216942 1.570466 -0.279413
v -1.189842 1.575066 -0.262013
v -1.290042 1.492866 -0.383413
v -1.257342 1.492566 -0.350813
v -1.267442 1.495165 -0.405213
v -1.236042 1.491566 -0.370213
v -1.255542 1.532866 -0.307213
v -1.231542 1.535565 -0.285913
v -1.248142 1.507465 -0.306313
v -1.224542 1.509665 -0.281613
v -1.207242 1.541466 -0.266613
v -1.179142 1.549766 -0.251813
v -1.198642 1.517466 -0.260913
v -1.168542 1.529665 -0.247813
v -1.247042 1.486366 -0.418313
v -1.220842 1.476866 -0.375813
v -1.237842 1.459765 -0.416013
v -1.209642 1.451365 -0.372813
v -1.233142 1.491266 -0.318813
v -1.214242 1.486765 -0.333413
v -1.193242 1.487165 -0.299713
v -1.211142 1.492666 -0.288513
v -1.185242 1.502366 -0.264213
v -1.154242 1.517766 -0.249913
v -1.168842 1.493966 -0.271313
v -1.138142 1.505666 -0.249913
v -1.202242 1.469366 -0.334313
v -1.180342 1.468666 -0.298013
v -1.188642 1.443965 -0.330913
v -1.166042 1.441266 -0.293313
v -1.154642 1.474666 -0.267213
v -1.125242 1.484365 -0.237513
v -1.139542 1.444965 -0.260013
v -1.108342 1.453465 -0.225813
v -1.840342 1.686965 -1.082613
v -1.848642 1.671865 -1.094113
v -1.830842 1.697765 -1.074913
v -1.840342 1.702266 -1.100613
v -1.846742 1.691465 -1.114313
v -1.851542 1.674866 -1.141613
v -1.834942 1.710565 -1.093913
v -1.822242 1.704666 -1.075213
v -1.814942 1.710666 -1.077613
v -1.828442 1.717265 -1.091213
v -1.847542 1.729666 -1.101613
v -1.854442 1.722266 -1.107413
v -1.846542 1.715765 -1.100913
v -1.839842 1.723366 -1.095513
v -1.852342 1.706866 -1.110413
v -1.861042 1.713466 -1.117513
v -1.806842 1.718366 -1.076213
v -1.797942 1.724666 -1.073213
v -1.805342 1.730465 -1.086513
v -1.818842 1.723765 -1.088813
v -1.791042 1.728065 -1.068413
v -1.790142 1.732066 -1.072413
v -1.830742 1.730165 -1.092113
v -1.821142 1.737666 -1.090113
v -1.831842 1.743966 -1.096213
v -1.839942 1.736465 -1.097913
v -1.791742 1.754465 -1.084913
v -1.798842 1.741465 -1.086013
v -1.788042 1.739965 -1.071813
v -1.783442 1.751965 -1.070013
v -1.811942 1.747365 -1.090113
v -1.802542 1.760265 -1.092013
v -1.812642 1.765265 -1.100313
v -1.822542 1.753265 -1.096813
v -1.772942 1.766365 -1.072113
v -1.781042 1.770366 -1.088213
v -1.760542 1.779866 -1.076213
v -1.769242 1.785365 -1.093813
v -1.869742 1.730265 -1.140913
v -1.874942 1.721166 -1.156713
v -1.873242 1.712165 -1.145113
v -1.866942 1.722065 -1.129013
v -1.877842 1.701065 -1.167313
v -1.878542 1.711265 -1.176913
v -1.873742 1.690465 -1.157513
v -1.867642 1.702765 -1.133713
v -1.857042 1.743366 -1.124413
v -1.863242 1.737366 -1.130613
v -1.859942 1.730065 -1.118813
v -1.853242 1.736765 -1.112713
v -1.845342 1.754566 -1.120313
v -1.851342 1.748665 -1.121113
v -1.846742 1.742865 -1.109213
v -1.839942 1.749865 -1.107713
v -1.838042 1.761765 -1.121613
v -1.831842 1.758565 -1.108513
v -1.822742 1.768966 -1.112813
v -1.830242 1.770165 -1.126113
v -1.870142 1.727265 -1.165313
v -1.873742 1.718766 -1.183713
v -1.865542 1.735065 -1.150413
v -1.858242 1.736765 -1.158113
v -1.862042 1.730366 -1.171613
v -1.865242 1.723565 -1.188513
v -1.860442 1.741365 -1.140813
v -1.855642 1.746665 -1.135113
v -1.850242 1.746065 -1.144313
v -1.854242 1.741866 -1.149313
v -1.851042 1.751165 -1.132213
v -1.845942 1.755465 -1.131613
v -1.841842 1.752866 -1.141713
v -1.846442 1.749565 -1.142013
v -1.839242 1.760866 -1.132913
v -1.835742 1.757165 -1.142613
v -1.832242 1.767665 -1.136813
v -1.829042 1.762765 -1.145813
v -1.826142 1.776165 -1.144413
v -1.822742 1.769966 -1.151913
v -1.823242 1.780465 -1.134513
v -1.819842 1.790965 -1.147013
v -1.822742 1.784665 -1.155613
v -1.817242 1.777766 -1.160913
v -1.820842 1.791565 -1.169913
v -1.813842 1.785766 -1.173413
v -1.821342 1.799065 -1.164113
v -1.825842 1.803666 -1.184613
v -1.822342 1.795865 -1.187613
v -1.814142 1.790565 -1.189813
v -1.827342 1.795065 -1.208213
v -1.818142 1.790165 -1.209513
v -1.833042 1.803165 -1.206713
v -1.839442 1.797366 -1.230013
v -1.832742 1.788765 -1.229713
v -1.822442 1.784366 -1.230213
v -1.834242 1.778466 -1.251213
v -1.823642 1.774866 -1.250613
v -1.841842 1.786065 -1.253113
v -1.842142 1.771165 -1.274413
v -1.834042 1.764865 -1.270713
v -1.823742 1.761966 -1.268813
v -1.832542 1.749465 -1.287413
v -1.833642 1.732365 -1.297613
v -1.826742 1.730465 -1.291413
v -1.823642 1.747265 -1.284013
v -1.841142 1.754665 -1.292613
v -1.840142 1.736765 -1.305913
v -1.839242 1.715966 -1.299713
v -1.847642 1.702966 -1.295313
v -1.843342 1.716865 -1.310513
v -1.852142 1.700265 -1.306013
v -1.841442 1.705565 -1.287213
v -1.833442 1.716365 -1.291613
v -1.863042 1.690065 -1.294413
v -1.857342 1.695465 -1.285513
v -1.874942 1.687365 -1.276713
v -1.867242 1.694765 -1.270613
v -1.850242 1.699565 -1.278713
v -1.858242 1.699265 -1.265613
v -1.874042 1.698865 -1.250013
v -1.863742 1.703365 -1.247213
v -1.882442 1.689566 -1.252613
v -1.883642 1.694566 -1.225513
v -1.876542 1.704265 -1.226313
v -1.866642 1.709765 -1.226513
v -1.866842 1.716365 -1.206813
v -1.875842 1.710765 -1.204013
v -1.881342 1.701866 -1.200013
v -1.803542 1.779866 -1.175613
v -1.791242 1.772965 -1.177213
v -1.798742 1.762266 -1.168613
v -1.808842 1.770366 -1.165113
v -1.802742 1.785866 -1.191413
v -1.789242 1.780665 -1.192913
v -1.806142 1.785766 -1.210513
v -1.810242 1.780465 -1.230413
v -1.796442 1.776165 -1.230513
v -1.792342 1.781165 -1.211613
v -1.811342 1.771565 -1.249813
v -1.797742 1.767765 -1.248613
v -1.811742 1.759665 -1.266713
v -1.798342 1.756966 -1.264513
v -1.812942 1.745665 -1.280213
v -1.817342 1.729966 -1.285313
v -1.805942 1.729165 -1.279813
v -1.800842 1.743565 -1.275913
v -1.824142 1.717565 -1.284113
v -1.831742 1.708065 -1.279313
v -1.819742 1.709266 -1.271713
v -1.812442 1.717565 -1.277513
v -1.839842 1.702966 -1.271513
v -1.847142 1.702566 -1.260013
v -1.834642 1.705265 -1.253513
v -1.827842 1.705265 -1.264013
v -1.840342 1.725066 -1.195113
v -1.840642 1.719965 -1.209213
v -1.854642 1.719066 -1.208513
v -1.853742 1.725165 -1.192113
v -1.840342 1.714566 -1.224313
v -1.854242 1.712766 -1.225813
v -1.851842 1.706365 -1.243813
v -1.838642 1.708866 -1.239713
v -1.777242 1.775865 -1.213113
v -1.774842 1.773866 -1.194413
v -1.781242 1.771766 -1.231113
v -1.763742 1.767266 -1.215513
v -1.766542 1.764665 -1.232013
v -1.762742 1.761966 -1.199213
v -1.782942 1.763765 -1.247913
v -1.769242 1.757666 -1.246413
v -1.784342 1.752965 -1.262313
v -1.771742 1.745965 -1.257113
v -1.788042 1.739365 -1.271113
v -1.793942 1.726166 -1.273213
v -1.782342 1.722865 -1.263913
v -1.776842 1.734065 -1.263713
v -1.794742 1.710366 -1.254013
v -1.788842 1.714765 -1.261013
v -1.800342 1.715966 -1.270113
v -1.807542 1.709365 -1.263513
v -1.815342 1.706766 -1.255613
v -1.821942 1.707665 -1.246113
v -1.807142 1.710366 -1.238913
v -1.802542 1.708866 -1.247313
v -1.824942 1.711165 -1.234513
v -1.810442 1.713166 -1.230013
v -1.825842 1.715765 -1.221913
v -1.809642 1.716666 -1.220513
v -1.847542 1.740166 -1.157513
v -1.850142 1.735765 -1.165413
v -1.844342 1.743565 -1.152913
v -1.839542 1.741266 -1.159113
v -1.839842 1.738165 -1.164113
v -1.840442 1.734166 -1.171713
v -1.765942 1.722765 -1.226713
v -1.789042 1.714065 -1.233213
v -1.794542 1.715065 -1.227813
v -1.790442 1.717565 -1.221813
v -1.763242 1.735566 -1.246113
v -1.769042 1.729165 -1.252613
v -1.772642 1.721566 -1.249413
v -1.840242 1.746265 -1.151313
v -1.834442 1.742165 -1.160013
v -1.835142 1.748865 -1.151413
v -1.827842 1.744265 -1.161013
v -1.758842 1.744465 -1.209213
v -1.758342 1.752665 -1.218913
v -1.758742 1.747665 -1.230513
v -1.761242 1.746265 -1.241313
v -1.779042 1.716165 -1.250013
v -1.781142 1.714365 -1.243013
v -1.789142 1.712466 -1.240113
v -1.825942 1.720265 -1.209513
v -1.810542 1.720065 -1.210813
v -1.826042 1.724666 -1.197513
v -1.809642 1.723666 -1.201413
v -1.794442 1.719565 -1.214813
v -1.789842 1.722365 -1.208813
v -1.769042 1.751466 -1.185113
v -1.764142 1.739466 -1.196713
v -1.775042 1.729266 -1.197613
v -1.786842 1.740365 -1.179713
v -1.852142 1.730666 -1.177313
v -1.840442 1.729765 -1.182213
v -1.830942 1.737865 -1.167813
v -1.828742 1.733565 -1.176113
v -1.821142 1.739265 -1.169713
v -1.815642 1.734065 -1.179113
v -1.811542 1.728365 -1.190113
v -1.827042 1.729065 -1.186113
v -1.829042 1.752565 -1.152313
v -1.820542 1.747365 -1.162013
v -1.822542 1.757265 -1.154713
v -1.813342 1.751265 -1.163113
v -1.807042 1.756065 -1.164713
v -1.815742 1.763065 -1.158913
v -1.810842 1.741866 -1.170613
v -1.801342 1.735465 -1.180913
v -1.802742 1.745265 -1.170413
v -1.799342 1.749966 -1.169113
v -1.789842 1.752766 -1.172013
v -1.778442 1.763965 -1.178413
v -1.793042 1.727466 -1.195113
v -1.858842 1.695765 -1.126413
v -1.865442 1.681965 -1.151113
v -1.882442 1.689465 -1.194513
v -1.887542 1.679466 -1.224613
v -1.880742 1.675966 -1.189113
v -1.888642 1.662065 -1.224113
v -1.887942 1.673766 -1.256113
v -1.889742 1.654565 -1.259913
v -1.880942 1.673665 -1.285013
v -1.883042 1.655566 -1.293613
v -1.868142 1.680665 -1.307613
v -1.870242 1.666366 -1.322313
v -1.855942 1.695665 -1.322113
v -1.855742 1.686466 -1.345913
v -1.846442 1.718766 -1.326513
v -1.845942 1.720866 -1.343813
v -1.847142 1.744865 -1.319113
v -1.851742 1.757366 -1.339113
v -1.841642 1.721765 -1.360013
v -1.848542 1.751366 -1.361313
v -1.846842 1.692865 -1.366613
v -1.849042 1.780166 -1.314613
v -1.846942 1.765665 -1.302813
v -1.844242 1.783565 -1.281413
v -1.842242 1.797766 -1.289313
v -1.841042 1.799566 -1.257513
v -1.836742 1.813765 -1.262413
v -1.837342 1.811466 -1.232013
v -1.831542 1.826065 -1.235013
v -1.830642 1.816165 -1.206513
v -1.823842 1.830265 -1.207313
v -1.821942 1.814365 -1.181313
v -1.813142 1.825365 -1.179813
v -1.813442 1.781365 -1.121613
v -1.801942 1.780465 -1.107913
v -1.792442 1.798766 -1.121513
v -1.809242 1.795065 -1.135413
v -1.791342 1.776565 -1.097713
v -1.779542 1.791366 -1.105813
v -1.813442 1.806665 -1.156413
v -1.802242 1.814365 -1.151313
v -1.749642 1.789966 -1.080913
v -1.759242 1.796265 -1.099313
v -1.736942 1.797766 -1.091613
v -1.749342 1.804665 -1.111113
v -1.761742 1.810165 -1.125913
v -1.769242 1.801266 -1.113413
v -1.779542 1.808765 -1.129413
v -1.772042 1.814465 -1.136713
v -1.721142 1.806166 -1.112913
v -1.739742 1.815366 -1.132913
v -1.705742 1.816766 -1.133713
v -1.730042 1.826665 -1.154813
v -1.758042 1.821966 -1.148413
v -1.775042 1.824265 -1.156513
v -1.754042 1.832765 -1.171813
v -1.780242 1.836865 -1.188813
v -1.789242 1.820665 -1.154713
v -1.799542 1.832665 -1.183513
v -1.811742 1.839465 -1.210913
v -1.798242 1.844665 -1.216313
v -1.810242 1.842565 -1.243213
v -1.820942 1.834865 -1.239213
v -1.827542 1.823165 -1.267813
v -1.820142 1.833765 -1.272013
v -1.831142 1.823465 -1.301413
v -1.835642 1.809965 -1.296613
v -1.846942 1.796465 -1.325913
v -1.851042 1.782065 -1.350413
v -1.837542 1.812166 -1.331213
v -1.851042 1.771066 -1.364813
v -1.824842 1.836865 -1.301113
v -1.825942 1.828565 -1.326113
v -1.813342 1.846866 -1.311713
v -1.817042 1.848165 -1.296913
v -1.816542 1.847765 -1.272913
v -1.809742 1.859665 -1.276913
v -1.804942 1.856366 -1.244813
v -1.795142 1.876366 -1.244513
v -1.798942 1.867365 -1.288813
v -1.781442 1.888465 -1.262613
v -1.767742 1.844865 -1.205213
v -1.756842 1.859065 -1.208313
v -1.780042 1.870565 -1.218713
v -1.788642 1.854566 -1.221613
v -1.760342 1.909665 -1.239713
v -1.770842 1.900765 -1.223513
v -1.748242 1.921465 -1.209313
v -1.740642 1.928666 -1.222813
v -1.719742 1.952566 -1.218113
v -1.727942 1.943466 -1.214813
v -1.728242 1.942865 -1.204513
v -1.715342 1.957365 -1.218613
v -1.740242 1.905465 -1.197913
v -1.720042 1.931466 -1.193313
v -1.709942 1.915766 -1.197713
v -1.720842 1.888265 -1.202713
v -1.762742 1.887065 -1.207513
v -1.740942 1.873165 -1.205013
v -1.698842 1.915565 -1.203813
v -1.704942 1.905365 -1.202713
v -1.706542 1.889965 -1.205713
v -1.696142 1.923866 -1.203513
v -1.698942 1.877166 -1.202813
v -1.707442 1.872166 -1.199613
v -1.691742 1.871166 -1.182713
v -1.685942 1.877665 -1.187513
v -1.576142 1.902165 -1.043513
v -1.564242 1.887865 -1.042113
v -1.555142 1.898365 -1.051113
v -1.572742 1.916265 -1.052013
v -1.594442 1.925765 -1.057513
v -1.585242 1.934765 -1.059813
v -1.588842 1.938465 -1.070513
v -1.596542 1.926165 -1.064213
v -1.596242 1.934565 -1.080313
v -1.602042 1.922965 -1.072513
v -1.588142 1.920266 -1.046213
v -1.589942 1.898866 -1.037213
v -1.599942 1.913465 -1.049713
v -1.609342 1.890365 -1.040713
v -1.581342 1.878365 -1.034713
v -1.601142 1.866166 -1.036413
v -1.604042 1.910466 -1.056613
v -1.608342 1.908165 -1.064913
v -1.614342 1.896366 -1.060713
v -1.613242 1.894165 -1.052813
v -1.641942 1.856766 -1.067213
v -1.640042 1.840165 -1.065313
v -1.621242 1.852665 -1.047213
v -1.626142 1.870766 -1.051013
v -1.611042 1.916066 -1.083413
v -1.606942 1.927465 -1.092713
v -1.619642 1.917466 -1.107813
v -1.622542 1.906566 -1.097313
v -1.633742 1.877066 -1.078613
v -1.638342 1.867065 -1.072413
v -1.624942 1.879665 -1.058713
v -1.622242 1.887565 -1.066213
v -1.616642 1.901165 -1.074613
v -1.627542 1.891565 -1.087313
v -1.651542 1.885265 -1.135413
v -1.635742 1.895965 -1.114513
v -1.633442 1.905965 -1.125013
v -1.649542 1.894465 -1.144613
v -1.669742 1.837965 -1.115413
v -1.673142 1.825065 -1.115613
v -1.657142 1.830865 -1.088313
v -1.656642 1.845566 -1.088913
v -1.668342 1.884365 -1.167113
v -1.671442 1.876066 -1.160013
v -1.744942 1.840566 -1.186513
v -1.732942 1.850066 -1.194013
v -1.719642 1.834865 -1.167313
v -1.705542 1.845365 -1.170913
v -1.661242 1.858565 -1.120313
v -1.665042 1.848366 -1.114813
v -1.651942 1.856265 -1.092213
v -1.646442 1.867165 -1.097113
v -1.686142 1.836766 -1.143613
v -1.694242 1.826365 -1.143913
v -1.678042 1.844766 -1.136613
v -1.680142 1.851965 -1.146413
v -1.719842 1.862565 -1.196813
v -1.699642 1.860365 -1.178213
v -1.655942 1.871965 -1.127313
v -1.676642 1.863865 -1.153713
v -1.640342 1.881666 -1.105013
v -1.852442 1.651666 -1.106413
v -1.845642 1.632565 -1.115713
v -1.846942 1.652366 -1.154013
v -1.841342 1.633466 -1.162913
v -1.830142 1.619666 -1.119113
v -1.809342 1.608365 -1.128913
v -1.827742 1.619066 -1.164813
v -1.813042 1.611165 -1.160213
v -1.856742 1.657065 -1.190013
v -1.872342 1.664366 -1.186413
v -1.879342 1.646565 -1.225213
v -1.864242 1.635566 -1.228013
v -1.880942 1.635965 -1.263013
v -1.866242 1.620965 -1.264513
v -1.877242 1.634766 -1.300113
v -1.863442 1.615566 -1.302413
v -1.853642 1.661765 -1.362213
v -1.866542 1.646165 -1.336013
v -1.853542 1.624065 -1.342213
v -1.847142 1.673165 -1.374313
v -1.848642 1.641665 -1.194713
v -1.839042 1.625366 -1.198913
v -1.850842 1.625065 -1.229913
v -1.834342 1.615566 -1.229013
v -1.821142 1.613665 -1.197613
v -1.800542 1.607365 -1.185213
v -1.810842 1.609265 -1.223313
v -1.783342 1.605165 -1.210713
v -1.848442 1.612465 -1.263413
v -1.826642 1.607766 -1.258213
v -1.842742 1.604566 -1.298113
v -1.816742 1.603266 -1.287513
v -1.805942 1.601965 -1.317313
v -1.833542 1.604966 -1.335813
v -1.782442 1.601265 -1.156613
v -1.754942 1.599366 -1.189313
v -1.727342 1.591165 -1.163013
v -1.765242 1.592765 -1.122913
v -1.745942 1.584065 -1.094913
v -1.702342 1.583566 -1.135213
v -1.679142 1.578666 -1.106513
v -1.726042 1.576965 -1.069513
v -1.707842 1.569866 -1.045313
v -1.690642 1.564266 -1.023113
v -1.657742 1.575965 -1.078313
v -1.638242 1.575665 -1.052013
v -1.624242 1.562365 -0.945913
v -1.617042 1.563365 -0.934413
v -1.633242 1.561066 -0.957513
v -1.573542 1.583765 -0.979913
v -1.564442 1.586465 -0.967213
v -1.558242 1.587965 -0.953813
v -1.610542 1.563966 -0.920313
v -1.604142 1.563465 -0.903013
v -1.552442 1.587366 -0.937713
v -1.546142 1.582965 -0.920713
v -1.498042 1.598565 -0.959613
v -1.490542 1.589566 -0.946513
v -1.505742 1.602466 -0.973513
v -1.533542 1.559565 -0.888113
v -1.589942 1.548066 -0.860213
v -1.596842 1.559065 -0.882613
v -1.539342 1.573366 -0.904913
v -1.483142 1.577865 -0.935113
v -1.475842 1.564065 -0.922313
v -1.585342 1.535066 -0.833613
v -1.529842 1.543166 -0.866513
v -1.525042 1.526865 -0.843113
v -1.578842 1.523265 -0.804613
v -1.468642 1.547766 -0.905613
v -1.460742 1.530465 -0.887713
v -1.567242 1.508666 -0.778413
v -1.516642 1.510166 -0.822813
v -1.508742 1.491065 -0.810313
v -1.558742 1.487465 -0.765113
v -1.674242 1.561665 -1.003513
v -1.659042 1.560766 -0.986213
v -1.620842 1.575866 -1.029213
v -1.604342 1.577065 -1.009913
v -1.645042 1.560366 -0.970913
v -1.587742 1.579965 -0.993813
v -1.513342 1.601565 -0.986313
v -1.523442 1.598065 -0.999113
v -1.617942 1.576166 -1.105813
v -1.594942 1.580865 -1.077613
v -1.643542 1.575265 -1.136113
v -1.575042 1.583665 -1.053413
v -1.556842 1.587066 -1.032613
v -1.538742 1.592366 -1.014513
v -1.732542 1.599666 -1.214413
v -1.698942 1.590365 -1.192813
v -1.767342 1.604666 -1.232413
v -1.754142 1.604566 -1.251513
v -1.719342 1.601265 -1.234213
v -1.799042 1.606465 -1.247613
v -1.787042 1.604865 -1.270713
v -1.775842 1.604365 -1.293513
v -1.745342 1.605065 -1.269313
v -1.719242 1.603665 -1.251013
v -1.669942 1.580665 -1.166113
v -1.769342 1.371765 -1.314313
v -1.786642 1.374065 -1.324513
v -1.784742 1.372265 -1.295513
v -1.766942 1.371665 -1.290413
v -1.779642 1.373566 -1.258313
v -1.760942 1.373465 -1.258913
v -1.773142 1.373065 -1.214513
v -1.764342 1.370265 -1.171113
v -1.746142 1.371265 -1.179613
v -1.754342 1.373566 -1.219613
v -1.752942 1.366765 -1.134913
v -1.739242 1.362865 -1.103613
v -1.721042 1.363466 -1.116313
v -1.734942 1.367465 -1.145613
v -1.723542 1.360266 -1.075013
v -1.698942 1.361366 -1.045513
v -1.704842 1.360065 -1.090013
v -1.677842 1.358765 -1.063513
v -1.783042 1.377965 -1.343613
v -1.766142 1.373765 -1.330313
v -1.743042 1.347365 -1.308213
v -1.752942 1.362165 -1.320013
v -1.755342 1.365166 -1.306013
v -1.746842 1.355765 -1.299813
v -1.752342 1.366065 -1.285813
v -1.742042 1.353266 -1.284313
v -1.746042 1.365965 -1.258813
v -1.734642 1.350766 -1.259813
v -1.719142 1.349465 -1.194513
v -1.727042 1.350466 -1.228213
v -1.739542 1.365065 -1.223813
v -1.731842 1.362666 -1.187113
v -1.695542 1.345665 -1.137613
v -1.708542 1.348065 -1.164413
v -1.721242 1.359265 -1.155213
v -1.707342 1.356565 -1.127413
v -1.679042 1.344265 -1.114213
v -1.691342 1.352765 -1.102513
v -1.664142 1.352166 -1.078813
v -1.653042 1.345866 -1.093413
v -1.731742 1.335666 -1.289213
v -1.719242 1.332166 -1.264813
v -1.684042 1.330265 -1.212813
v -1.690342 1.327765 -1.240513
v -1.710842 1.333266 -1.234613
v -1.703242 1.335765 -1.203013
v -1.675942 1.328666 -1.240813
v -1.667542 1.330066 -1.222513
v -1.663042 1.332866 -1.163413
v -1.675142 1.331466 -1.186813
v -1.693042 1.337665 -1.174513
v -1.680642 1.336865 -1.148913
v -1.656842 1.331466 -1.202713
v -1.643642 1.333866 -1.182613
v -1.664042 1.338166 -1.127413
v -1.646842 1.336165 -1.143413
v -1.640242 1.342265 -1.108813
v -1.625442 1.342165 -1.125813
v -1.627442 1.338665 -1.163813
v -1.607642 1.345365 -1.145113
v -1.582542 1.348266 -1.125313
v -1.597142 1.347065 -1.109013
v -1.574942 1.348565 -1.097913
v -1.558742 1.348366 -1.104913
v -1.606242 1.347966 -1.091913
v -1.570642 1.349865 -1.081713
v -1.612542 1.350766 -1.073613
v -1.568442 1.352466 -1.060913
v -1.542942 1.348565 -1.084313
v -1.531542 1.349265 -1.062513
v -1.618842 1.355165 -1.054113
v -1.567342 1.355965 -1.037513
v -1.631842 1.360165 -1.033613
v -1.571342 1.362666 -1.000013
v -1.658542 1.364866 -1.012313
v -1.619442 1.370165 -0.971813
v -1.521142 1.351066 -1.038713
v -1.509142 1.356366 -1.008513
v -1.598842 1.383165 -0.920913
v -1.587442 1.405265 -0.869313
v -1.540042 1.404866 -0.897613
v -1.551942 1.380765 -0.945013
v -1.492842 1.370766 -0.968413
v -1.475442 1.393865 -0.928913
v -1.574342 1.429165 -0.824813
v -1.561742 1.446566 -0.790513
v -1.512542 1.446065 -0.828513
v -1.525442 1.426465 -0.858113
v -1.556542 1.466166 -0.769913
v -1.505842 1.467565 -0.811013
v -1.458242 1.417765 -0.896513
v -1.443042 1.439165 -0.870413
v -1.450942 1.513065 -0.871913
v -1.440942 1.493465 -0.859513
v -1.435042 1.465465 -0.855413
v -1.364942 1.380365 -0.471713
v -1.322842 1.381266 -0.447913
v -1.300242 1.433365 -0.463213
v -1.262242 1.432765 -0.448613
v -1.290142 1.403165 -0.464913
v -1.248542 1.400365 -0.454813
v -1.222842 1.426866 -0.415413
v -1.194042 1.415865 -0.369613
v -1.213642 1.389666 -0.415713
v -1.185842 1.376666 -0.367213
v -1.171342 1.407566 -0.328213
v -1.147942 1.403466 -0.291113
v -1.161442 1.367365 -0.326213
v -1.136142 1.361366 -0.289413
v -1.121642 1.403865 -0.255613
v -1.089842 1.410466 -0.215613
v -1.108942 1.358066 -0.251513
v -1.075942 1.361765 -0.207413
v -1.295342 1.338965 -0.392913
v -1.271742 1.321365 -0.381013
v -1.266642 1.317366 -0.414513
v -1.282942 1.338665 -0.418913
v -1.257542 1.299766 -0.373213
v -1.250942 1.277766 -0.376113
v -1.254042 1.279265 -0.402813
v -1.257342 1.296465 -0.406913
v -1.284242 1.376066 -0.462613
v -1.243442 1.370865 -0.462413
v -1.277642 1.351066 -0.458513
v -1.242042 1.344366 -0.476813
v -1.213442 1.357965 -0.423313
v -1.217942 1.329065 -0.436513
v -1.194142 1.314666 -0.383013
v -1.186742 1.344265 -0.372913
v -1.160642 1.332866 -0.330113
v -1.164942 1.301365 -0.337813
v -1.133642 1.323366 -0.290313
v -1.136042 1.288365 -0.294613
v -1.104642 1.315366 -0.249413
v -1.070642 1.315465 -0.205113
v -1.105642 1.276165 -0.250913
v -1.068042 1.272565 -0.213213
v -0.987842 1.185766 -0.201313
v -1.025142 1.215065 -0.217413
v -1.022342 1.168766 -0.258413
v -0.987642 1.140066 -0.243813
v -0.974442 1.253066 -0.155313
v -1.025142 1.269566 -0.180713
v -1.062942 1.230666 -0.240713
v -1.057042 1.188365 -0.278613
v -1.100042 1.242465 -0.268813
v -1.091242 1.204766 -0.303213
v -1.135042 1.255266 -0.305413
v -1.126142 1.221066 -0.331413
v -1.165642 1.269966 -0.350413
v -1.160442 1.234365 -0.374713
v -1.195342 1.285066 -0.399013
v -1.190442 1.251466 -0.425113
v -1.284642 1.226665 -0.408713
v -1.269642 1.240166 -0.413013
v -1.303742 1.217165 -0.449713
v -1.281742 1.240566 -0.464613
v -1.256042 1.257066 -0.396013
v -1.261142 1.264766 -0.427813
v -1.330042 1.204966 -0.496313
v -1.262942 1.282866 -0.451013
v -1.264042 1.305166 -0.463413
v -1.274242 1.263465 -0.499113
v -1.255142 1.286965 -0.525913
v -1.267542 1.327966 -0.460913
v -1.243642 1.320365 -0.493113
v -1.219542 1.301666 -0.455313
v -1.217342 1.271766 -0.482613
v -1.288342 1.237366 -0.543213
v -1.272642 1.249966 -0.569613
v -1.306142 1.219965 -0.517613
v -1.310142 1.211066 -0.580013
v -1.291942 1.224266 -0.603913
v -1.351942 1.146266 -0.618413
v -1.356942 1.100466 -0.593813
v -1.342242 1.091966 -0.597713
v -1.329642 1.145066 -0.637413
v -1.333642 1.183966 -0.608013
v -1.313842 1.192366 -0.628713
v -1.325642 1.077866 -0.613413
v -1.325042 1.118666 -0.662513
v -1.328542 1.056466 -0.638913
v -1.335142 1.098065 -0.687213
v -1.348042 1.035466 -0.659713
v -1.359142 1.080466 -0.709413
v -1.378442 1.017665 -0.666213
v -1.399942 1.067966 -0.731313
v -1.409842 1.014666 -0.645113
v -1.440542 1.054865 -0.699713
v -1.476342 1.087366 -0.745613
v -1.510842 1.111566 -0.785013
v -1.442242 1.095066 -0.778113
v -1.475342 1.115965 -0.814113
v -1.520542 1.139965 -0.872813
v -1.500842 1.130165 -0.845713
v -1.537942 1.128265 -0.819213
v -1.558842 1.140865 -0.848313
v -1.575442 1.151465 -0.873013
v -1.589042 1.160766 -0.896113
v -1.549442 1.153865 -0.916513
v -1.536142 1.147866 -0.894913
v -1.601242 1.167665 -0.921413
v -1.562242 1.158066 -0.941513
v -1.613842 1.171965 -0.949913
v -1.575742 1.160665 -0.970413
v -1.629242 1.172766 -0.983113
v -1.591442 1.162166 -1.003613
v -1.646042 1.170465 -1.019913
v -1.608142 1.163666 -1.040013
v -1.662242 1.170165 -1.061313
v -1.624542 1.168765 -1.078713
v -1.674242 1.171865 -1.107513
v -1.635342 1.180166 -1.120113
v -1.221842 1.229566 -0.634813
v -1.233242 1.254566 -0.573213
v -1.255842 1.250065 -0.593613
v -1.265742 1.238066 -0.629813
v -1.160942 1.170166 -0.520213
v -1.176442 1.210266 -0.466713
v -1.202542 1.238066 -0.525213
v -1.184142 1.200166 -0.574513
v -1.102742 1.134665 -0.437413
v -1.112242 1.177866 -0.380213
v -1.145642 1.191666 -0.417713
v -1.133242 1.150666 -0.475513
v -1.038642 1.105566 -0.374513
v -1.048642 1.146466 -0.324613
v -1.081142 1.162566 -0.350213
v -1.071742 1.119266 -0.403713
v -1.014542 1.128466 -0.303513
v -0.979342 1.104966 -0.286913
v -1.003642 1.091465 -0.350913
v -0.966842 1.074066 -0.331813
v -1.311742 1.180665 -0.687413
v -1.294942 1.201365 -0.730313
v -1.259742 1.221266 -0.695213
v -1.290742 1.214066 -0.660313
v -1.323642 1.156166 -0.711013
v -1.316542 1.180665 -0.752313
v -1.338142 1.138065 -0.731713
v -1.334342 1.165465 -0.768713
v -1.360542 1.123866 -0.752913
v -1.354742 1.154366 -0.787413
v -1.388442 1.118266 -0.776813
v -1.377542 1.152265 -0.807613
v -1.416842 1.124065 -0.807313
v -1.399042 1.154466 -0.831313
v -1.443042 1.134365 -0.839213
v -1.418542 1.159865 -0.856313
v -1.464242 1.144865 -0.866813
v -1.434842 1.167565 -0.880913
v -1.481542 1.154065 -0.891113
v -1.448842 1.172766 -0.905213
v -1.474442 1.174265 -0.951113
v -1.461742 1.174665 -0.928013
v -1.496242 1.161065 -0.912413
v -1.509742 1.165366 -0.934413
v -1.502642 1.169065 -1.004113
v -1.487442 1.172366 -0.976213
v -1.523442 1.167265 -0.959713
v -1.538242 1.165366 -0.988413
v -1.543142 1.166066 -1.068313
v -1.521742 1.165465 -1.035413
v -1.555142 1.163365 -1.020813
v -1.573242 1.163566 -1.055313
v -1.581242 1.173466 -1.122913
v -1.565142 1.168065 -1.100813
v -1.591642 1.167466 -1.090513
v -1.603442 1.178366 -1.124813
v -1.574242 1.177765 -1.141313
v -1.546342 1.168065 -1.114213
v -1.518942 1.164565 -1.081513
v -1.434442 1.165865 -0.971913
v -1.448742 1.172665 -0.965013
v -1.457542 1.168665 -0.989413
v -1.433342 1.159965 -0.991413
v -1.469842 1.166466 -1.017013
v -1.491842 1.165165 -1.048313
v -1.407642 1.166265 -0.936313
v -1.424542 1.175065 -0.920713
v -1.437442 1.174765 -0.942613
v -1.422242 1.165965 -0.957513
v -1.411742 1.159766 -0.976213
v -1.392442 1.162065 -0.952913
v -1.377942 1.155965 -0.893213
v -1.396742 1.162866 -0.875413
v -1.410942 1.170966 -0.897913
v -1.392942 1.162465 -0.914613
v -1.374342 1.160466 -0.931013
v -1.357042 1.154965 -0.910213
v -1.344442 1.144366 -0.851413
v -1.362242 1.151865 -0.832213
v -1.380642 1.156365 -0.853613
v -1.362042 1.149665 -0.872313
v -1.339942 1.147365 -0.890413
v -1.321842 1.140466 -0.870513
v -1.341342 1.152066 -0.811113
v -1.324242 1.141065 -0.829513
v -1.302942 1.142065 -0.809513
v -1.319842 1.160066 -0.792813
v -1.301942 1.134866 -0.850013
v -1.281842 1.130566 -0.830013
v -1.260642 1.147166 -0.771213
v -1.275142 1.180466 -0.755813
v -1.299542 1.170266 -0.777513
v -1.283042 1.144565 -0.792213
v -1.243242 1.122965 -0.791513
v -1.263342 1.126865 -0.812113
v -1.198942 1.142365 -0.702613
v -1.203442 1.185865 -0.673113
v -1.240742 1.189666 -0.719813
v -1.231042 1.149166 -0.740513
v -1.218342 1.118366 -0.764313
v -1.189442 1.109866 -0.732313
v -1.173442 1.158766 -0.620513
v -1.168342 1.120865 -0.660513
v -1.136942 1.105366 -0.616613
v -1.149242 1.134466 -0.572013
v -1.154742 1.098666 -0.694013
v -1.118642 1.089166 -0.652813
v -1.120842 1.115466 -0.529213
v -1.105042 1.090466 -0.575513
v -1.073442 1.074466 -0.538213
v -1.090442 1.098966 -0.491113
v -1.084442 1.075565 -0.614213
v -1.051942 1.058966 -0.578513
v -1.059042 1.083866 -0.456713
v -1.041842 1.058465 -0.503813
v -1.009742 1.042866 -0.472113
v -1.026442 1.069566 -0.425713
v -1.020342 1.041366 -0.545013
v -0.988442 1.024566 -0.513513
v -0.992042 1.055866 -0.398713
v -0.976542 1.027766 -0.443813
v -0.941942 1.010665 -0.420413
v -0.955642 1.040865 -0.376613
v -0.955342 1.009265 -0.484813
v -0.921142 0.992266 -0.461113
v -1.029142 1.323865 -0.164313
v -1.031642 1.377866 -0.161113
v -0.983442 1.330565 -0.130813
v -0.974042 1.399166 -0.119513
v -0.955242 1.331466 -0.104613
v -0.936442 1.369666 -0.090113
v -0.944742 1.278965 -0.114313
v -0.921442 1.313665 -0.085413
v -0.834842 1.805466 -0.303213
v -0.849642 1.798565 -0.301213
v -0.824742 1.774266 -0.277413
v -0.809442 1.784666 -0.277313
v -0.683242 1.649566 -0.147113
v -0.659942 1.610065 -0.118713
v -0.647242 1.619266 -0.127413
v -0.669442 1.657866 -0.152913
v -0.633042 1.568766 -0.096813
v -0.648442 1.556766 -0.086113
v -0.921342 1.455966 -0.098313
v -0.900542 1.410965 -0.078513
v -0.862442 1.447566 -0.075013
v -0.874642 1.498365 -0.097913
v -0.892842 1.350865 -0.065713
v -0.861442 1.384565 -0.056113
v -0.827642 1.475565 -0.079413
v -0.837842 1.524966 -0.109913
v -0.830942 1.412166 -0.053513
v -0.801542 1.435266 -0.055213
v -0.794842 1.498266 -0.087713
v -0.805942 1.545365 -0.123413
v -0.765342 1.517566 -0.096813
v -0.779142 1.563866 -0.133913
v -0.772742 1.456366 -0.059213
v -0.743942 1.477365 -0.064313
v -0.739842 1.536766 -0.102813
v -0.756342 1.582866 -0.139213
v -0.716342 1.557765 -0.105613
v -0.735742 1.603065 -0.140313
v -0.715042 1.499365 -0.070213
v -0.689642 1.520465 -0.074913
v -0.694342 1.579465 -0.107213
v -0.717042 1.621866 -0.140713
v -0.675542 1.597166 -0.111413
v -0.699542 1.637365 -0.143013
v -0.667442 1.540165 -0.079413
v -0.705642 1.694665 -0.185513
v -0.719942 1.683966 -0.182513
v -0.745442 1.728866 -0.219513
v -0.760042 1.716566 -0.218713
v -0.824942 1.654565 -0.223313
v -0.865342 1.685066 -0.265913
v -0.880242 1.668265 -0.251813
v -0.842742 1.637966 -0.213513
v -0.915442 1.693466 -0.275813
v -0.909142 1.717465 -0.294413
v -0.930942 1.674665 -0.259313
v -0.900842 1.649966 -0.235013
v -0.866342 1.619666 -0.198813
v -0.779942 1.759565 -0.248913
v -0.795642 1.747265 -0.249613
v -0.843142 1.759466 -0.285013
v -0.812942 1.732466 -0.256313
v -0.830442 1.716365 -0.264513
v -0.863442 1.743666 -0.293113
v -0.791942 1.686965 -0.225013
v -0.775742 1.702466 -0.221413
v -0.735642 1.670966 -0.181213
v -0.752042 1.655866 -0.181113
v -0.883442 1.729966 -0.296313
v -0.848042 1.700965 -0.268413
v -0.808342 1.671065 -0.226213
v -0.832442 1.584666 -0.160013
v -0.806942 1.603266 -0.172413
v -0.786742 1.621166 -0.179113
v -0.769042 1.639066 -0.181013
v -1.026042 1.488565 -0.156013
v -1.068842 1.465765 -0.187513
v -1.046742 1.425365 -0.167913
v -0.998542 1.453365 -0.135413
v -0.946442 1.709266 -0.273513
v -0.956242 1.691566 -0.260513
v -0.948842 1.727965 -0.283513
v -0.969042 1.722166 -0.254513
v -0.973942 1.740566 -0.260913
v -0.974442 1.704465 -0.245913
v -1.174042 1.666565 -0.297013
v -1.168442 1.645966 -0.300613
v -1.130942 1.644566 -0.264313
v -1.132842 1.664165 -0.254413
v -1.169342 1.625666 -0.289013
v -1.128342 1.627066 -0.260913
v -1.187342 1.690366 -0.282513
v -1.209842 1.699466 -0.252113
v -1.158242 1.691966 -0.239413
v -1.180242 1.700866 -0.206313
v -1.229542 1.704465 -0.209113
v -1.196942 1.707066 -0.161213
v -1.162942 1.714365 -0.119113
v -1.171542 1.728765 -0.065613
v -1.152242 1.708466 -0.167513
v -1.126742 1.719165 -0.136513
v -1.133742 1.726265 -0.091513
v -1.128442 1.744465 -0.027113
v -1.133342 1.697366 -0.200413
v -1.107242 1.683465 -0.216513
v -1.085942 1.699066 -0.182713
v -1.109542 1.708365 -0.166013
v -1.072442 1.681566 -0.221013
v -1.059542 1.699865 -0.191413
v -1.079642 1.664366 -0.243713
v -1.034542 1.672865 -0.241413
v -1.036642 1.688766 -0.220913
v -1.033742 1.706766 -0.195613
v -1.012642 1.718666 -0.199913
v -1.007142 1.701665 -0.222313
v -0.988342 1.718565 -0.225613
v -1.000042 1.734265 -0.204913
v -0.997842 1.686366 -0.240613
v -0.992842 1.755765 -0.236913
v -0.984842 1.736666 -0.231213
v -1.000742 1.750366 -0.209913
v -1.011942 1.767365 -0.213013
v -1.034442 1.805866 -0.185813
v -1.030642 1.787365 -0.213813
v -1.018442 1.830565 -0.162013
v -1.007542 1.799166 -0.162513
v -1.020442 1.781765 -0.187213
v -1.013342 1.764366 -0.189113
v -1.007842 1.775666 -0.167013
v -1.009642 1.760166 -0.171813
v -1.009742 1.749666 -0.187013
v -1.073042 1.529565 -0.206113
v -1.104842 1.515766 -0.227213
v -1.089042 1.495265 -0.207713
v -1.051642 1.512765 -0.183113
v -0.948842 1.497066 -0.118613
v -0.982842 1.527266 -0.145613
v -0.902442 1.538866 -0.125213
v -0.944342 1.575665 -0.162413
v -0.864542 1.564166 -0.143413
v -0.899442 1.599266 -0.181013
v -1.024142 1.567865 -0.193313
v -1.043042 1.550266 -0.195413
v -1.015842 1.541865 -0.173213
v -0.995642 1.572165 -0.180013
v -0.933242 1.629566 -0.217813
v -0.972442 1.609566 -0.204013
v -0.963342 1.653366 -0.243813
v -1.012842 1.631465 -0.235913
v -1.077842 1.647265 -0.252213
v -1.026442 1.655466 -0.249313
v -1.075542 1.628866 -0.247513
v -0.984142 1.671865 -0.249413
v -1.166242 1.605666 -0.265813
v -1.125242 1.607766 -0.250213
v -1.156342 1.581766 -0.248913
v -1.120442 1.587666 -0.240613
v -1.146242 1.560066 -0.241413
v -1.115042 1.570065 -0.234913
v -1.134742 1.542466 -0.239213
v -1.103042 1.555665 -0.231213
v -1.119742 1.529965 -0.238213
v -1.089242 1.542866 -0.222413
v -1.086642 1.591266 -0.234513
v -1.091942 1.577365 -0.232113
v -1.077542 1.570466 -0.226113
v -1.058142 1.587965 -0.225013
v -1.062242 1.560666 -0.213413
v -1.035942 1.578966 -0.207613
v -1.006542 1.593966 -0.202313
v -1.038042 1.606766 -0.226413
v -1.080142 1.609866 -0.239513
v -1.234842 1.881266 0.020887
v -1.207842 1.929066 0.038087
v -1.201742 1.892266 0.063687
v -1.179442 1.940666 0.078487
v -1.173642 1.972365 0.037187
v -1.131642 1.995865 0.021987
v -1.149142 1.987566 0.075787
v -1.111142 2.017365 0.060287
v -1.034142 1.998966 0.025187
v -1.052242 1.964665 -0.014813
v -1.090042 1.991566 -0.000113
v -1.072142 2.019666 0.038787
v -0.970342 1.963565 0.009987
v -0.986942 1.928066 -0.037213
v -1.017942 1.947065 -0.028013
v -1.000842 1.981366 0.015787
v -1.009442 1.754566 -0.160613
v -1.013142 1.745466 -0.145713
v -1.026042 1.724966 -0.171213
v -1.014242 1.736166 -0.180213
v -1.041242 1.730465 -0.117113
v -1.064242 1.713366 -0.150313
v -1.043042 1.716065 -0.161913
v -1.023542 1.735365 -0.131313
v -0.979842 1.814065 -0.082313
v -0.994842 1.807365 -0.129513
v -1.001342 1.845965 -0.127713
v -0.982942 1.863666 -0.085013
v -1.000842 1.777666 -0.142013
v -0.997942 1.772766 -0.117513
v -0.936442 1.901966 0.032787
v -0.955642 1.857565 -0.022413
v -0.963242 1.894065 -0.035313
v -0.945942 1.934266 0.016887
v -1.086542 1.720566 -0.135213
v -1.105242 1.729365 -0.113813
v -1.062942 1.735466 -0.103313
v -1.084542 1.742765 -0.084113
v -1.002042 1.761966 -0.097613
v -1.015842 1.753466 -0.080413
v -0.980342 1.794966 -0.057013
v -0.990742 1.782465 -0.038413
v -0.957742 1.832965 -0.005813
v -0.967942 1.817266 0.011587
v -0.937842 1.876865 0.049287
v -0.949542 1.859066 0.064587
v -1.115242 1.734166 -0.085213
v -1.102342 1.745265 -0.053813
v -1.036342 1.755466 -0.066713
v -1.010542 1.781466 -0.024713
v -1.058942 1.762065 -0.048513
v -1.032842 1.786866 -0.007413
v -0.971842 1.853866 0.072987
v -0.988942 1.814365 0.023187
v -1.011142 1.816566 0.038987
v -0.993242 1.852866 0.085887
v -1.155442 1.812866 0.061387
v -1.160342 1.848566 0.083887
v -1.191242 1.824165 0.050387
v -1.189742 1.791165 0.021087
v -1.186542 1.860665 0.075887
v -1.166242 1.871866 0.096887
v -1.181642 1.758666 -0.019013
v -1.144442 1.777766 0.023787
v -1.079242 1.764565 -0.016313
v -1.097842 1.771865 0.024587
v -1.053042 1.789566 0.025187
v -1.072342 1.798866 0.065587
v -1.030142 1.817565 0.069487
v -1.050642 1.831166 0.104387
v -1.011342 1.855065 0.111587
v -1.031342 1.872665 0.137787
v -1.170642 1.906566 0.098387
v -1.147642 1.955066 0.113687
v -1.151142 1.907765 0.122487
v -1.125142 1.967765 0.151687
v -1.115242 1.801466 0.064087
v -1.129042 1.840566 0.097687
v -1.091642 1.829766 0.101687
v -1.106542 1.873365 0.128587
v -1.137242 1.882165 0.116787
v -1.115742 1.920365 0.144087
v -1.070442 1.863865 0.134987
v -1.084642 1.909766 0.153587
v -1.049742 1.905365 0.160487
v -1.062342 1.947865 0.173687
v -1.091942 1.956066 0.163987
v -1.091942 2.002466 0.173387
v -1.067742 1.989366 0.182187
v -1.067742 2.030665 0.193087
v -1.122042 2.006266 0.113387
v -1.090442 2.044266 0.099287
v -1.102742 2.032566 0.148487
v -1.072442 2.074066 0.134787
v -1.055742 2.054165 0.078987
v -1.040142 2.087466 0.117687
v -1.007842 2.080766 0.103687
v -1.019842 2.041666 0.064487
v -1.080542 2.055366 0.174787
v -1.055142 2.096866 0.164887
v -1.059642 2.078566 0.198487
v -1.037342 2.116365 0.192287
v -0.988342 2.024166 0.057787
v -0.978742 2.065366 0.097087
v -0.951742 2.047966 0.095787
v -0.959142 2.006366 0.054887
v -1.011942 2.132165 0.179187
v -1.025842 2.112566 0.150387
v -0.985742 2.130365 0.166687
v -0.996442 2.109265 0.137787
v -0.935542 1.980865 0.065587
v -0.931542 2.025166 0.108987
v -0.923142 2.000966 0.128787
v -0.925942 1.952665 0.084287
v -0.942242 2.105865 0.160387
v -0.946442 2.080366 0.130487
v -0.970042 2.096866 0.130587
v -0.962142 2.121265 0.159187
v -0.936142 1.959966 0.158387
v -0.937742 1.909366 0.115487
v -0.927042 1.928666 0.101287
v -0.925342 1.979266 0.146087
v -0.971442 1.932665 0.154087
v -0.979142 1.898066 0.128187
v -0.959642 1.901266 0.119487
v -0.955642 1.946765 0.158587
v -0.925042 2.068866 0.190387
v -0.923642 2.038866 0.162887
v -0.930042 2.059966 0.143787
v -0.929542 2.087565 0.172787
v -0.995942 1.904665 0.146587
v -1.013542 1.924066 0.164387
v -0.981042 1.951665 0.171187
v -0.995642 1.971866 0.185487
v -0.927342 2.019166 0.181187
v -0.931542 2.050966 0.209087
v -0.957942 2.034565 0.217687
v -0.942942 1.999866 0.191287
v -0.963142 1.981165 0.185387
v -0.976542 2.003566 0.201087
v -1.029242 1.951866 0.179787
v -1.040042 1.985866 0.190787
v -1.009442 1.990866 0.196187
v -1.016342 2.015865 0.207187
v -1.044042 2.021466 0.201287
v -1.043742 2.058365 0.215687
v -1.018642 2.046666 0.219887
v -1.016942 2.079966 0.236187
v -0.991042 2.012765 0.207287
v -0.988842 2.032765 0.218687
v -0.987942 2.060066 0.234087
v -0.986542 2.090466 0.250787
v -0.958142 2.068466 0.238987
v -0.958342 2.096066 0.256787
v -0.934942 2.078566 0.231887
v -0.927042 2.093465 0.215187
v -0.930042 2.115066 0.236987
v -0.937642 2.103365 0.251287
v -0.941442 2.126565 0.267387
v -0.959042 2.121866 0.271987
v -0.934542 2.135265 0.255287
v -0.938842 2.147965 0.266387
v -0.947342 2.146666 0.278387
v -0.961042 2.139165 0.279687
v -0.929742 2.109866 0.199587
v -0.939542 2.125966 0.188287
v -0.931442 2.128866 0.223687
v -0.939242 2.142665 0.213587
v -0.955942 2.139366 0.185287
v -0.953642 2.153766 0.209087
v -0.975742 2.146766 0.191787
v -0.969542 2.156765 0.208187
v -0.983442 2.120965 0.266387
v -0.975742 2.148265 0.274787
v -0.992142 2.155166 0.250787
v -1.011642 2.117465 0.250887
v -1.037542 2.101866 0.225787
v -1.017442 2.136266 0.220787
v -0.996642 2.149765 0.205987
v -0.980042 2.162966 0.224887
v -0.959242 2.166566 0.231687
v -0.964942 2.170566 0.254287
v -0.948142 2.166666 0.249587
v -0.942942 2.157866 0.235887
v -0.958642 2.164666 0.275687
v -0.942142 2.160166 0.260987
v -0.935742 2.146466 0.244287
v -1.179542 1.887365 -0.487313
v -1.168142 1.884565 -0.466013
v -1.135542 1.890466 -0.488613
v -1.151642 1.900065 -0.509413
v -1.135442 1.921165 -0.516513
v -1.118742 1.912066 -0.496913
v -1.102842 1.900465 -0.479213
v -1.087742 1.887966 -0.462213
v -1.115042 1.882666 -0.478013
v -1.102242 1.870066 -0.463213
v -1.225142 1.871066 -0.388613
v -1.214342 1.866665 -0.366913
v -1.183242 1.865366 -0.395613
v -1.191842 1.871265 -0.418113
v -1.163042 1.876165 -0.441913
v -1.159342 1.865366 -0.417413
v -1.140542 1.862366 -0.435813
v -1.141042 1.876066 -0.459413
v -1.125742 1.873966 -0.465813
v -1.121142 1.861666 -0.451113
v -1.201142 1.863165 -0.344413
v -1.184742 1.861266 -0.322513
v -1.156242 1.857466 -0.351513
v -1.171542 1.860566 -0.373113
v -1.072542 1.874566 -0.446113
v -1.089142 1.856865 -0.446813
v -1.074042 1.843966 -0.429913
v -1.055742 1.861666 -0.430413
v -1.151242 1.855266 -0.394713
v -1.138942 1.846166 -0.373213
v -1.122942 1.837366 -0.392913
v -1.134142 1.849966 -0.413613
v -1.112442 1.848065 -0.433713
v -1.100042 1.833966 -0.415413
v -1.164942 1.860466 -0.302613
v -1.137542 1.853665 -0.331613
v -1.141042 1.858866 -0.284213
v -1.118042 1.843165 -0.312013
v -1.035842 1.850565 -0.414313
v -1.055242 1.831565 -0.413113
v -1.033542 1.819965 -0.395313
v -1.014142 1.840665 -0.396113
v -1.124142 1.834566 -0.353013
v -1.108742 1.821966 -0.373613
v -1.108342 1.818466 -0.333213
v -1.092042 1.803566 -0.355413
v -1.083742 1.817865 -0.398113
v -1.063842 1.800665 -0.381613
v -1.114442 1.851565 -0.266813
v -1.097542 1.827266 -0.292313
v -1.087842 1.836266 -0.253213
v -1.073142 1.810565 -0.277313
v -1.088242 1.800766 -0.312913
v -1.069742 1.786965 -0.336513
v -1.062842 1.787266 -0.298113
v -1.044842 1.777966 -0.320813
v -1.011542 1.774566 -0.274113
v -1.034942 1.793766 -0.244013
v -1.011142 1.774266 -0.241213
v -0.988142 1.760066 -0.266113
v -1.060842 1.815966 -0.247013
v -1.046142 1.792565 -0.271113
v -1.035642 1.777465 -0.292313
v -1.022242 1.774166 -0.312013
v -1.009042 1.772166 -0.295913
v -1.006442 1.772466 -0.308913
v -0.991342 1.830966 -0.375213
v -1.010542 1.810766 -0.374613
v -0.990042 1.803066 -0.354713
v -0.970742 1.820266 -0.355113
v -1.039942 1.787966 -0.362813
v -1.017342 1.781966 -0.344513
v -0.962042 1.748166 -0.291213
v -0.932342 1.748266 -0.307113
v -0.949042 1.767665 -0.315813
v -0.977142 1.763865 -0.299913
v -0.869042 1.784865 -0.307013
v -0.890942 1.769765 -0.311613
v -0.892342 1.809065 -0.322913
v -0.918242 1.793766 -0.325613
v -0.982942 1.770266 -0.310513
v -0.987742 1.775166 -0.321113
v -0.958842 1.777565 -0.322913
v -0.964742 1.785666 -0.330213
v -0.929642 1.776566 -0.320913
v -0.910342 1.757066 -0.311613
v -0.942742 1.784066 -0.325913
v -0.944542 1.793265 -0.330613
v -0.954642 1.806665 -0.340013
v -0.934642 1.817666 -0.337913
v -0.975142 1.794765 -0.340213
v -0.913042 1.832166 -0.336013
v -0.999942 1.779265 -0.331613
v -1.870142 1.148866 -1.452513
v -1.870942 1.148866 -1.423513
v -1.851142 1.138265 -1.440013
v -1.855442 1.139865 -1.422013
v -1.863042 1.149465 -1.390413
v -1.842842 1.140265 -1.401513
v -1.821942 1.146865 -1.368613
v -1.846442 1.152865 -1.353213
v -1.829742 1.136365 -1.416613
v -1.804642 1.146066 -1.385113
v -1.821642 1.163566 -1.314113
v -1.795342 1.176465 -1.275713
v -1.795342 1.160866 -1.329813
v -1.767942 1.173365 -1.288313
v -1.773642 1.180365 -1.237713
v -1.744642 1.172066 -1.246913
v -1.708242 1.173965 -1.259913
v -1.684342 1.174765 -1.213413
v -1.742042 1.175266 -1.303913
v -1.677542 1.174765 -1.160013
v -1.636742 1.194965 -1.165313
v -1.602642 1.192165 -1.158113
v -1.775042 1.163666 -1.347213
v 0.108658 -0.078534 -0.167513
v -0.301042 -0.116334 0.321387
v -0.284142 -0.112334 0.264787
v -0.264042 -0.116634 0.207187
v -0.274642 0.001366 0.537087
v -0.267742 0.048666 0.545387
v -0.263342 0.091566 0.565287
v -0.150042 -0.205834 0.044387
v -0.083042 -0.158334 -0.026713
v -0.123842 -0.108134 -0.034013
v -0.214142 -0.165234 0.060987
v 0.005058 -0.107134 -0.053713
v -0.028842 -0.036334 -0.050213
v -0.258042 -0.139834 0.136387
v -0.117642 0.758366 -0.117713
v -0.127142 0.723065 -0.162613
v -0.175342 0.790366 -0.179513
v -0.161542 0.826466 -0.139313
v -0.196242 0.752666 -0.214713
v -0.147742 0.684166 -0.200613
v -0.247342 0.829166 -0.236013
v -0.225642 0.865665 -0.204313
v -0.209342 0.901666 -0.167913
v -0.201542 0.929865 -0.134613
v -0.156942 0.853766 -0.103413
v -0.149442 0.879665 -0.072113
v -0.194242 0.956366 -0.103913
v -0.107442 0.811865 -0.046013
v -0.116642 0.784766 -0.078113
v -0.188842 0.982766 -0.070613
v -0.141142 0.907166 -0.038913
v -0.135442 0.934966 -0.002913
v -0.186642 1.008466 -0.034513
v -0.089342 0.871766 0.025187
v -0.097442 0.841365 -0.011713
v -0.189942 1.032365 0.004787
v -0.135442 0.962165 0.037687
v -0.148542 0.982666 0.080387
v -0.202742 1.050966 0.045887
v -0.100942 0.923066 0.110787
v -0.087442 0.901266 0.066787
v -0.229342 1.059865 0.083387
v -0.175442 0.992365 0.119787
v -0.209442 0.994366 0.153987
v -0.259842 1.064166 0.118187
v -0.164142 0.934866 0.185787
v -0.128542 0.933765 0.151287
v -0.294142 0.968366 0.188487
v -0.251742 0.983066 0.173587
v -0.297542 1.059765 0.145387
v -0.340642 1.044566 0.158487
v -0.245842 0.912166 0.231487
v -0.204142 0.926365 0.211687
v -0.373442 0.942266 0.221887
v -0.334542 0.954866 0.204487
v -0.381642 1.030066 0.171987
v -0.420442 1.017166 0.188987
v -0.325942 0.884565 0.267687
v -0.286342 0.898066 0.249887
v -0.448742 0.915165 0.255287
v -0.410942 0.931265 0.242287
v -0.457742 1.004066 0.206887
v -0.494642 0.985365 0.214787
v -0.404842 0.853066 0.295687
v -0.365342 0.872066 0.286887
v -0.560842 0.933466 0.198687
v -0.515842 0.861466 0.237587
v -0.484542 0.889766 0.250987
v -0.529442 0.960465 0.210287
v -0.471542 0.796666 0.269487
v -0.440842 0.825965 0.287187
v -0.608842 0.880466 0.161287
v -0.560942 0.807066 0.195887
v -0.540642 0.833665 0.217887
v -0.587042 0.906766 0.181587
v -0.495342 0.768666 0.246687
v -0.515342 0.742166 0.223187
v -0.645942 0.828566 0.119987
v -0.596842 0.756465 0.154287
v -0.578842 0.781566 0.174487
v -0.627842 0.854466 0.140387
v -0.533842 0.717266 0.202187
v -0.553142 0.692865 0.183687
v -0.686342 0.776465 0.082187
v -0.640442 0.705066 0.119587
v -0.616642 0.731165 0.135787
v -0.664642 0.802765 0.100687
v -0.574542 0.667666 0.166987
v -0.598742 0.641866 0.152287
v -0.722242 0.721966 0.028187
v -0.678942 0.649866 0.068787
v -0.667542 0.676966 0.101087
v -0.710442 0.748766 0.060387
v -0.623642 0.614066 0.134087
v -0.634042 0.587366 0.103387
v -0.720542 0.674766 -0.045513
v -0.678542 0.602266 -0.004113
v -0.681742 0.624566 0.033187
v -0.725042 0.696666 -0.007613
v -0.638542 0.562166 0.070287
v -0.638642 0.537866 0.034587
v -0.271942 0.578766 -0.234813
v -0.294442 0.567166 -0.221113
v -0.334642 0.642466 -0.243713
v -0.312042 0.653466 -0.252313
v -0.352442 0.635965 -0.233213
v -0.310542 0.560866 -0.204313
v -0.394942 0.712366 -0.269613
v -0.376742 0.720866 -0.273913
v -0.354242 0.733565 -0.276513
v -0.371442 0.631065 -0.222613
v -0.330742 0.554166 -0.191213
v -0.350742 0.536066 -0.215513
v -0.398042 0.617066 -0.222013
v -0.434042 0.695766 -0.259313
v -0.410642 0.706366 -0.265713
v -0.378142 0.508066 -0.245613
v -0.422642 0.587366 -0.253013
v -0.425442 0.474666 -0.248013
v -0.462842 0.551066 -0.269513
v -0.502342 0.632366 -0.292813
v -0.465342 0.668965 -0.271013
v -0.201542 0.622965 -0.241713
v -0.238042 0.598066 -0.242713
v -0.280542 0.671465 -0.256713
v -0.247542 0.694965 -0.252113
v -0.325642 0.751966 -0.275513
v -0.295942 0.774665 -0.269213
v -0.270442 0.799566 -0.256713
v -0.220042 0.721466 -0.237913
v -0.172342 0.651366 -0.225913
v -0.582642 0.523666 -0.177713
v -0.639842 0.584566 -0.228813
v -0.614742 0.563466 -0.280513
v -0.528142 0.463566 -0.132013
v -0.569942 0.492366 -0.227513
v -0.521242 0.432266 -0.178913
v -0.536842 0.496766 -0.092713
v -0.600442 0.551666 -0.138613
v -0.657042 0.611166 -0.185513
v -0.516542 0.512666 -0.261913
v -0.555142 0.592666 -0.296313
v -0.481042 0.438266 -0.232813
v -0.660542 0.588466 -0.043213
v -0.621342 0.521366 -0.003713
v -0.700542 0.662066 -0.083413
v -0.662942 0.661366 -0.112113
v -0.619842 0.591666 -0.069413
v -0.580042 0.523566 -0.027813
v -0.571242 0.598366 -0.101913
v -0.634942 0.651765 -0.149513
v -0.522742 0.537466 -0.051413
v -0.284042 0.467966 -0.179013
v -0.304742 0.452366 -0.190513
v -0.269542 0.477066 -0.190613
v -0.225942 0.392866 -0.173513
v -0.235342 0.381166 -0.158613
v -0.254942 0.365866 -0.165713
v -0.111442 0.295266 -0.187013
v -0.126142 0.264866 -0.157313
v -0.171042 0.332366 -0.177613
v -0.151842 0.360666 -0.202113
v -0.179642 0.310266 -0.152913
v -0.131142 0.239766 -0.129413
v -0.214642 0.408966 -0.195613
v -0.191842 0.432766 -0.213913
v -0.495442 0.382666 0.065087
v -0.450542 0.316366 0.114187
v -0.488942 0.345166 0.127687
v -0.534642 0.400866 0.083887
v -0.447842 0.283866 0.173287
v -0.410542 0.248266 0.163687
v -0.466842 0.323966 0.190187
v -0.508442 0.380966 0.148187
v -0.551842 0.431266 0.111387
v -0.292242 0.342966 -0.200213
v -0.334142 0.425566 -0.229113
v -0.353042 0.322966 -0.192213
v -0.389042 0.398666 -0.221513
v -0.446542 0.369766 -0.199313
v -0.480842 0.367766 -0.140013
v -0.411742 0.302566 -0.165313
v -0.445842 0.301266 -0.104613
v -0.196442 0.528466 -0.236313
v -0.232142 0.504966 -0.224713
v -0.158042 0.556966 -0.234413
v -0.116742 0.493566 -0.227113
v -0.155842 0.460966 -0.229813
v -0.255942 0.487466 -0.210113
v -0.128542 0.587166 -0.217113
v -0.103842 0.621265 -0.191613
v -0.063542 0.560566 -0.184113
v -0.088142 0.525666 -0.208413
v -0.478642 0.427866 -0.039913
v -0.479742 0.395166 -0.086013
v -0.440742 0.321366 -0.038513
v -0.423442 0.352966 0.016687
v -0.538442 0.452866 0.017487
v -0.484942 0.459066 0.000687
v -0.445742 0.375966 0.053087
v -0.084342 0.660565 -0.152613
v -0.079142 0.694866 -0.104113
v -0.044842 0.632865 -0.094413
v -0.046542 0.599566 -0.144613
v -0.080042 0.720965 -0.060513
v -0.067942 0.750566 -0.025413
v -0.029842 0.692366 -0.008013
v -0.044042 0.660166 -0.047613
v -0.056342 0.783766 0.011987
v -0.046442 0.818466 0.050987
v -0.006142 0.769866 0.075687
v -0.017142 0.729966 0.033687
v -0.044942 0.850966 0.094387
v -0.060242 0.874365 0.139787
v -0.021742 0.832166 0.168187
v -0.004742 0.806366 0.120987
v 0.036458 0.762866 0.146987
v 0.034858 0.721665 0.099587
v 0.019158 0.792366 0.196487
v 0.063258 0.756765 0.228787
v 0.079558 0.725266 0.179387
v 0.079158 0.682066 0.131287
v -0.087542 0.887566 0.181687
v -0.047842 0.849766 0.211987
v -0.120442 0.892566 0.219687
v -0.077542 0.859466 0.253587
v -0.005642 0.815466 0.242787
v -0.032942 0.830666 0.287787
v 0.013958 0.803266 0.321687
v 0.040258 0.784566 0.275487
v -0.157442 0.886966 0.252387
v -0.112042 0.853766 0.291387
v -0.198142 0.869766 0.275787
v -0.151142 0.832466 0.318387
v -0.105642 0.791466 0.356887
v -0.067542 0.819566 0.327887
v -0.021142 0.784766 0.359887
v -0.057642 0.750166 0.386987
v -0.238942 0.851866 0.295987
v -0.192442 0.810366 0.341987
v -0.279542 0.836766 0.316987
v -0.234442 0.789566 0.362887
v -0.190642 0.736066 0.401087
v -0.147442 0.763166 0.381387
v -0.140642 0.683066 0.425987
v -0.098642 0.714965 0.407987
v -0.320242 0.819366 0.332687
v -0.274842 0.765266 0.372287
v -0.359142 0.794566 0.332187
v -0.314642 0.739266 0.370387
v -0.271742 0.683166 0.408787
v -0.230642 0.709166 0.409887
v -0.221142 0.631266 0.446887
v -0.179442 0.656566 0.440987
v -0.396642 0.767166 0.320687
v -0.355342 0.711566 0.356287
v -0.428242 0.738366 0.298187
v -0.389342 0.683266 0.328187
v -0.315942 0.655466 0.392087
v -0.354142 0.627866 0.360087
v -0.311142 0.574866 0.402387
v -0.268842 0.603266 0.434187
v -0.453842 0.711465 0.271887
v -0.417942 0.657765 0.297887
v -0.476442 0.685865 0.247087
v -0.444342 0.633666 0.271587
v -0.387042 0.603866 0.326787
v -0.417142 0.581466 0.298987
v -0.382642 0.529266 0.339187
v -0.348442 0.550966 0.367787
v -0.497342 0.661366 0.226987
v -0.467542 0.609866 0.251887
v -0.517942 0.636866 0.210387
v -0.489042 0.585166 0.236787
v -0.464642 0.534266 0.266287
v -0.442242 0.558766 0.279587
v -0.433042 0.483466 0.307387
v -0.409842 0.507566 0.320187
v -0.539742 0.611066 0.195787
v -0.510842 0.558266 0.224587
v -0.563142 0.584866 0.182787
v -0.533342 0.531066 0.213587
v -0.504542 0.477366 0.242787
v -0.486542 0.506166 0.255987
v -0.453742 0.453966 0.295487
v -0.466142 0.423566 0.278387
v -0.585342 0.557766 0.164887
v -0.551842 0.504466 0.195487
v -0.594042 0.532166 0.136187
v -0.557942 0.480266 0.168187
v -0.516142 0.430566 0.196387
v -0.513642 0.452466 0.221187
v -0.473542 0.398366 0.258087
v -0.475942 0.375766 0.235287
v -0.596942 0.507866 0.105387
v -0.557742 0.457166 0.139387
v -0.595142 0.482566 0.073387
v -0.515242 0.408366 0.171287
v -0.474242 0.352966 0.211287
v -0.577642 0.460166 0.040087
v -0.247242 1.014165 -0.171313
v -0.240642 1.037966 -0.139013
v -0.257642 0.987366 -0.203213
v -0.296442 1.070765 -0.241113
v -0.286542 1.093366 -0.207013
v -0.282842 1.115166 -0.173613
v -0.238142 1.061666 -0.105213
v -0.240142 1.085065 -0.069613
v -0.285042 1.136466 -0.139413
v -0.291442 1.157666 -0.104813
v -0.247242 1.107565 -0.032613
v -0.262242 1.126565 0.004887
v -0.302642 1.178066 -0.069613
v -0.318642 1.197065 -0.035213
v -0.288742 1.134166 0.040087
v -0.318842 1.137465 0.072287
v -0.343342 1.205865 -0.001913
v -0.372442 1.209266 0.029087
v -0.352142 1.136866 0.101987
v -0.391142 1.127565 0.122287
v -0.404642 1.208866 0.058187
v -0.439542 1.204065 0.083287
v -0.431242 1.114265 0.136787
v -0.476842 1.192366 0.102887
v -0.470142 1.100066 0.150887
v -0.514242 1.177266 0.116587
v -0.507742 1.084365 0.163487
v -0.552742 1.160066 0.125487
v -0.589542 1.141265 0.128987
v -0.544042 1.064666 0.168687
v -0.578042 1.040465 0.164387
v -0.624742 1.117666 0.124887
v -0.654542 1.091365 0.114287
v -0.608942 1.014366 0.153687
v -0.635542 0.988066 0.138087
v -0.681742 1.064866 0.098587
v -0.703742 1.038465 0.080687
v -0.658342 0.961865 0.119187
v -0.678142 0.935766 0.098987
v -0.725342 1.012266 0.060487
v -0.742442 0.986065 0.040287
v -0.697042 0.909865 0.078987
v -0.715242 0.884066 0.058587
v -0.759742 0.960465 0.016887
v -0.772942 0.934266 -0.006413
v -0.733542 0.858066 0.036887
v -0.751042 0.831266 0.011287
v -0.788442 0.908266 -0.034213
v -0.797342 0.881765 -0.062513
v -0.763142 0.804766 -0.019013
v -0.766742 0.779466 -0.053613
v -0.803542 0.857266 -0.097213
v -0.796242 0.836165 -0.131313
v -0.760942 0.758466 -0.090513
v -0.742842 0.745466 -0.127213
v -0.780542 0.824165 -0.166713
v -0.743842 0.818265 -0.197713
v -0.707742 0.741365 -0.158113
v -0.704142 0.685966 -0.240713
v -0.691442 0.721566 -0.199813
v -0.747142 0.787566 -0.244113
v -0.748842 0.753366 -0.290113
v -0.687242 0.661866 -0.287213
v -0.724142 0.738466 -0.338113
v -0.648242 0.657065 -0.326913
v -0.680942 0.739965 -0.373013
v -0.592942 0.682566 -0.341713
v -0.543442 0.722466 -0.328813
v -0.628542 0.766466 -0.384113
v -0.581642 0.804266 -0.365713
v -0.545842 0.837466 -0.350913
v -0.504442 0.756166 -0.314813
v -0.474142 0.781066 -0.306113
v -0.515442 0.861866 -0.343013
v -0.371542 0.840166 -0.311113
v -0.343742 0.863165 -0.302313
v -0.399442 0.821365 -0.313413
v -0.439542 0.903966 -0.352713
v -0.411942 0.923165 -0.350213
v -0.384942 0.946866 -0.339613
v -0.319442 0.887666 -0.289013
v -0.297142 0.916266 -0.268813
v -0.361142 0.971566 -0.325613
v -0.337542 1.000065 -0.306013
v -0.313542 1.035666 -0.276413
v -0.274142 0.952066 -0.238613
v -0.422542 0.808666 -0.310813
v -0.441242 0.799766 -0.307613
v -0.482642 0.882566 -0.344013
v -0.463642 0.891766 -0.347913
v -0.455342 0.792766 -0.305813
v -0.496942 0.874466 -0.342513
v -0.340342 1.101965 -0.309113
v -0.324542 1.135466 -0.272713
v -0.364342 1.065966 -0.339713
v -0.387142 1.125165 -0.370413
v -0.362242 1.162566 -0.339413
v -0.349842 1.197765 -0.302213
v -0.835442 0.899566 -0.368413
v -0.813042 0.889666 -0.420213
v -0.777042 0.842366 -0.388913
v -0.805442 0.852665 -0.344113
v -0.847042 0.926466 -0.432613
v -0.867742 0.944965 -0.384513
v -0.811942 0.930366 -0.468413
v -0.774942 0.892866 -0.451913
v -0.740442 0.846266 -0.424713
v -0.493542 0.956266 -0.378613
v -0.468842 0.969266 -0.381613
v -0.512442 0.945466 -0.375513
v -0.536442 0.999866 -0.406413
v -0.515942 1.011765 -0.409113
v -0.491942 1.025666 -0.412313
v -0.407942 1.333066 -0.350313
v -0.411342 1.356966 -0.309313
v -0.375442 1.289666 -0.291313
v -0.375542 1.263465 -0.330613
v -0.383942 1.310565 -0.254913
v -0.422742 1.374866 -0.271713
v -0.350742 1.246866 -0.231413
v -0.346142 1.225165 -0.266413
v -0.433342 1.262166 -0.431713
v -0.410542 1.302566 -0.397613
v -0.385342 1.227466 -0.372213
v -0.409742 1.189065 -0.404213
v -0.318342 1.160965 -0.238113
v -0.318542 1.183365 -0.204213
v -0.437242 1.390366 -0.237813
v -0.397242 1.326566 -0.220413
v -0.412442 1.341166 -0.188713
v -0.453142 1.404265 -0.206913
v -0.374342 1.280665 -0.164213
v -0.360842 1.264966 -0.197413
v -0.325542 1.202566 -0.170113
v -0.335742 1.221266 -0.136213
v -0.467842 1.417366 -0.177913
v -0.428342 1.352965 -0.157213
v -0.441342 1.365166 -0.126213
v -0.479942 1.430066 -0.149513
v -0.402842 1.307065 -0.097313
v -0.388942 1.294466 -0.131113
v -0.349242 1.237865 -0.101813
v -0.363442 1.253566 -0.067713
v -0.490642 1.441865 -0.119513
v -0.454442 1.376466 -0.092813
v -0.478442 1.382266 -0.061513
v -0.512742 1.446866 -0.089313
v -0.445242 1.322966 -0.032813
v -0.418642 1.318166 -0.063513
v -0.384342 1.263966 -0.034713
v -0.411942 1.268365 -0.004113
v -0.509342 1.381666 -0.031613
v -0.476142 1.322765 -0.003213
v -0.540442 1.446966 -0.061013
v -0.570442 1.442666 -0.037913
v -0.541642 1.377466 -0.007013
v -0.510242 1.318166 0.021887
v -0.477242 1.262566 0.050987
v -0.444142 1.267866 0.025087
v -0.576842 1.366266 0.007387
v -0.545942 1.307466 0.038387
v -0.600742 1.431566 -0.024213
v -0.631642 1.415366 -0.016913
v -0.610542 1.350666 0.016187
v -0.582442 1.292066 0.048687
v -0.550342 1.236366 0.081887
v -0.513142 1.251565 0.069787
v -0.642942 1.333966 0.024687
v -0.617842 1.274466 0.057487
v -0.660842 1.398566 -0.009013
v -0.690842 1.379665 -0.001113
v -0.675642 1.314765 0.032087
v -0.652742 1.254665 0.064187
v -0.624342 1.198865 0.096287
v -0.587742 1.218666 0.090487
v -0.706442 1.293066 0.034187
v -0.686942 1.232066 0.066587
v -0.721842 1.358265 0.004187
v -0.749042 1.335366 0.002587
v -0.735642 1.269266 0.030687
v -0.717042 1.207466 0.060387
v -0.691642 1.151165 0.089387
v -0.659242 1.176166 0.096787
v -0.763942 1.243165 0.022587
v -0.745342 1.180665 0.048987
v -0.776842 1.310565 -0.002213
v -0.803842 1.283865 -0.010913
v -0.790642 1.215166 0.010287
v -0.771642 1.152066 0.033787
v -0.742142 1.097365 0.055587
v -0.718842 1.124365 0.073987
v -0.814542 1.185966 -0.006313
v -0.795042 1.122365 0.014987
v -0.828342 1.255966 -0.023613
v -0.850842 1.226066 -0.041113
v -0.835142 1.155665 -0.027613
v -0.812542 1.093465 -0.008013
v -0.779542 1.043066 0.012887
v -0.762542 1.070166 0.035287
v -0.851642 1.124666 -0.054113
v -0.824642 1.065065 -0.034713
v -0.870742 1.194766 -0.064013
v -0.886942 1.163365 -0.092413
v -0.866242 1.094466 -0.082913
v -0.835542 1.037365 -0.062613
v -0.804242 0.989866 -0.037913
v -0.792342 1.016366 -0.011813
v -0.883242 1.066066 -0.109213
v -0.851842 1.010866 -0.089113
v -0.906442 1.131566 -0.120613
v -0.922442 1.100366 -0.151013
v -0.895342 1.038465 -0.138913
v -0.863042 0.984665 -0.118913
v -0.828542 0.936865 -0.094513
v -0.817842 0.963066 -0.065013
v -0.896442 1.013266 -0.172713
v -0.863942 0.960966 -0.152813
v -0.926642 1.070266 -0.185113
v -0.919042 1.045765 -0.220613
v -0.885342 0.993765 -0.207113
v -0.853142 0.942266 -0.187313
v -0.826042 0.892566 -0.163013
v -0.831942 0.912365 -0.128113
v -0.866242 0.980465 -0.238413
v -0.834142 0.930466 -0.216413
v -0.903042 1.027865 -0.255413
v -0.884242 1.012166 -0.292213
v -0.845442 0.967765 -0.269913
v -0.811942 0.918566 -0.246413
v -0.779542 0.872466 -0.225113
v -0.808042 0.881266 -0.193113
v -0.848042 0.930166 -0.313613
v -0.816842 0.882165 -0.292013
v -0.877342 0.979365 -0.333413
v -0.778742 0.806766 -0.321313
v -0.784642 0.837565 -0.270913
v -0.727242 0.916366 -0.461513
v -0.690342 0.868065 -0.442813
v -0.770842 0.956265 -0.470913
v -0.730342 0.992065 -0.458613
v -0.682942 0.950665 -0.449813
v -0.645542 0.902766 -0.428913
v -0.749542 0.795466 -0.366313
v -0.709842 0.799166 -0.401513
v -0.658442 0.821765 -0.417513
v -0.613642 0.859066 -0.399313
v -0.688142 1.029665 -0.456713
v -0.643442 0.989466 -0.439613
v -0.656042 1.061965 -0.464213
v -0.607542 1.023566 -0.437413
v -0.577042 0.970366 -0.405413
v -0.608642 0.939566 -0.412913
v -0.577942 0.893766 -0.383013
v -0.548142 0.920765 -0.375113
v -0.544242 1.136866 -0.486313
v -0.514642 1.163566 -0.484313
v -0.486342 1.105165 -0.447613
v -0.514542 1.083966 -0.449513
v -0.459242 1.131065 -0.438313
v -0.484942 1.194466 -0.475413
v -0.437142 1.069965 -0.402413
v -0.464142 1.045566 -0.410913
v -0.538942 1.069166 -0.446213
v -0.560642 1.056766 -0.442013
v -0.598042 1.102665 -0.475613
v -0.571542 1.117966 -0.481613
v -0.440842 0.988366 -0.380613
v -0.414142 1.012266 -0.371213
v -0.457842 1.226166 -0.458713
v -0.434342 1.157866 -0.424713
v -0.412342 1.095466 -0.389613
v -0.389742 1.037066 -0.358213
v -0.625842 1.086165 -0.470413
v -0.581542 1.043566 -0.439313
v -0.554642 0.988165 -0.404713
v -0.528242 0.935566 -0.374413
v -0.192642 0.292266 -0.139013
v -0.213342 0.279566 -0.132213
v -0.142442 0.219566 -0.108513
v -0.166442 0.201766 -0.105013
v -0.149242 -0.046434 -0.058113
v -0.057442 0.027366 -0.051413
v -0.239942 -0.092234 0.002587
v -0.261642 -0.015234 -0.055813
v -0.169342 0.025666 -0.085913
v -0.088742 0.085166 -0.061413
v -0.257742 0.259266 -0.170113
v -0.220942 0.179066 -0.139713
v -0.297042 0.163166 -0.140113
v -0.325142 0.245466 -0.166313
v -0.192142 0.100966 -0.112213
v -0.280242 0.069966 -0.109613
v -0.125942 0.139566 -0.082313
v -0.045042 0.365166 -0.204713
v -0.084142 0.327166 -0.211613
v -0.122442 0.391066 -0.221513
v -0.083142 0.427166 -0.217413
v -0.386842 0.232866 -0.136213
v -0.423242 0.232666 -0.072413
v -0.363842 0.156166 -0.102613
v -0.394942 0.162666 -0.030713
v -0.342642 0.073466 -0.051213
v -0.363042 0.090466 0.025087
v -0.318342 -0.008834 0.011987
v -0.328342 0.017066 0.088287
v -0.302542 -0.046034 0.217787
v -0.298142 -0.056634 0.151287
v -0.294042 -0.034834 0.272087
v -0.313042 0.041366 0.223587
v -0.326242 0.027866 0.162887
v -0.290242 -0.084534 0.078387
v -0.407642 0.248966 0.006487
v -0.380642 0.275866 0.072487
v -0.371042 0.176966 0.055587
v -0.340142 0.198766 0.128387
v -0.343742 0.103366 0.108187
v -0.335042 0.115966 0.176587
v -0.414042 0.294566 0.103487
v -0.374342 0.220466 0.158887
v -0.063942 0.125966 -0.113113
v -0.058642 0.152365 -0.140613
v -0.026242 0.096866 -0.137413
v -0.033542 0.070366 -0.110213
v -0.009342 0.128566 -0.166713
v -0.043742 0.183466 -0.170013
v 0.025958 0.066766 -0.162713
v 0.007258 0.034166 -0.134413
v -0.002842 0.007366 -0.108913
v -0.093842 0.205466 -0.146613
v -0.097842 0.179366 -0.118113
v -0.079942 0.236465 -0.176413
v 0.025558 -0.085634 -0.090313
v 0.031158 -0.068034 -0.109313
v -0.007142 -0.011134 -0.089113
v -0.035942 0.051366 -0.089513
v -0.065342 0.106866 -0.091513
v 0.042458 -0.042434 -0.133813
v 0.062858 -0.008434 -0.160513
v -0.312642 -0.100434 0.412687
v -0.313142 -0.050634 0.366187
v -0.307042 -0.081234 0.346287
v -0.099842 0.160666 -0.094913
v -0.292742 -0.006834 0.307387
v -0.326842 0.067266 0.255887
v -0.326742 0.021066 0.318687
v -0.360242 0.096566 0.265487
v -0.386142 0.173866 0.213587
v -0.351642 0.141766 0.205887
v -0.305742 -0.062134 0.439287
v -0.324442 -0.012834 0.387287
v -0.295442 -0.016834 0.465587
v -0.328642 0.029566 0.413387
v -0.355142 0.055466 0.334487
v -0.388642 0.133466 0.279587
v -0.368642 0.095266 0.359487
v -0.404942 0.173266 0.300787
v -0.444342 0.283066 0.265687
v -0.409442 0.207666 0.331787
v -0.403142 0.240466 0.363187
v -0.444142 0.309766 0.292987
v -0.437942 0.251766 0.241287
v -0.419842 0.211266 0.223687
v -0.277842 0.027766 0.487487
v -0.316642 0.072466 0.444987
v -0.258642 0.072666 0.509887
v -0.292542 0.115766 0.472787
v -0.365242 0.134066 0.394187
v -0.346942 0.173366 0.424787
v -0.222542 0.192366 0.621787
v -0.261842 0.197666 0.544487
v -0.239542 0.146866 0.574887
v -0.248742 0.115666 0.536787
v -0.280142 0.158666 0.501587
v -0.337742 0.212766 0.454787
v -0.393042 0.274966 0.388787
v -0.324942 0.252566 0.479687
v -0.381142 0.309966 0.411487
v -0.412042 0.398566 0.352487
v -0.387942 0.428466 0.363887
v -0.428542 0.366366 0.336487
v -0.357042 0.345066 0.425187
v -0.329142 0.375666 0.436587
v -0.437942 0.337366 0.315987
v -0.217542 0.278066 0.574487
v -0.246842 0.247066 0.562887
v -0.208342 0.228366 0.630087
v -0.180142 0.256566 0.635187
v -0.298042 0.290066 0.493387
v -0.269042 0.321566 0.506487
v -0.363642 0.452166 0.377787
v -0.335242 0.473766 0.398387
v -0.303042 0.399266 0.452087
v -0.272542 0.422666 0.474887
v -0.139242 0.314266 0.582787
v -0.185842 0.300066 0.584787
v -0.148642 0.273166 0.632887
v -0.104642 0.282966 0.623287
v -0.240242 0.344966 0.522387
v -0.201842 0.367566 0.538587
v -0.298742 0.497466 0.430387
v -0.257042 0.523966 0.464687
v -0.226942 0.447966 0.501687
v -0.171942 0.472566 0.513787
v -0.033142 0.282766 0.597887
v 0.042658 0.301466 0.571287
v -0.008242 0.356466 0.550687
v -0.071442 0.320966 0.556387
v -0.143442 0.389666 0.544587
v -0.084242 0.415366 0.542887
v -0.208242 0.553066 0.481187
v -0.160942 0.582266 0.480387
v -0.124142 0.504466 0.516887
v -0.083542 0.539366 0.509487
v 0.030658 0.402566 0.556087
v 0.059558 0.450966 0.551387
v -0.041342 0.452366 0.542887
v -0.008842 0.496166 0.539087
v -0.121542 0.608266 0.462687
v -0.085942 0.638466 0.444887
v -0.049442 0.574166 0.490287
v -0.017742 0.609366 0.467787
v 0.136358 0.470566 0.568287
v 0.084758 0.504966 0.542287
v 0.168858 0.522966 0.555987
v 0.110258 0.557866 0.528287
v 0.019058 0.544466 0.526887
v 0.047758 0.585866 0.499287
v -0.047542 0.673866 0.427987
v -0.009942 0.711766 0.410987
v 0.015758 0.647565 0.450387
v 0.048558 0.685566 0.434687
v 0.169258 0.642666 0.498087
v 0.139658 0.603466 0.511987
v 0.206958 0.574966 0.547887
v 0.245158 0.620366 0.542287
v 0.077258 0.625866 0.478787
v 0.106058 0.663365 0.462787
v 0.058358 0.771466 0.356887
v 0.023958 0.747766 0.388587
v 0.079058 0.719766 0.415887
v 0.111158 0.744066 0.390587
v 0.228358 0.696866 0.466187
v 0.197758 0.673766 0.484587
v 0.279158 0.653466 0.535687
v 0.314058 0.672166 0.518787
v 0.134058 0.695366 0.446087
v 0.164258 0.719666 0.425087
v 0.085058 0.752366 0.313187
v 0.105358 0.722266 0.270387
v 0.139258 0.728866 0.351087
v 0.158558 0.699165 0.313187
v 0.284358 0.665066 0.399087
v 0.259858 0.687466 0.431687
v 0.347658 0.661766 0.487587
v 0.376458 0.648366 0.456287
v 0.194158 0.708866 0.388187
v 0.215158 0.681466 0.353687
v 0.176258 0.641066 0.238187
v 0.122858 0.654166 0.181287
v 0.119958 0.693366 0.226587
v 0.171958 0.674466 0.277187
v 0.229758 0.661066 0.324087
v 0.302458 0.650466 0.371887
v 0.314058 0.633066 0.339787
v 0.235958 0.635066 0.291587
v 0.399258 0.640366 0.425887
v 0.416658 0.626466 0.387887
v 0.030758 0.252566 -0.179813
v -0.010142 0.219566 -0.188813
v -0.046742 0.271766 -0.199113
v -0.006742 0.307666 -0.191313
v 0.008858 0.429466 -0.160813
v -0.016742 0.397366 -0.184713
v -0.055442 0.460566 -0.198113
v -0.031242 0.495966 -0.174513
v 0.012958 0.487066 -0.064413
v 0.026458 0.463466 -0.122413
v -0.013142 0.535966 -0.137313
v -0.020642 0.566066 -0.083013
v 0.017058 0.672366 0.055387
v 0.003058 0.630466 0.009187
v 0.061058 0.627866 0.085087
v 0.047858 0.564666 0.033487
v 0.020058 0.522566 -0.016613
v -0.014442 0.595466 -0.034613
v 0.154958 0.532266 0.151287
v 0.100858 0.544666 0.094387
v 0.111958 0.600966 0.134287
v 0.167458 0.588566 0.194187
v 0.321358 0.494666 0.221587
v 0.291158 0.528166 0.283187
v 0.227658 0.482966 0.151187
v 0.165758 0.502166 0.100887
v 0.214558 0.531066 0.214287
v 0.304858 0.589066 0.311987
v 0.225958 0.586866 0.256087
v 0.191358 -0.067334 -0.201113
v 0.139958 -0.027935 -0.193113
v 0.177158 0.024666 -0.185813
v 0.248358 0.058566 -0.208813
v 0.231858 0.044366 -0.166313
v 0.219758 0.088266 -0.165513
v 0.230458 0.105966 -0.199213
v 0.191058 0.061066 -0.171413
v 0.195858 0.086466 -0.161413
v 0.098358 0.035666 -0.186113
v 0.138358 0.077866 -0.180913
v 0.061258 0.106166 -0.183413
v 0.102058 0.140466 -0.174513
v 0.025558 0.165866 -0.184013
v 0.066558 0.197766 -0.174013
v 0.026158 0.333166 -0.168913
v 0.067858 0.270266 -0.157313
v 0.058058 0.353666 -0.141013
v 0.111558 0.282866 -0.130113
v 0.160758 0.101366 -0.167613
v 0.178658 0.115066 -0.156813
v 0.132058 0.154266 -0.160213
v 0.162458 0.162266 -0.147513
v 0.102058 0.210566 -0.155413
v 0.136358 0.215066 -0.136613
v -0.772742 1.023466 -0.480313
v -0.817042 0.987766 -0.490713
v -0.855042 0.968366 -0.477213
v -0.885442 0.968066 -0.444713
v -0.905842 0.986765 -0.402613
v -0.917842 1.020465 -0.358313
v -0.927542 1.050365 -0.314913
v -0.942842 1.072266 -0.273213
v -0.954542 1.098065 -0.233913
v -0.957542 1.131566 -0.195413
v -0.947642 1.172966 -0.157613
v -0.924142 1.208166 -0.123713
v -0.906742 1.239766 -0.092813
v -0.885842 1.272366 -0.068613
v -0.862542 1.303865 -0.050813
v -0.837442 1.332665 -0.038913
v -0.810042 1.358866 -0.032213
v -0.783442 1.383565 -0.027613
v -0.754342 1.406765 -0.027413
v -0.724242 1.429066 -0.031413
v -0.695542 1.449766 -0.037713
v -0.668342 1.469066 -0.045313
v -0.642542 1.487066 -0.051313
v -0.618942 1.502166 -0.059213
v -0.595942 1.512666 -0.073313
v -0.571942 1.517665 -0.092613
v -0.549142 1.517066 -0.115013
v -0.529542 1.513566 -0.138713
v -0.517342 1.500566 -0.163513
v -0.507542 1.484365 -0.189513
v -0.495842 1.467765 -0.216813
v -0.482142 1.451665 -0.246613
v -0.467742 1.435865 -0.279813
v -0.455042 1.419466 -0.316513
v -0.449042 1.398265 -0.356313
v -0.452342 1.370265 -0.398113
v -0.466542 1.334566 -0.438213
v -0.489642 1.296165 -0.473313
v -0.521942 1.256765 -0.500313
v -0.553742 1.213965 -0.516413
v -0.589342 1.176365 -0.516813
v -0.628542 1.147965 -0.507613
v -0.665842 1.124266 -0.500613
v -0.700442 1.100466 -0.491613
v -0.727042 1.071266 -0.479913
v -0.735442 1.046865 -0.470213
v 0.111958 0.481366 0.078087
v 0.082958 0.480866 0.041787
v 0.145158 0.499166 0.019487
v 0.128558 0.456866 0.000387
v 0.152058 0.522466 -0.039013
v 0.146558 0.471566 -0.056013
v 0.087458 0.373566 -0.098313
v 0.141958 0.285466 -0.090113
v 0.072258 0.384566 -0.033013
v 0.183658 0.267266 0.008387
v 0.146258 0.389166 -0.018613
v 0.068458 0.430266 0.016487
v 0.883958 0.039466 -0.073613
v 0.574658 -0.017934 -0.234113
v 0.485058 0.003665 -0.224813
v 0.416458 0.042166 -0.234413
v 0.345158 0.010866 -0.209013
v 0.350358 0.087066 -0.251513
v 0.292458 0.054766 -0.243213
v 0.209858 0.129466 -0.159713
v 0.220658 0.152066 -0.190413
v 0.213958 0.193866 -0.164613
v 0.197958 0.164666 -0.129213
v 0.255658 0.102166 -0.243613
v 0.231558 0.147066 -0.234013
v 0.179758 0.402566 -0.070513
v 0.211258 0.331066 -0.098413
v 0.171958 0.221966 -0.117513
v 0.205958 0.233066 -0.108113
v 0.226658 0.191466 -0.220413
v 0.223158 0.233966 -0.197013
v 0.219158 0.277366 -0.150013
vn -0.0733 0.4711 -0.8790
vn 0.1952 0.3711 -0.9078
vn 0.2691 0.4604 -0.8459
vn 0.0669 0.6105 -0.7892
vn 0.4235 0.3957 -0.8149
vn 0.4113 0.3315 -0.8491
vn 0.3336 0.7635 -0.5529
vn 0.2577 0.8117 -0.5241
vn 0.2248 0.8579 -0.4620
vn 0.6472 0.2469 -0.7212
vn 0.7358 0.1853 -0.6513
vn 0.5717 0.3509 -0.7416
vn 0.5340 0.3160 -0.7842
vn 0.5225 0.6529 -0.5484
vn 0.6864 0.5252 -0.5030
vn 0.2043 0.0524 -0.9775
vn 0.3976 0.0946 -0.9127
vn -0.0996 0.0160 -0.9949
vn 0.0022 -0.4755 -0.8797
vn 0.1792 -0.4367 -0.8816
vn 0.3281 -0.3715 -0.8685
vn 0.5480 0.1392 -0.8248
vn 0.5055 -0.2295 -0.8318
vn 0.6794 0.1761 -0.7123
vn 0.6103 -0.1144 -0.7838
vn 0.6922 -0.1438 -0.7073
vn 0.7852 0.0685 -0.6154
vn 0.7553 0.3265 -0.5683
vn 0.6937 -0.0209 -0.7200
vn 0.2033 0.9784 0.0376
vn 0.1967 0.9796 0.0404
vn 0.1968 0.9182 -0.3438
vn 0.1749 0.9821 0.0695
vn 0.2394 0.9697 0.0494
vn 0.2032 0.9791 0.0094
vn 0.3022 0.9501 -0.0777
vn 0.3126 0.9124 -0.2643
vn 0.2259 0.9658 -0.1271
vn 0.1675 0.9850 -0.0423
vn 0.2831 0.9581 -0.0433
vn 0.3960 0.9041 -0.1604
vn 0.3460 0.9185 -0.1915
vn 0.4593 0.8564 -0.2359
vn 0.4852 0.8493 -0.2082
vn 0.4709 0.8540 -0.2213
vn 0.5441 0.7530 -0.3700
vn 0.4446 0.8666 -0.2267
vn 0.7143 0.4157 -0.5631
vn 0.5424 0.7984 -0.2616
vn 0.2150 -0.7003 -0.6807
vn 0.1729 -0.7428 -0.6468
vn 0.1892 -0.7486 -0.6354
vn 0.2067 -0.7322 -0.6490
vn 0.2506 -0.6062 -0.7548
vn 0.3460 -0.6224 -0.7021
vn 0.3857 -0.5092 -0.7694
vn 0.5957 -0.4390 -0.6726
vn 0.7787 -0.2938 -0.5543
vn 0.5585 -0.3806 -0.7371
vn 0.8086 -0.1586 -0.5665
vn 0.6866 -0.1995 -0.6991
vn 0.8222 -0.0227 -0.5688
vn 0.7452 0.2612 -0.6136
vn 0.8538 0.0513 -0.5180
vn 0.8119 0.3745 -0.4479
vn 0.9250 0.0812 -0.3711
vn 0.8214 0.4722 -0.3197
vn 0.5475 0.8189 -0.1720
vn 0.5076 0.8553 -0.1036
vn 0.9866 0.0391 -0.1586
vn 0.8618 0.5030 -0.0661
vn 0.9966 -0.0048 -0.0823
vn 0.8428 0.5382 -0.0053
vn 0.3945 0.9177 0.0458
vn 0.4829 0.8756 0.0136
vn 0.8494 -0.2753 -0.4503
vn 0.7469 0.4090 -0.5242
vn 0.8341 0.5099 -0.2103
vn 0.9657 -0.1177 -0.2316
vn 0.3080 0.9439 -0.1188
vn 0.2113 0.9086 -0.3603
vn 0.0789 0.9966 0.0229
vn 0.1833 0.9798 0.0804
vn 0.1892 0.9813 0.0344
vn 0.1130 0.9819 -0.1522
vn 0.2029 0.9779 0.0496
vn 0.2000 0.9296 -0.3097
vn 0.2651 0.9233 -0.2781
vn 0.1356 0.9175 -0.3740
vn 0.3679 0.9259 -0.0855
vn 0.2398 0.9707 -0.0129
vn 0.3416 0.8590 -0.3814
vn 0.5006 0.7378 -0.4528
vn 0.5081 0.8438 -0.1727
vn 0.6289 0.6514 -0.4245
vn 0.6093 0.7577 -0.2336
vn 0.7157 0.5891 -0.3751
vn 0.6290 0.7098 -0.3170
vn 0.6068 0.7091 -0.3592
vn 0.7112 0.5341 -0.4570
vn 0.7380 0.5569 -0.3811
vn 0.5470 0.7535 -0.3647
vn 0.5377 0.7981 -0.2717
vn 0.6600 0.5377 -0.5247
vn 0.6888 0.5037 -0.5214
vn 0.4743 0.8616 -0.1808
vn 0.4998 0.8332 -0.2366
vn 0.6131 0.6037 -0.5096
vn 0.5965 0.6750 -0.4343
vn 0.3623 0.9286 -0.0799
vn 0.4351 0.8948 -0.1004
vn 0.5667 0.7612 -0.3152
vn 0.5224 0.8140 -0.2540
vn 0.2361 0.9524 -0.1931
vn 0.1499 0.9246 -0.3502
vn 0.4878 0.8164 -0.3092
vn 0.4989 0.7568 -0.4224
vn 0.1947 0.5777 -0.7927
vn 0.1434 0.6498 -0.7464
vn 0.2165 0.5043 -0.8360
vn -0.0103 -0.1582 -0.9874
vn 0.0118 -0.1015 -0.9948
vn 0.0078 -0.0393 -0.9992
vn 0.2182 0.3904 -0.8944
vn 0.3440 0.2997 -0.8899
vn -0.0161 -0.1709 -0.9852
vn -0.0750 -0.1834 -0.9802
vn 0.4706 -0.5334 -0.7029
vn 0.3638 -0.1626 -0.9172
vn 0.5713 0.2220 -0.7902
vn 0.7247 0.0796 -0.6844
vn 0.3367 -0.5645 -0.7537
vn 0.2218 -0.2183 -0.9503
vn 0.0589 -0.4499 -0.8911
vn -0.0656 -0.2483 -0.9665
vn 0.8053 0.0420 -0.5914
vn 0.8106 0.0479 -0.5837
vn 0.6092 -0.5483 -0.5729
vn 0.4977 -0.6370 -0.5887
vn 0.7056 0.0519 -0.7067
vn 0.7736 0.0178 -0.6334
vn 0.5860 -0.4572 -0.6689
vn 0.6430 -0.4738 -0.6017
vn 0.7024 0.1797 -0.6887
vn 0.6670 0.1075 -0.7373
vn 0.5637 -0.5159 -0.6450
vn 0.5370 -0.4785 -0.6947
vn 0.7304 -0.5434 -0.4138
vn 0.6396 -0.5508 -0.5363
vn 0.7756 0.2496 -0.5798
vn 0.8413 0.2895 -0.4565
vn 0.7313 -0.3660 -0.5756
vn 0.7369 -0.4456 -0.5084
vn 0.8844 -0.0884 -0.4583
vn 0.7867 -0.1802 -0.5904
vn 0.9344 -0.0433 -0.3536
vn 0.7455 -0.5353 -0.3972
vn 0.2515 -0.7640 -0.5942
vn 0.3015 -0.7762 -0.5538
vn 0.3126 -0.8053 -0.5038
vn 0.3517 -0.7323 -0.5831
vn 0.2726 -0.8721 -0.4063
vn 0.2912 -0.8032 -0.5196
vn 0.7214 -0.5356 -0.4390
vn 0.9263 0.0448 -0.3740
vn 0.8808 0.1219 -0.4575
vn 0.6368 -0.4810 -0.6027
vn 0.2174 -0.8143 -0.5382
vn 0.2100 -0.8989 -0.3846
vn 0.1576 -0.8889 -0.4301
vn 0.1980 -0.8177 -0.5405
vn 0.3979 -0.6661 -0.6308
vn 0.4027 -0.6718 -0.6218
vn 0.3708 -0.6576 -0.6558
vn 0.3943 -0.6709 -0.6280
vn 0.4054 -0.6350 -0.6576
vn 0.4743 -0.6476 -0.5965
vn 0.5848 -0.4425 -0.6798
vn 0.8581 0.1130 -0.5009
vn 0.9102 0.0087 -0.4142
vn 0.6244 -0.5177 -0.5850
vn 0.2947 -0.8293 -0.4748
vn 0.2397 -0.8253 -0.5113
vn 0.4275 -0.6157 -0.6619
vn 0.4445 -0.6180 -0.6485
vn 0.4780 -0.5924 -0.6485
vn 0.4761 -0.5781 -0.6626
vn 0.1554 -0.8698 -0.4682
vn 0.1853 -0.8755 -0.4462
vn 0.9603 -0.1437 -0.2392
vn 0.6508 -0.6551 -0.3837
vn 0.5660 -0.7858 -0.2492
vn 0.9370 -0.3106 -0.1599
vn 0.8253 -0.5141 -0.2337
vn 0.6910 -0.6506 -0.3152
vn 0.4371 -0.8832 -0.1703
vn 0.3925 -0.9165 -0.0779
vn 0.3428 -0.8411 -0.4184
vn 0.2329 -0.9102 -0.3426
vn 0.2507 -0.9370 -0.2434
vn 0.3377 -0.8478 -0.4088
vn 0.4922 -0.5749 -0.6536
vn 0.4654 -0.6309 -0.6208
vn 0.4638 -0.6291 -0.6239
vn 0.4768 -0.5518 -0.6842
vn 0.3254 -0.8539 -0.4063
vn 0.2500 -0.9537 -0.1673
vn 0.2655 -0.9628 -0.0497
vn 0.3540 -0.8761 -0.3272
vn 0.4633 -0.5644 -0.6832
vn 0.4628 -0.6268 -0.6268
vn 0.4778 -0.6543 -0.5862
vn 0.4900 -0.6029 -0.6296
vn 0.3243 -0.9036 -0.2799
vn 0.2257 -0.9742 -0.0051
vn 0.1072 -0.9903 -0.0881
vn 0.2059 -0.9240 -0.3221
vn 0.2066 -0.9466 -0.2474
vn 0.3452 -0.9342 -0.0905
vn 0.4860 -0.5824 -0.6517
vn 0.4495 -0.6740 -0.5862
vn 0.3807 -0.6710 -0.6363
vn 0.4443 -0.5291 -0.7230
vn 0.4830 -0.5292 -0.6976
vn 0.3866 -0.6826 -0.6201
vn 0.4559 -0.6821 -0.5718
vn 0.5207 -0.5523 -0.6510
vn 0.2237 -0.9171 -0.3300
vn 0.1508 -0.9244 -0.3504
vn 0.3234 -0.8960 -0.3044
vn 0.2734 -0.9102 -0.3110
vn 0.4788 -0.6785 -0.5571
vn 0.5066 -0.6812 -0.5284
vn 0.5241 -0.5779 -0.6256
vn 0.5535 -0.5733 -0.6041
vn 0.5816 -0.5554 -0.5943
vn 0.5130 -0.7046 -0.4903
vn 0.5687 -0.7263 -0.3861
vn 0.6544 -0.5832 -0.4812
vn 0.4454 -0.8533 -0.2713
vn 0.3764 -0.8724 -0.3120
vn 0.2603 -0.7996 -0.5412
vn -0.0606 -0.6004 -0.7974
vn 0.2884 -0.8559 -0.4293
vn 0.2133 -0.9460 -0.2443
vn 0.1223 -0.9455 -0.3018
vn -0.1637 -0.8315 -0.5308
vn 0.1670 -0.9019 -0.3983
vn 0.2700 -0.8477 -0.4566
vn 0.0774 -0.9252 -0.3714
vn 0.0769 -0.9480 -0.3089
vn 0.4144 -0.7681 -0.4882
vn 0.4279 -0.7342 -0.5271
vn 0.2367 -0.9010 -0.3636
vn 0.1832 -0.9137 -0.3627
vn 0.3733 -0.7729 -0.5131
vn 0.3440 -0.8345 -0.4305
vn 0.2074 -0.9322 -0.2966
vn 0.2180 -0.9132 -0.3442
vn 0.3123 -0.8396 -0.4444
vn 0.2364 -0.8815 -0.4087
vn 0.4098 -0.7762 -0.4792
vn 0.6300 -0.3432 -0.6967
vn 0.5476 -0.4610 -0.6983
vn 0.5175 -0.5275 -0.6738
vn 0.5020 -0.2624 -0.8241
vn 0.5506 -0.2917 -0.7821
vn 0.4649 -0.6038 -0.6475
vn 0.4261 -0.5815 -0.6930
vn 0.5546 -0.6171 -0.5583
vn 0.6277 -0.3516 -0.6945
vn 0.4937 -0.2884 -0.8204
vn 0.4871 -0.5674 -0.6639
vn 0.4886 -0.5841 -0.6482
vn 0.5684 -0.3580 -0.7408
vn 0.6337 -0.3962 -0.6644
vn 0.5318 -0.5857 -0.6116
vn 0.4626 -0.5151 -0.7216
vn 0.4805 -0.2455 -0.8419
vn 0.4583 -0.2113 -0.8633
vn 0.4411 -0.5145 -0.7354
vn 0.5169 -0.5742 -0.6349
vn 0.6066 -0.3094 -0.7323
vn 0.6375 -0.3059 -0.7071
vn 0.5402 -0.5396 -0.6458
vn 0.4929 -0.4429 -0.7489
vn 0.5672 -0.1906 -0.8012
vn 0.6049 -0.1696 -0.7780
vn 0.5421 -0.4280 -0.7231
vn 0.5371 -0.4453 -0.7164
vn 0.5940 -0.1399 -0.7922
vn 0.6866 -0.1375 -0.7139
vn 0.5942 -0.4498 -0.6668
vn 0.6286 -0.3663 -0.6861
vn 0.6705 -0.0716 -0.7384
vn 0.6819 -0.0078 -0.7314
vn 0.6605 -0.2682 -0.7013
vn 0.7343 -0.2874 -0.6150
vn 0.7161 -0.0228 -0.6976
vn 0.5711 0.5607 -0.5996
vn 0.5580 0.5717 -0.6015
vn 0.6631 0.0451 -0.7472
vn 0.6842 0.0103 -0.7292
vn 0.5127 0.1692 -0.8417
vn 0.3995 0.6666 -0.6293
vn 0.5843 -0.3623 -0.7262
vn 0.6207 -0.4153 -0.6650
vn 0.3504 0.6901 -0.6333
vn 0.5297 0.1778 -0.8293
vn 0.5989 0.1355 -0.7893
vn 0.3763 0.6618 -0.6485
vn 0.2706 0.6616 -0.6993
vn 0.4567 0.1809 -0.8710
vn 0.6144 0.0372 -0.7881
vn 0.4950 0.5386 -0.6818
vn 0.6648 0.4156 -0.6208
vn 0.7149 -0.0715 -0.6955
vn 0.5228 0.1080 -0.8456
vn 0.5232 0.5246 -0.6716
vn 0.3532 0.6319 -0.6899
vn 0.4385 0.2016 -0.8758
vn 0.6276 0.0932 -0.7729
vn 0.5260 0.5730 -0.6285
vn 0.5678 0.5743 -0.5897
vn 0.6750 0.0713 -0.7344
vn 0.5981 0.1896 -0.7787
vn 0.4720 0.6475 -0.5983
vn 0.4071 0.6833 -0.6061
vn 0.5879 0.2400 -0.7725
vn 0.5966 0.2743 -0.7542
vn 0.4401 0.6759 -0.5912
vn 0.4020 0.6690 -0.6252
vn 0.6362 0.2748 -0.7209
vn 0.6155 0.2707 -0.7402
vn 0.4228 0.6318 -0.6497
vn -0.0622 0.9981 0.0038
vn 0.0362 0.9932 0.1110
vn 0.2312 0.9296 -0.2869
vn 0.0329 0.9227 -0.3840
vn 0.2867 0.9258 -0.2463
vn 0.0270 0.9881 0.1516
vn 0.4637 0.5940 -0.6574
vn 0.1929 0.6422 -0.7419
vn -0.0219 0.9844 0.1748
vn 0.2651 0.9372 -0.2266
vn 0.1274 0.9655 -0.2271
vn -0.1185 0.9823 0.1450
vn -0.1597 0.9795 0.1226
vn 0.0594 0.9684 -0.2420
vn 0.0938 0.9599 -0.2641
vn -0.1371 0.9848 0.1066
vn -0.1306 0.9853 0.1103
vn 0.0534 0.9544 -0.2937
vn 0.1914 0.9362 -0.2947
vn -0.0602 0.9878 0.1433
vn -0.0019 0.9885 0.1513
vn 0.3547 0.8966 -0.2653
vn 0.3021 0.9177 -0.2580
vn -0.0505 0.9915 0.1203
vn -0.0903 0.9894 0.1133
vn 0.1563 0.9491 -0.2736
vn 0.2554 0.9337 -0.2510
vn -0.0490 0.9904 0.1292
vn -0.1304 0.9884 0.0773
vn 0.2339 0.9390 -0.2522
vn 0.1294 0.9500 -0.2842
vn -0.2203 0.9744 0.0459
vn -0.2778 0.9589 0.0577
vn 0.0808 0.9461 -0.3136
vn 0.1004 0.9399 -0.3264
vn -0.3126 0.9479 0.0613
vn -0.3409 0.9401 0.0009
vn 0.0632 0.9191 -0.3890
vn 0.0826 0.8977 -0.4327
vn -0.3422 0.9339 -0.1031
vn 0.7309 0.5076 -0.4562
vn 0.3275 0.9348 -0.1373
vn 0.2156 0.9689 -0.1216
vn 0.6264 0.6184 -0.4745
vn 0.3965 0.8873 -0.2357
vn 0.7900 0.3002 -0.5347
vn -0.0164 0.7565 -0.6538
vn -0.0929 0.5144 -0.8525
vn 0.2666 0.8309 -0.4884
vn 0.4107 0.3842 -0.8269
vn -0.1709 -0.0511 -0.9840
vn 0.2205 -0.3239 -0.9200
vn 0.0929 -0.7235 -0.6840
vn -0.0579 -0.5941 -0.8023
vn 0.4408 -0.7372 -0.5121
vn 0.2539 -0.8148 -0.5211
vn 0.6497 -0.3342 -0.6828
vn 0.5303 -0.6811 -0.5049
vn 0.4162 -0.7759 -0.4741
vn 0.3111 -0.8066 -0.5027
vn 0.6639 0.4988 -0.5571
vn 0.4536 0.8471 -0.2768
vn 0.7152 0.0341 -0.6981
vn 0.7463 -0.3665 -0.5556
vn 0.1696 0.9851 -0.0287
vn 0.0324 0.9966 -0.0758
vn 0.0459 0.9822 -0.1820
vn 0.1953 0.9549 -0.2237
vn -0.0889 0.9776 -0.1908
vn -0.0926 0.9866 -0.1341
vn 0.0880 0.8634 -0.4968
vn 0.1794 0.8622 -0.4737
vn 0.2712 0.8471 -0.4571
vn -0.1521 0.9739 -0.1684
vn -0.1374 0.9707 -0.1971
vn -0.1931 0.9553 -0.2237
vn -0.2311 0.9470 -0.2230
vn -0.0147 0.8354 -0.5495
vn 0.0417 0.8519 -0.5221
vn -0.3524 0.8925 -0.2816
vn -0.2928 0.9106 -0.2916
vn -0.3559 0.8563 -0.3742
vn -0.4332 0.8473 -0.3072
vn -0.1541 0.7442 -0.6500
vn -0.0998 0.7976 -0.5949
vn -0.3446 0.8842 -0.3152
vn -0.2473 0.8745 -0.4173
vn -0.0651 0.9070 -0.4161
vn -0.1875 0.9240 -0.3333
vn 0.0453 0.8147 -0.5781
vn -0.0849 0.7552 -0.6500
vn -0.1992 0.9637 -0.1777
vn -0.5450 0.8337 -0.0885
vn -0.5509 0.7869 -0.2779
vn -0.2588 0.9163 -0.3058
vn -0.9092 0.3928 -0.1382
vn -0.8935 0.4460 0.0528
vn -0.8046 0.4468 -0.3911
vn -0.3652 0.8409 -0.3994
vn -0.3878 0.5207 -0.7606
vn 0.0318 0.8188 -0.5732
vn -0.1239 0.8752 -0.4675
vn -0.5947 0.5519 -0.5846
vn 0.1049 0.9693 -0.2223
vn 0.3278 0.8024 -0.4988
vn 0.2525 0.9334 -0.2549
vn 0.0568 0.9928 -0.1057
vn 0.5880 0.5746 -0.5693
vn 0.4640 0.5243 -0.7140
vn 0.1061 0.9360 -0.3357
vn 0.0569 0.9732 -0.2228
vn 0.0736 0.9765 -0.2025
vn 0.1170 0.9209 -0.3718
vn -0.1142 -0.5030 -0.8567
vn -0.1234 -0.4782 -0.8695
vn -0.1636 -0.4801 -0.8618
vn -0.1315 -0.4442 -0.8862
vn -0.1465 -0.5065 -0.8497
vn -0.1955 -0.5258 -0.8278
vn -0.2313 -0.3958 -0.8887
vn -0.2766 -0.3013 -0.9125
vn -0.1453 -0.3656 -0.9194
vn -0.2384 -0.4543 -0.8584
vn -0.3375 -0.5717 -0.7478
vn -0.2679 -0.3191 -0.9091
vn -0.0353 -0.1355 -0.9902
vn 0.1101 0.6185 -0.7780
vn -0.0233 -0.3562 -0.9341
vn 0.0362 0.5252 -0.8502
vn 0.2564 0.6293 -0.7337
vn 0.1353 0.7231 -0.6773
vn 0.2981 0.2348 -0.9252
vn 0.3484 0.4957 -0.7955
vn 0.3411 0.4192 -0.8414
vn 0.3679 0.4319 -0.8235
vn 0.0701 -0.0229 -0.9973
vn 0.0449 0.6710 -0.7401
vn -0.1220 -0.5634 -0.8171
vn -0.1869 -0.4380 -0.8793
vn 0.0746 -0.2416 -0.9675
vn 0.0345 -0.2830 -0.9585
vn 0.1466 -0.1708 -0.9743
vn 0.6082 0.3239 -0.7247
vn 0.5416 0.3390 -0.7692
vn 0.4716 0.3883 -0.7917
vn 0.1014 -0.3829 -0.9182
vn 0.1569 -0.3918 -0.9066
vn 0.4808 0.3581 -0.8003
vn 0.5288 0.3715 -0.7631
vn 0.2564 -0.1451 -0.9556
vn 0.5483 0.5523 -0.6279
vn 0.5083 0.7768 -0.3718
vn 0.4319 0.2382 -0.8699
vn 0.5397 0.5051 -0.6735
vn 0.5428 0.5355 -0.6469
vn 0.5198 0.8337 -0.1865
vn 0.4261 0.8609 -0.2781
vn 0.5465 0.4904 -0.6788
vn 0.4460 0.7890 -0.4226
vn 0.4696 0.6718 -0.5729
vn 0.4856 0.4195 -0.7670
vn 0.5261 0.6994 -0.4837
vn 0.3881 0.6894 -0.6116
vn 0.4362 0.8799 -0.1884
vn 0.4772 0.8748 -0.0834
vn 0.2353 0.5859 -0.7755
vn 0.3511 0.8020 -0.4832
vn 0.6899 0.6102 -0.3896
vn 0.6284 0.6596 -0.4123
vn 0.5377 0.8357 -0.1117
vn 0.5844 0.7889 -0.1898
vn 0.6460 0.6036 -0.4672
vn 0.6897 0.5900 -0.4199
vn 0.5874 0.7596 -0.2793
vn 0.6311 0.7067 -0.3198
vn 0.6638 0.6148 -0.4259
vn 0.7321 0.6035 -0.3160
vn 0.7653 0.5839 -0.2710
vn 0.6952 0.6348 -0.3373
vn 0.3517 0.6858 -0.6372
vn 0.3497 0.6508 -0.6739
vn 0.3930 0.5538 -0.7341
vn 0.4205 0.6467 -0.6364
vn 0.3401 0.5701 -0.7479
vn 0.3019 0.6670 -0.6812
vn 0.2955 0.7316 -0.6144
vn 0.3484 0.7592 -0.5498
vn 0.2394 0.6964 -0.6765
vn 0.2958 0.6331 -0.7153
vn 0.3656 0.6544 -0.6619
vn 0.4047 0.6352 -0.6579
vn 0.4177 0.4399 -0.7950
vn 0.4277 0.4746 -0.7693
vn 0.3810 0.5907 -0.7113
vn 0.3717 0.5904 -0.7164
vn 0.3502 0.5636 -0.7482
vn 0.3985 0.4312 -0.8095
vn 0.4212 0.5180 -0.7445
vn 0.4376 0.4301 -0.7896
vn 0.3620 0.5137 -0.7779
vn 0.3309 0.5376 -0.7755
vn 0.2707 0.6244 -0.7327
vn 0.3278 0.5022 -0.8002
vn 0.4259 0.4669 -0.7750
vn 0.1926 0.6639 -0.7226
vn 0.1380 0.6366 -0.7588
vn 0.2317 0.5087 -0.8292
vn 0.2558 0.5863 -0.7687
vn 0.2634 0.6134 -0.7445
vn 0.3339 0.4835 -0.8091
vn 0.2557 0.4990 -0.8280
vn 0.2273 0.5749 -0.7860
vn 0.3095 0.3866 -0.8688
vn 0.3398 0.4592 -0.8208
vn 0.6234 0.2619 -0.7368
vn 0.4931 0.2115 -0.8439
vn 0.6303 -0.1226 -0.7666
vn 0.7592 0.0075 -0.6508
vn 0.0678 0.5990 -0.7978
vn 0.0035 0.5568 -0.8306
vn 0.1234 0.3980 -0.9090
vn 0.1643 0.4610 -0.8720
vn 0.3017 0.3881 -0.8709
vn 0.2182 0.4412 -0.8705
vn 0.2852 0.3374 -0.8971
vn 0.4316 0.1755 -0.8848
vn 0.2581 0.2461 -0.9343
vn 0.2379 0.3464 -0.9074
vn 0.0317 0.5605 -0.8276
vn 0.1917 0.3281 -0.9250
vn 0.1288 0.6393 -0.7581
vn 0.3087 0.3322 -0.8913
vn 0.8071 -0.2123 -0.5509
vn 0.6650 -0.3418 -0.6641
vn 0.7354 -0.3784 -0.5621
vn 0.7887 -0.3699 -0.4910
vn 0.5293 0.0279 -0.8480
vn 0.3933 0.2158 -0.8937
vn 0.5527 0.1567 -0.8185
vn 0.6662 0.0439 -0.7445
vn 0.4893 0.0339 -0.8714
vn 0.3572 0.1078 -0.9278
vn -0.0063 0.4248 -0.9053
vn 0.1840 0.6884 -0.7017
vn 0.4822 0.3108 -0.8191
vn 0.4421 0.0883 -0.8926
vn 0.6688 -0.5462 -0.5044
vn 0.7462 -0.3200 -0.5838
vn 0.6288 -0.3077 -0.7141
vn 0.4940 -0.6505 -0.5769
vn 0.6041 -0.3280 -0.7262
vn 0.6910 -0.0742 -0.7190
vn 0.7332 0.0683 -0.6766
vn 0.6139 -0.1526 -0.7745
vn 0.5815 0.0339 -0.8128
vn 0.7248 0.1312 -0.6764
vn 0.6009 -0.4169 -0.6820
vn 0.6176 0.0566 -0.7844
vn 0.3708 0.1692 -0.9132
vn 0.4698 -0.3183 -0.8234
vn 0.6228 -0.3671 -0.6909
vn 0.4242 -0.5488 -0.7204
vn 0.4626 -0.6949 -0.5505
vn 0.6685 -0.4310 -0.6061
vn 0.4915 -0.6681 -0.5586
vn 0.4647 -0.7135 -0.5244
vn 0.3720 -0.7615 -0.5308
vn 0.3531 -0.8362 -0.4196
vn 0.4474 -0.6534 -0.6106
vn 0.3754 -0.8221 -0.4280
vn 0.3973 -0.6700 -0.6271
vn 0.4154 -0.6832 -0.6006
vn 0.3239 -0.7315 -0.5999
vn 0.3952 -0.7283 -0.5598
vn 0.3672 -0.7968 -0.4798
vn 0.3307 -0.8672 -0.3722
vn 0.3164 -0.8855 -0.3402
vn 0.4636 -0.6242 -0.6289
vn 0.2488 -0.2333 -0.9400
vn 0.1999 -0.5693 -0.7974
vn 0.7927 -0.5261 -0.3080
vn 0.8195 0.1019 -0.5639
vn 0.9340 -0.3291 0.1391
vn 0.9394 0.3268 -0.1036
vn 0.8361 -0.5451 -0.0612
vn 0.9564 0.1810 -0.2294
vn 0.3701 -0.8471 -0.3814
vn 0.7235 -0.2432 -0.6460
vn 0.0633 -0.7451 -0.6639
vn 0.3991 0.1498 -0.9046
vn 0.4379 0.1518 -0.8861
vn 0.5215 0.1755 -0.8350
vn 0.1826 -0.6140 -0.7679
vn 0.2414 -0.5176 -0.8209
vn 0.5944 0.1768 -0.7845
vn 0.6003 0.1809 -0.7791
vn 0.2652 -0.4627 -0.8459
vn 0.2611 -0.4364 -0.8610
vn 0.2553 -0.4066 -0.8772
vn 0.5586 0.2148 -0.8012
vn 0.4708 0.2744 -0.8385
vn 0.2352 -0.3467 -0.9080
vn 0.1533 -0.2615 -0.9530
vn 0.3225 0.3318 -0.8865
vn 0.1312 0.2682 -0.9544
vn -0.0128 -0.3677 -0.9299
vn -0.0583 -0.7768 -0.6271
vn -0.0169 -0.7282 -0.6851
vn -0.0322 -0.8012 -0.5976
vn -0.0236 -0.8663 -0.4990
vn -0.1832 -0.8858 -0.4263
vn -0.0971 -0.8870 -0.4515
vn -0.0836 -0.8165 -0.5713
vn -0.1285 -0.8086 -0.5742
vn -0.1579 -0.9520 -0.2622
vn -0.2015 -0.9062 -0.3718
vn -0.1298 -0.8288 -0.5443
vn -0.1098 -0.8648 -0.4899
vn -0.0166 -0.9611 -0.2757
vn -0.0597 -0.9182 -0.3915
vn -0.1119 -0.9847 -0.1336
vn -0.0784 -0.9951 -0.0609
vn 0.5342 -0.8314 0.1530
vn 0.1734 -0.9849 -0.0011
vn -0.0044 -0.9998 -0.0216
vn 0.1643 -0.9808 -0.1054
vn 0.4935 -0.8330 -0.2500
vn 0.6946 -0.7071 0.1323
vn 0.1582 -0.9825 -0.0979
vn 0.2539 -0.9665 -0.0380
vn 0.0888 -0.8505 -0.5184
vn -0.2259 -0.8165 -0.5313
vn -0.0622 -0.9920 -0.1102
vn 0.0781 -0.9903 -0.1149
vn -0.3237 -0.8626 -0.3887
vn -0.1994 -0.9664 -0.1624
vn -0.1972 -0.9798 -0.0341
vn -0.2032 -0.9772 -0.0616
vn -0.0455 -0.9978 -0.0488
vn 0.0568 -0.9933 -0.1010
vn -0.0887 -0.9848 -0.1491
vn -0.1320 -0.9899 -0.0524
vn 0.0183 -0.9501 -0.3114
vn 0.1116 -0.8784 -0.4647
vn 0.0369 -0.6022 -0.7975
vn -0.1288 -0.8934 -0.4304
vn 0.4632 -0.5231 -0.7154
vn 0.2172 -0.8768 -0.4290
vn 0.1240 0.6357 -0.7619
vn 0.2680 0.2622 -0.9271
vn 0.6351 0.1754 -0.7523
vn 0.4485 0.3070 -0.8394
vn 0.3668 0.1279 -0.9215
vn 0.4120 0.3756 -0.8302
vn 0.0847 0.5628 -0.8223
vn 0.5084 -0.2616 -0.8204
vn 0.0277 -0.0305 -0.9992
vn 0.6006 -0.3385 -0.7243
vn 0.5853 -0.5215 -0.6209
vn 0.5798 -0.3078 -0.7544
vn 0.5686 -0.3291 -0.7540
vn 0.6220 -0.2450 -0.7437
vn 0.4882 -0.4249 -0.7623
vn 0.4283 -0.5731 -0.6987
vn 0.7300 -0.1755 -0.6605
vn 0.6797 -0.1579 -0.7163
vn 0.7653 -0.0309 -0.6429
vn 0.8283 0.0382 -0.5590
vn 0.6864 -0.0670 -0.7241
vn 0.6152 -0.2549 -0.7460
vn 0.8618 0.2183 -0.4578
vn 0.9117 0.2002 -0.3588
vn 0.9431 0.1595 -0.2917
vn 0.9213 0.3112 -0.2330
vn 0.7920 0.2310 -0.5651
vn 0.8989 0.4144 -0.1426
vn 0.3547 -0.8777 -0.3221
vn 0.3918 -0.8894 -0.2356
vn 0.3202 -0.9282 -0.1893
vn 0.2499 -0.9370 -0.2441
vn 0.5747 -0.6559 -0.4895
vn 0.7383 -0.5227 -0.4262
vn 0.3446 -0.9324 -0.1089
vn 0.8125 -0.5025 -0.2955
vn 0.8042 -0.5537 -0.2160
vn 0.3206 -0.9467 -0.0300
vn 0.8652 0.2675 -0.4242
vn 0.8413 0.2027 -0.5011
vn 0.6862 -0.6462 -0.3339
vn 0.7724 -0.5378 -0.3380
vn 0.4320 -0.8871 -0.1625
vn 0.3827 -0.9186 -0.0987
vn 0.2819 -0.9593 -0.0173
vn 0.3273 -0.9448 -0.0162
vn 0.2855 -0.9539 -0.0930
vn 0.3006 -0.9505 -0.0792
vn 0.8028 -0.5438 -0.2447
vn 0.9495 0.0291 -0.3124
vn 0.7473 -0.5468 -0.3777
vn 0.8713 -0.0711 -0.4855
vn 0.7229 -0.2233 -0.6538
vn 0.7034 -0.4254 -0.5694
vn 0.7906 0.2911 -0.5387
vn 0.7405 0.3730 -0.5591
vn 0.2932 0.2396 -0.9255
vn 0.2161 0.3965 -0.8922
vn 0.4139 0.7262 -0.5490
vn 0.5164 0.3821 -0.7664
vn 0.4149 0.7970 -0.4388
vn 0.3887 0.8637 -0.3207
vn 0.4250 0.7777 -0.4633
vn 0.5640 0.3924 -0.7266
vn 0.4469 0.8433 -0.2987
vn 0.5204 0.8019 -0.2934
vn 0.4921 -0.4702 -0.7327
vn 0.4262 -0.3343 -0.8406
vn 0.3911 0.4878 -0.7805
vn 0.5777 0.3984 -0.7124
vn 0.1881 0.9176 -0.3502
vn 0.2430 0.9193 -0.3095
vn 0.2469 0.8866 -0.3912
vn 0.1949 0.9000 -0.3899
vn 0.3015 0.7446 -0.5955
vn 0.3251 0.7584 -0.5649
vn 0.5028 0.3359 -0.7965
vn 0.4816 0.3181 -0.8166
vn 0.5654 -0.1518 -0.8107
vn 0.6210 -0.0576 -0.7817
vn 0.4985 0.5045 -0.7050
vn 0.5625 0.4534 -0.6914
vn 0.2801 0.9256 -0.2545
vn 0.2397 0.9325 -0.2701
vn 0.2008 0.9472 -0.2500
vn 0.2537 0.9543 -0.1581
vn 0.5088 0.7556 -0.4125
vn 0.3746 0.7740 -0.5105
vn 0.5918 0.3218 -0.7391
vn 0.7186 0.3092 -0.6228
vn 0.5025 -0.0219 -0.8643
vn 0.1669 -0.0179 -0.9858
vn 0.6263 -0.0816 -0.7753
vn 0.6151 -0.3331 -0.7146
vn 0.3794 -0.2835 -0.8807
vn 0.0761 -0.1761 -0.9814
vn 0.5562 -0.1524 -0.8169
vn 0.5195 -0.1413 -0.8427
vn 0.4675 -0.4604 -0.7546
vn 0.5700 -0.4014 -0.7169
vn 0.6196 -0.1082 -0.7774
vn 0.7348 -0.0309 -0.6775
vn 0.6607 -0.3758 -0.6498
vn 0.5221 -0.4590 -0.7188
vn 0.7274 0.3543 -0.5877
vn 0.7560 0.0479 -0.6528
vn 0.7425 0.1110 -0.6605
vn 0.7009 0.3964 -0.5930
vn 0.7296 -0.2366 -0.6416
vn 0.7195 -0.2894 -0.6313
vn 0.5676 -0.6696 -0.4790
vn 0.4932 -0.7165 -0.4933
vn 0.6080 -0.6179 -0.4985
vn 0.3951 -0.8948 -0.2079
vn 0.4009 -0.8822 -0.2470
vn 0.4013 -0.8704 -0.2854
vn -0.0762 0.8334 -0.5474
vn 0.3620 0.1371 -0.9220
vn 0.5111 0.3482 -0.7858
vn 0.3804 0.6188 -0.6873
vn 0.2617 0.5119 -0.8182
vn 0.0778 0.9587 -0.2736
vn 0.4017 -0.0369 -0.9150
vn 0.2579 -0.0167 -0.9660
vn 0.4226 0.1746 -0.8893
vn 0.5738 0.2108 -0.7914
vn 0.0644 -0.0846 -0.9943
vn 0.0453 0.0309 -0.9985
vn 0.0700 -0.2593 -0.9633
vn 0.1148 -0.1183 -0.9863
vn 0.3618 0.3402 -0.8680
vn 0.4192 0.3369 -0.8431
vn 0.2474 -0.4522 -0.8569
vn 0.5284 -0.5209 -0.6704
vn 0.7208 -0.1577 -0.6749
vn 0.4810 0.0814 -0.8729
vn 0.5634 -0.5685 -0.5994
vn 0.4610 -0.6412 -0.6134
vn 0.7083 -0.4407 -0.5515
vn 0.7498 -0.3085 -0.5853
vn 0.4708 -0.7661 -0.4375
vn 0.4258 -0.7043 -0.5680
vn 0.4681 0.7656 -0.4412
vn 0.3664 0.8768 -0.3113
vn 0.5639 0.6373 -0.5253
vn 0.6059 0.5640 -0.5611
vn 0.5709 0.6774 -0.4639
vn 0.4951 0.7081 -0.5035
vn 0.6509 0.5407 -0.5329
vn 0.6117 0.5789 -0.5392
vn 0.5712 0.7095 -0.4127
vn 0.6246 0.5477 -0.5567
vn 0.5887 0.4327 -0.6828
vn 0.5430 0.3718 -0.7530
vn 0.6296 0.2031 -0.7499
vn 0.6456 0.3889 -0.6573
vn 0.5003 0.6202 -0.6041
vn 0.4450 0.4951 -0.7462
vn 0.5341 0.7373 -0.4136
vn 0.4824 0.8239 -0.2974
vn 0.4602 0.8536 -0.2441
vn 0.4575 0.8395 -0.2931
vn 0.4883 0.6210 -0.6131
vn 0.4329 0.6980 -0.5704
vn 0.4078 0.4632 -0.7869
vn 0.4680 0.3358 -0.8174
vn 0.5747 0.7394 -0.3507
vn 0.7904 0.5113 -0.3375
vn 0.7579 0.6143 -0.2198
vn 0.5821 0.7774 -0.2384
vn 0.7135 0.1975 -0.6722
vn 0.5599 0.2261 -0.7971
vn 0.6219 0.4952 -0.6066
vn 0.7805 0.3802 -0.4963
vn 0.8816 0.3085 -0.3573
vn 0.8677 0.2816 -0.4096
vn 0.7921 0.5554 -0.2532
vn 0.8344 0.5335 -0.1387
vn 0.8020 0.4799 -0.3557
vn 0.8377 0.3046 -0.4533
vn 0.8575 0.4354 -0.2741
vn 0.7878 0.5650 -0.2452
vn -0.5835 0.6253 -0.5182
vn -0.3468 0.6019 -0.7193
vn -0.2547 0.3857 -0.8868
vn -0.6628 0.4128 -0.6248
vn -0.1652 0.3444 -0.9242
vn -0.1752 0.6070 -0.7751
vn -0.1507 0.3310 -0.9315
vn -0.2122 0.3658 -0.9062
vn -0.6612 0.3937 -0.6386
vn -0.0409 0.2295 -0.9724
vn -0.2722 0.4024 -0.8741
vn -0.3109 0.4954 -0.8111
vn -0.0628 0.3925 -0.9176
vn -0.6113 0.5502 -0.5688
vn -0.6445 0.4492 -0.6187
vn -0.3990 0.8645 -0.3056
vn -0.2125 0.8676 -0.4496
vn -0.0301 0.8736 -0.4858
vn 0.0156 0.9525 -0.3042
vn -0.1590 0.9370 -0.3112
vn -0.2107 0.7558 -0.6199
vn -0.0021 0.6837 -0.7297
vn -0.5084 0.7429 -0.4355
vn -0.3316 0.9173 -0.2203
vn -0.2592 0.8636 -0.4324
vn -0.4205 0.8507 -0.3155
vn -0.0626 0.9105 -0.4088
vn -0.0063 0.8964 -0.4433
vn 0.0447 0.4255 -0.9039
vn 0.0761 0.5287 -0.8454
vn -0.0167 0.8870 -0.4615
vn 0.0821 0.3809 -0.9210
vn 0.0252 0.2100 -0.9774
vn -0.0551 0.9204 -0.3872
vn -0.0019 0.9610 -0.2766
vn -0.0030 0.6395 -0.7688
vn 0.0123 0.6510 -0.7590
vn -0.0000 0.9698 -0.2437
vn -0.0379 0.9617 -0.2715
vn 0.0619 0.7457 -0.6634
vn -0.0301 0.7122 -0.7013
vn 0.0225 0.9034 -0.4282
vn 0.1067 0.5494 -0.8287
vn 0.1356 0.6482 -0.7493
vn 0.0541 0.9427 -0.3293
vn 0.1529 0.4228 -0.8932
vn 0.1286 0.3780 -0.9168
vn 0.4323 0.5751 -0.6945
vn 0.2351 0.9276 -0.2902
vn 0.1444 0.9335 -0.3283
vn 0.4015 0.4456 -0.8002
vn -0.0590 0.9973 -0.0438
vn 0.0003 0.9985 -0.0551
vn 0.0766 0.9761 -0.2035
vn 0.1644 0.7754 -0.6097
vn 0.1393 0.8822 -0.4498
vn 0.0635 0.9933 -0.0968
vn 0.2728 0.4873 -0.8295
vn 0.2058 0.4924 -0.8457
vn 0.0216 0.8357 -0.5488
vn -0.0317 0.9184 -0.3944
vn 0.0581 0.6756 -0.7350
vn 0.0691 0.6348 -0.7696
vn 0.2044 0.5365 -0.8188
vn 0.1654 0.5212 -0.8372
vn -0.0002 0.9261 -0.3774
vn 0.1256 0.7845 -0.6073
vn 0.3258 0.4416 -0.8360
vn 0.1838 0.6835 -0.7065
vn 0.2979 0.4559 -0.8387
vn 0.3826 0.1564 -0.9106
vn 0.4466 0.0506 -0.8933
vn 0.4437 0.2048 -0.8725
vn 0.3489 0.5000 -0.7926
vn 0.1119 0.9489 -0.2949
vn -0.0142 0.9983 -0.0562
vn -0.0400 0.3395 -0.9397
vn 0.1583 0.3229 -0.9331
vn 0.2403 0.2188 -0.9457
vn -0.0461 0.3076 -0.9504
vn 0.3592 0.1905 -0.9136
vn 0.4832 -0.0070 -0.8755
vn 0.5592 -0.3556 -0.7489
vn 0.5281 -0.1450 -0.8367
vn 0.5314 -0.4380 -0.7251
vn 0.6809 -0.3624 -0.6364
vn 0.6782 -0.2097 -0.7043
vn 0.4451 -0.1845 -0.8763
vn 0.7776 -0.1034 -0.6202
vn 0.5928 0.0104 -0.8053
vn 0.4037 -0.1237 -0.9065
vn 0.4382 -0.1543 -0.8856
vn 0.4124 -0.0652 -0.9087
vn 0.4201 -0.0617 -0.9054
vn 0.5295 -0.1468 -0.8355
vn 0.4965 -0.3166 -0.8082
vn 0.6267 0.4377 -0.6447
vn 0.5075 0.3996 -0.7634
vn 0.6199 0.1632 -0.7675
vn 0.4303 0.2145 -0.8768
vn 0.2744 0.1138 -0.9549
vn 0.3461 0.0147 -0.9381
vn 0.4241 -0.1945 -0.8845
vn 0.3492 -0.0140 -0.9370
vn 0.3426 0.1043 -0.9337
vn 0.4185 0.1924 -0.8876
vn 0.2767 0.1652 -0.9467
vn 0.2948 0.0785 -0.9523
vn -0.1229 0.7533 0.6461
vn -0.1845 0.7040 0.6859
vn -0.1071 0.8871 0.4490
vn -0.1008 0.9177 0.3843
vn -0.1572 0.8679 0.4711
vn -0.2698 0.6830 0.6788
vn -0.3621 0.6841 0.6332
vn -0.2305 0.8655 0.4447
vn -0.2815 0.8736 0.3970
vn -0.3870 0.6924 0.6090
vn -0.3615 0.6980 0.6181
vn -0.2804 0.8719 0.4014
vn -0.2904 0.8711 0.3961
vn -0.3706 0.6986 0.6121
vn -0.3601 0.6974 0.6197
vn -0.2727 0.8663 0.4184
vn -0.2430 0.8641 0.4409
vn -0.3616 0.7059 0.6091
vn -0.3497 0.7097 0.6116
vn -0.2313 0.8682 0.4390
vn -0.2704 0.8632 0.4264
vn -0.3659 0.6983 0.6152
vn -0.4058 0.6836 0.6066
vn -0.2919 0.8541 0.4306
vn -0.3214 0.8531 0.4109
vn -0.4699 0.6698 0.5750
vn -0.5294 0.6314 0.5666
vn -0.4042 0.8387 0.3650
vn -0.4737 0.7964 0.3761
vn -0.5898 0.5802 0.5617
vn -0.6436 0.5753 0.5048
vn -0.5340 0.7475 0.3951
vn -0.5731 0.7274 0.3774
vn -0.6546 0.6394 0.4033
vn -0.6770 0.6585 0.3288
vn -0.6329 0.7360 0.2405
vn -0.5946 0.7376 0.3199
vn -0.6521 0.6642 0.3655
vn -0.6646 0.5214 0.5352
vn -0.6431 0.6954 0.3207
vn -0.6935 0.6449 0.3212
vn -0.7524 0.4557 0.4757
vn -0.6752 0.4858 0.5550
vn -0.6691 0.6742 0.3128
vn -0.2172 0.8621 0.4578
vn -0.2482 0.7348 0.6312
vn -0.1835 0.6679 0.7213
vn -0.1852 0.7781 0.6003
vn -0.1351 0.6480 0.7496
vn -0.1203 0.7432 0.6582
vn -0.2697 0.9111 0.3118
vn -0.3754 0.7430 0.5541
vn -0.3389 0.7463 0.5728
vn -0.2530 0.9015 0.3511
vn -0.2417 0.9176 0.3157
vn -0.3342 0.7745 0.5371
vn -0.3604 0.7547 0.5482
vn -0.2729 0.9116 0.3073
vn -0.1923 0.9008 0.3893
vn -0.3220 0.7900 0.5218
vn -0.3307 0.7873 0.5203
vn -0.2165 0.9155 0.3392
vn -0.1916 0.8679 0.4582
vn -0.3046 0.7619 0.5716
vn -0.2984 0.7751 0.5570
vn -0.1760 0.8801 0.4410
vn -0.2603 0.8841 0.3880
vn -0.3869 0.7410 0.5489
vn -0.3440 0.7515 0.5629
vn -0.2344 0.8696 0.4345
vn -0.2529 0.9107 0.3265
vn -0.4085 0.7360 0.5399
vn -0.4262 0.7644 0.4838
vn -0.2184 0.9252 0.3103
vn -0.2080 0.8858 0.4149
vn -0.2762 0.7877 0.5507
vn -0.5418 0.7316 0.4137
vn -0.4871 0.7644 0.4224
vn -0.3386 0.6724 0.6582
vn -0.6373 0.6227 0.4540
vn -0.6871 0.4373 0.5802
vn -0.3079 0.5724 0.7599
vn -0.0250 0.9091 0.4159
vn -0.1372 0.9105 0.3902
vn -0.0431 0.9758 0.2145
vn 0.0513 0.9649 0.2576
vn -0.1245 0.9800 0.1550
vn -0.2069 0.9251 0.3183
vn -0.2334 0.9421 0.2409
vn -0.1585 0.9851 0.0673
vn -0.1344 0.9909 0.0091
vn -0.2190 0.9577 0.1869
vn -0.1993 0.9625 0.1839
vn -0.0902 0.9957 0.0199
vn -0.0664 0.9965 0.0502
vn -0.1665 0.9627 0.2133
vn -0.1157 0.9598 0.2559
vn -0.0257 0.9965 0.0795
vn 0.0429 0.9879 0.1491
vn -0.0713 0.9483 0.3092
vn 0.4099 0.8155 -0.4086
vn 0.0760 0.9925 -0.0961
vn 0.1884 0.9814 -0.0373
vn 0.4559 0.8279 -0.3268
vn 0.2186 0.9747 0.0475
vn 0.4075 0.8853 -0.2239
vn 0.0211 0.9737 -0.2268
vn 0.0132 0.9830 -0.1830
vn 0.3547 0.7861 -0.5063
vn 0.3463 0.7764 -0.5266
vn 0.1158 0.9877 -0.1051
vn 0.0864 0.9773 -0.1935
vn 0.3827 0.8158 -0.4336
vn 0.4279 0.8500 -0.3072
vn 0.0972 0.9886 -0.1148
vn 0.1144 0.9703 -0.2133
vn -0.1103 0.9939 -0.0086
vn -0.0635 0.9963 0.0576
vn -0.0386 0.9973 -0.0629
vn -0.1041 0.9943 0.0217
vn 0.2200 0.9361 -0.2746
vn 0.1316 0.9553 -0.2647
vn 0.2717 0.9021 -0.3351
vn -0.1884 0.9799 -0.0658
vn -0.1091 0.9853 -0.1311
vn -0.1313 0.9596 -0.2490
vn -0.2567 0.9562 -0.1406
vn 0.1716 0.8596 -0.4813
vn 0.1471 0.9287 -0.3405
vn -0.2916 0.9396 -0.1792
vn -0.1140 0.9431 -0.3124
vn 0.0630 0.9254 -0.3738
vn -0.2430 0.9627 -0.1187
vn 0.3217 0.7834 -0.5318
vn 0.2036 0.8278 -0.5228
vn -0.0754 0.9960 0.0476
vn 0.2979 0.9081 -0.2944
vn 0.4769 0.8618 -0.1728
vn 0.0999 0.9695 0.2239
vn 0.6149 0.7143 -0.3342
vn 0.4854 0.7571 -0.4372
vn 0.2299 0.9125 0.3385
vn 0.5616 0.8245 -0.0692
vn 0.5762 0.8167 0.0304
vn 0.2881 0.8636 0.4137
vn 0.6622 0.7220 -0.2005
vn 0.6640 0.6983 -0.2674
vn 0.2861 0.8421 0.4572
vn 0.5355 0.8329 0.1398
vn 0.2536 0.8724 0.4179
vn 0.4854 0.8592 0.1619
vn 0.6326 0.7688 -0.0937
vn 0.6438 0.7554 -0.1218
vn 0.4670 0.8773 0.1103
vn 0.2208 0.9024 0.3701
vn 0.1895 0.9239 0.3324
vn 0.4575 0.8879 0.0488
vn 0.6043 0.7816 -0.1548
vn 0.6282 0.7691 -0.1177
vn 0.1559 0.9404 0.3023
vn 0.4321 0.9018 0.0044
vn 0.4341 0.9005 0.0273
vn 0.1737 0.9312 0.3203
vn 0.5468 0.8221 -0.1583
vn 0.5609 0.8095 -0.1735
vn 0.3274 0.8162 0.4761
vn 0.5951 0.7861 0.1673
vn 0.4933 0.8644 0.0968
vn 0.2323 0.8913 0.3894
vn 0.7217 0.6914 -0.0316
vn 0.6127 0.7851 -0.0910
vn 0.6620 0.7216 0.2026
vn 0.4070 0.7480 0.5242
vn 0.6422 0.7339 0.2211
vn 0.4005 0.7624 0.5082
vn 0.8125 0.5740 -0.1017
vn 0.7956 0.6041 -0.0452
vn 0.3832 0.8244 -0.4166
vn 0.3007 0.8621 -0.4079
vn 0.3702 0.7978 -0.4758
vn 0.4412 0.7619 -0.4741
vn 0.3865 0.7040 -0.5958
vn 0.4698 0.6659 -0.5796
vn 0.4783 0.5876 -0.6526
vn 0.5194 0.5582 -0.6470
vn 0.5400 0.6319 -0.5560
vn 0.5405 0.5478 -0.6386
vn 0.5265 0.5655 -0.6349
vn 0.4043 0.6608 -0.6324
vn 0.4534 0.6616 -0.5973
vn 0.6208 0.5445 -0.5641
vn 0.6048 0.5659 -0.5603
vn 0.6339 0.5950 -0.4941
vn 0.6769 0.5656 -0.4711
vn 0.5567 0.6674 -0.4947
vn 0.6493 0.6567 -0.3836
vn 0.6729 0.6377 -0.3749
vn 0.6816 0.6104 -0.4035
vn 0.6732 0.6628 -0.3279
vn 0.6664 0.6836 -0.2976
vn 0.7027 0.6687 -0.2430
vn 0.6747 0.6897 -0.2629
vn 0.7254 0.6107 -0.3177
vn 0.6982 0.6254 -0.3485
vn 0.7374 0.5944 -0.3209
vn 0.7464 0.5982 -0.2916
vn 0.7135 0.6486 -0.2651
vn 0.6897 0.6517 -0.3156
vn 0.6981 0.5647 -0.4402
vn 0.7165 0.5828 -0.3833
vn 0.6563 0.6684 -0.3501
vn 0.6437 0.6759 -0.3589
vn 0.7883 0.5146 -0.3374
vn 0.7100 0.5445 -0.4466
vn 0.6959 0.6490 -0.3074
vn 0.7977 0.5701 -0.1964
vn 0.3372 0.9068 -0.2532
vn 0.2995 0.9540 -0.0114
vn -0.0275 0.9364 0.3498
vn 0.3274 0.8655 -0.3791
vn 0.1783 0.9609 -0.2119
vn 0.3068 0.8826 -0.3561
vn 0.4372 0.8180 -0.3738
vn 0.2923 0.8807 -0.3727
vn 0.3200 0.8731 -0.3679
vn 0.5068 0.7252 -0.4661
vn 0.1295 -0.8740 -0.4684
vn 0.0810 -0.7676 -0.6358
vn 0.0224 -0.7488 -0.6624
vn 0.0389 -0.8959 -0.4426
vn 0.1029 -0.7979 -0.5939
vn 0.0857 -0.7522 -0.6534
vn 0.3201 -0.4521 -0.8325
vn -0.0106 -0.7356 -0.6774
vn 0.2071 -0.7903 -0.5766
vn 0.3658 -0.6579 -0.6583
vn 0.1800 -0.9245 -0.3361
vn 0.2346 -0.9413 -0.2428
vn 0.2771 -0.8673 -0.4136
vn 0.2185 -0.7557 -0.6174
vn 0.0047 -0.9521 -0.3057
vn 0.0419 -0.9754 -0.2165
vn 0.0893 -0.9483 -0.3044
vn -0.0901 -0.9219 -0.3768
vn 0.1487 -0.9336 -0.3261
vn 0.1483 -0.9679 -0.2027
vn 0.2545 -0.3931 -0.8836
vn 0.2504 -0.5815 -0.7741
vn -0.1494 -0.8037 -0.5760
vn -0.0979 -0.7693 -0.6314
vn 0.2751 -0.8526 -0.4443
vn 0.3080 -0.8885 -0.3401
vn 0.3645 -0.7797 -0.5091
vn 0.2749 -0.7129 -0.6452
vn -0.0769 -0.6975 -0.7124
vn -0.0566 -0.8421 -0.5364
vn -0.2053 -0.8612 -0.4650
vn -0.2289 -0.7855 -0.5749
vn 0.1474 -0.8155 -0.5597
vn 0.1348 -0.6703 -0.7297
vn 0.4076 -0.5396 -0.7366
vn 0.2511 -0.4528 -0.8555
vn 0.3532 -0.1394 -0.9251
vn 0.1976 -0.0843 -0.9766
vn -0.1868 -0.4540 -0.8712
vn -0.1509 -0.7308 -0.6657
vn 0.2145 -0.6667 -0.7138
vn 0.0222 -0.3616 -0.9321
vn -0.2144 -0.6193 -0.7553
vn -0.1889 -0.3323 -0.9241
vn -0.0559 -0.1911 -0.9800
vn -0.0681 -0.4868 -0.8708
vn 0.1075 -0.4268 -0.8979
vn 0.0819 -0.1078 -0.9908
vn -0.6379 0.1903 -0.7463
vn -0.3834 -0.0460 -0.9224
vn -0.3763 0.0414 -0.9256
vn -0.5939 0.4404 -0.6733
vn -0.7896 0.2261 -0.5704
vn -0.8443 0.3188 -0.4307
vn 0.1314 0.2744 -0.9526
vn 0.2067 0.2763 -0.9386
vn 0.0807 0.6496 -0.7560
vn -0.0538 0.6482 -0.7596
vn -0.2631 0.7050 -0.6586
vn -0.1275 0.2964 -0.9465
vn -0.2230 0.2091 -0.9521
vn -0.2577 0.6669 -0.6992
vn -0.0175 0.2808 -0.9596
vn -0.3163 0.6377 -0.7023
vn -0.9260 0.3391 -0.1657
vn -0.9365 0.3454 0.0610
vn -0.7484 0.6627 -0.0273
vn -0.6955 0.6363 -0.3339
vn -0.2992 0.9469 -0.1180
vn -0.1184 0.9889 -0.0896
vn -0.0328 0.8984 -0.4379
vn -0.2207 0.8646 -0.4514
vn -0.3533 0.9285 -0.1145
vn -0.2628 0.8755 -0.4056
vn -0.3142 0.8637 -0.3942
vn -0.3304 0.9266 -0.1794
vn -0.5047 0.7620 -0.4057
vn -0.5042 0.8499 -0.1531
vn -0.6201 0.7642 0.1773
vn -0.6777 0.7350 0.0231
vn -0.3386 0.9332 -0.1207
vn -0.1937 0.9746 -0.1128
vn -0.7842 0.5502 0.2867
vn -0.8778 0.4549 0.1501
vn -0.2298 0.8149 0.5321
vn -0.1347 0.7879 0.6009
vn -0.1436 0.9462 0.2898
vn -0.2825 0.9326 0.2247
vn -0.9181 0.3574 0.1714
vn -0.7900 0.5815 0.1944
vn -0.4645 0.7263 0.5066
vn -0.3531 0.7095 0.6099
vn -0.1454 0.9497 0.2775
vn -0.3828 0.8071 0.4495
vn -0.5688 0.7131 0.4098
vn 0.1867 0.9737 -0.1305
vn 0.2428 0.9342 -0.2615
vn -0.1900 0.6944 0.6941
vn -0.1477 0.6456 0.7492
vn -0.0321 0.8042 0.5934
vn -0.2799 0.7084 0.6479
vn -0.2999 0.8303 0.4697
vn 0.1455 0.9536 0.2637
vn -0.3964 0.9031 0.1653
vn -0.3799 0.9160 0.1290
vn -0.5085 0.8451 0.1652
vn 0.2222 0.9046 -0.3638
vn 0.1468 0.8957 -0.4198
vn -0.0486 0.9416 -0.3331
vn 0.1073 0.9054 -0.4107
vn -0.0105 0.9419 -0.3358
vn 0.0758 0.9459 -0.3156
vn -0.1680 0.9845 -0.0511
vn -0.2400 0.9624 -0.1270
vn 0.3264 0.8065 -0.4930
vn 0.1347 0.9727 -0.1892
vn 0.1944 0.9790 -0.0613
vn 0.3197 0.9046 -0.2819
vn 0.0366 0.9589 -0.2814
vn 0.3832 0.7264 -0.5705
vn 0.3947 0.7043 -0.5901
vn -0.0309 0.9403 -0.3390
vn -0.1447 0.9020 -0.4068
vn 0.2964 0.7807 -0.5502
vn -0.2739 0.8634 -0.4236
vn -0.3496 0.8559 -0.3811
vn -0.1341 0.8693 -0.4757
vn -0.1499 0.9488 -0.2781
vn -0.3082 0.8931 -0.3276
vn -0.1558 0.9664 -0.2042
vn -0.1605 0.9689 -0.1883
vn -0.0469 0.9645 -0.2600
vn 0.2236 0.8273 -0.5153
vn 0.2428 0.7829 -0.5729
vn 0.0656 0.8756 -0.4785
vn 0.3158 0.8398 -0.4416
vn 0.1880 0.9298 -0.3164
vn 0.4918 0.6944 -0.5253
vn 0.2086 0.8946 -0.3951
vn 0.3959 0.7728 -0.4961
vn -0.1454 0.9893 -0.0103
vn -0.0096 0.9908 0.1347
vn 0.4381 0.7999 -0.4101
vn 0.4456 0.7247 -0.5255
vn 0.1283 0.8330 -0.5382
vn 0.0729 0.9063 -0.4164
vn -0.2412 0.9616 -0.1308
vn -0.3260 0.9175 -0.2278
vn 0.0741 0.1609 -0.9842
vn -0.1563 0.1531 -0.9758
vn -0.1436 0.4886 -0.8606
vn -0.1012 0.4088 -0.9070
vn -0.6198 0.5247 -0.5836
vn -0.6870 0.0254 -0.7262
vn 0.3787 -0.3392 -0.8611
vn 0.1902 -0.0608 -0.9799
vn -0.0142 0.2873 -0.9577
vn 0.2154 0.1156 -0.9697
vn 0.5501 -0.1199 -0.8265
vn 0.7425 -0.2460 -0.6231
vn 0.6387 -0.6156 -0.4617
vn 0.5555 -0.5560 -0.6183
vn 0.6443 -0.1225 -0.7549
vn 0.3751 0.0081 -0.9270
vn 0.3061 -0.2953 -0.9050
vn 0.5375 -0.4958 -0.6821
vn 0.2568 0.1281 -0.9579
vn 0.2476 0.1928 -0.9495
vn 0.3496 -0.1504 -0.9247
vn 0.2610 -0.1612 -0.9518
vn 0.3329 0.1179 -0.9356
vn 0.5042 -0.0182 -0.8634
vn 0.5755 -0.3566 -0.7360
vn 0.4826 -0.2534 -0.8384
vn 0.6149 -0.0791 -0.7846
vn 0.5509 0.0419 -0.8335
vn 0.4215 -0.2807 -0.8623
vn 0.5538 -0.3540 -0.7536
vn 0.4467 0.2417 -0.8614
vn 0.2741 -0.1907 -0.9426
vn 0.4047 0.3341 -0.8512
vn 0.2358 -0.1656 -0.9576
vn 0.4496 0.2010 -0.8703
vn 0.4011 0.2936 -0.8677
vn 0.2262 -0.1827 -0.9568
vn 0.2530 -0.2277 -0.9403
vn 0.5269 0.1355 -0.8390
vn 0.6570 0.1428 -0.7402
vn 0.3119 -0.2474 -0.9173
vn 0.4148 -0.2471 -0.8757
vn 0.7937 0.3881 -0.4684
vn 0.7843 0.2402 -0.5720
vn 0.5497 -0.2391 -0.8004
vn 0.6750 -0.1191 -0.7282
vn 0.2655 -0.7099 -0.6524
vn 0.1914 -0.7517 -0.6312
vn 0.3867 -0.6973 -0.6035
vn 0.2837 -0.9248 -0.2536
vn 0.1631 -0.9728 -0.1644
vn 0.1008 -0.9795 -0.1742
vn 0.4944 -0.6932 -0.5244
vn 0.5338 -0.6570 -0.5324
vn 0.4512 -0.7660 -0.4579
vn 0.3973 -0.8445 -0.3590
vn 0.4770 -0.6086 -0.6341
vn 0.3190 -0.5875 -0.7437
vn 0.2751 -0.7208 -0.6362
vn 0.4041 -0.7279 -0.5539
vn 0.1340 -0.5932 -0.7938
vn 0.0283 -0.5941 -0.8039
vn 0.1097 -0.7173 -0.6881
vn -0.0258 -0.7181 -0.6954
vn -0.0221 -0.6227 -0.7821
vn -0.0189 -0.5844 -0.8112
vn -0.1078 -0.7541 -0.6479
vn -0.1380 -0.8287 -0.5424
vn -0.0789 -0.7583 -0.6471
vn -0.0416 -0.6805 -0.7315
vn -0.2769 -0.9071 -0.3170
vn -0.1903 -0.8894 -0.4156
vn 0.0388 -0.8001 -0.5986
vn -0.0741 -0.8205 -0.5668
vn -0.3417 -0.8989 -0.2742
vn -0.3462 -0.8858 -0.3090
vn 0.5453 0.7367 -0.3999
vn 0.3177 0.9238 -0.2136
vn 0.4023 0.8706 -0.2831
vn 0.5537 0.7056 -0.4422
vn 0.7614 -0.2497 -0.5983
vn 0.6411 -0.5972 -0.4821
vn 0.7319 -0.6193 -0.2842
vn 0.8939 -0.2241 -0.3883
vn 0.5108 -0.8526 -0.1101
vn 0.4131 -0.8917 -0.1851
vn 0.8021 0.4361 -0.4081
vn 0.9061 0.1555 -0.3935
vn 0.7649 0.1149 -0.6338
vn 0.7006 0.4248 -0.5733
vn 0.7160 0.3634 -0.5961
vn 0.6387 0.7591 0.1256
vn 0.4341 0.8827 -0.1801
vn 0.4454 0.8142 -0.3723
vn 0.4638 0.8041 0.3718
vn 0.7402 0.6672 -0.0836
vn 0.6258 0.6873 -0.3687
vn 0.4533 0.8900 -0.0500
vn 0.4173 0.0011 0.9088
vn 0.9559 -0.1016 0.2754
vn 0.9088 0.3944 0.1358
vn 0.4962 0.4838 0.7209
vn 0.6493 -0.6754 0.3497
vn 0.1239 -0.5058 0.8537
vn 0.2823 -0.9068 0.3132
vn -0.0208 -0.7417 0.6704
vn 0.3262 -0.9452 -0.0117
vn 0.5995 -0.7857 -0.1528
vn 0.6466 -0.7372 0.1959
vn 0.2730 -0.9036 0.3302
vn 0.9928 -0.1017 0.0636
vn 0.8826 -0.2502 -0.3981
vn 0.8390 0.4762 -0.2632
vn 0.8017 0.5924 0.0795
vn 0.5795 0.8112 -0.0782
vn 0.7360 0.6279 -0.2530
vn 0.7135 0.6054 -0.3527
vn 0.7233 0.4990 -0.4774
vn 0.5881 0.7624 -0.2700
vn 0.6650 0.5685 -0.4844
vn 0.6843 0.3634 -0.6322
vn 0.7283 0.4021 -0.5549
vn 0.6693 0.0823 -0.7384
vn 0.6329 0.0023 -0.7743
vn 0.2782 -0.6135 -0.7390
vn 0.2229 -0.6258 -0.7474
vn -0.1561 -0.8654 -0.4761
vn -0.2420 -0.8746 -0.4202
vn 0.7510 -0.1798 -0.6354
vn 0.3350 -0.8007 -0.4967
vn 0.8895 -0.4570 0.0036
vn 0.4124 -0.8793 0.2382
vn 0.0521 -0.9741 0.2201
vn -0.0374 -0.9584 -0.2830
vn 0.8731 0.3394 -0.3500
vn 0.9156 -0.0477 0.3993
vn 0.8124 0.5731 -0.1073
vn 0.7748 0.2097 0.5964
vn 0.3493 -0.2824 0.8934
vn 0.4418 -0.5666 0.6955
vn 0.0758 -0.7651 0.6394
vn 0.0875 -0.5170 0.8515
vn 0.6241 0.7721 0.1197
vn 0.4764 0.8288 0.2934
vn 0.2911 0.5229 0.8011
vn 0.5020 0.4140 0.7593
vn -0.2135 -0.9624 0.1680
vn -0.2036 -0.9524 -0.2270
vn -0.2565 -0.8944 -0.3663
vn -0.3670 -0.9294 0.0387
vn 0.0349 0.0551 0.9979
vn 0.1402 -0.0904 0.9860
vn -0.1056 -0.4436 0.8900
vn -0.2079 -0.3691 0.9058
vn -0.1970 -0.7617 0.6173
vn -0.3700 -0.7067 0.6031
vn 0.5844 -0.6935 -0.4214
vn 0.4158 -0.6865 -0.5965
vn 0.5037 -0.3318 -0.7976
vn 0.6722 -0.3600 -0.6469
vn 0.0171 -0.9850 -0.1720
vn 0.0441 -0.9843 -0.1707
vn 0.1451 -0.9159 -0.3742
vn 0.1336 -0.9183 -0.3726
vn 0.2119 -0.9276 -0.3075
vn 0.1910 -0.9209 -0.3397
vn 0.1042 -0.9830 -0.1512
vn 0.1478 -0.9758 -0.1612
vn 0.5536 0.2871 -0.7817
vn 0.1180 0.8411 -0.5279
vn 0.3610 0.2486 -0.8988
vn 0.0653 0.7742 -0.6296
vn 0.3011 -0.6603 -0.6880
vn 0.3276 -0.6791 -0.6569
vn 0.4433 -0.1855 -0.8770
vn 0.3868 -0.2898 -0.8754
vn 0.3735 -0.6967 -0.6125
vn 0.4349 -0.6955 -0.5719
vn 0.6210 -0.1627 -0.7668
vn 0.5240 -0.1164 -0.8437
vn 0.2570 0.3239 -0.9105
vn 0.1343 0.7450 -0.6534
vn 0.3348 0.4775 -0.8124
vn 0.2923 0.7235 -0.6254
vn 0.2639 0.7961 -0.5446
vn 0.1681 0.8705 -0.4625
vn 0.5395 0.6527 -0.5319
vn 0.6023 0.5526 -0.5761
vn 0.6290 0.5092 -0.5875
vn 0.4507 0.5743 -0.6834
vn 0.4294 0.7339 -0.5264
vn 0.5554 0.7471 -0.3652
vn 0.8041 0.1739 -0.5685
vn 0.6901 -0.5754 -0.4390
vn 0.7801 0.1491 -0.6077
vn 0.6756 -0.4729 -0.5656
vn 0.4926 0.6291 -0.6014
vn 0.3943 0.7185 -0.5729
vn 0.6529 0.4793 -0.5865
vn 0.6809 0.4249 -0.5965
vn 0.6446 0.6637 -0.3795
vn 0.5826 0.6173 -0.5286
vn 0.7328 0.4218 -0.5339
vn 0.8053 0.4435 -0.3935
vn 0.2726 -0.9479 -0.1648
vn 0.2590 -0.9436 -0.2064
vn 0.2564 -0.9137 -0.3153
vn 0.2515 -0.8496 -0.4636
vn 0.7662 0.1958 -0.6120
vn 0.7653 0.1601 -0.6235
vn 0.7239 -0.3348 -0.6032
vn 0.7675 -0.2199 -0.6022
vn 0.8272 0.2343 -0.5108
vn 0.8935 -0.1104 -0.4352
vn 0.9080 0.2432 -0.3411
vn 0.9712 -0.0457 -0.2339
vn 0.6145 -0.4913 -0.6172
vn 0.6692 -0.1147 -0.7342
vn 0.4494 -0.3735 -0.8115
vn 0.4803 -0.1806 -0.8583
vn 0.3957 -0.8260 -0.4015
vn 0.5698 -0.7193 -0.3974
vn 0.5493 -0.6557 -0.5181
vn 0.3448 -0.7462 -0.5695
vn 0.9429 -0.2544 -0.2150
vn 0.7953 -0.5401 -0.2755
vn 0.8853 0.0028 -0.4650
vn 0.7910 -0.4134 -0.4510
vn 0.6232 -0.2061 -0.7544
vn 0.4756 -0.2996 -0.8271
vn 0.4965 -0.1968 -0.8454
vn 0.6106 -0.1398 -0.7795
vn 0.7476 -0.0532 -0.6620
vn 0.7022 -0.0581 -0.7096
vn 0.7689 0.1512 -0.6213
vn 0.7429 0.0495 -0.6676
vn 0.2479 0.5557 -0.7936
vn 0.4314 0.0448 -0.9010
vn 0.1216 0.3883 -0.9135
vn 0.3175 -0.2305 -0.9198
vn 0.5629 0.1898 -0.8044
vn 0.3948 0.7305 -0.5573
vn 0.7224 0.2966 -0.6247
vn 0.4949 0.7908 -0.3603
vn 0.8398 0.3712 -0.3963
vn 0.5539 0.7361 -0.3889
vn 0.6941 -0.1678 -0.7000
vn 0.7889 -0.0035 -0.6145
vn 0.6530 0.2020 -0.7299
vn 0.5951 0.0229 -0.8033
vn 0.6991 0.3800 -0.6057
vn 0.8824 0.1757 -0.4365
vn 0.5294 0.6963 -0.4847
vn 0.8528 0.4420 -0.2783
vn 0.7754 0.5271 -0.3477
vn 0.4491 0.7160 -0.5344
vn 0.4807 0.5496 -0.6833
vn 0.3691 0.7057 -0.6047
vn 0.9231 0.2787 -0.2651
vn 0.7435 0.4926 -0.4523
vn 0.7546 0.5569 -0.3471
vn 0.9213 0.3439 -0.1816
vn 0.6682 0.5411 -0.5106
vn 0.4019 0.5828 -0.7063
vn 0.4749 0.3972 -0.7853
vn 0.7866 0.4236 -0.4492
vn 0.8870 0.4235 -0.1841
vn 0.7281 0.6165 -0.2997
vn 0.6420 0.6960 -0.3215
vn 0.7984 0.5402 -0.2659
vn 0.5799 0.7063 -0.4060
vn 0.3659 0.7549 -0.5443
vn 0.3567 0.8273 -0.4340
vn 0.5147 0.7871 -0.3399
vn 0.1327 0.5312 -0.8368
vn 0.4177 0.2659 -0.8688
vn 0.3223 0.1471 -0.9351
vn 0.0555 0.4544 -0.8891
vn 0.5045 -0.1084 -0.8566
vn 0.4153 -0.1469 -0.8977
vn 0.2344 0.1222 -0.9644
vn 0.0207 0.4082 -0.9126
vn 0.2808 0.6880 -0.6692
vn 0.5078 0.5420 -0.6696
vn 0.4829 0.4121 -0.7727
vn 0.2236 0.6098 -0.7603
vn 0.2459 0.7868 -0.5660
vn 0.5213 0.6886 -0.5041
vn 0.5190 0.6322 -0.5753
vn 0.2903 0.7411 -0.6053
vn 0.4178 0.8046 -0.4220
vn 0.4951 0.7463 -0.4450
vn 0.1850 0.8044 -0.5646
vn 0.1413 0.8038 -0.5779
vn -0.2210 0.7185 -0.6595
vn -0.2378 0.7554 -0.6106
vn -0.3943 0.8715 -0.2915
vn -0.3691 0.8690 -0.3296
vn -0.4273 0.8511 -0.3051
vn -0.2333 0.7767 -0.5851
vn -0.2080 0.7870 -0.5808
vn -0.4567 0.8225 -0.3390
vn -0.4796 0.8028 -0.3544
vn -0.1701 0.8154 -0.5534
vn -0.1607 0.8232 -0.5445
vn -0.4986 0.7762 -0.3860
vn -0.5602 0.7021 -0.4396
vn -0.2093 0.8075 -0.5515
vn -0.2717 0.7400 -0.6153
vn -0.2969 0.5925 -0.7489
vn -0.6132 0.5830 -0.5330
vn -0.6049 0.3360 -0.7219
vn -0.5696 0.0581 -0.8198
vn -0.2247 0.4046 -0.8864
vn -0.1493 0.1066 -0.9830
vn -0.4805 -0.2883 -0.8283
vn 0.2320 0.6100 -0.7577
vn 0.1761 0.7386 -0.6507
vn -0.0426 -0.2820 -0.9585
vn 0.1631 -0.5484 -0.8202
vn -0.2633 -0.6207 -0.7385
vn 0.0477 -0.7945 -0.6054
vn 0.2781 0.0656 -0.9583
vn 0.2381 0.3625 -0.9010
vn 0.3328 -0.0404 -0.9421
vn 0.3469 -0.0565 -0.9362
vn 0.3779 -0.6225 -0.6853
vn 0.5224 -0.5869 -0.6186
vn 0.3283 -0.8097 -0.4865
vn 0.5322 -0.7596 -0.3737
vn 0.6175 -0.7134 -0.3314
vn 0.5566 -0.5663 -0.6079
vn 0.5981 -0.5455 -0.5871
vn 0.6943 -0.6187 -0.3677
vn 0.3517 -0.2106 -0.9121
vn 0.2896 -0.0808 -0.9537
vn 0.7038 -0.3518 -0.6172
vn 0.8367 -0.3448 -0.4254
vn 0.8219 0.1649 -0.5452
vn 0.4818 0.0348 -0.8756
vn 0.4688 -0.2417 -0.8496
vn 0.6870 0.1349 -0.7140
vn 0.4305 0.5519 -0.7142
vn 0.2440 0.4458 -0.8612
vn 0.5586 0.6217 -0.5491
vn 0.2185 0.8739 -0.4343
vn 0.1216 0.8065 -0.5787
vn 0.0235 0.7056 -0.7082
vn -0.1975 0.8900 -0.4109
vn -0.2366 0.7706 -0.5918
vn -0.1186 0.9555 -0.2701
vn -0.3514 0.8635 -0.3618
vn -0.3279 0.9311 -0.1600
vn -0.3489 0.6912 -0.6329
vn -0.4005 0.8999 -0.1725
vn -0.3462 0.8233 -0.4498
vn -0.2809 0.7603 -0.5857
vn -0.4025 0.8759 -0.2662
vn -0.0955 0.5103 -0.8547
vn -0.2404 0.6049 -0.7591
vn -0.2322 0.7129 -0.6617
vn -0.0239 0.4290 -0.9030
vn -0.3782 0.8600 -0.3427
vn -0.4337 -0.6705 -0.6019
vn -0.6726 -0.3251 -0.6648
vn -0.8062 -0.2211 -0.5488
vn -0.5783 -0.5954 -0.5578
vn -0.0781 -0.8451 -0.5289
vn -0.0246 -0.8536 -0.5203
vn 0.2962 -0.8497 -0.4362
vn 0.2677 -0.8603 -0.4339
vn 0.4874 -0.7957 -0.3595
vn 0.5083 -0.7887 -0.3459
vn 0.6247 -0.7171 -0.3092
vn 0.6262 -0.7223 -0.2935
vn 0.7661 -0.5627 -0.3105
vn 0.7339 -0.6086 -0.3015
vn 0.8786 -0.3148 -0.3590
vn 0.8962 -0.2270 -0.3813
vn 0.8870 0.2804 -0.3670
vn 0.8902 0.2077 -0.4054
vn 0.6476 0.6588 -0.3829
vn 0.6521 0.7058 -0.2767
vn 0.2967 0.9385 -0.1766
vn 0.2987 0.9052 -0.3023
vn -0.0640 0.9838 -0.1674
vn -0.0577 0.9958 -0.0713
vn -0.3006 0.9537 0.0121
vn -0.3059 0.9505 -0.0548
vn -0.4572 0.8873 -0.0601
vn -0.4413 0.8926 -0.0920
vn -0.4750 0.8792 0.0370
vn -0.4500 0.8921 0.0411
vn -0.4441 0.8948 0.0456
vn -0.4293 0.9001 -0.0750
vn -0.4394 0.8973 0.0420
vn -0.4228 0.9058 -0.0279
vn -0.1656 -0.6855 -0.7089
vn 0.2139 -0.8070 -0.5505
vn -0.2623 -0.3422 -0.9023
vn 0.1319 -0.5613 -0.8170
vn 0.4316 -0.5394 -0.7230
vn 0.4758 -0.7677 -0.4293
vn 0.6129 -0.4316 -0.6619
vn 0.6254 -0.6729 -0.3951
vn 0.7310 -0.1080 -0.6738
vn 0.8029 -0.4103 -0.4324
vn 0.8881 -0.0302 -0.4586
vn 0.7781 0.1952 -0.5970
vn 0.6501 0.5994 -0.4670
vn 0.8157 0.4261 -0.3912
vn 0.5576 0.7929 -0.2457
vn 0.4006 0.8711 -0.2840
vn 0.0384 0.9929 -0.1127
vn 0.2003 0.9737 -0.1087
vn -0.1233 0.9924 -0.0045
vn -0.2277 0.9737 0.0040
vn -0.3948 0.9176 0.0457
vn -0.3389 0.9395 0.0491
vn -0.4591 0.8858 0.0680
vn -0.4609 0.8847 0.0703
vn -0.4669 0.8803 0.0837
vn -0.4481 0.8906 0.0777
vn -0.5070 0.8545 -0.1129
vn -0.5545 0.8115 -0.1844
vn -0.5285 0.8480 -0.0396
vn -0.5949 0.7955 -0.1152
vn -0.6165 0.7697 -0.1658
vn -0.5721 0.7902 -0.2199
vn -0.1930 0.7652 -0.6142
vn -0.4176 0.9051 -0.0805
vn -0.4335 0.9011 -0.0115
vn -0.4205 0.9030 -0.0883
vn 0.2488 0.7460 -0.6177
vn 0.4805 0.4420 -0.7575
vn 0.3720 0.3230 -0.8702
vn -0.6383 0.7469 -0.1865
vn -0.6186 0.7426 -0.2567
vn -0.7030 0.6721 -0.2325
vn -0.6705 0.6614 -0.3360
vn 0.1907 0.0693 -0.9792
vn 0.0844 -0.0703 -0.9939
vn -0.1947 0.2932 -0.9360
vn 0.4348 -0.0368 -0.8998
vn -0.1749 0.9537 -0.2445
vn 0.1607 0.9090 -0.3845
vn -0.3057 0.9486 -0.0816
vn -0.4534 0.8870 0.0872
vn -0.4500 0.8882 0.0927
vn -0.4760 0.8770 0.0657
vn -0.4576 0.8857 0.0787
vn -0.4390 0.8974 -0.0447
vn -0.4377 0.8991 -0.0076
vn -0.5479 0.7542 -0.3618
vn -0.4331 0.4993 -0.7505
vn -0.6606 0.0764 -0.7468
vn -0.7844 0.5298 -0.3225
vn -0.4498 0.8901 -0.0734
vn -0.4668 0.8842 0.0178
vn -0.5584 0.8292 -0.0264
vn -0.6380 0.7609 -0.1183
vn -0.6199 0.7825 -0.0591
vn -0.6778 0.7227 -0.1355
vn -0.5022 0.8640 0.0356
vn -0.5438 0.8390 0.0196
vn -0.7938 0.5081 -0.3342
vn -0.7074 0.5399 -0.4561
vn -0.8488 0.3311 -0.4123
vn -0.7504 0.2879 -0.5950
vn -0.8731 0.0725 -0.4820
vn -0.7560 -0.0009 -0.6545
vn -0.6858 0.7201 -0.1054
vn -0.7616 0.6162 -0.2009
vn -0.8458 0.4663 -0.2593
vn -0.9103 0.2206 -0.3502
vn -0.8829 0.0579 -0.4659
vn -0.6627 -0.3529 -0.6605
vn -0.5721 0.8196 -0.0308
vn 0.5203 -0.4454 -0.7287
vn 0.5985 -0.3179 -0.7353
vn 0.1605 0.1849 -0.9696
vn 0.3634 -0.1114 -0.9250
vn 0.0665 0.2880 -0.9553
vn 0.2525 -0.0858 -0.9638
vn 0.0057 -0.0539 -0.9985
vn -0.1277 0.3470 -0.9291
vn -0.3012 0.4561 -0.8374
vn -0.2452 0.0984 -0.9645
vn -0.3187 0.2911 -0.9021
vn -0.2623 0.5770 -0.7734
vn -0.0822 0.5498 -0.8312
vn -0.2837 0.3320 -0.8996
vn -0.1030 0.1848 -0.9774
vn 0.1173 0.3391 -0.9334
vn 0.2635 0.0096 -0.9646
vn 0.0755 0.0564 -0.9956
vn -0.2277 -0.0980 -0.9688
vn -0.3419 0.0839 -0.9360
vn -0.6950 0.0472 -0.7175
vn -0.6575 -0.1914 -0.7287
vn -0.4013 0.2815 -0.8716
vn -0.6839 0.2430 -0.6879
vn 0.2264 0.0194 -0.9738
vn 0.1291 0.2216 -0.9665
vn 0.1219 0.1870 -0.9748
vn 0.0302 0.4384 -0.8983
vn -0.0908 0.5834 -0.8071
vn 0.0440 0.3285 -0.9435
vn 0.1178 0.4064 -0.9061
vn -0.0257 0.6889 -0.7244
vn 0.1749 0.7661 -0.6185
vn 0.2469 0.4467 -0.8599
vn 0.3352 0.5520 -0.7635
vn 0.3489 0.8316 -0.4322
vn 0.3748 0.8085 -0.4537
vn 0.3951 0.7616 -0.5137
vn 0.4633 0.8369 -0.2915
vn 0.5196 0.7829 -0.3422
vn 0.6488 0.7138 -0.2637
vn 0.5388 0.8109 -0.2285
vn 0.4072 0.8515 -0.3302
vn 0.3882 0.6876 -0.6136
vn 0.3263 0.9167 -0.2305
vn 0.2594 0.9658 -0.0028
vn 0.4034 0.8955 -0.1882
vn 0.3144 0.9493 0.0077
vn 0.4016 0.9102 -0.1008
vn 0.4178 0.9003 -0.1222
vn 0.3508 0.9365 -0.0013
vn 0.3564 0.9341 -0.0197
vn 0.3187 0.9438 0.0879
vn 0.2590 0.9644 0.0528
vn 0.3373 0.9389 -0.0691
vn 0.3394 0.9395 0.0472
vn 0.3089 0.9511 0.0081
vn 0.3156 0.9472 0.0574
vn 0.2874 0.9570 0.0401
vn 0.2435 0.9696 0.0243
vn 0.2812 0.9552 -0.0918
vn 0.3540 0.9304 -0.0955
vn 0.1063 0.9508 -0.2910
vn -0.0991 0.8436 -0.5277
vn 0.1068 0.7378 -0.6665
vn 0.2670 0.9392 -0.2159
vn -0.1022 0.7052 -0.7016
vn 0.0123 0.5604 -0.8281
vn 0.0248 0.5408 -0.8408
vn 0.0812 0.5820 -0.8091
vn -0.1333 0.3938 -0.9095
vn -0.0005 0.4866 -0.8736
vn -0.1950 0.6376 -0.7453
vn -0.5838 0.6038 -0.5428
vn -0.2563 0.1609 -0.9531
vn -0.6743 0.2372 -0.6993
vn -0.2919 0.6851 -0.6674
vn -0.0624 0.6084 -0.7912
vn -0.5458 0.6846 -0.4831
vn -0.5091 0.7401 -0.4393
vn -0.3347 0.7371 -0.5870
vn -0.1750 0.7044 -0.6879
vn -0.0562 0.7083 -0.7037
vn 0.1367 0.5337 -0.8346
vn 0.3044 0.5755 -0.7590
vn 0.1971 0.6736 -0.7123
vn -0.2847 0.7859 -0.5489
vn -0.4763 0.7847 -0.3968
vn -0.4494 0.8158 -0.3639
vn -0.2104 0.8101 -0.5473
vn 0.7018 0.4046 -0.5863
vn 0.6026 0.6433 -0.4722
vn 0.8669 0.4304 -0.2513
vn 0.5584 0.8122 -0.1689
vn -0.4530 0.8161 -0.3588
vn -0.1896 0.8143 -0.5486
vn -0.1953 0.7785 -0.5965
vn -0.5281 0.7433 -0.4106
vn 0.3771 0.6911 -0.6166
vn 0.2696 0.6942 -0.6674
vn -0.1722 0.6991 -0.6940
vn 0.4790 0.7474 -0.4604
vn -0.4662 0.6702 -0.5774
vn -0.0684 0.9375 -0.3412
vn -0.0032 0.9448 0.3276
vn 0.9492 0.3134 -0.0279
vn 0.9514 0.1918 -0.2408
vn 0.5535 0.5014 0.6650
vn 0.6681 -0.0014 0.7441
vn 0.9609 -0.0754 0.2663
vn 0.9916 0.0845 0.0978
vn 0.8468 0.2695 -0.4586
vn 0.9672 0.1989 -0.1580
vn 0.8648 -0.1637 0.4747
vn 0.9181 0.1126 0.3800
vn 0.8917 0.1282 0.4342
vn 0.7778 -0.2015 0.5954
vn 0.6720 -0.0113 0.7405
vn 0.3001 0.8474 0.4381
vn 0.6280 0.7705 0.1091
vn 0.1509 0.9262 -0.3454
vn -0.1762 0.9817 -0.0719
vn 0.3720 0.8136 -0.4469
vn 0.7444 0.6644 -0.0672
vn 0.8101 0.4006 0.4281
vn 0.6767 0.5035 0.5371
vn 0.5658 0.8202 0.0847
vn 0.6706 0.7416 -0.0197
vn 0.4239 0.7582 0.4954
vn 0.4276 0.7241 0.5412
vn 0.3657 0.7331 -0.5734
vn 0.2390 0.6901 -0.6831
vn 0.2438 0.9244 -0.2933
vn 0.4838 0.8746 0.0312
vn 0.1275 0.8123 -0.5691
vn 0.2656 0.6722 -0.6911
vn -0.2989 0.9356 -0.1879
vn 0.0349 0.9841 0.1739
vn 0.9168 0.3950 0.0589
vn 0.7537 0.6555 0.0471
vn 0.5165 0.6490 -0.5586
vn 0.7627 0.4544 -0.4603
vn 0.8133 0.5798 -0.0486
vn 0.8386 0.4021 -0.3675
vn 0.2405 0.6448 -0.7256
vn 0.3197 0.6300 -0.7078
vn 0.2529 0.6493 -0.7172
vn 0.2631 0.6410 -0.7210
vn 0.5320 0.3941 -0.7494
vn 0.6554 0.3874 -0.6483
vn 0.7597 0.2783 -0.5877
vn 0.6492 0.2691 -0.7115
vn 0.1222 0.7509 -0.6490
vn 0.1265 0.7776 -0.6159
vn 0.2802 0.6495 -0.7069
vn 0.2804 0.6289 -0.7251
vn -0.3569 0.9000 -0.2502
vn -0.3864 0.8784 -0.2811
vn 0.2402 0.6587 -0.7130
vn 0.2491 0.6559 -0.7125
vn 0.3166 0.6291 -0.7099
vn 0.2726 0.6410 -0.7175
vn 0.2758 0.6367 -0.7201
vn 0.2704 0.6351 -0.7235
vn 0.3181 0.6585 -0.6820
vn 0.1610 0.7841 -0.5994
vn 0.1278 0.7494 -0.6497
vn 0.2876 0.6327 -0.7190
vn -0.3764 0.8827 -0.2814
vn -0.3096 0.9194 -0.2427
vn 0.4168 0.4441 -0.7931
vn 0.4252 0.4085 -0.8077
vn 0.4981 0.3825 -0.7782
vn 0.4488 0.6249 -0.6389
vn 0.1791 0.8425 -0.5080
vn -0.2605 0.9498 -0.1733
vn 0.3706 0.7053 -0.6044
vn 0.4265 0.9029 -0.0541
vn 0.4407 0.8894 -0.1213
vn 0.6667 0.7233 -0.1797
vn 0.5531 0.7223 -0.4153
vn 0.3255 0.6323 -0.7030
vn 0.2544 0.6512 -0.7150
vn 0.2606 0.6308 -0.7309
vn 0.3215 0.5784 -0.7498
vn 0.4472 0.8243 -0.3473
vn 0.5110 0.5792 -0.6351
vn 0.4682 0.6057 -0.6433
vn 0.4195 0.5600 -0.7144
vn 0.7688 0.6038 -0.2107
vn 0.5010 0.7273 -0.4691
vn 0.4234 0.6740 -0.6054
vn 0.3378 0.6409 -0.6893
vn 0.2839 0.6333 -0.7199
vn -0.0213 -0.4318 -0.9017
vn 0.0029 0.0577 -0.9983
vn 0.1116 -0.1477 -0.9827
vn 0.1330 -0.3981 -0.9076
vn 0.0749 -0.8504 -0.5208
vn 0.0467 -0.7312 -0.6806
vn 0.1373 -0.7192 -0.6811
vn 0.0831 -0.8512 -0.5182
vn 0.4847 -0.5470 -0.6825
vn 0.4326 -0.5256 -0.7325
vn 0.5473 -0.5595 -0.6225
vn 0.4840 -0.6207 -0.6168
vn 0.2817 -0.6782 -0.6788
vn 0.1686 -0.4515 -0.8762
vn -0.1468 -0.3042 -0.9412
vn -0.0033 -0.6488 -0.7610
vn -0.3395 -0.4947 -0.8000
vn -0.3601 -0.0961 -0.9279
vn -0.4336 -0.0059 -0.9011
vn -0.6169 -0.3730 -0.6931
vn -0.6881 -0.0321 -0.7249
vn -0.4788 0.1099 -0.8710
vn 0.2786 -0.5837 -0.7627
vn 0.3548 -0.3841 -0.8524
vn 0.3129 -0.8102 -0.4957
vn 0.4199 -0.6691 -0.6132
vn 0.1190 -0.9173 -0.3799
vn 0.2070 -0.8291 -0.5193
vn 0.1917 -0.9277 -0.3204
vn 0.1017 -0.9607 -0.2581
vn 0.3079 -0.8350 -0.4561
vn 0.2208 -0.9605 -0.1691
vn 0.1757 -0.8968 -0.4060
vn 0.2468 -0.9262 -0.2851
vn 0.0183 -0.9941 -0.1073
vn -0.3313 -0.8283 -0.4518
vn -0.1158 -0.8798 -0.4610
vn 0.1079 -0.9864 -0.1241
vn 0.0491 -0.9286 -0.3677
vn 0.0170 -0.9281 -0.3720
vn 0.0048 -0.9557 -0.2944
vn 0.0290 -0.9596 -0.2799
vn -0.0019 -0.9430 -0.3327
vn -0.0492 -0.9574 -0.2847
vn 0.0463 -0.9752 -0.2164
vn 0.0297 -0.9618 -0.2721
vn -0.1014 -0.9917 -0.0785
vn -0.1038 -0.9740 -0.2016
vn 0.0559 -0.9930 -0.1045
vn 0.0422 -0.9991 -0.0098
vn 0.0139 -0.9850 0.1718
vn 0.0155 -0.9880 0.1535
vn 0.0785 -0.9771 0.1977
vn 0.0196 -0.9846 0.1737
vn 0.0870 -0.9793 0.1828
vn -0.0077 -0.9921 0.1254
vn -0.1002 -0.9907 0.0925
vn -0.0152 -0.9870 0.1602
vn -0.2957 -0.9514 -0.0857
vn -0.1251 -0.9901 0.0638
vn -0.2964 -0.9350 -0.1947
vn -0.4357 -0.8378 -0.3290
vn -0.3912 -0.7677 -0.5075
vn -0.2805 -0.8694 -0.4067
vn -0.0320 -0.9863 -0.1619
vn -0.0505 -0.9987 -0.0044
vn -0.2531 -0.9671 -0.0262
vn -0.3202 -0.9386 -0.1288
vn -0.4543 -0.8357 -0.3087
vn -0.4267 -0.8759 -0.2251
vn -0.4824 -0.7592 -0.4369
vn -0.4905 -0.7687 -0.4105
vn -0.4151 -0.7409 -0.5280
vn -0.4214 -0.7329 -0.5342
vn -0.2621 -0.9440 -0.2004
vn -0.2365 -0.9230 -0.3037
vn -0.3869 -0.8261 -0.4097
vn -0.4180 -0.8377 -0.3515
vn -0.4649 -0.7619 -0.4510
vn -0.4518 -0.7517 -0.4804
vn -0.4663 -0.6734 -0.5736
vn -0.4330 -0.7192 -0.5434
vn -0.3563 -0.7705 -0.5285
vn -0.5049 -0.3098 -0.8057
vn -0.6724 -0.3539 -0.6501
vn -0.4525 -0.7233 -0.5216
vn -0.0707 -0.9963 0.0481
vn -0.0799 -0.9968 0.0029
vn 0.0223 -0.9989 0.0402
vn 0.0309 -0.9955 0.0891
vn -0.0512 -0.9950 0.0856
vn 0.0592 -0.9883 0.1406
vn 0.1192 -0.9863 0.1145
vn 0.1669 -0.9849 0.0452
vn 0.2363 -0.9641 0.1210
vn 0.1884 -0.9703 0.1519
vn 0.0322 -0.9949 -0.0954
vn 0.1044 -0.9756 -0.1929
vn 0.1665 -0.9841 -0.0612
vn 0.1432 -0.9895 0.0205
vn 0.1543 -0.9880 0.0093
vn 0.1679 -0.9847 0.0467
vn 0.1470 -0.9859 0.0802
vn 0.1250 -0.9916 0.0329
vn 0.1597 -0.9864 0.0381
vn 0.1936 -0.9782 0.0753
vn 0.1842 -0.9739 0.1326
vn 0.2349 -0.9645 0.1205
vn -0.0335 -0.9553 -0.2938
vn 0.0005 -0.9694 -0.2453
vn -0.0268 -0.9765 -0.2139
vn -0.1093 -0.9647 -0.2395
vn 0.0820 -0.9844 -0.1555
vn 0.0904 -0.9754 -0.2012
vn 0.1665 -0.9661 -0.1971
vn 0.1665 -0.9770 -0.1335
vn 0.1371 -0.9875 -0.0774
vn 0.0847 -0.9899 -0.1138
vn 0.0478 -0.9956 -0.0807
vn 0.0892 -0.9953 -0.0373
vn 0.0215 -0.9883 -0.1511
vn -0.0388 -0.9846 -0.1703
vn 0.0217 -0.9596 -0.2805
vn -0.0755 -0.9758 -0.2052
vn -0.0767 0.9163 0.3931
vn -0.1928 0.9235 0.3317
vn -0.1010 0.9940 0.0425
vn -0.0011 0.9981 0.0621
vn -0.1176 0.9929 -0.0186
vn -0.1929 0.9214 0.3373
vn -0.0593 0.9977 -0.0339
vn -0.1462 0.9220 0.3585
vn -0.1187 0.9253 0.3602
vn -0.0133 0.9999 -0.0006
vn 0.0075 0.9987 0.0504
vn -0.1223 0.9282 0.3515
vn -0.1207 0.9359 0.3309
vn 0.0061 0.9970 0.0773
vn -0.0626 0.9964 0.0567
vn -0.2055 0.9331 0.2953
vn -0.1504 0.9854 0.0795
vn -0.2944 0.9269 0.2326
vn 0.2499 0.8944 0.3709
vn 0.1110 0.9015 0.4183
vn 0.0146 0.9994 0.0311
vn -0.0566 0.9961 0.0681
vn 0.4243 0.7326 0.5323
vn -0.1033 0.5099 0.8540
vn 0.0089 0.6779 0.7351
vn 0.3957 0.7548 0.5231
vn -0.2081 0.6774 0.7056
vn -0.2658 0.4505 0.8523
vn -0.2706 0.4388 0.8569
vn -0.2587 0.6797 0.6864
vn -0.2425 0.6551 0.7156
vn -0.2936 0.5024 0.8133
vn -0.2765 0.6588 0.6996
vn -0.2230 0.7122 0.6656
vn -0.2186 0.6765 0.7032
vn -0.2752 0.5845 0.7633
vn -0.3433 0.7645 0.5456
vn -0.2886 0.7795 0.5560
vn -0.2549 0.7486 0.6120
vn -0.2845 0.7296 0.6219
vn -0.3989 0.8807 0.2555
vn -0.3347 0.8271 0.4516
vn -0.3618 0.8425 0.3990
vn -0.4043 0.8968 0.1798
vn 0.1291 0.9577 0.2573
vn -0.2248 0.6471 0.7285
vn -0.2936 0.7652 0.5730
vn -0.0459 0.9953 0.0855
vn -0.2242 0.9500 0.2172
vn -0.2945 0.8019 0.5199
vn -0.2898 0.7718 0.5659
vn -0.2128 0.9555 0.2043
vn -0.1475 0.9888 -0.0245
vn -0.1593 0.9866 0.0345
vn -0.1595 0.9866 0.0337
vn -0.1349 0.9908 -0.0136
vn -0.2314 0.9646 0.1268
vn -0.2962 0.8846 0.3603
vn -0.2883 0.8374 0.4644
vn -0.2299 0.9502 0.2103
vn -0.1862 0.9801 -0.0682
vn -0.1722 0.9840 -0.0464
vn -0.1500 0.9886 0.0148
vn -0.1507 0.9882 -0.0288
vn -0.2265 0.9739 0.0165
vn -0.3081 0.9269 0.2143
vn -0.3001 0.9521 0.0580
vn -0.2012 0.9784 -0.0480
vn -0.1432 0.9868 -0.0756
vn -0.1757 0.9783 -0.1095
vn -0.2084 0.9738 -0.0908
vn -0.1494 0.9883 -0.0295
vn -0.0709 0.9962 0.0508
vn -0.1070 0.9931 0.0486
vn -0.1217 0.9863 0.1112
vn -0.0480 0.9961 0.0734
vn -0.1661 0.9812 0.0984
vn -0.1662 0.9855 0.0352
vn -0.2517 0.9658 0.0615
vn -0.3272 0.9371 0.1216
vn -0.2236 0.9668 0.1235
vn -0.2679 0.9505 0.1577
vn -0.0561 0.9963 0.0653
vn -0.1653 0.9755 0.1450
vn -0.2093 0.9647 0.1599
vn -0.0844 0.9957 0.0386
vn -0.2946 0.9378 0.1835
vn -0.3345 0.9290 0.1585
vn -0.3111 0.9354 0.1681
vn -0.3639 0.9191 0.1508
vn -0.2021 0.9748 0.0941
vn -0.2717 0.9620 0.0256
vn -0.1413 0.9898 -0.0188
vn -0.2716 0.9513 0.1455
vn -0.3781 0.9216 0.0877
vn -0.2472 0.9598 -0.1326
vn -0.3687 0.9231 -0.1097
vn -0.4793 0.8766 0.0427
vn -0.5278 0.8469 -0.0646
vn -0.3946 0.8780 -0.2708
vn -0.4321 0.8335 -0.3444
vn -0.5681 0.8151 -0.1131
vn -0.4992 0.8663 -0.0203
vn -0.3651 0.8921 -0.2662
vn -0.3591 0.8588 -0.3653
vn -0.5483 0.8269 -0.1247
vn -0.6348 0.7240 -0.2698
vn -0.3719 0.7544 -0.5409
vn -0.5023 0.3208 -0.8030
vn -0.7817 0.2835 -0.5554
vn -0.5850 0.7906 -0.1807
vn -0.4625 0.8009 -0.3802
vn -0.5831 0.6159 -0.5298
vn -0.6802 0.6511 -0.3368
vn -0.4838 -0.6893 -0.5392
vn -0.6400 -0.4438 -0.6273
vn -0.5919 -0.4392 -0.6759
vn -0.5079 -0.6093 -0.6089
vn -0.7943 0.1430 -0.5905
vn -0.6938 0.0676 -0.7170
vn 0.8156 0.5740 -0.0725
vn 0.7692 0.1697 -0.6161
vn 0.8706 -0.1367 -0.4727
vn 0.9804 0.0679 -0.1850
vn 0.9917 0.1286 0.0092
vn 0.8740 -0.1113 -0.4729
vn 0.4959 -0.0915 -0.8635
vn 0.6301 -0.1175 -0.7676
vn 0.5811 -0.0058 -0.8138
vn 0.5147 0.0477 -0.8560
vn 0.6046 -0.0897 -0.7915
vn 0.5244 -0.1030 -0.8452
vn 0.5605 0.0324 -0.8275
vn 0.6031 0.0346 -0.7969
vn 0.6949 0.0439 -0.7178
vn 0.6589 -0.0328 -0.7515
vn 0.6289 0.0572 -0.7754
vn 0.6619 0.0814 -0.7451
vn 0.1966 0.9219 0.3338
vn 0.1770 0.6986 0.6933
vn -0.0438 0.3772 0.9251
vn 0.0927 0.6738 0.7331
vn 0.0441 0.3521 0.9349
vn -0.1741 0.1352 0.9754
vn -0.2132 -0.1018 0.9717
vn -0.0422 -0.0306 0.9986
vn 0.9111 0.2871 0.2958
vn 0.9056 -0.1179 -0.4074
vn 0.9187 -0.3017 -0.2547
vn 0.6793 0.3129 0.6638
vn 0.5476 0.0726 -0.8336
vn 0.5283 0.1442 -0.8367
vn 0.5057 0.0763 -0.8593
vn 0.4829 -0.0049 -0.8757
vn 0.5697 0.1140 -0.8139
vn 0.6000 0.1125 -0.7920
vn 0.5694 0.0566 -0.8201
vn 0.6140 0.0090 -0.7893
vn 0.6600 0.0468 -0.7498
vn 0.6366 0.0732 -0.7677
vn 0.6560 -0.1032 -0.7477
vn 0.6529 -0.0760 -0.7536
vn 0.3654 -0.4488 -0.8155
vn 0.5082 -0.4721 -0.7203
vn 0.5756 -0.2863 -0.7660
vn 0.5025 -0.2059 -0.8397
vn 0.6134 -0.3081 -0.7272
vn 0.5372 -0.4621 -0.7056
vn 0.6543 -0.0722 -0.7528
vn 0.6258 0.0326 -0.7793
vn 0.5166 -0.4714 -0.7148
vn 0.6144 -0.3009 -0.7293
vn 0.5766 -0.2499 -0.7779
vn 0.4975 -0.4579 -0.7368
vn 0.5276 -0.1839 -0.8294
vn 0.4414 -0.1403 -0.8863
vn 0.4792 -0.3879 -0.7873
vn 0.3856 -0.3190 -0.8658
vn -0.1341 -0.7240 0.6766
vn 0.1031 -0.9483 0.3001
vn 0.0920 -0.9526 0.2899
vn -0.0997 -0.6961 0.7110
vn -0.2206 -0.3902 0.8939
vn -0.1613 -0.4460 0.8804
vn 0.0901 -0.8241 0.5593
vn 0.2329 -0.9605 0.1523
vn -0.1646 -0.2426 0.9561
vn 0.1136 -0.1631 0.9800
vn 0.5828 -0.8077 0.0894
vn 0.0638 -0.5842 0.8091
vn 0.3938 0.0905 0.9147
vn 0.8608 -0.5063 -0.0513
vn 0.4059 -0.3435 -0.8469
vn 0.4310 -0.1478 -0.8902
vn 0.3576 -0.8249 0.4378
vn 0.1627 -0.7445 0.6475
vn 0.2716 -0.7897 0.5501
vn 0.2387 -0.7857 0.5707
vn 0.4534 0.4726 0.7557
vn 0.6479 0.6358 0.4195
vn 0.8568 -0.0026 0.5157
vn 0.4135 -0.1595 0.8964
vn 0.5579 -0.6567 0.5074
vn 0.2812 -0.6209 0.7317
vn 0.1207 0.0653 0.9905
vn -0.2725 -0.3662 0.8897
vn -0.0647 -0.2512 0.9658
vn -0.3532 -0.4779 0.8043
vn -0.5151 -0.6643 0.5416
vn -0.4853 -0.6580 0.5758
vn -0.4813 -0.8763 0.0216
vn -0.5077 -0.8572 0.0869
vn -0.3146 -0.8662 -0.3881
vn -0.3822 -0.8704 -0.3103
vn -0.3084 -0.9056 -0.2910
vn -0.3984 -0.9135 -0.0819
vn -0.2484 -0.9247 -0.2885
vn -0.3081 -0.9391 -0.1522
vn -0.1799 -0.9405 -0.2882
vn -0.2344 -0.9601 -0.1527
vn -0.2054 -0.9662 -0.1557
vn -0.1381 -0.9303 -0.3398
vn -0.0911 -0.9074 -0.4102
vn -0.1569 -0.9741 -0.1627
vn -0.0665 -0.9829 -0.1718
vn -0.0029 -0.8757 -0.4829
vn 0.0323 -0.9801 -0.1958
vn 0.1051 -0.8492 -0.5175
vn 0.2335 -0.8383 -0.4927
vn 0.1213 -0.9687 -0.2167
vn 0.1498 -0.9635 -0.2221
vn 0.3099 -0.8435 -0.4387
vn 0.2881 -0.8852 -0.3653
vn 0.1028 -0.9722 -0.2102
vn -0.0212 -0.9827 -0.1842
vn 0.1845 -0.9500 -0.2518
vn -0.1390 -0.9890 -0.0498
vn 0.0714 -0.9961 -0.0511
vn 0.4198 -0.6745 -0.6073
vn 0.3378 -0.9264 0.1666
vn 0.3685 -0.9274 0.0638
vn 0.4241 -0.7716 -0.4742
vn 0.2594 -0.4117 -0.8736
vn 0.2654 -0.4147 -0.8704
vn 0.2865 -0.4811 -0.8285
vn 0.3240 -0.4014 -0.8567
vn 0.5300 -0.5756 -0.6227
vn 0.4388 -0.5126 -0.7381
vn 0.4486 -0.4777 -0.7554
vn 0.4678 -0.5512 -0.6909
vn 0.4242 -0.6604 -0.6196
vn 0.4855 -0.6206 -0.6158
vn 0.4438 -0.5838 -0.6798
vn 0.4430 -0.6001 -0.6661
vn 0.3606 -0.5767 -0.7331
vn 0.4617 -0.6084 -0.6455
vn 0.3404 -0.6491 -0.6803
vn 0.3842 -0.6834 -0.6207
vn 0.2903 -0.7632 0.5773
vn 0.5264 -0.8437 -0.1053
vn 0.4118 -0.8715 0.2663
vn 0.1009 -0.5984 0.7948
vn -0.1435 -0.5389 0.8300
vn -0.3058 -0.6185 0.7238
vn 0.3285 -0.8341 0.4431
vn 0.1663 -0.8962 0.4112
vn -0.0533 -0.9684 0.2435
vn -0.4246 -0.7264 0.5404
vn -0.4796 -0.8013 0.3577
vn -0.1892 -0.9724 0.1366
vn -0.2402 -0.9667 0.0883
vn -0.4483 -0.8636 0.2308
vn -0.3988 -0.9068 0.1369
vn -0.2882 -0.9564 0.0475
vn -0.2582 -0.9656 0.0322
vn -0.3820 -0.9187 0.1000
vn -0.3074 -0.9486 0.0755
vn -0.1251 -0.9907 0.0531
vn 0.0979 -0.9949 -0.0242
vn -0.0873 -0.9958 0.0267
vn -0.2196 -0.9752 0.0285
vn -0.0136 -0.9997 0.0226
vn 0.1892 -0.9797 -0.0668
vn 0.1092 -0.9940 -0.0058
vn 0.0358 -0.9991 0.0235
vn 0.1733 -0.9832 -0.0572
vn 0.0867 -0.9880 -0.1277
vn 0.0620 -0.9914 -0.1150
vn 0.1092 -0.9918 -0.0667
vn 0.1497 -0.9853 -0.0820
vn -0.1095 -0.9564 -0.2706
vn -0.1786 -0.9430 -0.2807
vn -0.0421 -0.9768 -0.2100
vn 0.0075 -0.9850 -0.1725
vn -0.0487 -0.9813 -0.1864
vn 0.0055 -0.9782 -0.2077
vn 0.1079 -0.9812 -0.1600
vn 0.0339 -0.9944 -0.0997
vn -0.1638 -0.9365 -0.3102
vn -0.1836 -0.9308 -0.3161
vn 0.3544 -0.8519 -0.3856
vn 0.2705 -0.9148 -0.2999
vn 0.3113 -0.8986 -0.3091
vn 0.3001 -0.9086 -0.2906
vn 0.2273 -0.9423 -0.2459
vn 0.0124 -0.9936 -0.1127
vn 0.1814 -0.9713 -0.1540
vn 0.0388 -0.9949 -0.0931
vn 0.2517 -0.8998 -0.3565
vn 0.3200 -0.8811 -0.3483
vn 0.2699 -0.9203 -0.2833
vn 0.1734 -0.9366 -0.3044
vn 0.2439 -0.9525 -0.1823
vn 0.1729 -0.9706 -0.1672
vn 0.0778 -0.9965 -0.0290
vn 0.0893 -0.9958 -0.0193
vn 0.0497 -0.9128 -0.4053
vn 0.1344 -0.9083 -0.3961
vn 0.0263 -0.9399 -0.3404
vn -0.0322 -0.9380 -0.3450
vn 0.0473 -0.9727 -0.2272
vn -0.0413 -0.9558 -0.2911
vn -0.1131 -0.9648 -0.2374
vn -0.0234 -0.9896 -0.1417
vn 0.1477 -0.9163 -0.3723
vn 0.0647 -0.9168 -0.3940
vn 0.0396 -0.9452 -0.3242
vn 0.1654 -0.9403 -0.2975
vn 0.0296 -0.9392 -0.3420
vn -0.0440 -0.9414 -0.3344
vn -0.1532 -0.9498 -0.2727
vn -0.1343 -0.9598 -0.2464
vn 0.3335 -0.9113 -0.2413
vn 0.5757 -0.8021 -0.1588
vn 0.4428 -0.8357 -0.3250
vn 0.2797 -0.8986 -0.3381
vn 0.2394 -0.8908 -0.3862
vn 0.1356 -0.9303 -0.3407
vn -0.0993 -0.9727 -0.2099
vn -0.0919 -0.9743 -0.2058
vn 0.7444 -0.6486 -0.1590
vn 0.7620 -0.5535 -0.3363
vn 0.6917 -0.5031 -0.5181
vn 0.5960 -0.6894 -0.4116
vn 0.3883 -0.7640 -0.5153
vn -0.0999 -0.9737 -0.2048
vn 0.2928 -0.8376 -0.4612
vn -0.1078 -0.9710 -0.2136
vn 0.5540 -0.3692 -0.7461
vn 0.6516 -0.3841 -0.6541
vn 0.6651 -0.4634 -0.5855
vn 0.4836 -0.3849 -0.7861
vn 0.4520 -0.6758 -0.5822
vn 0.4409 -0.6787 -0.5873
vn -0.0337 -0.9884 -0.1481
vn -0.0745 -0.9810 -0.1789
vn 0.3270 -0.3641 -0.8721
vn 0.2633 -0.4517 -0.8524
vn 0.2642 -0.6101 -0.7470
vn 0.3855 -0.4837 -0.7857
vn 0.3137 -0.7666 -0.5603
vn 0.1636 -0.8326 -0.5291
vn -0.0755 -0.9719 -0.2231
vn -0.0110 -0.9831 -0.1826
vn 0.3375 -0.5662 -0.7520
vn 0.4777 -0.5993 -0.6424
vn 0.2861 -0.7162 -0.6366
vn 0.2285 -0.6940 -0.6827
vn 0.0755 -0.8567 -0.5102
vn 0.0591 -0.8564 -0.5130
vn -0.1968 -0.9323 -0.3035
vn -0.1540 -0.9509 -0.2683
vn 0.5504 -0.5663 -0.6135
vn 0.5545 -0.5534 -0.6215
vn 0.4691 -0.6064 -0.6420
vn 0.3763 -0.6756 -0.6340
vn 0.0895 -0.8418 -0.5323
vn 0.1382 -0.8256 -0.5471
vn -0.1783 -0.9384 -0.2961
vn -0.1998 -0.9297 -0.3093
vn 0.5067 -0.5793 -0.6385
vn 0.3922 -0.5986 -0.6985
vn 0.4915 -0.4473 -0.7472
vn 0.5444 -0.5315 -0.6490
vn 0.2171 -0.7831 -0.5828
vn 0.2787 -0.6472 -0.7096
vn -0.1858 -0.8810 -0.4352
vn -0.1560 -0.9369 -0.3128
vn 0.7242 0.1353 -0.6762
vn 0.6910 0.0688 -0.7196
vn 0.7054 0.1687 -0.6885
vn 0.7911 0.2765 -0.5456
vn 0.7468 0.3918 -0.5374
vn 0.7072 0.2707 -0.6531
vn 0.7252 0.3635 -0.5848
vn 0.6702 0.2122 -0.7112
vn 0.3182 0.8431 0.4335
vn 0.6048 0.7890 0.1081
vn 0.6282 0.7765 -0.0479
vn 0.2832 0.8732 0.3966
vn 0.7633 0.5286 -0.3715
vn 0.7894 0.5691 -0.2300
vn 0.6966 0.7126 0.0836
vn 0.5976 0.7409 0.3065
vn 0.6018 0.6304 0.4904
vn 0.6855 0.6588 0.3099
vn 0.3871 0.7370 0.5541
vn 0.4278 0.6076 0.6691
vn 0.5246 0.5833 0.6201
vn 0.4546 0.5628 0.6904
vn 0.5657 0.6242 0.5389
vn 0.7398 0.6505 -0.1722
vn 0.7682 0.5083 -0.3893
vn 0.8229 0.4687 -0.3212
vn 0.7336 0.6718 -0.1023
vn 0.7685 0.5951 -0.2353
vn 0.7546 0.4898 -0.4367
vn 0.7328 0.6796 -0.0353
vn 0.7449 0.6643 -0.0615
vn 0.6920 0.7209 -0.0387
vn 0.6983 0.7085 -0.1020
vn 0.6806 0.7322 -0.0245
vn 0.6908 0.7138 -0.1150
vn 0.8003 0.5633 -0.2053
vn 0.7588 0.6402 -0.1194
vn 0.7235 0.6412 -0.2557
vn 0.7232 0.6112 -0.3215
vn 0.6892 0.6779 -0.2557
vn 0.6751 0.6463 -0.3558
vn 0.6830 0.6286 -0.3719
vn 0.7205 0.6422 -0.2617
vn 0.7053 0.7074 -0.0470
vn 0.6994 0.6715 -0.2448
vn 0.7819 0.6176 0.0843
vn 0.8263 0.5385 -0.1653
vn 0.7086 0.7006 -0.0837
vn 0.6952 0.7023 0.1533
vn 0.6482 0.6557 0.3873
vn 0.7114 0.6659 -0.2247
vn 0.6655 0.7456 0.0343
vn 0.7034 0.7034 -0.1020
vn 0.7581 0.5513 -0.3483
vn 0.3335 0.8309 0.4454
vn 0.3693 0.7881 0.4924
vn 0.6335 0.7363 -0.2377
vn 0.5653 0.8233 -0.0510
vn 0.6115 0.7894 0.0533
vn 0.7179 0.6861 -0.1177
vn 0.5980 0.7990 0.0637
vn 0.5751 0.8181 0.0035
vn 0.7266 0.6556 0.2054
vn 0.7135 0.6584 0.2397
vn 0.7896 0.5906 0.1663
vn 0.3168 0.8454 0.4300
vn 0.6855 0.7233 -0.0832
vn 0.7680 0.4966 -0.4045
vn 0.7610 0.3983 -0.5121
vn 0.7957 0.3971 -0.4574
vn 0.7392 0.4888 -0.4634
vn 0.7093 0.5248 -0.4706
vn 0.7650 0.4428 -0.4677
vn 0.8313 0.4226 -0.3610
vn 0.6917 0.6379 -0.3387
vn 0.6621 0.6391 -0.3914
vn 0.7705 0.5285 -0.3565
vn 0.8472 0.5006 -0.1780
vn 0.6863 0.5939 -0.4199
vn 0.6239 0.7636 -0.1667
vn 0.6458 0.7610 -0.0615
vn 0.6277 0.7152 -0.3073
vn 0.6457 0.6516 -0.3980
vn 0.7741 0.3801 -0.5063
vn 0.8095 0.2940 -0.5082
vn 0.7356 0.1545 -0.6595
vn 0.7622 0.1943 -0.6175
vn 0.8240 0.2896 0.4871
vn 0.6961 0.4304 0.5746
vn 0.5147 0.1897 0.8361
vn 0.7295 -0.1329 0.6709
vn 0.5938 0.5120 0.6207
vn 0.3165 0.4293 0.8459
vn 0.8979 0.0306 -0.4391
vn 0.7563 0.2786 -0.5919
vn 0.6590 -0.3198 -0.6807
vn 0.7484 -0.4915 -0.4453
vn 0.8406 0.4729 -0.2643
vn 0.6273 0.6879 -0.3650
vn 0.2238 -0.9378 -0.2655
vn 0.4446 -0.7192 -0.5340
vn 0.4668 -0.7846 -0.4080
vn 0.2843 -0.9391 -0.1929
vn 0.2074 -0.9628 -0.1732
vn 0.2773 -0.9520 -0.1296
vn 0.4965 -0.8505 -0.1734
vn 0.3243 -0.9457 -0.0221
vn 0.3442 -0.9335 0.1007
vn 0.5002 -0.8657 -0.0181
vn 0.3792 -0.9252 0.0138
vn 0.3492 -0.9339 -0.0766
vn 0.4518 -0.8596 -0.2387
vn 0.4881 -0.8616 -0.1391
vn 0.5261 -0.8448 -0.0981
vn 0.5968 -0.7709 -0.2225
vn 0.4989 -0.8571 0.1284
vn 0.6175 -0.7863 0.0215
vn 0.6477 -0.7369 0.1938
vn 0.5201 -0.7787 0.3510
vn 0.8560 -0.5069 0.1015
vn 0.8298 -0.5548 -0.0607
vn 0.6901 -0.5830 0.4288
vn 0.8584 -0.3918 0.3312
vn 0.5631 -0.5735 0.5949
vn 0.6133 -0.2723 0.7414
vn 0.4909 -0.1645 0.8555
vn 0.3834 0.1651 0.9087
vn 0.1755 0.4994 0.8484
vn 0.2575 0.2815 0.9244
vn 0.0206 0.5178 0.8553
vn -0.1780 0.5533 0.8137
vn -0.6146 0.3242 0.7191
vn -0.4267 0.2810 0.8596
vn -0.5493 0.0194 0.8354
vn -0.7006 0.2048 0.6835
vn -0.1272 0.1866 0.9742
vn 0.1914 -0.0597 0.9797
vn -0.1401 -0.2125 0.9671
vn -0.3662 -0.1258 0.9220
vn 0.7462 0.4526 -0.4883
vn 0.7551 0.4298 -0.4951
vn 0.7583 0.2949 -0.5814
vn 0.7849 0.3248 -0.5277
vn 0.7975 0.5337 -0.2815
vn 0.7028 0.7085 -0.0643
vn 0.7518 0.5788 -0.3159
vn 0.6813 0.7273 -0.0829
vn 0.6611 0.7503 -0.0042
vn 0.6123 0.7905 0.0120
vn 0.7042 0.6190 -0.3476
vn 0.6981 0.6755 -0.2375
vn 0.7386 0.5520 -0.3870
vn 0.7292 0.5461 -0.4124
vn 0.6070 0.7940 0.0319
vn 0.7606 0.6429 0.0901
vn 0.6325 0.7720 -0.0633
vn 0.7616 0.6435 -0.0765
vn 0.9887 0.1498 0.0054
vn 0.9957 0.0215 -0.0902
vn 0.8666 0.4876 -0.1061
vn 0.9581 0.1558 0.2403
vn 0.6886 0.6640 -0.2914
vn 0.8579 0.4487 -0.2503
vn 0.8193 0.5480 -0.1685
vn 0.8833 0.4449 -0.1478
vn 0.9443 0.2869 -0.1613
vn 0.9540 0.2230 -0.2005
vn 0.9843 0.0170 -0.1756
vn 0.9365 0.2400 -0.2555
vn 0.9315 0.1011 -0.3494
vn 0.8256 0.3748 -0.4218
vn 0.8546 0.4414 -0.2734
vn 0.9152 0.3705 -0.1584
vn 0.8806 0.4486 -0.1526
vn 0.8093 0.5317 -0.2497
vn 0.7581 0.5259 -0.3856
vn 0.7167 0.6154 -0.3281
vn 0.6748 0.7088 -0.2057
vn 0.7497 0.6365 -0.1813
vn 0.8357 0.5309 -0.1405
vn 0.4405 0.5781 -0.6869
vn 0.6389 0.2527 -0.7266
vn 0.6326 0.2400 -0.7364
vn 0.4715 0.5227 -0.7103
vn -0.3250 0.9094 -0.2596
vn 0.0861 0.8453 -0.5272
vn 0.1310 0.7765 -0.6164
vn -0.3055 0.8635 -0.4014
vn -0.7938 0.5702 0.2116
vn -0.6725 0.7395 -0.0308
vn -0.6622 0.7367 0.1369
vn -0.7310 0.6233 0.2779
vn -0.7279 0.4187 0.5430
vn -0.7830 0.5580 0.2749
vn -0.7165 0.6350 0.2888
vn -0.6992 0.4586 0.5484
vn 0.3233 -0.7166 0.6181
vn 0.0568 -0.6023 0.7962
vn -0.0578 -0.4189 0.9062
vn 0.3433 -0.4351 0.8324
vn 0.4746 -0.8658 0.1586
vn 0.2697 -0.7943 0.5444
vn 0.3778 -0.8730 0.3086
vn 0.4927 -0.8702 -0.0030
vn -0.2996 -0.2857 0.9103
vn -0.5449 0.0849 0.8342
vn -0.5684 0.1683 0.8053
vn -0.3853 -0.1176 0.9153
vn -0.1157 -0.4764 0.8716
vn -0.2340 -0.3074 0.9224
vn -0.2624 -0.1907 0.9459
vn -0.5205 0.0948 0.8486
vn -0.5384 0.0785 0.8390
vn -0.3093 -0.2461 0.9186
vn 0.4182 -0.9073 0.0430
vn 0.5157 -0.8514 -0.0954
vn 0.5293 -0.8476 -0.0377
vn 0.4331 -0.8984 0.0729
vn 0.0798 -0.6970 0.7126
vn -0.0521 -0.5750 0.8165
vn 0.3821 -0.8566 0.3468
vn 0.3168 -0.8055 0.5007
vn 0.3367 -0.7460 0.5746
vn -0.0547 -0.5023 0.8630
vn 0.4242 -0.6680 0.6114
vn 0.0085 -0.4255 0.9049
vn 0.3255 -0.9270 0.1863
vn 0.3579 -0.9153 0.1846
vn 0.5344 -0.8432 0.0588
vn 0.4672 -0.8746 0.1296
vn 0.5371 -0.8279 0.1618
vn 0.4965 -0.8454 0.1970
vn 0.5128 -0.8054 0.2972
vn 0.5593 -0.7911 0.2476
vn 0.6308 -0.7140 0.3040
vn 0.5888 -0.7102 0.3859
vn 0.7792 -0.5031 -0.3738
vn 0.7291 -0.5701 -0.3786
vn 0.7941 -0.3395 -0.5041
vn 0.8208 -0.3440 -0.4560
vn 0.7797 -0.1203 -0.6145
vn 0.8197 -0.1852 -0.5421
vn 0.6322 -0.7158 -0.2966
vn 0.6728 -0.6928 -0.2595
vn 0.5592 -0.8284 0.0305
vn 0.3982 -0.8882 0.2291
vn 0.4373 -0.8523 0.2871
vn 0.6256 -0.7763 0.0776
vn 0.7266 -0.6753 0.1268
vn 0.5103 -0.7863 0.3482
vn 0.6484 -0.6540 0.3897
vn 0.8336 -0.5189 0.1892
vn 0.4607 0.4730 -0.7510
vn 0.6632 0.2150 -0.7169
vn 0.7963 0.0278 -0.6043
vn 0.7028 0.2601 -0.6621
vn 0.8296 -0.4142 -0.3745
vn 0.7335 -0.6427 -0.2213
vn 0.8025 -0.5672 -0.1851
vn 0.8858 -0.3088 -0.3464
vn 0.8710 -0.2577 -0.4183
vn 0.9118 -0.1251 -0.3910
vn 0.9360 -0.2050 -0.2860
vn 0.8856 -0.4491 -0.1181
vn 0.9443 -0.3279 -0.0295
vn 0.9619 -0.1521 -0.2270
vn 0.8023 0.1862 -0.5672
vn 0.9299 -0.0617 -0.3627
vn 0.9339 -0.0728 -0.3500
vn 0.8225 0.0896 -0.5616
vn -0.3148 0.7671 -0.5590
vn 0.1203 0.6638 -0.7382
vn 0.2365 0.5797 -0.7798
vn -0.2388 0.7554 -0.6102
vn -0.6487 0.7316 -0.2095
vn -0.8049 0.5750 0.1465
vn -0.7658 0.6360 0.0955
vn -0.5863 0.7655 -0.2652
vn -0.1353 0.7630 -0.6321
vn 0.3775 0.5120 -0.7716
vn 0.4386 0.4552 -0.7749
vn -0.0595 0.7672 -0.6386
vn -0.8138 0.5009 0.2946
vn -0.7337 0.3790 0.5640
vn -0.6994 0.3653 0.6143
vn -0.7953 0.5153 0.3194
vn -0.7095 0.7023 0.0586
vn -0.5055 0.8105 -0.2958
vn -0.6454 0.7625 0.0446
vn -0.4285 0.8471 -0.3143
vn -0.4806 0.1111 0.8699
vn -0.1889 -0.1296 0.9734
vn -0.1102 -0.0973 0.9891
vn -0.4165 0.1144 0.9019
vn -0.5625 0.3545 0.7469
vn -0.6996 0.5988 0.3900
vn -0.7586 0.5528 0.3450
vn -0.6392 0.3563 0.6815
vn 0.6272 -0.4593 0.6289
vn 0.2250 -0.2768 0.9342
vn 0.0982 -0.3229 0.9413
vn 0.5285 -0.5583 0.6395
vn 0.7882 -0.5242 0.3224
vn 0.7990 -0.5235 0.2959
vn 0.7248 -0.6149 0.3107
vn 0.7053 -0.5934 0.3880
vn -0.3492 0.1041 0.9312
vn -0.0399 -0.0924 0.9949
vn 0.0156 -0.1231 0.9923
vn -0.2944 0.1005 0.9504
vn 0.9034 -0.3907 0.1768
vn 0.7906 -0.5106 0.3379
vn 0.8694 -0.4408 0.2233
vn 0.9220 -0.3714 0.1093
vn 0.3882 -0.2847 0.8765
vn 0.7600 -0.4162 0.4992
vn 0.8598 -0.4346 0.2680
vn 0.5122 -0.3768 0.7718
vn 0.9068 -0.4125 0.0872
vn 0.8687 -0.4547 0.1967
vn 0.9650 -0.1845 -0.1862
vn 0.9607 -0.2776 0.0062
vn 0.9470 -0.3211 -0.0098
vn 0.9521 -0.2686 -0.1459
vn 0.8559 -0.0217 -0.5167
vn 0.9345 -0.1588 -0.3187
vn 0.9346 -0.2611 -0.2417
vn 0.9080 -0.1532 -0.3899
vn 0.9312 -0.3603 -0.0546
vn 0.9272 -0.3745 -0.0015
vn 0.9315 -0.2973 -0.2095
vn 0.9246 -0.3607 -0.1227
vn 0.8729 -0.4489 0.1912
vn 0.9023 -0.4130 0.1239
vn 0.5852 -0.3915 0.7101
vn 0.6406 -0.3610 0.6777
vn 0.1629 -0.1073 0.9808
vn 0.0907 -0.1244 0.9881
vn 0.9377 -0.3413 0.0652
vn 0.7255 -0.2788 0.6292
vn 0.9997 -0.0157 -0.0174
vn 0.8344 0.1591 0.5276
vn 0.3490 0.1640 0.9227
vn 0.2341 -0.0462 0.9711
vn -0.2287 0.1026 0.9681
vn -0.1501 0.1253 0.9807
vn -0.4816 0.3588 0.7996
vn -0.4035 0.4078 0.8191
vn -0.5572 0.6841 0.4707
vn -0.6332 0.6343 0.4436
vn -0.6034 0.7947 0.0665
vn -0.5675 0.8155 0.1132
vn 0.9214 -0.0452 -0.3861
vn 0.7634 0.2615 -0.5906
vn 0.3087 0.7756 -0.5506
vn 0.7785 0.4394 -0.4481
vn 0.0672 0.7763 -0.6268
vn 0.5601 0.3908 -0.7305
vn -0.3283 0.9229 -0.2011
vn -0.3615 0.8802 -0.3074
vn -0.4308 0.8557 0.2867
vn -0.3279 0.5508 0.7675
vn -0.1828 0.7693 0.6122
vn 0.0184 0.9990 -0.0419
vn 0.5670 0.8117 0.1401
vn 0.1273 0.5365 0.8343
vn -0.0938 0.2360 0.9672
vn 0.0908 0.9958 -0.0115
vn 0.4445 0.8687 -0.2188
vn 0.5054 0.8620 -0.0388
vn 0.1401 0.9784 0.1520
vn 0.6449 0.6670 -0.3731
vn 0.6332 0.6427 -0.4312
vn 0.7196 0.5899 -0.3664
vn 0.7234 0.5685 -0.3918
vn 0.7003 0.7011 -0.1345
vn 0.6605 0.7384 -0.1358
vn -0.0613 0.9306 0.3609
vn 0.0770 0.9651 0.2503
vn 0.0301 0.9445 0.3271
vn -0.0964 0.9219 0.3753
vn 0.2107 0.9183 0.3351
vn 0.3252 0.8492 0.4160
vn 0.2657 0.8081 0.5258
vn 0.1686 0.8759 0.4520
vn 0.4297 0.8348 0.3442
vn 0.4525 0.8379 0.3051
vn -0.1634 0.9234 0.3472
vn -0.0838 0.9248 0.3711
vn -0.1952 0.8807 0.4315
vn -0.2226 0.9227 0.3146
vn 0.7384 0.5791 -0.3455
vn 0.7474 0.5923 -0.3010
vn 0.6478 0.7563 -0.0922
vn 0.6335 0.7639 -0.1233
vn 0.0441 0.8424 0.5371
vn 0.1672 0.8061 0.5676
vn 0.1033 0.7786 0.6190
vn -0.0810 0.7659 0.6378
vn 0.3699 0.8481 0.3794
vn 0.3793 0.8549 0.3540
vn -0.2969 0.7929 0.5321
vn -0.2623 0.9203 0.2901
vn -0.3187 0.6086 0.7267
vn -0.2623 0.8779 0.4005
vn 0.7367 0.5927 -0.3255
vn 0.7085 0.5910 -0.3857
vn 0.6534 0.7257 -0.2153
vn 0.6677 0.7346 -0.1204
vn 0.0788 0.7285 0.6805
vn -0.2058 0.6342 0.7452
vn -0.2396 0.5204 0.8196
vn 0.0570 0.7452 0.6644
vn 0.4068 0.8327 0.3756
vn 0.4149 0.8696 0.2678
vn -0.2760 0.7693 0.5762
vn -0.3105 0.6724 0.6719
vn -0.4192 0.5004 0.7576
vn -0.4998 0.5400 0.6772
vn -0.0142 0.8565 0.5159
vn -0.3394 0.5888 0.7335
vn -0.4027 0.7161 0.5701
vn -0.0532 0.9366 0.3463
vn -0.1877 0.8221 0.5375
vn 0.1205 0.6689 0.7336
vn -0.0050 0.6637 0.7480
vn -0.1954 0.6693 0.7168
vn -0.4667 0.6665 0.5814
vn -0.3147 0.6315 0.7086
vn -0.0185 0.9710 0.2383
vn -0.3377 0.8459 0.4128
vn -0.1345 0.9388 0.3169
vn 0.0479 0.9753 0.2157
vn 0.6899 0.5941 -0.4135
vn 0.7255 0.5905 -0.3534
vn 0.6129 0.7422 -0.2710
vn 0.6131 0.7331 -0.2942
vn 0.3627 0.9272 0.0935
vn 0.3279 0.9446 -0.0142
vn 0.4666 0.6196 0.6312
vn 0.3243 0.8166 0.4775
vn 0.7109 0.6460 0.2778
vn 0.7680 0.5648 0.3018
vn 0.8829 0.4169 -0.2160
vn 0.8476 0.4099 -0.3371
vn 0.8763 0.4303 -0.2167
vn 0.8881 0.4416 -0.1277
vn 0.3019 0.9248 0.2313
vn 0.3836 0.9183 0.0981
vn 0.7076 0.7064 -0.0178
vn 0.6694 0.7326 0.1232
vn 0.8801 0.4741 -0.0252
vn 0.8599 0.5096 0.0302
vn 0.8344 0.5472 -0.0653
vn 0.8184 0.5715 0.0601
vn 0.8596 0.4732 -0.1931
vn 0.7922 0.5756 -0.2025
vn 0.6569 0.7393 -0.1483
vn 0.8627 0.4797 -0.1600
vn 0.3544 0.9351 -0.0066
vn 0.1864 -0.4774 -0.8587
vn -0.1256 -0.5588 -0.8197
vn 0.0402 -0.9221 -0.3848
vn 0.1987 -0.8644 -0.4619
vn -0.1386 -0.9563 -0.2574
vn -0.4773 -0.6546 -0.5862
vn 0.3690 -0.6254 -0.6875
vn 0.4280 -0.7915 -0.4362
vn 0.3604 -0.9300 -0.0721
vn 0.3562 -0.9004 -0.2499
vn 0.2434 -0.9660 -0.0870
vn 0.2994 -0.9491 0.0979
vn 0.2730 -0.9490 0.1576
vn 0.1250 -0.9922 0.0015
vn 0.4533 -0.8570 -0.2452
vn 0.4568 -0.8608 -0.2244
vn 0.3368 -0.9412 0.0275
vn 0.2510 -0.9637 -0.0907
vn 0.3016 -0.7979 -0.5219
vn 0.1036 -0.9643 -0.2438
vn 0.0515 -0.9790 0.1975
vn 0.0287 -0.9996 0.0066
vn 0.1737 -0.9832 0.0552
vn 0.1579 -0.9865 0.0432
vn 0.1410 -0.9897 0.0257
vn 0.1446 -0.9895 0.0070
vn 0.0283 -0.9866 0.1607
vn -0.0940 -0.9912 0.0934
vn -0.1169 -0.9615 -0.2487
vn -0.1827 -0.9480 -0.2608
vn 0.2507 -0.9576 0.1416
vn 0.2469 -0.9565 0.1552
vn -0.9271 0.3707 -0.0561
vn -0.8651 0.4916 0.1000
vn -0.9066 0.3105 0.2856
vn -0.9507 0.2342 0.2034
vn -0.5799 0.7561 0.3033
vn -0.6294 0.7024 0.3323
vn -0.6518 0.6426 0.4029
vn -0.8713 0.2323 0.4323
vn -0.8948 0.1768 0.4099
vn -0.7723 0.0713 0.6312
vn -0.8344 0.1475 0.5311
vn -0.7978 0.1769 0.5764
vn -0.6950 0.0051 0.7190
vn -0.6468 0.5025 0.5737
vn -0.5902 0.3597 0.7227
vn -0.8151 -0.5693 -0.1075
vn -0.9859 -0.0874 -0.1427
vn -0.9820 -0.0931 0.1646
vn -0.8227 -0.5631 0.0786
vn -0.9306 -0.0690 0.3594
vn -0.8238 -0.5173 0.2320
vn -0.7536 -0.0045 0.6573
vn -0.8571 -0.0364 0.5138
vn -0.8131 -0.3963 0.4264
vn -0.7804 -0.2846 0.5568
vn -0.6421 -0.1126 0.7583
vn -0.7025 -0.3171 0.6371
vn -0.6284 0.1580 0.7617
vn -0.7336 -0.1862 0.6536
vn -0.4710 0.8360 0.2816
vn -0.0974 0.9460 0.3091
vn -0.0987 0.9421 0.3204
vn -0.2126 0.8894 0.4046
vn -0.3893 0.8297 0.4000
vn -0.1272 0.9394 0.3184
vn -0.0745 0.9526 0.2949
vn -0.1036 0.9260 0.3631
vn -0.1760 0.9410 0.2890
vn -0.2501 0.9056 0.3426
vn -0.1876 0.8991 0.3955
vn -0.2915 0.8157 0.4996
vn -0.3146 0.8335 0.4543
vn -0.3400 0.7517 0.5652
vn -0.3334 0.7485 0.5733
vn -0.3654 0.7518 0.5488
vn -0.4814 0.6263 0.6132
vn -0.6296 0.2650 0.7304
vn -0.3534 0.7661 0.5368
vn -0.3843 0.6835 0.6206
vn -0.5908 -0.8016 0.0916
vn -0.5553 -0.8277 0.0807
vn -0.5581 -0.8276 0.0606
vn -0.5521 -0.8326 0.0445
vn -0.6787 -0.7207 0.1409
vn -0.6218 -0.7501 0.2253
vn -0.7035 -0.5310 0.4724
vn -0.7083 -0.6437 0.2899
vn -0.5537 -0.4647 0.6910
vn -0.6298 -0.5998 0.4935
vn -0.6726 0.0878 0.7348
vn -0.6926 -0.3624 0.6237
vn -0.5893 -0.2028 0.7820
vn -0.5732 -0.3401 0.7455
vn -0.5146 0.2215 0.8283
vn -0.5477 -0.1262 0.8271
vn -0.2952 0.7183 0.6301
vn -0.3991 0.3142 0.8614
vn -0.2204 0.7713 0.5972
vn -0.4109 -0.0900 0.9072
vn -0.1658 0.3770 0.9113
vn -0.1947 -0.1083 0.9749
vn -0.1110 0.8094 0.5767
vn -0.0884 0.8574 0.5070
vn -0.1076 0.4273 0.8977
vn -0.1177 -0.1418 0.9829
vn -0.4446 -0.4333 0.7839
vn -0.2562 -0.2643 0.9298
vn -0.3125 0.3842 0.8688
vn -0.6015 0.2565 0.7566
vn -0.2597 0.8752 0.4082
vn -0.4829 0.8252 0.2929
vn -0.1058 0.9732 0.2040
vn -0.2663 0.9391 0.2172
vn -0.0885 0.9468 0.3095
vn -0.0543 0.9510 0.3044
vn -0.4943 0.8393 0.2263
vn -0.4338 0.8498 0.2995
vn -0.0831 0.9401 0.3305
vn -0.3942 0.8403 0.3721
vn -0.1507 0.9195 0.3631
vn -0.2219 0.8548 0.4692
vn -0.4878 0.7592 0.4309
vn -0.5513 0.6175 0.5610
vn -0.3026 0.7472 0.5917
vn -0.3510 0.6373 0.6860
vn -0.5243 0.5106 0.6814
vn -0.4738 0.4408 0.7623
vn -0.4258 0.5794 0.6950
vn -0.4747 0.4070 0.7804
vn -0.5449 0.3804 0.7472
vn -0.4652 0.5787 0.6699
vn -0.4754 0.6277 0.6164
vn -0.6029 0.3447 0.7195
vn -0.6120 0.3822 0.6924
vn -0.3922 0.6828 0.6164
vn -0.3647 0.7268 0.5820
vn -0.3097 0.7633 0.5670
vn -0.6068 0.4510 0.6545
vn -0.5398 0.5296 0.6543
vn -0.2219 0.8099 0.5430
vn -0.2089 0.8570 0.4710
vn -0.4268 0.6345 0.6444
vn -0.3739 0.7037 0.6042
vn -0.3320 0.8799 0.3400
vn -0.4323 0.7004 0.5679
vn -0.4789 0.8422 0.2476
vn -0.5357 0.6245 0.5684
vn -0.8331 0.5221 0.1828
vn -0.8702 0.4400 0.2217
vn -0.9731 -0.2250 -0.0501
vn -0.9858 -0.1617 -0.0463
vn -0.9574 -0.2762 -0.0846
vn -0.9007 0.3659 0.2341
vn -0.9405 0.2529 0.2268
vn -0.9456 -0.2904 -0.1465
vn -0.9549 -0.2852 -0.0830
vn -0.9257 0.1593 0.3431
vn -0.6476 -0.6699 0.3632
vn -0.7166 -0.1013 0.6901
vn -0.8280 0.0568 0.5578
vn -0.9026 -0.3147 0.2937
vn -0.9179 -0.3702 0.1430
vn -0.6849 -0.6931 0.2249
vn -0.9220 -0.3588 -0.1456
vn -0.8218 -0.5688 -0.0349
vn -0.5187 -0.6853 0.5112
vn -0.6124 -0.1295 0.7799
vn -0.6186 -0.1343 0.7741
vn -0.5235 -0.7561 0.3928
vn -0.6553 -0.1580 0.7387
vn -0.7323 -0.1276 0.6689
vn -0.5573 -0.6217 0.5504
vn -0.6231 -0.6101 0.4895
vn -0.7675 -0.0730 0.6368
vn -0.7313 -0.0041 0.6820
vn -0.6446 -0.6267 0.4378
vn -0.5915 -0.6608 0.4620
vn -0.3627 -0.6839 0.6330
vn -0.5196 0.1163 0.8465
vn -0.6311 0.0700 0.7726
vn -0.4807 -0.6922 0.5383
vn -0.5451 -0.5359 0.6448
vn -0.5908 -0.3787 0.7124
vn -0.4771 -0.2760 0.8344
vn -0.4712 -0.5964 0.6498
vn -0.3907 -0.2194 0.8940
vn -0.3652 -0.6711 0.6452
vn -0.4878 -0.8636 0.1276
vn -0.4881 -0.8396 0.2384
vn -0.4075 -0.8947 0.1832
vn -0.4595 -0.8734 0.1612
vn -0.3134 -0.9401 0.1341
vn -0.4279 -0.8905 0.1545
vn -0.4132 -0.1371 0.9003
vn -0.3877 -0.6845 0.6174
vn -0.4999 -0.0633 0.8638
vn -0.5550 -0.6367 0.5353
vn -0.2781 -0.9579 0.0718
vn -0.4341 -0.8952 0.1008
vn -0.3147 -0.9486 0.0338
vn -0.4155 -0.9040 0.1012
vn -0.5527 -0.7816 0.2892
vn -0.5515 -0.7841 0.2845
vn -0.5753 -0.7734 0.2661
vn -0.5452 -0.7884 0.2849
vn -0.5669 -0.7682 0.2975
vn -0.5212 -0.7748 0.3578
vn -0.5448 -0.0732 0.8354
vn -0.6463 -0.5913 0.4824
vn -0.4456 -0.1793 0.8771
vn -0.5357 -0.6651 0.5202
vn -0.3955 -0.9041 0.1617
vn -0.5722 -0.7539 0.3227
vn -0.5751 -0.7568 0.3108
vn -0.3985 -0.9082 0.1282
vn -0.5787 -0.7310 0.3616
vn -0.5936 -0.7171 0.3653
vn -0.3656 -0.9294 0.0498
vn -0.3652 -0.9288 0.0624
vn -0.2442 -0.3144 0.9174
vn -0.2989 -0.7847 0.5430
vn -0.1441 -0.4528 0.8799
vn -0.1423 -0.8789 0.4552
vn -0.1967 -0.6446 0.7388
vn -0.0585 -0.9468 0.3166
vn -0.2585 -0.7680 0.5860
vn 0.0286 -0.9606 0.2766
vn -0.2506 -0.9627 0.1016
vn -0.3453 -0.9141 0.2127
vn -0.1246 -0.9839 0.1282
vn -0.3268 -0.9224 0.2058
vn -0.5503 -0.7610 0.3436
vn -0.5858 -0.7119 0.3874
vn -0.5623 -0.7515 0.3449
vn -0.6256 -0.6888 0.3663
vn -0.0358 -0.9906 0.1323
vn -0.3052 -0.9307 0.2016
vn 0.0757 -0.9863 0.1469
vn -0.2168 -0.9484 0.2313
vn -0.5583 -0.7530 0.3484
vn -0.6234 -0.6982 0.3519
vn -0.5132 -0.7802 0.3578
vn -0.5698 -0.7294 0.3786
vn 0.1156 -0.9882 0.1006
vn -0.1710 -0.9665 0.1916
vn 0.0165 -0.9736 0.2276
vn -0.1353 -0.9881 0.0736
vn 0.0356 -0.9990 -0.0286
vn -0.2074 -0.9754 0.0749
vn -0.5057 -0.7966 0.3313
vn -0.5884 -0.7130 0.3813
vn -0.5513 -0.7908 0.2659
vn -0.6614 -0.6675 0.3420
vn -0.5413 -0.7970 0.2679
vn -0.6381 -0.6706 0.3783
vn -0.2400 -0.9706 0.0194
vn -0.2228 -0.9704 0.0931
vn -0.4991 -0.7962 0.3421
vn -0.5923 -0.6919 0.4129
vn -0.1943 -0.9612 0.1960
vn -0.4531 -0.8016 0.3902
vn -0.4835 -0.7966 0.3629
vn -0.2005 -0.9686 0.1468
vn -0.5632 -0.7169 0.4109
vn -0.5377 -0.7158 0.4455
vn -0.4125 -0.8195 0.3979
vn -0.5345 -0.6944 0.4818
vn -0.2044 -0.9474 0.2461
vn -0.1730 -0.9315 0.3201
vn -0.3086 -0.8335 0.4583
vn -0.4228 -0.7176 0.5534
vn -0.7126 -0.6824 -0.1631
vn -0.4413 -0.8874 0.1333
vn -0.1846 -0.9828 -0.0009
vn -0.4250 -0.8563 -0.2935
vn -0.1337 -0.9881 0.0761
vn -0.3324 -0.9308 0.1519
vn -0.2933 -0.9552 0.0402
vn -0.1848 -0.9807 -0.0631
vn -0.2441 -0.9683 -0.0532
vn -0.3516 -0.9242 0.1492
vn -0.3981 -0.8692 0.2934
vn -0.2451 -0.9683 0.0490
vn -0.2534 -0.9612 0.1091
vn -0.4416 -0.8423 0.3090
vn -0.4220 -0.8717 0.2491
vn -0.2330 -0.9685 0.0879
vn -0.1857 -0.9793 0.0805
vn -0.3322 -0.9170 0.2207
vn -0.3010 -0.9475 0.1082
vn -0.3432 -0.9211 0.1839
vn -0.6500 -0.6118 0.4508
vn -0.6167 -0.6721 0.4099
vn -0.6677 -0.5049 0.5470
vn -0.3926 -0.8733 0.2884
vn -0.8000 -0.4230 0.4256
vn -0.6251 -0.7132 0.3172
vn -0.5847 -0.7310 0.3519
vn -0.7613 -0.4462 0.4704
vn -0.4948 -0.7453 0.4469
vn -0.6702 -0.5078 0.5413
vn -0.6015 -0.7007 0.3837
vn -0.7907 -0.4512 0.4137
vn -0.5852 -0.7152 0.3821
vn -0.7114 -0.5149 0.4784
vn -0.5531 -0.7193 0.4202
vn -0.6326 -0.5512 0.5440
vn -0.6632 -0.6561 0.3603
vn -0.8167 -0.4089 0.4071
vn -0.6783 -0.6506 0.3415
vn -0.8479 -0.3697 0.3801
vn -0.5760 -0.7062 0.4118
vn -0.7092 -0.4720 0.5236
vn -0.5895 -0.6792 0.4372
vn -0.6824 -0.4703 0.5596
vn -0.7011 -0.5923 0.3971
vn -0.7887 -0.3577 0.5001
vn -0.6802 -0.5802 0.4479
vn -0.7705 -0.3388 0.5399
vn -0.6752 -0.5939 0.4374
vn -0.7923 -0.3043 0.5288
vn -0.6272 -0.6004 0.4962
vn -0.7186 -0.3016 0.6266
vn -0.6493 -0.5289 0.5465
vn -0.7440 -0.2454 0.6214
vn -0.6777 -0.4398 0.5893
vn -0.7465 -0.1881 0.6383
vn -0.5950 -0.4589 0.6599
vn -0.7127 -0.2014 0.6719
vn -0.6839 0.4082 0.6047
vn -0.7474 -0.1624 0.6443
vn -0.7695 -0.1295 0.6253
vn -0.6900 0.4170 0.5916
vn -0.6932 -0.5189 0.5003
vn -0.6288 -0.5699 0.5291
vn -0.8717 -0.0022 0.4900
vn -0.7283 0.5244 0.4410
vn -0.8683 0.0095 0.4960
vn -0.7328 0.5545 0.3944
vn -0.8261 -0.0433 0.5618
vn -0.7373 0.5216 0.4293
vn -0.9016 0.0089 0.4325
vn -0.7823 0.5306 0.3262
vn -0.8097 -0.1344 0.5713
vn -0.7534 0.3826 0.5348
vn -0.7035 -0.2443 0.6674
vn -0.6846 0.2443 0.6868
vn -0.8695 -0.0563 0.4907
vn -0.7541 0.3766 0.5381
vn -0.9109 0.0455 0.4101
vn -0.7787 0.4984 0.3811
vn -0.8006 -0.0774 0.5941
vn -0.7156 0.4192 0.5587
vn -0.7595 -0.1054 0.6420
vn -0.6772 0.4208 0.6036
vn -0.8169 0.0150 0.5766
vn -0.6929 0.5038 0.5158
vn -0.8166 0.0666 0.5733
vn -0.7034 0.5442 0.4573
vn -0.8037 0.1033 0.5860
vn -0.6905 0.5346 0.4873
vn -0.7737 0.1030 0.6251
vn -0.7225 0.5293 0.4449
vn -0.7909 0.0950 0.6045
vn -0.7399 0.4848 0.4664
vn -0.1227 0.9905 0.0625
vn -0.5000 0.8568 0.1259
vn -0.4114 0.8495 0.3304
vn -0.0212 0.9859 0.1660
vn -0.7416 0.4485 0.4989
vn -0.8242 0.5177 0.2297
vn -0.3737 0.8438 0.3852
vn 0.0192 0.9874 0.1568
vn -0.3553 0.8610 0.3639
vn 0.0462 0.9932 0.1068
vn -0.3543 0.9066 0.2292
vn 0.0223 0.9997 0.0095
vn -0.3621 0.9171 0.1670
vn 0.0024 0.9996 -0.0290
vn -0.3828 0.9008 0.2050
vn -0.0161 0.9999 -0.0059
vn -0.4125 0.8962 0.1630
vn -0.0133 0.9999 0.0006
vn -0.4199 0.8560 0.3017
vn 0.0157 0.9973 0.0720
vn -0.3946 0.8010 0.4501
vn 0.0200 0.9923 0.1225
vn -0.3862 0.8352 0.3916
vn -0.0063 0.9969 0.0785
vn -0.3974 0.8801 0.2600
vn -0.0138 0.9990 0.0429
vn -0.3764 0.8542 0.3586
vn -0.0025 0.9967 0.0815
vn -0.3797 0.8638 0.3312
vn -0.0471 0.9989 -0.0058
vn -0.4109 0.8829 0.2274
vn -0.0692 0.9927 -0.0988
vn -0.4345 0.8827 0.1792
vn -0.0547 0.9861 -0.1567
vn -0.4472 0.8729 0.1948
vn -0.0501 0.9799 -0.1931
vn -0.5048 0.8504 0.1483
vn -0.1064 0.9682 -0.2264
vn -0.5457 0.8202 0.1716
vn -0.2044 0.9515 -0.2298
vn -0.2611 0.9045 0.3373
vn -0.2730 0.8539 0.4431
vn -0.5470 0.3339 0.7676
vn -0.5757 0.4587 0.6769
vn -0.3624 0.7909 0.4932
vn -0.5929 0.1321 0.7944
vn -0.7429 0.6682 0.0398
vn -0.6017 0.7219 0.3418
vn -0.9039 0.4217 -0.0717
vn -0.8826 0.2213 0.4147
vn -0.9655 -0.1414 -0.2188
vn -0.7282 -0.6646 -0.1673
vn -0.5881 -0.8084 -0.0254
vn -0.8765 -0.4599 0.1421
vn -0.4179 -0.8975 0.1405
vn -0.4240 -0.8473 0.3200
vn -0.3824 -0.8772 0.2904
vn -0.3964 -0.8957 0.2014
vn -0.4279 -0.8005 0.4196
vn -0.6514 -0.5030 0.5680
vn -0.4063 0.7405 0.5354
vn -0.6424 0.3402 0.6867
vn -0.5324 -0.5088 0.6765
vn -0.7387 -0.1328 0.6609
vn -0.1603 0.9444 0.2870
vn -0.3511 0.8879 0.2973
vn -0.3113 0.9373 0.1568
vn -0.2008 0.9683 0.1486
vn -0.5879 0.7656 0.2613
vn -0.5695 0.7441 0.3492
vn -0.6045 0.7782 0.1702
vn -0.3087 0.9507 0.0288
vn -0.2551 0.9666 0.0253
vn -0.3133 0.9493 -0.0251
vn -0.2890 0.9566 -0.0384
vn -0.6244 0.7717 0.1207
vn -0.6505 0.7575 0.0559
vn -0.3400 0.9360 -0.0915
vn -0.3350 0.9337 -0.1260
vn -0.7350 0.6718 -0.0915
vn -0.4679 0.8433 -0.2646
vn -0.3943 0.8980 -0.1951
vn -0.6916 0.7215 -0.0329
vn -0.3800 0.8891 -0.2550
vn -0.3973 0.8518 -0.3414
vn -0.5188 0.8393 -0.1625
vn -0.4119 0.8768 -0.2483
vn -0.7393 0.6729 -0.0264
vn -0.6855 0.7198 0.1095
vn -0.5275 0.8495 0.0098
vn -0.4364 0.8942 -0.1000
vn -0.2913 0.9533 -0.0796
vn -0.4125 0.8963 -0.1626
vn -0.3562 0.8122 -0.4621
vn -0.1758 0.8897 -0.4213
vn -0.4787 0.8294 -0.2878
vn -0.4076 0.5069 -0.7595
vn -0.1511 0.4857 -0.8610
vn 0.0308 0.5641 -0.8251
vn -0.8219 0.4542 -0.3438
vn -0.6222 0.5611 -0.5459
vn -0.5718 0.8181 -0.0619
vn -0.6974 0.7104 0.0949
vn -0.3608 0.9087 0.2099
vn -0.2371 0.9544 0.1813
vn -0.3826 0.8534 0.3540
vn -0.6112 0.6836 0.3988
vn -0.6582 0.4209 0.6241
vn -0.7922 0.3635 0.4902
vn -0.4516 0.8691 0.2018
vn -0.4903 0.8460 0.2095
vn -0.3249 0.9274 0.1856
vn -0.3520 0.9224 0.1592
vn -0.8019 -0.5563 -0.2177
vn -0.7826 -0.5839 -0.2158
vn -0.7762 -0.5816 -0.2433
vn -0.7493 -0.5915 -0.2978
vn -0.8220 -0.5261 -0.2182
vn -0.7885 -0.5559 -0.2632
vn -0.8224 -0.4682 -0.3231
vn -0.8573 -0.4615 -0.2282
vn -0.8549 -0.3761 -0.3572
vn -0.7806 -0.5259 -0.3378
vn -0.8526 -0.3891 -0.3489
vn -0.6589 -0.6022 -0.4508
vn -0.8521 0.5021 0.1476
vn -0.9653 -0.2421 -0.0984
vn -0.9077 0.4151 0.0607
vn -0.8777 -0.4664 -0.1102
vn -0.8224 0.4839 0.2990
vn -0.9022 0.2513 0.3506
vn -0.9566 0.0784 0.2808
vn -0.7728 0.6055 0.1903
vn -0.8663 0.3371 0.3687
vn -0.8872 0.2607 0.3807
vn -0.8448 0.5283 0.0847
vn -0.9871 -0.1594 0.0120
vn -0.8135 -0.5080 -0.2831
vn -0.7386 -0.6335 -0.2304
vn -0.7661 0.1852 0.6154
vn -0.9520 -0.2864 0.1079
vn -0.9392 -0.3433 0.0036
vn -0.8249 0.2059 0.5265
vn -0.9189 -0.3919 -0.0442
vn -0.8496 0.2346 0.4723
vn -0.8688 -0.4951 0.0087
vn -0.8538 0.1996 0.4808
vn -0.8568 -0.5120 0.0616
vn -0.8224 0.2037 0.5311
vn -0.9388 -0.2875 0.1895
vn -0.7190 0.3943 0.5723
vn -0.9091 0.0585 0.4124
vn -0.4926 0.6484 0.5805
vn -0.7426 0.3607 0.5643
vn -0.2963 0.7379 0.6064
vn -0.7155 0.3899 0.5797
vn -0.4025 0.7556 0.5168
vn -0.7521 0.3178 0.5773
vn -0.5282 0.6730 0.5178
vn -0.8305 0.2561 0.4947
vn -0.6594 0.5435 0.5194
vn -0.5894 0.5608 0.5815
vn -0.2075 0.7898 0.5772
vn -0.3180 0.7856 0.5307
vn -0.7080 0.5538 0.4383
vn -0.6028 0.6782 0.4203
vn -0.8519 0.4507 0.2667
vn -0.4923 0.4656 0.7354
vn -0.3094 0.6773 0.6675
vn -0.2377 0.7400 0.6292
vn -0.5159 0.5169 0.6831
vn -0.5602 0.4463 0.6979
vn -0.4311 0.5788 0.6923
vn -0.3875 0.6357 0.6676
vn -0.5151 0.4372 0.7373
vn -0.3862 0.4474 0.8067
vn -0.4275 0.4864 0.7620
vn -0.5383 0.4672 0.7014
vn -0.4739 0.4687 0.7455
vn -0.7279 0.5583 0.3980
vn -0.7272 0.5039 0.4660
vn -0.8189 0.3933 0.4179
vn -0.7761 0.4977 0.3873
vn -0.8319 0.4097 0.3742
vn -0.7918 0.4955 0.3571
vn -0.6570 0.6337 0.4083
vn -0.7111 0.6085 0.3523
vn -0.7505 0.5220 0.4054
vn -0.7510 0.4930 0.4392
vn -0.7922 0.5138 0.3292
vn -0.7680 0.5726 0.2871
vn -0.8648 0.2895 0.4102
vn -0.7916 0.4755 0.3838
vn -0.8020 0.4458 0.3975
vn -0.8374 0.3474 0.4219
vn -0.8352 0.3995 0.3779
vn -0.8591 0.3270 0.3936
vn -0.8579 0.2713 0.4363
vn -0.8164 0.3861 0.4295
vn -0.8321 0.4126 0.3706
vn -0.8475 0.3907 0.3593
vn -0.8425 0.3086 0.4416
vn -0.8749 0.3277 0.3566
vn -0.8261 0.4632 0.3209
vn -0.8883 0.3881 0.2455
vn -0.8367 0.5179 0.1780
vn -0.8048 0.5446 0.2362
vn -0.8401 0.4608 0.2862
vn -0.8376 0.4488 0.3114
vn -0.8722 0.4014 0.2796
vn -0.8826 0.3779 0.2797
vn -0.8659 0.3622 0.3451
vn -0.8709 0.3509 0.3442
vn -0.9087 0.2885 0.3018
vn -0.7858 0.0817 0.6131
vn -0.6673 -0.1774 0.7233
vn -0.7635 -0.2998 0.5720
vn -0.8803 0.0328 0.4733
vn -0.8714 0.4801 0.1005
vn -0.9291 0.3210 0.1837
vn -0.9585 0.2566 0.1245
vn -0.8966 0.4419 0.0281
vn -0.9202 0.2394 0.3097
vn -0.9146 0.0119 0.4042
vn -0.9417 0.1907 0.2771
vn -0.9161 0.3264 0.2327
vn -0.9457 0.2168 0.2423
vn -0.9672 0.0909 0.2372
vn -0.8932 0.4460 0.0567
vn -0.8366 0.5204 0.1712
vn -0.9665 0.1830 0.1801
vn -0.9353 0.1824 0.3031
vn -0.5475 -0.3810 0.7451
vn -0.4659 -0.5250 0.7122
vn -0.5255 -0.5412 0.6564
vn -0.6296 -0.5080 0.5878
vn -0.8596 -0.1505 0.4883
vn -0.7622 -0.1416 0.6316
vn -0.8499 -0.0125 0.5267
vn -0.9290 0.0572 0.3656
vn -0.9485 -0.0503 0.3128
vn -0.8852 -0.1298 0.4468
vn -0.7984 0.5561 0.2307
vn -0.9577 0.2877 0.0080
vn -0.8713 0.1466 0.4684
vn -0.9120 -0.0698 0.4042
vn -0.4592 -0.6811 0.5703
vn -0.5092 -0.7742 0.3760
vn -0.6891 -0.4791 0.5437
vn -0.5574 -0.4915 0.6691
vn -0.7340 -0.2446 0.6336
vn -0.7030 -0.4820 0.5229
vn -0.7084 -0.1109 0.6971
vn -0.7654 -0.3262 0.5548
vn -0.7094 -0.0636 0.7020
vn -0.8233 -0.1552 0.5460
vn -0.8064 -0.1192 0.5792
vn -0.6440 -0.5729 0.5070
vn -0.9399 0.0061 0.3414
vn -0.7921 -0.4723 0.3867
vn -0.6592 -0.5384 0.5250
vn -0.5714 -0.5920 0.5683
vn -0.4701 -0.8187 0.3298
vn -0.6662 -0.6845 0.2961
vn -0.4505 -0.8209 0.3510
vn -0.4905 -0.7855 0.3773
vn -0.5397 -0.7719 0.3361
vn -0.3273 -0.9164 0.2306
vn -0.3353 -0.9080 0.2511
vn -0.4436 -0.8612 0.2480
vn -0.5483 -0.7904 0.2731
vn -0.5066 -0.8388 0.1994
vn -0.5219 -0.7981 0.3010
vn -0.3882 -0.8899 0.2395
vn -0.4780 -0.8341 0.2753
vn -0.2331 -0.9558 0.1794
vn -0.2698 -0.9418 0.2004
vn -0.5588 -0.7492 0.3555
vn -0.8893 -0.4085 0.2057
vn -0.5565 -0.1289 0.8208
vn -0.2239 -0.7054 0.6725
vn -0.7084 -0.7008 0.0843
vn -0.1780 0.1333 0.9750
vn 0.1658 -0.4734 0.8651
vn -0.3001 0.0150 0.9538
vn -0.0008 -0.6560 0.7548
vn -0.2707 -0.9250 0.2668
vn -0.9305 -0.0821 0.3570
vn -0.6256 -0.3882 0.6767
vn -0.5481 -0.8351 -0.0465
vn -0.9108 -0.0406 0.4109
vn -0.6752 -0.7342 0.0709
vn -0.8648 -0.0128 0.5020
vn -0.7450 -0.6530 0.1363
vn -0.8219 -0.0035 0.5696
vn -0.7838 -0.5993 0.1629
vn -0.8164 0.0063 0.5775
vn -0.8055 -0.5709 0.1592
vn -0.8410 0.0426 0.5393
vn -0.8277 -0.5390 0.1560
vn -0.8840 0.1072 0.4550
vn -0.8671 -0.4785 0.1381
vn -0.9342 0.1721 0.3124
vn -0.9164 -0.3930 0.0756
vn -0.9840 0.1322 0.1193
vn -0.8771 -0.4702 -0.0981
vn -0.4942 -0.8545 -0.1603
vn -0.5915 -0.7956 -0.1309
vn -0.5187 -0.8353 -0.1823
vn -0.3798 -0.9117 -0.1568
vn -0.2998 -0.9025 -0.3093
vn -0.4565 -0.8527 -0.2540
vn -0.4607 -0.8619 -0.2117
vn -0.3302 -0.9155 -0.2299
vn -0.1253 -0.9525 -0.2777
vn -0.3616 -0.9006 -0.2411
vn -0.4198 -0.8707 -0.2562
vn -0.2398 -0.9157 -0.3224
vn -0.2604 -0.9454 -0.1958
vn -0.1411 -0.9789 -0.1480
vn 0.0009 -0.9722 -0.2342
vn 0.0657 -0.9764 -0.2058
vn 0.0981 -0.9868 -0.1292
vn 0.1109 -0.9922 0.0563
vn 0.2542 -0.8577 0.4468
vn 0.0343 -0.9979 0.0547
vn 0.1930 -0.7776 0.5984
vn -0.1620 -0.9185 0.3608
vn 0.0678 -0.9883 0.1364
vn 0.0152 -0.9997 0.0204
vn -0.4097 -0.9106 -0.0537
vn 0.0040 -0.9982 -0.0594
vn 0.0208 -0.9813 -0.1913
vn -0.4150 -0.8380 -0.3541
vn -0.2647 -0.8513 -0.4530
vn 0.0709 -0.9426 -0.3262
vn 0.0986 -0.9416 -0.3219
vn -0.0335 -0.9414 -0.3356
vn 0.0811 -0.9823 -0.1687
vn 0.0804 -0.9620 -0.2608
vn -0.0193 -0.9757 -0.2185
vn 0.0220 -0.9973 -0.0699
vn -0.1881 -0.9749 -0.1189
vn -0.3038 -0.9162 -0.2613
vn -0.7109 -0.6994 -0.0740
vn -0.3470 -0.9377 -0.0161
vn -0.3183 -0.9443 0.0831
vn -0.6549 -0.6662 0.3568
vn -0.7905 0.0009 0.6125
vn -0.9611 0.1165 0.2506
vn -0.8477 0.5054 0.1613
vn -0.9438 -0.0362 0.3286
vn -0.8878 0.2085 0.4103
vn -0.8898 0.4411 0.1171
vn -0.8884 0.1391 0.4374
vn -0.9876 -0.1549 -0.0244
vn -0.7938 -0.4263 0.4338
vn -0.7279 -0.4690 0.5003
vn -0.5732 -0.6600 0.4856
vn -0.6945 -0.5034 0.5141
vn -0.7246 -0.4908 0.4839
vn -0.6413 -0.6946 0.3260
vn -0.7203 -0.5680 0.3983
vn -0.7273 -0.4136 0.5477
vn -0.7115 -0.3308 0.6199
vn -0.6552 -0.3514 0.6688
vn -0.7264 -0.4215 0.5428
vn -0.7341 -0.2400 0.6353
vn -0.6598 -0.2069 0.7224
vn -0.5876 -0.1349 0.7978
vn -0.5157 0.0469 0.8555
vn -0.4174 0.0450 0.9076
vn -0.3072 0.1599 0.9381
vn -0.6213 0.0562 0.7816
vn -0.2332 0.2730 0.9333
vn -0.3485 0.0044 0.9373
vn -0.0816 -0.9769 0.1976
vn -0.1334 -0.9541 0.2682
vn -0.2188 -0.9486 0.2287
vn -0.1361 -0.9816 0.1338
vn -0.4216 -0.7745 0.4715
vn -0.3810 -0.6545 0.6530
vn -0.2629 -0.6247 0.7353
vn -0.0023 -0.9746 0.2239
vn -0.1781 -0.6721 0.7187
vn 0.0791 -0.9758 0.2041
vn -0.4875 0.0961 0.8678
vn -0.2948 -0.6750 0.6764
vn -0.2663 -0.7693 0.5807
vn -0.5503 0.0299 0.8344
vn -0.0644 -0.9475 0.3131
vn 0.0039 -0.9663 0.2574
vn 0.1029 -0.9708 0.2166
vn 0.1061 -0.9815 0.1592
vn 0.0383 -0.9818 0.1858
vn 0.0375 -0.9878 0.1514
vn -0.3436 -0.1242 0.9309
vn -0.1973 -0.6588 0.7260
vn -0.3322 -0.6647 0.6692
vn -0.5040 -0.2264 0.8335
vn -0.6438 -0.3879 0.6596
vn -0.6305 0.2121 0.7467
vn -0.6077 0.0759 0.7905
vn -0.5358 -0.5850 0.6089
vn -0.9595 0.0814 0.2698
vn -0.8246 0.2157 0.5230
vn -0.6529 0.5928 0.4715
vn -0.9476 0.2418 0.2089
vn -0.5616 0.6643 0.4933
vn -0.7866 0.2324 0.5720
vn -0.4366 0.7565 0.4869
vn -0.5534 0.6716 0.4927
vn -0.4220 0.6786 0.6012
vn -0.4435 0.6976 0.5628
vn -0.6816 -0.6205 0.3877
vn -0.7911 0.1611 0.5900
vn -0.8553 0.3025 0.4206
vn -0.7989 -0.4926 0.3451
vn -0.4760 0.7973 0.3711
vn -0.4883 0.8224 0.2920
vn -0.5141 0.7898 0.3346
vn -0.5130 0.8098 0.2848
vn -0.6630 0.6433 0.3829
vn -0.6936 0.6254 0.3573
vn -0.8490 0.1744 0.4987
vn -0.8666 0.1569 0.4737
vn -0.7965 -0.3416 0.4989
vn -0.7843 0.3333 0.5232
vn -0.7916 -0.2282 0.5669
vn -0.7667 0.2876 0.5741
vn -0.3943 0.8556 0.3353
vn -0.3901 0.8390 0.3794
vn -0.3779 0.8752 0.3021
vn -0.2941 0.8849 0.3612
vn -0.6160 0.6539 0.4393
vn -0.5232 0.6290 0.5750
vn -0.7933 0.1533 0.5893
vn -0.6807 0.1416 0.7187
vn -0.9807 -0.1573 0.1162
vn -0.8711 -0.1902 0.4528
vn -0.8494 -0.4345 0.2994
vn -0.9550 -0.2964 0.0099
vn -0.6855 -0.4974 0.5317
vn -0.7801 -0.2518 0.5727
vn -0.8098 -0.3188 0.4926
vn -0.6783 -0.5562 0.4801
vn -0.7051 -0.6059 0.3684
vn -0.8363 -0.3077 0.4538
vn -0.7784 -0.2793 0.5622
vn -0.6726 -0.6060 0.4247
vn -0.6192 -0.5330 0.5766
vn -0.6931 -0.2049 0.6911
vn -0.6799 -0.1264 0.7224
vn -0.6539 0.1882 0.7328
vn -0.6140 -0.4536 0.6460
vn -0.6322 -0.4042 0.6610
vn -0.6955 -0.0649 0.7156
vn -0.6633 0.2297 0.7122
vn -0.4131 -0.8304 0.3739
vn -0.4079 -0.7915 0.4552
vn -0.1459 -0.9502 0.2754
vn -0.1850 -0.9435 0.2748
vn -0.1050 -0.9570 0.2705
vn -0.4367 -0.7473 0.5008
vn -0.9417 -0.0174 0.3359
vn -0.6426 0.7662 -0.0023
vn -0.3889 0.9049 0.1731
vn -0.7738 0.4783 0.4152
vn -0.8378 0.1799 0.5155
vn -0.8863 0.3638 0.2866
vn -0.9177 -0.1898 0.3491
vn -0.8344 0.0405 0.5496
vn -0.9198 0.0060 0.3924
vn -0.9648 -0.1599 0.2088
vn -0.9954 -0.0959 0.0003
vn -0.9782 -0.2075 0.0077
vn -0.9690 -0.2428 0.0446
vn -0.9257 -0.3782 -0.0053
vn -0.8966 0.1688 0.4095
vn -0.9163 0.1805 0.3576
vn -0.7966 -0.5859 0.1488
vn -0.8899 -0.1047 0.4439
vn -0.6727 -0.3310 0.6617
vn -0.6134 -0.6682 0.4211
vn -0.5404 -0.7058 0.4581
vn -0.5690 -0.4677 0.6764
vn -0.5191 -0.5877 0.6206
vn -0.5420 -0.7654 0.3470
vn -0.4864 -0.8180 0.3070
vn -0.3504 -0.8675 0.3531
vn -0.4293 0.7863 0.4443
vn -0.5438 0.6442 0.5378
vn -0.5705 0.5266 0.6303
vn -0.6212 0.5638 0.5442
vn -0.6488 0.4008 0.6468
vn -0.6171 0.4904 0.6154
vn -0.6216 0.3802 0.6849
vn -0.6417 0.3881 0.6615
vn -0.5155 0.5759 0.6345
vn -0.6431 0.4155 0.6432
vn -0.7540 0.2656 0.6008
vn -0.7257 0.2077 0.6559
vn -0.7918 0.0244 0.6103
vn -0.8140 0.2002 0.5453
vn -0.6915 0.4744 0.5447
vn -0.8232 0.3297 0.4623
vn -0.5333 0.6012 0.5951
vn -0.4125 0.7336 0.5400
vn -0.3738 0.7511 0.5441
vn -0.4239 0.7114 0.5606
vn -0.6671 0.5651 0.4854
vn -0.7083 0.4699 0.5268
vn -0.8561 0.3037 0.4181
vn -0.8712 0.1666 0.4618
vn -0.4612 0.6060 0.6482
vn -0.3570 0.6597 0.6613
vn -0.3160 0.4832 0.8165
vn -0.4203 0.3668 0.8300
vn -0.7128 0.0029 0.7014
vn -0.5662 0.2128 0.7963
vn -0.6896 0.3284 0.6455
vn -0.8388 0.0505 0.5421
vn -0.4250 0.1515 0.8924
vn -0.2363 0.4003 0.8854
vn -0.3502 0.4108 0.8418
vn -0.4731 0.1133 0.8737
vn -0.4386 0.3286 0.8364
vn -0.3432 0.4201 0.8401
vn -0.3582 0.2817 0.8901
vn -0.5317 0.1356 0.8360
vn -0.9219 0.3028 -0.2417
vn -0.7814 0.5504 -0.2940
vn -0.9388 0.2750 -0.2075
vn -0.9605 0.2306 -0.1558
vn -0.9535 0.2509 -0.1670
vn -0.8364 0.5312 -0.1347
vn -0.9873 0.1448 -0.0651
vn -0.9523 0.2991 -0.0612
vn -0.8525 0.4365 -0.2877
vn -0.9026 0.3312 -0.2750
vn -0.5464 0.8279 -0.1264
vn -0.5935 0.8030 0.0540
vn -0.4732 0.8757 0.0965
vn -0.8267 0.5621 0.0240
vn -0.7144 0.6806 -0.1626
vn -0.4417 0.8948 -0.0649
vn -0.5398 0.8258 -0.1633
vn -0.5282 0.8487 0.0246
vn -0.9434 0.3269 0.0565
vn -0.5609 0.8238 0.0819
vn -0.9921 0.1248 0.0109
vn -0.9633 0.2527 0.0907
vn -0.9086 0.4057 0.0996
vn -0.5730 0.8166 0.0694
vn -0.4978 0.8659 0.0490
vn -0.8302 0.5532 0.0691
vn -0.8600 0.5091 0.0350
vn -0.4508 0.8877 0.0938
vn -0.3783 0.9204 0.0983
vn -0.7843 0.6202 0.0151
vn -0.7578 0.6417 0.1185
vn -0.3902 0.9181 0.0692
vn -0.9053 0.4043 0.1302
vn -0.5439 0.8319 0.1100
vn -0.9657 0.2261 0.1275
vn -0.9465 0.2862 0.1492
vn -0.8369 0.5191 0.1737
vn -0.4447 0.8824 0.1537
vn -0.4130 0.8548 0.3143
vn -0.7815 0.4350 0.4472
vn -0.1820 0.9768 0.1127
vn -0.1839 0.9807 0.0665
vn -0.4661 0.8518 0.2391
vn -0.8635 0.3030 0.4032
vn -0.7018 0.6716 0.2375
vn -0.3268 0.9262 0.1881
vn -0.9093 0.3446 0.2332
vn -0.8883 0.3449 0.3032
vn -0.5755 0.7810 0.2425
vn -0.2364 0.9533 0.1881
vn -0.6454 0.7584 0.0905
vn -0.8308 0.5486 0.0939
vn -0.8038 0.5862 0.1014
vn -0.4829 0.8736 0.0598
vn -0.9078 0.3748 0.1883
vn -0.8913 0.3837 0.2416
vn -0.4830 0.8704 0.0952
vn -0.7954 0.5597 0.2326
vn -0.8953 0.2905 0.3376
vn -0.7098 0.6779 0.1913
vn -0.8973 0.3094 0.3147
vn -0.9042 0.0367 0.4256
vn -0.9075 -0.1097 0.4056
vn -0.9333 0.0098 0.3591
vn -0.4413 0.8676 0.2292
vn -0.8533 0.3634 0.3739
vn -0.1977 0.9733 0.1165
vn -0.9730 0.2260 -0.0476
vn -0.9797 0.1924 -0.0563
vn -0.9739 0.0651 0.2174
vn -0.9734 0.1735 0.1498
vn -0.9423 0.0118 0.3346
vn -0.8256 -0.3238 0.4620
vn -0.7157 -0.5150 0.4717
vn -0.8816 -0.1788 0.4368
vn -0.6131 -0.5186 0.5959
vn -0.6842 -0.5863 0.4338
vn -0.8215 -0.1639 0.5461
vn -0.6312 -0.2737 0.7257
vn -0.6981 -0.3787 0.6076
vn -0.8600 -0.3475 0.3738
vn -0.8993 -0.2751 0.3400
vn -0.9117 -0.1930 0.3626
vn -0.9106 -0.1900 0.3669
vn -0.8757 -0.3047 0.3746
vn -0.8271 -0.3137 0.4665
vn -0.7813 -0.4678 0.4132
vn -0.7252 0.2533 0.6403
vn -0.8039 -0.0161 0.5945
vn -0.8321 0.2206 0.5088
vn -0.9119 0.0481 0.4076
vn -0.9697 -0.0438 0.2404
vn -0.9390 -0.1726 0.2976
vn -0.8671 -0.3518 0.3527
vn -0.9433 -0.1457 0.2982
vn -0.9218 0.0343 0.3862
vn -0.9507 -0.0552 0.3052
vn -0.9636 -0.0789 0.2555
vn -0.9690 0.0032 0.2472
vn 0.5481 0.8364 0.0020
vn 0.2658 0.9635 0.0319
vn 0.3340 0.9422 0.0261
vn 0.5975 0.7996 -0.0608
vn 0.3612 0.9322 -0.0229
vn 0.6002 0.7860 -0.1484
vn 0.3395 0.9353 -0.1000
vn 0.5567 0.7936 -0.2453
vn 0.2918 0.9440 -0.1540
vn 0.5320 0.8019 -0.2718
vn 0.5404 0.8016 -0.2558
vn 0.2868 0.9443 -0.1611
vn 0.2972 0.9441 -0.1429
vn 0.5474 0.8011 -0.2421
vn 0.3156 0.9385 -0.1398
vn 0.5389 0.8083 -0.2370
vn 0.3350 0.9352 -0.1149
vn 0.5321 0.8118 -0.2406
vn 0.3321 0.9370 -0.1084
vn 0.5260 0.8155 -0.2416
vn 0.3174 0.9372 -0.1448
vn 0.5242 0.8111 -0.2594
vn 0.3230 0.9328 -0.1601
vn 0.5314 0.7989 -0.2818
vn 0.3121 0.9311 -0.1888
vn 0.5109 0.7856 -0.3491
vn 0.2711 0.9207 -0.2807
vn 0.4868 0.7613 -0.4283
vn 0.2808 0.8927 -0.3524
vn 0.4930 0.7228 -0.4842
vn 0.3116 0.8551 -0.4144
vn 0.4519 0.7117 -0.5378
vn 0.3019 0.8364 -0.4576
vn 0.3401 0.7666 -0.5446
vn 0.2663 0.7768 -0.5707
vn 0.3016 0.7890 -0.5352
vn 0.2537 0.8371 -0.4846
vn 0.1798 0.8318 -0.5252
vn 0.2591 0.7660 -0.5883
vn 0.2445 0.8163 -0.5233
vn 0.4905 0.6672 -0.5606
vn 0.4425 0.6035 -0.6633
vn 0.2384 0.7958 -0.5566
vn 0.5114 0.6380 -0.5757
vn 0.3464 0.9346 -0.0809
vn 0.5010 0.8637 -0.0548
vn 0.6356 0.7697 -0.0601
vn 0.5404 0.8329 -0.1195
vn 0.6616 0.7497 -0.0154
vn 0.5600 0.8285 0.0025
vn 0.1949 0.9714 -0.1354
vn 0.2329 0.9654 -0.1170
vn 0.4834 0.8487 -0.2144
vn 0.4685 0.8466 -0.2525
vn 0.1891 0.9759 -0.1086
vn 0.1904 0.9719 -0.1384
vn 0.4637 0.8549 -0.2327
vn 0.4432 0.8698 -0.2169
vn 0.2713 0.9612 -0.0504
vn 0.2164 0.9727 -0.0842
vn 0.4237 0.8819 -0.2065
vn 0.4283 0.8843 -0.1859
vn 0.3435 0.9370 -0.0629
vn 0.3181 0.9471 -0.0428
vn 0.4509 0.8734 -0.1839
vn 0.4717 0.8600 -0.1948
vn 0.2756 0.9530 -0.1256
vn 0.3306 0.9385 -0.0997
vn 0.4820 0.8502 -0.2116
vn 0.4606 0.8493 -0.2579
vn 0.4352 0.8479 -0.3027
vn 0.2108 0.9688 -0.1306
vn 0.4019 0.8623 -0.3083
vn 0.2032 0.9749 -0.0906
vn 0.3287 0.8407 -0.4304
vn 0.4452 0.8830 -0.1486
vn 0.3027 0.9503 -0.0733
vn 0.3474 0.8633 -0.3662
vn 0.3857 0.7529 -0.5333
vn 0.5721 0.7900 -0.2206
vn 0.5423 0.5942 -0.5940
vn 0.6884 0.6984 -0.1958
vn 0.2759 0.9612 -0.0031
vn 0.2969 0.9496 0.1002
vn 0.2020 0.9767 -0.0730
vn 0.0326 0.9995 0.0049
vn 0.0931 0.9918 0.0874
vn 0.1314 0.9748 0.1801
vn 0.1224 0.9872 -0.1019
vn 0.0658 0.9941 -0.0868
vn -0.1136 0.9935 -0.0111
vn -0.0548 0.9980 -0.0327
vn 0.0610 0.9960 -0.0657
vn 0.0884 0.9955 -0.0354
vn -0.0767 0.9952 0.0604
vn -0.1048 0.9939 0.0347
vn 0.1313 0.9912 0.0151
vn 0.1869 0.9803 0.0645
vn 0.0184 0.9849 0.1721
vn -0.0494 0.9938 0.0992
vn -0.5259 0.6969 0.4876
vn -0.4467 0.7136 0.5396
vn -0.1662 0.9379 0.3045
vn -0.2238 0.9560 0.1896
vn -0.0849 0.9380 0.3361
vn -0.3507 0.7889 0.5047
vn -0.3105 0.9426 0.1226
vn -0.3526 0.9263 0.1327
vn -0.6317 0.6581 0.4097
vn -0.6159 0.6688 0.4163
vn -0.5423 0.7051 0.4568
vn -0.3207 0.9264 0.1972
vn -0.2359 0.9435 0.2329
vn -0.4305 0.7434 0.5120
vn -0.2396 0.9476 0.2111
vn -0.3340 0.9164 0.2204
vn -0.4622 0.8046 0.3728
vn -0.3998 0.8582 0.3218
vn -0.1898 0.9783 0.0834
vn -0.3895 0.8906 0.2349
vn -0.2518 0.9678 0.0066
vn -0.4597 0.8548 0.2408
vn -0.5901 0.7678 0.2493
vn -0.3659 0.9303 -0.0242
vn -0.4259 0.9047 -0.0111
vn -0.6312 0.7244 0.2771
vn -0.6356 0.6686 0.3860
vn -0.4945 0.8546 0.1588
vn -0.4210 0.8189 0.3900
vn -0.5492 0.6294 0.5498
vn -0.4516 0.5824 0.6759
vn -0.3000 0.7701 0.5630
vn -0.1710 0.7461 0.6435
vn -0.3782 0.5722 0.7277
vn -0.2978 0.6006 0.7420
vn -0.0717 0.7344 0.6749
vn 0.0071 0.7573 0.6530
vn -0.2164 0.6496 0.7288
vn -0.2012 0.6743 0.7105
vn 0.0143 0.7993 0.6008
vn -0.0224 0.8159 0.5777
vn -0.0833 0.8203 0.5658
vn -0.2323 0.6695 0.7055
vn -0.2670 0.6743 0.6885
vn -0.2722 0.7200 0.6384
vn -0.1135 0.8241 0.5549
vn -0.1317 0.8261 0.5479
vn -0.2861 0.7048 0.6492
vn -0.0503 0.7861 0.6160
vn 0.0236 0.7154 0.6983
vn -0.2031 0.6859 0.6988
vn -0.1432 0.5975 0.7890
vn 0.0966 0.6574 0.7473
vn -0.1435 0.5003 0.8539
vn -0.1866 0.4521 0.8722
vn 0.1157 0.6704 0.7330
vn -0.5320 0.7106 0.4604
vn -0.5828 0.6344 0.5079
vn -0.5878 0.6778 0.4416
vn -0.5250 0.7601 0.3829
vn -0.6764 0.5212 0.5204
vn -0.6942 0.5693 0.4404
vn -0.6506 0.4818 0.5871
vn -0.7319 0.4033 0.5493
vn -0.7401 0.4325 0.5150
vn -0.7204 0.3968 0.5689
vn -0.7191 0.4105 0.5607
vn -0.6926 0.5188 0.5011
vn -0.7256 0.5195 0.4513
vn -0.6486 0.4137 0.6389
vn -0.6525 0.3831 0.6538
vn -0.5883 0.4455 0.6748
vn -0.5636 0.4120 0.7160
vn -0.4895 0.5143 0.7042
vn -0.5964 0.5230 0.6089
vn -0.4441 0.5154 0.7329
vn -0.5029 0.4601 0.7317
vn -0.4779 0.4915 0.7281
vn -0.4101 0.5392 0.7356
vn -0.3689 0.5563 0.7446
vn -0.3472 0.5407 0.7662
vn -0.4472 0.4861 0.7508
vn -0.4144 0.4672 0.7810
vn -0.4190 0.4500 0.7887
vn -0.4177 0.5131 0.7498
vn -0.3699 0.5150 0.7732
vn -0.3936 0.4551 0.7987
vn -0.5309 0.4113 0.7409
vn -0.4576 0.5437 0.7036
vn -0.4501 0.5327 0.7167
vn -0.4784 0.4340 0.7634
vn -0.4275 0.3640 0.8275
vn -0.2838 0.4468 0.8484
vn -0.4003 0.5216 0.7535
vn -0.5360 0.3888 0.7494
vn -0.3790 0.8180 0.4327
vn -0.3409 0.8958 0.2852
vn 0.2247 0.9683 0.1092
vn -0.4899 0.7026 0.5161
vn -0.1438 0.8983 0.4151
vn -0.4977 0.7633 0.4119
vn -0.4757 0.7862 0.3945
vn -0.4928 0.7825 0.3805
vn -0.4886 0.7710 0.4085
vn -0.5725 0.5903 0.5690
vn -0.5442 -0.8379 -0.0433
vn -0.3460 -0.9381 0.0128
vn -0.5701 -0.8136 -0.1143
vn -0.3319 -0.9378 -0.1022
vn -0.5619 -0.8262 -0.0396
vn -0.5244 -0.8515 -0.0006
vn -0.7814 -0.5856 0.2156
vn -0.5829 -0.7754 0.2430
vn -0.4805 -0.8736 0.0771
vn -0.5874 -0.7968 -0.1418
vn -0.2582 -0.9594 0.1139
vn -0.1062 -0.9890 0.1026
vn -0.2184 -0.9739 0.0621
vn -0.5181 -0.8498 0.0972
vn -0.1660 -0.9787 -0.1205
vn -0.2514 -0.9433 -0.2166
vn -0.1651 -0.9862 -0.0150
vn -0.0769 -0.9928 -0.0915
vn -0.0747 -0.9971 0.0128
vn -0.1926 -0.9812 0.0158
vn -0.8326 -0.5283 0.1661
vn -0.5245 -0.8216 -0.2232
vn -0.4600 -0.8467 -0.2674
vn -0.7039 -0.6947 0.1483
vn -0.2078 -0.9647 0.1619
vn -0.3239 -0.9361 0.1369
vn -0.4192 -0.8761 0.2380
vn -0.5593 -0.8158 0.1473
vn -0.6118 -0.7659 -0.1978
vn -0.4578 -0.8144 -0.3566
vn -0.3459 -0.8749 -0.3390
vn -0.4157 -0.8905 -0.1849
vn -0.4470 -0.8944 0.0154
vn -0.6465 -0.7628 0.0116
vn -0.6796 -0.6702 0.2984
vn -0.9135 -0.2909 0.2845
vn -0.8019 -0.5795 0.1450
vn -0.9634 -0.2310 0.1357
vn -0.7973 -0.5320 -0.2852
vn -0.8807 -0.4695 -0.0623
vn -0.6398 -0.7616 0.1029
vn -0.5593 -0.7841 -0.2690
vn -0.9451 -0.2981 -0.1339
vn -0.8650 -0.4177 -0.2781
vn -0.6569 -0.6780 -0.3298
vn -0.7954 -0.5818 -0.1699
vn -0.9697 -0.2433 0.0211
vn -0.8387 -0.5444 0.0122
vn -0.9003 -0.1209 -0.4181
vn -0.7572 0.1883 -0.6254
vn -0.9117 -0.0304 -0.4097
vn -0.7018 0.4303 -0.5677
vn -0.4318 0.3745 -0.8205
vn -0.5737 0.2720 -0.7726
vn -0.9725 0.1337 0.1908
vn -0.9836 0.1371 0.1169
vn -0.8356 0.5357 0.1215
vn -0.8336 0.5523 -0.0076
vn -0.7417 0.6392 -0.2035
vn -0.7790 0.5889 -0.2154
vn -0.9633 0.1148 -0.2428
vn -0.9705 0.1946 -0.1426
vn -0.9865 0.1603 -0.0333
vn -0.7661 0.5806 -0.2757
vn -0.1708 0.4278 -0.8876
vn -0.3882 0.6701 -0.6327
vn -0.0840 0.7458 -0.6608
vn 0.0578 0.4611 -0.8855
vn -0.2276 0.9562 -0.1839
vn -0.5515 0.8236 -0.1325
vn -0.5492 0.8338 0.0563
vn -0.2136 0.9769 -0.0000
vn -0.4959 0.8503 -0.1765
vn -0.2238 0.9454 -0.2368
vn -0.4791 0.8499 -0.2195
vn -0.2877 0.9313 -0.2232
vn -0.4803 0.7619 -0.4346
vn -0.2438 0.8811 -0.4054
vn -0.2331 0.9503 -0.2063
vn -0.0570 0.8222 -0.5663
vn 0.0949 0.8536 -0.5122
vn -0.2407 0.9678 -0.0732
vn 0.1146 0.5772 -0.8085
vn 0.2483 0.6666 -0.7029
vn 0.4325 0.8961 -0.1000
vn 0.1109 0.9822 -0.1518
vn 0.1705 0.9853 -0.0117
vn 0.5002 0.8659 -0.0061
vn 0.1604 0.4820 -0.8614
vn 0.1461 0.6930 -0.7060
vn 0.4227 0.8360 -0.3499
vn 0.1568 0.9876 -0.0111
vn 0.3373 0.8202 -0.4620
vn 0.3562 0.8987 -0.2560
vn 0.5261 0.8197 -0.2267
vn -0.3902 0.8549 0.3418
vn -0.2589 0.9186 0.2986
vn 0.6649 0.7462 -0.0328
vn 0.6063 0.7924 -0.0667
vn 0.4917 0.8659 0.0921
vn 0.3701 0.9135 -0.1689
vn 0.5621 0.8128 -0.1529
vn 0.1393 0.9518 0.2731
vn 0.0620 0.9603 -0.2721
vn 0.0229 0.9658 -0.2581
vn 0.0713 0.9167 -0.3933
vn -0.4871 0.8150 0.3138
vn -0.4526 0.8900 0.0555
vn -0.5394 0.8084 0.2355
vn -0.5290 0.8258 0.1953
vn -0.4378 0.8820 0.1745
vn -0.4573 0.8850 0.0870
vn -0.1956 0.9295 0.3126
vn -0.3203 0.9149 0.2459
vn -0.6057 0.6923 0.3922
vn -0.4073 0.8168 0.4086
vn -0.4098 0.9009 0.1432
vn -0.6706 0.5998 0.4365
vn -0.4597 0.8849 0.0750
vn -0.6903 0.5617 0.4561
vn -0.5148 0.8559 -0.0491
vn -0.6548 0.6603 0.3678
vn -0.5215 0.8329 -0.1852
vn -0.5782 0.8144 -0.0496
vn -0.4750 0.8401 -0.2618
vn -0.3911 0.9191 -0.0477
vn -0.4293 0.8771 -0.2155
vn -0.3208 0.9458 -0.0507
vn -0.3045 0.9514 -0.0449
vn -0.3776 0.9243 0.0563
vn -0.6170 0.7250 0.3060
vn -0.5512 0.7304 0.4034
vn -0.5853 0.7967 0.1505
vn -0.6747 0.6672 0.3157
vn -0.4372 0.8536 0.2833
vn -0.6268 0.5528 0.5491
vn -0.5142 0.8051 0.2958
vn -0.6072 0.6508 0.4557
vn -0.5333 0.6716 0.5143
vn -0.6358 0.5829 0.5059
vn -0.6424 0.7386 0.2044
vn -0.5299 0.8313 0.1676
vn -0.9985 0.0284 0.0458
vn -0.9473 0.3060 -0.0950
vn -0.9095 0.3968 -0.1237
vn -0.9812 0.0453 -0.1874
vn -0.8243 -0.4860 0.2903
vn -0.9825 -0.0359 0.1825
vn -0.9851 0.1694 -0.0285
vn -0.9710 -0.2002 0.1305
vn -0.8172 -0.2984 0.4931
vn -0.5561 -0.7006 0.4471
vn -0.4009 -0.7430 0.5359
vn -0.6115 -0.4097 0.6769
vn -0.7550 -0.2980 0.5841
vn -0.6356 -0.6349 0.4393
vn -0.8709 -0.4394 0.2201
vn -0.9332 -0.1563 0.3235
vn -0.9748 -0.0213 0.2222
vn -0.9323 -0.3085 0.1889
vn -0.9093 -0.3047 0.2833
vn -0.9735 0.0456 0.2243
vn -0.9546 -0.0416 0.2949
vn -0.8154 -0.4109 0.4078
vn -0.7040 -0.5159 0.4881
vn -0.8728 -0.1877 0.4505
vn -0.7882 -0.2519 0.5616
vn -0.7195 -0.5132 0.4679
vn -0.8311 -0.4371 0.3438
vn -0.8502 -0.1326 0.5095
vn -0.9006 0.0634 0.4300
vn -0.9033 0.1674 0.3950
vn -0.9179 -0.3372 0.2093
vn -0.9386 -0.3041 0.1630
vn -0.9138 0.1302 0.3848
vn -0.9038 0.0368 0.4264
vn -0.9356 -0.3200 0.1491
vn -0.9117 -0.3726 0.1733
vn -0.8665 -0.0346 0.4979
vn -0.8877 -0.3968 0.2337
vn -0.7643 -0.0339 0.6440
vn -0.8505 -0.4028 0.3384
vn -0.6254 0.0906 0.7751
vn -0.5393 0.2221 0.8123
vn -0.7821 -0.3987 0.4790
vn -0.7273 -0.3155 0.6095
vn -0.5337 -0.8431 0.0661
vn -0.5631 -0.8141 0.1421
vn -0.0423 -0.9985 0.0347
vn -0.0465 -0.9984 -0.0324
vn -0.1409 -0.9780 0.1538
vn -0.5210 -0.8109 0.2664
vn -0.4452 -0.8112 0.3791
vn -0.2612 -0.9261 0.2724
vn -0.3708 -0.8679 0.3306
vn -0.4599 -0.7810 0.4225
vn -0.5653 -0.7395 0.3655
vn -0.4696 -0.8361 0.2837
vn -0.5476 -0.8228 0.1519
vn -0.6716 -0.7120 0.2049
vn -0.5941 -0.8042 -0.0151
vn -0.7195 -0.6940 0.0252
vn -0.7273 -0.6811 -0.0846
vn -0.5958 -0.7890 -0.1499
vn -0.7288 -0.6718 -0.1324
vn -0.6919 -0.7086 -0.1387
vn -0.5407 -0.8084 -0.2328
vn -0.4279 -0.8635 -0.2669
vn -0.6361 -0.7546 -0.1612
vn -0.5438 -0.8149 -0.2007
vn -0.2930 -0.9014 -0.3188
vn -0.1882 -0.8967 -0.4006
vn -0.4501 -0.8698 -0.2023
vn -0.4844 -0.8695 -0.0970
vn -0.1446 -0.8756 -0.4608
vn -0.1867 -0.8662 -0.4635
vn -0.5126 0.6056 0.6087
vn -0.5509 0.5667 0.6126
vn -0.4204 0.7567 0.5007
vn -0.3539 0.8341 0.4232
vn -0.4250 -0.7300 0.5352
vn -0.5895 -0.4134 0.6939
vn -0.0778 -0.9562 0.2823
vn -0.0037 -0.9210 0.3896
vn -0.2319 -0.7399 0.6315
vn -0.3932 -0.3762 0.8390
vn -0.4952 0.2768 0.8235
vn -0.6485 0.2567 0.7166
vn -0.6705 -0.0579 0.7396
vn -0.4429 -0.0104 0.8965
vn -0.6623 0.1937 0.7237
vn -0.5017 0.6857 0.5273
vn -0.3155 0.7839 0.5347
vn 0.0012 0.6799 0.7333
vn 0.2618 0.7728 0.5781
vn -0.1752 0.8070 0.5639
vn -0.4784 0.5454 0.6882
vn -0.1950 0.5564 0.8077
vn 0.8842 0.0626 0.4629
vn 0.6403 0.4991 0.5840
vn 0.0573 0.2981 0.9528
vn 0.2425 -0.1802 0.9533
vn 0.9036 -0.4110 0.1205
vn 0.3906 -0.7025 0.5949
vn 0.4265 -0.8866 0.1792
vn 0.7585 -0.6467 -0.0801
vn -0.0680 -0.8665 0.4946
vn 0.0941 -0.9736 0.2079
vn -0.3895 -0.4059 0.8267
vn 0.0519 -0.2183 0.9745
vn 0.2647 -0.7832 0.5626
vn 0.4359 -0.8827 0.1757
vn -0.3509 0.3234 0.8788
vn -0.0276 0.4889 0.8719
vn -0.3580 0.4874 0.7964
vn -0.2130 0.7058 0.6756
vn -0.5562 0.3429 0.7570
vn -0.4491 0.4596 0.7662
vn -0.3918 0.6387 0.6622
vn -0.5728 0.4263 0.7001
vn -0.6233 0.2368 0.7452
vn -0.6941 0.2026 0.6908
vn -0.7679 -0.0980 0.6330
vn -0.7900 -0.1736 0.5880
vn -0.3003 -0.8803 -0.3672
vn -0.6690 -0.7368 0.0984
vn -0.3545 -0.8897 -0.2877
vn -0.6653 -0.7279 0.1660
vn 0.3380 -0.9395 -0.0557
vn 0.3325 -0.8885 0.3161
vn -0.3995 -0.8935 0.2049
vn -0.1602 -0.9723 -0.1705
vn 0.0281 -0.5542 0.8319
vn -0.6337 -0.3615 0.6839
vn -0.4518 0.1692 0.8759
vn -0.2193 0.4625 0.8591
vn 0.3693 -0.1352 0.9194
vn 0.5590 0.1864 0.8079
vn 0.7474 -0.5264 0.4053
vn 0.9103 -0.2138 0.3545
vn 0.7301 -0.6831 0.0163
vn 0.9078 -0.4143 0.0659
vn 0.7223 0.5709 0.3904
vn 0.1636 0.7887 0.5926
vn -0.0074 0.6927 0.7212
vn 0.6801 0.4373 0.5885
vn -0.0925 -0.9385 -0.3325
vn 0.2979 -0.8997 -0.3190
vn -0.2365 -0.8926 -0.3838
vn 0.1713 -0.8628 -0.4757
vn 0.9839 0.0121 0.1783
vn 0.9810 0.1715 0.0903
vn 0.9430 -0.3141 -0.1098
vn 0.9528 -0.2250 -0.2038
vn 0.7174 -0.6488 -0.2539
vn 0.6992 -0.5756 -0.4240
vn -0.3510 -0.8068 0.4752
vn -0.6145 -0.5220 0.5915
vn -0.7587 -0.4981 0.4197
vn -0.5205 -0.7979 0.3041
vn -0.0466 -0.9926 -0.1123
vn -0.2530 -0.9674 -0.0079
vn -0.2513 -0.9679 0.0095
vn -0.0416 -0.9953 -0.0869
vn -0.1907 -0.9782 0.0825
vn -0.0340 -0.9992 0.0192
vn -0.0200 -0.9995 -0.0254
vn -0.2214 -0.9734 0.0585
vn -0.8283 0.1262 0.5459
vn -0.9316 0.0871 0.3529
vn -0.6281 0.7532 0.1954
vn -0.7149 0.6844 0.1429
vn -0.6064 -0.7737 0.1836
vn -0.8357 -0.4558 0.3064
vn -0.8552 -0.3623 0.3706
vn -0.5699 -0.7958 0.2046
vn -0.5304 -0.8111 0.2465
vn -0.8407 -0.2960 0.4533
vn -0.7627 -0.3374 0.5518
vn -0.4942 -0.8093 0.3174
vn -0.9521 0.1584 0.2615
vn -0.8836 0.3116 0.3496
vn -0.7434 0.6382 0.2000
vn -0.7235 0.5992 0.3429
vn -0.5756 0.7756 0.2590
vn -0.6393 0.6899 0.3396
vn -0.6286 0.5042 0.5922
vn -0.6608 0.3971 0.6369
vn -0.7738 0.4115 0.4816
vn -0.6766 0.3402 0.6531
vn -0.6300 0.6030 0.4894
vn -0.4830 0.6163 0.6220
vn -0.6119 -0.0046 0.7909
vn -0.6481 -0.0285 0.7610
vn -0.3778 -0.7164 0.5865
vn -0.5260 -0.6205 0.5817
vn -0.6696 0.5904 0.4506
vn -0.6885 0.4894 0.5352
vn -0.6648 0.3165 0.6766
vn -0.6686 0.2600 0.6967
vn -0.6199 0.4749 0.6246
vn -0.4826 0.5270 0.6995
vn -0.6075 0.2591 0.7508
vn -0.4750 0.2893 0.8311
vn -0.0584 -0.9898 0.1302
vn -0.2116 -0.9675 0.1384
vn -0.0951 -0.9895 0.1084
vn -0.3497 -0.9306 0.1084
vn -0.6653 -0.0175 0.7463
vn -0.6608 0.0240 0.7502
vn -0.5872 -0.4902 0.6441
vn -0.5977 -0.3864 0.7024
vn -0.5657 0.0690 0.8217
vn -0.4020 0.0872 0.9115
vn -0.4521 -0.2676 0.8509
vn -0.2632 -0.1909 0.9457
vn -0.5819 -0.6288 0.5158
vn -0.7773 -0.5233 0.3492
vn -0.7425 -0.2760 0.6103
vn -0.8471 -0.3434 0.4056
vn -0.3136 -0.9081 0.2777
vn -0.4866 -0.8451 0.2215
vn -0.4619 -0.7658 0.4474
vn -0.3270 -0.8246 0.4616
vn -0.2350 -0.6591 0.7144
vn -0.2157 -0.3964 0.8924
vn -0.4147 -0.5551 0.7210
vn -0.4939 -0.1614 0.8544
vn -0.8018 -0.4558 0.3864
vn -0.7416 -0.3712 0.5588
vn -0.8297 -0.3664 0.4211
vn -0.7727 -0.3138 0.5518
vn -0.6714 -0.2186 0.7082
vn -0.6634 -0.0111 0.7482
vn -0.7213 -0.2252 0.6550
vn -0.6940 -0.1153 0.7107
vn -0.8689 0.4080 0.2804
vn -0.9595 0.2521 0.1261
vn -0.6697 0.5827 0.4605
vn -0.8446 0.0090 0.5353
vn -0.9150 -0.1232 0.3842
vn -0.8949 -0.3777 0.2375
vn -0.6845 0.1428 0.7149
vn -0.4817 0.6610 0.5754
vn -0.4925 0.6137 0.6171
vn -0.4666 0.2434 0.8503
vn -0.6682 0.2036 0.7156
vn -0.7697 0.0287 0.6378
vn -0.6424 -0.1569 0.7502
vn -0.4956 0.0238 0.8682
vn -0.7069 -0.3273 0.6270
vn -0.8246 -0.1474 0.5462
vn -0.5850 0.5554 0.5910
vn -0.6315 0.5752 0.5200
vn -0.4346 0.3681 0.8220
vn -0.3706 0.2858 0.8837
vn -0.6690 0.6070 0.4290
vn -0.7438 0.4124 0.5261
vn -0.3483 0.1147 0.9303
vn -0.2695 0.1923 0.9436
vn -0.4524 0.4047 0.7947
vn -0.5481 0.3151 0.7748
vn -0.5944 0.3783 0.7097
vn -0.5164 0.2600 0.8159
vn -0.8364 0.2327 0.4963
vn -0.7818 0.4276 0.4539
vn -0.2688 0.2942 0.9172
vn -0.3751 0.4115 0.8306
vn -0.4317 0.5715 0.6979
vn -0.3993 0.4898 0.7750
vn -0.6444 0.6252 0.4404
vn -0.5077 0.5786 0.6383
vn -0.5445 0.7150 0.4385
vn -0.4549 0.6702 0.5864
vn -0.9008 0.4027 0.1624
vn -0.9436 0.3242 0.0673
vn -0.9568 -0.0147 0.2903
vn -0.9079 0.0965 0.4079
vn -0.9786 -0.0279 0.2038
vn -0.9574 0.2873 0.0284
vn -0.8860 -0.3039 0.3503
vn -0.8549 -0.2713 0.4423
vn -0.7767 0.5473 0.3118
vn -0.8334 0.4900 0.2558
vn -0.8388 0.2433 0.4870
vn -0.7520 0.3753 0.5418
vn -0.6681 0.6726 0.3182
vn -0.7108 0.6101 0.3500
vn -0.6721 0.4715 0.5709
vn -0.6060 0.5463 0.5782
vn -0.6454 0.7203 0.2542
vn -0.5459 0.6270 0.5558
vn -0.5326 0.6911 0.4887
vn -0.6775 0.7028 0.2170
vn -0.6993 0.6939 -0.1720
vn -0.7411 0.6519 -0.1606
vn -0.6642 0.7303 -0.1596
vn -0.3731 0.8677 -0.3285
vn -0.3827 0.8733 -0.3014
vn -0.4123 0.8653 -0.2851
vn -0.6492 0.7498 -0.1277
vn -0.6694 0.7343 -0.1128
vn -0.4312 0.8056 -0.4062
vn -0.3983 0.8454 -0.3558
vn -0.6484 0.7534 -0.1098
vn -0.6415 0.7501 -0.1604
vn -0.5187 0.6932 -0.5004
vn -0.4755 0.7585 -0.4456
vn -0.6827 0.6960 -0.2226
vn -0.6042 0.5763 -0.5503
vn -0.8125 0.5304 -0.2418
vn -0.7446 0.3355 -0.5771
vn -0.9279 0.3148 -0.1998
vn -0.8065 0.0263 -0.5907
vn -0.7493 0.6153 0.2449
vn -0.8330 0.4830 0.2698
vn -0.9833 0.0089 -0.1818
vn -0.7528 -0.3299 -0.5696
vn -0.9110 -0.3870 -0.1423
vn -0.6212 -0.6790 -0.3912
vn -0.9462 0.2324 0.2251
vn -0.9677 -0.0713 0.2418
vn -0.7481 -0.6605 0.0641
vn -0.4766 -0.8761 -0.0726
vn -0.6193 -0.7388 0.2659
vn -0.3791 -0.9008 0.2117
vn -0.9370 -0.1910 0.2925
vn -0.9459 -0.1986 0.2565
vn -0.5740 -0.7262 0.3784
vn -0.3164 -0.8711 0.3756
vn -0.5252 -0.7269 0.4425
vn -0.2840 -0.8259 0.4870
vn -0.9305 -0.2786 0.2380
vn -0.8770 -0.3688 0.3081
vn -0.5065 -0.6810 0.5289
vn -0.2983 -0.7339 0.6103
vn -0.5734 -0.5084 0.6424
vn -0.7568 -0.0294 0.6529
vn -0.6049 0.0149 0.7962
vn -0.4047 -0.4729 0.7826
vn -0.8208 -0.4050 0.4029
vn -0.8881 -0.1372 0.4386
vn -0.7996 0.4031 0.4452
vn -0.6865 0.7049 0.1784
vn -0.9191 0.3034 0.2514
vn -0.7958 0.6018 0.0674
vn -0.5578 0.7771 0.2916
vn -0.6586 0.4756 0.5831
vn -0.6757 0.7181 -0.1670
vn -0.5227 0.8453 -0.1108
vn -0.6995 0.6516 -0.2936
vn -0.4598 0.8467 -0.2679
vn -0.3946 0.9187 -0.0179
vn -0.2676 0.9387 -0.2174
vn -0.5338 0.8028 -0.2657
vn -0.2550 0.9244 -0.2835
vn -0.8250 0.5247 -0.2097
vn -0.9070 0.4148 -0.0730
vn -0.6578 0.7224 -0.2132
vn -0.3490 0.8860 -0.3054
vn -0.4144 0.8594 -0.2997
vn -0.7361 0.6513 -0.1844
vn -0.9508 0.3093 -0.0174
vn -0.4745 -0.6798 -0.5593
vn -0.4493 -0.5704 -0.6876
vn -0.4653 -0.1801 -0.8666
vn -0.5747 -0.3092 -0.7577
vn -0.3773 -0.9146 -0.1452
vn -0.4065 -0.8902 -0.2055
vn -0.3142 -0.9304 0.1886
vn -0.2777 -0.8900 0.3617
vn -0.2625 -0.8952 0.3602
vn -0.3064 -0.9371 0.1672
vn -0.2636 -0.8307 0.4903
vn -0.2581 -0.8324 0.4904
vn -0.2638 -0.7189 0.6431
vn -0.2855 -0.6784 0.6769
vn -0.3644 -0.4290 0.8265
vn -0.4760 0.0755 0.8762
vn -0.4309 0.1409 0.8913
vn -0.3967 -0.3498 0.8487
vn -0.5018 0.5156 0.6945
vn -0.4330 0.8104 0.3947
vn -0.3166 0.8516 0.4177
vn -0.3913 0.5697 0.7227
vn -0.2897 0.9554 0.0579
vn -0.1645 0.9702 -0.1779
vn -0.1048 0.9794 -0.1724
vn -0.1979 0.9776 0.0719
vn -0.0541 0.9373 -0.3444
vn -0.0521 0.9391 -0.3397
vn -0.1650 0.9270 -0.3369
vn -0.1535 0.9293 -0.3358
vn -0.0529 0.9372 -0.3447
vn -0.1485 0.9281 -0.3415
vn -0.1246 0.9458 -0.3000
vn -0.0598 0.9480 -0.3126
vn -0.4554 -0.8830 0.1138
vn -0.6210 -0.7306 -0.2839
vn -0.3316 -0.8760 0.3504
vn -0.7463 -0.6642 0.0443
vn -0.6655 -0.6768 0.3146
vn -0.8586 -0.3937 -0.3284
vn -0.3238 -0.7977 0.5088
vn -0.6333 -0.5764 0.5165
vn -0.4129 -0.5432 0.7310
vn -0.6842 -0.2447 0.6871
vn -0.4903 -0.1704 0.8547
vn -0.4687 0.2811 0.8374
vn -0.5772 0.4631 0.6726
vn -0.6521 0.0626 0.7555
vn -0.2654 0.9512 0.1574
vn -0.4211 0.7724 0.4755
vn -0.3696 0.6716 0.6421
vn -0.2562 0.9104 0.3248
vn -0.1321 0.9912 0.0040
vn -0.0621 0.9752 -0.2123
vn -0.0729 0.9627 -0.2606
vn -0.1358 0.9859 -0.0981
vn -0.0304 0.9457 -0.3237
vn -0.0446 0.9428 -0.3303
vn -0.0223 0.9395 -0.3418
vn -0.0429 0.9408 -0.3362
vn -0.2375 0.8648 -0.4423
vn -0.1834 0.8993 -0.3971
vn -0.2922 0.8279 -0.4788
vn -0.2290 0.8229 -0.5200
vn -0.1740 0.8618 -0.4764
vn -0.1198 0.9002 -0.4187
vn -0.7008 0.7041 -0.1144
vn -0.2062 0.9355 -0.2869
vn -0.1250 0.9398 -0.3180
vn -0.1949 0.9262 -0.3229
vn -0.9048 0.2108 0.3701
vn -0.8055 0.3418 0.4840
vn -0.7158 0.6233 0.3149
vn -0.3553 0.7578 -0.5472
vn -0.2851 0.7787 -0.5588
vn -0.4244 0.6724 -0.6064
vn -0.3334 0.6987 -0.6330
vn -0.9560 0.2163 -0.1984
vn -0.9812 -0.1894 0.0379
vn -0.9871 -0.0607 0.1479
vn -0.9155 -0.1687 0.3652
vn -0.5356 0.8045 0.2567
vn -0.3828 0.9233 -0.0308
vn -0.2202 0.9628 -0.1567
vn -0.0229 0.9388 -0.3437
vn -0.0369 0.9377 -0.3454
vn -0.0348 0.9338 -0.3560
vn -0.0478 0.9279 -0.3698
vn -0.1221 0.9347 -0.3337
vn -0.1551 0.9322 -0.3270
vn -0.7329 0.0874 -0.6747
vn -0.7758 0.4779 -0.4120
vn -0.4324 0.7693 -0.4703
vn -0.3573 0.5975 -0.7179
vn -0.1554 0.9235 -0.3508
vn -0.0751 0.9271 -0.3673
vn -0.1998 0.8235 -0.5310
vn -0.1212 0.8861 -0.4473
vn -0.2348 0.7707 -0.5924
vn -0.1541 0.8361 -0.5265
vn -0.0810 0.8912 -0.4464
vn -0.0718 0.9143 -0.3987
vn -0.5253 0.5286 -0.6668
vn -0.3892 0.5413 -0.7453
vn -0.5895 0.3030 -0.7488
vn -0.4119 0.4325 -0.8021
vn -0.4611 0.1261 -0.8783
vn -0.6148 -0.0299 -0.7881
vn -0.2513 0.6785 -0.6903
vn -0.1752 0.7817 -0.5986
vn -0.2728 0.5469 -0.7915
vn -0.3252 0.2995 -0.8970
vn -0.4301 0.1323 -0.8930
vn -0.5863 -0.3355 -0.7374
vn -0.1285 0.8729 -0.4706
vn -0.7173 -0.4707 0.5138
vn -0.6917 -0.5867 0.4211
vn -0.9902 0.0384 0.1340
vn -0.9865 0.1547 0.0541
vn -0.9129 -0.2747 0.3020
vn -0.9517 -0.2409 0.1903
vn -0.9613 0.2395 -0.1359
vn -0.9823 -0.1787 -0.0562
vn -0.8773 0.3843 -0.2876
vn -0.9597 0.0088 -0.2808
vn -0.8305 0.5076 -0.2293
vn -0.9209 0.2152 -0.3251
vn -0.8915 0.4495 -0.0563
vn -0.9264 0.2521 -0.2796
vn -0.9731 0.2011 0.1126
vn -0.9892 0.0715 -0.1281
vn -0.9648 -0.1466 0.2181
vn -0.9963 -0.0780 0.0370
vn -0.9256 0.0096 -0.3784
vn -0.9382 -0.1879 -0.2907
vn -0.8867 0.2215 -0.4059
vn -0.9906 0.0792 0.1116
vn -0.9754 -0.1274 0.1797
vn -0.9933 0.0442 0.1068
vn -0.9461 0.3208 0.0438
vn -0.9813 0.1880 0.0411
vn -0.8745 0.4817 -0.0572
vn -0.9540 0.2769 0.1152
vn -0.8032 0.5953 0.0214
vn -0.9138 0.3138 0.2579
vn -0.7172 0.6551 0.2378
vn -0.8373 0.4109 0.3607
vn -0.5502 0.7199 0.4232
vn -0.5665 0.6864 0.4560
vn -0.4583 0.6621 0.5930
vn -0.4124 0.7235 0.5536
vn -0.6161 0.6340 0.4674
vn -0.3818 0.5962 0.7063
vn -0.3557 0.7016 0.6174
vn -0.7139 0.5545 0.4276
vn -0.4584 0.7431 0.4875
vn -0.3534 0.8315 0.4286
vn -0.3137 0.8081 0.4985
vn -0.1341 0.9167 0.3763
vn -0.1216 0.8955 0.4282
vn -0.1300 0.8755 0.4655
vn -0.2544 0.8155 0.5198
vn -0.2343 0.8266 0.5116
vn -0.1443 0.8713 0.4691
vn -0.0811 0.9223 0.3778
vn -0.0444 0.8973 0.4391
vn -0.2023 0.8688 0.4519
vn -0.0887 0.8823 0.4622
vn -0.0725 0.8979 0.4341
vn -0.1209 0.8981 0.4228
vn -0.0971 0.9079 0.4077
vn -0.1131 0.9249 0.3631
vn -0.2298 0.8588 0.4579
vn -0.2321 0.8910 0.3901
vn -0.4229 0.8818 0.2088
vn -0.3543 0.8566 0.3752
vn -0.7637 0.6230 0.1690
vn -0.6304 0.7761 -0.0175
vn -0.7900 0.6116 -0.0437
vn -0.8830 0.4545 0.1175
vn -0.9061 0.4199 0.0510
vn -0.8943 0.4452 0.0457
vn -0.9273 0.3736 0.0207
vn -0.9445 0.2982 -0.1376
vn -0.8112 0.5644 -0.1526
vn -0.9496 0.0826 -0.3025
vn -0.8588 0.5116 -0.0286
vn -0.7368 0.6314 -0.2418
vn -0.6618 0.6978 -0.2740
vn -0.7623 0.6351 -0.1249
vn -0.9000 0.4059 0.1591
vn -0.7835 0.6213 -0.0066
vn -0.8380 0.4320 0.3335
vn -0.8002 0.5493 0.2407
vn -0.6328 0.7438 -0.2154
vn -0.6392 0.7564 -0.1386
vn -0.2948 0.7033 0.6469
vn -0.3391 0.2804 0.8980
vn -0.6545 0.2309 0.7199
vn -0.5730 0.4949 0.6532
vn -0.6357 0.7632 -0.1154
vn -0.7600 0.5661 0.3193
vn -0.7097 0.5487 0.4419
vn -0.6827 0.7227 -0.1078
vn -0.7218 0.6701 -0.1732
vn -0.7464 0.6602 -0.0840
vn -0.6020 0.6259 0.4958
vn -0.6627 0.7029 -0.2584
vn -0.2855 0.0174 0.9582
vn -0.1245 0.2027 0.9713
vn 0.2796 -0.1908 0.9410
vn 0.0592 -0.0210 0.9980
vn -0.5161 0.0936 0.8514
vn -0.2202 0.0581 0.9737
vn 0.5377 -0.2107 0.8164
vn 0.4308 -0.2402 0.8699
vn 0.2935 0.0898 0.9517
vn 0.6487 -0.1976 0.7349
vn -0.0376 0.7336 0.6785
vn -0.1750 0.5698 0.8029
vn -0.5706 0.6911 0.4436
vn -0.4708 0.8502 0.2355
vn 0.3461 0.3513 0.8699
vn -0.1108 0.6407 0.7597
vn -0.0060 0.7723 0.6352
vn 0.4407 0.4830 0.7566
vn -0.6584 0.6146 0.4345
vn -0.0824 0.8005 0.5936
vn -0.4193 0.8391 0.3467
vn -0.7694 0.5687 0.2908
vn -0.6716 0.7142 0.1972
vn -0.7804 0.5436 0.3090
vn -0.0635 0.5665 0.8216
vn -0.0310 0.2934 0.9555
vn -0.6540 0.5186 0.5508
vn -0.5518 0.2975 0.7791
vn -0.1439 0.4488 0.8820
vn -0.4447 0.2367 0.8639
vn -0.8119 0.5166 0.2719
vn -0.8079 0.5060 0.3022
vn -0.8019 0.5270 0.2816
vn -0.7969 0.5013 0.3371
vn -0.8167 0.2172 0.5346
vn -0.7676 0.1012 0.6329
vn -0.6509 0.0991 0.7526
vn -0.7231 0.2179 0.6555
vn -0.7950 0.5155 0.3196
vn -0.7168 0.6710 0.1895
vn -0.7446 0.6415 0.1848
vn -0.8061 0.4998 0.3169
vn -0.8011 0.5270 0.2839
vn -0.8090 0.4950 0.3169
vn -0.7989 0.4923 0.3457
vn -0.7979 0.5295 0.2881
vn -0.8024 0.5056 0.3171
vn -0.8072 0.5025 0.3099
vn -0.7726 0.5131 0.3739
vn -0.8021 0.5002 0.3263
vn -0.7403 0.6442 0.1921
vn -0.6962 0.6822 0.2232
vn -0.8568 0.2774 0.4348
vn -0.7261 0.4804 0.4919
vn -0.8379 0.2205 0.4992
vn -0.8668 0.2385 0.4380
vn -0.6149 0.7490 0.2469
vn -0.7060 0.5642 0.4280
vn -0.1903 0.8257 0.5310
vn -0.2909 0.6113 0.7360
vn -0.2431 0.8046 0.5417
vn -0.5142 0.5982 0.6146
vn -0.7891 0.4940 0.3651
vn -0.8294 0.4305 0.3560
vn -0.8158 0.4909 0.3058
vn -0.8017 0.5185 0.2974
vn -0.7152 0.4346 0.5473
vn -0.4584 0.7115 0.5326
vn -0.7933 0.4101 0.4500
vn -0.7313 0.4564 0.5068
vn -0.3076 0.4782 0.8226
vn -0.5785 0.5907 0.5626
vn -0.7777 0.5006 0.3803
vn -0.7024 0.5304 0.4746
vn -0.8054 0.4967 0.3234
vn -0.9969 -0.0672 -0.0407
vn -0.8379 -0.5324 -0.1206
vn -0.9582 -0.2827 0.0432
vn -0.8533 -0.5203 0.0346
vn -0.5763 -0.8134 -0.0796
vn -0.4033 -0.9132 -0.0586
vn -0.5806 -0.8141 0.0124
vn -0.3985 -0.9161 -0.0451
vn -0.6200 -0.6877 0.3777
vn -0.5648 -0.6969 0.4420
vn -0.6716 -0.6656 0.3255
vn -0.5495 -0.7484 0.3715
vn -0.8164 -0.5741 0.0630
vn -0.5949 -0.7869 0.1637
vn -0.8939 -0.3866 -0.2270
vn -0.6746 -0.7282 -0.1211
vn -0.8786 -0.0622 -0.4736
vn -0.8958 -0.1617 -0.4140
vn -0.7174 -0.5398 -0.4404
vn -0.8593 0.0576 -0.5083
vn -0.8079 -0.5302 0.2575
vn -0.6886 -0.7067 0.1624
vn -0.5375 -0.7871 0.3026
vn -0.3979 -0.8985 0.1852
vn -0.4111 -0.9086 0.0743
vn -0.2635 -0.9646 -0.0109
vn -0.2087 -0.9761 0.0603
vn -0.1374 -0.9901 -0.0291
vn -0.3533 -0.9175 0.1827
vn -0.1748 -0.9773 0.1194
vn -0.2899 -0.9561 0.0419
vn -0.0541 -0.9944 0.0907
vn -0.0010 -0.9998 -0.0221
vn -0.3387 -0.9077 -0.2475
vn -0.2495 -0.9648 -0.0827
vn -0.1570 -0.9823 -0.1018
vn -0.1708 -0.9770 -0.1277
vn -0.2526 -0.9605 -0.1167
vn -0.2098 -0.9683 -0.1359
vn -0.1479 -0.9836 -0.1028
vn -0.0899 -0.9924 -0.0841
vn -0.1569 -0.9711 -0.1797
vn -0.0706 -0.9710 -0.2286
vn 0.0502 -0.9741 -0.2206
vn 0.0212 -0.9972 -0.0714
vn 0.1156 -0.9901 -0.0801
vn 0.2753 -0.9566 -0.0959
vn 0.2931 -0.9509 -0.0990
vn 0.2499 -0.9610 -0.1183
vn 0.3024 -0.9528 -0.0255
vn 0.3167 -0.9480 -0.0328
vn 0.2969 -0.9507 -0.0900
vn 0.2980 -0.9465 -0.1241
vn 0.2324 -0.9460 -0.2260
vn 0.1868 -0.9558 -0.2272
vn 0.0339 -0.9107 -0.4116
vn -0.0625 -0.9067 -0.4172
vn -0.2011 -0.8129 -0.5466
vn 0.1253 -0.9769 -0.1732
vn -0.1849 -0.7986 -0.5728
vn 0.0024 -0.8957 -0.4446
vn 0.1072 -0.9218 -0.3727
vn -0.0970 -0.8345 -0.5425
vn -0.2915 -0.7466 -0.5980
vn -0.3198 -0.7394 -0.5925
vn -0.0693 -0.9177 -0.3913
vn -0.2263 -0.8126 -0.5372
vn -0.2855 -0.8131 -0.5073
vn -0.1735 -0.9141 -0.3664
vn -0.3339 -0.7447 -0.5778
vn -0.3653 -0.7383 -0.5670
vn -0.4068 -0.7806 -0.4746
vn -0.4060 -0.7185 -0.5647
vn -0.5750 -0.3437 -0.7425
vn -0.7383 -0.3439 -0.5801
vn 0.1287 -0.9720 -0.1964
vn 0.1714 -0.9669 -0.1892
vn 0.1652 -0.9814 -0.0975
vn 0.2131 -0.9732 -0.0868
vn 0.2097 -0.9634 -0.1672
vn 0.2653 -0.9627 -0.0524
vn 0.2353 -0.9719 0.0013
vn 0.2665 -0.9612 0.0710
vn 0.0597 -0.9974 0.0399
vn 0.1307 -0.9909 0.0313
vn -0.0690 -0.9973 -0.0263
vn 0.1562 -0.9877 0.0036
vn 0.2024 -0.9789 0.0289
vn 0.2506 -0.9655 0.0704
vn -0.1199 -0.9842 -0.1300
vn -0.1668 -0.9720 -0.1656
vn -0.0772 -0.9962 -0.0398
vn -0.0300 -0.9985 -0.0460
vn -0.0855 -0.9837 -0.1584
vn -0.0802 -0.9960 0.0392
vn -0.0137 -0.9991 0.0399
vn 0.0457 -0.9989 0.0069
vn 0.0132 -0.9990 -0.0431
vn -0.0235 -0.9936 -0.1108
vn -0.1549 -0.9816 -0.1115
vn 0.2737 0.9600 0.0595
vn -0.0677 0.9895 0.1274
vn -0.0855 0.9960 0.0248
vn 0.2178 0.9741 -0.0615
vn -0.1450 0.9894 0.0051
vn 0.2261 0.9723 -0.0599
vn -0.1567 0.9857 0.0614
vn -0.1306 0.9851 0.1117
vn 0.2381 0.9711 0.0169
vn 0.2368 0.9715 -0.0134
vn -0.0780 0.9880 0.1336
vn -0.0499 0.9899 0.1330
vn 0.2144 0.9767 0.0122
vn 0.2348 0.9719 0.0138
vn -0.0691 0.9956 0.0637
vn -0.0448 0.9987 -0.0240
vn 0.1785 0.9811 -0.0741
vn 0.1222 0.9784 -0.1668
vn -0.0972 0.9858 0.1370
vn 0.2924 0.9259 0.2394
vn 0.7833 0.6217 0.0065
vn 0.6470 0.7515 0.1287
vn 0.6215 0.7787 -0.0857
vn 0.7981 0.5771 -0.1733
vn 0.6008 0.7873 -0.1386
vn 0.8033 0.5700 -0.1725
vn 0.6358 0.7618 -0.1241
vn 0.7542 0.6290 -0.1887
vn 0.6265 0.7630 -0.1590
vn 0.6972 0.6976 -0.1650
vn 0.6149 0.7821 -0.1012
vn 0.5765 0.8113 -0.0969
vn 0.4521 0.8650 -0.2177
vn 0.5351 0.8292 -0.1616
vn 0.5230 0.8425 -0.1286
vn 0.4599 0.8735 -0.1598
vn 0.2986 0.9251 -0.2345
vn 0.3506 0.9132 -0.2076
vn 0.1525 0.9501 -0.2720
vn 0.0745 0.9568 -0.2812
vn 0.6510 0.7518 -0.1051
vn 0.4762 0.8634 -0.1669
vn 0.0968 0.9909 -0.0931
vn 0.0824 0.9932 -0.0825
vn 0.4694 0.8676 -0.1641
vn 0.4249 0.8893 -0.1691
vn -0.0850 0.9958 -0.0331
vn -0.0867 0.9956 -0.0345
vn 0.0112 0.9945 -0.1040
vn 0.0911 0.9908 -0.1002
vn 0.3614 0.9184 -0.1612
vn 0.2538 0.9523 -0.1695
vn -0.1084 0.9937 -0.0274
vn -0.1658 0.9848 -0.0509
vn 0.1039 0.9780 -0.1808
vn -0.0993 0.9894 -0.1057
vn -0.0562 0.9822 -0.1790
vn -0.1678 0.9822 -0.0840
vn -0.2293 0.9716 -0.0583
vn -0.1984 0.9798 -0.0259
vn -0.0769 0.9969 0.0165
vn -0.0879 0.9951 -0.0463
vn -0.0255 0.9985 -0.0481
vn -0.0079 1.0000 -0.0002
vn -0.0580 0.9898 -0.1304
vn 0.0065 0.9950 -0.0999
vn 0.0059 0.9799 -0.1994
vn 0.0429 0.9895 -0.1380
vn 0.0308 0.9987 -0.0406
vn 0.0475 0.9956 -0.0807
vn 0.0434 0.9781 -0.2034
vn 0.0706 0.9847 -0.1591
vn 0.0576 0.9815 -0.1828
vn 0.0427 0.9707 -0.2366
vn -0.0221 0.9968 -0.0772
vn -0.0859 0.9845 -0.1529
vn 0.0352 0.9895 -0.1399
vn -0.0197 0.9665 -0.2561
vn -0.2105 0.9413 -0.2640
vn -0.3694 0.8813 -0.2946
vn -0.1546 0.8926 -0.4234
vn -0.0549 0.9279 -0.3688
vn -0.1159 0.9130 -0.3912
vn -0.1963 0.8607 -0.4698
vn -0.4645 0.8438 -0.2688
vn -0.6173 0.7295 -0.2945
vn -0.3345 0.7633 -0.5527
vn -0.2091 0.8696 -0.4474
vn -0.8175 0.2919 -0.4965
vn -0.5581 0.3154 -0.7675
vn -0.2586 0.8318 -0.4912
vn -0.3919 0.6890 -0.6097
vn -0.4297 -0.6818 -0.5920
vn -0.5423 -0.4328 -0.7202
vn -0.5756 0.1743 -0.7989
vn -0.6588 -0.0019 0.7523
vn -0.1684 0.4609 0.8713
vn -0.2320 -0.0694 0.9702
vn -0.4836 -0.2926 0.8249
vn -0.0454 0.0205 0.9988
vn -0.4845 -0.2721 0.8314
vn -0.7698 -0.2877 0.5697
vn -0.8632 -0.2574 0.4343
vn -0.8289 -0.1743 0.5315
vn -0.8748 -0.1169 0.4702
vn -0.8447 -0.2692 0.4627
vn -0.7955 -0.2571 0.5487
vn -0.8463 -0.1341 0.5155
vn -0.8170 -0.1316 0.5615
vn -0.7648 -0.2003 0.6124
vn -0.7393 -0.1229 0.6621
vn -0.8000 -0.1028 0.5911
vn -0.7488 -0.0838 0.6574
vn 0.2038 0.9218 0.3299
vn 0.6428 0.7378 0.2058
vn 0.8703 0.4902 0.0481
vn 0.5902 0.7503 0.2979
vn 0.8827 0.4506 0.1335
vn 0.9951 0.0986 0.0035
vn 0.9836 0.0429 -0.1750
vn 0.9561 0.2733 -0.1053
vn 0.2156 0.1905 0.9577
vn -0.4341 -0.2781 0.8569
vn 0.5844 0.2850 0.7598
vn -0.2747 -0.4296 0.8602
vn -0.8578 -0.0927 0.5055
vn -0.8900 -0.1630 0.4258
vn -0.8817 -0.0800 0.4649
vn -0.8679 -0.0155 0.4965
vn -0.8435 -0.0463 0.5351
vn -0.8459 -0.0964 0.5246
vn -0.8245 -0.0389 0.5645
vn -0.8227 -0.1269 0.5541
vn -0.7948 -0.0471 0.6050
vn -0.7239 -0.1277 0.6780
vn -0.7592 -0.2273 0.6099
vn -0.6547 -0.3121 0.6885
vn -0.7026 -0.3987 0.5894
vn -0.5980 -0.4913 0.6333
vn -0.6468 -0.5716 0.5048
vn -0.7283 -0.5375 0.4252
vn -0.6236 -0.3216 0.7125
vn -0.5579 -0.3634 0.7461
vn -0.6069 -0.5277 0.5943
vn -0.6226 -0.6002 0.5021
vn -0.6848 -0.4849 0.5441
vn -0.6488 -0.6055 0.4609
vn -0.7740 -0.3743 0.5107
vn -0.7030 -0.5692 0.4263
vn -0.8322 -0.3102 0.4596
vn -0.7742 -0.5068 0.3792
vn -0.8839 -0.2834 0.3721
vn -0.8435 -0.4531 0.2885
vn 0.4213 -0.9069 -0.0059
vn 0.7692 -0.6111 -0.1869
vn 0.4061 -0.9138 -0.0077
vn 0.7988 -0.5826 -0.1499
vn 0.9361 -0.3089 -0.1683
vn 0.9435 -0.2460 -0.2220
vn 0.2674 -0.9561 0.1195
vn 0.9844 -0.0973 -0.1464
vn 0.9841 -0.0731 0.1616
vn 0.8769 -0.4799 0.0271
vn 0.1678 -0.8645 0.4738
vn 0.8645 0.1510 0.4795
vn -0.0950 -0.6120 0.7851
vn -0.8878 -0.2929 0.3549
vn -0.8200 -0.4783 0.3144
vn 0.7350 -0.6707 0.0996
vn 0.5244 -0.8051 0.2772
vn 0.6610 -0.7503 0.0118
vn 0.6424 -0.7402 0.1986
vn 0.6586 -0.7326 0.1719
vn 0.4948 -0.0518 0.8675
vn 0.3040 0.5967 0.7426
vn 0.6742 0.4988 0.5446
vn 0.8959 -0.0993 0.4329
vn 0.5718 -0.6521 0.4977
vn 0.7904 -0.5618 0.2442
vn 0.9690 0.1732 0.1763
vn 0.9926 -0.1153 -0.0380
vn 0.9390 -0.2142 -0.2692
vn 0.8722 -0.3236 -0.3669
vn 0.6706 -0.5148 -0.5341
vn 0.6382 -0.5201 -0.5676
vn 0.1511 -0.7968 -0.5851
vn 0.2135 -0.7655 -0.6070
vn -0.2616 -0.8599 -0.4383
vn -0.1815 -0.8450 -0.5030
vn -0.1570 -0.8865 -0.4353
vn -0.1550 -0.9141 -0.3746
vn 0.0524 -0.8578 -0.5114
vn -0.0131 -0.9033 -0.4289
vn -0.0181 -0.9433 -0.3316
vn -0.0148 -0.9328 -0.3602
vn -0.1568 -0.9377 -0.3099
vn -0.2118 -0.9394 -0.2697
vn -0.2867 -0.9317 -0.2230
vn -0.3654 -0.9209 -0.1353
vn -0.0402 -0.9793 -0.1986
vn -0.0297 -0.9582 -0.2846
vn -0.4078 -0.9127 -0.0278
vn -0.0650 -0.9931 -0.0980
vn -0.3891 -0.9154 0.1031
vn -0.0945 -0.9955 -0.0087
vn -0.3378 -0.9234 0.1824
vn -0.1000 -0.9948 0.0205
vn -0.2597 -0.9523 0.1603
vn -0.0872 -0.9958 -0.0271
vn -0.1345 -0.9895 0.0524
vn -0.0582 -0.9872 -0.1486
vn 0.0740 -0.9958 -0.0530
vn 0.0768 -0.9622 -0.2611
vn -0.5436 -0.7841 0.2996
vn -0.3935 -0.8671 0.3053
vn 0.1658 -0.9503 0.2635
vn 0.2533 -0.9373 0.2395
vn -0.8186 -0.5485 0.1704
vn -0.8102 -0.5467 0.2113
vn -0.7727 -0.6082 0.1815
vn -0.8215 -0.5432 0.1736
vn -0.6875 -0.6539 0.3158
vn -0.6826 -0.6297 0.3709
vn -0.7317 -0.6027 0.3184
vn -0.7371 -0.6248 0.2577
vn -0.5993 -0.6922 0.4020
vn -0.6256 -0.6502 0.4311
vn -0.6566 -0.6365 0.4046
vn -0.6525 -0.6685 0.3567
vn -0.6289 -0.6574 0.4151
vn -0.6721 -0.6622 0.3313
vn -0.5730 -0.7138 0.4026
vn -0.5844 -0.7345 0.3448
vn 0.8562 -0.5112 0.0746
vn 0.3512 -0.8876 0.2982
vn -0.0442 -0.9020 0.4294
vn 0.6417 -0.7283 0.2402
vn 0.8958 -0.4117 -0.1672
vn 0.5362 -0.8263 0.1726
vn 0.8045 -0.4773 -0.3535
vn 0.5494 -0.8355 0.0068
vn 0.6458 -0.5880 -0.4870
vn 0.4150 -0.8942 -0.1680
vn 0.4748 -0.6825 -0.5556
vn 0.2756 -0.9132 -0.3001
vn 0.3566 -0.7628 -0.5394
vn 0.2141 -0.9110 -0.3526
vn 0.2736 -0.8193 -0.5039
vn 0.1758 -0.9044 -0.3889
vn 0.2328 -0.8526 -0.4678
vn 0.1850 -0.9142 -0.3605
vn 0.1928 -0.8860 -0.4217
vn 0.1919 -0.9448 -0.2655
vn 0.1143 -0.9931 -0.0271
vn 0.1626 -0.9772 -0.1363
vn 0.1678 -0.9281 -0.3323
vn 0.1552 -0.9652 -0.2104
vn 0.0536 -0.9961 0.0694
vn 0.0619 -0.9967 0.0519
vn 0.1496 -0.9850 -0.0854
vn 0.1205 -0.9927 -0.0091
vn -0.0052 -0.9992 -0.0384
vn 0.0377 -0.9990 0.0253
vn 0.0555 -0.9983 -0.0165
vn 0.0116 -0.9980 -0.0624
vn -0.1350 -0.9606 -0.2430
vn -0.0449 -0.9918 -0.1199
vn -0.0803 -0.9826 -0.1673
vn -0.1517 -0.9384 -0.3106
vn -0.1760 -0.9373 -0.3009
vn -0.0746 -0.9886 -0.1309
vn -0.0327 -0.9992 -0.0245
vn -0.2715 -0.9285 0.2533
vn -0.1596 -0.9694 0.1863
vn -0.1909 -0.9627 0.1917
vn -0.1843 -0.9706 0.1546
vn -0.1279 -0.9871 0.0966
vn -0.0304 -0.9982 0.0516
vn -0.2562 -0.9604 0.1098
vn -0.1758 -0.9843 0.0124
vn -0.1494 -0.9805 0.1279
vn -0.2421 -0.9467 0.2125
vn -0.0823 -0.9868 0.1397
vn -0.0769 -0.9948 0.0670
vn -0.2846 -0.9542 -0.0923
vn -0.2282 -0.9615 -0.1534
vn -0.2218 -0.9680 -0.1175
vn -0.2910 -0.9564 -0.0250
vn -0.1229 -0.9889 -0.0830
vn -0.1669 -0.9706 -0.1737
vn -0.2469 -0.9689 0.0168
vn -0.1721 -0.9840 0.0469
vn -0.2053 -0.9755 -0.0795
vn -0.2668 -0.9618 -0.0617
vn -0.2048 -0.9643 -0.1677
vn -0.2190 -0.9713 -0.0925
vn -0.0921 -0.9624 0.2556
vn -0.2193 -0.9601 0.1736
vn -0.2510 -0.8930 0.3735
vn -0.0328 -0.8727 0.4872
vn -0.2329 -0.9724 0.0153
vn -0.2946 -0.9471 0.1274
vn -0.5063 -0.6441 0.5734
vn -0.3180 -0.7130 0.6249
vn -0.1239 -0.7912 0.5988
vn -0.3880 -0.7736 0.5010
vn -0.4456 -0.8538 0.2692
vn -0.3789 -0.9073 0.1825
vn -0.7360 -0.5159 0.4382
vn -0.7578 -0.5245 0.3881
vn -0.5485 -0.6135 0.5682
vn -0.6294 -0.5518 0.5471
vn -0.5207 -0.7851 0.3354
vn -0.5347 -0.7877 0.3058
vn -0.8378 -0.4864 0.2478
vn -0.7347 -0.6179 0.2801
vn -0.6498 -0.7372 0.1851
vn -0.7908 -0.5828 0.1871
vn -0.4595 -0.8767 0.1425
vn -0.3902 -0.9196 0.0462
vn -0.6990 -0.6840 0.2088
vn -0.5856 -0.7990 0.1367
vn -0.5670 -0.8140 0.1265
vn -0.6490 -0.7228 0.2375
vn -0.3999 -0.9162 -0.0256
vn -0.4293 -0.9017 -0.0519
vn -0.6181 -0.7397 0.2661
vn -0.5585 -0.8166 0.1457
vn -0.5442 -0.8200 0.1773
vn -0.5836 -0.7513 0.3082
vn -0.4408 -0.8968 -0.0392
vn -0.4294 -0.9030 -0.0137
vn -0.5567 -0.7507 0.3557
vn -0.5372 -0.8182 0.2048
vn -0.5662 -0.7927 0.2260
vn -0.5587 -0.7416 0.3714
vn -0.4207 -0.9072 -0.0098
vn -0.4673 -0.8816 -0.0661
vn -0.6224 -0.1703 0.7640
vn -0.6305 -0.0735 0.7727
vn -0.6165 -0.1661 0.7696
vn -0.5481 0.0346 0.8357
vn -0.6144 -0.1324 0.7778
vn -0.5257 0.0633 0.8483
vn -0.6523 -0.2617 0.7113
vn -0.5493 -0.1394 0.8239
vn -0.0000 0.7158 0.6983
vn -0.3122 0.4362 0.8440
vn -0.4364 0.3875 0.8121
vn -0.1449 0.6808 0.7180
vn -0.1084 0.5719 0.8132
vn 0.0368 0.5643 0.8247
vn 0.2366 0.5873 0.7740
vn 0.1251 0.6584 0.7422
vn 0.2835 0.5496 0.7858
vn 0.0383 0.4966 0.8672
vn -0.3766 0.2117 0.9019
vn -0.4118 0.1969 0.8898
vn -0.2648 0.3227 0.9087
vn -0.1871 0.4215 0.8873
vn -0.4452 0.0320 0.8948
vn -0.3452 0.1779 0.9215
vn -0.1452 0.4406 0.8859
vn -0.0747 0.5689 0.8190
vn -0.2538 0.2931 0.9218
vn -0.2142 0.3956 0.8931
vn -0.1115 0.5274 0.8423
vn -0.0893 0.6152 0.7833
vn -0.1764 0.5579 0.8109
vn -0.1996 0.5859 0.7854
vn -0.2092 0.4735 0.8556
vn -0.2230 0.5103 0.8306
vn -0.2870 0.5226 0.8028
vn -0.3426 0.5083 0.7901
vn -0.3546 0.4633 0.8122
vn -0.4153 0.4523 0.7892
vn -0.2394 0.4984 0.8332
vn -0.2289 0.4586 0.8587
vn -0.3088 0.4557 0.8349
vn -0.3770 0.4681 0.7992
vn -0.1560 0.5122 0.8446
vn -0.2620 0.5198 0.8131
vn -0.1490 0.4488 0.8811
vn -0.0707 0.6381 0.7667
vn -0.2913 0.5227 0.8012
vn -0.1865 0.5850 0.7893
vn -0.3967 0.4124 0.8201
vn -0.3136 0.6036 0.7330
vn -0.2139 0.5953 0.7745
vn -0.0893 0.6968 0.7117
vn -0.1724 0.6833 0.7095
vn 0.1218 0.5921 0.7966
vn 0.0650 0.5173 0.8533
vn 0.0911 0.5768 0.8118
vn -0.0648 0.7045 0.7067
vn -0.0974 0.7099 0.6975
vn -0.1788 0.6126 0.7699
vn -0.4510 0.3563 0.8183
vn -0.5187 0.2402 0.8205
vn -0.5531 0.2527 0.7939
vn -0.5285 0.3006 0.7939
vn -0.4267 0.2782 0.8605
vn -0.5017 0.3922 0.7710
vn -0.4883 0.3574 0.7961
vn -0.3881 0.4799 0.7868
vn -0.4451 0.4608 0.7678
vn -0.2523 0.3893 0.8859
vn -0.4091 0.4286 0.8056
vn -0.4447 0.4848 0.7531
vn -0.0931 0.6716 0.7350
vn -0.2031 0.6297 0.7498
vn -0.3494 0.5480 0.7600
vn -0.4382 0.4805 0.7597
vn -0.5325 0.1912 0.8245
vn -0.6596 0.0317 0.7509
vn -0.6387 -0.0433 0.7682
vn -0.4993 0.0818 0.8626
vn 0.4928 0.4118 0.7665
vn 0.4152 0.2414 0.8771
vn 0.5247 0.5195 0.6744
vn 0.7802 0.2360 0.5793
vn 0.7611 0.5057 0.4062
vn 0.6462 -0.1360 0.7510
vn -0.6586 -0.4761 0.5827
vn -0.6510 0.1007 0.7524
vn -0.4730 -0.1371 0.8703
vn -0.4045 -0.6281 0.6648
vn -0.4801 0.5409 0.6906
vn -0.3594 0.3142 0.8787
vn -0.4508 -0.8314 0.3249
vn -0.1479 -0.9846 0.0932
vn -0.3160 -0.8857 0.3400
vn -0.0836 -0.9844 0.1549
vn -0.0517 -0.9955 0.0797
vn -0.0185 -0.9889 0.1475
vn 0.0889 -0.9747 0.2053
vn -0.0782 -0.9208 0.3822
vn 0.0254 -0.9739 0.2255
vn 0.1179 -0.9559 0.2688
vn 0.2132 -0.9478 0.2371
vn 0.0811 -0.9172 0.3901
vn -0.1420 -0.9356 0.3234
vn -0.1431 -0.8613 0.4875
vn 0.0108 -0.9113 0.4117
vn -0.0368 -0.9304 0.3646
vn 0.0998 -0.8441 0.5268
vn 0.2202 -0.8844 0.4115
vn -0.0224 -0.6582 0.7525
vn 0.1322 -0.5955 0.7924
vn 0.2539 -0.7813 0.5702
vn 0.4057 -0.7880 0.4632
vn 0.6269 -0.5624 0.5391
vn 0.4714 -0.6100 0.6369
vn 0.7439 -0.2547 0.6178
vn 0.8416 -0.1070 0.5294
vn 0.3379 -0.4556 0.8236
vn 0.7591 0.5894 0.2763
vn 0.8607 0.2375 0.4503
vn 0.8590 0.3713 0.3526
vn 0.7758 0.6157 0.1376
vn 0.6939 0.4890 -0.5287
vn 0.7369 0.6725 -0.0684
vn 0.6792 0.3781 -0.6291
vn 0.8515 0.1875 -0.4897
vn 0.8371 0.4360 -0.3303
vn 0.9468 0.3208 -0.0254
vn 0.9465 0.0287 -0.3215
vn 0.9923 -0.0696 -0.1028
vn 0.9638 0.0470 0.2623
vn -0.5644 0.3020 0.7683
vn -0.5891 0.1601 0.7920
vn -0.6382 0.1334 0.7583
vn -0.5681 0.2766 0.7751
vn -0.3585 0.2986 0.8845
vn -0.3945 0.3903 0.8319
vn -0.1660 0.5493 0.8190
vn -0.1937 0.6294 0.7526
vn -0.0691 0.6639 0.7446
vn -0.0840 0.7095 0.6996
vn -0.4507 0.4782 0.7537
vn -0.5044 0.4019 0.7642
vn -0.4777 0.4090 0.7775
vn -0.3570 0.5460 0.7579
vn -0.0904 0.6993 0.7091
vn -0.1898 0.6709 0.7169
vn -0.0254 0.5404 0.8410
vn -0.1919 0.5222 0.8310
vn -0.1325 -0.1119 0.9848
vn -0.0555 0.0247 0.9982
vn -0.2023 0.3502 0.9146
vn 0.1696 0.0585 0.9838
vn -0.4018 0.5299 0.7468
vn -0.2709 0.4056 0.8730
vn -0.3375 0.3051 0.8905
vn -0.2327 0.3032 0.9241
vn -0.2669 0.0893 0.9596
vn -0.2203 0.1467 0.9643
vn -0.2161 -0.1113 0.9700
vn -0.3095 0.1047 0.9451
vn -0.3870 -0.0566 0.9203
vn -0.4930 0.2319 0.8386
vn -0.2420 0.2982 0.9233
vn -0.2352 0.2193 0.9469
vn -0.3609 0.2931 0.8853
vn -0.3495 0.3814 0.8558
vn -0.4775 0.3820 0.7912
vn -0.4343 0.4720 0.7672
vn -0.3237 0.5821 0.7459
vn -0.2924 0.4991 0.8157
vn -0.2411 0.3815 0.8924
vn -0.7728 0.0731 0.6304
vn -0.7668 0.4254 0.4807
vn -0.7817 0.0649 0.6203
vn -0.7877 0.3647 0.4965
vn -0.6325 0.7563 0.1670
vn -0.3570 0.9061 -0.2272
vn -0.7179 0.6688 0.1932
vn -0.4949 0.8399 -0.2227
vn 0.1638 0.6884 -0.7066
vn 0.2197 0.7415 -0.6339
vn 0.0759 0.8252 -0.5597
vn -0.0919 0.8085 -0.5813
vn 0.5061 0.5774 -0.6407
vn 0.5051 0.6121 -0.6084
vn 0.2191 0.7570 -0.6156
vn 0.2196 0.6884 -0.6913
vn 0.9527 -0.2996 -0.0501
vn 0.8553 -0.5166 0.0387
vn 0.6745 -0.6769 0.2946
vn 0.8530 -0.3716 0.3664
vn 0.2672 -0.8922 0.3640
vn 0.1195 -0.9207 0.3715
vn 0.4042 -0.8665 0.2930
vn 0.6226 -0.7554 0.2045
vn 0.9496 -0.1357 -0.2826
vn 0.9393 0.0427 -0.3403
vn 0.8005 0.3373 -0.4954
vn 0.8354 0.2581 -0.4853
vn 0.9630 -0.1654 -0.2128
vn 0.9272 -0.3556 -0.1176
vn 0.9700 -0.0275 -0.2415
vn 0.9507 -0.0889 -0.2970
vn 0.8358 0.2565 -0.4855
vn 0.8421 0.2747 -0.4642
vn 0.0102 -0.9165 0.3999
vn 0.1412 -0.9380 0.3165
vn 0.0681 -0.9059 0.4180
vn 0.1720 -0.9273 0.3324
vn 0.7863 -0.6164 0.0408
vn 0.4432 -0.8490 0.2878
vn 0.8809 -0.4662 -0.0819
vn 0.5904 -0.7750 0.2255
vn 0.9208 -0.3809 -0.0842
vn 0.6544 -0.7088 0.2633
vn 0.9503 -0.3114 0.0028
vn 0.6728 -0.6407 0.3699
vn 0.2944 -0.9286 0.2259
vn 0.2969 -0.9209 0.2527
vn 0.1532 -0.8907 0.4280
vn 0.2400 -0.8674 0.4360
vn 0.2218 -0.9029 0.3682
vn 0.2771 -0.8747 0.3976
vn 0.3699 -0.7501 0.5482
vn 0.3100 -0.8243 0.4737
vn 0.3779 -0.8272 0.4159
vn 0.4651 -0.7318 0.4981
vn -0.3294 -0.6464 0.6882
vn -0.4349 -0.5009 0.7483
vn -0.4819 -0.5026 0.7177
vn -0.3224 -0.7060 0.6306
vn -0.6206 -0.2930 0.7273
vn -0.5412 -0.3531 0.7632
vn -0.2231 -0.8202 0.5267
vn -0.1893 -0.8010 0.5680
vn 0.3337 -0.8955 0.2944
vn 0.1169 -0.8843 0.4520
vn 0.3779 -0.8640 0.3327
vn 0.1476 -0.8416 0.5195
vn 0.4279 -0.8031 0.4146
vn 0.1761 -0.7493 0.6384
vn 0.4497 -0.6858 0.5723
vn 0.2161 -0.5981 0.7718
vn -0.7627 0.0388 0.6456
vn -0.8233 0.3119 0.4743
vn -0.6319 -0.1500 0.7604
vn -0.7119 0.0814 0.6975
vn -0.1647 -0.7591 0.6298
vn -0.3508 -0.5613 0.7496
vn -0.1487 -0.6875 0.7108
vn -0.3438 -0.4571 0.8203
vn -0.4126 -0.4173 0.8097
vn -0.4043 -0.2880 0.8681
vn -0.1065 -0.5701 0.8147
vn -0.3040 -0.3506 0.8858
vn -0.0379 -0.4425 0.8960
vn -0.2551 -0.2919 0.9218
vn -0.3845 -0.2229 0.8958
vn -0.6099 0.0082 0.7924
vn -0.3760 -0.2315 0.8972
vn -0.5966 -0.0876 0.7978
vn -0.8225 0.5445 0.1642
vn -0.6374 0.7296 -0.2477
vn -0.8542 0.4430 0.2721
vn -0.6900 0.7026 -0.1738
vn -0.2687 0.7777 -0.5684
vn -0.3347 0.7971 -0.5027
vn 0.0477 0.7345 -0.6769
vn 0.1032 0.6842 -0.7220
vn -0.8413 0.3577 0.4053
vn -0.7190 0.6913 -0.0713
vn -0.8412 0.2947 0.4533
vn -0.7309 0.6825 0.0035
vn 0.2548 0.6361 -0.7283
vn 0.2888 0.6483 -0.7045
vn 0.5895 0.5272 -0.6120
vn 0.5337 0.5440 -0.6475
vn -0.4042 0.8465 -0.3466
vn -0.3741 0.8268 -0.4201
vn -0.0284 0.8307 -0.5559
vn 0.0053 0.7862 -0.6179
vn 0.8590 0.2921 -0.4205
vn 0.8868 0.2900 -0.3597
vn 0.9958 0.0518 -0.0756
vn 0.9871 0.0293 -0.1572
vn 0.7083 0.5075 -0.4907
vn 0.6472 0.5184 -0.5589
vn 0.3107 0.6767 -0.6675
vn 0.3354 0.7151 -0.6133
vn 0.6845 -0.4361 0.5841
vn 0.6952 -0.5355 0.4794
vn 0.9724 -0.2087 0.1044
vn 0.9590 -0.1697 0.2270
vn 0.3595 -0.5765 0.7338
vn 0.4471 -0.6291 0.6359
vn 0.3800 -0.6620 0.6461
vn 0.3485 -0.5754 0.7399
vn 0.9989 0.0014 0.0477
vn 0.9990 0.0446 -0.0065
vn 0.9136 0.2742 -0.3001
vn 0.9352 0.2554 -0.2452
vn 0.3719 -0.5625 0.7384
vn 0.1915 -0.4761 0.8583
vn 0.2465 -0.5130 0.8222
vn 0.1239 -0.4654 0.8764
vn 0.8973 -0.2105 0.3880
vn 0.7996 -0.3344 0.4988
vn 0.3059 -0.4953 0.8131
vn 0.5408 -0.4281 0.7240
vn 0.2325 -0.5259 0.8181
vn 0.1152 -0.5034 0.8563
vn -0.0096 -0.3869 0.9221
vn -0.2118 -0.3185 0.9240
vn -0.0141 -0.4269 0.9042
vn -0.1570 -0.3959 0.9048
vn -0.3346 -0.3120 0.8892
vn -0.5428 -0.1918 0.8177
vn -0.2488 -0.4013 0.8815
vn -0.4024 -0.3099 0.8614
vn 0.0083 -0.4817 0.8763
vn -0.0398 -0.4760 0.8785
vn -0.1047 -0.4799 0.8711
vn -0.1995 -0.4371 0.8770
vn 0.2311 -0.5211 0.8216
vn 0.1507 -0.5131 0.8450
vn 0.7376 -0.3664 0.5672
vn 0.9914 -0.0142 0.1300
vn 0.9793 -0.0098 0.2021
vn 0.6990 -0.3590 0.6185
vn 0.6545 -0.2949 0.6962
vn 0.0557 -0.4285 0.9018
vn 0.9642 0.0391 0.2622
vn 0.8862 0.2048 0.4156
vn 0.4951 0.0806 0.8651
vn -0.1229 -0.2191 0.9679
vn 0.9535 0.2504 -0.1679
vn 0.7662 0.5037 -0.3990
vn 0.9617 0.2613 -0.0828
vn 0.7921 0.5285 -0.3054
vn 0.3857 0.7458 -0.5431
vn 0.4222 0.7841 -0.4549
vn -0.0232 0.8548 -0.5184
vn 0.0165 0.8774 -0.4795
vn -0.3958 -0.2071 0.8947
vn -0.5591 0.2206 0.7992
vn -0.6688 0.6375 0.3825
vn -0.6399 0.0838 0.7639
vn -0.7915 0.2232 0.5689
vn -0.7266 0.6727 0.1395
vn -0.4178 0.8659 -0.2750
vn -0.3301 0.9205 -0.2090
vn 0.2040 0.9337 -0.2942
vn -0.1544 0.9727 0.1733
vn 0.5212 0.8534 -0.0001
vn 0.7323 0.6476 -0.2105
vn 0.0040 0.7267 0.6870
vn 0.7380 0.6315 0.2377
vn 0.9374 0.3481 -0.0124
vn -0.1436 0.9666 0.2123
vn 0.0189 0.9641 0.2648
vn -0.1324 0.7840 0.6065
vn -0.3433 0.7692 0.5390
vn -0.5288 0.4990 0.6866
vn -0.4747 0.5056 0.7204
vn -0.5050 0.4290 0.7490
vn -0.4825 0.4118 0.7730
vn -0.2517 0.6242 0.7396
vn -0.2473 0.6263 0.7393
vn 0.2374 0.9686 0.0735
vn 0.2549 0.9663 0.0356
vn 0.2011 0.9660 0.1627
vn 0.1206 0.9704 0.2091
vn 0.2063 0.9179 0.3391
vn 0.3289 0.8958 0.2988
vn 0.4084 0.8252 0.3902
vn 0.2914 0.8450 0.4484
vn 0.1814 0.8039 0.5664
vn 0.2196 0.8068 0.5484
vn 0.2309 0.9725 -0.0294
vn 0.1970 0.9763 -0.0891
vn 0.3195 0.9453 -0.0656
vn 0.2507 0.9669 0.0482
vn -0.4426 0.4339 0.7848
vn -0.2382 0.6567 0.7155
vn -0.2092 0.6495 0.7310
vn -0.4007 0.4494 0.7984
vn 0.4205 0.8904 0.1744
vn 0.5348 0.8438 0.0450
vn 0.5095 0.8291 0.2303
vn 0.4524 0.8424 0.2929
vn 0.2280 0.8358 0.4994
vn 0.2563 0.8342 0.4883
vn 0.1733 0.9761 -0.1315
vn 0.4325 0.8848 -0.1734
vn 0.2901 0.9482 -0.1291
vn 0.6522 0.7297 -0.2051
vn -0.4237 0.4478 0.7873
vn -0.2359 0.6226 0.7461
vn -0.3273 0.6045 0.7262
vn -0.4794 0.4428 0.7577
vn 0.6635 0.7426 -0.0911
vn 0.5780 0.7906 0.2022
vn 0.7536 0.6435 -0.1338
vn 0.5606 0.8082 0.1807
vn 0.2530 0.8134 0.5238
vn 0.1409 0.8360 0.5303
vn 0.4777 0.8660 -0.1477
vn 0.7002 0.6392 -0.3180
vn 0.5848 0.7880 -0.1926
vn 0.6173 0.6771 -0.4007
vn 0.6631 0.7119 -0.2314
vn 0.4027 0.9080 0.1158
vn 0.4893 0.8236 -0.2868
vn 0.2258 0.9711 0.0775
vn 0.4219 0.9044 -0.0642
vn 0.6271 0.7746 -0.0828
vn 0.6471 0.7548 0.1072
vn 0.6215 0.7486 0.2311
vn 0.6316 0.7479 -0.2042
vn 0.5048 0.7866 -0.3555
vn 0.3085 0.9275 -0.2112
vn 0.1090 0.9877 0.1118
vn 0.1856 0.9826 -0.0090
vn 0.0813 0.9823 0.1688
vn -0.5084 0.4433 0.7383
vn -0.4020 0.6069 0.6856
vn -0.3825 0.6192 0.6858
vn -0.4536 0.4424 0.7737
vn -0.0382 0.8768 0.4793
vn -0.1455 0.8867 0.4388
vn 0.5168 0.6500 0.5571
vn 0.1984 0.5132 0.8350
vn 0.1549 0.5979 0.7865
vn 0.3372 0.8374 0.4302
vn -0.4050 0.2565 0.8776
vn -0.2834 0.2805 0.9171
vn -0.2949 0.2841 0.9123
vn -0.2123 0.3126 0.9259
vn 0.0897 0.9077 0.4100
vn -0.0332 0.8726 0.4873
vn 0.0105 0.6842 0.7292
vn -0.1177 0.6093 0.7841
vn -0.0707 0.4113 0.9087
vn -0.1025 0.3673 0.9244
vn -0.0843 0.4875 0.8690
vn -0.1812 0.4108 0.8935
vn -0.3053 0.4380 0.8455
vn -0.2814 0.3331 0.8999
vn -0.2668 0.6266 0.7322
vn -0.2536 0.3453 0.9036
vn -0.1425 0.8750 0.4627
vn -0.7285 -0.6457 -0.2289
vn -0.7878 -0.6102 0.0842
vn -0.2704 -0.9594 -0.0808
vn -0.3499 -0.9338 0.0743
vn -0.6151 -0.7490 0.2464
vn -0.1538 -0.9608 0.2307
vn 0.0379 -0.9730 0.2276
vn -0.3616 -0.8830 0.2991
vn 0.0158 -0.9925 0.1210
vn 0.2070 -0.9593 0.1920
vn -0.1295 -0.9298 0.3445
vn -0.1469 -0.9333 0.3277
vn 0.1605 -0.9634 0.2149
vn 0.0288 -0.9925 0.1185
vn -0.4255 -0.8883 0.1728
vn -0.1168 -0.9927 -0.0317
vn 0.1332 -0.9867 -0.0927
vn 0.3188 -0.9458 -0.0623
vn 0.1231 -0.9922 0.0175
vn 0.2849 -0.9545 -0.0881
vn 0.2234 -0.9510 -0.2137
vn -0.1289 -0.9400 -0.3160
vn 0.2529 -0.9563 0.1464
vn -0.2402 -0.4022 -0.8835
vn -0.3538 -0.3109 -0.8821
vn -0.4786 -0.4655 -0.7445
vn -0.5826 -0.5595 -0.5895
vn -0.4516 -0.2223 -0.8641
vn -0.4071 -0.2133 -0.8881
vn 0.8203 0.4125 -0.3961
vn 0.7227 0.3744 -0.5810
vn 0.7204 0.3082 -0.6213
vn 0.8100 0.3498 -0.4706
vn 0.6098 0.2354 -0.7568
vn 0.5919 0.2837 -0.7544
vn 0.6469 0.1488 -0.7479
vn 0.7395 0.2166 -0.6373
vn 0.8129 0.2737 -0.5142
vn 0.8437 0.2903 -0.4516
vn 0.8365 0.3365 -0.4325
vn 0.8259 0.3152 -0.4674
vn 0.8487 0.3107 -0.4280
vn 0.8005 0.3227 -0.5050
vn 0.8320 0.3663 -0.4167
vn 0.8488 0.3731 -0.3747
vn 0.8246 0.3479 -0.4461
vn 0.8271 0.4252 -0.3677
vn 0.8409 0.4575 -0.2892
vn 0.8061 0.4174 -0.4194
vn 0.7966 0.3457 -0.4960
vn 0.8181 0.5606 -0.1284
vn 0.8184 0.5464 -0.1778
vn 0.7450 0.6555 0.1239
vn 0.7393 0.6580 0.1434
vn 0.7399 0.6656 0.0980
vn 0.8111 0.5449 -0.2127
vn 0.6192 0.6896 0.3755
vn 0.6048 0.6904 0.3969
vn 0.3931 0.6596 0.6407
vn 0.4889 0.6593 0.5712
vn 0.3894 0.7365 0.5530
vn 0.5844 0.7262 0.3621
vn 0.1213 0.5496 0.8266
vn 0.1779 0.5724 0.8004
vn 0.2715 0.5576 0.7844
vn 0.1307 0.4710 0.8724
vn 0.0800 0.6956 0.7140
vn 0.1680 0.7109 0.6830
vn 0.1950 0.5977 0.7777
vn 0.1438 0.5760 0.8047
vn 0.1714 0.4755 0.8629
vn 0.2111 0.5061 0.8362
vn 0.0893 0.7004 0.7081
vn 0.0765 0.7023 0.7078
vn -0.1490 0.4198 0.8953
vn 0.1377 0.5686 0.8110
vn 0.0842 0.4977 0.8632
vn -0.1971 0.3891 0.8999
vn -0.2346 0.3983 0.8867
vn 0.0117 0.6163 0.7874
vn -0.5391 0.1287 0.8323
vn -0.5506 0.0621 0.8325
vn -0.4134 0.2159 0.8846
vn -0.4084 0.2493 0.8781
vn -0.5802 -0.0152 0.8143
vn -0.4725 0.1550 0.8676
vn -0.6742 -0.0578 0.7363
vn -0.6674 -0.1237 0.7343
vn -0.6392 -0.0626 0.7665
vn -0.6295 0.0167 0.7768
vn -0.6415 -0.1256 0.7567
vn -0.6578 -0.1463 0.7389
vn -0.6772 -0.0819 0.7313
vn -0.6484 -0.0917 0.7558
vn -0.6664 -0.1290 0.7343
vn -0.6848 -0.0871 0.7235
vn -0.6463 -0.1079 0.7554
vn -0.6231 -0.0436 0.7809
vn -0.6675 0.0033 0.7446
vn -0.5947 0.0378 0.8031
vn -0.6120 -0.0187 0.7907
vn -0.6602 -0.0402 0.7500
vn -0.5873 0.0275 0.8089
vn -0.5842 0.0455 0.8103
vn -0.8822 -0.2617 0.3914
vn -0.8474 -0.3202 0.4236
vn -0.7343 -0.1066 0.6704
vn -0.7827 -0.0813 0.6170
vn -0.7267 -0.1364 0.6733
vn -0.8287 -0.3290 0.4528
vn -0.8681 -0.4941 -0.0484
vn -0.8584 -0.5128 0.0111
vn -0.8719 -0.4116 0.2652
vn -0.9023 -0.3732 0.2157
vn -0.8536 -0.3997 0.3341
vn -0.8460 -0.5253 0.0909
vn -0.2206 -0.2966 -0.9292
vn -0.4399 -0.4155 -0.7961
vn -0.2366 -0.4294 -0.8716
vn -0.0798 -0.3053 -0.9489
vn -0.3172 -0.5044 -0.8031
vn -0.4704 -0.4458 -0.7616
vn -0.0511 -0.4415 -0.8958
vn 0.0086 -0.3573 -0.9339
vn 0.1122 -0.2711 -0.9560
vn -0.0677 -0.3796 -0.9227
vn 0.1911 -0.1611 -0.9683
vn 0.6231 0.1780 -0.7616
vn 0.3780 -0.0197 -0.9256
vn 0.2519 -0.3565 -0.8997
vn -0.0181 -0.4790 -0.8776
vn 0.4279 0.0541 -0.9022
vn 0.5159 0.1379 -0.8455
vn 0.0636 -0.2618 -0.9630
vn 0.2219 -0.1518 -0.9632
vn 0.3934 -0.1314 -0.9099
vn 0.5175 -0.0887 -0.8511
vn 0.2429 0.0220 -0.9698
vn -0.0026 -0.1502 -0.9887
vn 0.0965 -0.1565 -0.9830
vn 0.2971 0.0075 -0.9548
vn 0.2343 -0.1736 -0.9565
vn 0.3766 -0.0628 -0.9242
vn 0.5226 0.0496 -0.8511
vn 0.4747 0.1354 -0.8697
vn 0.4548 0.1780 -0.8726
vn -0.7820 -0.6097 0.1291
vn -0.7814 -0.6235 -0.0258
vn -0.4937 -0.6428 -0.5857
vn -0.8358 -0.4972 0.2330
vn -0.6705 -0.6694 -0.3201
vn -0.7737 -0.6181 -0.1390
vn -0.8351 -0.3949 0.3829
vn -0.7703 -0.4461 0.4557
vn -0.8423 -0.4118 0.3479
vn -0.0899 -0.4364 -0.8953
vn 0.0985 -0.3624 -0.9268
vn -0.2972 -0.5336 -0.7918
vn -0.6387 -0.6302 -0.4415
vn -0.6183 -0.6734 -0.4053
vn -0.6699 -0.6026 -0.4337
vn -0.5939 -0.6533 -0.4696
vn -0.3821 -0.6718 -0.6345
vn -0.2841 -0.6536 -0.7014
vn -0.7376 -0.6731 0.0535
vn -0.8197 -0.5396 0.1920
vn -0.7569 -0.6218 -0.2011
vn 0.0345 -0.1874 -0.9817
vn 0.5868 0.0973 -0.8039
vn -0.5275 -0.4025 -0.7481
vn -0.5617 -0.4690 -0.6816
vn -0.0926 -0.2919 -0.9520
vn 0.5013 0.0009 -0.8653
vn -0.3888 -0.4273 -0.8162
vn -0.5518 -0.5022 -0.6658
vn -0.4905 -0.4783 -0.7285
vn -0.3441 -0.3711 -0.8625
vn -0.4513 -0.4767 -0.7544
vn -0.5400 -0.5155 -0.6653
vn -0.4883 -0.4139 -0.7683
vn -0.2902 -0.2969 -0.9097
vn -0.4130 -0.6920 -0.5920
vn -0.5754 -0.6650 -0.4761
vn -0.7613 -0.6383 -0.1141
vn -0.7152 -0.6745 -0.1830
vn -0.8141 -0.5487 -0.1899
vn -0.6248 -0.6210 -0.4733
vn -0.9017 -0.4127 0.1289
vn -0.8369 -0.5015 0.2195
vn -0.8194 -0.5388 0.1957
vn 0.3690 -0.1330 -0.9199
vn 0.4182 -0.0621 -0.9062
vn -0.1105 -0.3855 -0.9161
vn -0.0348 -0.3761 -0.9259
vn -0.4277 -0.5698 -0.7017
vn -0.8343 -0.5418 -0.1020
vn -0.5127 -0.5270 -0.6778
vn -0.8879 -0.4397 -0.1354
vn -0.0408 -0.1265 -0.9911
vn -0.2579 -0.2627 -0.9298
vn 0.2425 0.0482 -0.9690
vn 0.2887 0.0382 -0.9567
vn -0.0448 -0.1440 -0.9886
vn -0.4829 -0.3717 -0.7929
vn 0.4534 0.1883 -0.8712
vn 0.5930 0.2966 -0.7486
vn 0.6269 0.2646 -0.7328
vn 0.4903 0.1573 -0.8572
vn -0.8750 -0.4232 0.2351
vn -0.8894 -0.3835 0.2486
vn -0.9165 -0.2769 0.2886
vn -0.8952 -0.4270 0.1278
vn -0.3272 -0.6600 -0.6763
vn -0.6919 -0.6331 -0.3471
vn -0.6290 -0.6370 -0.4456
vn 0.7454 0.3984 -0.5345
vn 0.8338 0.4384 -0.3355
vn 0.8806 0.3799 -0.2833
vn 0.8077 0.3797 -0.4510
vn 0.8249 0.3897 -0.4095
vn 0.7768 0.3302 -0.5362
vn 0.7887 0.3127 -0.5293
vn 0.8435 0.3596 -0.3989
vn 0.7761 0.3458 -0.5273
vn 0.7889 0.4181 -0.4503
vn 0.7764 0.4154 -0.4740
vn 0.7780 0.3222 -0.5393
vn 0.7948 0.5620 -0.2290
vn 0.7256 0.6859 0.0550
vn 0.7118 0.7023 -0.0086
vn 0.7796 0.5729 -0.2529
vn 0.7602 0.5753 -0.3020
vn 0.7603 0.3844 -0.5237
vn 0.6930 0.7146 -0.0952
vn 0.6980 0.6993 -0.1541
vn 0.7597 0.5700 -0.3130
vn 0.7605 0.3791 -0.5272
vn 0.5872 0.7679 0.2558
vn 0.5942 0.7936 0.1309
vn 0.3987 0.8198 0.4110
vn 0.4006 0.8657 0.3002
vn 0.5953 0.8035 0.0088
vn 0.3892 0.8861 0.2518
vn 0.3940 0.8772 0.2745
vn 0.6103 0.7900 -0.0591
vn 0.1598 0.8025 0.5749
vn 0.1586 0.8242 0.5437
vn 0.0274 0.7500 0.6609
vn 0.0194 0.7375 0.6750
vn 0.0277 0.6605 0.7503
vn 0.1338 0.7876 0.6015
vn 0.0966 0.7166 0.6907
vn 0.0098 0.5506 0.8347
vn 0.0364 0.7372 0.6747
vn 0.0088 0.7050 0.7091
vn 0.0205 0.6982 0.7156
vn -0.0612 0.6238 0.7792
vn -0.0225 0.5024 0.8643
vn 0.0291 0.5787 0.8150
vn 0.0427 0.4580 0.8879
vn 0.0226 0.4739 0.8803
vn -0.1331 0.5559 0.8205
vn -0.2007 0.4745 0.8571
vn -0.3436 0.3348 0.8774
vn -0.3742 0.3103 0.8739
vn -0.3681 0.3143 0.8751
vn -0.1801 0.4242 0.8875
vn -0.2660 0.3623 0.8933
vn -0.0424 0.4426 0.8957
vn -0.5183 0.1218 0.8465
vn -0.5550 0.1270 0.8221
vn -0.6236 -0.0401 0.7807
vn -0.6680 -0.0192 0.7439
vn -0.5685 0.1392 0.8108
vn -0.6817 0.0167 0.7315
vn -0.6780 0.0997 0.7283
vn -0.5216 0.2167 0.8252
vn -0.6619 -0.1079 0.7418
vn -0.6887 -0.0507 0.7232
vn -0.6632 -0.0946 0.7424
vn -0.6756 -0.0171 0.7370
vn -0.6989 0.0183 0.7149
vn -0.6816 0.0725 0.7281
vn -0.6709 0.1458 0.7271
vn -0.6966 0.0969 0.7109
vn -0.6385 -0.0355 0.7688
vn -0.6440 0.0451 0.7637
vn -0.6131 0.0259 0.7896
vn -0.6163 0.1038 0.7806
vn -0.6257 0.1828 0.7583
vn -0.6509 0.1371 0.7467
vn -0.6479 0.2012 0.7347
vn -0.6459 0.1931 0.7386
vn -0.5848 0.0822 0.8070
vn -0.5953 0.1500 0.7894
vn -0.6081 0.0721 0.7906
vn -0.6478 0.0780 0.7578
vn -0.7361 -0.0703 0.6732
vn -0.6433 0.1455 0.7516
vn -0.7243 0.0785 0.6850
vn -0.8137 -0.0962 0.5732
vn -0.7564 -0.1289 0.6413
vn -0.7784 -0.1819 0.6008
vn -0.8384 -0.3282 0.4352
vn -0.8248 -0.3863 0.4129
vn -0.8273 -0.4075 0.3867
vn -0.8052 -0.3054 0.5084
vn -0.8701 -0.2223 0.4399
vn -0.8967 -0.3060 0.3199
vn -0.8430 -0.4173 0.3393
vn -0.8221 -0.4684 0.3236
vn -0.8247 -0.5463 0.1468
vn -0.8345 -0.4473 0.3219
vn -0.9028 -0.3594 0.2361
vn -0.6579 -0.6889 -0.3042
vn 0.8654 0.2578 -0.4298
vn 0.8734 0.3301 -0.3580
vn 0.8358 0.2031 -0.5100
vn 0.8681 0.1703 -0.4662
vn 0.8934 0.2724 -0.3572
vn 0.8938 0.3672 -0.2573
vn 0.8654 0.4120 -0.2852
vn 0.8449 0.4942 -0.2048
vn 0.8717 0.4584 -0.1730
vn 0.8383 0.5344 -0.1075
vn 0.8111 0.5798 -0.0774
vn 0.7238 0.6694 0.1674
vn 0.7981 0.6021 -0.0217
vn 0.7262 0.6670 0.1667
vn 0.5997 0.7014 0.3853
vn 0.5125 0.6926 0.5076
vn 0.6210 0.6853 0.3804
vn 0.5339 0.6760 0.5079
vn 0.3657 0.6351 0.6803
vn 0.2164 0.5350 0.8167
vn 0.4371 0.6487 0.6230
vn 0.3188 0.5872 0.7440
vn 0.1594 0.4815 0.8618
vn 0.1792 0.5248 0.8321
vn 0.1248 0.4780 0.8694
vn 0.0564 0.4908 0.8694
vn -0.0108 0.4566 0.8896
vn -0.0691 0.4480 0.8914
vn -0.2030 0.3617 0.9099
vn -0.2152 0.3648 0.9059
vn -0.3949 0.2424 0.8862
vn -0.3658 0.2189 0.9046
vn -0.4915 0.1013 0.8650
vn -0.5190 0.1430 0.8427
vn -0.6108 0.0515 0.7901
vn -0.5805 0.0204 0.8140
vn -0.6358 -0.0342 0.7711
vn -0.6653 -0.0178 0.7464
vn -0.6883 -0.0528 0.7235
vn -0.6766 -0.0750 0.7325
vn -0.7225 -0.1030 0.6836
vn -0.7013 -0.0602 0.7103
vn -0.7227 -0.0592 0.6886
vn -0.7707 -0.1155 0.6267
vn -0.8056 -0.1152 0.5811
vn -0.7610 -0.0577 0.6462
vn -0.8321 -0.0964 0.5462
vn -0.8456 -0.1474 0.5131
vn -0.8916 -0.2203 0.3956
vn -0.8995 -0.2058 0.3854
vn -0.9216 -0.3399 0.1876
vn -0.9192 -0.3382 0.2018
vn -0.8821 -0.4651 -0.0747
vn -0.8856 -0.4590 -0.0706
vn -0.7171 -0.5620 -0.4123
vn -0.7340 -0.5583 -0.3867
vn -0.8294 -0.5426 -0.1331
vn -0.7449 -0.5940 -0.3037
vn -0.8741 -0.4300 0.2260
vn -0.8537 -0.4611 0.2420
vn -0.8662 -0.4053 0.2922
vn -0.8812 -0.4721 0.0258
vn -0.7640 -0.5845 -0.2731
vn -0.6847 -0.5632 -0.4626
vn -0.3301 -0.5479 -0.7687
vn -0.2490 -0.5232 -0.8150
vn 0.1964 -0.3647 -0.9102
vn 0.4547 -0.1897 -0.8702
vn 0.2647 -0.3437 -0.9010
vn 0.4974 -0.1832 -0.8479
vn 0.4614 -0.1945 -0.8656
vn 0.4582 -0.2013 -0.8657
vn 0.3139 -0.2789 -0.9076
vn 0.3295 -0.2765 -0.9028
vn 0.3380 -0.2229 -0.9144
vn 0.4754 -0.1137 -0.8724
vn 0.1720 -0.3211 -0.9313
vn 0.1595 -0.3540 -0.9216
vn 0.3799 -0.2328 -0.8953
vn 0.5299 -0.1351 -0.8372
vn 0.5902 -0.0146 -0.8071
vn 0.6907 0.0675 -0.7200
vn 0.6246 -0.0712 -0.7777
vn 0.7165 -0.0115 -0.6975
vn 0.8063 0.0724 -0.5870
vn 0.7740 0.1385 -0.6178
vn 0.0573 -0.3711 -0.9268
vn 0.0459 -0.3794 -0.9241
vn 0.0713 -0.3998 -0.9138
vn 0.0294 -0.4158 -0.9090
vn 0.1379 -0.3477 -0.9274
vn 0.1827 -0.3523 -0.9179
vn 0.8320 0.0500 -0.5525
vn 0.8941 0.1772 -0.4114
vn 0.7323 -0.0601 -0.6783
vn 0.7483 -0.0747 -0.6591
vn 0.8517 0.0493 -0.5218
vn 0.9128 0.1973 -0.3575
vn -0.7990 -0.5993 -0.0491
vn -0.5834 -0.7047 -0.4038
vn -0.6222 -0.6434 -0.4460
vn -0.8172 -0.5672 -0.1026
vn -0.6429 -0.6870 -0.3387
vn -0.7962 -0.6025 0.0556
vn -0.2031 -0.5342 -0.8206
vn -0.1979 -0.5545 -0.8083
vn -0.2919 -0.5799 -0.7606
vn 0.0980 -0.4178 -0.9032
vn 0.1869 -0.3728 -0.9089
vn 0.1377 -0.4122 -0.9006
vn 0.1697 -0.4456 -0.8790
vn 0.1458 -0.4588 -0.8765
vn 0.2334 -0.4221 -0.8760
vn 0.8582 0.4359 -0.2710
vn 0.8550 0.5071 -0.1086
vn 0.9056 0.3987 -0.1444
vn 0.9147 0.2709 -0.2998
vn 0.8705 0.4921 0.0122
vn 0.8275 0.5601 0.0401
vn 0.8982 0.4359 -0.0576
vn 0.9232 0.3233 -0.2078
vn 0.7185 0.1109 -0.6867
vn 0.8087 0.2905 -0.5114
vn 0.8587 0.0900 -0.5045
vn 0.7581 -0.0479 -0.6504
vn 0.9147 0.2893 -0.2822
vn 0.9037 0.4010 -0.1499
vn 0.8081 0.5780 0.1136
vn 0.8327 0.5437 0.1049
vn 0.8062 0.5712 0.1541
vn 0.8064 0.5721 0.1499
vn 0.8191 0.5659 0.0941
vn 0.8572 0.5134 0.0410
vn 0.8698 0.4902 -0.0561
vn 0.8304 0.5572 0.0011
vn 0.8278 0.5450 0.1333
vn 0.8038 0.5762 0.1482
vn 0.8167 0.5625 0.1289
vn 0.8500 0.5146 0.1128
vn 0.7824 0.6066 0.1411
vn 0.7965 0.5952 0.1065
vn 0.7959 0.6040 0.0418
vn 0.7503 0.6427 0.1549
vn 0.8033 0.5279 0.2758
vn 0.7679 0.5747 0.2830
vn 0.6338 0.5803 0.5114
vn 0.6604 0.5432 0.5184
vn 0.5966 0.6143 0.5164
vn 0.7217 0.6166 0.3144
vn 0.6721 0.6521 0.3508
vn 0.5644 0.6436 0.5169
vn 0.5108 0.5676 0.6456
vn 0.4901 0.5985 0.6337
vn 0.5357 0.5386 0.6503
vn 0.3412 0.5156 0.7859
vn 0.3252 0.5321 0.7818
vn 0.3205 0.5729 0.7543
vn 0.3304 0.5959 0.7320
vn 0.4680 0.6275 0.6222
vn 0.0998 0.4833 0.8697
vn 0.1178 0.5273 0.8415
vn 0.0951 0.4608 0.8824
vn -0.0182 0.4434 0.8961
vn 0.0030 0.4693 0.8830
vn 0.0056 0.4967 0.8679
vn 0.0153 0.5125 0.8585
vn 0.1438 0.5485 0.8237
vn -0.0377 0.4610 0.8866
vn -0.0575 0.4719 0.8798
vn -0.0373 0.4548 0.8898
vn -0.1014 0.4445 0.8900
vn -0.1348 0.4197 0.8976
vn -0.1519 0.4301 0.8899
vn -0.1657 0.4143 0.8949
vn -0.0706 0.4736 0.8779
vn -0.2868 0.3548 0.8899
vn -0.3131 0.3448 0.8849
vn -0.2410 0.3860 0.8905
vn -0.3605 0.3087 0.8802
vn -0.4183 0.2826 0.8632
vn -0.4636 0.2416 0.8525
vn -0.4702 0.1529 0.8692
vn -0.3172 0.2994 0.8998
vn -0.5102 0.2033 0.8357
vn -0.5544 0.1466 0.8193
vn -0.4414 0.2440 0.8635
vn -0.5171 0.1653 0.8398
vn -0.5923 0.1216 0.7965
vn -0.6150 0.0547 0.7866
vn -0.6177 -0.0537 0.7846
vn -0.5690 0.0291 0.8218
vn -0.6739 0.0378 0.7378
vn -0.6843 -0.0494 0.7275
vn -0.5977 0.0748 0.7982
vn -0.6740 -0.0163 0.7386
vn -0.7501 -0.0586 0.6587
vn -0.7539 -0.1573 0.6379
vn -0.7278 -0.1787 0.6621
vn -0.6650 -0.1200 0.7372
vn -0.7931 -0.1428 0.5921
vn -0.7873 -0.2231 0.5748
vn -0.7413 -0.1128 0.6616
vn -0.7599 -0.1525 0.6319
vn -0.7694 -0.1660 0.6168
vn -0.7707 -0.2061 0.6030
vn -0.7928 -0.1845 0.5809
vn -0.7781 -0.1997 0.5955
vn -0.7718 -0.2005 0.6035
vn -0.7729 -0.2345 0.5896
vn -0.7530 -0.1621 0.6378
vn -0.8220 -0.2599 0.5067
vn -0.8395 -0.3194 0.4396
vn -0.8281 -0.3569 0.4323
vn -0.8525 -0.3040 0.4252
vn -0.8074 -0.2125 0.5503
vn -0.8687 -0.4620 0.1787
vn -0.8595 -0.4808 0.1733
vn -0.8692 -0.4067 0.2813
vn -0.8342 -0.5485 0.0576
vn -0.8177 -0.5697 -0.0828
vn -0.8239 -0.5544 -0.1174
vn -0.8583 -0.5045 -0.0935
vn -0.8922 -0.3983 0.2130
vn -0.7503 -0.6280 -0.2068
vn -0.7590 -0.5854 -0.2850
vn -0.7550 -0.6534 -0.0555
vn -0.7508 -0.6517 0.1079
vn -0.8234 -0.5635 0.0671
vn -0.8412 -0.5397 0.0324
vn -0.8308 -0.5557 -0.0315
vn -0.7497 -0.5685 -0.3387
vn -0.8601 -0.4466 0.2465
vn -0.8501 -0.4614 0.2539
vn -0.8096 -0.5216 0.2693
vn -0.8391 -0.5397 -0.0686
vn -0.8461 -0.4542 0.2789
vn 0.1335 -0.2025 -0.9701
vn 0.1548 -0.3222 -0.9339
vn 0.2069 -0.1769 -0.9622
vn 0.2517 -0.0800 -0.9645
vn 0.3091 -0.0709 -0.9484
vn 0.4561 -0.1343 -0.8797
vn -0.6433 -0.5914 -0.4862
vn -0.2738 -0.5597 -0.7822
vn 0.2443 -0.3752 -0.8942
vn 0.5235 -0.1881 -0.8310
vn 0.1586 -0.2455 -0.9563
vn 0.3306 -0.2079 -0.9206
vn 0.1631 -0.3887 -0.9068
vn 0.2821 -0.3545 -0.8915
vn 0.3638 -0.3041 -0.8805
vn 0.4571 -0.1869 -0.8695
vn 0.4911 -0.2076 -0.8460
vn 0.3680 -0.2968 -0.8812
vn 0.2779 -0.4024 -0.8722
vn 0.4295 -0.2781 -0.8592
vn 0.4470 -0.3291 -0.8318
vn 0.2701 -0.4411 -0.8559
vn 0.5777 -0.2331 -0.7822
vn 0.5489 -0.1448 -0.8232
vn 0.5598 -0.2391 -0.7934
vn 0.4164 -0.3281 -0.8479
vn 0.1531 -0.4992 -0.8529
vn 0.1556 -0.4898 -0.8578
vn 0.1316 -0.5114 -0.8492
vn 0.1492 -0.5003 -0.8529
vn 0.3835 -0.2799 -0.8801
vn 0.5414 -0.1911 -0.8188
vn 0.6474 -0.0095 -0.7621
vn 0.6704 -0.1522 -0.7262
vn 0.6510 -0.1671 -0.7405
vn 0.6318 -0.1395 -0.7625
vn 0.1550 -0.4736 -0.8670
vn 0.2111 -0.4426 -0.8715
vn 0.2496 -0.3982 -0.8827
vn 0.2365 -0.3714 -0.8978
vn -0.1677 -0.4145 -0.8945
vn 0.3237 -0.1990 -0.9250
vn -0.2384 -0.4005 -0.8847
vn 0.2828 -0.1587 -0.9460
vn -0.0381 -0.3796 -0.9244
vn -0.2829 -0.2557 -0.9244
vn -0.4988 -0.6193 -0.6063
vn -0.3987 -0.5759 -0.7137
vn 0.1551 -0.3077 -0.9388
vn -0.1093 -0.3069 -0.9454
vn 0.3606 -0.1684 -0.9174
vn 0.3401 -0.1763 -0.9237
vn -0.1655 -0.3596 -0.9183
vn -0.1571 -0.3679 -0.9165
vn 0.2761 -0.2061 -0.9388
vn -0.2719 -0.4580 -0.8463
vn 0.1112 -0.2281 -0.9673
vn 0.3521 0.0269 -0.9356
vn -0.0477 -0.2288 -0.9723
vn -0.0590 -0.1842 -0.9811
vn 0.3195 0.0180 -0.9474
vn -0.5796 -0.4642 -0.6697
vn -0.9165 -0.3847 -0.1098
vn -0.6563 -0.4695 -0.5906
vn -0.9276 -0.3735 -0.0051
vn -0.7678 -0.4995 -0.4011
vn -0.9427 -0.3237 0.0807
vn -0.8246 -0.5009 -0.2631
vn -0.9478 -0.3117 0.0675
vn -0.9582 -0.2779 0.0675
vn -0.9194 -0.3915 0.0384
vn -0.8885 -0.4533 -0.0711
vn -0.9560 -0.2254 -0.1877
vn -0.9790 0.0172 -0.2031
vn -0.9963 -0.0723 0.0466
vn -0.9641 -0.2484 0.0936
vn -0.9701 -0.2038 0.1319
vn -0.8571 -0.5073 -0.0901
vn -0.8411 -0.5166 -0.1602
vn -0.9152 -0.2168 0.3397
vn -0.8912 -0.4515 0.0436
vn -0.9216 -0.1657 0.3510
vn -0.9423 -0.3333 -0.0321
vn -0.9703 -0.1266 0.2063
vn -0.9783 -0.2049 -0.0295
vn -0.6359 -0.6364 -0.4365
vn -0.6431 -0.5880 -0.4906
vn -0.7147 -0.4641 -0.5232
vn -0.6188 -0.4405 -0.6504
vn -0.6370 -0.3924 -0.6635
vn -0.7407 -0.4093 -0.5327
vn -0.4264 -0.2969 -0.8544
vn -0.4023 -0.3453 -0.8479
vn -0.4611 -0.2693 -0.8455
vn -0.6386 -0.3333 -0.6936
vn -0.7448 -0.3498 -0.5683
vn -0.6180 -0.4672 -0.6323
vn -0.6613 -0.5153 -0.5451
vn -0.4163 -0.3855 -0.8235
vn -0.7549 -0.3400 -0.5608
vn -0.7616 -0.3110 -0.5686
vn -0.7636 -0.3377 -0.5503
vn -0.7280 -0.3931 -0.5617
vn -0.6348 -0.4485 -0.6292
vn -0.6652 -0.3159 -0.6765
vn -0.4876 -0.2301 -0.8422
vn -0.9981 0.0360 0.0493
vn -0.9752 -0.1607 -0.1519
vn -0.9811 0.0013 -0.1935
vn -0.4620 -0.4435 -0.7680
vn -0.9215 -0.2836 -0.2655
vn -0.8083 -0.5134 -0.2881
vn -0.7495 -0.5484 -0.3710
vn -0.7359 -0.5527 -0.3911
vn -0.6834 -0.5492 -0.4810
vn -0.7829 -0.4637 -0.4147
vn -0.9760 0.0030 0.2176
vn -0.9567 -0.2694 0.1102
vn -0.9029 -0.0774 0.4228
vn -0.8961 -0.2035 0.3945
vn -0.8839 -0.4639 -0.0601
vn -0.8770 -0.4578 -0.1461
vn -0.9184 -0.3100 0.2458
vn -0.9332 -0.3403 0.1153
vn -0.9433 -0.2684 0.1954
vn -0.9281 -0.2414 0.2835
vn -0.8818 -0.1552 0.4454
vn -0.9286 -0.1901 0.3188
vn -0.9364 -0.3475 0.0489
vn -0.8421 -0.4859 -0.2341
vn -0.8961 0.0508 0.4409
vn -0.7945 -0.1170 0.5959
vn -0.9754 0.1775 0.1308
vn -0.9609 0.2763 -0.0177
vn -0.9455 0.1206 0.3024
vn -0.7599 -0.1070 0.6412
vn -0.8562 -0.1993 0.4766
vn -0.7825 -0.1671 0.5998
vn -0.8756 0.0776 0.4767
vn -0.8447 -0.0778 0.5296
vn -0.8883 -0.1273 0.4412
vn -0.9369 -0.0691 0.3426
vn -0.7943 -0.1970 0.5747
vn -0.9565 0.2261 -0.1844
vn -0.7784 -0.1921 0.5976
vn -0.8451 -0.0993 0.5253
vn -0.7264 0.0132 0.6871
vn -0.7770 0.0589 0.6267
vn -0.7273 0.1750 0.6636
vn -0.6465 0.2472 0.7218
vn -0.8395 0.0200 0.5430
vn -0.6531 0.2431 0.7172
vn -0.6329 0.2646 0.7276
vn -0.8943 -0.0942 0.4374
vn -0.6211 0.4437 0.6460
vn -0.7729 0.2271 0.5925
vn -0.7728 0.3431 0.5339
vn -0.5313 0.6057 0.5924
vn -0.6538 0.2267 0.7219
vn -0.6347 0.2878 0.7172
vn -0.6593 0.2232 0.7180
vn -0.6885 0.1836 0.7016
vn -0.6609 0.2185 0.7180
vn -0.6291 0.2073 0.7492
vn -0.0066 0.6682 0.7440
vn -0.3856 0.5864 0.7124
vn -0.2345 0.7437 0.6261
vn 0.0206 0.8384 0.5447
vn -0.5827 0.3064 0.7527
vn -0.3834 0.3684 0.8469
vn -0.6878 0.1526 0.7097
vn -0.5579 0.1838 0.8093
vn -0.4541 0.2451 0.8565
vn -0.2649 0.2498 0.9314
vn 0.0432 0.6782 0.7336
vn 0.1653 0.4846 0.8590
vn -0.0496 0.2716 0.9611
vn 0.0383 0.5345 0.8443
vn -0.1140 0.3265 0.9383
vn -0.0878 0.1695 0.9816
vn -0.3259 0.2826 0.9022
vn -0.1016 0.4302 0.8970
vn -0.1706 0.2823 0.9440
vn -0.0932 0.4307 0.8977
vn -0.1318 0.1633 0.9777
vn -0.1407 0.2688 0.9529
vn -0.1145 0.0920 0.9892
vn -0.0684 0.1893 0.9795
vn 0.0122 0.5124 0.8586
vn -0.0111 0.4903 0.8715
vn -0.0976 0.5471 0.8313
vn -0.1181 0.5558 0.8229
vn -0.1149 0.2896 0.9502
vn -0.2237 0.3766 0.8989
vn -0.2398 0.3663 0.8991
vn -0.1704 0.4261 0.8885
vn -0.1483 0.4456 0.8829
vn -0.1470 0.5755 0.8045
vn -0.0532 0.4733 0.8793
vn -0.0676 0.5120 0.8563
vn -0.1553 0.5100 0.8460
vn -0.1523 0.5374 0.8295
vn -0.2775 0.5329 0.7994
vn -0.2565 0.4695 0.8449
vn -0.2926 0.4314 0.8534
vn -0.3109 0.5243 0.7928
vn -0.2066 0.5269 0.8244
vn -0.2182 0.5544 0.8032
vn 0.3400 0.8756 0.3431
vn 0.0269 0.6545 0.7556
vn -0.0816 0.6653 0.7421
vn 0.2204 0.9117 0.3468
vn 0.0657 0.9340 0.3512
vn -0.2319 0.6635 0.7114
vn -0.2354 0.7069 0.6670
vn 0.1046 0.9639 0.2447
vn -0.1637 0.6647 0.7289
vn 0.1255 0.9216 0.3672
vn 0.5772 0.8071 -0.1244
vn 0.6448 0.7259 -0.2394
vn 0.4841 0.8562 -0.1806
vn 0.5346 0.7790 -0.3277
vn 0.3668 0.8882 -0.2765
vn 0.3641 0.9196 -0.1475
vn 0.3246 0.9365 -0.1325
vn 0.2967 0.9288 -0.2220
vn 0.4231 0.8893 -0.1734
vn 0.4668 0.8180 -0.3361
vn 0.6522 0.5118 -0.5592
vn 0.7496 0.4311 -0.5023
vn 0.6985 0.6309 -0.3377
vn 0.5624 0.7187 -0.4089
vn 0.4415 0.7973 -0.4116
vn 0.2998 0.9041 -0.3046
vn 0.3737 0.7836 -0.4963
vn 0.5197 0.5792 -0.6281
vn 0.2225 0.9375 -0.2677
vn 0.2216 0.9240 -0.3117
vn 0.3413 0.0822 -0.9364
vn -0.0132 -0.1438 -0.9895
vn -0.0213 -0.2088 -0.9777
vn 0.3643 0.0408 -0.9304
vn 0.6461 0.2392 -0.7248
vn 0.5222 0.1388 -0.8415
vn 0.5156 0.1336 -0.8464
vn 0.6461 0.2190 -0.7312
vn 0.8957 0.4053 -0.1828
vn 0.8418 0.4304 -0.3257
vn 0.8490 0.3686 -0.3787
vn 0.9110 0.3461 -0.2242
vn 0.7659 0.3019 -0.5677
vn 0.7840 0.3032 -0.5417
vn 0.7438 0.3014 -0.5966
vn 0.7618 0.2747 -0.5866
vn 0.8281 0.2696 -0.4915
vn 0.8526 0.3008 -0.4272
vn 0.6391 0.5681 -0.5185
vn 0.6856 0.3586 -0.6335
vn 0.7406 0.3071 -0.5977
vn 0.7025 0.3550 -0.6169
vn 0.5501 0.5963 -0.5847
vn 0.4277 0.7989 -0.4229
vn 0.3356 0.8213 -0.4613
vn 0.2948 0.8496 -0.4374
vn 0.4899 0.5903 -0.6416
vn 0.6203 0.3709 -0.6911
vn 0.5274 0.3874 -0.7562
vn -0.8684 -0.2566 -0.4243
vn -0.5844 -0.1495 -0.7976
vn -0.5765 -0.0359 -0.8163
vn -0.8922 -0.2203 -0.3943
vn 0.1794 0.2517 -0.9510
vn 0.0097 0.2684 -0.9633
vn 0.0749 0.1532 -0.9853
vn -0.2924 -0.0647 -0.9541
vn -0.1932 -0.0520 -0.9798
vn 0.1544 0.1842 -0.9707
vn -0.4228 -0.1810 -0.8880
vn -0.1056 -0.0422 -0.9935
vn 0.2248 0.1927 -0.9552
vn -0.0409 -0.0677 -0.9969
vn 0.2940 0.1462 -0.9446
vn 0.5251 0.1689 -0.8341
vn 0.4630 0.2020 -0.8630
vn 0.6245 0.2760 -0.7306
vn 0.6170 0.3129 -0.7221
vn 0.2878 0.2888 -0.9131
vn 0.0994 0.2215 -0.9701
vn 0.3180 0.2878 -0.9034
vn 0.2906 0.3697 -0.8825
vn 0.4108 0.2456 -0.8780
vn 0.4298 0.3467 -0.8337
vn 0.4044 -0.2616 -0.8764
vn 0.2300 -0.3966 -0.8887
vn -0.2704 -0.7015 -0.6594
vn -0.5863 -0.7835 -0.2059
vn -0.6881 -0.7062 0.1666
vn -0.6699 -0.6697 0.3207
vn -0.6560 -0.7205 0.2249
vn -0.7301 -0.6659 0.1533
vn -0.8088 -0.5305 0.2539
vn -0.8176 -0.3750 0.4370
vn -0.7486 -0.2431 0.6169
vn -0.7110 -0.2167 0.6690
vn -0.6869 -0.1928 0.7007
vn -0.6073 -0.0908 0.7893
vn -0.5304 0.0214 0.8474
vn -0.4536 0.1412 0.8800
vn -0.4010 0.2415 0.8837
vn -0.3570 0.3322 0.8730
vn -0.2725 0.4185 0.8664
vn -0.1872 0.4645 0.8655
vn -0.1213 0.4686 0.8751
vn -0.0864 0.4449 0.8914
vn -0.0398 0.4372 0.8985
vn 0.1423 0.4841 0.8634
vn 0.3673 0.5348 0.7610
vn 0.5223 0.5559 0.6467
vn 0.6353 0.5532 0.5388
vn 0.7788 0.5303 0.3351
vn 0.8674 0.4898 0.0874
vn 0.8575 0.5141 0.0189
vn 0.8184 0.5739 0.0293
vn 0.7867 0.6159 0.0418
vn 0.7798 0.6257 0.0185
vn 0.7963 0.5983 -0.0890
vn 0.7995 0.5285 -0.2853
vn 0.7542 0.4490 -0.4792
vn 0.6875 0.3083 -0.6574
vn 0.6319 0.1590 -0.7586
vn 0.5446 0.0076 -0.8387
vn 0.4230 -0.1861 -0.8868
vn 0.2577 -0.3967 -0.8810
vn 0.1796 -0.5141 -0.8387
vn 0.2054 -0.5521 -0.8081
vn 0.2176 -0.5629 -0.7974
vn 0.2753 -0.4703 -0.8384
vn 0.3202 -0.3484 -0.8810
vn 0.2091 0.8448 -0.4925
vn 0.3799 0.5758 -0.7239
vn -0.6761 0.7131 -0.1856
vn -0.7353 0.2688 -0.6221
vn -0.9578 0.2573 -0.1281
vn 0.8272 0.4950 -0.2660
vn 0.6977 0.5866 -0.4112
vn 0.7107 0.5866 -0.3883
vn -0.2259 0.5289 -0.8180
vn -0.5069 -0.0748 -0.8587
vn 0.3871 0.4899 -0.7811
vn -0.6369 0.1000 -0.7644
vn -0.9451 -0.0719 -0.3188
vn -0.9092 0.0860 -0.4074
vn -0.3594 0.3093 -0.8804
vn -0.9345 -0.1795 -0.3075
vn -0.8499 -0.2893 -0.4404
vn -0.8466 -0.2747 -0.4558
vn -0.9336 -0.1064 -0.3422
vn -0.9310 -0.0289 -0.3640
vn 0.1026 0.4873 -0.8672
vn -0.6001 0.5710 -0.5602
vn -0.9677 -0.1037 -0.2298
vn -0.9765 0.0852 -0.1979
vn -0.9787 0.0940 -0.1825
s 1
usemtl _17174_Tiamat_v1default
f 1//1 2//2 3//3 4//4
f 5//5 3//3 2//2 6//6
f 7//7 8//8 3//3 5//5
f 9//9 4//4 3//3 8//8
f 10//10 11//11 12//12 13//13
f 14//14 12//12 11//11 15//15
f 5//5 12//12 14//14 7//7
f 13//13 12//12 5//5 6//6
f 16//16 17//17 6//6 2//2
f 18//18 16//16 2//2 1//1
f 19//19 20//20 16//16 18//18
f 21//21 17//17 16//16 20//20
f 22//22 17//17 21//21 23//23
f 24//24 22//22 23//23 25//25
f 10//10 13//13 22//22 24//24
f 17//17 22//22 13//13 6//6
f 25//25 26//26 27//27 24//24
f 28//28 27//27 26//26 29//29
f 15//15 11//11 27//27 28//28
f 24//24 27//27 11//11 10//10
f 9//9 30//30 31//31 32//32
f 33//33 31//31 30//30 34//34
f 35//35 36//36 31//31 33//33
f 32//32 31//31 36//36 37//37
f 7//7 38//38 39//39 8//8
f 40//40 39//39 38//38 41//41
f 34//34 30//30 39//39 40//40
f 8//8 39//39 30//30 9//9
f 42//42 38//38 7//7
f 43//43 42//42 14//14 15//15
f 44//44 45//45 42//42 43//43
f 38//38 42//42 45//45 41//41
f 43//43 46//46 47//47 44//44
f 43//43 15//15 28//28
f 46//46 28//28 29//29
f 48//48 49//49 47//47
f 50//50 51//51 52//52 53//53
f 54//54 50//50 53//53 55//55
f 25//25 23//23 50//50 54//54
f 51//51 50//50 23//23 21//21
f 56//56 54//54 55//55
f 57//57 58//58 59//59
f 29//29 26//26 56//56 59//59
f 54//54 56//56 26//26 25//25
f 60//60 61//61 59//59 58//58
f 62//62 63//63 61//61 60//60
f 63//63 49//49 48//48
f 48//48 29//29 59//59
f 62//62 64//64 65//65 63//63
f 64//64 66//66 67//67
f 68//68 65//65 67//67 69//69
f 63//63 65//65 68//68 49//49
f 66//66 70//70 71//71 67//67
f 72//72 73//73 71//71 70//70
f 74//74 75//75 71//71 73//73
f 67//67 71//71 75//75 69//69
f 76//76 77//77 78//78 79//79
f 80//80 78//78 77//77 81//81
f 73//73 78//78 80//80 74//74
f 79//79 78//78 73//73 72//72
f 82//82 83//83 84//84 85//85
f 86//86 84//84 83//83 35//35
f 87//87 84//84 86//86 88//88
f 89//89 85//85 84//84 87//87
f 34//34 90//90 91//91 33//33
f 92//92 91//91 90//90 93//93
f 88//88 86//86 91//91 92//92
f 33//33 91//91 86//86 35//35
f 94//94 40//40 41//41
f 95//95 94//94 96//96 97//97
f 93//93 90//90 94//94 95//95
f 40//40 94//94 90//90 34//34
f 41//41 45//45 98//98 96//96
f 99//99 98//98 45//45 44//44
f 100//100 101//101 98//98 99//99
f 96//96 98//98 101//101 97//97
f 44//44 47//47 102//102 99//99
f 103//103 102//102 47//47 49//49
f 102//102 103//103 104//104 105//105
f 99//99 102//102 105//105 100//100
f 69//69 106//106 107//107 68//68
f 108//108 107//107 106//106 109//109
f 104//104 103//103 107//107 108//108
f 68//68 107//107 103//103 49//49
f 110//110 111//111 75//75 74//74
f 112//112 111//111 110//110 113//113
f 109//109 106//106 111//111 112//112
f 75//75 111//111 106//106 69//69
f 74//74 80//80 114//114 110//110
f 81//81 115//115 114//114 80//80
f 116//116 114//114 115//115 117//117
f 113//113 110//110 114//114 116//116
f 89//89 87//87 118//118 119//119
f 120//120 118//118 87//87 88//88
f 121//121 122//122 118//118 120//120
f 119//119 118//118 122//122 123//123
f 92//92 124//124 120//120 88//88
f 93//93 125//125 124//124 92//92
f 126//126 127//127 124//124 125//125
f 120//120 124//124 127//127 121//121
f 128//128 129//129 130//130 131//131
f 125//125 130//130 129//129 126//126
f 95//95 130//130 125//125 93//93
f 131//131 130//130 95//95 97//97
f 132//132 133//133 129//129 128//128
f 133//133 132//132 134//134
f 129//129 133//133 135//135 126//126
f 97//97 101//101 136//136 131//131
f 137//137 136//136 101//101 100//100
f 138//138 139//139 136//136 137//137
f 131//131 136//136 139//139 128//128
f 104//104 140//140 141//141 105//105
f 142//142 143//143 141//141 140//140
f 137//137 141//141 143//143 138//138
f 105//105 141//141 137//137 100//100
f 109//109 144//144 145//145 108//108
f 146//146 147//147 145//145 144//144
f 140//140 145//145 147//147 142//142
f 108//108 145//145 140//140 104//104
f 148//148 149//149 150//150 151//151
f 144//144 150//150 149//149 146//146
f 112//112 150//150 144//144 109//109
f 113//113 151//151 150//150 112//112
f 152//152 153//153 154//154 155//155
f 156//156 154//154 153//153 157//157
f 58//58 57//57 154//154 156//156
f 57//57 55//55 155//155
f 158//158 159//159 160//160 161//161
f 162//162 160//160 159//159 163//163
f 157//157 153//153 160//160 162//162
f 161//161 160//160 153//153 152//152
f 157//157 164//164 165//165 156//156
f 166//166 165//165 164//164 167//167
f 62//62 60//60 165//165 166//166
f 156//156 165//165 60//60 58//58
f 163//163 168//168 169//169 162//162
f 170//170 169//169 168//168 171//171
f 167//167 164//164 169//169 170//170
f 162//162 169//169 164//164 157//157
f 172//172 173//173 174//174 175//175
f 176//176 174//174 173//173 177//177
f 171//171 168//168 174//174 176//176
f 175//175 174//174 168//168 163//163
f 167//167 178//178 179//179 166//166
f 180//180 179//179 178//178 181//181
f 66//66 64//64 179//179 180//180
f 166//166 179//179 64//64 62//62
f 182//182 183//183 184//184 185//185
f 176//176 184//184 183//183 171//171
f 177//177 186//186 184//184 176//176
f 185//185 184//184 186//186 187//187
f 171//171 183//183 188//188 170//170
f 189//189 188//188 183//183 182//182
f 181//181 178//178 188//188 189//189
f 170//170 188//188 178//178 167//167
f 190//190 180//180 181//181
f 191//191 192//192 193//193
f 72//72 70//70 190//190 193//193
f 180//180 190//190 70//70 66//66
f 194//194 193//193 192//192
f 195//195 194//194 196//196 197//197
f 76//76 79//79 194//194 195//195
f 193//193 194//194 79//79 72//72
f 182//182 198//198 199//199 189//189
f 200//200 199//199 198//198 201//201
f 192//192 191//191 199//199 200//200
f 189//189 199//199 191//191 181//181
f 187//187 202//202 203//203 185//185
f 204//204 203//203 202//202 205//205
f 201//201 198//198 203//203 204//204
f 185//185 203//203 198//198 182//182
f 201//201 206//206 207//207 200//200
f 208//208 207//207 206//206 209//209
f 197//197 196//196 207//207 208//208
f 200//200 207//207 196//196 192//192
f 205//205 210//210 211//211 204//204
f 212//212 211//211 210//210 213//213
f 209//209 206//206 211//211 212//212
f 204//204 211//211 206//206 201//201
f 209//209 214//214 215//215 208//208
f 216//216 215//215 214//214 217//217
f 218//218 219//219 215//215 216//216
f 208//208 215//215 219//219 197//197
f 213//213 220//220 221//221 212//212
f 222//222 221//221 220//220 223//223
f 217//217 214//214 221//221 222//222
f 212//212 221//221 214//214 209//209
f 223//223 224//224 225//225 222//222
f 226//226 225//225 224//224 227//227
f 228//228 229//229 225//225 226//226
f 222//222 225//225 229//229 217//217
f 230//230 231//231 232//232 233//233
f 226//226 232//232 231//231 228//228
f 227//227 234//234 232//232 226//226
f 233//233 232//232 234//234 235//235
f 235//235 236//236 237//237 233//233
f 238//238 237//237 236//236 239//239
f 240//240 241//241 237//237 238//238
f 233//233 237//237 241//241 230//230
f 134//134 132//132 242//242 243//243
f 244//244 242//242 132//132 128//128
f 245//245 246//246 242//242 244//244
f 243//243 242//242 246//246 247//247
f 139//139 248//248 244//244 128//128
f 249//249 248//248 139//139 138//138
f 250//250 251//251 248//248 249//249
f 244//244 248//248 251//251 245//245
f 138//138 143//143 252//252 249//249
f 253//253 252//252 143//143 142//142
f 254//254 255//255 252//252 253//253
f 249//249 252//252 255//255 250//250
f 142//142 147//147 256//256 253//253
f 257//257 256//256 147//147 146//146
f 258//258 259//259 256//256 257//257
f 253//253 256//256 259//259 254//254
f 254//254 259//259 260//260 261//261
f 262//262 260//260 259//259 258//258
f 263//263 264//264 260//260 262//262
f 261//261 260//260 264//264 265//265
f 266//266 267//267 268//268 269//269
f 270//270 268//268 267//267 271//271
f 177//177 173//173 268//268 270//270
f 269//269 268//268 173//173 172//172
f 271//271 272//272 273//273 270//270
f 274//274 273//273 272//272 275//275
f 187//187 186//186 273//273 274//274
f 270//270 273//273 186//186 177//177
f 275//275 276//276 277//277 274//274
f 278//278 277//277 276//276 279//279
f 205//205 202//202 277//277 278//278
f 274//274 277//277 202//202 187//187
f 279//279 280//280 281//281 278//278
f 282//282 281//281 280//280 283//283
f 213//213 210//210 281//281 282//282
f 278//278 281//281 210//210 205//205
f 283//283 284//284 285//285 282//282
f 286//286 285//285 284//284 287//287
f 223//223 220//220 285//285 286//286
f 282//282 285//285 220//220 213//213
f 287//287 288//288 289//289 286//286
f 290//290 289//289 288//288 291//291
f 227//227 224//224 289//289 290//290
f 286//286 289//289 224//224 223//223
f 291//291 292//292 293//293 290//290
f 294//294 293//293 292//292 295//295
f 235//235 234//234 293//293 294//294
f 290//290 293//293 234//234 227//227
f 295//295 296//296 297//297 294//294
f 298//298 297//297 296//296 299//299
f 239//239 236//236 297//297 298//298
f 294//294 297//297 236//236 235//235
f 300//300 301//301 302//302 303//303
f 304//304 302//302 301//301 305//305
f 266//266 306//306 302//302 304//304
f 303//303 302//302 306//306 307//307
f 305//305 308//308 309//309 304//304
f 310//310 309//309 308//308 311//311
f 271//271 267//267 309//309 310//310
f 304//304 309//309 267//267 266//266
f 311//311 312//312 313//313 310//310
f 314//314 313//313 312//312 315//315
f 275//275 272//272 313//313 314//314
f 310//310 313//313 272//272 271//271
f 315//315 316//316 317//317 314//314
f 318//318 317//317 316//316 319//319
f 279//279 276//276 317//317 318//318
f 314//314 317//317 276//276 275//275
f 319//319 320//320 321//321 318//318
f 322//322 321//321 320//320 323//323
f 283//283 280//280 321//321 322//322
f 318//318 321//321 280//280 279//279
f 323//323 324//324 325//325 322//322
f 326//326 325//325 324//324 327//327
f 287//287 284//284 325//325 326//326
f 322//322 325//325 284//284 283//283
f 327//327 328//328 329//329 326//326
f 330//330 329//329 328//328 331//331
f 291//291 288//288 329//329 330//330
f 326//326 329//329 288//288 287//287
f 331//331 332//332 333//333 330//330
f 334//334 333//333 332//332 335//335
f 295//295 292//292 333//333 334//334
f 330//330 333//333 292//292 291//291
f 336//336 337//337 338//338 339//339
f 340//340 338//338 337//337 341//341
f 300//300 342//342 338//338 340//340
f 339//339 338//338 342//342 343//343
f 341//341 344//344 345//345 340//340
f 346//346 345//345 344//344 347//347
f 305//305 301//301 345//345 346//346
f 340//340 345//345 301//301 300//300
f 347//347 348//348 349//349 346//346
f 350//350 349//349 348//348 351//351
f 311//311 308//308 349//349 350//350
f 346//346 349//349 308//308 305//305
f 351//351 352//352 353//353 350//350
f 354//354 353//353 352//352 355//355
f 315//315 312//312 353//353 354//354
f 350//350 353//353 312//312 311//311
f 355//355 356//356 357//357 354//354
f 358//358 357//357 356//356 359//359
f 319//319 316//316 357//357 358//358
f 354//354 357//357 316//316 315//315
f 359//359 360//360 361//361 358//358
f 362//362 361//361 360//360 363//363
f 323//323 320//320 361//361 362//362
f 358//358 361//361 320//320 319//319
f 363//363 364//364 365//365 362//362
f 366//366 365//365 364//364 367//367
f 327//327 324//324 365//365 366//366
f 362//362 365//365 324//324 323//323
f 367//367 368//368 369//369 366//366
f 370//370 369//369 368//368 371//371
f 331//331 328//328 369//369 370//370
f 366//366 369//369 328//328 327//327
f 371//371 372//372 373//373 370//370
f 374//374 373//373 372//372 375//375
f 335//335 332//332 373//373 374//374
f 370//370 373//373 332//332 331//331
f 376//376 377//377 378//378 379//379
f 380//380 377//377 376//376 381//381
f 35//35 83//83 377//377 380//380
f 378//378 377//377 83//83 82//82
f 382//382 32//32 37//37
f 383//383 382//382 384//384 385//385
f 1//1 4//4 382//382 383//383
f 4//4 9//9 32//32
f 1//1 383//383 386//386 18//18
f 387//387 386//386 383//383 385//385
f 388//388 389//389 386//386 387//387
f 18//18 386//386 389//389 19//19
f 388//388 387//387 390//390 391//391
f 387//387 385//385 392//392
f 393//393 394//394 390//390 392//392
f 391//391 390//390 394//394 395//395
f 381//381 396//396 397//397 380//380
f 384//384 397//397 396//396 385//385
f 37//37 36//36 397//397 384//384
f 380//380 397//397 36//36 35//35
f 398//398 399//399 393//393
f 392//392 385//385 396//396
f 396//396 381//381 399//399
f 400//400 401//401 402//402 403//403
f 404//404 402//402 401//401 405//405
f 406//406 407//407 402//402 404//404
f 403//403 402//402 407//407 408//408
f 405//405 409//409 410//410 404//404
f 411//411 410//410 409//409 412//412
f 413//413 414//414 410//410 411//411
f 404//404 410//410 414//414 406//406
f 412//412 415//415 416//416 411//411
f 417//417 416//416 415//415 418//418
f 419//419 420//420 416//416 417//417
f 411//411 416//416 420//420 413//413
f 418//418 421//421 422//422 417//417
f 423//423 422//422 421//421 424//424
f 425//425 426//426 422//422 423//423
f 417//417 422//422 426//426 419//419
f 427//427 428//428 429//429 430//430
f 431//431 429//429 428//428 432//432
f 433//433 434//434 429//429 431//431
f 430//430 429//429 434//434 424//424
f 435//435 436//436 437//437 438//438
f 423//423 437//437 436//436 425//425
f 424//424 434//434 437//437 423//423
f 434//434 433//433 438//438
f 439//439 440//440 441//441 442//442
f 443//443 441//441 440//440 444//444
f 379//379 378//378 441//441 443//443
f 442//442 441//441 378//378 82//82
f 445//445 446//446 447//447 448//448
f 442//442 447//447 446//446 439//439
f 82//82 85//85 447//447 442//442
f 448//448 447//447 85//85 89//89
f 123//123 122//122 449//449 450//450
f 451//451 449//449 122//122 121//121
f 452//452 453//453 449//449 451//451
f 450//450 449//449 453//453 454//454
f 121//121 127//127 455//455 451//451
f 456//456 455//455 127//127 126//126
f 457//457 455//455 456//456 458//458
f 451//451 455//455 457//457 452//452
f 247//247 459//459 460//460 243//243
f 456//456 460//460 459//459 458//458
f 126//126 135//135 460//460 456//456
f 243//243 460//460 135//135 134//134
f 123//123 461//461 462//462 119//119
f 461//461 463//463 464//464
f 445//445 448//448 462//462 464//464
f 119//119 462//462 448//448 89//89
f 465//465 466//466 467//467
f 468//468 465//465 469//469 470//470
f 444//444 440//440 465//465 468//468
f 466//466 465//465 440//440 439//439
f 463//463 471//471 472//472 464//464
f 471//471 467//467 466//466
f 439//439 446//446 472//472 466//466
f 464//464 472//472 446//446 445//445
f 454//454 473//473 474//474 450//450
f 473//473 463//463 461//461
f 450//450 474//474 461//461 123//123
f 454//454 453//453 475//475 476//476
f 477//477 475//475 453//453 452//452
f 478//478 479//479 475//475 477//477
f 476//476 475//475 479//479 480//480
f 463//463 473//473 481//481 482//482
f 476//476 481//481 473//473 454//454
f 480//480 483//483 481//481 476//476
f 482//482 481//481 483//483 484//484
f 485//485 482//482 484//484
f 486//486 487//487 488//488
f 485//485 488//488 467//467
f 482//482 485//485 471//471 463//463
f 489//489 488//488 487//487
f 490//490 489//489 491//491 492//492
f 467//467 488//488 489//489 490//490
f 493//493 490//490 492//492
f 494//494 495//495 496//496
f 470//470 469//469 493//493 496//496
f 490//490 493//493 469//469 467//467
f 497//497 498//498 499//499 500//500
f 498//498 501//501 502//502
f 492//492 491//491 499//499 502//502
f 500//500 499//499 491//491 487//487
f 503//503 504//504 505//505 506//506
f 500//500 505//505 504//504 497//497
f 487//487 486//486 505//505 500//500
f 506//506 505//505 486//486 484//484
f 507//507 508//508 509//509 510//510
f 506//506 509//509 508//508 503//503
f 484//484 483//483 509//509 506//506
f 510//510 509//509 483//483 480//480
f 511//511 512//512 513//513 514//514
f 510//510 512//512 511//511 507//507
f 480//480 479//479 512//512 510//510
f 478//478 513//513 512//512 479//479
f 515//515 516//516 517//517 518//518
f 519//519 517//517 516//516 520//520
f 496//496 517//517 519//519 470//470
f 518//518 517//517 496//496 495//495
f 408//408 407//407 521//521 522//522
f 523//523 521//521 407//407 406//406
f 524//524 525//525 521//521 523//523
f 522//522 521//521 525//525 526//526
f 527//527 528//528 529//529 530//530
f 531//531 529//529 528//528 532//532
f 520//520 516//516 529//529 531//531
f 530//530 529//529 516//516 515//515
f 526//526 525//525 533//533 534//534
f 535//535 533//533 525//525 524//524
f 532//532 528//528 533//533 535//535
f 534//534 533//533 528//528 527//527
f 470//470 519//519 536//536 468//468
f 537//537 536//536 519//519 520//520
f 538//538 539//539 536//536 537//537
f 468//468 536//536 539//539 444//444
f 406//406 414//414 540//540 523//523
f 541//541 540//540 414//414 413//413
f 542//542 543//543 540//540 541//541
f 523//523 540//540 543//543 524//524
f 520//520 531//531 544//544 537//537
f 545//545 544//544 531//531 532//532
f 546//546 547//547 544//544 545//545
f 537//537 544//544 547//547 538//538
f 542//542 548//548 549//549 543//543
f 545//545 549//549 548//548 546//546
f 532//532 535//535 549//549 545//545
f 543//543 549//549 535//535 524//524
f 444//444 539//539 550//550 443//443
f 539//539 538//538 551//551
f 550//550 551//551 552//552
f 443//443 550//550 553//553 379//379
f 413//413 420//420 554//554 541//541
f 555//555 554//554 420//420 419//419
f 556//556 557//557 554//554 555//555
f 541//541 554//554 557//557 542//542
f 558//558 551//551 538//538
f 559//559 558//558 547//547 546//546
f 560//560 561//561 558//558 559//559
f 561//561 552//552 551//551
f 556//556 562//562 563//563 557//557
f 559//559 563//563 562//562 560//560
f 546//546 548//548 563//563 559//559
f 557//557 563//563 548//548 542//542
f 556//556 555//555 564//564 565//565
f 419//419 426//426 564//564 555//555
f 566//566 564//564 426//426 425//425
f 565//565 564//564 566//566 567//567
f 379//379 553//553 568//568 376//376
f 553//553 552//552 569//569
f 568//568 569//569 570//570
f 376//376 568//568 571//571 381//381
f 552//552 561//561 572//572 569//569
f 573//573 572//572 561//561 560//560
f 574//574 575//575 572//572 573//573
f 569//569 572//572 575//575 570//570
f 567//567 576//576 577//577 565//565
f 573//573 577//577 576//576 574//574
f 560//560 562//562 577//577 573//573
f 565//565 577//577 562//562 556//556
f 578//578 579//579 436//436 435//435
f 580//580 579//579 578//578 581//581
f 567//567 566//566 579//579 580//580
f 425//425 436//436 579//579 566//566
f 582//582 583//583 584//584
f 399//399 582//582 585//585 393//393
f 582//582 399//399 381//381
f 583//583 582//582 571//571 570//570
f 581//581 586//586 587//587 580//580
f 588//588 587//587 586//586 589//589
f 587//587 588//588 574//574
f 580//580 587//587 576//576 567//567
f 589//589 590//590 591//591 588//588
f 583//583 591//591 590//590 584//584
f 570//570 575//575 591//591 583//583
f 588//588 591//591 575//575 574//574
f 307//307 592//592 593//593 303//303
f 594//594 593//593 592//592 595//595
f 343//343 342//342 593//593 594//594
f 303//303 593//593 342//342 300//300
f 596//596 597//597 598//598
f 155//155 596//596 599//599 152//152
f 596//596 155//155 55//55
f 597//597 596//596 53//53 52//52
f 600//600 601//601 592//592 307//307
f 602//602 603//603 601//601 600//600
f 604//604 601//601 603//603 605//605
f 595//595 592//592 601//601 604//604
f 175//175 606//606 607//607 172//172
f 163//163 159//159 606//606 175//175
f 158//158 608//608 606//606 159//159
f 607//607 606//606 608//608 602//602
f 602//602 608//608 609//609 610//610
f 161//161 609//609 608//608 158//158
f 152//152 599//599 609//609 161//161
f 610//610 609//609 599//599 598//598
f 605//605 603//603 611//611 612//612
f 610//610 611//611 603//603 602//602
f 598//598 612//612 611//611 610//610
f 172//172 607//607 613//613 269//269
f 600//600 613//613 607//607 602//602
f 307//307 306//306 613//613 600//600
f 269//269 613//613 306//306 266//266
f 452//452 457//457 614//614 477//477
f 615//615 614//614 457//457 458//458
f 616//616 617//617 614//614 615//615
f 617//617 478//478 477//477
f 618//618 619//619 617//617 616//616
f 620//620 621//621 619//619 618//618
f 514//514 513//513 619//619 621//621
f 617//617 619//619 513//513 478//478
f 621//621 620//620 622//622
f 623//623 622//622 624//624
f 621//621 623//623 625//625 514//514
f 507//507 511//511 626//626 627//627
f 514//514 625//625 626//626 511//511
f 626//626 625//625 624//624
f 628//628 629//629 627//627
f 503//503 508//508 630//630 631//631
f 627//627 630//630 508//508 507//507
f 629//629 632//632 630//630 627//627
f 631//631 630//630 632//632 633//633
f 633//633 634//634 635//635 631//631
f 636//636 635//635 634//634 637//637
f 497//497 504//504 635//635 636//636
f 631//631 635//635 504//504 503//503
f 637//637 638//638 639//639 636//636
f 640//640 639//639 638//638 641//641
f 501//501 498//498 639//639 640//640
f 636//636 639//639 498//498 497//497
f 642//642 643//643 644//644 645//645
f 641//641 638//638 643//643 642//642
f 644//644 643//643 638//638 637//637
f 646//646 647//647 648//648 649//649
f 644//644 648//648 647//647 645//645
f 637//637 634//634 648//648 644//644
f 649//649 648//648 634//634 633//633
f 650//650 651//651 652//652 653//653
f 649//649 652//652 651//651 646//646
f 633//633 632//632 652//652 649//649
f 653//653 652//652 632//632 629//629
f 654//654 655//655 628//628 624//624
f 656//656 655//655 654//654 657//657
f 650//650 653//653 655//655 656//656
f 629//629 628//628 655//655 653//653
f 658//658 659//659 660//660
f 657//657 654//654 661//661 660//660
f 624//624 622//622 661//661 654//654
f 620//620 658//658 661//661 622//622
f 616//616 662//662 663//663 618//618
f 662//662 664//664 665//665
f 663//663 665//665 659//659
f 618//618 663//663 658//658 620//620
f 615//615 666//666 662//662 616//616
f 667//667 666//666 615//615 458//458
f 666//666 667//667 668//668
f 664//664 662//662 666//666 669//669
f 670//670 667//667 458//458
f 459//459 247//247 671//671
f 672//672 673//673 670//670 671//671
f 673//673 668//668 667//667
f 247//247 246//246 674//674 671//671
f 675//675 674//674 246//246 245//245
f 676//676 677//677 674//674 675//675
f 671//671 674//674 677//677 672//672
f 245//245 251//251 678//678 675//675
f 679//679 678//678 251//251 250//250
f 678//678 679//679 680//680
f 675//675 678//678 681//681 676//676
f 265//265 682//682 683//683 261//261
f 679//679 683//683 682//682 680//680
f 250//250 255//255 683//683 679//679
f 261//261 683//683 255//255 254//254
f 684//684 685//685 686//686
f 687//687 688//688 689//689 686//686
f 684//684 689//689 688//688 690//690
f 680//680 682//682 691//691 692//692
f 693//693 691//691 682//682 265//265
f 694//694 695//695 691//691 693//693
f 692//692 691//691 695//695 685//685
f 265//265 264//264 696//696 693//693
f 697//697 696//696 264//264 263//263
f 698//698 699//699 696//696 697//697
f 693//693 696//696 699//699 694//694
f 263//263 700//700 701//701 697//697
f 702//702 701//701 700//700 703//703
f 704//704 705//705 701//701 702//702
f 697//697 701//701 705//705 698//698
f 706//706 702//702 703//703
f 706//706 707//707 708//708 709//709
f 710//710 706//706 709//709 711//711
f 706//706 710//710 704//704
f 146//146 149//149 712//712 257//257
f 713//713 712//712 149//149 148//148
f 714//714 715//715 712//712 713//713
f 257//257 712//712 715//715 258//258
f 258//258 715//715 716//716 262//262
f 717//717 716//716 715//715 714//714
f 716//716 717//717 703//703
f 700//700 263//263 262//262
f 714//714 718//718 719//719 717//717
f 720//720 719//719 718//718 721//721
f 708//708 707//707 719//719 720//720
f 717//717 719//719 707//707 703//703
f 722//722 151//151 113//113 116//116
f 117//117 723//723 722//722 116//116
f 724//724 725//725 722//722 723//723
f 151//151 722//722 725//725 148//148
f 148//148 725//725 726//726 713//713
f 727//727 726//726 725//725 724//724
f 721//721 718//718 726//726 727//727
f 713//713 726//726 718//718 714//714
f 721//721 727//727 728//728 729//729
f 724//724 730//730 728//728 727//727
f 731//731 729//729 728//728 730//730
f 708//708 720//720 732//732 733//733
f 729//729 732//732 720//720 721//721
f 731//731 734//734 732//732 729//729
f 733//733 732//732 734//734 735//735
f 736//736 686//686 685//685
f 737//737 736//736 695//695 694//694
f 738//738 739//739 736//736 737//737
f 739//739 687//687 686//686
f 740//740 741//741 742//742 743//743
f 744//744 742//742 741//741 687//687
f 745//745 746//746 742//742 744//744
f 743//743 742//742 746//746 747//747
f 738//738 748//748 749//749 739//739
f 744//744 749//749 748//748 745//745
f 744//744 687//687 739//739
f 694//694 699//699 750//750 737//737
f 751//751 750//750 699//699 698//698
f 752//752 753//753 750//750 751//751
f 737//737 750//750 753//753 738//738
f 752//752 754//754 755//755 753//753
f 756//756 755//755 754//754 757//757
f 745//745 748//748 755//755 756//756
f 753//753 755//755 748//748 738//738
f 757//757 758//758 759//759 756//756
f 760//760 759//759 758//758 761//761
f 747//747 746//746 759//759 760//760
f 756//756 759//759 746//746 745//745
f 762//762 751//751 698//698
f 704//704 763//763 762//762 705//705
f 764//764 762//762 763//763 765//765
f 751//751 762//762 764//764 752//752
f 765//765 766//766 767//767 764//764
f 768//768 767//767 766//766 769//769
f 757//757 754//754 767//767 768//768
f 764//764 767//767 754//754 752//752
f 769//769 770//770 771//771 768//768
f 772//772 771//771 770//770 773//773
f 761//761 758//758 771//771 772//772
f 768//768 771//771 758//758 757//757
f 740//740 743//743 774//774 775//775
f 747//747 776//776 774//774 743//743
f 777//777 778//778 774//774 776//776
f 775//775 774//774 778//778 779//779
f 760//760 780//780 776//776 747//747
f 781//781 780//780 760//760 761//761
f 782//782 783//783 780//780 781//781
f 776//776 780//780 783//783 777//777
f 761//761 772//772 784//784 781//781
f 785//785 784//784 772//772 773//773
f 786//786 787//787 784//784 785//785
f 781//781 784//784 787//787 782//782
f 773//773 788//788 789//789 785//785
f 790//790 789//789 788//788 791//791
f 792//792 793//793 789//789 790//790
f 785//785 789//789 793//793 786//786
f 786//786 793//793 794//794 795//795
f 796//796 794//794 793//793 792//792
f 797//797 798//798 794//794 796//796
f 795//795 794//794 798//798 799//799
f 800//800 690//690 801//801
f 802//802 803//803 804//804 801//801
f 803//803 805//805 800//800
f 690//690 688//688 806//806 801//801
f 807//807 806//806 688//688 687//687
f 808//808 809//809 806//806 807//807
f 801//801 806//806 809//809 802//802
f 779//779 810//810 811//811 775//775
f 807//807 811//811 810//810 808//808
f 687//687 741//741 811//811 807//807
f 775//775 811//811 741//741 740//740
f 812//812 813//813 810//810 779//779
f 814//814 815//815 813//813 812//812
f 810//810 813//813 815//815 808//808
f 779//779 778//778 816//816 812//812
f 817//817 816//816 778//778 777//777
f 818//818 819//819 816//816 817//817
f 812//812 816//816 819//819 814//814
f 777//777 783//783 820//820 817//817
f 821//821 820//820 783//783 782//782
f 822//822 823//823 820//820 821//821
f 817//817 820//820 823//823 818//818
f 799//799 824//824 825//825 795//795
f 821//821 825//825 824//824 822//822
f 782//782 787//787 825//825 821//821
f 795//795 825//825 787//787 786//786
f 805//805 803//803 826//826 827//827
f 828//828 826//826 803//803 802//802
f 829//829 830//830 826//826 828//828
f 827//827 826//826 830//830 831//831
f 802//802 809//809 832//832 828//828
f 833//833 832//832 809//809 808//808
f 834//834 835//835 832//832 833//833
f 828//828 832//832 835//835 829//829
f 836//836 837//837 838//838 839//839
f 829//829 835//835 836//836 839//839
f 835//835 834//834 840//840
f 837//837 836//836 840//840 841//841
f 808//808 815//815 842//842 833//833
f 843//843 842//842 815//815 814//814
f 844//844 845//845 842//842 843//843
f 833//833 842//842 845//845 834//834
f 846//846 847//847 845//845 844//844
f 848//848 847//847 846//846 849//849
f 841//841 840//840 847//847 848//848
f 834//834 845//845 847//847 840//840
f 814//814 819//819 850//850 843//843
f 851//851 850//850 819//819 818//818
f 852//852 853//853 850//850 851//851
f 843//843 850//850 853//853 844//844
f 854//854 855//855 856//856 857//857
f 846//846 856//856 855//855 849//849
f 844//844 853//853 856//856 846//846
f 857//857 856//856 853//853 852//852
f 818//818 823//823 858//858 851//851
f 859//859 858//858 823//823 822//822
f 858//858 859//859 860//860 861//861
f 851//851 858//858 861//861 852//852
f 862//862 863//863 864//864 865//865
f 863//863 854//854 857//857
f 852//852 861//861 864//864 857//857
f 865//865 864//864 861//861 860//860
f 866//866 867//867 868//868 869//869
f 870//870 868//868 867//867 871//871
f 872//872 873//873 868//868 870//870
f 869//869 868//868 873//873 874//874
f 875//875 876//876 877//877 878//878
f 879//879 877//877 876//876 880//880
f 881//881 882//882 877//877 879//879
f 878//878 877//877 882//882 883//883
f 884//884 885//885 886//886 887//887
f 888//888 886//886 885//885 889//889
f 880//880 876//876 886//886 888//888
f 887//887 886//886 876//876 875//875
f 889//889 885//885 890//890 891//891
f 892//892 890//890 885//885 884//884
f 871//871 867//867 890//890 892//892
f 891//891 890//890 867//867 866//866
f 883//883 893//893 894//894 878//878
f 895//895 894//894 893//893 896//896
f 897//897 898//898 894//894 895//895
f 878//878 894//894 898//898 875//875
f 899//899 900//900 901//901 902//902
f 887//887 901//901 900//900 884//884
f 875//875 898//898 901//901 887//887
f 902//902 901//901 898//898 897//897
f 884//884 900//900 903//903 892//892
f 904//904 903//903 900//900 899//899
f 905//905 906//906 903//903 904//904
f 906//906 871//871 892//892
f 896//896 907//907 908//908 895//895
f 909//909 908//908 907//907 910//910
f 911//911 912//912 908//908 909//909
f 895//895 908//908 912//912 897//897
f 831//831 913//913 914//914 827//827
f 915//915 914//914 913//913 916//916
f 917//917 918//918 914//914 915//915
f 827//827 914//914 918//918 805//805
f 910//910 919//919 920//920 909//909
f 921//921 920//920 919//919 922//922
f 923//923 924//924 920//920 921//921
f 909//909 920//920 924//924 911//911
f 925//925 926//926 927//927 928//928
f 902//902 927//927 926//926 899//899
f 897//897 912//912 927//927 902//902
f 928//928 927//927 912//912 911//911
f 923//923 929//929 930//930 924//924
f 930//930 929//929 925//925
f 911//911 924//924 930//930 928//928
f 899//899 926//926 931//931 904//904
f 932//932 931//931 926//926 925//925
f 931//931 932//932 933//933
f 904//904 931//931 934//934 905//905
f 935//935 932//932 925//925
f 929//929 923//923 936//936
f 937//937 938//938 935//935 936//936
f 938//938 933//933 932//932
f 916//916 939//939 940//940 915//915
f 921//921 940//940 939//939 923//923
f 922//922 941//941 940//940 921//921
f 915//915 940//940 941//941 917//917
f 871//871 906//906 942//942 870//870
f 943//943 942//942 906//906 905//905
f 944//944 945//945 942//942 943//943
f 870//870 942//942 945//945 872//872
f 905//905 934//934 946//946 943//943
f 947//947 946//946 934//934 933//933
f 948//948 949//949 946//946 947//947
f 943//943 946//946 949//949 944//944
f 948//948 950//950 951//951 949//949
f 952//952 951//951 950//950 953//953
f 954//954 955//955 951//951 952//952
f 955//955 944//944 949//949
f 956//956 957//957 958//958 959//959
f 936//936 958//958 957//957 937//937
f 923//923 939//939 958//958 936//936
f 959//959 958//958 939//939 916//916
f 937//937 957//957 960//960 938//938
f 961//961 960//960 957//957 956//956
f 948//948 947//947 960//960 961//961
f 938//938 960//960 947//947 933//933
f 831//831 830//830 962//962 963//963
f 839//839 962//962 830//830 829//829
f 838//838 964//964 962//962 839//839
f 963//963 962//962 964//964 965//965
f 966//966 967//967 968//968 969//969
f 967//967 953//953 950//950
f 961//961 968//968 950//950 948//948
f 961//961 956//956 969//969
f 965//965 970//970 971//971 963//963
f 959//959 971//971 970//970 956//956
f 971//971 959//959 916//916
f 913//913 831//831 963//963
f 972//972 973//973 970//970 965//965
f 966//966 969//969 973//973 972//972
f 956//956 970//970 973//973 969//969
f 974//974 975//975 976//976 977//977
f 978//978 976//976 975//975 979//979
f 341//341 337//337 976//976 978//978
f 977//977 976//976 337//337 336//336
f 979//979 980//980 981//981 978//978
f 982//982 981//981 980//980 983//983
f 347//347 344//344 981//981 982//982
f 978//978 981//981 344//344 341//341
f 984//984 985//985 986//986 987//987
f 351//351 348//348 986//986 985//985
f 982//982 986//986 348//348 347//347
f 987//987 986//986 982//982 983//983
f 984//984 988//988 989//989 985//985
f 990//990 989//989 988//988 991//991
f 355//355 352//352 989//989 990//990
f 985//985 989//989 352//352 351//351
f 991//991 992//992 993//993 990//990
f 994//994 993//993 992//992 995//995
f 359//359 356//356 993//993 994//994
f 990//990 993//993 356//356 355//355
f 995//995 996//996 997//997 994//994
f 998//998 997//997 996//996 999//999
f 363//363 360//360 997//997 998//998
f 994//994 997//997 360//360 359//359
f 999//999 1000//1000 1001//1001 998//998
f 1002//1002 1001//1001 1000//1000 1003//1003
f 367//367 364//364 1001//1001 1002//1002
f 998//998 1001//1001 364//364 363//363
f 1003//1003 1004//1004 1005//1005 1002//1002
f 1006//1006 1005//1005 1004//1004 1007//1007
f 371//371 368//368 1005//1005 1006//1006
f 1002//1002 1005//1005 368//368 367//367
f 1008//1008 1009//1009 1010//1010 1011//1011
f 375//375 372//372 1010//1010 1009//1009
f 1006//1006 1010//1010 372//372 371//371
f 1011//1011 1010//1010 1006//1006 1007//1007
f 1012//1012 1013//1013 1014//1014 1015//1015
f 1016//1016 1017//1017 1013//1013 1012//1012
f 1011//1011 1013//1013 1017//1017 1008//1008
f 1014//1014 1013//1013 1011//1011 1007//1007
f 1018//1018 1019//1019 1020//1020 1021//1021
f 975//975 1020//1020 1019//1019 979//979
f 974//974 1022//1022 1020//1020 975//975
f 1021//1021 1020//1020 1022//1022 1023//1023
f 1024//1024 1025//1025 1026//1026 1027//1027
f 980//980 1026//1026 1025//1025 983//983
f 979//979 1019//1019 1026//1026 980//980
f 1027//1027 1026//1026 1019//1019 1018//1018
f 1028//1028 1029//1029 1030//1030 1031//1031
f 987//987 1030//1030 1029//1029 984//984
f 983//983 1025//1025 1030//1030 987//987
f 1031//1031 1030//1030 1025//1025 1024//1024
f 1032//1032 1033//1033 1034//1034 1035//1035
f 1034//1034 1033//1033 991//991 988//988
f 984//984 1029//1029 1034//1034 988//988
f 1035//1035 1034//1034 1029//1029 1028//1028
f 1036//1036 1037//1037 1038//1038 1039//1039
f 995//995 992//992 1038//1038 1037//1037
f 1033//1033 1038//1038 992//992 991//991
f 1039//1039 1038//1038 1033//1033 1032//1032
f 1040//1040 1041//1041 1042//1042 1043//1043
f 999//999 996//996 1042//1042 1041//1041
f 1037//1037 1042//1042 996//996 995//995
f 1043//1043 1042//1042 1037//1037 1036//1036
f 1040//1040 1044//1044 1045//1045 1041//1041
f 1046//1046 1045//1045 1044//1044 1047//1047
f 1003//1003 1000//1000 1045//1045 1046//1046
f 1041//1041 1045//1045 1000//1000 999//999
f 1048//1048 1049//1049 1050//1050
f 1004//1004 1051//1051 1050//1050 1007//1007
f 1046//1046 1051//1051 1004//1004 1003//1003
f 1047//1047 1048//1048 1051//1051 1046//1046
f 1049//1049 1052//1052 1053//1053 1050//1050
f 1054//1054 1053//1053 1052//1052 1055//1055
f 1015//1015 1014//1014 1053//1053 1054//1054
f 1050//1050 1053//1053 1014//1014 1007//1007
f 1023//1023 1056//1056 1057//1057 1021//1021
f 1058//1058 1057//1057 1056//1056 1059//1059
f 1060//1060 1061//1061 1057//1057 1058//1058
f 1021//1021 1057//1057 1061//1061 1018//1018
f 1018//1018 1061//1061 1062//1062 1027//1027
f 1063//1063 1062//1062 1061//1061 1060//1060
f 1064//1064 1065//1065 1062//1062 1063//1063
f 1027//1027 1062//1062 1065//1065 1024//1024
f 1024//1024 1065//1065 1066//1066 1031//1031
f 1067//1067 1066//1066 1065//1065 1064//1064
f 1068//1068 1069//1069 1066//1066 1067//1067
f 1031//1031 1066//1066 1069//1069 1028//1028
f 1028//1028 1069//1069 1070//1070 1035//1035
f 1071//1071 1070//1070 1069//1069 1068//1068
f 1072//1072 1073//1073 1070//1070 1071//1071
f 1035//1035 1070//1070 1073//1073 1032//1032
f 1074//1074 1075//1075 1076//1076 1077//1077
f 1058//1058 1076//1076 1075//1075 1060//1060
f 1059//1059 1078//1078 1076//1076 1058//1058
f 1077//1077 1076//1076 1078//1078 1079//1079
f 1080//1080 1081//1081 1082//1082 1083//1083
f 1063//1063 1081//1081 1080//1080 1064//1064
f 1060//1060 1075//1075 1081//1081 1063//1063
f 1082//1082 1081//1081 1075//1075 1074//1074
f 1084//1084 1085//1085 1086//1086 1087//1087
f 1067//1067 1085//1085 1084//1084 1068//1068
f 1064//1064 1080//1080 1085//1085 1067//1067
f 1083//1083 1086//1086 1085//1085 1080//1080
f 1088//1088 1089//1089 1090//1090 1091//1091
f 1092//1092 1088//1088 1091//1091 1093//1093
f 1094//1094 1088//1088 1092//1092 1095//1095
f 1096//1096 1089//1089 1088//1088 1094//1094
f 1093//1093 1097//1097 1098//1098 1092//1092
f 1099//1099 1098//1098 1097//1097 1100//1100
f 1101//1101 1102//1102 1098//1098 1099//1099
f 1092//1092 1098//1098 1102//1102 1095//1095
f 1100//1100 1103//1103 1104//1104 1099//1099
f 1105//1105 1104//1104 1103//1103 1106//1106
f 1107//1107 1108//1108 1104//1104 1105//1105
f 1099//1099 1104//1104 1108//1108 1101//1101
f 1106//1106 1109//1109 1110//1110 1105//1105
f 1111//1111 1110//1110 1109//1109 1112//1112
f 1113//1113 1114//1114 1110//1110 1111//1111
f 1105//1105 1110//1110 1114//1114 1107//1107
f 1112//1112 1115//1115 1116//1116 1111//1111
f 1117//1117 1116//1116 1115//1115 1118//1118
f 1119//1119 1120//1120 1116//1116 1117//1117
f 1111//1111 1116//1116 1120//1120 1113//1113
f 1118//1118 1121//1121 1122//1122 1117//1117
f 1122//1122 1121//1121 1123//1123 1124//1124
f 1125//1125 1126//1126 1122//1122 1124//1124
f 1117//1117 1122//1122 1126//1126 1119//1119
f 1127//1127 1128//1128 1129//1129 1130//1130
f 1131//1131 1132//1132 1127//1127 1130//1130
f 1124//1124 1127//1127 1132//1132 1125//1125
f 1127//1127 1124//1124 1123//1123 1128//1128
f 1129//1129 1133//1133 1134//1134 1130//1130
f 1135//1135 1134//1134 1133//1133 1136//1136
f 1137//1137 1138//1138 1134//1134 1135//1135
f 1130//1130 1134//1134 1138//1138 1131//1131
f 1139//1139 1140//1140 1141//1141 1142//1142
f 1143//1143 1144//1144 1141//1141 1140//1140
f 1135//1135 1141//1141 1144//1144 1137//1137
f 1142//1142 1141//1141 1135//1135 1136//1136
f 1145//1145 1140//1140 1139//1139 1146//1146
f 1147//1147 1145//1145 1146//1146 1148//1148
f 1149//1149 1150//1150 1145//1145 1147//1147
f 1140//1140 1145//1145 1150//1150 1143//1143
f 1151//1151 1152//1152 1153//1153 1154//1154
f 1102//1102 1153//1153 1152//1152 1095//1095
f 1155//1155 1153//1153 1102//1102 1101//1101
f 1153//1153 1155//1155 1156//1156 1154//1154
f 1156//1156 1157//1157 1158//1158 1159//1159
f 1160//1160 1158//1158 1157//1157 1161//1161
f 1083//1083 1082//1082 1158//1158 1160//1160
f 1159//1159 1158//1158 1082//1082 1074//1074
f 1161//1161 1157//1157 1162//1162 1163//1163
f 1155//1155 1162//1162 1157//1157 1156//1156
f 1101//1101 1108//1108 1162//1162 1155//1155
f 1163//1163 1162//1162 1108//1108 1107//1107
f 1161//1161 1164//1164 1165//1165 1160//1160
f 1166//1166 1165//1165 1164//1164 1167//1167
f 1087//1087 1086//1086 1165//1165 1166//1166
f 1160//1160 1165//1165 1086//1086 1083//1083
f 1167//1167 1164//1164 1168//1168 1169//1169
f 1163//1163 1168//1168 1164//1164 1161//1161
f 1107//1107 1114//1114 1168//1168 1163//1163
f 1169//1169 1168//1168 1114//1114 1113//1113
f 1170//1170 1171//1171 1172//1172 1173//1173
f 1169//1169 1172//1172 1171//1171 1167//1167
f 1113//1113 1120//1120 1172//1172 1169//1169
f 1173//1173 1172//1172 1120//1120 1119//1119
f 1174//1174 1175//1175 1126//1126 1125//1125
f 1176//1176 1177//1177 1175//1175 1174//1174
f 1173//1173 1175//1175 1177//1177 1170//1170
f 1119//1119 1126//1126 1175//1175 1173//1173
f 1178//1178 1179//1179 1180//1180 1181//1181
f 1174//1174 1180//1180 1179//1179 1176//1176
f 1125//1125 1132//1132 1180//1180 1174//1174
f 1181//1181 1180//1180 1132//1132 1131//1131
f 1182//1182 1183//1183 1184//1184 1185//1185
f 1181//1181 1184//1184 1183//1183 1178//1178
f 1131//1131 1138//1138 1184//1184 1181//1181
f 1185//1185 1184//1184 1138//1138 1137//1137
f 1186//1186 1187//1187 1188//1188 1189//1189
f 1185//1185 1188//1188 1187//1187 1182//1182
f 1137//1137 1144//1144 1188//1188 1185//1185
f 1189//1189 1188//1188 1144//1144 1143//1143
f 1190//1190 1191//1191 1192//1192
f 1193//1193 1190//1190 1194//1194 1195//1195
f 1151//1151 1196//1196 1190//1190 1193//1193
f 1191//1191 1190//1190 1196//1196 1079//1079
f 1095//1095 1152//1152 1197//1197 1094//1094
f 1193//1193 1197//1197 1152//1152 1151//1151
f 1195//1195 1198//1198 1197//1197 1193//1193
f 1094//1094 1197//1197 1198//1198 1096//1096
f 1079//1079 1196//1196 1199//1199 1077//1077
f 1154//1154 1199//1199 1196//1196 1151//1151
f 1156//1156 1159//1159 1199//1199 1154//1154
f 1077//1077 1199//1199 1159//1159 1074//1074
f 395//395 1200//1200 1201//1201 391//391
f 1202//1202 1201//1201 1200//1200 1203//1203
f 19//19 389//389 1201//1201 1202//1202
f 391//391 1201//1201 389//389 388//388
f 1204//1204 1205//1205 1202//1202 1203//1203
f 51//51 1205//1205 1204//1204 52//52
f 21//21 20//20 1205//1205 51//51
f 1202//1202 1205//1205 20//20 19//19
f 585//585 584//584 1206//1206
f 1207//1207 1208//1208 1209//1209 1206//1206
f 395//395 394//394 1209//1209 1208//1208
f 585//585 1209//1209 394//394 393//393
f 1210//1210 1211//1211 1212//1212
f 1212//1212 598//598 597//597
f 52//52 1204//1204 1213//1213 597//597
f 1204//1204 1203//1203 1210//1210
f 1214//1214 1215//1215 1216//1216 1217//1217
f 1200//1200 1216//1216 1215//1215 1203//1203
f 395//395 1208//1208 1216//1216 1200//1200
f 1208//1208 1207//1207 1217//1217
f 1218//1218 1219//1219 1215//1215 1214//1214
f 1211//1211 1210//1210 1219//1219 1218//1218
f 1203//1203 1215//1215 1219//1219 1210//1210
f 584//584 590//590 1220//1220 1206//1206
f 1221//1221 1220//1220 590//590 589//589
f 1222//1222 1223//1223 1220//1220 1221//1221
f 1223//1223 1207//1207 1206//1206
f 1211//1211 1224//1224 1225//1225 1212//1212
f 1226//1226 1225//1225 1224//1224 1227//1227
f 605//605 612//612 1225//1225 1226//1226
f 1212//1212 1225//1225 612//612 598//598
f 1228//1228 1229//1229 1230//1230 1231//1231
f 1217//1217 1230//1230 1229//1229 1214//1214
f 1207//1207 1223//1223 1230//1230 1217//1217
f 1231//1231 1230//1230 1223//1223 1222//1222
f 1214//1214 1229//1229 1232//1232 1218//1218
f 1233//1233 1232//1232 1229//1229 1228//1228
f 1227//1227 1224//1224 1232//1232 1233//1233
f 1218//1218 1232//1232 1224//1224 1211//1211
f 1234//1234 604//604 605//605 1226//1226
f 1227//1227 1235//1235 1234//1234 1226//1226
f 1236//1236 1234//1234 1235//1235 1237//1237
f 604//604 1234//1234 1236//1236 595//595
f 1238//1238 1239//1239 1240//1240 1241//1241
f 1221//1221 1240//1240 1239//1239 1222//1222
f 589//589 586//586 1240//1240 1221//1221
f 1241//1241 1240//1240 586//586 581//581
f 1222//1222 1239//1239 1242//1242 1231//1231
f 1243//1243 1242//1242 1239//1239 1238//1238
f 1244//1244 1245//1245 1242//1242 1243//1243
f 1231//1231 1242//1242 1245//1245 1228//1228
f 1228//1228 1245//1245 1246//1246 1233//1233
f 1247//1247 1246//1246 1245//1245 1244//1244
f 1237//1237 1235//1235 1246//1246 1247//1247
f 1233//1233 1246//1246 1235//1235 1227//1227
f 435//435 1248//1248 1249//1249 578//578
f 1250//1250 1249//1249 1248//1248 1251//1251
f 1238//1238 1241//1241 1249//1249 1250//1250
f 1241//1241 581//581 578//578
f 1251//1251 1248//1248 1252//1252 1253//1253
f 438//438 1252//1252 1248//1248 435//435
f 433//433 1253//1253 1252//1252 438//438
f 1237//1237 1254//1254 1255//1255 1236//1236
f 1256//1256 1255//1255 1254//1254 1257//1257
f 594//594 1255//1255 1256//1256 343//343
f 1255//1255 594//594 595//595
f 1258//1258 1259//1259 1260//1260 1261//1261
f 1243//1243 1260//1260 1259//1259 1244//1244
f 1238//1238 1250//1250 1260//1260 1243//1243
f 1261//1261 1260//1260 1250//1250 1251//1251
f 1244//1244 1259//1259 1262//1262 1247//1247
f 1259//1259 1258//1258 1263//1263
f 1257//1257 1254//1254 1262//1262 1263//1263
f 1247//1247 1262//1262 1254//1254 1237//1237
f 433//433 431//431 1264//1264 1253//1253
f 1265//1265 1264//1264 431//431 432//432
f 1266//1266 1267//1267 1264//1264 1265//1265
f 1253//1253 1264//1264 1267//1267 1251//1251
f 1268//1268 1269//1269 1270//1270 1271//1271
f 339//339 1270//1270 1269//1269 336//336
f 343//343 1256//1256 1270//1270 339//339
f 1271//1271 1270//1270 1256//1256 1257//1257
f 1266//1266 1272//1272 1273//1273 1267//1267
f 1274//1274 1273//1273 1272//1272 1275//1275
f 1261//1261 1273//1273 1274//1274 1258//1258
f 1267//1267 1273//1273 1261//1261 1251//1251
f 1258//1258 1274//1274 1276//1276 1263//1263
f 1277//1277 1276//1276 1274//1274 1275//1275
f 1271//1271 1276//1276 1277//1277 1268//1268
f 1276//1276 1271//1271 1257//1257 1263//1263
f 1278//1278 1279//1279 1280//1280 1281//1281
f 1282//1282 1283//1283 1279//1279 1278//1278
f 432//432 428//428 1279//1279 1283//1283
f 1280//1280 1279//1279 428//428 427//427
f 1284//1284 1285//1285 1286//1286 1287//1287
f 977//977 1286//1286 1285//1285 974//974
f 336//336 1269//1269 1286//1286 977//977
f 1287//1287 1286//1286 1269//1269 1268//1268
f 432//432 1283//1283 1288//1288 1265//1265
f 1289//1289 1288//1288 1283//1283 1282//1282
f 1266//1266 1265//1265 1288//1288 1289//1289
f 1290//1290 1278//1278 1281//1281
f 1291//1291 1290//1290 1292//1292 1192//1192
f 1293//1293 1294//1294 1290//1290 1291//1291
f 1278//1278 1290//1290 1294//1294 1282//1282
f 1195//1195 1194//1194 1295//1295 1296//1296
f 1295//1295 1194//1194 1192//1192 1292//1292
f 1292//1292 1281//1281 1296//1296
f 1297//1297 1298//1298 1285//1285 1284//1284
f 1299//1299 1298//1298 1297//1297 1192//1192
f 1023//1023 1022//1022 1298//1298 1299//1299
f 974//974 1285//1285 1298//1298 1022//1022
f 1291//1291 1300//1300 1301//1301 1293//1293
f 1297//1297 1300//1300 1291//1291 1192//1192
f 1284//1284 1301//1301 1300//1300 1297//1297
f 1023//1023 1299//1299 1302//1302 1056//1056
f 1299//1299 1192//1192 1191//1191
f 1079//1079 1078//1078 1302//1302 1191//1191
f 1056//1056 1302//1302 1078//1078 1059//1059
f 1268//1268 1277//1277 1303//1303 1287//1287
f 1304//1304 1303//1303 1277//1277 1275//1275
f 1293//1293 1301//1301 1303//1303 1304//1304
f 1287//1287 1303//1303 1301//1301 1284//1284
f 1282//1282 1294//1294 1305//1305 1289//1289
f 1304//1304 1305//1305 1294//1294 1293//1293
f 1275//1275 1272//1272 1305//1305 1304//1304
f 1289//1289 1305//1305 1272//1272 1266//1266
f 1306//1306 1296//1296 1281//1281
f 1307//1307 1306//1306 1308//1308 1309//1309
f 1096//1096 1198//1198 1306//1306 1307//1307
f 1296//1296 1306//1306 1198//1198 1195//1195
f 1307//1307 1310//1310 1089//1089 1096//1096
f 1311//1311 1310//1310 1307//1307 1309//1309
f 1312//1312 1313//1313 1310//1310 1311//1311
f 1089//1089 1310//1310 1313//1313 1090//1090
f 1314//1314 1315//1315 1316//1316 1317//1317
f 1318//1318 1315//1315 1314//1314 1319//1319
f 405//405 401//401 1315//1315 1318//1318
f 400//400 1316//1316 1315//1315 401//401
f 1319//1319 1320//1320 1321//1321 1318//1318
f 1322//1322 1321//1321 1320//1320 1323//1323
f 412//412 409//409 1321//1321 1322//1322
f 1318//1318 1321//1321 409//409 405//405
f 418//418 415//415 1324//1324 1325//1325
f 1322//1322 1324//1324 415//415 412//412
f 1323//1323 1326//1326 1324//1324 1322//1322
f 1325//1325 1324//1324 1326//1326 1327//1327
f 424//424 421//421 1328//1328 430//430
f 1325//1325 1328//1328 421//421 418//418
f 1327//1327 1329//1329 1328//1328 1325//1325
f 430//430 1328//1328 1329//1329 427//427
f 427//427 1329//1329 1330//1330 1280//1280
f 1331//1331 1330//1330 1329//1329 1327//1327
f 1309//1309 1308//1308 1330//1330 1331//1331
f 1280//1280 1330//1330 1308//1308 1281//1281
f 1332//1332 1333//1333 1334//1334 1335//1335
f 1336//1336 1334//1334 1333//1333 1337//1337
f 1334//1334 1336//1336 1327//1327
f 1335//1335 1334//1334 1326//1326 1323//1323
f 1336//1336 1338//1338 1331//1331 1327//1327
f 1337//1337 1339//1339 1338//1338 1336//1336
f 1331//1331 1338//1338 1339//1339 1309//1309
f 1340//1340 1341//1341 1342//1342 1343//1343
f 1341//1341 1312//1312 1311//1311
f 1342//1342 1311//1311 1309//1309
f 1343//1343 1342//1342 1339//1339 1337//1337
f 1337//1337 1333//1333 1344//1344 1343//1343
f 1345//1345 1344//1344 1333//1333 1332//1332
f 1346//1346 1347//1347 1344//1344 1345//1345
f 1347//1347 1340//1340 1343//1343
f 1348//1348 1349//1349 1350//1350 1351//1351
f 1352//1352 1350//1350 1349//1349 1353//1353
f 874//874 873//873 1350//1350 1352//1352
f 1351//1351 1350//1350 873//873 872//872
f 1354//1354 1355//1355 1356//1356 1357//1357
f 1351//1351 1356//1356 1355//1355 1348//1348
f 872//872 945//945 1356//1356 1351//1351
f 1357//1357 1356//1356 945//945 944//944
f 944//944 955//955 1358//1358 1357//1357
f 1359//1359 1358//1358 955//955 954//954
f 1360//1360 1361//1361 1358//1358 1359//1359
f 1357//1357 1358//1358 1361//1361 1354//1354
f 954//954 952//952 1362//1362 1359//1359
f 1363//1363 1362//1362 952//952 953//953
f 1364//1364 1365//1365 1362//1362 1363//1363
f 1365//1365 1360//1360 1359//1359
f 953//953 967//967 1366//1366 1363//1363
f 1367//1367 1366//1366 967//967 966//966
f 1368//1368 1369//1369 1366//1366 1367//1367
f 1363//1363 1366//1366 1369//1369 1364//1364
f 1370//1370 1371//1371 1372//1372
f 1367//1367 1370//1370 1373//1373 1368//1368
f 966//966 972//972 1370//1370 1367//1367
f 1371//1371 1370//1370 972//972 965//965
f 964//964 1374//1374 1371//1371 965//965
f 838//838 1375//1375 1374//1374 964//964
f 1376//1376 1377//1377 1374//1374 1375//1375
f 1371//1371 1374//1374 1377//1377 1372//1372
f 1376//1376 1375//1375 1378//1378 1379//1379
f 1375//1375 838//838 837//837
f 841//841 1380//1380 1378//1378 837//837
f 1379//1379 1378//1378 1380//1380 1381//1381
f 849//849 1382//1382 1383//1383 848//848
f 1384//1384 1383//1383 1382//1382 1385//1385
f 1381//1381 1380//1380 1383//1383 1384//1384
f 848//848 1383//1383 1380//1380 841//841
f 849//849 855//855 1386//1386 1382//1382
f 1387//1387 1386//1386 855//855 854//854
f 1388//1388 1386//1386 1387//1387 1389//1389
f 1385//1385 1382//1382 1386//1386 1388//1388
f 862//862 1390//1390 1391//1391 863//863
f 1392//1392 1391//1391 1390//1390 1393//1393
f 1389//1389 1387//1387 1391//1391 1392//1392
f 854//854 863//863 1391//1391 1387//1387
f 1364//1364 1369//1369 1394//1394 1395//1395
f 1396//1396 1394//1394 1369//1369 1368//1368
f 1397//1397 1398//1398 1394//1394 1396//1396
f 1395//1395 1394//1394 1398//1398 1399//1399
f 1368//1368 1373//1373 1400//1400 1396//1396
f 1401//1401 1400//1400 1373//1373 1372//1372
f 1402//1402 1403//1403 1400//1400 1401//1401
f 1396//1396 1400//1400 1403//1403 1397//1397
f 1372//1372 1377//1377 1404//1404 1401//1401
f 1405//1405 1404//1404 1377//1377 1376//1376
f 1406//1406 1407//1407 1404//1404 1405//1405
f 1401//1401 1404//1404 1407//1407 1402//1402
f 1376//1376 1379//1379 1408//1408 1405//1405
f 1381//1381 1409//1409 1408//1408 1379//1379
f 1410//1410 1408//1408 1409//1409 1411//1411
f 1405//1405 1408//1408 1410//1410 1406//1406
f 1385//1385 1412//1412 1413//1413 1384//1384
f 1414//1414 1413//1413 1412//1412 1415//1415
f 1411//1411 1409//1409 1413//1413 1414//1414
f 1384//1384 1413//1413 1409//1409 1381//1381
f 1389//1389 1416//1416 1417//1417 1388//1388
f 1416//1416 1418//1418 1419//1419
f 1415//1415 1412//1412 1417//1417 1419//1419
f 1388//1388 1417//1417 1412//1412 1385//1385
f 1393//1393 1420//1420 1421//1421 1392//1392
f 1422//1422 1421//1421 1420//1420 1423//1423
f 1418//1418 1416//1416 1421//1421 1422//1422
f 1392//1392 1421//1421 1416//1416 1389//1389
f 773//773 770//770 1424//1424 788//788
f 1425//1425 1424//1424 770//770 769//769
f 1426//1426 1427//1427 1424//1424 1425//1425
f 788//788 1424//1424 1427//1427 791//791
f 792//792 1428//1428 1429//1429 796//796
f 1430//1430 1429//1429 1428//1428 1431//1431
f 1432//1432 1433//1433 1429//1429 1430//1430
f 796//796 1429//1429 1433//1433 797//797
f 1434//1434 1435//1435 1436//1436 1437//1437
f 1436//1436 1435//1435 1431//1431 1428//1428
f 790//790 1436//1436 1428//1428 792//792
f 1437//1437 1436//1436 790//790 791//791
f 766//766 765//765 1438//1438
f 1439//1439 1440//1440 1441//1441
f 1425//1425 1441//1441 1440//1440 1426//1426
f 769//769 766//766 1441//1441 1425//1425
f 1442//1442 1443//1443 1444//1444 1445//1445
f 1434//1434 1437//1437 1444//1444 1443//1443
f 791//791 1427//1427 1444//1444 1437//1437
f 1445//1445 1444//1444 1427//1427 1426//1426
f 1446//1446 1447//1447 1448//1448 1449//1449
f 1431//1431 1435//1435 1448//1448 1447//1447
f 1443//1443 1448//1448 1435//1435 1434//1434
f 1449//1449 1448//1448 1443//1443 1442//1442
f 1431//1431 1447//1447 1450//1450 1430//1430
f 1446//1446 1451//1451 1450//1450 1447//1447
f 1452//1452 1450//1450 1451//1451 1453//1453
f 1452//1452 1432//1432 1430//1430
f 799//799 1454//1454 1455//1455 824//824
f 1456//1456 1455//1455 1454//1454 1457//1457
f 1455//1455 1456//1456 1458//1458
f 1459//1459 822//822 824//824
f 1460//1460 1459//1459 1458//1458
f 1461//1461 1462//1462 1463//1463
f 860//860 859//859 1460//1460 1463//1463
f 859//859 822//822 1459//1459
f 1464//1464 1463//1463 1462//1462
f 1465//1465 1464//1464 1466//1466 1467//1467
f 862//862 865//865 1464//1464 1465//1465
f 1463//1463 1464//1464 865//865 860//860
f 1467//1467 1468//1468 1469//1469 1465//1465
f 1470//1470 1469//1469 1468//1468 1471//1471
f 1393//1393 1390//1390 1469//1469 1470//1470
f 1465//1465 1469//1469 1390//1390 862//862
f 1420//1420 1393//1393 1470//1470
f 1471//1471 1472//1472 1473//1473 1470//1470
f 1474//1474 1475//1475 1473//1473 1472//1472
f 1420//1420 1473//1473 1475//1475 1423//1423
f 1471//1471 1476//1476 1477//1477 1472//1472
f 1477//1477 1476//1476 1478//1478
f 1477//1477 1479//1479 1480//1480 1481//1481
f 1472//1472 1477//1477 1481//1481 1474//1474
f 1482//1482 1483//1483 1478//1478
f 1471//1471 1468//1468 1482//1482 1476//1476
f 1484//1484 1482//1482 1468//1468 1467//1467
f 1485//1485 1483//1483 1482//1482 1484//1484
f 1485//1485 1486//1486 1487//1487 1483//1483
f 1488//1488 1487//1487 1486//1486 1489//1489
f 1480//1480 1479//1479 1487//1487 1488//1488
f 1483//1483 1487//1487 1479//1479 1478//1478
f 1467//1467 1466//1466 1490//1490 1484//1484
f 1491//1491 1490//1490 1466//1466 1462//1462
f 1492//1492 1493//1493 1490//1490 1491//1491
f 1484//1484 1490//1490 1493//1493 1485//1485
f 1480//1480 1494//1494 1495//1495 1481//1481
f 1496//1496 1495//1495 1494//1494 1497//1497
f 1474//1474 1481//1481 1495//1495 1496//1496
f 1492//1492 1498//1498 1499//1499 1493//1493
f 1500//1500 1499//1499 1498//1498 1501//1501
f 1489//1489 1486//1486 1499//1499 1500//1500
f 1493//1493 1499//1499 1486//1486 1485//1485
f 1489//1489 1500//1500 1502//1502 1488//1488
f 1501//1501 1503//1503 1502//1502 1500//1500
f 1497//1497 1494//1494 1502//1502 1503//1503
f 1488//1488 1502//1502 1494//1494 1480//1480
f 197//197 219//219 1504//1504 195//195
f 1505//1505 1504//1504 219//219 218//218
f 1506//1506 1507//1507 1504//1504 1505//1505
f 195//195 1504//1504 1507//1507 76//76
f 217//217 229//229 1508//1508 216//216
f 1509//1509 1508//1508 229//229 228//228
f 1510//1510 1511//1511 1508//1508 1509//1509
f 216//216 1508//1508 1511//1511 218//218
f 1512//1512 1513//1513 1514//1514 1515//1515
f 1509//1509 1514//1514 1513//1513 1510//1510
f 228//228 231//231 1514//1514 1509//1509
f 1515//1515 1514//1514 231//231 230//230
f 81//81 77//77 1516//1516 1517//1517
f 1516//1516 77//77 76//76 1507//1507
f 1518//1518 1516//1516 1507//1507 1506//1506
f 1517//1517 1516//1516 1518//1518 1519//1519
f 218//218 1511//1511 1520//1520 1505//1505
f 1521//1521 1520//1520 1511//1511 1510//1510
f 1522//1522 1523//1523 1520//1520 1521//1521
f 1505//1505 1520//1520 1523//1523 1506//1506
f 1510//1510 1513//1513 1524//1524 1521//1521
f 1525//1525 1524//1524 1513//1513 1512//1512
f 1526//1526 1527//1527 1524//1524 1525//1525
f 1521//1521 1524//1524 1527//1527 1522//1522
f 1519//1519 1518//1518 1528//1528 1529//1529
f 1523//1523 1528//1528 1518//1518 1506//1506
f 1528//1528 1523//1523 1522//1522
f 1529//1529 1528//1528 1530//1530 1531//1531
f 1519//1519 1532//1532 1533//1533 1517//1517
f 1534//1534 1533//1533 1532//1532 1535//1535
f 117//117 115//115 1533//1533 1534//1534
f 1517//1517 1533//1533 115//115 81//81
f 1526//1526 1536//1536 1537//1537 1527//1527
f 1538//1538 1537//1537 1536//1536 1539//1539
f 1531//1531 1530//1530 1537//1537 1538//1538
f 1527//1527 1537//1537 1530//1530 1522//1522
f 723//723 1540//1540 1541//1541 724//724
f 1534//1534 1540//1540 723//723 117//117
f 1535//1535 1542//1542 1540//1540 1534//1534
f 1541//1541 1540//1540 1542//1542 1543//1543
f 1531//1531 1544//1544 1545//1545 1529//1529
f 1546//1546 1545//1545 1544//1544 1547//1547
f 1535//1535 1532//1532 1545//1545 1546//1546
f 1532//1532 1519//1519 1529//1529
f 1539//1539 1548//1548 1549//1549 1538//1538
f 1550//1550 1549//1549 1548//1548 1551//1551
f 1547//1547 1544//1544 1549//1549 1550//1550
f 1538//1538 1549//1549 1544//1544 1531//1531
f 731//731 730//730 1552//1552 1553//1553
f 1541//1541 1552//1552 730//730 724//724
f 1543//1543 1554//1554 1552//1552 1541//1541
f 1553//1553 1552//1552 1554//1554 1555//1555
f 1547//1547 1556//1556 1557//1557 1546//1546
f 1558//1558 1557//1557 1556//1556 1559//1559
f 1543//1543 1542//1542 1557//1557 1558//1558
f 1546//1546 1557//1557 1542//1542 1535//1535
f 1559//1559 1556//1556 1560//1560 1561//1561
f 1550//1550 1560//1560 1556//1556 1547//1547
f 1551//1551 1562//1562 1560//1560 1550//1550
f 1561//1561 1560//1560 1562//1562 1563//1563
f 1564//1564 1553//1553 1555//1555
f 1565//1565 1564//1564 1566//1566 1567//1567
f 735//735 734//734 1564//1564 1565//1565
f 1553//1553 1564//1564 734//734 731//731
f 1568//1568 1554//1554 1543//1543
f 1559//1559 1569//1569 1568//1568 1558//1558
f 1570//1570 1571//1571 1568//1568 1569//1569
f 1554//1554 1568//1568 1571//1571 1555//1555
f 1563//1563 1572//1572 1573//1573 1561//1561
f 1572//1572 1574//1574 1575//1575
f 1573//1573 1575//1575 1570//1570
f 1561//1561 1573//1573 1569//1569 1559//1559
f 1570//1570 1576//1576 1577//1577 1571//1571
f 1578//1578 1577//1577 1576//1576 1579//1579
f 1567//1567 1566//1566 1577//1577 1578//1578
f 1571//1571 1577//1577 1566//1566 1555//1555
f 1580//1580 1575//1575 1574//1574
f 1581//1581 1580//1580 1582//1582 1583//1583
f 1579//1579 1576//1576 1580//1580 1581//1581
f 1575//1575 1580//1580 1576//1576 1570//1570
f 1584//1584 502//502 501//501
f 1585//1585 1584//1584 1586//1586 1587//1587
f 1588//1588 1589//1589 1584//1584 1585//1585
f 1589//1589 492//492 502//502
f 1589//1589 1588//1588 1590//1590
f 1591//1591 1590//1590 1592//1592
f 495//495 494//494 1591//1591 1593//1593
f 1589//1589 1591//1591 494//494 492//492
f 1588//1588 1594//1594 1595//1595 1590//1590
f 1596//1596 1595//1595 1594//1594 1597//1597
f 1598//1598 1599//1599 1595//1595 1596//1596
f 1590//1590 1595//1595 1599//1599 1592//1592
f 495//495 1593//1593 1600//1600 518//518
f 1601//1601 1600//1600 1593//1593 1592//1592
f 1602//1602 1603//1603 1600//1600 1601//1601
f 518//518 1600//1600 1603//1603 515//515
f 1602//1602 1604//1604 1605//1605 1603//1603
f 527//527 530//530 1605//1605 1604//1604
f 515//515 1603//1603 1605//1605 530//530
f 1592//1592 1599//1599 1606//1606 1601//1601
f 1607//1607 1606//1606 1599//1599 1598//1598
f 1608//1608 1609//1609 1606//1606 1607//1607
f 1601//1601 1606//1606 1609//1609 1602//1602
f 1610//1610 1611//1611 1612//1612 1613//1613
f 534//534 1612//1612 1611//1611 526//526
f 527//527 1604//1604 1612//1612 534//534
f 1613//1613 1612//1612 1604//1604 1602//1602
f 1602//1602 1609//1609 1614//1614 1613//1613
f 1615//1615 1614//1614 1609//1609 1608//1608
f 1616//1616 1617//1617 1614//1614 1615//1615
f 1617//1617 1610//1610 1613//1613
f 1610//1610 1618//1618 1619//1619 1611//1611
f 1620//1620 1619//1619 1618//1618 1621//1621
f 408//408 522//522 1619//1619 1620//1620
f 526//526 1611//1611 1619//1619 522//522
f 1622//1622 1623//1623 1624//1624 1625//1625
f 1626//1626 1624//1624 1623//1623 1597//1597
f 1627//1627 1628//1628 1624//1624 1626//1626
f 1625//1625 1624//1624 1628//1628 1629//1629
f 1630//1630 1631//1631 1632//1632 1633//1633
f 1596//1596 1632//1632 1631//1631 1598//1598
f 1597//1597 1623//1623 1632//1632 1596//1596
f 1633//1633 1632//1632 1623//1623 1622//1622
f 1634//1634 1635//1635 1636//1636 1637//1637
f 1607//1607 1636//1636 1635//1635 1608//1608
f 1598//1598 1631//1631 1636//1636 1607//1607
f 1637//1637 1636//1636 1631//1631 1630//1630
f 1638//1638 1639//1639 1640//1640 1641//1641
f 1616//1616 1615//1615 1639//1639 1638//1638
f 1608//1608 1635//1635 1639//1639 1615//1615
f 1639//1639 1635//1635 1634//1634 1640//1640
f 1629//1629 1642//1642 1643//1643 1625//1625
f 1644//1644 1643//1643 1642//1642 1645//1645
f 1646//1646 1647//1647 1643//1643 1644//1644
f 1625//1625 1643//1643 1647//1647 1622//1622
f 1622//1622 1647//1647 1648//1648 1633//1633
f 1649//1649 1648//1648 1647//1647 1646//1646
f 1650//1650 1651//1651 1648//1648 1649//1649
f 1651//1651 1630//1630 1633//1633 1648//1648
f 1630//1630 1651//1651 1652//1652 1637//1637
f 1650//1650 1653//1653 1652//1652 1651//1651
f 1654//1654 1655//1655 1652//1652 1653//1653
f 1634//1634 1637//1637 1652//1652 1655//1655
f 1641//1641 1640//1640 1656//1656 1657//1657
f 1634//1634 1655//1655 1656//1656 1640//1640
f 1654//1654 1658//1658 1656//1656 1655//1655
f 1656//1656 1658//1658 1659//1659 1657//1657
f 1659//1659 1660//1660 1661//1661 1657//1657
f 1662//1662 1661//1661 1660//1660 1663//1663
f 1664//1664 1665//1665 1661//1661 1662//1662
f 1657//1657 1661//1661 1665//1665 1641//1641
f 1666//1666 1662//1662 1663//1663
f 1667//1667 1666//1666 1668//1668 1669//1669
f 1666//1666 1667//1667 1670//1670
f 1671//1671 1664//1664 1662//1662
f 1672//1672 1673//1673 1674//1674 1675//1675
f 1667//1667 1674//1674 1673//1673 1670//1670
f 1669//1669 1676//1676 1674//1674 1667//1667
f 1674//1674 1676//1676 1677//1677 1675//1675
f 1677//1677 1678//1678 1679//1679 1675//1675
f 1680//1680 1679//1679 1678//1678 1681//1681
f 1682//1682 1683//1683 1679//1679 1680//1680
f 1675//1675 1679//1679 1683//1683 1672//1672
f 1684//1684 1685//1685 1686//1686
f 1687//1687 1688//1688 1684//1684 1689//1689
f 1680//1680 1684//1684 1688//1688 1682//1682
f 1681//1681 1685//1685 1684//1684 1680//1680
f 1690//1690 1691//1691 1687//1687
f 1692//1692 1690//1690 1689//1689 1686//1686
f 1693//1693 1694//1694 1690//1690 1692//1692
f 1691//1691 1690//1690 1694//1694 1695//1695
f 1694//1694 1696//1696 1697//1697 1695//1695
f 1698//1698 1696//1696 1694//1694 1693//1693
f 1699//1699 1696//1696 1698//1698 1700//1700
f 1701//1701 1697//1697 1696//1696 1699//1699
f 1700//1700 1702//1702 1703//1703 1699//1699
f 1704//1704 1703//1703 1702//1702 1705//1705
f 1706//1706 1707//1707 1703//1703 1704//1704
f 1699//1699 1703//1703 1707//1707 1701//1701
f 1704//1704 1708//1708 1709//1709 1706//1706
f 1705//1705 1710//1710 1708//1708 1704//1704
f 1645//1645 1642//1642 1708//1708 1710//1710
f 1709//1709 1708//1708 1642//1642 1629//1629
f 1711//1711 1712//1712 1713//1713
f 1711//1711 1714//1714 1715//1715 1716//1716
f 1669//1669 1668//1668 1711//1711 1716//1716
f 1668//1668 1663//1663 1712//1712
f 1669//1669 1716//1716 1717//1717 1676//1676
f 1718//1718 1717//1717 1716//1716 1715//1715
f 1719//1719 1720//1720 1717//1717 1718//1718
f 1676//1676 1717//1717 1720//1720 1677//1677
f 1719//1719 1721//1721 1722//1722 1720//1720
f 1722//1722 1721//1721 1723//1723 1724//1724
f 1681//1681 1678//1678 1722//1722 1724//1724
f 1720//1720 1722//1722 1678//1678 1677//1677
f 1681//1681 1724//1724 1725//1725 1685//1685
f 1726//1726 1725//1725 1724//1724 1723//1723
f 1727//1727 1728//1728 1725//1725 1726//1726
f 1685//1685 1725//1725 1728//1728 1686//1686
f 1686//1686 1728//1728 1729//1729 1692//1692
f 1730//1730 1729//1729 1728//1728 1727//1727
f 1731//1731 1732//1732 1729//1729 1730//1730
f 1692//1692 1729//1729 1732//1732 1693//1693
f 1693//1693 1732//1732 1733//1733 1698//1698
f 1734//1734 1733//1733 1732//1732 1731//1731
f 1735//1735 1736//1736 1733//1733 1734//1734
f 1698//1698 1733//1733 1736//1736 1700//1700
f 1737//1737 1738//1738 1710//1710 1705//1705
f 1739//1739 1740//1740 1738//1738 1737//1737
f 1741//1741 1742//1742 1738//1738 1740//1740
f 1710//1710 1738//1738 1742//1742 1645//1645
f 1735//1735 1743//1743 1744//1744 1736//1736
f 1737//1737 1744//1744 1743//1743 1739//1739
f 1705//1705 1702//1702 1744//1744 1737//1737
f 1736//1736 1744//1744 1702//1702 1700//1700
f 1715//1715 1745//1745 1746//1746 1718//1718
f 1747//1747 1748//1748 1746//1746
f 1746//1746 1748//1748 1749//1749 1750//1750
f 1718//1718 1746//1746 1750//1750 1719//1719
f 1749//1749 1751//1751 1752//1752 1750//1750
f 1751//1751 1753//1753 1754//1754
f 1723//1723 1721//1721 1752//1752 1754//1754
f 1750//1750 1752//1752 1721//1721 1719//1719
f 1723//1723 1754//1754 1755//1755 1726//1726
f 1756//1756 1755//1755 1754//1754 1753//1753
f 1757//1757 1758//1758 1755//1755 1756//1756
f 1726//1726 1755//1755 1758//1758 1727//1727
f 1727//1727 1758//1758 1759//1759 1730//1730
f 1760//1760 1759//1759 1758//1758 1757//1757
f 1761//1761 1762//1762 1759//1759 1760//1760
f 1730//1730 1759//1759 1762//1762 1731//1731
f 1731//1731 1762//1762 1763//1763 1734//1734
f 1764//1764 1763//1763 1762//1762 1761//1761
f 1765//1765 1766//1766 1763//1763 1764//1764
f 1734//1734 1763//1763 1766//1766 1735//1735
f 1765//1765 1767//1767 1768//1768 1766//1766
f 1769//1769 1768//1768 1767//1767 1770//1770
f 1739//1739 1743//1743 1768//1768 1769//1769
f 1766//1766 1768//1768 1743//1743 1735//1735
f 1646//1646 1771//1771 1772//1772 1649//1649
f 1773//1773 1774//1774 1772//1772 1771//1771
f 1775//1775 1776//1776 1772//1772 1774//1774
f 1650//1650 1649//1649 1772//1772 1776//1776
f 1777//1777 1778//1778 1779//1779 1780//1780
f 1770//1770 1767//1767 1779//1779 1778//1778
f 1765//1765 1780//1780 1779//1779 1767//1767
f 1777//1777 1781//1781 1782//1782 1783//1783
f 1757//1757 1756//1756 1782//1782 1781//1781
f 1753//1753 1783//1783 1782//1782 1756//1756
f 1775//1775 1784//1784 1785//1785 1776//1776
f 1786//1786 1787//1787 1785//1785 1784//1784
f 1654//1654 1653//1653 1785//1785 1787//1787
f 1650//1650 1776//1776 1785//1785 1653//1653
f 1788//1788 1789//1789 1790//1790 1777//1777
f 1749//1749 1748//1748 1789//1789 1788//1788
f 1747//1747 1790//1790 1789//1789 1748//1748
f 1788//1788 1777//1777 1783//1783
f 1753//1753 1751//1751 1791//1791 1783//1783
f 1749//1749 1788//1788 1791//1791 1751//1751
f 1777//1777 1792//1792 1793//1793 1781//1781
f 1761//1761 1760//1760 1793//1793 1792//1792
f 1757//1757 1781//1781 1793//1793 1760//1760
f 1777//1777 1780//1780 1794//1794 1792//1792
f 1765//1765 1764//1764 1794//1794 1780//1780
f 1794//1794 1764//1764 1761//1761 1792//1792
f 1795//1795 1796//1796 1769//1769 1770//1770
f 1797//1797 1798//1798 1796//1796 1795//1795
f 1740//1740 1796//1796 1798//1798 1741//1741
f 1769//1769 1796//1796 1740//1740 1739//1739
f 1777//1777 1799//1799 1800//1800 1778//1778
f 1797//1797 1795//1795 1800//1800 1799//1799
f 1770//1770 1778//1778 1800//1800 1795//1795
f 1801//1801 1802//1802 1803//1803 1804//1804
f 1801//1801 1777//1777 1790//1790
f 1747//1747 1803//1803 1802//1802 1790//1790
f 1645//1645 1742//1742 1805//1805 1644//1644
f 1806//1806 1805//1805 1742//1742 1741//1741
f 1773//1773 1771//1771 1805//1805 1806//1806
f 1644//1644 1805//1805 1771//1771 1646//1646
f 1807//1807 1808//1808 1774//1774 1773//1773
f 1809//1809 1810//1810 1808//1808 1807//1807
f 1786//1786 1784//1784 1808//1808 1810//1810
f 1775//1775 1774//1774 1808//1808 1784//1784
f 1809//1809 1807//1807 1811//1811 1812//1812
f 1806//1806 1811//1811 1807//1807 1773//1773
f 1741//1741 1798//1798 1811//1811 1806//1806
f 1812//1812 1811//1811 1798//1798 1797//1797
f 1786//1786 1813//1813 1814//1814 1787//1787
f 1813//1813 1815//1815 1816//1816 1814//1814
f 1658//1658 1814//1814 1816//1816 1659//1659
f 1654//1654 1787//1787 1814//1814 1658//1658
f 1815//1815 1817//1817 1818//1818 1816//1816
f 1712//1712 1818//1818 1817//1817 1713//1713
f 1818//1818 1712//1712 1663//1663
f 1816//1816 1818//1818 1660//1660 1659//1659
f 1809//1809 1819//1819 1820//1820 1810//1810
f 1821//1821 1820//1820 1819//1819 1804//1804
f 1815//1815 1813//1813 1820//1820 1821//1821
f 1820//1820 1813//1813 1786//1786 1810//1810
f 1821//1821 1822//1822 1817//1817 1815//1815
f 1804//1804 1823//1823 1822//1822 1821//1821
f 1713//1713 1817//1817 1822//1822 1823//1823
f 1823//1823 1804//1804 1803//1803
f 1803//1803 1747//1747 1745//1745
f 1714//1714 1824//1824 1745//1745 1715//1715
f 1714//1714 1713//1713 1823//1823
f 1804//1804 1819//1819 1825//1825 1801//1801
f 1812//1812 1825//1825 1819//1819 1809//1809
f 1797//1797 1799//1799 1825//1825 1812//1812
f 1801//1801 1825//1825 1799//1799 1777//1777
f 1587//1587 1826//1826 1827//1827 1585//1585
f 1626//1626 1827//1827 1826//1826 1627//1627
f 1597//1597 1594//1594 1827//1827 1626//1626
f 1585//1585 1827//1827 1594//1594 1588//1588
f 1629//1629 1628//1628 1828//1828 1709//1709
f 1829//1829 1828//1828 1628//1628 1627//1627
f 1830//1830 1828//1828 1829//1829 1831//1831
f 1706//1706 1709//1709 1828//1828 1830//1830
f 1831//1831 1832//1832 1833//1833 1830//1830
f 1834//1834 1833//1833 1832//1832 1835//1835
f 1701//1701 1707//1707 1833//1833 1834//1834
f 1830//1830 1833//1833 1707//1707 1706//1706
f 1835//1835 1836//1836 1837//1837 1834//1834
f 1838//1838 1837//1837 1836//1836 1839//1839
f 1695//1695 1697//1697 1837//1837 1838//1838
f 1834//1834 1837//1837 1697//1697 1701//1701
f 1840//1840 1841//1841 1838//1838 1839//1839
f 1842//1842 1841//1841 1840//1840 1843//1843
f 1841//1841 1842//1842 1687//1687
f 1838//1838 1841//1841 1691//1691 1695//1695
f 1844//1844 1845//1845 1846//1846 1847//1847
f 1840//1840 1845//1845 1844//1844 1843//1843
f 1848//1848 1845//1845 1840//1840 1839//1839
f 1846//1846 1845//1845 1848//1848 1849//1849
f 1842//1842 1850//1850 1688//1688 1687//1687
f 1851//1851 1850//1850 1842//1842 1843//1843
f 1852//1852 1850//1850 1851//1851 1853//1853
f 1850//1850 1852//1852 1682//1682
f 1853//1853 1854//1854 1855//1855 1852//1852
f 1856//1856 1855//1855 1854//1854 1857//1857
f 1672//1672 1683//1683 1855//1855 1856//1856
f 1852//1852 1855//1855 1683//1683 1682//1682
f 1857//1857 1858//1858 1859//1859 1856//1856
f 1860//1860 1859//1859 1858//1858 1861//1861
f 1670//1670 1673//1673 1859//1859 1860//1860
f 1856//1856 1859//1859 1673//1673 1672//1672
f 1641//1641 1665//1665 1862//1862 1638//1638
f 1863//1863 1862//1862 1665//1665 1664//1664
f 1864//1864 1865//1865 1862//1862 1863//1863
f 1638//1638 1862//1862 1865//1865 1616//1616
f 1621//1621 1618//1618 1866//1866 1867//1867
f 1617//1617 1866//1866 1618//1618 1610//1610
f 1616//1616 1865//1865 1866//1866 1617//1617
f 1867//1867 1866//1866 1865//1865 1864//1864
f 1861//1861 1868//1868 1869//1869 1860//1860
f 1863//1863 1869//1869 1868//1868 1864//1864
f 1664//1664 1671//1671 1869//1869 1863//1863
f 1860//1860 1869//1869 1671//1671 1670//1670
f 400//400 403//403 1870//1870 1871//1871
f 1620//1620 1870//1870 403//403 408//408
f 1621//1621 1872//1872 1870//1870 1620//1620
f 1871//1871 1870//1870 1872//1872 1873//1873
f 1864//1864 1874//1874 1875//1875 1867//1867
f 1876//1876 1875//1875 1874//1874 1877//1877
f 1873//1873 1872//1872 1875//1875 1876//1876
f 1867//1867 1875//1875 1872//1872 1621//1621
f 1873//1873 1878//1878 1879//1879 1871//1871
f 1880//1880 1879//1879 1878//1878 1881//1881
f 1317//1317 1316//1316 1879//1879 1880//1880
f 1871//1871 1879//1879 1316//1316 400//400
f 1877//1877 1882//1882 1883//1883 1876//1876
f 1884//1884 1883//1883 1882//1882 1885//1885
f 1881//1881 1878//1878 1883//1883 1884//1884
f 1876//1876 1883//1883 1878//1878 1873//1873
f 1861//1861 1886//1886 1887//1887 1868//1868
f 1882//1882 1887//1887 1886//1886 1885//1885
f 1877//1877 1874//1874 1887//1887 1882//1882
f 1868//1868 1887//1887 1874//1874 1864//1864
f 1888//1888 1886//1886 1861//1861 1858//1858
f 1889//1889 1888//1888 1858//1858 1857//1857
f 1888//1888 1889//1889 1890//1890
f 1886//1886 1888//1888 1891//1891 1885//1885
f 1892//1892 1893//1893 1894//1894
f 1895//1895 1890//1890 1889//1889
f 1857//1857 1854//1854 1892//1892 1889//1889
f 1854//1854 1853//1853 1893//1893
f 1896//1896 1897//1897 1851//1851 1843//1843
f 1898//1898 1897//1897 1896//1896 1899//1899
f 1893//1893 1897//1897 1898//1898 1894//1894
f 1897//1897 1893//1893 1853//1853
f 1896//1896 1900//1900 1901//1901 1899//1899
f 1843//1843 1844//1844 1900//1900 1896//1896
f 1847//1847 1901//1901 1900//1900 1844//1844
f 1894//1894 1898//1898 1902//1902 1903//1903
f 1904//1904 1902//1902 1898//1898 1899//1899
f 1905//1905 1906//1906 1902//1902 1904//1904
f 1903//1903 1902//1902 1906//1906 1907//1907
f 1907//1907 1908//1908 1909//1909 1903//1903
f 1910//1910 1909//1909 1908//1908 1911//1911
f 1890//1890 1895//1895 1909//1909 1910//1910
f 1903//1903 1909//1909 1895//1895 1894//1894
f 1907//1907 1906//1906 1912//1912 1908//1908
f 1913//1913 1912//1912 1906//1906 1905//1905
f 1912//1912 1913//1913 1914//1914 1915//1915
f 1908//1908 1912//1912 1915//1915 1911//1911
f 1891//1891 1890//1890 1910//1910
f 1911//1911 1916//1916 1917//1917 1910//1910
f 1916//1916 1918//1918 1919//1919
f 1919//1919 1885//1885 1891//1891
f 1914//1914 1920//1920 1921//1921 1915//1915
f 1922//1922 1921//1921 1920//1920 1923//1923
f 1924//1924 1925//1925 1921//1921 1922//1922
f 1915//1915 1921//1921 1925//1925 1911//1911
f 1922//1922 1926//1926 1927//1927 1924//1924
f 1923//1923 1928//1928 1926//1926 1922//1922
f 1929//1929 1926//1926 1928//1928
f 1929//1929 1930//1930 1927//1927
f 1924//1924 1927//1927 1931//1931 1932//1932
f 1933//1933 1931//1931 1927//1927 1930//1930
f 1934//1934 1935//1935 1931//1931 1933//1933
f 1932//1932 1931//1931 1935//1935 1936//1936
f 1924//1924 1932//1932 1937//1937 1925//1925
f 1932//1932 1936//1936 1938//1938
f 1937//1937 1938//1938 1918//1918
f 1925//1925 1937//1937 1916//1916 1911//1911
f 1935//1935 1939//1939 1940//1940 1936//1936
f 1941//1941 1939//1939 1935//1935
f 1942//1942 1939//1939 1941//1941
f 1943//1943 1940//1940 1939//1939 1942//1942
f 1944//1944 1945//1945 1940//1940 1943//1943
f 1946//1946 1945//1945 1944//1944 1947//1947
f 1948//1948 1949//1949 1945//1945 1946//1946
f 1940//1940 1945//1945 1949//1949 1936//1936
f 1950//1950 1951//1951 1952//1952 1953//1953
f 1954//1954 1952//1952 1951//1951 1955//1955
f 1952//1952 1954//1954 1346//1346
f 1952//1952 1345//1345 1332//1332 1953//1953
f 1956//1956 1957//1957 1958//1958 1959//1959
f 1960//1960 1958//1958 1957//1957 1961//1961
f 1962//1962 1963//1963 1958//1958 1960//1960
f 1958//1958 1963//1963 1955//1955
f 1950//1950 1964//1964 1965//1965 1951//1951
f 1966//1966 1965//1965 1964//1964 1967//1967
f 1956//1956 1959//1959 1965//1965 1966//1966
f 1951//1951 1965//1965 1959//1959 1955//1955
f 1950//1950 1953//1953 1968//1968 1964//1964
f 1953//1953 1332//1332 1335//1335
f 1969//1969 1968//1968 1335//1335 1323//1323
f 1967//1967 1964//1964 1968//1968 1969//1969
f 1956//1956 1966//1966 1970//1970 1957//1957
f 1971//1971 1970//1970 1966//1966 1967//1967
f 1972//1972 1973//1973 1970//1970 1971//1971
f 1961//1961 1957//1957 1970//1970 1973//1973
f 1974//1974 1975//1975 1976//1976 1977//1977
f 1969//1969 1976//1976 1975//1975 1967//1967
f 1323//1323 1320//1320 1976//1976 1969//1969
f 1977//1977 1976//1976 1320//1320 1319//1319
f 1978//1978 1979//1979 1980//1980 1981//1981
f 1982//1982 1979//1979 1978//1978 1983//1983
f 1960//1960 1979//1979 1982//1982 1962//1962
f 1961//1961 1980//1980 1979//1979 1960//1960
f 1984//1984 1985//1985 1986//1986 1987//1987
f 1971//1971 1986//1986 1985//1985 1972//1972
f 1967//1967 1975//1975 1986//1986 1971//1971
f 1987//1987 1986//1986 1975//1975 1974//1974
f 1972//1972 1985//1985 1988//1988 1973//1973
f 1989//1989 1988//1988 1985//1985 1984//1984
f 1981//1981 1980//1980 1988//1988 1989//1989
f 1973//1973 1988//1988 1980//1980 1961//1961
f 1990//1990 1991//1991 1992//1992 1993//1993
f 1994//1994 1992//1992 1991//1991 1995//1995
f 1983//1983 1978//1978 1992//1992 1994//1994
f 1993//1993 1992//1992 1978//1978 1981//1981
f 1996//1996 1997//1997 1998//1998 1999//1999
f 1977//1977 1998//1998 1997//1997 1974//1974
f 1319//1319 1314//1314 1998//1998 1977//1977
f 1314//1314 1317//1317 1999//1999
f 1995//1995 1991//1991 2000//2000 2001//2001
f 2002//2002 2000//2000 1991//1991 1990//1990
f 2000//2000 2002//2002 1948//1948 1946//1946
f 2001//2001 2000//2000 1946//1946 1947//1947
f 2003//2003 1919//1919 1918//1918
f 2004//2004 2003//2003 2005//2005 2006//2006
f 1884//1884 2003//2003 2004//2004 1881//1881
f 1885//1885 1919//1919 2003//2003 1884//1884
f 2007//2007 2008//2008 2009//2009 2010//2010
f 1987//1987 2009//2009 2008//2008 1984//1984
f 1974//1974 1997//1997 2009//2009 1987//1987
f 2010//2010 2009//2009 1997//1997 1996//1996
f 1999//1999 1317//1317 1880//1880
f 1881//1881 2004//2004 2011//2011 1880//1880
f 2011//2011 2004//2004 2006//2006
f 2012//2012 1996//1996 1999//1999
f 2013//2013 2014//2014 2012//2012 2006//2006
f 2007//2007 2010//2010 2014//2014 2013//2013
f 1996//1996 2012//2012 2014//2014 2010//2010
f 2015//2015 1938//1938 1936//1936
f 2016//2016 2015//2015 1949//1949 1948//1948
f 2006//2006 2005//2005 2015//2015 2016//2016
f 2005//2005 1918//1918 1938//1938
f 2013//2013 2017//2017 2018//2018 2007//2007
f 2017//2017 2013//2013 2006//2006 2016//2016
f 1948//1948 2002//2002 2017//2017 2016//2016
f 2018//2018 2017//2017 2002//2002 1990//1990
f 1984//1984 2008//2008 2019//2019 1989//1989
f 2018//2018 2019//2019 2008//2008 2007//2007
f 1990//1990 1993//1993 2019//2019 2018//2018
f 1989//1989 2019//2019 1993//1993 1981//1981
f 641//641 2020//2020 2021//2021 640//640
f 2022//2022 2021//2021 2020//2020 2023//2023
f 2021//2021 2022//2022 1587//1587
f 640//640 2021//2021 1586//1586 501//501
f 645//645 2024//2024 2025//2025 642//642
f 2026//2026 2025//2025 2024//2024 2027//2027
f 2023//2023 2020//2020 2025//2025 2026//2026
f 642//642 2025//2025 2020//2020 641//641
f 1826//1826 1587//1587 2028//2028
f 2029//2029 2030//2030 2028//2028 2031//2031
f 1831//1831 1829//1829 2030//2030 2029//2029
f 1627//1627 1826//1826 2030//2030 1829//1829
f 2031//2031 2032//2032 2033//2033 2029//2029
f 2034//2034 2033//2033 2032//2032 2035//2035
f 1835//1835 1832//1832 2033//2033 2034//2034
f 2029//2029 2033//2033 1832//1832 1831//1831
f 2035//2035 2036//2036 2037//2037 2034//2034
f 2038//2038 2037//2037 2036//2036 2039//2039
f 1839//1839 1836//1836 2037//2037 2038//2038
f 2034//2034 2037//2037 1836//1836 1835//1835
f 2040//2040 2041//2041 2038//2038 2039//2039
f 1849//1849 1848//1848 2041//2041 2040//2040
f 2038//2038 2041//2041 1848//1848 1839//1839
f 2023//2023 2042//2042 2043//2043 2022//2022
f 2042//2042 2044//2044 2045//2045
f 2043//2043 2045//2045 2031//2031
f 2022//2022 2043//2043 2028//2028 1587//1587
f 2046//2046 2047//2047 2026//2026 2027//2027
f 2048//2048 2047//2047 2046//2046 2049//2049
f 2047//2047 2048//2048 2044//2044
f 2026//2026 2047//2047 2042//2042 2023//2023
f 2050//2050 2045//2045 2044//2044
f 2051//2051 2052//2052 2050//2050 2053//2053
f 2035//2035 2032//2032 2050//2050 2052//2052
f 2045//2045 2050//2050 2032//2032 2031//2031
f 2054//2054 2055//2055 2056//2056 2057//2057
f 2036//2036 2056//2056 2055//2055 2039//2039
f 2056//2056 2036//2036 2035//2035
f 2057//2057 2056//2056 2052//2052 2051//2051
f 2027//2027 2024//2024 2058//2058 2046//2046
f 2059//2059 2058//2058 2024//2024 645//645
f 2060//2060 2061//2061 2058//2058 2059//2059
f 2046//2046 2058//2058 2061//2061 2049//2049
f 645//645 647//647 2062//2062 2059//2059
f 2063//2063 2062//2062 647//647 646//646
f 2064//2064 2065//2065 2062//2062 2063//2063
f 2059//2059 2062//2062 2065//2065 2060//2060
f 650//650 2066//2066 2067//2067 651//651
f 2068//2068 2067//2067 2066//2066 2069//2069
f 2064//2064 2063//2063 2067//2067 2068//2068
f 2067//2067 2063//2063 646//646
f 664//664 2070//2070 2071//2071 665//665
f 2072//2072 2071//2071 2070//2070 2073//2073
f 2074//2074 2075//2075 2071//2071 2072//2072
f 665//665 2071//2071 2075//2075 659//659
f 668//668 2076//2076 2077//2077 669//669
f 2077//2077 2076//2076 2078//2078 2079//2079
f 2073//2073 2070//2070 2077//2077 2079//2079
f 669//669 2077//2077 2070//2070 664//664
f 2080//2080 2081//2081 2082//2082 2083//2083
f 2084//2084 2085//2085 2080//2080 2083//2083
f 2079//2079 2080//2080 2085//2085 2073//2073
f 2079//2079 2078//2078 2081//2081
f 668//668 673//673 2086//2086 2076//2076
f 2087//2087 2086//2086 673//673 672//672
f 2088//2088 2089//2089 2086//2086 2087//2087
f 2089//2089 2078//2078 2076//2076
f 2090//2090 2091//2091 2089//2089 2088//2088
f 2092//2092 2093//2093 2091//2091 2090//2090
f 2091//2091 2093//2093 2082//2082 2081//2081
f 2078//2078 2089//2089 2091//2091 2081//2081
f 672//672 677//677 2094//2094 2087//2087
f 2095//2095 2094//2094 677//677 676//676
f 2096//2096 2097//2097 2094//2094 2095//2095
f 2087//2087 2094//2094 2097//2097 2088//2088
f 2088//2088 2097//2097 2098//2098 2090//2090
f 2099//2099 2098//2098 2097//2097 2096//2096
f 2100//2100 2101//2101 2098//2098 2099//2099
f 2090//2090 2098//2098 2101//2101 2092//2092
f 2102//2102 2095//2095 676//676
f 681//681 680//680 2103//2103
f 2104//2104 2105//2105 2102//2102 2103//2103
f 2095//2095 2102//2102 2105//2105 2096//2096
f 657//657 2106//2106 2107//2107 656//656
f 2108//2108 2107//2107 2106//2106 2109//2109
f 2069//2069 2066//2066 2107//2107 2108//2108
f 656//656 2107//2107 2066//2066 650//650
f 659//659 2075//2075 2110//2110 660//660
f 2111//2111 2110//2110 2075//2075 2074//2074
f 2109//2109 2106//2106 2110//2110 2111//2111
f 660//660 2110//2110 2106//2106 657//657
f 2073//2073 2085//2085 2112//2112 2072//2072
f 2113//2113 2112//2112 2085//2085 2084//2084
f 2114//2114 2115//2115 2112//2112 2113//2113
f 2072//2072 2112//2112 2115//2115 2074//2074
f 2116//2116 2117//2117 2118//2118 2119//2119
f 2068//2068 2118//2118 2117//2117 2064//2064
f 2069//2069 2120//2120 2118//2118 2068//2068
f 2119//2119 2118//2118 2120//2120 2121//2121
f 2109//2109 2122//2122 2123//2123 2108//2108
f 2124//2124 2123//2123 2122//2122 2125//2125
f 2121//2121 2120//2120 2123//2123 2124//2124
f 2108//2108 2123//2123 2120//2120 2069//2069
f 2074//2074 2115//2115 2126//2126 2111//2111
f 2127//2127 2126//2126 2115//2115 2114//2114
f 2125//2125 2122//2122 2126//2126 2127//2127
f 2111//2111 2126//2126 2122//2122 2109//2109
f 2060//2060 2128//2128 2129//2129 2061//2061
f 2130//2130 2129//2129 2128//2128 2131//2131
f 2132//2132 2133//2133 2129//2129 2130//2130
f 2061//2061 2129//2129 2133//2133 2049//2049
f 2049//2049 2133//2133 2134//2134 2048//2048
f 2135//2135 2134//2134 2133//2133 2132//2132
f 2053//2053 2134//2134 2135//2135 2051//2051
f 2048//2048 2134//2134 2053//2053 2044//2044
f 2051//2051 2135//2135 2136//2136 2057//2057
f 2137//2137 2136//2136 2135//2135 2132//2132
f 2138//2138 2139//2139 2136//2136 2137//2137
f 2057//2057 2136//2136 2139//2139 2054//2054
f 2132//2132 2130//2130 2140//2140 2137//2137
f 2141//2141 2140//2140 2130//2130 2131//2131
f 2138//2138 2137//2137 2140//2140 2141//2141
f 2065//2065 2142//2142 2128//2128 2060//2060
f 2117//2117 2142//2142 2065//2065 2064//2064
f 2142//2142 2117//2117 2116//2116 2143//2143
f 2128//2128 2142//2142 2143//2143 2131//2131
f 2144//2144 2145//2145 2146//2146 2147//2147
f 2148//2148 2146//2146 2145//2145 2149//2149
f 896//896 893//893 2146//2146 2148//2148
f 2147//2147 2146//2146 893//893 883//883
f 2148//2148 2150//2150 907//907 896//896
f 2150//2150 2148//2148 2149//2149 2151//2151
f 2152//2152 2153//2153 2150//2150 2151//2151
f 907//907 2150//2150 2153//2153 910//910
f 910//910 2153//2153 2154//2154 919//919
f 2155//2155 2154//2154 2153//2153 2152//2152
f 2156//2156 2157//2157 2154//2154 2155//2155
f 919//919 2154//2154 2157//2157 922//922
f 922//922 2157//2157 2158//2158 941//941
f 2159//2159 2158//2158 2157//2157 2156//2156
f 2160//2160 2158//2158 2159//2159 2161//2161
f 917//917 941//941 2158//2158 2160//2160
f 2162//2162 2163//2163 2164//2164 2165//2165
f 2147//2147 2164//2164 2163//2163 2144//2144
f 883//883 882//882 2164//2164 2147//2147
f 2165//2165 2164//2164 882//882 881//881
f 2163//2163 2162//2162 2166//2166
f 2167//2167 2168//2168 2166//2166 2169//2169
f 2170//2170 2168//2168 2167//2167 2171//2171
f 2168//2168 2170//2170 2144//2144
f 2171//2171 2172//2172 2173//2173 2170//2170
f 2174//2174 2173//2173 2172//2172 2175//2175
f 2149//2149 2145//2145 2173//2173 2174//2174
f 2170//2170 2173//2173 2145//2145 2144//2144
f 2176//2176 2177//2177 2178//2178 2179//2179
f 2151//2151 2178//2178 2177//2177 2152//2152
f 2174//2174 2178//2178 2151//2151 2149//2149
f 2178//2178 2174//2174 2175//2175 2179//2179
f 2180//2180 2181//2181 2182//2182 2183//2183
f 2155//2155 2182//2182 2181//2181 2156//2156
f 2152//2152 2177//2177 2182//2182 2155//2155
f 2183//2183 2182//2182 2177//2177 2176//2176
f 2184//2184 2185//2185 2186//2186 2187//2187
f 2161//2161 2159//2159 2185//2185 2184//2184
f 2156//2156 2181//2181 2185//2185 2159//2159
f 2186//2186 2185//2185 2181//2181 2180//2180
f 2169//2169 2188//2188 2189//2189 2167//2167
f 2190//2190 2189//2189 2188//2188 2191//2191
f 2175//2175 2172//2172 2189//2189 2190//2190
f 2167//2167 2189//2189 2172//2172 2171//2171
f 2192//2192 2193//2193 2194//2194 2195//2195
f 2179//2179 2194//2194 2193//2193 2176//2176
f 2175//2175 2190//2190 2194//2194 2179//2179
f 2195//2195 2194//2194 2190//2190 2191//2191
f 2196//2196 2197//2197 2198//2198 2199//2199
f 2198//2198 2197//2197 2192//2192 2195//2195
f 2199//2199 2198//2198 2195//2195 2191//2191
f 2200//2200 2201//2201 2202//2202 2203//2203
f 2183//2183 2202//2202 2201//2201 2180//2180
f 2176//2176 2193//2193 2202//2202 2183//2183
f 2203//2203 2202//2202 2193//2193 2192//2192
f 2204//2204 2205//2205 2206//2206 2207//2207
f 2203//2203 2206//2206 2205//2205 2200//2200
f 2192//2192 2197//2197 2206//2206 2203//2203
f 2207//2207 2206//2206 2197//2197 2196//2196
f 2208//2208 2209//2209 2201//2201 2200//2200
f 2210//2210 2209//2209 2208//2208 2211//2211
f 2187//2187 2186//2186 2209//2209 2210//2210
f 2180//2180 2201//2201 2209//2209 2186//2186
f 2212//2212 2213//2213 2214//2214 2215//2215
f 2211//2211 2208//2208 2213//2213 2212//2212
f 2200//2200 2205//2205 2213//2213 2208//2208
f 2214//2214 2213//2213 2205//2205 2204//2204
f 2215//2215 2216//2216 2217//2217 2212//2212
f 2218//2218 2217//2217 2216//2216 2219//2219
f 2220//2220 2221//2221 2217//2217 2218//2218
f 2212//2212 2217//2217 2221//2221 2211//2211
f 2210//2210 2222//2222 2223//2223 2187//2187
f 2211//2211 2221//2221 2222//2222 2210//2210
f 2220//2220 2224//2224 2222//2222 2221//2221
f 2223//2223 2222//2222 2224//2224 2225//2225
f 2219//2219 2226//2226 2227//2227 2218//2218
f 2228//2228 2227//2227 2226//2226 2229//2229
f 2225//2225 2224//2224 2227//2227 2228//2228
f 2218//2218 2227//2227 2224//2224 2220//2220
f 2225//2225 2230//2230 2231//2231 2223//2223
f 2232//2232 2231//2231 2230//2230 2233//2233
f 2184//2184 2231//2231 2232//2232 2161//2161
f 2223//2223 2231//2231 2184//2184 2187//2187
f 2161//2161 2232//2232 2234//2234 2160//2160
f 2235//2235 2234//2234 2232//2232 2233//2233
f 805//805 918//918 2234//2234 2235//2235
f 2160//2160 2234//2234 918//918 917//917
f 2229//2229 2236//2236 2237//2237 2228//2228
f 2238//2238 2237//2237 2236//2236 2239//2239
f 2233//2233 2230//2230 2237//2237 2238//2238
f 2228//2228 2237//2237 2230//2230 2225//2225
f 805//805 2235//2235 2240//2240 800//800
f 2241//2241 2240//2240 2235//2235 2233//2233
f 2242//2242 2243//2243 2240//2240 2241//2241
f 800//800 2240//2240 2243//2243 690//690
f 2244//2244 2245//2245 2246//2246 2247//2247
f 2241//2241 2246//2246 2245//2245 2242//2242
f 2238//2238 2246//2246 2241//2241 2233//2233
f 2246//2246 2238//2238 2239//2239 2247//2247
f 690//690 2243//2243 2248//2248 684//684
f 2249//2249 2248//2248 2243//2243 2242//2242
f 2250//2250 2251//2251 2248//2248 2249//2249
f 684//684 2248//2248 2251//2251 685//685
f 685//685 2251//2251 2252//2252 692//692
f 2253//2253 2252//2252 2251//2251 2250//2250
f 2104//2104 2103//2103 2252//2252 2253//2253
f 692//692 2252//2252 2103//2103 680//680
f 2242//2242 2245//2245 2254//2254 2249//2249
f 2255//2255 2254//2254 2245//2245 2244//2244
f 2256//2256 2257//2257 2254//2254 2255//2255
f 2249//2249 2254//2254 2257//2257 2250//2250
f 2096//2096 2105//2105 2258//2258 2099//2099
f 2259//2259 2258//2258 2105//2105 2104//2104
f 2258//2258 2259//2259 2260//2260 2261//2261
f 2099//2099 2258//2258 2261//2261 2100//2100
f 2250//2250 2257//2257 2262//2262 2253//2253
f 2263//2263 2262//2262 2257//2257 2256//2256
f 2260//2260 2259//2259 2262//2262 2263//2263
f 2253//2253 2262//2262 2259//2259 2104//2104
f 711//711 2264//2264 2265//2265 710//710
f 2264//2264 1439//1439 1438//1438
f 765//765 763//763 2265//2265 1438//1438
f 710//710 2265//2265 763//763 704//704
f 735//735 2266//2266 2267//2267 733//733
f 2268//2268 2267//2267 2266//2266 2269//2269
f 2267//2267 2268//2268 711//711
f 709//709 708//708 733//733
f 1567//1567 2270//2270 2271//2271 1565//1565
f 2272//2272 2271//2271 2270//2270 2273//2273
f 2269//2269 2266//2266 2271//2271 2272//2272
f 1565//1565 2271//2271 2266//2266 735//735
f 1579//1579 2274//2274 2275//2275 1578//1578
f 2276//2276 2275//2275 2274//2274 2277//2277
f 2273//2273 2270//2270 2275//2275 2276//2276
f 1578//1578 2275//2275 2270//2270 1567//1567
f 1583//1583 2278//2278 2279//2279 1581//1581
f 2280//2280 2279//2279 2278//2278 2281//2281
f 2277//2277 2274//2274 2279//2279 2280//2280
f 1581//1581 2279//2279 2274//2274 1579//1579
f 2282//2282 2283//2283 2284//2284
f 2285//2285 1442//1442 1445//1445
f 2282//2282 1445//1445 1426//1426
f 1440//1440 1439//1439 2283//2283
f 1442//1442 2285//2285 2286//2286 1449//1449
f 2287//2287 2286//2286 2285//2285 2284//2284
f 2288//2288 2289//2289 2286//2286 2287//2287
f 1449//1449 2286//2286 2289//2289 1446//1446
f 2290//2290 2268//2268 2269//2269
f 2291//2291 2292//2292 2293//2293
f 2290//2290 2293//2293 1439//1439
f 2264//2264 711//711 2268//2268
f 2272//2272 2294//2294 2291//2291 2269//2269
f 2273//2273 2295//2295 2294//2294 2272//2272
f 2296//2296 2297//2297 2294//2294 2295//2295
f 2291//2291 2294//2294 2297//2297 2292//2292
f 2276//2276 2298//2298 2295//2295 2273//2273
f 2277//2277 2299//2299 2298//2298 2276//2276
f 2300//2300 2298//2298 2299//2299 2301//2301
f 2295//2295 2298//2298 2300//2300 2296//2296
f 2281//2281 2302//2302 2303//2303 2280//2280
f 2304//2304 2305//2305 2303//2303 2302//2302
f 2301//2301 2299//2299 2303//2303 2305//2305
f 2280//2280 2303//2303 2299//2299 2277//2277
f 2306//2306 2307//2307 2308//2308 2309//2309
f 2310//2310 2308//2308 2307//2307 2311//2311
f 2304//2304 2312//2312 2308//2308 2310//2310
f 2309//2309 2308//2308 2312//2312 2313//2313
f 2311//2311 2314//2314 2315//2315 2310//2310
f 2316//2316 2315//2315 2314//2314 2317//2317
f 2301//2301 2305//2305 2315//2315 2316//2316
f 2310//2310 2315//2315 2305//2305 2304//2304
f 2296//2296 2300//2300 2318//2318 2319//2319
f 2316//2316 2318//2318 2300//2300 2301//2301
f 2317//2317 2320//2320 2318//2318 2316//2316
f 2319//2319 2318//2318 2320//2320 2321//2321
f 1453//1453 2322//2322 2323//2323 1452//1452
f 2324//2324 2323//2323 2322//2322 2325//2325
f 797//797 1433//1433 2323//2323 2324//2324
f 1452//1452 2323//2323 1433//1433 1432//1432
f 2288//2288 2326//2326 2327//2327 2289//2289
f 2322//2322 2327//2327 2326//2326 2325//2325
f 1453//1453 1451//1451 2327//2327 2322//2322
f 2289//2289 2327//2327 1451//1451 1446//1446
f 2325//2325 2328//2328 2329//2329
f 2329//2329 2328//2328 1457//1457
f 2329//2329 1454//1454 799//799 798//798
f 2324//2324 2329//2329 798//798 797//797
f 2330//2330 2287//2287 2284//2284
f 2331//2331 2332//2332 2333//2333
f 2330//2330 2333//2333 2325//2325
f 2326//2326 2288//2288 2287//2287
f 2334//2334 2293//2293 2292//2292
f 2335//2335 2332//2332 2331//2331
f 2334//2334 2331//2331 2284//2284
f 2283//2283 1439//1439 2293//2293
f 2321//2321 2336//2336 2337//2337 2319//2319
f 2335//2335 2337//2337 2336//2336 2332//2332
f 2292//2292 2297//2297 2337//2337 2335//2335
f 2319//2319 2337//2337 2297//2297 2296//2296
f 2332//2332 2338//2338 2339//2339 2333//2333
f 2340//2340 2339//2339 2338//2338 2341//2341
f 2339//2339 2340//2340 1457//1457
f 2328//2328 2325//2325 2333//2333
f 2342//2342 2343//2343 2344//2344 2345//2345
f 1491//1491 2343//2343 2342//2342 1492//1492
f 2343//2343 1491//1491 1462//1462
f 1461//1461 1458//1458 2344//2344
f 2346//2346 1456//1456 1457//1457
f 2347//2347 2346//2346 2340//2340 2341//2341
f 2346//2346 2347//2347 2345//2345
f 2344//2344 1458//1458 1456//1456
f 2348//2348 2342//2342 2345//2345
f 2349//2349 2348//2348 2350//2350 2351//2351
f 1501//1501 1498//1498 2348//2348 2349//2349
f 2342//2342 2348//2348 1498//1498 1492//1492
f 2351//2351 2352//2352 2353//2353 2349//2349
f 2354//2354 2353//2353 2352//2352 2355//2355
f 2353//2353 2354//2354 1497//1497 1503//1503
f 2349//2349 2353//2353 1503//1503 1501//1501
f 1497//1497 2354//2354 2356//2356 1496//1496
f 2357//2357 2356//2356 2354//2354 2355//2355
f 1423//1423 1475//1475 2356//2356 2357//2357
f 1496//1496 2356//2356 1475//1475 1474//1474
f 2357//2357 2358//2358 1422//1422 1423//1423
f 2355//2355 2359//2359 2358//2358 2357//2357
f 2360//2360 2358//2358 2359//2359 2361//2361
f 1422//1422 2358//2358 2360//2360 1418//1418
f 1418//1418 2360//2360 2362//2362 1419//1419
f 2362//2362 2360//2360 2361//2361 2363//2363
f 2364//2364 2365//2365 2362//2362 2363//2363
f 1419//1419 2362//2362 2365//2365 1415//1415
f 1415//1415 2365//2365 2366//2366 1414//1414
f 2367//2367 2366//2366 2365//2365 2364//2364
f 2368//2368 2369//2369 2366//2366 2367//2367
f 2369//2369 1411//1411 1414//1414
f 2370//2370 2371//2371 2369//2369 2368//2368
f 2372//2372 2371//2371 2370//2370 2373//2373
f 1406//1406 1410//1410 2371//2371 2372//2372
f 1411//1411 2369//2369 2371//2371 1410//1410
f 2373//2373 2374//2374 2375//2375 2372//2372
f 2376//2376 2375//2375 2374//2374 2377//2377
f 1402//1402 1407//1407 2375//2375 2376//2376
f 2372//2372 2375//2375 1407//1407 1406//1406
f 2377//2377 2378//2378 2379//2379 2376//2376
f 2378//2378 2380//2380 2381//2381
f 2379//2379 2381//2381 1397//1397
f 2376//2376 2379//2379 1403//1403 1402//1402
f 2382//2382 2383//2383 2384//2384 2385//2385
f 2341//2341 2338//2338 2384//2384 2383//2383
f 2338//2338 2332//2332 2385//2385
f 2386//2386 2387//2387 2388//2388 2389//2389
f 2385//2385 2388//2388 2387//2387 2382//2382
f 2332//2332 2336//2336 2388//2388 2385//2385
f 2389//2389 2388//2388 2336//2336 2321//2321
f 2390//2390 2391//2391 2392//2392 2393//2393
f 2389//2389 2392//2392 2391//2391 2386//2386
f 2321//2321 2320//2320 2392//2392 2389//2389
f 2393//2393 2392//2392 2320//2320 2317//2317
f 2394//2394 2395//2395 2396//2396 2397//2397
f 2393//2393 2396//2396 2395//2395 2390//2390
f 2317//2317 2314//2314 2396//2396 2393//2393
f 2397//2397 2396//2396 2314//2314 2311//2311
f 2398//2398 2399//2399 2307//2307 2306//2306
f 2400//2400 2401//2401 2399//2399 2398//2398
f 2397//2397 2399//2399 2401//2401 2394//2394
f 2311//2311 2307//2307 2399//2399 2397//2397
f 2341//2341 2383//2383 2402//2402 2347//2347
f 2383//2383 2382//2382 2403//2403
f 2403//2403 2404//2404 2405//2405
f 2405//2405 2345//2345 2347//2347
f 2406//2406 2405//2405 2404//2404
f 2407//2407 2406//2406 2408//2408 2409//2409
f 2351//2351 2350//2350 2406//2406 2407//2407
f 2350//2350 2345//2345 2405//2405
f 2409//2409 2410//2410 2411//2411 2407//2407
f 2412//2412 2411//2411 2410//2410 2413//2413
f 2355//2355 2352//2352 2411//2411 2412//2412
f 2407//2407 2411//2411 2352//2352 2351//2351
f 2413//2413 2414//2414 2415//2415 2412//2412
f 2416//2416 2415//2415 2414//2414 2417//2417
f 2361//2361 2359//2359 2415//2415 2416//2416
f 2412//2412 2415//2415 2359//2359 2355//2355
f 2417//2417 2418//2418 2419//2419 2416//2416
f 2420//2420 2419//2419 2418//2418 2421//2421
f 2363//2363 2419//2419 2420//2420 2364//2364
f 2416//2416 2419//2419 2363//2363 2361//2361
f 2422//2422 2423//2423 2424//2424 2425//2425
f 2367//2367 2424//2424 2423//2423 2368//2368
f 2364//2364 2420//2420 2424//2424 2367//2367
f 2425//2425 2424//2424 2420//2420 2421//2421
f 2426//2426 2427//2427 2428//2428 2429//2429
f 2370//2370 2428//2428 2427//2427 2373//2373
f 2368//2368 2423//2423 2428//2428 2370//2370
f 2429//2429 2428//2428 2423//2423 2422//2422
f 2430//2430 2431//2431 2432//2432 2433//2433
f 2374//2374 2432//2432 2431//2431 2377//2377
f 2373//2373 2427//2427 2432//2432 2374//2374
f 2433//2433 2432//2432 2427//2427 2426//2426
f 2434//2434 2435//2435 2436//2436 2437//2437
f 2378//2378 2436//2436 2435//2435 2380//2380
f 2377//2377 2431//2431 2436//2436 2378//2378
f 2437//2437 2436//2436 2431//2431 2430//2430
f 2438//2438 2439//2439 2440//2440 2441//2441
f 2442//2442 2439//2439 2438//2438 2443//2443
f 2434//2434 2437//2437 2439//2439 2442//2442
f 2430//2430 2440//2440 2439//2439 2437//2437
f 2444//2444 2445//2445 2446//2446 2447//2447
f 2448//2448 2446//2446 2445//2445 2449//2449
f 2429//2429 2446//2446 2448//2448 2426//2426
f 2447//2447 2446//2446 2429//2429 2422//2422
f 2426//2426 2448//2448 2450//2450 2433//2433
f 2451//2451 2450//2450 2448//2448 2449//2449
f 2441//2441 2440//2440 2450//2450 2451//2451
f 2433//2433 2450//2450 2440//2440 2430//2430
f 2452//2452 2453//2453 2454//2454 2455//2455
f 2447//2447 2454//2454 2453//2453 2444//2444
f 2422//2422 2425//2425 2454//2454 2447//2447
f 2455//2455 2454//2454 2425//2425 2421//2421
f 2444//2444 2453//2453 2456//2456 2445//2445
f 2457//2457 2456//2456 2453//2453 2452//2452
f 2458//2458 2459//2459 2456//2456 2457//2457
f 2445//2445 2456//2456 2459//2459 2449//2449
f 2460//2460 2461//2461 2462//2462 2463//2463
f 2455//2455 2462//2462 2461//2461 2452//2452
f 2421//2421 2418//2418 2462//2462 2455//2455
f 2463//2463 2462//2462 2418//2418 2417//2417
f 2452//2452 2461//2461 2464//2464 2457//2457
f 2465//2465 2464//2464 2461//2461 2460//2460
f 2464//2464 2465//2465 2466//2466 2467//2467
f 2457//2457 2464//2464 2467//2467 2458//2458
f 2468//2468 2469//2469 2470//2470 2471//2471
f 2463//2463 2470//2470 2469//2469 2460//2460
f 2417//2417 2414//2414 2470//2470 2463//2463
f 2471//2471 2470//2470 2414//2414 2413//2413
f 2468//2468 2472//2472 2473//2473 2469//2469
f 2474//2474 2473//2473 2472//2472 2475//2475
f 2466//2466 2465//2465 2473//2473 2474//2474
f 2469//2469 2473//2473 2465//2465 2460//2460
f 2413//2413 2410//2410 2476//2476 2471//2471
f 2477//2477 2476//2476 2410//2410 2409//2409
f 2478//2478 2479//2479 2476//2476 2477//2477
f 2471//2471 2476//2476 2479//2479 2468//2468
f 2478//2478 2480//2480 2481//2481 2479//2479
f 2482//2482 2481//2481 2480//2480 2483//2483
f 2475//2475 2472//2472 2481//2481 2482//2482
f 2479//2479 2481//2481 2472//2472 2468//2468
f 2484//2484 2485//2485 2486//2486
f 2487//2487 2478//2478 2477//2477
f 2409//2409 2408//2408 2484//2484 2477//2477
f 2485//2485 2484//2484 2408//2408 2404//2404
f 2487//2487 2486//2486 2488//2488
f 2489//2489 2490//2490 2488//2488 2491//2491
f 2483//2483 2480//2480 2490//2490 2489//2489
f 2480//2480 2478//2478 2487//2487
f 2492//2492 2493//2493 2494//2494 2495//2495
f 2485//2485 2494//2494 2493//2493 2486//2486
f 2404//2404 2403//2403 2494//2494 2485//2485
f 2495//2495 2494//2494 2403//2403 2382//2382
f 2486//2486 2493//2493 2496//2496 2488//2488
f 2497//2497 2496//2496 2493//2493 2492//2492
f 2498//2498 2499//2499 2496//2496 2497//2497
f 2488//2488 2496//2496 2499//2499 2491//2491
f 2382//2382 2387//2387 2500//2500 2495//2495
f 2501//2501 2500//2500 2387//2387 2386//2386
f 2502//2502 2503//2503 2500//2500 2501//2501
f 2495//2495 2500//2500 2503//2503 2492//2492
f 2492//2492 2503//2503 2504//2504 2497//2497
f 2505//2505 2504//2504 2503//2503 2502//2502
f 2506//2506 2507//2507 2504//2504 2505//2505
f 2497//2497 2504//2504 2507//2507 2498//2498
f 2386//2386 2391//2391 2508//2508 2501//2501
f 2509//2509 2508//2508 2391//2391 2390//2390
f 2510//2510 2511//2511 2508//2508 2509//2509
f 2501//2501 2508//2508 2511//2511 2502//2502
f 2502//2502 2511//2511 2512//2512 2505//2505
f 2513//2513 2512//2512 2511//2511 2510//2510
f 2514//2514 2515//2515 2512//2512 2513//2513
f 2505//2505 2512//2512 2515//2515 2506//2506
f 2390//2390 2395//2395 2516//2516 2509//2509
f 2517//2517 2516//2516 2395//2395 2394//2394
f 2518//2518 2519//2519 2516//2516 2517//2517
f 2509//2509 2516//2516 2519//2519 2510//2510
f 2510//2510 2519//2519 2520//2520 2513//2513
f 2521//2521 2520//2520 2519//2519 2518//2518
f 2522//2522 2523//2523 2520//2520 2521//2521
f 2513//2513 2520//2520 2523//2523 2514//2514
f 2394//2394 2401//2401 2524//2524 2517//2517
f 2525//2525 2524//2524 2401//2401 2400//2400
f 2526//2526 2527//2527 2524//2524 2525//2525
f 2517//2517 2524//2524 2527//2527 2518//2518
f 2518//2518 2527//2527 2528//2528 2521//2521
f 2529//2529 2528//2528 2527//2527 2526//2526
f 2530//2530 2531//2531 2528//2528 2529//2529
f 2521//2521 2528//2528 2531//2531 2522//2522
f 2281//2281 2532//2532 2533//2533 2302//2302
f 2534//2534 2533//2533 2532//2532 2535//2535
f 2313//2313 2312//2312 2533//2533 2534//2534
f 2302//2302 2533//2533 2312//2312 2304//2304
f 2535//2535 2536//2536 2537//2537 2534//2534
f 2538//2538 2539//2539 2537//2537 2536//2536
f 2534//2534 2537//2537 2539//2539 2313//2313
f 1148//1148 2540//2540 2541//2541 1147//1147
f 2542//2542 2541//2541 2540//2540 2543//2543
f 2544//2544 2545//2545 2541//2541 2542//2542
f 1147//1147 2541//2541 2545//2545 1149//1149
f 2546//2546 2547//2547 2548//2548 2549//2549
f 2550//2550 2551//2551 2548//2548 2547//2547
f 2552//2552 2548//2548 2551//2551 2553//2553
f 2549//2549 2548//2548 2552//2552 2554//2554
f 2555//2555 2556//2556 2557//2557 2558//2558
f 2559//2559 2560//2560 2556//2556 2555//2555
f 2536//2536 2556//2556 2560//2560 2538//2538
f 2557//2557 2556//2556 2536//2536 2535//2535
f 2561//2561 2562//2562 2563//2563 2564//2564
f 2555//2555 2563//2563 2562//2562 2559//2559
f 2558//2558 2565//2565 2563//2563 2555//2555
f 2564//2564 2563//2563 2565//2565 2566//2566
f 2567//2567 2568//2568 2569//2569 2570//2570
f 2564//2564 2569//2569 2568//2568 2561//2561
f 2566//2566 2571//2571 2569//2569 2564//2564
f 2570//2570 2569//2569 2571//2571 2572//2572
f 2572//2572 2573//2573 2574//2574 2570//2570
f 2575//2575 2574//2574 2573//2573 2576//2576
f 2577//2577 2578//2578 2574//2574 2575//2575
f 2570//2570 2574//2574 2578//2578 2567//2567
f 2576//2576 2579//2579 2580//2580 2575//2575
f 2549//2549 2580//2580 2579//2579 2546//2546
f 2580//2580 2549//2549 2554//2554
f 2575//2575 2580//2580 2581//2581 2577//2577
f 2546//2546 2582//2582 2583//2583
f 2584//2584 2583//2583 2582//2582 2585//2585
f 2586//2586 2587//2587 2583//2583 2584//2584
f 2583//2583 2587//2587 2550//2550 2547//2547
f 2588//2588 2589//2589 2590//2590 2591//2591
f 2592//2592 2590//2590 2589//2589 2593//2593
f 2594//2594 2595//2595 2590//2590 2592//2592
f 2591//2591 2590//2590 2595//2595 2596//2596
f 2543//2543 2597//2597 2598//2598 2542//2542
f 2584//2584 2598//2598 2597//2597 2586//2586
f 2585//2585 2599//2599 2598//2598 2584//2584
f 2542//2542 2598//2598 2599//2599 2544//2544
f 2544//2544 2599//2599 2600//2600 2601//2601
f 2602//2602 2600//2600 2599//2599 2585//2585
f 2603//2603 2604//2604 2600//2600 2602//2602
f 2601//2601 2600//2600 2604//2604 2605//2605
f 2585//2585 2582//2582 2606//2606 2602//2602
f 2582//2582 2546//2546 2579//2579
f 2576//2576 2607//2607 2606//2606 2579//2579
f 2602//2602 2606//2606 2607//2607 2603//2603
f 2605//2605 2604//2604 2608//2608 2609//2609
f 2610//2610 2608//2608 2604//2604 2603//2603
f 2588//2588 2591//2591 2608//2608 2610//2610
f 2609//2609 2608//2608 2591//2591 2596//2596
f 2593//2593 2589//2589 2611//2611 2612//2612
f 2613//2613 2611//2611 2589//2589 2588//2588
f 2572//2572 2571//2571 2611//2611 2613//2613
f 2612//2612 2611//2611 2571//2571 2566//2566
f 2572//2572 2613//2613 2614//2614 2573//2573
f 2610//2610 2614//2614 2613//2613 2588//2588
f 2603//2603 2607//2607 2614//2614 2610//2610
f 2573//2573 2614//2614 2607//2607 2576//2576
f 2615//2615 2616//2616 2617//2617 2618//2618
f 2532//2532 2617//2617 2616//2616 2535//2535
f 2281//2281 2278//2278 2617//2617 2532//2532
f 2618//2618 2617//2617 2278//2278 1583//1583
f 2594//2594 2619//2619 2620//2620 2595//2595
f 2621//2621 2620//2620 2619//2619 2622//2622
f 2623//2623 2620//2620 2621//2621 2624//2624
f 2596//2596 2595//2595 2620//2620 2623//2623
f 2625//2625 2626//2626 2627//2627 2628//2628
f 2625//2625 2629//2629 2630//2630
f 1539//1539 1536//1536 2626//2626 2630//2630
f 1536//1536 1526//1526 2627//2627
f 1512//1512 2631//2631 2632//2632 1525//1525
f 2633//2633 2632//2632 2631//2631 2634//2634
f 2627//2627 2632//2632 2633//2633 2628//2628
f 1525//1525 2632//2632 2627//2627 1526//1526
f 230//230 241//241 2635//2635 1515//1515
f 2636//2636 2635//2635 241//241 240//240
f 2634//2634 2631//2631 2635//2635 2636//2636
f 1515//1515 2635//2635 2631//2631 1512//1512
f 240//240 2637//2637 2638//2638 2636//2636
f 2639//2639 2638//2638 2637//2637 2640//2640
f 2641//2641 2642//2642 2638//2638 2639//2639
f 2636//2636 2638//2638 2642//2642 2634//2634
f 2634//2634 2642//2642 2643//2643 2633//2633
f 2644//2644 2643//2643 2642//2642 2641//2641
f 2645//2645 2646//2646 2643//2643 2644//2644
f 2646//2646 2628//2628 2633//2633
f 2645//2645 2647//2647 2648//2648 2646//2646
f 2649//2649 2648//2648 2647//2647 2650//2650
f 2651//2651 2652//2652 2648//2648 2649//2649
f 2646//2646 2648//2648 2652//2652 2628//2628
f 2649//2649 2653//2653 2654//2654 2651//2651
f 2650//2650 2655//2655 2653//2653 2649//2649
f 2656//2656 2653//2653 2655//2655 2657//2657
f 2654//2654 2653//2653 2656//2656 2622//2622
f 2624//2624 2621//2621 2658//2658 2659//2659
f 2656//2656 2658//2658 2621//2621 2622//2622
f 2657//2657 2660//2660 2658//2658 2656//2656
f 2659//2659 2658//2658 2660//2660 2661//2661
f 1055//1055 2662//2662 2663//2663 1054//1054
f 2664//2664 2663//2663 2662//2662 2661//2661
f 2665//2665 2666//2666 2663//2663 2664//2664
f 1054//1054 2663//2663 2666//2666 1015//1015
f 2667//2667 2668//2668 2669//2669
f 2670//2670 2665//2665 2664//2664
f 2661//2661 2660//2660 2667//2667 2664//2664
f 2668//2668 2667//2667 2660//2660 2657//2657
f 2671//2671 2672//2672 2673//2673 2674//2674
f 2618//2618 2673//2673 2672//2672 2615//2615
f 1583//1583 1582//1582 2673//2673 2618//2618
f 2674//2674 2673//2673 1582//1582 1574//1574
f 2558//2558 2557//2557 2675//2675 2676//2676
f 2616//2616 2675//2675 2557//2557 2535//2535
f 2677//2677 2675//2675 2616//2616 2615//2615
f 2676//2676 2675//2675 2677//2677 2678//2678
f 2566//2566 2565//2565 2679//2679 2612//2612
f 2676//2676 2679//2679 2565//2565 2558//2558
f 2680//2680 2679//2679 2676//2676 2678//2678
f 2612//2612 2679//2679 2680//2680 2593//2593
f 2681//2681 2682//2682 2683//2683 2684//2684
f 2677//2677 2683//2683 2682//2682 2678//2678
f 2615//2615 2672//2672 2683//2683 2677//2677
f 2684//2684 2683//2683 2672//2672 2671//2671
f 2594//2594 2592//2592 2685//2685 2686//2686
f 2593//2593 2680//2680 2685//2685 2592//2592
f 2687//2687 2685//2685 2680//2680 2678//2678
f 2686//2686 2685//2685 2687//2687 2688//2688
f 2651//2651 2689//2689 2690//2690 2652//2652
f 2691//2691 2690//2690 2689//2689 2688//2688
f 2629//2629 2625//2625 2690//2690 2691//2691
f 2628//2628 2652//2652 2690//2690 2625//2625
f 2622//2622 2619//2619 2692//2692 2654//2654
f 2686//2686 2692//2692 2619//2619 2594//2594
f 2688//2688 2689//2689 2692//2692 2686//2686
f 2654//2654 2692//2692 2689//2689 2651//2651
f 2693//2693 2630//2630 2629//2629
f 2694//2694 2693//2693 2695//2695 2696//2696
f 1551//1551 1548//1548 2693//2693 2694//2694
f 2630//2630 2693//2693 1548//1548 1539//1539
f 2696//2696 2697//2697 2698//2698 2694//2694
f 2699//2699 2698//2698 2697//2697 2700//2700
f 1563//1563 1562//1562 2698//2698 2699//2699
f 2694//2694 2698//2698 1562//1562 1551//1551
f 2701//2701 2699//2699 2700//2700
f 2674//2674 2701//2701 2702//2702 2671//2671
f 2701//2701 2674//2674 1574//1574
f 2699//2699 2701//2701 1572//1572 1563//1563
f 2703//2703 2704//2704 2705//2705 2706//2706
f 2700//2700 2697//2697 2704//2704 2703//2703
f 2696//2696 2705//2705 2704//2704 2697//2697
f 2671//2671 2702//2702 2707//2707 2684//2684
f 2703//2703 2707//2707 2702//2702 2700//2700
f 2706//2706 2708//2708 2707//2707 2703//2703
f 2684//2684 2707//2707 2708//2708 2681//2681
f 2681//2681 2708//2708 2709//2709 2682//2682
f 2710//2710 2709//2709 2708//2708 2706//2706
f 2688//2688 2687//2687 2709//2709 2710//2710
f 2682//2682 2709//2709 2687//2687 2678//2678
f 2706//2706 2705//2705 2711//2711 2710//2710
f 2695//2695 2711//2711 2705//2705 2696//2696
f 2691//2691 2711//2711 2695//2695 2629//2629
f 2710//2710 2711//2711 2691//2691 2688//2688
f 335//335 2712//2712 2713//2713 334//334
f 2714//2714 2713//2713 2712//2712 2715//2715
f 299//299 296//296 2713//2713 2714//2714
f 334//334 2713//2713 296//296 295//295
f 375//375 2716//2716 2717//2717 374//374
f 2718//2718 2717//2717 2716//2716 2719//2719
f 2715//2715 2712//2712 2717//2717 2718//2718
f 374//374 2717//2717 2712//2712 335//335
f 2720//2720 2721//2721 2722//2722 2723//2723
f 2716//2716 2722//2722 2721//2721 2719//2719
f 375//375 1009//1009 2722//2722 2716//2716
f 2723//2723 2722//2722 1009//1009 1008//1008
f 2724//2724 2725//2725 2726//2726 2727//2727
f 2723//2723 2726//2726 2725//2725 2720//2720
f 1008//1008 1017//1017 2726//2726 2723//2723
f 2727//2727 2726//2726 1017//1017 1016//1016
f 2728//2728 2729//2729 2730//2730
f 2669//2669 2668//2668 2731//2731 2730//2730
f 2731//2731 2668//2668 2657//2657
f 2655//2655 2650//2650 2728//2728
f 2732//2732 2733//2733 2734//2734 2735//2735
f 2733//2733 2729//2729 2728//2728
f 2734//2734 2728//2728 2650//2650
f 2735//2735 2734//2734 2647//2647 2645//2645
f 2736//2736 2737//2737 2738//2738 2739//2739
f 1012//1012 2738//2738 2737//2737 1016//1016
f 1015//1015 2666//2666 2738//2738 1012//1012
f 2739//2739 2738//2738 2666//2666 2665//2665
f 2729//2729 2740//2740 2741//2741 2730//2730
f 2739//2739 2741//2741 2740//2740 2736//2736
f 2665//2665 2670//2670 2741//2741 2739//2739
f 2730//2730 2741//2741 2670//2670 2669//2669
f 2742//2742 2743//2743 2744//2744 2745//2745
f 2727//2727 2744//2744 2743//2743 2724//2724
f 1016//1016 2737//2737 2744//2744 2727//2727
f 2745//2745 2744//2744 2737//2737 2736//2736
f 2641//2641 2746//2746 2747//2747 2644//2644
f 2748//2748 2747//2747 2746//2746 2749//2749
f 2732//2732 2735//2735 2747//2747 2748//2748
f 2644//2644 2747//2747 2735//2735 2645//2645
f 2750//2750 2733//2733 2732//2732
f 2751//2751 2750//2750 2752//2752 2753//2753
f 2736//2736 2740//2740 2750//2750 2751//2751
f 2740//2740 2729//2729 2733//2733
f 2753//2753 2754//2754 2755//2755 2751//2751
f 2756//2756 2757//2757 2755//2755 2754//2754
f 2745//2745 2755//2755 2757//2757 2742//2742
f 2751//2751 2755//2755 2745//2745 2736//2736
f 2639//2639 2758//2758 2746//2746 2641//2641
f 2759//2759 2758//2758 2639//2639 2640//2640
f 2749//2749 2746//2746 2758//2758 2759//2759
f 2748//2748 2760//2760 2752//2752 2732//2732
f 2749//2749 2761//2761 2760//2760 2748//2748
f 2762//2762 2760//2760 2761//2761 2763//2763
f 2753//2753 2752//2752 2760//2760 2762//2762
f 2763//2763 2764//2764 2765//2765 2762//2762
f 2766//2766 2765//2765 2764//2764 2767//2767
f 2754//2754 2765//2765 2766//2766 2756//2756
f 2762//2762 2765//2765 2754//2754 2753//2753
f 2768//2768 2769//2769 2770//2770 2771//2771
f 298//298 2770//2770 2769//2769 239//239
f 299//299 2772//2772 2770//2770 298//298
f 2771//2771 2770//2770 2772//2772 2773//2773
f 239//239 2769//2769 2774//2774 238//238
f 2775//2775 2774//2774 2769//2769 2768//2768
f 2640//2640 2637//2637 2774//2774 2775//2775
f 238//238 2774//2774 2637//2637 240//240
f 2640//2640 2776//2776 2777//2777 2759//2759
f 2778//2778 2777//2777 2776//2776 2779//2779
f 2763//2763 2761//2761 2777//2777 2778//2778
f 2759//2759 2777//2777 2761//2761 2749//2749
f 2779//2779 2780//2780 2781//2781 2778//2778
f 2782//2782 2781//2781 2780//2780 2783//2783
f 2767//2767 2764//2764 2781//2781 2782//2782
f 2778//2778 2781//2781 2764//2764 2763//2763
f 2715//2715 2784//2784 2785//2785 2714//2714
f 2786//2786 2785//2785 2784//2784 2787//2787
f 2773//2773 2772//2772 2785//2785 2786//2786
f 2714//2714 2785//2785 2772//2772 299//299
f 2768//2768 2788//2788 2789//2789 2775//2775
f 2790//2790 2789//2789 2788//2788 2791//2791
f 2779//2779 2776//2776 2789//2789 2790//2790
f 2775//2775 2789//2789 2776//2776 2640//2640
f 2773//2773 2786//2786 2792//2792 2771//2771
f 2793//2793 2792//2792 2786//2786 2787//2787
f 2791//2791 2788//2788 2792//2792 2793//2793
f 2771//2771 2792//2792 2788//2788 2768//2768
f 2791//2791 2794//2794 2795//2795 2790//2790
f 2796//2796 2795//2795 2794//2794 2797//2797
f 2783//2783 2780//2780 2795//2795 2796//2796
f 2790//2790 2795//2795 2780//2780 2779//2779
f 2787//2787 2798//2798 2799//2799 2793//2793
f 2800//2800 2799//2799 2798//2798 2801//2801
f 2797//2797 2794//2794 2799//2799 2800//2800
f 2793//2793 2799//2799 2794//2794 2791//2791
f 2719//2719 2802//2802 2803//2803 2718//2718
f 2804//2804 2803//2803 2802//2802 2805//2805
f 2787//2787 2784//2784 2803//2803 2804//2804
f 2718//2718 2803//2803 2784//2784 2715//2715
f 2721//2721 2806//2806 2802//2802 2719//2719
f 2807//2807 2806//2806 2721//2721 2720//2720
f 2808//2808 2809//2809 2806//2806 2807//2807
f 2805//2805 2802//2802 2806//2806 2809//2809
f 2805//2805 2810//2810 2811//2811 2804//2804
f 2812//2812 2811//2811 2810//2810 2813//2813
f 2801//2801 2798//2798 2811//2811 2812//2812
f 2804//2804 2811//2811 2798//2798 2787//2787
f 2720//2720 2725//2725 2814//2814 2807//2807
f 2815//2815 2814//2814 2725//2725 2724//2724
f 2816//2816 2817//2817 2814//2814 2815//2815
f 2807//2807 2814//2814 2817//2817 2808//2808
f 2818//2818 2819//2819 2809//2809 2808//2808
f 2820//2820 2821//2821 2819//2819 2818//2818
f 2813//2813 2810//2810 2819//2819 2821//2821
f 2809//2809 2819//2819 2810//2810 2805//2805
f 2724//2724 2743//2743 2822//2822 2815//2815
f 2823//2823 2822//2822 2743//2743 2742//2742
f 2824//2824 2825//2825 2822//2822 2823//2823
f 2815//2815 2822//2822 2825//2825 2816//2816
f 2826//2826 2827//2827 2828//2828 2829//2829
f 2818//2818 2828//2828 2827//2827 2820//2820
f 2808//2808 2817//2817 2828//2828 2818//2818
f 2829//2829 2828//2828 2817//2817 2816//2816
f 2830//2830 2831//2831 2832//2832 2833//2833
f 2823//2823 2832//2832 2831//2831 2824//2824
f 2742//2742 2757//2757 2832//2832 2823//2823
f 2833//2833 2832//2832 2757//2757 2756//2756
f 2834//2834 2835//2835 2836//2836 2837//2837
f 2833//2833 2836//2836 2835//2835 2830//2830
f 2756//2756 2766//2766 2836//2836 2833//2833
f 2767//2767 2837//2837 2836//2836 2766//2766
f 2816//2816 2825//2825 2838//2838 2829//2829
f 2839//2839 2838//2838 2825//2825 2824//2824
f 2840//2840 2841//2841 2838//2838 2839//2839
f 2829//2829 2838//2838 2841//2841 2826//2826
f 2783//2783 2842//2842 2843//2843 2782//2782
f 2844//2844 2843//2843 2842//2842 2845//2845
f 2834//2834 2837//2837 2843//2843 2844//2844
f 2782//2782 2843//2843 2837//2837 2767//2767
f 2846//2846 2847//2847 2848//2848
f 2839//2839 2846//2846 2849//2849 2840//2840
f 2824//2824 2831//2831 2846//2846 2839//2839
f 2847//2847 2846//2846 2831//2831 2830//2830
f 2845//2845 2850//2850 2851//2851 2844//2844
f 2847//2847 2851//2851 2850//2850 2848//2848
f 2830//2830 2835//2835 2851//2851 2847//2847
f 2844//2844 2851//2851 2835//2835 2834//2834
f 2797//2797 2852//2852 2853//2853 2796//2796
f 2854//2854 2853//2853 2852//2852 2855//2855
f 2845//2845 2842//2842 2853//2853 2854//2854
f 2796//2796 2853//2853 2842//2842 2783//2783
f 2801//2801 2856//2856 2857//2857 2800//2800
f 2858//2858 2857//2857 2856//2856 2859//2859
f 2855//2855 2852//2852 2857//2857 2858//2858
f 2800//2800 2857//2857 2852//2852 2797//2797
f 2855//2855 2860//2860 2861//2861 2854//2854
f 2850//2850 2861//2861 2860//2860 2848//2848
f 2854//2854 2861//2861 2850//2850 2845//2845
f 2859//2859 2862//2862 2863//2863 2858//2858
f 2864//2864 2863//2863 2862//2862 2865//2865
f 2848//2848 2860//2860 2863//2863 2864//2864
f 2858//2858 2863//2863 2860//2860 2855//2855
f 2864//2864 2866//2866 2849//2849 2848//2848
f 2865//2865 2867//2867 2866//2866 2864//2864
f 2868//2868 2869//2869 2866//2866 2867//2867
f 2849//2849 2866//2866 2869//2869 2840//2840
f 2870//2870 2871//2871 2867//2867 2865//2865
f 2872//2872 2873//2873 2871//2871 2870//2870
f 2874//2874 2875//2875 2871//2871 2873//2873
f 2867//2867 2871//2871 2875//2875 2868//2868
f 2840//2840 2869//2869 2876//2876 2841//2841
f 2877//2877 2876//2876 2869//2869 2868//2868
f 2878//2878 2876//2876 2877//2877 2879//2879
f 2826//2826 2841//2841 2876//2876 2878//2878
f 2879//2879 2880//2880 2881//2881 2878//2878
f 2882//2882 2881//2881 2880//2880 2883//2883
f 2820//2820 2827//2827 2881//2881 2882//2882
f 2878//2878 2881//2881 2827//2827 2826//2826
f 2884//2884 2885//2885 2886//2886
f 2884//2884 2887//2887 2872//2872
f 2865//2865 2862//2862 2884//2884 2870//2870
f 2885//2885 2884//2884 2862//2862 2859//2859
f 2813//2813 2888//2888 2889//2889 2812//2812
f 2885//2885 2889//2889 2888//2888 2886//2886
f 2859//2859 2856//2856 2889//2889 2885//2885
f 2812//2812 2889//2889 2856//2856 2801//2801
f 2883//2883 2890//2890 2891//2891 2882//2882
f 2888//2888 2891//2891 2890//2890 2886//2886
f 2821//2821 2891//2891 2888//2888 2813//2813
f 2882//2882 2891//2891 2821//2821 2820//2820
f 2892//2892 2893//2893 2894//2894
f 2895//2895 2886//2886 2890//2890
f 2892//2892 2890//2890 2883//2883
f 2893//2893 2892//2892 2880//2880 2879//2879
f 2872//2872 2887//2887 2896//2896 2873//2873
f 2895//2895 2896//2896 2887//2887 2886//2886
f 2894//2894 2897//2897 2896//2896 2895//2895
f 2873//2873 2896//2896 2897//2897 2874//2874
f 2874//2874 2897//2897 2898//2898 2875//2875
f 2898//2898 2897//2897 2894//2894 2893//2893
f 2879//2879 2877//2877 2898//2898 2893//2893
f 2898//2898 2877//2877 2868//2868 2875//2875
f 2899//2899 2900//2900 2901//2901
f 1071//1071 2899//2899 2902//2902 1072//1072
f 1068//1068 1084//1084 2899//2899 1071//1071
f 2900//2900 2899//2899 1084//1084 1087//1087
f 1170//1170 2903//2903 2904//2904 1171//1171
f 2900//2900 2904//2904 2903//2903 2901//2901
f 1166//1166 2904//2904 2900//2900 1087//1087
f 1167//1167 1171//1171 2904//2904 1166//1166
f 2905//2905 1177//1177 1176//1176 2906//2906
f 2907//2907 2905//2905 2906//2906 2908//2908
f 2901//2901 2903//2903 2905//2905
f 1177//1177 2905//2905 2903//2903 1170//1170
f 1032//1032 1073//1073 2909//2909 1039//1039
f 2910//2910 2909//2909 1073//1073 1072//1072
f 2911//2911 2912//2912 2909//2909 2910//2910
f 1039//1039 2909//2909 2912//2912 1036//1036
f 1072//1072 2902//2902 2913//2913 2910//2910
f 2914//2914 2913//2913 2902//2902 2901//2901
f 2915//2915 2916//2916 2913//2913 2914//2914
f 2910//2910 2913//2913 2916//2916 2911//2911
f 2908//2908 2917//2917 2918//2918 2907//2907
f 2914//2914 2918//2918 2917//2917 2915//2915
f 2918//2918 2914//2914 2901//2901
f 1036//1036 2912//2912 2919//2919 1043//1043
f 2920//2920 2919//2919 2912//2912 2911//2911
f 2921//2921 2922//2922 2919//2919 2920//2920
f 1043//1043 2919//2919 2922//2922 1040//1040
f 1176//1176 1179//1179 2923//2923 2906//2906
f 2924//2924 2923//2923 1179//1179 1178//1178
f 2925//2925 2926//2926 2923//2923 2924//2924
f 2923//2923 2926//2926 2908//2908 2906//2906
f 2911//2911 2916//2916 2927//2927 2920//2920
f 2928//2928 2927//2927 2916//2916 2915//2915
f 2929//2929 2930//2930 2927//2927 2928//2928
f 2930//2930 2921//2921 2920//2920
f 2925//2925 2931//2931 2932//2932 2926//2926
f 2928//2928 2932//2932 2931//2931 2929//2929
f 2915//2915 2917//2917 2932//2932 2928//2928
f 2926//2926 2932//2932 2917//2917 2908//2908
f 2933//2933 2934//2934 2922//2922 2921//2921
f 2933//2933 2935//2935 2936//2936
f 1047//1047 1044//1044 2934//2934 2936//2936
f 2934//2934 1044//1044 1040//1040 2922//2922
f 1178//1178 1183//1183 2937//2937 2924//2924
f 2938//2938 2937//2937 1183//1183 1182//1182
f 2939//2939 2940//2940 2937//2937 2938//2938
f 2924//2924 2937//2937 2940//2940 2925//2925
f 2941//2941 2942//2942 2930//2930 2929//2929
f 2943//2943 2942//2942 2941//2941 2944//2944
f 2942//2942 2943//2943 2935//2935
f 2942//2942 2933//2933 2921//2921
f 2925//2925 2940//2940 2945//2945 2931//2931
f 2946//2946 2945//2945 2940//2940 2939//2939
f 2944//2944 2941//2941 2945//2945 2946//2946
f 2929//2929 2931//2931 2945//2945 2941//2941
f 2947//2947 2936//2936 2935//2935
f 2948//2948 2947//2947 2949//2949 2950//2950
f 1049//1049 1048//1048 2947//2947 2948//2948
f 2936//2936 2947//2947 1048//1048 1047//1047
f 2944//2944 2951//2951 2952//2952 2943//2943
f 2953//2953 2952//2952 2951//2951 2954//2954
f 2950//2950 2949//2949 2952//2952 2953//2953
f 2943//2943 2952//2952 2949//2949 2935//2935
f 2955//2955 2956//2956 2957//2957 2958//2958
f 2659//2659 2957//2957 2956//2956 2624//2624
f 2661//2661 2662//2662 2957//2957 2659//2659
f 2958//2958 2957//2957 2662//2662 1055//1055
f 2950//2950 2959//2959 2960//2960 2948//2948
f 2959//2959 2955//2955 2958//2958
f 1055//1055 1052//1052 2960//2960 2958//2958
f 2948//2948 2960//2960 1052//1052 1049//1049
f 2954//2954 2961//2961 2962//2962 2953//2953
f 2963//2963 2962//2962 2961//2961 2964//2964
f 2962//2962 2963//2963 2955//2955
f 2953//2953 2962//2962 2959//2959 2950//2950
f 1182//1182 1187//1187 2965//2965 2938//2938
f 2966//2966 2965//2965 1187//1187 1186//1186
f 2967//2967 2968//2968 2965//2965 2966//2966
f 2938//2938 2965//2965 2968//2968 2939//2939
f 2939//2939 2968//2968 2969//2969 2946//2946
f 2970//2970 2969//2969 2968//2968 2967//2967
f 2954//2954 2951//2951 2969//2969 2970//2970
f 2946//2946 2969//2969 2951//2951 2944//2944
f 2624//2624 2956//2956 2971//2971 2623//2623
f 2972//2972 2971//2971 2956//2956 2955//2955
f 2973//2973 2974//2974 2971//2971 2972//2972
f 2623//2623 2971//2971 2974//2974 2596//2596
f 2605//2605 2975//2975 2976//2976 2601//2601
f 2977//2977 2976//2976 2975//2975 2978//2978
f 1149//1149 2545//2545 2976//2976 2977//2977
f 2601//2601 2976//2976 2545//2545 2544//2544
f 2979//2979 2963//2963 2964//2964
f 2980//2980 2981//2981 2982//2982
f 2982//2982 2973//2973 2972//2972
f 2972//2972 2955//2955 2963//2963
f 2983//2983 2984//2984 2978//2978 2975//2975
f 2609//2609 2983//2983 2975//2975 2605//2605
f 2596//2596 2974//2974 2983//2983 2609//2609
f 2984//2984 2983//2983 2974//2974 2973//2973
f 2985//2985 2986//2986 2982//2982 2981//2981
f 2984//2984 2986//2986 2985//2985 2978//2978
f 2973//2973 2982//2982 2986//2986 2984//2984
f 1186//1186 2987//2987 2988//2988 2966//2966
f 2985//2985 2988//2988 2987//2987 2978//2978
f 2981//2981 2989//2989 2988//2988 2985//2985
f 2966//2966 2988//2988 2989//2989 2967//2967
f 1143//1143 1150//1150 2990//2990 1189//1189
f 2977//2977 2990//2990 1150//1150 1149//1149
f 2978//2978 2987//2987 2990//2990 2977//2977
f 1189//1189 2990//2990 2987//2987 1186//1186
f 2967//2967 2989//2989 2991//2991 2970//2970
f 2980//2980 2991//2991 2989//2989 2981//2981
f 2964//2964 2961//2961 2991//2991 2980//2980
f 2970//2970 2991//2991 2961//2961 2954//2954
f 2992//2992 2993//2993 1349//1349 1348//1348
f 2994//2994 2993//2993 2992//2992 2995//2995
f 2996//2996 2997//2997 2993//2993 2994//2994
f 1349//1349 2993//2993 2997//2997 1353//1353
f 2998//2998 2992//2992 1348//1348
f 1355//1355 1354//1354 2999//2999
f 3000//3000 3001//3001 2998//2998 2999//2999
f 2995//2995 2992//2992 2998//2998 3001//3001
f 2995//2995 3001//3001 3002//3002 2994//2994
f 3003//3003 3002//3002 3001//3001 3000//3000
f 3004//3004 3005//3005 3002//3002 3003//3003
f 2994//2994 3002//3002 3005//3005 2996//2996
f 3006//3006 3007//3007 1361//1361 1360//1360
f 3008//3008 3007//3007 3006//3006 3009//3009
f 2999//2999 3007//3007 3008//3008 3000//3000
f 1354//1354 1361//1361 3007//3007 2999//2999
f 1364//1364 1395//1395 3010//3010 1365//1365
f 3011//3011 3010//3010 1395//1395 1399//1399
f 3009//3009 3006//3006 3010//3010 3011//3011
f 3006//3006 1360//1360 1365//1365
f 1399//1399 3012//3012 3013//3013 3011//3011
f 3012//3012 3014//3014 3015//3015
f 3016//3016 3017//3017 3013//3013 3015//3015
f 3011//3011 3013//3013 3017//3017 3009//3009
f 3018//3018 2381//2381 2380//2380
f 3012//3012 3018//3018 3019//3019 3014//3014
f 1399//1399 1398//1398 3018//3018 3012//3012
f 2381//2381 3018//3018 1398//1398 1397//1397
f 2443//2443 3020//3020 3021//3021 2442//2442
f 3019//3019 3021//3021 3020//3020 3014//3014
f 2380//2380 2435//2435 3021//3021 3019//3019
f 2442//2442 3021//3021 2435//2435 2434//2434
f 3000//3000 3008//3008 3022//3022 3003//3003
f 3009//3009 3017//3017 3022//3022 3008//3008
f 3022//3022 3017//3017 3016//3016 3023//3023
f 3003//3003 3022//3022 3023//3023 3004//3004
f 3024//3024 3025//3025 3026//3026 3027//3027
f 3028//3028 3029//3029 3026//3026 3025//3025
f 3030//3030 3031//3031 3026//3026 3029//3029
f 3027//3027 3026//3026 3031//3031 3032//3032
f 3033//3033 3034//3034 3035//3035 3036//3036
f 3031//3031 3035//3035 3034//3034 3032//3032
f 3037//3037 3035//3035 3031//3031 3030//3030
f 3037//3037 3038//3038 3036//3036
f 3039//3039 3040//3040 3041//3041 3042//3042
f 3027//3027 3041//3041 3040//3040 3024//3024
f 3041//3041 3027//3027 3032//3032 3043//3043
f 3044//3044 3042//3042 3041//3041 3043//3043
f 3033//3033 3045//3045 3046//3046 3034//3034
f 3047//3047 3046//3046 3045//3045 3048//3048
f 3046//3046 3047//3047 3044//3044 3043//3043
f 3032//3032 3034//3034 3046//3046 3043//3043
f 3048//3048 3045//3045 3049//3049 3050//3050
f 3036//3036 3049//3049 3045//3045 3033//3033
f 3038//3038 3051//3051 3049//3049 3036//3036
f 3050//3050 3049//3049 3051//3051 3052//3052
f 3028//3028 3053//3053 3054//3054 3055//3055
f 3056//3056 3054//3054 3053//3053 3057//3057
f 3058//3058 3059//3059 3054//3054 3056//3056
f 3055//3055 3054//3054 3059//3059 3060//3060
f 3030//3030 3029//3029 3061//3061 3062//3062
f 3055//3055 3061//3061 3029//3029 3028//3028
f 3060//3060 3063//3063 3061//3061 3055//3055
f 3062//3062 3061//3061 3063//3063 3064//3064
f 3065//3065 3037//3037 3030//3030
f 3066//3066 3065//3065 3062//3062 3064//3064
f 3067//3067 3068//3068 3065//3065 3066//3066
f 3037//3037 3065//3065 3068//3068 3038//3038
f 3069//3069 3070//3070 3052//3052
f 3051//3051 3038//3038 3068//3068
f 3071//3071 3069//3069 3068//3068 3067//3067
f 3070//3070 3069//3069 3071//3071 3072//3072
f 3073//3073 3074//3074 3075//3075 3076//3076
f 3047//3047 3073//3073 3076//3076 3044//3044
f 3048//3048 3077//3077 3073//3073 3047//3047
f 3074//3074 3073//3073 3077//3077 3078//3078
f 3052//3052 3079//3079 3080//3080 3050//3050
f 3079//3079 3081//3081 3082//3082
f 3080//3080 3082//3082 3078//3078
f 3050//3050 3080//3080 3077//3077 3048//3048
f 3070//3070 3072//3072 3083//3083
f 3084//3084 3083//3083 3085//3085
f 3079//3079 3084//3084 3086//3086 3081//3081
f 3079//3079 3052//3052 3070//3070
f 3085//3085 3083//3083 3087//3087 3088//3088
f 3083//3083 3072//3072 3089//3089
f 3090//3090 3087//3087 3089//3089 3091//3091
f 3088//3088 3087//3087 3090//3090 3092//3092
f 3092//3092 3090//3090 3093//3093 3094//3094
f 3093//3093 3090//3090 3091//3091 3095//3095
f 3096//3096 3097//3097 3093//3093 3095//3095
f 3098//3098 3094//3094 3093//3093 3097//3097
f 3099//3099 3100//3100 3101//3101 3102//3102
f 3097//3097 3101//3101 3100//3100 3098//3098
f 3103//3103 3101//3101 3097//3097 3096//3096
f 3102//3102 3101//3101 3103//3103 3104//3104
f 3105//3105 3106//3106 3107//3107 3108//3108
f 3109//3109 3110//3110 3107//3107 3106//3106
f 3111//3111 3107//3107 3110//3110 3112//3112
f 3108//3108 3107//3107 3111//3111 3058//3058
f 3060//3060 3059//3059 3113//3113 3114//3114
f 3111//3111 3113//3113 3059//3059 3058//3058
f 3112//3112 3115//3115 3113//3113 3111//3111
f 3114//3114 3113//3113 3115//3115 3116//3116
f 3117//3117 3118//3118 3064//3064
f 3114//3114 3117//3117 3063//3063 3060//3060
f 3116//3116 3119//3119 3117//3117 3114//3114
f 3118//3118 3117//3117 3119//3119 3120//3120
f 3064//3064 3118//3118 3121//3121 3066//3066
f 3122//3122 3121//3121 3118//3118 3120//3120
f 3123//3123 3124//3124 3121//3121 3122//3122
f 3066//3066 3121//3121 3124//3124 3067//3067
f 3067//3067 3124//3124 3125//3125 3071//3071
f 3126//3126 3125//3125 3124//3124 3123//3123
f 3125//3125 3126//3126 3127//3127 3128//3128
f 3071//3071 3125//3125 3128//3128 3072//3072
f 3091//3091 3089//3089 3129//3129 3130//3130
f 3128//3128 3129//3129 3089//3089 3072//3072
f 3127//3127 3131//3131 3129//3129 3128//3128
f 3130//3130 3129//3129 3131//3131 3132//3132
f 3095//3095 3133//3133 3134//3134 3096//3096
f 3130//3130 3133//3133 3095//3095 3091//3091
f 3132//3132 3135//3135 3133//3133 3130//3130
f 3134//3134 3133//3133 3135//3135 3136//3136
f 3096//3096 3134//3134 3137//3137 3103//3103
f 3136//3136 3138//3138 3137//3137 3134//3134
f 3139//3139 3137//3137 3138//3138 3140//3140
f 3104//3104 3103//3103 3137//3137 3139//3139
f 3109//3109 3141//3141 3142//3142 3110//3110
f 3143//3143 3142//3142 3141//3141 3144//3144
f 3145//3145 3146//3146 3142//3142 3143//3143
f 3110//3110 3142//3142 3146//3146 3112//3112
f 3146//3146 3147//3147 3115//3115 3112//3112
f 3148//3148 3147//3147 3146//3146 3145//3145
f 3149//3149 3150//3150 3147//3147 3148//3148
f 3116//3116 3115//3115 3147//3147 3150//3150
f 3151//3151 3152//3152 3153//3153 3154//3154
f 3120//3120 3119//3119 3153//3153 3152//3152
f 3150//3150 3153//3153 3119//3119 3116//3116
f 3154//3154 3153//3153 3150//3150 3149//3149
f 3154//3154 3155//3155 3156//3156 3151//3151
f 3157//3157 3155//3155 3154//3154 3149//3149
f 3155//3155 3157//3157 3158//3158
f 3159//3159 3160//3160 3161//3161 3162//3162
f 3122//3122 3161//3161 3160//3160 3123//3123
f 3120//3120 3152//3152 3161//3161 3122//3122
f 3162//3162 3161//3161 3152//3152 3151//3151
f 3127//3127 3126//3126 3163//3163 3164//3164
f 3160//3160 3163//3163 3126//3126 3123//3123
f 3165//3165 3163//3163 3160//3160 3159//3159
f 3166//3166 3164//3164 3163//3163 3165//3165
f 3132//3132 3131//3131 3167//3167 3168//3168
f 3164//3164 3167//3167 3131//3131 3127//3127
f 3169//3169 3167//3167 3164//3164 3166//3166
f 3170//3170 3168//3168 3167//3167 3169//3169
f 3171//3171 3172//3172 3173//3173 3174//3174
f 3136//3136 3135//3135 3173//3173 3172//3172
f 3168//3168 3173//3173 3135//3135 3132//3132
f 3174//3174 3173//3173 3168//3168 3170//3170
f 3175//3175 3176//3176 3177//3177 3178//3178
f 3176//3176 3078//3078 3082//3082
f 3081//3081 3179//3179 3177//3177 3082//3082
f 3178//3178 3177//3177 3179//3179 3180//3180
f 3181//3181 3182//3182 3183//3183 3184//3184
f 3178//3178 3183//3183 3182//3182 3175//3175
f 3180//3180 3185//3185 3183//3183 3178//3178
f 3184//3184 3183//3183 3185//3185 3186//3186
f 3180//3180 3179//3179 3187//3187 3188//3188
f 3086//3086 3187//3187 3179//3179 3081//3081
f 3085//3085 3189//3189 3187//3187 3086//3086
f 3188//3188 3187//3187 3189//3189 3190//3190
f 3186//3186 3185//3185 3191//3191 3192//3192
f 3188//3188 3191//3191 3185//3185 3180//3180
f 3190//3190 3193//3193 3191//3191 3188//3188
f 3192//3192 3191//3191 3193//3193 3194//3194
f 3195//3195 3196//3196 3197//3197 3198//3198
f 3192//3192 3197//3197 3196//3196 3186//3186
f 3194//3194 3199//3199 3197//3197 3192//3192
f 3198//3198 3197//3197 3199//3199 3200//3200
f 3190//3190 3189//3189 3201//3201 3202//3202
f 3088//3088 3201//3201 3189//3189 3085//3085
f 3092//3092 3203//3203 3201//3201 3088//3088
f 3202//3202 3201//3201 3203//3203 3204//3204
f 3205//3205 3206//3206 3207//3207 3208//3208
f 3209//3209 3207//3207 3206//3206 3210//3210
f 3200//3200 3199//3199 3207//3207 3209//3209
f 3208//3208 3207//3207 3199//3199 3194//3194
f 3194//3194 3193//3193 3211//3211 3208//3208
f 3202//3202 3211//3211 3193//3193 3190//3190
f 3204//3204 3212//3212 3211//3211 3202//3202
f 3208//3208 3211//3211 3212//3212 3205//3205
f 3204//3204 3203//3203 3213//3213 3214//3214
f 3094//3094 3213//3213 3203//3203 3092//3092
f 3098//3098 3215//3215 3213//3213 3094//3094
f 3215//3215 3216//3216 3214//3214
f 3217//3217 3218//3218 3216//3216
f 3100//3100 3217//3217 3215//3215 3098//3098
f 3099//3099 3219//3219 3217//3217 3100//3100
f 3218//3218 3217//3217 3219//3219 3220//3220
f 3205//3205 3212//3212 3221//3221 3222//3222
f 3214//3214 3221//3221 3212//3212 3204//3204
f 3216//3216 3223//3223 3221//3221 3214//3214
f 3222//3222 3221//3221 3223//3223 3224//3224
f 3210//3210 3206//3206 3225//3225 3226//3226
f 3222//3222 3225//3225 3206//3206 3205//3205
f 3224//3224 3227//3227 3225//3225 3222//3222
f 3226//3226 3225//3225 3227//3227 3228//3228
f 3224//3224 3223//3223 3229//3229 3230//3230
f 3218//3218 3229//3229 3223//3223 3216//3216
f 3220//3220 3231//3231 3229//3229 3218//3218
f 3230//3230 3229//3229 3231//3231 3232//3232
f 3228//3228 3227//3227 3233//3233 3234//3234
f 3230//3230 3233//3233 3227//3227 3224//3224
f 3232//3232 3235//3235 3233//3233 3230//3230
f 3234//3234 3233//3233 3235//3235 3236//3236
f 3232//3232 3231//3231 3237//3237 3238//3238
f 3239//3239 3237//3237 3231//3231 3220//3220
f 3240//3240 3241//3241 3237//3237 3239//3239
f 3238//3238 3237//3237 3241//3241 3242//3242
f 3236//3236 3235//3235 3243//3243 3244//3244
f 3238//3238 3243//3243 3235//3235 3232//3232
f 3242//3242 3245//3245 3243//3243 3238//3238
f 3244//3244 3243//3243 3245//3245 3246//3246
f 3246//3246 3245//3245 3247//3247 3248//3248
f 3249//3249 3247//3247 3245//3245 3242//3242
f 3250//3250 3251//3251 3247//3247 3249//3249
f 3248//3248 3247//3247 3251//3251 3252//3252
f 3253//3253 3254//3254 3255//3255 3256//3256
f 3257//3257 3255//3255 3254//3254 3258//3258
f 3252//3252 3251//3251 3255//3255 3257//3257
f 3256//3256 3255//3255 3251//3251 3250//3250
f 3258//3258 3254//3254 3259//3259 3260//3260
f 3261//3261 3259//3259 3254//3254 3253//3253
f 3262//3262 3263//3263 3259//3259 3261//3261
f 3260//3260 3259//3259 3263//3263 3264//3264
f 3158//3158 3265//3265 3266//3266 3156//3156
f 3267//3267 3266//3266 3265//3265 3268//3268
f 3269//3269 3270//3270 3266//3266 3267//3267
f 3156//3156 3266//3266 3270//3270 3151//3151
f 3270//3270 3271//3271 3162//3162 3151//3151
f 3272//3272 3271//3271 3270//3270 3269//3269
f 3273//3273 3274//3274 3271//3271 3272//3272
f 3162//3162 3271//3271 3274//3274 3159//3159
f 3159//3159 3274//3274 3275//3275 3165//3165
f 3276//3276 3275//3275 3274//3274 3273//3273
f 3277//3277 3278//3278 3275//3275 3276//3276
f 3165//3165 3275//3275 3278//3278 3166//3166
f 3166//3166 3278//3278 3279//3279 3169//3169
f 3280//3280 3279//3279 3278//3278 3277//3277
f 3281//3281 3282//3282 3279//3279 3280//3280
f 3169//3169 3279//3279 3282//3282 3170//3170
f 3277//3277 3283//3283 3284//3284 3280//3280
f 3285//3285 3284//3284 3283//3283 3286//3286
f 3287//3287 3288//3288 3284//3284 3285//3285
f 3280//3280 3284//3284 3288//3288 3281//3281
f 3289//3289 3290//3290 3291//3291 3292//3292
f 3198//3198 3291//3291 3290//3290 3195//3195
f 3200//3200 3293//3293 3291//3291 3198//3198
f 3292//3292 3291//3291 3293//3293 3294//3294
f 3294//3294 3293//3293 3295//3295 3296//3296
f 3209//3209 3295//3295 3293//3293 3200//3200
f 3210//3210 3297//3297 3295//3295 3209//3209
f 3296//3296 3295//3295 3297//3297 3298//3298
f 3298//3298 3297//3297 3299//3299 3300//3300
f 3226//3226 3299//3299 3297//3297 3210//3210
f 3228//3228 3301//3301 3299//3299 3226//3226
f 3300//3300 3299//3299 3301//3301 3302//3302
f 3302//3302 3301//3301 3303//3303 3304//3304
f 3234//3234 3303//3303 3301//3301 3228//3228
f 3236//3236 3305//3305 3303//3303 3234//3234
f 3304//3304 3303//3303 3305//3305 3306//3306
f 3306//3306 3305//3305 3307//3307 3308//3308
f 3244//3244 3307//3307 3305//3305 3236//3236
f 3246//3246 3309//3309 3307//3307 3244//3244
f 3308//3308 3307//3307 3309//3309 3310//3310
f 3310//3310 3309//3309 3311//3311 3312//3312
f 3248//3248 3311//3311 3309//3309 3246//3246
f 3252//3252 3313//3313 3311//3311 3248//3248
f 3312//3312 3311//3311 3313//3313 3314//3314
f 3314//3314 3313//3313 3315//3315 3316//3316
f 3257//3257 3315//3315 3313//3313 3252//3252
f 3258//3258 3317//3317 3315//3315 3257//3257
f 3316//3316 3315//3315 3317//3317 3318//3318
f 3318//3318 3317//3317 3319//3319 3320//3320
f 3260//3260 3319//3319 3317//3317 3258//3258
f 3264//3264 3321//3321 3319//3319 3260//3260
f 3320//3320 3319//3319 3321//3321 3322//3322
f 3323//3323 3324//3324 3325//3325 3326//3326
f 3327//3327 3325//3325 3324//3324 3328//3328
f 3289//3289 3329//3329 3325//3325 3327//3327
f 3326//3326 3325//3325 3329//3329 3330//3330
f 3330//3330 3329//3329 3331//3331 3332//3332
f 3292//3292 3331//3331 3329//3329 3289//3289
f 3294//3294 3333//3333 3331//3331 3292//3292
f 3332//3332 3331//3331 3333//3333 3334//3334
f 3334//3334 3333//3333 3335//3335 3336//3336
f 3296//3296 3335//3335 3333//3333 3294//3294
f 3298//3298 3337//3337 3335//3335 3296//3296
f 3336//3336 3335//3335 3337//3337 3338//3338
f 3338//3338 3337//3337 3339//3339 3340//3340
f 3300//3300 3339//3339 3337//3337 3298//3298
f 3302//3302 3341//3341 3339//3339 3300//3300
f 3340//3340 3339//3339 3341//3341 3342//3342
f 3342//3342 3341//3341 3343//3343 3344//3344
f 3304//3304 3343//3343 3341//3341 3302//3302
f 3306//3306 3345//3345 3343//3343 3304//3304
f 3344//3344 3343//3343 3345//3345 3346//3346
f 3346//3346 3345//3345 3347//3347 3348//3348
f 3308//3308 3347//3347 3345//3345 3306//3306
f 3310//3310 3349//3349 3347//3347 3308//3308
f 3348//3348 3347//3347 3349//3349 3350//3350
f 3350//3350 3349//3349 3351//3351 3352//3352
f 3312//3312 3351//3351 3349//3349 3310//3310
f 3314//3314 3353//3353 3351//3351 3312//3312
f 3352//3352 3351//3351 3353//3353 3354//3354
f 3354//3354 3353//3353 3355//3355 3356//3356
f 3316//3316 3355//3355 3353//3353 3314//3314
f 3318//3318 3357//3357 3355//3355 3316//3316
f 3356//3356 3355//3355 3357//3357 3358//3358
f 3359//3359 3360//3360 3361//3361 3362//3362
f 3363//3363 3361//3361 3360//3360 3364//3364
f 3323//3323 3365//3365 3361//3361 3363//3363
f 3362//3362 3361//3361 3365//3365 3366//3366
f 3366//3366 3365//3365 3367//3367 3368//3368
f 3326//3326 3367//3367 3365//3365 3323//3323
f 3330//3330 3369//3369 3367//3367 3326//3326
f 3368//3368 3367//3367 3369//3369 3370//3370
f 3370//3370 3369//3369 3371//3371 3372//3372
f 3332//3332 3371//3371 3369//3369 3330//3330
f 3334//3334 3373//3373 3371//3371 3332//3332
f 3372//3372 3371//3371 3373//3373 3374//3374
f 3374//3374 3373//3373 3375//3375 3376//3376
f 3336//3336 3375//3375 3373//3373 3334//3334
f 3338//3338 3377//3377 3375//3375 3336//3336
f 3376//3376 3375//3375 3377//3377 3378//3378
f 3378//3378 3377//3377 3379//3379 3380//3380
f 3340//3340 3379//3379 3377//3377 3338//3338
f 3342//3342 3381//3381 3379//3379 3340//3340
f 3380//3380 3379//3379 3381//3381 3382//3382
f 3382//3382 3381//3381 3383//3383 3384//3384
f 3344//3344 3383//3383 3381//3381 3342//3342
f 3346//3346 3385//3385 3383//3383 3344//3344
f 3384//3384 3383//3383 3385//3385 3386//3386
f 3386//3386 3385//3385 3387//3387 3388//3388
f 3348//3348 3387//3387 3385//3385 3346//3346
f 3350//3350 3389//3389 3387//3387 3348//3348
f 3388//3388 3387//3387 3389//3389 3390//3390
f 3390//3390 3389//3389 3391//3391 3392//3392
f 3352//3352 3391//3391 3389//3389 3350//3350
f 3354//3354 3393//3393 3391//3391 3352//3352
f 3392//3392 3391//3391 3393//3393 3394//3394
f 3394//3394 3393//3393 3395//3395 3396//3396
f 3356//3356 3395//3395 3393//3393 3354//3354
f 3358//3358 3397//3397 3395//3395 3356//3356
f 3396//3396 3395//3395 3397//3397 3398//3398
f 3399//3399 3400//3400 3401//3401 3402//3402
f 3108//3108 3400//3400 3399//3399 3105//3105
f 3058//3058 3403//3403 3400//3400 3108//3108
f 3401//3401 3400//3400 3403//3403 3404//3404
f 3405//3405 3406//3406 3057//3057
f 3053//3053 3028//3028 3025//3025
f 3024//3024 3407//3407 3405//3405 3025//3025
f 3406//3406 3405//3405 3407//3407 3408//3408
f 3024//3024 3040//3040 3409//3409 3407//3407
f 3410//3410 3409//3409 3040//3040 3039//3039
f 3411//3411 3412//3412 3409//3409 3410//3410
f 3407//3407 3409//3409 3412//3412 3408//3408
f 3411//3411 3413//3413 3414//3414 3412//3412
f 3415//3415 3414//3414 3413//3413 3416//3416
f 3417//3417 3418//3418 3414//3414 3415//3415
f 3418//3418 3408//3408 3412//3412
f 3404//3404 3403//3403 3419//3419 3420//3420
f 3056//3056 3419//3419 3403//3403 3058//3058
f 3057//3057 3406//3406 3419//3419 3056//3056
f 3420//3420 3419//3419 3406//3406 3408//3408
f 3417//3417 3421//3421 3422//3422 3418//3418
f 3421//3421 3404//3404 3420//3420
f 3420//3420 3408//3408 3418//3418
f 3423//3423 3424//3424 3425//3425 3426//3426
f 3427//3427 3425//3425 3424//3424 3428//3428
f 3429//3429 3430//3430 3425//3425 3427//3427
f 3426//3426 3425//3425 3430//3430 3431//3431
f 3431//3431 3430//3430 3432//3432 3433//3433
f 3434//3434 3432//3432 3430//3430 3429//3429
f 3435//3435 3436//3436 3432//3432 3434//3434
f 3433//3433 3432//3432 3436//3436 3437//3437
f 3438//3438 3439//3439 3440//3440 3441//3441
f 3442//3442 3440//3440 3439//3439 3443//3443
f 3437//3437 3436//3436 3440//3440 3442//3442
f 3441//3441 3440//3440 3436//3436 3435//3435
f 3443//3443 3439//3439 3444//3444 3445//3445
f 3446//3446 3444//3444 3439//3439 3438//3438
f 3447//3447 3448//3448 3444//3444 3446//3446
f 3445//3445 3444//3444 3448//3448 3449//3449
f 3450//3450 3451//3451 3452//3452 3453//3453
f 3454//3454 3452//3452 3451//3451 3449//3449
f 3455//3455 3456//3456 3452//3452 3454//3454
f 3453//3453 3452//3452 3456//3456 3457//3457
f 3458//3458 3459//3459 3460//3460 3461//3461
f 3459//3459 3455//3455 3454//3454
f 3449//3449 3448//3448 3460//3460 3454//3454
f 3461//3461 3460//3460 3448//3448 3447//3447
f 3462//3462 3463//3463 3464//3464 3465//3465
f 3399//3399 3464//3464 3463//3463 3105//3105
f 3402//3402 3466//3466 3464//3464 3399//3399
f 3465//3465 3464//3464 3466//3466 3467//3467
f 3468//3468 3469//3469 3470//3470 3471//3471
f 3106//3106 3470//3470 3469//3469 3109//3109
f 3105//3105 3463//3463 3470//3470 3106//3106
f 3471//3471 3470//3470 3463//3463 3462//3462
f 3144//3144 3472//3472 3473//3473 3143//3143
f 3474//3474 3473//3473 3472//3472 3475//3475
f 3476//3476 3477//3477 3473//3473 3474//3474
f 3143//3143 3473//3473 3477//3477 3145//3145
f 3145//3145 3477//3477 3478//3478 3148//3148
f 3479//3479 3478//3478 3477//3477 3476//3476
f 3480//3480 3478//3478 3479//3479 3481//3481
f 3148//3148 3478//3478 3480//3480 3149//3149
f 3268//3268 3265//3265 3482//3482 3483//3483
f 3157//3157 3482//3482 3265//3265 3158//3158
f 3149//3149 3480//3480 3482//3482 3157//3157
f 3483//3483 3482//3482 3480//3480 3481//3481
f 3144//3144 3141//3141 3484//3484 3485//3485
f 3469//3469 3484//3484 3141//3141 3109//3109
f 3468//3468 3486//3486 3484//3484 3469//3469
f 3486//3486 3487//3487 3485//3485
f 3488//3488 3489//3489 3490//3490
f 3465//3465 3488//3488 3491//3491 3462//3462
f 3467//3467 3492//3492 3488//3488 3465//3465
f 3489//3489 3488//3488 3492//3492 3493//3493
f 3487//3487 3486//3486 3494//3494 3495//3495
f 3471//3471 3494//3494 3486//3486 3468//3468
f 3462//3462 3491//3491 3494//3494 3471//3471
f 3491//3491 3490//3490 3495//3495
f 3475//3475 3472//3472 3496//3496 3497//3497
f 3485//3485 3496//3496 3472//3472 3144//3144
f 3485//3485 3487//3487 3497//3497
f 3498//3498 3499//3499 3500//3500 3501//3501
f 3474//3474 3500//3500 3499//3499 3476//3476
f 3475//3475 3502//3502 3500//3500 3474//3474
f 3501//3501 3500//3500 3502//3502 3503//3503
f 3503//3503 3502//3502 3504//3504 3505//3505
f 3497//3497 3504//3504 3502//3502 3475//3475
f 3487//3487 3506//3506 3504//3504 3497//3497
f 3505//3505 3504//3504 3506//3506 3507//3507
f 3508//3508 3509//3509 3507//3507
f 3506//3506 3487//3487 3495//3495
f 3508//3508 3495//3495 3490//3490
f 3510//3510 3511//3511 3509//3509
f 3512//3512 3513//3513 3511//3511
f 3490//3490 3514//3514 3512//3512 3510//3510
f 3513//3513 3512//3512 3514//3514 3515//3515
f 3516//3516 3517//3517 3515//3515
f 3489//3489 3516//3516 3514//3514 3490//3490
f 3493//3493 3518//3518 3516//3516 3489//3489
f 3518//3518 3519//3519 3517//3517
f 3520//3520 3521//3521 3522//3522 3523//3523
f 3513//3513 3522//3522 3521//3521 3511//3511
f 3522//3522 3513//3513 3515//3515
f 3524//3524 3525//3525 3523//3523
f 3526//3526 3527//3527 3528//3528 3529//3529
f 3509//3509 3528//3528 3527//3527 3507//3507
f 3511//3511 3521//3521 3528//3528 3509//3509
f 3529//3529 3528//3528 3521//3521 3520//3520
f 3530//3530 3531//3531 3532//3532 3533//3533
f 3505//3505 3532//3532 3531//3531 3503//3503
f 3507//3507 3527//3527 3532//3532 3505//3505
f 3533//3533 3532//3532 3527//3527 3526//3526
f 3534//3534 3535//3535 3536//3536 3537//3537
f 3498//3498 3501//3501 3535//3535 3534//3534
f 3503//3503 3531//3531 3535//3535 3501//3501
f 3536//3536 3535//3535 3531//3531 3530//3530
f 3538//3538 3539//3539 3540//3540 3541//3541
f 3518//3518 3540//3540 3539//3539 3519//3519
f 3542//3542 3540//3540 3518//3518 3493//3493
f 3541//3541 3540//3540 3542//3542 3543//3543
f 3428//3428 3544//3544 3545//3545 3427//3427
f 3546//3546 3545//3545 3544//3544 3547//3547
f 3548//3548 3549//3549 3545//3545 3546//3546
f 3427//3427 3545//3545 3549//3549 3429//3429
f 3550//3550 3551//3551 3552//3552 3553//3553
f 3541//3541 3552//3552 3551//3551 3538//3538
f 3543//3543 3554//3554 3552//3552 3541//3541
f 3553//3553 3552//3552 3554//3554 3555//3555
f 3547//3547 3556//3556 3557//3557 3546//3546
f 3553//3553 3557//3557 3556//3556 3550//3550
f 3555//3555 3558//3558 3557//3557 3553//3553
f 3546//3546 3557//3557 3558//3558 3548//3548
f 3493//3493 3492//3492 3559//3559 3542//3542
f 3560//3560 3559//3559 3492//3492 3467//3467
f 3561//3561 3562//3562 3559//3559 3560//3560
f 3542//3542 3559//3559 3562//3562 3543//3543
f 3563//3563 3564//3564 3565//3565 3566//3566
f 3434//3434 3565//3565 3564//3564 3435//3435
f 3429//3429 3549//3549 3565//3565 3434//3434
f 3566//3566 3565//3565 3549//3549 3548//3548
f 3543//3543 3562//3562 3567//3567 3554//3554
f 3568//3568 3567//3567 3562//3562 3561//3561
f 3569//3569 3570//3570 3567//3567 3568//3568
f 3554//3554 3567//3567 3570//3570 3555//3555
f 3563//3563 3566//3566 3571//3571 3572//3572
f 3558//3558 3571//3571 3566//3566 3548//3548
f 3555//3555 3570//3570 3571//3571 3558//3558
f 3572//3572 3571//3571 3570//3570 3569//3569
f 3467//3467 3466//3466 3573//3573 3560//3560
f 3574//3574 3573//3573 3466//3466 3402//3402
f 3573//3573 3574//3574 3575//3575
f 3576//3576 3561//3561 3560//3560
f 3435//3435 3564//3564 3577//3577 3441//3441
f 3578//3578 3577//3577 3564//3564 3563//3563
f 3579//3579 3580//3580 3577//3577 3578//3578
f 3441//3441 3577//3577 3580//3580 3438//3438
f 3581//3581 3568//3568 3561//3561
f 3576//3576 3575//3575 3582//3582
f 3583//3583 3584//3584 3581//3581 3582//3582
f 3568//3568 3581//3581 3584//3584 3569//3569
f 3579//3579 3578//3578 3585//3585 3586//3586
f 3572//3572 3585//3585 3578//3578 3563//3563
f 3569//3569 3584//3584 3585//3585 3572//3572
f 3586//3586 3585//3585 3584//3584 3583//3583
f 3446//3446 3587//3587 3588//3588 3447//3447
f 3438//3438 3580//3580 3587//3587 3446//3446
f 3579//3579 3589//3589 3587//3587 3580//3580
f 3588//3588 3587//3587 3589//3589 3590//3590
f 3402//3402 3401//3401 3591//3591 3574//3574
f 3592//3592 3591//3591 3401//3401 3404//3404
f 3591//3591 3592//3592 3593//3593
f 3594//3594 3575//3575 3574//3574
f 3575//3575 3594//3594 3595//3595 3582//3582
f 3596//3596 3595//3595 3594//3594 3593//3593
f 3597//3597 3598//3598 3595//3595 3596//3596
f 3582//3582 3595//3595 3598//3598 3583//3583
f 3590//3590 3589//3589 3599//3599 3600//3600
f 3586//3586 3599//3599 3589//3589 3579//3579
f 3583//3583 3598//3598 3599//3599 3586//3586
f 3600//3600 3599//3599 3598//3598 3597//3597
f 3461//3461 3601//3601 3602//3602 3458//3458
f 3447//3447 3588//3588 3601//3601 3461//3461
f 3590//3590 3603//3603 3601//3601 3588//3588
f 3602//3602 3601//3601 3603//3603 3604//3604
f 3605//3605 3606//3606 3607//3607
f 3592//3592 3605//3605 3608//3608 3593//3593
f 3605//3605 3592//3592 3404//3404
f 3606//3606 3605//3605 3421//3421 3417//3417
f 3604//3604 3603//3603 3609//3609 3610//3610
f 3600//3600 3609//3609 3603//3603 3590//3590
f 3609//3609 3600//3600 3597//3597
f 3610//3610 3609//3609 3611//3611 3612//3612
f 3612//3612 3611//3611 3613//3613 3614//3614
f 3596//3596 3613//3613 3611//3611 3597//3597
f 3593//3593 3608//3608 3613//3613 3596//3596
f 3614//3614 3613//3613 3608//3608 3607//3607
f 3328//3328 3324//3324 3615//3615 3616//3616
f 3363//3363 3615//3615 3324//3324 3323//3323
f 3364//3364 3617//3617 3615//3615 3363//3363
f 3616//3616 3615//3615 3617//3617 3618//3618
f 3619//3619 3620//3620 3621//3621
f 3074//3074 3619//3619 3622//3622 3075//3075
f 3619//3619 3074//3074 3078//3078
f 3620//3620 3619//3619 3176//3176 3175//3175
f 3616//3616 3623//3623 3624//3624 3328//3328
f 3618//3618 3625//3625 3623//3623 3616//3616
f 3626//3626 3623//3623 3625//3625 3627//3627
f 3628//3628 3624//3624 3623//3623 3626//3626
f 3181//3181 3184//3184 3629//3629 3630//3630
f 3186//3186 3196//3196 3629//3629 3184//3184
f 3631//3631 3629//3629 3196//3196 3195//3195
f 3630//3630 3629//3629 3631//3631 3628//3628
f 3628//3628 3632//3632 3633//3633 3630//3630
f 3620//3620 3633//3633 3632//3632 3621//3621
f 3175//3175 3182//3182 3633//3633 3620//3620
f 3630//3630 3633//3633 3182//3182 3181//3181
f 3627//3627 3634//3634 3635//3635 3626//3626
f 3621//3621 3632//3632 3635//3635 3634//3634
f 3626//3626 3635//3635 3632//3632 3628//3628
f 3195//3195 3290//3290 3636//3636 3631//3631
f 3327//3327 3636//3636 3290//3290 3289//3289
f 3328//3328 3624//3624 3636//3636 3327//3327
f 3631//3631 3636//3636 3624//3624 3628//3628
f 3476//3476 3499//3499 3637//3637 3479//3479
f 3499//3499 3498//3498 3638//3638
f 3639//3639 3640//3640 3637//3637 3638//3638
f 3479//3479 3637//3637 3640//3640 3481//3481
f 3638//3638 3641//3641 3642//3642 3639//3639
f 3534//3534 3641//3641 3638//3638 3498//3498
f 3537//3537 3643//3643 3641//3641 3534//3534
f 3644//3644 3642//3642 3641//3641 3643//3643
f 3645//3645 3644//3644 3643//3643
f 3646//3646 3647//3647 3643//3643 3537//3537
f 3648//3648 3645//3645 3647//3647
f 3649//3649 3650//3650 3648//3648
f 3537//3537 3536//3536 3649//3649 3646//3646
f 3530//3530 3651//3651 3649//3649 3536//3536
f 3651//3651 3652//3652 3650//3650
f 3652//3652 3651//3651 3653//3653 3654//3654
f 3533//3533 3653//3653 3651//3651 3530//3530
f 3526//3526 3655//3655 3653//3653 3533//3533
f 3654//3654 3653//3653 3655//3655 3656//3656
f 3656//3656 3655//3655 3657//3657 3658//3658
f 3529//3529 3657//3657 3655//3655 3526//3526
f 3520//3520 3659//3659 3657//3657 3529//3529
f 3658//3658 3657//3657 3659//3659 3660//3660
f 3660//3660 3659//3659 3661//3661 3662//3662
f 3523//3523 3661//3661 3659//3659 3520//3520
f 3525//3525 3663//3663 3661//3661 3523//3523
f 3662//3662 3661//3661 3663//3663 3664//3664
f 3665//3665 3666//3666 3667//3667 3668//3668
f 3662//3662 3666//3666 3665//3665 3660//3660
f 3664//3664 3667//3667 3666//3666 3662//3662
f 3669//3669 3670//3670 3671//3671 3672//3672
f 3658//3658 3671//3671 3670//3670 3656//3656
f 3660//3660 3665//3665 3671//3671 3658//3658
f 3672//3672 3671//3671 3665//3665 3668//3668
f 3673//3673 3674//3674 3675//3675 3676//3676
f 3654//3654 3675//3675 3674//3674 3652//3652
f 3656//3656 3670//3670 3675//3675 3654//3654
f 3676//3676 3675//3675 3670//3670 3669//3669
f 3650//3650 3677//3677 3678//3678 3648//3648
f 3652//3652 3674//3674 3677//3677 3650//3650
f 3673//3673 3679//3679 3677//3677 3674//3674
f 3678//3678 3677//3677 3679//3679 3680//3680
f 3681//3681 3682//3682 3683//3683
f 3644//3644 3645//3645 3684//3684 3683//3683
f 3648//3648 3678//3678 3684//3684 3645//3645
f 3680//3680 3681//3681 3684//3684 3678//3678
f 3639//3639 3642//3642 3685//3685 3686//3686
f 3683//3683 3685//3685 3642//3642 3644//3644
f 3685//3685 3683//3683 3682//3682
f 3687//3687 3688//3688 3686//3686
f 3689//3689 3690//3690 3691//3691
f 3640//3640 3689//3689 3692//3692 3481//3481
f 3686//3686 3689//3689 3640//3640 3639//3639
f 3688//3688 3690//3690 3689//3689 3686//3686
f 3693//3693 3483//3483 3481//3481
f 3692//3692 3691//3691 3694//3694
f 3695//3695 3696//3696 3693//3693 3694//3694
f 3696//3696 3268//3268 3483//3483
f 3268//3268 3696//3696 3697//3697 3267//3267
f 3698//3698 3697//3697 3696//3696 3695//3695
f 3699//3699 3700//3700 3697//3697 3698//3698
f 3267//3267 3697//3697 3700//3700 3269//3269
f 3269//3269 3700//3700 3701//3701 3272//3272
f 3702//3702 3701//3701 3700//3700 3699//3699
f 3701//3701 3702//3702 3703//3703
f 3272//3272 3701//3701 3704//3704 3273//3273
f 3286//3286 3283//3283 3705//3705 3706//3706
f 3276//3276 3705//3705 3283//3283 3277//3277
f 3273//3273 3704//3704 3705//3705 3276//3276
f 3706//3706 3705//3705 3704//3704 3703//3703
f 3707//3707 3708//3708 3709//3709
f 3710//3710 3711//3711 3709//3709 3712//3712
f 3713//3713 3707//3707 3711//3711 3710//3710
f 3703//3703 3714//3714 3715//3715 3706//3706
f 3716//3716 3715//3715 3714//3714 3708//3708
f 3717//3717 3718//3718 3715//3715 3716//3716
f 3706//3706 3715//3715 3718//3718 3286//3286
f 3286//3286 3718//3718 3719//3719 3285//3285
f 3720//3720 3719//3719 3718//3718 3717//3717
f 3721//3721 3722//3722 3719//3719 3720//3720
f 3285//3285 3719//3719 3722//3722 3287//3287
f 3287//3287 3722//3722 3723//3723 3724//3724
f 3725//3725 3723//3723 3722//3722 3721//3721
f 3726//3726 3727//3727 3723//3723 3725//3725
f 3724//3724 3723//3723 3727//3727 3728//3728
f 3729//3729 3730//3730 3728//3728
f 3729//3729 3727//3727 3726//3726
f 3731//3731 3729//3729 3732//3732 3733//3733
f 3729//3729 3731//3731 3734//3734 3730//3730
f 3735//3735 3736//3736 3737//3737 3738//3738
f 3174//3174 3737//3737 3736//3736 3171//3171
f 3170//3170 3282//3282 3737//3737 3174//3174
f 3738//3738 3737//3737 3282//3282 3281//3281
f 3281//3281 3288//3288 3739//3739 3738//3738
f 3288//3288 3287//3287 3724//3724
f 3739//3739 3724//3724 3728//3728
f 3738//3738 3739//3739 3740//3740 3735//3735
f 3735//3735 3740//3740 3741//3741 3742//3742
f 3730//3730 3741//3741 3740//3740 3728//3728
f 3734//3734 3743//3743 3741//3741 3730//3730
f 3742//3742 3741//3741 3743//3743 3744//3744
f 3745//3745 3138//3138 3136//3136 3172//3172
f 3746//3746 3745//3745 3172//3172 3171//3171
f 3747//3747 3748//3748 3745//3745 3746//3746
f 3140//3140 3138//3138 3745//3745 3748//3748
f 3171//3171 3736//3736 3749//3749 3746//3746
f 3742//3742 3749//3749 3736//3736 3735//3735
f 3744//3744 3750//3750 3749//3749 3742//3742
f 3746//3746 3749//3749 3750//3750 3747//3747
f 3744//3744 3751//3751 3752//3752 3750//3750
f 3753//3753 3754//3754 3752//3752 3751//3751
f 3747//3747 3750//3750 3752//3752 3754//3754
f 3734//3734 3755//3755 3756//3756 3743//3743
f 3757//3757 3756//3756 3755//3755 3758//3758
f 3753//3753 3751//3751 3756//3756 3757//3757
f 3743//3743 3756//3756 3751//3751 3744//3744
f 3759//3759 3716//3716 3708//3708
f 3707//3707 3713//3713 3760//3760
f 3761//3761 3762//3762 3759//3759 3760//3760
f 3716//3716 3759//3759 3762//3762 3717//3717
f 3763//3763 3764//3764 3765//3765 3766//3766
f 3767//3767 3765//3765 3764//3764 3768//3768
f 3769//3769 3770//3770 3765//3765 3767//3767
f 3766//3766 3765//3765 3770//3770 3713//3713
f 3761//3761 3760//3760 3771//3771 3772//3772
f 3760//3760 3713//3713 3770//3770
f 3772//3772 3771//3771 3770//3770 3769//3769
f 3717//3717 3762//3762 3773//3773 3720//3720
f 3774//3774 3773//3773 3762//3762 3761//3761
f 3775//3775 3776//3776 3773//3773 3774//3774
f 3720//3720 3773//3773 3776//3776 3721//3721
f 3775//3775 3774//3774 3777//3777 3778//3778
f 3772//3772 3777//3777 3774//3774 3761//3761
f 3769//3769 3779//3779 3777//3777 3772//3772
f 3778//3778 3777//3777 3779//3779 3780//3780
f 3780//3780 3779//3779 3781//3781 3782//3782
f 3767//3767 3781//3781 3779//3779 3769//3769
f 3768//3768 3783//3783 3781//3781 3767//3767
f 3782//3782 3781//3781 3783//3783 3784//3784
f 3785//3785 3725//3725 3721//3721
f 3786//3786 3785//3785 3776//3776 3775//3775
f 3787//3787 3785//3785 3786//3786 3788//3788
f 3726//3726 3725//3725 3785//3785 3787//3787
f 3788//3788 3786//3786 3789//3789 3790//3790
f 3778//3778 3789//3789 3786//3786 3775//3775
f 3780//3780 3791//3791 3789//3789 3778//3778
f 3790//3790 3789//3789 3791//3791 3792//3792
f 3792//3792 3791//3791 3793//3793 3794//3794
f 3782//3782 3793//3793 3791//3791 3780//3780
f 3784//3784 3795//3795 3793//3793 3782//3782
f 3794//3794 3793//3793 3795//3795 3796//3796
f 3763//3763 3797//3797 3798//3798 3764//3764
f 3799//3799 3798//3798 3797//3797 3800//3800
f 3801//3801 3802//3802 3798//3798 3799//3799
f 3768//3768 3764//3764 3798//3798 3802//3802
f 3802//3802 3803//3803 3783//3783 3768//3768
f 3804//3804 3803//3803 3802//3802 3801//3801
f 3805//3805 3806//3806 3803//3803 3804//3804
f 3783//3783 3803//3803 3806//3806 3784//3784
f 3784//3784 3806//3806 3807//3807 3795//3795
f 3808//3808 3807//3807 3806//3806 3805//3805
f 3809//3809 3810//3810 3807//3807 3808//3808
f 3795//3795 3807//3807 3810//3810 3796//3796
f 3796//3796 3810//3810 3811//3811 3812//3812
f 3813//3813 3811//3811 3810//3810 3809//3809
f 3814//3814 3815//3815 3811//3811 3813//3813
f 3812//3812 3811//3811 3815//3815 3816//3816
f 3809//3809 3817//3817 3818//3818 3813//3813
f 3819//3819 3818//3818 3817//3817 3820//3820
f 3821//3821 3822//3822 3818//3818 3819//3819
f 3813//3813 3818//3818 3822//3822 3814//3814
f 3823//3823 3712//3712 3824//3824
f 3824//3824 3825//3825 3826//3826
f 3827//3827 3823//3823 3828//3828 3826//3826
f 3712//3712 3823//3823 3829//3829 3710//3710
f 3830//3830 3829//3829 3823//3823 3827//3827
f 3831//3831 3832//3832 3829//3829 3830//3830
f 3710//3710 3829//3829 3832//3832 3713//3713
f 3800//3800 3797//3797 3833//3833 3834//3834
f 3766//3766 3833//3833 3797//3797 3763//3763
f 3713//3713 3832//3832 3833//3833 3766//3766
f 3834//3834 3833//3833 3832//3832 3831//3831
f 3834//3834 3835//3835 3836//3836 3800//3800
f 3837//3837 3835//3835 3834//3834 3831//3831
f 3838//3838 3836//3836 3835//3835 3837//3837
f 3800//3800 3836//3836 3839//3839 3799//3799
f 3840//3840 3839//3839 3836//3836 3838//3838
f 3841//3841 3842//3842 3839//3839 3840//3840
f 3799//3799 3839//3839 3842//3842 3801//3801
f 3801//3801 3842//3842 3843//3843 3804//3804
f 3844//3844 3843//3843 3842//3842 3841//3841
f 3845//3845 3846//3846 3843//3843 3844//3844
f 3804//3804 3843//3843 3846//3846 3805//3805
f 3820//3820 3817//3817 3847//3847 3848//3848
f 3808//3808 3847//3847 3817//3817 3809//3809
f 3805//3805 3846//3846 3847//3847 3808//3808
f 3848//3848 3847//3847 3846//3846 3845//3845
f 3825//3825 3849//3849 3850//3850 3826//3826
f 3851//3851 3850//3850 3849//3849 3852//3852
f 3853//3853 3854//3854 3850//3850 3851//3851
f 3826//3826 3850//3850 3854//3854 3827//3827
f 3827//3827 3854//3854 3855//3855 3830//3830
f 3856//3856 3855//3855 3854//3854 3853//3853
f 3857//3857 3858//3858 3855//3855 3856//3856
f 3830//3830 3855//3855 3858//3858 3831//3831
f 3859//3859 3860//3860 3861//3861 3862//3862
f 3863//3863 3859//3859 3862//3862 3864//3864
f 3863//3863 3857//3857 3856//3856
f 3853//3853 3860//3860 3859//3859 3856//3856
f 3831//3831 3858//3858 3865//3865 3837//3837
f 3866//3866 3865//3865 3858//3858 3857//3857
f 3867//3867 3868//3868 3865//3865 3866//3866
f 3837//3837 3865//3865 3868//3868 3838//3838
f 3866//3866 3869//3869 3870//3870 3867//3867
f 3857//3857 3863//3863 3869//3869 3866//3866
f 3864//3864 3871//3871 3869//3869 3863//3863
f 3870//3870 3869//3869 3871//3871 3872//3872
f 3838//3838 3868//3868 3873//3873 3840//3840
f 3874//3874 3873//3873 3868//3868 3867//3867
f 3875//3875 3876//3876 3873//3873 3874//3874
f 3840//3840 3873//3873 3876//3876 3841//3841
f 3877//3877 3878//3878 3879//3879 3880//3880
f 3874//3874 3879//3879 3878//3878 3875//3875
f 3867//3867 3870//3870 3879//3879 3874//3874
f 3880//3880 3879//3879 3870//3870 3872//3872
f 3841//3841 3876//3876 3881//3881 3844//3844
f 3882//3882 3881//3881 3876//3876 3875//3875
f 3883//3883 3884//3884 3881//3881 3882//3882
f 3844//3844 3881//3881 3884//3884 3845//3845
f 3885//3885 3886//3886 3887//3887 3888//3888
f 3882//3882 3887//3887 3886//3886 3883//3883
f 3875//3875 3878//3878 3887//3887 3882//3882
f 3878//3878 3877//3877 3888//3888
f 866//866 869//869 3889//3889 3890//3890
f 3891//3891 3889//3889 869//869 874//874
f 3892//3892 3893//3893 3889//3889 3891//3891
f 3890//3890 3889//3889 3893//3893 3894//3894
f 3895//3895 3896//3896 3897//3897 3898//3898
f 3899//3899 3897//3897 3896//3896 3900//3900
f 881//881 879//879 3897//3897 3899//3899
f 3898//3898 3897//3897 879//879 880//880
f 3901//3901 3902//3902 3903//3903 3904//3904
f 3898//3898 3903//3903 3902//3902 3895//3895
f 880//880 888//888 3903//3903 3898//3898
f 3904//3904 3903//3903 888//888 889//889
f 889//889 891//891 3905//3905 3904//3904
f 3890//3890 3905//3905 891//891 866//866
f 3894//3894 3906//3906 3905//3905 3890//3890
f 3904//3904 3905//3905 3906//3906 3901//3901
f 3900//3900 3896//3896 3907//3907 3908//3908
f 3909//3909 3907//3907 3896//3896 3895//3895
f 3910//3910 3911//3911 3907//3907 3909//3909
f 3908//3908 3907//3907 3911//3911 3912//3912
f 3913//3913 3914//3914 3915//3915 3916//3916
f 3909//3909 3915//3915 3914//3914 3910//3910
f 3895//3895 3902//3902 3915//3915 3909//3909
f 3916//3916 3915//3915 3902//3902 3901//3901
f 3901//3901 3906//3906 3917//3917 3916//3916
f 3906//3906 3894//3894 3918//3918
f 3919//3919 3920//3920 3917//3917 3918//3918
f 3916//3916 3917//3917 3920//3920 3913//3913
f 3912//3912 3911//3911 3921//3921 3922//3922
f 3923//3923 3921//3921 3911//3911 3910//3910
f 3924//3924 3925//3925 3921//3921 3923//3923
f 3922//3922 3921//3921 3925//3925 3926//3926
f 3852//3852 3849//3849 3927//3927 3928//3928
f 3929//3929 3927//3927 3849//3849 3825//3825
f 3930//3930 3931//3931 3927//3927 3929//3929
f 3928//3928 3927//3927 3931//3931 3932//3932
f 3926//3926 3925//3925 3933//3933 3934//3934
f 3935//3935 3933//3933 3925//3925 3924//3924
f 3936//3936 3937//3937 3933//3933 3935//3935
f 3934//3934 3933//3933 3937//3937 3938//3938
f 3939//3939 3940//3940 3941//3941 3942//3942
f 3923//3923 3941//3941 3940//3940 3924//3924
f 3910//3910 3914//3914 3941//3941 3923//3923
f 3942//3942 3941//3941 3914//3914 3913//3913
f 3936//3936 3935//3935 3943//3943 3944//3944
f 3924//3924 3940//3940 3943//3943 3935//3935
f 3943//3943 3940//3940 3939//3939
f 3913//3913 3920//3920 3945//3945 3942//3942
f 3946//3946 3945//3945 3920//3920 3919//3919
f 3945//3945 3946//3946 3947//3947
f 3942//3942 3945//3945 3948//3948 3939//3939
f 3949//3949 3944//3944 3939//3939
f 3948//3948 3947//3947 3950//3950
f 3951//3951 3952//3952 3949//3949 3950//3950
f 3952//3952 3936//3936 3944//3944
f 3932//3932 3931//3931 3953//3953 3954//3954
f 3955//3955 3953//3953 3931//3931 3930//3930
f 3938//3938 3937//3937 3953//3953 3955//3955
f 3954//3954 3953//3953 3937//3937 3936//3936
f 3894//3894 3893//3893 3956//3956 3918//3918
f 3957//3957 3956//3956 3893//3893 3892//3892
f 3958//3958 3959//3959 3956//3956 3957//3957
f 3918//3918 3956//3956 3959//3959 3919//3919
f 3919//3919 3959//3959 3960//3960 3946//3946
f 3959//3959 3958//3958 3961//3961
f 3962//3962 3963//3963 3960//3960 3961//3961
f 3946//3946 3960//3960 3963//3963 3947//3947
f 3962//3962 3961//3961 3964//3964 3965//3965
f 3961//3961 3958//3958 3966//3966
f 3967//3967 3968//3968 3964//3964 3966//3966
f 3965//3965 3964//3964 3968//3968 3969//3969
f 3970//3970 3971//3971 3972//3972 3973//3973
f 3954//3954 3972//3972 3971//3971 3932//3932
f 3936//3936 3952//3952 3972//3972 3954//3954
f 3973//3973 3972//3972 3952//3952 3951//3951
f 3951//3951 3950//3950 3974//3974 3973//3973
f 3963//3963 3974//3974 3950//3950 3947//3947
f 3962//3962 3975//3975 3974//3974 3963//3963
f 3973//3973 3974//3974 3975//3975 3970//3970
f 3861//3861 3860//3860 3976//3976 3977//3977
f 3851//3851 3976//3976 3860//3860 3853//3853
f 3852//3852 3978//3978 3976//3976 3851//3851
f 3977//3977 3976//3976 3978//3978 3979//3979
f 3980//3980 3981//3981 3982//3982 3983//3983
f 3981//3981 3970//3970 3975//3975
f 3975//3975 3962//3962 3965//3965
f 3965//3965 3969//3969 3983//3983
f 3979//3979 3978//3978 3984//3984 3985//3985
f 3978//3978 3852//3852 3928//3928
f 3932//3932 3971//3971 3984//3984 3928//3928
f 3985//3985 3984//3984 3971//3971 3970//3970
f 3985//3985 3986//3986 3987//3987 3979//3979
f 3970//3970 3981//3981 3986//3986 3985//3985
f 3980//3980 3987//3987 3986//3986 3981//3981
f 3988//3988 3989//3989 3990//3990 3991//3991
f 3362//3362 3990//3990 3989//3989 3359//3359
f 3366//3366 3992//3992 3990//3990 3362//3362
f 3991//3991 3990//3990 3992//3992 3993//3993
f 3993//3993 3992//3992 3994//3994 3995//3995
f 3368//3368 3994//3994 3992//3992 3366//3366
f 3370//3370 3996//3996 3994//3994 3368//3368
f 3995//3995 3994//3994 3996//3996 3997//3997
f 3998//3998 3999//3999 4000//4000 4001//4001
f 3996//3996 3999//3999 3998//3998 3997//3997
f 3372//3372 3999//3999 3996//3996 3370//3370
f 3374//3374 4000//4000 3999//3999 3372//3372
f 4001//4001 4000//4000 4002//4002 4003//4003
f 3376//3376 4002//4002 4000//4000 3374//3374
f 3378//3378 4004//4004 4002//4002 3376//3376
f 4003//4003 4002//4002 4004//4004 4005//4005
f 4005//4005 4004//4004 4006//4006 4007//4007
f 3380//3380 4006//4006 4004//4004 3378//3378
f 3382//3382 4008//4008 4006//4006 3380//3380
f 4007//4007 4006//4006 4008//4008 4009//4009
f 4009//4009 4008//4008 4010//4010 4011//4011
f 3384//3384 4010//4010 4008//4008 3382//3382
f 3386//3386 4012//4012 4010//4010 3384//3384
f 4011//4011 4010//4010 4012//4012 4013//4013
f 4013//4013 4012//4012 4014//4014 4015//4015
f 3388//3388 4014//4014 4012//4012 3386//3386
f 3390//3390 4016//4016 4014//4014 3388//3388
f 4015//4015 4014//4014 4016//4016 4017//4017
f 4017//4017 4016//4016 4018//4018 4019//4019
f 3392//3392 4018//4018 4016//4016 3390//3390
f 3394//3394 4020//4020 4018//4018 3392//3392
f 4019//4019 4018//4018 4020//4020 4021//4021
f 4022//4022 4023//4023 4024//4024 4025//4025
f 4020//4020 4024//4024 4023//4023 4021//4021
f 3396//3396 4024//4024 4020//4020 3394//3394
f 3398//3398 4025//4025 4024//4024 3396//3396
f 4026//4026 4027//4027 4028//4028 4029//4029
f 4023//4023 4027//4027 4026//4026 4021//4021
f 4030//4030 4027//4027 4023//4023 4022//4022
f 4031//4031 4028//4028 4027//4027 4030//4030
f 4032//4032 4033//4033 4034//4034 4035//4035
f 4036//4036 4034//4034 4033//4033 4037//4037
f 3988//3988 3991//3991 4034//4034 4036//4036
f 4035//4035 4034//4034 3991//3991 3993//3993
f 4038//4038 4039//4039 4040//4040 4041//4041
f 4035//4035 4040//4040 4039//4039 4032//4032
f 3993//3993 3995//3995 4040//4040 4035//4035
f 4041//4041 4040//4040 3995//3995 3997//3997
f 4042//4042 4043//4043 4044//4044 4045//4045
f 4041//4041 4044//4044 4043//4043 4038//4038
f 3997//3997 3998//3998 4044//4044 4041//4041
f 4045//4045 4044//4044 3998//3998 4001//4001
f 4046//4046 4047//4047 4048//4048 4049//4049
f 4045//4045 4048//4048 4047//4047 4042//4042
f 4001//4001 4003//4003 4048//4048 4045//4045
f 4005//4005 4049//4049 4048//4048 4003//4003
f 4050//4050 4051//4051 4052//4052 4053//4053
f 4049//4049 4052//4052 4051//4051 4046//4046
f 4007//4007 4052//4052 4049//4049 4005//4005
f 4009//4009 4053//4053 4052//4052 4007//4007
f 4054//4054 4055//4055 4056//4056 4057//4057
f 4053//4053 4056//4056 4055//4055 4050//4050
f 4011//4011 4056//4056 4053//4053 4009//4009
f 4013//4013 4057//4057 4056//4056 4011//4011
f 4054//4054 4057//4057 4058//4058 4059//4059
f 4015//4015 4058//4058 4057//4057 4013//4013
f 4017//4017 4060//4060 4058//4058 4015//4015
f 4059//4059 4058//4058 4060//4060 4061//4061
f 4062//4062 4063//4063 4064//4064
f 4061//4061 4060//4060 4065//4065 4064//4064
f 4019//4019 4065//4065 4060//4060 4017//4017
f 4062//4062 4065//4065 4019//4019 4021//4021
f 4063//4063 4062//4062 4066//4066 4067//4067
f 4026//4026 4066//4066 4062//4062 4021//4021
f 4029//4029 4068//4068 4066//4066 4026//4026
f 4067//4067 4066//4066 4068//4068 4069//4069
f 4037//4037 4033//4033 4070//4070 4071//4071
f 4072//4072 4070//4070 4033//4033 4032//4032
f 4073//4073 4074//4074 4070//4070 4072//4072
f 4071//4071 4070//4070 4074//4074 4075//4075
f 4032//4032 4039//4039 4076//4076 4072//4072
f 4077//4077 4076//4076 4039//4039 4038//4038
f 4078//4078 4079//4079 4076//4076 4077//4077
f 4072//4072 4076//4076 4079//4079 4073//4073
f 4038//4038 4043//4043 4080//4080 4077//4077
f 4081//4081 4080//4080 4043//4043 4042//4042
f 4082//4082 4083//4083 4080//4080 4081//4081
f 4077//4077 4080//4080 4083//4083 4078//4078
f 4042//4042 4047//4047 4084//4084 4081//4081
f 4085//4085 4084//4084 4047//4047 4046//4046
f 4086//4086 4087//4087 4084//4084 4085//4085
f 4081//4081 4084//4084 4087//4087 4082//4082
f 4088//4088 4089//4089 4090//4090 4091//4091
f 4092//4092 4090//4090 4089//4089 4093//4093
f 4075//4075 4074//4074 4090//4090 4092//4092
f 4091//4091 4090//4090 4074//4074 4073//4073
f 4094//4094 4095//4095 4096//4096 4097//4097
f 4091//4091 4094//4094 4097//4097 4088//4088
f 4073//4073 4079//4079 4094//4094 4091//4091
f 4095//4095 4094//4094 4079//4079 4078//4078
f 4098//4098 4099//4099 4100//4100 4101//4101
f 4096//4096 4095//4095 4099//4099 4098//4098
f 4078//4078 4083//4083 4099//4099 4095//4095
f 4100//4100 4099//4099 4083//4083 4082//4082
f 4102//4102 1091//1091 1090//1090 4103//4103
f 4104//4104 4105//4105 4102//4102 4103//4103
f 4106//4106 4102//4102 4105//4105 4107//4107
f 1091//1091 4102//4102 4106//4106 1093//1093
f 1093//1093 4106//4106 4108//4108 1097//1097
f 4109//4109 4108//4108 4106//4106 4107//4107
f 4110//4110 4111//4111 4108//4108 4109//4109
f 1097//1097 4108//4108 4111//4111 1100//1100
f 1100//1100 4111//4111 4112//4112 1103//1103
f 4113//4113 4112//4112 4111//4111 4110//4110
f 4114//4114 4115//4115 4112//4112 4113//4113
f 1103//1103 4112//4112 4115//4115 1106//1106
f 1106//1106 4115//4115 4116//4116 1109//1109
f 4117//4117 4116//4116 4115//4115 4114//4114
f 4118//4118 4119//4119 4116//4116 4117//4117
f 1109//1109 4116//4116 4119//4119 1112//1112
f 1112//1112 4119//4119 4120//4120 1115//1115
f 4121//4121 4120//4120 4119//4119 4118//4118
f 4122//4122 4123//4123 4120//4120 4121//4121
f 1115//1115 4120//4120 4123//4123 1118//1118
f 1118//1118 4123//4123 4124//4124 1121//1121
f 4125//4125 4124//4124 4123//4123 4122//4122
f 4126//4126 4127//4127 4124//4124 4125//4125
f 4124//4124 4127//4127 1123//1123 1121//1121
f 1128//1128 4128//4128 4129//4129 1129//1129
f 4128//4128 1128//1128 1123//1123 4127//4127
f 4130//4130 4128//4128 4127//4127 4126//4126
f 4131//4131 4129//4129 4128//4128 4130//4130
f 4132//4132 4133//4133 4134//4134 4135//4135
f 1133//1133 4134//4134 4133//4133 1136//1136
f 1129//1129 4129//4129 4134//4134 1133//1133
f 4135//4135 4134//4134 4129//4129 4131//4131
f 1139//1139 1142//1142 4136//4136 4137//4137
f 4136//4136 1142//1142 1136//1136 4133//4133
f 4138//4138 4136//4136 4133//4133 4132//4132
f 4139//4139 4137//4137 4136//4136 4138//4138
f 4140//4140 1146//1146 1139//1139 4137//4137
f 4141//4141 4140//4140 4137//4137 4139//4139
f 4142//4142 4143//4143 4140//4140 4141//4141
f 1146//1146 4140//4140 4143//4143 1148//1148
f 4144//4144 4145//4145 4146//4146 4147//4147
f 4146//4146 4145//4145 4148//4148 4149//4149
f 4109//4109 4146//4146 4149//4149 4110//4110
f 4147//4147 4146//4146 4109//4109 4107//4107
f 4148//4148 4150//4150 4151//4151 4152//4152
f 4097//4097 4151//4151 4150//4150 4088//4088
f 4096//4096 4153//4153 4151//4151 4097//4097
f 4152//4152 4151//4151 4153//4153 4154//4154
f 4154//4154 4155//4155 4156//4156 4152//4152
f 4113//4113 4156//4156 4155//4155 4114//4114
f 4110//4110 4149//4149 4156//4156 4113//4113
f 4152//4152 4156//4156 4149//4149 4148//4148
f 4154//4154 4153//4153 4157//4157 4158//4158
f 4098//4098 4157//4157 4153//4153 4096//4096
f 4101//4101 4159//4159 4157//4157 4098//4098
f 4158//4158 4157//4157 4159//4159 4160//4160
f 4160//4160 4161//4161 4162//4162 4158//4158
f 4117//4117 4162//4162 4161//4161 4118//4118
f 4114//4114 4155//4155 4162//4162 4117//4117
f 4158//4158 4162//4162 4155//4155 4154//4154
f 4118//4118 4161//4161 4163//4163 4121//4121
f 4164//4164 4163//4163 4161//4161 4160//4160
f 4165//4165 4166//4166 4163//4163 4164//4164
f 4121//4121 4163//4163 4166//4166 4122//4122
f 4125//4125 4167//4167 4168//4168 4126//4126
f 4122//4122 4166//4166 4167//4167 4125//4125
f 4169//4169 4167//4167 4166//4166 4165//4165
f 4170//4170 4168//4168 4167//4167 4169//4169
f 4171//4171 4172//4172 4173//4173 4174//4174
f 4130//4130 4173//4173 4172//4172 4131//4131
f 4126//4126 4168//4168 4173//4173 4130//4130
f 4174//4174 4173//4173 4168//4168 4170//4170
f 4175//4175 4176//4176 4177//4177 4178//4178
f 4135//4135 4177//4177 4176//4176 4132//4132
f 4131//4131 4172//4172 4177//4177 4135//4135
f 4178//4178 4177//4177 4172//4172 4171//4171
f 4179//4179 4180//4180 4181//4181 4182//4182
f 4138//4138 4181//4181 4180//4180 4139//4139
f 4132//4132 4176//4176 4181//4181 4138//4138
f 4182//4182 4181//4181 4176//4176 4175//4175
f 4183//4183 4184//4184 4185//4185
f 4186//4186 4183//4183 4187//4187 4093//4093
f 4144//4144 4188//4188 4183//4183 4186//4186
f 4184//4184 4183//4183 4188//4188 4189//4189
f 4107//4107 4105//4105 4190//4190 4147//4147
f 4191//4191 4190//4190 4105//4105 4104//4104
f 4189//4189 4188//4188 4190//4190 4191//4191
f 4147//4147 4190//4190 4188//4188 4144//4144
f 4093//4093 4089//4089 4192//4192 4186//4186
f 4150//4150 4192//4192 4089//4089 4088//4088
f 4148//4148 4145//4145 4192//4192 4150//4150
f 4186//4186 4192//4192 4145//4145 4144//4144
f 3416//3416 3413//3413 4193//4193 4194//4194
f 3410//3410 4193//4193 3413//3413 3411//3411
f 3039//3039 4195//4195 4193//4193 3410//3410
f 4194//4194 4193//4193 4195//4195 4196//4196
f 4195//4195 4197//4197 4198//4198 4196//4196
f 3042//3042 4197//4197 4195//4195 3039//3039
f 3044//3044 3076//3076 4197//4197 3042//3042
f 4198//4198 4197//4197 3076//3076 3075//3075
f 4199//4199 3607//3607 3606//3606
f 3415//3415 4200//4200 3606//3606 3417//3417
f 3416//3416 4201//4201 4200//4200 3415//3415
f 4202//4202 4199//4199 4200//4200 4201//4201
f 4203//4203 4204//4204 4205//4205
f 4205//4205 4196//4196 4198//4198
f 3075//3075 3622//3622 4206//4206 4198//4198
f 3622//3622 3621//3621 4203//4203
f 4207//4207 4208//4208 4209//4209 4210//4210
f 4208//4208 4202//4202 4201//4201
f 3416//3416 4194//4194 4209//4209 4201//4201
f 4210//4210 4209//4209 4194//4194 4196//4196
f 4210//4210 4211//4211 4212//4212 4207//4207
f 4196//4196 4205//4205 4211//4211 4210//4210
f 4204//4204 4212//4212 4211//4211 4205//4205
f 3607//3607 4199//4199 4213//4213 3614//3614
f 4199//4199 4202//4202 4214//4214
f 4215//4215 4216//4216 4213//4213 4214//4214
f 3614//3614 4213//4213 4216//4216 3612//3612
f 4204//4204 4203//4203 4217//4217 4218//4218
f 3634//3634 4217//4217 4203//4203 3621//3621
f 3627//3627 4219//4219 4217//4217 3634//3634
f 4218//4218 4217//4217 4219//4219 4220//4220
f 4221//4221 4222//4222 4223//4223 4224//4224
f 4214//4214 4223//4223 4222//4222 4215//4215
f 4202//4202 4208//4208 4223//4223 4214//4214
f 4224//4224 4223//4223 4208//4208 4207//4207
f 4207//4207 4212//4212 4225//4225 4224//4224
f 4218//4218 4225//4225 4212//4212 4204//4204
f 4220//4220 4226//4226 4225//4225 4218//4218
f 4224//4224 4225//4225 4226//4226 4221//4221
f 4227//4227 4219//4219 3627//3627 3625//3625
f 4228//4228 4227//4227 3625//3625 3618//3618
f 4229//4229 4227//4227 4228//4228 4230//4230
f 4220//4220 4219//4219 4227//4227 4229//4229
f 4231//4231 4232//4232 4233//4233 4234//4234
f 3610//3610 4233//4233 4232//4232 3604//3604
f 3612//3612 4216//4216 4233//4233 3610//3610
f 4234//4234 4233//4233 4216//4216 4215//4215
f 4235//4235 4236//4236 4237//4237 4238//4238
f 4234//4234 4237//4237 4236//4236 4231//4231
f 4215//4215 4222//4222 4237//4237 4234//4234
f 4238//4238 4237//4237 4222//4222 4221//4221
f 4230//4230 4239//4239 4240//4240 4229//4229
f 4238//4238 4240//4240 4239//4239 4235//4235
f 4221//4221 4226//4226 4240//4240 4238//4238
f 4229//4229 4240//4240 4226//4226 4220//4220
f 3458//3458 3602//3602 4241//4241 4242//4242
f 3602//3602 3604//3604 4232//4232
f 4231//4231 4243//4243 4241//4241 4232//4232
f 4242//4242 4241//4241 4243//4243 4244//4244
f 4244//4244 4245//4245 4246//4246 4242//4242
f 3455//3455 3459//3459 4246//4246 4245//4245
f 4242//4242 4246//4246 3459//3459 3458//3458
f 4230//4230 4228//4228 4247//4247 4248//4248
f 4247//4247 4228//4228 3618//3618
f 4249//4249 4247//4247 3617//3617 3364//3364
f 4248//4248 4247//4247 4249//4249 4250//4250
f 4251//4251 4252//4252 4253//4253 4254//4254
f 4243//4243 4253//4253 4252//4252 4244//4244
f 4231//4231 4236//4236 4253//4253 4243//4243
f 4254//4254 4253//4253 4236//4236 4235//4235
f 4235//4235 4239//4239 4255//4255 4254//4254
f 4248//4248 4255//4255 4239//4239 4230//4230
f 4250//4250 4256//4256 4255//4255 4248//4248
f 4256//4256 4251//4251 4254//4254
f 3455//3455 4245//4245 4257//4257 3456//3456
f 4258//4258 4257//4257 4245//4245 4244//4244
f 4259//4259 4260//4260 4257//4257 4258//4258
f 3456//3456 4257//4257 4260//4260 3457//3457
f 4261//4261 4262//4262 4263//4263 4264//4264
f 4249//4249 4263//4263 4262//4262 4250//4250
f 3364//3364 3360//3360 4263//4263 4249//4249
f 4264//4264 4263//4263 3360//3360 3359//3359
f 4259//4259 4258//4258 4265//4265 4266//4266
f 4252//4252 4265//4265 4258//4258 4244//4244
f 4265//4265 4252//4252 4251//4251 4267//4267
f 4266//4266 4265//4265 4267//4267 4268//4268
f 4251//4251 4256//4256 4269//4269 4267//4267
f 4269//4269 4256//4256 4250//4250 4262//4262
f 4270//4270 4269//4269 4262//4262 4261//4261
f 4267//4267 4269//4269 4270//4270 4268//4268
f 4271//4271 4272//4272 4273//4273 4274//4274
f 3453//3453 4272//4272 4271//4271 3450//3450
f 3457//3457 4275//4275 4272//4272 3453//3453
f 4276//4276 4273//4273 4272//4272 4275//4275
f 4277//4277 4278//4278 4279//4279 4280//4280
f 4264//4264 4279//4279 4278//4278 4261//4261
f 3359//3359 3989//3989 4279//4279 4264//4264
f 4280//4280 4279//4279 3989//3989 3988//3988
f 3457//3457 4260//4260 4281//4281 4275//4275
f 4259//4259 4282//4282 4281//4281 4260//4260
f 4275//4275 4281//4281 4282//4282 4276//4276
f 4283//4283 4284//4284 4274//4274
f 4285//4285 4283//4283 4273//4273 4276//4276
f 4286//4286 4287//4287 4283//4283 4285//4285
f 4284//4284 4283//4283 4287//4287 4185//4185
f 4189//4189 4288//4288 4289//4289 4184//4184
f 4288//4288 4274//4274 4284//4284
f 4289//4289 4284//4284 4185//4185 4184//4184
f 4280//4280 4290//4290 4291//4291 4277//4277
f 3988//3988 4036//4036 4290//4290 4280//4280
f 4037//4037 4292//4292 4290//4290 4036//4036
f 4291//4291 4290//4290 4292//4292 4185//4185
f 4293//4293 4294//4294 4287//4287 4286//4286
f 4277//4277 4291//4291 4294//4294 4293//4293
f 4287//4287 4294//4294 4291//4291 4185//4185
f 4037//4037 4071//4071 4295//4295 4292//4292
f 4092//4092 4295//4295 4071//4071 4075//4075
f 4093//4093 4187//4187 4295//4295 4092//4092
f 4187//4187 4185//4185 4292//4292
f 4261//4261 4278//4278 4296//4296 4270//4270
f 4293//4293 4296//4296 4278//4278 4277//4277
f 4286//4286 4297//4297 4296//4296 4293//4293
f 4270//4270 4296//4296 4297//4297 4268//4268
f 4276//4276 4282//4282 4298//4298 4285//4285
f 4266//4266 4298//4298 4282//4282 4259//4259
f 4268//4268 4297//4297 4298//4298 4266//4266
f 4285//4285 4298//4298 4297//4297 4286//4286
f 4299//4299 4300//4300 4274//4274
f 4191//4191 4299//4299 4288//4288 4189//4189
f 4104//4104 4301//4301 4299//4299 4191//4191
f 4300//4300 4299//4299 4301//4301 4302//4302
f 1312//1312 4303//4303 4304//4304 1313//1313
f 4301//4301 4304//4304 4303//4303 4302//4302
f 4103//4103 4304//4304 4301//4301 4104//4104
f 1313//1313 4304//4304 4103//4103 1090//1090
f 4305//4305 4306//4306 4307//4307 4308//4308
f 3423//3423 3426//3426 4306//4306 4305//4305
f 3431//3431 4309//4309 4306//4306 3426//3426
f 4307//4307 4306//4306 4309//4309 4310//4310
f 4310//4310 4309//4309 4311//4311 4312//4312
f 3433//3433 4311//4311 4309//4309 3431//3431
f 3437//3437 4313//4313 4311//4311 3433//3433
f 4312//4312 4311//4311 4313//4313 4314//4314
f 4314//4314 4313//4313 4315//4315 4316//4316
f 3442//3442 4315//4315 4313//4313 3437//3437
f 3443//3443 4317//4317 4315//4315 3442//3442
f 4316//4316 4315//4315 4317//4317 4318//4318
f 4318//4318 4317//4317 4319//4319 4320//4320
f 3445//3445 4319//4319 4317//4317 3443//3443
f 3449//3449 3451//3451 4319//4319 3445//3445
f 4320//4320 4319//4319 3451//3451 3450//3450
f 3450//3450 4271//4271 4321//4321 4320//4320
f 4300//4300 4321//4321 4271//4271 4274//4274
f 4302//4302 4322//4322 4321//4321 4300//4300
f 4320//4320 4321//4321 4322//4322 4318//4318
f 4323//4323 4324//4324 4325//4325 4326//4326
f 4316//4316 4325//4325 4324//4324 4314//4314
f 4325//4325 4316//4316 4318//4318
f 4326//4326 4325//4325 4327//4327 4328//4328
f 4322//4322 4329//4329 4327//4327 4318//4318
f 4330//4330 4329//4329 4322//4322 4302//4302
f 4328//4328 4327//4327 4329//4329 4330//4330
f 4331//4331 4330//4330 4302//4302
f 4303//4303 1312//1312 1341//1341
f 1340//1340 4332//4332 4331//4331 1341//1341
f 4330//4330 4331//4331 4332//4332 4328//4328
f 4328//4328 4332//4332 4333//4333 4326//4326
f 4332//4332 1340//1340 1347//1347
f 1346//1346 4334//4334 4333//4333 1347//1347
f 4326//4326 4333//4333 4334//4334 4323//4323
f 4335//4335 4336//4336 4337//4337 4338//4338
f 3891//3891 4337//4337 4336//4336 3892//3892
f 874//874 1352//1352 4337//4337 3891//3891
f 4338//4338 4337//4337 1352//1352 1353//1353
f 4339//4339 4340//4340 4341//4341 4342//4342
f 3957//3957 4341//4341 4340//4340 3958//3958
f 3892//3892 4336//4336 4341//4341 3957//3957
f 4342//4342 4341//4341 4336//4336 4335//4335
f 3958//3958 4340//4340 4343//4343 3966//3966
f 4344//4344 4343//4343 4340//4340 4339//4339
f 4345//4345 4346//4346 4343//4343 4344//4344
f 3966//3966 4343//4343 4346//4346 3967//3967
f 3967//3967 4346//4346 4347//4347 3968//3968
f 4346//4346 4345//4345 4348//4348
f 4349//4349 4350//4350 4347//4347 4348//4348
f 3968//3968 4347//4347 4350//4350 3969//3969
f 3969//3969 4350//4350 4351//4351 3983//3983
f 4352//4352 4351//4351 4350//4350 4349//4349
f 4353//4353 4354//4354 4351//4351 4352//4352
f 3983//3983 4351//4351 4354//4354 3980//3980
f 4355//4355 4356//4356 4357//4357
f 3987//3987 4355//4355 4358//4358 3979//3979
f 3980//3980 4354//4354 4355//4355 3987//3987
f 4356//4356 4355//4355 4354//4354 4353//4353
f 4358//4358 4359//4359 3977//3977 3979//3979
f 4360//4360 4359//4359 4358//4358 4357//4357
f 4361//4361 4362//4362 4359//4359 4360//4360
f 3861//3861 3977//3977 4359//4359 4362//4362
f 3864//3864 3862//3862 4363//4363 4364//4364
f 4362//4362 4363//4363 3862//3862 3861//3861
f 4361//4361 4365//4365 4363//4363 4362//4362
f 4364//4364 4363//4363 4365//4365 4366//4366
f 3872//3872 3871//3871 4367//4367 4368//4368
f 4364//4364 4367//4367 3871//3871 3864//3864
f 4366//4366 4369//4369 4367//4367 4364//4364
f 4368//4368 4367//4367 4369//4369 4370//4370
f 3872//3872 4368//4368 4371//4371 3880//3880
f 4370//4370 4372//4372 4371//4371 4368//4368
f 4373//4373 4371//4371 4372//4372 4374//4374
f 3880//3880 4371//4371 4373//4373 3877//3877
f 3885//3885 3888//3888 4375//4375 4376//4376
f 4373//4373 4375//4375 3888//3888 3877//3877
f 4374//4374 4377//4377 4375//4375 4373//4373
f 4376//4376 4375//4375 4377//4377 4378//4378
f 4349//4349 4379//4379 4380//4380 4352//4352
f 4381//4381 4380//4380 4379//4379 4382//4382
f 4383//4383 4384//4384 4380//4380 4381//4381
f 4352//4352 4380//4380 4384//4384 4353//4353
f 4353//4353 4384//4384 4385//4385 4356//4356
f 4386//4386 4385//4385 4384//4384 4383//4383
f 4387//4387 4388//4388 4385//4385 4386//4386
f 4356//4356 4385//4385 4388//4388 4357//4357
f 4357//4357 4388//4388 4389//4389 4360//4360
f 4390//4390 4389//4389 4388//4388 4387//4387
f 4391//4391 4392//4392 4389//4389 4390//4390
f 4360//4360 4389//4389 4392//4392 4361//4361
f 4393//4393 4394//4394 4392//4392 4391//4391
f 4395//4395 4394//4394 4393//4393 4396//4396
f 4366//4366 4365//4365 4394//4394 4395//4395
f 4361//4361 4392//4392 4394//4394 4365//4365
f 4370//4370 4369//4369 4397//4397 4398//4398
f 4395//4395 4397//4397 4369//4369 4366//4366
f 4396//4396 4399//4399 4397//4397 4395//4395
f 4398//4398 4397//4397 4399//4399 4400//4400
f 4374//4374 4372//4372 4401//4401 4402//4402
f 4398//4398 4401//4401 4372//4372 4370//4370
f 4400//4400 4403//4403 4401//4401 4398//4398
f 4403//4403 4404//4404 4402//4402
f 4378//4378 4377//4377 4405//4405 4406//4406
f 4402//4402 4405//4405 4377//4377 4374//4374
f 4404//4404 4407//4407 4405//4405 4402//4402
f 4406//4406 4405//4405 4407//4407 4408//4408
f 3796//3796 3812//3812 4409//4409 3794//3794
f 4410//4410 4409//4409 3812//3812 3816//3816
f 4411//4411 4412//4412 4409//4409 4410//4410
f 3794//3794 4409//4409 4412//4412 3792//3792
f 3814//3814 3822//3822 4413//4413 4414//4414
f 4415//4415 4413//4413 3822//3822 3821//3821
f 4416//4416 4417//4417 4413//4413 4415//4415
f 4414//4414 4413//4413 4417//4417 4418//4418
f 4419//4419 4420//4420 4421//4421 4422//4422
f 3815//3815 4421//4421 4420//4420 3816//3816
f 4414//4414 4421//4421 3815//3815 3814//3814
f 4421//4421 4414//4414 4418//4418 4422//4422
f 4423//4423 3788//3788 3790//3790
f 3792//3792 4412//4412 4424//4424 3790//3790
f 4425//4425 4424//4424 4412//4412 4411//4411
f 4426//4426 4423//4423 4424//4424
f 4427//4427 4428//4428 4429//4429 4430//4430
f 4410//4410 4429//4429 4428//4428 4411//4411
f 3816//3816 4420//4420 4429//4429 4410//4410
f 4419//4419 4430//4430 4429//4429 4420//4420
f 4431//4431 4432//4432 4433//4433 4434//4434
f 4430//4430 4433//4433 4432//4432 4427//4427
f 4422//4422 4433//4433 4430//4430 4419//4419
f 4418//4418 4434//4434 4433//4433 4422//4422
f 4435//4435 4436//4436 4437//4437 4438//4438
f 4431//4431 4434//4434 4436//4436 4435//4435
f 4418//4418 4417//4417 4436//4436 4434//4434
f 4417//4417 4416//4416 4437//4437
f 3820//3820 3848//3848 4439//4439 4440//4440
f 3848//3848 3845//3845 4441//4441
f 4439//4439 4441//4441 4442//4442
f 4440//4440 4439//4439 4443//4443 4444//4444
f 4445//4445 4446//4446 4442//4442
f 4441//4441 3845//3845 3884//3884
f 3883//3883 4447//4447 4445//4445 3884//3884
f 4447//4447 4448//4448 4446//4446
f 3885//3885 4449//4449 4450//4450 3886//3886
f 4451//4451 4450//4450 4449//4449 4452//4452
f 4450//4450 4451//4451 4448//4448
f 3886//3886 4450//4450 4447//4447 3883//3883
f 4452//4452 4449//4449 4453//4453 4454//4454
f 4376//4376 4453//4453 4449//4449 3885//3885
f 4378//4378 4455//4455 4453//4453 4376//4376
f 4454//4454 4453//4453 4455//4455 4456//4456
f 4455//4455 4378//4378 4406//4406
f 4457//4457 4458//4458 4406//4406 4408//4408
f 4459//4459 4460//4460 4458//4458 4457//4457
f 4456//4456 4455//4455 4458//4458 4460//4460
f 4461//4461 4462//4462 4463//4463 4464//4464
f 4463//4463 4462//4462 4465//4465
f 4456//4456 4460//4460 4463//4463 4466//4466
f 4464//4464 4463//4463 4460//4460 4459//4459
f 4467//4467 4466//4466 4465//4465
f 4468//4468 4467//4467 4469//4469 4470//4470
f 4454//4454 4467//4467 4468//4468 4452//4452
f 4456//4456 4466//4466 4467//4467 4454//4454
f 4470//4470 4469//4469 4471//4471 4472//4472
f 4462//4462 4471//4471 4469//4469 4465//4465
f 4461//4461 4473//4473 4471//4471 4462//4462
f 4472//4472 4471//4471 4473//4473 4474//4474
f 4475//4475 4476//4476 4477//4477 4478//4478
f 4451//4451 4477//4477 4476//4476 4448//4448
f 4452//4452 4468//4468 4477//4477 4451//4451
f 4478//4478 4477//4477 4468//4468 4470//4470
f 4461//4461 4464//4464 4479//4479 4480//4480
f 4459//4459 4481//4481 4479//4479 4464//4464
f 4480//4480 4479//4479 4481//4481 4482//4482
f 4475//4475 4478//4478 4483//4483 4484//4484
f 4472//4472 4483//4483 4478//4478 4470//4470
f 4474//4474 4485//4485 4483//4483 4472//4472
f 4484//4484 4483//4483 4485//4485 4486//4486
f 4474//4474 4473//4473 4487//4487 4485//4485
f 4480//4480 4487//4487 4473//4473 4461//4461
f 4482//4482 4488//4488 4487//4487 4480//4480
f 4486//4486 4485//4485 4487//4487 4488//4488
f 3220//3220 3219//3219 4489//4489 3239//3239
f 4490//4490 4489//4489 3219//3219 3099//3099
f 4491//4491 4492//4492 4489//4489 4490//4490
f 3239//3239 4489//4489 4492//4492 3240//3240
f 3242//3242 3241//3241 4493//4493 3249//3249
f 4494//4494 4493//4493 3241//3241 3240//3240
f 4495//4495 4496//4496 4493//4493 4494//4494
f 3249//3249 4493//4493 4496//4496 3250//3250
f 4497//4497 4498//4498 4499//4499 4500//4500
f 3256//3256 4499//4499 4498//4498 3253//3253
f 3250//3250 4496//4496 4499//4499 3256//3256
f 4500//4500 4499//4499 4496//4496 4495//4495
f 4490//4490 4501//4501 4502//4502 4491//4491
f 4501//4501 4490//4490 3099//3099 3102//3102
f 3104//3104 4503//4503 4501//4501 3102//3102
f 4502//4502 4501//4501 4503//4503 4504//4504
f 3240//3240 4492//4492 4505//4505 4494//4494
f 4506//4506 4505//4505 4492//4492 4491//4491
f 4507//4507 4508//4508 4505//4505 4506//4506
f 4494//4494 4505//4505 4508//4508 4495//4495
f 4495//4495 4508//4508 4509//4509 4500//4500
f 4510//4510 4509//4509 4508//4508 4507//4507
f 4511//4511 4512//4512 4509//4509 4510//4510
f 4500//4500 4509//4509 4512//4512 4497//4497
f 4513//4513 4514//4514 4507//4507
f 4502//4502 4513//4513 4506//4506 4491//4491
f 4504//4504 4515//4515 4513//4513 4502//4502
f 4514//4514 4513//4513 4515//4515 4516//4516
f 4504//4504 4503//4503 4517//4517 4518//4518
f 3139//3139 4517//4517 4503//4503 3104//3104
f 3140//3140 4519//4519 4517//4517 3139//3139
f 4518//4518 4517//4517 4519//4519 4520//4520
f 4511//4511 4510//4510 4521//4521 4522//4522
f 4514//4514 4521//4521 4510//4510 4507//4507
f 4516//4516 4523//4523 4521//4521 4514//4514
f 4522//4522 4521//4521 4523//4523 4524//4524
f 4520//4520 4519//4519 4525//4525 4526//4526
f 3748//3748 4525//4525 4519//4519 3140//3140
f 4527//4527 4525//4525 3748//3748 3747//3747
f 4526//4526 4525//4525 4527//4527 4528//4528
f 4516//4516 4515//4515 4529//4529 4530//4530
f 4515//4515 4504//4504 4518//4518
f 4520//4520 4531//4531 4529//4529 4518//4518
f 4530//4530 4529//4529 4531//4531 4532//4532
f 4524//4524 4523//4523 4533//4533 4534//4534
f 4530//4530 4533//4533 4523//4523 4516//4516
f 4532//4532 4535//4535 4533//4533 4530//4530
f 4534//4534 4533//4533 4535//4535 4536//4536
f 4528//4528 4527//4527 4537//4537 4538//4538
f 3754//3754 4537//4537 4527//4527 3747//3747
f 3753//3753 4539//4539 4537//4537 3754//3754
f 4537//4537 4539//4539 4540//4540 4538//4538
f 4532//4532 4531//4531 4541//4541 4542//4542
f 4526//4526 4541//4541 4531//4531 4520//4520
f 4528//4528 4543//4543 4541//4541 4526//4526
f 4542//4542 4541//4541 4543//4543 4544//4544
f 4536//4536 4535//4535 4545//4545 4546//4546
f 4542//4542 4545//4545 4535//4535 4532//4532
f 4544//4544 4547//4547 4545//4545 4542//4542
f 4546//4546 4545//4545 4547//4547 4548//4548
f 4549//4549 4550//4550 4540//4540
f 3757//3757 4549//4549 4539//4539 3753//3753
f 3758//3758 4551//4551 4549//4549 3757//3757
f 4550//4550 4549//4549 4551//4551 4552//4552
f 4553//4553 4543//4543 4528//4528
f 4554//4554 4553//4553 4538//4538 4540//4540
f 4555//4555 4556//4556 4553//4553 4554//4554
f 4544//4544 4543//4543 4553//4553 4556//4556
f 4548//4548 4547//4547 4557//4557 4558//4558
f 4556//4556 4557//4557 4547//4547 4544//4544
f 4555//4555 4559//4559 4557//4557 4556//4556
f 4559//4559 4560//4560 4558//4558
f 4555//4555 4554//4554 4561//4561 4562//4562
f 4550//4550 4561//4561 4554//4554 4540//4540
f 4552//4552 4563//4563 4561//4561 4550//4550
f 4562//4562 4561//4561 4563//4563 4564//4564
f 4565//4565 4566//4566 4560//4560
f 4562//4562 4565//4565 4559//4559 4555//4555
f 4564//4564 4567//4567 4565//4565 4562//4562
f 4566//4566 4565//4565 4567//4567 4568//4568
f 4569//4569 4570//4570 3525//3525
f 3524//3524 3515//3515 4571//4571
f 4569//4569 4571//4571 4572//4572
f 4570//4570 4569//4569 4573//4573 4574//4574
f 4575//4575 4572//4572 4571//4571
f 3517//3517 4576//4576 4571//4571 3515//3515
f 3519//3519 4577//4577 4576//4576 3517//3517
f 4576//4576 4577//4577 4578//4578
f 4579//4579 4580//4580 4581//4581 4582//4582
f 4583//4583 4581//4581 4580//4580 4584//4584
f 4572//4572 4575//4575 4581//4581 4583//4583
f 4582//4582 4581//4581 4575//4575 4578//4578
f 3519//3519 3539//3539 4585//4585 4577//4577
f 4586//4586 4585//4585 3539//3539 3538//3538
f 4587//4587 4588//4588 4585//4585 4586//4586
f 4577//4577 4585//4585 4588//4588 4578//4578
f 4587//4587 4586//4586 4589//4589 4590//4590
f 3538//3538 3551//3551 4589//4589 4586//4586
f 4590//4590 4589//4589 3551//3551 3550//3550
f 4578//4578 4588//4588 4591//4591 4582//4582
f 4592//4592 4591//4591 4588//4588 4587//4587
f 4593//4593 4594//4594 4591//4591 4592//4592
f 4582//4582 4591//4591 4594//4594 4579//4579
f 4595//4595 4596//4596 4597//4597 4598//4598
f 4590//4590 4597//4597 4596//4596 4587//4587
f 3550//3550 3556//3556 4597//4597 4590//4590
f 4598//4598 4597//4597 3556//3556 3547//3547
f 4587//4587 4596//4596 4599//4599 4592//4592
f 4596//4596 4595//4595 4600//4600
f 4601//4601 4602//4602 4599//4599 4600//4600
f 4592//4592 4599//4599 4602//4602 4593//4593
f 4595//4595 4598//4598 4603//4603 4604//4604
f 3547//3547 3544//3544 4603//4603 4598//4598
f 3428//3428 4605//4605 4603//4603 3544//3544
f 4604//4604 4603//4603 4605//4605 4606//4606
f 4607//4607 4608//4608 4609//4609 4610//4610
f 4611//4611 4609//4609 4608//4608 4612//4612
f 4613//4613 4614//4614 4609//4609 4611//4611
f 4610//4610 4609//4609 4614//4614 4584//4584
f 4615//4615 4616//4616 4617//4617 4618//4618
f 4610//4610 4617//4617 4616//4616 4607//4607
f 4584//4584 4580//4580 4617//4617 4610//4610
f 4618//4618 4617//4617 4580//4580 4579//4579
f 4619//4619 4620//4620 4621//4621 4622//4622
f 4618//4618 4621//4621 4620//4620 4615//4615
f 4579//4579 4594//4594 4621//4621 4618//4618
f 4622//4622 4621//4621 4594//4594 4593//4593
f 4623//4623 4624//4624 4625//4625 4626//4626
f 4624//4624 4623//4623 4619//4619 4622//4622
f 4593//4593 4602//4602 4624//4624 4622//4622
f 4601//4601 4625//4625 4624//4624 4602//4602
f 4612//4612 4608//4608 4627//4627 4628//4628
f 4629//4629 4627//4627 4608//4608 4607//4607
f 4630//4630 4631//4631 4627//4627 4629//4629
f 4628//4628 4627//4627 4631//4631 4632//4632
f 4607//4607 4616//4616 4633//4633 4629//4629
f 4615//4615 4634//4634 4633//4633 4616//4616
f 4635//4635 4636//4636 4633//4633 4634//4634
f 4629//4629 4633//4633 4636//4636 4630//4630
f 4615//4615 4620//4620 4637//4637 4634//4634
f 4619//4619 4638//4638 4637//4637 4620//4620
f 4639//4639 4640//4640 4637//4637 4638//4638
f 4635//4635 4634//4634 4637//4637 4640//4640
f 4639//4639 4638//4638 4641//4641 4642//4642
f 4623//4623 4641//4641 4638//4638 4619//4619
f 4626//4626 4643//4643 4641//4641 4623//4623
f 4644//4644 4642//4642 4641//4641 4643//4643
f 4644//4644 4643//4643 4645//4645 4646//4646
f 4647//4647 4645//4645 4643//4643 4626//4626
f 4648//4648 4649//4649 4645//4645 4647//4647
f 4649//4649 4650//4650 4646//4646
f 4651//4651 4652//4652 4650//4650
f 4649//4649 4648//4648 4653//4653
f 4651//4651 4653//4653 4654//4654
f 4652//4652 4651//4651 4655//4655 4656//4656
f 4657//4657 4658//4658 4656//4656 4655//4655
f 4659//4659 4657//4657 4655//4655 4654//4654
f 4660//4660 4661//4661 4657//4657 4659//4659
f 4657//4657 4661//4661 4662//4662 4658//4658
f 4662//4662 4661//4661 4663//4663 4664//4664
f 4665//4665 4663//4663 4661//4661 4660//4660
f 4666//4666 4667//4667 4663//4663 4665//4665
f 4664//4664 4663//4663 4667//4667 4668//4668
f 4669//4669 4670//4670 4671//4671
f 4668//4668 4667//4667 4669//4669 4672//4672
f 4673//4673 4669//4669 4667//4667 4666//4666
f 4669//4669 4673//4673 4674//4674
f 4675//4675 4670//4670 4674//4674
f 4676//4676 4675//4675 4677//4677 4678//4678
f 4679//4679 4680//4680 4675//4675 4676//4676
f 4680//4680 4671//4671 4670//4670
f 4681//4681 4682//4682 4676//4676 4678//4678
f 4683//4683 4684//4684 4682//4682 4681//4681
f 4685//4685 4682//4682 4684//4684 4686//4686
f 4676//4676 4682//4682 4685//4685 4679//4679
f 4686//4686 4684//4684 4687//4687 4688//4688
f 4689//4689 4687//4687 4684//4684 4683//4683
f 4690//4690 4691//4691 4687//4687 4689//4689
f 4688//4688 4687//4687 4691//4691 4692//4692
f 4632//4632 4693//4693 4694//4694 4628//4628
f 4692//4692 4691//4691 4694//4694 4693//4693
f 4695//4695 4694//4694 4691//4691 4690//4690
f 4628//4628 4694//4694 4695//4695 4612//4612
f 4696//4696 4697//4697 4698//4698
f 4699//4699 4650//4650 4652//4652
f 4656//4656 4700//4700 4696//4696 4652//4652
f 4696//4696 4700//4700 4701//4701 4697//4697
f 4656//4656 4658//4658 4702//4702 4700//4700
f 4703//4703 4702//4702 4658//4658 4662//4662
f 4704//4704 4705//4705 4702//4702 4703//4703
f 4700//4700 4702//4702 4705//4705 4701//4701
f 4704//4704 4703//4703 4706//4706 4707//4707
f 4664//4664 4706//4706 4703//4703 4662//4662
f 4668//4668 4708//4708 4706//4706 4664//4664
f 4707//4707 4706//4706 4708//4708 4709//4709
f 4668//4668 4672//4672 4710//4710 4708//4708
f 4711//4711 4710//4710 4672//4672 4671//4671
f 4712//4712 4713//4713 4710//4710 4711//4711
f 4708//4708 4710//4710 4713//4713 4709//4709
f 4671//4671 4680//4680 4714//4714 4711//4711
f 4715//4715 4714//4714 4680//4680 4679//4679
f 4716//4716 4717//4717 4714//4714 4715//4715
f 4711//4711 4714//4714 4717//4717 4712//4712
f 4679//4679 4685//4685 4718//4718 4715//4715
f 4719//4719 4718//4718 4685//4685 4686//4686
f 4720//4720 4721//4721 4718//4718 4719//4719
f 4715//4715 4718//4718 4721//4721 4716//4716
f 4722//4722 4723//4723 4724//4724 4725//4725
f 4726//4726 4727//4727 4724//4724 4723//4723
f 4693//4693 4724//4724 4727//4727 4692//4692
f 4725//4725 4724//4724 4693//4693 4632//4632
f 4720//4720 4719//4719 4728//4728 4729//4729
f 4688//4688 4728//4728 4719//4719 4686//4686
f 4692//4692 4727//4727 4728//4728 4688//4688
f 4729//4729 4728//4728 4727//4727 4726//4726
f 4701//4701 4705//4705 4730//4730 4731//4731
f 4732//4732 4730//4730 4705//4705 4704//4704
f 4733//4733 4730//4730 4732//4732 4734//4734
f 4730//4730 4733//4733 4735//4735
f 4734//4734 4732//4732 4736//4736 4737//4737
f 4707//4707 4736//4736 4732//4732 4704//4704
f 4709//4709 4738//4738 4736//4736 4707//4707
f 4738//4738 4739//4739 4737//4737
f 4709//4709 4713//4713 4740//4740 4738//4738
f 4741//4741 4740//4740 4713//4713 4712//4712
f 4742//4742 4743//4743 4740//4740 4741//4741
f 4738//4738 4740//4740 4743//4743 4739//4739
f 4744//4744 4745//4745 4746//4746 4747//4747
f 4741//4741 4746//4746 4745//4745 4742//4742
f 4712//4712 4717//4717 4746//4746 4741//4741
f 4747//4747 4746//4746 4717//4717 4716//4716
f 4716//4716 4721//4721 4748//4748 4747//4747
f 4749//4749 4748//4748 4721//4721 4720//4720
f 4750//4750 4751//4751 4748//4748 4749//4749
f 4747//4747 4748//4748 4751//4751 4744//4744
f 4750//4750 4749//4749 4752//4752 4753//4753
f 4729//4729 4752//4752 4749//4749 4720//4720
f 4726//4726 4754//4754 4752//4752 4729//4729
f 4753//4753 4752//4752 4754//4754 4755//4755
f 4636//4636 4756//4756 4757//4757 4630//4630
f 4635//4635 4758//4758 4756//4756 4636//4636
f 4759//4759 4760//4760 4756//4756 4758//4758
f 4756//4756 4760//4760 4761//4761 4757//4757
f 4762//4762 4763//4763 4764//4764 4765//4765
f 4750//4750 4753//4753 4764//4764 4763//4763
f 4755//4755 4765//4765 4764//4764 4753//4753
f 4762//4762 4766//4766 4767//4767 4768//4768
f 4739//4739 4743//4743 4767//4767 4766//4766
f 4742//4742 4768//4768 4767//4767 4743//4743
f 4759//4759 4758//4758 4769//4769 4770//4770
f 4635//4635 4640//4640 4769//4769 4758//4758
f 4639//4639 4771//4771 4769//4769 4640//4640
f 4772//4772 4770//4770 4769//4769 4771//4771
f 4773//4773 4774//4774 4775//4775 4762//4762
f 4735//4735 4733//4733 4774//4774 4773//4773
f 4734//4734 4775//4775 4774//4774 4733//4733
f 4775//4775 4776//4776 4766//4766 4762//4762
f 4734//4734 4737//4737 4776//4776 4775//4775
f 4739//4739 4766//4766 4776//4776 4737//4737
f 4762//4762 4768//4768 4777//4777 4778//4778
f 4742//4742 4745//4745 4777//4777 4768//4768
f 4744//4744 4778//4778 4777//4777 4745//4745
f 4762//4762 4778//4778 4779//4779 4763//4763
f 4744//4744 4751//4751 4779//4779 4778//4778
f 4750//4750 4763//4763 4779//4779 4751//4751
f 4754//4754 4780//4780 4781//4781 4755//4755
f 4723//4723 4780//4780 4754//4754 4726//4726
f 4782//4782 4780//4780 4723//4723 4722//4722
f 4783//4783 4781//4781 4780//4780 4782//4782
f 4762//4762 4765//4765 4784//4784 4785//4785
f 4755//4755 4781//4781 4784//4784 4765//4765
f 4783//4783 4785//4785 4784//4784 4781//4781
f 4786//4786 4787//4787 4788//4788 4789//4789
f 4735//4735 4773//4773 4787//4787 4786//4786
f 4773//4773 4762//4762 4788//4788
f 4632//4632 4631//4631 4790//4790 4725//4725
f 4757//4757 4790//4790 4631//4631 4630//4630
f 4761//4761 4791//4791 4790//4790 4757//4757
f 4725//4725 4790//4790 4791//4791 4722//4722
f 4761//4761 4760//4760 4792//4792 4793//4793
f 4759//4759 4770//4770 4792//4792 4760//4760
f 4772//4772 4794//4794 4792//4792 4770//4770
f 4795//4795 4793//4793 4792//4792 4794//4794
f 4795//4795 4796//4796 4797//4797 4793//4793
f 4782//4782 4797//4797 4796//4796 4783//4783
f 4722//4722 4791//4791 4797//4797 4782//4782
f 4793//4793 4797//4797 4791//4791 4761//4761
f 4772//4772 4771//4771 4798//4798 4799//4799
f 4639//4639 4642//4642 4798//4798 4771//4771
f 4644//4644 4800//4800 4798//4798 4642//4642
f 4799//4799 4798//4798 4800//4800 4801//4801
f 4802//4802 4801//4801 4800//4800
f 4646//4646 4803//4803 4800//4800 4644//4644
f 4803//4803 4646//4646 4650//4650
f 4699//4699 4698//4698 4802//4802
f 4795//4795 4794//4794 4804//4804 4805//4805
f 4772//4772 4799//4799 4804//4804 4794//4794
f 4801//4801 4806//4806 4804//4804 4799//4799
f 4805//4805 4804//4804 4806//4806 4789//4789
f 4802//4802 4807//4807 4806//4806 4801//4801
f 4698//4698 4808//4808 4807//4807 4802//4802
f 4789//4789 4806//4806 4807//4807 4808//4808
f 4786//4786 4789//4789 4808//4808
f 4808//4808 4698//4698 4697//4697
f 4731//4731 4809//4809 4697//4697 4701//4701
f 4786//4786 4809//4809 4731//4731 4735//4735
f 4789//4789 4788//4788 4810//4810 4805//4805
f 4785//4785 4810//4810 4788//4788 4762//4762
f 4783//4783 4796//4796 4810//4810 4785//4785
f 4805//4805 4810//4810 4796//4796 4795//4795
f 4574//4574 4573//4573 4811//4811 4812//4812
f 4583//4583 4811//4811 4573//4573 4572//4572
f 4584//4584 4614//4614 4811//4811 4583//4583
f 4812//4812 4811//4811 4614//4614 4613//4613
f 4612//4612 4695//4695 4813//4813 4611//4611
f 4690//4690 4814//4814 4813//4813 4695//4695
f 4815//4815 4813//4813 4814//4814 4816//4816
f 4611//4611 4813//4813 4815//4815 4613//4613
f 4816//4816 4814//4814 4817//4817 4818//4818
f 4689//4689 4817//4817 4814//4814 4690//4690
f 4683//4683 4819//4819 4817//4817 4689//4689
f 4818//4818 4817//4817 4819//4819 4820//4820
f 4820//4820 4819//4819 4821//4821 4822//4822
f 4681//4681 4821//4821 4819//4819 4683//4683
f 4678//4678 4823//4823 4821//4821 4681//4681
f 4822//4822 4821//4821 4823//4823 4824//4824
f 4823//4823 4825//4825 4826//4826 4824//4824
f 4677//4677 4825//4825 4823//4823 4678//4678
f 4825//4825 4677//4677 4674//4674
f 4826//4826 4825//4825 4827//4827 4828//4828
f 1846//1846 4829//4829 4830//4830 1847//1847
f 4831//4831 4829//4829 1846//1846 1849//1849
f 4826//4826 4829//4829 4831//4831 4824//4824
f 4830//4830 4829//4829 4826//4826 4828//4828
f 4832//4832 4833//4833 4834//4834 4835//4835
f 4827//4827 4833//4833 4832//4832 4828//4828
f 4673//4673 4833//4833 4827//4827 4674//4674
f 4666//4666 4834//4834 4833//4833 4673//4673
f 4835//4835 4834//4834 4836//4836 4837//4837
f 4665//4665 4836//4836 4834//4834 4666//4666
f 4660//4660 4838//4838 4836//4836 4665//4665
f 4837//4837 4836//4836 4838//4838 4839//4839
f 4839//4839 4838//4838 4840//4840 4841//4841
f 4659//4659 4840//4840 4838//4838 4660//4660
f 4654//4654 4842//4842 4840//4840 4659//4659
f 4841//4841 4840//4840 4842//4842 4843//4843
f 4626//4626 4625//4625 4844//4844 4647//4647
f 4845//4845 4844//4844 4625//4625 4601//4601
f 4846//4846 4847//4847 4844//4844 4845//4845
f 4647//4647 4844//4844 4847//4847 4648//4648
f 4601//4601 4600//4600 4848//4848 4845//4845
f 4604//4604 4848//4848 4600//4600 4595//4595
f 4606//4606 4849//4849 4848//4848 4604//4604
f 4845//4845 4848//4848 4849//4849 4846//4846
f 4843//4843 4842//4842 4850//4850 4851//4851
f 4653//4653 4850//4850 4842//4842 4654//4654
f 4648//4648 4847//4847 4850//4850 4653//4653
f 4851//4851 4850//4850 4847//4847 4846//4846
f 4606//4606 4605//4605 4852//4852 4853//4853
f 3424//3424 4852//4852 4605//4605 3428//3428
f 3423//3423 4854//4854 4852//4852 3424//3424
f 4853//4853 4852//4852 4854//4854 4855//4855
f 4855//4855 4856//4856 4857//4857 4853//4853
f 4858//4858 4857//4857 4856//4856 4859//4859
f 4846//4846 4849//4849 4857//4857 4858//4858
f 4853//4853 4857//4857 4849//4849 4606//4606
f 4855//4855 4854//4854 4860//4860 4861//4861
f 4305//4305 4860//4860 4854//4854 3423//3423
f 4308//4308 4862//4862 4860//4860 4305//4305
f 4861//4861 4860//4860 4862//4862 4863//4863
f 4859//4859 4856//4856 4864//4864 4865//4865
f 4861//4861 4864//4864 4856//4856 4855//4855
f 4863//4863 4866//4866 4864//4864 4861//4861
f 4865//4865 4864//4864 4866//4866 4867//4867
f 4843//4843 4851//4851 4868//4868 4869//4869
f 4858//4858 4868//4868 4851//4851 4846//4846
f 4859//4859 4865//4865 4868//4868 4858//4858
f 4869//4869 4868//4868 4865//4865 4867//4867
f 4870//4870 4871//4871 4872//4872
f 4841//4841 4870//4870 4873//4873 4839//4839
f 4870//4870 4841//4841 4843//4843 4869//4869
f 4871//4871 4870//4870 4869//4869 4867//4867
f 4874//4874 4875//4875 4876//4876
f 4877//4877 4835//4835 4837//4837
f 4839//4839 4873//4873 4874//4874 4837//4837
f 4873//4873 4872//4872 4875//4875
f 4832//4832 4878//4878 4879//4879 4828//4828
f 4878//4878 4832//4832 4835//4835
f 4880//4880 4878//4878 4877//4877 4876//4876
f 4879//4879 4878//4878 4880//4880 1899//1899
f 1901//1901 4881//4881 4879//4879 1899//1899
f 1847//1847 4830//4830 4881//4881 1901//1901
f 4828//4828 4879//4879 4881//4881 4830//4830
f 4876//4876 4882//4882 4883//4883 4880//4880
f 4884//4884 4883//4883 4882//4882 4885//4885
f 1905//1905 1904//1904 4883//4883 4884//4884
f 4880//4880 4883//4883 1904//1904 1899//1899
f 4885//4885 4882//4882 4886//4886 4887//4887
f 4875//4875 4886//4886 4882//4882 4876//4876
f 4872//4872 4888//4888 4886//4886 4875//4875
f 4887//4887 4886//4886 4888//4888 4889//4889
f 4890//4890 4891//4891 1914//1914 1913//1913
f 4884//4884 4890//4890 1913//1913 1905//1905
f 4885//4885 4887//4887 4890//4890 4884//4884
f 4891//4891 4890//4890 4887//4887 4889//4889
f 4888//4888 4872//4872 4871//4871
f 4871//4871 4867//4867 4892//4892
f 4892//4892 4893//4893 4894//4894
f 4889//4889 4888//4888 4895//4895 4894//4894
f 1914//1914 4891//4891 4896//4896 1920//1920
f 4897//4897 4896//4896 4891//4891 4889//4889
f 4898//4898 4899//4899 4896//4896 4897//4897
f 1920//1920 4896//4896 4899//4899 1923//1923
f 4900//4900 4901//4901 4902//4902 1930//1930
f 1923//1923 4899//4899 4901//4901 4900//4900
f 4902//4902 4901//4901 4899//4899 4898//4898
f 4900//4900 4903//4903 1928//1928 1923//1923
f 1930//1930 1929//1929 4903//4903 4900//4900
f 1928//1928 4903//4903 1929//1929
f 4898//4898 4904//4904 4905//4905 4902//4902
f 4906//4906 4905//4905 4904//4904 4907//4907
f 1934//1934 1933//1933 4905//4905 4906//4906
f 4902//4902 4905//4905 1933//1933 1930//1930
f 4898//4898 4897//4897 4908//4908 4904//4904
f 4894//4894 4908//4908 4897//4897 4889//4889
f 4908//4908 4894//4894 4893//4893
f 4909//4909 4907//4907 4904//4904
f 1943//1943 4910//4910 4911//4911 4912//4912
f 4906//4906 4911//4911 4910//4910 1934//1934
f 4907//4907 4912//4912 4911//4911 4906//4906
f 1934//1934 4910//4910 4913//4913 1941//1941
f 1943//1943 1942//1942 4913//4913 4910//4910
f 1941//1941 4913//4913 1942//1942
f 4912//4912 4914//4914 1944//1944 1943//1943
f 4915//4915 4914//4914 4912//4912 4907//4907
f 4916//4916 4917//4917 4914//4914 4915//4915
f 1944//1944 4914//4914 4917//4917 1947//1947
f 4918//4918 4919//4919 4920//4920 4921//4921
f 4920//4920 4919//4919 4323//4323 4334//4334
f 1346//1346 1954//1954 4920//4920 4334//4334
f 4921//4921 4920//4920 1954//1954 1955//1955
f 4922//4922 4923//4923 4924//4924 4925//4925
f 4924//4924 4923//4923 1955//1955
f 1962//1962 4926//4926 4924//4924 1963//1963
f 4925//4925 4924//4924 4926//4926 4927//4927
f 4918//4918 4921//4921 4928//4928 4929//4929
f 4923//4923 4928//4928 4921//4921 1955//1955
f 4922//4922 4930//4930 4928//4928 4923//4923
f 4929//4929 4928//4928 4930//4930 4931//4931
f 4324//4324 4932//4932 4933//4933 4314//4314
f 4324//4324 4323//4323 4919//4919
f 4918//4918 4929//4929 4932//4932 4919//4919
f 4931//4931 4933//4933 4932//4932 4929//4929
f 4922//4922 4925//4925 4934//4934 4930//4930
f 4927//4927 4935//4935 4934//4934 4925//4925
f 4936//4936 4937//4937 4934//4934 4935//4935
f 4930//4930 4934//4934 4937//4937 4931//4931
f 4938//4938 4939//4939 4940//4940 4941//4941
f 4312//4312 4940//4940 4939//4939 4310//4310
f 4314//4314 4933//4933 4940//4940 4312//4312
f 4941//4941 4940//4940 4933//4933 4931//4931
f 4942//4942 4943//4943 4944//4944 4945//4945
f 4927//4927 4926//4926 4943//4943 4942//4942
f 1982//1982 4943//4943 4926//4926 1962//1962
f 4944//4944 4943//4943 1982//1982 1983//1983
f 4946//4946 4947//4947 4948//4948 4949//4949
f 4941//4941 4948//4948 4947//4947 4938//4938
f 4931//4931 4937//4937 4948//4948 4941//4941
f 4949//4949 4948//4948 4937//4937 4936//4936
f 4936//4936 4935//4935 4950//4950 4949//4949
f 4942//4942 4950//4950 4935//4935 4927//4927
f 4945//4945 4951//4951 4950//4950 4942//4942
f 4949//4949 4950//4950 4951//4951 4946//4946
f 4952//4952 4953//4953 4954//4954 4955//4955
f 4944//4944 4954//4954 4953//4953 4945//4945
f 1983//1983 1994//1994 4954//4954 4944//4944
f 4955//4955 4954//4954 1994//1994 1995//1995
f 4956//4956 4957//4957 4958//4958 4959//4959
f 4957//4957 4308//4308 4307//4307
f 4310//4310 4939//4939 4958//4958 4307//4307
f 4959//4959 4958//4958 4939//4939 4938//4938
f 1995//1995 2001//2001 4960//4960 4955//4955
f 4917//4917 4960//4960 2001//2001 1947//1947
f 4960//4960 4917//4917 4916//4916 4961//4961
f 4955//4955 4960//4960 4961//4961 4952//4952
f 4962//4962 4963//4963 4893//4893
f 4867//4867 4866//4866 4962//4962 4892//4892
f 4964//4964 4962//4962 4866//4866 4863//4863
f 4963//4963 4962//4962 4964//4964 4965//4965
f 4966//4966 4967//4967 4968//4968 4969//4969
f 4959//4959 4968//4968 4967//4967 4956//4956
f 4938//4938 4947//4947 4968//4968 4959//4959
f 4969//4969 4968//4968 4947//4947 4946//4946
f 4862//4862 4308//4308 4957//4957
f 4957//4957 4956//4956 4970//4970
f 4971//4971 4970//4970 4965//4965
f 4863//4863 4862//4862 4971//4971 4964//4964
f 4970//4970 4972//4972 4973//4973 4965//4965
f 4956//4956 4967//4967 4972//4972 4970//4970
f 4966//4966 4973//4973 4972//4972 4967//4967
f 4974//4974 4915//4915 4907//4907
f 4909//4909 4893//4893 4963//4963
f 4965//4965 4975//4975 4974//4974 4963//4963
f 4915//4915 4974//4974 4975//4975 4916//4916
f 4976//4976 4977//4977 4973//4973 4966//4966
f 4961//4961 4977//4977 4976//4976 4952//4952
f 4916//4916 4975//4975 4977//4977 4961//4961
f 4977//4977 4975//4975 4965//4965 4973//4973
f 4946//4946 4951//4951 4978//4978 4969//4969
f 4953//4953 4978//4978 4951//4951 4945//4945
f 4952//4952 4976//4976 4978//4978 4953//4953
f 4969//4969 4978//4978 4976//4976 4966//4966
f 3664//3664 3663//3663 4979//4979 4980//4980
f 4570//4570 4979//4979 3663//3663 3525//3525
f 4979//4979 4570//4570 4574//4574
f 4980//4980 4979//4979 4981//4981 4982//4982
f 3668//3668 3667//3667 4983//4983 4984//4984
f 4980//4980 4983//4983 3667//3667 3664//3664
f 4982//4982 4985//4985 4983//4983 4980//4980
f 4984//4984 4983//4983 4985//4985 4986//4986
f 4987//4987 4574//4574 4812//4812
f 4613//4613 4815//4815 4988//4988 4812//4812
f 4816//4816 4989//4989 4988//4988 4815//4815
f 4987//4987 4988//4988 4989//4989 4990//4990
f 4990//4990 4989//4989 4991//4991 4992//4992
f 4818//4818 4991//4991 4989//4989 4816//4816
f 4820//4820 4993//4993 4991//4991 4818//4818
f 4992//4992 4991//4991 4993//4993 4994//4994
f 4824//4824 4995//4995 4996//4996 4822//4822
f 4997//4997 4996//4996 4995//4995 2039//2039
f 4994//4994 4993//4993 4996//4996 4997//4997
f 4822//4822 4996//4996 4993//4993 4820//4820
f 4995//4995 4998//4998 2040//2040 2039//2039
f 4831//4831 4998//4998 4995//4995 4824//4824
f 1849//1849 2040//2040 4998//4998 4831//4831
f 4982//4982 4981//4981 4999//4999 5000//5000
f 4987//4987 4999//4999 4981//4981 4574//4574
f 4999//4999 4987//4987 4990//4990
f 5001//5001 5002//5002 5000//5000
f 4985//4985 5003//5003 5004//5004 4986//4986
f 5000//5000 5003//5003 4985//4985 4982//4982
f 5003//5003 5000//5000 5002//5002
f 5004//5004 5003//5003 5005//5005 5006//5006
f 5007//5007 5008//5008 5002//5002
f 4992//4992 5007//5007 5001//5001 4990//4990
f 4994//4994 5009//5009 5007//5007 4992//4992
f 5010//5010 5008//5008 5007//5007 5009//5009
f 2054//2054 5011//5011 5012//5012 2055//2055
f 5009//5009 5012//5012 5011//5011 5010//5010
f 5012//5012 5009//5009 4994//4994
f 2055//2055 5012//5012 4997//4997 2039//2039
f 4986//4986 5004//5004 5013//5013 4984//4984
f 5014//5014 5013//5013 5004//5004 5006//5006
f 5015//5015 5016//5016 5013//5013 5014//5014
f 4984//4984 5013//5013 5016//5016 3668//3668
f 3668//3668 5016//5016 5017//5017 3672//3672
f 5018//5018 5017//5017 5016//5016 5015//5015
f 5019//5019 5020//5020 5017//5017 5018//5018
f 3672//3672 5017//5017 5020//5020 3669//3669
f 3673//3673 3676//3676 5021//5021 5022//5022
f 3669//3669 5020//5020 5021//5021 3676//3676
f 5019//5019 5023//5023 5021//5021 5020//5020
f 5022//5022 5021//5021 5023//5023 5024//5024
f 3688//3688 3687//3687 5025//5025 5026//5026
f 5027//5027 5025//5025 3687//3687 3682//3682
f 5028//5028 5029//5029 5025//5025 5027//5027
f 5026//5026 5025//5025 5029//5029 5030//5030
f 3691//3691 3690//3690 5031//5031 5032//5032
f 5026//5026 5031//5031 3690//3690 3688//3688
f 5030//5030 5033//5033 5031//5031 5026//5026
f 5032//5032 5031//5031 5033//5033 5034//5034
f 5035//5035 2083//2083 2082//2082 5036//5036
f 5036//5036 5034//5034 5033//5033
f 5037//5037 5035//5035 5033//5033 5030//5030
f 2084//2084 2083//2083 5035//5035 5037//5037
f 5038//5038 5039//5039 5040//5040 5041//5041
f 3694//3694 5040//5040 5039//5039 3695//3695
f 3691//3691 5032//5032 5040//5040 3694//3694
f 5032//5032 5034//5034 5041//5041
f 5041//5041 5042//5042 5043//5043 5038//5038
f 5034//5034 5036//5036 5042//5042 5041//5041
f 5042//5042 5036//5036 2082//2082 2093//2093
f 2092//2092 5043//5043 5042//5042 2093//2093
f 3695//3695 5039//5039 5044//5044 3698//3698
f 5045//5045 5044//5044 5039//5039 5038//5038
f 5046//5046 5047//5047 5044//5044 5045//5045
f 3698//3698 5044//5044 5047//5047 3699//3699
f 5038//5038 5043//5043 5048//5048 5045//5045
f 2101//2101 5048//5048 5043//5043 2092//2092
f 2100//2100 5049//5049 5048//5048 2101//2101
f 5045//5045 5048//5048 5049//5049 5046//5046
f 5050//5050 3702//3702 3699//3699
f 5051//5051 5050//5050 5047//5047 5046//5046
f 5052//5052 5053//5053 5050//5050 5051//5051
f 5053//5053 3703//3703 3702//3702
f 3680//3680 3679//3679 5054//5054 5055//5055
f 5022//5022 5054//5054 3679//3679 3673//3673
f 5024//5024 5056//5056 5054//5054 5022//5022
f 5055//5055 5054//5054 5056//5056 5057//5057
f 3682//3682 3681//3681 5058//5058 5027//5027
f 5055//5055 5058//5058 3681//3681 3680//3680
f 5057//5057 5059//5059 5058//5058 5055//5055
f 5027//5027 5058//5058 5059//5059 5028//5028
f 5030//5030 5029//5029 5060//5060 5037//5037
f 5061//5061 5060//5060 5029//5029 5028//5028
f 2114//2114 2113//2113 5060//5060 5061//5061
f 5037//5037 5060//5060 2113//2113 2084//2084
f 5024//5024 5023//5023 5062//5062 5063//5063
f 5064//5064 5062//5062 5023//5023 5019//5019
f 2116//2116 2119//2119 5062//5062 5064//5064
f 5063//5063 5062//5062 2119//2119 2121//2121
f 5057//5057 5056//5056 5065//5065 5066//5066
f 5063//5063 5065//5065 5056//5056 5024//5024
f 2121//2121 2124//2124 5065//5065 5063//5063
f 5066//5066 5065//5065 2124//2124 2125//2125
f 5028//5028 5059//5059 5067//5067 5061//5061
f 5066//5066 5067//5067 5059//5059 5057//5057
f 2125//2125 2127//2127 5067//5067 5066//5066
f 5061//5061 5067//5067 2127//2127 2114//2114
f 5015//5015 5014//5014 5068//5068 5069//5069
f 5070//5070 5068//5068 5014//5014 5006//5006
f 5071//5071 5072//5072 5068//5068 5070//5070
f 5069//5069 5068//5068 5072//5072 2131//2131
f 5006//5006 5005//5005 5073//5073 5070//5070
f 5008//5008 5073//5073 5005//5005 5002//5002
f 5074//5074 5073//5073 5008//5008 5010//5010
f 5070//5070 5073//5073 5074//5074 5071//5071
f 5010//5010 5011//5011 5075//5075 5074//5074
f 2139//2139 5075//5075 5011//5011 2054//2054
f 2138//2138 5076//5076 5075//5075 2139//2139
f 5074//5074 5075//5075 5076//5076 5071//5071
f 5071//5071 5076//5076 5077//5077 5072//5072
f 2138//2138 2141//2141 5077//5077 5076//5076
f 5072//5072 5077//5077 2141//2141 2131//2131
f 5078//5078 2143//2143 2116//2116 5064//5064
f 5018//5018 5078//5078 5064//5064 5019//5019
f 5069//5069 5078//5078 5018//5018 5015//5015
f 2143//2143 5078//5078 5069//5069 2131//2131
f 5079//5079 5080//5080 5081//5081 5082//5082
f 3908//3908 5081//5081 5080//5080 3900//3900
f 3912//3912 5083//5083 5081//5081 3908//3908
f 5082//5082 5081//5081 5083//5083 5084//5084
f 3922//3922 5085//5085 5083//5083 3912//3912
f 5086//5086 5085//5085 3922//3922 3926//3926
f 5087//5087 5088//5088 5085//5085 5086//5086
f 5085//5085 5088//5088 5084//5084 5083//5083
f 3926//3926 3934//3934 5089//5089 5086//5086
f 5090//5090 5089//5089 3934//3934 3938//3938
f 5091//5091 5092//5092 5089//5089 5090//5090
f 5086//5086 5089//5089 5092//5092 5087//5087
f 3938//3938 3955//3955 5093//5093 5090//5090
f 3930//3930 5094//5094 5093//5093 3955//3955
f 5095//5095 5093//5093 5094//5094 5096//5096
f 5090//5090 5093//5093 5095//5095 5091//5091
f 2162//2162 2165//2165 5097//5097 5098//5098
f 3899//3899 5097//5097 2165//2165 881//881
f 3900//3900 5080//5080 5097//5097 3899//3899
f 5098//5098 5097//5097 5080//5080 5079//5079
f 5099//5099 5100//5100 5101//5101 5102//5102
f 2166//2166 5100//5100 5099//5099 2169//2169
f 2166//2166 2162//2162 5098//5098
f 5100//5100 5098//5098 5079//5079
f 5102//5102 5101//5101 5103//5103 5104//5104
f 5082//5082 5103//5103 5101//5101 5079//5079
f 5084//5084 5105//5105 5103//5103 5082//5082
f 5104//5104 5103//5103 5105//5105 5106//5106
f 5107//5107 5108//5108 5109//5109 5110//5110
f 5109//5109 5108//5108 5106//5106 5105//5105
f 5088//5088 5109//5109 5105//5105 5084//5084
f 5110//5110 5109//5109 5088//5088 5087//5087
f 5111//5111 5112//5112 5113//5113 5114//5114
f 5110//5110 5113//5113 5112//5112 5107//5107
f 5087//5087 5092//5092 5113//5113 5110//5110
f 5114//5114 5113//5113 5092//5092 5091//5091
f 5115//5115 5116//5116 5117//5117 5118//5118
f 5114//5114 5116//5116 5115//5115 5111//5111
f 5091//5091 5095//5095 5116//5116 5114//5114
f 5096//5096 5117//5117 5116//5116 5095//5095
f 2169//2169 5099//5099 5119//5119 2188//2188
f 5104//5104 5119//5119 5099//5099 5102//5102
f 5106//5106 5120//5120 5119//5119 5104//5104
f 2188//2188 5119//5119 5120//5120 2191//2191
f 5121//5121 5122//5122 5123//5123 5124//5124
f 5120//5120 5123//5123 5122//5122 2191//2191
f 5106//5106 5108//5108 5123//5123 5120//5120
f 5124//5124 5123//5123 5108//5108 5107//5107
f 2196//2196 2199//2199 5125//5125 5126//5126
f 5122//5122 5125//5125 2199//2199 2191//2191
f 5125//5125 5122//5122 5121//5121 5126//5126
f 5127//5127 5128//5128 5129//5129 5130//5130
f 5124//5124 5129//5129 5128//5128 5121//5121
f 5107//5107 5112//5112 5129//5129 5124//5124
f 5130//5130 5129//5129 5112//5112 5111//5111
f 2204//2204 2207//2207 5131//5131 5132//5132
f 5126//5126 5131//5131 2207//2207 2196//2196
f 5121//5121 5128//5128 5131//5131 5126//5126
f 5132//5132 5131//5131 5128//5128 5127//5127
f 5130//5130 5133//5133 5134//5134 5127//5127
f 5111//5111 5115//5115 5133//5133 5130//5130
f 5118//5118 5135//5135 5133//5133 5115//5115
f 5134//5134 5133//5133 5135//5135 5136//5136
f 2214//2214 5137//5137 5138//5138 2215//2215
f 5132//5132 5137//5137 2214//2214 2204//2204
f 5127//5127 5134//5134 5137//5137 5132//5132
f 5136//5136 5138//5138 5137//5137 5134//5134
f 2215//2215 5138//5138 5139//5139 2216//2216
f 5140//5140 5139//5139 5138//5138 5136//5136
f 5141//5141 5142//5142 5139//5139 5140//5140
f 2216//2216 5139//5139 5142//5142 2219//2219
f 5141//5141 5140//5140 5143//5143 5144//5144
f 5136//5136 5135//5135 5143//5143 5140//5140
f 5145//5145 5143//5143 5135//5135 5118//5118
f 5144//5144 5143//5143 5145//5145 5146//5146
f 2219//2219 5142//5142 5147//5147 2226//2226
f 5144//5144 5147//5147 5142//5142 5141//5141
f 5146//5146 5148//5148 5147//5147 5144//5144
f 2226//2226 5147//5147 5148//5148 2229//2229
f 5146//5146 5145//5145 5149//5149 5150//5150
f 5117//5117 5149//5149 5145//5145 5118//5118
f 5151//5151 5149//5149 5117//5117 5096//5096
f 5150//5150 5149//5149 5151//5151 5152//5152
f 5096//5096 5094//5094 5153//5153 5151//5151
f 3929//3929 5153//5153 5094//5094 3930//3930
f 3825//3825 5154//5154 5153//5153 3929//3929
f 5151//5151 5153//5153 5154//5154 5152//5152
f 2229//2229 5148//5148 5155//5155 2236//2236
f 5150//5150 5155//5155 5148//5148 5146//5146
f 5152//5152 5156//5156 5155//5155 5150//5150
f 2236//2236 5155//5155 5156//5156 2239//2239
f 3825//3825 3824//3824 5157//5157 5154//5154
f 5158//5158 5157//5157 3824//3824 3712//3712
f 5159//5159 5160//5160 5157//5157 5158//5158
f 5154//5154 5157//5157 5160//5160 5152//5152
f 2244//2244 2247//2247 5161//5161 5162//5162
f 5161//5161 2247//2247 2239//2239 5156//5156
f 5160//5160 5161//5161 5156//5156 5152//5152
f 5162//5162 5161//5161 5160//5160 5159//5159
f 3712//3712 3709//3709 5163//5163 5158//5158
f 5164//5164 5163//5163 3709//3709 3708//3708
f 5165//5165 5166//5166 5163//5163 5164//5164
f 5158//5158 5163//5163 5166//5166 5159//5159
f 3708//3708 3714//3714 5167//5167 5164//5164
f 5053//5053 5167//5167 3714//3714 3703//3703
f 5052//5052 5168//5168 5167//5167 5053//5053
f 5164//5164 5167//5167 5168//5168 5165//5165
f 2256//2256 2255//2255 5169//5169 5170//5170
f 5162//5162 5169//5169 2255//2255 2244//2244
f 5159//5159 5166//5166 5169//5169 5162//5162
f 5170//5170 5169//5169 5166//5166 5165//5165
f 5171//5171 2261//2261 2260//2260 5172//5172
f 5051//5051 5171//5171 5172//5172 5052//5052
f 5046//5046 5049//5049 5171//5171 5051//5051
f 2261//2261 5171//5171 5049//5049 2100//2100
f 5165//5165 5168//5168 5173//5173 5170//5170
f 5172//5172 5173//5173 5168//5168 5052//5052
f 2260//2260 2263//2263 5173//5173 5172//5172
f 5170//5170 5173//5173 2263//2263 2256//2256
f 3733//3733 3732//3732 5174//5174 5175//5175
f 3787//3787 5174//5174 3732//3732 3726//3726
f 3788//3788 4423//4423 5174//5174 3787//3787
f 4423//4423 4426//4426 5175//5175
f 3758//3758 3755//3755 5176//5176 5177//5177
f 3755//3755 3734//3734 3731//3731
f 5176//5176 3731//3731 3733//3733
f 5177//5177 5176//5176 5178//5178 5179//5179
f 4552//4552 4551//4551 5180//5180 5181//5181
f 5177//5177 5180//5180 4551//4551 3758//3758
f 5179//5179 5182//5182 5180//5180 5177//5177
f 5181//5181 5180//5180 5182//5182 5183//5183
f 4564//4564 4563//4563 5184//5184 5185//5185
f 5181//5181 5184//5184 4563//4563 4552//4552
f 5183//5183 5186//5186 5184//5184 5181//5181
f 5185//5185 5184//5184 5186//5186 5187//5187
f 4568//4568 4567//4567 5188//5188 5189//5189
f 5185//5185 5188//5188 4567//4567 4564//4564
f 5187//5187 5190//5190 5188//5188 5185//5185
f 5189//5189 5188//5188 5190//5190 5191//5191
f 5192//5192 5193//5193 5194//5194
f 5195//5195 4426//4426 4425//4425
f 5192//5192 4425//4425 4411//4411
f 4428//4428 4427//4427 5193//5193
f 4427//4427 4432//4432 5196//5196 5193//5193
f 5197//5197 5196//5196 4432//4432 4431//4431
f 5198//5198 5199//5199 5196//5196 5197//5197
f 5193//5193 5196//5196 5199//5199 5194//5194
f 5200//5200 5201//5201 5179//5179
f 5178//5178 3733//3733 5175//5175
f 5200//5200 5175//5175 4426//4426
f 5202//5202 5203//5203 5201//5201
f 5201//5201 5204//5204 5182//5182 5179//5179
f 5205//5205 5204//5204 5201//5201 5203//5203
f 5206//5206 5207//5207 5204//5204 5205//5205
f 5183//5183 5182//5182 5204//5204 5207//5207
f 5207//5207 5208//5208 5186//5186 5183//5183
f 5209//5209 5208//5208 5207//5207 5206//5206
f 5210//5210 5208//5208 5209//5209 5211//5211
f 5187//5187 5186//5186 5208//5208 5210//5210
f 5191//5191 5190//5190 5212//5212 5213//5213
f 5210//5210 5212//5212 5190//5190 5187//5187
f 5211//5211 5214//5214 5212//5212 5210//5210
f 5215//5215 5213//5213 5212//5212 5214//5214
f 5216//5216 5217//5217 5218//5218 5219//5219
f 5220//5220 5221//5221 5217//5217 5216//5216
f 5215//5215 5222//5222 5217//5217 5221//5221
f 5223//5223 5218//5218 5217//5217 5222//5222
f 5223//5223 5222//5222 5224//5224 5225//5225
f 5214//5214 5224//5224 5222//5222 5215//5215
f 5211//5211 5226//5226 5224//5224 5214//5214
f 5225//5225 5224//5224 5226//5226 5227//5227
f 5227//5227 5226//5226 5228//5228 5229//5229
f 5209//5209 5228//5228 5226//5226 5211//5211
f 5206//5206 5230//5230 5228//5228 5209//5209
f 5229//5229 5228//5228 5230//5230 5231//5231
f 4438//4438 4437//4437 5232//5232 5233//5233
f 4415//4415 5232//5232 4437//4437 4416//4416
f 3821//3821 5234//5234 5232//5232 4415//4415
f 5233//5233 5232//5232 5234//5234 5235//5235
f 5198//5198 5197//5197 5236//5236 5237//5237
f 4435//4435 5236//5236 5197//5197 4431//4431
f 4438//4438 5233//5233 5236//5236 4435//4435
f 5237//5237 5236//5236 5233//5233 5235//5235
f 5235//5235 5234//5234 5238//5238
f 3819//3819 5238//5238 5234//5234 3821//3821
f 4440//4440 5238//5238 3819//3819 3820//3820
f 5238//5238 4440//4440 4444//4444
f 5239//5239 5240//5240 5194//5194
f 5199//5199 5198//5198 5237//5237
f 5239//5239 5237//5237 5235//5235
f 5241//5241 5242//5242 5240//5240
f 5243//5243 5244//5244 5203//5203
f 5202//5202 4426//4426 5195//5195
f 5243//5243 5195//5195 5194//5194
f 5240//5240 5242//5242 5244//5244
f 5231//5231 5230//5230 5245//5245 5246//5246
f 5205//5205 5245//5245 5230//5230 5206//5206
f 5203//5203 5244//5244 5245//5245 5205//5205
f 5246//5246 5245//5245 5244//5244 5242//5242
f 5242//5242 5241//5241 5247//5247 5248//5248
f 5241//5241 5235//5235 5249//5249
f 5247//5247 5249//5249 4444//4444
f 5248//5248 5247//5247 5250//5250 5251//5251
f 5252//5252 5253//5253 5254//5254 5255//5255
f 5252//5252 4442//4442 4446//4446
f 5253//5253 4446//4446 4448//4448
f 5254//5254 5253//5253 4476//4476 4475//4475
f 5256//5256 5250//5250 4444//4444
f 4443//4443 4442//4442 5252//5252
f 5255//5255 5257//5257 5256//5256 5252//5252
f 5250//5250 5256//5256 5257//5257 5251//5251
f 5258//5258 5259//5259 5255//5255
f 4484//4484 5258//5258 5254//5254 4475//4475
f 4486//4486 5260//5260 5258//5258 4484//4484
f 5259//5259 5258//5258 5260//5260 5261//5261
f 5261//5261 5260//5260 5262//5262 5263//5263
f 4488//4488 5262//5262 5260//5260 4486//4486
f 5262//5262 4488//4488 4482//4482 5264//5264
f 5263//5263 5262//5262 5264//5264 5265//5265
f 4482//4482 4481//4481 5266//5266 5264//5264
f 4457//4457 5266//5266 4481//4481 4459//4459
f 4408//4408 5267//5267 5266//5266 4457//4457
f 5264//5264 5266//5266 5267//5267 5265//5265
f 4407//4407 5268//5268 5267//5267 4408//4408
f 5269//5269 5268//5268 4407//4407 4404//4404
f 5270//5270 5268//5268 5269//5269 5271//5271
f 5265//5265 5267//5267 5268//5268 5270//5270
f 5272//5272 5273//5273 5274//5274 5275//5275
f 5274//5274 5273//5273 5271//5271 5269//5269
f 4404//4404 4403//4403 5274//5274 5269//5269
f 5275//5275 5274//5274 4403//4403 4400//4400
f 4400//4400 4399//4399 5276//5276 5275//5275
f 4399//4399 4396//4396 5277//5277
f 5278//5278 5279//5279 5276//5276 5277//5277
f 5275//5275 5276//5276 5279//5279 5272//5272
f 5277//5277 5280//5280 5281//5281 5278//5278
f 4396//4396 4393//4393 5280//5280 5277//5277
f 4391//4391 5282//5282 5280//5280 4393//4393
f 5281//5281 5280//5280 5282//5282 5283//5283
f 5283//5283 5282//5282 5284//5284 5285//5285
f 4390//4390 5284//5284 5282//5282 4391//4391
f 4387//4387 5286//5286 5284//5284 4390//4390
f 5285//5285 5284//5284 5286//5286 5287//5287
f 5287//5287 5286//5286 5288//5288 5289//5289
f 4386//4386 5288//5288 5286//5286 4387//4387
f 5288//5288 4386//4386 4383//4383
f 5290//5290 5291//5291 5289//5289
f 5292//5292 5293//5293 5294//5294 5295//5295
f 5293//5293 5242//5242 5248//5248
f 5251//5251 5295//5295 5294//5294 5248//5248
f 5296//5296 5297//5297 5298//5298 5299//5299
f 5246//5246 5298//5298 5297//5297 5231//5231
f 5242//5242 5293//5293 5298//5298 5246//5246
f 5299//5299 5298//5298 5293//5293 5292//5292
f 5300//5300 5301//5301 5302//5302 5303//5303
f 5229//5229 5302//5302 5301//5301 5227//5227
f 5231//5231 5297//5297 5302//5302 5229//5229
f 5303//5303 5302//5302 5297//5297 5296//5296
f 5304//5304 5305//5305 5306//5306 5307//5307
f 5225//5225 5306//5306 5305//5305 5223//5223
f 5227//5227 5301//5301 5306//5306 5225//5225
f 5307//5307 5306//5306 5301//5301 5300//5300
f 5219//5219 5218//5218 5308//5308 5309//5309
f 5305//5305 5308//5308 5218//5218 5223//5223
f 5310//5310 5308//5308 5305//5305 5304//5304
f 5309//5309 5308//5308 5310//5310 5311//5311
f 5312//5312 5313//5313 5314//5314
f 5314//5314 5292//5292 5295//5295
f 5251//5251 5257//5257 5315//5315 5295//5295
f 5257//5257 5255//5255 5312//5312
f 5316//5316 5317//5317 5313//5313
f 5312//5312 5255//5255 5259//5259
f 5261//5261 5318//5318 5316//5316 5259//5259
f 5317//5317 5316//5316 5318//5318 5319//5319
f 5319//5319 5318//5318 5320//5320 5321//5321
f 5263//5263 5320//5320 5318//5318 5261//5261
f 5265//5265 5322//5322 5320//5320 5263//5263
f 5321//5321 5320//5320 5322//5322 5323//5323
f 5323//5323 5322//5322 5324//5324 5325//5325
f 5270//5270 5324//5324 5322//5322 5265//5265
f 5271//5271 5326//5326 5324//5324 5270//5270
f 5325//5325 5324//5324 5326//5326 5327//5327
f 5327//5327 5326//5326 5328//5328 5329//5329
f 5273//5273 5328//5328 5326//5326 5271//5271
f 5330//5330 5328//5328 5273//5273 5272//5272
f 5328//5328 5330//5330 5331//5331 5329//5329
f 5332//5332 5333//5333 5334//5334 5335//5335
f 5330//5330 5334//5334 5333//5333 5331//5331
f 5272//5272 5279//5279 5334//5334 5330//5330
f 5335//5335 5334//5334 5279//5279 5278//5278
f 5336//5336 5337//5337 5338//5338 5339//5339
f 5335//5335 5338//5338 5337//5337 5332//5332
f 5278//5278 5281//5281 5338//5338 5335//5335
f 5339//5339 5338//5338 5281//5281 5283//5283
f 5340//5340 5341//5341 5342//5342 5343//5343
f 5339//5339 5342//5342 5341//5341 5336//5336
f 5283//5283 5285//5285 5342//5342 5339//5339
f 5343//5343 5342//5342 5285//5285 5287//5287
f 5344//5344 5345//5345 5346//5346 5347//5347
f 5343//5343 5346//5346 5345//5345 5340//5340
f 5287//5287 5289//5289 5346//5346 5343//5343
f 5347//5347 5346//5346 5289//5289 5291//5291
f 5344//5344 5348//5348 5349//5349 5345//5345
f 2438//2438 5349//5349 5348//5348 2443//2443
f 5350//5350 5349//5349 2438//2438 2441//2441
f 5340//5340 5345//5345 5349//5349 5350//5350
f 5351//5351 5352//5352 5353//5353 5354//5354
f 5337//5337 5353//5353 5352//5352 5332//5332
f 5355//5355 5353//5353 5337//5337 5336//5336
f 5354//5354 5353//5353 5355//5355 2449//2449
f 5336//5336 5341//5341 5356//5356 5355//5355
f 5350//5350 5356//5356 5341//5341 5340//5340
f 2441//2441 2451//2451 5356//5356 5350//5350
f 5355//5355 5356//5356 2451//2451 2449//2449
f 5357//5357 5358//5358 5359//5359 5360//5360
f 5333//5333 5359//5359 5358//5358 5331//5331
f 5332//5332 5352//5352 5359//5359 5333//5333
f 5360//5360 5359//5359 5352//5352 5351//5351
f 5351//5351 5354//5354 5361//5361 5360//5360
f 2459//2459 5361//5361 5354//5354 2449//2449
f 2458//2458 5362//5362 5361//5361 2459//2459
f 5360//5360 5361//5361 5362//5362 5357//5357
f 5363//5363 5364//5364 5365//5365 5366//5366
f 5329//5329 5365//5365 5364//5364 5327//5327
f 5331//5331 5358//5358 5365//5365 5329//5329
f 5366//5366 5365//5365 5358//5358 5357//5357
f 5367//5367 2467//2467 2466//2466 5368//5368
f 5366//5366 5367//5367 5368//5368 5363//5363
f 5357//5357 5362//5362 5367//5367 5366//5366
f 2467//2467 5367//5367 5362//5362 2458//2458
f 5369//5369 5370//5370 5371//5371 5372//5372
f 5325//5325 5371//5371 5370//5370 5323//5323
f 5327//5327 5364//5364 5371//5371 5325//5325
f 5372//5372 5371//5371 5364//5364 5363//5363
f 5369//5369 5372//5372 5373//5373 5374//5374
f 5368//5368 5373//5373 5372//5372 5363//5363
f 2466//2466 2474//2474 5373//5373 5368//5368
f 5374//5374 5373//5373 2474//2474 2475//2475
f 5375//5375 5376//5376 5377//5377
f 5321//5321 5375//5375 5378//5378 5319//5319
f 5323//5323 5370//5370 5375//5375 5321//5321
f 5376//5376 5375//5375 5370//5370 5369//5369
f 5377//5377 5376//5376 5379//5379 5380//5380
f 5374//5374 5379//5379 5376//5376 5369//5369
f 2475//2475 2482//2482 5379//5379 5374//5374
f 5380//5380 5379//5379 2482//2482 2483//2483
f 5381//5381 5382//5382 5383//5383 5384//5384
f 5382//5382 5313//5313 5317//5317
f 5319//5319 5378//5378 5383//5383 5317//5317
f 5378//5378 5377//5377 5384//5384
f 5385//5385 5381//5381 5384//5384
f 5384//5384 5377//5377 5380//5380
f 2483//2483 2489//2489 5386//5386 5380//5380
f 5385//5385 5386//5386 2489//2489 2491//2491
f 5387//5387 5388//5388 5389//5389 5390//5390
f 5314//5314 5389//5389 5388//5388 5292//5292
f 5313//5313 5382//5382 5389//5389 5314//5314
f 5390//5390 5389//5389 5382//5382 5381//5381
f 5381//5381 5385//5385 5391//5391 5390//5390
f 2499//2499 5391//5391 5385//5385 2491//2491
f 2498//2498 5392//5392 5391//5391 2499//2499
f 5390//5390 5391//5391 5392//5392 5387//5387
f 5292//5292 5388//5388 5393//5393 5299//5299
f 5394//5394 5393//5393 5388//5388 5387//5387
f 5395//5395 5396//5396 5393//5393 5394//5394
f 5299//5299 5393//5393 5396//5396 5296//5296
f 5397//5397 5394//5394 5387//5387
f 5392//5392 2498//2498 2507//2507
f 2506//2506 5398//5398 5397//5397 2507//2507
f 5394//5394 5397//5397 5398//5398 5395//5395
f 5296//5296 5396//5396 5399//5399 5303//5303
f 5400//5400 5399//5399 5396//5396 5395//5395
f 5401//5401 5402//5402 5399//5399 5400//5400
f 5303//5303 5399//5399 5402//5402 5300//5300
f 5395//5395 5398//5398 5403//5403 5400//5400
f 2515//2515 5403//5403 5398//5398 2506//2506
f 2514//2514 5404//5404 5403//5403 2515//2515
f 5400//5400 5403//5403 5404//5404 5401//5401
f 5300//5300 5402//5402 5405//5405 5307//5307
f 5406//5406 5405//5405 5402//5402 5401//5401
f 5407//5407 5408//5408 5405//5405 5406//5406
f 5307//5307 5405//5405 5408//5408 5304//5304
f 5401//5401 5404//5404 5409//5409 5406//5406
f 2523//2523 5409//5409 5404//5404 2514//2514
f 2522//2522 5410//5410 5409//5409 2523//2523
f 5406//5406 5409//5409 5410//5410 5407//5407
f 5304//5304 5408//5408 5411//5411 5310//5310
f 5412//5412 5411//5411 5408//5408 5407//5407
f 5413//5413 5414//5414 5411//5411 5412//5412
f 5311//5311 5310//5310 5411//5411 5414//5414
f 5407//5407 5410//5410 5415//5415 5412//5412
f 2522//2522 2531//2531 5415//5415 5410//5410
f 5416//5416 5415//5415 2531//2531 2530//2530
f 5413//5413 5412//5412 5415//5415 5416//5416
f 5191//5191 5213//5213 5417//5417 5418//5418
f 5221//5221 5417//5417 5213//5213 5215//5215
f 5419//5419 5417//5417 5221//5221 5220//5220
f 5418//5418 5417//5417 5419//5419 5420//5420
f 5420//5420 5419//5419 5421//5421 5422//5422
f 5423//5423 5421//5421 5419//5419 5220//5220
f 5424//5424 5422//5422 5421//5421 5423//5423
f 1148//1148 4143//4143 5425//5425 2540//2540
f 5426//5426 5425//5425 4143//4143 4142//4142
f 5427//5427 5428//5428 5425//5425 5426//5426
f 2540//2540 5425//5425 5428//5428 2543//2543
f 5429//5429 5430//5430 5431//5431 5432//5432
f 5433//5433 5431//5431 5430//5430 5434//5434
f 2553//2553 2551//2551 5431//5431 5433//5433
f 5432//5432 5431//5431 2551//2551 2550//2550
f 5435//5435 5436//5436 5437//5437 5438//5438
f 5420//5420 5422//5422 5436//5436 5435//5435
f 5439//5439 5436//5436 5422//5422 5424//5424
f 5440//5440 5437//5437 5436//5436 5439//5439
f 5438//5438 5437//5437 5441//5441 5442//5442
f 5443//5443 5441//5441 5437//5437 5440//5440
f 5444//5444 5445//5445 5441//5441 5443//5443
f 5442//5442 5441//5441 5445//5445 5446//5446
f 5446//5446 5445//5445 5447//5447 5448//5448
f 5449//5449 5447//5447 5445//5445 5444//5444
f 5450//5450 5451//5451 5447//5447 5449//5449
f 5448//5448 5447//5447 5451//5451 5452//5452
f 5452//5452 5451//5451 5453//5453 5454//5454
f 5455//5455 5453//5453 5451//5451 5450//5450
f 5456//5456 5457//5457 5453//5453 5455//5455
f 5454//5454 5453//5453 5457//5457 5458//5458
f 5458//5458 5457//5457 5459//5459 5460//5460
f 5461//5461 5459//5459 5457//5457 5456//5456
f 5434//5434 5430//5430 5459//5459 5461//5461
f 5460//5460 5459//5459 5430//5430 5429//5429
f 5429//5429 5432//5432 5462//5462 5463//5463
f 2550//2550 2587//2587 5462//5462 5432//5432
f 2586//2586 5464//5464 5462//5462 2587//2587
f 5463//5463 5462//5462 5464//5464 5465//5465
f 5466//5466 5467//5467 5468//5468 5469//5469
f 5470//5470 5468//5468 5467//5467 5471//5471
f 5472//5472 5473//5473 5468//5468 5470//5470
f 5469//5469 5468//5468 5473//5473 5474//5474
f 5465//5465 5464//5464 5475//5475 5476//5476
f 2597//2597 5475//5475 5464//5464 2586//2586
f 2543//2543 5428//5428 5475//5475 2597//2597
f 5476//5476 5475//5475 5428//5428 5427//5427
f 5427//5427 5477//5477 5478//5478 5476//5476
f 5479//5479 5478//5478 5477//5477 5480//5480
f 5481//5481 5482//5482 5478//5478 5479//5479
f 5476//5476 5478//5478 5482//5482 5465//5465
f 5465//5465 5482//5482 5483//5483 5463//5463
f 5484//5484 5483//5483 5482//5482 5481//5481
f 5458//5458 5460//5460 5483//5483 5484//5484
f 5463//5463 5483//5483 5460//5460 5429//5429
f 5480//5480 5485//5485 5486//5486 5479//5479
f 5467//5467 5486//5486 5485//5485 5471//5471
f 5466//5466 5487//5487 5486//5486 5467//5467
f 5479//5479 5486//5486 5487//5487 5481//5481
f 5474//5474 5488//5488 5489//5489 5469//5469
f 5448//5448 5489//5489 5488//5488 5446//5446
f 5452//5452 5490//5490 5489//5489 5448//5448
f 5469//5469 5489//5489 5490//5490 5466//5466
f 5454//5454 5491//5491 5490//5490 5452//5452
f 5458//5458 5484//5484 5491//5491 5454//5454
f 5481//5481 5487//5487 5491//5491 5484//5484
f 5491//5491 5487//5487 5466//5466 5490//5490
f 5492//5492 5493//5493 5494//5494 5495//5495
f 5189//5189 5494//5494 5493//5493 4568//4568
f 5191//5191 5418//5418 5494//5494 5189//5189
f 5495//5495 5494//5494 5418//5418 5420//5420
f 5472//5472 5470//5470 5496//5496 5497//5497
f 5471//5471 5498//5498 5496//5496 5470//5470
f 5499//5499 5496//5496 5498//5498 5500//5500
f 5497//5497 5496//5496 5499//5499 5501//5501
f 5502//5502 5503//5503 5504//5504 5505//5505
f 5502//5502 4511//4511 4522//4522
f 4524//4524 5506//5506 5503//5503 4522//4522
f 5506//5506 5507//5507 5504//5504
f 4497//4497 4512//4512 5508//5508 5509//5509
f 5502//5502 5508//5508 4512//4512 4511//4511
f 5510//5510 5508//5508 5502//5502 5505//5505
f 5509//5509 5508//5508 5510//5510 5511//5511
f 3253//3253 4498//4498 5512//5512 3261//3261
f 5509//5509 5512//5512 4498//4498 4497//4497
f 5511//5511 5513//5513 5512//5512 5509//5509
f 3261//3261 5512//5512 5513//5513 3262//3262
f 3262//3262 5513//5513 5514//5514 5515//5515
f 5516//5516 5514//5514 5513//5513 5511//5511
f 5517//5517 5518//5518 5514//5514 5516//5516
f 5515//5515 5514//5514 5518//5518 5519//5519
f 5511//5511 5510//5510 5520//5520 5516//5516
f 5510//5510 5505//5505 5521//5521
f 5522//5522 5523//5523 5520//5520 5521//5521
f 5516//5516 5520//5520 5523//5523 5517//5517
f 5522//5522 5521//5521 5524//5524 5525//5525
f 5526//5526 5524//5524 5521//5521 5505//5505
f 5527//5527 5528//5528 5524//5524 5526//5526
f 5525//5525 5524//5524 5528//5528 5529//5529
f 5530//5530 5531//5531 5532//5532 5533//5533
f 5529//5529 5528//5528 5531//5531 5530//5530
f 5534//5534 5531//5531 5528//5528 5527//5527
f 5532//5532 5531//5531 5534//5534 5501//5501
f 5500//5500 5535//5535 5536//5536 5499//5499
f 5537//5537 5536//5536 5535//5535 5538//5538
f 5533//5533 5532//5532 5536//5536 5537//5537
f 5499//5499 5536//5536 5532//5532 5501//5501
f 4069//4069 4068//4068 5539//5539 5540//5540
f 5541//5541 5539//5539 4068//4068 4029//4029
f 5542//5542 5543//5543 5539//5539 5541//5541
f 5540//5540 5539//5539 5543//5543 5538//5538
f 5544//5544 5545//5545 5546//5546
f 5537//5537 5544//5544 5547//5547 5533//5533
f 5538//5538 5543//5543 5544//5544 5537//5537
f 5543//5543 5542//5542 5545//5545
f 5548//5548 5549//5549 5550//5550 5551//5551
f 4566//4566 5550//5550 5549//5549 4560//4560
f 4568//4568 5493//5493 5550//5550 4566//4566
f 5551//5551 5550//5550 5493//5493 5492//5492
f 5495//5495 5552//5552 5553//5553 5492//5492
f 5435//5435 5552//5552 5495//5495 5420//5420
f 5438//5438 5554//5554 5552//5552 5435//5435
f 5553//5553 5552//5552 5554//5554 5555//5555
f 5446//5446 5488//5488 5556//5556 5442//5442
f 5557//5557 5556//5556 5488//5488 5474//5474
f 5554//5554 5556//5556 5557//5557 5555//5555
f 5442//5442 5556//5556 5554//5554 5438//5438
f 5558//5558 5559//5559 5560//5560 5561//5561
f 5551//5551 5560//5560 5559//5559 5548//5548
f 5492//5492 5553//5553 5560//5560 5551//5551
f 5561//5561 5560//5560 5553//5553 5555//5555
f 5557//5557 5562//5562 5563//5563 5555//5555
f 5474//5474 5473//5473 5562//5562 5557//5557
f 5472//5472 5564//5564 5562//5562 5473//5473
f 5563//5563 5562//5562 5564//5564 5565//5565
f 5527//5527 5526//5526 5566//5566 5567//5567
f 5505//5505 5504//5504 5566//5566 5526//5526
f 5507//5507 5568//5568 5566//5566 5504//5504
f 5567//5567 5566//5566 5568//5568 5565//5565
f 5501//5501 5534//5534 5569//5569 5497//5497
f 5567//5567 5569//5569 5534//5534 5527//5527
f 5565//5565 5564//5564 5569//5569 5567//5567
f 5497//5497 5569//5569 5564//5564 5472//5472
f 5570//5570 5571//5571 5507//5507
f 4534//4534 5570//5570 5506//5506 4524//4524
f 4536//4536 5572//5572 5570//5570 4534//4534
f 5571//5571 5570//5570 5572//5572 5573//5573
f 5573//5573 5572//5572 5574//5574 5575//5575
f 4546//4546 5574//5574 5572//5572 4536//4536
f 4548//4548 5576//5576 5574//5574 4546//4546
f 5575//5575 5574//5574 5576//5576 5577//5577
f 5578//5578 5579//5579 5577//5577
f 4558//4558 5578//5578 5576//5576 4548//4548
f 5578//5578 4558//4558 4560//4560
f 5579//5579 5578//5578 5549//5549 5548//5548
f 5580//5580 5581//5581 5582//5582 5583//5583
f 5573//5573 5575//5575 5581//5581 5580//5580
f 5577//5577 5582//5582 5581//5581 5575//5575
f 5548//5548 5559//5559 5584//5584 5579//5579
f 5585//5585 5584//5584 5559//5559 5558//5558
f 5583//5583 5582//5582 5584//5584 5585//5585
f 5579//5579 5584//5584 5582//5582 5577//5577
f 5558//5558 5561//5561 5586//5586 5585//5585
f 5563//5563 5586//5586 5561//5561 5555//5555
f 5565//5565 5587//5587 5586//5586 5563//5563
f 5585//5585 5586//5586 5587//5587 5583//5583
f 5583//5583 5587//5587 5588//5588 5580//5580
f 5568//5568 5588//5588 5587//5587 5565//5565
f 5571//5571 5588//5588 5568//5568 5507//5507
f 5580//5580 5588//5588 5571//5571 5573//5573
f 3358//3358 3357//3357 5589//5589 5590//5590
f 3320//3320 5589//5589 3357//3357 3318//3318
f 3322//3322 5591//5591 5589//5589 3320//3320
f 5590//5590 5589//5589 5591//5591 5592//5592
f 3398//3398 3397//3397 5593//5593 5594//5594
f 5590//5590 5593//5593 3397//3397 3358//3358
f 5592//5592 5595//5595 5593//5593 5590//5590
f 5594//5594 5593//5593 5595//5595 5596//5596
f 5597//5597 5598//5598 5599//5599 5600//5600
f 4025//4025 5599//5599 5598//5598 4022//4022
f 3398//3398 5594//5594 5599//5599 4025//4025
f 5600//5600 5599//5599 5594//5594 5596//5596
f 5601//5601 5602//5602 5603//5603 5604//5604
f 4030//4030 5603//5603 5602//5602 4031//4031
f 4022//4022 5598//5598 5603//5603 4030//4030
f 5604//5604 5603//5603 5598//5598 5597//5597
f 5605//5605 5606//5606 5607//5607
f 5607//5607 5529//5529 5530//5530
f 5608//5608 5530//5530 5533//5533
f 5608//5608 5547//5547 5546//5546
f 5609//5609 5610//5610 5611//5611 5612//5612
f 5525//5525 5611//5611 5610//5610 5522//5522
f 5611//5611 5525//5525 5529//5529
f 5607//5607 5606//5606 5612//5612
f 5613//5613 5614//5614 5615//5615 5616//5616
f 5541//5541 5615//5615 5614//5614 5542//5542
f 4029//4029 4028//4028 5615//5615 5541//5541
f 5616//5616 5615//5615 4028//4028 4031//4031
f 5606//5606 5605//5605 5617//5617 5618//5618
f 5545//5545 5617//5617 5605//5605 5546//5546
f 5542//5542 5614//5614 5617//5617 5545//5545
f 5618//5618 5617//5617 5614//5614 5613//5613
f 5619//5619 5620//5620 5621//5621 5622//5622
f 5616//5616 5621//5621 5620//5620 5613//5613
f 4031//4031 5602//5602 5621//5621 5616//5616
f 5622//5622 5621//5621 5602//5602 5601//5601
f 5517//5517 5523//5523 5623//5623 5624//5624
f 5610//5610 5623//5623 5523//5523 5522//5522
f 5609//5609 5625//5625 5623//5623 5610//5610
f 5624//5624 5623//5623 5625//5625 5626//5626
f 5627//5627 5628//5628 5609//5609
f 5612//5612 5606//5606 5618//5618
f 5613//5613 5629//5629 5627//5627 5618//5618
f 5628//5628 5627//5627 5629//5629 5630//5630
f 5630//5630 5629//5629 5631//5631 5632//5632
f 5620//5620 5631//5631 5629//5629 5613//5613
f 5633//5633 5631//5631 5620//5620 5619//5619
f 5634//5634 5632//5632 5631//5631 5633//5633
f 5624//5624 5635//5635 5518//5518 5517//5517
f 5626//5626 5636//5636 5635//5635 5624//5624
f 5518//5518 5635//5635 5636//5636 5519//5519
f 5628//5628 5637//5637 5625//5625 5609//5609
f 5630//5630 5638//5638 5637//5637 5628//5628
f 5639//5639 5637//5637 5638//5638 5640//5640
f 5626//5626 5625//5625 5637//5637 5639//5639
f 5641//5641 5642//5642 5632//5632 5634//5634
f 5643//5643 5642//5642 5641//5641 5644//5644
f 5640//5640 5638//5638 5642//5642 5643//5643
f 5632//5632 5642//5642 5638//5638 5630//5630
f 5645//5645 5646//5646 5647//5647 5648//5648
f 5649//5649 5647//5647 5646//5646 5650//5650
f 3322//3322 3321//3321 5647//5647 5649//5649
f 5648//5648 5647//5647 3321//3321 3264//3264
f 3264//3264 3263//3263 5651//5651 5648//5648
f 5515//5515 5651//5651 3263//3263 3262//3262
f 5519//5519 5652//5652 5651//5651 5515//5515
f 5648//5648 5651//5651 5652//5652 5645//5645
f 5519//5519 5636//5636 5653//5653 5654//5654
f 5639//5639 5653//5653 5636//5636 5626//5626
f 5640//5640 5655//5655 5653//5653 5639//5639
f 5654//5654 5653//5653 5655//5655 5656//5656
f 5656//5656 5655//5655 5657//5657 5658//5658
f 5643//5643 5657//5657 5655//5655 5640//5640
f 5644//5644 5659//5659 5657//5657 5643//5643
f 5658//5658 5657//5657 5659//5659 5660//5660
f 5592//5592 5591//5591 5661//5661 5662//5662
f 5649//5649 5661//5661 5591//5591 3322//3322
f 5650//5650 5663//5663 5661//5661 5649//5649
f 5662//5662 5661//5661 5663//5663 5664//5664
f 5645//5645 5652//5652 5665//5665 5666//5666
f 5654//5654 5665//5665 5652//5652 5519//5519
f 5656//5656 5667//5667 5665//5665 5654//5654
f 5666//5666 5665//5665 5667//5667 5668//5668
f 5650//5650 5646//5646 5669//5669 5663//5663
f 5666//5666 5669//5669 5646//5646 5645//5645
f 5668//5668 5670//5670 5669//5669 5666//5666
f 5663//5663 5669//5669 5670//5670 5664//5664
f 5668//5668 5667//5667 5671//5671 5672//5672
f 5658//5658 5671//5671 5667//5667 5656//5656
f 5660//5660 5673//5673 5671//5671 5658//5658
f 5672//5672 5671//5671 5673//5673 5674//5674
f 5664//5664 5670//5670 5675//5675 5676//5676
f 5672//5672 5675//5675 5670//5670 5668//5668
f 5674//5674 5677//5677 5675//5675 5672//5672
f 5676//5676 5675//5675 5677//5677 5678//5678
f 5596//5596 5595//5595 5679//5679 5680//5680
f 5662//5662 5679//5679 5595//5595 5592//5592
f 5664//5664 5681//5681 5679//5679 5662//5662
f 5680//5680 5679//5679 5681//5681 5682//5682
f 5680//5680 5683//5683 5600//5600 5596//5596
f 5682//5682 5684//5684 5683//5683 5680//5680
f 5685//5685 5686//5686 5683//5683 5684//5684
f 5600//5600 5683//5683 5686//5686 5597//5597
f 5682//5682 5681//5681 5687//5687 5688//5688
f 5676//5676 5687//5687 5681//5681 5664//5664
f 5678//5678 5689//5689 5687//5687 5676//5676
f 5688//5688 5687//5687 5689//5689 5690//5690
f 5597//5597 5686//5686 5691//5691 5604//5604
f 5692//5692 5691//5691 5686//5686 5685//5685
f 5693//5693 5694//5694 5691//5691 5692//5692
f 5604//5604 5691//5691 5694//5694 5601//5601
f 5690//5690 5695//5695 5696//5696 5688//5688
f 5697//5697 5698//5698 5696//5696 5695//5695
f 5684//5684 5696//5696 5698//5698 5685//5685
f 5688//5688 5696//5696 5684//5684 5682//5682
f 5601//5601 5694//5694 5699//5699 5622//5622
f 5700//5700 5699//5699 5694//5694 5693//5693
f 5701//5701 5702//5702 5699//5699 5700//5700
f 5622//5622 5699//5699 5702//5702 5619//5619
f 5703//5703 5704//5704 5705//5705 5706//5706
f 5692//5692 5705//5705 5704//5704 5693//5693
f 5685//5685 5698//5698 5705//5705 5692//5692
f 5706//5706 5705//5705 5698//5698 5697//5697
f 5707//5707 5708//5708 5709//5709 5710//5710
f 5633//5633 5709//5709 5708//5708 5634//5634
f 5619//5619 5702//5702 5709//5709 5633//5633
f 5710//5710 5709//5709 5702//5702 5701//5701
f 5711//5711 5712//5712 5713//5713 5714//5714
f 5644//5644 5641//5641 5713//5713 5712//5712
f 5634//5634 5708//5708 5713//5713 5641//5641
f 5714//5714 5713//5713 5708//5708 5707//5707
f 5715//5715 5716//5716 5717//5717 5718//5718
f 5700//5700 5717//5717 5716//5716 5701//5701
f 5693//5693 5704//5704 5717//5717 5700//5700
f 5718//5718 5717//5717 5704//5704 5703//5703
f 5660//5660 5659//5659 5719//5719 5720//5720
f 5712//5712 5719//5719 5659//5659 5644//5644
f 5711//5711 5721//5721 5719//5719 5712//5712
f 5720//5720 5719//5719 5721//5721 5722//5722
f 5723//5723 5724//5724 5725//5725
f 5710//5710 5723//5723 5726//5726 5707//5707
f 5701//5701 5716//5716 5723//5723 5710//5710
f 5724//5724 5723//5723 5716//5716 5715//5715
f 5722//5722 5721//5721 5727//5727 5728//5728
f 5714//5714 5727//5727 5721//5721 5711//5711
f 5707//5707 5726//5726 5727//5727 5714//5714
f 5728//5728 5727//5727 5726//5726 5725//5725
f 5674//5674 5673//5673 5729//5729 5730//5730
f 5720//5720 5729//5729 5673//5673 5660//5660
f 5722//5722 5731//5731 5729//5729 5720//5720
f 5730//5730 5729//5729 5731//5731 5732//5732
f 5678//5678 5677//5677 5733//5733 5734//5734
f 5730//5730 5733//5733 5677//5677 5674//5674
f 5732//5732 5735//5735 5733//5733 5730//5730
f 5734//5734 5733//5733 5735//5735 5736//5736
f 5732//5732 5731//5731 5737//5737 5738//5738
f 5728//5728 5737//5737 5731//5731 5722//5722
f 5738//5738 5737//5737 5728//5728 5725//5725
f 5736//5736 5735//5735 5739//5739 5740//5740
f 5738//5738 5739//5739 5735//5735 5732//5732
f 5725//5725 5741//5741 5739//5739 5738//5738
f 5740//5740 5739//5739 5741//5741 5742//5742
f 5724//5724 5743//5743 5741//5741 5725//5725
f 5744//5744 5743//5743 5724//5724 5715//5715
f 5745//5745 5746//5746 5743//5743 5744//5744
f 5742//5742 5741//5741 5743//5743 5746//5746
f 5746//5746 5747//5747 5748//5748 5742//5742
f 5749//5749 5747//5747 5746//5746 5745//5745
f 5750//5750 5751//5751 5747//5747 5749//5749
f 5752//5752 5748//5748 5747//5747 5751//5751
f 5715//5715 5718//5718 5753//5753 5744//5744
f 5703//5703 5754//5754 5753//5753 5718//5718
f 5755//5755 5753//5753 5754//5754 5756//5756
f 5744//5744 5753//5753 5755//5755 5745//5745
f 5756//5756 5754//5754 5757//5757 5758//5758
f 5706//5706 5757//5757 5754//5754 5703//5703
f 5697//5697 5759//5759 5757//5757 5706//5706
f 5758//5758 5757//5757 5759//5759 5760//5760
f 5761//5761 5762//5762 5763//5763
f 5740//5740 5761//5761 5764//5764 5736//5736
f 5742//5742 5748//5748 5761//5761 5740//5740
f 5748//5748 5752//5752 5762//5762
f 5690//5690 5689//5689 5765//5765 5766//5766
f 5734//5734 5765//5765 5689//5689 5678//5678
f 5736//5736 5764//5764 5765//5765 5734//5734
f 5766//5766 5765//5765 5764//5764 5763//5763
f 5760//5760 5759//5759 5767//5767 5768//5768
f 5695//5695 5767//5767 5759//5759 5697//5697
f 5766//5766 5767//5767 5695//5695 5690//5690
f 5763//5763 5768//5768 5767//5767 5766//5766
f 5769//5769 5770//5770 5771//5771
f 5758//5758 5769//5769 5772//5772 5756//5756
f 5760//5760 5768//5768 5769//5769 5758//5758
f 5768//5768 5763//5763 5770//5770
f 5752//5752 5751//5751 5773//5773 5762//5762
f 5774//5774 5773//5773 5751//5751 5750//5750
f 5770//5770 5773//5773 5774//5774 5771//5771
f 5762//5762 5773//5773 5770//5770 5763//5763
f 5750//5750 5749//5749 5775//5775 5774//5774
f 5755//5755 5775//5775 5749//5749 5745//5745
f 5756//5756 5772//5772 5775//5775 5755//5755
f 5771//5771 5774//5774 5775//5775 5772//5772
f 5776//5776 5777//5777 5778//5778
f 4100//4100 5776//5776 5779//5779 4101//4101
f 4082//4082 4087//4087 5776//5776 4100//4100
f 5777//5777 5776//5776 4087//4087 4086//4086
f 4165//4165 4164//4164 5780//5780 5781//5781
f 4160//4160 4159//4159 5780//5780 4164//4164
f 5779//5779 5780//5780 4159//4159 4101//4101
f 5781//5781 5780//5780 5779//5779 5778//5778
f 4169//4169 5782//5782 5783//5783 4170//4170
f 5781//5781 5782//5782 4169//4169 4165//4165
f 5781//5781 5778//5778 5784//5784
f 5783//5783 5782//5782 5784//5784 5785//5785
f 4046//4046 4051//4051 5786//5786 4085//4085
f 5787//5787 5786//5786 4051//4051 4050//4050
f 5788//5788 5789//5789 5786//5786 5787//5787
f 4085//4085 5786//5786 5789//5789 4086//4086
f 4086//4086 5789//5789 5790//5790 5777//5777
f 5791//5791 5790//5790 5789//5789 5788//5788
f 5792//5792 5793//5793 5790//5790 5791//5791
f 5777//5777 5790//5790 5793//5793 5778//5778
f 5785//5785 5784//5784 5794//5794 5795//5795
f 5794//5794 5784//5784 5778//5778
f 5795//5795 5794//5794 5793//5793 5792//5792
f 4050//4050 4055//4055 5796//5796 5787//5787
f 5797//5797 5796//5796 4055//4055 4054//4054
f 5798//5798 5799//5799 5796//5796 5797//5797
f 5787//5787 5796//5796 5799//5799 5788//5788
f 4170//4170 5783//5783 5800//5800 4174//4174
f 5800//5800 5783//5783 5785//5785 5801//5801
f 5802//5802 5803//5803 5800//5800 5801//5801
f 4174//4174 5800//5800 5803//5803 4171//4171
f 5804//5804 5791//5791 5788//5788
f 5799//5799 5798//5798 5805//5805
f 5806//5806 5807//5807 5804//5804 5805//5805
f 5791//5791 5804//5804 5807//5807 5792//5792
f 5802//5802 5801//5801 5808//5808 5809//5809
f 5795//5795 5808//5808 5801//5801 5785//5785
f 5792//5792 5807//5807 5808//5808 5795//5795
f 5809//5809 5808//5808 5807//5807 5806//5806
f 5797//5797 5810//5810 5811//5811 5798//5798
f 5810//5810 5797//5797 4054//4054 4059//4059
f 4061//4061 5812//5812 5810//5810 4059//4059
f 5812//5812 5813//5813 5811//5811
f 4171//4171 5803//5803 5814//5814 4178//4178
f 5815//5815 5814//5814 5803//5803 5802//5802
f 5816//5816 5817//5817 5814//5814 5815//5815
f 4178//4178 5814//5814 5817//5817 4175//4175
f 5805//5805 5818//5818 5819//5819 5806//5806
f 5818//5818 5805//5805 5798//5798
f 5818//5818 5811//5811 5813//5813
f 5819//5819 5818//5818 5820//5820 5821//5821
f 5802//5802 5809//5809 5822//5822 5815//5815
f 5806//5806 5819//5819 5822//5822 5809//5809
f 5821//5821 5823//5823 5822//5822 5819//5819
f 5815//5815 5822//5822 5823//5823 5816//5816
f 5824//5824 5825//5825 5813//5813
f 4064//4064 5824//5824 5812//5812 4061//4061
f 4063//4063 5826//5826 5824//5824 4064//4064
f 5825//5825 5824//5824 5826//5826 5827//5827
f 5821//5821 5820//5820 5828//5828 5829//5829
f 5825//5825 5828//5828 5820//5820 5813//5813
f 5827//5827 5830//5830 5828//5828 5825//5825
f 5829//5829 5828//5828 5830//5830 5831//5831
f 5832//5832 5833//5833 5834//5834 5835//5835
f 5540//5540 5834//5834 5833//5833 4069//4069
f 5538//5538 5535//5535 5834//5834 5540//5540
f 5835//5835 5834//5834 5535//5535 5500//5500
f 5827//5827 5826//5826 5836//5836 5837//5837
f 4067//4067 5836//5836 5826//5826 4063//4063
f 4069//4069 5833//5833 5836//5836 4067//4067
f 5833//5833 5832//5832 5837//5837
f 5831//5831 5830//5830 5838//5838 5839//5839
f 5837//5837 5838//5838 5830//5830 5827//5827
f 5838//5838 5837//5837 5832//5832
f 5839//5839 5838//5838 5840//5840 5841//5841
f 4175//4175 5817//5817 5842//5842 4182//4182
f 5843//5843 5842//5842 5817//5817 5816//5816
f 5844//5844 5845//5845 5842//5842 5843//5843
f 4182//4182 5842//5842 5845//5845 4179//4179
f 5816//5816 5823//5823 5846//5846 5843//5843
f 5829//5829 5846//5846 5823//5823 5821//5821
f 5831//5831 5847//5847 5846//5846 5829//5829
f 5843//5843 5846//5846 5847//5847 5844//5844
f 5500//5500 5498//5498 5848//5848 5835//5835
f 5849//5849 5848//5848 5498//5498 5471//5471
f 5850//5850 5851//5851 5848//5848 5849//5849
f 5835//5835 5848//5848 5851//5851 5832//5832
f 5480//5480 5477//5477 5852//5852 5853//5853
f 5426//5426 5852//5852 5477//5477 5427//5427
f 4142//4142 5854//5854 5852//5852 5426//5426
f 5853//5853 5852//5852 5854//5854 5855//5855
f 5856//5856 5857//5857 5841//5841
f 5840//5840 5832//5832 5851//5851
f 5851//5851 5850//5850 5858//5858
f 5858//5858 5859//5859 5857//5857
f 5855//5855 5860//5860 5861//5861 5853//5853
f 5849//5849 5861//5861 5860//5860 5850//5850
f 5471//5471 5485//5485 5861//5861 5849//5849
f 5853//5853 5861//5861 5485//5485 5480//5480
f 5859//5859 5858//5858 5862//5862 5863//5863
f 5850//5850 5860//5860 5862//5862 5858//5858
f 5863//5863 5862//5862 5860//5860 5855//5855
f 4179//4179 5845//5845 5864//5864 5865//5865
f 5866//5866 5864//5864 5845//5845 5844//5844
f 5859//5859 5863//5863 5864//5864 5866//5866
f 5865//5865 5864//5864 5863//5863 5855//5855
f 4139//4139 4180//4180 5867//5867 4141//4141
f 5865//5865 5867//5867 4180//4180 4179//4179
f 5855//5855 5854//5854 5867//5867 5865//5865
f 4141//4141 5867//5867 5854//5854 4142//4142
f 5844//5844 5847//5847 5868//5868 5866//5866
f 5839//5839 5868//5868 5847//5847 5831//5831
f 5841//5841 5857//5857 5868//5868 5839//5839
f 5866//5866 5868//5868 5857//5857 5859//5859
f 4338//4338 5869//5869 5870//5870 4335//4335
f 2997//2997 5869//5869 4338//4338 1353//1353
f 2996//2996 5871//5871 5869//5869 2997//2997
f 5870//5870 5869//5869 5871//5871 5872//5872
f 5873//5873 4342//4342 4335//4335
f 5872//5872 5874//5874 5873//5873 5870//5870
f 5875//5875 5876//5876 5873//5873 5874//5874
f 5876//5876 4339//4339 4342//4342
f 5872//5872 5871//5871 5877//5877 5874//5874
f 3005//3005 5877//5877 5871//5871 2996//2996
f 3004//3004 5878//5878 5877//5877 3005//3005
f 5874//5874 5877//5877 5878//5878 5875//5875
f 4344//4344 5879//5879 5880//5880 4345//4345
f 5879//5879 4344//4344 4339//4339
f 5879//5879 5876//5876 5875//5875 5881//5881
f 5880//5880 5879//5879 5881//5881 5882//5882
f 4349//4349 4348//4348 5883//5883 4379//4379
f 4348//4348 4345//4345 5880//5880
f 5882//5882 5884//5884 5883//5883 5880//5880
f 4379//4379 5883//5883 5884//5884 4382//4382
f 4382//4382 5884//5884 5885//5885 5886//5886
f 5887//5887 5885//5885 5884//5884 5882//5882
f 3016//3016 3015//3015 5885//5885 5887//5887
f 3015//3015 3014//3014 5886//5886
f 5888//5888 5889//5889 5291//5291
f 4381//4381 5888//5888 5290//5290 4383//4383
f 4382//4382 5886//5886 5888//5888 4381//4381
f 5889//5889 5888//5888 5886//5886 3014//3014
f 2443//2443 5348//5348 5890//5890 3020//3020
f 5347//5347 5890//5890 5348//5348 5344//5344
f 5291//5291 5889//5889 5890//5890 5347//5347
f 3020//3020 5890//5890 5889//5889 3014//3014
f 5875//5875 5878//5878 5891//5891 5881//5881
f 3023//3023 5891//5891 5878//5878 3004//3004
f 5891//5891 3023//3023 3016//3016 5887//5887
f 5882//5882 5881//5881 5891//5891 5887//5887
f 5901//5892 5900//5893 5899//5894 5902//5895
f 5903//5896 5900//5893 5901//5892 5904//5897
f 5906//5898 5907//5899 5908//5900 5909//5901
f 5910//5902 5908//5900 5907//5899 5911//5903
f 5912//5904 5913//5905 5908//5900 5910//5902
f 5909//5901 5908//5900 5913//5905 5914//5906
f 5914//5906 5915//5907 5916//5908 5909//5901
f 5917//5909 5916//5908 5915//5907 5918//5910
f 5919//5911 5920//5912 5916//5908 5917//5909
f 5909//5901 5916//5908 5920//5912 5906//5898
f 5918//5910 5921//5913 5922//5914 5917//5909
f 5923//5915 5922//5914 5921//5913 5924//5916
f 5925//5917 5926//5918 5922//5914 5923//5915
f 5917//5909 5922//5914 5926//5918 5919//5911
f 5924//5916 5927//5919 5928//5920 5923//5915
f 5929//5921 5928//5920 5927//5919 5930//5922
f 5931//5923 5932//5924 5928//5920 5929//5921
f 5923//5915 5928//5920 5932//5924 5925//5917
f 5930//5922 5933//5925 5934//5926 5929//5921
f 5935//5927 5934//5926 5933//5925 5936//5928
f 5937//5929 5938//5930 5934//5926 5935//5927
f 5929//5921 5934//5926 5938//5930 5931//5923
f 5939//5931 5940//5932 5941//5933 5942//5934
f 5943//5935 5944//5936 5940//5932 5939//5931
f 5935//5927 5940//5932 5944//5936 5937//5929
f 5936//5928 5941//5933 5940//5932 5935//5927
f 5945//5937 5946//5938 5947//5939 5948//5940
f 5949//5941 5950//5942 5946//5938 5945//5937
f 5939//5931 5946//5938 5950//5942 5943//5935
f 5942//5934 5947//5939 5946//5938 5939//5931
f 5951//5943 5952//5944 5953//5945 5954//5946
f 5955//5947 5956//5948 5952//5944 5951//5943
f 5945//5937 5952//5944 5956//5948 5949//5941
f 5948//5940 5953//5945 5952//5944 5945//5937
f 5957//5949 5958//5950 5959//5951 5960//5952
f 5961//5953 5962//5954 5959//5951 5958//5950
f 5951//5943 5959//5951 5962//5954 5955//5947
f 5959//5951 5951//5943 5954//5946 5960//5952
f 5963//5955 5964//5956 5965//5957 5966//5958
f 5967//5959 5965//5957 5964//5956 5968//5960
f 5961//5953 5958//5950 5965//5957 5967//5959
f 5966//5958 5965//5957 5958//5950 5957//5949
f 5969//5961 5970//5962 5971//5963 5972//5964
f 5973//5965 5971//5963 5970//5962 5974//5966
f 5968//5960 5964//5956 5971//5963 5973//5965
f 5972//5964 5971//5963 5964//5956 5963//5955
f 5975//5967 5976//5968 5977//5969 5978//5970
f 5979//5971 5977//5969 5976//5968 5980//5972
f 5974//5966 5970//5962 5977//5969 5979//5971
f 5978//5970 5977//5969 5970//5962 5969//5961
f 5981//5973 5982//5974 5983//5975 5984//5976
f 5985//5977 5983//5975 5982//5974 5986//5978
f 5980//5972 5976//5968 5983//5975 5985//5977
f 5984//5976 5983//5975 5976//5968 5975//5967
f 5987//5979 5988//5980 5989//5981 5990//5982
f 5991//5983 5989//5981 5988//5980 5992//5984
f 5986//5978 5982//5974 5989//5981 5991//5983
f 5990//5982 5989//5981 5982//5974 5981//5973
f 5993//5985 5994//5986 5995//5987 5996//5988
f 5997//5989 5995//5987 5994//5986 5998//5990
f 5995//5987 5997//5989 5999//5991
f 5996//5988 5995//5987 6000//5992 6001//5993
f 5999//5991 5997//5989 6002//5994
f 6002//5994 5997//5989 5998//5990 6003//5995
f 6004//5996 6005//5997 6002//5994
f 6006//5998 6007//5999 6002//5994 6005//5997
f 6004//5996 6008//6000 6009//6001 6005//5997
f 6008//6000 6010//6002 6011//6003
f 6012//6004 6013//6005 6009//6001 6011//6003
f 6013//6005 6006//5998 6005//5997
f 6014//6006 6015//6007 6016//6008 6017//6009
f 5996//5988 6016//6008 6015//6007 5993//5985
f 6001//5993 6018//6010 6016//6008 5996//5988
f 6017//6009 6016//6008 6018//6010 6019//6011
f 6019//6011 6020//6012 6021//6013 6017//6009
f 5910//5902 6021//6013 6020//6012 5912//5904
f 5911//5903 6022//6014 6021//6013 5910//5902
f 6017//6009 6021//6013 6022//6014 6014//6006
f 6023//6015 6024//6016 6025//6017
f 6026//6018 6023//6015 6027//6019 6028//6020
f 6029//6021 6030//6022 6023//6015 6026//6018
f 6024//6016 6023//6015 6030//6022 6031//6023
f 6032//6024 6027//6019 6025//6017
f 6011//6003 6032//6024 6033//6025 6012//6004
f 6010//6002 6034//6026 6032//6024 6011//6003
f 6034//6026 6028//6020 6027//6019
f 5992//5984 5988//5980 6035//6027 6036//6028
f 6037//6029 6035//6027 5988//5980 5987//5979
f 6038//6030 6039//6031 6035//6027 6037//6029
f 6036//6028 6035//6027 6039//6031 6040//6032
f 6030//6022 6041//6033 6042//6034 6031//6023
f 6041//6033 6030//6022 6029//6021
f 6040//6032 6039//6031 6041//6033 6043//6035
f 6039//6031 6038//6030 6042//6034
f 6044//6036 6045//6037 6004//5996
f 6046//6038 6044//6036 6003//5995 5998//5990
f 6047//6039 6048//6040 6044//6036 6046//6038
f 6045//6037 6044//6036 6048//6040 6049//6041
f 6050//6042 6051//6043 6052//6044 6053//6045
f 6054//6046 6052//6044 6051//6043 6055//6047
f 6047//6039 6056//6048 6052//6044 6054//6046
f 6053//6045 6052//6044 6056//6048 6057//6049
f 6058//6050 6059//6051 6060//6052 6061//6053
f 6062//6054 6060//6052 6059//6051 6063//6055
f 6064//6056 6065//6057 6060//6052 6062//6054
f 6061//6053 6060//6052 6065//6057 6066//6058
f 6067//6059 6068//6060 6045//6037 6049//6041
f 6069//6061 6070//6062 6068//6060 6067//6059
f 6010//6002 6008//6000 6068//6060 6070//6062
f 6045//6037 6068//6060 6008//6000 6004//5996
f 6028//6020 6034//6026 6071//6063 6072//6064
f 6070//6062 6071//6063 6034//6026 6010//6002
f 6069//6061 6073//6065 6071//6063 6070//6062
f 6072//6064 6071//6063 6073//6065 6074//6066
f 5993//5985 6015//6007 6075//6067 6076//6068
f 6077//6069 6075//6067 6015//6007 6014//6006
f 6078//6070 6079//6071 6075//6067 6077//6069
f 6076//6068 6075//6067 6079//6071 6057//6049
f 5998//5990 5994//5986 6080//6072 6046//6038
f 6076//6068 6080//6072 5994//5986 5993//5985
f 6057//6049 6056//6048 6080//6072 6076//6068
f 6046//6038 6080//6072 6056//6048 6047//6039
f 6014//6006 6022//6014 6081//6073 6077//6069
f 6082//6074 6081//6073 6022//6014 5911//5903
f 6083//6075 6084//6076 6081//6073 6082//6074
f 6077//6069 6081//6073 6084//6076 6078//6070
f 6085//6077 6086//6078 6087//6079 6088//6080
f 6026//6018 6086//6078 6085//6077 6029//6021
f 6072//6064 6086//6078 6026//6018 6028//6020
f 6074//6066 6087//6079 6086//6078 6072//6064
f 6058//6050 6089//6081 6090//6082 6091//6083
f 6043//6035 6090//6082 6089//6081 6040//6032
f 6090//6082 6043//6035 6029//6021
f 6085//6077 6088//6080 6091//6083
f 5911//5903 5907//5899 6092//6084 6082//6074
f 6093//6085 6092//6084 5907//5899 5906//5898
f 6094//6086 6095//6087 6092//6084 6093//6085
f 6082//6074 6092//6084 6095//6087 6083//6075
f 5906//5898 5920//5912 6096//6088 6093//6085
f 6097//6089 6096//6088 5920//5912 5919//5911
f 6098//6090 6099//6091 6096//6088 6097//6089
f 6093//6085 6096//6088 6099//6091 6094//6086
f 5919//5911 5926//5918 6100//6092 6097//6089
f 6101//6093 6100//6092 5926//5918 5925//5917
f 6102//6094 6103//6095 6100//6092 6101//6093
f 6097//6089 6100//6092 6103//6095 6098//6090
f 5925//5917 5932//5924 6104//6096 6101//6093
f 6105//6097 6104//6096 5932//5924 5931//5923
f 6106//6098 6107//6099 6104//6096 6105//6097
f 6101//6093 6104//6096 6107//6099 6102//6094
f 6102//6094 6107//6099 6108//6100 6109//6101
f 6110//6102 6108//6100 6107//6099 6106//6098
f 6111//6103 6112//6104 6108//6100 6110//6102
f 6109//6101 6108//6100 6112//6104 6113//6105
f 6105//6097 6114//6106 6115//6107 6106//6098
f 5931//5923 5938//5930 6114//6106 6105//6097
f 6116//6108 6114//6106 5938//5930 5937//5929
f 6117//6109 6115//6107 6114//6106 6116//6108
f 6106//6098 6115//6107 6118//6110 6110//6102
f 6119//6111 6118//6110 6115//6107 6117//6109
f 6120//6112 6121//6113 6118//6110 6119//6111
f 6110//6102 6118//6110 6121//6113 6111//6103
f 6116//6108 6122//6114 6123//6115 6117//6109
f 5937//5929 5944//5936 6122//6114 6116//6108
f 6124//6116 6122//6114 5944//5936 5943//5935
f 6125//6117 6123//6115 6122//6114 6124//6116
f 6125//6117 6126//6118 6127//6119 6123//6115
f 6128//6120 6127//6119 6126//6118 6129//6121
f 6120//6112 6119//6111 6127//6119 6128//6120
f 6123//6115 6127//6119 6119//6111 6117//6109
f 6124//6116 6130//6122 6131//6123 6125//6117
f 5943//5935 5950//5942 6130//6122 6124//6116
f 6132//6124 6130//6122 5950//5942 5949//5941
f 6133//6125 6131//6123 6130//6122 6132//6124
f 6133//6125 6134//6126 6135//6127 6131//6123
f 6136//6128 6137//6129 6135//6127 6134//6126
f 6129//6121 6126//6118 6135//6127 6137//6129
f 6131//6123 6135//6127 6126//6118 6125//6117
f 6132//6124 6138//6130 6139//6131 6133//6125
f 5949//5941 5956//5948 6138//6130 6132//6124
f 5956//5948 5955//5947 6140//6132
f 6141//6133 6139//6131 6138//6130 6140//6132
f 6142//6134 6143//6135 6139//6131 6141//6133
f 6144//6136 6145//6137 6143//6135 6142//6134
f 6134//6126 6143//6135 6145//6137 6136//6128
f 6139//6131 6143//6135 6134//6126 6133//6125
f 6140//6132 6146//6138 6147//6139 6141//6133
f 5955//5947 5962//5954 6146//6138 6140//6132
f 6148//6140 6146//6138 5962//5954 5961//5953
f 6149//6141 6147//6139 6146//6138 6148//6140
f 6141//6133 6147//6139 6150//6142 6142//6134
f 6151//6143 6150//6142 6147//6139 6149//6141
f 6152//6144 6153//6145 6150//6142 6151//6143
f 6142//6134 6150//6142 6153//6145 6144//6136
f 6148//6140 6154//6146 6155//6147 6149//6141
f 5961//5953 5967//5959 6154//6146 6148//6140
f 5968//5960 6156//6148 6154//6146 5967//5959
f 6157//6149 6155//6147 6154//6146 6156//6148
f 6149//6141 6155//6147 6158//6150 6151//6143
f 6159//6151 6158//6150 6155//6147 6157//6149
f 6160//6152 6161//6153 6158//6150 6159//6151
f 6151//6143 6158//6150 6161//6153 6152//6144
f 6157//6149 6156//6148 6162//6154 6163//6155
f 5973//5965 6162//6154 6156//6148 5968//5960
f 5974//5966 6164//6156 6162//6154 5973//5965
f 6163//6155 6162//6154 6164//6156 6165//6157
f 6165//6157 6166//6158 6167//6159 6163//6155
f 6168//6160 6169//6161 6167//6159 6166//6158
f 6159//6151 6167//6159 6169//6161 6160//6152
f 6163//6155 6167//6159 6159//6151 6157//6149
f 6165//6157 6164//6156 6170//6162 6171//6163
f 5979//5971 6170//6162 6164//6156 5974//5966
f 5980//5972 6172//6164 6170//6162 5979//5971
f 6171//6163 6170//6162 6172//6164 6173//6165
f 6173//6165 6174//6166 6175//6167 6171//6163
f 6176//6168 6175//6167 6174//6166 6177//6169
f 6168//6160 6166//6158 6175//6167 6176//6168
f 6171//6163 6175//6167 6166//6158 6165//6157
f 6173//6165 6172//6164 6178//6170 6179//6171
f 5985//5977 6178//6170 6172//6164 5980//5972
f 5986//5978 6180//6172 6178//6170 5985//5977
f 6179//6171 6178//6170 6180//6172 6181//6173
f 6181//6173 6182//6174 6183//6175 6179//6171
f 6184//6176 6183//6175 6182//6174 6185//6177
f 6177//6169 6174//6166 6183//6175 6184//6176
f 6174//6166 6173//6165 6179//6171
f 6181//6173 6180//6172 6186//6178 6187//6179
f 5991//5983 6186//6178 6180//6172 5986//5978
f 5992//5984 6188//6180 6186//6178 5991//5983
f 6187//6179 6186//6178 6188//6180 6066//6058
f 6066//6058 6065//6057 6189//6181 6187//6179
f 6190//6182 6189//6181 6065//6057 6064//6056
f 6185//6177 6182//6174 6189//6181 6190//6182
f 6187//6179 6189//6181 6182//6174 6181//6173
f 6066//6058 6188//6180 6191//6183 6061//6053
f 6036//6028 6191//6183 6188//6180 5992//5984
f 6040//6032 6089//6081 6191//6183 6036//6028
f 6061//6053 6191//6183 6089//6081 6058//6050
f 5918//5910 5915//5907 6192//6184 6193//6185
f 6194//6186 6192//6184 5915//5907 5914//5906
f 6195//6187 6196//6188 6192//6184 6194//6186
f 6193//6185 6192//6184 6196//6188 6197//6189
f 5924//5916 5921//5913 6198//6190 6199//6191
f 6193//6185 6198//6190 5921//5913 5918//5910
f 6197//6189 6200//6192 6198//6190 6193//6185
f 6199//6191 6198//6190 6200//6192 6201//6193
f 5930//5922 5927//5919 6202//6194 6203//6195
f 6199//6191 6202//6194 5927//5919 5924//5916
f 6201//6193 6204//6196 6202//6194 6199//6191
f 6203//6195 6202//6194 6204//6196 6205//6197
f 5936//5928 5933//5925 6206//6198 6207//6199
f 6203//6195 6206//6198 5933//5925 5930//5922
f 6205//6197 6208//6200 6206//6198 6203//6195
f 6207//6199 6206//6198 6208//6200 6209//6201
f 5942//5934 5941//5933 6210//6202 6211//6203
f 6207//6199 6210//6202 5941//5933 5936//5928
f 6209//6201 6212//6204 6210//6202 6207//6199
f 6211//6203 6210//6202 6212//6204 6213//6205
f 6211//6203 6214//6206 5947//5939 5942//5934
f 6213//6205 6215//6207 6214//6206 6211//6203
f 6216//6208 6214//6206 6215//6207 6217//6209
f 5948//5940 5947//5939 6214//6206 6216//6208
f 6216//6208 6218//6210 5953//5945 5948//5940
f 6217//6209 6219//6211 6218//6210 6216//6208
f 6218//6210 6219//6211 6220//6212 6221//6213
f 6218//6210 6221//6213 5954//5946 5953//5945
f 5954//5946 6221//6213 6222//6214 5960//5952
f 6223//6215 6222//6214 6221//6213 6220//6212
f 6224//6216 6225//6217 6222//6214 6223//6215
f 5960//5952 6222//6214 6225//6217 5957//5949
f 5957//5949 6225//6217 6226//6218 5966//5958
f 6227//6219 6226//6218 6225//6217 6224//6216
f 6228//6220 6229//6221 6226//6218 6227//6219
f 5966//5958 6226//6218 6229//6221 5963//5955
f 5963//5955 6229//6221 6230//6222 5972//5964
f 6231//6223 6230//6222 6229//6221 6228//6220
f 6232//6224 6233//6225 6230//6222 6231//6223
f 5972//5964 6230//6222 6233//6225 5969//5961
f 5969//5961 6233//6225 6234//6226 5978//5970
f 6235//6227 6234//6226 6233//6225 6232//6224
f 6236//6228 6237//6229 6234//6226 6235//6227
f 5978//5970 6234//6226 6237//6229 5975//5967
f 5975//5967 6237//6229 6238//6230 5984//5976
f 6239//6231 6238//6230 6237//6229 6236//6228
f 6240//6232 6241//6233 6238//6230 6239//6231
f 5984//5976 6238//6230 6241//6233 5981//5973
f 5981//5973 6241//6233 6242//6234 5990//5982
f 6243//6235 6242//6234 6241//6233 6240//6232
f 6244//6236 6245//6237 6242//6234 6243//6235
f 5990//5982 6242//6234 6245//6237 5987//5979
f 5987//5979 6245//6237 6246//6238 6037//6029
f 6247//6239 6246//6238 6245//6237 6244//6236
f 6248//6240 6249//6241 6246//6238 6247//6239
f 6037//6029 6246//6238 6249//6241 6038//6030
f 6250//6242 6251//6243 6252//6244 6253//6245
f 6031//6023 6042//6034 6251//6243 6250//6242
f 6251//6243 6042//6034 6038//6030
f 6249//6241 6248//6240 6252//6244
f 6031//6023 6250//6242 6254//6246 6024//6016
f 6253//6245 6255//6247 6254//6246 6250//6242
f 6256//6248 6254//6246 6255//6247 6257//6249
f 6025//6017 6024//6016 6254//6246
f 6012//6004 6033//6025 6258//6250 6259//6251
f 6256//6248 6258//6250 6033//6025 6025//6017
f 6257//6249 6260//6252 6258//6250 6256//6248
f 6259//6251 6258//6250 6260//6252 6261//6253
f 6261//6253 6262//6254 6263//6255 6259//6251
f 6264//6256 6263//6255 6262//6254 6265//6257
f 6006//5998 6013//6005 6263//6255 6264//6256
f 6259//6251 6263//6255 6013//6005 6012//6004
f 6019//6011 6018//6010 6266//6258 6267//6259
f 6268//6260 6266//6258 6018//6010 6001//5993
f 6269//6261 6270//6262 6266//6258 6268//6260
f 6267//6259 6266//6258 6270//6262 6271//6263
f 5912//5904 6020//6012 6272//6264 6273//6265
f 6267//6259 6272//6264 6020//6012 6019//6011
f 6271//6263 6274//6266 6272//6264 6267//6259
f 6273//6265 6272//6264 6274//6266 6275//6267
f 6275//6267 6276//6268 6277//6269 6273//6265
f 6194//6186 6277//6269 6276//6268 6195//6187
f 5914//5906 5913//5905 6277//6269 6194//6186
f 6273//6265 6277//6269 5913//5905 5912//5904
f 6001//5993 6000//5992 6278//6270 6268//6260
f 6279//6271 6278//6270 6000//5992 5999//5991
f 6280//6272 6281//6273 6278//6270 6279//6271
f 6268//6260 6278//6270 6281//6273 6269//6261
f 6282//6274 6279//6271 5999//5991 6007//5999
f 6007//5999 6006//5998 6264//6256
f 6265//6257 6283//6275 6282//6274 6264//6256
f 6279//6271 6282//6274 6283//6275 6280//6272
f 6195//6187 6276//6268 6284//6276 6285//6277
f 6286//6278 6284//6276 6276//6268 6275//6267
f 6287//6279 6288//6280 6284//6276 6286//6278
f 6285//6277 6284//6276 6288//6280 6289//6281
f 6290//6282 6291//6283 6292//6284 6293//6285
f 6294//6286 6291//6283 6290//6282 6295//6287
f 6296//6288 6297//6289 6291//6283 6294//6286
f 6292//6284 6291//6283 6297//6289 6298//6290
f 6269//6261 6281//6273 6299//6291 6300//6292
f 6301//6293 6299//6291 6281//6273 6280//6272
f 6302//6294 6303//6295 6299//6291 6301//6293
f 6300//6292 6299//6291 6303//6295 6304//6296
f 6305//6297 6306//6298 6307//6299 6308//6300
f 6309//6301 6307//6299 6306//6298 6310//6302
f 6311//6303 6312//6304 6307//6299 6309//6301
f 6308//6300 6307//6299 6312//6304 6289//6281
f 6313//6305 6314//6306 6315//6307 6316//6308
f 6308//6300 6315//6307 6314//6306 6305//6297
f 6289//6281 6288//6280 6315//6307 6308//6300
f 6316//6308 6315//6307 6288//6280 6287//6279
f 6289//6281 6312//6304 6317//6309 6285//6277
f 6318//6310 6317//6309 6312//6304 6311//6303
f 6197//6189 6196//6188 6317//6309 6318//6310
f 6285//6277 6317//6309 6196//6188 6195//6187
f 6310//6302 6319//6311 6320//6312 6309//6301
f 6321//6313 6320//6312 6319//6311 6322//6314
f 6323//6315 6324//6316 6320//6312 6321//6313
f 6309//6301 6320//6312 6324//6316 6311//6303
f 6311//6303 6324//6316 6325//6317 6318//6310
f 6326//6318 6325//6317 6324//6316 6323//6315
f 6201//6193 6200//6192 6325//6317 6326//6318
f 6318//6310 6325//6317 6200//6192 6197//6189
f 6322//6314 6327//6319 6328//6320 6321//6313
f 6329//6321 6328//6320 6327//6319 6330//6322
f 6331//6323 6332//6324 6328//6320 6329//6321
f 6321//6313 6328//6320 6332//6324 6323//6315
f 6323//6315 6332//6324 6333//6325 6326//6318
f 6334//6326 6333//6325 6332//6324 6331//6323
f 6205//6197 6204//6196 6333//6325 6334//6326
f 6326//6318 6333//6325 6204//6196 6201//6193
f 6330//6322 6335//6327 6336//6328 6329//6321
f 6337//6329 6336//6328 6335//6327 6338//6330
f 6339//6331 6340//6332 6336//6328 6337//6329
f 6329//6321 6336//6328 6340//6332 6331//6323
f 6331//6323 6340//6332 6341//6333 6334//6326
f 6342//6334 6341//6333 6340//6332 6339//6331
f 6209//6201 6208//6200 6341//6333 6342//6334
f 6334//6326 6341//6333 6208//6200 6205//6197
f 6337//6329 6343//6335 6344//6336 6339//6331
f 6338//6330 6345//6337 6343//6335 6337//6329
f 6346//6338 6347//6339 6343//6335 6345//6337
f 6348//6340 6344//6336 6343//6335 6347//6339
f 6349//6341 6350//6342 6344//6336 6348//6340
f 6213//6205 6212//6204 6350//6342 6349//6341
f 6342//6334 6350//6342 6212//6204 6209//6201
f 6339//6331 6344//6336 6350//6342 6342//6334
f 6351//6343 6352//6344 6348//6340 6347//6339
f 6353//6345 6351//6343 6347//6339 6346//6338
f 6354//6346 6355//6347 6351//6343 6353//6345
f 6352//6344 6351//6343 6355//6347 6356//6348
f 6356//6348 6357//6349 6358//6350 6352//6344
f 6215//6207 6358//6350 6357//6349 6217//6209
f 6349//6341 6358//6350 6215//6207 6213//6205
f 6348//6340 6352//6344 6358//6350 6349//6341
f 6356//6348 6355//6347 6359//6351 6360//6352
f 6361//6353 6359//6351 6355//6347 6354//6346
f 6362//6354 6363//6355 6359//6351 6361//6353
f 6360//6352 6359//6351 6363//6355 6364//6356
f 6364//6356 6365//6357 6366//6358 6360//6352
f 6366//6358 6365//6357 6220//6212 6219//6211
f 6366//6358 6219//6211 6217//6209 6357//6349
f 6360//6352 6366//6358 6357//6349 6356//6348
f 6364//6356 6363//6355 6367//6359 6368//6360
f 6369//6361 6367//6359 6363//6355 6362//6354
f 6370//6362 6371//6363 6367//6359 6369//6361
f 6368//6360 6367//6359 6371//6363 6372//6364
f 6372//6364 6373//6365 6374//6366 6368//6360
f 6223//6215 6374//6366 6373//6365 6224//6216
f 6220//6212 6365//6357 6374//6366 6223//6215
f 6368//6360 6374//6366 6365//6357 6364//6356
f 6372//6364 6371//6363 6375//6367 6376//6368
f 6377//6369 6375//6367 6371//6363 6370//6362
f 6378//6370 6379//6371 6375//6367 6377//6369
f 6376//6368 6375//6367 6379//6371 6380//6372
f 6380//6372 6381//6373 6382//6374 6376//6368
f 6227//6219 6382//6374 6381//6373 6228//6220
f 6224//6216 6373//6365 6382//6374 6227//6219
f 6376//6368 6382//6374 6373//6365 6372//6364
f 6380//6372 6379//6371 6383//6375 6384//6376
f 6385//6377 6383//6375 6379//6371 6378//6370
f 6386//6378 6387//6379 6383//6375 6385//6377
f 6384//6376 6383//6375 6387//6379 6388//6380
f 6388//6380 6389//6381 6390//6382 6384//6376
f 6231//6223 6390//6382 6389//6381 6232//6224
f 6228//6220 6381//6373 6390//6382 6231//6223
f 6384//6376 6390//6382 6381//6373 6380//6372
f 6388//6380 6387//6379 6391//6383 6392//6384
f 6393//6385 6391//6383 6387//6379 6386//6378
f 6394//6386 6395//6387 6391//6383 6393//6385
f 6392//6384 6391//6383 6395//6387 6396//6388
f 6396//6388 6397//6389 6398//6390 6392//6384
f 6235//6227 6398//6390 6397//6389 6236//6228
f 6232//6224 6389//6381 6398//6390 6235//6227
f 6392//6384 6398//6390 6389//6381 6388//6380
f 6396//6388 6395//6387 6399//6391 6400//6392
f 6401//6393 6399//6391 6395//6387 6394//6386
f 6402//6394 6403//6395 6399//6391 6401//6393
f 6400//6392 6399//6391 6403//6395 6404//6396
f 6404//6396 6405//6397 6406//6398 6400//6392
f 6239//6231 6406//6398 6405//6397 6240//6232
f 6236//6228 6397//6389 6406//6398 6239//6231
f 6400//6392 6406//6398 6397//6389 6396//6388
f 6404//6396 6403//6395 6407//6399 6408//6400
f 6409//6401 6407//6399 6403//6395 6402//6394
f 6410//6402 6411//6403 6407//6399 6409//6401
f 6408//6400 6407//6399 6411//6403 6412//6404
f 6412//6404 6413//6405 6414//6406 6408//6400
f 6243//6235 6414//6406 6413//6405 6244//6236
f 6240//6232 6405//6397 6414//6406 6243//6235
f 6408//6400 6414//6406 6405//6397 6404//6396
f 6412//6404 6411//6403 6415//6407 6416//6408
f 6417//6409 6415//6407 6411//6403 6410//6402
f 6418//6410 6419//6411 6415//6407 6417//6409
f 6416//6408 6415//6407 6419//6411 6420//6412
f 6420//6412 6421//6413 6422//6414 6416//6408
f 6247//6239 6422//6414 6421//6413 6248//6240
f 6244//6236 6413//6405 6422//6414 6247//6239
f 6416//6408 6422//6414 6413//6405 6412//6404
f 6420//6412 6419//6411 6423//6415 6424//6416
f 6425//6417 6423//6415 6419//6411 6418//6410
f 6295//6287 6290//6282 6423//6415 6425//6417
f 6424//6416 6423//6415 6290//6282 6293//6285
f 6293//6285 6426//6418 6427//6419 6424//6416
f 6252//6244 6427//6419 6426//6418 6253//6245
f 6248//6240 6421//6413 6427//6419 6252//6244
f 6424//6416 6427//6419 6421//6413 6420//6412
f 6298//6290 6297//6289 6428//6420 6429//6421
f 6430//6422 6428//6420 6297//6289 6296//6288
f 6431//6423 6432//6424 6428//6420 6430//6422
f 6429//6421 6428//6420 6432//6424 6433//6425
f 6253//6245 6426//6418 6434//6426 6255//6247
f 6292//6284 6434//6426 6426//6418 6293//6285
f 6298//6290 6435//6427 6434//6426 6292//6284
f 6434//6426 6435//6427 6257//6249 6255//6247
f 6429//6421 6436//6428 6435//6427 6298//6290
f 6433//6425 6437//6429 6436//6428 6429//6421
f 6261//6253 6260//6252 6436//6428 6437//6429
f 6435//6427 6436//6428 6260//6252 6257//6249
f 6438//6430 6439//6431 6432//6424 6431//6423
f 6440//6432 6441//6433 6439//6431 6438//6430
f 6442//6434 6443//6435 6439//6431 6441//6433
f 6432//6424 6439//6431 6443//6435 6433//6425
f 6444//6436 6437//6429 6433//6425 6443//6435
f 6445//6437 6444//6436 6443//6435 6442//6434
f 6265//6257 6262//6254 6444//6436 6445//6437
f 6437//6429 6444//6436 6262//6254 6261//6253
f 6446//6438 6447//6439 6448//6440 6449//6441
f 6450//6442 6448//6440 6447//6439 6451//6443
f 6452//6444 6453//6445 6448//6440 6450//6442
f 6449//6441 6448//6440 6453//6445 6304//6296
f 6454//6446 6455//6447 6456//6448 6457//6449
f 6449//6441 6454//6446 6457//6449 6446//6438
f 6304//6296 6303//6295 6454//6446 6449//6441
f 6455//6447 6454//6446 6303//6295 6302//6294
f 6304//6296 6453//6445 6458//6450 6300//6292
f 6459//6451 6458//6450 6453//6445 6452//6444
f 6271//6263 6270//6262 6458//6450 6459//6451
f 6300//6292 6458//6450 6270//6262 6269//6261
f 6451//6443 6460//6452 6461//6453 6450//6442
f 6316//6308 6461//6453 6460//6452 6313//6305
f 6287//6279 6462//6454 6461//6453 6316//6308
f 6450//6442 6461//6453 6462//6454 6452//6444
f 6452//6444 6462//6454 6463//6455 6459//6451
f 6286//6278 6463//6455 6462//6454 6287//6279
f 6275//6267 6274//6266 6463//6455 6286//6278
f 6459//6451 6463//6455 6274//6266 6271//6263
f 6464//6456 6465//6457 6441//6433 6440//6432
f 6456//6448 6455//6447 6465//6457 6464//6456
f 6302//6294 6466//6458 6465//6457 6455//6447
f 6441//6433 6465//6457 6466//6458 6442//6434
f 6280//6272 6283//6275 6467//6459 6301//6293
f 6445//6437 6467//6459 6283//6275 6265//6257
f 6442//6434 6466//6458 6467//6459 6445//6437
f 6301//6293 6467//6459 6466//6458 6302//6294
f 6468//6460 6469//6461 6049//6041
f 6054//6046 6468//6460 6048//6040 6047//6039
f 6055//6047 6470//6462 6468//6460 6054//6046
f 6469//6461 6468//6460 6470//6462 6471//6463
f 6472//6464 6473//6465 5904//5897
f 6474//6466 6472//6464 5901//5892 5902//5895
f 6472//6464 6474//6466 6475//6467
f 6476//6468 6477//6469 6473//6465
f 6049//6041 6469//6461 6478//6470 6067//6059
f 6479//6471 6478//6470 6469//6461 6471//6463
f 6480//6472 6481//6473 6478//6470 6479//6471
f 6067//6059 6478//6470 6481//6473 6069//6061
f 6480//6472 6479//6471 6482//6474 6483//6475
f 6471//6463 6484//6476 6482//6474 6479//6471
f 6477//6469 6476//6468 6482//6474 6484//6476
f 6476//6468 6475//6467 6483//6475
f 6485//6477 6486//6478 6487//6479 6488//6480
f 6053//6045 6487//6479 6486//6478 6050//6042
f 6057//6049 6079//6071 6487//6479 6053//6045
f 6488//6480 6487//6479 6079//6071 6078//6070
f 6074//6066 6073//6065 6489//6481 6490//6482
f 6481//6473 6489//6481 6073//6065 6069//6061
f 6480//6472 6491//6483 6489//6481 6481//6473
f 6490//6482 6489//6481 6491//6483 6492//6484
f 6492//6484 6491//6483 6493//6485 6494//6486
f 6491//6483 6480//6472 6483//6475
f 6475//6467 6495//6487 6493//6485 6483//6475
f 6494//6486 6493//6485 6495//6487 6496//6488
f 6497//6489 6498//6490 5895//6491
f 5894//6492 5893//6493 6499//6494
f 6500//6495 6501//6496 6497//6489 6499//6494
f 6498//6490 6497//6489 6501//6496 6496//6488
f 5902//5895 5905//6497 6502//6498 6474//6466
f 6498//6490 6502//6498 5905//6497 5895//6491
f 6496//6488 6495//6487 6502//6498 6498//6490
f 6474//6466 6502//6498 6495//6487 6475//6467
f 6088//6080 6087//6079 6503//6499 6504//6500
f 6490//6482 6503//6499 6087//6079 6074//6066
f 6492//6484 6505//6501 6503//6499 6490//6482
f 6504//6500 6503//6499 6505//6501 6506//6502
f 6507//6503 6508//6504 6506//6502
f 6494//6486 6507//6503 6505//6501 6492//6484
f 6496//6488 6501//6496 6507//6503 6494//6486
f 6508//6504 6507//6503 6501//6496 6500//6495
f 6063//6055 6059//6051 6509//6505 6510//6506
f 6059//6051 6058//6050 6091//6083
f 6509//6505 6091//6083 6088//6080
f 6510//6506 6509//6505 6504//6500 6506//6502
f 6511//6507 6512//6508 6513//6509 6514//6510
f 6515//6511 6513//6509 6512//6508 6516//6512
f 6517//6513 6518//6514 6513//6509 6515//6511
f 6514//6510 6513//6509 6518//6514 6519//6515
f 6055//6047 6051//6043 6520//6516 6521//6517
f 6522//6518 6520//6516 6051//6043 6050//6042
f 6516//6512 6512//6508 6520//6516 6522//6518
f 6521//6517 6520//6516 6512//6508 6511//6507
f 5904//5897 6525//6519 6523//6520 5903//5896
f 6524//6521 6523//6520 6525//6519 6519//6515
f 6519//6515 6525//6519 6526//6522 6514//6510
f 6473//6465 6526//6522 6525//6519 5904//5897
f 6477//6469 6527//6523 6526//6522 6473//6465
f 6514//6510 6526//6522 6527//6523 6511//6507
f 6519//6515 6518//6514 6528//6524 6524//6521
f 6529//6525 6528//6524 6518//6514 6517//6513
f 6530//6526 6531//6527 6532//6528
f 6471//6463 6470//6462 6533//6529 6484//6476
f 6521//6517 6533//6529 6470//6462 6055//6047
f 6511//6507 6527//6523 6533//6529 6521//6517
f 6527//6523 6477//6469 6484//6476
f 6534//6530 6535//6531 6500//6495
f 6532//6528 6534//6530 6499//6494 5893//6493
f 6534//6530 6532//6528 6531//6527
f 6535//6531 6534//6530 6536//6532 6537//6533
f 6537//6533 6538//6534 6539//6535 6535//6531
f 6510//6506 6539//6535 6538//6534 6063//6055
f 6539//6535 6510//6506 6506//6502
f 6535//6531 6539//6535 6508//6504 6500//6495
f 6540//6536 6541//6537 6531//6527
f 6542//6538 6543//6539 6541//6537
f 6537//6533 6536//6532 6544//6540 6545//6541
f 6536//6532 6531//6527 6541//6537
f 6543//6539 6546//6542 6544//6540 6541//6537
f 6545//6541 6544//6540 6546//6542 6547//6543
f 6548//6544 6549//6545 6550//6546 6551//6547
f 6190//6182 6548//6544 6551//6547 6185//6177
f 6064//6056 6552//6548 6548//6544 6190//6182
f 6549//6545 6548//6544 6552//6548 6547//6543
f 6547//6543 6552//6548 6553//6549 6545//6541
f 6062//6054 6553//6549 6552//6548 6064//6056
f 6063//6055 6538//6534 6553//6549 6062//6054
f 6545//6541 6553//6549 6538//6534 6537//6533
f 6543//6539 6542//6538 6554//6550 6555//6551
f 6554//6550 5896//6552 5897//6553
f 6555//6551 6554//6550 6556//6554 6557//6555
f 6547//6543 6546//6542 6558//6556 6549//6545
f 6555//6551 6558//6556 6546//6542 6543//6539
f 6559//6557 6558//6556 6555//6551 6557//6555
f 6558//6556 6559//6557 6550//6546 6549//6545
f 6560//6558 6561//6559 6562//6560
f 6557//6555 6556//6554 6563//6561 6564//6562
f 5898//6563 6563//6561 6556//6554 5897//6553
f 6561//6559 6564//6562 6563//6561 6562//6560
f 6550//6546 6559//6557 6565//6564 6566//6565
f 6564//6562 6565//6564 6559//6557 6557//6555
f 6567//6566 6565//6564 6564//6562 6561//6559
f 6568//6567 6566//6565 6565//6564 6567//6566
f 6569//6568 6570//6569 6168//6160 6176//6168
f 6177//6169 6571//6570 6569//6568 6176//6168
f 6568//6567 6572//6571 6569//6568 6571//6570
f 6570//6569 6569//6568 6572//6571 6573//6572
f 6571//6570 6574//6573 6566//6565 6568//6567
f 6184//6176 6574//6573 6571//6570 6177//6169
f 6185//6177 6551//6547 6574//6573 6184//6176
f 6550//6546 6566//6565 6574//6573 6551//6547
f 6575//6574 6576//6575 6577//6576 6578//6577
f 6560//6558 6577//6576 6576//6575 6561//6559
f 6573//6572 6572//6571 6579//6578 6580//6579
f 6567//6566 6579//6578 6572//6571 6568//6567
f 6579//6578 6567//6566 6561//6559
f 6580//6579 6579//6578 6576//6575 6575//6574
f 6160//6152 6169//6161 6581//6580 6582//6581
f 6570//6569 6581//6580 6169//6161 6168//6160
f 6573//6572 6583//6582 6581//6580 6570//6569
f 6582//6581 6581//6580 6583//6582 6584//6583
f 6585//6584 6586//6585 6587//6586 6588//6587
f 6586//6585 6575//6574 6578//6577
f 6584//6583 6583//6582 6589//6588 6590//6589
f 6580//6579 6589//6588 6583//6582 6573//6572
f 6575//6574 6586//6585 6589//6588 6580//6579
f 6586//6585 6585//6584 6590//6589
f 6152//6144 6161//6153 6591//6590 6592//6591
f 6582//6581 6591//6590 6161//6153 6160//6152
f 6584//6583 6593//6592 6591//6590 6582//6581
f 6593//6592 6594//6593 6592//6591
f 6595//6594 6596//6595 6597//6596
f 6588//6587 6595//6594 6598//6597 6585//6584
f 6594//6593 6593//6592 6599//6598 6600//6599
f 6593//6592 6584//6583 6590//6589
f 6599//6598 6590//6589 6585//6584
f 6600//6599 6599//6598 6598//6597 6597//6596
f 6144//6136 6153//6145 6601//6600 6602//6601
f 6153//6145 6152//6144 6592//6591
f 6594//6593 6603//6602 6601//6600 6592//6591
f 6602//6601 6601//6600 6603//6602 6604//6603
f 6604//6603 6603//6602 6607//6604 6608//6605
f 6600//6599 6607//6604 6603//6602 6594//6593
f 6597//6596 6605//6606 6607//6604 6600//6599
f 6606//6607 6608//6605 6607//6604 6605//6606
f 6136//6128 6145//6137 6609//6608 6610//6609
f 6602//6601 6609//6608 6145//6137 6144//6136
f 6604//6603 6611//6610 6609//6608 6602//6601
f 6610//6609 6609//6608 6611//6610 6612//6611
f 6614//6612 6613//6613 6615//6614 6616//6615
f 6611//6610 6604//6603 6608//6605
f 6614//6612 6617//6616 6608//6605 6606//6607
f 6617//6616 6614//6612 6616//6615
f 6612//6611 6611//6610 6617//6616 6618//6617
f 6129//6121 6137//6129 6619//6618 6620//6619
f 6610//6609 6619//6618 6137//6129 6136//6128
f 6612//6611 6621//6620 6619//6618 6610//6609
f 6620//6619 6619//6618 6621//6620 6622//6621
f 6623//6622 6624//6623 6625//6624 6626//6625
f 6615//6614 6625//6624 6624//6623 6616//6615
f 6622//6621 6621//6620 6627//6626 6628//6627
f 6618//6617 6627//6626 6621//6620 6612//6611
f 6616//6615 6624//6623 6627//6626 6618//6617
f 6628//6627 6627//6626 6624//6623 6623//6622
f 6629//6628 6630//6629 6631//6630 6632//6631
f 6128//6120 6630//6629 6629//6628 6120//6112
f 6129//6121 6620//6619 6630//6629 6128//6120
f 6622//6621 6631//6630 6630//6629 6620//6619
f 6633//6632 6634//6633 6635//6634 6636//6635
f 6626//6625 6635//6634 6634//6633 6623//6622
f 6632//6631 6631//6630 6637//6636 6638//6637
f 6628//6627 6637//6636 6631//6630 6622//6621
f 6623//6622 6634//6633 6637//6636 6628//6627
f 6638//6637 6637//6636 6634//6633 6633//6632
f 6111//6103 6121//6113 6639//6638 6640//6639
f 6629//6628 6639//6638 6121//6113 6120//6112
f 6632//6631 6641//6640 6639//6638 6629//6628
f 6640//6639 6639//6638 6641//6640 6642//6641
f 6643//6642 6644//6643 6645//6644 6646//6645
f 6636//6635 6645//6644 6644//6643 6633//6632
f 6642//6641 6641//6640 6647//6646 6648//6647
f 6638//6637 6647//6646 6641//6640 6632//6631
f 6633//6632 6644//6643 6647//6646 6638//6637
f 6648//6647 6647//6646 6644//6643 6643//6642
f 6649//6648 6650//6649 6651//6650 6652//6651
f 6112//6104 6651//6650 6650//6649 6113//6105
f 6111//6103 6640//6639 6651//6650 6112//6104
f 6652//6651 6651//6650 6640//6639 6642//6641
f 6642//6641 6648//6647 6653//6652 6652//6651
f 6643//6642 6654//6653 6653//6652 6648//6647
f 6655//6654 6656//6655 6653//6652 6654//6653
f 6652//6651 6653//6652 6656//6655 6649//6648
f 6654//6653 6657//6656 6658//6657 6655//6654
f 6646//6645 6657//6656 6654//6653 6643//6642
f 6659//6658 6660//6659 6661//6660 6662//6661
f 6522//6518 6661//6660 6660//6659 6516//6512
f 6050//6042 6486//6478 6661//6660 6522//6518
f 6662//6661 6661//6660 6486//6478 6485//6477
f 6663//6662 6664//6663 6665//6664 6666//6665
f 6488//6480 6665//6664 6664//6663 6485//6477
f 6078//6070 6084//6076 6665//6664 6488//6480
f 6666//6665 6665//6664 6084//6076 6083//6075
f 6667//6666 6668//6667 6669//6668 6670//6669
f 6666//6665 6669//6668 6668//6667 6663//6662
f 6083//6075 6095//6087 6669//6668 6666//6665
f 6670//6669 6669//6668 6095//6087 6094//6086
f 6098//6090 6103//6095 6671//6670 6672//6671
f 6109//6101 6671//6670 6103//6095 6102//6094
f 6671//6670 6109//6101 6113//6105 6673//6672
f 6672//6671 6671//6670 6673//6672 6674//6673
f 6674//6673 6675//6674 6676//6675 6672//6671
f 6670//6669 6676//6675 6675//6674 6667//6666
f 6094//6086 6099//6091 6676//6675 6670//6669
f 6672//6671 6676//6675 6099//6091 6098//6090
f 6677//6676 6678//6677 6679//6678 6680//6679
f 6673//6672 6679//6678 6678//6677 6674//6673
f 6113//6105 6650//6649 6679//6678 6673//6672
f 6680//6679 6679//6678 6650//6649 6649//6648
f 6677//6676 6685//6680 6683//6681 6684//6682
f 6681//6683 6683//6681 6685//6680 6682//6684
f 6649//6648 6656//6655 6687//6685 6680//6679
f 6686//6686 6687//6685 6656//6655 6655//6654
f 6682//6684 6685//6680 6687//6685 6686//6686
f 6680//6679 6687//6685 6685//6680 6677//6676
f 6691//6687 6692//6688 6693//6689 6694//6690
f 6695//6691 6696//6692 6693//6689
f 6690//6693 6689//6694 6697//6695 6698//6696
f 6529//6525 6697//6695 6689//6694 5892//6697
f 6517//6513 6699//6698 6697//6695 6529//6525
f 6698//6696 6697//6695 6699//6698 6700//6699
f 6700//6699 6699//6698 6701//6700 6702//6701
f 6515//6511 6701//6700 6699//6698 6517//6513
f 6516//6512 6660//6659 6701//6700 6515//6511
f 6702//6701 6701//6700 6660//6659 6659//6658
f 6659//6658 6662//6661 6703//6702 6704//6703
f 6485//6477 6664//6663 6703//6702 6662//6661
f 6705//6704 6703//6702 6664//6663 6663//6662
f 6704//6703 6703//6702 6705//6704 6706//6705
f 6696//6692 6695//6691 6707//6706 6708//6707
f 6698//6696 6707//6706 6695//6691 6690//6693
f 6700//6699 6709//6708 6707//6706 6698//6696
f 6708//6707 6707//6706 6709//6708 6710//6709
f 6700//6699 6702//6701 6711//6710 6709//6708
f 6704//6703 6711//6710 6702//6701 6659//6658
f 6706//6705 6712//6711 6711//6710 6704//6703
f 6709//6708 6711//6710 6712//6711 6710//6709
f 2526//2526 6713//6712 6714//6713 2529//2529
f 6430//6422 6714//6713 6713//6712 6431//6423
f 6714//6713 6430//6422 6296//6288
f 2529//2529 6714//6713 6715//6714 2530//2530
f 2530//2530 6715//6714 6716//6715 5416//5416
f 6294//6286 6716//6715 6715//6714 6296//6288
f 6295//6287 6717//6716 6716//6715 6294//6286
f 5416//5416 6716//6715 6717//6716 5413//5413
f 5413//5413 6717//6716 6718//6717 5414//5414
f 6425//6417 6718//6717 6717//6716 6295//6287
f 6418//6410 6719//6718 6718//6717 6425//6417
f 5414//5414 6718//6717 6719//6718 5311//5311
f 5311//5311 6719//6718 6720//6719 5309//5309
f 6417//6409 6720//6719 6719//6718 6418//6410
f 6410//6402 6721//6720 6720//6719 6417//6409
f 5309//5309 6720//6719 6721//6720 5219//5219
f 5219//5219 6721//6720 6722//6721 5216//5216
f 6409//6401 6722//6721 6721//6720 6410//6402
f 6402//6394 6723//6722 6722//6721 6409//6401
f 5216//5216 6722//6721 6723//6722 5220//5220
f 5220//5220 6723//6722 6724//6723 5423//5423
f 6401//6393 6724//6723 6723//6722 6402//6394
f 6394//6386 6725//6724 6724//6723 6401//6393
f 5423//5423 6724//6723 6725//6724 5424//5424
f 5424//5424 6725//6724 6726//6725 5439//5439
f 6393//6385 6726//6725 6725//6724 6394//6386
f 6386//6378 6727//6726 6726//6725 6393//6385
f 5439//5439 6726//6725 6727//6726 5440//5440
f 6728//6727 5443//5443 5440//5440
f 6385//6377 6728//6727 6727//6726 6386//6378
f 6378//6370 6729//6728 6728//6727 6385//6377
f 5443//5443 6728//6727 6729//6728 5444//5444
f 6730//6729 5449//5449 5444//5444
f 6377//6369 6730//6729 6729//6728 6378//6370
f 6370//6362 6731//6730 6730//6729 6377//6369
f 5449//5449 6730//6729 6731//6730 5450//5450
f 5450//5450 6731//6730 6732//6731 5455//5455
f 6369//6361 6732//6731 6731//6730 6370//6362
f 6362//6354 6733//6732 6732//6731 6369//6361
f 5455//5455 6732//6731 6733//6732 5456//5456
f 5456//5456 6733//6732 6734//6733 5461//5461
f 6361//6353 6734//6733 6733//6732 6362//6354
f 6354//6346 6735//6734 6734//6733 6361//6353
f 5461//5461 6734//6733 6735//6734 5434//5434
f 5434//5434 6735//6734 6736//6735 5433//5433
f 6353//6345 6736//6735 6735//6734 6354//6346
f 6346//6338 6737//6736 6736//6735 6353//6345
f 5433//5433 6736//6735 6737//6736 2553//2553
f 2553//2553 6737//6736 6738//6737 2552//2552
f 6345//6337 6738//6737 6737//6736 6346//6338
f 6739//6738 6738//6737 6345//6337 6338//6330
f 2554//2554 2552//2552 6738//6737 6739//6738
f 6739//6738 6740//6739 2581//2581 2554//2554
f 6338//6330 6335//6327 6740//6739 6739//6738
f 6741//6740 6740//6739 6335//6327 6330//6322
f 2577//2577 2581//2581 6740//6739 6741//6740
f 6741//6740 6742//6741 2578//2578 2577//2577
f 6330//6322 6327//6319 6742//6741 6741//6740
f 6743//6742 6742//6741 6327//6319 6322//6314
f 2567//2567 2578//2578 6742//6741 6743//6742
f 6743//6742 6744//6743 2568//2568 2567//2567
f 6322//6314 6319//6311 6744//6743 6743//6742
f 6745//6744 6744//6743 6319//6311 6310//6302
f 2561//2561 2568//2568 6744//6743 6745//6744
f 6745//6744 6746//6745 2562//2562 2561//2561
f 6310//6302 6306//6298 6746//6745 6745//6744
f 6747//6746 6746//6745 6306//6298 6305//6297
f 2559//2559 2562//2562 6746//6745 6747//6746
f 6747//6746 6748//6747 2560//2560 2559//2559
f 6305//6297 6314//6306 6748//6747 6747//6746
f 6749//6748 6748//6747 6314//6306 6313//6305
f 2538//2538 2560//2560 6748//6747 6749//6748
f 6749//6748 6750//6749 2539//2539 2538//2538
f 6313//6305 6460//6452 6750//6749 6749//6748
f 6751//6750 6750//6749 6460//6452 6451//6443
f 2313//2313 2539//2539 6750//6749 6751//6750
f 6751//6750 6752//6751 2309//2309 2313//2313
f 6451//6443 6447//6439 6752//6751 6751//6750
f 6753//6752 6752//6751 6447//6439 6446//6438
f 2309//2309 6752//6751 6753//6752 2306//2306
f 2306//2306 6753//6752 6754//6753 2398//2398
f 6457//6449 6754//6753 6753//6752 6446//6438
f 6456//6448 6755//6754 6754//6753 6457//6449
f 2398//2398 6754//6753 6755//6754 2400//2400
f 2400//2400 6755//6754 6756//6755 2525//2525
f 6464//6456 6756//6755 6755//6754 6456//6448
f 6440//6432 6757//6756 6756//6755 6464//6456
f 2525//2525 6756//6755 6757//6756 2526//2526
f 6757//6756 6758//6757 6713//6712 2526//2526
f 6438//6430 6758//6757 6757//6756 6440//6432
f 6431//6423 6713//6712 6758//6757 6438//6430
f 6678//6677 6759//6758 6760//6759 6674//6673
f 6678//6677 6677//6676 6684//6682
f 6761//6760 6762//6761 6760//6759
f 6762//6761 6761//6760 6763//6762
f 6706//6705 6705//6704 6765//6763 6766//6764
f 6663//6662 6668//6667 6765//6763 6705//6704
f 6767//6765 6765//6763 6668//6667 6667//6666
f 6767//6765 6768//6766 6766//6764
f 6769//6767 6768//6766 6767//6765
f 6667//6666 6675//6674 6770//6768 6767//6765
f 6760//6759 6770//6768 6675//6674 6674//6673
f 6770//6768 6760//6759 6762//6761
f 6694//6690 6693//6689 6778//6769 6779//6770
f 6696//6692 6708//6707 6778//6769 6693//6689
f 6778//6769 6708//6707 6710//6709
f 6780//6771 6779//6770 6778//6769 6781//6772
f 6694//6690 6783//6773 6782//6774 6691//6687
f 6769//6767 6784//6775 6785//6776 6768//6766
f 6769//6767 6762//6761 6764//6777
f 6786//6778 6787//6779 6780//6771
f 6710//6709 6712//6711 6786//6778 6781//6772
f 6712//6711 6706//6705 6766//6764
f 6766//6764 6768//6766 6787//6779
f 6779//6770 6788//6780 6783//6773 6694//6690
f 6780//6771 6787//6779 6790//6781 6789//6782
f 6785//6776 6790//6781 6787//6779 6768//6766
f 7//7 14//14 42//42
f 28//28 46//46 43//43
f 29//29 48//48 46//46
f 47//47 46//46 48//48
f 55//55 57//57 56//56
f 59//59 56//56 57//57
f 48//48 61//61 63//63
f 59//59 61//61 48//48
f 67//67 65//65 64//64
f 41//41 96//96 94//94
f 134//134 135//135 133//133
f 155//155 154//154 57//57
f 181//181 191//191 190//190
f 193//193 190//190 191//191
f 192//192 196//196 194//194
f 37//37 384//384 382//382
f 32//32 382//382 4//4
f 392//392 390//390 387//387
f 393//393 392//392 398//398
f 396//396 398//398 392//392
f 399//399 398//398 396//396
f 438//438 437//437 434//434
f 464//464 462//462 461//461
f 467//467 469//469 465//465
f 466//466 472//472 471//471
f 461//461 474//474 473//473
f 484//484 486//486 485//485
f 488//488 485//485 486//486
f 467//467 471//471 485//485
f 487//487 491//491 489//489
f 492//492 494//494 493//493
f 496//496 493//493 494//494
f 502//502 499//499 498//498
f 551//551 550//550 539//539
f 552//552 553//553 550//550
f 538//538 547//547 558//558
f 551//551 558//558 561//561
f 569//569 568//568 553//553
f 570//570 571//571 568//568
f 584//584 585//585 582//582
f 381//381 571//571 582//582
f 574//574 576//576 587//587
f 598//598 599//599 596//596
f 55//55 53//53 596//596
f 477//477 614//614 617//617
f 622//622 623//623 621//621
f 624//624 625//625 623//623
f 624//624 628//628 626//626
f 627//627 626//626 628//628
f 660//660 661//661 658//658
f 665//665 663//663 662//662
f 659//659 658//658 663//663
f 668//668 669//669 666//666
f 458//458 459//459 670//670
f 671//671 670//670 459//459
f 667//667 670//670 673//673
f 680//680 681//681 678//678
f 686//686 689//689 684//684
f 703//703 707//707 706//706
f 704//704 702//702 706//706
f 703//703 700//700 716//716
f 262//262 716//716 700//700
f 685//685 695//695 736//736
f 686//686 736//736 739//739
f 739//739 749//749 744//744
f 698//698 705//705 762//762
f 801//801 804//804 800//800
f 800//800 804//804 803//803
f 840//840 836//836 835//835
f 857//857 864//864 863//863
f 892//892 903//903 906//906
f 925//925 928//928 930//930
f 933//933 934//934 931//931
f 925//925 929//929 935//935
f 936//936 935//935 929//929
f 932//932 935//935 938//938
f 949//949 951//951 955//955
f 950//950 968//968 967//967
f 969//969 968//968 961//961
f 916//916 913//913 971//971
f 963//963 971//971 913//913
f 1050//1050 1051//1051 1048//1048
f 1192//1192 1194//1194 1190//1190
f 1206//1206 1209//1209 585//585
f 1212//1212 1213//1213 1210//1210
f 597//597 1213//1213 1212//1212
f 1210//1210 1213//1213 1204//1204
f 1217//1217 1216//1216 1208//1208
f 1206//1206 1220//1220 1223//1223
f 578//578 1249//1249 1241//1241
f 595//595 1236//1236 1255//1255
f 1263//1263 1262//1262 1259//1259
f 1281//1281 1292//1292 1290//1290
f 1296//1296 1295//1295 1292//1292
f 1191//1191 1302//1302 1299//1299
f 1281//1281 1308//1308 1306//1306
f 1327//1327 1326//1326 1334//1334
f 1311//1311 1342//1342 1341//1341
f 1309//1309 1339//1339 1342//1342
f 1343//1343 1344//1344 1347//1347
f 1359//1359 1362//1362 1365//1365
f 1372//1372 1373//1373 1370//1370
f 837//837 1378//1378 1375//1375
f 1419//1419 1417//1417 1416//1416
f 1438//1438 1441//1441 766//766
f 1441//1441 1438//1438 1439//1439
f 1430//1430 1450//1450 1452//1452
f 1458//1458 1459//1459 1455//1455
f 824//824 1455//1455 1459//1459
f 1458//1458 1461//1461 1460//1460
f 1463//1463 1460//1460 1461//1461
f 1459//1459 1460//1460 859//859
f 1462//1462 1466//1466 1464//1464
f 1470//1470 1473//1473 1420//1420
f 1478//1478 1479//1479 1477//1477
f 1478//1478 1476//1476 1482//1482
f 1522//1522 1530//1530 1528//1528
f 1529//1529 1545//1545 1532//1532
f 1555//1555 1566//1566 1564//1564
f 1543//1543 1558//1558 1568//1568
f 1575//1575 1573//1573 1572//1572
f 1570//1570 1569//1569 1573//1573
f 1574//1574 1582//1582 1580//1580
f 501//501 1586//1586 1584//1584
f 502//502 1584//1584 1589//1589
f 1590//1590 1591//1591 1589//1589
f 1592//1592 1593//1593 1591//1591
f 1613//1613 1614//1614 1617//1617
f 1663//1663 1668//1668 1666//1666
f 1670//1670 1671//1671 1666//1666
f 1662//1662 1666//1666 1671//1671
f 1686//1686 1689//1689 1684//1684
f 1687//1687 1689//1689 1690//1690
f 1713//1713 1714//1714 1711//1711
f 1712//1712 1711//1711 1668//1668
f 1746//1746 1745//1745 1747//1747
f 1754//1754 1752//1752 1751//1751
f 1783//1783 1791//1791 1788//1788
f 1790//1790 1802//1802 1801//1801
f 1663//1663 1660//1660 1818//1818
f 1803//1803 1824//1824 1823//1823
f 1745//1745 1824//1824 1803//1803
f 1823//1823 1824//1824 1714//1714
f 1687//1687 1691//1691 1841//1841
f 1682//1682 1688//1688 1850//1850
f 1890//1890 1891//1891 1888//1888
f 1894//1894 1895//1895 1892//1892
f 1889//1889 1892//1892 1895//1895
f 1893//1893 1892//1892 1854//1854
f 1853//1853 1851//1851 1897//1897
f 1910//1910 1917//1917 1891//1891
f 1919//1919 1917//1917 1916//1916
f 1891//1891 1917//1917 1919//1919
f 1927//1927 1926//1926 1929//1929
f 1938//1938 1937//1937 1932//1932
f 1918//1918 1916//1916 1937//1937
f 1935//1935 1934//1934 1941//1941
f 1346//1346 1345//1345 1952//1952
f 1955//1955 1959//1959 1958//1958
f 1335//1335 1968//1968 1953//1953
f 1999//1999 1998//1998 1314//1314
f 1918//1918 2005//2005 2003//2003
f 1880//1880 2011//2011 1999//1999
f 2006//2006 2012//2012 2011//2011
f 1999//1999 2011//2011 2012//2012
f 1936//1936 1949//1949 2015//2015
f 1938//1938 2015//2015 2005//2005
f 1587//1587 1586//1586 2021//2021
f 2028//2028 2030//2030 1826//1826
f 2045//2045 2043//2043 2042//2042
f 2031//2031 2028//2028 2043//2043
f 2044//2044 2042//2042 2047//2047
f 2044//2044 2053//2053 2050//2050
f 2035//2035 2052//2052 2056//2056
f 646//646 651//651 2067//2067
f 2081//2081 2080//2080 2079//2079
f 2076//2076 2086//2086 2089//2089
f 676//676 681//681 2102//2102
f 2103//2103 2102//2102 681//681
f 2166//2166 2168//2168 2163//2163
f 2144//2144 2163//2163 2168//2168
f 1438//1438 2265//2265 2264//2264
f 711//711 709//709 2267//2267
f 733//733 2267//2267 709//709
f 2284//2284 2285//2285 2282//2282
f 1445//1445 2282//2282 2285//2285
f 1426//1426 1440//1440 2282//2282
f 2283//2283 2282//2282 1440//1440
f 2269//2269 2291//2291 2290//2290
f 2293//2293 2290//2290 2291//2291
f 1439//1439 2264//2264 2290//2290
f 2268//2268 2290//2290 2264//2264
f 2329//2329 2324//2324 2325//2325
f 1457//1457 1454//1454 2329//2329
f 2284//2284 2331//2331 2330//2330
f 2333//2333 2330//2330 2331//2331
f 2325//2325 2326//2326 2330//2330
f 2287//2287 2330//2330 2326//2326
f 2292//2292 2335//2335 2334//2334
f 2331//2331 2334//2334 2335//2335
f 2284//2284 2283//2283 2334//2334
f 2293//2293 2334//2334 2283//2283
f 1457//1457 2328//2328 2339//2339
f 2333//2333 2339//2339 2328//2328
f 1462//1462 1461//1461 2343//2343
f 2344//2344 2343//2343 1461//1461
f 1457//1457 2340//2340 2346//2346
f 2345//2345 2344//2344 2346//2346
f 1456//1456 2346//2346 2344//2344
f 2345//2345 2350//2350 2348//2348
f 1414//1414 2366//2366 2369//2369
f 2381//2381 2379//2379 2378//2378
f 1397//1397 1403//1403 2379//2379
f 2385//2385 2384//2384 2338//2338
f 2403//2403 2402//2402 2383//2383
f 2405//2405 2402//2402 2403//2403
f 2347//2347 2402//2402 2405//2405
f 2404//2404 2408//2408 2406//2406
f 2405//2405 2406//2406 2350//2350
f 2486//2486 2487//2487 2484//2484
f 2477//2477 2484//2484 2487//2487
f 2488//2488 2490//2490 2487//2487
f 2487//2487 2490//2490 2480//2480
f 2554//2554 2581//2581 2580//2580
f 2583//2583 2547//2547 2546//2546
f 2579//2579 2606//2606 2582//2582
f 2630//2630 2626//2626 2625//2625
f 2627//2627 2626//2626 1536//1536
f 2633//2633 2643//2643 2646//2646
f 2669//2669 2670//2670 2667//2667
f 2664//2664 2667//2667 2670//2670
f 2629//2629 2695//2695 2693//2693
f 2700//2700 2702//2702 2701//2701
f 1574//1574 1572//1572 2701//2701
f 2730//2730 2731//2731 2728//2728
f 2657//2657 2655//2655 2731//2731
f 2728//2728 2731//2731 2655//2655
f 2728//2728 2734//2734 2733//2733
f 2650//2650 2647//2647 2734//2734
f 2732//2732 2752//2752 2750//2750
f 2733//2733 2750//2750 2740//2740
f 2848//2848 2849//2849 2846//2846
f 2886//2886 2887//2887 2884//2884
f 2872//2872 2870//2870 2884//2884
f 2894//2894 2895//2895 2892//2892
f 2890//2890 2892//2892 2895//2895
f 2883//2883 2880//2880 2892//2892
f 2901//2901 2902//2902 2899//2899
f 2905//2905 2907//2907 2901//2901
f 2901//2901 2907//2907 2918//2918
f 2920//2920 2927//2927 2930//2930
f 2936//2936 2934//2934 2933//2933
f 2935//2935 2933//2933 2942//2942
f 2921//2921 2930//2930 2942//2942
f 2935//2935 2949//2949 2947//2947
f 2958//2958 2960//2960 2959//2959
f 2955//2955 2959//2959 2962//2962
f 2964//2964 2980//2980 2979//2979
f 2982//2982 2979//2979 2980//2980
f 2972//2972 2979//2979 2982//2982
f 2963//2963 2979//2979 2972//2972
f 1348//1348 1355//1355 2998//2998
f 2999//2999 2998//2998 1355//1355
f 1365//1365 3010//3010 3006//3006
f 3015//3015 3013//3013 3012//3012
f 2380//2380 3019//3019 3018//3018
f 3036//3036 3035//3035 3037//3037
f 3030//3030 3062//3062 3065//3065
f 3052//3052 3051//3051 3069//3069
f 3068//3068 3069//3069 3051//3051
f 3082//3082 3080//3080 3079//3079
f 3078//3078 3077//3077 3080//3080
f 3083//3083 3084//3084 3070//3070
f 3085//3085 3086//3086 3084//3084
f 3070//3070 3084//3084 3079//3079
f 3089//3089 3087//3087 3083//3083
f 3064//3064 3063//3063 3117//3117
f 3158//3158 3156//3156 3155//3155
f 3082//3082 3177//3177 3176//3176
f 3214//3214 3213//3213 3215//3215
f 3216//3216 3215//3215 3217//3217
f 3057//3057 3053//3053 3405//3405
f 3025//3025 3405//3405 3053//3053
f 3412//3412 3414//3414 3418//3418
f 3420//3420 3422//3422 3421//3421
f 3418//3418 3422//3422 3420//3420
f 3454//3454 3460//3460 3459//3459
f 3485//3485 3484//3484 3486//3486
f 3490//3490 3491//3491 3488//3488
f 3495//3495 3494//3494 3491//3491
f 3497//3497 3496//3496 3485//3485
f 3507//3507 3506//3506 3508//3508
f 3495//3495 3508//3508 3506//3506
f 3490//3490 3510//3510 3508//3508
f 3509//3509 3508//3508 3510//3510
f 3511//3511 3510//3510 3512//3512
f 3515//3515 3514//3514 3516//3516
f 3517//3517 3516//3516 3518//3518
f 3515//3515 3524//3524 3522//3522
f 3523//3523 3522//3522 3524//3524
f 3575//3575 3576//3576 3573//3573
f 3560//3560 3573//3573 3576//3576
f 3561//3561 3576//3576 3581//3581
f 3582//3582 3581//3581 3576//3576
f 3593//3593 3594//3594 3591//3591
f 3574//3574 3591//3591 3594//3594
f 3607//3607 3608//3608 3605//3605
f 3404//3404 3421//3421 3605//3605
f 3597//3597 3611//3611 3609//3609
f 3621//3621 3622//3622 3619//3619
f 3078//3078 3176//3176 3619//3619
f 3638//3638 3637//3637 3499//3499
f 3643//3643 3647//3647 3645//3645
f 3647//3647 3646//3646 3648//3648
f 3648//3648 3646//3646 3649//3649
f 3650//3650 3649//3649 3651//3651
f 3683//3683 3684//3684 3681//3681
f 3682//3682 3687//3687 3685//3685
f 3686//3686 3685//3685 3687//3687
f 3691//3691 3692//3692 3689//3689
f 3481//3481 3692//3692 3693//3693
f 3694//3694 3693//3693 3692//3692
f 3483//3483 3693//3693 3696//3696
f 3703//3703 3704//3704 3701//3701
f 3709//3709 3711//3711 3707//3707
f 3728//3728 3727//3727 3729//3729
f 3726//3726 3732//3732 3729//3729
f 3724//3724 3739//3739 3288//3288
f 3728//3728 3740//3740 3739//3739
f 3708//3708 3707//3707 3759//3759
f 3760//3760 3759//3759 3707//3707
f 3770//3770 3771//3771 3760//3760
f 3721//3721 3776//3776 3785//3785
f 3824//3824 3828//3828 3823//3823
f 3826//3826 3828//3828 3824//3824
f 3856//3856 3859//3859 3863//3863
f 3888//3888 3887//3887 3878//3878
f 3918//3918 3917//3917 3906//3906
f 3939//3939 3944//3944 3943//3943
f 3947//3947 3948//3948 3945//3945
f 3939//3939 3948//3948 3949//3949
f 3950//3950 3949//3949 3948//3948
f 3944//3944 3949//3949 3952//3952
f 3961//3961 3960//3960 3959//3959
f 3966//3966 3964//3964 3961//3961
f 3975//3975 3982//3982 3981//3981
f 3965//3965 3982//3982 3975//3975
f 3983//3983 3982//3982 3965//3965
f 3928//3928 3984//3984 3978//3978
f 4064//4064 4065//4065 4062//4062
f 4185//4185 4187//4187 4183//4183
f 3606//3606 4200//4200 4199//4199
f 4205//4205 4206//4206 4203//4203
f 4198//4198 4206//4206 4205//4205
f 4203//4203 4206//4206 3622//3622
f 4201//4201 4209//4209 4208//4208
f 4214//4214 4213//4213 4199//4199
f 4232//4232 4241//4241 3602//3602
f 3618//3618 3617//3617 4247//4247
f 4254//4254 4255//4255 4256//4256
f 4274//4274 4273//4273 4283//4283
f 4284//4284 4289//4289 4288//4288
f 4292//4292 4295//4295 4187//4187
f 4274//4274 4288//4288 4299//4299
f 4318//4318 4327//4327 4325//4325
f 4302//4302 4303//4303 4331//4331
f 1341//1341 4331//4331 4303//4303
f 1347//1347 4333//4333 4332//4332
f 4348//4348 4347//4347 4346//4346
f 4357//4357 4358//4358 4355//4355
f 4402//4402 4401//4401 4403//4403
f 3790//3790 4424//4424 4423//4423
f 4424//4424 4425//4425 4426//4426
f 4437//4437 4436//4436 4417//4417
f 4441//4441 4439//4439 3848//3848
f 4442//4442 4443//4443 4439//4439
f 4442//4442 4441//4441 4445//4445
f 3884//3884 4445//4445 4441//4441
f 4446//4446 4445//4445 4447//4447
f 4448//4448 4447//4447 4450//4450
f 4406//4406 4458//4458 4455//4455
f 4465//4465 4466//4466 4463//4463
f 4465//4465 4469//4469 4467//4467
f 4507//4507 4506//4506 4513//4513
f 4518//4518 4529//4529 4515//4515
f 4540//4540 4539//4539 4549//4549
f 4528//4528 4538//4538 4553//4553
f 4558//4558 4557//4557 4559//4559
f 4560//4560 4559//4559 4565//4565
f 3525//3525 3524//3524 4569//4569
f 4571//4571 4569//4569 3524//3524
f 4572//4572 4573//4573 4569//4569
f 4571//4571 4576//4576 4575//4575
f 4578//4578 4575//4575 4576//4576
f 4600//4600 4599//4599 4596//4596
f 4646//4646 4645//4645 4649//4649
f 4650//4650 4649//4649 4651//4651
f 4653//4653 4651//4651 4649//4649
f 4654//4654 4655//4655 4651//4651
f 4671//4671 4672//4672 4669//4669
f 4674//4674 4670//4670 4669//4669
f 4674//4674 4677//4677 4675//4675
f 4670//4670 4675//4675 4680//4680
f 4698//4698 4699//4699 4696//4696
f 4652//4652 4696//4696 4699//4699
f 4735//4735 4731//4731 4730//4730
f 4737//4737 4736//4736 4738//4738
f 4788//4788 4787//4787 4773//4773
f 4800//4800 4803//4803 4802//4802
f 4650//4650 4699//4699 4803//4803
f 4802//4802 4803//4803 4699//4699
f 4808//4808 4809//4809 4786//4786
f 4697//4697 4809//4809 4808//4808
f 4674//4674 4827//4827 4825//4825
f 4872//4872 4873//4873 4870//4870
f 4876//4876 4877//4877 4874//4874
f 4837//4837 4874//4874 4877//4877
f 4875//4875 4874//4874 4873//4873
f 4835//4835 4877//4877 4878//4878
f 4871//4871 4895//4895 4888//4888
f 4892//4892 4895//4895 4871//4871
f 4894//4894 4895//4895 4892//4892
f 4893//4893 4909//4909 4908//4908
f 4904//4904 4908//4908 4909//4909
f 1955//1955 1963//1963 4924//4924
f 4919//4919 4932//4932 4324//4324
f 4307//4307 4958//4958 4957//4957
f 4893//4893 4892//4892 4962//4962
f 4957//4957 4971//4971 4862//4862
f 4970//4970 4971//4971 4957//4957
f 4965//4965 4964//4964 4971//4971
f 4907//4907 4909//4909 4974//4974
f 4963//4963 4974//4974 4909//4909
f 4574//4574 4981//4981 4979//4979
f 4812//4812 4988//4988 4987//4987
f 4990//4990 5001//5001 4999//4999
f 5000//5000 4999//4999 5001//5001
f 5002//5002 5005//5005 5003//5003
f 5002//5002 5001//5001 5007//5007
f 4994//4994 4997//4997 5012//5012
f 5033//5033 5035//5035 5036//5036
f 5041//5041 5040//5040 5032//5032
f 3699//3699 5047//5047 5050//5050
f 3702//3702 5050//5050 5053//5053
f 5098//5098 5100//5100 2166//2166
f 5079//5079 5101//5101 5100//5100
f 5175//5175 5174//5174 4423//4423
f 3731//3731 5176//5176 3755//3755
f 3733//3733 5178//5178 5176//5176
f 5194//5194 5195//5195 5192//5192
f 4425//4425 5192//5192 5195//5195
f 4411//4411 4428//4428 5192//5192
f 5193//5193 5192//5192 4428//4428
f 5179//5179 5178//5178 5200//5200
f 5175//5175 5200//5200 5178//5178
f 4426//4426 5202//5202 5200//5200
f 5201//5201 5200//5200 5202//5202
f 5238//5238 5249//5249 5235//5235
f 4444//4444 5249//5249 5238//5238
f 5194//5194 5199//5199 5239//5239
f 5237//5237 5239//5239 5199//5199
f 5235//5235 5241//5241 5239//5239
f 5240//5240 5239//5239 5241//5241
f 5203//5203 5202//5202 5243//5243
f 5195//5195 5243//5243 5202//5202
f 5194//5194 5240//5240 5243//5243
f 5244//5244 5243//5243 5240//5240
f 5249//5249 5247//5247 5241//5241
f 4444//4444 5250//5250 5247//5247
f 4446//4446 5253//5253 5252//5252
f 4448//4448 4476//4476 5253//5253
f 4444//4444 4443//4443 5256//5256
f 5252//5252 5256//5256 4443//4443
f 5255//5255 5254//5254 5258//5258
f 5277//5277 5276//5276 4399//4399
f 4383//4383 5290//5290 5288//5288
f 5289//5289 5288//5288 5290//5290
f 5248//5248 5294//5294 5293//5293
f 5314//5314 5315//5315 5312//5312
f 5295//5295 5315//5315 5314//5314
f 5312//5312 5315//5315 5257//5257
f 5313//5313 5312//5312 5316//5316
f 5259//5259 5316//5316 5312//5312
f 5377//5377 5378//5378 5375//5375
f 5317//5317 5383//5383 5382//5382
f 5384//5384 5383//5383 5378//5378
f 5384//5384 5386//5386 5385//5385
f 5380//5380 5386//5386 5384//5384
f 5387//5387 5392//5392 5397//5397
f 2507//2507 5397//5397 5392//5392
f 4522//4522 5503//5503 5502//5502
f 5504//5504 5503//5503 5506//5506
f 5521//5521 5520//5520 5510//5510
f 5546//5546 5547//5547 5544//5544
f 5545//5545 5544//5544 5543//5543
f 5507//5507 5506//5506 5570//5570
f 5577//5577 5576//5576 5578//5578
f 4560//4560 5549//5549 5578//5578
f 5607//5607 5608//5608 5605//5605
f 5530//5530 5608//5608 5607//5607
f 5533//5533 5547//5547 5608//5608
f 5546//5546 5605//5605 5608//5608
f 5529//5529 5607//5607 5611//5611
f 5612//5612 5611//5611 5607//5607
f 5609//5609 5612//5612 5627//5627
f 5618//5618 5627//5627 5612//5612
f 5725//5725 5726//5726 5723//5723
f 5763//5763 5764//5764 5761//5761
f 5762//5762 5761//5761 5748//5748
f 5771//5771 5772//5772 5769//5769
f 5770//5770 5769//5769 5768//5768
f 5778//5778 5779//5779 5776//5776
f 5784//5784 5782//5782 5781//5781
f 5778//5778 5793//5793 5794//5794
f 5788//5788 5799//5799 5804//5804
f 5805//5805 5804//5804 5799//5799
f 5811//5811 5810//5810 5812//5812
f 5798//5798 5811//5811 5818//5818
f 5813//5813 5820//5820 5818//5818
f 5813//5813 5812//5812 5824//5824
f 5837//5837 5836//5836 5833//5833
f 5832//5832 5840//5840 5838//5838
f 5841//5841 5840//5840 5856//5856
f 5851//5851 5856//5856 5840//5840
f 5858//5858 5856//5856 5851//5851
f 5857//5857 5856//5856 5858//5858
f 4335//4335 5870//5870 5873//5873
f 4342//4342 5873//5873 5876//5876
f 4339//4339 5876//5876 5879//5879
f 5880//5880 5883//5883 4348//4348
f 5886//5886 5885//5885 3015//3015
f 5291//5291 5290//5290 5888//5888
f 5999//5991 6000//5992 5995//5987
f 6002//5994 6007//5999 5999//5991
f 6002//5994 6003//5995 6004//5996
f 6011//6003 6009//6001 6008//6000
f 6005//5997 6009//6001 6013//6005
f 6025//6017 6027//6019 6023//6015
f 6025//6017 6033//6025 6032//6024
f 6027//6019 6032//6024 6034//6026
f 6029//6021 6043//6035 6041//6033
f 6042//6034 6041//6033 6039//6031
f 6004//5996 6003//5995 6044//6036
f 6029//6021 6085//6077 6090//6082
f 6091//6083 6090//6082 6085//6077
f 6140//6132 6138//6130 5956//5948
f 6179//6171 6183//6175 6174//6166
f 6038//6030 6249//6241 6251//6243
f 6252//6244 6251//6243 6249//6241
f 6254//6246 6256//6248 6025//6017
f 6264//6256 6282//6274 6007//5999
f 6049//6041 6048//6040 6468//6460
f 5904//5897 5901//5892 6472//6464
f 6475//6467 6476//6468 6472//6464
f 6473//6465 6472//6464 6476//6468
f 6483//6475 6482//6474 6476//6468
f 6483//6475 6493//6485 6491//6483
f 5895//6491 5894//6492 6497//6489
f 6499//6494 6497//6489 5894//6492
f 6506//6502 6505//6501 6507//6503
f 6091//6083 6509//6505 6059//6051
f 6088//6080 6504//6500 6509//6505
f 6484//6476 6533//6529 6527//6523
f 6500//6495 6499//6494 6534//6530
f 6531//6527 6536//6532 6534//6530
f 6506//6502 6508//6504 6539//6535
f 6531//6527 6530//6526 6540//6536
f 6541//6537 6540//6536 6542//6538
f 6541//6537 6544//6540 6536//6532
f 5897//6553 6556//6554 6554//6550
f 6561//6559 6576//6575 6579//6578
f 6578//6577 6587//6586 6586//6585
f 6590//6589 6589//6588 6586//6585
f 6592//6591 6591//6590 6593//6592
f 6597//6596 6598//6597 6595//6594
f 6590//6589 6599//6598 6593//6592
f 6585//6584 6598//6597 6599//6598
f 6592//6591 6601//6600 6153//6145
f 6608//6605 6617//6616 6611//6610
f 6616//6615 6618//6617 6617//6616
f 6693//6689 6692//6688 6695//6691
f 6296//6288 6715//6714 6714//6713
f 5440//5440 6727//6726 6728//6727
f 5444//5444 6729//6728 6730//6729
f 6684//6682 6759//6758 6678//6677
f 6761//6760 6759//6758 6684//6682
f 6760//6759 6759//6758 6761//6760
f 6763//6762 6764//6777 6762//6761
f 6766//6764 6765//6763 6767//6765
f 6767//6765 6770//6768 6769//6767
f 6762//6761 6769//6767 6770//6768
f 6710//6709 6781//6772 6778//6769
f 6764//6777 6784//6775 6769//6767
f 6780//6771 6781//6772 6786//6778
f 6766//6764 6786//6778 6712//6711
f 6787//6779 6786//6778 6766//6764
l 6688 6689
l 6772 6773
l 6777 6782
l 6774 6776
l 6773 6774
l 6775 6776
l 6775 6777
