# Blender 4.2.2 LTS
# www.blender.org
mtllib cabeza_uno.mtl
o 17174_Tiamat_new.001
v -1.709933 0.230855 1.014505
v -1.700833 0.213355 1.016405
v -1.680933 0.225554 1.022205
v -1.690933 0.241955 1.023005
v -1.688933 0.195855 1.017505
v -1.668533 0.208555 1.020005
v -1.650133 0.226055 1.022205
v -1.662133 0.240155 1.023805
v -1.672833 0.254555 1.025205
v -1.643933 0.277055 1.020705
v -1.656133 0.267354 1.023504
v -1.645033 0.256155 1.021905
v -1.632533 0.273954 1.016005
v -1.633133 0.246855 1.019905
v -1.618533 0.267855 1.008505
v -1.701333 0.258055 1.027805
v -1.683233 0.268955 1.029105
v -1.690433 0.281255 1.038105
v -1.709333 0.269754 1.039505
v -1.726833 0.259655 1.034905
v -1.719033 0.248655 1.020605
v -1.664033 0.280654 1.026405
v -1.668733 0.293855 1.031605
v -1.644233 0.289754 1.020705
v -1.645533 0.304955 1.021205
v -1.625633 0.293555 1.011305
v -1.622333 0.311755 1.008905
v -1.609433 0.292155 0.997105
v -1.603033 0.316154 0.992905
v -1.708433 0.186355 1.011705
v -1.706233 0.173655 1.031005
v -1.682733 0.183455 1.037705
v -1.727833 0.169755 1.019105
v -1.724033 0.181855 1.008205
v -1.733133 0.148355 1.039405
v -1.703533 0.160755 1.055405
v -1.675833 0.171355 1.064404
v -1.659233 0.196855 1.040305
v -1.637833 0.215855 1.039304
v -1.647933 0.184655 1.066205
v -1.622233 0.204154 1.062505
v -1.617833 0.238154 1.031105
v -1.598333 0.228555 1.050705
v -1.578033 0.254354 1.030805
v -1.600533 0.261855 1.015604
v -1.563933 0.283854 1.009705
v -1.589133 0.288455 0.996505
v -1.583633 0.314855 0.982205
v -1.553633 0.316555 0.984905
v -1.669233 0.305254 1.043805
v -1.662833 0.308855 1.059805
v -1.688033 0.292355 1.070904
v -1.691633 0.289255 1.053505
v -1.644633 0.318155 1.029605
v -1.636933 0.323755 1.044005
v -1.619533 0.326555 1.013705
v -1.612533 0.336655 1.026105
v -1.597933 0.333155 0.997805
v -1.594233 0.347455 1.007105
v -1.581833 0.336154 0.983905
v -1.580833 0.354155 0.993005
v -1.565133 0.339755 0.972805
v -1.567933 0.360655 0.980905
v -1.545333 0.350255 0.959405
v -1.552333 0.371254 0.966705
v -1.523933 0.336454 0.970405
v -1.525433 0.368054 0.945505
v -1.501633 0.358755 0.955705
v -1.536333 0.385855 0.950105
v -1.510633 0.388055 0.921505
v -1.524133 0.403355 0.927105
v -1.484233 0.381955 0.931105
v -1.471133 0.405555 0.900205
v -1.502033 0.407855 0.889805
v -1.519033 0.422755 0.899305
v -1.510433 0.482455 0.857205
v -1.517633 0.448755 0.874205
v -1.497633 0.433655 0.857505
v -1.490533 0.469055 0.835105
v -1.461833 0.433555 0.868705
v -1.452933 0.468355 0.847605
v -1.780133 0.103055 1.063905
v -1.770733 0.097655 1.081905
v -1.747133 0.117955 1.080005
v -1.757133 0.124955 1.052505
v -1.762833 0.087255 1.094205
v -1.739233 0.104455 1.101205
v -1.721333 0.132854 1.078305
v -1.712633 0.117255 1.106205
v -1.693833 0.144155 1.086605
v -1.663833 0.154954 1.095605
v -1.683633 0.125255 1.114305
v -1.650533 0.132355 1.118605
v -1.631033 0.166154 1.093305
v -1.599533 0.182955 1.082605
v -1.613833 0.142654 1.112805
v -1.577833 0.159955 1.098605
v -1.571033 0.207555 1.064305
v -1.545133 0.186355 1.075405
v -1.516033 0.217854 1.052705
v -1.546633 0.237655 1.044305
v -1.527733 0.270454 1.027605
v -1.491833 0.249054 1.036105
v -1.468933 0.278955 1.022405
v -1.509333 0.300555 1.011205
v -1.485033 0.325455 0.995205
v -1.460333 0.351655 0.979905
v -1.442733 0.307255 1.009605
v -1.416033 0.337355 0.996005
v -1.439733 0.380655 0.957705
v -1.422833 0.410055 0.930205
v -1.391833 0.370855 0.977305
v -1.371133 0.405455 0.953605
v -1.410933 0.442755 0.903605
v -1.355232 0.441455 0.929305
v -1.400933 0.480455 0.885705
v -1.340233 0.479855 0.908805
v -1.759233 0.075455 1.100405
v -1.733833 0.086955 1.108505
v -1.733033 0.070655 1.102305
v -1.757933 0.063555 1.096705
v -1.706733 0.075955 1.104805
v -1.706833 0.095755 1.114805
v -1.677133 0.101055 1.120405
v -1.678533 0.079455 1.105305
v -1.642233 0.081655 1.106205
v -1.643233 0.106955 1.123705
v -1.559233 0.109255 1.087205
v -1.561333 0.135654 1.103204
v -1.602733 0.117355 1.118905
v -1.599633 0.096155 1.108105
v -1.599633 0.084255 1.099105
v -1.583833 0.082155 1.085805
v -1.620433 0.072454 1.091005
v -1.602433 0.067855 1.082405
v -1.525333 0.165154 1.077305
v -1.519333 0.146055 1.061305
v -1.486433 0.181455 1.036805
v -1.494533 0.198755 1.051205
v -1.469333 0.230055 1.031005
v -1.444433 0.259855 1.017405
v -1.460633 0.214455 1.016605
v -1.434833 0.244655 1.002205
v -1.416933 0.289054 1.006905
v -1.388033 0.320455 0.996905
v -1.406533 0.273855 0.991705
v -1.376833 0.304255 0.981405
v -1.325933 0.376154 0.945305
v -1.338233 0.393754 0.960505
v -1.360733 0.356255 0.982305
v -1.348533 0.338855 0.966205
v -1.640133 0.355055 1.052005
v -1.636733 0.338155 1.051405
v -1.616133 0.354155 1.029605
v -1.620233 0.370554 1.031505
v -1.601233 0.366855 1.008105
v -1.607733 0.385654 1.011705
v -1.620533 0.381155 1.063305
v -1.631533 0.370655 1.057605
v -1.613833 0.383355 1.041404
v -1.605733 0.392755 1.055804
v -1.599333 0.397554 1.027305
v -1.590033 0.407754 1.046805
v -1.590633 0.375854 0.992605
v -1.600033 0.398254 0.996405
v -1.579333 0.384254 0.980805
v -1.590433 0.408755 0.984205
v -1.588433 0.410055 1.016405
v -1.575933 0.420054 1.039705
v -1.577533 0.421755 1.007405
v -1.561333 0.430955 1.033805
v -1.586433 0.434555 1.087005
v -1.587033 0.420155 1.066105
v -1.570933 0.434955 1.061005
v -1.568133 0.452555 1.083505
v -1.556133 0.448555 1.056504
v -1.553933 0.469955 1.079305
v -1.564533 0.394155 0.968505
v -1.575433 0.418155 0.973705
v -1.549533 0.406455 0.954205
v -1.560233 0.428555 0.963405
v -1.531033 0.458955 1.022005
v -1.524533 0.480355 1.049304
v -1.540533 0.463555 1.052505
v -1.546133 0.443755 1.027705
v -1.538933 0.487555 1.076305
v -1.523633 0.506455 1.074105
v -1.564233 0.433755 0.998805
v -1.549733 0.445955 0.990705
v -1.538633 0.421955 0.935205
v -1.548033 0.442755 0.950905
v -1.534133 0.441255 0.914105
v -1.539433 0.461655 0.938905
v -1.531233 0.466955 0.898005
v -1.528133 0.484055 0.932105
v -1.522933 0.499155 0.887605
v -1.514933 0.512055 0.927805
v -1.534833 0.459755 0.982305
v -1.516133 0.476355 1.017505
v -1.521533 0.477055 0.975305
v -1.502133 0.495155 1.014205
v -1.508533 0.499355 1.047405
v -1.507533 0.526955 1.072905
v -1.493533 0.519255 1.046305
v -1.491933 0.547655 1.072605
v -1.507133 0.496155 0.971805
v -1.486933 0.512655 1.012705
v -1.491933 0.519855 0.969305
v -1.471033 0.532855 1.010705
v -1.479233 0.537855 1.045905
v -1.477033 0.566655 1.073405
v -1.464133 0.557855 1.044705
v -1.461733 0.586755 1.073004
v -1.476433 0.551055 0.965505
v -1.454233 0.558555 1.007004
v -1.500133 0.547955 0.923405
v -1.477633 0.585555 0.918405
v -1.455033 0.585455 0.960605
v -1.431733 0.588255 1.001705
v -1.446533 0.580855 1.041505
v -1.444333 0.609955 1.070005
v -1.421733 0.607455 1.036905
v -1.418933 0.636555 1.065805
v -1.387333 0.640355 1.030305
v -1.383533 0.669655 1.059905
v -1.398033 0.620955 0.994805
v -1.363933 0.657055 0.987705
v -1.354133 0.679655 1.021805
v -1.350733 0.710855 1.050405
v -1.306633 0.729955 0.975805
v -1.295133 0.760655 1.010005
v -1.324233 0.717955 1.015305
v -1.335133 0.691855 0.981505
v -1.319033 0.751155 1.044905
v -1.289133 0.796555 1.040205
v -1.261933 0.811155 1.005704
v -1.252433 0.847955 1.039005
v -1.274733 0.777555 0.970205
v -1.242933 0.829955 0.963005
v -1.231632 0.867355 0.999705
v -1.222533 0.905855 1.033405
v -1.607333 0.055555 1.062505
v -1.581933 0.074455 1.061805
v -1.588033 0.067055 1.031705
v -1.615933 0.044955 1.030205
v -1.563633 0.098255 1.030105
v -1.557433 0.104155 1.056905
v -1.526433 0.138155 1.040004
v -1.535733 0.133355 1.018505
v -1.500433 0.162455 1.001505
v -1.490333 0.170255 1.019705
v -1.461533 0.202555 1.002205
v -1.468933 0.192655 0.986405
v -1.440433 0.223655 0.972105
v -1.434833 0.233555 0.987405
v -1.407033 0.263454 0.974905
v -1.413233 0.254755 0.958305
v -1.386633 0.286254 0.942505
v -1.378833 0.293955 0.961505
v -1.452033 0.216455 0.955605
v -1.424433 0.248255 0.942005
v -1.427833 0.233755 0.925705
v -1.459133 0.203955 0.937605
v -1.396233 0.264355 0.911805
v -1.397333 0.280055 0.925805
v -1.586433 0.478555 1.139005
v -1.583433 0.450555 1.112905
v -1.561933 0.471255 1.112405
v -1.562333 0.502355 1.143205
v -1.548933 0.493555 1.107605
v -1.548533 0.527655 1.136105
v -1.534333 0.512955 1.104905
v -1.532233 0.546955 1.134705
v -1.518433 0.531655 1.103605
v -1.514833 0.564455 1.134505
v -1.503833 0.553555 1.100705
v -1.501833 0.587055 1.127604
v -1.487933 0.574455 1.099705
v -1.486133 0.607355 1.125605
v -1.471933 0.592455 1.101605
v -1.469833 0.624655 1.128905
v -1.456633 0.612855 1.101405
v -1.453633 0.645555 1.128405
v -1.439933 0.638155 1.097305
v -1.437533 0.673555 1.120705
v -1.414433 0.667255 1.092905
v -1.411033 0.705055 1.117405
v -1.380133 0.703555 1.087005
v -1.379333 0.745455 1.109905
v -1.345333 0.745755 1.079005
v -1.343433 0.789355 1.104905
v -1.311933 0.788055 1.074505
v -1.313233 0.835755 1.097605
v -1.284533 0.837055 1.067204
v -1.286733 0.885954 1.088005
v -1.251333 0.891255 1.063605
v -1.258433 0.940755 1.078904
v -1.222033 0.947455 1.058505
v -1.231833 0.993955 1.073004
v -1.683133 0.498455 1.189105
v -1.655233 0.448755 1.181905
v -1.624833 0.489755 1.171105
v -1.648733 0.542655 1.177405
v -1.610333 0.447055 1.143905
v -1.638433 0.410954 1.151505
v -1.599533 0.525455 1.161905
v -1.619933 0.579955 1.164405
v -1.575833 0.553655 1.168305
v -1.597333 0.611955 1.166605
v -1.558133 0.578755 1.161305
v -1.575433 0.636255 1.163005
v -1.539833 0.598455 1.159405
v -1.554733 0.655955 1.163805
v -1.521133 0.615655 1.160905
v -1.535733 0.674055 1.168205
v -1.507233 0.635655 1.149904
v -1.518333 0.690455 1.159505
v -1.492433 0.654855 1.145905
v -1.504333 0.707855 1.152905
v -1.477333 0.673655 1.148305
v -1.490033 0.727455 1.151505
v -1.459833 0.695655 1.149204
v -1.472933 0.751655 1.152405
v -1.442332 0.724255 1.137105
v -1.452333 0.778955 1.138505
v -1.416033 0.758555 1.134505
v -1.428933 0.815055 1.131604
v -1.386733 0.801055 1.124604
v -1.401232 0.858355 1.121204
v -1.353333 0.847955 1.121705
v -1.372033 0.906955 1.114505
v -1.325732 0.896355 1.108905
v -1.343433 0.954955 1.101705
v -1.297533 0.945755 1.103605
v -1.317233 1.004255 1.098804
v -1.812933 0.495955 1.117905
v -1.796933 0.451155 1.172505
v -1.754633 0.502255 1.173405
v -1.769133 0.541655 1.115705
v -1.723633 0.450555 1.206005
v -1.765533 0.400155 1.203405
v -1.709033 0.547755 1.158805
v -1.721333 0.582655 1.105105
v -1.672433 0.592355 1.147705
v -1.682433 0.623255 1.095205
v -1.639633 0.627955 1.135504
v -1.647933 0.657355 1.087205
v -1.616433 0.660055 1.135905
v -1.623333 0.688455 1.088005
v -1.593633 0.684455 1.136405
v -1.601433 0.713555 1.090605
v -1.573033 0.705655 1.138305
v -1.582233 0.735955 1.091705
v -1.555333 0.726155 1.141304
v -1.564833 0.756055 1.091105
v -1.537733 0.743255 1.137605
v -1.547333 0.773055 1.088305
v -1.522333 0.758655 1.130905
v -1.530733 0.789555 1.084704
v -1.506133 0.776754 1.126904
v -1.514533 0.808955 1.082304
v -1.488533 0.800255 1.124404
v -1.495733 0.830455 1.078104
v -1.466133 0.825555 1.113805
v -1.474233 0.855355 1.071105
v -1.444033 0.860555 1.105005
v -1.454233 0.889655 1.063104
v -1.419132 0.904455 1.096004
v -1.431533 0.932255 1.052705
v -1.393233 0.953455 1.088305
v -1.407633 0.979855 1.043205
v -1.366233 1.001655 1.080004
v -1.384032 1.028455 1.038004
v -1.342733 1.050055 1.076804
v -1.362533 1.076755 1.036705
v -1.792833 0.105454 1.045505
v -1.773733 0.132055 1.030305
v -1.795333 0.137255 1.020105
v -1.809733 0.108255 1.035605
v -1.759033 0.157155 1.014805
v -1.783133 0.170754 1.003305
v -1.719033 0.203754 1.003505
v -1.735533 0.191955 0.996105
v -1.728733 0.222155 0.998205
v -1.753333 0.210955 0.986905
v -1.737333 0.242155 1.006005
v -1.744133 0.250555 1.024705
v -1.756133 0.242655 1.016805
v -1.757733 0.235754 0.998305
v -1.762833 0.238455 1.027805
v -1.769233 0.226355 1.011505
v -1.776333 0.220055 1.028905
v -1.770533 0.233055 1.042705
v -1.781833 0.208555 1.015805
v -1.771733 0.213155 0.998705
v -1.748133 0.177355 1.003305
v -1.764933 0.190555 0.993505
v -1.786133 0.192854 1.007105
v -1.774133 0.199455 0.995405
v -2.002433 0.048755 1.011105
v -1.992333 0.042355 1.026905
v -1.976833 0.059255 1.024705
v -1.985033 0.067055 1.005705
v -1.969633 0.049055 1.036705
v -1.984133 0.032655 1.036505
v -1.956833 0.066854 1.038105
v -1.964233 0.078055 1.024305
v -1.971433 0.087755 1.002604
v -1.952433 0.096255 1.026005
v -1.959433 0.108055 1.001705
v -1.944433 0.084255 1.040905
v -1.931933 0.101755 1.044605
v -1.940133 0.113855 1.029505
v -1.947433 0.128155 1.004105
v -1.928233 0.132055 1.036205
v -1.935533 0.148954 1.011905
v -1.920233 0.120155 1.050405
v -1.910233 0.138355 1.057605
v -1.919133 0.150255 1.045405
v -1.926433 0.169155 1.023305
v -1.911533 0.167254 1.053805
v -1.919233 0.186954 1.034105
v -1.901833 0.155055 1.064505
v -1.892333 0.171355 1.067705
v -1.901533 0.183054 1.057805
v -1.909433 0.202655 1.040405
v -1.926033 0.279755 0.978105
v -1.918533 0.235555 1.011305
v -1.910033 0.252655 1.016405
v -1.915233 0.295555 0.983605
v -1.899933 0.218255 1.044305
v -1.898033 0.231755 1.053405
v -1.911933 0.267755 1.025604
v -1.915433 0.310255 0.992505
v -1.876233 0.204555 1.072005
v -1.885433 0.213254 1.064805
v -1.891133 0.198854 1.059305
v -1.882433 0.188055 1.068805
v -1.827033 0.053755 1.064105
v -1.803333 0.077754 1.065805
v -1.814133 0.079055 1.053605
v -1.837533 0.054355 1.057405
v -1.828033 0.082355 1.049304
v -1.848833 0.057455 1.056405
v -1.804733 0.058455 1.081005
v -1.786833 0.070055 1.086205
v -1.794033 0.075254 1.077705
v -1.816033 0.055655 1.073605
v -1.758433 0.055355 1.081705
v -1.737133 0.060255 1.080705
v -1.742633 0.049755 1.057605
v -1.763333 0.047555 1.062505
v -1.722833 0.051155 1.050805
v -1.713833 0.064255 1.077605
v -1.689533 0.065055 1.072605
v -1.703633 0.049355 1.042005
v -1.663833 0.062155 1.067705
v -1.683333 0.041855 1.026805
v -1.636333 0.056555 1.064105
v -1.648433 0.039755 1.029205
v -1.784633 0.062055 1.090905
v -1.782033 0.054755 1.087605
v -1.809733 0.048755 1.082605
v -1.807433 0.039955 1.073805
v -1.860733 0.031155 1.057105
v -1.883233 0.007555 1.053105
v -1.869633 0.007955 1.053905
v -1.848633 0.032155 1.062105
v -1.870833 0.033955 1.056205
v -1.893533 0.010855 1.053405
v -1.831333 0.038255 1.072105
v -1.838533 0.024655 1.062805
v -1.776933 0.051655 1.080505
v -1.785233 0.045455 1.066905
v -1.767333 0.040955 1.043105
v -1.747633 0.041655 1.039205
v -1.749733 0.026655 1.033705
v -1.767933 0.025055 1.035105
v -1.735033 0.025055 1.029805
v -1.730733 0.040755 1.033305
v -1.813833 0.027655 1.051505
v -1.789933 0.037455 1.047505
v -1.789633 0.020355 1.035905
v -1.812833 0.011855 1.038905
v -1.840933 0.013355 1.050705
v -1.837933 -0.000645 1.044505
v -1.866933 -0.002045 1.048205
v -1.863833 -0.015245 1.050005
v -1.886733 -0.017245 1.048604
v -1.888633 -0.030045 1.057605
v -1.896633 -0.018845 1.049805
v -1.916633 -0.043745 1.064404
v -1.905933 -0.018545 1.050605
v -1.929333 -0.041145 1.058605
v -1.916133 -0.013945 1.052705
v -1.937933 -0.036345 1.055705
v -1.849433 -0.045645 1.086004
v -1.857233 -0.028745 1.067205
v -1.885133 -0.042945 1.073405
v -1.878033 -0.060645 1.086905
v -1.914933 -0.061045 1.076805
v -1.909333 -0.080345 1.081405
v -1.801033 -0.027145 1.073805
v -1.807433 -0.007945 1.054005
v -1.831233 -0.017145 1.060505
v -1.823933 -0.034845 1.080905
v -1.762533 -0.017945 1.061805
v -1.765933 0.004255 1.047204
v -1.785733 -0.000745 1.049705
v -1.780833 -0.021945 1.066905
v -1.734133 0.004355 1.040205
v -1.748833 0.005755 1.043605
v -1.745633 -0.014645 1.058605
v -1.730133 -0.013245 1.056405
v -1.948333 -0.018445 1.051005
v -1.944333 -0.027445 1.054105
v -1.924433 -0.006345 1.053105
v -1.930533 0.001455 1.050905
v -1.903033 0.016755 1.053205
v -1.910933 0.023255 1.050605
v -1.973933 0.019955 1.043905
v -1.959033 0.036355 1.043205
v -1.949333 0.025155 1.047505
v -1.964633 0.007755 1.049405
v -1.934233 0.043855 1.047605
v -1.945033 0.054255 1.044005
v -1.954033 -0.007145 1.049304
v -1.950433 -0.011545 1.049605
v -1.934633 0.007255 1.049304
v -1.938333 0.012355 1.049005
v -1.916533 0.028455 1.048705
v -1.921433 0.032955 1.049005
v -1.958333 -0.001045 1.050305
v -1.942833 0.017755 1.049105
v -1.926933 0.037455 1.049304
v -1.881633 0.038855 1.055605
v -1.860933 0.061255 1.056605
v -1.872733 0.065355 1.056005
v -1.891433 0.044155 1.053605
v -1.931433 0.071855 1.046504
v -1.919933 0.062155 1.049805
v -1.906533 0.080955 1.053205
v -1.918533 0.089955 1.050205
v -1.898933 0.048655 1.051405
v -1.882333 0.069155 1.054705
v -1.890333 0.072755 1.052505
v -1.905333 0.052755 1.050405
v -1.911733 0.056455 1.050705
v -1.897733 0.075955 1.052905
v -1.841833 0.085055 1.052805
v -1.825833 0.110455 1.043905
v -1.840533 0.111155 1.055705
v -1.855633 0.087855 1.057005
v -1.906833 0.109354 1.055305
v -1.894733 0.101055 1.058205
v -1.884333 0.120655 1.065005
v -1.896633 0.128155 1.062105
v -1.867133 0.090655 1.059505
v -1.853033 0.112154 1.063704
v -1.864933 0.115055 1.063004
v -1.877033 0.094055 1.057805
v -1.885433 0.096855 1.057805
v -1.874433 0.117155 1.064105
v -1.875033 0.137955 1.072205
v -1.888233 0.145055 1.069504
v -1.879433 0.161755 1.074605
v -1.865833 0.155155 1.077505
v -1.813633 0.137855 1.034705
v -1.805633 0.164054 1.028505
v -1.816833 0.156555 1.053905
v -1.827633 0.134455 1.054404
v -1.840633 0.133055 1.065805
v -1.830233 0.153755 1.067005
v -1.844133 0.153755 1.069205
v -1.854133 0.134655 1.066805
v -1.864433 0.135555 1.069504
v -1.854733 0.153355 1.073905
v -1.870033 0.179154 1.076705
v -1.862533 0.195555 1.078005
v -1.855833 0.173254 1.079605
v -1.847433 0.190255 1.077605
v -1.799233 0.185154 1.029605
v -1.791833 0.201555 1.036305
v -1.804433 0.196054 1.053205
v -1.809833 0.177555 1.052805
v -1.845033 0.172355 1.074005
v -1.837733 0.190655 1.071205
v -1.836333 0.174055 1.066005
v -1.829833 0.193355 1.062705
v -1.823933 0.174954 1.062005
v -1.818033 0.194254 1.058905
v -1.688833 0.402255 1.197705
v -1.667033 0.368655 1.166105
v -1.728133 0.356355 1.201905
v -1.700733 0.327855 1.174304
v -1.661033 0.319755 1.071405
v -1.661733 0.338055 1.073905
v -1.687733 0.315955 1.096605
v -1.687833 0.300755 1.084405
v -1.662833 0.353055 1.137005
v -1.634533 0.391055 1.123205
v -1.692133 0.315555 1.148504
v -1.666133 0.344455 1.117205
v -1.691133 0.311055 1.128805
v -1.637033 0.377254 1.097205
v -1.607933 0.410554 1.091405
v -1.605533 0.401155 1.072005
v -1.626233 0.380354 1.076205
v -1.662233 0.347855 1.094305
v -1.648033 0.359354 1.076205
v -1.692233 0.309454 1.114305
v -1.673233 0.334855 1.108205
v -1.607433 0.423355 1.116105
v -1.716533 0.036955 1.026705
v -1.723433 0.021055 1.027505
v -1.716733 0.016555 1.018605
v -1.706433 0.030955 1.016005
v -1.721433 0.001355 1.039105
v -1.714333 -0.001945 1.029805
v -1.715233 -0.014945 1.053905
v -1.707133 -0.018745 1.040905
v -1.712133 -0.031845 1.043905
v -1.725833 -0.030845 1.061505
v -1.713533 -0.027545 1.059105
v -1.725133 -0.040845 1.045305
v -1.758033 -0.038845 1.064505
v -1.740733 -0.034045 1.062304
v -1.756033 -0.057145 1.054905
v -1.739533 -0.049045 1.049405
v -1.795933 -0.050845 1.075605
v -1.776333 -0.044345 1.069305
v -1.774533 -0.065045 1.061305
v -1.794533 -0.073145 1.067805
v -1.817833 -0.058845 1.082005
v -1.816733 -0.082245 1.074205
v -1.842333 -0.069545 1.086505
v -1.840333 -0.092445 1.078804
v -1.870233 -0.083845 1.086805
v -1.865033 -0.103545 1.078905
v -1.901933 -0.102745 1.079605
v -1.894033 -0.119545 1.067905
v -1.850933 -0.103145 1.055205
v -1.866233 -0.110045 1.062205
v -1.888433 -0.121145 1.047705
v -1.878233 -0.116245 1.020305
v -1.825433 -0.086645 1.001405
v -1.807033 -0.082245 1.040905
v -1.830433 -0.092445 1.047904
v -1.850533 -0.099145 1.009705
v -1.781333 -0.062245 0.985305
v -1.765433 -0.064045 1.026405
v -1.785133 -0.073445 1.033705
v -1.801733 -0.075145 0.993205
v -1.748333 -0.053745 1.019405
v -1.733833 -0.042645 1.014105
v -1.764733 -0.047945 0.977605
v -1.751033 -0.033345 0.971605
v -1.738133 -0.020245 0.968405
v -1.728133 -0.007745 0.966105
v -1.715033 -0.017145 1.011105
v -1.721033 -0.030945 1.012405
v -1.718033 -0.001845 1.004705
v -1.716133 0.013355 0.996505
v -1.722133 0.004655 0.962405
v -1.715933 0.015955 0.958105
v -1.704233 0.025755 0.992805
v -1.707433 0.026855 0.955705
v -1.694533 0.039555 0.955405
v -1.685433 0.033155 0.992505
v -1.659133 0.038755 0.993605
v -1.674533 0.053755 0.957005
v -1.649033 0.068155 0.959505
v -1.630033 0.051555 0.996505
v -1.601933 0.072055 1.000405
v -1.621633 0.085255 0.964405
v -1.592933 0.105255 0.967105
v -1.575233 0.098755 1.001805
v -1.548033 0.130955 0.995005
v -1.563533 0.128954 0.963005
v -1.524833 0.141155 0.953205
v -1.513533 0.156555 0.981705
v -1.481533 0.185355 0.968805
v -1.488033 0.171755 0.950005
v -1.487033 0.065255 0.902905
v -1.505333 0.087655 0.914005
v -1.528833 0.038955 0.904405
v -1.507133 0.008655 0.898905
v -1.506733 0.037555 0.904805
v -1.547333 -0.013045 0.897005
v -1.467133 0.038755 0.897805
v -1.512933 0.121055 0.929505
v -1.480733 0.147254 0.933505
v -1.472933 0.122555 0.913405
v -1.448033 0.156354 0.899605
v -1.451333 0.179455 0.922805
v -1.420532 0.210855 0.910905
v -1.417732 0.189955 0.887505
v -1.380433 0.222255 0.879105
v -1.387532 0.242855 0.898205
v -1.354333 0.277854 0.882605
v -1.364333 0.297154 0.895105
v -1.343733 0.258355 0.867305
v -1.310133 0.295855 0.854905
v -1.324633 0.312654 0.867205
v -1.337933 0.329655 0.876805
v -1.304332 0.346555 0.852305
v -1.323033 0.359155 0.858105
v -1.295033 0.375854 0.828405
v -1.283533 0.334555 0.843805
v -1.269932 0.367155 0.818405
v -1.317033 0.385555 0.836805
v -1.352833 0.327955 0.943305
v -1.362233 0.320155 0.922305
v -1.342633 0.353654 0.900905
v -1.331533 0.363154 0.922305
v -1.371633 0.313255 0.905305
v -1.350833 0.344655 0.884005
v -1.337633 0.371855 0.865305
v -1.328833 0.382955 0.881505
v -1.330033 0.396854 0.847605
v -1.320733 0.408055 0.863505
v -1.321133 0.430755 0.934605
v -1.309533 0.413155 0.920505
v -1.291533 0.450755 0.891505
v -1.304833 0.468755 0.909905
v -1.315433 0.396255 0.900505
v -1.306033 0.421755 0.879605
v -1.317233 0.428455 0.846505
v -1.305633 0.434455 0.861505
v -1.308233 0.453455 0.832805
v -1.294633 0.454855 0.857205
v -1.309733 0.410954 0.816205
v -1.323533 0.421154 0.829805
v -1.312933 0.449755 0.810905
v -1.296633 0.439755 0.795505
v -1.467833 0.097754 0.893705
v -1.458433 0.080255 0.882805
v -1.441233 0.115255 0.863605
v -1.447633 0.134355 0.877805
v -1.386233 0.038855 0.905405
v -1.361933 0.061055 0.907305
v -1.399533 0.068455 0.903205
v -1.418833 0.036755 0.904105
v -1.369833 0.099055 0.891905
v -1.332833 0.090755 0.898905
v -1.405233 0.102455 0.879805
v -1.433333 0.071955 0.892105
v -1.444433 0.081954 0.883305
v -1.424733 0.107555 0.870105
v -1.421033 0.173055 0.860705
v -1.413133 0.153055 0.841205
v -1.369533 0.191355 0.845905
v -1.377933 0.206455 0.857905
v -1.393233 0.141555 0.857605
v -1.356233 0.184555 0.856905
v -1.372033 0.138355 0.871305
v -1.337233 0.180755 0.870905
v -1.338433 0.134355 0.886805
v -1.306533 0.174155 0.887605
v -1.303533 0.124255 0.893005
v -1.273633 0.160755 0.892305
v -1.335333 0.243355 0.852005
v -1.326133 0.232855 0.844605
v -1.296232 0.284055 0.843205
v -1.284333 0.276155 0.833705
v -1.314733 0.227555 0.851905
v -1.271133 0.270154 0.840705
v -1.298833 0.223955 0.868305
v -1.257533 0.266254 0.857205
v -1.272933 0.215555 0.886105
v -1.237033 0.257555 0.873205
v -1.243333 0.199055 0.890305
v -1.213233 0.240755 0.874605
v -1.379233 0.020855 0.893405
v -1.341833 0.042055 0.895205
v -1.332933 0.017055 0.880605
v -1.374433 -0.001045 0.876805
v -1.300933 0.049055 0.869705
v -1.312032 0.072655 0.886205
v -1.284233 0.106955 0.879305
v -1.274733 0.085355 0.859205
v -1.243033 0.120055 0.855505
v -1.253633 0.141954 0.878705
v -1.223333 0.178555 0.875905
v -1.209733 0.155955 0.853505
v -1.178833 0.199355 0.846105
v -1.194933 0.221055 0.863205
v -1.163733 0.270755 0.843805
v -1.180633 0.288054 0.851705
v -1.148333 0.251655 0.830905
v -1.118733 0.300955 0.815505
v -1.132833 0.317655 0.826305
v -1.149233 0.332254 0.831905
v -1.173233 0.180254 0.813805
v -1.141633 0.233555 0.805205
v -1.143533 0.222655 0.774205
v -1.175233 0.170455 0.777305
v -1.113633 0.271755 0.770405
v -1.112433 0.283755 0.795305
v -1.537433 -0.043945 0.885805
v -1.579633 -0.060745 0.875505
v -1.605533 -0.109645 0.872505
v -1.568533 -0.090745 0.876805
v -1.534133 -0.071045 0.874005
v -1.564233 -0.065545 0.881705
v -1.503233 -0.022245 0.881005
v -1.497633 -0.052445 0.866405
v -1.453833 -0.034945 0.855005
v -1.464033 -0.003245 0.877205
v -1.421133 0.008555 0.884305
v -1.414232 -0.013545 0.866205
v -1.405333 -0.023445 0.855805
v -1.374733 -0.015045 0.860105
v -1.417533 -0.036645 0.848205
v -1.381333 -0.028445 0.848505
v -1.334933 -0.000045 0.860405
v -1.339533 -0.012845 0.847905
v -1.300233 0.010055 0.833405
v -1.298533 0.027555 0.849205
v -1.270333 0.061655 0.833305
v -1.271233 0.039555 0.807905
v -1.238433 0.076555 0.779705
v -1.240233 0.097655 0.821605
v -1.206733 0.135855 0.817305
v -1.205133 0.124355 0.779305
v -1.599433 -0.138545 0.893405
v -1.564833 -0.114145 0.886605
v -1.556633 -0.135245 0.898505
v -1.590733 -0.159345 0.908505
v -1.522033 -0.115645 0.889305
v -1.528533 -0.094845 0.881505
v -1.492233 -0.078245 0.871705
v -1.487533 -0.099045 0.879105
v -1.452933 -0.085945 0.869205
v -1.456333 -0.065945 0.858305
v -1.482133 -0.114445 0.881205
v -1.515133 -0.132045 0.891405
v -1.506633 -0.146945 0.889605
v -1.475133 -0.127945 0.881105
v -1.448333 -0.099245 0.876105
v -1.442133 -0.112445 0.877305
v -1.419832 -0.057045 0.855205
v -1.417533 -0.073745 0.868705
v -1.379132 -0.059145 0.870505
v -1.381533 -0.045445 0.855905
v -1.413833 -0.085945 0.877605
v -1.375033 -0.071645 0.879105
v -1.408033 -0.099545 0.878005
v -1.369733 -0.086445 0.877405
v -1.338133 -0.027745 0.851505
v -1.333733 -0.040545 0.865305
v -1.286233 -0.022045 0.847505
v -1.294733 -0.007745 0.835305
v -1.276133 -0.051645 0.853005
v -1.280133 -0.035545 0.853905
v -1.328733 -0.053745 0.873205
v -1.324433 -0.069745 0.870505
v -1.259933 0.012755 0.802205
v -1.244133 -0.006245 0.813205
v -1.201533 0.013755 0.776805
v -1.224333 0.037455 0.770705
v -1.177333 -0.013845 0.789805
v -1.187233 -0.001245 0.784405
v -1.234333 -0.019945 0.821205
v -1.227833 -0.034245 0.824505
v -1.914033 -0.495945 0.805205
v -1.903533 -0.532545 0.798605
v -1.890133 -0.527345 0.810505
v -1.903933 -0.493445 0.818405
v -1.868633 -0.565045 0.797005
v -1.881933 -0.571445 0.785405
v -1.850733 -0.548845 0.814605
v -1.871533 -0.513545 0.827205
v -1.886233 -0.482845 0.835305
v -1.883333 -0.433645 0.828405
v -1.888233 -0.423045 0.835005
v -1.905633 -0.432945 0.821705
v -1.901233 -0.443845 0.816805
v -1.907033 -0.416945 0.823205
v -1.890333 -0.407745 0.835705
v -1.916833 -0.419045 0.809205
v -1.915833 -0.435145 0.808205
v -1.910933 -0.446145 0.805105
v -1.882833 -0.450245 0.827705
v -1.881133 -0.441645 0.825405
v -1.899833 -0.451245 0.814505
v -1.901633 -0.459345 0.815605
v -1.908433 -0.453245 0.803605
v -1.910033 -0.461345 0.804105
v -1.913733 -0.473645 0.805805
v -1.905233 -0.471845 0.818205
v -1.887133 -0.462145 0.832705
v -1.860033 -0.402545 0.849505
v -1.864533 -0.388745 0.847905
v -1.853033 -0.413245 0.844105
v -1.818433 -0.386445 0.863905
v -1.826533 -0.375545 0.865905
v -1.834133 -0.362345 0.862305
v -1.811333 -0.402845 0.865705
v -1.813333 -0.394545 0.862805
v -1.848433 -0.421745 0.840805
v -1.848133 -0.431045 0.844205
v -1.851533 -0.441745 0.851305
v -1.852133 -0.459645 0.859205
v -1.811033 -0.427645 0.881405
v -1.811833 -0.412845 0.872405
v -1.792433 -0.344545 0.881805
v -1.800333 -0.332045 0.876805
v -1.784433 -0.355345 0.879205
v -1.754333 -0.324945 0.892805
v -1.760033 -0.313545 0.894605
v -1.766533 -0.301945 0.888005
v -1.631933 -0.171645 0.904005
v -1.623933 -0.191645 0.914205
v -1.639733 -0.156845 0.881605
v -1.664033 -0.197245 0.892305
v -1.659433 -0.207645 0.910305
v -1.654033 -0.224245 0.917105
v -1.732033 -0.286445 0.902705
v -1.737333 -0.275745 0.894105
v -1.729633 -0.299145 0.902905
v -1.705433 -0.278045 0.909605
v -1.706733 -0.261745 0.906905
v -1.710933 -0.251945 0.895705
v -1.748433 -0.338945 0.894005
v -1.752033 -0.334245 0.891305
v -1.779533 -0.363645 0.878205
v -1.777333 -0.371245 0.881705
v -1.732733 -0.311945 0.900005
v -1.725033 -0.309245 0.902105
v -1.776533 -0.379445 0.887905
v -1.773133 -0.390945 0.894205
v -1.739933 -0.353045 0.900305
v -1.745633 -0.345145 0.898305
v -1.720033 -0.312845 0.903005
v -1.713333 -0.317345 0.902105
v -1.696533 -0.293945 0.904105
v -1.697833 -0.284745 0.907605
v -1.682833 -0.237145 0.909405
v -1.679433 -0.250145 0.916805
v -1.686433 -0.228145 0.895405
v -1.839233 -0.486945 0.854505
v -1.821033 -0.519545 0.842105
v -1.780333 -0.475645 0.869205
v -1.799533 -0.449745 0.879205
v -1.762633 -0.406845 0.892705
v -1.749233 -0.417745 0.882705
v -1.719533 -0.367145 0.886105
v -1.730233 -0.360945 0.896405
v -1.735333 -0.417145 0.866805
v -1.710533 -0.370145 0.869805
v -1.746033 -0.461345 0.865905
v -1.728933 -0.449845 0.854405
v -1.721733 -0.418145 0.848505
v -1.698333 -0.377845 0.851905
v -1.653333 -0.264645 0.896505
v -1.649933 -0.240245 0.908705
v -1.675133 -0.263345 0.910505
v -1.680433 -0.282345 0.902005
v -1.701233 -0.316845 0.897405
v -1.688933 -0.315345 0.887905
v -1.581533 -0.179045 0.911605
v -1.547733 -0.153045 0.904205
v -1.536633 -0.170445 0.901105
v -1.573433 -0.203145 0.907505
v -1.627033 -0.287045 0.879005
v -1.642933 -0.276445 0.886805
v -1.678033 -0.319745 0.875605
v -1.663333 -0.332945 0.864205
v -1.617333 -0.210245 0.910005
v -1.613933 -0.227745 0.903505
v -1.616233 -0.245445 0.896405
v -1.597233 -0.246145 0.894105
v -1.789133 0.530655 0.993905
v -1.806933 0.523655 1.053605
v -1.763633 0.561355 1.052505
v -1.748033 0.562055 0.997105
v -1.717233 0.597355 1.048604
v -1.704933 0.594655 0.999905
v -1.679233 0.634055 1.044505
v -1.670633 0.631055 1.002005
v -1.647333 0.668255 1.042405
v -1.641333 0.665455 1.004105
v -1.593633 0.720755 1.008205
v -1.616333 0.695755 1.006405
v -1.622633 0.698755 1.044105
v -1.600933 0.724055 1.046605
v -1.581833 0.745955 1.046805
v -1.574133 0.741655 1.008105
v -1.564133 0.765355 1.045505
v -1.556633 0.760155 1.006705
v -1.546833 0.782655 1.043205
v -1.539633 0.777755 1.004605
v -1.529933 0.800055 1.040405
v -1.522033 0.795055 1.002004
v -1.513233 0.819555 1.037304
v -1.503933 0.814155 0.998704
v -1.494233 0.840755 1.032804
v -1.484933 0.835555 0.993504
v -1.474933 0.866755 1.025805
v -1.465333 0.860455 0.985105
v -1.454433 0.898255 1.015305
v -1.442633 0.888155 0.972804
v -1.430933 0.936455 1.000705
v -1.418133 0.920655 0.955005
v -1.406132 0.980055 0.988404
v -1.389933 0.960955 0.928704
v -1.353433 1.070755 0.937705
v -1.369733 1.018155 0.933104
v -1.384533 1.028955 0.984405
v -1.366132 1.079655 0.986605
v -1.376533 0.973355 0.880405
v -1.362433 1.018255 0.888905
v -1.352633 1.018854 0.849904
v -1.364333 0.976855 0.842905
v -1.346933 1.068755 0.895505
v -1.337332 1.066355 0.857504
v -1.701033 0.575055 0.942405
v -1.735933 0.541055 0.935305
v -1.738033 0.550755 0.961505
v -1.696733 0.582055 0.969005
v -1.777733 0.523655 0.953305
v -1.770433 0.513755 0.925905
v -1.637133 0.648055 0.949005
v -1.667733 0.611855 0.946605
v -1.662533 0.618455 0.973705
v -1.632933 0.653955 0.977005
v -1.588833 0.708655 0.950405
v -1.611133 0.681055 0.950405
v -1.607633 0.685655 0.979305
v -1.584433 0.711355 0.980405
v -1.554533 0.747355 0.946505
v -1.570833 0.729855 0.948705
v -1.565933 0.732455 0.979505
v -1.549733 0.751055 0.977705
v -1.518933 0.780255 0.943005
v -1.537333 0.763755 0.945005
v -1.533033 0.768455 0.975805
v -1.515233 0.785755 0.973505
v -1.480933 0.818655 0.934205
v -1.499733 0.798555 0.939905
v -1.496133 0.804455 0.970304
v -1.476633 0.825155 0.964704
v -1.455833 0.847055 0.955705
v -1.463533 0.840155 0.924704
v -1.433133 0.870055 0.942704
v -1.447033 0.862855 0.911004
v -1.394033 0.921355 0.899005
v -1.407133 0.899755 0.870004
v -1.427733 0.883955 0.892904
v -1.411533 0.896555 0.924704
v -1.379433 0.934655 0.866805
v -1.388133 0.907855 0.841804
v -1.362533 0.937255 0.835504
v -1.367933 0.908655 0.813605
v -1.738233 0.538555 0.912005
v -1.767433 0.515055 0.905805
v -1.707233 0.569655 0.915405
v -1.716233 0.566055 0.888905
v -1.744033 0.537255 0.891705
v -1.763333 0.520855 0.893305
v -1.676333 0.606155 0.916105
v -1.647333 0.643655 0.915205
v -1.661733 0.641255 0.879805
v -1.687833 0.602355 0.884505
v -1.621533 0.677355 0.913705
v -1.598833 0.705055 0.911305
v -1.615633 0.704555 0.869705
v -1.637533 0.676155 0.875005
v -1.580533 0.725255 0.908105
v -1.563833 0.741155 0.905405
v -1.582533 0.742155 0.863005
v -1.598733 0.725755 0.865505
v -1.750333 0.572255 0.847405
v -1.775433 0.540455 0.861105
v -1.756933 0.536455 0.873305
v -1.730633 0.565955 0.864105
v -1.778933 0.514955 0.883805
v -1.797733 0.514455 0.874005
v -1.727433 0.611755 0.835905
v -1.705533 0.603855 0.855505
v -1.682833 0.644855 0.848705
v -1.706533 0.653955 0.827705
v -1.685433 0.692555 0.818905
v -1.660833 0.681655 0.841505
v -1.639233 0.710855 0.833605
v -1.663633 0.722255 0.807505
v -1.903633 0.502555 0.842505
v -1.908733 0.503555 0.834605
v -1.932433 0.470955 0.846505
v -1.925933 0.469755 0.855105
v -1.914633 0.468055 0.862305
v -1.894333 0.500855 0.850505
v -1.880733 0.535355 0.831705
v -1.873033 0.533255 0.841905
v -1.885033 0.536255 0.822705
v -1.856533 0.576555 0.822605
v -1.861633 0.577855 0.811405
v -1.848233 0.572755 0.834505
v -1.824033 0.618055 0.827905
v -1.834633 0.624655 0.815505
v -1.841033 0.626855 0.801705
v -1.816433 0.677055 0.808505
v -1.823233 0.680455 0.793805
v -1.804433 0.667355 0.821205
v -1.785433 0.716155 0.812305
v -1.799533 0.728755 0.802005
v -1.808733 0.733955 0.787405
v -1.777333 0.772355 0.790405
v -1.787633 0.777955 0.777505
v -1.763333 0.759655 0.799505
v -1.738633 0.793055 0.781205
v -1.750733 0.804355 0.773504
v -1.759333 0.809355 0.763205
v -1.722433 0.825755 0.756304
v -1.729233 0.829955 0.747405
v -1.712533 0.815155 0.764005
v -1.685933 0.831155 0.749404
v -1.694333 0.840855 0.740604
v -1.700033 0.844255 0.732004
v -1.667733 0.852255 0.726505
v -1.673033 0.854555 0.717604
v -1.659733 0.843855 0.736705
v -1.634533 0.855155 0.725504
v -1.642733 0.862855 0.714204
v -1.648533 0.864855 0.704604
v -1.626133 0.876555 0.692805
v -1.619633 0.874055 0.702905
v -1.598133 0.886355 0.692005
v -1.605233 0.889355 0.681704
v -1.610933 0.865955 0.714704
v -1.589033 0.877355 0.703505
v -1.577733 0.900255 0.680904
v -1.584833 0.903455 0.671104
v -1.568633 0.891355 0.692005
v -1.546833 0.907255 0.681004
v -1.556033 0.915655 0.669604
v -1.563233 0.918855 0.659805
v -1.508433 0.946855 0.630904
v -1.537633 0.934455 0.646404
v -1.530033 0.931155 0.657104
v -1.500833 0.943055 0.642204
v -1.520633 0.922855 0.669205
v -1.492033 0.934155 0.654204
v -1.470333 0.949555 0.625305
v -1.476833 0.953655 0.614004
v -1.463333 0.940455 0.637304
v -1.433833 0.945255 0.619605
v -1.439133 0.954255 0.607405
v -1.444433 0.957055 0.596305
v -1.835633 0.523255 0.861205
v -1.810933 0.555855 0.851105
v -1.830933 0.564955 0.843905
v -1.856233 0.528755 0.852305
v -1.786233 0.593955 0.840505
v -1.806033 0.606555 0.835405
v -1.768733 0.583155 0.844705
v -1.747333 0.624755 0.834605
v -1.765333 0.637955 0.832305
v -1.726833 0.668155 0.825905
v -1.745333 0.683055 0.824205
v -1.766233 0.700055 0.819805
v -1.785633 0.653155 0.828305
v -1.705233 0.707655 0.813705
v -1.723533 0.724855 0.813305
v -1.683533 0.738555 0.798705
v -1.701233 0.757355 0.796905
v -1.721033 0.776355 0.789705
v -1.744433 0.743155 0.807805
v -1.655933 0.793255 0.772304
v -1.672133 0.813755 0.760904
v -1.696933 0.798055 0.773504
v -1.678933 0.778455 0.783105
v -1.646833 0.826855 0.750104
v -1.622033 0.837455 0.739505
v -1.632133 0.805255 0.762304
v -1.608533 0.815155 0.751904
v -1.564333 0.834255 0.728604
v -1.576833 0.858155 0.717004
v -1.598733 0.847055 0.728105
v -1.585933 0.824055 0.740504
v -1.522333 0.864255 0.703804
v -1.534633 0.889455 0.695304
v -1.556333 0.872955 0.706104
v -1.543733 0.847955 0.716204
v -1.472233 0.895655 0.678405
v -1.481633 0.917555 0.667904
v -1.509033 0.905855 0.683304
v -1.497833 0.881655 0.691704
v -1.835333 0.493455 0.877705
v -1.852433 0.469755 0.885905
v -1.832933 0.471355 0.905405
v -1.816633 0.518455 0.868505
v -1.813433 0.493455 0.886205
v -1.856433 0.495755 0.868905
v -1.874933 0.467455 0.877305
v -1.877333 0.498455 0.859605
v -1.896533 0.466955 0.869405
v -1.793233 0.548155 0.857105
v -1.749933 0.250755 1.041404
v -1.758533 0.247855 1.056705
v -1.732233 0.262655 1.051405
v -1.738133 0.260455 1.071205
v -1.712533 0.274955 1.055804
v -1.712133 0.276054 1.073405
v -1.799133 0.211955 1.057105
v -1.785533 0.214055 1.045405
v -1.778833 0.226755 1.055905
v -1.789833 0.223655 1.066005
v -1.713533 0.283355 1.103105
v -1.732033 0.259254 1.103805
v -1.733433 0.262955 1.089705
v -1.713233 0.280755 1.088605
v -1.757533 0.234755 1.092905
v -1.773633 0.228755 1.079605
v -1.766033 0.238755 1.069504
v -1.751333 0.245655 1.082505
v -1.743533 0.249754 1.091805
v -1.745333 0.243555 1.101605
v -1.811333 0.211154 1.061905
v -1.799333 0.220455 1.073004
v -1.808033 0.216255 1.079805
v -1.821633 0.209054 1.067505
v -1.713033 0.281754 1.117105
v -1.732833 0.256955 1.116305
v -1.714633 0.280955 1.132004
v -1.736533 0.256555 1.128905
v -1.771733 0.226855 1.111605
v -1.790133 0.219355 1.095705
v -1.781933 0.223655 1.087505
v -1.764233 0.229255 1.102205
v -1.749133 0.240455 1.111505
v -1.755033 0.239355 1.122305
v -1.719333 0.283655 1.149705
v -1.733733 0.294354 1.170005
v -1.743833 0.258554 1.143905
v -1.761633 0.267855 1.159505
v -1.831933 0.210355 1.099605
v -1.840633 0.202655 1.085105
v -1.829633 0.204755 1.076605
v -1.817133 0.212554 1.089205
v -1.800233 0.217555 1.106105
v -1.781933 0.227254 1.122605
v -1.800033 0.231955 1.135105
v -1.817633 0.218955 1.117905
v -1.764233 0.240654 1.134705
v -1.782533 0.247855 1.148205
v -1.862033 0.207155 1.090705
v -1.881133 0.216754 1.085105
v -1.860933 0.217155 1.109105
v -1.894433 0.239855 1.096205
v -1.902433 0.238854 1.069805
v -1.889033 0.221455 1.076205
v -1.765833 0.319855 1.185805
v -1.796033 0.288955 1.173505
v -1.801633 0.357255 1.183505
v -1.835533 0.323655 1.172005
v -1.865533 0.284554 1.131205
v -1.885733 0.263155 1.119704
v -1.851233 0.231055 1.129105
v -1.834433 0.249054 1.145805
v -1.817233 0.266855 1.159605
v -1.853533 0.301555 1.151405
v -1.920333 0.276355 1.042905
v -1.923333 0.289054 1.068105
v -1.931133 0.335255 1.029505
v -1.925033 0.319355 1.010005
v -1.880933 0.419455 1.097305
v -1.867333 0.370655 1.144905
v -1.832833 0.405055 1.157905
v -1.849333 0.452755 1.109605
v -1.912433 0.308955 1.090305
v -1.923233 0.355555 1.048305
v -1.888033 0.327455 1.100805
v -1.902233 0.372955 1.061105
v -1.881033 0.345855 1.122605
v -1.892833 0.392755 1.078705
v -1.917633 0.328355 0.941205
v -1.910533 0.340255 0.955105
v -1.902733 0.385455 0.937005
v -1.906533 0.390655 0.913205
v -1.912833 0.347555 0.968805
v -1.910533 0.381754 0.959705
v -1.851733 0.483955 0.985405
v -1.873833 0.461955 1.041305
v -1.845733 0.491455 1.049605
v -1.825633 0.507055 0.989605
v -1.920433 0.347054 0.986805
v -1.923733 0.367054 0.991905
v -1.883633 0.425955 0.931805
v -1.872033 0.431855 0.908505
v -1.902133 0.416455 0.962105
v -1.886433 0.444455 0.971305
v -1.863133 0.455855 0.936905
v -1.893433 0.432755 0.890505
v -1.870733 0.443355 0.893705
v -1.809833 0.501255 0.946105
v -1.835033 0.483355 0.943605
v -1.798933 0.493055 0.916305
v -1.870333 0.463755 0.981305
v -1.853533 0.470755 0.949205
v -1.791133 0.499655 0.896405
v -1.889233 0.436455 1.029005
v -1.903133 0.415255 1.016005
v -1.918933 0.392855 1.003505
v -1.915533 0.426855 0.883705
v -1.927533 0.375154 0.900005
v -1.934433 0.425055 0.875405
v -1.949333 0.365455 0.885505
v -1.946233 0.426955 0.867305
v -1.953633 0.428955 0.856905
v -1.966933 0.383655 0.862405
v -1.960333 0.380754 0.872405
v -2.020233 0.053854 0.987605
v -2.001533 0.075655 0.980305
v -2.021933 0.086555 0.960605
v -2.039732 0.060355 0.966505
v -1.987333 0.099854 0.975005
v -2.008533 0.113455 0.954505
v -1.976233 0.124255 0.970705
v -1.999833 0.140655 0.947205
v -1.964733 0.149755 0.970105
v -1.994433 0.175654 0.939205
v -1.939833 0.201654 0.990105
v -1.951933 0.176955 0.977805
v -1.975433 0.209455 0.947805
v -1.960733 0.250854 0.952605
v -1.929533 0.220055 1.002505
v -1.940733 0.265855 0.968505
v -1.932433 0.316454 0.927005
v -1.948833 0.306555 0.913305
v -2.021033 0.227654 0.913005
v -2.008933 0.207954 0.923905
v -1.992333 0.238154 0.924505
v -2.007833 0.262555 0.913005
v -1.974133 0.272355 0.917405
v -1.989433 0.299555 0.902105
v -1.962433 0.302955 0.903805
v -1.970633 0.330554 0.889605
v -2.020633 0.328255 0.889905
v -2.005533 0.318954 0.898105
v -1.982233 0.348155 0.882905
v -1.992133 0.354855 0.875405
v -2.021033 0.277455 0.904805
v -2.031533 0.282955 0.894105
v -2.037833 0.240555 0.896505
v -2.031533 0.237955 0.904005
v -1.813133 -0.620545 0.801405
v -1.830333 -0.587045 0.805405
v -1.850233 -0.605145 0.788705
v -1.836033 -0.640645 0.787305
v -1.866733 -0.613745 0.775805
v -1.854933 -0.650545 0.768105
v -1.755433 -0.565845 0.828305
v -1.770133 -0.530045 0.851005
v -1.802533 -0.559745 0.829605
v -1.785933 -0.595845 0.817005
v -1.738833 -0.502145 0.855405
v -1.728433 -0.529145 0.828905
v -1.711033 -0.488345 0.822505
v -1.719133 -0.470445 0.845605
v -1.705133 -0.434445 0.834405
v -1.692233 -0.450545 0.817405
v -1.661633 -0.416845 0.823705
v -1.679833 -0.397445 0.838505
v -1.643833 -0.354445 0.852705
v -1.623533 -0.377245 0.841205
v -1.584433 -0.333745 0.861405
v -1.606433 -0.308145 0.869105
v -1.575133 -0.263945 0.887105
v -1.553333 -0.287045 0.873605
v -1.530033 -0.241945 0.876005
v -1.547033 -0.223345 0.896905
v -1.522233 -0.189145 0.890105
v -1.509033 -0.205745 0.872505
v -1.484133 -0.180145 0.870605
v -1.495433 -0.163845 0.882905
v -1.456033 -0.162845 0.871505
v -1.465733 -0.145145 0.879605
v -1.434133 -0.130445 0.877905
v -1.425933 -0.149445 0.871505
v -1.400633 -0.117945 0.877305
v -1.362933 -0.105045 0.874805
v -1.393233 -0.137345 0.870005
v -1.356133 -0.125045 0.866105
v -1.318833 -0.089345 0.867005
v -1.313133 -0.110245 0.858705
v -1.270533 -0.071245 0.851405
v -1.264233 -0.093445 0.845805
v -1.220133 -0.051445 0.825905
v -1.167333 -0.027245 0.792605
v -1.210733 -0.072545 0.824205
v -1.157033 -0.042645 0.792905
v -1.647633 -0.425545 0.799105
v -1.607933 -0.389245 0.817105
v -1.605433 -0.383545 0.781705
v -1.644133 -0.419645 0.765105
v -1.571033 -0.343345 0.801305
v -1.572033 -0.344845 0.835805
v -1.544833 -0.297545 0.845605
v -1.543033 -0.301245 0.812005
v -1.518633 -0.261545 0.816605
v -1.522333 -0.253745 0.849405
v -1.500433 -0.218245 0.849505
v -1.495233 -0.227445 0.818205
v -1.470433 -0.200845 0.818705
v -1.475933 -0.192145 0.849405
v -1.449933 -0.173545 0.849705
v -1.445333 -0.181545 0.819005
v -1.421433 -0.159845 0.849105
v -1.418533 -0.167445 0.817705
v -1.389632 -0.149245 0.846305
v -1.354133 -0.137945 0.840605
v -1.388932 -0.157345 0.813305
v -1.356933 -0.144545 0.805805
v -1.313233 -0.124745 0.832205
v -1.266633 -0.108745 0.818205
v -1.321433 -0.126845 0.795805
v -1.280733 -0.104245 0.781705
v -1.213732 -0.088645 0.796505
v -1.156933 -0.060145 0.771405
v -1.231533 -0.079445 0.761405
v -1.173733 -0.052745 0.739005
v -1.200433 0.301955 0.850205
v -1.167433 0.343755 0.830505
v -1.184333 0.350854 0.821705
v -1.218133 0.309454 0.837705
v -1.090633 0.322754 0.786305
v -1.095633 0.337955 0.803005
v -1.092033 0.311655 0.767005
v -1.080533 0.334255 0.764805
v -1.076432 0.350055 0.776505
v -1.081733 0.365155 0.790905
v -1.111733 0.378455 0.810005
v -1.125133 0.363255 0.818405
v -1.108833 0.351655 0.814005
v -1.095533 0.376055 0.802605
v -1.246233 0.323355 0.824805
v -1.231033 0.314855 0.825105
v -1.197833 0.356655 0.813105
v -1.213433 0.367255 0.803005
v -1.132733 0.399055 0.792305
v -1.157533 0.383355 0.809405
v -1.140833 0.374155 0.816905
v -1.118133 0.391055 0.803705
v -1.092133 0.391254 0.759505
v -1.109033 0.401555 0.775505
v -1.095933 0.394855 0.790905
v -1.077033 0.386455 0.776805
v -1.071433 0.366654 0.761405
v -1.082432 0.341754 0.751805
v -1.087833 0.368355 0.747005
v -1.093533 0.344954 0.742605
v -1.201133 0.129455 0.744705
v -1.180633 0.174455 0.743405
v -1.211933 0.090755 0.742505
v -1.195533 0.101855 0.714105
v -1.204533 0.139055 0.714805
v -1.191632 0.183155 0.714005
v -1.186833 0.062155 0.744005
v -1.158633 0.080155 0.714805
v -1.154933 0.043255 0.748505
v -1.116233 0.071455 0.721905
v -1.134433 0.029255 0.754305
v -1.088133 0.064455 0.732205
v -1.120332 0.016155 0.757205
v -1.068633 0.053255 0.737805
v -1.108933 0.004455 0.757505
v -1.053133 0.038355 0.737405
v -1.100233 -0.005245 0.756905
v -1.041633 0.023055 0.734605
v -1.107033 -0.023745 0.718705
v -1.094733 -0.023145 0.745305
v -1.048933 0.000255 0.700705
v -1.037433 0.005255 0.722405
v -1.003033 0.025355 0.701705
v -1.001633 0.044755 0.718105
v -1.018433 0.017255 0.684305
v -1.012833 0.032355 0.666605
v -0.994433 0.046755 0.681805
v -0.988332 0.058255 0.700105
v -1.015033 0.066255 0.721905
v -1.034833 0.084855 0.719005
v -0.999033 0.077155 0.693905
v -1.020632 0.093355 0.686705
v -1.004832 0.065555 0.670305
v -1.023733 0.078055 0.663005
v -1.020833 0.049355 0.655305
v -1.030933 0.062455 0.651805
v -1.059333 0.094555 0.710705
v -1.046533 0.101555 0.679705
v -1.084333 0.097455 0.673905
v -1.093533 0.095255 0.699405
v -1.034733 0.011955 0.671705
v -1.037233 0.019655 0.656405
v -1.064533 -0.002245 0.677105
v -1.075433 0.002155 0.651405
v -1.047533 0.083055 0.656205
v -1.084033 0.082455 0.650605
v -1.050433 0.059055 0.644405
v -1.086333 0.054554 0.637005
v -1.044733 0.037055 0.644905
v -1.083233 0.025155 0.636505
v -1.508233 0.536555 0.881005
v -1.495433 0.519755 0.849505
v -1.472333 0.556855 0.848805
v -1.484933 0.574955 0.877205
v -1.423633 0.619355 0.954705
v -1.444533 0.617155 0.913705
v -1.412233 0.645455 0.909505
v -1.389533 0.650455 0.948305
v -1.361433 0.698454 0.901205
v -1.336433 0.712655 0.938205
v -1.363133 0.679955 0.943105
v -1.387633 0.670655 0.905605
v -1.438933 0.505455 0.839905
v -1.476233 0.508555 0.827105
v -1.454433 0.546255 0.831305
v -1.420333 0.541755 0.843805
v -1.450033 0.604855 0.877905
v -1.442233 0.588855 0.853705
v -1.413633 0.618855 0.855705
v -1.418933 0.632855 0.877505
v -1.394433 0.657155 0.874805
v -1.389533 0.644655 0.852905
v -1.363133 0.671655 0.847505
v -1.369733 0.684955 0.869605
v -1.396833 0.573855 0.853705
v -1.427033 0.578555 0.842005
v -1.398533 0.607655 0.850405
v -1.370233 0.603355 0.857805
v -1.386033 0.517455 0.878205
v -1.366132 0.552655 0.875105
v -1.321933 0.518955 0.893805
v -1.302333 0.555455 0.882005
v -1.372333 0.633755 0.850505
v -1.346333 0.661255 0.841005
v -1.344433 0.630855 0.858205
v -1.319333 0.658155 0.845705
v -1.270333 0.495755 0.872805
v -1.285933 0.508855 0.889405
v -1.266633 0.546355 0.873005
v -1.248933 0.533555 0.857505
v -1.343233 0.581155 0.872405
v -1.320433 0.607755 0.866505
v -1.284033 0.584155 0.871205
v -1.267933 0.609755 0.861005
v -1.299633 0.634455 0.859205
v -1.281132 0.661555 0.845905
v -1.253933 0.635655 0.850805
v -1.242933 0.662555 0.836705
v -1.290033 0.488455 0.816605
v -1.275833 0.488555 0.844305
v -1.251033 0.524455 0.830305
v -1.261733 0.523255 0.803505
v -1.249433 0.576155 0.860105
v -1.234733 0.602555 0.849705
v -1.229833 0.564355 0.846205
v -1.212633 0.592155 0.837205
v -1.201733 0.622155 0.826705
v -1.223433 0.629755 0.839005
v -1.216933 0.657855 0.824105
v -1.198933 0.652755 0.810705
v -1.291233 0.485755 0.791205
v -1.253733 0.518155 0.783805
v -1.270433 0.475355 0.775705
v -1.232433 0.509455 0.767405
v -1.225733 0.554355 0.822905
v -1.231433 0.552655 0.799105
v -1.206833 0.582955 0.795805
v -1.204033 0.583855 0.817605
v -1.192332 0.617255 0.809105
v -1.190733 0.650855 0.793905
v -1.189833 0.615655 0.789605
v -1.180732 0.650655 0.776605
v -1.218533 0.546955 0.783005
v -1.191533 0.578455 0.779505
v -1.196733 0.539455 0.765205
v -1.167032 0.570355 0.761305
v -1.172133 0.612355 0.773305
v -1.156333 0.649955 0.764405
v -1.144833 0.604555 0.754505
v -1.125133 0.644655 0.745505
v -1.946133 -0.084045 1.072505
v -1.943933 -0.104545 1.070005
v -1.947633 -0.067945 1.070904
v -1.969433 -0.085145 1.069005
v -1.971733 -0.103145 1.065505
v -1.979033 -0.131945 1.052905
v -1.970333 -0.073245 1.069805
v -1.952033 -0.059445 1.065405
v -1.957333 -0.053345 1.060205
v -1.972633 -0.064145 1.068005
v -1.979633 -0.080245 1.078905
v -1.980333 -0.094245 1.076705
v -1.980733 -0.068745 1.078104
v -1.990233 -0.072345 1.084005
v -1.989533 -0.084045 1.085005
v -1.990633 -0.098845 1.083505
v -1.961233 -0.043545 1.056504
v -1.962933 -0.033245 1.052205
v -1.976833 -0.041345 1.054105
v -1.974733 -0.053645 1.063004
v -1.961433 -0.024645 1.049605
v -1.966933 -0.024145 1.048604
v -1.982533 -0.057745 1.073705
v -1.985833 -0.047145 1.068405
v -1.995433 -0.052145 1.077105
v -1.991933 -0.062045 1.081205
v -1.991733 -0.018445 1.050805
v -1.983733 -0.030645 1.052605
v -1.971933 -0.017745 1.049605
v -1.979033 -0.006745 1.050305
v -1.991933 -0.036245 1.063704
v -2.001633 -0.024445 1.059105
v -2.011933 -0.031245 1.066005
v -2.001733 -0.041945 1.072005
v -1.989933 0.006455 1.044805
v -2.004533 -0.004745 1.045505
v -2.001333 0.018955 1.036605
v -2.018033 0.007555 1.037905
v -2.019732 -0.106545 1.085805
v -2.024733 -0.124245 1.081105
v -2.009933 -0.122245 1.081705
v -2.005332 -0.103245 1.086305
v -2.017733 -0.144345 1.072605
v -2.031833 -0.144045 1.072205
v -2.002933 -0.143145 1.070005
v -1.994833 -0.118445 1.078905
v -2.016733 -0.082245 1.086305
v -2.017232 -0.092745 1.087305
v -2.003533 -0.088745 1.087205
v -2.003533 -0.077445 1.086105
v -2.020833 -0.066845 1.081505
v -2.017733 -0.074045 1.084405
v -2.004933 -0.068245 1.084005
v -2.008333 -0.059545 1.081005
v -2.026433 -0.059245 1.077305
v -2.014432 -0.050345 1.076605
v -2.024133 -0.041645 1.070405
v -2.034933 -0.052545 1.071604
v -2.034533 -0.122945 1.075005
v -2.041433 -0.140745 1.067505
v -2.029333 -0.106945 1.079705
v -2.035333 -0.106645 1.070904
v -2.040432 -0.120545 1.066405
v -2.047533 -0.136145 1.059805
v -2.027133 -0.094745 1.081805
v -2.026633 -0.085645 1.081805
v -2.032332 -0.088645 1.073205
v -2.032933 -0.096245 1.073105
v -2.027233 -0.078845 1.080305
v -2.029532 -0.073045 1.077605
v -2.034433 -0.078445 1.069105
v -2.032833 -0.083045 1.071905
v -2.040633 -0.061345 1.067705
v -2.033733 -0.066945 1.073205
v -2.042833 -0.067945 1.059505
v -2.037433 -0.073145 1.064805
v -2.051433 -0.057245 1.061805
v -2.051733 -0.063645 1.053705
v -2.047432 -0.047345 1.065005
v -2.063231 -0.046245 1.059805
v -2.064832 -0.056445 1.056405
v -2.063032 -0.061145 1.047605
v -2.079532 -0.059745 1.051205
v -2.077132 -0.062045 1.042005
v -2.081032 -0.052045 1.056504
v -2.098832 -0.063445 1.053105
v -2.095132 -0.068145 1.046305
v -2.092031 -0.068645 1.036805
v -2.126832 -0.101045 1.043305
v -2.119833 -0.102645 1.035105
v -2.109333 -0.083045 1.041305
v -2.114532 -0.080345 1.049205
v -2.116432 -0.100145 1.024605
v -2.105932 -0.082245 1.031505
v -2.126132 -0.123245 1.024904
v -2.122231 -0.119345 1.014605
v -2.134632 -0.123245 1.032705
v -2.138833 -0.144845 1.018705
v -2.130631 -0.142545 1.011605
v -2.125932 -0.137845 1.002905
v -2.131331 -0.160845 0.998205
v -2.126332 -0.177945 0.989305
v -2.120032 -0.171945 0.985405
v -2.126232 -0.155745 0.991605
v -2.139533 -0.165045 1.004605
v -2.135732 -0.183445 0.992705
v -2.116532 -0.192345 0.988005
v -2.104832 -0.202145 0.993105
v -2.124832 -0.200245 0.987205
v -2.110733 -0.212545 0.991505
v -2.100533 -0.192645 0.991905
v -2.110733 -0.184345 0.986505
v -2.096333 -0.217845 1.002505
v -2.093533 -0.206345 1.003105
v -2.083231 -0.215445 1.019405
v -2.083832 -0.203145 1.017704
v -2.091132 -0.196045 1.001204
v -2.082732 -0.192745 1.013605
v -2.072731 -0.192045 1.033305
v -2.073431 -0.182345 1.027305
v -2.068732 -0.203745 1.036505
v -2.053733 -0.185445 1.050605
v -2.060832 -0.176145 1.047405
v -2.064332 -0.167745 1.040704
v -2.041233 -0.164745 1.061805
v -2.049932 -0.158745 1.058105
v -2.055233 -0.152145 1.051205
v -2.073532 -0.061945 1.030505
v -2.068632 -0.060845 1.017405
v -2.055732 -0.066045 1.024005
v -2.059932 -0.064045 1.036505
v -2.088632 -0.066945 1.025005
v -2.084631 -0.064445 1.011505
v -2.102332 -0.079545 1.019605
v -2.112833 -0.096245 1.012805
v -2.108732 -0.091745 0.999705
v -2.098433 -0.076145 1.006005
v -2.118632 -0.114245 1.003205
v -2.114632 -0.108545 0.990805
v -2.121732 -0.131745 0.992805
v -2.117532 -0.125145 0.981405
v -2.121732 -0.148845 0.983505
v -2.114831 -0.163845 0.979605
v -2.109532 -0.155245 0.971905
v -2.116432 -0.141445 0.974105
v -2.105632 -0.174545 0.981905
v -2.096132 -0.181445 0.987805
v -2.090733 -0.170145 0.981305
v -2.100132 -0.164645 0.974705
v -2.087732 -0.184445 0.996405
v -2.080232 -0.181545 1.007605
v -2.076732 -0.169645 1.000605
v -2.083231 -0.172245 0.990205
v -2.057631 -0.145045 1.041105
v -2.064932 -0.158945 1.031404
v -2.050433 -0.131245 1.049105
v -2.051533 -0.126045 1.036505
v -2.057832 -0.137545 1.029205
v -2.064132 -0.149645 1.020805
v -2.072331 -0.172245 1.019605
v -2.070231 -0.161345 1.010905
v -2.094233 -0.072745 0.991105
v -2.079731 -0.062045 0.996605
v -2.104232 -0.087445 0.985505
v -2.088732 -0.072145 0.975905
v -2.098331 -0.084945 0.970605
v -2.073532 -0.065645 0.980505
v -2.110033 -0.103045 0.977405
v -2.103432 -0.099045 0.964605
v -2.112232 -0.119045 0.969105
v -2.102531 -0.113745 0.958505
v -2.109132 -0.134545 0.963905
v -2.101732 -0.147045 0.963705
v -2.091832 -0.137645 0.956605
v -2.099332 -0.127645 0.955705
v -2.092632 -0.155045 0.967305
v -2.084033 -0.158845 0.974405
v -2.076931 -0.146145 0.967605
v -2.084432 -0.144445 0.961005
v -2.077532 -0.159845 0.983705
v -2.072232 -0.157145 0.993605
v -2.067932 -0.143645 0.985005
v -2.072132 -0.147145 0.976905
v -2.067132 -0.149745 1.002205
v -2.064332 -0.138245 0.992505
v -2.062132 -0.139845 1.009905
v -2.060132 -0.130145 0.997005
v -2.036833 -0.098545 1.063305
v -2.039032 -0.107245 1.060605
v -2.036033 -0.092045 1.063704
v -2.038233 -0.094645 1.056205
v -2.039333 -0.099645 1.053405
v -2.041633 -0.106845 1.049304
v -2.064532 -0.107345 0.958805
v -2.065032 -0.128545 0.973205
v -2.062531 -0.127645 0.980505
v -2.059731 -0.120445 0.980305
v -2.087032 -0.109245 0.952005
v -2.087431 -0.120145 0.951405
v -2.079731 -0.125045 0.953105
v -2.036333 -0.087345 1.061705
v -2.039032 -0.091945 1.051805
v -2.037632 -0.083145 1.058105
v -2.040333 -0.087745 1.046305
v -2.067431 -0.079945 0.967205
v -2.080132 -0.080145 0.964905
v -2.084432 -0.090245 0.958705
v -2.091132 -0.098845 0.956005
v -2.076732 -0.132245 0.957205
v -2.070732 -0.130245 0.961805
v -2.068332 -0.133745 0.969605
v -2.056732 -0.129945 1.016605
v -2.055933 -0.122845 1.002905
v -2.051433 -0.120345 1.023205
v -2.051833 -0.114745 1.007105
v -2.056531 -0.117245 0.987205
v -2.054033 -0.109645 0.986705
v -2.056931 -0.066945 0.988405
v -2.055532 -0.078445 0.975405
v -2.049633 -0.090945 0.980905
v -2.046533 -0.079745 1.002105
v -2.043833 -0.118445 1.055705
v -2.045732 -0.115745 1.043505
v -2.040933 -0.097345 1.044005
v -2.043232 -0.103745 1.037305
v -2.042033 -0.092545 1.035305
v -2.044133 -0.098345 1.024904
v -2.047432 -0.106245 1.015005
v -2.046732 -0.111545 1.030205
v -2.040133 -0.078245 1.053605
v -2.042233 -0.082545 1.040505
v -2.044433 -0.073145 1.048405
v -2.045133 -0.077045 1.035105
v -2.049232 -0.071745 1.030704
v -2.050933 -0.068445 1.042605
v -2.043433 -0.086045 1.026905
v -2.045133 -0.091145 1.012405
v -2.045233 -0.079545 1.021205
v -2.047432 -0.074345 1.020405
v -2.050733 -0.069545 1.012005
v -2.062032 -0.060445 1.003205
v -2.048532 -0.100145 0.996805
v -1.984033 -0.113945 1.072105
v -1.991733 -0.140345 1.063105
v -2.028533 -0.169945 1.061205
v -2.042633 -0.196345 1.049605
v -2.015033 -0.174345 1.058005
v -2.029932 -0.207445 1.045405
v -2.060332 -0.218545 1.034805
v -2.049333 -0.233645 1.028805
v -2.079532 -0.231945 1.016605
v -2.072731 -0.249445 1.009305
v -2.099031 -0.234045 0.998305
v -2.099133 -0.252645 0.989305
v -2.118832 -0.226845 0.986505
v -2.128633 -0.246245 0.973105
v -2.137532 -0.209945 0.983505
v -2.150932 -0.218445 0.976305
v -2.151232 -0.189645 0.995405
v -2.174332 -0.195945 0.994405
v -2.171432 -0.228245 0.954205
v -2.162532 -0.225245 0.966105
v -2.185032 -0.210845 0.980205
v -2.195532 -0.215445 0.967605
v -2.146732 -0.249645 0.958605
v -2.156432 -0.252845 0.945105
v -2.154932 -0.167145 1.008605
v -2.152731 -0.142145 1.021105
v -2.173632 -0.166045 1.009705
v -2.168231 -0.136845 1.020305
v -2.147532 -0.116545 1.033705
v -2.160831 -0.108345 1.032305
v -2.138133 -0.092345 1.044905
v -2.150232 -0.081845 1.043305
v -2.123332 -0.070945 1.051605
v -2.133533 -0.059145 1.049905
v -2.103931 -0.052845 1.054605
v -2.110033 -0.040445 1.051105
v -2.038332 -0.034145 1.062605
v -2.027233 -0.020645 1.058405
v -2.048933 -0.012245 1.050205
v -2.057132 -0.031545 1.057005
v -2.031632 -0.000945 1.043605
v -2.016333 -0.011645 1.052505
v -2.080431 -0.038645 1.055405
v -2.081432 -0.025145 1.050405
v -2.022733 0.033455 1.015505
v -2.010833 0.028255 1.028405
v -2.028832 0.016355 1.030505
v -2.042233 0.019955 1.019805
v -2.043133 0.006055 1.034605
v -2.060332 -0.004145 1.038805
v -2.057432 0.008255 1.025604
v -2.068831 -0.000845 1.031105
v -2.042133 0.034555 0.995605
v -2.064132 0.018855 1.005605
v -2.062732 0.037155 0.976905
v -2.086432 0.018055 0.991505
v -2.081131 0.004355 1.016605
v -2.089832 -0.007945 1.028105
v -2.104631 -0.000445 1.006405
v -2.121531 -0.021545 1.022804
v -2.087132 -0.016645 1.039805
v -2.116632 -0.031045 1.040205
v -2.141531 -0.049045 1.041005
v -2.147732 -0.042145 1.028605
v -2.165833 -0.065345 1.026705
v -2.158532 -0.073345 1.035305
v -2.170433 -0.100745 1.024904
v -2.180233 -0.092645 1.019905
v -2.194032 -0.121945 1.013505
v -2.181531 -0.130045 1.015405
v -2.192832 -0.161245 1.008005
v -2.199732 -0.186645 0.996505
v -2.207032 -0.149745 1.002705
v -2.220032 -0.176345 0.982205
v -2.212932 -0.203345 0.977305
v -2.201832 -0.201845 0.987105
v -2.202932 -0.110245 1.012405
v -2.214332 -0.130645 1.000205
v -2.216532 -0.104245 1.001305
v -2.207531 -0.096745 1.011205
v -2.226332 -0.107145 0.987905
v -2.224232 -0.138845 0.985905
v -2.190532 -0.082645 1.020805
v -2.201333 -0.074045 1.017105
v -2.176332 -0.054845 1.025705
v -2.189832 -0.037045 1.023705
v -2.214132 -0.070545 1.005305
v -2.209832 -0.033045 1.008005
v -2.224932 -0.030445 0.989605
v -2.226632 -0.069845 0.989305
v -2.137631 -0.019645 1.007505
v -2.149132 -0.006945 1.001305
v -2.166632 -0.017845 1.020205
v -2.157632 -0.034045 1.021105
v -2.207633 0.004655 1.006205
v -2.222132 0.007455 0.989105
v -2.191031 0.003155 1.019105
v -2.194633 0.036655 1.012505
v -2.208931 0.037955 1.002105
v -2.220633 0.044455 0.989205
v -2.203232 0.065755 1.004605
v -2.215432 0.062255 0.998505
v -2.220932 0.081755 0.988405
v -2.221532 0.066154 0.993705
v -2.221032 0.063655 0.993705
v -2.222332 0.074355 0.994905
v -2.174132 0.037255 1.006305
v -2.188132 0.066854 0.998705
v -2.179932 0.061055 0.984005
v -2.163532 0.033855 0.982305
v -2.193032 0.075155 0.974705
v -2.203331 0.084054 0.980805
v -2.169432 0.008355 1.015505
v -2.155732 0.012255 0.993605
v -2.166431 0.041955 0.969605
v -2.178932 0.059355 0.974905
v -2.171232 0.045455 0.962905
v -2.182132 0.062955 0.973705
v -2.189432 0.072655 0.976205
v -2.153332 0.037855 0.960605
v -2.157032 0.039755 0.954905
v -2.148232 0.032255 0.967305
v -2.134432 0.049455 0.960705
v -2.141932 0.053755 0.955705
v -2.146932 0.055155 0.950005
v -2.050632 0.210054 0.931405
v -2.038332 0.208255 0.917605
v -2.051332 0.214455 0.909405
v -2.066332 0.215655 0.929505
v -2.058331 0.214654 0.906005
v -2.091132 0.220654 0.924805
v -2.078832 0.207355 0.948605
v -2.086031 0.216655 0.942805
v -2.096432 0.210655 0.942305
v -2.083832 0.202555 0.947705
v -2.110832 0.201355 0.935105
v -2.101032 0.198655 0.943305
v -2.105532 0.214955 0.932605
v -2.087831 0.192854 0.947805
v -2.066332 0.213954 0.946405
v -2.045133 0.204355 0.944605
v -2.065032 0.201355 0.952705
v -2.043033 0.187055 0.956905
v -2.027933 0.197454 0.932005
v -2.022033 0.178854 0.944505
v -2.068032 0.193355 0.952305
v -2.072532 0.184755 0.951805
v -2.061632 0.176754 0.955005
v -2.054533 0.180455 0.956605
v -2.039933 0.133854 0.963805
v -2.026433 0.125555 0.957705
v -2.021433 0.153655 0.952505
v -2.037533 0.160254 0.961105
v -2.091132 0.177555 0.948705
v -2.105432 0.181355 0.944805
v -2.109832 0.159655 0.946205
v -2.094933 0.157555 0.949605
v -2.115832 0.182855 0.937205
v -2.120332 0.160055 0.938905
v -2.061732 0.144155 0.957805
v -2.050733 0.139255 0.961405
v -2.049133 0.161954 0.959705
v -2.059731 0.163955 0.956705
v -2.074831 0.170455 0.952605
v -2.077733 0.151355 0.953405
v -2.108432 0.106854 0.951205
v -2.100332 0.133955 0.950105
v -2.114532 0.135254 0.946905
v -2.121032 0.108155 0.948105
v -2.124232 0.134954 0.940205
v -2.129732 0.108055 0.942305
v -2.062232 0.079555 0.960705
v -2.053333 0.069654 0.959605
v -2.037133 0.097555 0.959605
v -2.048233 0.106655 0.963405
v -2.138133 0.079555 0.946005
v -2.131032 0.078955 0.951605
v -2.120533 0.076355 0.954805
v -2.119632 0.000355 0.994705
v -2.130733 0.008155 0.984105
v -2.100132 0.021155 0.979605
v -2.108932 0.033155 0.969605
v -2.079632 0.093955 0.957705
v -2.068831 0.088855 0.960105
v -2.057832 0.113855 0.961205
v -2.068532 0.120655 0.957705
v -2.082232 0.053854 0.962005
v -2.075633 0.042855 0.965405
v -2.082432 0.067155 0.960705
v -2.094632 0.064855 0.960605
v -2.140532 0.021355 0.975905
v -2.124232 0.041355 0.966205
v -2.093732 0.101055 0.954405
v -2.107831 0.069755 0.958205
v -2.083832 0.128254 0.953605
v -1.938033 -0.126245 1.061705
v -1.930233 -0.140045 1.046105
v -1.971033 -0.150745 1.036905
v -1.963033 -0.164845 1.022505
v -1.921933 -0.142045 1.027505
v -1.918533 -0.144145 1.002205
v -1.952833 -0.167945 1.005805
v -1.942533 -0.162745 0.992805
v -2.000032 -0.174045 1.031305
v -2.003932 -0.175545 1.048505
v -2.018633 -0.212945 1.032305
v -2.011233 -0.213645 1.014904
v -2.037233 -0.242445 1.014205
v -2.026233 -0.244945 0.996505
v -2.061732 -0.263145 0.995005
v -2.048333 -0.268845 0.976205
v -2.093832 -0.271245 0.974005
v -2.081032 -0.281745 0.953505
v -2.121932 -0.270045 0.956705
v -2.121531 -0.282845 0.925205
v -2.137832 -0.266645 0.949405
v -2.143033 -0.270345 0.937205
v -1.991433 -0.182145 1.017605
v -1.981833 -0.189845 1.002805
v -2.003932 -0.214345 0.999405
v -1.995033 -0.211145 0.982905
v -1.970833 -0.187145 0.984505
v -1.956033 -0.173045 0.970405
v -1.984633 -0.199445 0.963405
v -1.970633 -0.180345 0.944205
v -2.017833 -0.240445 0.979205
v -2.008933 -0.228945 0.961405
v -2.035633 -0.262545 0.957105
v -2.025133 -0.243645 0.939105
v -2.061233 -0.261245 0.893105
v -2.043733 -0.256345 0.916905
v -2.061131 -0.279545 0.933305
v -2.084932 -0.284445 0.905605
v -1.930233 -0.150745 0.965305
v -1.949233 -0.156645 0.927405
v -1.922733 -0.131945 0.912705
v -1.899533 -0.127345 0.962505
v -1.872333 -0.106345 0.955505
v -1.896033 -0.107345 0.901105
v -1.870733 -0.081645 0.892105
v -1.847933 -0.085645 0.947205
v -1.824533 -0.066545 0.939905
v -1.803633 -0.048145 0.933105
v -1.847433 -0.055745 0.885105
v -1.827433 -0.030345 0.879705
v -1.743133 0.030455 0.909005
v -1.735333 0.041555 0.908205
v -1.751033 0.018255 0.911405
v -1.777733 0.050354 0.858105
v -1.770133 0.064255 0.856705
v -1.761433 0.076255 0.857605
v -1.725533 0.053555 0.908805
v -1.712633 0.066555 0.910605
v -1.749433 0.088254 0.859405
v -1.733833 0.098555 0.859905
v -1.767833 0.110855 0.807305
v -1.789633 0.121355 0.757305
v -1.774733 0.125555 0.749405
v -1.751633 0.116755 0.803705
v -1.780933 0.101155 0.809205
v -1.801833 0.112655 0.763705
v -1.694733 0.079455 0.911805
v -1.715533 0.105255 0.857905
v -1.693533 0.109655 0.855905
v -1.670933 0.089455 0.912205
v -1.734733 0.119854 0.798705
v -1.715333 0.122555 0.793705
v -1.759533 0.128055 0.741205
v -1.742733 0.131155 0.732105
v -1.642833 0.099355 0.915705
v -1.666533 0.114055 0.857005
v -1.638333 0.120055 0.857905
v -1.613833 0.112555 0.918905
v -1.691433 0.125854 0.789705
v -1.722533 0.135055 0.721305
v -1.700733 0.137555 0.709505
v -1.666133 0.129755 0.785305
v -1.584233 0.124855 0.915705
v -1.611533 0.125854 0.854305
v -1.588533 0.125454 0.847005
v -1.559133 0.123455 0.907705
v -1.786733 -0.029745 0.926705
v -1.772833 -0.012345 0.920905
v -1.810233 -0.007945 0.874805
v -1.796333 0.012655 0.869505
v -1.760833 0.003755 0.915405
v -1.785833 0.032555 0.863105
v -1.789833 0.089255 0.809905
v -1.797033 0.074155 0.811805
v -1.815833 0.084754 0.770505
v -1.809233 0.100455 0.767405
v -1.900833 -0.083145 0.811405
v -1.879433 -0.049145 0.800805
v -1.863133 -0.050945 0.839705
v -1.885533 -0.082545 0.848105
v -1.845033 -0.019445 0.833705
v -1.862933 -0.014945 0.793005
v -1.828533 0.006755 0.828005
v -1.815133 0.030455 0.822405
v -1.847833 0.013255 0.785705
v -1.834733 0.038455 0.779305
v -1.804833 0.053755 0.816405
v -1.824133 0.063255 0.774405
v -1.964833 -0.159445 0.897805
v -1.940333 -0.135045 0.875605
v -1.983833 -0.184945 0.921205
v -1.995833 -0.189245 0.901805
v -1.978533 -0.163045 0.878705
v -1.963933 -0.140645 0.843905
v -1.998333 -0.209245 0.942205
v -2.012233 -0.217345 0.921705
v -2.026633 -0.225145 0.902205
v -2.039732 -0.228345 0.882405
v -2.016532 -0.194845 0.870805
v -2.007733 -0.194745 0.886905
v -1.991733 -0.171345 0.872105
v -1.993633 -0.166845 0.859205
v -1.912433 -0.110445 0.859505
v -1.927833 -0.111645 0.825305
v -1.873233 -0.378745 0.815805
v -1.883433 -0.392245 0.826905
v -1.861933 -0.375545 0.837005
v -1.856433 -0.363645 0.824005
v -1.836733 -0.350245 0.849105
v -1.835433 -0.340945 0.833005
v -1.805633 -0.321645 0.862205
v -1.772933 -0.293545 0.872405
v -1.777733 -0.288445 0.853605
v -1.807833 -0.314545 0.844205
v -1.744433 -0.268645 0.877105
v -1.718833 -0.245645 0.877705
v -1.726533 -0.243045 0.857105
v -1.750733 -0.265045 0.857505
v -1.695833 -0.222345 0.875805
v -1.674133 -0.191645 0.867905
v -1.704533 -0.221345 0.853505
v -1.682833 -0.192745 0.841405
v -1.892433 -0.386645 0.797105
v -1.908433 -0.400245 0.805205
v -1.899033 -0.399045 0.816905
v -1.885333 -0.385245 0.806905
v -1.873233 -0.383445 0.786705
v -1.868733 -0.379745 0.796605
v -1.861433 -0.370845 0.805505
v -1.849733 -0.368545 0.798005
v -1.847933 -0.356845 0.811805
v -1.836733 -0.358645 0.799905
v -1.828733 -0.337845 0.818005
v -1.817533 -0.342045 0.803205
v -1.770133 -0.296645 0.817605
v -1.794833 -0.319845 0.810205
v -1.803233 -0.314745 0.827205
v -1.775433 -0.290845 0.835605
v -1.726033 -0.253445 0.820705
v -1.747533 -0.274245 0.821005
v -1.750233 -0.268545 0.839205
v -1.727933 -0.246745 0.838505
v -1.707533 -0.232045 0.816305
v -1.706633 -0.226245 0.834405
v -1.687433 -0.198645 0.821205
v -1.692033 -0.205345 0.803605
v -1.828333 -0.371645 0.762805
v -1.806433 -0.348345 0.782305
v -1.805633 -0.342545 0.751305
v -1.765933 -0.300945 0.774005
v -1.783733 -0.322045 0.766805
v -1.785633 -0.325645 0.788405
v -1.765033 -0.301645 0.796205
v -1.780533 -0.297945 0.739005
v -1.791233 -0.317245 0.744205
v -1.783333 -0.314145 0.754705
v -1.771033 -0.298145 0.755805
v -1.731833 -0.259545 0.778105
v -1.748133 -0.280445 0.778005
v -1.745633 -0.278645 0.800305
v -1.726233 -0.257845 0.800505
v -1.759633 -0.259145 0.728805
v -1.770133 -0.278945 0.734005
v -1.757433 -0.280145 0.755705
v -1.744133 -0.260045 0.753805
v -1.710933 -0.235745 0.796005
v -1.719133 -0.237345 0.773905
v -1.698933 -0.210045 0.785005
v -1.709333 -0.212245 0.765105
v -1.749833 -0.236445 0.724205
v -1.733233 -0.237645 0.749605
v -1.723333 -0.212245 0.742805
v -1.737933 -0.211445 0.718505
v -1.709533 -0.185845 0.730805
v -1.720533 -0.185145 0.709905
v -1.698833 -0.184645 0.749805
v -1.690133 -0.165845 0.736105
v -1.693533 -0.161545 0.719305
v -1.701433 -0.160045 0.700305
v -1.678333 -0.169745 0.779105
v -1.688333 -0.178945 0.765105
v -1.679433 -0.153445 0.739805
v -1.666733 -0.138445 0.747505
v -1.678033 -0.141145 0.714705
v -1.684733 -0.138045 0.691905
v -1.662533 -0.122045 0.714705
v -1.669833 -0.117045 0.684405
v -1.668633 -0.158745 0.794205
v -1.653033 -0.121945 0.757805
v -1.659433 -0.150345 0.815605
v -1.632833 -0.097745 0.779405
v -1.650233 -0.149045 0.848905
v -1.622833 -0.101645 0.834705
v -1.646533 -0.101645 0.716605
v -1.655333 -0.094845 0.677305
v -1.628633 -0.074345 0.721005
v -1.640933 -0.066245 0.670405
v -1.595033 -0.053245 0.843005
v -1.574133 -0.003445 0.862205
v -1.589333 0.004555 0.809605
v -1.606033 -0.044345 0.792005
v -1.623233 0.019655 0.663605
v -1.629333 -0.025445 0.665505
v -1.609733 -0.033445 0.728705
v -1.597433 0.012955 0.737905
v -1.559433 0.044355 0.877305
v -1.547133 0.081855 0.886505
v -1.568933 0.084855 0.828505
v -1.576333 0.048655 0.820805
v -1.546933 0.108755 0.897205
v -1.571933 0.111855 0.837005
v -1.590933 0.055755 0.744605
v -1.586933 0.092255 0.749405
v -1.620033 0.098255 0.664405
v -1.621233 0.061555 0.663805
v -1.641833 0.133255 0.778405
v -1.678933 0.138255 0.697605
v -1.656933 0.136354 0.685605
v -1.618333 0.133554 0.769205
v -1.594833 0.121555 0.757305
v -1.632833 0.126355 0.672305
v -1.262633 0.328355 0.835305
v -1.243533 0.364254 0.809705
v -1.289433 0.399654 0.800205
v -1.275633 0.427155 0.774105
v -1.268633 0.384554 0.781105
v -1.255532 0.410254 0.749605
v -1.245133 0.462755 0.752905
v -1.203433 0.496755 0.744705
v -1.217932 0.443755 0.733405
v -1.172933 0.477455 0.726405
v -1.167233 0.526455 0.740505
v -1.137033 0.556355 0.735205
v -1.136233 0.506955 0.720305
v -1.104833 0.536255 0.712905
v -1.111133 0.589455 0.728505
v -1.086333 0.631455 0.721005
v -1.074833 0.568355 0.705105
v -1.045333 0.610955 0.697705
v -1.172633 0.384655 0.797005
v -1.149832 0.393155 0.776705
v -1.169633 0.373555 0.756805
v -1.189333 0.375655 0.775205
v -1.127733 0.391755 0.761305
v -1.113233 0.379855 0.747805
v -1.132933 0.363554 0.739405
v -1.148432 0.369955 0.745805
v -1.247233 0.371655 0.768705
v -1.239133 0.389854 0.732805
v -1.225033 0.362555 0.757505
v -1.229733 0.365555 0.717305
v -1.200333 0.419354 0.720005
v -1.189133 0.391055 0.709205
v -1.140233 0.424355 0.707205
v -1.153733 0.452955 0.714605
v -1.114233 0.482855 0.707205
v -1.097433 0.455755 0.697505
v -1.078333 0.512255 0.698405
v -1.056533 0.485655 0.687605
v -1.042833 0.543755 0.689105
v -1.009933 0.584255 0.680205
v -1.016333 0.516455 0.677005
v -0.985533 0.553555 0.662205
v -0.963933 0.478155 0.604305
v -0.971033 0.518455 0.637505
v -1.001933 0.488755 0.656105
v -0.997633 0.455055 0.622705
v -1.040333 0.458355 0.671805
v -1.033033 0.426155 0.641905
v -1.130233 0.395454 0.692005
v -1.083832 0.427955 0.682805
v -1.074633 0.393855 0.656605
v -1.123633 0.361555 0.666005
v -1.102033 0.311455 0.746605
v -1.113332 0.325155 0.736205
v -1.125232 0.271655 0.742505
v -1.150233 0.288855 0.724605
v -1.112533 0.352755 0.737105
v -1.140433 0.336154 0.730305
v -1.150733 0.223255 0.741105
v -1.169533 0.332654 0.727405
v -1.194233 0.338355 0.729805
v -1.189633 0.286455 0.710305
v -1.223232 0.294555 0.689505
v -1.209133 0.351954 0.740805
v -1.223932 0.340255 0.704105
v -1.182433 0.361855 0.693805
v -1.179633 0.328355 0.670805
v -1.202533 0.237154 0.695305
v -1.228333 0.237355 0.674405
v -1.174133 0.232355 0.716205
v -1.210932 0.188155 0.689905
v -1.235233 0.191555 0.668205
v -1.194633 0.103855 0.689105
v -1.145233 0.086955 0.689805
v -1.140433 0.087155 0.673005
v -1.204733 0.103755 0.661505
v -1.213032 0.142855 0.689605
v -1.231433 0.146154 0.666505
v -1.139733 0.078155 0.647805
v -1.202733 0.075055 0.638705
v -1.142333 0.048355 0.632905
v -1.206033 0.042455 0.630605
v -1.143333 0.012955 0.634005
v -1.210733 0.006055 0.636005
v -1.137633 -0.017745 0.651505
v -1.220533 -0.035645 0.657405
v -1.123733 -0.023545 0.686305
v -1.192933 -0.046445 0.701505
v -1.250933 -0.071645 0.722205
v -1.298533 -0.097345 0.742305
v -1.275833 -0.068545 0.681505
v -1.318732 -0.093245 0.700905
v -1.336533 -0.121045 0.755805
v -1.367532 -0.141045 0.765005
v -1.380433 -0.135945 0.721805
v -1.352933 -0.116045 0.713505
v -1.393633 -0.157545 0.771805
v -1.417433 -0.172245 0.776405
v -1.423033 -0.167945 0.731905
v -1.402733 -0.152045 0.728005
v -1.440933 -0.189045 0.778005
v -1.444433 -0.186545 0.733405
v -1.464633 -0.209645 0.777905
v -1.467433 -0.208745 0.733405
v -1.489533 -0.236445 0.777005
v -1.492833 -0.235345 0.732905
v -1.514733 -0.268145 0.774905
v -1.520533 -0.264345 0.732005
v -1.544533 -0.300845 0.770805
v -1.552333 -0.292245 0.731005
v -1.578533 -0.333145 0.761805
v -1.590033 -0.314845 0.726005
v -1.254533 0.212055 0.596605
v -1.230833 0.257655 0.640505
v -1.243633 0.231854 0.649705
v -1.261132 0.198255 0.639105
v -1.123333 0.270154 0.574205
v -1.121433 0.318755 0.623405
v -1.183532 0.289955 0.629405
v -1.188733 0.247055 0.580705
v -1.035433 0.322855 0.547905
v -1.034533 0.383255 0.594005
v -1.072232 0.349655 0.612005
v -1.072533 0.294955 0.563905
v -0.970133 0.370455 0.516905
v -0.959633 0.425155 0.566005
v -0.997133 0.408854 0.578705
v -1.001633 0.347655 0.532305
v -1.267133 0.152955 0.640005
v -1.263633 0.105755 0.636005
v -1.307233 0.102055 0.609805
v -1.294733 0.153155 0.600705
v -1.263133 0.070555 0.628505
v -1.308532 0.065055 0.612105
v -1.265332 0.039655 0.626405
v -1.309433 0.036455 0.614905
v -1.271733 0.006755 0.631805
v -1.316733 0.008555 0.621405
v -1.286833 -0.025045 0.643605
v -1.331433 -0.016345 0.631605
v -1.314533 -0.054145 0.656505
v -1.351133 -0.040145 0.640305
v -1.346133 -0.079945 0.668305
v -1.374033 -0.061545 0.647905
v -1.374633 -0.100445 0.677905
v -1.398133 -0.079145 0.653905
v -1.399633 -0.117845 0.685005
v -1.419832 -0.097345 0.657005
v -1.455033 -0.136245 0.659705
v -1.438133 -0.116145 0.658805
v -1.420733 -0.133445 0.690605
v -1.440233 -0.150445 0.694105
v -1.490433 -0.185045 0.659405
v -1.472133 -0.158945 0.659405
v -1.459933 -0.171545 0.695305
v -1.480133 -0.196745 0.695305
v -1.536233 -0.245445 0.665505
v -1.511233 -0.215445 0.661205
v -1.502233 -0.225845 0.695105
v -1.527933 -0.255245 0.695805
v -1.582533 -0.292445 0.676805
v -1.562033 -0.274445 0.671005
v -1.556733 -0.282745 0.697605
v -1.589433 -0.301845 0.696405
v -1.542133 -0.241445 0.638905
v -1.569633 -0.272645 0.649305
v -1.579233 -0.272845 0.630305
v -1.550833 -0.240045 0.615905
v -1.597633 -0.296945 0.664305
v -1.611033 -0.298845 0.646705
v -1.459333 -0.133445 0.614105
v -1.460833 -0.132345 0.631305
v -1.476333 -0.153045 0.627305
v -1.468833 -0.147545 0.603105
v -1.494633 -0.177045 0.625305
v -1.491133 -0.167745 0.585705
v -1.517333 -0.207645 0.630305
v -1.524033 -0.205945 0.602405
v -1.432132 -0.099145 0.606405
v -1.430133 -0.092445 0.630305
v -1.445733 -0.112445 0.631805
v -1.448033 -0.119045 0.609805
v -1.456233 -0.127745 0.591205
v -1.466933 -0.132145 0.573605
v -1.450433 -0.103945 0.565605
v -1.440133 -0.102745 0.585405
v -1.393633 -0.063645 0.596805
v -1.388033 -0.058745 0.622505
v -1.410433 -0.074345 0.627405
v -1.414033 -0.080345 0.602305
v -1.422433 -0.081245 0.579005
v -1.433133 -0.080845 0.556905
v -1.413833 -0.062745 0.547005
v -1.402733 -0.063445 0.571605
v -1.353132 -0.029545 0.582605
v -1.346933 -0.022845 0.608105
v -1.366733 -0.041945 0.616005
v -1.373132 -0.047345 0.590305
v -1.382033 -0.047945 0.563105
v -1.361433 -0.031645 0.553905
v -1.393133 -0.047545 0.536205
v -1.372133 -0.032445 0.525205
v -1.329533 -0.000345 0.598905
v -1.333733 -0.008645 0.573505
v -1.317833 0.014255 0.564305
v -1.317433 0.024955 0.590605
v -1.341233 -0.012945 0.544005
v -1.322733 0.006455 0.534105
v -1.351433 -0.015445 0.514605
v -1.331733 0.001955 0.504405
v -1.312533 0.051155 0.583805
v -1.305633 0.035855 0.555805
v -1.292233 0.061555 0.546205
v -1.307033 0.083955 0.575405
v -1.305833 0.023755 0.524805
v -1.313133 0.017355 0.494905
v -1.287033 0.043455 0.515105
v -1.292833 0.034255 0.484405
v -1.236133 0.129055 0.520905
v -1.247933 0.171555 0.550605
v -1.287033 0.128654 0.563605
v -1.269833 0.095355 0.534605
v -1.262633 0.068555 0.503905
v -1.268233 0.055555 0.471705
v -1.240533 0.081555 0.457005
v -1.232233 0.096255 0.489905
v -1.189633 0.199855 0.538805
v -1.188933 0.154254 0.505105
v -1.135533 0.170455 0.491605
v -1.127533 0.216855 0.530805
v -1.192533 0.120455 0.472905
v -1.205933 0.108955 0.439005
v -1.166233 0.132454 0.418105
v -1.148233 0.140954 0.454605
v -1.077233 0.235555 0.520005
v -1.090533 0.189255 0.475005
v -1.046932 0.205455 0.460005
v -1.037933 0.259055 0.505405
v -1.106933 0.161755 0.435605
v -1.126933 0.154055 0.397605
v -1.087332 0.174954 0.376805
v -1.066333 0.181455 0.416605
v -1.005333 0.286954 0.488105
v -1.009333 0.232655 0.444705
v -0.978132 0.262754 0.428005
v -0.976032 0.314754 0.471005
v -1.024033 0.200555 0.397505
v -1.045833 0.194455 0.354905
v -1.005733 0.213855 0.333705
v -0.985833 0.225455 0.382005
v -1.407533 0.962655 0.590405
v -1.412933 0.965555 0.579505
v -1.402433 0.951655 0.601505
v -1.367133 0.961255 0.583505
v -1.373132 0.976055 0.574205
v -1.380333 0.980955 0.562105
v -1.192533 1.015655 0.493705
v -1.200333 1.025055 0.481905
v -1.240933 1.016955 0.503305
v -1.234333 1.003755 0.514105
v -1.247233 1.024555 0.491505
v -1.207833 1.029255 0.469705
v -1.297933 1.011455 0.518505
v -1.289533 1.003155 0.530005
v -1.281832 0.988255 0.538905
v -1.248533 0.911355 0.569305
v -1.300933 0.887655 0.593405
v -1.281832 0.878655 0.606605
v -1.231433 0.898455 0.582505
v -1.315733 0.865055 0.634804
v -1.345033 0.872755 0.628805
v -1.292233 0.855055 0.649105
v -1.258433 0.867955 0.625104
v -1.210033 0.885155 0.601805
v -1.333832 0.989955 0.554805
v -1.342333 0.996855 0.542005
v -1.326733 0.973655 0.563805
v -1.363233 0.938255 0.591005
v -1.322633 0.951155 0.569605
v -1.318333 0.927255 0.576005
v -1.359233 0.913255 0.599605
v -1.269233 0.948355 0.552705
v -1.275833 0.969055 0.545905
v -1.227333 0.987655 0.523805
v -1.219133 0.969955 0.532605
v -1.174633 0.988155 0.515105
v -1.184033 1.003054 0.504905
v -1.353233 0.892555 0.610505
v -1.312133 0.905955 0.584105
v -1.260633 0.928855 0.560405
v -1.158233 0.902055 0.580805
v -1.179332 0.917555 0.562705
v -1.133733 0.935055 0.546305
v -1.113033 0.917955 0.563205
v -1.150233 0.952955 0.534105
v -1.196033 0.933755 0.550305
v -1.163633 0.971055 0.524505
v -1.209033 0.951655 0.541005
v -1.096233 0.747555 0.717405
v -1.104833 0.693855 0.732705
v -1.061433 0.688855 0.710205
v -1.050033 0.753955 0.696505
v -1.016933 0.672155 0.688705
v -0.993833 0.751755 0.672905
v -1.327733 0.861655 0.667005
v -1.307233 0.853155 0.675404
v -1.347833 0.866655 0.670605
v -1.325333 0.870755 0.698605
v -1.342932 0.876255 0.705705
v -1.307533 0.862055 0.701405
v -1.331633 0.708155 0.836305
v -1.318933 0.695555 0.823405
v -1.289833 0.734955 0.806805
v -1.296833 0.752555 0.819105
v -1.296133 0.689155 0.823605
v -1.274533 0.726955 0.800805
v -1.339633 0.724655 0.861405
v -1.327132 0.736555 0.896405
v -1.308333 0.765855 0.855705
v -1.294033 0.779555 0.891305
v -1.302633 0.754455 0.932905
v -1.268433 0.800955 0.926504
v -1.242233 0.848055 0.918104
v -1.216133 0.883655 0.952704
v -1.270533 0.821655 0.886404
v -1.254533 0.859655 0.881304
v -1.228933 0.886655 0.908604
v -1.197133 0.938355 0.937404
v -1.283633 0.805155 0.853005
v -1.282433 0.800355 0.819604
v -1.268233 0.840955 0.820805
v -1.265933 0.844655 0.850905
v -1.281333 0.814155 0.787605
v -1.272032 0.849855 0.794704
v -1.285633 0.785955 0.778605
v -1.286432 0.815255 0.744104
v -1.283833 0.836855 0.759605
v -1.278533 0.864855 0.773604
v -1.292633 0.842355 0.717604
v -1.291633 0.858655 0.738404
v -1.304433 0.876555 0.726404
v -1.288633 0.880255 0.757904
v -1.302133 0.893155 0.750205
v -1.338633 0.891355 0.736605
v -1.320633 0.886355 0.726605
v -1.316933 0.900055 0.753504
v -1.331933 0.903255 0.766805
v -1.342433 0.932355 0.809105
v -1.348333 0.905855 0.788305
v -1.342333 0.970155 0.813304
v -1.319333 0.955955 0.794004
v -1.325133 0.923555 0.789404
v -1.313433 0.915355 0.776905
v -1.305633 0.938555 0.784805
v -1.298033 0.925055 0.779604
v -1.301133 0.909255 0.770204
v -1.162633 0.723855 0.747705
v -1.169832 0.686955 0.761205
v -1.140733 0.692155 0.750105
v -1.133433 0.736155 0.734505
v -1.071433 0.810655 0.664205
v -1.022833 0.830455 0.649404
v -1.054933 0.882755 0.619004
v -1.101133 0.866755 0.643604
v -1.156333 0.840355 0.672705
v -1.113433 0.799755 0.697704
v -1.132233 0.886255 0.606705
v -1.087033 0.901355 0.586905
v -1.185033 0.868955 0.631604
v -1.177333 0.780255 0.723805
v -1.167633 0.758355 0.733505
v -1.144533 0.778355 0.717605
v -1.169233 0.804155 0.706904
v -1.268833 0.834855 0.676504
v -1.232433 0.848755 0.655304
v -1.210733 0.825355 0.688304
v -1.251333 0.801655 0.715105
v -1.279032 0.770455 0.768005
v -1.278833 0.802955 0.728304
v -1.262433 0.762255 0.762205
v -1.287633 0.833855 0.697604
v -1.265533 0.691655 0.824605
v -1.252933 0.722755 0.797005
v -1.235833 0.691455 0.815905
v -1.231333 0.718155 0.790905
v -1.214333 0.687155 0.803905
v -1.214333 0.713155 0.783405
v -1.199733 0.682755 0.789305
v -1.200433 0.712155 0.770505
v -1.188933 0.682655 0.773205
v -1.184433 0.715455 0.758405
v -1.226933 0.741055 0.766105
v -1.215733 0.731155 0.767505
v -1.205433 0.737455 0.755805
v -1.215832 0.758555 0.745105
v -1.188633 0.745555 0.745205
v -1.195832 0.773555 0.731005
v -1.200833 0.800355 0.712905
v -1.228832 0.779355 0.733105
v -1.243433 0.752855 0.764005
v -1.271433 0.996255 1.090504
v -1.291533 1.050055 1.089705
v -1.247033 1.045355 1.084204
v -1.269533 1.095855 1.086804
v -1.320132 1.094355 1.073605
v -1.344133 1.122055 1.038704
v -1.302232 1.139155 1.074105
v -1.331033 1.168455 1.044204
v -1.336533 1.176855 0.958204
v -1.341233 1.122955 0.945805
v -1.353132 1.128355 0.992604
v -1.344733 1.177855 1.002704
v -1.315433 1.179055 0.886604
v -1.324033 1.120755 0.869605
v -1.334133 1.121855 0.905804
v -1.327132 1.177655 0.920605
v -1.286233 0.928255 0.782404
v -1.269533 0.929555 0.788704
v -1.273333 0.894955 0.782504
v -1.287033 0.902555 0.772605
v -1.240833 0.922355 0.820105
v -1.253833 0.880155 0.820404
v -1.261433 0.885954 0.797904
v -1.252733 0.926255 0.800304
v -1.272233 1.026955 0.808704
v -1.301333 0.987255 0.799504
v -1.328333 1.008955 0.817905
v -1.310133 1.054755 0.825805
v -1.289232 0.958155 0.790104
v -1.268333 0.971155 0.796405
v -1.252333 1.171355 0.849204
v -1.260033 1.101555 0.827805
v -1.295933 1.112955 0.839704
v -1.287433 1.177355 0.859804
v -1.251433 0.882355 0.848304
v -1.244233 0.890455 0.875905
v -1.237533 0.922355 0.846204
v -1.231233 0.926855 0.875104
v -1.246933 0.973955 0.804905
v -1.229733 0.971355 0.821104
v -1.240733 1.029655 0.814004
v -1.219833 1.027255 0.826904
v -1.231133 1.094855 0.829104
v -1.209333 1.089855 0.840705
v -1.223232 1.164455 0.849904
v -1.201033 1.156355 0.860604
v -1.228433 0.904755 0.898004
v -1.213433 0.936755 0.903904
v -1.224033 0.970055 0.845404
v -1.211733 1.024355 0.849604
v -1.217633 0.972955 0.874304
v -1.204833 1.026055 0.877505
v -1.200633 1.083955 0.862204
v -1.193032 1.082955 0.888305
v -1.193233 1.146455 0.881204
v -1.185733 1.142255 0.904604
v -1.187433 1.018655 1.019305
v -1.198033 1.051455 1.044105
v -1.206233 1.000655 1.048404
v -1.202433 0.963655 1.024605
v -1.214533 1.040755 1.066705
v -1.206333 1.070555 1.062005
v -1.206033 0.924155 0.990504
v -1.186733 0.980455 0.983105
v -1.199133 0.982655 0.906205
v -1.177733 1.001555 0.941904
v -1.186533 1.036255 0.909604
v -1.167333 1.055655 0.946305
v -1.175033 1.091455 0.918004
v -1.162533 1.109755 0.954305
v -1.172133 1.149155 0.931804
v -1.168432 1.164955 0.965105
v -1.230633 1.090755 1.077105
v -1.252833 1.141855 1.079104
v -1.213133 1.115755 1.071204
v -1.233732 1.183655 1.080105
v -1.173633 1.034055 0.982904
v -1.179933 1.070855 1.021004
v -1.166733 1.085955 0.987505
v -1.180433 1.121055 1.025204
v -1.197433 1.103655 1.049005
v -1.204233 1.154555 1.054305
v -1.166733 1.137655 0.994204
v -1.187433 1.169755 1.028504
v -1.177533 1.189055 1.000304
v -1.199033 1.216755 1.030104
v -1.214033 1.200855 1.053605
v -1.240833 1.235255 1.072205
v -1.223232 1.244755 1.051204
v -1.245332 1.276955 1.068805
v -1.287433 1.186855 1.072905
v -1.321733 1.218855 1.051605
v -1.280533 1.233855 1.079504
v -1.317233 1.267455 1.060905
v -1.340433 1.231255 1.016705
v -1.336033 1.282655 1.030405
v -1.338433 1.287255 0.994804
v -1.338833 1.233755 0.976104
v -1.276932 1.274955 1.079205
v -1.311433 1.308255 1.066304
v -1.275433 1.314155 1.078904
v -1.305032 1.345755 1.068904
v -1.327933 1.235455 0.940904
v -1.329433 1.289055 0.962305
v -1.315833 1.291755 0.932905
v -1.314533 1.237855 0.909205
v -1.330333 1.324855 1.040104
v -1.334433 1.330855 1.008605
v -1.323233 1.361155 1.046604
v -1.328633 1.366455 1.018404
v -1.286533 1.240455 0.885904
v -1.288233 1.295755 0.914304
v -1.256033 1.296255 0.908904
v -1.252333 1.238555 0.877604
v -1.311733 1.370555 0.970704
v -1.315133 1.335255 0.953005
v -1.328833 1.333055 0.978805
v -1.325433 1.368955 0.992104
v -1.207933 1.280755 0.920605
v -1.200933 1.223555 0.887804
v -1.223533 1.232855 0.878604
v -1.228633 1.291655 0.911504
v -1.195132 1.242855 0.940104
v -1.188633 1.202255 0.924805
v -1.194733 1.209255 0.905704
v -1.200633 1.262455 0.933204
v -1.289133 1.338555 0.938804
v -1.288532 1.372755 0.959804
v -1.262333 1.373655 0.957704
v -1.259732 1.339555 0.935605
v -1.182233 1.208255 0.948904
v -1.185333 1.221755 0.977305
v -1.197433 1.259655 0.961304
v -1.203333 1.273055 0.985804
v -1.233133 1.336055 0.940504
v -1.237033 1.369955 0.965905
v -1.221933 1.350855 0.987004
v -1.214233 1.321355 0.952604
v -1.207033 1.295755 0.961405
v -1.213233 1.311955 0.986204
v -1.195633 1.239855 1.005605
v -1.212733 1.261955 1.030205
v -1.210533 1.283955 1.007905
v -1.220933 1.302655 1.026304
v -1.231033 1.288255 1.049104
v -1.247533 1.319955 1.066604
v -1.234333 1.328055 1.043205
v -1.246732 1.359355 1.059205
v -1.216833 1.313755 1.003804
v -1.223033 1.334055 1.013005
v -1.231733 1.360655 1.027205
v -1.241433 1.390255 1.042804
v -1.231333 1.384455 1.006804
v -1.238733 1.411955 1.023104
v -1.241132 1.398955 0.986804
v -1.263133 1.402555 0.977704
v -1.263833 1.427155 0.996204
v -1.245933 1.424255 1.005204
v -1.252133 1.445855 1.022604
v -1.247233 1.436355 1.038204
v -1.266032 1.448055 1.014104
v -1.268033 1.459955 1.026604
v -1.259833 1.461255 1.038604
v -1.254832 1.450455 1.048404
v -1.286033 1.402155 0.978504
v -1.306333 1.400555 0.986904
v -1.283133 1.427155 0.996204
v -1.300832 1.425855 1.002604
v -1.318833 1.398255 1.003804
v -1.312133 1.421955 1.016705
v -1.321633 1.396355 1.025704
v -1.316233 1.415255 1.030504
v -1.252533 1.420055 1.056405
v -1.266032 1.445855 1.061704
v -1.288833 1.428155 1.068204
v -1.263133 1.394355 1.073004
v -1.271533 1.356255 1.079304
v -1.297933 1.385355 1.070405
v -1.315333 1.395755 1.050405
v -1.309633 1.423455 1.048305
v -1.305933 1.440055 1.035004
v -1.294433 1.453155 1.050704
v -1.293432 1.456555 1.033405
v -1.296232 1.445955 1.020405
v -1.275433 1.464455 1.052104
v -1.280733 1.462455 1.031105
v -1.281832 1.447855 1.014004
v -1.621733 0.732355 0.828205
v -1.604033 0.748955 0.826805
v -1.621033 0.756455 0.791205
v -1.643633 0.741855 0.798905
v -1.662233 0.759355 0.788705
v -1.640833 0.773755 0.780205
v -1.618933 0.785155 0.770605
v -1.596833 0.795155 0.761304
v -1.606333 0.768355 0.776005
v -1.585933 0.775855 0.767505
v -1.545833 0.756055 0.904105
v -1.526833 0.771655 0.902905
v -1.542933 0.770255 0.863705
v -1.563433 0.756355 0.863305
v -1.580933 0.760355 0.830105
v -1.555933 0.769955 0.834205
v -1.564833 0.767055 0.809505
v -1.591033 0.761555 0.804005
v -1.592533 0.764455 0.787605
v -1.573233 0.767855 0.786205
v -1.507633 0.789355 0.900105
v -1.489733 0.809555 0.895104
v -1.504533 0.805055 0.857305
v -1.522933 0.786355 0.862005
v -1.574833 0.804055 0.751204
v -1.564133 0.783955 0.759405
v -1.541833 0.793555 0.749804
v -1.553233 0.813755 0.739505
v -1.532333 0.781055 0.833905
v -1.509933 0.794255 0.829804
v -1.515733 0.785555 0.805105
v -1.540033 0.775555 0.809605
v -1.550733 0.773955 0.782105
v -1.526833 0.782355 0.775005
v -1.473633 0.830855 0.886504
v -1.486333 0.823855 0.848705
v -1.457733 0.852955 0.873604
v -1.463533 0.838755 0.837404
v -1.532433 0.826455 0.726104
v -1.519633 0.805455 0.737204
v -1.497233 0.819655 0.722804
v -1.510933 0.842155 0.712404
v -1.486333 0.806455 0.822304
v -1.490133 0.794655 0.796604
v -1.459733 0.816155 0.812404
v -1.462933 0.802355 0.784404
v -1.502033 0.790755 0.763604
v -1.476533 0.799955 0.748404
v -1.438133 0.872255 0.856204
v -1.436833 0.851055 0.823404
v -1.415433 0.884255 0.834804
v -1.412333 0.861855 0.804105
v -1.431233 0.827255 0.798505
v -1.436033 0.814555 0.768504
v -1.409233 0.840555 0.779204
v -1.416533 0.830955 0.751304
v -1.379233 0.872355 0.742104
v -1.374133 0.890155 0.780804
v -1.356233 0.891455 0.755904
v -1.361433 0.879155 0.721304
v -1.394133 0.888955 0.808405
v -1.392933 0.868055 0.778305
v -1.395933 0.851755 0.755604
v -1.405933 0.845055 0.734804
v -1.392233 0.859755 0.729904
v -1.401133 0.853855 0.722205
v -1.487633 0.859855 0.699104
v -1.474333 0.837855 0.709405
v -1.453333 0.855155 0.698304
v -1.464333 0.875355 0.687005
v -1.452333 0.815355 0.732305
v -1.433433 0.833855 0.719104
v -1.368433 0.869355 0.684704
v -1.377333 0.874355 0.652505
v -1.398133 0.874555 0.669105
v -1.386633 0.867455 0.698605
v -1.398233 0.929755 0.610905
v -1.392433 0.906555 0.622604
v -1.428033 0.925155 0.631105
v -1.421033 0.900955 0.646905
v -1.398833 0.862955 0.700904
v -1.410033 0.857855 0.702004
v -1.410732 0.872455 0.677504
v -1.421932 0.870955 0.681904
v -1.406433 0.886855 0.653205
v -1.384933 0.888455 0.634804
v -1.416133 0.882855 0.664504
v -1.426133 0.885255 0.666905
v -1.442933 0.883455 0.675505
v -1.447833 0.901455 0.662904
v -1.436233 0.865755 0.689305
v -1.455233 0.922355 0.650004
v -1.421232 0.848355 0.709104
v -1.817033 -0.650945 0.773505
v -1.797033 -0.634545 0.786605
v -1.831933 -0.656245 0.755305
v -1.810433 -0.644145 0.744105
v -1.798933 -0.640545 0.759505
v -1.787933 -0.631545 0.771405
v -1.774033 -0.610545 0.794105
v -1.773033 -0.612645 0.769605
v -1.753533 -0.578145 0.767905
v -1.749433 -0.578045 0.797105
v -1.780033 -0.616645 0.750805
v -1.789533 -0.619245 0.733605
v -1.774033 -0.579645 0.726405
v -1.763033 -0.579145 0.746005
v -1.727833 -0.535645 0.796105
v -1.708633 -0.491345 0.794105
v -1.734433 -0.532945 0.766205
v -1.712433 -0.486545 0.764505
v -1.683433 -0.455345 0.793205
v -1.681033 -0.450945 0.762105
v -1.688033 -0.438545 0.726105
v -1.654433 -0.398545 0.725805
v -1.722333 -0.481045 0.736405
v -1.736333 -0.477545 0.709105
v -1.705533 -0.427645 0.693705
v -1.680633 -0.356845 0.682705
v -1.617433 -0.363445 0.743205
v -1.631933 -0.332845 0.712405
v -1.622033 -0.312545 0.685705
v -1.643933 -0.317545 0.664105
v -1.746133 -0.531045 0.742105
v -1.759633 -0.529745 0.720205
v -1.959233 0.245554 0.556505
v -1.955433 0.257555 0.536605
v -1.949933 0.241455 0.527805
v -1.956433 0.228455 0.546905
v -1.940633 0.256655 0.511905
v -1.947133 0.270755 0.520805
v -1.933133 0.242855 0.502005
v -1.941733 0.224655 0.517705
v -1.951133 0.211355 0.535405
v -1.926933 0.293755 0.500005
v -1.917033 0.290755 0.493005
v -1.929233 0.273155 0.499505
v -1.936233 0.283955 0.508405
v -1.903333 0.284755 0.485005
v -1.921233 0.263955 0.489905
v -1.984533 0.275054 0.561105
v -1.978533 0.285655 0.544505
v -1.964533 0.273654 0.543505
v -1.968433 0.263454 0.561805
v -1.966733 0.297655 0.529805
v -1.955633 0.285155 0.528205
v -1.942533 0.297055 0.514005
v -1.926833 0.306455 0.501005
v -1.949133 0.310555 0.515805
v -1.927633 0.321655 0.502305
v -1.904433 0.328454 0.490005
v -1.908833 0.310355 0.490605
v -1.888233 0.308754 0.484705
v -1.880633 0.332755 0.482805
v -1.965333 0.200555 0.518905
v -1.972433 0.189455 0.541705
v -1.957033 0.200755 0.554605
v -1.991833 0.177955 0.525405
v -1.984033 0.189655 0.497805
v -1.994533 0.163855 0.558405
v -1.974233 0.184454 0.566105
v -1.962833 0.195855 0.569305
v -1.941333 0.234055 0.481805
v -1.954333 0.214654 0.498305
v -1.969933 0.203754 0.474205
v -1.952333 0.223855 0.455505
v -1.922433 0.256054 0.470605
v -1.899533 0.279555 0.465805
v -1.900133 0.273355 0.438405
v -1.928533 0.248055 0.443305
v -1.876833 0.305455 0.467805
v -1.861033 0.331855 0.472505
v -1.846833 0.333955 0.445605
v -1.874233 0.302355 0.439305
v -1.959133 0.322454 0.510305
v -1.980033 0.306355 0.523105
v -1.992633 0.310455 0.510805
v -1.969233 0.327055 0.496405
v -1.933733 0.335255 0.498105
v -1.941333 0.341955 0.484305
v -1.906433 0.343554 0.485905
v -1.881233 0.350055 0.476905
v -1.912733 0.354555 0.474305
v -1.886533 0.364855 0.469405
v -1.841733 0.356455 0.463005
v -1.867333 0.371055 0.465905
v -1.860733 0.353055 0.470605
v -1.850033 0.377254 0.461805
v -1.829333 0.387455 0.457205
v -1.820233 0.366654 0.454505
v -1.806333 0.401754 0.453405
v -1.797133 0.384355 0.445805
v -1.818133 0.354054 0.429605
v -1.793133 0.376154 0.419705
v -1.779933 0.418355 0.456605
v -1.768533 0.403455 0.447405
v -1.753233 0.436555 0.468305
v -1.736633 0.421854 0.458805
v -1.728533 0.420754 0.426605
v -1.762533 0.398755 0.419605
v -1.712033 0.493855 0.486405
v -1.683433 0.480555 0.481005
v -1.707033 0.446255 0.473505
v -1.730533 0.461255 0.481805
v -1.696933 0.447755 0.436705
v -1.673933 0.482055 0.442105
v -2.041333 0.118255 0.582505
v -2.019032 0.140455 0.570405
v -2.037133 0.135254 0.546805
v -2.052032 0.114355 0.564605
v -2.021033 0.150455 0.526905
v -2.051033 0.122955 0.527805
v -2.040333 0.136455 0.503605
v -2.058331 0.104855 0.550705
v -2.003232 0.174555 0.470305
v -2.012332 0.162855 0.499705
v -2.030733 0.145755 0.475205
v -2.016133 0.153955 0.445505
v -1.983933 0.187055 0.444505
v -1.991633 0.165154 0.418505
v -1.957333 0.204154 0.424605
v -1.959433 0.182654 0.396605
v -1.925833 0.228654 0.411805
v -1.894833 0.258355 0.403605
v -1.885933 0.239755 0.372405
v -1.921633 0.208654 0.383005
v -1.869833 0.290655 0.398405
v -1.845133 0.320455 0.393305
v -1.833233 0.300555 0.352305
v -1.857933 0.270755 0.362705
v -1.791133 0.371655 0.371705
v -1.818033 0.345155 0.382905
v -1.807533 0.328855 0.338705
v -1.780933 0.359055 0.325105
v -1.727233 0.427655 0.370105
v -1.760533 0.399955 0.367905
v -1.751033 0.392255 0.316705
v -1.718933 0.425855 0.313905
v -1.697733 0.459855 0.375805
v -1.676933 0.496555 0.378605
v -1.688833 0.461255 0.315305
v -1.662733 0.498755 0.315605
v -2.054433 0.106055 0.518505
v -2.061831 0.093455 0.543805
v -2.044933 0.115755 0.492905
v -2.037133 0.095654 0.497105
v -2.049433 0.089455 0.520405
v -2.058432 0.081455 0.544005
v -2.033333 0.121855 0.465205
v -2.017232 0.128254 0.434805
v -2.003133 0.103055 0.442505
v -2.022233 0.099854 0.473405
v -1.941233 0.131855 0.384605
v -1.980733 0.118855 0.406205
v -1.991033 0.139854 0.403905
v -1.955133 0.159154 0.379105
v -1.954033 0.103955 0.404905
v -1.973933 0.106555 0.410805
v -1.962133 0.089155 0.421705
v -1.978733 0.093855 0.432105
v -1.857533 0.203454 0.354305
v -1.897033 0.168355 0.366705
v -1.913133 0.188155 0.364305
v -1.873433 0.221255 0.354205
v -1.816333 0.281955 0.333605
v -1.842133 0.252155 0.345605
v -1.798733 0.266254 0.332905
v -1.825733 0.236155 0.345305
v -1.766933 0.343154 0.300505
v -1.791833 0.311355 0.317605
v -1.747933 0.326155 0.298605
v -1.773633 0.295555 0.316405
v -1.688233 0.397554 0.279205
v -1.718833 0.360655 0.285005
v -1.738933 0.378954 0.287405
v -1.707333 0.415655 0.282205
v -1.949033 0.372955 0.483105
v -1.920633 0.388255 0.479105
v -1.917033 0.371555 0.475705
v -1.947033 0.356154 0.480405
v -1.890633 0.383655 0.475405
v -1.896733 0.402455 0.479405
v -1.947133 0.400455 0.462505
v -1.932433 0.412155 0.454705
v -1.925233 0.402055 0.469005
v -1.948733 0.389355 0.474105
v -1.905133 0.415655 0.464805
v -1.915933 0.426855 0.446805
v -1.879433 0.414355 0.481805
v -1.871733 0.392455 0.475205
v -1.855433 0.400555 0.472705
v -1.863733 0.424755 0.480905
v -1.901933 0.439055 0.439405
v -1.889633 0.427655 0.461905
v -1.875833 0.439055 0.458205
v -1.888833 0.450355 0.431205
v -1.947033 0.455855 0.423805
v -1.933633 0.474255 0.411305
v -1.916833 0.455355 0.424805
v -1.930133 0.440255 0.434605
v -1.904633 0.469255 0.415605
v -1.922033 0.491655 0.402305
v -1.846633 0.434055 0.473905
v -1.836833 0.410055 0.467205
v -1.816333 0.421955 0.462905
v -1.829333 0.444255 0.466805
v -1.862133 0.479055 0.414205
v -1.875533 0.464155 0.423405
v -1.892433 0.484655 0.405805
v -1.880633 0.501755 0.395005
v -1.910833 0.509555 0.392305
v -1.900133 0.528455 0.381205
v -1.861033 0.451355 0.452505
v -1.845833 0.463455 0.445105
v -1.811833 0.458055 0.464605
v -1.794133 0.436855 0.465105
v -1.796633 0.476955 0.465505
v -1.773533 0.455455 0.474005
v -1.757533 0.480355 0.481405
v -1.743833 0.511455 0.481305
v -1.784233 0.499255 0.461105
v -1.772833 0.527255 0.453805
v -1.849533 0.496255 0.404705
v -1.830133 0.476655 0.437405
v -1.816433 0.493955 0.431005
v -1.838533 0.514855 0.395205
v -1.889933 0.549555 0.369805
v -1.869833 0.520955 0.383305
v -1.860133 0.540955 0.372105
v -1.880533 0.570655 0.357805
v -1.828333 0.532555 0.384005
v -1.805333 0.513455 0.422205
v -1.794533 0.537755 0.412405
v -1.817733 0.553355 0.373005
v -1.872633 0.589955 0.345605
v -1.851533 0.559855 0.361005
v -1.841733 0.580055 0.349805
v -1.863533 0.610255 0.333805
v -1.804733 0.579255 0.362305
v -1.782233 0.569155 0.403005
v -1.765433 0.603755 0.389305
v -1.787133 0.609255 0.347505
v -1.742733 0.601455 0.431505
v -1.759833 0.563555 0.445705
v -1.850833 0.633755 0.321905
v -1.828933 0.603355 0.337805
v -1.810833 0.630555 0.321005
v -1.832733 0.660955 0.304405
v -1.807633 0.694755 0.279705
v -1.785833 0.663955 0.297605
v -1.759433 0.703655 0.276205
v -1.780733 0.736355 0.259505
v -1.736633 0.678655 0.301205
v -1.762433 0.642455 0.324605
v -1.693733 0.752755 0.263405
v -1.714933 0.714055 0.282205
v -1.736633 0.742355 0.256405
v -1.715233 0.785355 0.236905
v -1.757733 0.776955 0.237605
v -1.736233 0.822954 0.217205
v -1.713833 0.875254 0.190005
v -1.692233 0.836454 0.213705
v -1.669133 0.893154 0.194405
v -1.691533 0.933655 0.170805
v -1.645733 0.853755 0.221805
v -1.670433 0.800855 0.242005
v -1.933333 0.095455 0.415905
v -1.948233 0.075855 0.435705
v -1.914933 0.125255 0.399205
v -1.896133 0.117955 0.418605
v -1.911733 0.086055 0.436605
v -1.925533 0.063354 0.459505
v -1.882833 0.158755 0.383405
v -1.845533 0.191154 0.366105
v -1.835933 0.182155 0.384105
v -1.869833 0.152655 0.403005
v -1.814333 0.223454 0.353205
v -1.786633 0.254455 0.340505
v -1.777133 0.243655 0.352905
v -1.805433 0.212554 0.367505
v -1.760133 0.284355 0.325405
v -1.732733 0.314955 0.310605
v -1.721433 0.306155 0.326905
v -1.749933 0.274755 0.339105
v -1.742533 0.267055 0.356905
v -1.769833 0.235155 0.371005
v -1.713433 0.298755 0.344505
v -1.701433 0.282355 0.350305
v -1.731133 0.251755 0.367905
v -1.758933 0.221455 0.386005
v -1.989533 0.502355 0.397805
v -1.978933 0.527155 0.376505
v -1.953833 0.494555 0.391305
v -1.966733 0.473255 0.408105
v -1.942333 0.516655 0.384005
v -1.965333 0.552155 0.370005
v -1.954433 0.571955 0.358105
v -1.931633 0.536455 0.374305
v -1.921233 0.555555 0.362605
v -1.944133 0.590055 0.344405
v -1.930933 0.612355 0.338105
v -1.910333 0.577655 0.352905
v -1.900333 0.598855 0.341105
v -1.920133 0.632955 0.327305
v -1.913633 0.650855 0.312505
v -1.892833 0.617355 0.327605
v -1.883833 0.638255 0.315905
v -1.903833 0.672155 0.300105
v -1.888033 0.700155 0.292105
v -1.870633 0.663755 0.305205
v -1.852233 0.693155 0.287705
v -1.869933 0.732155 0.273305
v -1.845233 0.773055 0.252905
v -1.827633 0.730055 0.263805
v -1.800933 0.772755 0.241005
v -1.820533 0.817755 0.227605
v -1.796933 0.864455 0.208505
v -1.778033 0.815355 0.216805
v -1.755633 0.864754 0.200405
v -1.773133 0.914855 0.193705
v -1.748433 0.969754 0.178005
v -1.732933 0.919854 0.177905
v -1.711233 0.976454 0.158705
v -1.727533 1.023355 0.161405
v -2.083032 0.522055 0.452805
v -2.053533 0.566655 0.432805
v -2.036833 0.514055 0.413405
v -2.063333 0.473055 0.430705
v -2.014432 0.549855 0.399105
v -2.026233 0.603955 0.417605
v -2.007432 0.470555 0.413805
v -2.029833 0.434255 0.431305
v -2.015333 0.636955 0.398505
v -2.005733 0.579255 0.376805
v -1.990233 0.604355 0.367105
v -1.999533 0.661455 0.383305
v -1.988333 0.681555 0.366605
v -1.978133 0.624455 0.353605
v -1.968333 0.642255 0.337705
v -1.980733 0.700355 0.349305
v -1.963133 0.716755 0.340705
v -1.951233 0.661855 0.333005
v -1.939133 0.681255 0.324005
v -1.949633 0.734155 0.333005
v -1.940633 0.754055 0.322705
v -1.932633 0.700555 0.310905
v -1.923433 0.723055 0.296705
v -1.931833 0.778855 0.309105
v -1.908033 0.805955 0.300405
v -1.902933 0.751555 0.290105
v -1.885533 0.786355 0.271105
v -1.888533 0.842355 0.286405
v -1.863533 0.885755 0.270905
v -1.860133 0.829055 0.253805
v -1.838233 0.876655 0.229805
v -1.840933 0.934755 0.252505
v -1.813533 0.982855 0.237605
v -1.811233 0.925055 0.216005
v -1.790133 0.974854 0.197505
v -1.795833 1.032754 0.219605
v -2.094432 0.512655 0.600205
v -2.067332 0.559455 0.566905
v -2.108832 0.523255 0.521805
v -2.132532 0.471055 0.555205
v -2.070532 0.569155 0.493705
v -2.031433 0.600855 0.534905
v -2.120732 0.473755 0.475005
v -2.142931 0.422355 0.509105
v -2.000833 0.642155 0.509505
v -2.040333 0.614255 0.471005
v -2.011533 0.650055 0.452105
v -1.974533 0.676855 0.486605
v -1.961133 0.708455 0.466905
v -1.998333 0.682855 0.433905
v -1.985433 0.707755 0.415405
v -1.950633 0.734155 0.448205
v -1.940433 0.757055 0.432705
v -1.975233 0.729355 0.398205
v -1.967433 0.750255 0.383005
v -1.929833 0.777455 0.419405
v -1.917533 0.794755 0.407105
v -1.954133 0.767655 0.371105
v -1.939733 0.783455 0.362105
v -1.905133 0.811855 0.395805
v -1.893633 0.831354 0.384605
v -1.927433 0.801655 0.351905
v -1.915033 0.825155 0.339805
v -1.879533 0.852955 0.372105
v -1.861333 0.878255 0.359105
v -1.893133 0.850755 0.327705
v -1.873333 0.886055 0.315705
v -1.842933 0.912655 0.348205
v -1.820733 0.955355 0.336905
v -1.851033 0.930155 0.301805
v -1.829233 0.979255 0.286805
v -1.798633 1.002855 0.324405
v -1.780133 1.052155 0.309905
v -1.806433 1.027755 0.270705
v -1.790033 1.076555 0.255205
v -1.766233 1.100655 0.294905
v -2.012332 0.149855 0.620205
v -2.009333 0.145955 0.596805
v -2.033032 0.119755 0.603305
v -2.033933 0.121455 0.622705
v -1.987733 0.170455 0.593905
v -1.991233 0.183155 0.621005
v -1.955433 0.217854 0.568905
v -1.955733 0.236355 0.581205
v -1.958533 0.205355 0.586305
v -1.959833 0.223355 0.606805
v -1.966233 0.255655 0.585005
v -1.970833 0.248555 0.605205
v -1.985233 0.256454 0.595205
v -1.985333 0.265155 0.580905
v -1.988633 0.239655 0.607805
v -1.998633 0.252554 0.594405
v -1.979033 0.225655 0.616505
v -1.999633 0.221654 0.615305
v -2.007233 0.233755 0.604105
v -2.015433 0.247555 0.592305
v -1.972633 0.202655 0.612305
v -1.971633 0.190355 0.592205
v -1.978833 0.211454 0.619405
v -1.995533 0.205854 0.622705
v -2.119833 0.055755 0.795205
v -2.105432 0.074155 0.784505
v -2.117232 0.067655 0.766905
v -2.127831 0.050455 0.777905
v -2.109432 0.086655 0.757505
v -2.094831 0.095155 0.775705
v -2.117332 0.076355 0.743105
v -2.123532 0.058155 0.753805
v -2.131632 0.041355 0.765305
v -2.086932 0.115555 0.767105
v -2.103732 0.105155 0.747505
v -2.099532 0.123255 0.736205
v -2.081831 0.136155 0.756805
v -2.108232 0.112154 0.720405
v -2.112332 0.094254 0.732105
v -2.106431 0.150054 0.697005
v -2.106332 0.131255 0.708405
v -2.098433 0.142155 0.723605
v -2.100732 0.161055 0.711805
v -2.081432 0.157655 0.743605
v -2.085532 0.178555 0.730705
v -2.090332 0.197054 0.719705
v -2.103132 0.178655 0.701705
v -2.100832 0.194954 0.691805
v -2.089832 0.213355 0.708705
v -2.104432 0.183855 0.678105
v -2.107233 0.167254 0.687105
v -2.044833 0.286855 0.760305
v -2.042733 0.303154 0.748905
v -2.068831 0.262155 0.724905
v -2.069531 0.244555 0.733905
v -2.076532 0.277355 0.722205
v -2.049333 0.318055 0.744605
v -2.093632 0.243355 0.693605
v -2.087632 0.229354 0.699605
v -2.099232 0.217355 0.663905
v -2.099932 0.200855 0.670005
v -2.096732 0.210955 0.683105
v -2.097832 0.225554 0.676205
v -2.068831 0.068155 0.619205
v -2.068933 0.068055 0.631705
v -2.052533 0.093155 0.615405
v -2.056931 0.092854 0.599705
v -2.056332 0.095955 0.629605
v -2.074232 0.070955 0.642005
v -2.070832 0.074255 0.591505
v -2.070732 0.070755 0.605005
v -2.061732 0.091155 0.585305
v -2.065132 0.086555 0.574405
v -2.033933 0.077754 0.535005
v -2.046432 0.072355 0.552105
v -2.018533 0.082355 0.517405
v -2.001432 0.067554 0.538705
v -2.017833 0.066055 0.551605
v -2.033233 0.063455 0.566205
v -2.001132 0.083555 0.499805
v -1.983033 0.081055 0.480605
v -1.983633 0.065855 0.527405
v -1.959833 0.058355 0.518305
v -1.942833 0.057255 0.487705
v -1.965233 0.076155 0.459205
v -2.064033 0.071655 0.568805
v -2.068131 0.078755 0.569505
v -2.066731 0.055355 0.596805
v -2.074831 0.064555 0.594305
v -2.081933 0.044255 0.650205
v -2.079432 0.045955 0.637505
v -2.084631 0.020755 0.658205
v -2.086731 0.046855 0.659405
v -2.091632 0.019955 0.670305
v -2.097432 0.022955 0.678605
v -2.074732 0.038655 0.628105
v -2.078232 0.053555 0.618205
v -2.048633 0.061055 0.582205
v -2.055433 0.068254 0.568205
v -1.991833 0.040355 0.558105
v -2.002233 0.041655 0.569105
v -2.005433 0.056955 0.565005
v -1.991733 0.056155 0.553805
v -2.019533 0.055855 0.579605
v -2.013333 0.039755 0.584005
v -2.025633 0.034555 0.601505
v -2.035233 0.052055 0.596005
v -2.052032 0.041755 0.613805
v -2.041533 0.025155 0.618705
v -2.066232 0.026655 0.636205
v -2.060132 0.012255 0.635905
v -2.078932 -0.002645 0.654005
v -2.078632 0.010355 0.658505
v -2.090733 -0.004845 0.674905
v -2.097332 -0.006345 0.682005
v -2.099332 -0.017645 0.670405
v -2.121032 -0.031545 0.689105
v -2.102633 -0.006745 0.689105
v -2.122732 -0.029545 0.703105
v -2.124732 -0.025245 0.712105
v -2.109732 -0.002345 0.696805
v -2.102232 -0.030645 0.621405
v -2.118832 -0.046545 0.643805
v -2.111032 -0.029445 0.658005
v -2.090432 -0.014745 0.638805
v -2.131732 -0.067345 0.672105
v -2.130532 -0.048245 0.680405
v -2.065232 -0.011445 0.588205
v -2.083632 -0.019245 0.603105
v -2.070132 -0.002945 0.621305
v -2.051533 0.006655 0.605205
v -2.033933 -0.001845 0.562705
v -2.048333 -0.005945 0.575205
v -2.035733 0.013955 0.589705
v -2.022933 0.019255 0.574705
v -2.021933 0.001655 0.550405
v -2.010733 0.021155 0.561805
v -2.000533 0.020355 0.550905
v -2.011833 0.003455 0.538505
v -2.125833 -0.007945 0.724605
v -2.115832 0.012455 0.710605
v -2.114332 0.004955 0.704005
v -2.126431 -0.016645 0.719105
v -2.102432 0.028655 0.687005
v -2.104532 0.034755 0.695205
v -2.123532 0.046155 0.740705
v -2.132731 0.029355 0.752105
v -2.116132 0.064355 0.729405
v -2.113732 0.054554 0.717805
v -2.122231 0.035355 0.729605
v -2.132532 0.017755 0.740605
v -2.126932 0.003055 0.731105
v -2.118132 0.023055 0.718705
v -2.116732 0.018055 0.715105
v -2.125532 -0.001145 0.727605
v -2.106332 0.039655 0.701005
v -2.108832 0.044055 0.705305
v -2.120332 0.028255 0.722905
v -2.130033 0.009155 0.734405
v -2.111433 0.048355 0.710305
v -2.092031 0.051355 0.668905
v -2.095531 0.056255 0.678505
v -2.086632 0.077955 0.662605
v -2.080832 0.074155 0.652205
v -2.102232 0.092555 0.693405
v -2.107233 0.073255 0.705505
v -2.110332 0.082455 0.717605
v -2.105932 0.101055 0.705605
v -2.097932 0.060455 0.686005
v -2.100533 0.064255 0.692105
v -2.093932 0.084754 0.679105
v -2.091232 0.081455 0.671305
v -2.097631 0.087855 0.685705
v -2.103832 0.067855 0.697705
v -2.066632 0.098355 0.639205
v -2.077631 0.100955 0.648705
v -2.067632 0.124555 0.637905
v -2.049833 0.123655 0.632005
v -2.103333 0.120955 0.693905
v -2.103132 0.140455 0.682605
v -2.099031 0.133355 0.670305
v -2.099432 0.113255 0.681805
v -2.086232 0.103755 0.657205
v -2.089732 0.106655 0.666805
v -2.086833 0.128254 0.654905
v -2.081233 0.125755 0.644305
v -2.092731 0.130155 0.662405
v -2.093932 0.109255 0.674105
v -2.103432 0.174855 0.663005
v -2.104331 0.157855 0.672205
v -2.099532 0.151255 0.659305
v -2.098632 0.168855 0.649405
v -2.034633 0.150855 0.628105
v -2.058932 0.148155 0.629205
v -2.052032 0.170655 0.621505
v -2.024133 0.176754 0.626305
v -2.075832 0.146955 0.633705
v -2.083832 0.148155 0.644505
v -2.079932 0.167755 0.635805
v -2.070432 0.168055 0.625405
v -2.089531 0.167254 0.642205
v -2.091632 0.148954 0.651805
v -2.096132 0.209354 0.648705
v -2.099432 0.192655 0.654905
v -2.094233 0.187254 0.641105
v -2.087831 0.204355 0.635905
v -2.021233 0.198755 0.621205
v -2.046633 0.191755 0.617605
v -2.043633 0.210454 0.613605
v -2.022433 0.215354 0.612305
v -2.077132 0.204755 0.631205
v -2.083832 0.186455 0.635105
v -2.072433 0.188055 0.632105
v -2.065632 0.207355 0.629305
v -2.056032 0.208555 0.621705
v -2.062232 0.189054 0.623905
v -2.059031 0.391855 0.445705
v -2.096432 0.426355 0.448405
v -2.122532 0.379955 0.476905
v -2.085132 0.350755 0.467305
v -1.977433 0.338455 0.489205
v -2.003633 0.319555 0.503905
v -2.013333 0.335155 0.497605
v -1.979433 0.356555 0.488905
v -2.004632 0.412855 0.442405
v -2.032633 0.374955 0.457105
v -1.984533 0.397655 0.457605
v -2.018133 0.365254 0.469905
v -2.059132 0.337355 0.473405
v -2.042333 0.331855 0.482905
v -1.961033 0.400054 0.460305
v -1.945733 0.421154 0.446105
v -1.963033 0.431455 0.438105
v -1.973533 0.378555 0.477305
v -1.996733 0.367555 0.479005
v -2.014733 0.354955 0.480105
v -2.030733 0.329355 0.491505
v -1.983133 0.445555 0.425005
v -1.978633 0.052355 0.545305
v -1.963833 0.046355 0.543105
v -1.971933 0.031855 0.549705
v -1.983733 0.036655 0.549305
v -1.980633 0.013855 0.541005
v -1.992633 0.017655 0.540905
v -1.986533 -0.002145 0.528305
v -2.001432 0.001855 0.527605
v -1.992333 -0.015545 0.530705
v -2.005233 -0.010745 0.523805
v -2.000633 -0.024145 0.539605
v -2.014033 -0.012845 0.532005
v -2.022833 -0.016945 0.543805
v -2.011933 -0.032545 0.548805
v -2.025833 -0.041145 0.559205
v -2.034233 -0.022445 0.556705
v -2.041132 -0.049245 0.570805
v -2.048333 -0.028245 0.569005
v -2.064532 -0.034945 0.581805
v -2.057832 -0.057645 0.583805
v -2.075432 -0.066945 0.598505
v -2.081933 -0.043245 0.596305
v -2.099432 -0.054145 0.614005
v -2.092133 -0.077445 0.615405
v -2.105832 -0.089045 0.635405
v -2.115032 -0.069145 0.636305
v -2.126932 -0.089345 0.666105
v -2.112932 -0.106645 0.664805
v -2.093232 -0.109045 0.671005
v -2.092833 -0.096445 0.645105
v -2.078532 -0.089545 0.636605
v -2.064733 -0.105145 0.677705
v -2.019333 -0.075045 0.645005
v -2.040133 -0.087945 0.660905
v -2.061131 -0.078945 0.623605
v -2.042233 -0.068245 0.608405
v -1.981333 -0.049945 0.618105
v -1.999233 -0.063345 0.630205
v -2.024133 -0.059145 0.594305
v -2.007233 -0.049345 0.582405
v -1.979033 -0.027745 0.563905
v -1.991633 -0.039045 0.572505
v -1.965733 -0.035345 0.609205
v -1.952933 -0.020845 0.601705
v -1.966333 -0.001745 0.551405
v -1.934933 0.004955 0.586505
v -1.942733 -0.007945 0.593205
v -1.970733 -0.016145 0.554705
v -1.953333 0.028255 0.561105
v -1.961933 0.012855 0.558005
v -1.921133 0.028055 0.581805
v -1.928333 0.017155 0.584305
v -1.943433 0.040055 0.553705
v -1.932633 0.048055 0.538305
v -1.906333 0.052055 0.566005
v -1.913933 0.039355 0.576205
v -1.919033 0.054455 0.515905
v -1.904933 0.068155 0.490105
v -1.884233 0.082055 0.527005
v -1.896333 0.066955 0.549105
v -1.892533 0.088855 0.465505
v -1.878633 0.116655 0.443805
v -1.859033 0.120855 0.477505
v -1.872833 0.100055 0.502205
v -1.857233 0.148954 0.425605
v -1.826833 0.174954 0.405305
v -1.809433 0.157754 0.429705
v -1.838433 0.144955 0.455905
v -1.785833 0.189354 0.402205
v -1.797933 0.204055 0.387205
v -1.773433 0.054155 0.454605
v -1.767433 0.102955 0.431605
v -1.749033 0.080955 0.421305
v -1.734533 0.054554 0.406205
v -1.757833 0.023455 0.437905
v -1.761733 0.052555 0.435605
v -1.778233 0.000655 0.471705
v -1.769133 0.164454 0.404005
v -1.783733 0.137255 0.431705
v -1.742833 0.196754 0.386605
v -1.722333 0.172655 0.395105
v -1.748333 0.138454 0.406905
v -1.715433 0.228255 0.368605
v -1.685933 0.260555 0.349305
v -1.666633 0.239155 0.352605
v -1.694833 0.206355 0.377705
v -1.669133 0.315155 0.334405
v -1.653833 0.295555 0.331705
v -1.623733 0.330455 0.316905
v -1.638633 0.347555 0.323905
v -1.606133 0.313555 0.310505
v -1.635833 0.275754 0.330105
v -1.599233 0.364055 0.309505
v -1.614033 0.376455 0.322805
v -1.592233 0.401955 0.330305
v -1.573733 0.392255 0.316005
v -1.581233 0.352455 0.296105
v -1.552033 0.383755 0.299505
v -1.660733 0.372555 0.316005
v -1.690333 0.339755 0.319205
v -1.702533 0.348754 0.300505
v -1.672433 0.383455 0.295605
v -1.681433 0.331655 0.335505
v -1.651333 0.362755 0.331205
v -1.636233 0.401155 0.316405
v -1.627933 0.389154 0.331905
v -1.608233 0.413155 0.336405
v -1.616033 0.425555 0.320405
v -1.675133 0.451855 0.283405
v -1.644433 0.488755 0.284805
v -1.622433 0.470355 0.282405
v -1.657433 0.433755 0.280605
v -1.644533 0.415854 0.295605
v -1.621233 0.440455 0.300305
v -1.605533 0.452255 0.310305
v -1.599333 0.445155 0.328005
v -1.595533 0.472855 0.304405
v -1.582633 0.469955 0.329705
v -1.588833 0.436755 0.341605
v -1.570433 0.426655 0.336905
v -1.566733 0.464655 0.345005
v -1.545333 0.454355 0.338705
v -1.729833 0.113455 0.411905
v -1.704833 0.149455 0.405205
v -1.689333 0.129255 0.405805
v -1.716233 0.095654 0.408805
v -1.696733 0.057455 0.334305
v -1.713833 0.054855 0.362405
v -1.701233 0.086854 0.348405
v -1.684533 0.080055 0.313905
v -1.710433 0.088755 0.382405
v -1.683233 0.118755 0.367805
v -1.674533 0.117155 0.331205
v -1.660733 0.110155 0.295705
v -1.686033 0.123055 0.389205
v -1.708933 0.097555 0.396505
v -1.674933 0.188055 0.393105
v -1.648333 0.222255 0.360705
v -1.634033 0.206954 0.359405
v -1.654833 0.166455 0.394705
v -1.635833 0.201055 0.342505
v -1.657533 0.157155 0.371005
v -1.656933 0.155055 0.346405
v -1.637033 0.198255 0.319005
v -1.634533 0.193554 0.284105
v -1.652233 0.152955 0.309405
v -1.638833 0.144054 0.276205
v -1.621133 0.181355 0.253105
v -1.618933 0.260254 0.330505
v -1.589233 0.301655 0.304705
v -1.607433 0.249454 0.326705
v -1.575033 0.293555 0.299205
v -1.573633 0.288054 0.284105
v -1.607733 0.244755 0.312505
v -1.612733 0.242354 0.290205
v -1.579933 0.285155 0.263805
v -1.582233 0.277854 0.237605
v -1.613733 0.235655 0.258905
v -1.602033 0.220455 0.231005
v -1.571433 0.262155 0.216105
v -1.663933 0.061055 0.302905
v -1.683333 0.038955 0.334105
v -1.639333 0.091955 0.284305
v -1.620133 0.067855 0.282705
v -1.647433 0.035755 0.302105
v -1.667433 0.016255 0.337705
v -1.617433 0.126655 0.266305
v -1.599333 0.162555 0.242705
v -1.574633 0.139755 0.245305
v -1.595933 0.104355 0.268305
v -1.579533 0.199655 0.220605
v -1.552333 0.242255 0.205805
v -1.529733 0.220055 0.200405
v -1.553933 0.176255 0.220305
v -1.533033 0.308855 0.203405
v -1.517833 0.291755 0.192505
v -1.485033 0.338455 0.178505
v -1.498233 0.352855 0.190005
v -1.468833 0.321655 0.171605
v -1.499033 0.272455 0.185805
v -1.474533 0.253155 0.192905
v -1.500433 0.199655 0.212105
v -1.448833 0.303655 0.176305
v -1.428632 0.290454 0.190405
v -1.449433 0.240755 0.211205
v -1.470733 0.188055 0.233405
v -1.780033 -0.048645 0.508005
v -1.764433 -0.030545 0.467505
v -1.753933 -0.058045 0.469905
v -1.775733 -0.078345 0.496105
v -1.776933 -0.053045 0.491005
v -1.792433 -0.098545 0.528905
v -1.741533 -0.008145 0.442605
v -1.716633 0.011755 0.412605
v -1.693933 -0.020845 0.414305
v -1.727233 -0.038945 0.444205
v -1.680733 0.002555 0.376305
v -1.698933 0.025155 0.373505
v -1.654233 0.001555 0.346205
v -1.667733 -0.007645 0.373805
v -1.648733 -0.012645 0.357305
v -1.668133 -0.021945 0.387905
v -1.632133 0.017455 0.313705
v -1.602133 0.045455 0.291105
v -1.590133 0.027155 0.300205
v -1.624433 0.003855 0.323705
v -1.572433 0.079555 0.277505
v -1.545533 0.115755 0.260205
v -1.510133 0.092655 0.280305
v -1.552233 0.056155 0.290605
v -1.489833 0.140954 0.255405
v -1.523033 0.154555 0.236205
v -1.782733 -0.101045 0.486505
v -1.808033 -0.126045 0.510605
v -1.757933 -0.081245 0.459905
v -1.761433 -0.101245 0.449205
v -1.788933 -0.121245 0.472105
v -1.816733 -0.145645 0.494405
v -1.729333 -0.064345 0.435705
v -1.698533 -0.051745 0.413505
v -1.705933 -0.071045 0.403805
v -1.733433 -0.084545 0.426905
v -1.732633 -0.099545 0.420405
v -1.729033 -0.112845 0.414005
v -1.753933 -0.132245 0.434805
v -1.759733 -0.117545 0.441705
v -1.709733 -0.083745 0.395505
v -1.707633 -0.096745 0.389105
v -1.675533 -0.042145 0.385105
v -1.655233 -0.029245 0.352805
v -1.666333 -0.042145 0.342305
v -1.685733 -0.057945 0.375105
v -1.671533 -0.054045 0.333805
v -1.691733 -0.069345 0.366405
v -1.689233 -0.082845 0.360805
v -1.667633 -0.068745 0.329605
v -1.627333 -0.010645 0.319805
v -1.589233 0.009655 0.293605
v -1.595333 -0.003545 0.279105
v -1.636833 -0.022445 0.308005
v -1.595233 -0.032745 0.266005
v -1.636733 -0.051245 0.296205
v -1.640933 -0.035345 0.298905
v -1.597733 -0.016945 0.269405
v -1.542133 0.029755 0.282805
v -1.496233 0.053055 0.271405
v -1.489233 0.030655 0.247705
v -1.543433 0.011555 0.262605
v -1.487533 0.004655 0.219205
v -1.544633 -0.015545 0.241905
v -1.545033 -0.001645 0.249605
v -1.488033 0.016555 0.231105
v -1.919233 -0.492645 0.789805
v -1.906233 -0.526345 0.780805
v -1.909733 -0.511245 0.756805
v -1.923333 -0.480645 0.766105
v -1.888933 -0.546645 0.744405
v -1.884233 -0.564145 0.768205
v -1.915533 -0.431845 0.769905
v -1.915533 -0.442945 0.790805
v -1.921733 -0.431945 0.792405
v -1.923033 -0.420845 0.771105
v -1.923333 -0.416045 0.793405
v -1.924433 -0.405645 0.773105
v -1.914733 -0.448245 0.769105
v -1.914933 -0.458545 0.791005
v -1.913033 -0.450445 0.790505
v -1.912233 -0.439745 0.769405
v -1.919233 -0.470945 0.792005
v -1.921033 -0.460145 0.769405
v -1.919933 -0.385445 0.745905
v -1.919133 -0.399045 0.740505
v -1.914133 -0.370345 0.704805
v -1.914733 -0.357545 0.713805
v -1.908233 -0.381145 0.698505
v -1.912033 -0.409845 0.737005
v -1.906633 -0.397245 0.690805
v -1.909633 -0.427245 0.732005
v -1.907533 -0.418245 0.734505
v -1.904933 -0.389145 0.694505
v -1.917133 -0.437745 0.730505
v -1.912733 -0.406845 0.687205
v -1.920233 -0.421245 0.680905
v -1.924633 -0.455445 0.725705
v -1.907933 -0.325645 0.679105
v -1.908033 -0.337745 0.669005
v -1.900433 -0.305245 0.636405
v -1.897933 -0.294145 0.646005
v -1.895733 -0.316545 0.632205
v -1.901333 -0.348445 0.663405
v -1.839533 -0.178645 0.517805
v -1.834733 -0.159645 0.530305
v -1.855133 -0.196345 0.548805
v -1.858033 -0.212145 0.540205
v -1.842933 -0.186745 0.562905
v -1.819733 -0.146145 0.550005
v -1.886533 -0.266845 0.619705
v -1.891433 -0.276945 0.609905
v -1.879933 -0.251445 0.587805
v -1.872833 -0.242345 0.597705
v -1.881633 -0.267745 0.584305
v -1.890633 -0.289645 0.607105
v -1.894333 -0.330245 0.625805
v -1.900333 -0.364045 0.655205
v -1.897933 -0.356745 0.659205
v -1.893633 -0.325945 0.630505
v -1.887533 -0.299545 0.603405
v -1.890233 -0.302545 0.610805
v -1.905433 -0.371945 0.650705
v -1.896433 -0.336245 0.620905
v -1.895433 -0.343745 0.614705
v -1.909433 -0.382745 0.644005
v -1.885433 -0.303045 0.598505
v -1.876233 -0.274145 0.578905
v -1.873133 -0.283445 0.579205
v -1.881233 -0.307345 0.593205
v -1.872033 -0.239045 0.560405
v -1.868033 -0.226245 0.567705
v -1.858633 -0.217945 0.578505
v -1.914533 -0.482445 0.716205
v -1.912833 -0.442945 0.671705
v -1.894333 -0.469045 0.659305
v -1.895033 -0.515245 0.706005
v -1.902933 -0.398445 0.635405
v -1.886933 -0.351645 0.608205
v -1.872733 -0.358045 0.604405
v -1.887033 -0.409545 0.628905
v -1.854333 -0.361745 0.605705
v -1.866333 -0.409245 0.626205
v -1.843433 -0.410945 0.624105
v -1.832833 -0.370145 0.604605
v -1.853533 -0.442545 0.625605
v -1.872333 -0.454245 0.633005
v -1.842533 -0.253445 0.548305
v -1.862233 -0.271545 0.567305
v -1.865633 -0.252145 0.559305
v -1.850033 -0.228545 0.540205
v -1.870833 -0.306745 0.585605
v -1.855933 -0.305445 0.580405
v -1.780433 -0.156045 0.452705
v -1.788733 -0.138745 0.461005
v -1.814133 -0.165245 0.484205
v -1.806633 -0.189345 0.478405
v -1.814333 -0.275845 0.534605
v -1.822933 -0.323445 0.571005
v -1.840033 -0.310145 0.577505
v -1.829133 -0.265445 0.544305
v -1.826133 -0.215245 0.513305
v -1.832933 -0.197445 0.513405
v -1.809533 -0.233545 0.503605
v -1.821833 -0.233245 0.518205
v -1.976533 0.541655 0.649405
v -1.955933 0.574355 0.614705
v -2.010932 0.576255 0.597605
v -2.036433 0.537255 0.631805
v -1.981533 0.613055 0.562805
v -1.933933 0.608155 0.578405
v -1.916133 0.645455 0.550305
v -1.956433 0.650455 0.534705
v -1.936333 0.685455 0.510905
v -1.901033 0.680755 0.526305
v -1.913033 0.742455 0.472305
v -1.923633 0.716555 0.490705
v -1.888633 0.711955 0.505705
v -1.876933 0.737355 0.486705
v -1.865733 0.758655 0.471305
v -1.902233 0.764855 0.457105
v -1.890933 0.784455 0.444005
v -1.854533 0.777555 0.458205
v -1.843133 0.795455 0.446005
v -1.879333 0.802255 0.431505
v -1.867433 0.820155 0.419805
v -1.831033 0.813455 0.433805
v -1.818033 0.832955 0.421505
v -1.855233 0.839955 0.408405
v -1.840533 0.861255 0.396005
v -1.802533 0.854155 0.408905
v -1.784233 0.879155 0.398305
v -1.823433 0.887155 0.384705
v -1.802633 0.918955 0.374705
v -1.761133 0.907355 0.388005
v -1.731833 0.939255 0.378205
v -1.776633 0.956955 0.364805
v -1.751733 1.000455 0.353105
v -1.693433 0.979155 0.371005
v -1.677533 1.089555 0.339305
v -1.725733 1.100855 0.325305
v -1.735133 1.049855 0.339205
v -1.684133 1.036655 0.353505
v -1.605633 1.033955 0.385105
v -1.643433 1.034955 0.372005
v -1.645333 0.989555 0.386705
v -1.607233 0.991455 0.396605
v -1.602333 1.081855 0.370005
v -1.639033 1.085855 0.357505
v -1.884233 0.585755 0.605205
v -1.903833 0.593955 0.587605
v -1.921033 0.561655 0.625005
v -1.898233 0.550655 0.636905
v -1.936533 0.533055 0.661405
v -1.909833 0.522155 0.669605
v -1.852933 0.660655 0.551605
v -1.873933 0.667955 0.533105
v -1.888133 0.631455 0.557905
v -1.868733 0.623655 0.576905
v -1.826233 0.722555 0.513305
v -1.848733 0.726355 0.492905
v -1.861133 0.700255 0.512005
v -1.839033 0.694355 0.530605
v -1.803433 0.761955 0.488605
v -1.826633 0.766855 0.467505
v -1.837533 0.748355 0.479405
v -1.814633 0.744355 0.500305
v -1.780333 0.795755 0.462205
v -1.803733 0.802955 0.443005
v -1.815533 0.784755 0.455305
v -1.792233 0.778755 0.475705
v -1.751133 0.834455 0.436905
v -1.774033 0.842355 0.416605
v -1.790233 0.821955 0.429705
v -1.766733 0.814255 0.448705
v -1.733133 0.856155 0.428605
v -1.754933 0.864955 0.405705
v -1.731533 0.888155 0.395405
v -1.712133 0.878555 0.423405
v -1.685933 0.899155 0.417905
v -1.655133 0.914455 0.413905
v -1.671933 0.937755 0.388105
v -1.703333 0.913955 0.387505
v -1.620933 0.921855 0.414005
v -1.636633 0.949955 0.394505
v -1.600533 0.951755 0.397405
v -1.586133 0.921955 0.412205
v -1.891333 0.522555 0.678105
v -1.880133 0.546955 0.651305
v -1.866333 0.544455 0.667105
v -1.878733 0.527655 0.681505
v -1.847933 0.573955 0.646605
v -1.865233 0.579055 0.624905
v -1.847933 0.616355 0.600405
v -1.827833 0.610655 0.627105
v -1.808733 0.649955 0.609505
v -1.830433 0.654455 0.578405
v -1.814233 0.688655 0.559205
v -1.790533 0.685255 0.593605
v -1.773433 0.713855 0.579505
v -1.799133 0.716855 0.542905
v -1.786033 0.737455 0.530205
v -1.760133 0.735355 0.568605
v -1.748833 0.752055 0.557205
v -1.774233 0.753555 0.518405
v -1.831333 0.576955 0.698005
v -1.834833 0.572255 0.672305
v -1.857633 0.542455 0.687905
v -1.857333 0.545155 0.710105
v -1.879033 0.520755 0.699605
v -1.881133 0.519255 0.720505
v -1.794033 0.651455 0.644405
v -1.813033 0.610255 0.657605
v -1.808233 0.616455 0.687005
v -1.789233 0.658955 0.676105
v -1.755833 0.717755 0.619205
v -1.775033 0.688455 0.631505
v -1.769233 0.697555 0.665005
v -1.747033 0.727255 0.654405
v -1.912633 0.503155 0.826005
v -1.936433 0.470555 0.836405
v -1.890233 0.535955 0.814305
v -1.914433 0.502055 0.813805
v -1.894533 0.534455 0.802105
v -1.936133 0.469355 0.822705
v -1.868333 0.577255 0.800905
v -1.849033 0.625455 0.788805
v -1.854033 0.619755 0.772905
v -1.873933 0.574255 0.787305
v -1.832033 0.677955 0.779805
v -1.815733 0.729655 0.771805
v -1.817233 0.718055 0.753805
v -1.836433 0.669255 0.762605
v -1.793033 0.773255 0.761605
v -1.763633 0.805255 0.750004
v -1.763933 0.794655 0.735105
v -1.793433 0.761455 0.744405
v -1.733433 0.826755 0.736605
v -1.704433 0.841555 0.722305
v -1.707733 0.832855 0.709804
v -1.735133 0.817155 0.723304
v -1.677333 0.852155 0.708204
v -1.653133 0.862855 0.694504
v -1.658633 0.856255 0.681004
v -1.682033 0.845055 0.695605
v -1.631133 0.874555 0.681704
v -1.609933 0.886855 0.670104
v -1.615033 0.878855 0.655704
v -1.636633 0.867355 0.667504
v -1.572133 0.908455 0.634204
v -1.593733 0.892555 0.645704
v -1.589133 0.900655 0.659705
v -1.567433 0.916055 0.648405
v -1.513633 0.943255 0.618404
v -1.542333 0.931355 0.634104
v -1.519233 0.935355 0.604005
v -1.547433 0.923755 0.619505
v -1.482933 0.950355 0.602105
v -1.450933 0.955055 0.585705
v -1.458633 0.947155 0.574105
v -1.489733 0.942455 0.588905
v -1.890833 0.526455 0.759705
v -1.894433 0.530955 0.782205
v -1.872633 0.567355 0.767305
v -1.868033 0.559255 0.746105
v -1.850833 0.609255 0.753105
v -1.844733 0.597455 0.733005
v -1.825233 0.641455 0.722205
v -1.817533 0.628855 0.705205
v -1.838833 0.587255 0.715605
v -1.798133 0.672355 0.694905
v -1.806433 0.686755 0.711905
v -1.832633 0.655955 0.742105
v -1.813633 0.702955 0.732705
v -1.784233 0.728355 0.701705
v -1.774933 0.711655 0.685405
v -1.750033 0.742555 0.676605
v -1.757633 0.760755 0.693305
v -1.790533 0.745855 0.723005
v -1.761733 0.778855 0.714905
v -1.734633 0.800455 0.704504
v -1.710033 0.816155 0.691305
v -1.711433 0.796555 0.670505
v -1.733233 0.781655 0.683205
v -1.664133 0.839955 0.662005
v -1.686833 0.829155 0.676504
v -1.667833 0.818655 0.642804
v -1.689733 0.808655 0.656504
v -1.623833 0.837755 0.619204
v -1.645833 0.827555 0.630405
v -1.641733 0.849555 0.649005
v -1.620133 0.860755 0.637304
v -1.579433 0.867655 0.598805
v -1.601833 0.851455 0.609405
v -1.599533 0.875455 0.626604
v -1.578133 0.892055 0.615104
v -1.530133 0.899155 0.572005
v -1.555433 0.885055 0.585705
v -1.553833 0.908355 0.600905
v -1.525833 0.920155 0.586805
v -1.905233 0.497655 0.749105
v -1.900333 0.498555 0.726205
v -1.927733 0.476855 0.730905
v -1.909333 0.498955 0.771705
v -1.922033 0.473855 0.757805
v -1.927133 0.470555 0.781205
v -1.886633 0.522555 0.739705
v -1.912833 0.500555 0.794405
v -1.932233 0.469055 0.803705
v -1.863633 0.552255 0.727605
v -2.020233 0.264255 0.576005
v -2.002833 0.266455 0.577005
v -2.001132 0.278755 0.557105
v -2.021132 0.277655 0.551305
v -2.008233 0.293855 0.529105
v -1.993733 0.291755 0.538705
v -2.043433 0.226554 0.607705
v -2.045633 0.239055 0.595605
v -2.031133 0.241555 0.591805
v -2.026333 0.228455 0.602605
v -2.034132 0.281155 0.537605
v -2.045133 0.278255 0.528605
v -2.033833 0.302855 0.514905
v -2.021832 0.300354 0.523105
v -2.050533 0.252455 0.554505
v -2.038133 0.263155 0.555705
v -2.035333 0.255054 0.574505
v -2.048033 0.245154 0.574905
v -2.050933 0.261955 0.540105
v -2.041533 0.267755 0.544105
v -2.054533 0.225755 0.615405
v -2.064932 0.223355 0.620605
v -2.067232 0.231854 0.603205
v -2.056633 0.236054 0.599905
v -2.055933 0.276255 0.522105
v -2.045033 0.301354 0.506105
v -2.058532 0.301155 0.499405
v -2.068532 0.276255 0.518305
v -2.073932 0.244854 0.555805
v -2.061933 0.247055 0.554705
v -2.059532 0.240155 0.577405
v -2.070632 0.236255 0.579705
v -2.061332 0.259155 0.537705
v -2.073431 0.258455 0.536705
v -2.075932 0.304755 0.493905
v -2.085032 0.278855 0.516705
v -2.100332 0.316055 0.495605
v -2.107532 0.288354 0.523405
v -2.097132 0.226355 0.612005
v -2.080132 0.228255 0.605505
v -2.076632 0.219554 0.622305
v -2.089832 0.217655 0.627005
v -2.109032 0.250055 0.567505
v -2.088732 0.245355 0.558505
v -2.085132 0.234555 0.582305
v -2.104631 0.236155 0.590605
v -2.088732 0.260155 0.537705
v -2.109931 0.267354 0.546105
v -2.111632 0.230155 0.661505
v -2.105731 0.221455 0.642405
v -2.120632 0.232655 0.631905
v -2.127432 0.253855 0.667805
v -2.108531 0.234155 0.673205
v -2.110033 0.251055 0.688705
v -2.137433 0.309454 0.545705
v -2.130432 0.341555 0.515305
v -2.146632 0.377755 0.548405
v -2.156532 0.342755 0.581105
v -2.139832 0.300555 0.627005
v -2.135832 0.266155 0.591505
v -2.131632 0.248155 0.612905
v -2.141633 0.278855 0.649505
v -2.137932 0.285855 0.570005
v -2.149931 0.318855 0.606605
v -2.095633 0.286855 0.720405
v -2.068933 0.327354 0.744105
v -2.088632 0.344155 0.739505
v -2.118433 0.301455 0.709705
v -2.116333 0.433255 0.664705
v -2.108332 0.467955 0.633105
v -2.140933 0.423254 0.590905
v -2.150033 0.387655 0.625105
v -2.099731 0.366155 0.723805
v -2.130332 0.321754 0.690105
v -2.125031 0.341555 0.664205
v -2.098532 0.384755 0.699705
v -2.139431 0.361255 0.647605
v -2.107831 0.405455 0.683505
v -1.994133 0.390554 0.767605
v -2.014733 0.346555 0.762505
v -2.008033 0.333955 0.774805
v -1.976333 0.394655 0.784305
v -2.018233 0.388155 0.762205
v -2.027133 0.354255 0.757305
v -2.004632 0.492955 0.704205
v -1.993233 0.517155 0.680905
v -2.055133 0.503955 0.664505
v -2.064033 0.473055 0.691705
v -2.046432 0.354354 0.754005
v -2.052233 0.374255 0.755205
v -1.978633 0.431555 0.757105
v -1.970933 0.462255 0.738605
v -1.953033 0.436655 0.760205
v -2.012933 0.451855 0.739005
v -2.015033 0.423254 0.755705
v -1.939433 0.447455 0.767905
v -1.949233 0.436055 0.787905
v -1.960533 0.490655 0.712605
v -1.948633 0.509355 0.691105
v -1.917433 0.499755 0.697805
v -1.975733 0.477955 0.724505
v -2.011933 0.471955 0.721205
v -1.896433 0.505755 0.702405
v -2.062832 0.446455 0.709905
v -2.060232 0.424954 0.726805
v -2.058932 0.401155 0.746205
v -1.955733 0.429255 0.809905
v -1.959033 0.426555 0.829905
v -1.977233 0.378155 0.808505
v -1.977133 0.367255 0.834405
v -1.958633 0.427855 0.844905
v -1.971833 0.381454 0.851405
v -2.087332 0.090455 0.840605
v -2.092833 0.081055 0.812505
v -2.109732 0.059155 0.823105
v -2.102732 0.064155 0.850905
v -2.080132 0.105355 0.804605
v -2.074532 0.117455 0.833905
v -2.062732 0.144754 0.831905
v -2.069732 0.129955 0.798605
v -2.062432 0.155455 0.790605
v -2.051933 0.178955 0.833905
v -2.047832 0.213655 0.815005
v -2.061131 0.183355 0.776905
v -2.064132 0.208855 0.761605
v -2.042733 0.255754 0.801905
v -2.044933 0.272055 0.777305
v -2.068532 0.228255 0.747105
v -2.004233 0.320555 0.795105
v -2.001933 0.309755 0.815705
v -2.042933 0.228955 0.872805
v -2.034832 0.264154 0.863705
v -2.036633 0.240755 0.843105
v -2.046133 0.210155 0.856005
v -2.019732 0.275155 0.832805
v -2.014333 0.300855 0.855605
v -2.001333 0.305055 0.831505
v -1.993033 0.331954 0.848305
v -1.993233 0.348754 0.862405
v -2.019032 0.319755 0.872105
v -2.034633 0.278155 0.879405
v -2.040833 0.238554 0.887005
v -1.859433 -0.617945 0.716605
v -1.860733 -0.639245 0.742305
v -1.868533 -0.604145 0.755205
v -1.871033 -0.584645 0.730405
v -1.848833 -0.560245 0.656005
v -1.856833 -0.591845 0.686205
v -1.875633 -0.555445 0.695305
v -1.875333 -0.523445 0.658105
v -1.861833 -0.494645 0.631205
v -1.841033 -0.463145 0.621205
v -1.817833 -0.481845 0.625805
v -1.834133 -0.523145 0.635205
v -1.823333 -0.427245 0.617205
v -1.811933 -0.389545 0.595505
v -1.790133 -0.409245 0.587305
v -1.802333 -0.444045 0.614705
v -1.803133 -0.345045 0.559705
v -1.795233 -0.296945 0.521705
v -1.777733 -0.322445 0.506205
v -1.783033 -0.367945 0.547705
v -1.791933 -0.250945 0.488205
v -1.784033 -0.209145 0.460805
v -1.757933 -0.228445 0.457105
v -1.769833 -0.274245 0.475905
v -1.763933 -0.174845 0.445705
v -1.742633 -0.149245 0.428305
v -1.726533 -0.165745 0.424705
v -1.742433 -0.191845 0.443305
v -1.704133 -0.114345 0.381405
v -1.723133 -0.129845 0.406205
v -1.711233 -0.147445 0.402005
v -1.694533 -0.133245 0.377305
v -1.662133 -0.087345 0.324405
v -1.685133 -0.100945 0.354105
v -1.675433 -0.120645 0.351005
v -1.651733 -0.107645 0.322405
v -1.631233 -0.070845 0.292405
v -1.591333 -0.052145 0.261305
v -1.621633 -0.092245 0.291205
v -1.583533 -0.074745 0.258005
v -1.484733 -0.008445 0.208705
v -1.542133 -0.032345 0.233805
v -1.535833 -0.053945 0.225805
v -1.479833 -0.023445 0.199205
v -1.754533 -0.380545 0.547205
v -1.762333 -0.418945 0.588405
v -1.749333 -0.334345 0.509205
v -1.720333 -0.334545 0.526905
v -1.723733 -0.376945 0.564605
v -1.731433 -0.414245 0.604305
v -1.741633 -0.285845 0.483505
v -1.731533 -0.241345 0.464705
v -1.702333 -0.250645 0.478905
v -1.712833 -0.291245 0.499905
v -1.718833 -0.205245 0.448005
v -1.704633 -0.178545 0.428905
v -1.676233 -0.188645 0.440405
v -1.689933 -0.215845 0.460105
v -1.690233 -0.159245 0.407705
v -1.662233 -0.168645 0.420005
v -1.673833 -0.144945 0.384805
v -1.646133 -0.153945 0.398905
v -1.629633 -0.121545 0.334005
v -1.653933 -0.133745 0.360005
v -1.626133 -0.143245 0.377005
v -1.602133 -0.129945 0.354805
v -1.562333 -0.091145 0.274005
v -1.599933 -0.107745 0.304805
v -1.539433 -0.088945 0.305805
v -1.574033 -0.112045 0.331205
v -1.462233 -0.041345 0.209705
v -1.515233 -0.070745 0.242605
v -1.494933 -0.063845 0.276905
v -1.443933 -0.036545 0.241805
v -1.542133 0.322054 0.221505
v -1.541233 0.328555 0.243305
v -1.508333 0.370255 0.225605
v -1.506633 0.363955 0.206505
v -1.444733 0.358654 0.160905
v -1.428233 0.342755 0.164905
v -1.411633 0.369854 0.159705
v -1.426233 0.385555 0.157105
v -1.404533 0.353255 0.168305
v -1.413133 0.330554 0.175805
v -1.458233 0.399055 0.172705
v -1.443233 0.396655 0.163005
v -1.460633 0.372455 0.166705
v -1.472933 0.383955 0.178605
v -1.545433 0.341155 0.274305
v -1.507833 0.385155 0.260605
v -1.508733 0.375854 0.241905
v -1.537733 0.333255 0.260805
v -1.454933 0.418255 0.200205
v -1.456133 0.411254 0.182205
v -1.480033 0.394555 0.193305
v -1.482833 0.402255 0.210805
v -1.404633 0.409455 0.183805
v -1.410433 0.406354 0.162105
v -1.433033 0.414855 0.170405
v -1.427433 0.420355 0.189905
v -1.394333 0.360354 0.177605
v -1.394932 0.386255 0.165205
v -1.392633 0.386155 0.186405
v -1.392733 0.363154 0.192305
v -1.445433 0.190155 0.256305
v -1.458933 0.144655 0.270905
v -1.435333 0.152955 0.290105
v -1.426532 0.197054 0.282005
v -1.431133 0.115955 0.281105
v -1.463833 0.106255 0.278405
v -1.452233 0.077855 0.255505
v -1.412033 0.094954 0.248605
v -1.395033 0.087755 0.209205
v -1.439133 0.059955 0.225805
v -1.433233 0.046755 0.204705
v -1.428433 0.034455 0.190905
v -1.388333 0.081755 0.180105
v -1.382733 0.071555 0.160005
v -1.374633 0.057255 0.146205
v -1.422833 0.023155 0.180505
v -1.417633 0.013355 0.172805
v -1.366433 0.042355 0.137305
v -1.354433 0.023955 0.139605
v -1.405733 -0.004545 0.173705
v -1.342433 0.017555 0.160605
v -1.389933 -0.006945 0.198405
v -1.293432 0.049155 0.150705
v -1.311233 0.034855 0.144805
v -1.317533 0.044455 0.122605
v -1.295933 0.064555 0.127605
v -1.330233 0.064655 0.113705
v -1.307333 0.076555 0.113105
v -1.340132 0.086055 0.124205
v -1.307333 0.095455 0.126205
v -1.348232 0.103255 0.143405
v -1.313033 0.110754 0.148805
v -1.295033 0.093955 0.163705
v -1.291233 0.082055 0.143405
v -1.288033 0.064955 0.164005
v -1.290133 0.077655 0.175005
v -1.336833 0.112555 0.209505
v -1.320933 0.117855 0.175105
v -1.354433 0.111855 0.168805
v -1.363433 0.111454 0.203205
v -1.298633 0.035055 0.176105
v -1.310233 0.028255 0.165105
v -1.331533 0.013555 0.186205
v -1.315833 0.016255 0.209705
v -1.317433 0.096155 0.221405
v -1.302232 0.097955 0.187905
v -1.294633 0.073455 0.195305
v -1.308033 0.067855 0.229105
v -1.292633 0.051555 0.189005
v -1.306733 0.038355 0.225405
v -1.729033 0.549655 0.474205
v -1.712333 0.588355 0.458605
v -1.681933 0.569155 0.462805
v -1.696133 0.531755 0.479705
v -1.742333 0.637755 0.367505
v -1.717833 0.669655 0.343905
v -1.697933 0.662255 0.383805
v -1.719533 0.633155 0.407205
v -1.662033 0.716155 0.348405
v -1.680533 0.687955 0.366605
v -1.698433 0.699755 0.326105
v -1.678933 0.732855 0.308105
v -1.657633 0.558055 0.456605
v -1.667333 0.519955 0.474905
v -1.658933 0.518854 0.436405
v -1.650433 0.555355 0.420705
v -1.693233 0.619255 0.430705
v -1.675133 0.648055 0.406505
v -1.654033 0.633155 0.413205
v -1.668833 0.602255 0.436605
v -1.658833 0.672755 0.388405
v -1.640133 0.700855 0.371605
v -1.618833 0.686855 0.377205
v -1.638033 0.659255 0.395705
v -1.650833 0.591755 0.429605
v -1.644133 0.588355 0.397605
v -1.641633 0.622055 0.402905
v -1.632533 0.618755 0.374605
v -1.647033 0.568755 0.359005
v -1.661033 0.534555 0.372305
v -1.639033 0.537955 0.310505
v -1.617633 0.574055 0.302305
v -1.604233 0.676655 0.366505
v -1.626933 0.648755 0.382005
v -1.617933 0.646855 0.354205
v -1.593533 0.674355 0.341205
v -1.590633 0.565554 0.276605
v -1.615933 0.528255 0.282005
v -1.594233 0.515055 0.277205
v -1.568733 0.552655 0.269505
v -1.612833 0.625355 0.328605
v -1.630933 0.598355 0.343205
v -1.597733 0.602955 0.294405
v -1.579833 0.628355 0.287505
v -1.572833 0.678755 0.309205
v -1.594833 0.651655 0.316205
v -1.563033 0.653955 0.282505
v -1.544433 0.680455 0.282305
v -1.547033 0.541955 0.285305
v -1.573533 0.506455 0.297305
v -1.530633 0.539055 0.308805
v -1.558033 0.504855 0.325105
v -1.552233 0.621255 0.265205
v -1.569733 0.595055 0.270705
v -1.548033 0.583255 0.261205
v -1.530633 0.611055 0.252805
v -1.519733 0.675855 0.266805
v -1.536533 0.648255 0.262805
v -1.515033 0.640855 0.251105
v -1.499233 0.670755 0.258905
v -1.537133 0.500555 0.339405
v -1.513333 0.489855 0.329205
v -1.509633 0.533255 0.312605
v -1.484833 0.524455 0.303105
v -1.526533 0.572255 0.269705
v -1.509533 0.602055 0.255805
v -1.492633 0.599655 0.269505
v -1.509533 0.568955 0.286905
v -1.480433 0.668055 0.260905
v -1.494733 0.635055 0.252205
v -1.460533 0.667255 0.262005
v -1.477133 0.632555 0.260605
v -1.471033 0.594855 0.265005
v -1.489433 0.562855 0.284505
v -1.462733 0.555155 0.275805
v -1.442533 0.586655 0.254605
v -1.454233 0.629055 0.254405
v -1.423733 0.621055 0.241505
v -1.437133 0.666655 0.248005
v -1.404433 0.661155 0.231705
v -2.144433 -0.072445 0.707405
v -2.153233 -0.092445 0.731805
v -2.141633 -0.092945 0.706005
v -2.147332 -0.122045 0.743405
v -2.154633 -0.074145 0.728705
v -2.143631 -0.056245 0.710305
v -2.155532 -0.062245 0.729605
v -2.141432 -0.048145 0.717505
v -2.154732 -0.053345 0.733405
v -2.139632 -0.042645 0.725105
v -2.177632 -0.061345 0.739405
v -2.167531 -0.057745 0.734905
v -2.168132 -0.068945 0.732805
v -2.178432 -0.072845 0.737705
v -2.167332 -0.083145 0.733705
v -2.178332 -0.087645 0.738605
v -2.138232 -0.032945 0.731205
v -2.151232 -0.043245 0.738605
v -2.145031 -0.031145 0.745405
v -2.135231 -0.022945 0.735405
v -2.133732 -0.014245 0.741405
v -2.131832 -0.014545 0.736005
v -2.164632 -0.047145 0.739105
v -2.175931 -0.051245 0.742905
v -2.174332 -0.041545 0.748505
v -2.161932 -0.036445 0.745205
v -2.149632 -0.008845 0.761005
v -2.141232 0.002855 0.751705
v -2.137132 -0.007845 0.745505
v -2.146932 -0.020945 0.752905
v -2.160933 -0.026145 0.753505
v -2.173131 -0.031845 0.757105
v -2.173131 -0.021845 0.769505
v -2.161932 -0.014845 0.764805
v -2.151532 0.004055 0.775505
v -2.142333 0.015555 0.764305
v -2.141332 0.027255 0.779005
v -2.152133 0.015555 0.791605
v -2.196432 -0.096045 0.761205
v -2.188732 -0.092345 0.749305
v -2.187832 -0.111645 0.754605
v -2.195231 -0.114145 0.767305
v -2.177232 -0.107645 0.743705
v -2.174932 -0.132945 0.754105
v -2.185032 -0.134445 0.765005
v -2.192431 -0.134545 0.776905
v -2.194332 -0.071645 0.759805
v -2.186831 -0.066645 0.749105
v -2.188032 -0.077745 0.747905
v -2.195532 -0.082145 0.759305
v -2.192232 -0.056545 0.766605
v -2.184731 -0.049045 0.756905
v -2.185533 -0.057545 0.751905
v -2.193131 -0.063645 0.762105
v -2.183631 -0.032145 0.776805
v -2.184031 -0.040245 0.764805
v -2.191232 -0.049445 0.774105
v -2.190632 -0.043345 0.784705
v -2.193532 -0.131745 0.787905
v -2.195632 -0.113345 0.778805
v -2.191532 -0.111545 0.788605
v -2.190132 -0.127745 0.797405
v -2.192232 -0.097345 0.782505
v -2.196532 -0.097045 0.772805
v -2.196232 -0.084745 0.770305
v -2.192032 -0.086745 0.779805
v -2.191432 -0.079145 0.779505
v -2.195632 -0.075545 0.770405
v -2.194832 -0.068945 0.772105
v -2.190632 -0.073745 0.781005
v -2.189132 -0.069245 0.784205
v -2.193632 -0.063345 0.775905
v -2.187132 -0.064245 0.789405
v -2.191932 -0.057645 0.782105
v -2.185632 -0.059545 0.797205
v -2.190832 -0.052545 0.791205
v -2.185533 -0.055845 0.808005
v -2.191833 -0.049045 0.803605
v -2.186532 -0.054045 0.821005
v -2.195032 -0.049045 0.817805
v -2.196432 -0.038345 0.815105
v -2.191932 -0.038845 0.799105
v -2.198431 -0.052845 0.832905
v -2.202832 -0.061845 0.848105
v -2.189332 -0.055245 0.835905
v -2.193233 -0.062645 0.850905
v -2.210433 -0.056845 0.847905
v -2.203331 -0.044645 0.831705
v -2.196631 -0.077045 0.864405
v -2.206831 -0.077645 0.861805
v -2.197031 -0.095545 0.876105
v -2.207732 -0.097445 0.873505
v -2.218332 -0.095545 0.874905
v -2.216331 -0.074445 0.862105
v -2.192533 -0.114745 0.887205
v -2.203032 -0.118045 0.884805
v -2.194832 -0.138445 0.893905
v -2.185032 -0.134145 0.895305
v -2.205132 -0.140745 0.896205
v -2.213732 -0.118145 0.886705
v -2.184532 -0.157545 0.900305
v -2.176132 -0.152545 0.900305
v -2.168132 -0.169045 0.896905
v -2.174832 -0.175045 0.899805
v -2.183033 -0.180645 0.905605
v -2.194531 -0.161745 0.903205
v -2.168931 -0.189245 0.891505
v -2.173032 -0.197345 0.898705
v -2.164331 -0.181145 0.887805
v -2.163532 -0.188945 0.876005
v -2.167032 -0.198445 0.878605
v -2.169231 -0.209045 0.883705
v -2.169532 -0.201845 0.863405
v -2.170732 -0.213345 0.865405
v -2.166232 -0.191545 0.863005
v -2.176132 -0.197645 0.847405
v -2.171932 -0.187445 0.849305
v -2.177632 -0.209745 0.845405
v -2.178133 -0.176145 0.834605
v -2.183331 -0.185545 0.830305
v -2.187932 -0.168645 0.813305
v -2.183732 -0.160645 0.820105
v -2.187332 -0.177545 0.805105
v -2.184031 -0.196845 0.824605
v -2.190732 -0.150445 0.799205
v -2.187432 -0.144345 0.807705
v -2.189332 -0.156045 0.789605
v -2.177732 -0.055245 0.839105
v -2.175432 -0.057145 0.824305
v -2.162732 -0.059545 0.827305
v -2.181432 -0.061045 0.854805
v -2.163932 -0.054645 0.842305
v -2.167732 -0.058745 0.859105
v -2.184632 -0.074645 0.868105
v -2.170932 -0.071445 0.872505
v -2.171632 -0.088445 0.883405
v -2.185032 -0.092345 0.879505
v -2.167932 -0.105445 0.893105
v -2.180933 -0.110345 0.890005
v -2.174132 -0.128545 0.897605
v -2.162132 -0.122445 0.900205
v -2.166831 -0.146045 0.901005
v -2.155931 -0.138945 0.901805
v -2.150832 -0.152645 0.896005
v -2.160332 -0.161045 0.896005
v -2.157732 -0.171345 0.886305
v -2.148432 -0.161545 0.886105
v -2.148732 -0.166645 0.874705
v -2.157331 -0.177845 0.875105
v -2.160233 -0.180045 0.863205
v -2.152031 -0.168145 0.863405
v -2.157032 -0.164945 0.852505
v -2.165232 -0.176545 0.851105
v -2.172132 -0.118945 0.813605
v -2.182432 -0.123545 0.805805
v -2.179832 -0.137945 0.815305
v -2.169532 -0.131145 0.822205
v -2.176033 -0.152445 0.826205
v -2.166332 -0.143745 0.831605
v -2.161932 -0.155945 0.841705
v -2.170732 -0.166445 0.838305
v -2.152332 -0.056945 0.863005
v -2.155931 -0.068345 0.877405
v -2.135832 -0.061245 0.865805
v -2.140233 -0.068545 0.880805
v -2.157132 -0.084245 0.888105
v -2.141232 -0.081945 0.891405
v -2.139332 -0.096445 0.898405
v -2.153933 -0.100345 0.896705
v -2.134233 -0.111545 0.900205
v -2.148531 -0.116745 0.902505
v -2.143232 -0.132345 0.901505
v -2.130832 -0.125545 0.897905
v -2.128032 -0.135245 0.890505
v -2.139431 -0.144645 0.894505
v -2.129333 -0.142845 0.871805
v -2.139032 -0.155545 0.873405
v -2.137832 -0.152145 0.884605
v -2.127831 -0.141645 0.881805
v -2.143132 -0.156045 0.862805
v -2.134233 -0.143445 0.862705
v -2.138532 -0.139545 0.854905
v -2.148432 -0.152745 0.853205
v -2.142532 -0.133745 0.847905
v -2.152632 -0.144745 0.844405
v -2.155832 -0.134545 0.836305
v -2.143832 -0.125245 0.842305
v -2.185533 -0.098545 0.791205
v -2.186032 -0.089745 0.788105
v -2.177132 -0.098845 0.799405
v -2.179032 -0.091345 0.795605
v -2.180532 -0.086145 0.793305
v -2.185533 -0.083245 0.787605
v -2.114131 -0.104445 0.868105
v -2.129632 -0.116445 0.851805
v -2.131331 -0.123745 0.853605
v -2.126732 -0.124945 0.859605
v -2.119232 -0.122545 0.882505
v -2.121432 -0.118145 0.890205
v -2.120831 -0.107145 0.890405
v -2.177232 -0.083745 0.796705
v -2.184031 -0.078545 0.789305
v -2.173432 -0.079945 0.801105
v -2.181732 -0.074545 0.792705
v -2.124433 -0.087745 0.885605
v -2.126832 -0.077445 0.879005
v -2.121831 -0.076745 0.867705
v -2.125932 -0.096345 0.892505
v -2.121131 -0.127045 0.870605
v -2.120831 -0.129345 0.877805
v -2.125932 -0.130245 0.864205
v -2.146332 -0.117545 0.836005
v -2.158332 -0.124045 0.828605
v -2.147532 -0.109045 0.830605
v -2.160831 -0.113945 0.821205
v -2.131732 -0.105045 0.844105
v -2.133732 -0.112745 0.845505
v -2.124132 -0.086745 0.844905
v -2.122132 -0.074845 0.853605
v -2.133632 -0.062245 0.847205
v -2.139932 -0.074245 0.830805
v -2.184232 -0.110145 0.797305
v -2.174832 -0.108145 0.805705
v -2.167932 -0.096345 0.807505
v -2.172032 -0.089545 0.802105
v -2.158133 -0.091645 0.815505
v -2.165332 -0.085245 0.808305
v -2.164032 -0.104545 0.814005
v -2.151632 -0.100045 0.823205
v -2.169832 -0.075145 0.806405
v -2.179431 -0.070045 0.797605
v -2.177331 -0.065445 0.804405
v -2.166732 -0.069945 0.812005
v -2.164932 -0.064945 0.818105
v -2.175931 -0.061145 0.813205
v -2.148032 -0.085045 0.823505
v -2.159132 -0.079345 0.814505
v -2.155032 -0.073045 0.819405
v -2.149931 -0.063345 0.829405
v -2.155231 -0.067745 0.821905
v -2.148332 -0.054945 0.844305
v -2.137032 -0.094845 0.834405
v -2.162632 -0.130245 0.748605
v -2.165833 -0.103045 0.738305
v -2.182132 -0.160845 0.779005
v -2.172132 -0.164945 0.769205
v -2.180732 -0.188145 0.795805
v -2.170532 -0.199145 0.786805
v -2.167732 -0.226645 0.810805
v -2.178432 -0.211545 0.817605
v -2.173831 -0.226245 0.842905
v -2.164331 -0.243845 0.840305
v -2.162231 -0.248745 0.873205
v -2.169132 -0.229845 0.869105
v -2.169733 -0.223745 0.892605
v -2.164532 -0.244045 0.906905
v -2.178833 -0.216845 0.925605
v -2.177232 -0.207445 0.910805
v -2.194032 -0.187145 0.916805
v -2.206131 -0.194145 0.936305
v -2.176631 -0.224145 0.940105
v -2.200531 -0.210145 0.952205
v -2.162333 -0.248745 0.929905
v -2.215032 -0.138445 0.906605
v -2.206432 -0.164145 0.913905
v -2.217632 -0.163545 0.929005
v -2.222631 -0.133545 0.920205
v -2.227732 -0.104345 0.909005
v -2.221931 -0.112045 0.896705
v -2.225732 -0.087145 0.884005
v -2.230532 -0.077145 0.895305
v -2.226432 -0.053545 0.878905
v -2.222832 -0.065045 0.868905
v -2.214032 -0.046345 0.851905
v -2.214231 -0.034245 0.859605
v -2.184632 -0.025445 0.793305
v -2.190433 -0.023545 0.812305
v -2.179431 -0.004545 0.810105
v -2.174732 -0.012045 0.787005
v -2.163832 -0.002945 0.781505
v -2.164331 0.006855 0.799705
v -2.197731 -0.018045 0.836705
v -2.201732 -0.031545 0.832405
v -2.151433 0.023655 0.805305
v -2.139431 0.035855 0.791905
v -2.135032 0.040055 0.809205
v -2.149532 0.026355 0.822505
v -2.162832 0.013155 0.814505
v -2.163033 0.014455 0.831505
v -2.176132 0.002955 0.826305
v -2.174132 0.005455 0.837705
v -2.149632 0.023955 0.848505
v -2.128732 0.039655 0.836305
v -2.124331 0.040555 0.863505
v -2.150033 0.021955 0.874805
v -2.183232 -0.002245 0.856605
v -2.168432 0.009555 0.856105
v -2.172932 0.003655 0.881105
v -2.196332 -0.017045 0.885405
v -2.208432 -0.025545 0.871505
v -2.191932 -0.010145 0.847505
v -2.222932 -0.044145 0.891005
v -2.228132 -0.069245 0.907105
v -2.224833 -0.061745 0.918305
v -2.216132 -0.038045 0.903005
v -2.226732 -0.097345 0.921405
v -2.225632 -0.127445 0.934405
v -2.230832 -0.119845 0.946305
v -2.227832 -0.089945 0.932605
v -2.221432 -0.185645 0.956605
v -2.226632 -0.159545 0.946105
v -2.229532 -0.148445 0.961805
v -2.215132 -0.201145 0.962805
v -2.230731 -0.129645 0.970205
v -2.234333 -0.108445 0.955005
v -2.232131 -0.103345 0.972705
v -2.235432 -0.095145 0.960105
v -2.236433 -0.071945 0.952905
v -2.233932 -0.080145 0.941305
v -2.229331 -0.051645 0.927905
v -2.234632 -0.034345 0.941205
v -2.233332 -0.069345 0.970205
v -2.232233 -0.031745 0.967005
v -2.218632 -0.014845 0.924805
v -2.215032 -0.030545 0.915905
v -2.192732 -0.004245 0.920805
v -2.192032 -0.016145 0.907105
v -2.228532 0.005755 0.967605
v -2.224833 0.037455 0.971405
v -2.225732 0.037955 0.954405
v -2.230532 0.005355 0.946005
v -2.223632 0.063555 0.968805
v -2.224133 0.057655 0.977405
v -2.223632 0.065255 0.987505
v -2.223331 0.069855 0.991905
v -2.208931 0.066755 0.957805
v -2.209232 0.039355 0.941605
v -2.191833 0.059454 0.958305
v -2.183331 0.034655 0.945105
v -2.214931 0.010455 0.930705
v -2.189432 0.014255 0.931505
v -2.173432 0.040555 0.954005
v -2.181832 0.052855 0.959705
v -2.183832 0.061355 0.967605
v -2.186933 0.068155 0.972305
v -2.159732 0.037755 0.948705
v -2.149132 0.054255 0.942605
v -2.149333 0.050455 0.933405
v -2.162832 0.032755 0.940605
v -2.075232 0.211854 0.886605
v -2.081831 0.216855 0.901205
v -2.056931 0.214555 0.899005
v -2.056633 0.209655 0.884005
v -2.104832 0.208755 0.901005
v -2.106832 0.203955 0.905505
v -2.108832 0.211454 0.919305
v -2.103631 0.217355 0.910805
v -2.112432 0.199355 0.922205
v -2.109333 0.194155 0.908305
v -2.083532 0.207055 0.874505
v -2.096132 0.215455 0.892005
v -2.100832 0.203555 0.886905
v -2.093232 0.190454 0.865205
v -2.071532 0.181954 0.853905
v -2.063832 0.200055 0.866405
v -2.102432 0.195455 0.889205
v -2.099133 0.183255 0.874805
v -2.101632 0.179154 0.881605
v -2.104532 0.186655 0.892905
v -2.098032 0.137355 0.856705
v -2.094233 0.163754 0.857205
v -2.078832 0.157255 0.847705
v -2.086031 0.129255 0.848305
v -2.120632 0.160355 0.926105
v -2.116632 0.182055 0.924205
v -2.112232 0.178854 0.909905
v -2.115531 0.158755 0.911605
v -2.104932 0.146755 0.878605
v -2.102232 0.166455 0.878605
v -2.099133 0.164955 0.867805
v -2.101933 0.142255 0.867205
v -2.106832 0.172355 0.893805
v -2.109632 0.153255 0.894805
v -2.125731 0.107955 0.919605
v -2.130332 0.108855 0.931905
v -2.124532 0.135855 0.928505
v -2.119532 0.135155 0.914805
v -2.109333 0.082455 0.874305
v -2.103032 0.109855 0.862505
v -2.094131 0.101055 0.854905
v -2.103732 0.072755 0.867105
v -2.139132 0.079555 0.937005
v -2.136132 0.077355 0.926305
v -2.171332 0.003555 0.900105
v -2.147432 0.024255 0.892905
v -2.168432 0.010455 0.915505
v -2.143332 0.035355 0.906405
v -2.115832 0.096155 0.891305
v -2.109032 0.123055 0.883305
v -2.106232 0.116755 0.872105
v -2.112133 0.091455 0.880605
v -2.121732 0.045855 0.881305
v -2.122231 0.056455 0.889205
v -2.127032 0.066755 0.900805
v -2.120533 0.069255 0.890505
v -2.166332 0.022655 0.928905
v -2.148432 0.042755 0.921605
v -2.132133 0.071255 0.913605
v -2.120431 0.102654 0.905305
v -2.113732 0.129955 0.898805
v -2.115032 -0.129245 0.706005
v -2.132432 -0.114645 0.704705
v -2.129931 -0.141445 0.744605
v -2.113832 -0.156045 0.745205
v -2.072132 -0.134945 0.720005
v -2.095132 -0.131845 0.709005
v -2.094432 -0.159545 0.745605
v -2.077733 -0.154545 0.744305
v -2.141332 -0.165445 0.770805
v -2.153431 -0.204845 0.784205
v -2.158031 -0.166345 0.765105
v -2.135132 -0.206245 0.787405
v -2.128832 -0.239045 0.808505
v -2.149231 -0.235845 0.808105
v -2.146832 -0.257845 0.838105
v -2.124331 -0.264345 0.836505
v -2.147131 -0.267945 0.875905
v -2.147933 -0.268445 0.909205
v -2.123232 -0.279245 0.875705
v -2.150432 -0.265845 0.926505
v -2.108132 -0.182245 0.770505
v -2.125731 -0.174245 0.770705
v -2.099232 -0.204745 0.791405
v -2.118032 -0.207445 0.789705
v -2.066532 -0.166345 0.767305
v -2.087132 -0.180145 0.771305
v -2.077033 -0.193945 0.793705
v -2.052732 -0.175345 0.793305
v -2.109231 -0.235045 0.811105
v -2.079932 -0.240445 0.838505
v -2.101131 -0.258545 0.836505
v -2.089231 -0.224245 0.813905
v -2.095332 -0.277345 0.870105
v -2.071733 -0.254745 0.865705
v -2.047733 -0.143645 0.749505
v -2.028033 -0.119745 0.726405
v -1.999033 -0.127445 0.772505
v -2.026333 -0.151945 0.785605
v -2.006633 -0.098345 0.708305
v -1.986033 -0.077345 0.693405
v -1.952033 -0.076945 0.742505
v -1.974033 -0.102745 0.757605
v -1.949133 -0.039345 0.665705
v -1.966633 -0.058045 0.678605
v -1.932833 -0.050645 0.728005
v -1.916733 -0.025045 0.715405
v -1.888833 0.050755 0.626205
v -1.894133 0.039455 0.631805
v -1.863833 0.069855 0.684505
v -1.859533 0.082055 0.677205
v -1.869533 0.055855 0.689405
v -1.900633 0.027255 0.636605
v -1.877933 0.076555 0.607005
v -1.883733 0.062955 0.618205
v -1.846033 0.105355 0.653905
v -1.854133 0.094555 0.666805
v -1.819833 0.113955 0.711505
v -1.807933 0.120155 0.700205
v -1.828833 0.103855 0.721105
v -1.820433 0.117355 0.622705
v -1.834233 0.112555 0.639905
v -1.868833 0.090155 0.591905
v -1.855833 0.100455 0.572205
v -1.779733 0.126554 0.675405
v -1.794533 0.123555 0.688905
v -1.843133 0.111255 0.547205
v -1.829733 0.125154 0.521705
v -1.791733 0.129255 0.575705
v -1.806433 0.122455 0.599705
v -1.763333 0.130255 0.657605
v -1.745733 0.134554 0.639005
v -1.810533 0.137955 0.499205
v -1.790533 0.137355 0.482405
v -1.755233 0.135355 0.539905
v -1.774033 0.135555 0.555505
v -1.921233 -0.003345 0.648305
v -1.934133 -0.020845 0.655905
v -1.902633 -0.002445 0.704805
v -1.890133 0.018255 0.697005
v -1.909733 0.012655 0.641905
v -1.878533 0.038055 0.692705
v -1.834533 0.091855 0.727505
v -1.840433 0.076755 0.731805
v -1.887333 -0.017045 0.755705
v -1.903133 -0.048545 0.766105
v -1.923233 -0.080345 0.778805
v -1.860333 0.033055 0.739105
v -1.872933 0.009355 0.746205
v -1.849133 0.056355 0.734905
v -1.977433 -0.132845 0.807305
v -2.010033 -0.156745 0.814605
v -2.001533 -0.161645 0.836305
v -2.031133 -0.187145 0.837005
v -2.040733 -0.181545 0.816605
v -2.066833 -0.205145 0.816205
v -2.057333 -0.214745 0.838505
v -2.049033 -0.223845 0.860805
v -2.025233 -0.193745 0.854805
v -2.003533 -0.170645 0.850505
v -1.948133 -0.108345 0.793805
v -1.897633 -0.377345 0.771005
v -1.894933 -0.361345 0.753205
v -1.909133 -0.372745 0.750105
v -1.912833 -0.390545 0.772905
v -1.904933 -0.346245 0.723705
v -1.890433 -0.337745 0.731805
v -1.898133 -0.316245 0.691905
v -1.884133 -0.310045 0.703905
v -1.875033 -0.282545 0.674905
v -1.888233 -0.286645 0.660305
v -1.876033 -0.260845 0.635005
v -1.862833 -0.258445 0.651205
v -1.848633 -0.235945 0.632105
v -1.861933 -0.237245 0.614405
v -1.847233 -0.213345 0.597205
v -1.833133 -0.213845 0.616705
v -1.828033 -0.182545 0.584905
v -1.810533 -0.185245 0.606505
v -1.896733 -0.384445 0.785705
v -1.913133 -0.398345 0.791005
v -1.882333 -0.369445 0.767205
v -1.879033 -0.379045 0.777805
v -1.861533 -0.375945 0.765705
v -1.869533 -0.367345 0.761605
v -1.863833 -0.356945 0.750205
v -1.879933 -0.354945 0.753205
v -1.874233 -0.335145 0.734605
v -1.855733 -0.339745 0.733005
v -1.840833 -0.292445 0.687605
v -1.858733 -0.285845 0.682805
v -1.867433 -0.310845 0.709405
v -1.848633 -0.316545 0.711305
v -1.818333 -0.248045 0.651105
v -1.834033 -0.240545 0.643205
v -1.847333 -0.262845 0.660605
v -1.830733 -0.269445 0.667905
v -1.796233 -0.192245 0.621105
v -1.818433 -0.219645 0.628605
v -1.803933 -0.226345 0.638905
v -1.784133 -0.199945 0.634105
v -1.844933 -0.365945 0.750205
v -1.832633 -0.347045 0.734705
v -1.802033 -0.298845 0.707605
v -1.820033 -0.298545 0.694605
v -1.825633 -0.323545 0.715005
v -1.806233 -0.320745 0.725605
v -1.789533 -0.297045 0.722005
v -1.795733 -0.313345 0.732105
v -1.785833 -0.256345 0.678905
v -1.801533 -0.253345 0.662005
v -1.812433 -0.274745 0.677305
v -1.795133 -0.277745 0.691605
v -1.772133 -0.258445 0.702305
v -1.781533 -0.278745 0.711405
v -1.774733 -0.234045 0.671505
v -1.788933 -0.231145 0.652605
v -1.772533 -0.205645 0.649805
v -1.761533 -0.209145 0.669305
v -1.750433 -0.210645 0.693205
v -1.762133 -0.235945 0.696505
v -1.732233 -0.184445 0.689405
v -1.713233 -0.160345 0.683405
v -1.725633 -0.163645 0.671305
v -1.742233 -0.182045 0.670205
v -1.722633 -0.150645 0.661005
v -1.749233 -0.175245 0.653405
v -1.755333 -0.165145 0.637805
v -1.721933 -0.135045 0.646805
v -1.700433 -0.139745 0.673805
v -1.691433 -0.120345 0.661805
v -1.722533 -0.117745 0.630505
v -1.762333 -0.153245 0.621905
v -1.774933 -0.143645 0.602805
v -1.728633 -0.092145 0.602705
v -1.797833 -0.140345 0.577205
v -1.769633 -0.093145 0.564305
v -1.683733 -0.099445 0.648305
v -1.676933 -0.071545 0.632105
v -1.760333 -0.043445 0.539005
v -1.723233 -0.037345 0.576205
v -1.727833 0.012755 0.555205
v -1.763833 0.008055 0.513605
v -1.672033 0.017455 0.601105
v -1.672233 -0.029845 0.614005
v -1.767233 0.056955 0.495505
v -1.729033 0.057655 0.540405
v -1.730433 0.094355 0.531705
v -1.767333 0.095355 0.482005
v -1.775333 0.121954 0.476805
v -1.738333 0.121855 0.530905
v -1.673733 0.097555 0.590005
v -1.672833 0.060455 0.594105
v -1.726633 0.138355 0.622505
v -1.705633 0.138655 0.607505
v -1.683933 0.127254 0.593905
v -1.531233 0.381255 0.281605
v -1.563033 0.346354 0.282905
v -1.516133 0.440955 0.331905
v -1.546233 0.414855 0.327705
v -1.519633 0.400054 0.319505
v -1.485733 0.423254 0.327505
v -1.450133 0.511555 0.290505
v -1.480733 0.476755 0.319405
v -1.450033 0.457555 0.306305
v -1.418833 0.492055 0.273905
v -1.404633 0.572155 0.243105
v -1.426233 0.541755 0.264005
v -1.393033 0.522155 0.248005
v -1.368932 0.551855 0.227105
v -1.363033 0.647855 0.211905
v -1.383933 0.605555 0.226605
v -1.346033 0.584255 0.206505
v -1.321833 0.627254 0.189105
v -1.480233 0.403155 0.231305
v -1.470933 0.392555 0.255905
v -1.451033 0.411055 0.223205
v -1.425832 0.409455 0.213005
v -1.424533 0.386354 0.237705
v -1.411633 0.380255 0.228405
v -1.406933 0.397355 0.207605
v -1.497233 0.386955 0.307005
v -1.463333 0.401955 0.321905
v -1.446433 0.377155 0.321605
v -1.476533 0.377554 0.295305
v -1.430032 0.432955 0.297605
v -1.399233 0.467455 0.263105
v -1.386433 0.438855 0.254205
v -1.415632 0.404455 0.292705
v -1.370733 0.498055 0.235405
v -1.343033 0.527854 0.211605
v -1.354233 0.470954 0.225205
v -1.322833 0.501354 0.197905
v -1.290133 0.600554 0.168905
v -1.315033 0.559755 0.188405
v -1.262833 0.568954 0.153905
v -1.291133 0.532554 0.171405
v -1.201432 0.497154 0.166505
v -1.237033 0.471654 0.182405
v -1.266833 0.504755 0.167705
v -1.233433 0.535554 0.147405
v -1.301333 0.473754 0.191605
v -1.273333 0.440355 0.200005
v -1.309133 0.407754 0.225205
v -1.335232 0.442755 0.220305
v -1.369033 0.409554 0.252705
v -1.344633 0.374655 0.259605
v -1.398733 0.342055 0.211005
v -1.401733 0.329055 0.195105
v -1.411733 0.288855 0.214805
v -1.410033 0.304355 0.246805
v -1.408333 0.352055 0.238005
v -1.398133 0.369454 0.211005
v -1.426033 0.239254 0.234805
v -1.417433 0.246755 0.268605
v -1.421733 0.347555 0.263505
v -1.437032 0.352755 0.283205
v -1.420433 0.306254 0.327505
v -1.419633 0.300255 0.287505
v -1.454133 0.366654 0.290605
v -1.433833 0.349854 0.322905
v -1.379933 0.340055 0.302605
v -1.399933 0.374655 0.294005
v -1.412132 0.248155 0.336805
v -1.415533 0.249855 0.304005
v -1.416833 0.200355 0.311505
v -1.411733 0.202255 0.344405
v -1.366333 0.100554 0.256605
v -1.383233 0.101355 0.251405
v -1.410333 0.116455 0.293005
v -1.391933 0.114655 0.317805
v -1.419333 0.155155 0.310305
v -1.409033 0.155955 0.340505
v -1.345633 0.090155 0.269305
v -1.335232 0.059955 0.278105
v -1.372432 0.084855 0.326805
v -1.368232 0.052355 0.332405
v -1.376533 0.015755 0.331605
v -1.337733 0.024255 0.276305
v -1.350133 -0.005145 0.260705
v -1.400633 -0.024745 0.326205
v -1.371933 -0.008845 0.229805
v -1.422933 -0.032745 0.278605
v -1.472533 -0.058345 0.314805
v -1.452033 -0.057445 0.358005
v -1.515933 -0.084545 0.342605
v -1.492133 -0.082845 0.382105
v -1.544233 -0.126145 0.420405
v -1.573633 -0.128845 0.386005
v -1.548533 -0.108445 0.365905
v -1.521833 -0.106045 0.402905
v -1.593933 -0.145645 0.403305
v -1.562033 -0.142645 0.435005
v -1.576833 -0.158745 0.449205
v -1.611133 -0.160745 0.420205
v -1.590133 -0.177845 0.465405
v -1.625733 -0.178045 0.438005
v -1.639133 -0.199345 0.457205
v -1.603233 -0.200845 0.483705
v -1.617233 -0.227945 0.503805
v -1.652533 -0.226645 0.477005
v -1.665433 -0.259445 0.498005
v -1.632233 -0.257745 0.526305
v -1.649233 -0.286445 0.552105
v -1.679033 -0.292945 0.523305
v -1.666333 -0.310445 0.585105
v -1.690833 -0.326445 0.555305
v -1.362233 0.218755 0.399405
v -1.401433 0.206954 0.380205
v -1.399733 0.241055 0.363005
v -1.384032 0.266555 0.358705
v -1.269833 0.278755 0.304705
v -1.311633 0.254455 0.354905
v -1.348433 0.299555 0.326405
v -1.308733 0.329755 0.278805
v -1.198632 0.331355 0.242305
v -1.233133 0.304055 0.268105
v -1.271633 0.361454 0.245205
v -1.234833 0.395355 0.225805
v -1.130233 0.380054 0.201505
v -1.163433 0.357755 0.222005
v -1.197733 0.423055 0.208805
v -1.163333 0.445055 0.188705
v -1.389133 0.158454 0.425405
v -1.403633 0.107755 0.430505
v -1.402233 0.113655 0.380805
v -1.406333 0.160055 0.382605
v -1.396833 0.078555 0.382805
v -1.397333 0.047755 0.384605
v -1.408033 0.071255 0.429605
v -1.412933 0.043155 0.427905
v -1.422233 0.015255 0.428905
v -1.406333 0.014955 0.385305
v -1.425133 -0.016545 0.390005
v -1.439333 -0.009645 0.434405
v -1.458033 -0.033145 0.445005
v -1.451833 -0.045545 0.404705
v -1.479733 -0.071645 0.423605
v -1.477433 -0.054745 0.459105
v -1.495633 -0.073045 0.475205
v -1.503633 -0.092445 0.441305
v -1.523533 -0.110145 0.457505
v -1.510633 -0.091645 0.490805
v -1.532833 -0.131645 0.516805
v -1.553933 -0.143745 0.485005
v -1.540133 -0.126245 0.471405
v -1.522533 -0.110945 0.504205
v -1.553033 -0.181445 0.544105
v -1.577833 -0.191045 0.515505
v -1.566633 -0.164845 0.500005
v -1.542533 -0.154745 0.530305
v -1.584633 -0.242745 0.576205
v -1.605833 -0.250645 0.552505
v -1.590633 -0.220545 0.532805
v -1.566633 -0.212345 0.559105
v -1.620533 -0.290445 0.606605
v -1.640733 -0.299245 0.601305
v -1.623633 -0.278945 0.574105
v -1.603933 -0.272245 0.593405
v -1.589833 -0.271645 0.611805
v -1.618333 -0.295845 0.626005
v -1.565333 -0.240145 0.595905
v -1.497233 -0.130645 0.545705
v -1.493333 -0.145845 0.558705
v -1.517533 -0.150945 0.551105
v -1.512433 -0.128945 0.537505
v -1.526533 -0.175245 0.566605
v -1.543733 -0.206145 0.581405
v -1.475633 -0.095345 0.529005
v -1.487433 -0.115745 0.539505
v -1.504333 -0.108345 0.525705
v -1.493733 -0.088345 0.514105
v -1.476033 -0.126145 0.555505
v -1.461733 -0.101045 0.546405
v -1.444733 -0.060645 0.502805
v -1.461133 -0.077145 0.516405
v -1.479833 -0.070145 0.499805
v -1.463133 -0.054345 0.484305
v -1.446033 -0.079645 0.535905
v -1.428533 -0.061845 0.524305
v -1.410133 -0.025845 0.478405
v -1.427733 -0.044045 0.490105
v -1.445733 -0.037145 0.470905
v -1.427932 -0.017845 0.459705
v -1.390733 -0.029345 0.501005
v -1.409833 -0.046045 0.512305
v -1.411233 0.005355 0.451805
v -1.398933 0.031755 0.450205
v -1.374933 0.018455 0.461805
v -1.391633 -0.004845 0.468305
v -1.352033 0.008655 0.481205
v -1.371032 -0.010645 0.490505
v -1.343933 0.064855 0.451805
v -1.360433 0.039955 0.457605
v -1.389033 0.057055 0.451405
v -1.375333 0.088355 0.449305
v -1.315733 0.045555 0.463705
v -1.334633 0.026055 0.473005
v -1.290233 0.132755 0.421805
v -1.321033 0.098755 0.441205
v -1.352833 0.131855 0.439705
v -1.319633 0.175755 0.416805
v -1.292233 0.071155 0.450605
v -1.263333 0.098555 0.434005
v -1.278133 0.204955 0.376205
v -1.237233 0.223454 0.329205
v -1.209833 0.174855 0.355005
v -1.250833 0.158055 0.391605
v -1.226633 0.122955 0.410805
v -1.186433 0.143455 0.384205
v -1.200333 0.242955 0.293705
v -1.166433 0.262054 0.263005
v -1.134233 0.210555 0.299405
v -1.170933 0.193954 0.327105
v -1.147633 0.164054 0.360905
v -1.108933 0.183855 0.338005
v -1.133833 0.282155 0.233905
v -1.102933 0.306654 0.210105
v -1.067033 0.254755 0.246805
v -1.097633 0.227155 0.271505
v -1.069333 0.202754 0.313805
v -1.033033 0.223355 0.289205
v -1.419233 0.963455 0.568805
v -1.386633 0.976955 0.549505
v -1.391733 0.963255 0.538405
v -1.426133 0.953355 0.558005
v -1.255133 1.008955 0.466205
v -1.252333 1.020255 0.478205
v -1.213633 1.027055 0.456805
v -1.216833 1.019555 0.443905
v -1.303333 1.004055 0.504605
v -1.307033 0.990055 0.492605
v -1.315033 0.914155 0.446805
v -1.318032 0.904655 0.424905
v -1.367333 0.884955 0.449905
v -1.366132 0.892355 0.473405
v -1.370233 0.875555 0.419705
v -1.323433 0.894055 0.395505
v -1.408933 0.863655 0.433905
v -1.409433 0.872355 0.462305
v -1.420433 0.878755 0.490205
v -1.352633 0.975455 0.516205
v -1.348633 0.990855 0.527805
v -1.356632 0.953955 0.507505
v -1.396633 0.940755 0.529905
v -1.310033 0.971155 0.482905
v -1.312133 0.950355 0.473605
v -1.360033 0.930355 0.499605
v -1.402333 0.916455 0.520505
v -1.256133 0.992555 0.454505
v -1.217633 1.005655 0.431305
v -1.255233 0.972455 0.442705
v -1.215733 0.987055 0.418205
v -1.363833 0.909555 0.488905
v -1.408933 0.896655 0.508305
v -1.313933 0.930955 0.461905
v -1.259133 0.919855 0.394505
v -1.272633 0.908555 0.364405
v -1.254033 0.933255 0.414905
v -1.215233 0.947755 0.386705
v -1.225332 0.932555 0.364305
v -1.244233 0.920655 0.333205
v -1.254533 0.952155 0.429505
v -1.213533 0.966955 0.403605
v -1.362533 0.763255 0.227805
v -1.322133 0.763755 0.208905
v -1.338933 0.705255 0.199605
v -1.381232 0.710254 0.224105
v -1.281633 0.751154 0.184105
v -1.302633 0.684355 0.180005
v -1.438633 0.862955 0.432105
v -1.442633 0.870355 0.454705
v -1.467233 0.880755 0.436305
v -1.459933 0.872655 0.419105
v -1.456533 0.874855 0.470205
v -1.482833 0.885954 0.447805
v -1.542933 0.750255 0.340705
v -1.574233 0.710955 0.354305
v -1.591533 0.723655 0.358805
v -1.556533 0.767955 0.341305
v -1.529933 0.742355 0.331005
v -1.561433 0.704755 0.335205
v -1.638233 0.754955 0.324105
v -1.615633 0.740655 0.353405
v -1.592433 0.782755 0.332505
v -1.614733 0.798555 0.301105
v -1.655133 0.775455 0.284705
v -1.630033 0.822455 0.262005
v -1.620933 0.907655 0.208005
v -1.607033 0.869655 0.246505
v -1.590933 0.908055 0.242705
v -1.596333 0.962054 0.203005
v -1.582633 0.878955 0.277405
v -1.596633 0.840855 0.286105
v -1.575933 0.822455 0.314405
v -1.563533 0.862055 0.302605
v -1.539933 0.857055 0.320905
v -1.547633 0.816055 0.331305
v -1.520433 0.864655 0.339105
v -1.519733 0.828455 0.348405
v -1.496833 0.849855 0.366405
v -1.505033 0.878555 0.356105
v -1.486033 0.827655 0.375905
v -1.515333 0.799755 0.355105
v -1.478633 0.888155 0.403905
v -1.482433 0.870855 0.385605
v -1.496433 0.893055 0.373905
v -1.496733 0.905655 0.390105
v -1.466133 0.853555 0.396905
v -1.487633 0.897455 0.418305
v -1.505933 0.902155 0.428305
v -1.507733 0.912255 0.401405
v -1.527233 0.915355 0.407205
v -1.554433 0.918455 0.409405
v -1.568133 0.945955 0.394505
v -1.541633 0.936855 0.389905
v -1.542133 0.969255 0.384305
v -1.570233 0.983855 0.394005
v -1.525133 0.928155 0.386105
v -1.513433 0.922155 0.379805
v -1.519533 0.938255 0.372805
v -1.527533 0.951755 0.376705
v -1.424433 0.739355 0.265905
v -1.397233 0.751655 0.249205
v -1.415533 0.708455 0.244905
v -1.440833 0.702955 0.263005
v -1.354133 0.814055 0.255805
v -1.312633 0.821255 0.239205
v -1.306333 0.861455 0.282405
v -1.355333 0.852455 0.306905
v -1.271133 0.867755 0.260005
v -1.276433 0.821254 0.221505
v -1.262233 0.902155 0.297205
v -1.293633 0.891955 0.324405
v -1.336033 0.878855 0.354605
v -1.410933 0.794155 0.294005
v -1.391933 0.817455 0.297605
v -1.388133 0.792855 0.269805
v -1.414333 0.773055 0.279605
v -1.398333 0.836955 0.343305
v -1.381932 0.858455 0.380405
v -1.419832 0.845155 0.398405
v -1.443533 0.813555 0.361505
v -1.469233 0.815055 0.377605
v -1.503533 0.784155 0.354505
v -1.490133 0.776255 0.343305
v -1.447233 0.844655 0.402705
v -1.545733 0.708055 0.309005
v -1.522433 0.708355 0.288905
v -1.514933 0.738355 0.315005
v -1.498233 0.734055 0.300105
v -1.482733 0.728955 0.289605
v -1.500633 0.704155 0.277005
v -1.480633 0.699655 0.272005
v -1.464433 0.727755 0.285005
v -1.461333 0.698955 0.271605
v -1.445533 0.730955 0.278105
v -1.454033 0.751955 0.298605
v -1.469633 0.746055 0.300405
v -1.474433 0.755655 0.311005
v -1.450233 0.772455 0.313905
v -1.435933 0.760155 0.290405
v -1.427232 0.787355 0.305405
v -1.414232 0.813255 0.320505
v -1.446933 0.792555 0.332105
v -1.481433 0.767155 0.326305
v -1.772533 1.078655 0.205405
v -1.763633 1.025455 0.185205
v -1.743633 1.074754 0.170705
v -1.756633 1.124754 0.190905
v -1.756333 1.146555 0.280405
v -1.773433 1.121355 0.240205
v -1.762833 1.166455 0.227305
v -1.752933 1.193455 0.269004
v -1.682833 1.197155 0.319804
v -1.724533 1.200255 0.303405
v -1.722033 1.150155 0.313105
v -1.676433 1.142455 0.327605
v -1.611533 1.196555 0.341504
v -1.646333 1.196455 0.332805
v -1.639233 1.139755 0.343905
v -1.603533 1.137255 0.355005
v -1.509733 0.908955 0.348905
v -1.511833 0.943855 0.343805
v -1.515233 0.941855 0.361205
v -1.508033 0.915855 0.365905
v -1.522833 0.939155 0.303005
v -1.513033 0.941655 0.323505
v -1.516933 0.901155 0.330305
v -1.531033 0.896655 0.311405
v -1.527333 1.041955 0.340005
v -1.561233 1.069255 0.364105
v -1.565533 1.023055 0.381405
v -1.536433 1.001255 0.367605
v -1.516433 0.985755 0.340805
v -1.522633 0.972055 0.361105
v -1.545733 1.188855 0.309004
v -1.573933 1.194355 0.332604
v -1.563533 1.128755 0.347405
v -1.534033 1.117755 0.323305
v -1.571633 0.909755 0.273405
v -1.552433 0.899955 0.293605
v -1.542533 0.940355 0.285605
v -1.563233 0.946455 0.265005
v -1.516633 0.988355 0.295605
v -1.512033 0.989555 0.318305
v -1.514833 1.045955 0.311005
v -1.514233 1.044655 0.286705
v -1.517133 1.108155 0.273205
v -1.519733 1.111955 0.298205
v -1.527633 1.175855 0.258705
v -1.530333 1.182955 0.284005
v -1.581533 0.925755 0.249105
v -1.577533 0.958455 0.235105
v -1.533533 0.988355 0.277105
v -1.554433 0.992955 0.256805
v -1.528633 1.043055 0.267205
v -1.548633 1.046455 0.246905
v -1.531233 1.103555 0.254005
v -1.541333 1.167155 0.240605
v -1.549033 1.104055 0.233705
v -1.556633 1.164355 0.221405
v -1.657533 1.046654 0.154605
v -1.671733 0.991455 0.161705
v -1.692733 1.029454 0.153605
v -1.683233 1.080255 0.151605
v -1.711533 1.070255 0.152705
v -1.702333 1.100055 0.149905
v -1.646233 0.950355 0.181305
v -1.628133 1.006754 0.172205
v -1.588233 1.025855 0.188105
v -1.570733 1.004755 0.224305
v -1.564833 1.058754 0.214405
v -1.584133 1.080455 0.179205
v -1.586633 1.134855 0.172905
v -1.563533 1.114455 0.202205
v -1.571333 1.173054 0.194705
v -1.597233 1.190454 0.173904
v -1.739933 1.170655 0.183405
v -1.727433 1.120154 0.163105
v -1.712333 1.145154 0.152905
v -1.729333 1.212955 0.168904
v -1.653433 1.098855 0.150105
v -1.619433 1.060354 0.163705
v -1.617633 1.112755 0.157405
v -1.656033 1.149154 0.150505
v -1.685533 1.132555 0.151105
v -1.692333 1.183455 0.156505
v -1.661133 1.197855 0.157004
v -1.621533 1.164754 0.156005
v -1.631133 1.215955 0.164005
v -1.667633 1.244454 0.168305
v -1.725033 1.263954 0.181804
v -1.695833 1.229354 0.167404
v -1.697533 1.272855 0.178804
v -1.723433 1.305254 0.189604
v -1.752533 1.244355 0.259804
v -1.752533 1.214454 0.217905
v -1.753133 1.261854 0.210804
v -1.756433 1.293655 0.253404
v -1.732533 1.254555 0.294805
v -1.697733 1.254955 0.314905
v -1.711833 1.309255 0.307404
v -1.740333 1.306655 0.286505
v -1.756433 1.334555 0.247705
v -1.749633 1.302855 0.210204
v -1.747233 1.342155 0.211105
v -1.754033 1.372355 0.242705
v -1.662233 1.255155 0.325104
v -1.628433 1.256255 0.331104
v -1.647833 1.310955 0.321604
v -1.679633 1.309655 0.317504
v -1.744233 1.349355 0.278404
v -1.744933 1.386055 0.270804
v -1.719833 1.353555 0.298904
v -1.724033 1.389755 0.290404
v -1.593833 1.258455 0.320605
v -1.567933 1.257355 0.296804
v -1.595033 1.316355 0.285704
v -1.617333 1.314955 0.308904
v -1.675133 1.391655 0.302004
v -1.700033 1.390955 0.302004
v -1.691733 1.354255 0.309704
v -1.663133 1.355155 0.311804
v -1.578133 1.303155 0.237904
v -1.582333 1.312655 0.261204
v -1.553033 1.252555 0.271904
v -1.548633 1.244255 0.247304
v -1.588033 1.266555 0.214305
v -1.584733 1.285754 0.223804
v -1.560333 1.231255 0.231304
v -1.572933 1.225455 0.215304
v -1.637333 1.395555 0.268505
v -1.653133 1.394155 0.289104
v -1.637033 1.358755 0.298604
v -1.618233 1.360655 0.276604
v -1.615133 1.247555 0.184604
v -1.589733 1.232855 0.196804
v -1.607033 1.284255 0.205705
v -1.630633 1.298655 0.197904
v -1.607833 1.357955 0.251404
v -1.607433 1.344855 0.228104
v -1.640233 1.375654 0.217505
v -1.630433 1.392955 0.242705
v -1.635433 1.337154 0.208404
v -1.611333 1.320154 0.215804
v -1.673733 1.289355 0.182005
v -1.643933 1.266754 0.179204
v -1.652933 1.310455 0.192804
v -1.673833 1.329555 0.192904
v -1.721433 1.347955 0.194804
v -1.698933 1.315954 0.188704
v -1.694633 1.355355 0.196404
v -1.713933 1.386955 0.200004
v -1.662933 1.360354 0.203104
v -1.652233 1.339755 0.201804
v -1.696533 1.417155 0.206005
v -1.678933 1.387155 0.204204
v -1.661033 1.409755 0.216604
v -1.678033 1.437855 0.215504
v -1.649833 1.422755 0.236205
v -1.666933 1.448755 0.231604
v -1.668933 1.450754 0.251504
v -1.653633 1.425355 0.259704
v -1.694533 1.462754 0.215405
v -1.684133 1.471154 0.228104
v -1.706333 1.476655 0.216304
v -1.700833 1.488055 0.227104
v -1.695833 1.485154 0.241205
v -1.684533 1.472554 0.244805
v -1.666533 1.424555 0.278404
v -1.679033 1.450355 0.267805
v -1.684733 1.422755 0.290704
v -1.694333 1.448654 0.279004
v -1.712633 1.445755 0.281805
v -1.705833 1.421355 0.292605
v -1.725633 1.420355 0.282905
v -1.726233 1.439854 0.277604
v -1.713433 1.447054 0.209305
v -1.733433 1.421454 0.208205
v -1.741633 1.454454 0.233604
v -1.724333 1.472754 0.218904
v -1.750333 1.411755 0.237704
v -1.743933 1.384155 0.209704
v -1.738033 1.449554 0.262704
v -1.743433 1.420655 0.264404
v -1.724433 1.465455 0.267505
v -1.706133 1.470454 0.267004
v -1.715533 1.482554 0.257504
v -1.730433 1.479354 0.249404
v -1.721833 1.491854 0.235004
v -1.706233 1.487854 0.249004
v -1.692733 1.472155 0.257805
v -1.741233 0.739455 0.608505
v -1.728433 0.746955 0.643105
v -1.709233 0.761755 0.629105
v -1.729833 0.756455 0.595205
v -1.710333 0.777955 0.652705
v -1.729433 0.763355 0.665205
v -1.669933 0.799355 0.627004
v -1.690133 0.789355 0.640005
v -1.687933 0.773255 0.625605
v -1.669733 0.780855 0.613405
v -1.763033 0.768955 0.504705
v -1.738233 0.766755 0.541705
v -1.727133 0.781255 0.524905
v -1.751233 0.784955 0.490105
v -1.719833 0.768755 0.574505
v -1.703433 0.768255 0.597305
v -1.693733 0.774755 0.572505
v -1.709433 0.779055 0.551905
v -1.678633 0.774055 0.592205
v -1.690433 0.770355 0.607605
v -1.738033 0.803055 0.476305
v -1.714333 0.797755 0.509905
v -1.699933 0.816655 0.497805
v -1.723633 0.823355 0.465105
v -1.649133 0.808355 0.614404
v -1.627533 0.818155 0.603005
v -1.630333 0.798855 0.586805
v -1.650933 0.789055 0.600005
v -1.696133 0.790755 0.532705
v -1.680233 0.783855 0.552005
v -1.662933 0.794355 0.534505
v -1.680133 0.804355 0.516805
v -1.643433 0.789355 0.560105
v -1.662933 0.780655 0.575905
v -1.682433 0.835655 0.488105
v -1.706933 0.844755 0.457305
v -1.660233 0.850555 0.476005
v -1.686933 0.866555 0.452105
v -1.604633 0.830755 0.593405
v -1.581033 0.846255 0.583605
v -1.582933 0.824755 0.565405
v -1.607533 0.810555 0.575805
v -1.641733 0.803655 0.518105
v -1.660733 0.816755 0.501705
v -1.637433 0.826755 0.485005
v -1.616333 0.811655 0.501905
v -1.620433 0.797755 0.546005
v -1.593533 0.806855 0.533105
v -1.661133 0.885655 0.445905
v -1.630833 0.897155 0.439305
v -1.633633 0.862755 0.461605
v -1.603833 0.873355 0.452105
v -1.588133 0.823454 0.489005
v -1.610333 0.837555 0.469505
v -1.581433 0.850755 0.462005
v -1.562533 0.839455 0.483005
v -1.533433 0.881755 0.458305
v -1.506233 0.888455 0.455005
v -1.532033 0.902255 0.432705
v -1.562633 0.901555 0.434105
v -1.571633 0.878755 0.450105
v -1.596633 0.901555 0.435905
v -1.542533 0.853055 0.483805
v -1.554733 0.861155 0.463905
v -1.530633 0.868155 0.475305
v -1.529433 0.861055 0.487405
v -1.556733 0.863955 0.572105
v -1.533433 0.879355 0.559905
v -1.537433 0.859955 0.543705
v -1.558633 0.842855 0.554405
v -1.566433 0.822055 0.522105
v -1.544833 0.840155 0.514505
v -1.479733 0.876955 0.480305
v -1.500633 0.874955 0.487505
v -1.482633 0.880155 0.513505
v -1.457733 0.880455 0.504805
v -1.439833 0.909855 0.535605
v -1.432433 0.932155 0.548105
v -1.465633 0.927655 0.562105
v -1.475833 0.904555 0.546305
v -1.509733 0.870055 0.496605
v -1.517333 0.864155 0.505505
v -1.506333 0.875855 0.526805
v -1.496633 0.877755 0.519805
v -1.446533 0.893055 0.521605
v -1.473633 0.891355 0.529905
v -1.495633 0.889555 0.539005
v -1.488333 0.887355 0.531805
v -1.503633 0.904955 0.560305
v -1.512033 0.887555 0.548405
v -1.520233 0.870755 0.534505
v -1.496333 0.924955 0.574405
v -1.528933 0.854955 0.509905
v -1.838533 -0.632045 0.710705
v -1.839033 -0.649445 0.733305
v -1.817133 -0.639145 0.726605
v -1.821133 -0.629245 0.711605
v -1.831233 -0.607045 0.688105
v -1.819633 -0.573745 0.667605
v -1.797833 -0.575345 0.686805
v -1.810833 -0.610045 0.700805
v -1.798533 -0.615645 0.716505
v -1.784233 -0.577845 0.706605
v -1.792833 -0.486445 0.639005
v -1.806233 -0.531045 0.652205
v -1.784733 -0.529845 0.674105
v -1.770033 -0.483045 0.658705
v -1.777333 -0.449945 0.620105
v -1.749733 -0.446945 0.635605
v -1.703733 -0.394845 0.635005
v -1.723333 -0.436345 0.661505
v -1.751733 -0.479245 0.682605
v -1.697033 -0.359145 0.596505
v -1.678433 -0.330245 0.626805
v -1.649733 -0.311045 0.634105
v -1.771433 -0.529145 0.697305
v -0.906533 0.520355 0.570605
v -0.915933 0.578155 0.603905
v -0.941632 0.548755 0.621005
v -0.932033 0.499455 0.588305
v -0.956833 0.596955 0.648305
v -0.931033 0.649855 0.632905
v -0.955433 0.693055 0.663105
v -0.980833 0.637155 0.671405
v -0.941733 0.393255 0.500605
v -0.928533 0.444155 0.550605
v -0.915632 0.415255 0.483605
v -0.903633 0.464655 0.533005
v -0.949033 0.340855 0.453905
v -0.950533 0.289955 0.411305
v -0.924933 0.312654 0.395105
v -0.923333 0.364155 0.436805
v -0.953733 0.249155 0.366605
v -0.971933 0.234055 0.315405
v -0.945633 0.250755 0.299805
v -0.928433 0.270255 0.351605
v -0.943732 0.732455 0.655805
v -0.964133 0.781955 0.651505
v -0.926133 0.724755 0.642605
v -0.944233 0.790155 0.632605
v -1.162832 1.033855 0.462505
v -1.153933 1.026855 0.475405
v -1.126933 1.043755 0.444005
v -1.117233 1.037955 0.458205
v -1.136333 1.046755 0.429705
v -1.171333 1.037055 0.449405
v -0.968733 0.853155 0.615205
v -0.992233 0.842955 0.630204
v -1.022533 0.891755 0.602005
v -0.996433 0.903755 0.591605
v -1.020833 0.926455 0.561405
v -1.051233 0.914055 0.572105
v -1.041633 0.945355 0.536905
v -1.074933 0.932255 0.548905
v -1.059033 0.964254 0.519005
v -1.094233 0.950555 0.531805
v -1.073632 0.983655 0.506005
v -1.110033 0.969455 0.519505
v -1.123132 0.987755 0.509505
v -1.086033 1.002055 0.495305
v -1.097033 1.017755 0.484505
v -1.134433 1.003755 0.499405
v -1.144533 1.016855 0.488005
v -1.107233 1.029555 0.472105
v -1.273333 0.647655 0.158705
v -1.257033 0.697654 0.150305
v -1.220133 0.653955 0.123005
v -1.242733 0.607554 0.141205
v -1.151133 0.525254 0.120205
v -1.172733 0.514654 0.145005
v -1.210733 0.560055 0.133105
v -1.189233 0.580854 0.111005
v -1.107833 0.472054 0.147705
v -1.133433 0.461354 0.167605
v -1.073833 0.411055 0.164305
v -1.100533 0.398254 0.181405
v -1.072833 0.329955 0.191305
v -1.045333 0.346654 0.176105
v -1.012933 0.295355 0.206905
v -1.039133 0.278455 0.225105
v -1.003133 0.245355 0.267805
v -0.977933 0.262355 0.250305
v -1.242933 0.734955 0.149305
v -1.219733 0.726254 0.130505
v -1.248333 0.778554 0.171605
v -1.220433 0.787154 0.152505
v -1.144433 1.045555 0.415605
v -1.178033 1.035855 0.436205
v -1.182633 1.029255 0.422905
v -1.150433 1.039155 0.401705
v -1.241333 0.877255 0.238205
v -1.245933 0.833255 0.204005
v -1.212433 0.886755 0.215005
v -1.218433 0.844354 0.183305
v -1.218533 0.933355 0.306105
v -1.233433 0.912155 0.272305
v -1.191833 0.943855 0.280705
v -1.204533 0.921455 0.247705
v -1.188433 0.960055 0.361605
v -1.200233 0.945655 0.337205
v -1.162933 0.968655 0.338005
v -1.175832 0.956255 0.312105
v -1.184433 0.978755 0.380105
v -1.184433 0.999055 0.395605
v -1.155033 1.008155 0.373305
v -1.157033 0.987355 0.357405
v -1.153633 1.026355 0.387705
v -1.184633 1.016855 0.409605
v -0.879233 0.534855 0.558105
v -0.888733 0.593755 0.588605
v -0.846933 0.546355 0.547205
v -0.857332 0.605055 0.576005
v -0.870733 0.668355 0.596905
v -0.901533 0.659155 0.611105
v -0.887333 0.433555 0.468105
v -0.876533 0.480255 0.519505
v -0.853033 0.448454 0.454205
v -0.842533 0.492155 0.508905
v -0.867033 0.340555 0.365405
v -0.863332 0.398855 0.404505
v -0.895833 0.383355 0.420205
v -0.898033 0.328955 0.379905
v -0.921033 0.253855 0.285805
v -0.903133 0.281054 0.337805
v -0.874433 0.286355 0.324205
v -0.894932 0.253055 0.271405
v -0.880333 0.735155 0.604505
v -0.909233 0.728255 0.621805
v -0.923133 0.796755 0.615504
v -0.893333 0.802655 0.599005
v -1.080733 1.048855 0.440905
v -1.091233 1.053855 0.425305
v -1.053933 1.063255 0.405205
v -1.042433 1.058955 0.422805
v -1.064833 1.064555 0.387705
v -1.101433 1.056055 0.409605
v -0.913733 0.866955 0.585905
v -0.944933 0.860855 0.601005
v -0.939133 0.923055 0.567505
v -0.970633 0.914255 0.580605
v -0.990933 0.937955 0.551105
v -0.956433 0.948454 0.540405
v -0.972133 0.968255 0.516605
v -1.009032 0.957355 0.526205
v -0.985933 0.986555 0.497505
v -1.024533 0.976355 0.507405
v -0.998233 1.005055 0.482105
v -1.037832 0.995755 0.493405
v -1.049433 1.014155 0.481705
v -1.009633 1.023255 0.468505
v -1.020433 1.039055 0.454805
v -1.060133 1.029855 0.469805
v -1.070333 1.041255 0.456205
v -1.031233 1.051155 0.439605
v -1.176733 0.656354 0.093805
v -1.153533 0.591254 0.090705
v -1.129933 0.652455 0.068605
v -1.107033 0.591455 0.073105
v -1.118033 0.533854 0.105205
v -1.070433 0.532454 0.096305
v -1.077033 0.477755 0.133605
v -1.034833 0.473454 0.121305
v -1.044533 0.417155 0.150905
v -1.007033 0.412855 0.135605
v -0.983133 0.354155 0.147705
v -1.016933 0.355555 0.164005
v -0.985633 0.304455 0.191805
v -0.952832 0.306755 0.176205
v -0.922333 0.273254 0.219105
v -0.952433 0.270355 0.234805
v -1.188833 0.790454 0.127205
v -1.185133 0.724154 0.105105
v -1.149433 0.786155 0.096705
v -1.140933 0.717555 0.077805
v -1.074833 1.061755 0.370305
v -1.110533 1.054555 0.394105
v -1.117532 1.046955 0.379105
v -1.083033 1.052555 0.354605
v -1.145933 0.895454 0.156405
v -1.150733 0.849154 0.126205
v -1.188033 0.851054 0.158005
v -1.181233 0.893455 0.188605
v -1.129033 0.952854 0.220005
v -1.138633 0.929554 0.187305
v -1.173333 0.927855 0.220605
v -1.162233 0.950555 0.253805
v -1.135933 0.973855 0.314505
v -1.148432 0.963155 0.286005
v -1.106833 0.977255 0.285705
v -1.117733 0.966755 0.253505
v -1.093333 1.013655 0.327205
v -1.098533 0.991955 0.311605
v -1.128633 0.991355 0.335205
v -1.125133 1.013155 0.350705
v -1.088933 1.035755 0.340605
v -1.122133 1.033055 0.364805
v -0.807533 0.556755 0.534205
v -0.818533 0.614255 0.562105
v -0.763433 0.617155 0.536805
v -0.754633 0.563155 0.508805
v -0.774533 0.675355 0.556705
v -0.831233 0.676255 0.581605
v -0.812533 0.463055 0.440005
v -0.802033 0.503555 0.496505
v -0.752433 0.515955 0.470505
v -0.766233 0.481655 0.417005
v -0.786533 0.379455 0.326305
v -0.780033 0.436155 0.366205
v -0.824833 0.413955 0.388505
v -0.830433 0.352954 0.349605
v -0.858133 0.262855 0.253205
v -0.839333 0.291154 0.308705
v -0.809333 0.287455 0.234005
v -0.794033 0.327055 0.283805
v -0.783133 0.735455 0.564705
v -0.838533 0.739455 0.585805
v -0.793833 0.797455 0.562905
v -0.850933 0.804755 0.581505
v -0.999733 1.067355 0.402605
v -1.013433 1.071755 0.382805
v -0.966033 1.076655 0.355305
v -0.949332 1.073155 0.379205
v -1.025433 1.071855 0.362805
v -0.980833 1.075455 0.331905
v -0.870433 0.868855 0.570205
v -0.811933 0.861255 0.554905
v -0.834633 0.919355 0.541305
v -0.895133 0.927055 0.553705
v -0.911733 0.956255 0.530605
v -0.852432 0.955455 0.523205
v -0.863733 0.976855 0.505405
v -0.926033 0.977255 0.509305
v -0.875232 0.996255 0.487005
v -0.938433 0.994955 0.490505
v -0.887233 1.015055 0.467805
v -0.950032 1.012155 0.473405
v -0.901033 1.033755 0.447505
v -0.961733 1.029355 0.457005
v -0.916833 1.050755 0.426005
v -0.973932 1.045555 0.440005
v -0.986433 1.058555 0.421805
v -0.932633 1.064155 0.402905
v -1.000633 0.615555 0.024805
v -0.967333 0.552054 0.043905
v -1.044132 0.578254 0.060705
v -1.072733 0.638954 0.045805
v -1.008233 0.517255 0.086405
v -0.938233 0.489254 0.063205
v -0.917133 0.430554 0.079305
v -0.980133 0.457055 0.104905
v -0.959033 0.399155 0.117005
v -0.903133 0.378755 0.094105
v -0.891833 0.336055 0.110905
v -0.940233 0.346055 0.129505
v -0.912132 0.305455 0.158805
v -0.863733 0.305554 0.138905
v -0.834033 0.286654 0.181805
v -0.883433 0.276555 0.201305
v -1.099833 0.770055 0.060305
v -1.089033 0.702655 0.046505
v -1.040733 0.743254 0.017105
v -1.029032 0.678854 0.010905
v -0.994933 1.068455 0.310305
v -1.036733 1.067355 0.343405
v -1.046232 1.054255 0.327105
v -1.005833 1.047755 0.293705
v -1.058532 0.868855 0.059805
v -1.054433 0.810755 0.033205
v -1.107533 0.837854 0.085205
v -1.106333 0.890455 0.115405
v -1.048033 0.939854 0.116805
v -1.055433 0.912555 0.088005
v -1.099733 0.925255 0.143905
v -1.091433 0.949655 0.175105
v -1.073133 0.977655 0.242605
v -1.082133 0.965755 0.208605
v -1.031832 0.973355 0.183105
v -1.040033 0.959354 0.149105
v -1.019733 1.000855 0.250305
v -1.024832 0.986054 0.217705
v -1.065833 0.990455 0.275305
v -1.059633 1.008655 0.299805
v -1.053433 1.032455 0.313505
v -1.015233 1.020955 0.278805
v -0.409033 0.766454 -0.438495
v -0.391833 0.713254 -0.430595
v -0.488233 0.699554 -0.348595
v -0.413933 0.823055 -0.425595
v -0.511033 0.744955 -0.366595
v -0.520233 0.799754 -0.358395
v -0.318032 0.845954 -0.489895
v -0.314633 0.782254 -0.508295
v -0.300733 0.717155 -0.509895
v -0.764733 0.876755 -0.189495
v -0.761333 0.830455 -0.207595
v -0.852233 0.837154 -0.132995
v -0.859033 0.882755 -0.111995
v -0.844332 0.780255 -0.151495
v -0.753433 0.776254 -0.225895
v -0.925633 0.803154 -0.077495
v -0.932433 0.857554 -0.056395
v -0.935433 0.901054 -0.031295
v -0.524533 0.850554 -0.342995
v -0.415833 0.874054 -0.408695
v -0.413433 0.921355 -0.386595
v -0.525933 0.900155 -0.325395
v -0.316533 0.897954 -0.467295
v -0.309533 0.940554 -0.438995
v -0.640332 0.838155 -0.274795
v -0.634233 0.786055 -0.291095
v -0.643133 0.886455 -0.257495
v -0.745933 0.941055 -0.124795
v -0.759633 0.915854 -0.162795
v -0.856233 0.918355 -0.083595
v -0.850332 0.941854 -0.049495
v -0.934133 0.934654 -0.001995
v -0.925733 0.956855 0.032205
v -0.521033 0.946655 -0.299995
v -0.404933 0.962054 -0.356595
v -0.507233 0.982054 -0.262195
v -0.390833 0.995554 -0.320195
v -0.298533 0.974854 -0.406095
v -0.284433 1.004654 -0.371495
v -0.638733 0.930254 -0.232495
v -0.625232 0.962354 -0.195295
v -0.705833 0.968755 -0.034795
v -0.727233 0.956754 -0.081995
v -0.841833 0.954755 -0.010795
v -0.834333 0.955755 0.032605
v -0.915133 0.969054 0.069705
v -0.905432 0.978654 0.108405
v -0.465733 1.025554 -0.175595
v -0.349833 1.041154 -0.237595
v -0.371833 1.021055 -0.279995
v -0.487533 1.006254 -0.219295
v -0.266733 1.032554 -0.335195
v -0.247233 1.060055 -0.298195
v -0.605932 0.983355 -0.152195
v -0.584532 1.000055 -0.107095
v -0.670433 1.020854 0.051205
v -0.685933 0.986355 0.012605
v -0.816133 0.978554 0.077105
v -0.800832 1.009355 0.115705
v -0.895533 0.995955 0.146605
v -0.889233 1.017654 0.182205
v -0.424633 1.067955 -0.093095
v -0.308532 1.090354 -0.158195
v -0.327933 1.061554 -0.196595
v -0.444533 1.044354 -0.133595
v -0.228832 1.090455 -0.262295
v -0.211533 1.125254 -0.226695
v -0.563533 1.016954 -0.062195
v -0.544733 1.041854 -0.020296
v -0.655033 1.054354 0.087705
v -0.785033 1.036654 0.154805
v -0.767633 1.061754 0.193005
v -0.637433 1.082254 0.126505
v -0.888433 1.038054 0.216805
v -0.867833 1.067055 0.247005
v -0.388433 1.134554 -0.013895
v -0.272433 1.161355 -0.081395
v -0.291332 1.126154 -0.121195
v -0.406633 1.099555 -0.053895
v -0.192633 1.161155 -0.189195
v -0.175533 1.203155 -0.151295
v -0.529032 1.076555 0.016505
v -0.511033 1.108454 0.055905
v -0.812633 1.080855 0.317505
v -0.711933 1.088755 0.271705
v -0.740833 1.080355 0.232705
v -0.841933 1.079655 0.282205
v -0.615533 1.101155 0.170505
v -0.590233 1.112654 0.214605
v -0.335833 1.178055 0.082405
v -0.219332 1.201854 0.013205
v -0.248733 1.191255 -0.035395
v -0.364533 1.163054 0.032805
v -0.151232 1.239054 -0.103995
v -0.118033 1.249554 -0.050895
v -0.460533 1.146554 0.149405
v -0.487733 1.132154 0.101905
v -0.756433 1.058655 0.381105
v -0.658433 1.071355 0.349305
v -0.684433 1.086355 0.310905
v -0.781733 1.073955 0.349005
v -0.561233 1.111355 0.256505
v -0.530933 1.094255 0.294205
v -0.270733 1.144555 0.171005
v -0.156633 1.170355 0.099705
v -0.187933 1.195654 0.059305
v -0.303033 1.171954 0.130405
v -0.050433 1.209754 0.040905
v -0.083233 1.238854 -0.001595
v -0.397533 1.119455 0.234505
v -0.429133 1.143854 0.195605
v -0.717333 1.003054 0.442505
v -0.607933 1.002555 0.410305
v -0.634833 1.042155 0.386105
v -0.735233 1.034655 0.412805
v -0.502233 1.061955 0.324605
v -0.476333 1.019755 0.347705
v -0.105433 1.081554 0.152705
v -0.129333 1.130054 0.130205
v -0.242733 1.103055 0.200305
v -0.218632 1.053654 0.220805
v 0.001267 1.121454 0.100605
v -0.024333 1.164555 0.070505
v -0.344133 1.035455 0.285405
v -0.368833 1.082155 0.264505
v -0.683633 0.926455 0.495105
v -0.555032 0.924255 0.456905
v -0.584333 0.958355 0.427105
v -0.706833 0.963355 0.475705
v -0.453733 0.973355 0.364005
v -0.423433 0.940755 0.396205
v -0.084033 1.033055 0.171205
v -0.195333 1.007155 0.241205
v -0.167833 0.970155 0.270905
v -0.056533 0.996454 0.203105
v 0.044567 1.027854 0.143105
v 0.020767 1.071054 0.117205
v -0.291933 0.954155 0.335005
v -0.320533 0.989755 0.305205
v -0.645933 0.835155 0.510905
v -0.518533 0.827455 0.467305
v -0.534533 0.876955 0.467005
v -0.663333 0.883155 0.507505
v -0.399433 0.895755 0.415005
v -0.383332 0.844055 0.416205
v -0.005933 0.905955 0.256905
v -0.025333 0.961555 0.242605
v -0.136633 0.934155 0.308505
v -0.120633 0.876955 0.313705
v 0.096867 0.936554 0.205005
v 0.074367 0.990654 0.181705
v -0.247133 0.859155 0.368805
v -0.263033 0.914255 0.365905
v -0.619133 0.733955 0.503205
v -0.496133 0.729755 0.452505
v -0.505833 0.778255 0.461905
v -0.631232 0.784655 0.508605
v -0.371032 0.792555 0.411105
v -0.362433 0.741555 0.401005
v 0.018267 0.784355 0.264805
v 0.010067 0.846755 0.267605
v -0.107833 0.820055 0.314205
v -0.101133 0.762855 0.304905
v 0.124967 0.806755 0.228105
v 0.115667 0.874954 0.224805
v -0.228333 0.750255 0.353505
v -0.235533 0.804255 0.364305
v -0.602432 0.643155 0.473005
v -0.487533 0.636855 0.418905
v -0.489833 0.682255 0.438205
v -0.608533 0.689255 0.490805
v -0.357833 0.691855 0.385305
v -0.357133 0.643955 0.365405
v 0.007067 0.670754 0.209805
v 0.015967 0.724855 0.242205
v -0.101433 0.708255 0.284405
v -0.106632 0.657155 0.257705
v 0.109467 0.681555 0.170005
v 0.121567 0.740454 0.206705
v -0.228132 0.647955 0.313105
v -0.226032 0.698055 0.335605
v -0.605232 0.564355 0.417805
v -0.500933 0.566655 0.358105
v -0.491033 0.595755 0.392005
v -0.600533 0.599355 0.448705
v -0.361833 0.598355 0.339405
v -0.375933 0.566155 0.300805
v -0.030933 0.573255 0.123405
v -0.006232 0.621054 0.172305
v -0.115933 0.608155 0.226805
v -0.137433 0.566654 0.181905
v 0.062268 0.577655 0.069805
v 0.091567 0.629455 0.125305
v -0.253433 0.563755 0.242205
v -0.234833 0.599155 0.285605
v -0.642433 0.540455 0.336505
v -0.539733 0.558055 0.274305
v -0.517433 0.559855 0.318605
v -0.618633 0.545455 0.380405
v -0.399433 0.558955 0.253105
v -0.427033 0.566055 0.202005
v -0.177133 0.550055 0.116405
v -0.077733 0.550455 0.048505
v -0.218033 0.572855 0.049205
v -0.124433 0.575254 -0.027395
v 0.009568 0.548855 -0.012595
v -0.040133 0.575254 -0.097795
v -0.285133 0.552254 0.185305
v -0.319833 0.575155 0.125205
v -0.669132 0.465155 0.253105
v -0.579533 0.497454 0.190605
v -0.562133 0.530755 0.229605
v -0.657833 0.503755 0.295105
v -0.452433 0.542855 0.155005
v -0.473033 0.512355 0.113905
v -0.270632 0.528455 -0.041595
v -0.174633 0.530555 -0.119195
v -0.155733 0.560755 -0.081495
v -0.250133 0.559954 -0.003295
v -0.069432 0.554955 -0.152595
v -0.087133 0.526155 -0.191495
v -0.370433 0.523154 0.035805
v -0.349433 0.554955 0.075605
v -0.681933 0.376554 0.166705
v -0.594433 0.409154 0.107905
v -0.589733 0.463155 0.148105
v -0.673733 0.422655 0.210505
v -0.492333 0.489554 0.072305
v -0.496032 0.431555 0.041505
v -0.293333 0.453155 -0.108495
v -0.198033 0.449754 -0.179595
v -0.192332 0.505354 -0.159595
v -0.289333 0.508955 -0.085495
v -0.102233 0.491854 -0.224195
v -0.111233 0.438154 -0.243095
v -0.391433 0.444254 -0.028595
v -0.390833 0.504955 -0.008295
v -0.206533 0.367155 -0.200695
v -0.122233 0.359654 -0.261495
v -0.301633 0.372755 -0.137895
v -0.331733 0.322555 -0.202895
v -0.238233 0.322454 -0.266695
v -0.153733 0.309555 -0.321995
v -0.419132 0.371855 -0.341395
v -0.324733 0.381955 -0.413595
v -0.281832 0.317655 -0.346995
v -0.370833 0.328555 -0.274495
v -0.203933 0.302955 -0.413895
v -0.239833 0.387955 -0.479295
v -0.399733 0.368655 -0.067195
v -0.504233 0.364355 -0.000395
v -0.526232 0.309755 -0.061395
v -0.427533 0.314855 -0.132595
v -0.703133 0.339355 0.114705
v -0.750533 0.331755 0.062105
v -0.633033 0.314855 0.007605
v -0.607433 0.354955 0.061605
v -0.622733 0.726155 -0.301795
v -0.595833 0.677855 -0.280795
v -0.708533 0.649854 -0.221795
v -0.740432 0.706855 -0.243795
v -0.611833 0.354455 -0.178795
v -0.563933 0.321754 -0.123295
v -0.663433 0.317854 -0.044695
v -0.706133 0.363854 -0.095595
v -0.764833 0.358654 0.005705
v -0.791833 0.406754 -0.031295
v -0.443933 0.487654 -0.347795
v -0.344233 0.495955 -0.421295
v -0.354233 0.603455 -0.408895
v -0.454633 0.597754 -0.328795
v -0.262233 0.594954 -0.488295
v -0.251533 0.495554 -0.488795
v -0.271633 0.667054 -0.485895
v -0.364032 0.672955 -0.405395
v -0.463833 0.664754 -0.323395
v -0.837633 0.707755 -0.165795
v -0.814033 0.631054 -0.154895
v -0.901333 0.671954 -0.091895
v -0.914433 0.739455 -0.090795
v -0.652833 0.552054 -0.179995
v -0.639433 0.457654 -0.189295
v -0.725433 0.457555 -0.106495
v -0.742633 0.542054 -0.107795
v -0.808433 0.483855 -0.040495
v -0.830833 0.557554 -0.048395
v -0.466333 0.327655 -0.200895
v -0.515433 0.364155 -0.263695
v -0.541533 0.476054 -0.268295
v -0.557333 0.581155 -0.253795
v -0.673733 0.616554 -0.185795
v -0.570733 0.645154 -0.252895
v -0.770733 0.601355 -0.121495
v -0.862533 0.619454 -0.065095
v -0.074033 0.268155 -0.537595
v -0.142333 0.287455 -0.471695
v -0.170433 0.385954 -0.536895
v -0.099933 0.367754 -0.608395
v -0.013433 0.265655 -0.429295
v -0.085733 0.290755 -0.370195
v -0.048733 0.338855 -0.306895
v 0.027067 0.316055 -0.361795
v 0.038767 0.397855 -0.347295
v -0.035333 0.418555 -0.294295
v -0.025233 0.472655 -0.278595
v 0.048367 0.451255 -0.326195
v 0.060167 0.491154 -0.297595
v -0.012033 0.512655 -0.251395
v 0.005167 0.540955 -0.210395
v 0.076467 0.522554 -0.260395
v 0.106367 0.538554 -0.201995
v 0.033367 0.564854 -0.154495
v 0.159567 0.531554 -0.111795
v 0.084267 0.541154 -0.062695
v 0.217967 0.578355 -0.029295
v 0.139467 0.576854 0.023405
v 0.171967 0.632955 0.083305
v 0.258667 0.635355 0.032805
v 0.287767 0.692755 0.083705
v 0.193167 0.688354 0.131905
v 0.305568 0.760355 0.122905
v 0.207968 0.751554 0.170405
v 0.212667 0.822454 0.190405
v 0.309167 0.833755 0.142505
v 0.408267 0.351655 -0.435895
v 0.363168 0.337554 -0.472595
v 0.306367 0.212554 -0.650395
v 0.312567 0.135754 -0.706695
v 0.265067 0.208654 -0.630695
v 0.204067 0.202354 -0.624495
v 0.315867 0.110355 -0.756195
v 0.198567 0.363554 -0.467195
v 0.125167 0.374555 -0.404595
v 0.118167 0.296454 -0.442495
v 0.196267 0.287354 -0.523195
v 0.084867 0.237955 -0.516195
v 0.342267 0.352555 -0.527695
v 0.353467 0.273355 -0.558495
v 0.347267 0.305155 -0.605595
v 0.335068 0.378954 -0.576395
v 0.284967 0.301655 -0.589095
v 0.249067 0.291654 -0.566395
v 0.276167 0.377554 -0.546195
v 0.243567 0.369655 -0.515495
v 0.317367 0.315355 -0.623295
v 0.303567 0.384155 -0.576795
v 0.125967 0.436155 -0.379295
v 0.193167 0.428255 -0.430595
v 0.197567 0.473954 -0.394995
v 0.134467 0.478654 -0.347495
v 0.231667 0.434454 -0.477595
v 0.262367 0.437555 -0.507495
v 0.266268 0.469954 -0.456695
v 0.237667 0.471555 -0.429695
v 0.316967 0.474454 -0.505495
v 0.291168 0.472155 -0.483695
v 0.292067 0.438654 -0.531695
v 0.327067 0.444355 -0.543795
v 0.219667 0.493855 -0.355095
v 0.153567 0.507755 -0.311495
v 0.190167 0.503755 -0.249895
v 0.262467 0.487955 -0.301395
v 0.356367 0.413054 -0.449495
v 0.338867 0.421555 -0.500495
v 0.327467 0.472554 -0.474595
v 0.350467 0.471354 -0.432395
v 0.281467 0.491154 -0.418495
v 0.258667 0.486954 -0.388495
v 0.313668 0.513755 -0.378695
v 0.297067 0.501354 -0.344695
v 0.304267 0.499554 -0.450895
v 0.335068 0.506754 -0.410795
v 0.249067 0.528054 -0.174495
v 0.323167 0.534655 -0.240095
v 0.400167 0.570955 -0.167095
v 0.315567 0.584455 -0.100895
v 0.455467 0.441555 -0.371795
v 0.398367 0.428255 -0.408395
v 0.393567 0.483654 -0.386095
v 0.458167 0.500954 -0.348495
v 0.370767 0.536355 -0.324295
v 0.444168 0.557354 -0.267595
v 0.434668 0.561354 -0.220295
v 0.355068 0.541655 -0.287095
v 0.456867 0.556154 -0.320695
v 0.386267 0.524654 -0.362795
v 0.483068 0.598655 -0.094995
v 0.377967 0.629854 -0.033295
v 0.425367 0.688255 0.020105
v 0.591568 0.653855 -0.033995
v 0.519668 0.566255 -0.154095
v 0.523367 0.546854 -0.211495
v 0.530567 0.538855 -0.266695
v -0.129033 1.028054 -0.467895
v -0.144533 0.993555 -0.496495
v -0.209333 0.984154 -0.451395
v -0.196033 1.014455 -0.419395
v -0.220833 0.951355 -0.483695
v -0.157833 0.958854 -0.526495
v -0.169132 0.920054 -0.557795
v -0.230533 0.911654 -0.515395
v -0.236033 0.858754 -0.546795
v -0.177533 0.867254 -0.595395
v -0.171533 0.782855 -0.632795
v -0.231933 0.783954 -0.573295
v -0.214033 0.705354 -0.576495
v -0.139933 0.692255 -0.636195
v -0.095933 0.541255 -0.616895
v -0.097733 0.458755 -0.619695
v -0.173433 0.483054 -0.547995
v -0.178133 0.571954 -0.551295
v -0.102733 0.620455 -0.613995
v -0.186633 0.644155 -0.554295
v 0.000367 0.338754 -0.696895
v 0.025368 0.244654 -0.626295
v 0.152867 0.204454 -0.730595
v 0.134167 0.289554 -0.796695
v 0.101767 0.468455 -0.782795
v 0.129367 0.377455 -0.794295
v -0.000833 0.425154 -0.708595
v -0.000733 0.511554 -0.692595
v 0.616967 0.845954 0.041405
v 0.446467 0.839454 0.081605
v 0.449067 0.762655 0.061005
v 0.612468 0.752554 0.026205
v -0.163433 1.080554 -0.354895
v -0.180133 1.046454 -0.386995
v -0.111433 1.067755 -0.440695
v -0.095833 1.110554 -0.415195
v -0.084233 1.153655 -0.388795
v -0.148233 1.117354 -0.323395
v -0.131232 1.155255 -0.289095
v -0.063233 1.189354 -0.353996
v -0.095033 1.242354 -0.213295
v -0.111933 1.194755 -0.251996
v -0.039133 1.226155 -0.315295
v -0.014632 1.263755 -0.271796
v 0.018967 1.283055 -0.218796
v -0.064433 1.271455 -0.161995
v -0.027733 1.279655 -0.107495
v 0.056167 1.288954 -0.164395
v 0.132967 1.052454 0.093705
v 0.113168 1.101855 0.074005
v 0.215667 1.066755 0.051004
v 0.197867 1.116255 0.028305
v 0.092667 1.148555 0.051605
v 0.180767 1.161454 0.001605
v 0.184967 0.958854 0.160105
v 0.160867 1.011455 0.130105
v 0.243467 1.019954 0.083405
v 0.273067 0.968854 0.116205
v 0.203867 0.894655 0.184305
v 0.296667 0.905055 0.138105
v 0.470768 0.956954 0.038405
v 0.377667 0.963454 0.071105
v 0.418767 0.904454 0.083705
v 0.531067 0.904555 0.046705
v 0.295567 0.201854 -0.914295
v 0.296267 0.117454 -0.852495
v 0.260367 0.292754 -0.912095
v 0.190367 0.390054 -0.896095
v 0.032967 0.568054 -0.787995
v 0.091567 0.489254 -0.891795
v -0.034733 0.692854 -0.773995
v -0.036533 0.600754 -0.699295
v -0.085733 0.693254 -0.699895
v -0.135432 0.890954 -0.655695
v -0.120833 0.803454 -0.715195
v -0.136533 0.791054 -0.681695
v -0.142733 0.877354 -0.627695
v -0.128033 0.921555 -0.587195
v -0.118133 0.956155 -0.560495
v -0.135833 0.937254 -0.621095
v -0.081233 1.039355 -0.512195
v 0.094067 1.278455 -0.116495
v 0.009667 1.271854 -0.055895
v 0.042267 1.235655 -0.014595
v 0.139867 1.237654 -0.084895
v 0.157068 1.197855 -0.036395
v 0.067868 1.191454 0.019305
v -0.035533 1.149255 -0.480095
v -0.055032 1.093055 -0.494395
v -0.015332 1.110854 -0.539696
v 0.008067 1.179054 -0.537196
v 0.005667 1.225854 -0.425296
v -0.017833 1.192755 -0.457295
v 0.028267 1.227755 -0.518496
v 0.034267 1.256054 -0.387095
v 0.064567 1.278155 -0.341195
v 0.097368 1.281354 -0.284895
v 0.134267 1.281554 -0.227895
v 0.194268 1.270854 -0.280595
v 0.248967 1.168654 -0.104195
v 0.269167 1.144655 -0.062095
v 0.347267 1.126354 -0.112095
v 0.328967 1.137554 -0.158595
v 0.240167 1.193355 -0.140595
v 0.315367 1.161954 -0.191995
v 0.356167 1.144254 -0.220995
v 0.334767 1.018854 0.045405
v 0.411568 1.009754 0.013505
v 0.365667 1.054455 -0.024795
v 0.296468 1.062555 0.007505
v 0.353867 1.099355 -0.064395
v 0.281767 1.110054 -0.023595
v -0.042133 0.733454 -0.790895
v -0.152533 0.901754 -0.669595
v -0.123033 0.816555 -0.726195
v 0.312167 1.197654 -0.276195
v 0.293867 1.207155 -0.256296
v 0.328068 1.174954 -0.241295
v 0.348367 1.164155 -0.261095
v 0.296267 1.186655 -0.214395
v 0.261367 1.217454 -0.223795
v 0.292867 1.221654 -0.303395
v 0.277867 1.230155 -0.289595
v 0.327267 1.184855 -0.296395
v 0.204167 1.232754 -0.166495
v 0.170367 1.264154 -0.185695
v 0.229167 1.247255 -0.243695
v 0.260867 1.237654 -0.273596
v 0.245868 1.204355 -0.173295
v 0.519467 0.956254 0.017205
v 0.452467 0.997355 -0.010895
v -0.774733 0.311554 0.156005
v -0.810333 0.314354 0.112505
v -0.751833 0.331755 0.208705
v -0.739633 0.373655 0.253105
v -0.734432 0.420355 0.295205
v -0.726933 0.467755 0.337005
v -0.710333 0.505855 0.384305
v -0.692133 0.529155 0.432305
v -0.687433 0.564355 0.468705
v -0.691333 0.609355 0.499505
v -0.702633 0.661755 0.525305
v -0.711133 0.716055 0.538505
v -0.719633 0.773955 0.541005
v -0.735033 0.835455 0.540105
v -0.754933 0.892555 0.532305
v -0.777933 0.939555 0.517805
v -0.784733 0.961755 0.501105
v -0.796133 0.984655 0.481605
v -0.808433 1.009955 0.458105
v -0.823933 1.033455 0.433005
v -0.842733 1.053455 0.406705
v -0.865133 1.068555 0.380105
v -0.888533 1.077455 0.351705
v -0.909733 1.078655 0.321705
v -0.929233 1.074155 0.292405
v -0.947633 1.058255 0.268605
v -0.960533 1.030055 0.248605
v -0.961233 1.009355 0.215105
v -0.966833 0.991654 0.182105
v -0.974033 0.978654 0.147105
v -0.982433 0.965854 0.111805
v -0.990933 0.948955 0.077805
v -0.998132 0.924855 0.046705
v -1.000033 0.885254 0.018605
v -0.998333 0.835454 -0.006295
v -0.987133 0.774455 -0.024995
v -0.974433 0.710454 -0.033395
v -0.953433 0.649354 -0.023895
v -0.918133 0.585855 -0.004695
v -0.888433 0.518854 0.009405
v -0.865033 0.452854 0.025305
v -0.847133 0.397155 0.045805
v -0.839533 0.354555 0.071805
v -0.849033 0.330055 0.095805
vn -0.3801 -0.2912 0.8779
vn -0.3581 -0.0839 0.9299
vn -0.1087 -0.1142 0.9875
vn -0.1114 -0.2408 0.9642
vn -0.3836 0.3467 0.8560
vn -0.3280 0.2980 0.8965
vn -0.2413 0.2893 0.9263
vn 0.0543 -0.0596 0.9967
vn 0.0831 -0.1212 0.9891
vn 0.3194 0.0105 0.9476
vn 0.1859 -0.0343 0.9820
vn 0.1988 0.0295 0.9796
vn 0.4345 0.0620 0.8985
vn -0.0254 0.3125 0.9496
vn 0.1836 0.3429 0.9213
vn 0.0946 -0.4760 0.8744
vn 0.2193 -0.3146 0.9235
vn 0.4610 -0.6141 0.6406
vn 0.3904 -0.7326 0.5576
vn 0.2774 -0.8391 0.4680
vn -0.1158 -0.6571 0.7448
vn 0.3072 -0.1692 0.9365
vn 0.5100 -0.4210 0.7501
vn 0.3934 -0.0055 0.9193
vn 0.5215 -0.2641 0.8113
vn 0.5471 0.0373 0.8362
vn 0.6045 -0.1983 0.7715
vn 0.3584 0.2138 0.9088
vn 0.5212 -0.1255 0.8441
vn -0.4409 0.4408 0.7819
vn -0.4676 0.7218 0.5103
vn -0.4609 0.7239 0.5133
vn -0.3715 0.6815 0.6305
vn -0.3498 0.5481 0.7597
vn -0.4614 0.7085 0.5340
vn -0.4853 0.7338 0.4754
vn -0.4270 0.7453 0.5121
vn -0.4928 0.6627 0.5638
vn -0.4415 0.6265 0.6423
vn -0.3887 0.7013 0.5976
vn -0.2717 0.6488 0.7108
vn -0.3196 0.6156 0.7203
vn -0.1822 0.6159 0.7665
vn -0.1689 0.6290 0.7588
vn -0.1952 0.6034 0.7732
vn -0.2124 0.6088 0.7643
vn -0.0675 0.4987 0.8641
vn 0.2595 0.2602 0.9300
vn -0.0961 0.5874 0.8036
vn 0.5876 -0.7556 0.2894
vn 0.6019 -0.7588 0.2489
vn 0.5997 -0.7679 0.2251
vn 0.5834 -0.7800 0.2263
vn 0.5522 -0.7283 0.4059
vn 0.6404 -0.6549 0.4013
vn 0.5966 -0.6105 0.5209
vn 0.7176 -0.4068 0.5653
vn 0.6493 -0.4251 0.6306
vn 0.7701 -0.1615 0.6172
vn 0.6326 -0.2187 0.7429
vn 0.7118 -0.0637 0.6995
vn 0.3856 0.1356 0.9127
vn 0.6311 0.0274 0.7752
vn 0.3718 0.3526 0.8588
vn 0.6115 0.1219 0.7818
vn -0.1023 0.6633 0.7413
vn 0.3389 0.4892 0.8036
vn -0.1546 0.7163 0.6805
vn 0.6543 0.2614 0.7096
vn 0.3495 0.6746 0.6502
vn 0.7348 0.3976 0.5495
vn -0.1896 0.7793 0.5973
vn -0.2741 0.7857 0.5546
vn 0.3055 0.7358 0.6044
vn 0.7699 0.4251 0.4760
vn 0.8165 -0.0426 0.5758
vn 0.8132 0.2472 0.5268
vn 0.3067 0.5873 0.7490
vn 0.2993 0.2871 0.9099
vn -0.3641 0.6577 0.6594
vn -0.4237 0.4384 0.7927
vn -0.5697 0.6682 0.4784
vn -0.5385 0.5674 0.6229
vn -0.4737 0.7200 0.5071
vn -0.4753 0.7439 0.4698
vn -0.4876 0.3995 0.7763
vn -0.4449 0.4788 0.7568
vn -0.4612 0.7332 0.4997
vn -0.3889 0.5280 0.7549
vn -0.4302 0.7076 0.5605
vn -0.3027 0.6961 0.6510
vn -0.2911 0.4579 0.8400
vn -0.0944 0.4176 0.9037
vn -0.1451 0.6575 0.7394
vn -0.0168 0.6161 0.7875
vn 0.0616 0.4422 0.8948
vn 0.1682 0.4722 0.8653
vn 0.0269 0.5440 0.8387
vn 0.2064 0.4619 0.8626
vn 0.1965 0.3878 0.9006
vn 0.0086 0.5065 0.8622
vn -0.0663 0.5031 0.8617
vn 0.1982 0.3185 0.9270
vn 0.1520 0.3236 0.9339
vn -0.0985 0.5825 0.8069
vn -0.1486 0.6069 0.7807
vn -0.1829 0.6482 0.7392
vn 0.0776 0.3498 0.9336
vn 0.0209 0.4329 0.9012
vn -0.2328 0.7003 0.6748
vn -0.3098 0.6995 0.6440
vn -0.0511 0.5463 0.8360
vn -0.1183 0.5965 0.7938
vn -0.4268 0.5823 0.6920
vn -0.1486 0.5467 0.8240
vn -0.4815 0.4248 0.7666
vn -0.1068 0.4451 0.8891
vn -0.3220 0.0001 0.9467
vn -0.2386 -0.0482 0.9699
vn 0.0440 -0.6777 0.7340
vn 0.0016 -0.6444 0.7647
vn 0.0609 -0.7211 0.6902
vn -0.1788 -0.1072 0.9780
vn -0.1046 -0.2082 0.9725
vn 0.0273 -0.7594 0.6501
vn 0.0644 -0.7235 0.6873
vn 0.0454 -0.1891 0.9809
vn 0.6782 -0.5417 0.4965
vn 0.4887 -0.0343 0.8718
vn 0.2732 -0.0709 0.9593
vn 0.3502 -0.4931 0.7964
vn 0.2821 -0.6231 0.7295
vn 0.5938 -0.6544 0.4681
vn 0.0777 -0.7874 0.6115
vn 0.3099 -0.8026 0.5097
vn 0.5801 0.0416 0.8135
vn 0.7698 -0.5228 0.3662
vn 0.8001 -0.4043 0.4431
vn 0.5797 0.0535 0.8131
vn 0.5681 -0.0123 0.8228
vn 0.4930 -0.0707 0.8672
vn 0.7780 -0.3595 0.5152
vn 0.7225 -0.4173 0.5513
vn 0.4251 -0.0743 0.9021
vn 0.4081 0.0151 0.9128
vn 0.6942 -0.4707 0.5446
vn 0.7410 -0.4507 0.4979
vn 0.8959 -0.2451 0.3705
vn 0.4559 0.2967 0.8391
vn 0.4265 0.1646 0.8894
vn 0.8260 -0.3666 0.4282
vn 0.7797 -0.2369 0.5796
vn 0.7048 -0.0974 0.7027
vn 0.7260 0.0826 0.6827
vn 0.8356 -0.2413 0.4934
vn 0.7402 0.1991 0.6422
vn 0.9028 -0.2236 0.3675
vn 0.6615 -0.7196 0.2113
vn 0.7158 -0.6491 0.2576
vn 0.7356 -0.6614 0.1464
vn 0.7069 -0.6795 0.1965
vn 0.7494 -0.6617 0.0222
vn 0.7174 -0.6800 0.1513
vn 0.6791 0.2366 0.6949
vn 0.8842 -0.2651 0.3846
vn 0.5917 0.2114 0.7779
vn 0.7813 -0.3656 0.5059
vn 0.7190 -0.6942 -0.0334
vn 0.6677 -0.7329 0.1303
vn 0.6712 -0.7411 -0.0142
vn 0.6538 -0.7467 0.1224
vn 0.7103 -0.6122 0.3474
vn 0.7107 -0.6156 0.3404
vn 0.6841 -0.6353 0.3583
vn 0.7184 -0.6076 0.3387
vn 0.6947 -0.6072 0.3857
vn 0.7569 -0.5445 0.3615
vn 0.5767 0.1730 0.7984
vn 0.7110 -0.4117 0.5701
vn 0.6844 0.1851 0.7053
vn 0.7919 -0.3809 0.4773
vn 0.7387 -0.6662 0.1023
vn 0.7169 -0.5712 0.3998
vn 0.6988 -0.5886 0.4065
vn 0.6920 -0.7131 0.1120
vn 0.7236 -0.5407 0.4289
vn 0.7151 -0.5392 0.4449
vn 0.6576 -0.7529 0.0241
vn 0.6839 -0.7294 0.0167
vn 0.8264 0.2225 0.5173
vn 0.9061 -0.3301 0.2646
vn 0.9165 0.1592 0.3670
vn 0.9283 -0.3663 0.0640
vn 0.9568 -0.0674 0.2830
vn 0.8921 -0.4411 -0.0979
vn 0.9359 -0.2683 0.2282
vn 0.8813 -0.4264 -0.2039
vn 0.7444 -0.6651 -0.0590
vn 0.7845 -0.6154 0.0762
vn 0.7795 -0.6101 -0.1421
vn 0.7843 -0.6171 0.0631
vn 0.7407 -0.5529 0.3817
vn 0.7241 -0.5253 0.4470
vn 0.7377 -0.5539 0.3860
vn 0.6976 -0.5379 0.4734
vn 0.7923 -0.5726 -0.2107
vn 0.7798 -0.6236 0.0546
vn 0.8134 -0.4987 -0.2995
vn 0.8183 -0.5747 -0.0056
vn 0.7374 -0.5530 0.3878
vn 0.6964 -0.5512 0.4596
vn 0.7649 -0.5402 0.3509
vn 0.7412 -0.5293 0.4128
vn 0.7906 -0.4975 -0.3570
vn 0.8135 -0.5777 -0.0674
vn 0.8557 -0.4674 -0.2221
vn 0.7511 -0.6401 -0.1615
vn 0.7072 -0.6152 -0.3483
vn 0.7345 -0.6721 -0.0938
vn 0.7553 -0.5663 0.3299
vn 0.7238 -0.5323 0.4391
vn 0.6991 -0.6282 0.3415
vn 0.6555 -0.5637 0.5026
vn 0.7119 -0.6220 0.3259
vn 0.6866 -0.5295 0.4983
vn 0.6899 -0.7177 -0.0947
vn 0.7435 -0.6645 -0.0757
vn 0.7664 -0.5586 0.3170
vn 0.7317 -0.4971 0.4664
vn 0.8076 -0.5880 -0.0461
vn 0.8069 -0.5063 0.3041
vn 0.7825 -0.5364 0.3161
vn 0.7781 -0.6245 -0.0671
vn 0.7519 -0.4946 0.4360
vn 0.7722 -0.4649 0.4331
vn 0.8274 -0.4946 0.2662
vn 0.7824 -0.4340 0.4466
vn 0.8331 -0.5530 -0.0075
vn 0.8756 -0.4831 -0.0003
vn 0.8870 -0.4166 0.1992
vn 0.8600 -0.3466 0.3744
vn 0.3123 -0.8946 0.3197
vn 0.6919 -0.7048 0.1568
vn 0.6839 -0.7127 -0.1563
vn 0.3788 -0.9248 -0.0346
vn 0.7562 -0.6341 -0.1613
vn 0.7514 -0.6574 0.0570
vn 0.6867 -0.7258 -0.0413
vn 0.6500 -0.7411 -0.1679
vn 0.6331 -0.7663 -0.1090
vn 0.7312 -0.6781 0.0743
vn 0.7909 -0.5797 0.1958
vn 0.7084 -0.7027 -0.0661
vn 0.7415 -0.6698 -0.0387
vn 0.7791 -0.5761 0.2472
vn 0.7612 -0.6183 0.1957
vn 0.7352 -0.6747 -0.0657
vn 0.7411 -0.6617 -0.1135
vn 0.7805 -0.6181 0.0935
vn 0.7278 -0.6858 0.0065
vn 0.7584 -0.6463 0.0849
vn 0.6931 -0.4567 0.5577
vn 0.7127 -0.4980 0.4940
vn 0.6825 -0.3448 0.6445
vn 0.7918 -0.5826 0.1833
vn 0.5286 -0.4340 0.7295
vn 0.6765 -0.5863 0.4457
vn 0.7205 -0.5531 0.4182
vn 0.5817 -0.4020 0.7071
vn 0.8009 -0.4628 0.3799
vn 0.6824 -0.3509 0.6413
vn 0.7162 -0.5285 0.4557
vn 0.5375 -0.4535 0.7109
vn 0.7274 -0.5299 0.4360
vn 0.6411 -0.4096 0.6491
vn 0.7614 -0.4889 0.4257
vn 0.7181 -0.3541 0.5991
vn 0.6626 -0.5448 0.5139
vn 0.5020 -0.4439 0.7422
vn 0.6464 -0.5624 0.5157
vn 0.4599 -0.4478 0.7668
vn 0.7439 -0.5013 0.4418
vn 0.6408 -0.3563 0.6800
vn 0.7399 -0.4757 0.4757
vn 0.6653 -0.3226 0.6733
vn 0.6380 -0.5030 0.5831
vn 0.5341 -0.3440 0.7723
vn 0.6667 -0.4543 0.5909
vn 0.5503 -0.2988 0.7797
vn 0.6744 -0.4629 0.5752
vn 0.5228 -0.2948 0.7998
vn 0.7233 -0.4084 0.5568
vn 0.5955 -0.2003 0.7780
vn 0.6969 -0.3520 0.6249
vn 0.5411 -0.1815 0.8211
vn 0.6591 -0.2850 0.6960
vn 0.5091 -0.1336 0.8503
vn 0.7309 -0.2092 0.6496
vn 0.5464 -0.1050 0.8309
vn 0.0660 0.2485 0.9664
vn 0.4974 -0.1165 0.8597
vn 0.4596 -0.1187 0.8802
vn 0.0513 0.2476 0.9675
vn 0.6586 -0.3950 0.6405
vn 0.7222 -0.3730 0.5825
vn 0.2625 -0.1730 0.9493
vn -0.1329 0.2110 0.9684
vn 0.2647 -0.1528 0.9521
vn -0.1872 0.1995 0.9619
vn 0.3507 -0.1228 0.9284
vn -0.1475 0.1869 0.9712
vn 0.2111 -0.2111 0.9544
vn -0.2323 0.1047 0.9670
vn 0.4213 -0.1730 0.8903
vn 0.0179 0.1458 0.9891
vn 0.5736 -0.1360 0.8077
vn 0.2358 0.1901 0.9530
vn 0.3116 -0.2076 0.9273
vn 0.0542 0.1602 0.9856
vn 0.1843 -0.2085 0.9605
vn -0.1472 0.1314 0.9803
vn 0.4008 -0.1218 0.9080
vn 0.0276 0.2148 0.9763
vn 0.4547 -0.0891 0.8862
vn 0.0582 0.2603 0.9638
vn 0.3177 -0.0803 0.9448
vn -0.0625 0.2541 0.9652
vn 0.2786 -0.0499 0.9591
vn -0.1367 0.2406 0.9609
vn 0.2632 -0.0134 0.9647
vn -0.1056 0.2601 0.9598
vn 0.2948 0.0264 0.9552
vn -0.1333 0.2172 0.9670
vn 0.2801 0.0021 0.9600
vn -0.0929 0.1900 0.9774
vn -0.6794 0.5905 0.4356
vn -0.5710 0.3473 0.7439
vn -0.4192 0.5065 0.7535
vn -0.5970 0.7002 0.3915
vn -0.0413 0.1823 0.9824
vn -0.2823 0.0291 0.9589
vn -0.3719 0.5570 0.7426
vn -0.5996 0.7180 0.3537
vn -0.3961 0.5660 0.7231
vn -0.6348 0.7061 0.3137
vn -0.5195 0.5162 0.6810
vn -0.7084 0.6407 0.2961
vn -0.5751 0.4767 0.6648
vn -0.7403 0.6045 0.2943
vn -0.5436 0.4749 0.6921
vn -0.7266 0.6086 0.3189
vn -0.5718 0.4341 0.6961
vn -0.7213 0.6145 0.3195
vn -0.4518 0.4876 0.7471
vn -0.6677 0.6704 0.3237
vn -0.2988 0.5592 0.7733
vn -0.6219 0.7048 0.3414
vn -0.3549 0.5542 0.7529
vn -0.6617 0.6655 0.3454
vn -0.4864 0.4926 0.7216
vn -0.6927 0.6383 0.3357
vn -0.3991 0.5432 0.7387
vn -0.6606 0.6694 0.3399
vn -0.4200 0.5372 0.7315
vn -0.7238 0.5966 0.3466
vn -0.5103 0.4722 0.7188
vn -0.7860 0.5252 0.3261
vn -0.5467 0.4286 0.7193
vn -0.8202 0.4958 0.2855
vn -0.5281 0.4258 0.7347
vn -0.8404 0.4739 0.2629
vn -0.5472 0.3568 0.7571
vn -0.8592 0.4178 0.2953
vn -0.5186 0.3256 0.7906
vn -0.8597 0.3488 0.3731
vn -0.4485 0.6247 0.6392
vn -0.3359 0.6481 0.6835
vn 0.2426 0.3723 0.8959
vn 0.0835 0.3827 0.9201
vn -0.2605 0.5936 0.7614
vn 0.4012 0.2365 0.8849
vn -0.5126 0.0524 0.8570
vn -0.3356 0.3399 0.8785
vn -0.4264 -0.2501 0.8693
vn 0.0546 -0.0815 0.9952
vn -0.1265 -0.7238 0.6783
vn 0.3098 -0.8928 0.3269
vn 0.5100 -0.8286 0.2311
vn 0.3559 -0.6643 0.6573
vn 0.6957 -0.7059 0.1334
vn 0.7938 -0.5616 0.2334
vn 0.7982 -0.5748 0.1804
vn 0.7363 -0.6608 0.1457
vn 0.8285 -0.4744 0.2977
vn 0.7008 -0.3201 0.6375
vn -0.1952 0.5693 0.7986
vn 0.1751 0.2767 0.9449
vn 0.7880 -0.2058 0.5803
vn 0.4866 -0.0893 0.8691
vn -0.4922 0.6717 0.5536
vn -0.4615 0.5455 0.6996
vn -0.5930 0.5134 0.6203
vn -0.6090 0.5839 0.5367
vn -0.4214 0.3257 0.8464
vn -0.3416 0.3716 0.8633
vn -0.4944 0.2670 0.8272
vn -0.6932 0.4420 0.5693
vn -0.7007 0.4829 0.5253
vn -0.7269 0.4116 0.5497
vn -0.7404 0.4226 0.5226
vn -0.5240 0.2221 0.8222
vn -0.5585 0.1687 0.8122
vn -0.7607 0.3578 0.5416
vn -0.7858 0.3359 0.5194
vn -0.8117 0.2414 0.5318
vn -0.8464 0.2074 0.4906
vn -0.6000 0.0743 0.7966
vn -0.6101 -0.0182 0.7921
vn -0.8284 0.1251 0.5460
vn -0.8809 0.1251 0.4564
vn -0.7573 0.1613 0.6328
vn -0.8358 0.1863 0.5165
vn -0.5632 0.0208 0.8261
vn -0.4990 0.1667 0.8504
vn -0.6369 0.2721 0.7213
vn -0.7407 0.2738 0.6135
vn -0.7687 0.3914 0.5058
vn -0.7900 0.2522 0.5588
vn -0.9344 0.0476 0.3531
vn -0.9530 0.1973 0.2298
vn -0.8291 0.0921 0.5514
vn -0.9181 -0.3524 0.1815
vn -0.9551 -0.2824 -0.0896
vn -0.9709 -0.1225 -0.2057
vn -0.6536 -0.3404 0.6760
vn -0.8260 -0.3128 0.4690
vn -0.6654 0.1883 0.7223
vn -0.5128 0.1642 0.8427
vn -0.5398 0.5035 0.6746
vn -0.5880 0.5747 0.5691
vn -0.4021 0.5381 0.7408
vn -0.2690 0.3415 0.9006
vn 0.0706 0.2837 0.9563
vn 0.0080 0.1010 0.9949
vn -0.5205 0.4268 0.7395
vn -0.5045 0.3917 0.7694
vn -0.5685 0.5124 0.6437
vn -0.5845 0.4878 0.6484
vn 0.1826 -0.8945 0.4080
vn 0.2030 -0.8985 0.3892
vn 0.1825 -0.9113 0.3691
vn 0.1561 -0.9340 0.3215
vn 0.1523 -0.8883 0.4332
vn 0.1485 -0.9117 0.3831
vn 0.0444 -0.9089 0.4146
vn 0.0906 -0.8685 0.4874
vn -0.0524 -0.8872 0.4583
vn 0.0758 -0.9295 0.3610
vn -0.0353 -0.8906 0.4534
vn 0.0714 -0.9808 0.1814
vn -0.3320 -0.0422 0.9423
vn 0.0254 -0.7115 0.7022
vn -0.3329 -0.1796 0.9257
vn 0.1852 -0.8140 0.5506
vn -0.2188 0.0540 0.9743
vn -0.0297 -0.1040 0.9941
vn 0.0523 -0.2857 0.9569
vn -0.3730 0.0891 0.9235
vn -0.0694 -0.0232 0.9973
vn -0.0167 -0.0695 0.9974
vn -0.3942 -0.0622 0.9169
vn 0.0364 -0.6055 0.7950
vn 0.1065 -0.9076 0.4061
vn 0.2353 -0.9154 0.3266
vn 0.1773 -0.7490 0.6384
vn 0.1813 -0.7100 0.6805
vn 0.1833 -0.0006 0.9831
vn 0.0945 -0.0167 0.9954
vn 0.2486 0.0546 0.9671
vn 0.1949 -0.6339 0.7484
vn 0.3381 -0.7308 0.5930
vn 0.2924 -0.7540 0.5882
vn 0.1161 -0.0386 0.9925
vn 0.1464 0.0006 0.9892
vn 0.2618 -0.5653 0.7822
vn 0.0581 0.2008 0.9779
vn 0.1690 -0.1977 0.9656
vn -0.1057 0.4830 0.8692
vn 0.0519 0.1704 0.9840
vn -0.1419 0.6546 0.7425
vn 0.0468 0.2047 0.9777
vn -0.2206 0.5648 0.7952
vn 0.1039 0.1353 0.9853
vn -0.1651 0.4389 0.8832
vn 0.0926 0.0125 0.9956
vn -0.0793 0.2829 0.9559
vn -0.0520 0.3853 0.9213
vn -0.1860 0.7174 0.6714
vn -0.2259 0.6353 0.7384
vn -0.1570 0.2352 0.9592
vn -0.2527 0.3653 0.8959
vn -0.2141 -0.0048 0.9768
vn 0.1324 0.4657 0.8750
vn -0.0546 0.6500 0.7580
vn -0.1166 0.7035 0.7011
vn 0.0551 0.4517 0.8905
vn 0.1073 0.3938 0.9129
vn 0.0332 0.5419 0.8398
vn -0.0339 0.5789 0.8147
vn 0.1476 0.4348 0.8883
vn 0.2172 0.5606 0.7991
vn 0.1735 0.5284 0.8311
vn 0.1124 0.4320 0.8948
vn 0.1281 0.5080 0.8518
vn -0.1834 0.2003 0.9624
vn -0.1016 0.2027 0.9740
vn -0.0657 0.0735 0.9951
vn -0.1627 0.1525 0.9748
vn -0.1191 0.0477 0.9917
vn -0.2082 0.1301 0.9694
vn -0.2235 0.2929 0.9297
vn -0.2513 0.2103 0.9448
vn -0.1525 0.1676 0.9740
vn -0.1086 0.1816 0.9774
vn -0.1991 0.0903 0.9758
vn -0.2760 0.1219 0.9534
vn 0.0243 -0.0335 0.9991
vn -0.1126 0.0915 0.9894
vn -0.0935 0.0993 0.9907
vn 0.0104 0.0175 0.9998
vn -0.1053 0.0458 0.9934
vn 0.0136 -0.0497 0.9987
vn 0.0395 -0.0117 0.9992
vn -0.0289 0.0621 0.9977
vn -0.0712 0.0076 0.9974
vn -0.1106 0.0083 0.9938
vn 0.0103 0.0115 0.9999
vn -0.0872 -0.0311 0.9957
vn -0.2061 0.0567 0.9769
vn -0.2947 0.0522 0.9542
vn -0.1965 0.0056 0.9805
vn -0.1684 -0.0907 0.9815
vn -0.3195 -0.0105 0.9475
vn -0.2040 0.0387 0.9782
vn -0.2099 -0.0256 0.9774
vn -0.1430 -0.0827 0.9863
vn -0.0724 -0.0454 0.9963
vn -0.0575 -0.0614 0.9965
vn -0.0305 -0.1514 0.9880
vn 0.2927 0.0029 0.9562
vn 0.5650 -0.0369 0.8243
vn 0.5437 -0.2527 0.8003
vn 0.2241 -0.1594 0.9614
vn -0.3518 -0.0921 0.9315
vn -0.1890 -0.1787 0.9656
vn -0.1859 -0.2603 0.9475
vn -0.3763 -0.1715 0.9105
vn -0.0332 -0.1586 0.9868
vn 0.1995 -0.2362 0.9510
vn -0.0172 -0.2128 0.9769
vn -0.1369 -0.1641 0.9769
vn -0.0654 -0.2353 0.9697
vn 0.0169 -0.3054 0.9521
vn -0.0862 -0.2787 0.9565
vn -0.3569 -0.1525 0.9216
vn -0.3277 -0.0131 0.9447
vn -0.0057 -0.1988 0.9800
vn 0.7443 -0.0918 0.6615
vn 0.8316 -0.1608 0.5315
vn 0.7934 -0.2340 0.5619
vn 0.7127 -0.3067 0.6308
vn 0.3667 -0.2576 0.8940
vn 0.4640 -0.1171 0.8781
vn 0.3005 -0.1491 0.9421
vn 0.1397 -0.2341 0.9621
vn 0.1789 -0.3379 0.9240
vn 0.3251 -0.2870 0.9011
vn -0.3188 0.0749 0.9449
vn -0.3058 -0.3047 0.9020
vn 0.1431 -0.0872 0.9859
vn 0.2565 -0.2912 0.9216
vn 0.8464 -0.3312 0.4169
vn 0.7752 -0.5238 0.3532
vn 0.6593 -0.3336 0.6738
vn 0.7612 -0.2054 0.6151
vn 0.5546 -0.1627 0.8161
vn 0.6493 -0.3654 0.6670
vn 0.5018 -0.0274 0.8645
vn 0.5494 -0.2776 0.7881
vn 0.4587 0.0046 0.8886
vn 0.4032 -0.2019 0.8926
vn 0.4163 -0.1549 0.8959
vn 0.7076 -0.3945 0.5862
vn 0.1509 -0.2860 0.9463
vn 0.5383 -0.4833 0.6904
vn 0.6928 -0.3574 0.6263
vn 0.7717 -0.3258 0.5462
vn 0.7808 -0.5499 0.2965
vn 0.6531 -0.5843 0.4817
vn 0.7948 -0.5424 0.2723
vn 0.7852 -0.5245 0.3292
vn 0.7399 -0.5693 0.3583
vn 0.7888 -0.6089 0.0837
vn 0.7966 -0.5951 0.1061
vn 0.7524 -0.6227 0.2148
vn 0.7348 -0.5962 0.3236
vn 0.7118 -0.6144 0.3405
vn 0.6947 -0.6704 0.2608
vn 0.7725 -0.6166 0.1518
vn 0.7473 -0.6117 0.2597
vn 0.7948 -0.6067 -0.0144
vn 0.7915 -0.6108 0.0207
vn 0.7338 -0.5549 0.3919
vn 0.3194 -0.6038 0.7303
vn 0.5606 0.1109 0.8206
vn 0.9396 -0.1337 0.3150
vn 0.4912 -0.7514 0.4407
vn 0.5191 0.5856 0.6226
vn 0.9343 0.3332 0.1270
vn 0.6001 0.4446 0.6650
vn 0.9892 0.0410 0.1410
vn 0.8246 -0.5622 0.0625
vn 0.2046 -0.3180 0.9257
vn 0.6888 -0.1517 0.7089
vn 0.5111 -0.8386 0.1887
vn 0.2702 -0.1631 0.9489
vn 0.2208 -0.2549 0.9414
vn 0.4914 -0.7155 0.4965
vn 0.5062 -0.7731 0.3822
vn 0.3241 -0.0836 0.9423
vn 0.3236 -0.0943 0.9415
vn 0.4727 -0.6844 0.5551
vn 0.4512 -0.6803 0.5776
vn 0.2703 -0.0953 0.9580
vn 0.4270 -0.6749 0.6018
vn 0.1614 -0.1246 0.9790
vn 0.3691 -0.6662 0.6481
vn 0.0086 -0.1908 0.9816
vn 0.2521 -0.6790 0.6895
vn -0.0999 -0.3625 0.9266
vn 0.1906 -0.8101 0.5545
vn 0.4635 -0.8822 0.0830
vn 0.4258 -0.8839 0.1935
vn 0.4265 -0.8984 0.1051
vn 0.5145 -0.8571 -0.0251
vn 0.4066 -0.9004 -0.1547
vn 0.3945 -0.9187 0.0180
vn 0.4343 -0.9002 0.0317
vn 0.4707 -0.8766 -0.1003
vn 0.4718 -0.8278 -0.3035
vn 0.4476 -0.8918 -0.0664
vn 0.4059 -0.9138 -0.0152
vn 0.4073 -0.8878 -0.2142
vn 0.5212 -0.8408 -0.1463
vn 0.5882 -0.7723 -0.2399
vn 0.5325 -0.7456 -0.4006
vn 0.5690 -0.6888 -0.4493
vn 0.6287 -0.6340 -0.4503
vn 0.7559 -0.5278 -0.3872
vn 0.9449 -0.1603 -0.2854
vn 0.7477 -0.5883 -0.3080
vn 0.9891 -0.0188 -0.1459
vn 0.9050 -0.4253 0.0083
vn 0.8091 -0.4969 -0.3136
vn 0.7396 -0.5937 -0.3170
vn 0.5914 -0.8052 0.0431
vn 0.6834 -0.6459 -0.3402
vn 0.5780 -0.7087 -0.4045
vn 0.3230 -0.9446 -0.0588
vn 0.2816 -0.9312 -0.2315
vn 0.4592 -0.7397 -0.4919
vn 0.4666 -0.7211 -0.5121
vn 0.4512 -0.7958 -0.4038
vn 0.5953 -0.6689 -0.4451
vn 0.5225 -0.7080 -0.4751
vn 0.5513 -0.7434 -0.3787
vn 0.6699 -0.6486 -0.3613
vn 0.6052 -0.7726 -0.1919
vn 0.4535 -0.8809 -0.1351
vn 0.3848 -0.8494 0.3613
vn 0.6276 -0.7786 0.0019
vn 0.7085 -0.7056 0.0159
vn 0.6661 -0.5473 0.5067
vn 0.3569 -0.0519 0.9327
vn 0.0084 -0.2849 0.9585
vn -0.3254 -0.0250 0.9453
vn 0.1767 -0.3200 0.9308
vn 0.0590 -0.0852 0.9946
vn -0.3152 -0.1238 0.9409
vn 0.1262 -0.1155 0.9853
vn 0.0097 -0.6259 0.7798
vn 0.5354 -0.4277 0.7283
vn 0.6199 -0.3835 0.6846
vn 0.7637 -0.4294 0.4820
vn 0.6569 -0.3713 0.6562
vn 0.6244 -0.4017 0.6699
vn 0.6719 -0.5827 0.4571
vn 0.6214 -0.5045 0.5995
vn 0.6124 -0.3170 0.7242
vn 0.6030 -0.2177 0.7675
vn 0.6541 -0.1686 0.7374
vn 0.6134 -0.3271 0.7189
vn 0.5494 -0.1636 0.8194
vn 0.5923 -0.0535 0.8040
vn 0.5958 0.0779 0.7993
vn 0.5149 0.2640 0.8156
vn 0.5636 0.3419 0.7520
vn 0.5103 0.4908 0.7062
vn 0.4488 0.1703 0.8773
vn 0.4368 0.6000 0.6702
vn 0.6210 0.3686 0.6917
vn 0.8199 -0.5725 -0.0076
vn 0.7799 -0.6103 -0.1389
vn 0.8289 -0.5387 -0.1504
vn 0.8585 -0.5085 -0.0663
vn 0.8442 -0.4307 0.3192
vn 0.8872 -0.2295 0.4003
vn 0.9350 -0.1024 0.3395
vn 0.8543 -0.4786 -0.2026
vn 0.9651 -0.0938 0.2444
vn 0.8482 -0.4502 -0.2790
vn 0.4870 0.3183 0.8133
vn 0.9269 -0.1709 0.3342
vn 0.9295 -0.2778 0.2426
vn 0.5081 0.2174 0.8334
vn 0.8903 -0.4430 -0.1051
vn 0.8742 -0.4471 -0.1895
vn 0.8506 -0.4389 -0.2895
vn 0.8253 -0.4698 -0.3133
vn 0.8314 -0.4951 -0.2522
vn 0.8219 -0.5115 -0.2507
vn 0.7062 0.2809 0.6499
vn 0.9572 -0.1049 0.2698
vn 0.9111 -0.2162 0.3509
vn 0.7025 0.0723 0.7080
vn 0.6819 -0.1970 0.7044
vn 0.3148 0.2383 0.9188
vn 0.4115 0.1997 0.8893
vn 0.8022 -0.2868 0.5237
vn 0.0452 -0.2904 0.9558
vn 0.1320 0.0076 0.9912
vn -0.1595 0.2981 0.9411
vn -0.1128 -0.2169 0.9697
vn -0.1791 0.3977 0.8999
vn 0.1626 0.0626 0.9847
vn -0.2571 0.5218 0.8134
vn -0.1973 0.4148 0.8883
vn -0.1153 0.5513 0.8263
vn -0.1782 0.5127 0.8399
vn 0.6595 -0.5237 0.5392
vn 0.2131 0.0677 0.9747
vn -0.0251 -0.0054 0.9997
vn 0.5165 -0.5301 0.6725
vn -0.3686 0.4931 0.7881
vn -0.4462 0.4391 0.7798
vn -0.3845 0.4246 0.8197
vn -0.4320 0.4082 0.8042
vn -0.2478 0.2750 0.9290
vn -0.2587 0.2351 0.9369
vn 0.1500 -0.0458 0.9876
vn 0.1438 -0.0801 0.9864
vn 0.5089 -0.3304 0.7949
vn 0.0456 0.1104 0.9928
vn 0.4922 -0.2261 0.8406
vn 0.1245 0.1209 0.9848
vn -0.4140 0.5250 0.7437
vn -0.3807 0.5502 0.7432
vn -0.4530 0.5270 0.7190
vn -0.4148 0.6144 0.6712
vn -0.2176 0.3407 0.9146
vn -0.0972 0.4555 0.8849
vn 0.2324 0.0208 0.9724
vn 0.3421 0.1501 0.9276
vn 0.1077 -0.5446 0.8317
vn 0.3730 -0.3079 0.8753
vn 0.4430 -0.5419 0.7142
vn 0.1369 -0.6812 0.7192
vn 0.6640 -0.3546 0.6583
vn 0.5097 -0.2314 0.8286
vn 0.5006 -0.3337 0.7988
vn 0.6721 -0.4191 0.6105
vn 0.6291 -0.5296 0.5690
vn 0.4635 -0.3629 0.8084
vn 0.5229 -0.2540 0.8137
vn 0.6710 -0.4803 0.5649
vn 0.7280 -0.3195 0.6066
vn 0.5655 -0.0860 0.8202
vn 0.5318 -0.0120 0.8468
vn 0.3176 0.2023 0.9264
vn 0.7195 -0.2249 0.6570
vn 0.6940 -0.1974 0.6924
vn 0.4827 0.0130 0.8757
vn 0.2681 0.2152 0.9390
vn 0.8190 -0.5136 0.2557
vn 0.8476 -0.4393 0.2976
vn 0.8610 -0.5062 -0.0497
vn 0.8520 -0.5234 -0.0141
vn 0.8665 -0.4914 -0.0880
vn 0.8456 -0.3999 0.3536
vn 0.1621 -0.3149 0.9352
vn -0.6043 0.1378 0.7848
vn -0.5554 0.4596 0.6930
vn -0.1207 0.1370 0.9832
vn 0.1494 -0.0283 0.9884
vn -0.1466 -0.0702 0.9867
vn 0.3051 -0.3977 0.8653
vn 0.2846 -0.0863 0.9548
vn 0.1859 -0.2428 0.9521
vn 0.1781 -0.4863 0.8554
vn -0.0174 -0.5805 0.8141
vn 0.0710 -0.6397 0.7654
vn 0.1312 -0.6333 0.7627
vn 0.1866 -0.7251 0.6629
vn 0.0824 -0.1158 0.9898
vn 0.0360 -0.1517 0.9878
vn 0.4498 -0.6961 0.5596
vn 0.2945 -0.2720 0.9161
vn 0.6380 -0.1732 0.7503
vn 0.7178 -0.4873 0.4973
vn 0.7770 -0.4547 0.4353
vn 0.7570 -0.1964 0.6232
vn 0.8080 -0.2759 0.5206
vn 0.7432 -0.5561 0.3720
vn 0.7572 -0.5841 0.2923
vn 0.8347 -0.5200 0.1814
vn -0.2829 0.5231 0.8039
vn -0.1374 0.4236 0.8954
vn -0.0039 0.4062 0.9138
vn -0.0827 0.3615 0.9287
vn 0.0918 0.2926 0.9518
vn 0.0147 0.3371 0.9414
vn 0.1441 0.3161 0.9377
vn 0.1180 0.2926 0.9489
vn -0.0216 0.4594 0.8880
vn 0.0873 0.3139 0.9454
vn 0.1561 0.1275 0.9795
vn 0.2325 0.1420 0.9622
vn 0.3333 -0.0383 0.9420
vn 0.1594 0.0236 0.9869
vn -0.0253 0.2516 0.9675
vn 0.0082 0.0540 0.9985
vn -0.0693 0.4550 0.8878
vn -0.1887 0.5552 0.8100
vn -0.1926 0.5975 0.7784
vn -0.1583 0.5579 0.8147
vn -0.1266 0.2812 0.9513
vn -0.0342 0.2361 0.9711
vn -0.0038 -0.0089 1.0000
vn 0.1231 -0.0772 0.9894
vn -0.0334 0.5108 0.8590
vn -0.0504 0.6137 0.7879
vn 0.1911 0.6073 0.7712
vn 0.2778 0.4856 0.8289
vn 0.4035 0.0502 0.9136
vn 0.3452 0.3044 0.8878
vn 0.1470 0.2310 0.9618
vn 0.2640 -0.0849 0.9608
vn 0.4746 0.3928 0.7877
vn 0.3016 0.6471 0.7002
vn 0.2526 0.5654 0.7852
vn 0.4808 0.3346 0.8105
vn 0.3022 0.4641 0.8326
vn 0.2445 0.5741 0.7814
vn 0.3761 0.5172 0.7688
vn 0.4399 0.3123 0.8420
vn -0.8634 -0.2171 0.4554
vn -0.7879 -0.4519 0.4183
vn -0.4643 -0.4337 0.7722
vn -0.6718 -0.2394 0.7010
vn -0.4228 -0.4400 0.7922
vn -0.7805 -0.4723 0.4095
vn -0.3554 -0.4469 0.8210
vn -0.3748 -0.4418 0.8151
vn -0.5452 -0.1894 0.8166
vn -0.2088 -0.4813 0.8513
vn -0.3295 -0.3566 0.8742
vn -0.5810 -0.3446 0.7373
vn -0.4944 -0.4240 0.7588
vn -0.7290 0.1534 0.6671
vn -0.5919 0.2247 0.7741
vn -0.8652 0.1494 0.4786
vn -0.8382 -0.3066 0.4510
vn -0.8043 -0.4129 0.4273
vn -0.5999 0.4057 0.6895
vn -0.4557 -0.0351 0.8894
vn -0.6598 -0.0237 0.7511
vn -0.7261 0.3061 0.6157
vn -0.8764 -0.0557 0.4784
vn -0.8446 0.2690 0.4629
vn -0.8727 0.1293 0.4708
vn -0.7594 0.1422 0.6349
vn -0.6387 0.2808 0.7164
vn -0.2666 -0.2734 0.9242
vn -0.5856 0.2749 0.7625
vn -0.1427 -0.4681 0.8721
vn -0.2058 -0.2991 0.9318
vn -0.3041 -0.1602 0.9391
vn -0.5887 0.2512 0.7683
vn -0.6381 0.3022 0.7082
vn -0.4252 -0.0660 0.9027
vn -0.4284 -0.0905 0.8990
vn -0.6187 0.4180 0.6652
vn -0.6225 0.4482 0.6416
vn -0.4965 -0.0104 0.8680
vn -0.4442 0.0761 0.8927
vn -0.6468 0.4070 0.6449
vn -0.2914 -0.1258 0.9483
vn -0.5686 0.3019 0.7652
vn -0.1685 -0.2752 0.9465
vn -0.1797 -0.2199 0.9588
vn -0.3272 -0.0028 0.9450
vn -0.5652 0.4055 0.7184
vn -0.4187 0.5082 0.7526
vn -0.0526 0.1316 0.9899
vn -0.6345 0.5832 0.5072
vn -0.6789 0.5606 0.4742
vn -0.4907 0.4428 0.7504
vn 0.0021 -0.0301 0.9995
vn -0.3839 0.1802 0.9056
vn -0.5641 0.5114 0.6483
vn -0.1803 -0.1211 0.9761
vn -0.1310 -0.0761 0.9885
vn -0.4669 0.3346 0.8186
vn -0.5816 0.5838 0.5665
vn -0.5301 0.1863 0.8272
vn -0.3716 -0.0530 0.9269
vn -0.4048 -0.0140 0.9143
vn -0.6196 0.3076 0.7221
vn -0.2293 -0.1196 0.9660
vn -0.2127 -0.0759 0.9742
vn -0.5974 0.3371 0.7277
vn -0.3098 0.0673 0.9484
vn -0.0500 -0.0946 0.9943
vn -0.4179 0.1660 0.8932
vn -0.0907 -0.0917 0.9916
vn 0.1880 -0.2033 0.9609
vn 0.2904 -0.3121 0.9046
vn 0.1660 -0.2816 0.9451
vn -0.5245 0.4595 0.7168
vn -0.0791 -0.0071 0.9968
vn -0.6450 0.5748 0.5035
vn -0.2752 -0.3936 0.8771
vn -0.2605 -0.4230 0.8679
vn 0.0178 -0.3398 0.9403
vn -0.1083 -0.3079 0.9452
vn 0.1342 -0.2815 0.9501
vn 0.4736 -0.3582 0.8046
vn 0.6341 -0.4173 0.6510
vn 0.3524 -0.3172 0.8805
vn 0.7344 -0.2939 0.6118
vn 0.6643 -0.4671 0.5835
vn 0.4231 -0.2125 0.8808
vn 0.6454 -0.0745 0.7602
vn 0.6369 -0.2432 0.7316
vn 0.4340 -0.4459 0.7828
vn 0.3604 -0.4448 0.8199
vn 0.3329 -0.3991 0.8543
vn 0.3290 -0.4029 0.8541
vn 0.4095 -0.4344 0.8023
vn 0.4786 -0.3573 0.8020
vn 0.5595 -0.4601 0.6894
vn 0.1140 0.0173 0.9933
vn 0.1847 0.1726 0.9675
vn 0.3504 -0.0765 0.9335
vn 0.1675 -0.2059 0.9641
vn 0.1104 -0.3925 0.9131
vn 0.2497 -0.4246 0.8703
vn 0.4242 -0.4661 0.7764
vn 0.2260 -0.4067 0.8852
vn 0.1745 -0.2354 0.9561
vn 0.1692 -0.3518 0.9207
vn 0.1481 -0.3998 0.9046
vn 0.0796 -0.3540 0.9319
vn -0.5517 0.8084 -0.2051
vn -0.6471 0.7576 0.0856
vn -0.6297 0.7766 0.0181
vn -0.5666 0.7735 -0.2841
vn -0.6562 0.7541 -0.0273
vn -0.6195 0.7152 -0.3236
vn -0.7120 0.7010 -0.0397
vn -0.6926 0.6436 -0.3256
vn -0.7582 0.6517 -0.0198
vn -0.7191 0.6206 -0.3126
vn -0.7024 0.6421 -0.3073
vn -0.7101 0.6340 -0.3062
vn -0.7643 0.6444 -0.0237
vn -0.7561 0.6540 -0.0238
vn -0.7458 0.6652 -0.0362
vn -0.7010 0.6438 -0.3068
vn -0.7215 0.6911 -0.0423
vn -0.7067 0.6422 -0.2968
vn -0.7141 0.6992 -0.0359
vn -0.7000 0.6516 -0.2922
vn -0.7419 0.6691 -0.0435
vn -0.7066 0.6383 -0.3055
vn -0.7534 0.6548 -0.0597
vn -0.7269 0.6055 -0.3239
vn -0.7760 0.6282 -0.0572
vn -0.7695 0.5459 -0.3315
vn -0.8325 0.5506 -0.0624
vn -0.7919 0.4881 -0.3670
vn -0.8583 0.4991 -0.1193
vn -0.8063 0.4249 -0.4115
vn -0.8731 0.4525 -0.1815
vn -0.8457 0.3621 -0.3921
vn -0.8915 0.4098 -0.1932
vn -0.8982 0.3334 -0.2866
vn -0.9298 0.2877 -0.2297
vn -0.9133 0.3250 -0.2455
vn -0.9168 0.3690 -0.1529
vn -0.9473 0.3021 -0.1066
vn -0.9342 0.2655 -0.2383
vn -0.9272 0.3216 -0.1919
vn -0.8262 0.3369 -0.4516
vn -0.8548 0.2160 -0.4718
vn -0.9339 0.2912 -0.2073
vn -0.8115 0.3229 -0.4870
vn -0.6988 0.7138 -0.0453
vn -0.6171 0.7656 -0.1816
vn -0.5424 0.7737 -0.3275
vn -0.6371 0.7277 -0.2542
vn -0.4909 0.8025 -0.3391
vn -0.5432 0.8107 -0.2186
vn -0.7758 0.6272 0.0689
vn -0.7553 0.6542 0.0404
vn -0.7161 0.6548 -0.2418
vn -0.7433 0.6238 -0.2417
vn -0.7580 0.6473 0.0803
vn -0.7781 0.6240 0.0714
vn -0.7391 0.6347 -0.2255
vn -0.7324 0.6513 -0.1984
vn -0.7066 0.7067 0.0352
vn -0.7367 0.6725 0.0713
vn -0.7381 0.6512 -0.1764
vn -0.7317 0.6591 -0.1736
vn -0.6834 0.7293 -0.0324
vn -0.6798 0.7333 -0.0068
vn -0.7044 0.6822 -0.1961
vn -0.7001 0.6804 -0.2166
vn -0.7485 0.6632 0.0018
vn -0.7165 0.6969 -0.0301
vn -0.7228 0.6512 -0.2315
vn -0.7520 0.6128 -0.2428
vn -0.7653 0.5946 -0.2466
vn -0.7616 0.6448 0.0644
vn -0.7980 0.5697 -0.1967
vn -0.7439 0.6611 0.0979
vn -0.8687 0.4498 -0.2073
vn -0.6942 0.6971 -0.1793
vn -0.7084 0.7058 0.0018
vn -0.8471 0.5014 -0.1761
vn -0.8721 0.3609 -0.3303
vn -0.6651 0.6628 -0.3440
vn -0.7908 0.3032 -0.5317
vn -0.5771 0.6778 -0.4556
vn -0.6706 0.7393 0.0612
vn -0.5837 0.8072 0.0876
vn -0.7356 0.6705 0.0961
vn -0.7125 0.6421 0.2829
vn -0.6448 0.7162 0.2669
vn -0.5619 0.7810 0.2727
vn -0.7688 0.6204 0.1551
vn -0.7697 0.6028 0.2102
vn -0.7312 0.5540 0.3981
vn -0.7441 0.5747 0.3407
vn -0.7572 0.6143 0.2220
vn -0.7314 0.6478 0.2130
vn -0.6810 0.6148 0.3978
vn -0.6997 0.5850 0.4102
vn -0.6891 0.6965 0.2000
vn -0.6449 0.7450 0.1707
vn -0.5863 0.7249 0.3615
vn -0.6492 0.6522 0.3914
vn -0.2085 0.4453 0.8708
vn -0.1822 0.5270 0.8301
vn -0.4753 0.6747 0.5647
vn -0.5733 0.5896 0.5689
vn -0.4457 0.7371 0.5080
vn -0.2502 0.6042 0.7565
vn -0.2394 0.3409 0.9091
vn -0.6181 0.5001 0.6065
vn -0.6066 0.4720 0.6398
vn -0.2403 0.3196 0.9166
vn -0.2337 0.4185 0.8776
vn -0.5590 0.5246 0.6421
vn -0.5384 0.6009 0.5908
vn -0.2173 0.5397 0.8133
vn -0.5543 0.5875 0.5896
vn -0.6784 0.6211 0.3925
vn -0.7142 0.5571 0.4237
vn -0.5330 0.5231 0.6651
vn -0.3692 0.4800 0.7958
vn -0.4296 0.5138 0.7426
vn -0.6624 0.5583 0.4995
vn -0.5125 0.4893 0.7057
vn -0.7083 0.5772 0.4064
vn -0.7131 0.4754 0.5152
vn -0.7668 0.4751 0.4317
vn -0.4858 0.4331 0.7593
vn -0.4256 0.3139 0.8487
vn -0.7170 0.3749 0.5876
vn -0.8092 0.3796 0.4484
vn -0.6955 0.3343 0.6360
vn -0.8255 0.3295 0.4582
vn -0.3803 0.2835 0.8803
vn -0.2621 0.3076 0.9147
vn -0.5488 0.3692 0.7500
vn -0.8012 0.4048 0.4406
vn -0.3522 0.5211 0.7774
vn -0.6880 0.6087 0.3952
vn -0.1143 0.4277 0.8967
vn 0.0150 0.5286 0.8487
vn -0.1804 0.6540 0.7347
vn -0.5255 0.7873 0.3225
vn -0.0882 0.7354 0.6719
vn -0.3869 0.8847 0.2601
vn 0.0627 0.5837 0.8095
vn 0.0492 0.6405 0.7664
vn -0.0700 0.8010 0.5946
vn -0.3073 0.9300 0.2017
vn -0.1059 0.8585 0.5018
vn -0.2978 0.9426 0.1509
vn 0.0182 0.7004 0.7135
vn 0.0014 0.7213 0.6926
vn -0.1603 0.8655 0.4746
vn -0.3422 0.9217 0.1827
vn -0.3804 0.8953 0.2319
vn -0.1852 0.8393 0.5112
vn -0.2064 0.7988 0.5651
vn -0.4233 0.8710 0.2495
vn -0.0019 0.7066 0.7076
vn -0.0284 0.6788 0.7338
vn -0.2316 0.7726 0.5911
vn -0.4585 0.8490 0.2625
vn -0.0793 0.6638 0.7437
vn -0.0954 0.6762 0.7305
vn -0.2268 0.7871 0.5736
vn -0.4386 0.8631 0.2505
vn -0.2332 0.9629 0.1355
vn -0.3629 0.9094 0.2034
vn -0.1549 0.8378 0.5236
vn -0.0166 0.8807 0.4735
vn -0.0177 0.7280 0.6854
vn 0.1320 0.7597 0.6367
vn 0.0844 0.8943 0.4394
vn -0.1177 0.9880 0.0999
vn 0.2482 0.7349 0.6311
vn 0.2842 0.6887 0.6670
vn 0.0679 0.9046 0.4209
vn -0.1290 0.9860 0.1061
vn -0.2401 0.4344 0.8681
vn -0.1542 0.3886 0.9084
vn -0.2328 0.3747 0.8975
vn -0.3261 0.4231 0.8454
vn -0.0774 0.2764 0.9579
vn -0.1639 0.2492 0.9545
vn -0.0007 0.3042 0.9526
vn 0.0276 0.1913 0.9811
vn -0.0231 0.1873 0.9820
vn 0.0486 0.2034 0.9779
vn 0.0277 0.2087 0.9776
vn -0.0843 0.2536 0.9636
vn -0.1239 0.2094 0.9699
vn 0.0912 0.2918 0.9521
vn 0.1171 0.2844 0.9515
vn 0.0973 0.3665 0.9253
vn 0.1500 0.3812 0.9122
vn 0.0752 0.4784 0.8749
vn -0.0058 0.3714 0.9285
vn 0.1052 0.4843 0.8686
vn 0.0756 0.5557 0.8279
vn 0.0912 0.5285 0.8440
vn 0.1296 0.4542 0.8814
vn 0.0793 0.5862 0.8063
vn 0.1142 0.5991 0.7925
vn 0.1335 0.5064 0.8519
vn 0.1661 0.5287 0.8324
vn 0.1870 0.5218 0.8323
vn 0.1148 0.5405 0.8335
vn 0.1353 0.5784 0.8044
vn 0.1915 0.5466 0.8152
vn 0.1721 0.4135 0.8941
vn 0.0639 0.5060 0.8602
vn 0.0773 0.5131 0.8548
vn 0.1767 0.4677 0.8661
vn 0.2794 0.4938 0.8235
vn 0.2599 0.6203 0.7400
vn 0.1238 0.5487 0.8268
vn 0.1937 0.4031 0.8944
vn -0.3228 0.5644 0.7598
vn -0.4761 0.5463 0.6891
vn -0.6034 0.7827 0.1525
vn -0.1908 0.4838 0.8541
vn -0.3753 0.7273 0.5746
vn -0.3070 0.4569 0.8348
vn -0.3322 0.4714 0.8170
vn -0.3432 0.4532 0.8227
vn -0.3163 0.4649 0.8269
vn -0.0833 0.4026 0.9116
vn 0.5293 -0.8308 0.1722
vn 0.6400 -0.7683 0.0098
vn 0.4719 -0.8636 0.1774
vn 0.5823 -0.8111 -0.0550
vn 0.5231 -0.8303 0.1924
vn 0.5667 -0.8126 0.1362
vn 0.5062 -0.6457 0.5717
vn 0.6791 -0.6407 0.3584
vn 0.6424 -0.7481 0.1664
vn 0.4363 -0.8806 0.1847
vn 0.7503 -0.6605 0.0297
vn 0.7711 -0.6187 -0.1505
vn 0.7140 -0.6941 -0.0915
vn 0.6283 -0.7459 0.2210
vn 0.5956 -0.7771 -0.2033
vn 0.5014 -0.8480 -0.1717
vn 0.6627 -0.7297 -0.1681
vn 0.6425 -0.7168 -0.2709
vn 0.7208 -0.6527 -0.2333
vn 0.6969 -0.7071 -0.1196
vn 0.4115 -0.6698 0.6181
vn 0.3942 -0.9145 0.0914
vn 0.3747 -0.9270 0.0161
vn 0.5323 -0.7189 0.4470
vn 0.7895 -0.6134 -0.0214
vn 0.7392 -0.6704 0.0642
vn 0.7595 -0.6234 0.1859
vn 0.6446 -0.7094 0.2849
vn 0.3596 -0.9115 0.1996
vn 0.3025 -0.9531 -0.0103
vn 0.3697 -0.9212 -0.1210
vn 0.4697 -0.8828 0.0042
vn 0.6120 -0.7818 0.1192
vn 0.5029 -0.8046 0.3158
vn 0.6335 -0.5972 0.4919
vn 0.3296 -0.4919 0.8059
vn 0.4532 -0.6923 0.5615
vn 0.1747 -0.5652 0.8062
vn 0.1173 -0.9132 0.3902
vn 0.2171 -0.7937 0.5683
vn 0.5659 -0.7513 0.3396
vn 0.3254 -0.9383 0.1174
vn 0.2027 -0.9558 0.2129
vn 0.2274 -0.8758 0.4258
vn 0.0434 -0.7547 0.6546
vn 0.0385 -0.8713 0.4892
vn 0.3235 -0.7707 0.5489
vn 0.1004 -0.6443 0.7582
vn -0.2954 -0.7882 0.5399
vn -0.6365 -0.6526 0.4111
vn -0.3443 -0.7344 0.5849
vn -0.7609 -0.4337 0.4826
vn -0.8697 -0.4748 0.1345
vn -0.7732 -0.5922 0.2267
vn -0.0456 -0.3146 0.9481
vn -0.1033 -0.3608 0.9269
vn -0.3728 -0.0308 0.9274
vn -0.4776 -0.0976 0.8732
vn -0.6615 -0.1046 0.7426
vn -0.6389 -0.1643 0.7515
vn -0.3339 -0.5720 0.7492
vn -0.3191 -0.4641 0.8263
vn -0.2227 -0.4331 0.8734
vn -0.6739 -0.1975 0.7120
vn -0.9352 -0.3400 -0.0994
vn -0.9513 -0.1529 0.2675
vn -0.9990 0.0375 0.0246
vn -0.9421 -0.1959 -0.2722
vn -0.8349 0.3685 0.4089
vn -0.7334 0.1467 0.6638
vn -0.6089 0.2662 0.7472
vn -0.7210 0.4983 0.4816
vn -0.7772 0.1655 0.6071
vn -0.8633 0.3335 0.3788
vn -0.8010 0.1518 0.5791
vn -0.8476 0.3035 0.4354
vn -0.8861 -0.0250 0.4629
vn -0.9323 0.1895 0.3082
vn -0.8517 0.3428 0.3964
vn -0.9880 0.1461 0.0494
vn -0.9577 0.2854 -0.0359
vn -0.7701 0.4390 0.4628
vn -0.9619 -0.0449 -0.2697
vn -0.9459 0.1413 -0.2921
vn -0.6773 0.7240 -0.1307
vn -0.8010 0.5812 0.1436
vn -0.7010 0.6963 0.1539
vn -0.5839 0.7963 -0.1579
vn -0.9312 -0.1101 -0.3475
vn -0.9728 0.1037 -0.2070
vn -0.8029 0.5413 -0.2497
vn -0.7024 0.6917 0.1677
vn -0.8784 0.4212 -0.2258
vn -0.7921 0.5956 -0.1337
vn -0.7026 0.6494 -0.2909
vn -0.4101 0.5302 0.7421
vn -0.4749 0.6097 0.6346
vn -0.4987 0.7947 -0.3462
vn -0.5642 0.7704 -0.2970
vn -0.5135 0.8512 -0.1083
vn -0.7423 0.6621 -0.1031
vn -0.6451 0.7067 -0.2905
vn -0.4817 0.8259 0.2931
vn -0.8720 0.4726 0.1278
vn -0.8697 0.4644 0.1673
vn -0.9231 0.3809 0.0531
vn -0.4103 0.4392 0.7992
vn -0.6431 0.3507 0.6807
vn -0.4659 0.3631 0.8069
vn -0.5029 0.3541 0.7885
vn -0.6129 0.3667 0.6999
vn -0.7939 0.4007 0.4574
vn -0.7540 0.4971 0.4294
vn -0.5496 0.4236 0.7201
vn -0.4710 0.6604 0.5849
vn -0.5170 0.5488 0.6569
vn -0.2716 0.3462 0.8980
vn -0.3336 0.5360 0.7755
vn -0.5876 0.4353 0.6821
vn -0.1790 0.2782 0.9437
vn -0.6293 0.3568 0.6904
vn -0.1562 0.2582 0.9534
vn -0.6959 0.2369 0.6780
vn -0.2849 0.2796 0.9169
vn -0.8247 0.1246 0.5516
vn -0.7720 0.1387 0.6204
vn -0.6699 0.1761 0.7213
vn -0.7250 0.3421 0.5978
vn -0.8148 0.1998 0.5442
vn -0.7387 0.3953 0.5459
vn -0.7419 0.4058 0.5338
vn -0.6539 0.4131 0.6339
vn -0.3676 0.3043 0.8788
vn -0.3027 0.3944 0.8676
vn -0.5192 0.2772 0.8085
vn -0.3224 0.2462 0.9140
vn -0.4513 0.4678 0.7599
vn -0.0702 0.3362 0.9392
vn -0.4090 0.4073 0.8166
vn -0.1996 0.3575 0.9123
vn -0.7383 0.5356 0.4099
vn -0.1315 0.3309 0.9345
vn -0.1741 0.4455 0.8782
vn -0.6240 0.6910 0.3649
vn -0.4501 0.2421 0.8595
vn -0.8482 0.2692 0.4561
vn -0.8003 0.3952 0.4509
vn -0.5257 0.3382 0.7806
vn -0.0771 -0.4756 0.8763
vn -0.3665 -0.3603 0.8578
vn -0.4472 -0.3018 0.8420
vn -0.2481 -0.5888 0.7693
vn -0.8294 -0.3364 0.4461
vn -0.5733 -0.7659 0.2911
vn 0.4773 -0.5633 0.6744
vn 0.0653 -0.4281 0.9014
vn -0.2243 -0.4243 0.8773
vn 0.1493 -0.5533 0.8195
vn 0.4823 -0.3253 0.8134
vn 0.7633 -0.4645 0.4490
vn 0.8702 -0.3601 0.3363
vn 0.7093 -0.1786 0.6819
vn 0.5517 -0.2357 0.8001
vn 0.7082 -0.4712 0.5258
vn 0.3943 -0.5991 0.6969
vn 0.2542 -0.3912 0.8845
vn 0.0850 -0.3921 0.9160
vn 0.2720 -0.5669 0.7776
vn 0.3354 -0.4989 0.7991
vn 0.0382 -0.3505 0.9358
vn 0.1523 -0.3501 0.9243
vn 0.5081 -0.4449 0.7375
vn 0.6473 -0.4030 0.6470
vn 0.3717 -0.3083 0.8757
vn 0.4992 -0.2412 0.8322
vn 0.6276 -0.4229 0.6537
vn 0.4765 -0.5054 0.7194
vn 0.3721 -0.2261 0.9002
vn 0.2996 -0.5695 0.7654
vn 0.1652 -0.1706 0.9714
vn 0.0716 -0.1248 0.9896
vn 0.2563 -0.5831 0.7709
vn 0.0950 -0.1645 0.9818
vn 0.1913 -0.1988 0.9612
vn 0.2600 -0.6006 0.7561
vn 0.3103 -0.6064 0.7321
vn 0.2933 -0.1826 0.9384
vn 0.3681 -0.5719 0.7331
vn 0.3933 -0.0543 0.9178
vn 0.4496 -0.4963 0.7426
vn 0.4336 0.1744 0.8841
vn 0.3532 0.3321 0.8746
vn 0.5489 -0.3748 0.7471
vn 0.5803 -0.2114 0.7865
vn 0.6041 -0.7653 0.2223
vn 0.6333 -0.7178 0.2893
vn 0.7369 -0.6243 -0.2594
vn 0.6928 -0.6656 -0.2775
vn 0.7965 -0.5934 -0.1160
vn 0.7203 -0.6214 0.3081
vn 0.8049 -0.5167 0.2919
vn 0.8304 -0.5548 0.0515
vn 0.8197 -0.5408 0.1885
vn 0.8118 -0.4802 0.3323
vn 0.7328 -0.5437 0.4091
vn 0.7553 -0.6014 0.2605
vn 0.6496 -0.7091 0.2742
vn 0.5954 -0.6722 0.4401
vn 0.4544 -0.7960 0.3998
vn 0.5180 -0.8187 0.2479
vn 0.3731 -0.8540 0.3625
vn 0.4128 -0.8891 0.1977
vn 0.3296 -0.8756 0.3531
vn 0.3516 -0.8827 0.3118
vn 0.3722 -0.9214 0.1117
vn 0.4007 -0.9160 -0.0200
vn 0.3762 -0.8955 0.2376
vn 0.3994 -0.9085 0.1227
vn 0.4033 -0.8994 -0.1687
vn 0.3500 -0.8914 -0.2881
vn 0.4442 -0.8954 0.0310
vn 0.5161 -0.8500 0.1055
vn 0.2961 -0.8906 -0.3452
vn 0.2834 -0.9063 -0.3134
vn -0.0593 0.4699 0.8807
vn -0.0360 0.4289 0.9026
vn -0.2531 0.5559 0.7918
vn -0.3473 0.5927 0.7267
vn 0.8582 -0.3648 0.3611
vn 0.7268 -0.1614 0.6677
vn 0.8767 -0.4698 -0.1030
vn 0.9298 -0.3521 -0.1073
vn 0.9469 -0.2156 0.2387
vn 0.8169 0.0494 0.5747
vn 0.3286 0.3979 0.8566
vn 0.2534 0.2416 0.9367
vn 0.4963 0.0459 0.8670
vn 0.5900 0.2861 0.7550
vn 0.3064 0.2028 0.9300
vn -0.1787 0.4855 0.8558
vn -0.2339 0.6436 0.7288
vn 0.0122 0.8543 0.5196
vn -0.1423 0.9551 0.2599
vn -0.2160 0.7447 0.6315
vn 0.0354 0.4983 0.8663
vn 0.1363 0.7206 0.6798
vn 0.3529 0.7680 -0.5344
vn 0.0981 0.9854 -0.1392
vn 0.4514 0.7692 0.4523
vn 0.8102 0.5678 0.1454
vn 0.9502 0.1099 -0.2916
vn 0.8020 -0.2287 -0.5518
vn 0.4604 0.2848 -0.8408
vn 0.4791 -0.0555 -0.8760
vn 0.9562 -0.2927 0.0020
vn 0.8517 -0.4359 -0.2909
vn 0.8261 0.0237 0.5630
vn 0.8321 0.4604 0.3093
vn 0.9738 -0.0220 -0.2262
vn 0.7963 -0.2234 -0.5622
vn 0.3373 0.5357 0.7741
vn 0.2457 0.8037 0.5420
vn 0.1623 0.5847 0.7948
vn -0.0667 0.7313 0.6788
vn 0.1555 0.4985 0.8528
vn -0.0363 0.5859 0.8096
vn 0.2291 0.3580 0.9052
vn 0.1379 0.3697 0.9189
vn 0.2919 0.2524 0.9225
vn 0.2784 0.1599 0.9471
vn 0.4402 -0.0872 0.8937
vn 0.4628 -0.1773 0.8686
vn 0.3528 -0.9184 -0.1788
vn 0.5421 -0.7481 0.3826
vn 0.4110 -0.9065 -0.0964
vn 0.5801 -0.7043 0.4092
vn 0.7476 -0.6469 0.1504
vn 0.6774 -0.1572 0.7186
vn 0.5638 -0.7917 -0.2353
vn 0.6655 -0.4432 -0.6005
vn 0.8867 -0.1948 -0.4193
vn 0.9741 0.1592 0.1605
vn 0.4479 0.3793 0.8096
vn 0.2447 0.6772 0.6939
vn 0.7630 0.6453 0.0378
vn 0.4737 0.8777 -0.0730
vn 0.7234 0.3007 -0.6215
vn 0.4752 0.5510 -0.6860
vn 0.5646 -0.0345 -0.8246
vn 0.4198 0.2565 -0.8706
vn -0.0025 0.8528 0.5222
vn 0.1502 0.9698 -0.1921
vn -0.0812 0.9608 -0.2650
vn -0.1473 0.9239 0.3532
vn 0.4387 -0.8280 -0.3492
vn 0.4512 -0.5922 -0.6676
vn 0.3558 -0.9038 -0.2379
vn 0.3058 -0.7248 -0.6174
vn 0.1991 0.6262 -0.7538
vn 0.0242 0.6724 -0.7398
vn 0.2297 0.2318 -0.9453
vn 0.1025 0.2349 -0.9666
vn 0.3500 -0.1795 -0.9194
vn 0.1809 -0.2400 -0.9538
vn 0.8776 -0.4102 0.2482
vn 0.7287 -0.3025 0.6144
vn 0.5762 -0.4602 0.6754
vn 0.7368 -0.5951 0.3208
vn 0.6309 -0.7082 -0.3170
vn 0.6724 -0.7358 -0.0802
vn 0.6788 -0.7307 -0.0734
vn 0.6509 -0.6946 -0.3063
vn 0.7419 -0.6626 -0.1028
vn 0.7277 -0.6322 -0.2660
vn 0.6988 -0.6512 -0.2960
vn 0.7196 -0.6892 -0.0847
vn -0.4557 0.2465 0.8553
vn 0.2250 -0.0447 0.9733
vn 0.1013 -0.2355 0.9666
vn -0.4556 0.1176 0.8824
vn 0.6278 -0.6915 0.3573
vn 0.4556 -0.5403 0.7075
vn 0.4339 -0.4508 0.7801
vn 0.6610 -0.6719 0.3341
vn 0.7094 -0.6327 0.3104
vn 0.4552 -0.3469 0.8201
vn 0.5559 -0.2763 0.7840
vn 0.7575 -0.5773 0.3048
vn -0.3864 0.1157 0.9150
vn -0.0298 -0.2469 0.9686
vn -0.0644 -0.0534 0.9965
vn -0.2516 0.1983 0.9473
vn -0.4344 0.3327 0.8370
vn -0.3165 0.2829 0.9054
vn -0.0116 0.3339 0.9425
vn 0.0975 0.2735 0.9569
vn -0.0328 0.1446 0.9889
vn 0.1447 0.2552 0.9560
vn -0.1485 0.3343 0.9307
vn -0.0528 0.5043 0.8619
vn 0.8839 -0.2997 0.3592
vn 0.4967 0.1403 0.8565
vn 0.4906 0.0877 0.8670
vn 0.8016 -0.3215 0.5041
vn -0.1674 0.2765 0.9463
vn -0.0360 0.2542 0.9665
vn 0.1846 0.2457 0.9516
vn 0.2390 0.2213 0.9455
vn 0.0433 0.3374 0.9404
vn 0.0679 0.4860 0.8713
vn 0.2838 0.2839 0.9159
vn 0.3313 0.4185 0.8456
vn 0.7905 -0.5890 -0.1678
vn 0.8054 -0.5596 -0.1955
vn 0.7652 -0.6404 -0.0658
vn 0.7150 -0.6943 0.0820
vn 0.4719 0.0778 0.8782
vn 0.4502 0.1098 0.8862
vn 0.7486 -0.2356 0.6197
vn 0.7137 -0.1422 0.6859
vn 0.7473 0.0913 0.6582
vn 0.4762 0.2270 0.8495
vn 0.5389 0.3765 0.7535
vn 0.7759 0.2951 0.5576
vn 0.7639 -0.3948 0.5105
vn 0.5520 -0.5191 0.6526
vn 0.5647 -0.2071 0.7989
vn 0.4519 -0.4157 0.7893
vn 0.8133 -0.5731 0.1004
vn 0.7156 -0.6516 0.2516
vn 0.8188 -0.4630 0.3393
vn 0.8826 -0.4179 0.2153
vn 0.9480 -0.1201 0.2948
vn 0.8866 0.1644 0.4323
vn 0.8582 -0.1544 0.4895
vn 0.6699 0.1393 0.7293
vn 0.5205 -0.4698 0.7130
vn 0.5797 -0.2957 0.7593
vn 0.4719 -0.4098 0.7806
vn 0.5273 -0.2778 0.8030
vn 0.5854 -0.0838 0.8064
vn 0.4761 0.0787 0.8759
vn 0.5499 -0.1379 0.8238
vn 0.5180 -0.0230 0.8551
vn -0.1863 -0.0275 0.9821
vn -0.1815 -0.2688 0.9459
vn -0.1727 0.2929 0.9404
vn 0.2944 -0.1164 0.9486
vn 0.2779 -0.3239 0.9044
vn 0.3637 -0.5615 0.7433
vn 0.3540 0.1362 0.9253
vn -0.1242 0.4973 0.8586
vn -0.0475 0.4776 0.8773
vn 0.3997 0.3840 0.8323
vn 0.5988 -0.0087 0.8009
vn 0.6264 -0.2084 0.7512
vn 0.5595 0.2562 0.7883
vn 0.2870 0.1918 0.9385
vn 0.3591 -0.0166 0.9331
vn 0.4259 -0.2026 0.8818
vn -0.0467 0.3825 0.9228
vn -0.1259 0.3240 0.9376
vn 0.2582 0.4781 0.8395
vn 0.3725 0.5102 0.7752
vn -0.1792 0.2525 0.9509
vn 0.0121 0.1453 0.9893
vn 0.5331 0.4481 0.7177
vn 0.4944 0.5415 0.6800
vn 0.2255 0.4905 0.8418
vn 0.2551 0.3738 0.8917
vn 0.1585 0.3378 0.9278
vn 0.3274 0.3537 0.8762
vn 0.0923 -0.0152 0.9956
vn -0.0781 0.1123 0.9906
vn 0.4150 0.5708 0.7085
vn 0.2669 0.5496 0.7916
vn 0.0470 0.5381 0.8415
vn 0.1660 0.5466 0.8208
vn -0.2105 0.3036 0.9293
vn -0.0116 0.4623 0.8867
vn -0.2642 0.4140 0.8711
vn -0.1111 0.5216 0.8459
vn -0.2588 -0.1296 0.9572
vn -0.2735 -0.2422 0.9309
vn 0.1293 -0.3359 0.9330
vn 0.1296 -0.1776 0.9755
vn 0.0765 -0.4117 0.9081
vn -0.2738 -0.3054 0.9120
vn 0.3845 -0.4483 0.8069
vn 0.4339 -0.3564 0.8275
vn -0.2422 0.1352 0.9608
vn -0.2433 0.0200 0.9697
vn 0.0884 0.0037 0.9961
vn 0.0294 0.1586 0.9869
vn -0.3102 0.2480 0.9178
vn -0.2608 0.2188 0.9403
vn -0.0155 0.2752 0.9613
vn -0.0506 0.3591 0.9319
vn -0.3797 0.2481 0.8912
vn -0.1061 0.4218 0.9004
vn -0.1987 0.4361 0.8777
vn -0.4143 0.2065 0.8864
vn -0.6824 -0.0273 0.7305
vn -0.6427 -0.0741 0.7625
vn -0.6882 0.0039 0.7255
vn -0.8802 0.1342 0.4552
vn -0.8650 0.1685 0.4726
vn -0.8464 0.1547 0.5095
vn -0.6712 0.0318 0.7406
vn -0.6460 0.0662 0.7605
vn -0.8909 0.0471 0.4517
vn -0.8846 0.0775 0.4598
vn -0.6593 0.0928 0.7461
vn -0.6889 0.0362 0.7240
vn -0.8919 -0.1069 0.4394
vn -0.8898 0.0003 0.4563
vn -0.6277 -0.2470 0.7382
vn -0.7111 -0.0569 0.7008
vn -0.7135 -0.5123 0.4779
vn -0.8581 -0.2608 0.4424
vn -0.4584 -0.4110 0.7880
vn -0.5026 -0.7472 0.4349
vn -0.3529 0.1358 0.9258
vn -0.2333 0.0185 0.9722
vn -0.2127 -0.6170 0.7577
vn -0.2158 -0.9240 0.3156
vn 0.1118 -0.7920 0.6002
vn 0.1636 -0.9705 0.1770
vn -0.0752 -0.2230 0.9719
vn 0.1397 -0.4205 0.8965
vn 0.4456 -0.7692 0.4581
vn 0.5204 -0.8451 0.1224
vn 0.2444 -0.4471 0.8604
vn 0.7554 -0.4954 0.4289
vn 0.6621 -0.6291 0.4072
vn 0.2699 -0.4461 0.8533
vn 0.8804 -0.4469 0.1584
vn 0.7507 -0.6453 0.1415
vn 0.7700 -0.4605 0.4417
vn 0.9185 -0.3492 0.1853
vn 0.2371 -0.5017 0.8319
vn 0.3694 -0.5297 0.7635
vn 0.7865 -0.4170 0.4555
vn 0.9154 -0.2799 0.2892
vn 0.7423 -0.2696 0.6134
vn 0.4186 -0.0363 0.9074
vn 0.5091 0.1536 0.8469
vn 0.8468 -0.0780 0.5262
vn 0.4867 -0.4549 0.7458
vn 0.3232 -0.2940 0.8995
vn -0.0434 0.1011 0.9939
vn -0.4390 0.1944 0.8772
vn -0.1258 -0.1412 0.9820
vn -0.4536 0.0014 0.8912
vn -0.4001 0.3744 0.8365
vn 0.0158 0.3053 0.9521
vn -0.6883 -0.0028 0.7254
vn -0.7292 0.1920 0.6568
vn -0.7283 -0.1354 0.6718
vn -0.8316 0.1333 0.5391
vn -0.7089 0.3618 0.6054
vn -0.8474 0.3201 0.4237
vn -0.8022 0.0638 0.5936
vn -0.8844 0.2608 0.3870
vn -0.5902 -0.2172 0.7775
vn -0.4213 -0.2630 0.8680
vn -0.7151 -0.0337 0.6982
vn -0.8753 0.1822 0.4479
vn -0.3152 -0.3110 0.8966
vn -0.6506 -0.0837 0.7548
vn -0.8496 0.1382 0.5090
vn 0.0680 -0.9974 -0.0235
vn -0.0927 -0.9925 -0.0798
vn -0.5024 -0.8646 -0.0075
vn -0.3376 -0.9369 0.0904
vn 0.5047 -0.8633 -0.0008
vn 0.4542 -0.8908 -0.0087
vn 0.7535 -0.6539 0.0683
vn 0.8801 -0.4596 0.1191
vn 0.8683 -0.4820 0.1171
vn 0.7377 -0.6730 0.0532
vn 0.9314 -0.3284 0.1568
vn 0.9273 -0.3362 0.1644
vn 0.9425 -0.2142 0.2567
vn 0.9386 -0.1715 0.2993
vn 0.8678 0.0045 0.4968
vn 0.5425 0.3016 0.7841
vn 0.4963 0.3696 0.7855
vn 0.8217 0.0533 0.5674
vn 0.0696 0.4799 0.8746
vn -0.3507 0.5125 0.7838
vn -0.3674 0.6123 0.7001
vn 0.0494 0.5763 0.8157
vn -0.6757 0.4761 0.5628
vn -0.8391 0.4104 0.3571
vn -0.8376 0.4493 0.3107
vn -0.6763 0.5421 0.4987
vn -0.9097 0.2838 0.3030
vn -0.9177 0.2924 0.2690
vn -0.9054 0.3040 0.2963
vn -0.9088 0.3678 0.1968
vn -0.9123 0.3608 0.1939
vn -0.9225 0.3396 0.1837
vn -0.9017 0.3392 0.2681
vn -0.9070 0.3684 0.2041
vn 0.6623 -0.7334 0.1530
vn 0.2846 -0.9435 0.1700
vn 0.8358 -0.5194 0.1780
vn 0.4483 -0.7848 0.4279
vn 0.6562 -0.5769 0.4864
vn -0.0082 -0.8939 0.4482
vn 0.8975 -0.3613 0.2528
vn 0.7242 -0.3835 0.5731
vn 0.8665 -0.1336 0.4809
vn 0.6152 -0.1287 0.7778
vn 0.6880 0.1225 0.7153
vn 0.3456 0.4135 0.8424
vn 0.1074 0.3972 0.9114
vn 0.4599 0.1283 0.8786
vn -0.0785 0.6036 0.7934
vn -0.4654 0.6315 0.6202
vn -0.6034 0.5627 0.5650
vn -0.2498 0.5571 0.7920
vn -0.7260 0.5502 0.4126
vn -0.8560 0.4484 0.2574
vn -0.8852 0.4052 0.2285
vn -0.7937 0.4944 0.3544
vn -0.9131 0.3715 0.1681
vn -0.9142 0.3676 0.1707
vn -0.9156 0.3722 0.1523
vn -0.9070 0.3850 0.1706
vn -0.9486 0.1195 0.2930
vn -0.9365 0.2118 0.2795
vn -0.9498 0.0831 0.3015
vn -0.9703 0.0807 0.2282
vn -0.9662 0.1453 0.2128
vn -0.9475 0.2422 0.2086
vn -0.6539 -0.0023 0.7566
vn -0.9016 0.2997 0.3119
vn -0.9051 0.3434 0.2508
vn -0.8974 0.3116 0.3125
vn 0.0549 -0.1617 0.9853
vn 0.0658 0.0394 0.9971
vn -0.2960 0.1961 0.9348
vn -0.9565 0.0013 0.2916
vn -0.9726 0.0378 0.2295
vn -0.9472 -0.1223 0.2963
vn -0.9763 -0.0681 0.2055
vn -0.3727 -0.4914 0.7872
vn 0.0828 -0.6174 0.7823
vn 0.0762 -0.4702 0.8793
vn 0.3360 -0.3717 0.8654
vn -0.4604 0.3992 0.7929
vn -0.7480 0.3538 0.5615
vn -0.8434 0.3863 0.3734
vn -0.9074 0.3908 0.1547
vn -0.9093 0.3843 0.1594
vn -0.9133 0.3757 0.1570
vn -0.9207 0.3553 0.1614
vn -0.9075 0.3420 0.2439
vn -0.9088 0.3164 0.2721
vn -0.5743 -0.7393 0.3515
vn -0.6867 -0.3668 0.6276
vn -0.9152 -0.0227 0.4024
vn -0.9527 -0.2498 0.1730
vn -0.9144 0.2894 0.2831
vn -0.9221 0.3302 0.2018
vn -0.9783 0.1044 0.1790
vn -0.9576 0.2324 0.1701
vn -0.9865 0.0284 0.1612
vn -0.9774 0.1462 0.1530
vn -0.9513 0.2693 0.1498
vn -0.9344 0.3163 0.1637
vn -0.9005 -0.3057 0.3094
vn -0.9481 -0.2684 0.1706
vn -0.7928 -0.5476 0.2675
vn -0.8974 -0.4154 0.1485
vn -0.7312 -0.6781 0.0743
vn -0.5747 -0.7975 0.1839
vn -0.9855 -0.1100 0.1293
vn -0.9899 0.0482 0.1330
vn -0.9583 -0.2772 0.0695
vn -0.8554 -0.5179 -0.0003
vn -0.7372 -0.6752 0.0265
vn -0.3092 -0.9480 0.0749
vn -0.9622 0.2136 0.1687
vn 0.6450 -0.3638 0.6720
vn 0.6592 -0.4773 0.5811
vn -0.0231 -0.4126 0.9106
vn -0.1587 -0.3847 0.9093
vn 0.3213 -0.4696 0.8223
vn 0.2192 -0.5331 0.8172
vn -0.3455 -0.4280 0.8351
vn 0.0079 -0.6525 0.7577
vn -0.5483 -0.3833 0.7433
vn -0.2815 -0.6567 0.6996
vn -0.5937 -0.2504 0.7647
vn -0.4599 -0.5373 0.7069
vn -0.4405 -0.2179 0.8709
vn -0.4568 -0.4904 0.7422
vn -0.1558 -0.3146 0.9363
vn -0.2274 -0.5425 0.8087
vn 0.1674 -0.4677 0.8679
vn -0.0105 -0.5477 0.8366
vn -0.5835 -0.7553 0.2984
vn -0.3509 -0.6943 0.6283
vn -0.1448 -0.7723 0.6186
vn -0.4147 -0.8850 0.2114
vn -0.5168 -0.5620 0.6458
vn -0.7064 -0.6068 0.3645
vn 0.1271 -0.4864 0.8644
vn -0.0607 -0.4319 0.8999
vn -0.0734 -0.4029 0.9123
vn -0.2852 -0.2730 0.9188
vn -0.2088 -0.3592 0.9096
vn -0.4650 -0.1853 0.8657
vn -0.1969 -0.2531 0.9472
vn -0.4797 -0.0360 0.8767
vn -0.1196 -0.1416 0.9827
vn -0.3673 0.1685 0.9147
vn -0.1153 0.0296 0.9929
vn -0.2693 0.4148 0.8692
vn -0.2346 0.3977 0.8870
vn -0.1037 0.5200 0.8478
vn -0.1811 0.5583 0.8096
vn -0.1927 0.3420 0.9197
vn -0.1040 0.6176 0.7796
vn 0.0432 0.5893 0.8067
vn -0.1558 0.2281 0.9611
vn -0.2359 0.5147 0.8243
vn -0.4096 0.7198 0.5605
vn -0.3341 0.5815 0.7418
vn -0.2593 0.6294 0.7326
vn -0.3569 0.7423 0.5671
vn -0.2509 0.6800 0.6889
vn -0.2674 0.6909 0.6717
vn -0.3206 0.7457 0.5841
vn -0.3153 0.7348 0.6006
vn -0.4073 0.7538 0.5156
vn -0.3482 0.7903 0.5042
vn -0.3377 0.7004 0.6288
vn -0.3299 0.7739 0.5406
vn -0.3540 0.7720 0.5279
vn -0.3630 0.7396 0.5668
vn -0.3823 0.7532 0.5354
vn -0.4242 0.7312 0.5342
vn -0.3183 0.6848 0.6556
vn -0.3882 0.6676 0.6353
vn -0.5286 0.4568 0.7155
vn -0.3928 0.5746 0.7180
vn -0.4054 0.0936 0.9093
vn -0.6284 0.1458 0.7641
vn -0.5480 -0.0495 0.8350
vn -0.3287 -0.1067 0.9384
vn -0.3497 -0.1761 0.9202
vn -0.3717 -0.1631 0.9139
vn -0.3360 -0.2419 0.9103
vn -0.3863 -0.3848 0.8383
vn -0.5762 -0.1636 0.8008
vn -0.8533 -0.2448 0.4604
vn -0.7025 -0.6110 0.3649
vn -0.3397 -0.6155 0.7111
vn -0.4569 -0.1470 0.8773
vn -0.6790 -0.1328 0.7220
vn -0.7453 -0.0713 0.6629
vn -0.6028 -0.0783 0.7941
vn -0.8774 -0.0602 0.4760
vn -0.8698 -0.1393 0.4733
vn -0.2559 -0.1262 0.9584
vn -0.5144 -0.0266 0.8571
vn -0.1523 0.0298 0.9879
vn -0.2978 0.0681 0.9522
vn -0.7363 0.0082 0.6766
vn -0.6934 0.0585 0.7181
vn -0.8755 0.0625 0.4792
vn -0.8773 0.0092 0.4798
vn -0.0838 0.6638 0.7432
vn 0.3926 0.5235 0.7562
vn 0.2704 0.2214 0.9369
vn 0.0466 0.3918 0.9189
vn -0.6817 0.0712 0.7281
vn -0.8785 0.0635 0.4734
vn -0.2625 0.1394 0.9548
vn -0.1672 0.2219 0.9606
vn -0.6569 0.0240 0.7536
vn -0.8917 -0.0513 0.4498
vn -0.0923 0.4391 0.8937
vn -0.5585 0.0377 0.8287
vn -0.5568 0.8114 0.1776
vn -0.7720 -0.1650 0.6138
vn -0.7437 -0.1533 0.6507
vn -0.4742 0.4592 0.7512
vn 0.6141 0.4237 0.6658
vn 0.5436 0.6296 0.5551
vn 0.7970 0.5886 0.1353
vn 0.7123 0.5905 0.3794
vn 0.5394 0.7820 -0.3124
vn 0.1523 0.9845 -0.0866
vn 0.4648 0.2834 0.8388
vn 0.6164 0.4861 0.6195
vn 0.6086 0.7652 0.2101
vn 0.8315 0.5508 0.0728
vn 0.4699 0.8169 0.3345
vn -0.0195 0.8473 0.5308
vn -0.2965 0.9445 0.1413
vn 0.4359 0.8319 -0.3435
vn 0.1474 0.7236 0.6743
vn -0.2396 0.4013 0.8841
vn -0.4783 0.4281 0.7668
vn -0.7605 0.4792 0.4381
vn 0.3875 0.9021 0.1899
vn 0.0543 0.7727 0.6325
vn -0.1091 0.8411 0.5297
vn 0.2212 0.9707 0.0939
vn -0.1584 0.9824 0.0991
vn -0.1113 0.9897 0.0898
vn -0.1937 0.2825 0.9395
vn -0.1723 0.8012 0.5731
vn -0.4024 0.5071 0.7622
vn -0.2670 0.1218 0.9560
vn -0.8276 0.3211 0.4604
vn -0.4325 0.2119 0.8764
vn -0.5861 0.7333 0.3446
vn -0.2379 0.1114 0.9649
vn 0.1717 0.7988 0.5766
vn 0.4613 0.7178 0.5215
vn -0.0322 0.2998 0.9535
vn 0.2891 0.3609 0.8867
vn 0.2578 0.7168 0.6479
vn 0.3793 0.4224 0.8232
vn -0.2460 0.0604 0.9674
vn -0.2183 0.0769 0.9728
vn -0.2413 0.0818 0.9670
vn -0.1754 0.1053 0.9788
vn 0.1433 0.0331 0.9891
vn 0.3131 0.0355 0.9491
vn 0.3957 0.1698 0.9025
vn 0.2459 0.1514 0.9574
vn -0.2144 0.0963 0.9720
vn -0.4097 0.1572 0.8986
vn -0.3964 0.1189 0.9103
vn -0.2025 0.0737 0.9765
vn -0.8517 0.2302 0.4708
vn -0.8632 0.1822 0.4709
vn -0.2540 0.0776 0.9641
vn -0.2176 0.0817 0.9726
vn -0.1734 0.1002 0.9797
vn -0.2442 0.0836 0.9661
vn -0.2102 0.0831 0.9741
vn -0.2128 0.0702 0.9746
vn -0.1898 0.1366 0.9723
vn -0.1971 0.0799 0.9771
vn -0.3949 0.1193 0.9109
vn -0.3882 0.1891 0.9020
vn -0.8590 0.1888 0.4760
vn -0.8313 0.2691 0.4864
vn 0.0193 -0.0196 0.9996
vn -0.0671 0.2053 0.9764
vn 0.1234 -0.0110 0.9923
vn 0.0483 -0.0473 0.9977
vn -0.8117 0.3542 0.4645
vn -0.4092 0.2903 0.8650
vn -0.1788 0.2372 0.9549
vn -0.2459 0.7288 0.6391
vn 0.0497 0.6549 0.7540
vn -0.2257 0.6885 0.6892
vn -0.0426 0.4546 0.8897
vn -0.1681 0.1086 0.9798
vn -0.1396 0.0435 0.9893
vn -0.2208 0.0609 0.9734
vn -0.2397 0.0828 0.9673
vn 0.0092 0.2089 0.9779
vn -0.1902 0.5133 0.8368
vn -0.0481 0.1002 0.9938
vn -0.0369 0.1964 0.9798
vn 0.2047 0.6079 0.7672
vn -0.0871 0.3964 0.9139
vn -0.1651 0.1312 0.9775
vn -0.1168 0.2419 0.9632
vn -0.2021 0.0795 0.9761
vn -0.0674 -0.5852 0.8081
vn 0.2254 -0.8377 0.4974
vn 0.1500 -0.6479 0.7468
vn 0.3229 -0.7460 0.5825
vn 0.4776 -0.8530 0.2104
vn 0.5810 -0.8129 0.0405
vn 0.5404 -0.8018 0.2550
vn 0.5879 -0.8078 0.0427
vn 0.7062 -0.5280 0.4717
vn 0.7591 -0.4696 0.4508
vn 0.6424 -0.5733 0.5086
vn 0.7470 -0.5342 0.3958
vn 0.3890 -0.7441 0.5431
vn 0.6269 -0.7053 0.3310
vn 0.0495 -0.8434 0.5349
vn 0.3834 -0.8764 0.2915
vn -0.2462 -0.8111 0.5305
vn 0.0238 -0.9669 0.2542
vn -0.3593 -0.7730 0.5229
vn -0.2630 -0.9583 0.1122
vn -0.4684 -0.7087 0.5276
vn -0.5356 -0.8015 0.2658
vn 0.4899 -0.5970 0.6353
vn 0.5588 -0.7010 0.4432
vn 0.7287 -0.5931 0.3425
vn 0.7391 -0.6591 0.1392
vn 0.6695 -0.7359 0.1015
vn 0.6616 -0.7456 -0.0801
vn 0.7250 -0.6813 -0.1011
vn 0.6793 -0.7054 -0.2025
vn 0.7525 -0.6516 0.0953
vn 0.7686 -0.6311 -0.1049
vn 0.6892 -0.7240 -0.0286
vn 0.7732 -0.5935 -0.2234
vn 0.6401 -0.6731 -0.3706
vn 0.7026 -0.6366 -0.3179
vn 0.4509 -0.8873 -0.0970
vn 0.2555 -0.9519 -0.1693
vn 0.6150 -0.7787 -0.1238
vn 0.6214 -0.7533 -0.2154
vn 0.5991 -0.7736 -0.2065
vn 0.5898 -0.7964 -0.1339
vn 0.5835 -0.7920 -0.1797
vn 0.6286 -0.7461 -0.2195
vn 0.6461 -0.7155 -0.2658
vn 0.5576 -0.7934 -0.2440
vn 0.5306 -0.7766 -0.3396
vn 0.5476 -0.7096 -0.4434
vn 0.6689 -0.6514 -0.3582
vn 0.6647 -0.6034 -0.4405
vn 0.6423 -0.5085 -0.5735
vn 0.6406 -0.4947 -0.5873
vn 0.6263 -0.5390 -0.5633
vn 0.6924 -0.4508 -0.5634
vn 0.6860 -0.4422 -0.5778
vn 0.6457 -0.4894 -0.5862
vn 0.6158 -0.5196 -0.5923
vn 0.5528 -0.6032 -0.5749
vn 0.5302 -0.6336 -0.5635
vn 0.3712 -0.7832 -0.4988
vn 0.3551 -0.8424 -0.4053
vn 0.3216 -0.9246 -0.2040
vn 0.1687 -0.9778 -0.1241
vn 0.1840 -0.9313 -0.3144
vn 0.5906 -0.6474 -0.4816
vn 0.5948 -0.7255 -0.3461
vn 0.4173 -0.7347 -0.5348
vn 0.2186 -0.8860 -0.4090
vn 0.1675 -0.9270 -0.3355
vn 0.3421 -0.8143 -0.4689
vn 0.0960 -0.9659 -0.2406
vn 0.0945 -0.9727 -0.2120
vn 0.1198 -0.9879 -0.0985
vn 0.1309 -0.9859 -0.1043
vn 0.3877 -0.8345 -0.3916
vn 0.1960 -0.9372 -0.2886
vn 0.2101 -0.9515 -0.2248
vn 0.3921 -0.8729 -0.2902
vn 0.1092 -0.9747 -0.1948
vn 0.1033 -0.9906 -0.0895
vn 0.0484 -0.9971 -0.0593
vn 0.1101 -0.9807 -0.1616
vn 0.1944 -0.9764 -0.0938
vn 0.0934 -0.9887 -0.1170
vn -0.3149 -0.9468 0.0659
vn -0.2201 -0.9358 0.2753
vn 0.5688 -0.6531 -0.4999
vn 0.5771 -0.6209 -0.5305
vn 0.6500 -0.5829 -0.4875
vn 0.6562 -0.5461 -0.5208
vn 0.5945 -0.5850 -0.5516
vn 0.6762 -0.4944 -0.5462
vn 0.7199 -0.4823 -0.4992
vn 0.7644 -0.4150 -0.4934
vn 0.7965 -0.4090 -0.4453
vn 0.7541 -0.5005 -0.4252
vn 0.6519 -0.6591 -0.3750
vn 0.7371 -0.5313 -0.4176
vn 0.7503 -0.5658 -0.3419
vn 0.6916 -0.6732 -0.2616
vn 0.7448 -0.5323 -0.4023
vn 0.7549 -0.4995 -0.4251
vn 0.7255 -0.5327 -0.4358
vn 0.7404 -0.4884 -0.4617
vn 0.7500 -0.5085 -0.4231
vn 0.7722 -0.4641 -0.4339
vn 0.7635 -0.4302 -0.4816
vn 0.7965 -0.4087 -0.4457
vn 0.6063 -0.7514 -0.2603
vn 0.5644 -0.7921 -0.2323
vn 0.6804 -0.6849 -0.2607
vn 0.6817 -0.6661 -0.3027
vn 0.5908 -0.7490 -0.2999
vn 0.5183 -0.7980 -0.3075
vn 0.7340 -0.6404 -0.2261
vn 0.7432 -0.6067 -0.2820
vn 0.7287 -0.5925 -0.3433
vn 0.6981 -0.5955 -0.3975
vn 0.6642 -0.6427 -0.3817
vn 0.6882 -0.6425 -0.3370
vn 0.6376 -0.6932 -0.3361
vn 0.5876 -0.7325 -0.3439
vn 0.6166 -0.7545 -0.2247
vn 0.5545 -0.7661 -0.3250
vn -0.6240 0.7770 0.0828
vn -0.6298 0.6543 0.4187
vn -0.7055 0.5925 0.3890
vn -0.7241 0.6841 0.0878
vn -0.7204 0.5443 0.4297
vn -0.7208 0.6883 0.0822
vn -0.6786 0.5682 0.4655
vn -0.6439 0.6121 0.4591
vn -0.6668 0.7387 0.0983
vn -0.6851 0.7231 0.0885
vn -0.6250 0.6522 0.4290
vn -0.6234 0.6669 0.4081
vn -0.6761 0.7259 0.1262
vn -0.6712 0.7336 0.1069
vn -0.6772 0.6207 0.3951
vn -0.7383 0.5856 0.3347
vn -0.7400 0.6619 0.1195
vn -0.8075 0.5762 0.1264
vn -0.3626 0.9039 0.2270
vn -0.6735 0.6311 0.3849
vn -0.6208 0.6438 0.4474
vn -0.4708 0.8714 0.1377
vn -0.2029 0.9702 0.1326
vn -0.5081 0.8433 -0.1751
vn -0.4987 0.7062 -0.5026
vn -0.6231 0.7454 -0.2370
vn -0.6083 0.7216 -0.3306
vn -0.4814 0.6995 -0.5282
vn -0.5769 0.7332 -0.3600
vn -0.5125 0.6918 -0.5086
vn -0.6080 0.7098 -0.3557
vn -0.5586 0.7028 -0.4405
vn -0.5754 0.7499 -0.3264
vn -0.6024 0.7473 -0.2805
vn -0.7321 0.6471 -0.2128
vn -0.6619 0.7005 -0.2669
vn -0.6516 0.7205 -0.2374
vn -0.6992 0.6882 -0.1937
vn -0.8010 0.5945 -0.0704
vn -0.7687 0.6302 -0.1091
vn -0.8577 0.5121 0.0459
vn -0.8749 0.4717 0.1093
vn -0.7690 0.6142 0.1771
vn -0.7634 0.6157 0.1954
vn -0.6961 0.6884 -0.2037
vn -0.7180 0.6781 -0.1570
vn -0.6814 0.7116 -0.1713
vn -0.6091 0.6425 0.4650
vn -0.7392 0.5248 0.4221
vn -0.7311 0.5395 0.4177
vn -0.7438 0.5584 0.3674
vn -0.7481 0.5536 0.3659
vn -0.7856 0.5642 0.2539
vn -0.7720 0.6087 0.1829
vn -0.7376 0.6687 -0.0933
vn -0.7787 0.6274 0.0056
vn -0.7676 0.4734 0.4321
vn -0.7427 0.5206 0.4213
vn -0.7426 0.5470 0.3864
vn -0.7570 0.4976 0.4235
vn -0.8187 0.5577 0.1369
vn -0.7922 0.5031 0.3454
vn -0.8337 0.4805 0.2723
vn -0.7767 0.4780 0.4102
vn -0.7805 0.4450 0.4391
vn -0.7579 0.4528 0.4696
vn -0.7380 0.4940 0.4598
vn -0.7414 0.5215 0.4223
vn -0.7101 0.5930 0.3796
vn -0.6830 0.6142 0.3953
vn -0.7513 0.5520 0.3617
vn -0.7482 0.5855 0.3120
vn -0.7161 0.6201 0.3203
vn -0.6656 0.6384 0.3865
vn -0.8423 0.4979 0.2063
vn -0.8046 0.5138 0.2977
vn -0.7815 0.5667 0.2611
vn -0.8038 0.5570 0.2090
vn -0.7420 0.6126 0.2722
vn -0.6736 0.6282 0.3895
vn -0.7669 0.5964 0.2370
vn -0.6938 0.6000 0.3983
vn -0.8420 0.5121 0.1699
vn -0.8162 0.5520 0.1707
vn -0.8281 0.5328 0.1743
vn -0.8587 0.4873 0.1588
vn -0.7707 0.5641 0.2964
vn -0.8182 0.4801 0.3162
vn -0.8070 0.5493 0.2167
vn -0.7365 0.5322 0.4176
vn -0.8732 0.4429 0.2032
vn -0.8028 0.3926 0.4488
vn -0.8732 0.3248 0.3634
vn -0.8694 0.1847 0.4582
vn -0.9464 0.2301 0.2266
vn -0.9245 0.3382 0.1758
vn -0.8732 0.0937 0.4783
vn -0.8562 0.2096 0.4722
vn -0.9353 0.2828 0.2126
vn -0.9595 0.1600 0.2320
vn -0.8325 0.1308 0.5383
vn -0.7810 -0.0440 0.6230
vn -0.9584 -0.0254 0.2844
vn -0.9514 0.1713 0.2561
vn -0.6187 -0.5428 0.5680
vn -0.8025 -0.5447 0.2435
vn -0.9589 0.0960 0.2669
vn -0.9494 -0.1314 0.2854
vn -0.8580 -0.2301 0.4592
vn -0.8772 0.0370 0.4787
vn 0.0455 -0.9939 -0.1001
vn -0.0267 -0.9995 -0.0181
vn -0.2024 -0.9762 0.0776
vn -0.2319 -0.9726 0.0178
vn -0.7254 -0.6587 0.2000
vn -0.6026 -0.7384 0.3027
vn 0.4715 0.0936 0.8769
vn 0.2557 0.7183 0.6471
vn 0.7088 0.3975 0.5828
vn 0.7410 0.0398 0.6703
vn 0.6841 0.5649 0.4614
vn 0.7265 0.0533 0.6851
vn 0.5333 -0.2489 0.8084
vn 0.4061 -0.3571 0.8412
vn 0.4201 -0.2326 0.8772
vn 0.3323 -0.2569 0.9075
vn 0.4341 -0.3399 0.8343
vn 0.4891 -0.2587 0.8330
vn 0.3763 -0.2271 0.8982
vn 0.4102 -0.1846 0.8931
vn 0.5000 -0.1705 0.8491
vn 0.4826 -0.0808 0.8721
vn 0.4118 -0.1416 0.9002
vn 0.4146 -0.0870 0.9058
vn -0.4271 0.8696 0.2476
vn -0.3377 0.9125 -0.2307
vn -0.2490 0.7842 -0.5684
vn -0.2891 0.9464 -0.1440
vn -0.1605 0.8165 -0.5546
vn 0.0168 0.5813 -0.8135
vn -0.0710 0.4371 -0.8966
vn -0.1910 0.6049 -0.7731
vn 0.5353 0.7947 0.2862
vn 0.7494 0.1027 0.6541
vn 0.3508 0.9325 -0.0857
vn 0.8797 0.0952 0.4658
vn 0.3411 -0.2111 0.9160
vn 0.3322 -0.3179 0.8880
vn 0.3023 -0.2412 0.9222
vn 0.2797 -0.1755 0.9439
vn 0.3306 -0.1609 0.9300
vn 0.3572 -0.2001 0.9124
vn 0.3467 -0.1295 0.9290
vn 0.3902 -0.1884 0.9012
vn 0.3763 -0.1004 0.9210
vn 0.4447 -0.1130 0.8885
vn 0.4870 -0.1749 0.8557
vn 0.5726 -0.1620 0.8037
vn 0.6377 -0.4263 0.6416
vn 0.6685 -0.3000 0.6805
vn 0.6250 -0.3612 0.6920
vn 0.6442 -0.4843 0.5920
vn 0.5348 -0.3616 0.7637
vn 0.6308 -0.5017 0.5919
vn 0.3794 -0.4232 0.8228
vn 0.4609 -0.3663 0.8083
vn 0.5590 -0.5067 0.6563
vn 0.4438 -0.5570 0.7020
vn 0.6875 -0.3506 -0.6359
vn 0.3772 -0.0907 -0.9217
vn 0.6876 -0.3635 -0.6285
vn 0.3882 -0.0359 -0.9209
vn 0.1872 0.1972 -0.9623
vn 0.1035 0.2084 -0.9726
vn 0.7938 -0.3865 -0.4696
vn 0.0537 0.3667 -0.9288
vn 0.2427 0.5637 -0.7895
vn 0.4440 0.1734 -0.8791
vn 0.9641 -0.1745 -0.2000
vn 0.2880 0.8235 -0.4889
vn 0.9738 0.0250 0.2260
vn 0.3744 -0.4418 0.8153
vn 0.4843 -0.5441 0.6851
vn 0.6197 0.0211 -0.7846
vn 0.8176 -0.0689 -0.5716
vn 0.6092 -0.1179 -0.7842
vn 0.7288 -0.0141 -0.6846
vn 0.7016 -0.0164 -0.7124
vn 0.6780 0.7325 -0.0614
vn 0.1107 0.9645 0.2397
vn 0.0752 0.9813 -0.1770
vn 0.4466 0.6603 -0.6038
vn 0.8639 0.1819 -0.4696
vn 0.6398 0.2044 -0.7409
vn 0.0828 0.7168 -0.6924
vn 0.1410 0.4193 -0.8968
vn 0.0509 0.1962 -0.9792
vn 0.0553 0.0355 -0.9978
vn 0.0610 -0.2816 -0.9576
vn 0.0395 -0.3229 -0.9456
vn 0.1836 -0.7596 -0.6239
vn 0.1531 -0.7205 -0.6763
vn 0.2933 -0.9278 -0.2304
vn 0.2454 -0.9147 -0.3211
vn 0.3257 -0.8894 -0.3208
vn 0.3844 -0.8706 -0.3071
vn 0.2694 -0.8075 -0.5247
vn 0.3505 -0.8237 -0.4458
vn 0.4463 -0.8477 -0.2866
vn 0.4711 -0.8526 -0.2262
vn 0.4473 -0.7929 -0.4138
vn 0.4201 -0.8020 -0.4247
vn 0.4906 -0.8600 -0.1402
vn 0.5356 -0.8439 -0.0313
vn 0.5658 -0.7458 -0.3516
vn 0.4909 -0.7780 -0.3920
vn 0.6030 -0.7960 0.0524
vn 0.6387 -0.7130 -0.2895
vn 0.6955 -0.7128 0.0906
vn 0.7002 -0.6752 -0.2319
vn 0.7596 -0.6457 0.0780
vn 0.7197 -0.6611 -0.2120
vn 0.7720 -0.6356 -0.0070
vn 0.6879 -0.6830 -0.2454
vn 0.7357 -0.6554 -0.1707
vn 0.6001 -0.7321 -0.3224
vn 0.6839 -0.6128 -0.3960
vn 0.5169 -0.7093 -0.4793
vn 0.7132 -0.6055 0.3532
vn 0.7942 -0.5733 0.2013
vn 0.8772 -0.3598 -0.3180
vn 0.8563 -0.3223 -0.4036
vn 0.3729 -0.6371 0.6746
vn 0.4455 -0.6310 0.6351
vn 0.4823 -0.6779 0.5548
vn 0.4057 -0.6663 0.6257
vn 0.6403 -0.4715 0.6064
vn 0.6435 -0.5235 0.5585
vn 0.5988 -0.5350 0.5960
vn 0.5366 -0.5436 0.6454
vn 0.6657 -0.5299 0.5254
vn 0.5761 -0.5575 0.5978
vn 0.5683 -0.5703 0.5932
vn 0.6442 -0.4898 0.5875
vn 0.7377 0.0196 -0.6748
vn 0.4879 0.1717 -0.8559
vn 0.8792 -0.1807 -0.4408
vn 0.9375 -0.3431 -0.0576
vn 0.2576 0.1141 -0.9595
vn 0.7952 -0.0844 -0.6004
vn 0.1780 -0.0805 -0.9807
vn 0.7086 -0.2227 -0.6696
vn 0.1492 -0.3185 -0.9361
vn 0.5799 -0.4755 -0.6615
vn 0.1500 -0.5040 -0.8506
vn 0.4732 -0.6087 -0.6368
vn 0.2080 -0.6066 -0.7673
vn 0.4263 -0.6601 -0.6186
vn 0.2676 -0.6676 -0.6948
vn 0.3829 -0.7007 -0.6020
vn 0.3087 -0.6881 -0.6567
vn 0.4158 -0.6848 -0.5985
vn 0.3615 -0.7018 -0.6138
vn 0.5121 -0.6440 -0.5684
vn 0.7050 -0.5820 -0.4052
vn 0.6229 -0.6103 -0.4894
vn 0.4485 -0.6907 -0.5672
vn 0.5644 -0.6402 -0.5211
vn 0.7639 -0.5574 -0.3253
vn 0.7543 -0.5600 -0.3427
vn 0.6604 -0.5871 -0.4681
vn 0.7135 -0.5660 -0.4129
vn 0.6885 -0.6489 -0.3239
vn 0.7372 -0.5880 -0.3329
vn 0.7107 -0.6012 -0.3653
vn 0.6715 -0.6550 -0.3465
vn 0.5109 -0.8126 -0.2805
vn 0.6255 -0.7117 -0.3198
vn 0.5792 -0.7543 -0.3090
vn 0.4482 -0.8444 -0.2935
vn 0.6998 -0.6545 -0.2863
vn 0.6161 -0.7315 -0.2921
vn 0.5776 -0.7458 -0.3319
vn 0.6516 -0.6614 -0.3715
vn 0.4550 -0.8512 -0.2617
vn 0.4389 -0.8596 -0.2616
vn 0.8004 -0.5970 0.0539
vn 0.7984 -0.5980 -0.0705
vn 0.7999 -0.5983 -0.0479
vn 0.7782 -0.6230 -0.0793
vn 0.7646 -0.6262 -0.1524
vn 0.6352 -0.6780 -0.3700
vn 0.7507 -0.6089 -0.2564
vn 0.6570 -0.6539 -0.3752
vn 0.7538 -0.6562 -0.0350
vn 0.7170 -0.6854 -0.1270
vn 0.7825 -0.6154 -0.0943
vn 0.7947 -0.6069 -0.0038
vn 0.7842 -0.5867 -0.2020
vn 0.6983 -0.5858 -0.4115
vn 0.6899 -0.5978 -0.4082
vn 0.7430 -0.6209 -0.2500
vn 0.6010 -0.7944 -0.0879
vn 0.5573 -0.8108 -0.1791
vn 0.6033 -0.7813 -0.1598
vn 0.6656 -0.7442 -0.0564
vn 0.6453 -0.7204 -0.2543
vn 0.6029 -0.7129 -0.3582
vn 0.5151 -0.7992 -0.3098
vn 0.5628 -0.7933 -0.2321
vn 0.6792 -0.7304 -0.0720
vn 0.7096 -0.6911 -0.1370
vn 0.6180 -0.7678 -0.1691
vn 0.6175 -0.7813 -0.0906
vn 0.5491 -0.8129 -0.1940
vn 0.6029 -0.7826 -0.1553
vn 0.4728 -0.8314 -0.2921
vn 0.4911 -0.8149 -0.3078
vn 0.8258 -0.5560 -0.0944
vn 0.7719 -0.6348 -0.0352
vn 0.8559 -0.5143 0.0538
vn 0.9456 -0.3253 -0.0088
vn 0.6787 -0.7266 -0.1070
vn 0.7302 -0.6831 -0.0088
vn 0.5286 -0.7837 -0.3262
vn 0.5322 -0.7807 -0.3275
vn 0.9800 -0.1472 0.1342
vn 0.8934 -0.3932 0.2173
vn 0.8237 -0.3423 0.4520
vn 0.9267 -0.1869 0.3260
vn 0.7567 -0.6431 0.1179
vn 0.5256 -0.7868 -0.3235
vn 0.7381 -0.6257 0.2525
vn 0.5137 -0.7973 -0.3169
vn 0.5855 -0.4404 0.6806
vn 0.5682 -0.4974 0.6555
vn 0.7810 -0.3254 0.5331
vn 0.7153 -0.3392 0.6109
vn 0.7454 -0.5747 0.3378
vn 0.5478 -0.7665 -0.3353
vn 0.5116 -0.7964 -0.3224
vn 0.6711 -0.6353 0.3820
vn 0.3665 -0.6035 0.7082
vn 0.4475 -0.5921 0.6702
vn 0.4254 -0.7036 0.5692
vn 0.3437 -0.6396 0.6876
vn 0.5525 -0.7583 0.3460
vn 0.4114 -0.8721 -0.2651
vn 0.3571 -0.9053 -0.2299
vn 0.4821 -0.8422 0.2414
vn 0.4681 -0.6106 0.6389
vn 0.4650 -0.7502 0.4700
vn 0.5389 -0.7286 0.4227
vn 0.6256 -0.5073 0.5926
vn 0.4871 -0.8593 0.1561
vn 0.3582 -0.9062 -0.2248
vn 0.3369 -0.9175 -0.2114
vn 0.4493 -0.8867 0.1089
vn 0.7022 -0.4533 0.5490
vn 0.6797 -0.5976 0.4253
vn 0.7333 -0.5121 0.4472
vn 0.7297 -0.4559 0.5095
vn 0.5158 -0.8492 0.1135
vn 0.3281 -0.9226 -0.2031
vn 0.3988 -0.8956 -0.1973
vn 0.6229 -0.7603 0.1843
vn 0.0031 0.8544 0.5197
vn -0.2446 0.9548 0.1688
vn 0.2676 0.5938 0.7588
vn 0.2679 0.4720 0.8399
vn 0.0227 0.7649 0.6438
vn -0.2948 0.9362 0.1914
vn 0.1048 0.7626 0.6383
vn 0.0683 0.8875 0.4557
vn 0.1251 0.7818 0.6109
vn 0.1848 0.6266 0.7571
vn -0.1281 0.9788 0.1601
vn -0.1075 0.9867 0.1216
vn -0.2075 0.9669 0.1484
vn 0.1420 0.7274 0.6714
vn 0.2630 0.5063 0.8213
vn 0.0591 0.6250 0.7784
vn 0.1300 0.7133 0.6887
vn -0.0016 0.8340 0.5518
vn -0.0160 0.7582 0.6518
vn 0.1620 0.9150 0.3695
vn 0.2597 0.8621 0.4352
vn 0.1768 0.8968 0.4055
vn -0.0085 0.8466 0.5322
vn -0.0463 0.8216 0.5682
vn 0.1003 0.7379 0.6674
vn -0.2490 0.9542 0.1658
vn 0.2910 0.4326 0.8533
vn 0.3681 0.3526 0.8603
vn 0.3367 0.3058 0.8906
vn 0.3097 0.3641 0.8784
vn 0.3840 0.4446 0.8092
vn 0.2216 0.4005 0.8891
vn 0.2722 0.3909 0.8793
vn 0.1790 0.5310 0.8283
vn 0.1489 0.4819 0.8635
vn 0.1138 0.5705 0.8134
vn 0.1142 0.6473 0.7536
vn 0.3539 0.6195 0.7007
vn 0.2604 0.4905 0.8316
vn 0.1582 0.4726 0.8670
vn -0.0290 0.7929 0.6087
vn 0.0093 0.6953 0.7187
vn 0.0261 0.6550 0.7552
vn -0.0198 0.7554 0.6550
vn 0.0697 0.5601 0.8255
vn 0.0589 0.5774 0.8143
vn 0.1009 0.5244 0.8455
vn 0.1125 0.4880 0.8656
vn 0.3500 0.3014 0.8869
vn 0.4482 0.1102 0.8871
vn 0.4509 0.0482 0.8913
vn 0.3660 0.2966 0.8821
vn 0.4045 0.0034 0.9145
vn 0.3613 0.2202 0.9061
vn 0.2944 0.9556 -0.0087
vn 0.4850 0.8732 0.0475
vn 0.1629 0.9857 -0.0432
vn 0.3014 0.8736 -0.3822
vn -0.0002 0.9349 -0.3549
vn 0.6693 0.6735 -0.3139
vn 0.6890 -0.3038 0.6580
vn 0.3849 0.1726 0.9067
vn 0.6644 0.1749 0.7266
vn 0.8783 -0.2215 0.4237
vn 0.0392 0.5007 0.8647
vn 0.3487 0.5326 0.7712
vn 0.7803 -0.5672 0.2635
vn 0.7583 -0.6376 -0.1355
vn 0.8447 -0.5158 0.1426
vn 0.8083 -0.5642 -0.1684
vn 0.7647 -0.6035 -0.2261
vn 0.8125 -0.5372 -0.2265
vn 0.8491 -0.4421 -0.2892
vn 0.9170 -0.3951 -0.0542
vn 0.8584 -0.4579 -0.2314
vn 0.8799 -0.3802 -0.2850
vn 0.8609 -0.3481 -0.3709
vn 0.9339 -0.3074 -0.1823
vn 0.8862 -0.4625 -0.0255
vn 0.9430 -0.3269 0.0629
vn 0.9385 -0.3305 -0.0996
vn 0.9181 -0.3858 -0.0912
vn 0.9760 -0.1757 -0.1284
vn 0.9328 -0.2091 -0.2936
vn 0.9919 0.0143 0.1260
vn 0.9873 0.1571 0.0255
vn 0.9726 -0.0227 -0.2312
vn 0.9055 -0.0145 -0.4241
vn 0.9238 0.3668 -0.1096
vn 0.9129 0.2351 -0.3337
vn 0.6674 0.5785 -0.4689
vn 0.8139 0.2828 -0.5075
vn 0.5050 0.6618 -0.5541
vn -0.1562 0.9150 -0.3719
vn 0.2200 0.8416 -0.4933
vn 0.0468 0.8683 -0.4939
vn -0.2850 0.8586 -0.4262
vn -0.6586 0.3521 -0.6651
vn -0.4637 0.7597 -0.4558
vn -0.6505 0.2167 -0.7279
vn -0.4095 0.2692 -0.8717
vn -0.4815 0.5034 -0.7175
vn -0.1891 0.6611 -0.7261
vn -0.1742 0.3167 -0.9324
vn 0.0557 0.3996 -0.9150
vn 0.2110 0.6608 -0.7203
vn 0.2808 0.3395 0.8977
vn 0.3877 0.2523 0.8866
vn 0.3832 0.1901 0.9039
vn 0.3036 0.3279 0.8946
vn 0.2639 0.5279 0.8072
vn 0.2054 0.5001 0.8412
vn 0.1038 0.7144 0.6920
vn 0.1026 0.7141 0.6924
vn 0.0353 0.7305 0.6820
vn 0.2848 0.5315 0.7977
vn -0.0499 0.8362 0.5461
vn -0.0417 0.8216 0.5685
vn -0.0470 0.8295 0.5565
vn 0.1526 0.5134 0.8445
vn 0.2145 0.4373 0.8734
vn 0.2218 0.4643 0.8575
vn 0.1167 0.6115 0.7826
vn 0.2091 0.8305 0.5163
vn -0.0134 0.8247 0.5654
vn 0.0057 0.7550 0.6557
vn 0.1939 0.7250 0.6609
vn 0.7630 0.4321 0.4808
vn 0.6842 0.5685 0.4567
vn 0.3699 0.6552 0.6587
vn 0.6708 0.6998 0.2456
vn 0.1058 0.5627 0.8198
vn 0.2843 0.6314 0.7215
vn 0.3738 0.5368 0.7564
vn 0.4013 0.6105 0.6828
vn 0.5920 0.4742 0.6516
vn 0.5503 0.5333 0.6425
vn 0.7486 0.3774 0.5451
vn 0.5728 0.4421 0.6902
vn 0.6521 0.2955 0.6982
vn 0.3954 0.3692 0.8410
vn 0.3951 0.6129 0.6843
vn 0.4767 0.5724 0.6672
vn 0.3848 0.5184 0.7637
vn 0.2893 0.5709 0.7684
vn 0.2521 0.4553 0.8539
vn 0.1638 0.5287 0.8329
vn 0.0771 0.6475 0.7582
vn 0.1785 0.6506 0.7382
vn 0.3102 0.6495 0.6942
vn 0.3118 0.0108 0.9501
vn -0.0469 0.1417 0.9888
vn 0.3138 -0.0066 0.9495
vn 0.0110 0.1063 0.9943
vn -0.4863 0.2358 0.8414
vn -0.8361 0.2442 0.4912
vn -0.4108 0.1580 0.8979
vn -0.7961 0.1370 0.5895
vn -0.9683 0.1032 -0.2276
vn -0.9511 0.2079 -0.2284
vn -0.9742 0.2224 -0.0385
vn -0.9891 0.1156 0.0915
vn -0.8112 0.2474 -0.5299
vn -0.8143 0.2897 -0.5030
vn -0.9469 0.2290 -0.2259
vn -0.9504 0.1401 -0.2778
vn 0.2462 0.2750 -0.9294
vn 0.4494 0.1487 -0.8809
vn 0.7217 0.0952 -0.6856
vn 0.5654 0.4118 -0.7147
vn 0.9203 -0.2085 -0.3309
vn 0.9317 -0.3042 -0.1986
vn 0.8544 -0.1666 -0.4922
vn 0.7305 -0.0216 -0.6826
vn -0.0210 0.2465 -0.9689
vn -0.1938 0.3120 -0.9301
vn -0.5204 0.3324 -0.7866
vn -0.4494 0.3110 -0.8374
vn 0.0429 0.2714 -0.9615
vn 0.2431 0.1926 -0.9507
vn -0.0511 0.3458 -0.9369
vn -0.0539 0.2717 -0.9609
vn -0.4410 0.3133 -0.8411
vn -0.4361 0.3373 -0.8343
vn 0.9346 -0.3387 -0.1084
vn 0.8994 -0.3340 -0.2819
vn 0.9446 -0.2940 -0.1463
vn 0.9061 -0.3025 -0.2956
vn 0.5275 0.0511 -0.8480
vn 0.8489 -0.1311 -0.5120
vn 0.3518 0.1271 -0.9274
vn 0.7712 -0.0345 -0.6356
vn 0.3048 0.2006 -0.9311
vn 0.7507 0.0585 -0.6581
vn 0.3086 0.3040 -0.9013
vn 0.7701 0.1715 -0.6145
vn 0.8455 -0.3020 -0.4404
vn 0.8623 -0.2801 -0.4218
vn 0.9493 -0.2275 -0.2169
vn 0.9446 -0.1532 -0.2902
vn 0.9190 -0.2355 -0.3161
vn 0.9252 -0.1613 -0.3436
vn 0.9414 -0.0665 -0.3308
vn 0.9166 -0.0667 -0.3941
vn 0.9486 0.0518 -0.3123
vn 0.9174 0.0829 -0.3892
vn 0.9092 -0.1707 0.3798
vn 0.8379 -0.1027 0.5361
vn 0.8137 -0.1439 0.5632
vn 0.9126 -0.2389 0.3317
vn 0.6587 -0.0824 0.7479
vn 0.7332 -0.0577 0.6776
vn 0.9322 -0.3244 0.1607
vn 0.9503 -0.2674 0.1593
vn 0.8777 -0.2159 -0.4278
vn 0.9582 -0.2245 -0.1776
vn 0.8876 -0.1370 -0.4398
vn 0.9779 -0.1308 -0.1629
vn 0.9037 -0.0248 -0.4275
vn 0.9935 0.0104 -0.1131
vn 0.9285 0.1491 -0.3400
vn 0.9793 0.1972 -0.0456
vn 0.3536 0.0031 0.9354
vn 0.0322 0.0447 0.9985
vn 0.5782 0.0213 0.8156
vn 0.3610 0.0867 0.9285
vn 0.9668 -0.1834 0.1777
vn 0.8917 -0.0913 0.4433
vn 0.9738 -0.0808 0.2127
vn 0.8696 0.0184 0.4934
vn 0.8234 -0.0018 0.5674
vn 0.7727 0.1166 0.6240
vn 0.9654 0.0741 0.2501
vn 0.8446 0.1438 0.5157
vn 0.9376 0.2313 0.2596
vn 0.8330 0.2257 0.5052
vn 0.7475 0.1821 0.6388
vn 0.4849 0.1466 0.8622
vn 0.7578 0.1841 0.6260
vn 0.5613 0.0996 0.8216
vn -0.3511 0.0089 0.9363
vn -0.7466 -0.0253 0.6648
vn -0.2093 -0.0130 0.9778
vn -0.6822 -0.0271 0.7307
vn -0.9716 0.0107 0.2364
vn -0.9463 0.0277 0.3221
vn -0.9918 0.0849 -0.0952
vn -0.9817 0.0602 -0.1807
vn -0.0554 0.0171 0.9983
vn -0.6069 0.0122 0.7947
vn 0.0249 0.0071 0.9997
vn -0.5536 0.0458 0.8315
vn -0.9372 0.1027 -0.3333
vn -0.9310 0.1352 -0.3392
vn -0.7526 0.2724 -0.5995
vn -0.7903 0.2335 -0.5664
vn -0.9139 0.0736 0.3992
vn -0.9914 0.1302 -0.0106
vn -0.8795 0.1219 0.4600
vn -0.9804 0.1898 0.0526
vn -0.4155 0.3799 -0.8265
vn -0.3658 0.4321 -0.8243
vn 0.0095 0.5037 -0.8638
vn -0.0327 0.4356 -0.8995
vn -0.6351 0.4153 -0.6513
vn -0.6994 0.3382 -0.6296
vn -0.9258 0.1927 -0.3253
vn -0.9084 0.2779 -0.3124
vn 0.7944 0.4099 -0.4483
vn 0.7836 0.3062 -0.5405
vn 0.3126 0.4334 -0.8453
vn 0.3804 0.5189 -0.7656
vn 0.9522 0.2542 -0.1692
vn 0.9337 0.2140 -0.2872
vn 0.9593 0.1618 -0.2314
vn 0.9585 0.2448 -0.1458
vn -0.3057 0.4774 -0.8238
vn -0.2606 0.5136 -0.8175
vn 0.1238 0.5500 -0.8259
vn 0.0623 0.5434 -0.8371
vn 0.9458 0.2735 -0.1750
vn 0.9520 0.3016 0.0517
vn 0.9589 0.2832 -0.0203
vn 0.9520 0.2802 0.1230
vn 0.5082 0.5567 -0.6572
vn 0.6596 0.4932 -0.5672
vn 0.9482 0.3125 -0.0578
vn 0.8665 0.4194 -0.2706
vn 0.9660 0.2586 -0.0073
vn 0.9651 0.2348 0.1157
vn 0.9188 0.2935 0.2639
vn 0.8573 0.2329 0.4592
vn 0.9350 0.2504 0.2512
vn 0.9023 0.2004 0.3818
vn 0.8148 0.1520 0.5594
vn 0.6588 0.0761 0.7484
vn 0.8809 0.1380 0.4527
vn 0.7880 0.0981 0.6079
vn 0.9539 0.2110 0.2136
vn 0.9467 0.1903 0.2600
vn 0.9395 0.1452 0.3101
vn 0.9036 0.1303 0.4080
vn 0.9655 0.2603 0.0018
vn 0.9639 0.2530 0.0828
vn 0.7205 0.4815 -0.4991
vn 0.1773 0.5823 -0.7934
vn 0.2211 0.6232 -0.7501
vn 0.7456 0.5067 -0.4328
vn 0.7519 0.5712 -0.3292
vn 0.9411 0.2896 0.1744
vn 0.2354 0.6878 -0.6867
vn 0.2147 0.8467 -0.4868
vn 0.5750 0.8181 -0.0004
vn 0.7853 0.4583 0.4162
vn -0.2117 0.5582 -0.8022
vn -0.5755 0.4894 -0.6552
vn -0.1632 0.6149 -0.7715
vn -0.5414 0.5685 -0.6194
vn -0.8780 0.3638 -0.3111
vn -0.8501 0.4474 -0.2778
vn -0.9676 0.2428 0.0686
vn -0.9521 0.2992 0.0637
vn 0.7346 0.1737 0.6559
vn 0.3126 0.3485 0.8836
vn -0.2707 0.2869 0.9189
vn 0.4113 0.1631 0.8968
vn 0.1597 0.0557 0.9856
vn -0.4630 0.1210 0.8781
vn -0.8502 0.1776 0.4956
vn -0.8449 0.2895 0.4498
vn -0.8656 0.5007 -0.0028
vn -0.6017 0.6302 0.4907
vn -0.5900 0.7891 -0.1708
vn -0.5766 0.6611 -0.4800
vn -0.0452 0.8593 0.5095
vn -0.2343 0.9222 -0.3076
vn -0.1934 0.7048 -0.6825
vn -0.5607 0.6521 0.5103
vn -0.5071 0.7663 0.3945
vn -0.1549 0.7731 0.6151
vn -0.2112 0.6145 0.7602
vn 0.0693 0.4340 0.8982
vn 0.0925 0.4876 0.8682
vn 0.1660 0.4451 0.8800
vn 0.1905 0.4564 0.8691
vn 0.0415 0.6888 0.7238
vn 0.0398 0.6907 0.7220
vn -0.6255 0.7698 0.1267
vn -0.6467 0.7567 0.0955
vn -0.5628 0.8029 0.1964
vn -0.5426 0.7898 0.2860
vn -0.4075 0.8777 0.2522
vn -0.4093 0.9041 0.1231
vn -0.2877 0.9548 0.0747
vn -0.2720 0.9401 0.2053
vn -0.1718 0.9261 0.3358
vn -0.1825 0.9370 0.2978
vn -0.6992 0.7091 0.0909
vn -0.7460 0.6596 0.0921
vn -0.6958 0.7182 -0.0087
vn -0.6391 0.7618 0.1056
vn 0.1947 0.4989 0.8445
vn 0.0042 0.7014 0.7127
vn 0.0213 0.7231 0.6904
vn 0.1961 0.5388 0.8193
vn -0.4812 0.8766 -0.0091
vn -0.5282 0.8307 -0.1761
vn -0.3920 0.9166 -0.0790
vn -0.3622 0.9321 -0.0000
vn -0.2345 0.9315 0.2782
vn -0.2383 0.9389 0.2484
vn -0.7757 0.6240 0.0939
vn -0.7140 0.6789 -0.1712
vn -0.7449 0.6671 -0.0133
vn -0.6084 0.6756 -0.4165
vn 0.1865 0.5192 0.8340
vn 0.0484 0.7021 0.7104
vn 0.0397 0.6315 0.7743
vn 0.1638 0.4696 0.8676
vn -0.5363 0.7571 -0.3731
vn -0.3775 0.9117 -0.1619
vn -0.4880 0.7168 -0.4981
vn -0.4046 0.9021 -0.1498
vn -0.1987 0.9449 0.2601
vn -0.2199 0.9048 0.3647
vn -0.6815 0.7021 -0.2064
vn -0.6161 0.5793 -0.5337
vn -0.6420 0.6860 -0.3424
vn -0.7051 0.5153 -0.4872
vn -0.6110 0.6561 -0.4430
vn -0.5351 0.8447 -0.0128
vn -0.7450 0.6037 -0.2836
vn -0.6217 0.7710 0.1381
vn -0.6457 0.7539 -0.1211
vn -0.5527 0.7637 -0.3336
vn -0.4020 0.8698 -0.2860
vn -0.3040 0.9247 -0.2293
vn -0.6190 0.6795 -0.3939
vn -0.7623 0.5520 -0.3379
vn -0.7805 0.6212 -0.0708
vn -0.6177 0.7441 0.2544
vn -0.6868 0.7155 0.1284
vn -0.5730 0.7638 0.2970
vn 0.1456 0.4456 0.8833
vn 0.0017 0.5695 0.8220
vn -0.0014 0.5907 0.8069
vn 0.1798 0.5015 0.8463
vn -0.3003 0.8079 0.5071
vn -0.3417 0.7363 0.5840
vn 0.0009 0.9990 -0.0443
vn 0.2676 0.9127 0.3088
vn 0.1762 0.9206 0.3484
vn -0.2415 0.9622 0.1256
vn 0.4053 0.4568 0.7919
vn 0.4374 0.5625 0.7016
vn 0.4176 0.5598 0.7157
vn 0.4134 0.6326 0.6549
vn -0.3309 0.8714 0.3622
vn -0.2717 0.8254 0.4948
vn 0.0595 0.8716 0.4866
vn 0.1199 0.7883 0.6036
vn 0.3639 0.7465 0.5571
vn 0.4162 0.7040 0.5754
vn 0.2758 0.7842 0.5558
vn 0.3258 0.6989 0.6367
vn 0.2515 0.6211 0.7423
vn 0.3719 0.5949 0.7126
vn 0.0424 0.6885 0.7240
vn 0.3727 0.6179 0.6923
vn -0.3111 0.7482 0.5860
vn 0.2325 -0.9168 0.3247
vn 0.4188 -0.7389 0.5278
vn 0.0234 -0.9986 -0.0481
vn 0.4886 -0.8183 -0.3027
vn 0.6031 -0.7899 -0.1114
vn 0.6883 -0.7243 0.0406
vn 0.6546 -0.6369 0.4074
vn 0.8382 -0.5406 -0.0721
vn 0.8661 -0.4463 -0.2251
vn 0.8161 -0.5564 0.1561
vn 0.7971 -0.5340 -0.2819
vn 0.7252 -0.5522 -0.4113
vn 0.8175 -0.3573 -0.4516
vn 0.8352 -0.3816 -0.3961
vn 0.8905 -0.4536 -0.0359
vn 0.8853 -0.4646 -0.0201
vn 0.8579 -0.4030 -0.3189
vn 0.8020 -0.5315 -0.2727
vn 0.7211 -0.6734 0.1629
vn 0.6822 -0.6992 -0.2139
vn 0.6555 -0.6006 -0.4579
vn 0.6666 -0.4584 -0.5878
vn 0.7390 -0.5386 -0.4047
vn 0.7364 -0.5286 -0.4223
vn 0.7498 -0.5064 -0.4259
vn 0.7586 -0.4898 -0.4297
vn 0.6514 -0.4963 -0.5739
vn 0.5586 -0.5991 -0.5736
vn 0.4515 -0.8353 -0.3138
vn 0.5116 -0.8050 -0.3004
vn 0.8047 -0.3834 -0.4533
vn 0.8011 -0.3768 -0.4651
vn -0.9541 -0.2492 -0.1659
vn -0.8780 -0.1864 -0.4409
vn -0.8894 -0.0633 -0.4527
vn -0.9770 -0.0489 -0.2076
vn -0.8082 -0.0040 -0.5889
vn -0.7882 -0.0671 -0.6117
vn -0.8984 0.3346 -0.2845
vn -0.9206 0.3412 -0.1900
vn -0.9167 0.3814 -0.1189
vn -0.6198 0.0656 -0.7820
vn -0.5179 0.1166 -0.8474
vn -0.7149 0.0859 -0.6939
vn -0.7234 0.0159 -0.6903
vn -0.6637 0.3887 -0.6390
vn -0.8005 0.3587 -0.4801
vn -0.2730 -0.8102 -0.5187
vn -0.2813 -0.6924 -0.6644
vn -0.6963 -0.4283 -0.5759
vn -0.7128 -0.6160 -0.3354
vn -0.3061 -0.5673 -0.7645
vn -0.6644 -0.2660 -0.6984
vn -0.6237 -0.1139 -0.7734
vn -0.5593 0.0425 -0.8279
vn -0.3669 -0.3679 -0.8544
vn -0.4076 -0.2044 -0.8900
vn -0.3235 -0.1371 -0.9362
vn -0.4030 0.0894 -0.9108
vn -0.5619 0.2647 -0.7837
vn -0.4217 -0.0621 -0.9046
vn -0.6606 0.7355 0.1504
vn -0.6611 0.7326 0.1620
vn -0.8820 0.4703 -0.0294
vn -0.6512 0.7363 0.1838
vn -0.6545 0.7489 0.1039
vn -0.6831 0.7176 0.1359
vn -0.7126 0.7016 0.0082
vn -0.8119 0.5763 -0.0934
vn -0.7559 0.6527 0.0509
vn -0.7217 0.6779 0.1402
vn -0.7015 0.7120 0.0315
vn -0.7262 0.6750 -0.1308
vn -0.7572 0.6461 -0.0961
vn -0.7415 0.6303 -0.2300
vn -0.7142 0.6583 -0.2377
vn -0.7205 0.6537 -0.2314
vn -0.7509 0.5356 -0.3864
vn -0.6261 0.3065 -0.7169
vn -0.7078 0.6270 -0.3253
vn -0.7423 0.6368 -0.2085
vn 0.0504 -0.7215 -0.6906
vn 0.0990 -0.7517 -0.6520
vn 0.0950 -0.7431 -0.6624
vn 0.0965 -0.7261 -0.6808
vn -0.0673 -0.6801 -0.7300
vn -0.0006 -0.6223 -0.7828
vn -0.1335 -0.5543 -0.8215
vn -0.1929 -0.3740 -0.9071
vn -0.0942 -0.3646 -0.9264
vn -0.1116 -0.1194 -0.9866
vn -0.5471 0.1901 -0.8152
vn -0.2110 -0.0167 -0.9773
vn -0.2837 -0.1786 -0.9421
vn -0.3006 0.0792 -0.9505
vn -0.3176 0.1712 -0.9326
vn -0.5106 0.3989 -0.7617
vn -0.2332 0.3127 -0.9208
vn -0.4928 0.5380 -0.6839
vn -0.6625 0.6940 -0.2819
vn -0.6445 0.7359 -0.2074
vn -0.0518 0.4474 -0.8928
vn -0.3327 0.7297 -0.5974
vn 0.0317 0.4673 -0.8835
vn -0.3215 0.7698 -0.5514
vn -0.5947 0.8031 -0.0363
vn -0.5727 0.8095 -0.1290
vn -0.0454 0.0056 -0.9990
vn -0.6002 0.3380 -0.7249
vn -0.4515 0.6266 -0.6353
vn 0.0001 0.2917 -0.9565
vn -0.7414 0.6707 -0.0218
vn -0.8860 0.4613 -0.0461
vn -0.6906 0.6782 0.2514
vn -0.6345 0.7511 0.1825
vn -0.6590 0.7348 0.1606
vn -0.7942 0.5874 0.1556
vn -0.6491 0.7463 0.1472
vn -0.8649 0.5016 -0.0175
vn -0.8262 0.5598 -0.0625
vn -0.9068 0.4216 0.0073
vn -0.6977 0.7137 -0.0610
vn -0.6877 0.7214 0.0819
vn -0.8447 0.5010 -0.1882
vn -0.8001 0.4635 -0.3808
vn -0.6886 0.6849 -0.2382
vn -0.7087 0.4865 -0.5109
vn -0.6537 0.6520 -0.3842
vn -0.6222 0.5192 -0.5860
vn -0.6737 0.5870 -0.4490
vn -0.7056 0.5501 -0.4467
vn -0.6273 0.4401 -0.6425
vn -0.5998 0.5093 -0.6171
vn -0.7462 0.5415 -0.3872
vn -0.7152 0.6180 -0.3266
vn -0.6926 0.3733 -0.6173
vn -0.6657 0.3567 -0.6554
vn -0.7045 0.6761 -0.2157
vn -0.7223 0.6371 -0.2690
vn -0.7334 0.3955 -0.5529
vn -0.7323 0.4763 -0.4867
vn -0.6889 0.7227 -0.0562
vn -0.6666 0.7323 -0.1390
vn -0.7115 0.5893 -0.3827
vn -0.7147 0.6324 -0.2989
vn -0.8028 0.5962 0.0054
vn -0.8950 0.4461 -0.0012
vn -0.7591 0.5793 -0.2969
vn -0.7904 0.4833 -0.3764
vn -0.9450 -0.0079 -0.3269
vn -0.9692 0.0419 -0.2427
vn -0.9209 -0.0591 -0.3854
vn -0.5692 -0.6820 -0.4593
vn -0.6152 -0.6343 -0.4683
vn -0.6641 -0.5993 -0.4470
vn -0.8801 -0.1571 -0.4481
vn -0.8027 -0.1466 -0.5781
vn -0.5569 -0.6903 -0.4619
vn -0.5532 -0.7244 -0.4113
vn -0.0633 -0.4982 -0.8648
vn -0.4832 -0.4502 -0.7509
vn -0.6562 -0.0227 -0.7542
vn -0.4687 0.0284 -0.8829
vn -0.0826 -0.6209 -0.7795
vn -0.4786 -0.5790 -0.6601
vn -0.2849 -0.7693 -0.5719
vn -0.4910 -0.7540 -0.4363
vn 0.0485 -0.3537 -0.9341
vn 0.0843 -0.4730 -0.8770
vn -0.3700 0.1028 -0.9233
vn -0.3646 0.1237 -0.9229
vn -0.4632 -0.0123 -0.8862
vn -0.3954 0.0445 -0.9174
vn -0.0807 -0.3710 -0.9251
vn -0.0205 -0.3099 -0.9505
vn -0.5424 0.0742 -0.8369
vn -0.5279 -0.0180 -0.8491
vn -0.0236 -0.4046 -0.9142
vn -0.0897 -0.4244 -0.9010
vn 0.1698 -0.2027 -0.9644
vn 0.0840 -0.3246 -0.9421
vn -0.5104 0.2229 -0.8306
vn -0.4499 0.3512 -0.8211
vn -0.0644 -0.1875 -0.9801
vn 0.0327 -0.1884 -0.9815
vn -0.1692 0.1231 -0.9779
vn -0.1958 -0.0776 -0.9776
vn -0.1366 0.2369 -0.9619
vn 0.1620 -0.1861 -0.9691
vn 0.1710 -0.6891 -0.7042
vn 0.2022 -0.6606 -0.7230
vn 0.2552 -0.6344 -0.7296
vn 0.1601 -0.6017 -0.7825
vn 0.3567 -0.6469 -0.6740
vn 0.2378 -0.6597 -0.7129
vn 0.1499 -0.2196 -0.9640
vn -0.2056 0.2813 -0.9373
vn -0.3212 0.2593 -0.9108
vn -0.0129 -0.3311 -0.9435
vn 0.2346 -0.6994 -0.6752
vn 0.3931 -0.6805 -0.6184
vn 0.3577 -0.7169 -0.5984
vn 0.2539 -0.6946 -0.6731
vn 0.0759 -0.5684 -0.8192
vn 0.0872 -0.5712 -0.8162
vn 0.0534 -0.5871 -0.8078
vn 0.0781 -0.5725 -0.8162
vn 0.0559 -0.5615 -0.8256
vn 0.0982 -0.5085 -0.8554
vn -0.1101 -0.3812 -0.9179
vn -0.3510 0.2084 -0.9129
vn -0.2019 0.2187 -0.9547
vn 0.0252 -0.3439 -0.9387
vn 0.2701 -0.6486 -0.7116
vn 0.2692 -0.6732 -0.6887
vn 0.0419 -0.5520 -0.8328
vn 0.0444 -0.5406 -0.8401
vn 0.0252 -0.5063 -0.8620
vn 0.0058 -0.4998 -0.8661
vn 0.3065 -0.7195 -0.6232
vn 0.3065 -0.7109 -0.6330
vn 0.2835 -0.2874 -0.9149
vn 0.0397 0.2608 -0.9646
vn 0.4606 -0.3325 -0.8230
vn 0.2019 0.1979 -0.9592
vn 0.2766 -0.0314 -0.9605
vn 0.3040 -0.2330 -0.9237
vn 0.5628 -0.4183 -0.7130
vn 0.6395 -0.4093 -0.6508
vn 0.3171 -0.5993 -0.7350
vn 0.4192 -0.6526 -0.6312
vn 0.5300 -0.5898 -0.6093
vn 0.3358 -0.5996 -0.7264
vn 0.0089 -0.4799 -0.8773
vn 0.0648 -0.5208 -0.8512
vn 0.0508 -0.5190 -0.8533
vn -0.0378 -0.4989 -0.8658
vn 0.3596 -0.5950 -0.7188
vn 0.6030 -0.5480 -0.5797
vn 0.6876 -0.4810 -0.5439
vn 0.4387 -0.5463 -0.7135
vn -0.0313 -0.5128 -0.8579
vn 0.0544 -0.5172 -0.8541
vn 0.1075 -0.5064 -0.8556
vn 0.0324 -0.4888 -0.8718
vn 0.4856 -0.5609 -0.6705
vn 0.7179 -0.4923 -0.4922
vn 0.6584 -0.6191 -0.4280
vn 0.4578 -0.6573 -0.5986
vn 0.5235 -0.6299 -0.5737
vn 0.6361 -0.4519 -0.6254
vn 0.0064 -0.4863 -0.8738
vn 0.1225 -0.5299 -0.8392
vn 0.0810 -0.5884 -0.8045
vn -0.0795 -0.5165 -0.8526
vn -0.0578 -0.4847 -0.8728
vn 0.0929 -0.5851 -0.8056
vn 0.1271 -0.5182 -0.8458
vn -0.0080 -0.4549 -0.8905
vn 0.4447 -0.6484 -0.6179
vn 0.4285 -0.7033 -0.5672
vn 0.4636 -0.5663 -0.6815
vn 0.4621 -0.6034 -0.6498
vn 0.1400 -0.4988 -0.8554
vn 0.1680 -0.4699 -0.8666
vn 0.0297 -0.4576 -0.8887
vn 0.0498 -0.4225 -0.9050
vn 0.0413 -0.3862 -0.9215
vn 0.2105 -0.4567 -0.8643
vn 0.3030 -0.3771 -0.8752
vn 0.1445 -0.3021 -0.9423
vn 0.4655 -0.4592 -0.7566
vn 0.4489 -0.5304 -0.7192
vn 0.2226 -0.6782 -0.7003
vn -0.1271 -0.8668 -0.4823
vn 0.3375 -0.6395 -0.6908
vn 0.5244 -0.6272 -0.5759
vn 0.4769 -0.6976 -0.5347
vn 0.2109 -0.9145 -0.3452
vn 0.3784 -0.7062 -0.5984
vn 0.3171 -0.6470 -0.6934
vn 0.4219 -0.7491 -0.5108
vn 0.4754 -0.7341 -0.4849
vn 0.2503 -0.5444 -0.8006
vn 0.2014 -0.5422 -0.8158
vn 0.4147 -0.6477 -0.6391
vn 0.4239 -0.6849 -0.5926
vn 0.2344 -0.5876 -0.7745
vn 0.3330 -0.5908 -0.7349
vn 0.4797 -0.6444 -0.5955
vn 0.4350 -0.6565 -0.6163
vn 0.3223 -0.6196 -0.7157
vn 0.3684 -0.6619 -0.6528
vn 0.2585 -0.5487 -0.7950
vn -0.1806 -0.2921 -0.9392
vn -0.1024 -0.4086 -0.9070
vn -0.0405 -0.4556 -0.8893
vn -0.3371 -0.3806 -0.8611
vn -0.2885 -0.3486 -0.8918
vn 0.0249 -0.5142 -0.8573
vn -0.0220 -0.5436 -0.8391
vn 0.1036 -0.4209 -0.9012
vn -0.1779 -0.2971 -0.9381
vn -0.3127 -0.4003 -0.8614
vn -0.0103 -0.4824 -0.8759
vn 0.0125 -0.4849 -0.8745
vn -0.2073 -0.3627 -0.9086
vn -0.1217 -0.3061 -0.9442
vn 0.0412 -0.4496 -0.8923
vn -0.0871 -0.5004 -0.8614
vn -0.3595 -0.3914 -0.8471
vn -0.4089 -0.3990 -0.8207
vn -0.1030 -0.5160 -0.8504
vn 0.0141 -0.4575 -0.8891
vn -0.2334 -0.3073 -0.9225
vn -0.2121 -0.2701 -0.9392
vn -0.0124 -0.4313 -0.9021
vn -0.1549 -0.4559 -0.8764
vn -0.3673 -0.2890 -0.8841
vn -0.3642 -0.2441 -0.8987
vn -0.1445 -0.4065 -0.9021
vn -0.1327 -0.4194 -0.8980
vn -0.4031 -0.2391 -0.8834
vn -0.3451 -0.1404 -0.9280
vn -0.0896 -0.3626 -0.9276
vn -0.1508 -0.2981 -0.9425
vn -0.4010 -0.1219 -0.9079
vn -0.4386 -0.0771 -0.8954
vn -0.2280 -0.2304 -0.9460
vn -0.1513 -0.1580 -0.9758
vn -0.4030 -0.0479 -0.9139
vn -0.7674 0.2996 -0.5669
vn -0.7783 0.2954 -0.5541
vn -0.4932 -0.0590 -0.8679
vn -0.4535 -0.0597 -0.8893
vn -0.6581 -0.1143 -0.7442
vn -0.8814 0.2486 -0.4016
vn -0.1921 -0.3433 -0.9194
vn -0.1086 -0.3255 -0.9393
vn -0.9044 0.2380 -0.3542
vn -0.6581 -0.1019 -0.7460
vn -0.5932 -0.0704 -0.8019
vn -0.8874 0.2352 -0.3965
vn -0.9306 0.1540 -0.3320
vn -0.6895 -0.1581 -0.7068
vn -0.5202 -0.1161 -0.8461
vn -0.8073 0.2079 -0.5523
vn -0.6664 0.2505 -0.7023
vn -0.3676 -0.0718 -0.9272
vn -0.6206 -0.1459 -0.7704
vn -0.8043 0.2040 -0.5581
vn -0.9064 0.1696 -0.3869
vn -0.7211 -0.1548 -0.6753
vn -0.5534 -0.0638 -0.8305
vn -0.8039 0.2642 -0.5328
vn -0.7720 0.3118 -0.5539
vn -0.5015 -0.0294 -0.8647
vn -0.6237 -0.0238 -0.7813
vn -0.8391 0.3008 -0.4533
vn -0.8739 0.2836 -0.3948
vn -0.6559 0.0056 -0.7548
vn -0.6682 0.0436 -0.7427
vn -0.8568 0.3024 -0.4176
vn -0.8795 0.2567 -0.4007
vn -0.6440 0.0815 -0.7606
vn -0.6516 0.0560 -0.7565
vn -0.8646 0.2347 -0.4444
vn -0.7207 0.5913 0.3619
vn -0.6349 0.7028 0.3209
vn -0.8461 0.5320 -0.0332
vn -0.9251 0.3681 0.0932
vn -0.8111 0.5815 -0.0632
vn -0.6044 0.7178 0.3457
vn -0.8401 0.2308 -0.4909
vn -0.9573 0.0668 -0.2813
vn -0.5894 0.7025 0.3989
vn -0.8084 0.5878 -0.0313
vn -0.8401 0.5338 0.0964
vn -0.6151 0.6352 0.4670
vn -0.6317 0.6015 0.4890
vn -0.8544 0.4987 0.1462
vn -0.8606 0.4990 0.1018
vn -0.6460 0.6064 0.4637
vn -0.6431 0.6124 0.4598
vn -0.8817 0.4564 0.1193
vn -0.8574 0.5146 -0.0084
vn -0.6163 0.6690 0.4155
vn -0.6091 0.6995 0.3737
vn -0.7992 0.5847 -0.1391
vn -0.8161 0.5725 -0.0792
vn -0.6348 0.6612 0.3999
vn -0.6417 0.6370 0.4271
vn -0.8563 0.5146 0.0442
vn -0.8202 0.5711 -0.0350
vn -0.6302 0.6660 0.3992
vn -0.6694 0.5912 0.4499
vn -0.8304 0.5570 -0.0125
vn -0.8697 0.4895 0.0637
vn -0.6859 0.5186 0.5104
vn -0.6716 0.4864 0.5589
vn -0.8894 0.4481 0.0901
vn -0.8922 0.4463 0.0689
vn -0.6660 0.4615 0.5861
vn -0.7022 0.4074 0.5839
vn -0.9244 0.3751 0.0691
vn -0.9357 0.3521 0.0215
vn -0.7677 0.3480 0.5381
vn -0.6168 0.4273 -0.6610
vn -0.7388 0.6716 -0.0552
vn -0.7624 0.6449 0.0534
vn -0.7156 0.4329 -0.5482
vn -0.7657 0.6213 -0.1662
vn -0.5159 0.2862 -0.8074
vn -0.9965 0.0791 -0.0270
vn -0.9663 -0.2264 -0.1222
vn -0.9128 0.3678 -0.1777
vn -0.8148 -0.0266 -0.5791
vn -0.6628 -0.6899 -0.2910
vn -0.3929 -0.6197 -0.6794
vn 0.0510 -0.7984 -0.6000
vn -0.1478 -0.8659 -0.4778
vn 0.2120 -0.5308 -0.8205
vn 0.2518 -0.6698 -0.6986
vn -0.1815 -0.2654 -0.9469
vn 0.1879 -0.4412 -0.8775
vn 0.2694 -0.5457 -0.7935
vn 0.2660 -0.6198 -0.7383
vn -0.6856 0.3321 -0.6479
vn -0.7647 0.5971 -0.2423
vn -0.4459 0.0015 -0.8951
vn -0.0610 -0.1583 -0.9855
vn -0.7143 0.6839 0.1485
vn -0.7642 0.5941 0.2511
vn -0.8293 0.5268 0.1862
vn -0.8256 0.5631 0.0364
vn -0.8397 0.4572 0.2930
vn -0.8081 0.4917 0.3245
vn -0.9555 0.2941 -0.0244
vn -0.9318 0.3513 -0.0914
vn -0.9013 0.4018 -0.1620
vn -0.8303 0.4291 0.3557
vn -0.8432 0.4227 0.3320
vn -0.8583 0.3590 0.3667
vn -0.8553 0.3366 0.3939
vn -0.9807 0.1916 0.0391
vn -0.9675 0.2527 0.0062
vn -0.9966 0.0042 0.0821
vn -0.9927 0.0933 0.0765
vn -0.8804 0.2422 0.4078
vn -0.9042 0.1315 0.4063
vn -0.8649 0.2094 0.4561
vn -0.8570 0.1236 0.5002
vn -0.8817 0.1882 0.4327
vn -0.9372 0.1703 0.3044
vn -0.9462 0.2765 0.1681
vn -0.9068 0.2827 0.3128
vn -0.9821 0.1852 -0.0341
vn -0.9985 0.0460 0.0292
vn -0.8315 0.3993 0.3862
vn -0.7143 0.2048 0.6692
vn -0.8066 0.0466 0.5893
vn -0.8919 0.2538 0.3742
vn -0.4573 -0.3039 0.8358
vn -0.3600 -0.1499 0.9208
vn -0.6614 -0.3538 0.6613
vn -0.9047 0.1061 0.4125
vn -0.9350 -0.3273 0.1367
vn -0.9861 0.1628 -0.0323
vn -0.9622 0.1933 0.1917
vn -0.8548 -0.2880 0.4317
vn -0.8432 0.5252 0.1150
vn -0.8933 0.3760 -0.2461
vn -0.8243 0.5650 -0.0354
vn -0.7813 0.5891 0.2062
vn -0.7545 0.3314 -0.5665
vn -0.8274 0.1495 -0.5414
vn -0.8974 0.4376 0.0569
vn -0.8513 0.5007 0.1566
vn -0.8329 0.5321 0.1519
vn -0.9089 0.4161 0.0258
vn -0.2432 -0.8703 -0.4283
vn -0.2752 -0.8663 -0.4170
vn -0.2660 -0.8853 -0.3815
vn -0.3098 -0.8564 -0.4130
vn -0.2391 -0.8854 -0.3986
vn -0.2145 -0.9114 -0.3513
vn -0.3503 -0.8848 -0.3073
vn -0.4352 -0.8652 -0.2489
vn -0.3780 -0.8385 -0.3925
vn -0.2804 -0.9102 -0.3047
vn -0.1371 -0.9695 -0.2030
vn -0.4224 -0.8680 -0.2611
vn -0.5904 -0.6808 -0.4335
vn -0.9713 -0.0183 -0.2373
vn -0.3965 -0.7762 -0.4902
vn -0.9610 -0.1518 -0.2311
vn -0.9328 0.0909 -0.3488
vn -0.9746 0.1259 -0.1852
vn -0.7803 -0.2371 -0.5788
vn -0.8710 0.0224 -0.4908
vn -0.8471 -0.0552 -0.5285
vn -0.8407 -0.0270 -0.5408
vn -0.6683 -0.5564 -0.4938
vn -0.9888 0.0100 -0.1488
vn -0.1772 -0.8898 -0.4206
vn -0.3174 -0.8815 -0.3496
vn -0.6959 0.1211 -0.7078
vn -0.7528 0.0502 -0.6564
vn -0.5046 -0.6670 -0.5481
vn -0.5519 -0.5749 -0.6041
vn -0.4587 -0.7189 -0.5223
vn -0.7923 0.0181 -0.6098
vn -0.7683 0.0046 -0.6401
vn -0.3544 -0.7219 -0.5943
vn -0.3363 -0.6879 -0.6432
vn -0.7466 0.0683 -0.6618
vn -0.5419 -0.5050 -0.6718
vn -0.7864 0.2663 -0.5573
vn -0.7697 0.5334 -0.3508
vn -0.7356 -0.1314 -0.6646
vn -0.7760 0.2001 -0.5982
vn -0.7833 0.2458 -0.5710
vn -0.6793 0.6832 -0.2681
vn -0.7735 0.5947 -0.2192
vn -0.7750 0.2056 -0.5976
vn -0.8184 0.4851 -0.3082
vn -0.8381 0.3444 -0.4231
vn -0.7892 0.0691 -0.6103
vn -0.7917 0.4249 -0.4389
vn -0.8845 0.2702 -0.3803
vn -0.7266 0.6624 -0.1822
vn -0.6422 0.7474 -0.1700
vn -0.9350 0.0343 -0.3529
vn -0.8815 0.3916 -0.2640
vn -0.6519 0.5091 -0.5620
vn -0.7045 0.4960 -0.5076
vn -0.6319 0.7349 -0.2464
vn -0.6463 0.6857 -0.3348
vn -0.6959 0.4406 -0.5671
vn -0.6517 0.4836 -0.5843
vn -0.6821 0.6209 -0.3862
vn -0.6807 0.5797 -0.4478
vn -0.6896 0.4673 -0.5533
vn -0.6171 0.5672 -0.5454
vn -0.5589 0.5924 -0.5803
vn -0.6386 0.5318 -0.5563
vn -0.9036 0.2454 -0.3512
vn -0.9033 0.1727 -0.3928
vn -0.8698 0.1102 -0.4810
vn -0.8673 0.2574 -0.4261
vn -0.8914 0.0862 -0.4450
vn -0.9149 0.1493 -0.3750
vn -0.9246 0.2503 -0.2872
vn -0.8952 0.3317 -0.2976
vn -0.9470 0.1645 -0.2759
vn -0.9269 0.1392 -0.3484
vn -0.8983 0.2124 -0.3846
vn -0.8780 0.2179 -0.4261
vn -0.8382 0.0235 -0.5448
vn -0.8553 0.0773 -0.5123
vn -0.8895 0.1347 -0.4367
vn -0.8947 0.1504 -0.4205
vn -0.8869 0.0837 -0.4544
vn -0.8597 0.0356 -0.5096
vn -0.8639 0.1197 -0.4892
vn -0.8215 0.0255 -0.5697
vn -0.8925 0.0826 -0.4434
vn -0.8907 0.0575 -0.4509
vn -0.9237 0.0921 -0.3720
vn -0.8720 0.0036 -0.4895
vn -0.8332 0.0610 -0.5496
vn -0.9245 -0.0349 -0.3796
vn -0.9326 0.0595 -0.3559
vn -0.9596 0.0960 -0.2646
vn -0.9693 0.0279 -0.2444
vn -0.9226 0.0688 -0.3795
vn -0.8859 0.0190 -0.4634
vn -0.9139 -0.0159 -0.4057
vn -0.9193 0.0014 -0.3936
vn -0.8763 -0.0692 -0.4768
vn -0.8841 0.0106 -0.4672
vn -0.6412 0.0558 -0.7654
vn -0.6858 -0.1073 -0.7198
vn -0.3844 -0.1942 -0.9025
vn -0.3856 0.0222 -0.9224
vn -0.9749 -0.0597 -0.2145
vn -0.9729 -0.1392 -0.1847
vn -0.8969 -0.2271 -0.3795
vn -0.9148 -0.1362 -0.3802
vn -0.8543 -0.1013 -0.5098
vn -0.9107 -0.0895 -0.4032
vn -0.8433 -0.1605 -0.5129
vn -0.7039 -0.1794 -0.6873
vn -0.7954 -0.2634 -0.5459
vn -0.8600 -0.1693 -0.4814
vn -0.9710 0.0264 -0.2376
vn -0.9712 -0.1179 -0.2071
vn -0.8551 -0.2413 -0.4588
vn -0.8260 -0.1485 -0.5438
vn -0.1625 -0.0315 -0.9862
vn -0.1485 -0.2516 -0.9564
vn -0.0446 -0.1783 -0.9830
vn -0.0125 -0.1005 -0.9949
vn -0.5562 -0.2021 -0.8061
vn -0.7429 -0.1836 -0.6437
vn -0.6329 -0.0878 -0.7692
vn -0.4807 -0.0599 -0.8748
vn -0.5840 -0.2278 -0.7791
vn -0.6890 -0.2947 -0.6622
vn -0.9230 -0.2724 -0.2719
vn -0.9617 0.1058 -0.2530
vn -0.7492 -0.0341 -0.6614
vn -0.6460 -0.2280 -0.7285
vn 0.0944 -0.2861 -0.9535
vn -0.1010 -0.1524 -0.9831
vn -0.2154 -0.2869 -0.9334
vn 0.1077 -0.4893 -0.8655
vn -0.2208 -0.3085 -0.9252
vn -0.3929 -0.1073 -0.9133
vn -0.4550 0.0274 -0.8901
vn -0.3666 -0.2247 -0.9028
vn -0.5190 -0.1548 -0.8406
vn -0.4840 0.0596 -0.8730
vn -0.1204 -0.3474 -0.9300
vn -0.5293 -0.1022 -0.8423
vn -0.7201 -0.2354 -0.6527
vn -0.3006 -0.4309 -0.8509
vn -0.1530 -0.3202 -0.9349
vn -0.0734 -0.5599 -0.8253
vn 0.1620 -0.5253 -0.8353
vn -0.0520 -0.2840 -0.9574
vn 0.1298 -0.4860 -0.8643
vn 0.1827 -0.5057 -0.8431
vn 0.2098 -0.5901 -0.7796
vn 0.3344 -0.5809 -0.7421
vn 0.0841 -0.5275 -0.8454
vn 0.3219 -0.5649 -0.7598
vn 0.1446 -0.6371 -0.7571
vn 0.0815 -0.5819 -0.8091
vn 0.1091 -0.5573 -0.8231
vn 0.1649 -0.5717 -0.8037
vn 0.2680 -0.5862 -0.7645
vn 0.3917 -0.5850 -0.7102
vn 0.4270 -0.5898 -0.6854
vn 0.0526 -0.5116 -0.8576
vn -0.4216 -0.5552 -0.7169
vn -0.1004 -0.7217 -0.6849
vn 0.2938 -0.1272 -0.9474
vn -0.3277 0.1596 -0.9312
vn 0.4561 0.3231 -0.8292
vn -0.1957 0.6034 -0.7730
vn 0.4371 0.0485 -0.8981
vn -0.1992 0.4452 -0.8730
vn 0.3834 -0.5563 -0.7373
vn -0.2034 -0.1602 -0.9659
vn 0.0909 -0.8113 -0.5775
vn -0.6800 -0.2401 -0.6928
vn -0.6712 -0.2011 -0.7135
vn -0.0607 -0.7308 -0.6799
vn -0.1633 -0.6743 -0.7201
vn -0.6476 -0.1072 -0.7544
vn -0.2224 -0.6469 -0.7294
vn -0.6155 -0.0409 -0.7871
vn -0.6171 -0.0302 -0.7863
vn -0.2565 -0.6401 -0.7242
vn -0.2931 -0.6330 -0.7166
vn -0.6598 -0.0432 -0.7502
vn -0.7365 -0.0749 -0.6723
vn -0.3609 -0.6283 -0.6892
vn -0.4537 -0.6393 -0.6209
vn -0.8203 -0.1498 -0.5520
vn -0.8387 -0.3193 -0.4412
vn -0.3778 -0.7752 -0.5062
vn 0.1243 -0.8786 -0.4611
vn 0.0464 -0.8580 -0.5116
vn 0.1547 -0.8663 -0.4749
vn 0.2782 -0.8435 -0.4595
vn 0.3297 -0.8942 -0.3028
vn 0.3165 -0.8678 -0.3830
vn 0.1831 -0.8858 -0.4264
vn 0.1791 -0.9043 -0.3874
vn 0.4982 -0.8210 -0.2789
vn 0.3829 -0.8823 -0.2736
vn 0.2170 -0.8993 -0.3796
vn 0.2822 -0.8802 -0.3816
vn 0.5056 -0.7652 -0.3985
vn 0.3909 -0.8307 -0.3964
vn 0.6098 -0.7453 -0.2695
vn 0.6612 -0.7016 -0.2655
vn 0.7533 -0.1374 -0.6432
vn 0.7172 -0.5225 -0.4611
vn 0.6963 -0.6437 -0.3175
vn 0.6569 -0.5704 -0.4931
vn 0.4632 -0.4267 -0.7768
vn 0.6595 -0.0203 -0.7515
vn 0.6434 -0.5988 -0.4769
vn 0.6850 -0.4933 -0.5361
vn 0.2542 -0.7931 -0.5534
vn 0.1981 -0.9367 -0.2886
vn 0.6301 -0.7163 -0.2998
vn 0.6331 -0.6522 -0.4168
vn 0.3212 -0.9345 -0.1537
vn 0.5621 -0.8050 -0.1895
vn 0.6620 -0.7350 -0.1471
vn 0.6411 -0.7517 -0.1548
vn 0.6795 -0.6729 -0.2924
vn 0.6459 -0.6500 -0.4003
vn 0.5954 -0.7490 -0.2908
vn 0.6636 -0.7176 -0.2114
vn 0.4680 -0.7662 -0.4403
vn 0.3257 -0.7570 -0.5664
vn -0.1089 -0.8211 -0.5603
vn 0.3343 -0.8757 -0.3483
vn -0.0748 -0.5037 -0.8606
vn 0.3531 -0.6846 -0.6377
vn -0.9716 0.0088 -0.2366
vn -0.8061 -0.2341 -0.5435
vn -0.5922 -0.0004 -0.8058
vn -0.7617 -0.0689 -0.6442
vn -0.6982 -0.2699 -0.6631
vn -0.8060 -0.0444 -0.5903
vn -0.9638 -0.0823 -0.2536
vn -0.3332 -0.3748 -0.8652
vn -0.6660 -0.5861 -0.4615
vn -0.2037 -0.3254 -0.9234
vn -0.0130 -0.3810 -0.9245
vn -0.2518 -0.3273 -0.9108
vn -0.2355 -0.3497 -0.9068
vn -0.2847 -0.2628 -0.9219
vn -0.1858 -0.4490 -0.8740
vn -0.0476 -0.5339 -0.8442
vn -0.2643 -0.1157 -0.9575
vn -0.3230 -0.1598 -0.9328
vn -0.3581 0.0059 -0.9337
vn -0.3414 0.1290 -0.9310
vn -0.3934 -0.1063 -0.9132
vn -0.2801 -0.2714 -0.9208
vn -0.4017 0.3162 -0.8595
vn -0.3184 0.3905 -0.8638
vn -0.2399 0.4228 -0.8739
vn -0.3066 0.5387 -0.7847
vn -0.4908 0.2246 -0.8418
vn -0.3263 0.6426 -0.6932
vn 0.5609 -0.5219 -0.6426
vn 0.5216 -0.5919 -0.6145
vn 0.4396 -0.5510 -0.7093
vn 0.5086 -0.4872 -0.7099
vn 0.1815 -0.3913 -0.9022
vn 0.1451 -0.1877 -0.9714
vn 0.6205 -0.4661 -0.6306
vn 0.2207 -0.0602 -0.9735
vn 0.3070 -0.0488 -0.9505
vn 0.6838 -0.4400 -0.5821
vn -0.4124 0.3661 -0.8342
vn -0.4186 0.2732 -0.8661
vn 0.2963 -0.2430 -0.9237
vn 0.2197 -0.1393 -0.9656
vn 0.5599 -0.4244 -0.7116
vn 0.6220 -0.4367 -0.6499
vn 0.7055 -0.4585 -0.5403
vn 0.6968 -0.4166 -0.5838
vn 0.6551 -0.4998 -0.5666
vn 0.6536 -0.4733 -0.5906
vn 0.2845 -0.0482 -0.9575
vn -0.1547 0.3394 -0.9278
vn 0.1848 -0.1543 -0.9706
vn -0.2176 0.1385 -0.9662
vn -0.2325 -0.1403 -0.9624
vn -0.0386 -0.2340 -0.9715
vn -0.5106 0.2646 -0.8181
vn -0.5954 0.2909 -0.7489
vn -0.7850 -0.2401 -0.5711
vn -0.8803 -0.1632 -0.4454
vn -0.8619 0.3543 -0.3628
vn -0.7581 0.0604 -0.6493
vn -0.8356 0.4603 -0.2999
vn -0.8013 0.5604 -0.2094
vn -0.8394 0.4466 -0.3096
vn -0.7356 0.1204 -0.6666
vn -0.7672 0.5766 -0.2809
vn -0.7333 0.5977 -0.3242
vn -0.1356 -0.4597 -0.8777
vn -0.2983 -0.4715 -0.8299
vn -0.8424 0.0429 -0.5371
vn -0.7176 0.1166 -0.6866
vn -0.8883 0.4572 -0.0430
vn -0.8588 0.5038 -0.0927
vn -0.8871 0.4492 -0.1064
vn -0.9004 0.4312 -0.0582
vn -0.9205 0.2763 -0.2764
vn -0.9077 0.3171 -0.2747
vn -0.7508 0.0109 -0.6604
vn -0.7542 -0.0250 -0.6561
vn -0.3842 -0.2831 -0.8788
vn -0.4480 -0.1693 -0.8779
vn -0.8009 0.1553 -0.5784
vn -0.7561 0.1677 -0.6326
vn -0.8197 0.5685 -0.0697
vn -0.8360 0.5480 -0.0277
vn -0.8367 0.5476 0.0122
vn -0.7759 0.6308 0.0074
vn -0.7853 0.4957 -0.3709
vn -0.8764 0.3827 -0.2923
vn -0.6947 0.0825 -0.7146
vn -0.5947 0.2083 -0.7765
vn -0.5381 -0.2564 -0.8029
vn -0.6553 -0.4960 -0.5697
vn -0.4245 -0.1743 -0.8885
vn -0.1984 -0.3065 -0.9310
vn -0.3719 -0.4904 -0.7882
vn -0.5503 -0.6357 -0.5413
vn -0.4095 -0.2790 -0.8686
vn -0.4371 -0.3096 -0.8445
vn -0.1504 -0.4838 -0.8622
vn -0.1567 -0.3714 -0.9152
vn -0.4079 -0.1967 -0.8916
vn -0.3853 -0.0292 -0.9223
vn -0.1236 -0.2683 -0.9554
vn -0.1233 -0.4342 -0.8923
vn -0.6007 0.2591 -0.7563
vn -0.4225 0.0446 -0.9053
vn -0.4738 0.0724 -0.8776
vn -0.6359 0.2673 -0.7240
vn -0.2116 -0.1417 -0.9670
vn -0.1680 -0.1722 -0.9706
vn 0.1987 -0.4003 -0.8946
vn 0.2169 -0.4793 -0.8504
vn 0.1498 -0.3590 -0.9212
vn 0.5328 -0.4736 -0.7013
vn 0.4968 -0.4857 -0.7192
vn 0.4617 -0.5018 -0.7314
vn -0.9821 0.1637 0.0929
vn -0.7061 -0.2533 -0.6612
vn -0.7453 0.0285 -0.6662
vn -0.8881 0.1826 -0.4219
vn -0.9066 -0.0185 -0.4217
vn -0.8684 0.4796 0.1257
vn -0.5781 -0.3416 -0.7410
vn -0.6373 -0.4330 -0.6374
vn -0.7015 -0.1923 -0.6862
vn -0.6522 -0.0338 -0.7573
vn -0.6250 -0.5930 -0.5077
vn -0.7083 -0.5375 -0.4576
vn -0.4784 -0.6805 -0.5551
vn -0.5966 -0.5853 -0.5490
vn -0.8125 -0.1039 -0.5736
vn -0.7874 -0.0694 -0.6125
vn -0.2415 -0.6498 -0.7207
vn -0.0391 -0.4448 -0.8948
vn -0.2901 -0.1164 -0.9499
vn -0.6105 -0.2062 -0.7647
vn 0.0426 -0.4109 -0.9107
vn 0.0761 -0.5177 -0.8522
vn -0.0091 -0.2266 -0.9739
vn -0.1239 -0.1411 -0.9822
vn 0.2889 -0.4851 -0.8254
vn 0.1497 -0.5493 -0.8221
vn -0.8118 0.4702 -0.3463
vn -0.8140 0.5587 -0.1589
vn -0.7673 0.3878 -0.5108
vn -0.7340 0.3393 -0.5883
vn -0.7547 0.4421 -0.4848
vn -0.8186 0.3922 -0.4196
vn -0.6994 0.3602 -0.6173
vn -0.7380 0.3494 -0.5773
vn -0.7440 0.5021 -0.4409
vn -0.7211 0.3424 -0.6023
vn -0.7320 0.1773 -0.6578
vn -0.7391 0.0716 -0.6698
vn -0.6080 0.0145 -0.7938
vn -0.6717 0.1871 -0.7168
vn -0.8186 0.2993 -0.4902
vn -0.8300 0.0947 -0.5497
vn -0.7731 0.4865 -0.4070
vn -0.7609 0.5841 -0.2825
vn -0.7479 0.6221 -0.2317
vn -0.7648 0.5933 -0.2510
vn -0.8283 0.2786 -0.4861
vn -0.8573 0.3312 -0.3941
vn -0.8404 0.0358 -0.5408
vn -0.7648 -0.0277 -0.6436
vn -0.7180 0.5605 -0.4128
vn -0.5316 0.5388 -0.6535
vn -0.5246 0.6545 -0.5445
vn -0.6726 0.6468 -0.3596
vn -0.5439 0.0984 -0.8334
vn -0.6631 -0.0358 -0.7477
vn -0.7202 0.2699 -0.6391
vn -0.5465 0.3524 -0.7597
vn -0.3964 0.4441 -0.8035
vn -0.4102 0.3875 -0.8256
vn -0.5025 0.6090 -0.6137
vn -0.4089 0.6824 -0.6059
vn -0.5205 0.5124 -0.6830
vn -0.4591 0.3619 -0.8113
vn -0.4278 0.5539 -0.7143
vn -0.5048 0.6194 -0.6013
vn -0.9620 -0.2191 0.1629
vn -0.9121 -0.4071 -0.0484
vn -0.9014 -0.4073 -0.1467
vn -0.9871 -0.1598 0.0061
vn -0.8941 -0.4156 -0.1671
vn -0.9071 -0.4102 -0.0949
vn -0.8546 -0.4290 -0.2926
vn -0.9169 -0.3990 -0.0051
vn -0.9441 -0.3204 0.0777
vn -0.9287 -0.3067 -0.2083
vn -0.9520 0.1666 0.2569
vn -0.9652 0.2473 0.0848
vn -0.9151 0.3791 0.1377
vn -0.9105 0.3000 0.2846
vn -0.9884 -0.0212 0.1503
vn -0.9945 -0.0335 -0.0996
vn -0.9456 0.1508 0.2882
vn -0.9461 0.2838 0.1561
vn -0.9509 0.2963 0.0896
vn -0.9352 -0.2139 -0.2821
vn -0.9573 -0.1206 -0.2627
vn -0.9576 0.2733 0.0912
vn -0.9030 -0.2477 -0.3510
vn -0.8468 -0.3904 -0.3612
vn -0.9315 0.3275 0.1583
vn -0.9087 0.3882 0.1534
vn -0.9866 -0.0742 -0.1452
vn -0.9901 -0.0126 -0.1398
vn -0.8744 0.4455 0.1923
vn -0.8826 0.4201 0.2109
vn -0.9887 0.1052 -0.1071
vn -0.9987 0.0171 -0.0487
vn -0.9431 0.3231 0.0785
vn -0.9521 -0.1035 -0.2879
vn -0.9701 0.0251 -0.2414
vn -0.8977 0.4276 0.1062
vn -0.9086 -0.1841 -0.3748
vn -0.8861 -0.2443 -0.3938
vn -0.8653 0.1710 -0.4712
vn -0.8516 0.5237 -0.0242
vn -0.8923 0.4511 0.0157
vn -0.8464 0.0224 -0.5320
vn -0.7609 0.5604 0.3270
vn -0.7565 0.5869 0.2886
vn -0.8326 0.5331 0.1504
vn -0.9605 0.2233 -0.1659
vn -0.9318 0.3571 -0.0649
vn -0.7792 0.5938 0.2007
vn -0.8934 -0.0297 -0.4483
vn -0.9107 -0.0853 -0.4042
vn -0.9765 0.2150 0.0149
vn -0.9245 0.3459 0.1600
vn -0.9896 0.0413 -0.1377
vn -0.9870 0.0006 -0.1607
vn -0.9248 -0.0409 -0.3782
vn -0.9349 -0.0866 -0.3442
vn -0.9205 0.3676 0.1328
vn -0.9719 0.1994 -0.1248
vn -0.8664 -0.0395 -0.4978
vn -0.9627 0.1137 -0.2456
vn -0.8774 -0.0495 -0.4772
vn -0.7157 -0.2187 -0.6633
vn -0.6207 -0.2474 -0.7440
vn -0.7125 -0.1457 -0.6863
vn -0.8754 0.0402 -0.4818
vn -0.8850 0.4638 0.0407
vn -0.7656 0.5786 0.2811
vn -0.8970 -0.3569 -0.2609
vn -0.8598 -0.2646 -0.4368
vn -0.7887 -0.2899 -0.5421
vn -0.8815 -0.3856 -0.2725
vn -0.7298 -0.2346 -0.6422
vn -0.5568 -0.2622 -0.7882
vn -0.2135 -0.3691 -0.9045
vn -0.4197 -0.3074 -0.8540
vn -0.1436 -0.4209 -0.8957
vn -0.1248 -0.2436 -0.9618
vn -0.2848 -0.1911 -0.9393
vn -0.4338 -0.3948 -0.8099
vn -0.2909 -0.0209 -0.9565
vn -0.5130 -0.1526 -0.8447
vn -0.5097 -0.3915 -0.7661
vn -0.4726 -0.3770 -0.7966
vn -0.5683 -0.3323 -0.7527
vn -0.5697 -0.3316 -0.7520
vn -0.4281 -0.3001 -0.8524
vn -0.2938 -0.4074 -0.8647
vn -0.5929 -0.0254 -0.8049
vn -0.7004 0.2062 -0.6833
vn -0.7662 0.0532 -0.6404
vn -0.7221 -0.1551 -0.6742
vn -0.7146 -0.3432 -0.6096
vn -0.6276 -0.3574 -0.6917
vn -0.4365 -0.4148 -0.7984
vn -0.6077 -0.3725 -0.7014
vn -0.6890 -0.3030 -0.6584
vn -0.7221 -0.1811 -0.6677
vn -0.7434 -0.3091 -0.5932
vn -0.6862 -0.3523 -0.6364
vn -0.1049 0.7817 0.6148
vn -0.0459 0.7436 0.6671
vn -0.3370 0.7596 0.5563
vn -0.4030 0.7430 0.5344
vn -0.3114 0.7351 0.6022
vn -0.0383 0.6816 0.7307
vn -0.0788 0.6054 0.7920
vn -0.3328 0.6786 0.6548
vn -0.3761 0.6285 0.6809
vn -0.1027 0.5816 0.8069
vn -0.3719 0.6373 0.6749
vn -0.3817 0.6223 0.6834
vn -0.0964 0.5958 0.7973
vn -0.0905 0.6088 0.7882
vn -0.1025 0.6109 0.7851
vn -0.3543 0.6450 0.6771
vn -0.3360 0.6675 0.6645
vn -0.1112 0.6067 0.7871
vn -0.1152 0.6077 0.7858
vn -0.3408 0.6714 0.6580
vn -0.3518 0.6422 0.6811
vn -0.1156 0.5925 0.7973
vn -0.1022 0.5736 0.8127
vn -0.3458 0.6321 0.6934
vn -0.3536 0.6084 0.7105
vn -0.1117 0.5142 0.8503
vn -0.1178 0.4379 0.8913
vn -0.3822 0.5248 0.7606
vn -0.3588 0.4675 0.8079
vn -0.0896 0.3818 0.9199
vn -0.1168 0.3217 0.9396
vn -0.3131 0.4209 0.8514
vn -0.3105 0.3771 0.8726
vn -0.2395 0.2976 0.9242
vn -0.3036 0.2524 0.9188
vn -0.4038 0.2723 0.8734
vn -0.3489 0.3388 0.8738
vn -0.2829 0.2998 0.9111
vn -0.0611 0.2978 0.9527
vn -0.3437 0.2965 0.8911
vn -0.3026 0.2314 0.9246
vn -0.0606 0.1723 0.9832
vn -0.0282 0.2814 0.9592
vn -0.3368 0.2592 0.9052
vn -0.3262 0.6942 0.6416
vn -0.1127 0.6999 0.7053
vn 0.0036 0.7435 0.6687
vn -0.1613 0.7404 0.6525
vn 0.0378 0.7708 0.6360
vn -0.0922 0.7825 0.6158
vn -0.4680 0.6099 0.6396
vn -0.1813 0.5915 0.7857
vn -0.1700 0.6239 0.7628
vn -0.4342 0.6360 0.6380
vn -0.4748 0.6269 0.6177
vn -0.2143 0.6158 0.7582
vn -0.1900 0.6061 0.7724
vn -0.4729 0.6061 0.6396
vn -0.3994 0.6936 0.5995
vn -0.2338 0.6364 0.7351
vn -0.2380 0.6207 0.7471
vn -0.4505 0.6530 0.6087
vn -0.3281 0.7048 0.6289
vn -0.1844 0.6368 0.7486
vn -0.2071 0.6426 0.7377
vn -0.3532 0.7133 0.6053
vn -0.3934 0.6434 0.6567
vn -0.1896 0.5851 0.7885
vn -0.1696 0.6263 0.7609
vn -0.3412 0.6767 0.6525
vn -0.4523 0.6196 0.6415
vn -0.2075 0.5455 0.8120
vn -0.2419 0.5346 0.8097
vn -0.4611 0.6447 0.6097
vn -0.3685 0.6868 0.6265
vn -0.2162 0.6667 0.7132
vn -0.2908 0.4092 0.8649
vn -0.2896 0.4705 0.8335
vn -0.0606 0.6254 0.7779
vn -0.1932 0.3192 0.9278
vn 0.0267 0.2550 0.9666
vn 0.0891 0.6369 0.7658
vn -0.3680 0.7924 0.4865
vn -0.3951 0.7246 0.5647
vn -0.5523 0.7122 0.4334
vn -0.5061 0.7780 0.3723
vn -0.6064 0.6365 0.4766
vn -0.4649 0.6556 0.5951
vn -0.5337 0.6063 0.5896
vn -0.6752 0.5705 0.4677
vn -0.7171 0.5534 0.4238
vn -0.5809 0.5926 0.5581
vn -0.5848 0.6038 0.5418
vn -0.7094 0.5860 0.3916
vn -0.6882 0.6149 0.3851
vn -0.5626 0.6359 0.5282
vn -0.5248 0.6864 0.5034
vn -0.6642 0.6523 0.3652
vn -0.6028 0.7257 0.3316
vn -0.4741 0.7355 0.4840
vn -0.8327 0.4826 -0.2714
vn -0.7721 0.6017 0.2045
vn -0.7123 0.6892 0.1325
vn -0.7803 0.5628 -0.2728
vn -0.6488 0.7477 0.1413
vn -0.7552 0.6326 -0.1718
vn -0.8554 0.4845 0.1832
vn -0.8310 0.5119 0.2179
vn -0.8855 0.3779 -0.2705
vn -0.8925 0.3561 -0.2767
vn -0.7726 0.6146 0.1595
vn -0.8283 0.5413 0.1448
vn -0.8518 0.4589 -0.2529
vn -0.7880 0.5704 -0.2318
vn -0.7785 0.6015 0.1791
vn -0.8307 0.5440 0.1185
vn -0.7650 0.5648 0.3097
vn -0.8425 0.5385 -0.0165
vn -0.8580 0.5092 0.0677
vn -0.8548 0.5075 -0.1087
vn -0.8064 0.4818 0.3429
vn -0.8722 0.3842 0.3026
vn -0.9349 0.3454 -0.0821
vn -0.8894 0.4568 0.0177
vn -0.9023 0.3474 0.2551
vn -0.9183 0.3896 0.0697
vn -0.9023 0.3482 -0.2544
vn -0.9382 0.3169 -0.1393
vn -0.8315 0.5467 -0.0987
vn -0.7005 0.6848 -0.2008
vn -0.6966 0.5626 -0.4452
vn -0.8055 0.4662 -0.3658
vn -0.5837 0.7807 -0.2232
vn -0.4957 0.8427 -0.2100
vn -0.5866 0.6897 -0.4246
vn -0.6314 0.6248 -0.4593
vn -0.4527 0.8777 -0.1572
vn -0.4766 0.8742 -0.0933
vn -0.5589 0.7632 -0.3242
vn -0.5535 0.7529 -0.3561
vn -0.5177 0.8515 -0.0828
vn -0.5612 0.8212 -0.1032
vn -0.6090 0.7185 -0.3360
vn -0.5806 0.7409 -0.3375
vn -0.6415 0.7146 -0.2791
vn -0.6439 0.7037 -0.3002
vn -0.6034 0.7910 -0.1011
vn -0.5860 0.8041 -0.0998
vn -0.3977 0.8938 -0.2073
vn -0.5087 0.8498 -0.1382
vn -0.4528 0.7962 -0.4014
vn -0.5636 0.7639 -0.3142
vn -0.2977 0.9221 -0.2473
vn -0.2866 0.9306 -0.2278
vn -0.3833 0.7354 -0.5588
vn -0.3831 0.7766 -0.5002
vn -0.8465 0.4702 -0.2499
vn -0.8751 0.4568 -0.1599
vn -0.8695 0.4124 -0.2718
vn -0.8360 0.4276 -0.3440
vn -0.8836 0.2923 -0.3659
vn -0.8365 0.3211 -0.4441
vn -0.8295 0.2317 -0.5081
vn -0.8032 0.2392 -0.5456
vn -0.7890 0.3495 -0.5053
vn -0.7893 0.2528 -0.5595
vn -0.7972 0.2565 -0.5465
vn -0.8760 0.2528 -0.4107
vn -0.8480 0.3009 -0.4364
vn -0.7267 0.3298 -0.6026
vn -0.7431 0.3409 -0.5759
vn -0.7159 0.4109 -0.5644
vn -0.6739 0.4307 -0.6003
vn -0.7730 0.4157 -0.4793
vn -0.6817 0.5210 -0.5137
vn -0.6466 0.5598 -0.5182
vn -0.6355 0.5931 -0.4943
vn -0.6535 0.5363 -0.5342
vn -0.6632 0.5001 -0.5568
vn -0.5864 0.6444 -0.4908
vn -0.6134 0.6305 -0.4756
vn -0.5910 0.5762 -0.5646
vn -0.6295 0.5535 -0.5453
vn -0.5827 0.5688 -0.5805
vn -0.5678 0.5886 -0.5755
vn -0.5869 0.6226 -0.5176
vn -0.6227 0.5848 -0.5199
vn -0.6462 0.4621 -0.6074
vn -0.6192 0.5150 -0.5927
vn -0.6610 0.5604 -0.4990
vn -0.6726 0.5571 -0.4870
vn -0.5289 0.5389 -0.6556
vn -0.6352 0.4523 -0.6261
vn -0.6118 0.6027 -0.5123
vn -0.4667 0.6721 -0.5748
vn -0.7975 0.5916 -0.1181
vn -0.6679 0.7435 0.0317
vn -0.4337 0.7753 0.4591
vn -0.8552 0.4885 -0.1732
vn -0.8214 0.5681 0.0511
vn -0.8533 0.5023 -0.1395
vn -0.8073 0.5185 -0.2817
vn -0.8644 0.4842 -0.1354
vn -0.8534 0.4959 -0.1608
vn -0.7979 0.4429 -0.4088
vn 0.3199 -0.7396 -0.5922
vn 0.1044 -0.8061 -0.5825
vn 0.0691 -0.8475 -0.5262
vn 0.3346 -0.8026 -0.4938
vn 0.1342 -0.7787 -0.6129
vn 0.0881 -0.8053 -0.5863
vn -0.2268 -0.6001 -0.7671
vn 0.0427 -0.8641 -0.5015
vn 0.1822 -0.7234 -0.6660
vn 0.0461 -0.6100 -0.7911
vn 0.4511 -0.6666 -0.5934
vn 0.5469 -0.5993 -0.5846
vn 0.4099 -0.6470 -0.6429
vn 0.1369 -0.7133 -0.6873
vn 0.4859 -0.7593 -0.4328
vn 0.5640 -0.7096 -0.4224
vn 0.4950 -0.6993 -0.5156
vn 0.3961 -0.8376 -0.3761
vn 0.4683 -0.6916 -0.5498
vn 0.5712 -0.6455 -0.5070
vn -0.2959 -0.6237 -0.7235
vn -0.0953 -0.6768 -0.7299
vn 0.1751 -0.9095 -0.3771
vn 0.1060 -0.8979 -0.4272
vn 0.3459 -0.6505 -0.6762
vn 0.4538 -0.5953 -0.6631
vn 0.2363 -0.5941 -0.7689
vn 0.0875 -0.6822 -0.7260
vn 0.0070 -0.8897 -0.4566
vn 0.2373 -0.8636 -0.4449
vn 0.2738 -0.9187 -0.2847
vn 0.1515 -0.9450 -0.2899
vn 0.2189 -0.7585 -0.6139
vn -0.0134 -0.7737 -0.6334
vn -0.0908 -0.5547 -0.8271
vn -0.2481 -0.6535 -0.7151
vn -0.5106 -0.4416 -0.7378
vn -0.5945 -0.5216 -0.6120
vn -0.2905 -0.8892 -0.3535
vn 0.0533 -0.9210 -0.3860
vn -0.0104 -0.7162 -0.6978
vn -0.3884 -0.7508 -0.5343
vn -0.5453 -0.7209 -0.4277
vn -0.2526 -0.8475 -0.4668
vn -0.0891 -0.9396 -0.3306
vn -0.4149 -0.8461 -0.3345
vn -0.3012 -0.7319 -0.6112
vn -0.5967 -0.6028 -0.5297
vn -0.7249 -0.6362 0.2642
vn -0.6392 -0.7621 -0.1032
vn -0.7016 -0.7092 -0.0686
vn -0.8356 -0.4234 0.3501
vn -0.6420 -0.5867 0.4935
vn -0.6004 -0.4871 0.6342
vn -0.8442 -0.3144 -0.4341
vn -0.8300 -0.2657 -0.4904
vn -0.9816 0.0057 -0.1911
vn -0.9945 -0.0632 -0.0834
vn -0.9826 -0.0856 0.1650
vn -0.8767 -0.4367 -0.2015
vn -0.8266 -0.5413 -0.1539
vn -0.9841 -0.1261 0.1248
vn -0.8652 -0.3952 -0.3086
vn -0.9700 -0.1778 0.1658
vn -0.4344 -0.3683 0.8220
vn -0.2739 -0.2396 0.9314
vn -0.5562 0.0062 0.8310
vn -0.7470 -0.1600 0.6453
vn -0.7878 0.3670 0.4947
vn -0.7835 0.5015 0.3668
vn -0.9507 0.2873 0.1168
vn -0.9524 0.1616 0.2586
vn -0.7771 0.3286 0.5368
vn -0.9321 0.1746 0.3174
vn -0.9186 0.1425 0.3685
vn -0.8187 0.2985 0.4905
vn -0.8687 -0.0283 0.4945
vn -0.7590 0.1752 0.6270
vn -0.4810 0.2533 0.8393
vn -0.5784 0.1262 0.8059
vn -0.7855 0.3440 0.5144
vn -0.8006 0.4385 0.4084
vn -0.2516 0.0946 0.9632
vn -0.3019 -0.0922 0.9489
vn -0.2362 0.6993 0.6746
vn -0.1612 0.7714 0.6156
vn -0.4929 0.6832 0.5388
vn -0.5400 0.5653 0.6235
vn -0.2085 -0.1620 0.9645
vn -0.3477 0.0566 0.9359
vn -0.2130 0.5011 0.8388
vn -0.1180 0.6171 0.7780
vn -0.5028 0.6777 0.5366
vn -0.3027 0.5678 0.7655
vn -0.2753 0.3833 0.8816
vn -0.7721 0.6297 0.0856
vn -0.8318 0.5544 -0.0284
vn -0.0341 0.7395 0.6723
vn 0.0408 0.7607 0.6478
vn -0.1711 0.8289 0.5326
vn -0.0853 0.6771 0.7310
vn -0.2976 0.6366 0.7115
vn -0.4920 0.8223 0.2861
vn -0.5688 0.4523 0.6869
vn -0.6031 0.4476 0.6602
vn -0.5380 0.3555 0.7643
vn -0.8820 0.4662 -0.0687
vn -0.9210 0.3883 -0.0312
vn -0.9111 0.3683 0.1853
vn -0.9257 0.3781 0.0121
vn -0.9094 0.3837 0.1606
vn -0.8923 0.4420 0.0923
vn -0.8941 0.3827 -0.2327
vn -0.8191 0.5646 0.1017
vn -0.7306 0.6742 0.1077
vn -0.8184 0.5652 -0.1037
vn -0.8824 0.4498 0.1378
vn -0.8855 0.3194 -0.3375
vn -0.8768 0.3015 -0.3745
vn -0.9136 0.3720 0.1643
vn -0.9414 0.2518 0.2246
vn -0.9115 0.3238 -0.2537
vn -0.9646 0.1948 0.1779
vn -0.9365 0.1490 0.3174
vn -0.9079 0.1275 0.3994
vn -0.8856 0.3511 0.3039
vn -0.8486 0.3990 0.3473
vn -0.8942 0.2021 0.3995
vn -0.8390 0.4133 0.3538
vn -0.8755 0.4243 0.2313
vn -0.9282 0.3382 -0.1550
vn -0.9351 0.2834 -0.2127
vn -0.9524 0.3047 0.0097
vn -0.8760 0.4376 -0.2030
vn -0.8694 0.4941 -0.0013
vn -0.8192 0.3829 -0.4269
vn -0.8989 0.4341 -0.0591
vn -0.8662 0.3958 -0.3049
vn -0.8210 0.4815 -0.3067
vn -0.8422 0.3710 -0.3911
vn -0.9576 0.2742 -0.0881
vn -0.9305 0.3643 0.0383
vn -0.7872 -0.4346 -0.4375
vn -0.7955 -0.5570 -0.2386
vn -0.9586 -0.2691 -0.0936
vn -0.9291 -0.3252 -0.1761
vn -0.3160 -0.5154 -0.7966
vn -0.6154 -0.5112 -0.5999
vn -0.8689 -0.3867 -0.3089
vn -0.7337 -0.3806 -0.5629
vn -0.4376 -0.2699 -0.8577
vn -0.1924 -0.1290 -0.9728
vn 0.1741 -0.3210 -0.9309
vn 0.0209 -0.4200 -0.9073
vn -0.3789 -0.1824 -0.9073
vn -0.6126 -0.3434 -0.7119
vn -0.3982 -0.5314 -0.7477
vn -0.0986 -0.4366 -0.8943
vn -0.7331 -0.3432 -0.5872
vn -0.7745 -0.2998 -0.5571
vn -0.5008 -0.4492 -0.7399
vn -0.5172 -0.5223 -0.6780
vn -0.7030 -0.3001 -0.6448
vn -0.5413 -0.2546 -0.8014
vn -0.2019 -0.3545 -0.9130
vn -0.3588 -0.3918 -0.8472
vn -0.4315 -0.1850 -0.8829
vn -0.5558 -0.1736 -0.8130
vn -0.3537 -0.4561 -0.8166
vn -0.2160 -0.3716 -0.9029
vn -0.7904 -0.0873 -0.6064
vn -0.7221 -0.1269 -0.6800
vn -0.4881 -0.5200 -0.7010
vn -0.5277 -0.5383 -0.6571
vn -0.7079 -0.1477 -0.6907
vn -0.7774 -0.1179 -0.6178
vn -0.5162 -0.5544 -0.6528
vn -0.4624 -0.5612 -0.6864
vn -0.6308 -0.1292 -0.7651
vn -0.5560 -0.0033 -0.8312
vn -0.4267 -0.5282 -0.7342
vn -0.3906 -0.4506 -0.8028
vn -0.5321 0.3802 -0.7566
vn -0.5006 0.2247 -0.8360
vn -0.3297 -0.3352 -0.8826
vn -0.3502 -0.1585 -0.9232
vn 0.0843 -0.6848 -0.7238
vn 0.1395 -0.7256 -0.6738
vn 0.1212 -0.5848 -0.8021
vn 0.5145 -0.5765 -0.6348
vn 0.5986 -0.6171 -0.5108
vn 0.5958 -0.6593 -0.4587
vn 0.1801 -0.4786 -0.8594
vn 0.1515 -0.4421 -0.8841
vn 0.2716 -0.5084 -0.8172
vn 0.3919 -0.5276 -0.7537
vn 0.0418 -0.5016 -0.8641
vn -0.0627 -0.6342 -0.7706
vn 0.1019 -0.6769 -0.7290
vn 0.1745 -0.5662 -0.8056
vn -0.1175 -0.7589 -0.6405
vn 0.0489 -0.7918 -0.6088
vn -0.1348 -0.8230 -0.5518
vn 0.0352 -0.8673 -0.4966
vn -0.0907 -0.8571 -0.5071
vn -0.1412 -0.8478 -0.5112
vn 0.0865 -0.9041 -0.4184
vn 0.2073 -0.9054 -0.3704
vn 0.0907 -0.8908 -0.4453
vn -0.0201 -0.8728 -0.4876
vn 0.4086 -0.8943 -0.1824
vn 0.3351 -0.8961 -0.2912
vn 0.1678 -0.8284 -0.5345
vn 0.1979 -0.8804 -0.4309
vn 0.4272 -0.8977 -0.1077
vn 0.3891 -0.9135 -0.1186
vn -0.7599 0.5080 -0.4057
vn -0.7875 0.6103 -0.0857
vn -0.7863 0.5812 -0.2095
vn -0.7651 0.4672 -0.4432
vn -0.1720 -0.1061 -0.9794
vn 0.1467 -0.3198 -0.9361
vn 0.3092 -0.1673 -0.9362
vn -0.0342 0.1019 -0.9942
vn 0.5846 -0.3276 -0.7422
vn 0.5495 -0.4516 -0.7029
vn -0.5271 0.4479 -0.7222
vn -0.3087 0.3378 -0.8891
vn -0.4563 0.1029 -0.8839
vn -0.6407 0.2933 -0.7096
vn -0.6154 0.2526 -0.7466
vn -0.3982 0.8847 -0.2422
vn -0.7191 0.6721 -0.1767
vn -0.8056 0.5171 -0.2892
vn -0.2783 0.9604 0.0143
vn -0.4724 0.7527 -0.4585
vn -0.6943 0.5360 -0.4804
vn -0.6355 0.7604 -0.1340
vn 0.6602 0.7500 0.0401
vn 0.3474 0.5995 -0.7210
vn -0.1103 0.8003 -0.5894
vn 0.1969 0.9796 0.0392
vn 0.8965 -0.2335 -0.3766
vn 0.7830 0.1267 -0.6090
vn 0.9622 0.2501 0.1076
vn 0.9932 -0.0839 0.0806
vn 0.6951 -0.4293 -0.5767
vn 0.5100 -0.2616 -0.8194
vn 0.7167 -0.0099 -0.6973
vn 0.9002 -0.2288 -0.3706
vn 0.2060 0.4924 -0.8456
vn -0.0150 0.0738 -0.9972
vn -0.4471 0.5772 -0.6833
vn -0.3036 0.8307 -0.4666
vn -0.5893 0.7561 -0.2849
vn -0.5600 0.6263 -0.5424
vn -0.6138 0.5464 -0.5699
vn -0.6221 0.4144 -0.6643
vn -0.6855 0.6197 -0.3822
vn -0.6902 0.4239 -0.5865
vn -0.6422 0.2201 -0.7343
vn -0.6076 0.3091 -0.7317
vn -0.5107 -0.0342 -0.8591
vn -0.4816 -0.1204 -0.8681
vn -0.0468 -0.6671 -0.7435
vn -0.0488 -0.7130 -0.6995
vn 0.2799 -0.8984 -0.3383
vn 0.3130 -0.9171 -0.2468
vn 0.8564 -0.4509 -0.2516
vn 0.4925 -0.7798 -0.3865
vn 0.2640 -0.6142 -0.7437
vn 0.8306 -0.1964 -0.5211
vn -0.2426 -0.0913 -0.9658
vn 0.4062 0.1767 -0.8965
vn -0.4124 0.4623 -0.7850
vn 0.3903 0.6763 -0.6247
vn -0.4208 0.7155 -0.5576
vn 0.3267 0.8829 -0.3374
vn 0.8513 0.5247 -0.0005
vn 0.9268 0.2787 -0.2516
vn 0.9976 -0.0643 -0.0259
vn 0.9670 0.2181 0.1315
vn 0.2050 0.9441 0.2583
vn 0.2690 0.9628 0.0267
vn -0.4235 0.8725 -0.2436
vn -0.3565 0.9339 -0.0281
vn 0.7895 -0.6122 -0.0434
vn 0.5120 -0.8311 -0.2172
vn 0.3688 -0.9047 -0.2131
vn 0.6626 -0.7478 0.0410
vn 0.6528 0.6334 0.4154
vn 0.7595 0.5896 0.2749
vn 0.9252 0.1865 0.3304
vn 0.8729 0.1906 0.4491
vn 0.9565 -0.2174 0.1946
vn 0.8920 -0.2834 0.3521
vn 0.2531 -0.3717 -0.8932
vn 0.1127 -0.5549 -0.8243
vn -0.2642 -0.4085 -0.8737
vn -0.1305 -0.2487 -0.9598
vn 0.5886 -0.7060 -0.3938
vn 0.5953 -0.6891 -0.4132
vn 0.4183 -0.7136 -0.5619
vn 0.4158 -0.7249 -0.5492
vn 0.4712 -0.6454 -0.6012
vn 0.4446 -0.6724 -0.5918
vn 0.6160 -0.6431 -0.4549
vn 0.6054 -0.6227 -0.4957
vn -0.7715 -0.1687 -0.6134
vn -0.7062 0.0221 -0.7077
vn -0.9558 0.2879 -0.0593
vn -0.9820 0.1693 -0.0843
vn 0.0267 -0.6560 -0.7543
vn 0.0667 -0.6387 -0.7665
vn -0.4277 -0.4004 -0.8104
vn -0.3559 -0.4900 -0.7958
vn 0.1073 -0.6027 -0.7907
vn 0.1364 -0.5390 -0.8312
vn -0.3580 -0.2322 -0.9044
vn -0.4539 -0.3026 -0.8381
vn -0.8359 -0.1903 -0.5148
vn -0.9724 0.1652 -0.1645
vn -0.8719 -0.0097 -0.4896
vn -0.9269 0.2380 -0.2902
vn -0.9208 0.3281 -0.2109
vn -0.9279 0.3643 -0.0789
vn -0.7862 0.3780 -0.4889
vn -0.7406 0.3248 -0.5882
vn -0.7157 0.2887 -0.6359
vn -0.8442 0.1820 -0.5042
vn -0.8534 0.3724 -0.3647
vn -0.7419 0.5355 -0.4035
vn -0.4597 0.1467 -0.8759
vn -0.4457 0.1968 -0.8733
vn 0.1749 -0.2574 -0.9503
vn -0.0016 -0.2714 -0.9625
vn -0.8252 0.3036 -0.4764
vn -0.8760 0.3268 -0.3547
vn -0.6930 0.2972 -0.6568
vn -0.6592 0.2723 -0.7010
vn -0.6818 0.5307 -0.5035
vn -0.7594 0.3827 -0.5262
vn -0.6078 0.3367 -0.7192
vn -0.5206 0.4694 -0.7132
vn 0.4452 -0.6153 -0.6505
vn 0.5801 -0.5601 -0.5914
vn 0.3109 -0.6770 -0.6671
vn 0.5464 -0.5917 -0.5927
vn -0.5016 0.1650 -0.8492
vn -0.4808 0.1348 -0.8664
vn -0.1250 -0.1830 -0.9751
vn -0.1973 -0.0858 -0.9766
vn -0.3317 0.4277 -0.8408
vn -0.4507 0.2827 -0.8467
vn -0.1492 0.1484 -0.9776
vn -0.0450 0.3418 -0.9387
vn -0.0442 -0.3449 -0.9376
vn -0.3814 -0.1475 -0.9126
vn -0.2672 -0.4790 -0.8361
vn -0.4283 -0.3684 -0.8251
vn 0.3318 -0.5406 -0.7731
vn 0.2752 -0.3789 -0.8836
vn 0.1340 -0.4184 -0.8983
vn 0.1523 -0.6187 -0.7707
vn 0.1229 0.2034 -0.9714
vn 0.2578 -0.0757 -0.9632
vn -0.2403 0.1895 -0.9520
vn 0.0504 -0.0959 -0.9941
vn -0.3249 -0.2393 -0.9150
vn -0.3268 -0.4265 -0.8434
vn -0.4014 -0.3654 -0.8399
vn -0.3841 -0.2254 -0.8954
vn -0.3564 -0.0208 -0.9341
vn -0.3931 -0.0828 -0.9158
vn -0.4753 0.1371 -0.8691
vn -0.4363 0.0331 -0.8992
vn -0.9218 0.0087 -0.3876
vn -0.6193 -0.2760 -0.7350
vn -0.8979 -0.2260 -0.3777
vn -0.4494 -0.5164 -0.7290
vn -0.6465 -0.0668 -0.7600
vn -0.8728 0.3262 -0.3630
vn -0.6010 0.2067 -0.7721
vn -0.7729 0.5398 -0.3336
vn -0.4868 0.4610 -0.7420
vn -0.7505 0.5322 -0.3917
vn -0.6262 0.2513 -0.7381
vn -0.3740 0.3204 -0.8703
vn -0.3795 0.0622 -0.9231
vn -0.5955 0.0467 -0.8020
vn -0.3222 -0.1496 -0.9348
vn -0.5269 -0.1442 -0.8376
vn -0.7865 0.4292 -0.4441
vn -0.4402 0.5501 -0.7096
vn -0.5447 0.5300 -0.6499
vn -0.8354 0.3771 -0.3998
vn -0.8258 0.2295 -0.5151
vn -0.8929 0.3071 -0.3294
vn -0.3136 0.4843 -0.8168
vn -0.6020 0.4162 -0.6815
vn -0.5829 0.5270 -0.6185
vn -0.3033 0.5776 -0.7579
vn -0.6769 0.3893 -0.6247
vn -0.8605 0.1685 -0.4808
vn -0.7782 0.0483 -0.6262
vn -0.5384 0.4214 -0.7298
vn -0.3683 0.6234 -0.6897
vn -0.5945 0.5939 -0.5421
vn -0.6756 0.5787 -0.4569
vn -0.5261 0.5890 -0.6135
vn -0.7380 0.5110 -0.4407
vn -0.8812 0.3504 -0.3174
vn -0.8599 0.4537 -0.2339
vn -0.7568 0.5616 -0.3346
vn -0.9464 -0.0786 -0.3134
vn -0.7528 -0.1205 -0.6471
vn -0.7215 -0.2887 -0.6294
vn -0.9335 -0.2106 -0.2901
vn -0.4747 -0.3055 -0.8254
vn -0.4784 -0.3984 -0.7826
vn -0.7310 -0.3619 -0.5785
vn -0.9220 -0.2646 -0.2828
vn -0.9362 0.1688 -0.3084
vn -0.8037 0.2111 -0.5563
vn -0.7889 0.0556 -0.6120
vn -0.9457 0.0584 -0.3199
vn -0.9357 0.2891 -0.2023
vn -0.7970 0.4028 -0.4500
vn -0.8019 0.3235 -0.5022
vn -0.9263 0.2514 -0.2808
vn -0.8342 0.4756 -0.2792
vn -0.8023 0.4703 -0.3677
vn -0.9527 0.2763 -0.1267
vn -0.9634 0.2412 -0.1173
vn -0.9900 -0.0510 0.1315
vn -0.9854 -0.0136 0.1696
vn -0.8592 0.1673 0.4835
vn -0.8764 0.1586 0.4546
vn -0.8495 0.1506 0.5056
vn -0.9808 0.0347 0.1920
vn -0.9806 0.0688 0.1838
vn -0.8532 0.1108 0.5096
vn -0.8586 0.0356 0.5115
vn -0.9832 0.0731 0.1674
vn -0.9824 0.0839 0.1668
vn -0.8640 -0.0370 0.5021
vn -0.8559 -0.1302 0.5005
vn -0.9758 0.0697 0.2075
vn -0.8458 -0.2739 0.4579
vn -0.9784 -0.0354 0.2036
vn -0.7980 -0.5250 0.2958
vn -0.9714 -0.2131 0.1051
vn -0.6589 -0.7394 0.1383
vn -0.9232 -0.3750 -0.0846
vn -0.3902 -0.9205 -0.0222
vn -0.7734 -0.5760 -0.2648
vn -0.9402 0.0694 -0.3334
vn -0.9621 0.1686 -0.2144
vn -0.4677 -0.7615 -0.4488
vn -0.1559 -0.7301 -0.6653
vn -0.0591 -0.9623 -0.2656
vn 0.1872 -0.8143 -0.5494
vn -0.6943 -0.3587 -0.6239
vn -0.8728 -0.1614 -0.4607
vn 0.2859 -0.6062 -0.7422
vn -0.0019 -0.5886 -0.8084
vn 0.3173 -0.4573 -0.8308
vn 0.0299 -0.4884 -0.8721
vn -0.5955 -0.4174 -0.6864
vn -0.5924 -0.3893 -0.7054
vn 0.3214 -0.3424 -0.8829
vn 0.0731 -0.4235 -0.9029
vn 0.0629 -0.3326 -0.9410
vn 0.2516 -0.2153 -0.9436
vn -0.4254 -0.4574 -0.7809
vn -0.5339 -0.4692 -0.7034
vn -0.1014 -0.1863 -0.9772
vn 0.0123 0.0026 -0.9999
vn -0.4485 0.2169 -0.8671
vn -0.5425 0.0278 -0.8396
vn -0.5849 -0.2352 -0.7763
vn -0.3628 -0.3899 -0.8464
vn -0.8567 0.1462 -0.4947
vn -0.8940 -0.0973 -0.4374
vn -0.7883 0.3410 -0.5122
vn -0.9113 0.3998 -0.0981
vn -0.9696 0.2235 -0.1000
vn -0.9942 0.0339 -0.1024
vn -0.9429 0.2036 0.2635
vn -0.9830 0.0119 0.1835
vn -0.8864 0.3699 0.2784
vn -0.9008 0.1353 0.4127
vn -0.8089 0.3130 0.4978
vn -0.9629 -0.1185 0.2425
vn -0.7936 0.2709 0.5448
vn -0.9300 0.0734 0.3602
vn -0.9723 0.0014 0.2336
vn -0.8416 0.1903 0.5055
vn -0.9664 -0.2249 -0.1242
vn -0.9773 -0.2001 0.0694
vn -0.9873 -0.0623 0.1460
vn -0.8753 0.1447 0.4615
vn -0.9337 -0.2736 -0.2309
vn 0.0342 -0.9950 -0.0936
vn -0.2725 -0.9386 0.2118
vn -0.2793 -0.8722 0.4015
vn 0.2673 -0.8457 -0.4619
vn 0.0052 -0.9973 0.0736
vn 0.2527 -0.8773 -0.4080
vn 0.3530 -0.6060 -0.7128
vn 0.3608 -0.6221 -0.6948
vn 0.3778 -0.4554 -0.8061
vn 0.3602 -0.4580 -0.8127
vn 0.3448 -0.3317 -0.8781
vn 0.3393 -0.3347 -0.8791
vn 0.2740 -0.1674 -0.9470
vn 0.2333 -0.1328 -0.9633
vn 0.0211 0.0742 -0.9970
vn -0.0522 0.1278 -0.9904
vn -0.3906 0.4357 -0.8109
vn -0.3814 0.3653 -0.8492
vn -0.6915 0.5090 -0.5126
vn -0.6394 0.6148 -0.4617
vn -0.7724 0.6318 -0.0651
vn -0.8355 0.5380 -0.1121
vn -0.8254 0.4873 0.2852
vn -0.7703 0.5529 0.3178
vn -0.7048 0.4474 0.5505
vn -0.7461 0.4097 0.5249
vn -0.6452 0.3376 0.6854
vn -0.7207 0.2902 0.6296
vn -0.7262 0.2827 0.6266
vn -0.6457 0.3437 0.6819
vn -0.7144 0.2904 0.6366
vn -0.6456 0.3404 0.6836
vn -0.6567 0.3639 0.6605
vn -0.7057 0.3385 0.6224
vn -0.0285 -0.9270 -0.3740
vn 0.2105 -0.6952 -0.6873
vn -0.4237 -0.8645 -0.2704
vn -0.1591 -0.7443 -0.6486
vn 0.3078 -0.4828 -0.8199
vn -0.0765 -0.5446 -0.8352
vn -0.1049 -0.3419 -0.9339
vn 0.2705 -0.3334 -0.9031
vn -0.3557 -0.0574 -0.9328
vn 0.0476 -0.0811 -0.9956
vn -0.2397 0.1946 -0.9511
vn -0.5195 0.1939 -0.8322
vn -0.7174 0.4278 -0.5498
vn -0.5110 0.4719 -0.7185
vn -0.8025 0.5590 0.2085
vn -0.7630 0.6434 0.0628
vn -0.6883 0.6398 -0.3419
vn -0.7989 0.5702 -0.1915
vn -0.7312 0.5509 0.4023
vn -0.7323 0.4843 0.4788
vn -0.6733 0.3981 0.6230
vn -0.6725 0.4400 0.5951
vn -0.6413 0.3579 0.6787
vn -0.6346 0.3688 0.6791
vn -0.6247 0.3585 0.6937
vn -0.6396 0.3534 0.6827
vn -0.7217 0.2240 0.6549
vn -0.7446 0.1438 0.6518
vn -0.6766 0.2449 0.6945
vn -0.6977 0.1446 0.7017
vn -0.7210 0.0621 0.6901
vn -0.7670 0.0645 0.6384
vn -0.9914 0.0283 0.1276
vn -0.7471 0.2779 0.6038
vn -0.7032 0.3232 0.6333
vn -0.7614 0.3024 0.5734
vn -0.9385 0.2386 -0.2494
vn -0.8228 0.1222 -0.5550
vn -0.8203 -0.0766 -0.5667
vn -0.7331 -0.0112 0.6800
vn -0.7724 -0.0443 0.6336
vn -0.7187 -0.1249 0.6840
vn -0.7738 -0.1683 0.6107
vn -0.7212 -0.4227 -0.5488
vn -0.6380 -0.5669 -0.5211
vn -0.8806 -0.4511 -0.1451
vn -0.5898 -0.3195 -0.7417
vn -0.8813 0.3670 0.2976
vn -0.9151 0.4009 -0.0437
vn -0.7850 0.3896 0.4817
vn -0.6340 0.3519 0.6887
vn -0.6240 0.3580 0.6946
vn -0.6383 0.3211 0.6996
vn -0.6260 0.3387 0.7024
vn -0.7225 0.2949 0.6254
vn -0.6984 0.3135 0.6434
vn -0.8396 -0.0243 0.5426
vn -0.9220 -0.3268 0.2077
vn -0.6429 -0.7153 0.2741
vn -0.6770 -0.2502 0.6922
vn -0.7186 0.2789 0.6370
vn -0.6598 0.3119 0.6837
vn -0.6708 0.2164 0.7094
vn -0.6955 0.0709 0.7150
vn -0.6649 0.1158 0.7379
vn -0.6886 -0.0078 0.7251
vn -0.6437 0.2833 0.7109
vn -0.6416 0.2325 0.7310
vn -0.6678 -0.3165 0.6737
vn -0.7722 -0.3129 0.5530
vn -0.6893 -0.5564 0.4641
vn -0.5922 -0.4715 0.6535
vn -0.4494 -0.6831 0.5757
vn -0.5162 -0.7740 0.3667
vn -0.6504 0.0237 0.7592
vn -0.6482 -0.1352 0.7494
vn -0.5813 -0.2835 0.7627
vn -0.4454 -0.6846 0.5770
vn -0.4720 -0.5241 0.7089
vn -0.2685 -0.9465 0.1791
vn -0.6700 0.1832 0.7194
vn -0.1506 -0.4347 -0.8879
vn -0.2433 -0.3169 -0.9167
vn -0.7852 -0.3691 -0.4972
vn -0.5220 -0.4205 -0.7421
vn -0.8590 -0.3451 -0.3782
vn -0.5771 -0.4872 -0.6555
vn -0.6486 -0.6158 -0.4474
vn -0.9000 -0.3973 -0.1795
vn -0.9311 -0.3626 0.0398
vn -0.7560 -0.6310 -0.1740
vn -0.8595 -0.5104 -0.0273
vn -0.9711 -0.2283 0.0701
vn -0.9755 -0.1863 -0.1172
vn -0.8850 -0.4630 -0.0485
vn -0.8131 -0.5112 -0.2785
vn -0.8742 -0.2716 -0.4026
vn -0.6458 -0.4164 -0.6399
vn -0.7193 -0.5029 -0.4792
vn -0.7292 -0.6785 -0.0892
vn -0.6209 -0.7429 -0.2501
vn -0.8387 -0.5418 0.0552
vn -0.7919 -0.3828 -0.4757
vn -0.6660 -0.4342 -0.6066
vn -0.8126 -0.3554 -0.4619
vn -0.9329 -0.2297 -0.2772
vn -0.9833 -0.1565 -0.0930
vn -0.8759 -0.3295 -0.3525
vn -0.9090 -0.2166 -0.3560
vn -0.9972 -0.0067 -0.0739
vn -0.9621 0.2091 -0.1752
vn -0.8968 -0.0864 -0.4339
vn -0.8950 0.0765 -0.4394
vn -0.8677 0.4434 -0.2247
vn -0.8598 0.4330 -0.2708
vn -0.8641 0.3844 -0.3248
vn -0.7603 0.5917 -0.2680
vn -0.7566 0.5556 -0.3448
vn -0.6517 0.6228 -0.4328
vn -0.7009 0.6466 -0.3010
vn -0.8094 0.5416 -0.2270
vn -0.8886 0.2669 -0.3731
vn -0.7381 0.6592 -0.1436
vn -0.7868 0.6099 -0.0945
vn -0.6730 0.7358 0.0757
vn -0.6491 0.7601 0.0305
vn -0.6961 0.7057 -0.1317
vn -0.6405 0.7679 -0.0095
vn -0.6870 0.7180 -0.1118
vn -0.6462 0.7630 -0.0178
vn -0.5895 0.8058 0.0558
vn -0.6346 0.7663 0.1007
vn -0.6918 0.7214 -0.0314
vn -0.6128 0.7901 0.0142
vn -0.6484 0.7604 0.0380
vn -0.6121 0.7894 0.0468
vn -0.6380 0.7673 0.0640
vn -0.6607 0.7437 0.1018
vn -0.7296 0.6837 0.0162
vn -0.7062 0.7060 -0.0528
vn -0.8778 0.4732 0.0741
vn -0.9799 0.1643 0.1128
vn -0.9800 0.1226 -0.1567
vn -0.8043 0.5931 -0.0358
vn -0.9996 -0.0271 -0.0082
vn -0.9714 -0.1273 -0.2005
vn -0.9660 -0.1416 -0.2163
vn -0.9672 -0.0694 -0.2442
vn -0.9228 -0.3541 -0.1517
vn -0.9528 -0.2019 -0.2269
vn -0.9896 -0.1360 0.0475
vn -0.7972 -0.5902 -0.1270
vn -0.9774 -0.1131 0.1788
vn -0.9891 -0.1146 -0.0924
vn -0.9622 -0.0584 0.2660
vn -0.9956 -0.0553 0.0757
vn -0.9995 0.0038 -0.0320
vn -0.9470 -0.0828 -0.3105
vn -0.9105 0.0722 -0.4072
vn -0.9587 0.1044 -0.2647
vn -0.9667 0.0216 0.2550
vn -0.9774 0.0760 0.1971
vn -0.6301 0.2764 -0.7256
vn -0.7361 0.4382 -0.5159
vn -0.4119 0.5734 -0.7082
vn -0.6526 0.6980 -0.2948
vn -0.9788 0.0945 0.1815
vn -0.9891 0.0515 0.1378
vn -0.8813 0.2778 -0.3824
vn -0.9329 0.1883 -0.3070
vn -0.8395 0.4090 -0.3577
vn -0.9979 -0.0016 0.0645
vn -0.9966 0.0085 0.0820
vn -0.9856 0.1628 0.0460
vn -0.1722 0.6635 -0.7281
vn -0.2067 0.4736 -0.8561
vn 0.3661 0.5987 -0.7125
vn 0.0936 0.6366 -0.7655
vn -0.4234 0.3441 -0.8381
vn -0.1734 0.5376 -0.8252
vn 0.1983 0.7857 -0.5859
vn 0.5132 0.6007 -0.6130
vn 0.5653 0.6307 -0.5316
vn 0.5651 0.6290 -0.5340
vn -0.4684 0.8518 -0.2346
vn -0.8941 0.4477 0.0124
vn -0.8644 0.4282 -0.2637
vn -0.4677 0.7679 -0.4377
vn 0.0727 0.9253 -0.3721
vn 0.0562 0.9808 -0.1868
vn -0.4753 0.8601 -0.1855
vn -0.4754 0.8108 -0.3415
vn -0.8881 0.3231 -0.3269
vn -0.9469 0.1586 -0.2797
vn -0.8439 0.5342 -0.0494
vn -0.5599 0.8188 -0.1269
vn -0.9651 0.2432 -0.0968
vn -0.9378 0.1511 -0.3126
vn -0.1799 0.7619 -0.6222
vn -0.3881 0.8256 -0.4096
vn -0.8131 0.3492 -0.4657
vn -0.5887 0.4064 -0.6987
vn -0.4640 0.4696 -0.7511
vn -0.3665 0.7578 -0.5399
vn -0.9450 0.1006 -0.3111
vn -0.9222 0.1372 -0.3615
vn -0.9458 0.1108 -0.3053
vn -0.9366 0.1098 -0.3328
vn -0.7538 0.0738 -0.6530
vn -0.6792 0.1957 -0.7074
vn -0.5444 0.2196 -0.8096
vn -0.6403 0.0871 -0.7632
vn -0.9759 0.1524 -0.1564
vn -0.9731 0.1888 -0.1324
vn -0.9303 0.1341 -0.3414
vn -0.9291 0.1161 -0.3512
vn -0.9443 0.1165 -0.3077
vn -0.9439 0.1212 -0.3072
vn -0.9198 0.1347 -0.3684
vn -0.9298 0.1131 -0.3503
vn -0.9305 0.1229 -0.3451
vn -0.9326 0.1146 -0.3423
vn -0.9092 0.1793 -0.3757
vn -0.9630 0.2261 -0.1469
vn -0.9739 0.1611 -0.1599
vn -0.9251 0.1257 -0.3582
vn -0.8254 0.0307 -0.5637
vn -0.8100 0.0059 -0.5865
vn -0.7736 0.0462 -0.6320
vn -0.8508 0.2540 -0.4600
vn -0.9423 0.3192 -0.1012
vn -0.8902 0.2738 -0.3641
vn -0.6537 0.7492 -0.1066
vn -0.6815 0.7165 -0.1486
vn -0.5883 0.6958 -0.4121
vn -0.7580 0.5047 -0.4132
vn -0.9119 0.1544 -0.3802
vn -0.9392 0.1206 -0.3215
vn -0.9329 0.1034 -0.3451
vn -0.9044 0.0927 -0.4165
vn -0.7898 0.5459 -0.2797
vn -0.8114 0.2630 -0.5220
vn -0.8396 0.2492 -0.4827
vn -0.8622 0.1589 -0.4810
vn -0.5114 0.6620 -0.5480
vn -0.8037 0.4392 -0.4015
vn -0.8635 0.2843 -0.4165
vn -0.9058 0.1729 -0.3868
vn -0.9275 0.1208 -0.3539
vn -0.3134 -0.8065 -0.5013
vn -0.7303 -0.5440 -0.4132
vn -0.5598 -0.6095 -0.5614
vn -0.3266 -0.7104 -0.6234
vn 0.2640 -0.7943 -0.5471
vn 0.0666 -0.8290 -0.5553
vn 0.0647 -0.7749 -0.6288
vn 0.2671 -0.7874 -0.5555
vn -0.0413 -0.4885 -0.8716
vn -0.0900 -0.5295 -0.8435
vn 0.0158 -0.4271 -0.9041
vn 0.0622 -0.4953 -0.8665
vn 0.0425 -0.6713 -0.7400
vn -0.2663 -0.7065 -0.6557
vn -0.4522 -0.8108 -0.3718
vn -0.0654 -0.8490 -0.5243
vn -0.6052 -0.7864 -0.1238
vn -0.6566 -0.7539 -0.0224
vn -0.2255 -0.9522 -0.2061
vn -0.7179 -0.6926 0.0705
vn -0.0784 -0.6666 -0.7413
vn -0.2802 -0.5545 -0.7836
vn 0.2671 -0.6308 -0.7285
vn 0.0978 -0.5564 -0.8251
vn 0.4066 -0.7303 -0.5490
vn 0.2567 -0.7126 -0.6529
vn 0.4572 -0.6652 -0.5903
vn 0.5192 -0.6954 -0.4968
vn 0.3130 -0.6225 -0.7173
vn 0.5905 -0.5838 -0.5573
vn 0.3803 -0.7043 -0.5995
vn 0.4876 -0.6128 -0.6218
vn 0.3061 -0.8771 -0.3702
vn 0.6311 -0.6330 -0.4484
vn 0.4155 -0.7680 -0.4873
vn 0.4092 -0.7874 -0.4610
vn 0.4764 -0.7673 -0.4293
vn 0.4959 -0.7465 -0.4436
vn 0.4465 -0.7836 -0.4319
vn 0.4863 -0.7882 -0.3771
vn 0.5555 -0.7096 -0.4334
vn 0.5049 -0.7400 -0.4444
vn 0.6497 -0.7141 -0.2606
vn 0.5526 -0.7766 -0.3026
vn 0.6470 -0.6492 -0.3999
vn 0.7132 -0.6071 -0.3504
vn 0.8257 -0.5086 -0.2441
vn 0.8149 -0.5201 -0.2557
vn 0.8440 -0.4543 -0.2852
vn 0.8283 -0.5019 -0.2489
vn 0.8364 -0.4587 -0.3000
vn 0.7980 -0.5477 -0.2515
vn 0.7695 -0.6115 -0.1844
vn 0.8179 -0.5300 -0.2238
vn 0.6025 -0.7934 -0.0864
vn 0.7449 -0.6434 -0.1763
vn 0.5129 -0.8496 -0.1227
vn 0.3420 -0.9391 -0.0347
vn 0.7095 -0.6519 -0.2677
vn 0.3445 -0.9388 -0.0014
vn 0.4377 -0.8991 -0.0071
vn 0.6547 -0.7503 -0.0918
vn 0.5546 -0.8294 -0.0670
vn 0.2015 -0.9794 -0.0138
vn 0.2293 -0.9734 -0.0018
vn 0.5156 -0.8435 -0.1508
vn 0.4322 -0.8769 -0.2104
vn 0.2778 -0.9554 -0.1001
vn 0.3227 -0.9450 -0.0525
vn 0.1945 -0.9803 -0.0337
vn 0.1677 -0.9844 -0.0531
vn 0.1646 -0.9730 -0.1620
vn -0.3710 -0.9285 -0.0137
vn -0.2520 -0.9502 0.1835
vn 0.1225 -0.9906 -0.0611
vn 0.7392 -0.6323 -0.2318
vn 0.7083 -0.6617 -0.2460
vn 0.7459 -0.5880 -0.3128
vn 0.7783 -0.5528 -0.2978
vn 0.7685 -0.5962 -0.2323
vn 0.8124 -0.5008 -0.2987
vn 0.7971 -0.4872 -0.3568
vn 0.8176 -0.4199 -0.3941
vn 0.7281 -0.5317 -0.4327
vn 0.6786 -0.5630 -0.4718
vn 0.5779 -0.6656 -0.4722
vn 0.7772 -0.4896 -0.3953
vn 0.7459 -0.5336 -0.3986
vn 0.8076 -0.4324 -0.4011
vn 0.4802 -0.7873 -0.3867
vn 0.5266 -0.7472 -0.4054
vn 0.5518 -0.7476 -0.3695
vn 0.6080 -0.6601 -0.4411
vn 0.5699 -0.6774 -0.4651
vn 0.5696 -0.6293 -0.5287
vn 0.6236 -0.5996 -0.5016
vn 0.6683 -0.5907 -0.4521
vn 0.6409 -0.6377 -0.4274
vn 0.6085 -0.6926 -0.3873
vn 0.5024 -0.7485 -0.4328
vn -0.3946 0.7617 0.5139
vn -0.4543 0.6668 0.5907
vn -0.6956 0.5909 0.4086
vn -0.6748 0.6581 0.3339
vn -0.7386 0.5446 0.3974
vn -0.4462 0.6717 0.5914
vn -0.7425 0.5726 0.3475
vn -0.4348 0.7048 0.5606
vn -0.4294 0.7248 0.5388
vn -0.7217 0.6155 0.3166
vn -0.6805 0.6571 0.3243
vn -0.4330 0.7230 0.5383
vn -0.4527 0.7136 0.5346
vn -0.6614 0.6702 0.3368
vn -0.6828 0.6207 0.3854
vn -0.4853 0.6455 0.5898
vn -0.6680 0.5812 0.4647
vn -0.5295 0.5602 0.6370
vn -0.3482 0.8635 0.3648
vn -0.6952 0.6485 0.3101
vn -0.0174 0.7235 0.6901
vn -0.0130 0.8372 0.5468
vn 0.2497 0.6904 0.6790
vn 0.2495 0.6293 0.7360
vn 0.2565 0.6312 0.7320
vn -0.0405 0.6896 0.7231
vn 0.0018 0.6998 0.7144
vn 0.1800 0.6336 0.7524
vn -0.0051 0.6742 0.7385
vn -0.0696 0.7169 0.6937
vn -0.0239 0.7171 0.6966
vn 0.0909 0.6636 0.7425
vn -0.2048 0.6179 0.7591
vn -0.2030 0.6614 0.7220
vn -0.1341 0.6931 0.7082
vn -0.1153 0.6686 0.7346
vn -0.4924 0.4906 0.7189
vn -0.3132 0.6025 0.7341
vn -0.3619 0.5694 0.7381
vn -0.5570 0.4512 0.6972
vn -0.1787 0.6593 0.7303
vn 0.0074 0.6905 0.7233
vn -0.3997 0.6646 0.6314
vn -0.5559 0.6015 0.5737
vn -0.2413 0.6498 0.7208
vn -0.1883 0.6601 0.7272
vn -0.5670 0.6032 0.5609
vn -0.6990 0.5522 0.4543
vn -0.6981 0.5524 0.4555
vn -0.6257 0.5547 0.5484
vn -0.4130 0.6053 0.6804
vn -0.3076 0.6412 0.7030
vn -0.5603 0.5940 0.5772
vn -0.7535 0.4969 0.4306
vn -0.7131 0.5465 0.4390
vn -0.7080 0.4976 0.5011
vn -0.5452 0.5423 0.6393
vn -0.6723 0.4690 0.5727
vn -0.7552 0.4740 0.4527
vn -0.7744 0.4942 0.3951
vn -0.7948 0.4532 0.4036
vn -0.6882 0.5903 0.4218
vn -0.6374 0.6149 0.4643
vn -0.6532 0.5753 0.4922
vn -0.6989 0.5459 0.4621
vn -0.6273 0.5564 0.5449
vn -0.6758 0.5031 0.5387
vn -0.6224 0.4846 0.6147
vn -0.5969 0.5476 0.5864
vn -0.6095 0.6068 0.5102
vn -0.5955 0.5890 0.5463
vn -0.5732 0.5441 0.6127
vn -0.5921 0.4997 0.6322
vn -0.5833 0.5207 0.6234
vn -0.5889 0.4730 0.6554
vn -0.6510 0.5580 0.5147
vn -0.6949 0.4722 0.5424
vn -0.6042 0.5408 0.5852
vn -0.6347 0.4287 0.6429
vn -0.7671 0.3163 0.5581
vn -0.6414 0.3180 0.6982
vn -0.6979 0.2139 0.6835
vn -0.8534 0.1841 0.4876
vn -0.7117 0.1454 0.6872
vn -0.6796 0.2661 0.6836
vn -0.9013 0.1323 0.4125
vn -0.7267 0.1592 0.6682
vn -0.7606 -0.0327 0.6484
vn -0.9477 -0.0334 0.3175
vn -0.8322 -0.5235 0.1828
vn -0.6565 -0.5504 0.5158
vn -0.7586 -0.1437 0.6355
vn -0.7421 0.0838 0.6651
vn 0.0788 -0.9964 -0.0313
vn -0.1680 -0.9762 0.1371
vn -0.5778 -0.6702 0.4658
vn -0.3955 0.7381 -0.5466
vn -0.4860 0.1462 -0.8616
vn -0.1585 0.1020 -0.9821
vn -0.0988 0.4541 -0.8854
vn -0.0057 0.6142 -0.7891
vn -0.1690 0.1215 -0.9781
vn -0.4931 -0.3059 -0.8144
vn -0.3968 -0.1935 -0.8973
vn -0.5130 -0.1754 -0.8403
vn -0.5880 -0.2023 -0.7832
vn -0.4385 -0.2040 -0.8753
vn -0.4714 -0.2874 -0.8338
vn -0.5553 -0.1715 -0.8138
vn -0.5401 -0.1365 -0.8305
vn -0.4718 -0.0189 -0.8815
vn -0.4560 -0.1129 -0.8828
vn -0.5332 -0.0879 -0.8414
vn -0.5204 -0.0125 -0.8539
vn -0.1533 0.9465 0.2840
vn -0.5555 0.8177 0.1505
vn -0.1922 0.9286 0.3175
vn 0.4097 0.8041 0.4307
vn 0.7241 0.3920 0.5674
vn 0.7066 0.5419 0.4551
vn 0.6701 0.4732 0.5719
vn 0.0926 0.8267 -0.5549
vn -0.1131 0.1634 -0.9801
vn 0.1175 0.1437 -0.9826
vn 0.3102 0.9309 -0.1927
vn -0.5875 -0.1543 -0.7944
vn -0.6450 -0.1198 -0.7547
vn -0.6165 -0.1868 -0.7649
vn -0.5703 -0.2624 -0.7784
vn -0.6051 -0.1047 -0.7892
vn -0.5924 -0.0811 -0.8015
vn -0.5758 -0.1427 -0.8050
vn -0.5636 -0.1323 -0.8154
vn -0.5339 -0.0309 -0.8450
vn -0.5678 -0.0506 -0.8216
vn -0.4517 -0.0847 -0.8881
vn -0.4942 -0.1080 -0.8626
vn -0.1664 -0.5125 -0.8424
vn -0.0829 -0.4650 -0.8814
vn -0.2480 -0.3602 -0.8993
vn -0.2629 -0.3300 -0.9066
vn -0.3575 -0.3317 -0.8730
vn -0.1379 -0.4540 -0.8803
vn -0.2560 -0.4594 -0.8506
vn -0.4356 -0.3121 -0.8443
vn -0.4953 -0.3728 -0.7847
vn -0.3628 -0.5098 -0.7801
vn 0.9759 -0.1275 0.1769
vn 0.8983 -0.3623 -0.2486
vn 0.8918 -0.3757 -0.2521
vn 0.9823 -0.0696 0.1737
vn 0.8777 0.1639 0.4504
vn 0.9141 0.1507 0.3765
vn 0.8139 -0.3892 -0.4313
vn 0.9861 -0.1403 -0.0888
vn 0.8523 0.4967 0.1639
vn 0.6861 -0.1564 -0.7105
vn 0.9829 0.1424 0.1171
vn 0.8603 0.2263 0.4569
vn 0.5849 0.8057 -0.0933
vn 0.4017 0.1029 -0.9100
vn -0.3210 -0.4998 -0.8045
vn -0.4863 -0.3859 -0.7840
vn 0.9229 -0.0744 -0.3778
vn 0.9962 -0.0004 -0.0875
vn 0.9707 -0.0273 -0.2388
vn 0.9780 -0.0303 -0.2066
vn 0.2265 0.9697 0.0920
vn -0.1116 0.9787 -0.1724
vn 0.4357 0.7465 -0.5029
vn 0.7695 0.6385 -0.0131
vn 0.8700 0.1758 -0.4607
vn 0.9750 0.1867 -0.1207
vn 0.6455 0.6815 0.3448
vn 0.8533 0.1504 0.4993
vn 0.8391 0.3798 0.3894
vn 0.8673 -0.0116 0.4976
vn 0.8046 -0.3690 0.4653
vn 0.8270 -0.3305 0.4548
vn 0.6018 -0.7849 0.1476
vn 0.6302 -0.7484 0.2065
vn 0.3268 -0.9302 -0.1672
vn 0.3782 -0.9226 -0.0756
vn 0.4260 -0.8942 -0.1374
vn 0.5670 -0.8234 0.0228
vn 0.4469 -0.8715 -0.2018
vn 0.5527 -0.8286 -0.0893
vn 0.5716 -0.7987 -0.1879
vn 0.4232 -0.8497 -0.3146
vn 0.4573 -0.8503 -0.2606
vn 0.5657 -0.8103 -0.1531
vn 0.3601 -0.8530 -0.3777
vn 0.5751 -0.7831 -0.2365
vn 0.5817 -0.7488 -0.3177
vn 0.2962 -0.8292 -0.4739
vn 0.5760 -0.7054 -0.4131
vn 0.2621 -0.7765 -0.5730
vn 0.2818 -0.6885 -0.6682
vn 0.5573 -0.6658 -0.4961
vn 0.5530 -0.6504 -0.5207
vn 0.3284 -0.6196 -0.7129
vn 0.4077 -0.6137 -0.6761
vn 0.5622 -0.6746 -0.4784
vn 0.5747 -0.7307 -0.3685
vn 0.5239 -0.6432 -0.5585
vn 0.6600 -0.7206 -0.2126
vn 0.6853 -0.6134 -0.3926
vn 0.0876 -0.5554 -0.8270
vn 0.8009 -0.3017 -0.5173
vn 0.7320 -0.3515 -0.5836
vn 0.2437 -0.5429 -0.8037
vn -0.3832 -0.5962 -0.7055
vn -0.3220 -0.6229 -0.7129
vn -0.2229 -0.6372 -0.7378
vn -0.3107 -0.5860 -0.7483
vn -0.2852 -0.3828 -0.8787
vn -0.3197 -0.5089 -0.7993
vn -0.2057 -0.4768 -0.8546
vn -0.1228 -0.4193 -0.8995
vn -0.3638 -0.3063 -0.8797
vn -0.3163 -0.3061 -0.8979
vn -0.1668 -0.4275 -0.8885
vn -0.2681 -0.4448 -0.8546
vn 0.5685 -0.3130 -0.7608
vn 0.8404 -0.1965 -0.5050
vn 0.9881 0.1410 0.0617
vn 0.9686 0.0116 -0.2484
vn 0.9485 0.0693 0.3092
vn 0.9136 -0.1301 0.3852
vn 0.9397 -0.1526 -0.3059
vn 0.9524 -0.2529 -0.1704
vn 0.8801 -0.4606 -0.1153
vn 0.8563 -0.3566 0.3736
vn 0.7806 -0.5408 0.3135
vn 0.7794 -0.6216 -0.0787
vn 0.7289 -0.6818 -0.0617
vn 0.7401 -0.6372 0.2149
vn 0.7137 -0.6890 0.1258
vn 0.6943 -0.7183 -0.0455
vn 0.6916 -0.7183 -0.0752
vn 0.7009 -0.7081 0.0858
vn 0.7106 -0.7036 0.0025
vn 0.7372 -0.6523 -0.1764
vn 0.7162 -0.5763 -0.3936
vn 0.7240 -0.6537 -0.2204
vn 0.7072 -0.6994 -0.1036
vn 0.7401 -0.6106 -0.2817
vn 0.6747 -0.5464 -0.4962
vn 0.7213 -0.5613 -0.4058
vn 0.7359 -0.5914 -0.3297
vn 0.6804 -0.5538 -0.4799
vn 0.6286 -0.6436 -0.4367
vn 0.6392 -0.6498 -0.4113
vn 0.6754 -0.5998 -0.4290
vn 0.6623 -0.5842 -0.4691
vn 0.4961 -0.8100 -0.3128
vn 0.4674 -0.8457 -0.2575
vn 0.5550 -0.7499 -0.3601
vn 0.5901 -0.7089 -0.3864
vn 0.5653 -0.7284 -0.3872
vn 0.4489 -0.8504 -0.2744
vn 0.6063 -0.6484 -0.4603
vn 0.3859 -0.5473 -0.7427
vn 0.4776 -0.5936 -0.6477
vn 0.4678 -0.5690 -0.6763
vn 0.4954 -0.5598 -0.6642
vn 0.5294 -0.6114 -0.5882
vn 0.6098 -0.5997 -0.5182
vn 0.4112 -0.6488 -0.6404
vn 0.4173 -0.5699 -0.7079
vn 0.5081 -0.5988 -0.6191
vn 0.4846 -0.6860 -0.5427
vn 0.5652 -0.5645 -0.6016
vn 0.5729 -0.6114 -0.5458
vn 0.3795 -0.7855 -0.4888
vn 0.3792 -0.7470 -0.5461
vn 0.4356 -0.7789 -0.4513
vn 0.4254 -0.8004 -0.4223
vn 0.5279 -0.7222 -0.4469
vn 0.4781 -0.7891 -0.3858
vn 0.4203 -0.7089 -0.5664
vn 0.3991 -0.7631 -0.5083
vn 0.4527 -0.7527 -0.4781
vn 0.4876 -0.6633 -0.5677
vn 0.4390 -0.7668 -0.4683
vn 0.4460 -0.8003 -0.4007
vn 0.5430 -0.4835 -0.6866
vn 0.5382 -0.2544 -0.8035
vn 0.3784 -0.4456 -0.8113
vn 0.4399 -0.5952 -0.6725
vn 0.3703 -0.6540 -0.6597
vn 0.4322 -0.7070 -0.5598
vn 0.0384 -0.3111 -0.9496
vn 0.2333 -0.3482 -0.9079
vn 0.4193 -0.1786 -0.8901
vn 0.2208 -0.2106 -0.9523
vn 0.1709 -0.5867 -0.7916
vn 0.2798 -0.6087 -0.7424
vn -0.2572 -0.4005 -0.8795
vn -0.1202 -0.3028 -0.9454
vn -0.0123 -0.3015 -0.9534
vn -0.2406 -0.4495 -0.8603
vn 0.0987 -0.5316 -0.8412
vn 0.0163 -0.5930 -0.8050
vn -0.4091 -0.5581 -0.7219
vn -0.4067 -0.5961 -0.6922
vn -0.2649 -0.6643 -0.6990
vn -0.3343 -0.5518 -0.7641
vn -0.0183 -0.7247 -0.6888
vn 0.0330 -0.8171 -0.5756
vn -0.3389 -0.5984 -0.7260
vn -0.3249 -0.5655 -0.7580
vn -0.1309 -0.7577 -0.6393
vn -0.1629 -0.7136 -0.6814
vn 0.1088 -0.8383 -0.5342
vn 0.1274 -0.8695 -0.4772
vn -0.2863 -0.5032 -0.8154
vn -0.2480 -0.4460 -0.8600
vn 0.0117 -0.6841 -0.7293
vn -0.0487 -0.7446 -0.6657
vn 0.1586 -0.8820 -0.4437
vn 0.2074 -0.8388 -0.5033
vn -0.4090 0.8827 -0.2316
vn -0.5007 0.8043 -0.3199
vn -0.5463 0.5358 -0.6438
vn -0.4752 0.6450 -0.5984
vn -0.5032 0.6164 -0.6057
vn -0.3909 0.8447 -0.3656
vn -0.3362 0.9132 -0.2305
vn -0.4966 0.7125 -0.4958
vn -0.4638 0.7696 -0.4388
vn -0.5242 0.5461 -0.6534
vn -0.5161 0.7199 -0.4642
vn -0.4341 0.8568 -0.2784
vn -0.4148 0.8745 -0.2513
vn -0.4570 0.7709 -0.4437
vn -0.4176 0.8752 -0.2441
vn -0.4188 0.8813 -0.2189
vn -0.2107 0.9212 -0.3271
vn -0.1904 0.9389 -0.2866
vn -0.1935 0.8967 -0.3980
vn -0.5379 0.5063 -0.6740
vn -0.4857 0.7730 -0.4081
vn -0.5447 0.3708 -0.7522
vn -0.5189 0.4070 -0.7517
vn -0.5407 0.4170 -0.7306
vn -0.5516 0.4222 -0.7194
vn -0.5430 0.4070 -0.7345
vn -0.4587 0.5017 -0.7334
vn -0.5485 0.4602 -0.6981
vn -0.5714 0.5073 -0.6451
vn -0.5654 0.4187 -0.7106
vn -0.6019 0.4274 -0.6746
vn -0.5188 0.5476 -0.6565
vn -0.3724 0.6778 -0.6339
vn -0.5561 0.5215 -0.6471
vn -0.4557 0.8448 -0.2805
vn -0.4247 0.8940 -0.1426
vn -0.5327 0.6588 -0.5312
vn -0.6152 0.6698 -0.4157
vn -0.5261 0.8351 -0.1608
vn -0.4933 0.8638 -0.1029
vn -0.5620 0.4728 -0.6787
vn -0.6254 0.4813 -0.6142
vn -0.4846 0.3763 -0.7897
vn -0.4004 0.3806 -0.8335
vn -0.4540 0.1322 -0.8811
vn -0.4986 0.1653 -0.8509
vn -0.5056 0.3196 -0.8014
vn -0.5028 0.0984 -0.8588
vn 0.2479 0.8869 -0.3898
vn 0.1910 0.9635 -0.1876
vn 0.4998 0.8662 0.0013
vn 0.6406 0.6762 -0.3639
vn 0.1379 0.9889 -0.0550
vn 0.3051 0.9195 0.2480
vn -0.2459 0.2309 -0.9414
vn -0.5404 0.2160 -0.8132
vn -0.1933 -0.2460 -0.9498
vn 0.1012 -0.1673 -0.9807
vn -0.4404 0.5692 -0.6943
vn -0.6870 0.5348 -0.4920
vn 0.5086 -0.6220 -0.5954
vn 0.1828 -0.5243 -0.8317
vn 0.3203 -0.4849 -0.8138
vn 0.5622 -0.5515 -0.6163
vn 0.5913 -0.5915 -0.5481
vn 0.6162 -0.5279 -0.5845
vn 0.5348 -0.3683 -0.7605
vn 0.6918 -0.4326 -0.5781
vn 0.7729 -0.3357 -0.5384
vn 0.6558 -0.2846 -0.6992
vn 0.7048 -0.3682 -0.6064
vn 0.6432 -0.4481 -0.6209
vn 0.4912 -0.4432 -0.7499
vn 0.5703 -0.3644 -0.7361
vn 0.5979 -0.2999 -0.7434
vn 0.4489 -0.2979 -0.8425
vn 0.7443 -0.1845 -0.6419
vn 0.6301 -0.1455 -0.7628
vn 0.7127 -0.0090 -0.7014
vn 0.8294 -0.0060 -0.5586
vn 0.5192 0.1797 -0.8356
vn 0.4283 0.0488 -0.9023
vn 0.7691 0.5749 -0.2793
vn 0.7793 0.2384 -0.5795
vn 0.8629 0.2836 -0.4184
vn 0.7467 0.6567 -0.1058
vn 0.5966 0.3809 -0.7064
vn 0.5443 0.8286 0.1311
vn 0.2359 0.8925 0.3845
vn 0.4481 0.8531 0.2672
vn 0.2177 0.8323 0.5097
vn 0.1476 0.7224 0.6756
vn 0.2125 0.3022 0.9293
vn 0.3649 0.4579 0.8107
vn 0.5231 0.2165 0.8243
vn 0.2667 0.1673 0.9492
vn 0.5299 0.6277 0.5703
vn 0.7247 0.6516 0.2242
vn 0.8086 0.3640 0.4623
vn 0.7031 0.2681 0.6586
vn -0.5922 0.3908 -0.7047
vn -0.5782 0.3777 -0.7232
vn -0.5455 0.2456 -0.8013
vn -0.5174 0.3064 -0.7990
vn -0.4697 0.5926 -0.6544
vn -0.3894 0.5865 -0.7102
vn -0.4416 0.7328 -0.5177
vn -0.4839 0.7714 -0.4132
vn -0.5248 0.6418 -0.5591
vn -0.4786 0.5163 -0.7102
vn -0.5400 0.7727 -0.3338
vn -0.4649 0.8443 -0.2665
vn -0.4579 0.8605 -0.2234
vn -0.6136 0.5539 -0.5628
vn -0.5774 0.6486 -0.4959
vn -0.5876 0.5101 -0.6281
vn -0.6072 0.4830 -0.6309
vn -0.5271 0.7823 -0.3320
vn -0.4576 0.8500 -0.2610
vn -0.2948 0.8552 -0.4263
vn -0.4298 0.7559 -0.4939
vn 0.0030 0.6038 -0.7972
vn 0.0160 0.4762 -0.8792
vn -0.3329 0.6910 -0.6417
vn 0.1665 0.7206 -0.6731
vn -0.6179 0.6018 -0.5060
vn -0.4200 0.5832 -0.6953
vn -0.4295 0.6681 -0.6076
vn -0.3341 0.6554 -0.6774
vn -0.2212 0.5865 -0.7792
vn -0.2215 0.5251 -0.8217
vn -0.0492 0.4278 -0.9025
vn -0.2566 0.5058 -0.8236
vn -0.2129 0.3471 -0.9133
vn -0.4836 0.4279 -0.7635
vn -0.4203 0.5639 -0.7109
vn -0.2759 0.6186 -0.7357
vn -0.3348 0.6496 -0.6826
vn -0.4720 0.6058 -0.6405
vn -0.5739 0.5006 -0.6481
vn -0.5976 0.5667 -0.5672
vn -0.5766 0.6812 -0.4511
vn -0.5020 0.6842 -0.5291
vn -0.3882 0.6808 -0.6211
vn -0.8473 0.1935 -0.4947
vn -0.6247 0.0666 -0.7781
vn -0.6257 0.0522 -0.7783
vn -0.8234 0.1574 -0.5452
vn -0.8574 0.2472 0.4513
vn -0.9625 0.2683 -0.0401
vn -0.9722 0.1894 -0.1376
vn -0.9218 0.1427 0.3604
vn -0.3314 0.0638 0.9413
vn -0.5995 0.0926 0.7950
vn -0.4817 0.1972 0.8539
vn -0.3195 0.1681 0.9325
vn 0.0075 0.2004 0.9797
vn -0.2866 0.1003 0.9528
vn -0.3287 0.1889 0.9253
vn -0.0153 0.2410 0.9704
vn 0.9608 0.0880 -0.2631
vn 0.9900 0.1136 0.0840
vn 0.9251 0.2369 0.2967
vn 0.9100 0.4023 -0.1002
vn 0.7841 -0.1956 -0.5890
vn 0.9675 -0.0419 -0.2494
vn 0.8715 -0.1596 -0.4637
vn 0.6875 -0.2805 -0.6699
vn 0.8117 0.1943 0.5508
vn 0.4666 0.2581 0.8460
vn 0.3912 0.2822 0.8760
vn 0.6881 0.2633 0.6762
vn 0.9380 0.1506 0.3121
vn 0.8416 0.2263 0.4904
vn 0.7593 0.2976 0.5787
vn 0.4635 0.2841 0.8393
vn 0.4691 0.2572 0.8449
vn 0.7830 0.2157 0.5834
vn 0.7136 -0.3136 -0.6264
vn 0.6010 -0.3126 -0.7356
vn 0.6385 -0.2658 -0.7223
vn 0.7314 -0.2832 -0.6204
vn 0.8897 -0.1323 -0.4370
vn 0.9997 0.0210 0.0086
vn 0.9733 0.0836 0.2138
vn 0.9550 -0.0545 -0.2915
vn 0.9632 0.0400 -0.2657
vn 0.9508 0.1537 0.2691
vn 0.9375 0.1557 -0.3111
vn 0.9319 0.2651 0.2477
vn 0.8247 -0.2899 -0.4857
vn 0.8215 -0.2686 -0.5030
vn 0.6954 -0.2104 -0.6871
vn 0.7546 -0.2219 -0.6176
vn 0.7491 -0.1492 -0.6454
vn 0.7822 -0.1603 -0.6020
vn 0.7774 -0.0655 -0.6256
vn 0.7782 0.0537 -0.6257
vn 0.8296 -0.0704 -0.5538
vn 0.8388 0.0806 -0.5384
vn 0.1770 -0.1288 -0.9757
vn 0.2185 -0.1982 -0.9555
vn -0.0317 -0.0934 -0.9951
vn 0.0045 -0.0519 -0.9986
vn -0.2728 -0.0253 -0.9617
vn -0.1745 -0.0024 -0.9846
vn 0.3640 -0.2855 -0.8866
vn 0.3790 -0.2320 -0.8958
vn 0.6650 -0.2100 -0.7167
vn 0.8350 -0.2106 -0.5084
vn 0.8508 -0.1458 -0.5048
vn 0.6646 -0.1258 -0.7366
vn 0.6326 0.0193 -0.7742
vn 0.8533 -0.0323 -0.5204
vn 0.8004 0.1490 -0.5806
vn 0.5709 0.2157 -0.7922
vn -0.8183 0.0939 -0.5671
vn -0.5936 0.0610 -0.8024
vn -0.3708 0.0781 -0.9254
vn -0.5813 0.1418 -0.8013
vn 0.1088 -0.0483 -0.9929
vn 0.3719 -0.1563 -0.9150
vn 0.3422 -0.0538 -0.9381
vn 0.0490 0.0628 -0.9968
vn -0.0299 0.0482 -0.9984
vn -0.1046 0.1683 -0.9802
vn 0.0154 0.1896 -0.9817
vn 0.3052 0.1037 -0.9466
vn 0.2794 0.2673 -0.9222
vn 0.0169 0.2724 -0.9620
vn -0.4527 0.2059 -0.8676
vn -0.1290 0.2356 -0.9633
vn -0.1145 0.2371 -0.9647
vn -0.3806 0.1579 -0.9112
vn -0.9626 -0.0095 0.2709
vn -0.9754 0.0442 -0.2159
vn -0.9326 0.0328 -0.3595
vn -0.9839 -0.0048 0.1788
vn -0.7178 -0.0027 0.6963
vn -0.3762 0.0233 0.9262
vn -0.4495 0.0551 0.8916
vn -0.7785 0.0192 0.6274
vn -0.9960 0.0397 0.0805
vn -0.8648 0.0712 -0.4970
vn -0.8221 0.0626 -0.5659
vn -0.9972 0.0741 0.0114
vn -0.2283 0.0623 0.9716
vn 0.0507 0.1897 0.9805
vn 0.1030 0.2276 0.9683
vn -0.2099 0.1003 0.9726
vn -0.8270 0.0705 0.5578
vn -0.8603 0.1133 0.4971
vn -0.5137 0.1044 0.8516
vn -0.5669 0.1531 0.8094
vn 0.4661 0.3305 0.8207
vn 0.7397 0.3933 0.5460
vn 0.7346 0.4625 0.4964
vn 0.4919 0.3807 0.7830
vn 0.2108 0.3478 0.9136
vn -0.2118 0.2220 0.9518
vn -0.2084 0.1511 0.9663
vn 0.1555 0.2821 0.9467
vn 0.8236 0.4212 -0.3798
vn 0.8564 0.4966 0.1411
vn 0.8879 0.4020 0.2237
vn 0.8921 0.3008 -0.3372
vn 0.6661 0.2728 -0.6942
vn 0.6565 0.2706 -0.7041
vn 0.7329 0.1753 -0.6574
vn 0.7628 0.2209 -0.6077
vn 0.7752 0.5087 0.3746
vn 0.5542 0.4536 0.6979
vn 0.5247 0.4199 0.7405
vn 0.7443 0.5029 0.4395
vn 0.4772 0.3325 -0.8135
vn 0.6670 0.2906 -0.6860
vn 0.5420 0.3126 -0.7801
vn 0.4174 0.3182 -0.8512
vn 0.8395 0.5425 -0.0304
vn 0.7116 0.4453 -0.5435
vn 0.5756 0.3464 -0.7407
vn 0.8463 0.4871 -0.2158
vn 0.4345 0.2764 -0.8572
vn 0.5377 0.2952 -0.7897
vn 0.0680 0.2775 -0.9583
vn 0.2667 0.3316 -0.9049
vn 0.2881 0.2917 -0.9121
vn 0.1577 0.2414 -0.9575
vn -0.2710 0.1311 -0.9536
vn -0.0334 0.2002 -0.9792
vn 0.0875 0.1817 -0.9795
vn -0.0888 0.1522 -0.9844
vn 0.2980 0.2335 -0.9256
vn 0.3408 0.2504 -0.9062
vn 0.1473 0.1802 -0.9725
vn 0.2484 0.1957 -0.9487
vn 0.5341 0.2984 -0.7910
vn 0.4654 0.2826 -0.8388
vn 0.8205 0.4791 -0.3117
vn 0.7866 0.4995 -0.3629
vn 0.7723 0.5883 0.2396
vn 0.7815 0.5475 0.2991
vn 0.3842 0.3057 -0.8712
vn 0.7110 0.5631 -0.4212
vn 0.0908 0.4886 -0.8678
vn 0.3410 0.8357 -0.4305
vn 0.5717 0.8050 0.1588
vn 0.7315 0.6515 0.2013
vn 0.5745 0.5072 0.6424
vn 0.5751 0.5720 0.5849
vn 0.2637 0.4302 0.8634
vn 0.2662 0.5168 0.8137
vn -0.1818 0.4040 0.8965
vn -0.1870 0.3075 0.9330
vn -0.5749 0.1924 0.7953
vn -0.5518 0.2523 0.7949
vn -0.1587 0.2160 -0.9634
vn -0.5287 0.2176 -0.8205
vn -0.9085 0.3093 -0.2811
vn -0.5709 0.3934 -0.7207
vn -0.9833 0.1535 -0.0979
vn -0.7341 0.1101 -0.6701
vn -0.8444 0.2820 0.4555
vn -0.8817 0.1640 0.4424
vn -0.4430 0.4935 0.7485
vn 0.1481 0.6227 0.7683
vn -0.1290 0.7487 0.6502
vn -0.7586 0.5992 0.2559
vn -0.4455 0.8791 -0.1693
vn 0.2257 0.8794 0.4191
vn 0.5055 0.6561 0.5603
vn -0.7158 0.6616 0.2235
vn -0.7357 0.6458 -0.2042
vn -0.6007 0.7786 -0.1815
vn -0.5862 0.7710 0.2490
vn -0.6756 0.5337 -0.5086
vn -0.7089 0.4725 -0.5236
vn -0.6095 0.5032 -0.6127
vn -0.6139 0.5261 -0.5885
vn -0.5317 0.7257 -0.4367
vn -0.5652 0.7281 -0.3879
vn -0.4276 0.7578 0.4928
vn -0.5142 0.7881 0.3384
vn -0.4492 0.7961 0.4055
vn -0.4125 0.7432 0.5268
vn -0.4094 0.8777 0.2491
vn -0.2946 0.9416 0.1629
vn -0.1917 0.9494 0.2487
vn -0.3002 0.8986 0.3200
vn -0.3231 0.9456 0.0386
vn -0.3494 0.9370 0.0057
vn -0.4377 0.6937 0.5720
vn -0.4149 0.7496 0.5158
vn -0.3524 0.6975 0.6239
vn -0.4671 0.6434 0.6065
vn -0.5920 0.5436 -0.5950
vn -0.5690 0.5811 -0.5819
vn -0.5477 0.7571 -0.3560
vn -0.5764 0.7374 -0.3523
vn -0.2299 0.8617 0.4523
vn -0.1718 0.9210 0.3496
vn -0.1220 0.9004 0.4177
vn -0.1168 0.8068 0.5792
vn -0.3125 0.9435 0.1099
vn -0.3356 0.9373 0.0935
vn -0.2296 0.6489 0.7254
vn -0.4862 0.6067 0.6289
vn 0.0379 0.6383 0.7689
vn -0.3779 0.6463 0.6629
vn -0.5846 0.5635 -0.5837
vn -0.6261 0.5151 -0.5854
vn -0.6113 0.6690 -0.4228
vn -0.5518 0.7355 -0.3931
vn -0.0443 0.8921 0.4496
vn 0.0425 0.7225 0.6901
vn 0.1752 0.6768 0.7150
vn -0.0671 0.8818 0.4668
vn -0.2999 0.9512 0.0727
vn -0.4001 0.9159 0.0318
vn -0.1814 0.6733 0.7168
vn -0.0492 0.6478 0.7602
vn 0.1291 0.5349 0.8350
vn 0.0386 0.4681 0.8828
vn -0.2569 0.8285 0.4976
vn 0.0564 0.6177 0.7844
vn -0.1519 0.5692 0.8080
vn -0.4348 0.7595 0.4838
vn -0.2344 0.7253 0.6473
vn 0.0324 0.9004 0.4339
vn 0.0352 0.8399 0.5416
vn 0.0010 0.7273 0.6864
vn -0.1119 0.5094 0.8532
vn 0.0136 0.6401 0.7682
vn -0.5314 0.7369 0.4179
vn -0.3475 0.5936 0.7259
vn -0.4631 0.7040 0.5384
vn -0.5459 0.7603 0.3520
vn -0.6481 0.4910 -0.5821
vn -0.6022 0.5402 -0.5877
vn -0.6633 0.6279 -0.4071
vn -0.6712 0.6099 -0.4214
vn -0.5656 0.8245 0.0182
vn -0.6556 0.7551 0.0078
vn 0.0409 0.9957 0.0830
vn -0.2177 0.9579 0.1873
vn -0.1956 0.9414 -0.2749
vn -0.1043 0.9378 -0.3312
vn -0.3392 0.6179 -0.7093
vn -0.4336 0.5124 -0.7412
vn -0.3605 0.6054 -0.7096
vn -0.3142 0.6775 -0.6651
vn -0.4667 0.8752 0.1271
vn -0.5534 0.8329 0.0040
vn -0.4313 0.8170 -0.3827
vn -0.3753 0.8912 -0.2546
vn -0.2429 0.7568 -0.6069
vn -0.2654 0.7873 -0.5565
vn -0.3499 0.7324 -0.5841
vn -0.3158 0.8120 -0.4909
vn -0.3850 0.6373 -0.6675
vn -0.4755 0.6583 -0.5836
vn -0.5699 0.7222 -0.3918
vn -0.3701 0.6587 -0.6551
vn -0.6443 0.7647 -0.0106
vn -0.2214 -0.7028 -0.6761
vn -0.1671 -0.8890 -0.4263
vn 0.3962 -0.7731 -0.4953
vn 0.3195 -0.7020 -0.6365
vn 0.0153 -0.6046 -0.7964
vn 0.3072 -0.5239 -0.7945
vn 0.6498 -0.4307 -0.6263
vn 0.4988 -0.5258 -0.6890
vn 0.6445 -0.5322 -0.5490
vn 0.7733 -0.3735 -0.5124
vn 0.4866 -0.4442 -0.7523
vn 0.5042 -0.4317 -0.7479
vn 0.7330 -0.3954 -0.5535
vn 0.6533 -0.5267 -0.5438
vn 0.2494 -0.6625 -0.7063
vn 0.5377 -0.6888 -0.4863
vn 0.8442 -0.4695 -0.2586
vn 0.7266 -0.6021 -0.3310
vn 0.7236 -0.5438 -0.4251
vn 0.8215 -0.5084 -0.2582
vn 0.7679 -0.6140 -0.1826
vn 0.4845 -0.8404 -0.2429
vn 0.8055 -0.3793 -0.4553
vn 0.6354 -0.3652 0.6804
vn 0.6436 -0.2235 0.7320
vn 0.6852 -0.2449 0.6859
vn 0.6723 -0.3645 0.6443
vn 0.6292 -0.1400 0.7645
vn 0.6383 -0.1454 0.7559
vn 0.5172 -0.0485 0.8545
vn 0.5014 -0.0946 0.8600
vn 0.7100 -0.5448 0.4461
vn 0.6781 -0.5013 0.5374
vn 0.6920 -0.5685 0.4448
vn 0.6733 -0.5056 0.5395
vn 0.7396 -0.4672 0.4845
vn 0.7391 -0.4829 0.4696
vn 0.6829 -0.5069 0.5261
vn 0.7064 -0.4922 0.5086
vn 0.6781 -0.6944 0.2409
vn 0.4483 -0.8735 -0.1898
vn 0.3329 -0.9405 -0.0679
vn 0.6266 -0.7085 0.3247
vn 0.5278 0.1502 0.8360
vn 0.4376 0.3638 0.8223
vn 0.6940 0.0876 0.7146
vn 0.5466 0.3486 0.7614
vn -0.0427 0.9183 0.3935
vn 0.0132 0.8421 0.5391
vn -0.0845 0.9346 0.3455
vn -0.0437 0.8785 0.4758
vn -0.1737 0.9710 0.1642
vn -0.1611 0.9737 0.1612
vn 0.3272 0.4618 0.8244
vn 0.3082 0.5109 0.8025
vn 0.0933 0.6844 0.7231
vn 0.0542 0.6326 0.7726
vn -0.0775 0.7607 0.6445
vn -0.0455 0.7838 0.6194
vn -0.0376 0.7239 0.6889
vn -0.0222 0.7296 0.6835
vn 0.0335 0.6414 0.7665
vn 0.0352 0.6383 0.7690
vn 0.0882 0.5737 0.8143
vn 0.0827 0.5603 0.8241
vn 0.0925 0.5548 0.8268
vn 0.0979 0.5820 0.8073
vn 0.0582 0.6754 0.7352
vn 0.0681 0.6290 0.7744
vn 0.0499 0.7345 0.6768
vn -0.0012 0.7939 0.6081
vn -0.5420 0.0151 -0.8403
vn -0.5638 0.1294 -0.8157
vn -0.5504 -0.0037 -0.8349
vn -0.5033 -0.0763 -0.8607
vn -0.3544 -0.5366 -0.7658
vn -0.3429 -0.5717 -0.7454
vn -0.4048 -0.3128 -0.8592
vn -0.4723 -0.2625 -0.8414
vn -0.3331 -0.5178 -0.7880
vn -0.3517 -0.4845 -0.8010
vn -0.3550 -0.3664 -0.8601
vn -0.3791 -0.3377 -0.8615
vn -0.2397 -0.4233 -0.8737
vn -0.2421 -0.4329 -0.8683
vn -0.0981 -0.6929 -0.7143
vn -0.0163 -0.6851 -0.7283
vn 0.2031 -0.8184 -0.5375
vn 0.0828 -0.8646 -0.4956
vn -0.5733 0.2497 -0.7804
vn -0.5669 0.1817 -0.8035
vn -0.5929 0.3696 -0.7154
vn -0.6052 0.3349 -0.7222
vn -0.3247 0.9411 -0.0940
vn -0.3346 0.9332 -0.1313
vn -0.4937 0.7661 -0.4115
vn -0.4757 0.7956 -0.3751
vn -0.6039 0.5796 -0.5471
vn -0.6083 0.4782 -0.6334
vn -0.6092 0.5726 -0.5487
vn -0.6315 0.4623 -0.6225
vn -0.5124 0.8449 -0.1538
vn -0.5747 0.7208 -0.3875
vn -0.4715 0.8506 -0.2327
vn -0.5573 0.7110 -0.4288
vn -0.6078 0.7138 -0.3480
vn -0.5159 0.8475 -0.1245
vn -0.5155 0.7847 -0.3441
vn -0.4360 0.8868 -0.1533
vn -0.6455 0.5325 -0.5476
vn -0.6261 0.4733 -0.6196
vn -0.5948 0.5208 -0.6124
vn -0.5854 0.5945 -0.5513
vn -0.5634 0.6073 -0.5601
vn -0.5844 0.5683 -0.5793
vn 0.4903 -0.4172 0.7652
vn 0.5087 -0.2511 0.8235
vn 0.4074 -0.4273 0.8071
vn 0.4125 -0.2708 0.8698
vn 0.4245 -0.1286 0.8963
vn 0.5479 -0.1481 0.8233
vn 0.5806 -0.6370 0.5070
vn 0.5196 -0.5921 0.6160
vn 0.4750 -0.6989 0.5347
vn 0.4120 -0.6423 0.6463
vn 0.4945 -0.5336 0.6861
vn 0.5236 -0.5752 0.6286
vn 0.6145 -0.5374 0.5775
vn 0.5748 -0.5353 0.6189
vn 0.1188 -0.9906 0.0672
vn 0.4551 -0.7610 0.4624
vn 0.3770 -0.7530 0.5393
vn 0.1364 -0.9899 0.0383
vn 0.4485 0.0646 0.8915
vn 0.6263 0.1000 0.7732
vn 0.4793 0.2683 0.8356
vn 0.3952 0.2247 0.8907
vn -0.0614 0.9095 0.4112
vn -0.1032 0.9527 0.2860
vn -0.1039 0.9702 0.2190
vn -0.0457 0.9328 0.3575
vn -0.1658 0.9840 0.0652
vn -0.1722 0.9764 0.1306
vn 0.3235 0.3558 0.8768
vn 0.3328 0.4014 0.8533
vn 0.1636 0.5950 0.7869
vn 0.1035 0.6209 0.7770
vn -0.0532 0.7645 0.6424
vn -0.0050 0.7494 0.6621
vn -0.0347 0.7356 0.6766
vn -0.0399 0.7323 0.6798
vn 0.0024 0.6846 0.7289
vn 0.0257 0.6581 0.7525
vn 0.0605 0.6441 0.7626
vn 0.0868 0.5995 0.7957
vn 0.1059 0.6161 0.7805
vn 0.0974 0.6645 0.7409
vn 0.0883 0.7520 0.6532
vn 0.0695 0.7156 0.6950
vn -0.0044 0.8343 0.5513
vn 0.0295 0.8593 0.5107
vn -0.5161 -0.0225 -0.8562
vn -0.3894 -0.2671 -0.8815
vn -0.4411 -0.0853 -0.8934
vn -0.3055 -0.3447 -0.8876
vn -0.2307 -0.4880 -0.8418
vn -0.2277 -0.5022 -0.8342
vn -0.2760 -0.4847 -0.8300
vn -0.3236 -0.4372 -0.8391
vn -0.3434 -0.3669 -0.8645
vn -0.3996 -0.3539 -0.8456
vn -0.4000 -0.4859 -0.7771
vn -0.3167 -0.4596 -0.8297
vn -0.2105 -0.7132 -0.6686
vn -0.2718 -0.7496 -0.6035
vn -0.1167 -0.9088 -0.4005
vn -0.0639 -0.8961 -0.4392
vn -0.5884 0.3042 -0.7492
vn -0.5495 0.1459 -0.8226
vn -0.5545 0.2498 -0.7938
vn -0.5077 0.1001 -0.8557
vn -0.2910 0.9393 -0.1816
vn -0.3039 0.9450 -0.1206
vn -0.4447 0.8013 -0.4003
vn -0.4252 0.7780 -0.4625
vn -0.5650 0.5626 -0.6035
vn -0.5792 0.4123 -0.7032
vn -0.6000 0.4528 -0.6595
vn -0.5814 0.5807 -0.5698
vn -0.3865 0.8534 -0.3498
vn -0.4993 0.7100 -0.4966
vn -0.5202 0.7171 -0.4639
vn -0.4158 0.8600 -0.2958
vn -0.4160 0.8486 -0.3268
vn -0.3543 0.9153 -0.1913
vn -0.3498 0.8959 -0.2740
vn -0.3103 0.9217 -0.2326
vn -0.4925 0.5486 -0.6757
vn -0.4510 0.7304 -0.5129
vn -0.5049 0.6484 -0.5698
vn -0.5387 0.5387 -0.6478
vn -0.4893 0.5873 -0.6447
vn -0.5244 0.6187 -0.5850
vn 0.4039 -0.4215 0.8119
vn 0.3930 -0.2730 0.8781
vn 0.4010 -0.3035 0.8644
vn 0.4386 -0.4584 0.7730
vn 0.3748 -0.1550 0.9140
vn 0.3803 -0.1145 0.9177
vn 0.4728 -0.7314 0.4914
vn 0.4217 -0.6501 0.6321
vn 0.4697 -0.6856 0.5561
vn 0.5204 -0.7547 0.3995
vn 0.6571 -0.5024 0.5620
vn 0.6087 -0.5947 0.5251
vn 0.5384 -0.5865 0.6051
vn 0.5636 -0.5064 0.6526
vn 0.2971 -0.9548 0.0040
vn 0.5104 -0.7092 0.4863
vn 0.5465 -0.8322 0.0943
vn 0.6892 -0.5793 0.4352
vn 0.3466 0.0091 0.9380
vn 0.3717 0.0489 0.9271
vn 0.3089 0.1366 0.9412
vn 0.3399 0.1921 0.9206
vn 0.0045 0.9506 0.3103
vn -0.0688 0.9855 0.1550
vn -0.0284 0.9969 0.0735
vn 0.0213 0.9722 0.2331
vn -0.1486 0.9888 -0.0169
vn -0.1128 0.9874 -0.1108
vn 0.2904 0.3122 0.9045
vn 0.2610 0.2539 0.9314
vn 0.2215 0.4153 0.8823
vn 0.2041 0.5205 0.8291
vn 0.0723 0.7001 0.7104
vn 0.1632 0.6161 0.7706
vn 0.1163 0.6998 0.7048
vn 0.0110 0.7275 0.6860
vn 0.0881 0.7260 0.6820
vn 0.0011 0.7164 0.6977
vn 0.0757 0.7462 0.6614
vn 0.0265 0.7046 0.7091
vn 0.0765 0.7827 0.6177
vn 0.0623 0.7271 0.6837
vn 0.0735 0.8453 0.5292
vn 0.0791 0.7964 0.5996
vn 0.0592 0.8823 0.4669
vn 0.0578 0.9158 0.3974
vn -0.4122 -0.4163 -0.8104
vn -0.4307 -0.4551 -0.7793
vn -0.3055 -0.4441 -0.8423
vn -0.3951 -0.2473 -0.8847
vn -0.3489 -0.4801 -0.8049
vn -0.5016 -0.4218 -0.7553
vn -0.5156 -0.3814 -0.7673
vn -0.4249 -0.3874 -0.8182
vn -0.4448 -0.3456 -0.8263
vn -0.4648 -0.4009 -0.7895
vn -0.3651 -0.6149 -0.6990
vn -0.4065 -0.5309 -0.7435
vn -0.2542 -0.7920 -0.5551
vn -0.1445 -0.8603 -0.4889
vn 0.1787 -0.9422 -0.2833
vn -0.0439 -0.9290 -0.3675
vn -0.5589 0.1471 -0.8161
vn -0.5069 0.0011 -0.8620
vn -0.5873 0.0266 -0.8089
vn -0.5166 -0.1978 -0.8331
vn -0.2815 0.8631 -0.4194
vn -0.2827 0.9184 -0.2768
vn -0.4223 0.7067 -0.5677
vn -0.4288 0.6246 -0.6527
vn -0.5982 0.3881 -0.7010
vn -0.6130 0.1857 -0.7679
vn -0.5896 0.3271 -0.7385
vn -0.5762 0.5047 -0.6428
vn -0.4443 0.7644 -0.4672
vn -0.5488 0.5827 -0.5994
vn -0.5066 0.6778 -0.5328
vn -0.3937 0.8255 -0.4044
vn -0.3007 0.9172 -0.2613
vn -0.3015 0.9085 -0.2893
vn -0.2803 0.9157 -0.2878
vn -0.3361 0.8735 -0.3523
vn -0.3874 0.8227 -0.4160
vn -0.3043 0.9006 -0.3104
vn -0.3922 0.8408 -0.3732
vn -0.4694 0.6553 -0.5918
vn -0.4733 0.5495 -0.6885
vn -0.4518 0.6634 -0.5965
vn -0.5825 -0.0914 -0.8077
vn -0.5311 -0.4840 -0.6955
vn -0.3917 -0.5988 -0.6986
vn -0.5727 0.1801 -0.7997
vn -0.4857 -0.2430 -0.8397
vn -0.5285 0.1243 -0.8398
vn -0.5627 0.2757 -0.7793
vn -0.6156 0.0377 -0.7872
vn -0.6049 -0.3640 -0.7083
vn -0.5288 0.3941 -0.7517
vn -0.5514 0.2276 -0.8026
vn -0.6255 0.2074 -0.7522
vn -0.5859 0.4052 -0.7018
vn -0.6431 0.1177 -0.7567
vn -0.5559 0.1496 -0.8177
vn -0.6562 0.1220 -0.7447
vn -0.6392 0.2808 -0.7160
vn -0.5893 0.4679 -0.6586
vn -0.5184 0.2460 -0.8190
vn -0.5497 0.3154 -0.7735
vn -0.4944 0.4911 -0.7172
vn -0.4880 0.3763 -0.7876
vn -0.4904 0.4489 -0.7469
vn -0.4152 0.6212 -0.6646
vn -0.4960 0.2375 -0.8352
vn -0.4931 0.1400 -0.8586
vn -0.4862 0.3717 -0.7909
vn -0.3140 0.8855 -0.3425
vn -0.4436 0.6852 -0.5777
vn -0.4506 0.6833 -0.5745
vn -0.2655 0.8795 -0.3949
vn -0.4560 0.7092 -0.5377
vn -0.2639 0.8965 -0.3558
vn -0.4337 0.6089 -0.6642
vn -0.4043 0.6736 -0.6187
vn -0.3546 0.8179 -0.4530
vn -0.3248 0.8149 -0.4801
vn -0.3613 0.7368 -0.5714
vn -0.3383 0.8015 -0.4931
vn -0.4449 0.6284 -0.6381
vn -0.3695 0.8383 -0.4009
vn -0.2535 0.9512 -0.1761
vn -0.2382 0.9512 -0.1961
vn -0.0945 0.9799 -0.1758
vn -0.0642 0.9784 -0.1963
vn -0.0874 0.9667 -0.2406
vn -0.1200 0.9442 -0.3066
vn -0.2973 0.9194 -0.2576
vn -0.2972 0.9077 -0.2962
vn -0.2862 0.8902 -0.3544
vn -0.3037 0.9020 -0.3069
vn -0.3607 0.8249 -0.4353
vn -0.4346 0.8027 -0.4085
vn -0.3233 0.9153 -0.2402
vn -0.3258 0.9263 -0.1893
vn -0.3881 0.7689 -0.5081
vn -0.3489 0.8554 -0.3829
vn -0.2388 0.8609 -0.4493
vn -0.2960 0.8194 -0.4908
vn -0.2425 0.8738 -0.4216
vn -0.2902 0.8326 -0.4718
vn -0.3894 0.8288 -0.4018
vn -0.4751 0.7679 -0.4297
vn -0.3804 0.8584 -0.3442
vn -0.3303 0.8966 -0.2949
vn -0.5241 0.7415 -0.4189
vn -0.5629 0.7126 -0.4187
vn -0.3628 0.8903 -0.2753
vn -0.4076 0.8058 -0.4296
vn -0.3826 0.7923 -0.4753
vn -0.2951 0.8410 -0.4534
vn -0.2541 0.8936 -0.3700
vn -0.3377 0.8778 -0.3397
vn -0.2818 0.7991 -0.5311
vn -0.1834 0.8919 -0.4134
vn -0.4157 0.8187 -0.3961
vn -0.4880 0.7907 -0.3697
vn -0.5013 0.7404 -0.4477
vn -0.4260 0.7775 -0.4626
vn -0.5850 0.6904 -0.4256
vn -0.5997 0.7118 -0.3657
vn -0.4233 0.7708 -0.4761
vn -0.3862 0.8466 -0.3663
vn -0.0115 0.9956 0.0928
vn -0.1311 0.9911 0.0247
vn -0.1867 0.9647 -0.1855
vn -0.0796 0.9874 -0.1365
vn -0.2818 0.9436 -0.1736
vn -0.2122 0.9770 0.0206
vn -0.2010 0.9786 0.0436
vn -0.2485 0.9611 0.1206
vn -0.4124 0.8968 -0.1604
vn -0.3495 0.9105 -0.2210
vn -0.4724 0.8737 -0.1158
vn -0.2643 0.9473 0.1810
vn -0.2344 0.9718 0.0269
vn -0.3329 0.9220 -0.1978
vn 0.0711 0.8750 0.4789
vn 0.0458 0.8742 0.4834
vn -0.0559 0.9645 0.2581
vn 0.0292 0.9541 0.2980
vn -0.0847 0.9554 0.2830
vn 0.0809 0.8397 0.5370
vn 0.1811 0.7755 0.6048
vn 0.1372 0.7765 0.6150
vn -0.0574 0.9197 0.3884
vn 0.0023 0.9350 0.3546
vn 0.1251 0.7455 0.6547
vn -0.0663 0.8943 0.4425
vn 0.1316 0.7934 0.5943
vn -0.0514 0.9400 0.3374
vn 0.1845 0.6850 0.7048
vn 0.2839 0.5605 0.7780
vn 0.1705 0.7196 0.6731
vn 0.1221 0.7750 0.6201
vn 0.2203 0.6712 0.7078
vn 0.3080 0.5192 0.7972
vn 0.3061 0.4815 0.8213
vn 0.2574 0.6089 0.7503
vn 0.3036 0.5873 0.7503
vn 0.3474 0.5051 0.7901
vn 0.2464 0.5233 0.8157
vn 0.2104 0.6351 0.7432
vn 0.3176 0.5106 0.7990
vn 0.2602 0.6165 0.7432
vn 0.2755 0.4943 0.8245
vn 0.2765 0.5453 0.7913
vn 0.2792 0.6164 0.7363
vn 0.2510 0.6104 0.7513
vn 0.2655 0.6261 0.7331
vn 0.2453 0.6340 0.7334
vn 0.2666 0.5938 0.7592
vn 0.2980 0.6241 0.7223
vn 0.2080 0.7444 0.6345
vn 0.1737 0.7597 0.6266
vn 0.1920 0.6874 0.7004
vn 0.2545 0.4858 0.8362
vn 0.2285 0.6975 0.6792
vn 0.2715 0.6288 0.7286
vn 0.3087 0.1131 0.9444
vn 0.3431 0.0525 0.9378
vn 0.3289 0.2314 0.9156
vn 0.2808 0.2722 0.9204
vn 0.3088 0.3298 0.8921
vn 0.3355 0.0586 0.9402
vn 0.3583 0.3032 0.8830
vn 0.2731 0.6041 0.7486
vn 0.2959 0.5132 0.8056
vn 0.3726 0.1447 0.9167
vn 0.3232 0.4251 0.8455
vn 0.2433 0.6506 0.7194
vn 0.3569 0.0760 0.9311
vn 0.2907 0.4420 0.8486
vn 0.3646 -0.0884 0.9270
vn 0.3724 -0.1633 0.9136
vn 0.3597 -0.0550 0.9314
vn 0.3362 0.0185 0.9416
vn 0.3460 -0.0670 0.9358
vn 0.3538 -0.1876 0.9163
vn 0.3526 -0.1787 0.9186
vn 0.3462 0.1252 0.9298
vn 0.3553 -0.0073 0.9347
vn 0.3612 -0.2222 0.9056
vn 0.3820 -0.1073 0.9179
vn 0.3465 0.2324 0.9088
vn 0.3579 -0.2102 0.9098
vn 0.3589 -0.0631 0.9312
vn 0.3862 -0.3604 0.8491
vn 0.3703 -0.4391 0.8186
vn 0.3771 -0.2847 0.8813
vn 0.3831 -0.2226 0.8965
vn 0.3582 -0.3047 0.8825
vn 0.3500 -0.4287 0.8329
vn 0.3633 -0.5744 0.7336
vn 0.3527 -0.4377 0.8271
vn 0.3799 -0.3962 0.8359
vn 0.4003 -0.5034 0.7657
vn 0.3546 -0.6119 0.7070
vn 0.3746 -0.4289 0.8220
vn 0.3683 -0.4491 0.8140
vn 0.3632 -0.3426 0.8664
vn 0.3510 -0.7726 0.5290
vn 0.2188 -0.9047 0.3656
vn 0.3309 -0.6509 0.6833
vn 0.3789 -0.5389 0.7523
vn 0.3002 -0.6500 0.6981
vn 0.1564 -0.9204 0.3583
vn 0.2667 -0.8837 0.3845
vn 0.3699 -0.6859 0.6267
vn 0.3821 -0.6604 0.6464
vn 0.2337 -0.8987 0.3712
vn 0.2443 -0.8824 0.4022
vn 0.3412 -0.7203 0.6040
vn 0.1770 -0.9178 0.3554
vn 0.3286 -0.6604 0.6752
vn 0.4179 -0.8849 0.2059
vn 0.2301 -0.9568 0.1775
vn 0.1031 -0.9928 0.0607
vn 0.2984 -0.9398 0.1667
vn -0.0022 -0.9997 0.0233
vn 0.1160 -0.9898 0.0827
vn -0.0282 -0.9993 -0.0237
vn -0.0038 -1.0000 -0.0081
vn -0.0069 -0.9995 -0.0316
vn -0.0070 -0.9997 -0.0223
vn -0.0289 -0.9989 0.0372
vn -0.0340 -0.9981 0.0520
vn -0.0392 -0.9985 -0.0386
vn 0.0399 -0.9992 -0.0063
vn 0.6148 -0.6221 0.4848
vn 0.5104 -0.7349 0.4466
vn 0.4260 -0.8162 0.3903
vn 0.5495 -0.7110 0.4387
vn 0.3500 -0.8697 0.3480
vn 0.4035 -0.8381 0.3671
vn 0.3268 -0.8671 0.3760
vn 0.3233 -0.8421 0.4316
vn 0.2614 -0.9060 0.3329
vn 0.2763 -0.9112 0.3057
vn 0.2110 -0.8951 0.3927
vn 0.3052 -0.7908 0.5306
vn 0.3505 -0.8687 0.3500
vn 0.3152 -0.8892 0.3316
vn 0.6255 -0.6663 0.4059
vn 0.5582 -0.5776 0.5957
vn 0.5787 -0.6374 0.5087
vn 0.6600 -0.5762 0.4820
vn 0.5144 -0.6919 0.5066
vn 0.5498 -0.4555 0.7001
vn 0.5752 -0.3471 0.7408
vn 0.5379 -0.3084 0.7846
vn 0.4401 -0.6306 0.6392
vn 0.4607 -0.6810 0.5692
vn 0.4281 -0.5462 0.7200
vn 0.5088 -0.3101 0.8031
vn 0.5669 -0.3574 0.7422
vn 0.4792 -0.6768 0.5588
vn 0.4361 -0.5895 0.6800
vn 0.3835 -0.5613 0.7334
vn 0.4690 -0.5890 0.6581
vn 0.1557 -0.9673 0.2003
vn 0.1068 -0.9546 0.2780
vn 0.0372 -0.9312 0.3627
vn -0.4944 -0.5684 -0.6577
vn -0.5289 -0.4723 -0.7051
vn -0.2602 -0.9497 -0.1742
vn -0.1774 -0.9660 -0.1883
vn -0.3607 -0.9098 -0.2052
vn -0.5822 -0.3861 -0.7156
vn 0.4782 -0.6099 0.6320
vn 0.4339 -0.6377 0.6364
vn 0.1614 -0.9608 0.2253
vn 0.1830 -0.9677 0.1732
vn 0.3703 -0.8994 0.2323
vn -0.1309 -0.9720 -0.1949
vn 0.1074 -0.9665 0.2330
vn 0.4281 -0.7226 0.5427
vn -0.4247 -0.2415 -0.8725
vn -0.2791 -0.6363 -0.7192
vn -0.2665 -0.6702 -0.6927
vn -0.4914 -0.1990 -0.8479
vn -0.4871 -0.6352 -0.5993
vn -0.1477 -0.9575 -0.2478
vn -0.2746 -0.9410 -0.1979
vn -0.6017 -0.5700 -0.5595
vn -0.5013 -0.7687 -0.3973
vn -0.6593 -0.4445 -0.6064
vn -0.6125 -0.0528 -0.7887
vn -0.5993 -0.0714 -0.7973
vn -0.6357 -0.0072 -0.7719
vn -0.6155 0.0171 -0.7879
vn -0.6280 -0.0533 -0.7764
vn -0.6007 -0.0990 -0.7933
vn -0.6255 -0.3451 -0.6997
vn -0.5834 -0.3864 -0.7144
vn -0.5142 -0.3947 -0.7614
vn -0.6551 -0.1048 -0.7482
vn -0.4759 -0.6493 -0.5932
vn -0.6512 -0.3941 -0.6485
vn -0.6785 -0.0291 -0.7340
vn -0.6099 -0.1406 -0.7799
vn -0.6454 -0.1331 -0.7522
vn -0.6565 -0.1712 -0.7347
vn -0.5781 -0.2689 -0.7704
vn -0.6274 -0.2474 -0.7384
vn -0.5500 -0.3690 -0.7492
vn -0.1441 -0.9592 -0.2432
vn -0.4860 -0.6039 -0.6317
vn -0.6178 -0.0808 -0.7822
vn -0.5732 -0.0477 -0.8180
vn -0.3928 -0.5522 -0.7354
vn -0.4107 -0.4476 -0.7943
vn -0.4140 -0.6536 -0.6336
vn -0.5284 -0.5939 -0.6067
vn -0.4671 -0.8456 -0.2583
vn -0.4439 -0.8644 -0.2362
vn -0.6615 -0.3270 -0.6749
vn -0.6960 -0.3206 -0.6425
vn 0.0029 -0.9448 0.3278
vn -0.0117 -0.9334 0.3586
vn 0.3517 -0.5554 0.7536
vn 0.3839 -0.5913 0.7092
vn 0.4890 -0.3036 0.8178
vn 0.4804 -0.2853 0.8294
vn 0.3951 -0.4753 0.7861
vn 0.4033 -0.4994 0.7668
vn 0.2633 -0.7070 0.6564
vn 0.2598 -0.7380 0.6228
vn 0.1069 -0.8940 0.4351
vn 0.0332 -0.9033 0.4278
vn -0.2082 -0.9509 0.2288
vn -0.1067 -0.9809 0.1629
vn 0.0025 -0.9724 0.2334
vn -0.0387 -0.9944 0.0984
vn 0.2995 -0.8543 0.4248
vn 0.2586 -0.8736 0.4122
vn 0.3457 -0.7356 0.5826
vn 0.3288 -0.7682 0.5493
vn 0.3517 -0.6317 0.6908
vn 0.3730 -0.6183 0.6918
vn 0.4034 -0.3972 0.8243
vn 0.4152 -0.4117 0.8112
vn 0.4284 -0.0710 0.9008
vn 0.4293 -0.0586 0.9013
vn -0.0960 -0.8405 0.5333
vn 0.2805 -0.5680 0.7738
vn -0.0325 -0.8785 0.4766
vn 0.6537 -0.3788 0.6551
vn 0.5335 -0.3529 0.7687
vn 0.4500 -0.6439 0.6188
vn 0.5199 -0.5955 0.6124
vn 0.0615 -0.9438 0.3247
vn -0.8840 -0.2805 0.3740
vn -0.9865 -0.1597 0.0362
vn -0.9788 -0.1521 0.1373
vn -0.6969 -0.4119 0.5871
vn 0.6517 -0.3333 0.6813
vn 0.5423 -0.4786 0.6905
vn 0.4742 -0.4709 0.7439
vn 0.6970 -0.3149 0.6442
vn 0.6861 -0.3362 0.6452
vn 0.3566 -0.4030 0.8429
vn 0.3941 -0.4483 0.8023
vn 0.4625 -0.4726 0.7501
vn 0.5989 -0.4644 0.6524
vn 0.3421 -0.7834 0.5189
vn 0.3119 -0.7285 0.6099
vn 0.6528 -0.5038 0.5657
vn 0.5931 -0.5322 0.6042
vn 0.4728 -0.7811 0.4078
vn 0.4113 -0.8119 0.4143
vn -0.2594 -0.8849 0.3869
vn 0.3487 -0.8246 0.4454
vn 0.4895 -0.5646 0.6645
vn -0.4533 -0.6398 0.6206
vn 0.0621 -0.9732 0.2212
vn 0.0203 -0.9500 0.3117
vn -0.1122 -0.9786 0.1724
vn 0.1625 -0.9824 0.0919
vn -0.8151 -0.2434 0.5258
vn -0.7824 -0.2797 0.5564
vn -0.9452 -0.2502 0.2097
vn -0.6466 -0.6640 0.3754
vn -0.6645 -0.4670 0.5834
vn 0.3824 -0.9045 0.1888
vn 0.2535 -0.9442 0.2103
vn 0.3039 -0.9440 0.1287
vn 0.3642 -0.9313 0.0053
vn 0.0468 -0.9270 0.3722
vn -0.1880 -0.8640 0.4671
vn 0.2416 -0.9190 0.3115
vn 0.3203 -0.9168 0.2386
vn 0.0643 -0.9430 0.3264
vn 0.2551 -0.8825 0.3952
vn -0.4756 -0.4395 0.7620
vn -0.5660 -0.3338 0.7538
vn -0.4541 -0.3425 0.8225
vn -0.3647 -0.4241 0.8289
vn -0.5729 -0.3142 0.7570
vn 0.2216 -0.9455 0.2386
vn -0.0086 -0.9974 0.0712
vn 0.0094 -0.9885 0.1509
vn 0.2939 -0.9433 0.1541
vn -0.0434 -0.9425 0.3313
vn -0.1350 -0.7889 0.5995
vn 0.0405 -0.8415 0.5388
vn 0.1788 -0.8258 0.5349
vn 0.2131 -0.6508 0.7287
vn 0.1224 -0.6179 0.7767
vn -0.1131 -0.9531 0.2808
vn -0.1928 -0.9699 0.1484
vn -0.2279 -0.9730 0.0359
vn -0.5648 0.6578 -0.4983
vn -0.4996 0.6852 -0.5300
vn -0.4283 0.7176 -0.5492
vn -0.4390 0.7444 -0.5032
vn -0.4503 0.6565 -0.6052
vn -0.4826 0.6447 -0.5929
vn -0.5124 0.5792 -0.6340
vn -0.5101 0.5397 -0.6697
vn -0.5931 0.3590 -0.7207
vn -0.6385 0.4112 -0.6505
vn -0.7462 0.0216 -0.6653
vn -0.6550 0.0641 -0.7529
vn -0.6343 -0.3343 -0.6971
vn -0.6664 -0.3825 -0.6400
vn -0.6743 -0.0459 -0.7370
vn -0.6766 -0.0087 -0.7363
vn -0.6479 -0.0751 -0.7580
vn -0.6160 -0.0742 -0.7842
vn -0.7004 -0.2628 -0.6636
vn -0.6233 -0.3058 -0.7197
vn -0.6483 -0.3364 -0.6830
vn -0.4658 -0.8428 -0.2696
vn -0.5660 -0.7915 -0.2307
vn -0.6707 -0.3014 -0.6777
vn -0.7824 -0.3715 -0.4999
vn -0.6990 -0.1241 -0.7043
vn -0.6313 -0.0005 -0.7756
vn -0.7007 -0.1430 -0.6989
vn 0.2130 -0.0850 0.9733
vn 0.3281 -0.0508 0.9433
vn 0.2734 -0.3801 0.8836
vn 0.1839 -0.3690 0.9110
vn -0.5810 0.6710 -0.4608
vn -0.4994 0.7195 -0.4827
vn -0.6488 0.5788 -0.4941
vn -0.7255 0.5069 -0.4654
vn -0.7199 0.5832 -0.3764
vn -0.6412 0.6384 -0.4258
vn -0.6373 0.6676 -0.3849
vn -0.6496 0.6992 -0.2985
vn -0.5496 0.7595 -0.3479
vn -0.6375 0.6479 -0.4170
vn -0.5666 0.7559 -0.3281
vn -0.3683 0.8846 -0.2861
vn -0.1395 0.9820 -0.1277
vn -0.3245 0.9397 -0.1079
vn -0.1521 0.9816 0.1151
vn 0.0354 0.9988 0.0347
vn 0.2510 0.6042 0.7562
vn 0.3041 0.4808 0.8224
vn 0.3691 0.5928 0.7158
vn 0.4074 0.5344 0.7406
vn 0.2783 0.6006 0.7495
vn 0.4061 0.6971 0.5909
vn 0.3340 0.4997 0.7992
vn 0.2740 0.6548 0.7044
vn 0.3184 0.6550 0.6853
vn 0.3388 0.5320 0.7760
vn 0.3809 0.2759 0.8825
vn 0.3981 0.2846 0.8721
vn 0.3220 0.6178 0.7174
vn 0.3484 0.5268 0.7753
vn 0.3528 0.2808 0.8926
vn 0.2793 0.2328 0.9315
vn -0.7022 -0.3590 -0.6149
vn -0.6669 -0.7012 -0.2520
vn -0.4385 -0.8769 0.1967
vn -0.6885 -0.2199 -0.6911
vn -0.7864 -0.4578 -0.4147
vn -0.7715 -0.4872 -0.4091
vn -0.7619 -0.6459 -0.0479
vn -0.7881 -0.3642 -0.4962
vn -0.7630 -0.3359 -0.5523
vn -0.7515 -0.3699 -0.5462
vn -0.9890 -0.1373 -0.0550
vn -0.8943 -0.2537 -0.3686
vn -0.8542 -0.0728 -0.5148
vn -0.8906 0.2786 -0.3595
vn -0.9869 0.0924 0.1322
vn -0.7454 0.5244 -0.4116
vn -0.4810 0.6142 -0.6256
vn 0.2723 0.9189 0.2853
vn 0.0561 0.9155 0.3984
vn 0.2460 0.7612 0.6000
vn 0.4493 0.7787 0.4380
vn 0.4276 0.7615 0.4871
vn 0.2702 0.6815 0.6801
vn -0.7825 0.4388 -0.4417
vn -0.7392 0.4582 -0.4935
vn -0.8010 0.3475 -0.4875
vn -0.8056 0.4401 -0.3966
vn -0.6637 0.5588 -0.4972
vn -0.6356 0.7277 -0.2578
vn -0.7498 0.5634 -0.3470
vn -0.8057 0.4837 -0.3420
vn -0.5497 0.8140 -0.1877
vn -0.3475 0.9316 -0.1068
vn -0.0293 0.9978 -0.0600
vn 0.1641 0.9850 0.0535
vn 0.2707 0.9589 0.0852
vn 0.4840 0.8082 0.3354
vn 0.4254 0.8133 0.3970
vn 0.4125 0.8369 0.3598
vn 0.4770 0.8230 0.3086
vn 0.5494 0.7508 0.3666
vn 0.5588 0.7566 0.3396
vn 0.5613 0.7523 0.3448
vn 0.3240 0.6951 0.6418
vn 0.3661 0.7043 0.6083
vn 0.3777 0.6967 0.6099
vn 0.3729 0.6736 0.6382
vn 0.4236 0.7191 0.5509
vn 0.4522 0.6452 0.6158
vn -0.9158 -0.3471 -0.2019
vn -0.8074 -0.3807 -0.4507
vn 0.6260 0.7546 0.1968
vn 0.5897 0.7596 0.2745
vn 0.5951 0.7469 0.2966
vn 0.6068 0.7649 0.2161
vn 0.5623 0.7505 0.3472
vn 0.5516 0.7641 0.3345
vn 0.6671 0.7278 0.1591
vn 0.6853 0.7119 0.1538
vn 0.6419 0.7409 0.1976
vn 0.5401 0.7636 0.3539
vn 0.4097 0.8779 0.2479
vn 0.4729 0.8357 0.2793
vn 0.5729 0.7619 0.3022
vn 0.5605 0.7474 0.3568
vn 0.4198 0.7713 0.4784
vn 0.3648 -0.9281 -0.0749
vn 0.0003 -0.9067 -0.4219
vn 0.6338 -0.7280 0.2613
vn 0.6991 -0.5570 0.4484
vn 0.6852 -0.5269 0.5029
vn 0.6206 -0.6453 0.4455
vn 0.5161 -0.8065 0.2886
vn 0.4418 -0.7870 0.4306
vn 0.4285 -0.5812 0.6918
vn 0.4056 -0.4059 0.8190
vn 0.3828 -0.2463 0.8904
vn 0.3593 -0.0774 0.9300
vn 0.3325 0.0542 0.9415
vn 0.2945 0.1638 0.9415
vn 0.2608 0.3120 0.9136
vn 0.2357 0.5208 0.8205
vn 0.2075 0.6560 0.7257
vn 0.1758 0.6985 0.6936
vn 0.1470 0.7368 0.6600
vn 0.1203 0.7962 0.5929
vn 0.0993 0.8655 0.4909
vn 0.0680 0.9358 0.3459
vn 0.0148 0.9875 0.1572
vn -0.0308 0.9988 -0.0386
vn -0.1144 0.9554 -0.2721
vn -0.2999 0.7702 -0.5630
vn -0.3821 0.7206 -0.5786
vn -0.3378 0.8273 -0.4489
vn -0.2653 0.8969 -0.3538
vn -0.2203 0.9327 -0.2855
vn -0.2801 0.9079 -0.3119
vn -0.4007 0.8172 -0.4143
vn -0.5330 0.6283 -0.5666
vn -0.6087 0.4117 -0.6782
vn -0.6339 0.2320 -0.7378
vn -0.6473 0.0442 -0.7610
vn -0.6297 -0.1493 -0.7624
vn -0.5329 -0.4335 -0.7267
vn -0.4850 -0.4422 -0.7545
vn -0.5485 -0.3785 -0.7456
vn -0.6150 -0.3864 -0.6873
vn -0.5730 -0.4893 -0.6574
vn -0.3683 -0.6360 -0.6782
vn -0.1833 -0.7260 -0.6628
vn -0.6880 -0.5642 0.4564
vn 0.2336 0.8016 0.5504
s 1
usemtl _17174_Tiamat_v1default.002
f 1//1 2//2 3//3 4//4
f 5//5 6//6 3//3 2//2
f 7//7 8//8 3//3 6//6
f 4//4 3//3 8//8 9//9
f 10//10 11//11 12//12 13//13
f 8//8 12//12 11//11 9//9
f 14//14 12//12 8//8 7//7
f 14//14 15//15 13//13
f 16//16 4//4 9//9 17//17
f 18//18 19//19 16//16 17//17
f 20//20 21//21 16//16 19//19
f 4//4 16//16 21//21 1//1
f 22//22 23//23 18//18 17//17
f 9//9 11//11 22//22 17//17
f 10//10 24//24 22//22 11//11
f 23//23 22//22 24//24 25//25
f 25//25 24//24 26//26 27//27
f 13//13 26//26 24//24 10//10
f 15//15 28//28 26//26 13//13
f 27//27 26//26 28//28 29//29
f 5//5 30//30 31//31 32//32
f 33//33 31//31 30//30 34//34
f 35//35 36//36 31//31 33//33
f 32//32 31//31 36//36 37//37
f 7//7 6//6 38//38 39//39
f 32//32 38//38 6//6 5//5
f 37//37 40//40 38//38 32//32
f 39//39 38//38 40//40 41//41
f 42//42 14//14 7//7
f 43//43 42//42 39//39 41//41
f 44//44 45//45 42//42 43//43
f 14//14 42//42 45//45 15//15
f 46//46 47//47 45//45 44//44
f 48//48 47//47 46//46 49//49
f 47//47 48//48 29//29
f 28//28 15//15 45//45
f 50//50 51//51 52//52 53//53
f 23//23 50//50 53//53 18//18
f 25//25 54//54 50//50 23//23
f 51//51 50//50 54//54 55//55
f 56//56 57//57 55//55
f 27//27 56//56 54//54 25//25
f 29//29 58//58 56//56 27//27
f 58//58 59//59 57//57
f 58//58 60//60 61//61 59//59
f 58//58 29//29 48//48
f 48//48 49//49 62//62
f 60//60 62//62 63//63
f 63//63 62//62 64//64 65//65
f 62//62 49//49 66//66
f 67//67 64//64 66//66 68//68
f 65//65 64//64 67//67 69//69
f 69//69 67//67 70//70 71//71
f 70//70 67//67 68//68 72//72
f 73//73 74//74 70//70 72//72
f 75//75 71//71 70//70 74//74
f 76//76 77//77 78//78 79//79
f 74//74 78//78 77//77 75//75
f 80//80 78//78 74//74 73//73
f 79//79 78//78 80//80 81//81
f 82//82 83//83 84//84 85//85
f 86//86 87//87 84//84 83//83
f 88//88 84//84 87//87 89//89
f 85//85 84//84 88//88 35//35
f 37//37 36//36 90//90 91//91
f 88//88 90//90 36//36 35//35
f 89//89 92//92 90//90 88//88
f 91//91 90//90 92//92 93//93
f 94//94 95//95 41//41
f 91//91 94//94 40//40 37//37
f 93//93 96//96 94//94 91//91
f 95//95 94//94 96//96 97//97
f 41//41 95//95 98//98 43//43
f 99//99 98//98 95//95 97//97
f 100//100 101//101 98//98 99//99
f 43//43 98//98 101//101 44//44
f 44//44 101//101 102//102 46//46
f 103//103 102//102 101//101 100//100
f 102//102 103//103 104//104 105//105
f 46//46 102//102 105//105 49//49
f 68//68 66//66 106//106 107//107
f 105//105 106//106 66//66 49//49
f 104//104 108//108 106//106 105//105
f 107//107 106//106 108//108 109//109
f 72//72 110//110 111//111 73//73
f 107//107 110//110 72//72 68//68
f 109//109 112//112 110//110 107//107
f 111//111 110//110 112//112 113//113
f 73//73 111//111 114//114 80//80
f 113//113 115//115 114//114 111//111
f 116//116 114//114 115//115 117//117
f 81//81 80//80 114//114 116//116
f 86//86 118//118 119//119 87//87
f 120//120 119//119 118//118 121//121
f 122//122 123//123 119//119 120//120
f 87//87 119//119 123//123 89//89
f 123//123 124//124 92//92 89//89
f 125//125 124//124 123//123 122//122
f 126//126 127//127 124//124 125//125
f 93//93 92//92 124//124 127//127
f 128//128 129//129 130//130 131//131
f 97//97 96//96 130//130 129//129
f 127//127 130//130 96//96 93//93
f 131//131 130//130 127//127 126//126
f 131//131 132//132 133//133 128//128
f 134//134 132//132 131//131 126//126
f 132//132 134//134 135//135
f 97//97 129//129 136//136 99//99
f 137//137 136//136 129//129 128//128
f 138//138 139//139 136//136 137//137
f 99//99 136//136 139//139 100//100
f 104//104 103//103 140//140 141//141
f 139//139 140//140 103//103 100//100
f 142//142 140//140 139//139 138//138
f 143//143 141//141 140//140 142//142
f 109//109 108//108 144//144 145//145
f 141//141 144//144 108//108 104//104
f 144//144 141//141 143//143 146//146
f 147//147 145//145 144//144 146//146
f 148//148 149//149 150//150 151//151
f 113//113 112//112 150//150 149//149
f 145//145 150//150 112//112 109//109
f 151//151 150//150 145//145 147//147
f 152//152 153//153 154//154 155//155
f 153//153 55//55 57//57
f 59//59 156//156 154//154 57//57
f 155//155 154//154 156//156 157//157
f 158//158 159//159 160//160 161//161
f 155//155 160//160 159//159 152//152
f 157//157 162//162 160//160 155//155
f 161//161 160//160 162//162 163//163
f 157//157 156//156 164//164 165//165
f 61//61 164//164 156//156 59//59
f 63//63 166//166 164//164 61//61
f 165//165 164//164 166//166 167//167
f 163//163 162//162 168//168 169//169
f 165//165 168//168 162//162 157//157
f 167//167 170//170 168//168 165//165
f 169//169 168//168 170//170 171//171
f 172//172 173//173 174//174 175//175
f 169//169 174//174 173//173 163//163
f 171//171 176//176 174//174 169//169
f 175//175 174//174 176//176 177//177
f 167//167 166//166 178//178 179//179
f 65//65 178//178 166//166 63//63
f 69//69 180//180 178//178 65//65
f 179//179 178//178 180//180 181//181
f 182//182 183//183 184//184 185//185
f 186//186 184//184 183//183 187//187
f 177//177 176//176 184//184 186//186
f 185//185 184//184 176//176 171//171
f 171//171 170//170 188//188 185//185
f 179//179 188//188 170//170 167//167
f 181//181 189//189 188//188 179//179
f 185//185 188//188 189//189 182//182
f 190//190 191//191 181//181
f 71//71 190//190 180//180 69//69
f 75//75 192//192 190//190 71//71
f 192//192 193//193 191//191
f 194//194 195//195 193//193
f 77//77 194//194 192//192 75//75
f 76//76 196//196 194//194 77//77
f 195//195 194//194 196//196 197//197
f 182//182 189//189 198//198 199//199
f 191//191 198//198 189//189 181//181
f 193//193 200//200 198//198 191//191
f 199//199 198//198 200//200 201//201
f 187//187 183//183 202//202 203//203
f 199//199 202//202 183//183 182//182
f 201//201 204//204 202//202 199//199
f 203//203 202//202 204//204 205//205
f 201//201 200//200 206//206 207//207
f 195//195 206//206 200//200 193//193
f 197//197 208//208 206//206 195//195
f 207//207 206//206 208//208 209//209
f 205//205 204//204 210//210 211//211
f 207//207 210//210 204//204 201//201
f 209//209 212//212 210//210 207//207
f 211//211 210//210 212//212 213//213
f 209//209 208//208 214//214 215//215
f 216//216 214//214 208//208 197//197
f 217//217 218//218 214//214 216//216
f 215//215 214//214 218//218 219//219
f 213//213 212//212 220//220 221//221
f 215//215 220//220 212//212 209//209
f 219//219 222//222 220//220 215//215
f 221//221 220//220 222//222 223//223
f 223//223 222//222 224//224 225//225
f 226//226 224//224 222//222 219//219
f 227//227 228//228 224//224 226//226
f 225//225 224//224 228//228 229//229
f 230//230 231//231 232//232 233//233
f 234//234 232//232 231//231 235//235
f 229//229 228//228 232//232 234//234
f 233//233 232//232 228//228 227//227
f 235//235 231//231 236//236 237//237
f 238//238 236//236 231//231 230//230
f 239//239 240//240 236//236 238//238
f 237//237 236//236 240//240 241//241
f 135//135 242//242 243//243 133//133
f 244//244 243//243 242//242 245//245
f 246//246 247//247 243//243 244//244
f 133//133 243//243 247//247 128//128
f 247//247 248//248 137//137 128//128
f 249//249 248//248 247//247 246//246
f 250//250 251//251 248//248 249//249
f 137//137 248//248 251//251 138//138
f 138//138 251//251 252//252 142//142
f 253//253 252//252 251//251 250//250
f 254//254 255//255 252//252 253//253
f 142//142 252//252 255//255 143//143
f 143//143 255//255 256//256 146//146
f 257//257 256//256 255//255 254//254
f 258//258 259//259 256//256 257//257
f 146//146 256//256 259//259 147//147
f 254//254 260//260 261//261 257//257
f 262//262 261//261 260//260 263//263
f 264//264 265//265 261//261 262//262
f 257//257 261//261 265//265 258//258
f 266//266 267//267 268//268 269//269
f 175//175 268//268 267//267 172//172
f 177//177 270//270 268//268 175//175
f 269//269 268//268 270//270 271//271
f 271//271 270//270 272//272 273//273
f 186//186 272//272 270//270 177//177
f 187//187 274//274 272//272 186//186
f 273//273 272//272 274//274 275//275
f 275//275 274//274 276//276 277//277
f 203//203 276//276 274//274 187//187
f 205//205 278//278 276//276 203//203
f 277//277 276//276 278//278 279//279
f 279//279 278//278 280//280 281//281
f 211//211 280//280 278//278 205//205
f 213//213 282//282 280//280 211//211
f 281//281 280//280 282//282 283//283
f 283//283 282//282 284//284 285//285
f 221//221 284//284 282//282 213//213
f 223//223 286//286 284//284 221//221
f 285//285 284//284 286//286 287//287
f 287//287 286//286 288//288 289//289
f 225//225 288//288 286//286 223//223
f 229//229 290//290 288//288 225//225
f 289//289 288//288 290//290 291//291
f 291//291 290//290 292//292 293//293
f 234//234 292//292 290//290 229//229
f 235//235 294//294 292//292 234//234
f 293//293 292//292 294//294 295//295
f 295//295 294//294 296//296 297//297
f 237//237 296//296 294//294 235//235
f 241//241 298//298 296//296 237//237
f 297//297 296//296 298//298 299//299
f 300//300 301//301 302//302 303//303
f 304//304 302//302 301//301 305//305
f 266//266 306//306 302//302 304//304
f 303//303 302//302 306//306 307//307
f 307//307 306//306 308//308 309//309
f 269//269 308//308 306//306 266//266
f 271//271 310//310 308//308 269//269
f 309//309 308//308 310//310 311//311
f 311//311 310//310 312//312 313//313
f 273//273 312//312 310//310 271//271
f 275//275 314//314 312//312 273//273
f 313//313 312//312 314//314 315//315
f 315//315 314//314 316//316 317//317
f 277//277 316//316 314//314 275//275
f 279//279 318//318 316//316 277//277
f 317//317 316//316 318//318 319//319
f 319//319 318//318 320//320 321//321
f 281//281 320//320 318//318 279//279
f 283//283 322//322 320//320 281//281
f 321//321 320//320 322//322 323//323
f 323//323 322//322 324//324 325//325
f 285//285 324//324 322//322 283//283
f 287//287 326//326 324//324 285//285
f 325//325 324//324 326//326 327//327
f 327//327 326//326 328//328 329//329
f 289//289 328//328 326//326 287//287
f 291//291 330//330 328//328 289//289
f 329//329 328//328 330//330 331//331
f 331//331 330//330 332//332 333//333
f 293//293 332//332 330//330 291//291
f 295//295 334//334 332//332 293//293
f 333//333 332//332 334//334 335//335
f 336//336 337//337 338//338 339//339
f 340//340 338//338 337//337 341//341
f 300//300 342//342 338//338 340//340
f 339//339 338//338 342//342 343//343
f 343//343 342//342 344//344 345//345
f 303//303 344//344 342//342 300//300
f 307//307 346//346 344//344 303//303
f 345//345 344//344 346//346 347//347
f 347//347 346//346 348//348 349//349
f 309//309 348//348 346//346 307//307
f 311//311 350//350 348//348 309//309
f 349//349 348//348 350//350 351//351
f 351//351 350//350 352//352 353//353
f 313//313 352//352 350//350 311//311
f 315//315 354//354 352//352 313//313
f 353//353 352//352 354//354 355//355
f 355//355 354//354 356//356 357//357
f 317//317 356//356 354//354 315//315
f 319//319 358//358 356//356 317//317
f 357//357 356//356 358//358 359//359
f 359//359 358//358 360//360 361//361
f 321//321 360//360 358//358 319//319
f 323//323 362//362 360//360 321//321
f 361//361 360//360 362//362 363//363
f 363//363 362//362 364//364 365//365
f 325//325 364//364 362//362 323//323
f 327//327 366//366 364//364 325//325
f 365//365 364//364 366//366 367//367
f 367//367 366//366 368//368 369//369
f 329//329 368//368 366//366 327//327
f 331//331 370//370 368//368 329//329
f 369//369 368//368 370//370 371//371
f 371//371 370//370 372//372 373//373
f 333//333 372//372 370//370 331//331
f 335//335 374//374 372//372 333//333
f 373//373 372//372 374//374 375//375
f 376//376 377//377 378//378 379//379
f 85//85 377//377 376//376 82//82
f 35//35 380//380 377//377 85//85
f 378//378 377//377 380//380 381//381
f 382//382 383//383 34//34
f 30//30 5//5 2//2
f 1//1 384//384 382//382 2//2
f 383//383 382//382 384//384 385//385
f 1//1 21//21 386//386 384//384
f 387//387 386//386 21//21 20//20
f 388//388 389//389 386//386 387//387
f 384//384 386//386 389//389 385//385
f 388//388 390//390 391//391 389//389
f 392//392 391//391 390//390 393//393
f 394//394 395//395 391//391 392//392
f 395//395 385//385 389//389
f 381//381 380//380 396//396 397//397
f 33//33 396//396 380//380 35//35
f 34//34 383//383 396//396 33//33
f 397//397 396//396 383//383 385//385
f 394//394 398//398 399//399 395//395
f 398//398 381//381 397//397
f 397//397 385//385 395//395
f 400//400 401//401 402//402 403//403
f 404//404 402//402 401//401 405//405
f 406//406 407//407 402//402 404//404
f 403//403 402//402 407//407 408//408
f 408//408 407//407 409//409 410//410
f 411//411 409//409 407//407 406//406
f 412//412 413//413 409//409 411//411
f 410//410 409//409 413//413 414//414
f 414//414 413//413 415//415 416//416
f 417//417 415//415 413//413 412//412
f 418//418 419//419 415//415 417//417
f 416//416 415//415 419//419 420//420
f 420//420 419//419 421//421 422//422
f 423//423 421//421 419//419 418//418
f 424//424 425//425 421//421 423//423
f 422//422 421//421 425//425 426//426
f 427//427 428//428 429//429 430//430
f 431//431 429//429 428//428 426//426
f 432//432 433//433 429//429 431//431
f 430//430 429//429 433//433 434//434
f 435//435 436//436 437//437 438//438
f 436//436 432//432 431//431
f 426//426 425//425 437//437 431//431
f 438//438 437//437 425//425 424//424
f 439//439 440//440 441//441 442//442
f 376//376 441//441 440//440 82//82
f 379//379 443//443 441//441 376//376
f 442//442 441//441 443//443 444//444
f 445//445 446//446 447//447 448//448
f 83//83 447//447 446//446 86//86
f 82//82 440//440 447//447 83//83
f 448//448 447//447 440//440 439//439
f 121//121 449//449 450//450 120//120
f 451//451 450//450 449//449 452//452
f 453//453 454//454 450//450 451//451
f 120//120 450//450 454//454 122//122
f 122//122 454//454 455//455 125//125
f 456//456 455//455 454//454 453//453
f 457//457 455//455 456//456 458//458
f 125//125 455//455 457//457 126//126
f 245//245 242//242 459//459 460//460
f 134//134 459//459 242//242 135//135
f 126//126 457//457 459//459 134//134
f 460//460 459//459 457//457 458//458
f 121//121 118//118 461//461 462//462
f 446//446 461//461 118//118 86//86
f 445//445 463//463 461//461 446//446
f 463//463 464//464 462//462
f 465//465 466//466 467//467
f 442//442 465//465 468//468 439//439
f 444//444 469//469 465//465 442//442
f 466//466 465//465 469//469 470//470
f 464//464 463//463 471//471 472//472
f 448//448 471//471 463//463 445//445
f 439//439 468//468 471//471 448//448
f 468//468 467//467 472//472
f 452//452 449//449 473//473 474//474
f 462//462 473//473 449//449 121//121
f 462//462 464//464 474//474
f 452//452 475//475 476//476 451//451
f 477//477 476//476 475//475 478//478
f 479//479 480//480 476//476 477//477
f 451//451 476//476 480//480 453//453
f 464//464 481//481 482//482 474//474
f 483//483 482//482 481//481 484//484
f 478//478 475//475 482//482 483//483
f 474//474 482//482 475//475 452//452
f 485//485 486//486 484//484
f 481//481 464//464 472//472
f 485//485 472//472 467//467
f 487//487 488//488 486//486
f 489//489 490//490 488//488
f 467//467 491//491 489//489 487//487
f 490//490 489//489 491//491 492//492
f 493//493 494//494 492//492
f 466//466 493//493 491//491 467//467
f 470//470 495//495 493//493 466//466
f 495//495 496//496 494//494
f 497//497 498//498 499//499 500//500
f 490//490 499//499 498//498 488//488
f 492//492 501//501 499//499 490//490
f 501//501 502//502 500//500
f 503//503 504//504 505//505 506//506
f 486//486 505//505 504//504 484//484
f 488//488 498//498 505//505 486//486
f 506//506 505//505 498//498 497//497
f 507//507 508//508 509//509 510//510
f 483//483 509//509 508//508 478//478
f 484//484 504//504 509//509 483//483
f 510//510 509//509 504//504 503//503
f 511//511 512//512 513//513 514//514
f 479//479 477//477 512//512 511//511
f 478//478 508//508 512//512 477//477
f 513//513 512//512 508//508 507//507
f 515//515 516//516 517//517 518//518
f 495//495 517//517 516//516 496//496
f 519//519 517//517 495//495 470//470
f 518//518 517//517 519//519 520//520
f 405//405 521//521 522//522 404//404
f 523//523 522//522 521//521 524//524
f 525//525 526//526 522//522 523//523
f 404//404 522//522 526//526 406//406
f 527//527 528//528 529//529 530//530
f 518//518 529//529 528//528 515//515
f 520//520 531//531 529//529 518//518
f 530//530 529//529 531//531 532//532
f 524//524 533//533 534//534 523//523
f 530//530 534//534 533//533 527//527
f 532//532 535//535 534//534 530//530
f 523//523 534//534 535//535 525//525
f 470//470 469//469 536//536 519//519
f 537//537 536//536 469//469 444//444
f 538//538 539//539 536//536 537//537
f 519//519 536//536 539//539 520//520
f 406//406 526//526 540//540 411//411
f 541//541 540//540 526//526 525//525
f 542//542 543//543 540//540 541//541
f 411//411 540//540 543//543 412//412
f 520//520 539//539 544//544 531//531
f 545//545 544//544 539//539 538//538
f 546//546 547//547 544//544 545//545
f 531//531 544//544 547//547 532//532
f 542//542 541//541 548//548 549//549
f 535//535 548//548 541//541 525//525
f 532//532 547//547 548//548 535//535
f 549//549 548//548 547//547 546//546
f 444//444 443//443 550//550 537//537
f 551//551 550//550 443//443 379//379
f 550//550 551//551 552//552
f 553//553 538//538 537//537
f 412//412 543//543 554//554 417//417
f 555//555 554//554 543//543 542//542
f 556//556 557//557 554//554 555//555
f 417//417 554//554 557//557 418//418
f 558//558 545//545 538//538
f 553//553 552//552 559//559
f 560//560 561//561 558//558 559//559
f 545//545 558//558 561//561 546//546
f 556//556 555//555 562//562 563//563
f 549//549 562//562 555//555 542//542
f 546//546 561//561 562//562 549//549
f 563//563 562//562 561//561 560//560
f 556//556 564//564 565//565 557//557
f 566//566 565//565 564//564 567//567
f 423//423 565//565 566//566 424//424
f 418//418 557//557 565//565 423//423
f 379//379 378//378 568//568 551//551
f 569//569 568//568 378//378 381//381
f 568//568 569//569 570//570
f 571//571 552//552 551//551
f 552//552 571//571 572//572 559//559
f 573//573 572//572 571//571 570//570
f 574//574 575//575 572//572 573//573
f 559//559 572//572 575//575 560//560
f 567//567 564//564 576//576 577//577
f 563//563 576//576 564//564 556//556
f 560//560 575//575 576//576 563//563
f 577//577 576//576 575//575 574//574
f 438//438 578//578 579//579 435//435
f 424//424 566//566 578//578 438//438
f 567//567 580//580 578//578 566//566
f 580//580 581//581 579//579
f 582//582 583//583 584//584
f 569//569 582//582 585//585 570//570
f 582//582 569//569 381//381
f 583//583 582//582 398//398 394//394
f 581//581 580//580 586//586 587//587
f 577//577 586//586 580//580 567//567
f 586//586 577//577 574//574
f 587//587 586//586 588//588 589//589
f 589//589 588//588 590//590 591//591
f 573//573 590//590 588//588 574//574
f 570//570 585//585 590//590 573//573
f 591//591 590//590 585//585 584//584
f 305//305 301//301 592//592 593//593
f 340//340 592//592 301//301 300//300
f 341//341 594//594 592//592 340//340
f 593//593 592//592 594//594 595//595
f 596//596 597//597 598//598
f 51//51 596//596 599//599 52//52
f 596//596 51//51 55//55
f 597//597 596//596 153//153 152//152
f 593//593 600//600 601//601 305//305
f 595//595 602//602 600//600 593//593
f 603//603 600//600 602//602 604//604
f 605//605 601//601 600//600 603//603
f 606//606 607//607 173//173 172//172
f 608//608 607//607 606//606 605//605
f 158//158 161//161 607//607 608//608
f 163//163 173//173 607//607 161//161
f 605//605 609//609 610//610 608//608
f 597//597 610//610 609//609 598//598
f 152//152 159//159 610//610 597//597
f 608//608 610//610 159//159 158//158
f 604//604 611//611 612//612 603//603
f 598//598 609//609 612//612 611//611
f 603//603 612//612 609//609 605//605
f 172//172 267//267 613//613 606//606
f 304//304 613//613 267//267 266//266
f 305//305 601//601 613//613 304//304
f 606//606 613//613 601//601 605//605
f 453//453 480//480 614//614 456//456
f 480//480 479//479 615//615
f 616//616 617//617 614//614 615//615
f 456//456 614//614 617//617 458//458
f 615//615 618//618 619//619 616//616
f 511//511 618//618 615//615 479//479
f 514//514 620//620 618//618 511//511
f 621//621 619//619 618//618 620//620
f 622//622 621//621 620//620
f 623//623 624//624 620//620 514//514
f 625//625 622//622 624//624
f 507//507 626//626 627//627 513//513
f 626//626 628//628 629//629
f 627//627 629//629 625//625
f 514//514 513//513 627//627 623//623
f 503//503 630//630 631//631 510//510
f 632//632 631//631 630//630 633//633
f 628//628 626//626 631//631 632//632
f 510//510 631//631 626//626 507//507
f 633//633 630//630 634//634 635//635
f 506//506 634//634 630//630 503//503
f 497//497 636//636 634//634 506//506
f 635//635 634//634 636//636 637//637
f 637//637 636//636 638//638 639//639
f 500//500 638//638 636//636 497//497
f 502//502 640//640 638//638 500//500
f 639//639 638//638 640//640 641//641
f 642//642 643//643 644//644 645//645
f 639//639 643//643 642//642 637//637
f 641//641 644//644 643//643 639//639
f 646//646 647//647 648//648 649//649
f 635//635 648//648 647//647 633//633
f 637//637 642//642 648//648 635//635
f 649//649 648//648 642//642 645//645
f 650//650 651//651 652//652 653//653
f 632//632 652//652 651//651 628//628
f 633//633 647//647 652//652 632//632
f 653//653 652//652 647//647 646//646
f 629//629 654//654 655//655 625//625
f 628//628 651//651 654//654 629//629
f 650//650 656//656 654//654 651//651
f 655//655 654//654 656//656 657//657
f 658//658 659//659 660//660
f 621//621 622//622 661//661 660//660
f 625//625 655//655 661//661 622//622
f 657//657 658//658 661//661 655//655
f 616//616 619//619 662//662 663//663
f 660//660 662//662 619//619 621//621
f 662//662 660//660 659//659
f 664//664 665//665 663//663
f 663//663 666//666 617//617 616//616
f 665//665 667//667 666//666 663//663
f 666//666 667//667 668//668
f 617//617 666//666 669//669 458//458
f 670//670 460//460 458//458
f 669//669 668//668 671//671
f 672//672 673//673 670//670 671//671
f 673//673 245//245 460//460
f 245//245 673//673 674//674 244//244
f 675//675 674//674 673//673 672//672
f 676//676 677//677 674//674 675//675
f 244//244 674//674 677//677 246//246
f 246//246 677//677 678//678 249//249
f 679//679 678//678 677//677 676//676
f 678//678 679//679 680//680
f 249//249 678//678 681//681 250//250
f 263//263 260//260 682//682 683//683
f 253//253 682//682 260//260 254//254
f 250//250 681//681 682//682 253//253
f 683//683 682//682 681//681 680//680
f 684//684 685//685 686//686
f 687//687 688//688 686//686 689//689
f 690//690 684//684 688//688 687//687
f 680//680 691//691 692//692 683//683
f 693//693 692//692 691//691 685//685
f 694//694 695//695 692//692 693//693
f 683//683 692//692 695//695 263//263
f 263//263 695//695 696//696 262//262
f 697//697 696//696 695//695 694//694
f 698//698 699//699 696//696 697//697
f 262//262 696//696 699//699 264//264
f 264//264 699//699 700//700 701//701
f 702//702 700//700 699//699 698//698
f 703//703 704//704 700//700 702//702
f 701//701 700//700 704//704 705//705
f 706//706 707//707 705//705
f 706//706 704//704 703//703
f 708//708 706//706 709//709 710//710
f 706//706 708//708 711//711 707//707
f 147//147 259//259 712//712 151//151
f 713//713 712//712 259//259 258//258
f 714//714 715//715 712//712 713//713
f 151//151 712//712 715//715 148//148
f 258//258 265//265 716//716 713//713
f 265//265 264//264 701//701
f 716//716 701//701 705//705
f 713//713 716//716 717//717 714//714
f 714//714 717//717 718//718 719//719
f 707//707 718//718 717//717 705//705
f 711//711 720//720 718//718 707//707
f 719//719 718//718 720//720 721//721
f 722//722 115//115 113//113 149//149
f 723//723 722//722 149//149 148//148
f 724//724 725//725 722//722 723//723
f 117//117 115//115 722//722 725//725
f 148//148 715//715 726//726 723//723
f 719//719 726//726 715//715 714//714
f 721//721 727//727 726//726 719//719
f 723//723 726//726 727//727 724//724
f 721//721 728//728 729//729 727//727
f 730//730 731//731 729//729 728//728
f 724//724 727//727 729//729 731//731
f 711//711 732//732 733//733 720//720
f 734//734 733//733 732//732 735//735
f 730//730 728//728 733//733 734//734
f 720//720 733//733 728//728 721//721
f 736//736 693//693 685//685
f 684//684 690//690 737//737
f 738//738 739//739 736//736 737//737
f 693//693 736//736 739//739 694//694
f 740//740 741//741 742//742 743//743
f 744//744 742//742 741//741 745//745
f 746//746 747//747 742//742 744//744
f 743//743 742//742 747//747 690//690
f 738//738 737//737 748//748 749//749
f 737//737 690//690 747//747
f 749//749 748//748 747//747 746//746
f 694//694 739//739 750//750 697//697
f 751//751 750//750 739//739 738//738
f 752//752 753//753 750//750 751//751
f 697//697 750//750 753//753 698//698
f 752//752 751//751 754//754 755//755
f 754//754 751//751 738//738 749//749
f 746//746 756//756 754//754 749//749
f 755//755 754//754 756//756 757//757
f 757//757 756//756 758//758 759//759
f 744//744 758//758 756//756 746//746
f 745//745 760//760 758//758 744//744
f 759//759 758//758 760//760 761//761
f 762//762 702//702 698//698
f 763//763 762//762 753//753 752//752
f 764//764 762//762 763//763 765//765
f 703//703 702//702 762//762 764//764
f 765//765 763//763 766//766 767//767
f 755//755 766//766 763//763 752//752
f 757//757 768//768 766//766 755//755
f 767//767 766//766 768//768 769//769
f 769//769 768//768 770//770 771//771
f 759//759 770//770 768//768 757//757
f 761//761 772//772 770//770 759//759
f 771//771 770//770 772//772 773//773
f 740//740 774//774 775//775 741//741
f 776//776 775//775 774//774 777//777
f 778//778 779//779 775//775 776//776
f 745//745 741//741 775//775 779//779
f 779//779 780//780 760//760 745//745
f 781//781 780//780 779//779 778//778
f 782//782 783//783 780//780 781//781
f 760//760 780//780 783//783 761//761
f 761//761 783//783 784//784 772//772
f 785//785 784//784 783//783 782//782
f 786//786 787//787 784//784 785//785
f 772//772 784//784 787//787 773//773
f 773//773 787//787 788//788 789//789
f 790//790 788//788 787//787 786//786
f 791//791 792//792 788//788 790//790
f 789//789 788//788 792//792 793//793
f 786//786 794//794 795//795 790//790
f 796//796 795//795 794//794 797//797
f 798//798 799//799 795//795 796//796
f 790//790 795//795 799//799 791//791
f 800//800 689//689 801//801
f 801//801 802//802 803//803
f 804//804 800//800 805//805 803//803
f 689//689 800//800 806//806 687//687
f 807//807 806//806 800//800 804//804
f 808//808 809//809 806//806 807//807
f 687//687 806//806 809//809 690//690
f 777//777 774//774 810//810 811//811
f 743//743 810//810 774//774 740//740
f 690//690 809//809 810//810 743//743
f 811//811 810//810 809//809 808//808
f 811//811 812//812 813//813 777//777
f 814//814 812//812 811//811 808//808
f 815//815 813//813 812//812 814//814
f 777//777 813//813 816//816 776//776
f 817//817 816//816 813//813 815//815
f 818//818 819//819 816//816 817//817
f 776//776 816//816 819//819 778//778
f 778//778 819//819 820//820 781//781
f 821//821 820//820 819//819 818//818
f 822//822 823//823 820//820 821//821
f 781//781 820//820 823//823 782//782
f 797//797 794//794 824//824 825//825
f 785//785 824//824 794//794 786//786
f 782//782 823//823 824//824 785//785
f 825//825 824//824 823//823 822//822
f 802//802 826//826 827//827 803//803
f 828//828 827//827 826//826 829//829
f 830//830 831//831 827//827 828//828
f 803//803 827//827 831//831 804//804
f 804//804 831//831 832//832 807//807
f 833//833 832//832 831//831 830//830
f 834//834 835//835 832//832 833//833
f 807//807 832//832 835//835 808//808
f 836//836 837//837 838//838 839//839
f 840//840 836//836 839//839 841//841
f 840//840 834//834 833//833
f 830//830 837//837 836//836 833//833
f 808//808 835//835 842//842 814//814
f 843//843 842//842 835//835 834//834
f 844//844 845//845 842//842 843//843
f 814//814 842//842 845//845 815//815
f 843//843 846//846 847//847 844//844
f 834//834 840//840 846//846 843//843
f 841//841 848//848 846//846 840//840
f 847//847 846//846 848//848 849//849
f 815//815 845//845 850//850 817//817
f 851//851 850//850 845//845 844//844
f 852//852 853//853 850//850 851//851
f 817//817 850//850 853//853 818//818
f 854//854 855//855 856//856 857//857
f 851//851 856//856 855//855 852//852
f 844//844 847//847 856//856 851//851
f 857//857 856//856 847//847 849//849
f 818//818 853//853 858//858 821//821
f 859//859 858//858 853//853 852//852
f 858//858 859//859 860//860 861//861
f 821//821 858//858 861//861 822//822
f 862//862 863//863 864//864 865//865
f 859//859 864//864 863//863 860//860
f 852//852 855//855 864//864 859//859
f 855//855 854//854 865//865
f 866//866 867//867 868//868 869//869
f 870//870 868//868 867//867 871//871
f 872//872 873//873 868//868 870//870
f 869//869 868//868 873//873 874//874
f 875//875 876//876 877//877 878//878
f 879//879 877//877 876//876 880//880
f 881//881 882//882 877//877 879//879
f 878//878 877//877 882//882 883//883
f 884//884 885//885 886//886 887//887
f 878//878 886//886 885//885 875//875
f 883//883 888//888 886//886 878//878
f 887//887 886//886 888//888 889//889
f 889//889 890//890 891//891 887//887
f 869//869 891//891 890//890 866//866
f 874//874 892//892 891//891 869//869
f 887//887 891//891 892//892 884//884
f 880//880 876//876 893//893 894//894
f 895//895 893//893 876//876 875//875
f 896//896 897//897 893//893 895//895
f 894//894 893//893 897//897 898//898
f 899//899 900//900 901//901 902//902
f 895//895 901//901 900//900 896//896
f 875//875 885//885 901//901 895//895
f 902//902 901//901 885//885 884//884
f 884//884 892//892 903//903 902//902
f 892//892 874//874 904//904
f 905//905 906//906 903//903 904//904
f 902//902 903//903 906//906 899//899
f 898//898 897//897 907//907 908//908
f 909//909 907//907 897//897 896//896
f 910//910 911//911 907//907 909//909
f 908//908 907//907 911//911 912//912
f 829//829 826//826 913//913 914//914
f 915//915 913//913 826//826 802//802
f 916//916 917//917 913//913 915//915
f 914//914 913//913 917//917 918//918
f 912//912 911//911 919//919 920//920
f 921//921 919//919 911//911 910//910
f 922//922 923//923 919//919 921//921
f 920//920 919//919 923//923 924//924
f 925//925 926//926 927//927 928//928
f 909//909 927//927 926//926 910//910
f 896//896 900//900 927//927 909//909
f 928//928 927//927 900//900 899//899
f 922//922 921//921 929//929 930//930
f 910//910 926//926 929//929 921//921
f 929//929 926//926 925//925
f 899//899 906//906 931//931 928//928
f 932//932 931//931 906//906 905//905
f 931//931 932//932 933//933
f 928//928 931//931 934//934 925//925
f 935//935 930//930 925//925
f 934//934 933//933 936//936
f 935//935 936//936 937//937
f 938//938 922//922 930//930
f 918//918 917//917 939//939 940//940
f 941//941 939//939 917//917 916//916
f 924//924 923//923 939//939 941//941
f 940//940 939//939 923//923 922//922
f 874//874 873//873 942//942 904//904
f 943//943 942//942 873//873 872//872
f 944//944 945//945 942//942 943//943
f 904//904 942//942 945//945 905//905
f 905//905 945//945 946//946 932//932
f 947//947 946//946 945//945 944//944
f 948//948 949//949 946//946 947//947
f 932//932 946//946 949//949 933//933
f 948//948 947//947 950//950 951//951
f 947//947 944//944 952//952
f 953//953 954//954 950//950 952//952
f 951//951 950//950 954//954 955//955
f 956//956 957//957 958//958 959//959
f 940//940 958//958 957//957 918//918
f 922//922 938//938 958//958 940//940
f 959//959 958//958 938//938 937//937
f 937//937 936//936 960//960 959//959
f 949//949 960//960 936//936 933//933
f 948//948 961//961 960//960 949//949
f 959//959 960//960 961//961 956//956
f 829//829 962//962 963//963 828//828
f 964//964 963//963 962//962 965//965
f 838//838 837//837 963//963 964//964
f 828//828 963//963 837//837 830//830
f 966//966 967//967 968//968 969//969
f 967//967 956//956 961//961
f 951//951 968//968 961//961 948//948
f 951//951 955//955 969//969
f 965//965 962//962 970//970 971//971
f 962//962 829//829 914//914
f 970//970 914//914 918//918
f 971//971 970//970 957//957 956//956
f 971//971 972//972 973//973 965//965
f 956//956 967//967 972//972 971//971
f 966//966 973//973 972//972 967//967
f 974//974 975//975 976//976 977//977
f 339//339 976//976 975//975 336//336
f 343//343 978//978 976//976 339//339
f 977//977 976//976 978//978 979//979
f 979//979 978//978 980//980 981//981
f 345//345 980//980 978//978 343//343
f 347//347 982//982 980//980 345//345
f 981//981 980//980 982//982 983//983
f 984//984 985//985 986//986 987//987
f 982//982 986//986 985//985 983//983
f 349//349 986//986 982//982 347//347
f 351//351 987//987 986//986 349//349
f 984//984 987//987 988//988 989//989
f 353//353 988//988 987//987 351//351
f 355//355 990//990 988//988 353//353
f 989//989 988//988 990//990 991//991
f 991//991 990//990 992//992 993//993
f 357//357 992//992 990//990 355//355
f 359//359 994//994 992//992 357//357
f 993//993 992//992 994//994 995//995
f 995//995 994//994 996//996 997//997
f 361//361 996//996 994//994 359//359
f 363//363 998//998 996//996 361//361
f 997//997 996//996 998//998 999//999
f 999//999 998//998 1000//1000 1001//1001
f 365//365 1000//1000 998//998 363//363
f 367//367 1002//1002 1000//1000 365//365
f 1001//1001 1000//1000 1002//1002 1003//1003
f 1003//1003 1002//1002 1004//1004 1005//1005
f 369//369 1004//1004 1002//1002 367//367
f 371//371 1006//1006 1004//1004 369//369
f 1005//1005 1004//1004 1006//1006 1007//1007
f 1008//1008 1009//1009 1010//1010 1011//1011
f 1006//1006 1010//1010 1009//1009 1007//1007
f 373//373 1010//1010 1006//1006 371//371
f 375//375 1011//1011 1010//1010 373//373
f 1012//1012 1013//1013 1014//1014 1015//1015
f 1009//1009 1013//1013 1012//1012 1007//1007
f 1016//1016 1013//1013 1009//1009 1008//1008
f 1017//1017 1014//1014 1013//1013 1016//1016
f 1018//1018 1019//1019 1020//1020 1021//1021
f 1022//1022 1020//1020 1019//1019 1023//1023
f 974//974 977//977 1020//1020 1022//1022
f 1021//1021 1020//1020 977//977 979//979
f 1024//1024 1025//1025 1026//1026 1027//1027
f 1021//1021 1026//1026 1025//1025 1018//1018
f 979//979 981//981 1026//1026 1021//1021
f 1027//1027 1026//1026 981//981 983//983
f 1028//1028 1029//1029 1030//1030 1031//1031
f 1027//1027 1030//1030 1029//1029 1024//1024
f 983//983 985//985 1030//1030 1027//1027
f 1031//1031 1030//1030 985//985 984//984
f 1032//1032 1033//1033 1034//1034 1035//1035
f 1031//1031 1034//1034 1033//1033 1028//1028
f 984//984 989//989 1034//1034 1031//1031
f 1034//1034 989//989 991//991 1035//1035
f 1036//1036 1037//1037 1038//1038 1039//1039
f 1035//1035 1038//1038 1037//1037 1032//1032
f 993//993 1038//1038 1035//1035 991//991
f 995//995 1039//1039 1038//1038 993//993
f 1040//1040 1041//1041 1042//1042 1043//1043
f 1039//1039 1042//1042 1041//1041 1036//1036
f 997//997 1042//1042 1039//1039 995//995
f 999//999 1043//1043 1042//1042 997//997
f 1040//1040 1043//1043 1044//1044 1045//1045
f 1001//1001 1044//1044 1043//1043 999//999
f 1003//1003 1046//1046 1044//1044 1001//1001
f 1045//1045 1044//1044 1046//1046 1047//1047
f 1048//1048 1049//1049 1050//1050
f 1047//1047 1046//1046 1051//1051 1050//1050
f 1005//1005 1051//1051 1046//1046 1003//1003
f 1048//1048 1051//1051 1005//1005 1007//1007
f 1049//1049 1048//1048 1052//1052 1053//1053
f 1012//1012 1052//1052 1048//1048 1007//1007
f 1015//1015 1054//1054 1052//1052 1012//1012
f 1053//1053 1052//1052 1054//1054 1055//1055
f 1023//1023 1019//1019 1056//1056 1057//1057
f 1058//1058 1056//1056 1019//1019 1018//1018
f 1059//1059 1060//1060 1056//1056 1058//1058
f 1057//1057 1056//1056 1060//1060 1061//1061
f 1018//1018 1025//1025 1062//1062 1058//1058
f 1063//1063 1062//1062 1025//1025 1024//1024
f 1064//1064 1065//1065 1062//1062 1063//1063
f 1058//1058 1062//1062 1065//1065 1059//1059
f 1024//1024 1029//1029 1066//1066 1063//1063
f 1067//1067 1066//1066 1029//1029 1028//1028
f 1068//1068 1069//1069 1066//1066 1067//1067
f 1063//1063 1066//1066 1069//1069 1064//1064
f 1028//1028 1033//1033 1070//1070 1067//1067
f 1071//1071 1070//1070 1033//1033 1032//1032
f 1072//1072 1073//1073 1070//1070 1071//1071
f 1067//1067 1070//1070 1073//1073 1068//1068
f 1074//1074 1075//1075 1076//1076 1077//1077
f 1078//1078 1076//1076 1075//1075 1079//1079
f 1061//1061 1060//1060 1076//1076 1078//1078
f 1077//1077 1076//1076 1060//1060 1059//1059
f 1080//1080 1081//1081 1082//1082 1083//1083
f 1077//1077 1081//1081 1080//1080 1074//1074
f 1059//1059 1065//1065 1081//1081 1077//1077
f 1082//1082 1081//1081 1065//1065 1064//1064
f 1084//1084 1085//1085 1086//1086 1087//1087
f 1083//1083 1082//1082 1085//1085 1084//1084
f 1064//1064 1069//1069 1085//1085 1082//1082
f 1086//1086 1085//1085 1069//1069 1068//1068
f 1088//1088 1089//1089 1090//1090 1091//1091
f 1092//1092 1093//1093 1088//1088 1091//1091
f 1094//1094 1088//1088 1093//1093 1095//1095
f 1089//1089 1088//1088 1094//1094 1096//1096
f 1096//1096 1094//1094 1097//1097 1098//1098
f 1099//1099 1097//1097 1094//1094 1095//1095
f 1100//1100 1101//1101 1097//1097 1099//1099
f 1098//1098 1097//1097 1101//1101 1102//1102
f 1102//1102 1101//1101 1103//1103 1104//1104
f 1105//1105 1103//1103 1101//1101 1100//1100
f 1106//1106 1107//1107 1103//1103 1105//1105
f 1104//1104 1103//1103 1107//1107 1108//1108
f 1108//1108 1107//1107 1109//1109 1110//1110
f 1111//1111 1109//1109 1107//1107 1106//1106
f 1112//1112 1113//1113 1109//1109 1111//1111
f 1110//1110 1109//1109 1113//1113 1114//1114
f 1114//1114 1113//1113 1115//1115 1116//1116
f 1117//1117 1115//1115 1113//1113 1112//1112
f 1118//1118 1119//1119 1115//1115 1117//1117
f 1116//1116 1115//1115 1119//1119 1120//1120
f 1120//1120 1119//1119 1121//1121 1122//1122
f 1123//1123 1121//1121 1119//1119 1118//1118
f 1124//1124 1125//1125 1121//1121 1123//1123
f 1121//1121 1125//1125 1126//1126 1122//1122
f 1127//1127 1128//1128 1129//1129 1130//1130
f 1128//1128 1127//1127 1126//1126 1125//1125
f 1131//1131 1128//1128 1125//1125 1124//1124
f 1132//1132 1129//1129 1128//1128 1131//1131
f 1130//1130 1129//1129 1133//1133 1134//1134
f 1135//1135 1133//1133 1129//1129 1132//1132
f 1136//1136 1137//1137 1133//1133 1135//1135
f 1134//1134 1133//1133 1137//1137 1138//1138
f 1139//1139 1140//1140 1141//1141 1142//1142
f 1137//1137 1141//1141 1140//1140 1138//1138
f 1143//1143 1141//1141 1137//1137 1136//1136
f 1144//1144 1142//1142 1141//1141 1143//1143
f 1145//1145 1146//1146 1139//1139 1142//1142
f 1147//1147 1145//1145 1142//1142 1144//1144
f 1148//1148 1149//1149 1145//1145 1147//1147
f 1146//1146 1145//1145 1149//1149 1150//1150
f 1151//1151 1152//1152 1153//1153 1154//1154
f 1153//1153 1152//1152 1155//1155 1156//1156
f 1099//1099 1153//1153 1156//1156 1100//1100
f 1154//1154 1153//1153 1099//1099 1095//1095
f 1155//1155 1157//1157 1158//1158 1159//1159
f 1080//1080 1158//1158 1157//1157 1074//1074
f 1083//1083 1160//1160 1158//1158 1080//1080
f 1159//1159 1158//1158 1160//1160 1161//1161
f 1161//1161 1162//1162 1163//1163 1159//1159
f 1105//1105 1163//1163 1162//1162 1106//1106
f 1100//1100 1156//1156 1163//1163 1105//1105
f 1159//1159 1163//1163 1156//1156 1155//1155
f 1161//1161 1160//1160 1164//1164 1165//1165
f 1084//1084 1164//1164 1160//1160 1083//1083
f 1087//1087 1166//1166 1164//1164 1084//1084
f 1165//1165 1164//1164 1166//1166 1167//1167
f 1167//1167 1168//1168 1169//1169 1165//1165
f 1111//1111 1169//1169 1168//1168 1112//1112
f 1106//1106 1162//1162 1169//1169 1111//1111
f 1165//1165 1169//1169 1162//1162 1161//1161
f 1170//1170 1171//1171 1172//1172 1173//1173
f 1117//1117 1172//1172 1171//1171 1118//1118
f 1112//1112 1168//1168 1172//1172 1117//1117
f 1173//1173 1172//1172 1168//1168 1167//1167
f 1123//1123 1174//1174 1175//1175 1124//1124
f 1118//1118 1171//1171 1174//1174 1123//1123
f 1176//1176 1174//1174 1171//1171 1170//1170
f 1177//1177 1175//1175 1174//1174 1176//1176
f 1178//1178 1179//1179 1180//1180 1181//1181
f 1131//1131 1180//1180 1179//1179 1132//1132
f 1124//1124 1175//1175 1180//1180 1131//1131
f 1181//1181 1180//1180 1175//1175 1177//1177
f 1182//1182 1183//1183 1184//1184 1185//1185
f 1135//1135 1184//1184 1183//1183 1136//1136
f 1132//1132 1179//1179 1184//1184 1135//1135
f 1185//1185 1184//1184 1179//1179 1178//1178
f 1186//1186 1187//1187 1188//1188 1189//1189
f 1143//1143 1188//1188 1187//1187 1144//1144
f 1136//1136 1183//1183 1188//1188 1143//1143
f 1189//1189 1188//1188 1183//1183 1182//1182
f 1190//1190 1191//1191 1192//1192
f 1193//1193 1190//1190 1194//1194 1079//1079
f 1151//1151 1195//1195 1190//1190 1193//1193
f 1191//1191 1190//1190 1195//1195 1196//1196
f 1095//1095 1093//1093 1197//1197 1154//1154
f 1198//1198 1197//1197 1093//1093 1092//1092
f 1196//1196 1195//1195 1197//1197 1198//1198
f 1154//1154 1197//1197 1195//1195 1151//1151
f 1079//1079 1075//1075 1199//1199 1193//1193
f 1157//1157 1199//1199 1075//1075 1074//1074
f 1155//1155 1152//1152 1199//1199 1157//1157
f 1193//1193 1199//1199 1152//1152 1151//1151
f 393//393 390//390 1200//1200 1201//1201
f 387//387 1200//1200 390//390 388//388
f 20//20 1202//1202 1200//1200 387//387
f 1201//1201 1200//1200 1202//1202 1203//1203
f 1202//1202 1204//1204 1205//1205 1203//1203
f 19//19 1204//1204 1202//1202 20//20
f 18//18 53//53 1204//1204 19//19
f 1205//1205 1204//1204 53//53 52//52
f 1206//1206 584//584 583//583
f 392//392 1207//1207 583//583 394//394
f 393//393 1208//1208 1207//1207 392//392
f 1209//1209 1206//1206 1207//1207 1208//1208
f 1210//1210 1211//1211 1212//1212
f 1212//1212 1203//1203 1205//1205
f 52//52 599//599 1213//1213 1205//1205
f 599//599 598//598 1210//1210
f 1214//1214 1215//1215 1216//1216 1217//1217
f 1215//1215 1209//1209 1208//1208
f 393//393 1201//1201 1216//1216 1208//1208
f 1217//1217 1216//1216 1201//1201 1203//1203
f 1217//1217 1218//1218 1219//1219 1214//1214
f 1203//1203 1212//1212 1218//1218 1217//1217
f 1211//1211 1219//1219 1218//1218 1212//1212
f 584//584 1206//1206 1220//1220 591//591
f 1206//1206 1209//1209 1221//1221
f 1222//1222 1223//1223 1220//1220 1221//1221
f 591//591 1220//1220 1223//1223 589//589
f 1211//1211 1210//1210 1224//1224 1225//1225
f 611//611 1224//1224 1210//1210 598//598
f 604//604 1226//1226 1224//1224 611//611
f 1225//1225 1224//1224 1226//1226 1227//1227
f 1228//1228 1229//1229 1230//1230 1231//1231
f 1221//1221 1230//1230 1229//1229 1222//1222
f 1209//1209 1215//1215 1230//1230 1221//1221
f 1231//1231 1230//1230 1215//1215 1214//1214
f 1214//1214 1219//1219 1232//1232 1231//1231
f 1225//1225 1232//1232 1219//1219 1211//1211
f 1227//1227 1233//1233 1232//1232 1225//1225
f 1231//1231 1232//1232 1233//1233 1228//1228
f 1234//1234 1226//1226 604//604 602//602
f 1235//1235 1234//1234 602//602 595//595
f 1236//1236 1234//1234 1235//1235 1237//1237
f 1227//1227 1226//1226 1234//1234 1236//1236
f 1238//1238 1239//1239 1240//1240 1241//1241
f 587//587 1240//1240 1239//1239 581//581
f 589//589 1223//1223 1240//1240 587//587
f 1241//1241 1240//1240 1223//1223 1222//1222
f 1222//1222 1229//1229 1242//1242 1241//1241
f 1243//1243 1242//1242 1229//1229 1228//1228
f 1244//1244 1245//1245 1242//1242 1243//1243
f 1241//1241 1242//1242 1245//1245 1238//1238
f 1228//1228 1233//1233 1246//1246 1243//1243
f 1236//1236 1246//1246 1233//1233 1227//1227
f 1237//1237 1247//1247 1246//1246 1236//1236
f 1243//1243 1246//1246 1247//1247 1244//1244
f 435//435 579//579 1248//1248 1249//1249
f 579//579 581//581 1239//1239
f 1238//1238 1250//1250 1248//1248 1239//1239
f 1249//1249 1248//1248 1250//1250 1251//1251
f 1251//1251 1252//1252 1253//1253 1249//1249
f 432//432 436//436 1253//1253 1252//1252
f 1249//1249 1253//1253 436//436 435//435
f 1237//1237 1235//1235 1254//1254 1255//1255
f 1254//1254 1235//1235 595//595
f 1256//1256 1254//1254 594//594 341//341
f 1255//1255 1254//1254 1256//1256 1257//1257
f 1258//1258 1259//1259 1260//1260 1261//1261
f 1250//1250 1260//1260 1259//1259 1251//1251
f 1238//1238 1245//1245 1260//1260 1250//1250
f 1261//1261 1260//1260 1245//1245 1244//1244
f 1244//1244 1247//1247 1262//1262 1261//1261
f 1255//1255 1262//1262 1247//1247 1237//1237
f 1257//1257 1263//1263 1262//1262 1255//1255
f 1263//1263 1258//1258 1261//1261
f 432//432 1252//1252 1264//1264 433//433
f 1265//1265 1264//1264 1252//1252 1251//1251
f 1266//1266 1267//1267 1264//1264 1265//1265
f 433//433 1264//1264 1267//1267 434//434
f 1268//1268 1269//1269 1270//1270 1271//1271
f 1256//1256 1270//1270 1269//1269 1257//1257
f 341//341 337//337 1270//1270 1256//1256
f 1271//1271 1270//1270 337//337 336//336
f 1266//1266 1265//1265 1272//1272 1273//1273
f 1259//1259 1272//1272 1265//1265 1251//1251
f 1272//1272 1259//1259 1258//1258 1274//1274
f 1273//1273 1272//1272 1274//1274 1275//1275
f 1258//1258 1263//1263 1276//1276 1274//1274
f 1276//1276 1263//1263 1257//1257 1269//1269
f 1277//1277 1276//1276 1269//1269 1268//1268
f 1274//1274 1276//1276 1277//1277 1275//1275
f 1278//1278 1279//1279 1280//1280 1281//1281
f 430//430 1279//1279 1278//1278 427//427
f 434//434 1282//1282 1279//1279 430//430
f 1283//1283 1280//1280 1279//1279 1282//1282
f 1284//1284 1285//1285 1286//1286 1287//1287
f 1271//1271 1286//1286 1285//1285 1268//1268
f 336//336 975//975 1286//1286 1271//1271
f 1287//1287 1286//1286 975//975 974//974
f 434//434 1267//1267 1288//1288 1282//1282
f 1266//1266 1289//1289 1288//1288 1267//1267
f 1282//1282 1288//1288 1289//1289 1283//1283
f 1290//1290 1291//1291 1281//1281
f 1292//1292 1290//1290 1280//1280 1283//1283
f 1293//1293 1294//1294 1290//1290 1292//1292
f 1291//1291 1290//1290 1294//1294 1192//1192
f 1196//1196 1295//1295 1296//1296 1191//1191
f 1295//1295 1281//1281 1291//1291
f 1296//1296 1291//1291 1192//1192 1191//1191
f 1287//1287 1297//1297 1298//1298 1284//1284
f 974//974 1022//1022 1297//1297 1287//1287
f 1023//1023 1299//1299 1297//1297 1022//1022
f 1298//1298 1297//1297 1299//1299 1192//1192
f 1300//1300 1301//1301 1294//1294 1293//1293
f 1284//1284 1298//1298 1301//1301 1300//1300
f 1294//1294 1301//1301 1298//1298 1192//1192
f 1023//1023 1057//1057 1302//1302 1299//1299
f 1078//1078 1302//1302 1057//1057 1061//1061
f 1079//1079 1194//1194 1302//1302 1078//1078
f 1194//1194 1192//1192 1299//1299
f 1268//1268 1285//1285 1303//1303 1277//1277
f 1300//1300 1303//1303 1285//1285 1284//1284
f 1293//1293 1304//1304 1303//1303 1300//1300
f 1277//1277 1303//1303 1304//1304 1275//1275
f 1283//1283 1289//1289 1305//1305 1292//1292
f 1273//1273 1305//1305 1289//1289 1266//1266
f 1275//1275 1304//1304 1305//1305 1273//1273
f 1292//1292 1305//1305 1304//1304 1293//1293
f 1306//1306 1307//1307 1281//1281
f 1198//1198 1306//1306 1295//1295 1196//1196
f 1092//1092 1308//1308 1306//1306 1198//1198
f 1307//1307 1306//1306 1308//1308 1309//1309
f 1091//1091 1310//1310 1308//1308 1092//1092
f 1311//1311 1310//1310 1091//1091 1090//1090
f 1312//1312 1313//1313 1310//1310 1311//1311
f 1308//1308 1310//1310 1313//1313 1309//1309
f 1314//1314 1315//1315 1316//1316 1317//1317
f 400//400 403//403 1315//1315 1314//1314
f 408//408 1318//1318 1315//1315 403//403
f 1316//1316 1315//1315 1318//1318 1319//1319
f 1319//1319 1318//1318 1320//1320 1321//1321
f 410//410 1320//1320 1318//1318 408//408
f 414//414 1322//1322 1320//1320 410//410
f 1321//1321 1320//1320 1322//1322 1323//1323
f 420//420 1324//1324 1325//1325 416//416
f 1326//1326 1325//1325 1324//1324 1327//1327
f 1323//1323 1322//1322 1325//1325 1326//1326
f 416//416 1325//1325 1322//1322 414//414
f 426//426 428//428 1328//1328 422//422
f 1329//1329 1328//1328 428//428 427//427
f 1327//1327 1324//1324 1328//1328 1329//1329
f 422//422 1328//1328 1324//1324 420//420
f 427//427 1278//1278 1330//1330 1329//1329
f 1307//1307 1330//1330 1278//1278 1281//1281
f 1309//1309 1331//1331 1330//1330 1307//1307
f 1329//1329 1330//1330 1331//1331 1327//1327
f 1332//1332 1333//1333 1334//1334 1335//1335
f 1326//1326 1334//1334 1333//1333 1323//1323
f 1334//1334 1326//1326 1327//1327
f 1335//1335 1334//1334 1336//1336 1337//1337
f 1331//1331 1338//1338 1336//1336 1327//1327
f 1339//1339 1338//1338 1331//1331 1309//1309
f 1337//1337 1336//1336 1338//1338 1339//1339
f 1340//1340 1341//1341 1342//1342 1343//1343
f 1339//1339 1342//1342 1341//1341 1337//1337
f 1342//1342 1339//1339 1309//1309
f 1313//1313 1312//1312 1343//1343
f 1337//1337 1341//1341 1344//1344 1335//1335
f 1341//1341 1340//1340 1345//1345
f 1346//1346 1347//1347 1344//1344 1345//1345
f 1335//1335 1344//1344 1347//1347 1332//1332
f 1348//1348 1349//1349 1350//1350 1351//1351
f 870//870 1350//1350 1349//1349 872//872
f 871//871 1352//1352 1350//1350 870//870
f 1351//1351 1350//1350 1352//1352 1353//1353
f 1354//1354 1355//1355 1356//1356 1357//1357
f 943//943 1356//1356 1355//1355 944//944
f 872//872 1349//1349 1356//1356 943//943
f 1357//1357 1356//1356 1349//1349 1348//1348
f 944//944 1355//1355 1358//1358 952//952
f 1359//1359 1358//1358 1355//1355 1354//1354
f 1360//1360 1361//1361 1358//1358 1359//1359
f 952//952 1358//1358 1361//1361 953//953
f 953//953 1361//1361 1362//1362 954//954
f 1361//1361 1360//1360 1363//1363
f 1364//1364 1365//1365 1362//1362 1363//1363
f 954//954 1362//1362 1365//1365 955//955
f 955//955 1365//1365 1366//1366 969//969
f 1367//1367 1366//1366 1365//1365 1364//1364
f 1368//1368 1369//1369 1366//1366 1367//1367
f 969//969 1366//1366 1369//1369 966//966
f 1370//1370 1371//1371 1372//1372
f 973//973 1370//1370 1373//1373 965//965
f 966//966 1369//1369 1370//1370 973//973
f 1371//1371 1370//1370 1369//1369 1368//1368
f 1373//1373 1374//1374 964//964 965//965
f 1375//1375 1374//1374 1373//1373 1372//1372
f 1376//1376 1377//1377 1374//1374 1375//1375
f 838//838 964//964 1374//1374 1377//1377
f 1376//1376 1378//1378 1379//1379 1377//1377
f 1380//1380 1379//1379 1378//1378 1381//1381
f 841//841 839//839 1379//1379 1380//1380
f 1377//1377 1379//1379 839//839 838//838
f 849//849 848//848 1382//1382 1383//1383
f 1380//1380 1382//1382 848//848 841//841
f 1381//1381 1384//1384 1382//1382 1380//1380
f 1383//1383 1382//1382 1384//1384 1385//1385
f 849//849 1383//1383 1386//1386 857//857
f 1385//1385 1387//1387 1386//1386 1383//1383
f 1388//1388 1386//1386 1387//1387 1389//1389
f 857//857 1386//1386 1388//1388 854//854
f 862//862 865//865 1390//1390 1391//1391
f 854//854 1388//1388 1390//1390 865//865
f 1389//1389 1392//1392 1390//1390 1388//1388
f 1391//1391 1390//1390 1392//1392 1393//1393
f 1364//1364 1394//1394 1395//1395 1367//1367
f 1396//1396 1395//1395 1394//1394 1397//1397
f 1398//1398 1399//1399 1395//1395 1396//1396
f 1367//1367 1395//1395 1399//1399 1368//1368
f 1368//1368 1399//1399 1400//1400 1371//1371
f 1401//1401 1400//1400 1399//1399 1398//1398
f 1402//1402 1403//1403 1400//1400 1401//1401
f 1371//1371 1400//1400 1403//1403 1372//1372
f 1372//1372 1403//1403 1404//1404 1375//1375
f 1405//1405 1404//1404 1403//1403 1402//1402
f 1406//1406 1407//1407 1404//1404 1405//1405
f 1375//1375 1404//1404 1407//1407 1376//1376
f 1376//1376 1407//1407 1408//1408 1378//1378
f 1409//1409 1408//1408 1407//1407 1406//1406
f 1410//1410 1408//1408 1409//1409 1411//1411
f 1381//1381 1378//1378 1408//1408 1410//1410
f 1385//1385 1384//1384 1412//1412 1413//1413
f 1410//1410 1412//1412 1384//1384 1381//1381
f 1411//1411 1414//1414 1412//1412 1410//1410
f 1413//1413 1412//1412 1414//1414 1415//1415
f 1389//1389 1387//1387 1416//1416 1417//1417
f 1413//1413 1416//1416 1387//1387 1385//1385
f 1415//1415 1418//1418 1416//1416 1413//1413
f 1418//1418 1419//1419 1417//1417
f 1393//1393 1392//1392 1420//1420 1421//1421
f 1417//1417 1420//1420 1392//1392 1389//1389
f 1419//1419 1422//1422 1420//1420 1417//1417
f 1421//1421 1420//1420 1422//1422 1423//1423
f 773//773 789//789 1424//1424 771//771
f 1425//1425 1424//1424 789//789 793//793
f 1426//1426 1427//1427 1424//1424 1425//1425
f 771//771 1424//1424 1427//1427 769//769
f 791//791 799//799 1428//1428 1429//1429
f 1430//1430 1428//1428 799//799 798//798
f 1431//1431 1432//1432 1428//1428 1430//1430
f 1429//1429 1428//1428 1432//1432 1433//1433
f 1434//1434 1435//1435 1436//1436 1437//1437
f 792//792 1436//1436 1435//1435 793//793
f 1429//1429 1436//1436 792//792 791//791
f 1436//1436 1429//1429 1433//1433 1437//1437
f 1438//1438 765//765 767//767
f 769//769 1427//1427 1439//1439 767//767
f 1440//1440 1439//1439 1427//1427 1426//1426
f 1439//1439 1440//1440 1441//1441
f 1442//1442 1443//1443 1444//1444 1445//1445
f 1425//1425 1444//1444 1443//1443 1426//1426
f 793//793 1435//1435 1444//1444 1425//1425
f 1434//1434 1445//1445 1444//1444 1435//1435
f 1446//1446 1447//1447 1448//1448 1449//1449
f 1445//1445 1448//1448 1447//1447 1442//1442
f 1437//1437 1448//1448 1445//1445 1434//1434
f 1433//1433 1449//1449 1448//1448 1437//1437
f 1433//1433 1432//1432 1450//1450 1449//1449
f 1432//1432 1431//1431 1451//1451
f 1452//1452 1450//1450 1451//1451 1453//1453
f 1446//1446 1449//1449 1450//1450 1452//1452
f 797//797 825//825 1454//1454 1455//1455
f 825//825 822//822 1456//1456
f 1454//1454 1456//1456 1457//1457
f 1455//1455 1454//1454 1458//1458 1459//1459
f 1460//1460 1461//1461 1457//1457
f 1456//1456 822//822 861//861
f 860//860 1462//1462 1460//1460 861//861
f 1462//1462 1463//1463 1461//1461
f 1464//1464 1465//1465 1463//1463
f 863//863 1464//1464 1462//1462 860//860
f 862//862 1466//1466 1464//1464 863//863
f 1465//1465 1464//1464 1466//1466 1467//1467
f 1467//1467 1466//1466 1468//1468 1469//1469
f 1391//1391 1468//1468 1466//1466 862//862
f 1393//1393 1470//1470 1468//1468 1391//1391
f 1469//1469 1468//1468 1470//1470 1471//1471
f 1470//1470 1393//1393 1421//1421
f 1472//1472 1473//1473 1421//1421 1423//1423
f 1474//1474 1475//1475 1473//1473 1472//1472
f 1471//1471 1470//1470 1473//1473 1475//1475
f 1471//1471 1475//1475 1476//1476 1477//1477
f 1478//1478 1476//1476 1475//1475 1474//1474
f 1479//1479 1480//1480 1476//1476 1478//1478
f 1476//1476 1480//1480 1481//1481
f 1482//1482 1477//1477 1481//1481
f 1483//1483 1482//1482 1484//1484 1485//1485
f 1469//1469 1482//1482 1483//1483 1467//1467
f 1471//1471 1477//1477 1482//1482 1469//1469
f 1485//1485 1484//1484 1486//1486 1487//1487
f 1480//1480 1486//1486 1484//1484 1481//1481
f 1479//1479 1488//1488 1486//1486 1480//1480
f 1487//1487 1486//1486 1488//1488 1489//1489
f 1467//1467 1483//1483 1490//1490 1465//1465
f 1491//1491 1490//1490 1483//1483 1485//1485
f 1492//1492 1493//1493 1490//1490 1491//1491
f 1465//1465 1490//1490 1493//1493 1463//1463
f 1479//1479 1478//1478 1494//1494 1495//1495
f 1474//1474 1496//1496 1494//1494 1478//1478
f 1495//1495 1494//1494 1496//1496 1497//1497
f 1492//1492 1491//1491 1498//1498 1499//1499
f 1487//1487 1498//1498 1491//1491 1485//1485
f 1489//1489 1500//1500 1498//1498 1487//1487
f 1499//1499 1498//1498 1500//1500 1501//1501
f 1489//1489 1488//1488 1502//1502 1500//1500
f 1495//1495 1502//1502 1488//1488 1479//1479
f 1497//1497 1503//1503 1502//1502 1495//1495
f 1501//1501 1500//1500 1502//1502 1503//1503
f 197//197 196//196 1504//1504 216//216
f 1505//1505 1504//1504 196//196 76//76
f 1506//1506 1507//1507 1504//1504 1505//1505
f 216//216 1504//1504 1507//1507 217//217
f 219//219 218//218 1508//1508 226//226
f 1509//1509 1508//1508 218//218 217//217
f 1510//1510 1511//1511 1508//1508 1509//1509
f 226//226 1508//1508 1511//1511 227//227
f 1512//1512 1513//1513 1514//1514 1515//1515
f 233//233 1514//1514 1513//1513 230//230
f 227//227 1511//1511 1514//1514 233//233
f 1515//1515 1514//1514 1511//1511 1510//1510
f 81//81 1516//1516 1517//1517 79//79
f 1518//1518 1517//1517 1516//1516 1519//1519
f 1505//1505 1517//1517 1518//1518 1506//1506
f 76//76 79//79 1517//1517 1505//1505
f 217//217 1507//1507 1520//1520 1509//1509
f 1521//1521 1520//1520 1507//1507 1506//1506
f 1522//1522 1523//1523 1520//1520 1521//1521
f 1509//1509 1520//1520 1523//1523 1510//1510
f 1510//1510 1523//1523 1524//1524 1515//1515
f 1525//1525 1524//1524 1523//1523 1522//1522
f 1526//1526 1527//1527 1524//1524 1525//1525
f 1515//1515 1524//1524 1527//1527 1512//1512
f 1519//1519 1528//1528 1529//1529 1518//1518
f 1530//1530 1529//1529 1528//1528 1531//1531
f 1529//1529 1530//1530 1522//1522
f 1518//1518 1529//1529 1521//1521 1506//1506
f 1519//1519 1516//1516 1532//1532 1533//1533
f 116//116 1532//1532 1516//1516 81//81
f 117//117 1534//1534 1532//1532 116//116
f 1533//1533 1532//1532 1534//1534 1535//1535
f 1526//1526 1525//1525 1536//1536 1537//1537
f 1530//1530 1536//1536 1525//1525 1522//1522
f 1531//1531 1538//1538 1536//1536 1530//1530
f 1537//1537 1536//1536 1538//1538 1539//1539
f 1540//1540 1541//1541 725//725 724//724
f 1542//1542 1541//1541 1540//1540 1543//1543
f 1535//1535 1534//1534 1541//1541 1542//1542
f 725//725 1541//1541 1534//1534 117//117
f 1531//1531 1528//1528 1544//1544 1545//1545
f 1528//1528 1519//1519 1533//1533
f 1535//1535 1546//1546 1544//1544 1533//1533
f 1545//1545 1544//1544 1546//1546 1547//1547
f 1539//1539 1538//1538 1548//1548 1549//1549
f 1545//1545 1548//1548 1538//1538 1531//1531
f 1547//1547 1550//1550 1548//1548 1545//1545
f 1549//1549 1548//1548 1550//1550 1551//1551
f 730//730 1552//1552 1553//1553 731//731
f 1554//1554 1553//1553 1552//1552 1555//1555
f 1543//1543 1540//1540 1553//1553 1554//1554
f 731//731 1553//1553 1540//1540 724//724
f 1547//1547 1546//1546 1556//1556 1557//1557
f 1542//1542 1556//1556 1546//1546 1535//1535
f 1543//1543 1558//1558 1556//1556 1542//1542
f 1557//1557 1556//1556 1558//1558 1559//1559
f 1559//1559 1560//1560 1561//1561 1557//1557
f 1562//1562 1561//1561 1560//1560 1563//1563
f 1551//1551 1550//1550 1561//1561 1562//1562
f 1557//1557 1561//1561 1550//1550 1547//1547
f 1564//1564 1565//1565 1555//1555
f 734//734 1564//1564 1552//1552 730//730
f 735//735 1566//1566 1564//1564 734//734
f 1565//1565 1564//1564 1566//1566 1567//1567
f 1568//1568 1558//1558 1543//1543
f 1569//1569 1568//1568 1554//1554 1555//1555
f 1570//1570 1571//1571 1568//1568 1569//1569
f 1559//1559 1558//1558 1568//1568 1571//1571
f 1563//1563 1560//1560 1572//1572 1573//1573
f 1571//1571 1572//1572 1560//1560 1559//1559
f 1572//1572 1571//1571 1570//1570
f 1574//1574 1575//1575 1573//1573
f 1570//1570 1569//1569 1576//1576 1577//1577
f 1565//1565 1576//1576 1569//1569 1555//1555
f 1567//1567 1578//1578 1576//1576 1565//1565
f 1577//1577 1576//1576 1578//1578 1579//1579
f 1580//1580 1581//1581 1575//1575
f 1577//1577 1580//1580 1574//1574 1570//1570
f 1579//1579 1582//1582 1580//1580 1577//1577
f 1581//1581 1580//1580 1582//1582 1583//1583
f 1584//1584 1585//1585 502//502
f 501//501 492//492 1586//1586
f 1587//1587 1588//1588 1584//1584 1586//1586
f 1585//1585 1584//1584 1588//1588 1589//1589
f 1590//1590 1587//1587 1586//1586
f 494//494 1591//1591 1586//1586 492//492
f 496//496 1592//1592 1591//1591 494//494
f 1591//1591 1592//1592 1593//1593
f 1587//1587 1590//1590 1594//1594 1595//1595
f 1596//1596 1594//1594 1590//1590 1593//1593
f 1597//1597 1598//1598 1594//1594 1596//1596
f 1595//1595 1594//1594 1598//1598 1599//1599
f 496//496 516//516 1600//1600 1592//1592
f 1601//1601 1600//1600 516//516 515//515
f 1602//1602 1603//1603 1600//1600 1601//1601
f 1592//1592 1600//1600 1603//1603 1593//1593
f 1602//1602 1601//1601 1604//1604 1605//1605
f 515//515 528//528 1604//1604 1601//1601
f 1605//1605 1604//1604 528//528 527//527
f 1593//1593 1603//1603 1606//1606 1596//1596
f 1607//1607 1606//1606 1603//1603 1602//1602
f 1608//1608 1609//1609 1606//1606 1607//1607
f 1596//1596 1606//1606 1609//1609 1597//1597
f 1610//1610 1611//1611 1612//1612 1613//1613
f 1605//1605 1612//1612 1611//1611 1602//1602
f 527//527 533//533 1612//1612 1605//1605
f 1613//1613 1612//1612 533//533 524//524
f 1602//1602 1611//1611 1614//1614 1607//1607
f 1611//1611 1610//1610 1615//1615
f 1616//1616 1617//1617 1614//1614 1615//1615
f 1607//1607 1614//1614 1617//1617 1608//1608
f 1610//1610 1613//1613 1618//1618 1619//1619
f 524//524 521//521 1618//1618 1613//1613
f 405//405 1620//1620 1618//1618 521//521
f 1619//1619 1618//1618 1620//1620 1621//1621
f 1622//1622 1623//1623 1624//1624 1625//1625
f 1626//1626 1624//1624 1623//1623 1627//1627
f 1628//1628 1629//1629 1624//1624 1626//1626
f 1625//1625 1624//1624 1629//1629 1599//1599
f 1630//1630 1631//1631 1632//1632 1633//1633
f 1625//1625 1632//1632 1631//1631 1622//1622
f 1599//1599 1598//1598 1632//1632 1625//1625
f 1633//1633 1632//1632 1598//1598 1597//1597
f 1634//1634 1635//1635 1636//1636 1637//1637
f 1633//1633 1636//1636 1635//1635 1630//1630
f 1597//1597 1609//1609 1636//1636 1633//1633
f 1637//1637 1636//1636 1609//1609 1608//1608
f 1638//1638 1639//1639 1640//1640 1641//1641
f 1639//1639 1638//1638 1634//1634 1637//1637
f 1608//1608 1617//1617 1639//1639 1637//1637
f 1616//1616 1640//1640 1639//1639 1617//1617
f 1627//1627 1623//1623 1642//1642 1643//1643
f 1644//1644 1642//1642 1623//1623 1622//1622
f 1645//1645 1646//1646 1642//1642 1644//1644
f 1643//1643 1642//1642 1646//1646 1647//1647
f 1622//1622 1631//1631 1648//1648 1644//1644
f 1630//1630 1649//1649 1648//1648 1631//1631
f 1650//1650 1651//1651 1648//1648 1649//1649
f 1644//1644 1648//1648 1651//1651 1645//1645
f 1630//1630 1635//1635 1652//1652 1649//1649
f 1634//1634 1653//1653 1652//1652 1635//1635
f 1654//1654 1655//1655 1652//1652 1653//1653
f 1650//1650 1649//1649 1652//1652 1655//1655
f 1641//1641 1656//1656 1657//1657 1638//1638
f 1658//1658 1659//1659 1657//1657 1656//1656
f 1654//1654 1653//1653 1657//1657 1659//1659
f 1638//1638 1657//1657 1653//1653 1634//1634
f 1658//1658 1656//1656 1660//1660 1661//1661
f 1662//1662 1660//1660 1656//1656 1641//1641
f 1663//1663 1664//1664 1660//1660 1662//1662
f 1664//1664 1665//1665 1661//1661
f 1666//1666 1667//1667 1665//1665
f 1664//1664 1663//1663 1668//1668
f 1666//1666 1668//1668 1669//1669
f 1667//1667 1666//1666 1670//1670 1671//1671
f 1672//1672 1673//1673 1674//1674 1675//1675
f 1674//1674 1673//1673 1676//1676 1677//1677
f 1671//1671 1670//1670 1674//1674 1677//1677
f 1675//1675 1674//1674 1670//1670 1669//1669
f 1676//1676 1673//1673 1678//1678 1679//1679
f 1680//1680 1678//1678 1673//1673 1672//1672
f 1681//1681 1682//1682 1678//1678 1680//1680
f 1679//1679 1678//1678 1682//1682 1683//1683
f 1684//1684 1685//1685 1686//1686
f 1683//1683 1682//1682 1684//1684 1687//1687
f 1688//1688 1684//1684 1682//1682 1681//1681
f 1689//1689 1685//1685 1684//1684 1688//1688
f 1690//1690 1685//1685 1689//1689
f 1691//1691 1690//1690 1692//1692 1693//1693
f 1694//1694 1695//1695 1690//1690 1691//1691
f 1695//1695 1686//1686 1685//1685
f 1696//1696 1697//1697 1691//1691 1693//1693
f 1698//1698 1699//1699 1697//1697 1696//1696
f 1700//1700 1697//1697 1699//1699 1701//1701
f 1691//1691 1697//1697 1700//1700 1694//1694
f 1701//1701 1699//1699 1702//1702 1703//1703
f 1704//1704 1702//1702 1699//1699 1698//1698
f 1705//1705 1706//1706 1702//1702 1704//1704
f 1703//1703 1702//1702 1706//1706 1707//1707
f 1708//1708 1709//1709 1706//1706 1705//1705
f 1643//1643 1709//1709 1708//1708 1627//1627
f 1647//1647 1710//1710 1709//1709 1643//1643
f 1707//1707 1706//1706 1709//1709 1710//1710
f 1711//1711 1712//1712 1713//1713
f 1714//1714 1665//1665 1667//1667
f 1671//1671 1715//1715 1711//1711 1667//1667
f 1711//1711 1715//1715 1716//1716 1712//1712
f 1671//1671 1677//1677 1717//1717 1715//1715
f 1718//1718 1717//1717 1677//1677 1676//1676
f 1719//1719 1720//1720 1717//1717 1718//1718
f 1715//1715 1717//1717 1720//1720 1716//1716
f 1719//1719 1718//1718 1721//1721 1722//1722
f 1679//1679 1721//1721 1718//1718 1676//1676
f 1683//1683 1723//1723 1721//1721 1679//1679
f 1721//1721 1723//1723 1724//1724 1722//1722
f 1683//1683 1687//1687 1725//1725 1723//1723
f 1726//1726 1725//1725 1687//1687 1686//1686
f 1727//1727 1728//1728 1725//1725 1726//1726
f 1723//1723 1725//1725 1728//1728 1724//1724
f 1686//1686 1695//1695 1729//1729 1726//1726
f 1730//1730 1729//1729 1695//1695 1694//1694
f 1731//1731 1732//1732 1729//1729 1730//1730
f 1726//1726 1729//1729 1732//1732 1727//1727
f 1694//1694 1700//1700 1733//1733 1730//1730
f 1734//1734 1733//1733 1700//1700 1701//1701
f 1735//1735 1736//1736 1733//1733 1734//1734
f 1730//1730 1733//1733 1736//1736 1731//1731
f 1710//1710 1737//1737 1738//1738 1707//1707
f 1739//1739 1737//1737 1710//1710 1647//1647
f 1740//1740 1741//1741 1737//1737 1739//1739
f 1742//1742 1738//1738 1737//1737 1741//1741
f 1735//1735 1734//1734 1743//1743 1744//1744
f 1703//1703 1743//1743 1734//1734 1701//1701
f 1707//1707 1738//1738 1743//1743 1703//1703
f 1744//1744 1743//1743 1738//1738 1742//1742
f 1716//1716 1720//1720 1745//1745 1746//1746
f 1747//1747 1745//1745 1720//1720 1719//1719
f 1748//1748 1745//1745 1747//1747 1749//1749
f 1745//1745 1748//1748 1750//1750
f 1749//1749 1747//1747 1751//1751 1752//1752
f 1722//1722 1751//1751 1747//1747 1719//1719
f 1724//1724 1753//1753 1751//1751 1722//1722
f 1753//1753 1754//1754 1752//1752
f 1724//1724 1728//1728 1755//1755 1753//1753
f 1756//1756 1755//1755 1728//1728 1727//1727
f 1757//1757 1758//1758 1755//1755 1756//1756
f 1753//1753 1755//1755 1758//1758 1754//1754
f 1727//1727 1732//1732 1759//1759 1756//1756
f 1760//1760 1759//1759 1732//1732 1731//1731
f 1761//1761 1762//1762 1759//1759 1760//1760
f 1756//1756 1759//1759 1762//1762 1757//1757
f 1731//1731 1736//1736 1763//1763 1760//1760
f 1764//1764 1763//1763 1736//1736 1735//1735
f 1765//1765 1766//1766 1763//1763 1764//1764
f 1760//1760 1763//1763 1766//1766 1761//1761
f 1765//1765 1764//1764 1767//1767 1768//1768
f 1744//1744 1767//1767 1764//1764 1735//1735
f 1742//1742 1769//1769 1767//1767 1744//1744
f 1768//1768 1767//1767 1769//1769 1770//1770
f 1651//1651 1771//1771 1772//1772 1645//1645
f 1650//1650 1773//1773 1771//1771 1651//1651
f 1774//1774 1775//1775 1771//1771 1773//1773
f 1771//1771 1775//1775 1776//1776 1772//1772
f 1777//1777 1778//1778 1779//1779 1780//1780
f 1765//1765 1768//1768 1779//1779 1778//1778
f 1770//1770 1780//1780 1779//1779 1768//1768
f 1777//1777 1781//1781 1782//1782 1783//1783
f 1754//1754 1758//1758 1782//1782 1781//1781
f 1757//1757 1783//1783 1782//1782 1758//1758
f 1774//1774 1773//1773 1784//1784 1785//1785
f 1650//1650 1655//1655 1784//1784 1773//1773
f 1654//1654 1786//1786 1784//1784 1655//1655
f 1787//1787 1785//1785 1784//1784 1786//1786
f 1788//1788 1789//1789 1790//1790 1777//1777
f 1750//1750 1748//1748 1789//1789 1788//1788
f 1749//1749 1790//1790 1789//1789 1748//1748
f 1781//1781 1777//1777 1790//1790
f 1749//1749 1752//1752 1791//1791 1790//1790
f 1754//1754 1781//1781 1791//1791 1752//1752
f 1777//1777 1783//1783 1792//1792 1793//1793
f 1757//1757 1762//1762 1792//1792 1783//1783
f 1761//1761 1793//1793 1792//1792 1762//1762
f 1777//1777 1793//1793 1794//1794 1778//1778
f 1761//1761 1766//1766 1794//1794 1793//1793
f 1765//1765 1778//1778 1794//1794 1766//1766
f 1769//1769 1795//1795 1796//1796 1770//1770
f 1741//1741 1795//1795 1769//1769 1742//1742
f 1797//1797 1795//1795 1741//1741 1740//1740
f 1798//1798 1796//1796 1795//1795 1797//1797
f 1777//1777 1780//1780 1799//1799 1800//1800
f 1770//1770 1796//1796 1799//1799 1780//1780
f 1798//1798 1800//1800 1799//1799 1796//1796
f 1801//1801 1802//1802 1803//1803 1804//1804
f 1750//1750 1788//1788 1802//1802 1801//1801
f 1788//1788 1777//1777 1803//1803
f 1647//1647 1646//1646 1805//1805 1739//1739
f 1772//1772 1805//1805 1646//1646 1645//1645
f 1776//1776 1806//1806 1805//1805 1772//1772
f 1739//1739 1805//1805 1806//1806 1740//1740
f 1776//1776 1775//1775 1807//1807 1808//1808
f 1774//1774 1785//1785 1807//1807 1775//1775
f 1787//1787 1809//1809 1807//1807 1785//1785
f 1810//1810 1808//1808 1807//1807 1809//1809
f 1810//1810 1811//1811 1812//1812 1808//1808
f 1797//1797 1812//1812 1811//1811 1798//1798
f 1740//1740 1806//1806 1812//1812 1797//1797
f 1808//1808 1812//1812 1806//1806 1776//1776
f 1787//1787 1786//1786 1813//1813 1814//1814
f 1654//1654 1659//1659 1813//1813 1786//1786
f 1658//1658 1815//1815 1813//1813 1659//1659
f 1814//1814 1813//1813 1815//1815 1816//1816
f 1817//1817 1816//1816 1815//1815
f 1661//1661 1818//1818 1815//1815 1658//1658
f 1818//1818 1661//1661 1665//1665
f 1817//1817 1818//1818 1714//1714 1713//1713
f 1810//1810 1809//1809 1819//1819 1820//1820
f 1787//1787 1814//1814 1819//1819 1809//1809
f 1816//1816 1821//1821 1819//1819 1814//1814
f 1820//1820 1819//1819 1821//1821 1804//1804
f 1817//1817 1822//1822 1821//1821 1816//1816
f 1713//1713 1823//1823 1822//1822 1817//1817
f 1804//1804 1821//1821 1822//1822 1823//1823
f 1801//1801 1804//1804 1823//1823
f 1823//1823 1713//1713 1712//1712
f 1746//1746 1824//1824 1712//1712 1716//1716
f 1801//1801 1824//1824 1746//1746 1750//1750
f 1804//1804 1803//1803 1825//1825 1820//1820
f 1800//1800 1825//1825 1803//1803 1777//1777
f 1798//1798 1811//1811 1825//1825 1800//1800
f 1820//1820 1825//1825 1811//1811 1810//1810
f 1589//1589 1588//1588 1826//1826 1827//1827
f 1595//1595 1826//1826 1588//1588 1587//1587
f 1599//1599 1629//1629 1826//1826 1595//1595
f 1827//1827 1826//1826 1629//1629 1628//1628
f 1627//1627 1708//1708 1828//1828 1626//1626
f 1705//1705 1829//1829 1828//1828 1708//1708
f 1830//1830 1828//1828 1829//1829 1831//1831
f 1626//1626 1828//1828 1830//1830 1628//1628
f 1831//1831 1829//1829 1832//1832 1833//1833
f 1704//1704 1832//1832 1829//1829 1705//1705
f 1698//1698 1834//1834 1832//1832 1704//1704
f 1833//1833 1832//1832 1834//1834 1835//1835
f 1835//1835 1834//1834 1836//1836 1837//1837
f 1696//1696 1836//1836 1834//1834 1698//1698
f 1693//1693 1838//1838 1836//1836 1696//1696
f 1837//1837 1836//1836 1838//1838 1839//1839
f 1838//1838 1840//1840 1841//1841 1839//1839
f 1692//1692 1840//1840 1838//1838 1693//1693
f 1840//1840 1692//1692 1689//1689
f 1841//1841 1840//1840 1842//1842 1843//1843
f 1844//1844 1845//1845 1846//1846 1847//1847
f 1848//1848 1845//1845 1844//1844 1849//1849
f 1841//1841 1845//1845 1848//1848 1839//1839
f 1846//1846 1845//1845 1841//1841 1843//1843
f 1688//1688 1850//1850 1842//1842 1689//1689
f 1681//1681 1851//1851 1850//1850 1688//1688
f 1852//1852 1850//1850 1851//1851 1853//1853
f 1842//1842 1850//1850 1852//1852 1843//1843
f 1853//1853 1851//1851 1854//1854 1855//1855
f 1680//1680 1854//1854 1851//1851 1681//1681
f 1672//1672 1856//1856 1854//1854 1680//1680
f 1855//1855 1854//1854 1856//1856 1857//1857
f 1857//1857 1856//1856 1858//1858 1859//1859
f 1675//1675 1858//1858 1856//1856 1672//1672
f 1669//1669 1860//1860 1858//1858 1675//1675
f 1859//1859 1858//1858 1860//1860 1861//1861
f 1641//1641 1640//1640 1862//1862 1662//1662
f 1863//1863 1862//1862 1640//1640 1616//1616
f 1864//1864 1865//1865 1862//1862 1863//1863
f 1662//1662 1862//1862 1865//1865 1663//1663
f 1621//1621 1866//1866 1867//1867 1619//1619
f 1863//1863 1867//1867 1866//1866 1864//1864
f 1616//1616 1615//1615 1867//1867 1863//1863
f 1619//1619 1867//1867 1615//1615 1610//1610
f 1861//1861 1860//1860 1868//1868 1869//1869
f 1668//1668 1868//1868 1860//1860 1669//1669
f 1663//1663 1865//1865 1868//1868 1668//1668
f 1869//1869 1868//1868 1865//1865 1864//1864
f 400//400 1870//1870 1871//1871 401//401
f 1872//1872 1871//1871 1870//1870 1873//1873
f 1621//1621 1620//1620 1871//1871 1872//1872
f 401//401 1871//1871 1620//1620 405//405
f 1864//1864 1866//1866 1874//1874 1875//1875
f 1872//1872 1874//1874 1866//1866 1621//1621
f 1873//1873 1876//1876 1874//1874 1872//1872
f 1875//1875 1874//1874 1876//1876 1877//1877
f 1873//1873 1870//1870 1878//1878 1879//1879
f 1314//1314 1878//1878 1870//1870 400//400
f 1317//1317 1880//1880 1878//1878 1314//1314
f 1879//1879 1878//1878 1880//1880 1881//1881
f 1877//1877 1876//1876 1882//1882 1883//1883
f 1879//1879 1882//1882 1876//1876 1873//1873
f 1881//1881 1884//1884 1882//1882 1879//1879
f 1883//1883 1882//1882 1884//1884 1885//1885
f 1861//1861 1869//1869 1886//1886 1887//1887
f 1875//1875 1886//1886 1869//1869 1864//1864
f 1877//1877 1883//1883 1886//1886 1875//1875
f 1887//1887 1886//1886 1883//1883 1885//1885
f 1888//1888 1859//1859 1861//1861 1887//1887
f 1889//1889 1888//1888 1887//1887 1885//1885
f 1888//1888 1889//1889 1890//1890
f 1859//1859 1888//1888 1891//1891 1857//1857
f 1892//1892 1893//1893 1894//1894
f 1895//1895 1853//1853 1855//1855
f 1857//1857 1891//1891 1892//1892 1855//1855
f 1891//1891 1890//1890 1893//1893
f 1852//1852 1896//1896 1897//1897 1843//1843
f 1896//1896 1852//1852 1853//1853
f 1898//1898 1896//1896 1895//1895 1894//1894
f 1897//1897 1896//1896 1898//1898 1899//1899
f 1900//1900 1901//1901 1897//1897 1899//1899
f 1847//1847 1846//1846 1901//1901 1900//1900
f 1843//1843 1897//1897 1901//1901 1846//1846
f 1894//1894 1902//1902 1903//1903 1898//1898
f 1904//1904 1903//1903 1902//1902 1905//1905
f 1906//1906 1907//1907 1903//1903 1904//1904
f 1898//1898 1903//1903 1907//1907 1899//1899
f 1905//1905 1902//1902 1908//1908 1909//1909
f 1893//1893 1908//1908 1902//1902 1894//1894
f 1890//1890 1910//1910 1908//1908 1893//1893
f 1909//1909 1908//1908 1910//1910 1911//1911
f 1905//1905 1909//1909 1912//1912 1904//1904
f 1913//1913 1912//1912 1909//1909 1911//1911
f 1912//1912 1913//1913 1914//1914 1915//1915
f 1904//1904 1912//1912 1915//1915 1906//1906
f 1910//1910 1890//1890 1889//1889
f 1889//1889 1885//1885 1916//1916
f 1916//1916 1917//1917 1918//1918
f 1911//1911 1910//1910 1919//1919 1918//1918
f 1914//1914 1913//1913 1920//1920 1921//1921
f 1922//1922 1920//1920 1913//1913 1911//1911
f 1923//1923 1924//1924 1920//1920 1922//1922
f 1921//1921 1920//1920 1924//1924 1925//1925
f 1926//1926 1927//1927 1924//1924 1923//1923
f 1927//1927 1926//1926 1928//1928
f 1929//1929 1930//1930 1927//1927 1931//1931
f 1925//1925 1924//1924 1927//1927 1930//1930
f 1923//1923 1932//1932 1933//1933 1926//1926
f 1934//1934 1933//1933 1932//1932 1935//1935
f 1936//1936 1937//1937 1933//1933 1934//1934
f 1926//1926 1933//1933 1937//1937 1928//1928
f 1923//1923 1922//1922 1938//1938 1932//1932
f 1918//1918 1938//1938 1922//1922 1911//1911
f 1938//1938 1918//1918 1917//1917
f 1939//1939 1935//1935 1932//1932
f 1940//1940 1941//1941 1934//1934 1935//1935
f 1934//1934 1941//1941 1944//1942
f 1940//1940 1945//1943 1946//1944 1942//1945
f 1947//1946 1945//1943 1940//1940 1935//1935
f 1948//1947 1949//1948 1945//1943 1947//1946
f 1946//1944 1945//1943 1949//1948 1950//1949
f 1951//1950 1952//1951 1953//1952 1954//1953
f 1953//1952 1952//1951 1332//1332 1347//1347
f 1346//1346 1955//1954 1953//1952 1347//1347
f 1954//1953 1953//1952 1955//1954 1956//1955
f 1957//1956 1958//1957 1959//1958 1960//1959
f 1959//1958 1958//1957 1956//1955
f 1961//1960 1962//1961 1959//1958 1963//1962
f 1960//1959 1959//1958 1962//1961 1964//1963
f 1951//1950 1954//1953 1965//1964 1966//1965
f 1958//1957 1965//1964 1954//1953 1956//1955
f 1957//1956 1967//1966 1965//1964 1958//1957
f 1966//1965 1965//1964 1967//1966 1968//1967
f 1951//1950 1966//1965 1969//1968 1952//1951
f 1968//1967 1970//1969 1969//1968 1966//1965
f 1333//1333 1969//1968 1970//1969 1323//1323
f 1333//1333 1332//1332 1952//1951
f 1971//1970 1967//1966 1957//1956 1960//1959
f 1964//1963 1972//1971 1971//1970 1960//1959
f 1973//1972 1974//1973 1971//1970 1972//1971
f 1967//1966 1971//1970 1974//1973 1968//1967
f 1975//1974 1976//1975 1977//1976 1978//1977
f 1321//1321 1977//1976 1976//1975 1319//1319
f 1323//1323 1970//1969 1977//1976 1321//1321
f 1978//1977 1977//1976 1970//1969 1968//1967
f 1979//1978 1980//1979 1981//1980 1982//1981
f 1964//1963 1962//1961 1980//1979 1979//1978
f 1983//1982 1980//1979 1962//1961 1961//1960
f 1981//1980 1980//1979 1983//1982 1984//1983
f 1985//1984 1986//1985 1987//1986 1988//1987
f 1978//1977 1987//1986 1986//1985 1975//1974
f 1968//1967 1974//1973 1987//1986 1978//1977
f 1988//1987 1987//1986 1974//1973 1973//1972
f 1973//1972 1972//1971 1989//1988 1988//1987
f 1979//1978 1989//1988 1972//1971 1964//1963
f 1982//1981 1990//1989 1989//1988 1979//1978
f 1988//1987 1989//1988 1990//1989 1985//1984
f 1991//1990 1992//1991 1993//1992 1994//1993
f 1981//1980 1993//1992 1992//1991 1982//1981
f 1984//1983 1995//1994 1993//1992 1981//1980
f 1994//1993 1993//1992 1995//1994 1996//1995
f 1997//1996 1998//1997 1999//1998 2000//1999
f 1998//1997 1317//1317 1316//1316
f 1319//1319 1976//1975 1999//1998 1316//1316
f 2000//1999 1999//1998 1976//1975 1975//1974
f 1996//1995 2001//2000 2002//2001 1994//1993
f 1949//1948 2002//2001 2001//2000 1950//1949
f 2002//2001 1949//1948 1948//1947 2003//2002
f 1994//1993 2002//2001 2003//2002 1991//1990
f 2004//2003 2005//2004 1917//1917
f 1885//1885 1884//1884 2004//2003 1916//1916
f 2006//2005 2004//2003 1884//1884 1881//1881
f 2005//2004 2004//2003 2006//2005 2007//2006
f 2008//2007 2009//2008 2010//2009 2011//2010
f 2000//1999 2010//2009 2009//2008 1997//1996
f 1975//1974 1986//1985 2010//2009 2000//1999
f 2011//2010 2010//2009 1986//1985 1985//1984
f 1880//1880 1317//1317 1998//1997
f 1998//1997 1997//1996 2012//2011
f 2013//2012 2012//2011 2007//2006
f 1881//1881 1880//1880 2013//2012 2006//2005
f 2012//2011 2014//2013 2015//2014 2007//2006
f 1997//1996 2009//2008 2014//2013 2012//2011
f 2008//2007 2015//2014 2014//2013 2009//2008
f 2016//2015 1947//1946 1935//1935
f 1939//1939 1917//1917 2005//2004
f 2007//2006 2017//2016 2016//2015 2005//2004
f 1947//1946 2016//2015 2017//2016 1948//1947
f 2018//2017 2019//2018 2015//2014 2008//2007
f 2003//2002 2019//2018 2018//2017 1991//1990
f 1948//1947 2017//2016 2019//2018 2003//2002
f 2019//2018 2017//2016 2007//2006 2015//2014
f 1985//1984 1990//1989 2020//2019 2011//2010
f 1992//1991 2020//2019 1990//1989 1982//1981
f 1991//1990 2018//2017 2020//2019 1992//1991
f 2011//2010 2020//2019 2018//2017 2008//2007
f 641//641 640//640 2021//2020 2022//2021
f 1585//1585 2021//2020 640//640 502//502
f 2021//2020 1585//1585 1589//1589
f 2022//2021 2021//2020 2023//2022 2024//2023
f 645//645 644//644 2025//2024 2026//2025
f 2022//2021 2025//2024 644//644 641//641
f 2024//2023 2027//2026 2025//2024 2022//2021
f 2026//2025 2025//2024 2027//2026 2028//2027
f 2029//2028 1589//1589 1827//1827
f 1628//1628 1830//1830 2030//2029 1827//1827
f 1831//1831 2031//2030 2030//2029 1830//1830
f 2029//2028 2030//2029 2031//2030 2032//2031
f 2032//2031 2031//2030 2033//2032 2034//2033
f 1833//1833 2033//2032 2031//2030 1831//1831
f 1835//1835 2035//2034 2033//2032 1833//1833
f 2034//2033 2033//2032 2035//2034 2036//2035
f 2036//2035 2035//2034 2037//2036 2038//2037
f 1837//1837 2037//2036 2035//2034 1835//1835
f 1839//1839 2039//2038 2037//2036 1837//1837
f 2038//2037 2037//2036 2039//2038 2040//2039
f 2039//2038 2041//2040 2042//2041 2040//2039
f 1848//1848 2041//2040 2039//2038 1839//1839
f 1849//1849 2042//2041 2041//2040 1848//1848
f 2024//2023 2023//2022 2043//2042 2044//2043
f 2029//2028 2043//2042 2023//2022 1589//1589
f 2043//2042 2029//2028 2032//2031
f 2045//2044 2046//2045 2044//2043
f 2027//2026 2047//2046 2048//2047 2028//2027
f 2044//2043 2047//2046 2027//2026 2024//2023
f 2047//2046 2044//2043 2046//2045
f 2048//2047 2047//2046 2049//2048 2050//2049
f 2051//2050 2052//2051 2046//2045
f 2034//2033 2051//2050 2045//2044 2032//2031
f 2036//2035 2053//2052 2051//2050 2034//2033
f 2054//2053 2052//2051 2051//2050 2053//2052
f 2055//2054 2056//2055 2057//2056 2058//2057
f 2053//2052 2057//2056 2056//2055 2054//2053
f 2057//2056 2053//2052 2036//2035
f 2058//2057 2057//2056 2038//2037 2040//2039
f 2028//2027 2048//2047 2059//2058 2026//2025
f 2060//2059 2059//2058 2048//2047 2050//2049
f 2061//2060 2062//2061 2059//2058 2060//2059
f 2026//2025 2059//2058 2062//2061 645//645
f 645//645 2062//2061 2063//2062 649//649
f 2064//2063 2063//2062 2062//2061 2061//2060
f 2065//2064 2066//2065 2063//2062 2064//2063
f 649//649 2063//2062 2066//2065 646//646
f 650//650 653//653 2067//2066 2068//2067
f 646//646 2066//2065 2067//2066 653//653
f 2065//2064 2069//2068 2067//2066 2066//2065
f 2068//2067 2067//2066 2069//2068 2070//2069
f 665//665 664//664 2071//2070 2072//2071
f 2073//2072 2071//2070 664//664 659//659
f 2074//2073 2075//2074 2071//2070 2073//2072
f 2072//2071 2071//2070 2075//2074 2076//2075
f 668//668 667//667 2077//2076 2078//2077
f 2072//2071 2077//2076 667//667 665//665
f 2076//2075 2079//2078 2077//2076 2072//2071
f 2077//2076 2079//2078 2080//2079 2078//2077
f 2081//2080 2082//2081 2083//2082 2084//2083
f 2084//2083 2080//2079 2079//2078
f 2085//2084 2081//2080 2079//2078 2076//2075
f 2086//2085 2082//2081 2081//2080 2085//2084
f 668//668 2078//2077 2087//2086 671//671
f 2078//2077 2080//2079 2088//2087
f 2089//2088 2090//2089 2087//2086 2088//2087
f 671//671 2087//2086 2090//2089 672//672
f 2088//2087 2091//2090 2092//2091 2089//2088
f 2080//2079 2084//2083 2091//2090 2088//2087
f 2091//2090 2084//2083 2083//2082 2093//2092
f 2094//2093 2092//2091 2091//2090 2093//2092
f 672//672 2090//2089 2095//2094 675//675
f 2096//2095 2095//2094 2090//2089 2089//2088
f 2097//2096 2098//2097 2095//2094 2096//2095
f 675//675 2095//2094 2098//2097 676//676
f 2089//2088 2092//2091 2099//2098 2096//2095
f 2100//2099 2099//2098 2092//2091 2094//2093
f 2101//2100 2102//2101 2099//2098 2100//2099
f 2096//2095 2099//2098 2102//2101 2097//2096
f 2103//2102 679//679 676//676
f 2104//2103 2103//2102 2098//2097 2097//2096
f 2105//2104 2106//2105 2103//2102 2104//2103
f 2106//2105 680//680 679//679
f 657//657 656//656 2107//2106 2108//2107
f 2068//2067 2107//2106 656//656 650//650
f 2070//2069 2109//2108 2107//2106 2068//2067
f 2108//2107 2107//2106 2109//2108 2110//2109
f 659//659 658//658 2111//2110 2073//2072
f 2108//2107 2111//2110 658//658 657//657
f 2110//2109 2112//2111 2111//2110 2108//2107
f 2073//2072 2111//2110 2112//2111 2074//2073
f 2076//2075 2075//2074 2113//2112 2085//2084
f 2114//2113 2113//2112 2075//2074 2074//2073
f 2115//2114 2116//2115 2113//2112 2114//2113
f 2085//2084 2113//2112 2116//2115 2086//2085
f 2117//2116 2118//2117 2119//2118 2120//2119
f 2121//2120 2119//2118 2118//2117 2122//2121
f 2070//2069 2069//2068 2119//2118 2121//2120
f 2120//2119 2119//2118 2069//2068 2065//2064
f 2110//2109 2109//2108 2123//2122 2124//2123
f 2121//2120 2123//2122 2109//2108 2070//2069
f 2122//2121 2125//2124 2123//2122 2121//2120
f 2124//2123 2123//2122 2125//2124 2126//2125
f 2074//2073 2112//2111 2127//2126 2114//2113
f 2124//2123 2127//2126 2112//2111 2110//2109
f 2126//2125 2128//2127 2127//2126 2124//2123
f 2114//2113 2127//2126 2128//2127 2115//2114
f 2061//2060 2060//2059 2129//2128 2130//2129
f 2131//2130 2129//2128 2060//2059 2050//2049
f 2132//2131 2133//2132 2129//2128 2131//2130
f 2130//2129 2129//2128 2133//2132 2134//2133
f 2050//2049 2049//2048 2135//2134 2131//2130
f 2052//2051 2135//2134 2049//2048 2046//2045
f 2136//2135 2135//2134 2052//2051 2054//2053
f 2131//2130 2135//2134 2136//2135 2132//2131
f 2054//2053 2056//2055 2137//2136 2136//2135
f 2138//2137 2137//2136 2056//2055 2055//2054
f 2139//2138 2140//2139 2137//2136 2138//2137
f 2136//2135 2137//2136 2140//2139 2132//2131
f 2132//2131 2140//2139 2141//2140 2133//2132
f 2139//2138 2142//2141 2141//2140 2140//2139
f 2133//2132 2141//2140 2142//2141 2134//2133
f 2143//2142 2064//2063 2061//2060 2130//2129
f 2144//2143 2143//2142 2130//2129 2134//2133
f 2120//2119 2143//2142 2144//2143 2117//2116
f 2064//2063 2143//2142 2120//2119 2065//2064
f 2145//2144 2146//2145 2147//2146 2148//2147
f 894//894 2147//2146 2146//2145 880//880
f 898//898 2149//2148 2147//2146 894//894
f 2148//2147 2147//2146 2149//2148 2150//2149
f 908//908 2151//2150 2149//2148 898//898
f 2152//2151 2151//2150 908//908 912//912
f 2153//2152 2154//2153 2151//2150 2152//2151
f 2151//2150 2154//2153 2150//2149 2149//2148
f 912//912 920//920 2155//2154 2152//2151
f 2156//2155 2155//2154 920//920 924//924
f 2157//2156 2158//2157 2155//2154 2156//2155
f 2152//2151 2155//2154 2158//2157 2153//2152
f 924//924 941//941 2159//2158 2156//2155
f 916//916 2160//2159 2159//2158 941//941
f 2161//2160 2159//2158 2160//2159 2162//2161
f 2156//2155 2159//2158 2161//2160 2157//2156
f 2163//2162 2164//2163 2165//2164 2166//2165
f 879//879 2165//2164 2164//2163 881//881
f 880//880 2146//2145 2165//2164 879//879
f 2166//2165 2165//2164 2146//2145 2145//2144
f 2167//2166 2163//2162 2166//2165
f 2168//2167 2166//2165 2145//2144
f 2170//2168 2169//2169 2171//2170 2172//2171
f 2148//2147 2171//2170 2169//2169 2145//2144
f 2150//2149 2173//2172 2171//2170 2148//2147
f 2172//2171 2171//2170 2173//2172 2174//2173
f 2175//2174 2176//2175 2177//2176 2178//2177
f 2177//2176 2176//2175 2174//2173 2173//2172
f 2154//2153 2177//2176 2173//2172 2150//2149
f 2178//2177 2177//2176 2154//2153 2153//2152
f 2179//2178 2180//2179 2181//2180 2182//2181
f 2178//2177 2181//2180 2180//2179 2175//2174
f 2153//2152 2158//2157 2181//2180 2178//2177
f 2182//2181 2181//2180 2158//2157 2157//2156
f 2183//2182 2184//2183 2185//2184 2186//2185
f 2182//2181 2184//2183 2183//2182 2179//2178
f 2157//2156 2161//2160 2184//2183 2182//2181
f 2162//2161 2185//2184 2184//2183 2161//2160
f 2190//2186 2191//2187 2192//2188 2193//2189
f 2188//2190 2192//2188 2191//2187 2189//2191
f 2174//2173 2176//2175 2192//2188 2188//2190
f 2193//2189 2192//2188 2176//2175 2175//2174
f 2194//2192 2195//2193 2196//2194 2197//2195
f 2191//2187 2196//2194 2195//2193 2189//2191
f 2196//2194 2191//2187 2190//2186 2197//2195
f 2198//2196 2199//2197 2200//2198 2201//2199
f 2193//2189 2200//2198 2199//2197 2190//2186
f 2175//2174 2180//2179 2200//2198 2193//2189
f 2201//2199 2200//2198 2180//2179 2179//2178
f 2202//2200 2203//2201 2204//2202 2205//2203
f 2197//2195 2204//2202 2203//2201 2194//2192
f 2190//2186 2199//2197 2204//2202 2197//2195
f 2205//2203 2204//2202 2199//2197 2198//2196
f 2201//2199 2206//2204 2207//2205 2198//2196
f 2179//2178 2183//2182 2206//2204 2201//2199
f 2186//2185 2208//2206 2206//2204 2183//2182
f 2207//2205 2206//2204 2208//2206 2209//2207
f 2210//2208 2211//2209 2212//2210 2213//2211
f 2205//2203 2211//2209 2210//2208 2202//2200
f 2198//2196 2207//2205 2211//2209 2205//2203
f 2209//2207 2212//2210 2211//2209 2207//2205
f 2213//2211 2212//2210 2214//2212 2215//2213
f 2216//2214 2214//2212 2212//2210 2209//2207
f 2217//2215 2218//2216 2214//2212 2216//2214
f 2215//2213 2214//2212 2218//2216 2219//2217
f 2220//2218 2221//2219 2208//2206 2186//2185
f 2222//2220 2221//2219 2220//2218 2223//2221
f 2217//2215 2216//2214 2221//2219 2222//2220
f 2209//2207 2208//2206 2221//2219 2216//2214
f 2219//2217 2218//2216 2224//2222 2225//2223
f 2222//2220 2224//2222 2218//2216 2217//2215
f 2223//2221 2226//2224 2224//2222 2222//2220
f 2225//2223 2224//2222 2226//2224 2227//2225
f 2223//2221 2220//2218 2228//2226 2229//2227
f 2185//2184 2228//2226 2220//2218 2186//2185
f 2230//2228 2228//2226 2185//2184 2162//2161
f 2229//2227 2228//2226 2230//2228 2231//2229
f 2162//2161 2160//2159 2232//2230 2230//2228
f 915//915 2232//2230 2160//2159 916//916
f 802//802 2233//2231 2232//2230 915//915
f 2230//2228 2232//2230 2233//2231 2231//2229
f 2227//2225 2226//2224 2234//2232 2235//2233
f 2229//2227 2234//2232 2226//2224 2223//2221
f 2231//2229 2236//2234 2234//2232 2229//2227
f 2235//2233 2234//2232 2236//2234 2237//2235
f 802//802 801//801 2238//2236 2233//2231
f 2239//2237 2238//2236 801//801 689//689
f 2240//2238 2241//2239 2238//2236 2239//2237
f 2233//2231 2238//2236 2241//2239 2231//2229
f 2242//2240 2243//2241 2244//2242 2245//2243
f 2244//2242 2243//2241 2237//2235 2236//2234
f 2241//2239 2244//2242 2236//2234 2231//2229
f 2245//2243 2244//2242 2241//2239 2240//2238
f 689//689 686//686 2246//2244 2239//2237
f 2247//2245 2246//2244 686//686 685//685
f 2248//2246 2249//2247 2246//2244 2247//2245
f 2239//2237 2246//2244 2249//2247 2240//2238
f 685//685 691//691 2250//2248 2247//2245
f 2106//2105 2250//2248 691//691 680//680
f 2105//2104 2251//2249 2250//2248 2106//2105
f 2247//2245 2250//2248 2251//2249 2248//2246
f 2240//2238 2249//2247 2252//2250 2245//2243
f 2253//2251 2252//2250 2249//2247 2248//2246
f 2254//2252 2255//2253 2252//2250 2253//2251
f 2245//2243 2252//2250 2255//2253 2242//2240
f 2097//2096 2102//2101 2256//2254 2104//2103
f 2257//2255 2256//2254 2102//2101 2101//2100
f 2256//2254 2257//2255 2258//2256 2259//2257
f 2104//2103 2256//2254 2259//2257 2105//2104
f 2248//2246 2251//2249 2260//2258 2253//2251
f 2259//2257 2260//2258 2251//2249 2105//2104
f 2258//2256 2261//2259 2260//2258 2259//2257
f 2253//2251 2260//2258 2261//2259 2254//2252
f 710//710 709//709 2262//2260 2263//2261
f 764//764 2262//2260 709//709 703//703
f 765//765 1438//1438 2262//2260 764//764
f 1438//1438 1441//1441 2263//2261
f 735//735 732//732 2264//2262 2265//2263
f 732//732 711//711 708//708
f 2264//2262 708//708 710//710
f 2265//2263 2264//2262 2266//2264 2267//2265
f 1567//1567 1566//1566 2268//2266 2269//2267
f 2265//2263 2268//2266 1566//1566 735//735
f 2267//2265 2270//2268 2268//2266 2265//2263
f 2269//2267 2268//2266 2270//2268 2271//2269
f 1579//1579 1578//1578 2272//2270 2273//2271
f 2269//2267 2272//2270 1578//1578 1567//1567
f 2271//2269 2274//2272 2272//2270 2269//2267
f 2273//2271 2272//2270 2274//2272 2275//2273
f 1583//1583 1582//1582 2276//2274 2277//2275
f 2273//2271 2276//2274 1582//1582 1579//1579
f 2275//2273 2278//2276 2276//2274 2273//2271
f 2277//2275 2276//2274 2278//2276 2279//2277
f 2280//2278 2281//2279 2282//2280
f 2283//2281 1441//1441 1440//1440
f 2280//2278 1440//1440 1426//1426
f 1443//1443 1442//1442 2281//2279
f 1442//1442 1447//1447 2284//2282 2281//2279
f 2285//2283 2284//2282 1447//1447 1446//1446
f 2286//2284 2287//2285 2284//2282 2285//2283
f 2281//2279 2284//2282 2287//2285 2282//2280
f 2288//2286 2289//2287 2267//2265
f 2266//2264 710//710 2263//2261
f 2288//2286 2263//2261 1441//1441
f 2290//2288 2291//2289 2289//2287
f 2289//2287 2292//2290 2270//2268 2267//2265
f 2293//2291 2292//2290 2289//2287 2291//2289
f 2294//2292 2295//2293 2292//2290 2293//2291
f 2271//2269 2270//2268 2292//2290 2295//2293
f 2295//2293 2296//2294 2274//2272 2271//2269
f 2297//2295 2296//2294 2295//2293 2294//2292
f 2298//2296 2296//2294 2297//2295 2299//2297
f 2275//2273 2274//2272 2296//2294 2298//2296
f 2279//2277 2278//2276 2300//2298 2301//2299
f 2298//2296 2300//2298 2278//2276 2275//2273
f 2299//2297 2302//2300 2300//2298 2298//2296
f 2303//2301 2301//2299 2300//2298 2302//2300
f 2304//2302 2305//2303 2306//2304 2307//2305
f 2302//2300 2306//2304 2305//2303 2303//2301
f 2306//2304 2302//2300 2299//2297 2308//2306
f 2307//2305 2306//2304 2308//2306 2309//2307
f 2294//2292 2310//2308 2311//2309 2297//2295
f 2312//2310 2311//2309 2310//2308 2313//2311
f 2309//2307 2308//2306 2311//2309 2312//2310
f 2297//2295 2311//2309 2308//2306 2299//2297
f 1453//1453 1451//1451 2314//2312 2315//2313
f 1430//1430 2314//2312 1451//1451 1431//1431
f 798//798 2316//2314 2314//2312 1430//1430
f 2315//2313 2314//2312 2316//2314 2317//2315
f 2286//2284 2285//2283 2318//2316 2319//2317
f 1452//1452 2318//2316 2285//2283 1446//1446
f 1453//1453 2315//2313 2318//2316 1452//1452
f 2319//2317 2318//2316 2315//2313 2317//2315
f 2317//2315 2316//2314 2320//2318
f 796//796 2320//2318 2316//2314 798//798
f 1455//1455 2320//2318 796//796 797//797
f 2320//2318 1455//1455 1459//1459
f 2321//2319 2322//2320 2282//2280
f 2287//2285 2286//2284 2319//2317
f 2321//2319 2319//2317 2317//2315
f 2323//2321 2324//2322 2322//2320
f 2325//2323 2326//2324 2291//2289
f 2290//2288 1441//1441 2283//2281
f 2325//2323 2283//2281 2282//2280
f 2322//2320 2324//2322 2326//2324
f 2313//2311 2310//2308 2327//2325 2328//2326
f 2293//2291 2327//2325 2310//2308 2294//2292
f 2291//2289 2326//2324 2327//2325 2293//2291
f 2328//2326 2327//2325 2326//2324 2324//2322
f 2324//2322 2323//2321 2329//2327 2330//2328
f 2323//2321 2317//2315 2331//2329
f 2329//2327 2331//2329 1459//1459
f 2330//2328 2329//2327 2332//2330 2333//2331
f 2334//2332 2335//2333 2336//2334 2337//2335
f 2334//2332 1457//1457 1461//1461
f 2335//2333 1461//1461 1463//1463
f 2336//2334 2335//2333 1493//1493 1492//1492
f 2338//2336 2332//2330 1459//1459
f 1458//1458 1457//1457 2334//2332
f 2337//2335 2339//2337 2338//2336 2334//2332
f 2332//2330 2338//2336 2339//2337 2333//2331
f 2340//2338 2341//2339 2337//2335
f 1499//1499 2340//2338 2336//2334 1492//1492
f 1501//1501 2342//2340 2340//2338 1499//1499
f 2341//2339 2340//2338 2342//2340 2343//2341
f 2343//2341 2342//2340 2344//2342 2345//2343
f 1503//1503 2344//2342 2342//2340 1501//1501
f 2344//2342 1503//1503 1497//1497 2346//2344
f 2345//2343 2344//2342 2346//2344 2347//2345
f 1497//1497 1496//1496 2348//2346 2346//2344
f 1472//1472 2348//2346 1496//1496 1474//1474
f 1423//1423 2349//2347 2348//2346 1472//1472
f 2346//2344 2348//2346 2349//2347 2347//2345
f 1422//1422 2350//2348 2349//2347 1423//1423
f 2351//2349 2350//2348 1422//1422 1419//1419
f 2352//2350 2350//2348 2351//2349 2353//2351
f 2347//2345 2349//2347 2350//2348 2352//2350
f 1419//1419 1418//1418 2354//2352 2351//2349
f 2355//2353 2354//2352 1418//1418 1415//1415
f 2356//2354 2357//2355 2354//2352 2355//2353
f 2354//2352 2357//2355 2353//2351 2351//2349
f 1415//1415 1414//1414 2358//2356 2355//2353
f 1414//1414 1411//1411 2359//2357
f 2360//2358 2361//2359 2358//2356 2359//2357
f 2355//2353 2358//2356 2361//2359 2356//2354
f 2359//2357 2362//2360 2363//2361 2360//2358
f 1411//1411 1409//1409 2362//2360 2359//2357
f 1406//1406 2364//2362 2362//2360 1409//1409
f 2363//2361 2362//2360 2364//2362 2365//2363
f 2365//2363 2364//2362 2366//2364 2367//2365
f 1405//1405 2366//2364 2364//2362 1406//1406
f 1402//1402 2368//2366 2366//2364 1405//1405
f 2367//2365 2366//2364 2368//2366 2369//2367
f 2369//2367 2368//2366 2370//2368 2371//2369
f 1401//1401 2370//2368 2368//2366 1402//1402
f 2370//2368 1401//1401 1398//1398
f 2372//2370 2373//2371 2371//2369
f 2374//2372 2375//2373 2376//2374 2377//2375
f 2375//2373 2324//2322 2330//2328
f 2333//2331 2377//2375 2376//2374 2330//2328
f 2378//2376 2379//2377 2380//2378 2381//2379
f 2328//2326 2380//2378 2379//2377 2313//2311
f 2324//2322 2375//2373 2380//2378 2328//2326
f 2381//2379 2380//2378 2375//2373 2374//2372
f 2382//2380 2383//2381 2384//2382 2385//2383
f 2312//2310 2384//2382 2383//2381 2309//2307
f 2313//2311 2379//2377 2384//2382 2312//2310
f 2385//2383 2384//2382 2379//2377 2378//2376
f 2386//2384 2387//2385 2388//2386 2389//2387
f 2307//2305 2388//2386 2387//2385 2304//2302
f 2309//2307 2383//2381 2388//2386 2307//2305
f 2389//2387 2388//2386 2383//2381 2382//2380
f 2333//2331 2339//2337 2390//2388 2377//2375
f 2339//2337 2337//2335 2391//2389
f 2391//2389 2392//2390 2393//2391
f 2393//2391 2374//2372 2377//2375
f 2394//2392 2395//2393 2392//2390
f 2391//2389 2337//2335 2341//2339
f 2343//2341 2396//2394 2394//2392 2341//2339
f 2395//2393 2394//2392 2396//2394 2397//2395
f 2397//2395 2396//2394 2398//2396 2399//2397
f 2345//2343 2398//2396 2396//2394 2343//2341
f 2347//2345 2400//2398 2398//2396 2345//2343
f 2399//2397 2398//2396 2400//2398 2401//2399
f 2401//2399 2400//2398 2402//2400 2403//2401
f 2352//2350 2402//2400 2400//2398 2347//2345
f 2353//2351 2404//2402 2402//2400 2352//2350
f 2403//2401 2402//2400 2404//2402 2405//2403
f 2405//2403 2404//2402 2406//2404 2407//2405
f 2357//2355 2406//2404 2404//2402 2353//2351
f 2408//2406 2406//2404 2357//2355 2356//2354
f 2406//2404 2408//2406 2409//2407 2407//2405
f 2410//2408 2411//2409 2412//2410 2413//2411
f 2408//2406 2412//2410 2411//2409 2409//2407
f 2356//2354 2361//2359 2412//2410 2408//2406
f 2413//2411 2412//2410 2361//2359 2360//2358
f 2414//2412 2415//2413 2416//2414 2417//2415
f 2413//2411 2416//2414 2415//2413 2410//2408
f 2360//2358 2363//2361 2416//2414 2413//2411
f 2417//2415 2416//2414 2363//2361 2365//2363
f 2418//2416 2419//2417 2420//2418 2421//2419
f 2417//2415 2420//2418 2419//2417 2414//2412
f 2365//2363 2367//2365 2420//2418 2417//2415
f 2421//2419 2420//2418 2367//2365 2369//2367
f 2422//2420 2423//2421 2424//2422 2425//2423
f 2421//2419 2424//2422 2423//2421 2418//2416
f 2369//2367 2371//2369 2424//2422 2421//2419
f 2425//2423 2424//2422 2371//2369 2373//2371
f 2426//2424 2427//2425 2428//2426 2429//2427
f 2418//2416 2423//2421 2427//2425 2426//2424
f 2422//2420 2430//2428 2427//2425 2423//2421
f 2428//2426 2427//2425 2430//2428 2431//2429
f 2432//2430 2433//2431 2434//2432 2435//2433
f 2415//2413 2434//2432 2433//2431 2410//2408
f 2436//2434 2434//2432 2415//2413 2414//2412
f 2435//2433 2434//2432 2436//2434 2437//2435
f 2414//2412 2419//2417 2438//2436 2436//2434
f 2426//2424 2438//2436 2419//2417 2418//2416
f 2429//2427 2439//2437 2438//2436 2426//2424
f 2436//2434 2438//2436 2439//2437 2437//2435
f 2440//2438 2441//2439 2442//2440 2443//2441
f 2411//2409 2442//2440 2441//2439 2409//2407
f 2410//2408 2433//2431 2442//2440 2411//2409
f 2443//2441 2442//2440 2433//2431 2432//2430
f 2432//2430 2435//2433 2444//2442 2443//2441
f 2445//2443 2444//2442 2435//2433 2437//2435
f 2446//2444 2447//2445 2444//2442 2445//2443
f 2443//2441 2444//2442 2447//2445 2440//2438
f 2448//2446 2449//2447 2450//2448 2451//2449
f 2407//2405 2450//2448 2449//2447 2405//2403
f 2409//2407 2441//2439 2450//2448 2407//2405
f 2451//2449 2450//2448 2441//2439 2440//2438
f 2440//2438 2447//2445 2452//2450 2451//2449
f 2453//2451 2452//2450 2447//2445 2446//2444
f 2452//2450 2453//2451 2454//2452 2455//2453
f 2451//2449 2452//2450 2455//2453 2448//2446
f 2456//2454 2457//2455 2458//2456 2459//2457
f 2403//2401 2458//2456 2457//2455 2401//2399
f 2405//2403 2449//2447 2458//2456 2403//2401
f 2459//2457 2458//2456 2449//2447 2448//2446
f 2456//2454 2459//2457 2460//2458 2461//2459
f 2455//2453 2460//2458 2459//2457 2448//2446
f 2454//2452 2462//2460 2460//2458 2455//2453
f 2461//2459 2460//2458 2462//2460 2463//2461
f 2401//2399 2457//2455 2464//2462 2399//2397
f 2465//2463 2464//2462 2457//2455 2456//2454
f 2466//2464 2467//2465 2464//2462 2465//2463
f 2399//2397 2464//2462 2467//2465 2397//2395
f 2466//2464 2465//2463 2468//2466 2469//2467
f 2461//2459 2468//2466 2465//2463 2456//2454
f 2463//2461 2470//2468 2468//2466 2461//2459
f 2469//2467 2468//2466 2470//2468 2471//2469
f 2472//2470 2473//2471 2474//2472
f 2395//2393 2472//2470 2475//2473 2392//2390
f 2397//2395 2467//2465 2472//2470 2395//2393
f 2467//2465 2466//2464 2473//2471
f 2474//2472 2473//2471 2476//2474
f 2473//2471 2466//2464 2469//2467
f 2471//2469 2477//2475 2476//2474 2469//2467
f 2478//2476 2476//2474 2477//2475 2479//2477
f 2480//2478 2481//2479 2482//2480 2483//2481
f 2393//2391 2482//2480 2481//2479 2374//2372
f 2392//2390 2475//2473 2482//2480 2393//2391
f 2483//2481 2482//2480 2475//2473 2474//2472
f 2474//2472 2478//2476 2484//2482 2483//2481
f 2485//2483 2484//2482 2478//2476 2479//2477
f 2486//2484 2487//2485 2484//2482 2485//2483
f 2483//2481 2484//2482 2487//2485 2480//2478
f 2374//2372 2481//2479 2488//2486 2381//2379
f 2489//2487 2488//2486 2481//2479 2480//2478
f 2490//2488 2491//2489 2488//2486 2489//2487
f 2381//2379 2488//2486 2491//2489 2378//2376
f 2480//2478 2487//2485 2492//2490 2489//2487
f 2493//2491 2492//2490 2487//2485 2486//2484
f 2494//2492 2495//2493 2492//2490 2493//2491
f 2489//2487 2492//2490 2495//2493 2490//2488
f 2378//2376 2491//2489 2496//2494 2385//2383
f 2497//2495 2496//2494 2491//2489 2490//2488
f 2498//2496 2499//2497 2496//2494 2497//2495
f 2385//2383 2496//2494 2499//2497 2382//2380
f 2490//2488 2495//2493 2500//2498 2497//2495
f 2501//2499 2500//2498 2495//2493 2494//2492
f 2502//2500 2503//2501 2500//2498 2501//2499
f 2497//2495 2500//2498 2503//2501 2498//2496
f 2382//2380 2499//2497 2504//2502 2389//2387
f 2505//2503 2504//2502 2499//2497 2498//2496
f 2506//2504 2507//2505 2504//2502 2505//2503
f 2389//2387 2504//2502 2507//2505 2386//2384
f 2498//2496 2503//2501 2508//2506 2505//2503
f 2509//2507 2508//2506 2503//2501 2502//2500
f 2510//2508 2511//2509 2508//2506 2509//2507
f 2505//2503 2508//2506 2511//2509 2506//2504
f 1150//1150 1149//1149 2512//2510 2513//2511
f 2514//2512 2512//2510 1149//1149 1148//1148
f 2515//2513 2516//2514 2512//2510 2514//2512
f 2513//2511 2512//2510 2516//2514 2517//2515
f 2518//2516 2519//2517 2520//2518 2521//2519
f 2522//2520 2520//2518 2519//2517 2523//2521
f 2524//2522 2525//2523 2520//2518 2522//2520
f 2521//2519 2520//2518 2525//2523 2526//2524
f 2527//2525 2528//2526 2529//2527 2530//2528
f 2531//2529 2529//2527 2528//2526 2532//2530
f 2533//2531 2534//2532 2529//2527 2531//2529
f 2530//2528 2529//2527 2534//2532 2535//2533
f 2517//2515 2516//2514 2536//2534 2537//2535
f 2538//2536 2536//2534 2516//2514 2515//2513
f 2526//2524 2525//2523 2536//2534 2538//2536
f 2537//2535 2536//2534 2525//2523 2524//2522
f 2515//2513 2539//2537 2540//2538 2538//2536
f 2541//2539 2540//2538 2539//2537 2542//2540
f 2543//2541 2544//2542 2540//2538 2541//2539
f 2538//2536 2540//2538 2544//2542 2526//2524
f 2526//2524 2544//2542 2545//2543 2521//2519
f 2546//2544 2545//2543 2544//2542 2543//2541
f 2547//2545 2548//2546 2545//2543 2546//2544
f 2521//2519 2545//2543 2548//2546 2518//2516
f 2542//2540 2549//2547 2550//2548 2541//2539
f 2528//2526 2550//2548 2549//2547 2532//2530
f 2527//2525 2551//2549 2550//2548 2528//2526
f 2541//2539 2550//2548 2551//2549 2543//2541
f 2535//2533 2552//2550 2553//2551 2530//2528
f 2554//2552 2553//2551 2552//2550 2555//2553
f 2556//2554 2557//2555 2553//2551 2554//2552
f 2530//2528 2553//2551 2557//2555 2527//2525
f 2558//2556 2559//2557 2557//2555 2556//2554
f 2546//2544 2559//2557 2558//2556 2547//2545
f 2543//2541 2551//2549 2559//2557 2546//2544
f 2527//2525 2557//2555 2559//2557 2551//2549
f 2560//2558 2561//2559 2562//2560 2563//2561
f 2277//2275 2562//2560 2561//2559 1583//1583
f 2279//2277 2564//2562 2562//2560 2277//2275
f 2563//2561 2562//2560 2564//2562 2565//2563
f 2533//2531 2531//2529 2566//2564 2567//2565
f 2532//2530 2568//2566 2566//2564 2531//2529
f 2569//2567 2566//2564 2568//2566 2570//2568
f 2567//2565 2566//2564 2569//2567 2571//2569
f 2572//2570 2573//2571 2574//2572 2575//2573
f 2572//2570 1526//1526 1537//1537
f 1539//1539 2576//2574 2573//2571 1537//1537
f 2576//2574 2577//2575 2574//2572
f 1512//1512 1527//1527 2578//2576 2579//2577
f 2572//2570 2578//2576 1527//1527 1526//1526
f 2580//2578 2578//2576 2572//2570 2575//2573
f 2579//2577 2578//2576 2580//2578 2581//2579
f 230//230 1513//1513 2582//2580 238//238
f 2579//2577 2582//2580 1513//1513 1512//1512
f 2581//2579 2583//2581 2582//2580 2579//2577
f 238//238 2582//2580 2583//2581 239//239
f 239//239 2583//2581 2584//2582 2585//2583
f 2586//2584 2584//2582 2583//2581 2581//2579
f 2587//2585 2588//2586 2584//2582 2586//2584
f 2585//2583 2584//2582 2588//2586 2589//2587
f 2581//2579 2580//2578 2590//2588 2586//2584
f 2580//2578 2575//2573 2591//2589
f 2592//2590 2593//2591 2590//2588 2591//2589
f 2586//2584 2590//2588 2593//2591 2587//2585
f 2592//2590 2591//2589 2594//2592 2595//2593
f 2596//2594 2594//2592 2591//2589 2575//2573
f 2597//2595 2598//2596 2594//2592 2596//2594
f 2595//2593 2594//2592 2598//2596 2599//2597
f 2600//2598 2601//2599 2598//2596 2597//2595
f 2602//2600 2601//2599 2600//2598 2571//2569
f 2603//2601 2601//2599 2602//2600 2604//2602
f 2599//2597 2598//2596 2601//2599 2603//2601
f 2570//2568 2605//2603 2606//2604 2569//2567
f 2607//2605 2606//2604 2605//2603 2608//2606
f 2604//2602 2602//2600 2606//2604 2607//2605
f 2569//2567 2606//2604 2602//2600 2571//2569
f 1055//1055 1054//1054 2609//2607 2610//2608
f 2611//2609 2609//2607 1054//1054 1015//1015
f 2612//2610 2613//2611 2609//2607 2611//2609
f 2610//2608 2609//2607 2613//2611 2608//2606
f 2614//2612 2615//2613 2616//2614
f 2607//2605 2614//2612 2617//2615 2604//2602
f 2608//2606 2613//2611 2614//2612 2607//2605
f 2613//2611 2612//2610 2615//2613
f 2618//2616 2619//2617 2620//2618 2621//2619
f 1581//1581 2620//2618 2619//2617 1575//1575
f 1583//1583 2561//2559 2620//2618 1581//1581
f 2621//2619 2620//2618 2561//2559 2560//2558
f 2622//2620 2623//2621 2624//2622 2625//2623
f 2625//2623 2626//2624 2627//2625
f 2563//2561 2622//2620 2627//2625 2560//2558
f 2563//2561 2565//2563 2623//2621
f 2555//2553 2552//2550 2628//2626 2629//2627
f 2630//2628 2628//2626 2552//2550 2535//2533
f 2626//2624 2625//2623 2628//2626 2630//2628
f 2629//2627 2628//2626 2625//2623 2624//2622
f 2631//2629 2632//2630 2633//2631 2634//2632
f 2621//2619 2633//2631 2632//2630 2618//2616
f 2560//2558 2627//2625 2633//2631 2621//2619
f 2634//2632 2633//2631 2627//2625 2626//2624
f 2533//2531 2635//2633 2636//2634 2534//2532
f 2637//2635 2636//2634 2635//2633 2638//2636
f 2630//2628 2636//2634 2637//2635 2626//2624
f 2535//2533 2534//2532 2636//2634 2630//2628
f 2597//2595 2596//2594 2639//2637 2640//2638
f 2575//2573 2574//2572 2639//2637 2596//2594
f 2577//2575 2641//2639 2639//2637 2574//2572
f 2640//2638 2639//2637 2641//2639 2638//2636
f 2571//2569 2600//2598 2642//2640 2567//2565
f 2640//2638 2642//2640 2600//2598 2597//2595
f 2638//2636 2635//2633 2642//2640 2640//2638
f 2567//2565 2642//2640 2635//2633 2533//2531
f 2643//2641 2644//2642 2577//2575
f 1549//1549 2643//2641 2576//2574 1539//1539
f 1551//1551 2645//2643 2643//2641 1549//1549
f 2644//2642 2643//2641 2645//2643 2646//2644
f 2646//2644 2645//2643 2647//2645 2648//2646
f 1562//1562 2647//2645 2645//2643 1551//1551
f 1563//1563 2649//2647 2647//2645 1562//1562
f 2648//2646 2647//2645 2649//2647 2650//2648
f 2651//2649 2652//2650 2650//2648
f 1573//1573 2651//2649 2649//2647 1563//1563
f 2651//2649 1573//1573 1575//1575
f 2652//2650 2651//2649 2619//2617 2618//2616
f 2653//2651 2654//2652 2655//2653 2656//2654
f 2646//2644 2648//2646 2654//2652 2653//2651
f 2650//2648 2655//2653 2654//2652 2648//2646
f 2618//2616 2632//2630 2657//2655 2652//2650
f 2658//2656 2657//2655 2632//2630 2631//2629
f 2656//2654 2655//2653 2657//2655 2658//2656
f 2652//2650 2657//2655 2655//2653 2650//2648
f 2631//2629 2634//2632 2659//2657 2658//2656
f 2637//2635 2659//2657 2634//2632 2626//2624
f 2638//2636 2660//2658 2659//2657 2637//2635
f 2658//2656 2659//2657 2660//2658 2656//2654
f 2656//2654 2660//2658 2661//2659 2653//2651
f 2641//2639 2661//2659 2660//2658 2638//2636
f 2644//2642 2661//2659 2641//2639 2577//2575
f 2653//2651 2661//2659 2644//2642 2646//2644
f 335//335 334//334 2662//2660 2663//2661
f 297//297 2662//2660 334//334 295//295
f 299//299 2664//2662 2662//2660 297//297
f 2663//2661 2662//2660 2664//2662 2665//2663
f 375//375 374//374 2666//2664 2667//2665
f 2663//2661 2666//2664 374//374 335//335
f 2665//2663 2668//2666 2666//2664 2663//2661
f 2667//2665 2666//2664 2668//2666 2669//2667
f 2670//2668 2671//2669 2672//2670 2673//2671
f 1011//1011 2672//2670 2671//2669 1008//1008
f 375//375 2667//2665 2672//2670 1011//1011
f 2673//2671 2672//2670 2667//2665 2669//2667
f 2674//2672 2675//2673 2676//2674 2677//2675
f 1016//1016 2676//2674 2675//2673 1017//1017
f 1008//1008 2671//2669 2676//2674 1016//1016
f 2677//2675 2676//2674 2671//2669 2670//2668
f 2678//2676 2679//2677 2680//2678
f 2680//2678 2599//2597 2603//2601
f 2681//2679 2603//2601 2604//2602
f 2616//2614 2678//2676 2681//2679 2617//2615
f 2682//2680 2683//2681 2684//2682 2685//2683
f 2595//2593 2684//2682 2683//2681 2592//2590
f 2684//2682 2595//2593 2599//2597
f 2680//2678 2679//2677 2685//2683
f 2686//2684 2687//2685 2688//2686 2689//2687
f 2611//2609 2688//2686 2687//2685 2612//2610
f 1015//1015 1014//1014 2688//2686 2611//2609
f 2689//2687 2688//2686 1014//1014 1017//1017
f 2679//2677 2678//2676 2690//2688 2691//2689
f 2615//2613 2690//2688 2678//2676 2616//2614
f 2612//2610 2687//2685 2690//2688 2615//2613
f 2691//2689 2690//2688 2687//2685 2686//2684
f 2692//2690 2693//2691 2694//2692 2695//2693
f 2689//2687 2694//2692 2693//2691 2686//2684
f 1017//1017 2675//2673 2694//2692 2689//2687
f 2695//2693 2694//2692 2675//2673 2674//2672
f 2587//2585 2593//2591 2696//2694 2697//2695
f 2683//2681 2696//2694 2593//2591 2592//2590
f 2682//2680 2698//2696 2696//2694 2683//2681
f 2697//2695 2696//2694 2698//2696 2699//2697
f 2700//2698 2701//2699 2682//2680
f 2685//2683 2679//2677 2691//2689
f 2686//2684 2702//2700 2700//2698 2691//2689
f 2701//2699 2700//2698 2702//2700 2703//2701
f 2703//2701 2702//2700 2704//2702 2705//2703
f 2693//2691 2704//2702 2702//2700 2686//2684
f 2706//2704 2704//2702 2693//2691 2692//2690
f 2707//2705 2705//2703 2704//2702 2706//2704
f 2697//2695 2708//2706 2588//2586 2587//2585
f 2699//2697 2709//2707 2708//2706 2697//2695
f 2588//2586 2708//2706 2709//2707 2589//2587
f 2701//2699 2710//2708 2698//2696 2682//2680
f 2703//2701 2711//2709 2710//2708 2701//2699
f 2712//2710 2710//2708 2711//2709 2713//2711
f 2699//2697 2698//2696 2710//2708 2712//2710
f 2713//2711 2711//2709 2714//2712 2715//2713
f 2705//2703 2714//2712 2711//2709 2703//2701
f 2716//2714 2714//2712 2705//2703 2707//2705
f 2715//2713 2714//2712 2716//2714 2717//2715
f 2718//2716 2719//2717 2720//2718 2721//2719
f 2722//2720 2720//2718 2719//2717 2723//2721
f 299//299 298//298 2720//2718 2722//2720
f 2721//2719 2720//2718 298//298 241//241
f 241//241 240//240 2724//2722 2721//2719
f 2585//2583 2724//2722 240//240 239//239
f 2589//2587 2725//2723 2724//2722 2585//2583
f 2721//2719 2724//2722 2725//2723 2718//2716
f 2589//2587 2709//2707 2726//2724 2727//2725
f 2712//2710 2726//2724 2709//2707 2699//2697
f 2713//2711 2728//2726 2726//2724 2712//2710
f 2727//2725 2726//2724 2728//2726 2729//2727
f 2729//2727 2728//2726 2730//2728 2731//2729
f 2715//2713 2730//2728 2728//2726 2713//2711
f 2717//2715 2732//2730 2730//2728 2715//2713
f 2731//2729 2730//2728 2732//2730 2733//2731
f 2665//2663 2664//2662 2734//2732 2735//2733
f 2722//2720 2734//2732 2664//2662 299//299
f 2723//2721 2736//2734 2734//2732 2722//2720
f 2735//2733 2734//2732 2736//2734 2737//2735
f 2718//2716 2725//2723 2738//2736 2739//2737
f 2727//2725 2738//2736 2725//2723 2589//2587
f 2729//2727 2740//2738 2738//2736 2727//2725
f 2739//2737 2738//2736 2740//2738 2741//2739
f 2723//2721 2719//2717 2742//2740 2736//2734
f 2739//2737 2742//2740 2719//2717 2718//2716
f 2741//2739 2743//2741 2742//2740 2739//2737
f 2736//2734 2742//2740 2743//2741 2737//2735
f 2741//2739 2740//2738 2744//2742 2745//2743
f 2731//2729 2744//2742 2740//2738 2729//2727
f 2733//2731 2746//2744 2744//2742 2731//2729
f 2745//2743 2744//2742 2746//2744 2747//2745
f 2737//2735 2743//2741 2748//2746 2749//2747
f 2745//2743 2748//2746 2743//2741 2741//2739
f 2747//2745 2750//2748 2748//2746 2745//2743
f 2749//2747 2748//2746 2750//2748 2751//2749
f 2669//2667 2668//2666 2752//2750 2753//2751
f 2735//2733 2752//2750 2668//2666 2665//2663
f 2737//2735 2754//2752 2752//2750 2735//2733
f 2753//2751 2752//2750 2754//2752 2755//2753
f 2753//2751 2756//2754 2673//2671 2669//2667
f 2755//2753 2757//2755 2756//2754 2753//2751
f 2758//2756 2759//2757 2756//2754 2757//2755
f 2673//2671 2756//2754 2759//2757 2670//2668
f 2755//2753 2754//2752 2760//2758 2761//2759
f 2749//2747 2760//2758 2754//2752 2737//2735
f 2751//2749 2762//2760 2760//2758 2749//2747
f 2761//2759 2760//2758 2762//2760 2763//2761
f 2670//2668 2759//2757 2764//2762 2677//2675
f 2765//2763 2764//2762 2759//2757 2758//2756
f 2766//2764 2767//2765 2764//2762 2765//2763
f 2677//2675 2764//2762 2767//2765 2674//2672
f 2757//2755 2768//2766 2769//2767 2758//2756
f 2761//2759 2768//2766 2757//2755 2755//2753
f 2763//2761 2770//2768 2768//2766 2761//2759
f 2771//2769 2769//2767 2768//2766 2770//2768
f 2674//2672 2767//2765 2772//2770 2695//2693
f 2773//2771 2772//2770 2767//2765 2766//2764
f 2774//2772 2775//2773 2772//2770 2773//2771
f 2695//2693 2772//2770 2775//2773 2692//2690
f 2776//2774 2777//2775 2778//2776 2779//2777
f 2765//2763 2778//2776 2777//2775 2766//2764
f 2758//2756 2769//2767 2778//2776 2765//2763
f 2779//2777 2778//2776 2769//2767 2771//2769
f 2780//2778 2781//2779 2782//2780 2783//2781
f 2706//2704 2782//2780 2781//2779 2707//2705
f 2692//2690 2775//2773 2782//2780 2706//2704
f 2783//2781 2782//2780 2775//2773 2774//2772
f 2784//2782 2785//2783 2786//2784 2787//2785
f 2717//2715 2716//2714 2786//2784 2785//2783
f 2707//2705 2781//2779 2786//2784 2716//2714
f 2787//2785 2786//2784 2781//2779 2780//2778
f 2766//2764 2777//2775 2788//2786 2773//2771
f 2789//2787 2788//2786 2777//2775 2776//2774
f 2790//2788 2791//2789 2788//2786 2789//2787
f 2773//2771 2788//2786 2791//2789 2774//2772
f 2733//2731 2732//2730 2792//2790 2793//2791
f 2785//2783 2792//2790 2732//2730 2717//2715
f 2784//2782 2794//2792 2792//2790 2785//2783
f 2793//2791 2792//2790 2794//2792 2795//2793
f 2796//2794 2797//2795 2798//2796
f 2783//2781 2796//2794 2799//2797 2780//2778
f 2774//2772 2791//2789 2796//2794 2783//2781
f 2797//2795 2796//2794 2791//2789 2790//2788
f 2795//2793 2794//2792 2800//2798 2801//2799
f 2787//2785 2800//2798 2794//2792 2784//2782
f 2780//2778 2799//2797 2800//2798 2787//2785
f 2801//2799 2800//2798 2799//2797 2798//2796
f 2747//2745 2746//2744 2802//2800 2803//2801
f 2793//2791 2802//2800 2746//2744 2733//2731
f 2795//2793 2804//2802 2802//2800 2793//2791
f 2803//2801 2802//2800 2804//2802 2805//2803
f 2751//2749 2750//2748 2806//2804 2807//2805
f 2803//2801 2806//2804 2750//2748 2747//2745
f 2805//2803 2808//2806 2806//2804 2803//2801
f 2807//2805 2806//2804 2808//2806 2809//2807
f 2805//2803 2804//2802 2810//2808 2811//2809
f 2801//2799 2810//2808 2804//2802 2795//2793
f 2811//2809 2810//2808 2801//2799 2798//2796
f 2809//2807 2808//2806 2812//2810 2813//2811
f 2811//2809 2812//2810 2808//2806 2805//2803
f 2798//2796 2814//2812 2812//2810 2811//2809
f 2813//2811 2812//2810 2814//2812 2815//2813
f 2797//2795 2816//2814 2814//2812 2798//2796
f 2817//2815 2816//2814 2797//2795 2790//2788
f 2818//2816 2819//2817 2816//2814 2817//2815
f 2815//2813 2814//2812 2816//2814 2819//2817
f 2819//2817 2820//2818 2821//2819 2815//2813
f 2822//2820 2820//2818 2819//2817 2818//2816
f 2823//2821 2824//2822 2820//2818 2822//2820
f 2825//2823 2821//2819 2820//2818 2824//2822
f 2790//2788 2789//2787 2826//2824 2817//2815
f 2776//2774 2827//2825 2826//2824 2789//2787
f 2828//2826 2826//2824 2827//2825 2829//2827
f 2817//2815 2826//2824 2828//2826 2818//2816
f 2829//2827 2827//2825 2830//2828 2831//2829
f 2779//2777 2830//2828 2827//2825 2776//2774
f 2771//2769 2832//2830 2830//2828 2779//2777
f 2831//2829 2830//2828 2832//2830 2833//2831
f 2834//2832 2835//2833 2836//2834
f 2813//2811 2834//2832 2837//2835 2809//2807
f 2815//2813 2821//2819 2834//2832 2813//2811
f 2825//2823 2835//2833 2834//2832
f 2763//2761 2762//2760 2838//2836 2839//2837
f 2807//2805 2838//2836 2762//2760 2751//2749
f 2809//2807 2837//2835 2838//2836 2807//2805
f 2839//2837 2838//2836 2837//2835 2836//2834
f 2833//2831 2832//2830 2840//2838 2841//2839
f 2770//2768 2840//2838 2832//2830 2771//2769
f 2839//2837 2840//2838 2770//2768 2763//2761
f 2840//2838 2839//2837 2836//2834 2841//2839
f 2842//2840 2843//2841 2844//2842
f 2831//2829 2842//2840 2845//2843 2829//2827
f 2842//2840 2831//2829 2833//2831
f 2841//2839 2836//2834 2843//2841
f 2825//2823 2824//2822 2846//2844 2835//2833
f 2847//2845 2846//2844 2824//2822 2823//2821
f 2843//2841 2846//2844 2847//2845 2844//2842
f 2835//2833 2846//2844 2843//2841 2836//2834
f 2823//2821 2822//2820 2848//2846 2847//2845
f 2828//2826 2848//2846 2822//2820 2818//2816
f 2829//2827 2845//2843 2848//2846 2828//2826
f 2844//2842 2847//2845 2848//2846 2845//2843
f 2849//2847 2850//2848 2851//2849
f 1086//1086 2849//2847 2852//2850 1087//1087
f 1068//1068 1073//1073 2849//2847 1086//1086
f 2850//2848 2849//2847 1073//1073 1072//1072
f 1170//1170 1173//1173 2853//2851 2854//2852
f 1167//1167 1166//1166 2853//2851 1173//1173
f 2852//2850 2853//2851 1166//1166 1087//1087
f 2854//2852 2853//2851 2852//2850 2851//2849
f 2855//2853 2856//2854 1177//1177 1176//1176
f 2854//2852 2855//2853 1176//1176 1170//1170
f 2854//2852 2851//2849 2857//2855
f 2856//2854 2855//2853 2857//2855 2858//2856
f 1032//1032 1037//1037 2859//2857 1071//1071
f 2860//2858 2859//2857 1037//1037 1036//1036
f 2861//2859 2862//2860 2859//2857 2860//2858
f 1071//1071 2859//2857 2862//2860 1072//1072
f 1072//1072 2862//2860 2863//2861 2850//2848
f 2864//2862 2863//2861 2862//2860 2861//2859
f 2865//2863 2866//2864 2863//2861 2864//2862
f 2850//2848 2863//2861 2866//2864 2851//2849
f 2858//2856 2857//2855 2867//2865 2868//2866
f 2867//2865 2857//2855 2851//2849
f 2868//2866 2867//2865 2866//2864 2865//2863
f 1036//1036 1041//1041 2869//2867 2860//2858
f 2870//2868 2869//2867 1041//1041 1040//1040
f 2871//2869 2872//2870 2869//2867 2870//2868
f 2860//2858 2869//2867 2872//2870 2861//2859
f 1177//1177 2856//2854 2873//2871 1181//1181
f 2858//2856 2874//2872 2873//2871 2856//2854
f 2875//2873 2876//2874 2873//2871 2874//2872
f 1181//1181 2873//2871 2876//2874 1178//1178
f 2861//2859 2872//2870 2877//2875 2864//2862
f 2872//2870 2871//2869 2878//2876
f 2879//2877 2880//2878 2877//2875 2878//2876
f 2864//2862 2877//2875 2880//2878 2865//2863
f 2875//2873 2874//2872 2881//2879 2882//2880
f 2868//2866 2881//2879 2874//2872 2858//2856
f 2865//2863 2880//2878 2881//2879 2868//2866
f 2882//2880 2881//2879 2880//2878 2879//2877
f 2870//2868 2883//2881 2884//2882 2871//2869
f 2883//2881 2870//2868 1040//1040 1045//1045
f 1047//1047 2885//2883 2883//2881 1045//1045
f 2885//2883 2886//2884 2884//2882
f 1178//1178 2876//2874 2887//2885 1185//1185
f 2888//2886 2887//2885 2876//2874 2875//2873
f 2889//2887 2890//2888 2887//2885 2888//2886
f 1185//1185 2887//2885 2890//2888 1182//1182
f 2878//2876 2891//2889 2892//2890 2879//2877
f 2891//2889 2878//2876 2871//2869
f 2891//2889 2884//2882 2886//2884
f 2892//2890 2891//2889 2893//2891 2894//2892
f 2875//2873 2882//2880 2895//2893 2888//2886
f 2879//2877 2892//2890 2895//2893 2882//2880
f 2894//2892 2896//2894 2895//2893 2892//2890
f 2888//2886 2895//2893 2896//2894 2889//2887
f 2897//2895 2898//2896 2886//2884
f 1050//1050 2897//2895 2885//2883 1047//1047
f 1049//1049 2899//2897 2897//2895 1050//1050
f 2898//2896 2897//2895 2899//2897 2900//2898
f 2894//2892 2893//2891 2901//2899 2902//2900
f 2898//2896 2901//2899 2893//2891 2886//2884
f 2900//2898 2903//2901 2901//2899 2898//2896
f 2902//2900 2901//2899 2903//2901 2904//2902
f 2905//2903 2906//2904 2907//2905 2908//2906
f 2610//2608 2907//2905 2906//2904 1055//1055
f 2608//2606 2605//2603 2907//2905 2610//2608
f 2908//2906 2907//2905 2605//2603 2570//2568
f 2900//2898 2899//2897 2909//2907 2910//2908
f 1053//1053 2909//2907 2899//2897 1049//1049
f 1055//1055 2906//2904 2909//2907 1053//1053
f 2906//2904 2905//2903 2910//2908
f 2904//2902 2903//2901 2911//2909 2912//2910
f 2910//2908 2911//2909 2903//2901 2900//2898
f 2911//2909 2910//2908 2905//2903
f 2912//2910 2911//2909 2913//2911 2914//2912
f 1182//1182 2890//2888 2915//2913 1189//1189
f 2916//2914 2915//2913 2890//2888 2889//2887
f 2917//2915 2918//2916 2915//2913 2916//2914
f 1189//1189 2915//2913 2918//2916 1186//1186
f 2889//2887 2896//2894 2919//2917 2916//2914
f 2902//2900 2919//2917 2896//2894 2894//2892
f 2904//2902 2920//2918 2919//2917 2902//2900
f 2916//2914 2919//2917 2920//2918 2917//2915
f 2570//2568 2568//2566 2921//2919 2908//2906
f 2922//2920 2921//2919 2568//2566 2532//2530
f 2923//2921 2924//2922 2921//2919 2922//2920
f 2908//2906 2921//2919 2924//2922 2905//2903
f 2542//2540 2539//2537 2925//2923 2926//2924
f 2514//2512 2925//2923 2539//2537 2515//2513
f 1148//1148 2927//2925 2925//2923 2514//2512
f 2926//2924 2925//2923 2927//2925 2928//2926
f 2929//2927 2930//2928 2914//2912
f 2913//2911 2905//2903 2924//2922
f 2924//2922 2923//2921 2931//2929
f 2931//2929 2932//2930 2930//2928
f 2933//2931 2934//2932 2926//2924 2928//2926
f 2922//2920 2934//2932 2933//2931 2923//2921
f 2532//2530 2549//2547 2934//2932 2922//2920
f 2926//2924 2934//2932 2549//2547 2542//2540
f 2932//2930 2931//2929 2935//2933 2936//2934
f 2923//2921 2933//2931 2935//2933 2931//2929
f 2936//2934 2935//2933 2933//2931 2928//2926
f 1186//1186 2918//2916 2937//2935 2938//2936
f 2939//2937 2937//2935 2918//2916 2917//2915
f 2932//2930 2936//2934 2937//2935 2939//2937
f 2938//2936 2937//2935 2936//2934 2928//2926
f 1144//1144 1187//1187 2940//2938 1147//1147
f 2938//2936 2940//2938 1187//1187 1186//1186
f 2928//2926 2927//2925 2940//2938 2938//2936
f 1147//1147 2940//2938 2927//2925 1148//1148
f 2917//2915 2920//2918 2941//2939 2939//2937
f 2912//2910 2941//2939 2920//2918 2904//2902
f 2914//2912 2930//2928 2941//2939 2912//2910
f 2939//2937 2941//2939 2930//2928 2932//2930
f 1351//1351 2942//2940 2943//2941 1348//1348
f 2944//2942 2942//2940 1351//1351 1353//1353
f 2945//2943 2946//2944 2942//2940 2944//2942
f 2943//2941 2942//2940 2946//2944 2947//2945
f 2948//2946 1357//1357 1348//1348
f 2947//2945 2949//2947 2948//2946 2943//2941
f 2950//2948 2951//2949 2948//2946 2949//2947
f 2951//2949 1354//1354 1357//1357
f 2947//2945 2946//2944 2952//2950 2949//2947
f 2953//2951 2952//2950 2946//2944 2945//2943
f 2954//2952 2955//2953 2952//2950 2953//2951
f 2949//2947 2952//2950 2955//2953 2950//2948
f 1359//1359 2956//2954 2957//2955 1360//1360
f 2956//2954 1359//1359 1354//1354
f 2958//2956 2956//2954 2951//2949 2950//2948
f 2957//2955 2956//2954 2958//2956 2959//2957
f 1364//1364 1363//1363 2960//2958 1394//1394
f 1363//1363 1360//1360 2957//2955
f 2959//2957 2961//2959 2960//2958 2957//2955
f 1394//1394 2960//2958 2961//2959 1397//1397
f 1397//1397 2961//2959 2962//2960 2963//2961
f 2964//2962 2962//2960 2961//2959 2959//2957
f 2965//2963 2966//2964 2962//2960 2964//2962
f 2966//2964 2967//2965 2963//2961
f 2968//2966 2969//2967 2373//2371
f 1396//1396 2968//2966 2372//2370 1398//1398
f 1397//1397 2963//2961 2968//2966 1396//1396
f 2969//2967 2968//2966 2963//2961 2967//2965
f 2431//2429 2430//2428 2970//2968 2971//2969
f 2425//2423 2970//2968 2430//2428 2422//2420
f 2373//2371 2969//2967 2970//2968 2425//2423
f 2971//2969 2970//2968 2969//2967 2967//2965
f 2950//2948 2955//2953 2972//2970 2958//2956
f 2973//2971 2972//2970 2955//2953 2954//2952
f 2972//2970 2973//2971 2965//2963 2964//2962
f 2959//2957 2958//2956 2972//2970 2964//2962
f 2974//2972 2975//2973 2976//2974 2977//2975
f 2978//2976 2976//2974 2975//2973 2979//2977
f 2980//2978 2981//2979 2976//2974 2978//2976
f 2982//2980 2977//2975 2976//2974 2981//2979
f 2983//2981 2984//2982 2985//2983 2986//2984
f 2984//2982 2987//2985 2988//2986
f 2978//2976 2985//2983 2988//2986 2980//2978
f 2985//2983 2978//2976 2979//2977 2986//2984
f 2989//2987 2990//2988 2991//2989 2992//2990
f 2993//2991 2994//2992 2991//2989 2990//2988
f 2991//2989 2994//2992 2979//2977 2975//2973
f 2992//2990 2991//2989 2975//2973 2974//2972
f 2983//2981 2986//2984 2995//2993 2996//2994
f 2979//2977 2994//2992 2995//2993 2986//2984
f 2995//2993 2994//2992 2993//2991 2997//2995
f 2996//2994 2995//2993 2997//2995 2998//2996
f 2998//2996 2999//2997 3000//2998 2996//2994
f 3001//2999 3000//2998 2999//2997 3002//3000
f 2987//2985 2984//2982 3000//2998 3001//2999
f 2996//2994 3000//2998 2984//2982 2983//2981
f 2982//2980 3003//3001 3004//3002 3005//3003
f 3006//3004 3004//3002 3003//3001 3007//3005
f 3008//3006 3009//3007 3004//3002 3006//3004
f 3005//3003 3004//3002 3009//3007 3010//3008
f 2980//2978 3011//3009 3012//3010 2981//2979
f 3013//3011 3012//3010 3011//3009 3014//3012
f 3007//3005 3003//3001 3012//3010 3013//3011
f 2981//2979 3012//3010 3003//3001 2982//2980
f 3015//3013 3011//3009 2980//2978
f 3016//3014 3015//3013 2988//2986 2987//2985
f 3017//3015 3018//3016 3015//3013 3016//3014
f 3011//3009 3015//3013 3018//3016 3014//3012
f 3019//3017 3001//2999 3002//3000
f 3020//3018 3021//3019 3022//3020
f 3016//3014 3019//3017 3022//3020 3017//3015
f 3016//3014 2987//2985 3001//2999
f 3023//3021 3024//3022 3025//3023 3026//3024
f 3027//3025 3023//3021 3026//3024 3028//3026
f 2998//2996 2997//2995 3023//3021 3027//3025
f 3024//3022 3023//3021 2997//2995 2993//2991
f 3002//3000 2999//2997 3029//3027 3030//3028
f 3027//3025 3029//3027 2999//2997 2998//2996
f 3029//3027 3027//3025 3028//3026
f 3031//3029 3032//3030 3030//3028
f 3033//3031 3021//3019 3020//3018
f 3020//3018 3002//3000 3030//3028
f 3034//3032 3035//3033 3030//3028 3032//3030
f 3036//3034 3033//3031 3035//3033 3034//3032
f 3036//3034 3037//3035 3038//3036 3033//3031
f 3037//3035 3039//3037 3040//3038
f 3041//3039 3038//3036 3040//3038 3042//3040
f 3041//3039 3021//3019 3033//3031
f 3039//3037 3043//3041 3044//3042 3040//3038
f 3045//3043 3046//3044 3044//3042 3043//3041
f 3047//3045 3048//3046 3044//3042 3046//3044
f 3040//3038 3044//3042 3048//3046 3042//3040
f 3049//3047 3050//3048 3051//3049 3052//3050
f 3053//3051 3051//3049 3050//3048 3054//3052
f 3046//3044 3051//3049 3053//3051 3047//3045
f 3052//3050 3051//3049 3046//3044 3045//3043
f 3055//3053 3056//3054 3057//3055 3058//3056
f 3059//3057 3057//3055 3056//3054 3008//3006
f 3060//3058 3057//3055 3059//3057 3061//3059
f 3062//3060 3058//3056 3057//3055 3060//3058
f 3007//3005 3063//3061 3064//3062 3006//3004
f 3065//3063 3064//3062 3063//3061 3066//3064
f 3061//3059 3059//3057 3064//3062 3065//3063
f 3006//3004 3064//3062 3059//3057 3008//3006
f 3067//3065 3013//3011 3014//3012
f 3068//3066 3067//3065 3069//3067 3070//3068
f 3066//3064 3063//3061 3067//3065 3068//3066
f 3013//3011 3067//3065 3063//3061 3007//3005
f 3014//3012 3018//3016 3071//3069 3069//3067
f 3072//3070 3071//3069 3018//3016 3017//3015
f 3073//3071 3074//3072 3071//3069 3072//3070
f 3069//3067 3071//3069 3074//3072 3070//3068
f 3017//3015 3022//3020 3075//3073 3072//3070
f 3076//3074 3075//3073 3022//3020 3021//3019
f 3075//3073 3076//3074 3077//3075 3078//3076
f 3072//3070 3075//3073 3078//3076 3073//3071
f 3042//3040 3079//3077 3080//3078 3041//3039
f 3081//3079 3080//3078 3079//3077 3082//3080
f 3077//3075 3076//3074 3080//3078 3081//3079
f 3041//3039 3080//3078 3076//3074 3021//3019
f 3083//3081 3084//3082 3048//3046 3047//3045
f 3085//3083 3084//3082 3083//3081 3086//3084
f 3082//3080 3079//3077 3084//3082 3085//3083
f 3048//3046 3084//3082 3079//3077 3042//3040
f 3047//3045 3053//3051 3087//3085 3083//3081
f 3054//3052 3088//3086 3087//3085 3053//3051
f 3089//3087 3087//3085 3088//3086 3090//3088
f 3086//3084 3083//3081 3087//3085 3089//3087
f 3062//3060 3060//3058 3091//3089 3092//3090
f 3093//3091 3091//3089 3060//3058 3061//3059
f 3094//3092 3095//3093 3091//3089 3093//3091
f 3092//3090 3091//3089 3095//3093 3096//3094
f 3065//3063 3097//3095 3093//3091 3061//3059
f 3066//3064 3098//3096 3097//3095 3065//3063
f 3099//3097 3100//3098 3097//3095 3098//3096
f 3093//3091 3097//3095 3100//3098 3094//3092
f 3101//3099 3102//3100 3103//3101 3104//3102
f 3098//3096 3103//3101 3102//3100 3099//3097
f 3068//3066 3103//3101 3098//3096 3066//3064
f 3070//3068 3104//3102 3103//3101 3068//3066
f 3105//3103 3106//3104 3102//3100 3101//3099
f 3106//3104 3105//3103 3107//3105
f 3102//3100 3106//3104 3108//3106 3099//3097
f 3109//3107 3110//3108 3111//3109 3112//3110
f 3104//3102 3111//3109 3110//3108 3101//3099
f 3070//3068 3074//3072 3111//3109 3104//3102
f 3112//3110 3111//3109 3074//3072 3073//3071
f 3077//3075 3113//3111 3114//3112 3078//3076
f 3115//3113 3116//3114 3114//3112 3113//3111
f 3112//3110 3114//3112 3116//3114 3109//3107
f 3114//3112 3112//3110 3073//3071 3078//3076
f 3082//3080 3117//3115 3118//3116 3081//3079
f 3119//3117 3120//3118 3118//3116 3117//3115
f 3118//3116 3120//3118 3115//3113 3113//3111
f 3081//3079 3118//3116 3113//3111 3077//3075
f 3121//3119 3122//3120 3123//3121 3124//3122
f 3117//3115 3123//3121 3122//3120 3119//3117
f 3085//3083 3123//3121 3117//3115 3082//3080
f 3086//3084 3124//3122 3123//3121 3085//3083
f 3125//3123 3126//3124 3127//3125 3128//3126
f 3129//3127 3127//3125 3126//3124 3130//3128
f 3032//3030 3031//3029 3127//3125 3129//3127
f 3031//3029 3028//3026 3128//3126
f 3131//3129 3132//3130 3133//3131 3134//3132
f 3135//3133 3133//3131 3132//3130 3136//3134
f 3130//3128 3126//3124 3133//3131 3135//3133
f 3134//3132 3133//3131 3126//3124 3125//3123
f 3130//3128 3137//3135 3138//3136 3129//3127
f 3139//3137 3138//3136 3137//3135 3140//3138
f 3036//3034 3034//3032 3138//3136 3139//3137
f 3129//3127 3138//3136 3034//3032 3032//3030
f 3136//3134 3141//3139 3142//3140 3135//3133
f 3143//3141 3142//3140 3141//3139 3144//3142
f 3140//3138 3137//3135 3142//3140 3143//3141
f 3135//3133 3142//3140 3137//3135 3130//3128
f 3145//3143 3146//3144 3147//3145 3148//3146
f 3149//3147 3147//3145 3146//3144 3150//3148
f 3144//3142 3141//3139 3147//3145 3149//3147
f 3148//3146 3147//3145 3141//3139 3136//3134
f 3140//3138 3151//3149 3152//3150 3139//3137
f 3153//3151 3152//3150 3151//3149 3154//3152
f 3039//3037 3037//3035 3152//3150 3153//3151
f 3139//3137 3152//3150 3037//3035 3036//3034
f 3155//3153 3156//3154 3157//3155 3158//3156
f 3149//3147 3157//3155 3156//3154 3144//3142
f 3150//3148 3159//3157 3157//3155 3149//3147
f 3158//3156 3157//3155 3159//3157 3160//3158
f 3144//3142 3156//3154 3161//3159 3143//3141
f 3162//3160 3161//3159 3156//3154 3155//3153
f 3154//3152 3151//3149 3161//3159 3162//3160
f 3143//3141 3161//3159 3151//3149 3140//3138
f 3154//3152 3163//3161 3164//3162 3153//3151
f 3163//3161 3165//3163 3166//3164
f 3045//3043 3043//3041 3164//3162 3166//3164
f 3153//3151 3164//3162 3043//3041 3039//3037
f 3167//3165 3166//3164 3165//3163
f 3168//3166 3167//3165 3169//3167 3170//3168
f 3049//3047 3052//3050 3167//3165 3168//3166
f 3166//3164 3167//3165 3052//3050 3045//3043
f 3155//3153 3171//3169 3172//3170 3162//3160
f 3173//3171 3172//3170 3171//3169 3174//3172
f 3165//3163 3163//3161 3172//3170 3173//3171
f 3162//3160 3172//3170 3163//3161 3154//3152
f 3160//3158 3175//3173 3176//3174 3158//3156
f 3177//3175 3176//3174 3175//3173 3178//3176
f 3174//3172 3171//3169 3176//3174 3177//3175
f 3158//3156 3176//3174 3171//3169 3155//3153
f 3174//3172 3179//3177 3180//3178 3173//3171
f 3181//3179 3180//3178 3179//3177 3182//3180
f 3170//3168 3169//3167 3180//3178 3181//3179
f 3173//3171 3180//3178 3169//3167 3165//3163
f 3178//3176 3183//3181 3184//3182 3177//3175
f 3185//3183 3184//3182 3183//3181 3186//3184
f 3182//3180 3179//3177 3184//3182 3185//3183
f 3177//3175 3184//3182 3179//3177 3174//3172
f 3182//3180 3187//3185 3188//3186 3181//3179
f 3189//3187 3188//3186 3187//3185 3190//3188
f 3191//3189 3192//3190 3188//3186 3189//3187
f 3181//3179 3188//3186 3192//3190 3170//3168
f 3186//3184 3193//3191 3194//3192 3185//3183
f 3195//3193 3194//3192 3193//3191 3196//3194
f 3190//3188 3187//3185 3194//3192 3195//3193
f 3185//3183 3194//3192 3187//3185 3182//3180
f 3196//3194 3197//3195 3198//3196 3195//3193
f 3199//3197 3198//3196 3197//3195 3200//3198
f 3201//3199 3202//3200 3198//3196 3199//3197
f 3195//3193 3198//3196 3202//3200 3190//3188
f 3203//3201 3204//3202 3205//3203 3206//3204
f 3199//3197 3205//3203 3204//3202 3201//3199
f 3200//3198 3207//3205 3205//3203 3199//3197
f 3206//3204 3205//3203 3207//3205 3208//3206
f 3208//3206 3209//3207 3210//3208 3206//3204
f 3211//3209 3210//3208 3209//3207 3212//3210
f 3213//3211 3214//3212 3210//3208 3211//3209
f 3206//3204 3210//3208 3214//3212 3203//3201
f 3107//3105 3105//3103 3215//3213 3216//3214
f 3217//3215 3215//3213 3105//3103 3101//3099
f 3218//3216 3219//3217 3215//3213 3217//3215
f 3216//3214 3215//3213 3219//3217 3220//3218
f 3110//3108 3221//3219 3217//3215 3101//3099
f 3222//3220 3221//3219 3110//3108 3109//3107
f 3223//3221 3224//3222 3221//3219 3222//3220
f 3217//3215 3221//3219 3224//3222 3218//3216
f 3109//3107 3116//3114 3225//3223 3222//3220
f 3226//3224 3225//3223 3116//3114 3115//3113
f 3227//3225 3228//3226 3225//3223 3226//3224
f 3222//3220 3225//3223 3228//3226 3223//3221
f 3115//3113 3120//3118 3229//3227 3226//3224
f 3230//3228 3229//3227 3120//3118 3119//3117
f 3231//3229 3232//3230 3229//3227 3230//3228
f 3226//3224 3229//3227 3232//3230 3227//3225
f 3227//3225 3232//3230 3233//3231 3234//3232
f 3235//3233 3233//3231 3232//3230 3231//3229
f 3236//3234 3237//3235 3233//3231 3235//3233
f 3234//3232 3233//3231 3237//3235 3238//3236
f 3239//3237 3240//3238 3241//3239 3242//3240
f 3243//3241 3241//3239 3240//3238 3244//3242
f 3150//3148 3146//3144 3241//3239 3243//3241
f 3242//3240 3241//3239 3146//3144 3145//3143
f 3244//3242 3245//3243 3246//3244 3243//3241
f 3247//3245 3246//3244 3245//3243 3248//3246
f 3160//3158 3159//3157 3246//3244 3247//3245
f 3243//3241 3246//3244 3159//3157 3150//3148
f 3248//3246 3249//3247 3250//3248 3247//3245
f 3251//3249 3250//3248 3249//3247 3252//3250
f 3178//3176 3175//3173 3250//3248 3251//3249
f 3247//3245 3250//3248 3175//3173 3160//3158
f 3252//3250 3253//3251 3254//3252 3251//3249
f 3255//3253 3254//3252 3253//3251 3256//3254
f 3186//3184 3183//3181 3254//3252 3255//3253
f 3251//3249 3254//3252 3183//3181 3178//3176
f 3256//3254 3257//3255 3258//3256 3255//3253
f 3259//3257 3258//3256 3257//3255 3260//3258
f 3196//3194 3193//3191 3258//3256 3259//3257
f 3255//3253 3258//3256 3193//3191 3186//3184
f 3260//3258 3261//3259 3262//3260 3259//3257
f 3263//3261 3262//3260 3261//3259 3264//3262
f 3200//3198 3197//3195 3262//3260 3263//3261
f 3259//3257 3262//3260 3197//3195 3196//3194
f 3264//3262 3265//3263 3266//3264 3263//3261
f 3267//3265 3266//3264 3265//3263 3268//3266
f 3208//3206 3207//3205 3266//3264 3267//3265
f 3263//3261 3266//3264 3207//3205 3200//3198
f 3268//3266 3269//3267 3270//3268 3267//3265
f 3271//3269 3270//3268 3269//3267 3272//3270
f 3212//3210 3209//3207 3270//3268 3271//3269
f 3267//3265 3270//3268 3209//3207 3208//3206
f 3273//3271 3274//3272 3275//3273 3276//3274
f 3277//3275 3275//3273 3274//3272 3278//3276
f 3239//3237 3279//3277 3275//3273 3277//3275
f 3276//3274 3275//3273 3279//3277 3280//3278
f 3278//3276 3281//3279 3282//3280 3277//3275
f 3283//3281 3282//3280 3281//3279 3284//3282
f 3244//3242 3240//3238 3282//3280 3283//3281
f 3277//3275 3282//3280 3240//3238 3239//3237
f 3284//3282 3285//3283 3286//3284 3283//3281
f 3287//3285 3286//3284 3285//3283 3288//3286
f 3248//3246 3245//3243 3286//3284 3287//3285
f 3283//3281 3286//3284 3245//3243 3244//3242
f 3288//3286 3289//3287 3290//3288 3287//3285
f 3291//3289 3290//3288 3289//3287 3292//3290
f 3252//3250 3249//3247 3290//3288 3291//3289
f 3287//3285 3290//3288 3249//3247 3248//3246
f 3292//3290 3293//3291 3294//3292 3291//3289
f 3295//3293 3294//3292 3293//3291 3296//3294
f 3256//3254 3253//3251 3294//3292 3295//3293
f 3291//3289 3294//3292 3253//3251 3252//3250
f 3296//3294 3297//3295 3298//3296 3295//3293
f 3299//3297 3298//3296 3297//3295 3300//3298
f 3260//3258 3257//3255 3298//3296 3299//3297
f 3295//3293 3298//3296 3257//3255 3256//3254
f 3300//3298 3301//3299 3302//3300 3299//3297
f 3303//3301 3302//3300 3301//3299 3304//3302
f 3264//3262 3261//3259 3302//3300 3303//3301
f 3299//3297 3302//3300 3261//3259 3260//3258
f 3304//3302 3305//3303 3306//3304 3303//3301
f 3307//3305 3306//3304 3305//3303 3308//3306
f 3268//3266 3265//3263 3306//3304 3307//3305
f 3303//3301 3306//3304 3265//3263 3264//3262
f 3309//3307 3310//3308 3311//3309 3312//3310
f 3313//3311 3311//3309 3310//3308 3314//3312
f 3273//3271 3315//3313 3311//3309 3313//3311
f 3312//3310 3311//3309 3315//3313 3316//3314
f 3314//3312 3317//3315 3318//3316 3313//3311
f 3319//3317 3318//3316 3317//3315 3320//3318
f 3278//3276 3274//3272 3318//3316 3319//3317
f 3313//3311 3318//3316 3274//3272 3273//3271
f 3320//3318 3321//3319 3322//3320 3319//3317
f 3323//3321 3322//3320 3321//3319 3324//3322
f 3284//3282 3281//3279 3322//3320 3323//3321
f 3319//3317 3322//3320 3281//3279 3278//3276
f 3324//3322 3325//3323 3326//3324 3323//3321
f 3327//3325 3326//3324 3325//3323 3328//3326
f 3288//3286 3285//3283 3326//3324 3327//3325
f 3323//3321 3326//3324 3285//3283 3284//3282
f 3328//3326 3329//3327 3330//3328 3327//3325
f 3331//3329 3330//3328 3329//3327 3332//3330
f 3292//3290 3289//3287 3330//3328 3331//3329
f 3327//3325 3330//3328 3289//3287 3288//3286
f 3332//3330 3333//3331 3334//3332 3331//3329
f 3335//3333 3334//3332 3333//3331 3336//3334
f 3296//3294 3293//3291 3334//3332 3335//3333
f 3331//3329 3334//3332 3293//3291 3292//3290
f 3336//3334 3337//3335 3338//3336 3335//3333
f 3339//3337 3338//3336 3337//3335 3340//3338
f 3300//3298 3297//3295 3338//3336 3339//3337
f 3335//3333 3338//3336 3297//3295 3296//3294
f 3340//3338 3341//3339 3342//3340 3339//3337
f 3343//3341 3342//3340 3341//3339 3344//3342
f 3304//3302 3301//3299 3342//3340 3343//3341
f 3339//3337 3342//3340 3301//3299 3300//3298
f 3344//3342 3345//3343 3346//3344 3343//3341
f 3347//3345 3346//3344 3345//3343 3348//3346
f 3308//3306 3305//3303 3346//3344 3347//3345
f 3343//3341 3346//3344 3305//3303 3304//3302
f 3349//3347 3350//3348 3351//3349 3352//3350
f 3353//3351 3350//3348 3349//3347 3354//3352
f 3008//3006 3056//3054 3350//3348 3353//3351
f 3351//3349 3350//3348 3056//3054 3055//3053
f 3355//3353 3005//3003 3010//3008
f 3356//3354 3355//3353 3357//3355 3358//3356
f 2974//2972 2977//2975 3355//3353 3356//3354
f 2977//2975 2982//2980 3005//3003
f 2974//2972 3356//3354 3359//3357 2992//2990
f 3360//3358 3359//3357 3356//3354 3358//3356
f 3361//3359 3362//3360 3359//3357 3360//3358
f 2992//2990 3359//3357 3362//3360 2989//2987
f 3361//3359 3360//3358 3363//3361 3364//3362
f 3360//3358 3358//3356 3365//3363
f 3366//3364 3367//3365 3363//3361 3365//3363
f 3364//3362 3363//3361 3367//3365 3368//3366
f 3354//3352 3369//3367 3370//3368 3353//3351
f 3357//3355 3370//3368 3369//3367 3358//3356
f 3010//3008 3009//3007 3370//3368 3357//3355
f 3353//3351 3370//3368 3009//3007 3008//3006
f 3371//3369 3372//3370 3366//3364
f 3365//3363 3358//3356 3369//3367
f 3369//3367 3354//3352 3372//3370
f 3373//3371 3374//3372 3375//3373 3376//3374
f 3377//3375 3375//3373 3374//3372 3378//3376
f 3379//3377 3380//3378 3375//3373 3377//3375
f 3376//3374 3375//3373 3380//3378 3381//3379
f 3378//3376 3382//3380 3383//3381 3377//3375
f 3384//3382 3383//3381 3382//3380 3385//3383
f 3386//3384 3387//3385 3383//3381 3384//3382
f 3377//3375 3383//3381 3387//3385 3379//3377
f 3388//3386 3389//3387 3390//3388 3391//3389
f 3384//3382 3390//3388 3389//3387 3386//3384
f 3385//3383 3392//3390 3390//3388 3384//3382
f 3391//3389 3390//3388 3392//3390 3393//3391
f 3393//3391 3394//3392 3395//3393 3391//3389
f 3396//3394 3395//3393 3394//3392 3397//3395
f 3398//3396 3399//3397 3395//3393 3396//3394
f 3391//3389 3395//3393 3399//3397 3388//3386
f 3400//3398 3401//3399 3402//3400 3403//3401
f 3404//3402 3402//3400 3401//3399 3405//3403
f 3406//3404 3407//3405 3402//3400 3404//3402
f 3403//3401 3402//3400 3407//3405 3397//3395
f 3408//3406 3409//3407 3410//3408 3411//3409
f 3396//3394 3410//3408 3409//3407 3398//3396
f 3397//3395 3407//3405 3410//3408 3396//3394
f 3407//3405 3406//3404 3411//3409
f 3412//3410 3413//3411 3414//3412 3415//3413
f 3416//3414 3414//3412 3413//3411 3417//3415
f 3352//3350 3351//3349 3414//3412 3416//3414
f 3415//3413 3414//3412 3351//3349 3055//3053
f 3418//3416 3419//3417 3420//3418 3421//3419
f 3415//3413 3420//3418 3419//3417 3412//3410
f 3055//3053 3058//3056 3420//3418 3415//3413
f 3421//3419 3420//3418 3058//3056 3062//3060
f 3096//3094 3095//3093 3422//3420 3423//3421
f 3424//3422 3422//3420 3095//3093 3094//3092
f 3425//3423 3426//3424 3422//3420 3424//3422
f 3423//3421 3422//3420 3426//3424 3427//3425
f 3094//3092 3100//3098 3428//3426 3424//3422
f 3429//3427 3428//3426 3100//3098 3099//3097
f 3430//3428 3428//3426 3429//3427 3431//3429
f 3424//3422 3428//3426 3430//3428 3425//3423
f 3220//3218 3432//3430 3433//3431 3216//3214
f 3429//3427 3433//3431 3432//3430 3431//3429
f 3099//3097 3108//3106 3433//3431 3429//3427
f 3216//3214 3433//3431 3108//3106 3107//3105
f 3096//3094 3434//3432 3435//3433 3092//3090
f 3434//3432 3436//3434 3437//3435
f 3418//3416 3421//3419 3435//3433 3437//3435
f 3092//3090 3435//3433 3421//3419 3062//3060
f 3438//3436 3439//3437 3440//3438
f 3441//3439 3438//3436 3442//3440 3443//3441
f 3417//3415 3413//3411 3438//3436 3441//3439
f 3439//3437 3438//3436 3413//3411 3412//3410
f 3436//3434 3444//3442 3445//3443 3437//3435
f 3444//3442 3440//3438 3439//3437
f 3412//3410 3419//3417 3445//3443 3439//3437
f 3437//3435 3445//3443 3419//3417 3418//3416
f 3427//3425 3446//3444 3447//3445 3423//3421
f 3446//3444 3436//3434 3434//3432
f 3423//3421 3447//3445 3434//3432 3096//3094
f 3448//3446 3449//3447 3450//3448 3451//3449
f 3452//3450 3450//3448 3449//3447 3453//3451
f 3427//3425 3426//3424 3450//3448 3452//3450
f 3451//3449 3450//3448 3426//3424 3425//3423
f 3453//3451 3454//3452 3455//3453 3452//3450
f 3456//3454 3455//3453 3454//3452 3457//3455
f 3436//3434 3446//3444 3455//3453 3456//3454
f 3452//3450 3455//3453 3446//3444 3427//3425
f 3458//3456 3456//3454 3457//3455
f 3459//3457 3460//3458 3461//3459
f 3458//3456 3461//3459 3440//3438
f 3444//3442 3436//3434 3456//3454
f 3462//3460 3461//3459 3460//3458
f 3463//3461 3462//3460 3464//3462 3465//3463
f 3440//3438 3461//3459 3462//3460 3463//3461
f 3466//3464 3463//3461 3465//3463
f 3467//3465 3468//3466 3469//3467
f 3443//3441 3442//3440 3466//3464 3469//3467
f 3463//3461 3466//3464 3442//3440 3440//3438
f 3470//3468 3471//3469 3472//3470 3473//3471
f 3471//3469 3474//3472 3475//3473
f 3472//3470 3475//3473 3465//3463
f 3473//3471 3472//3470 3464//3462 3460//3458
f 3476//3474 3477//3475 3478//3476 3479//3477
f 3473//3471 3478//3476 3477//3475 3470//3468
f 3460//3458 3459//3457 3478//3476 3473//3471
f 3479//3477 3478//3476 3459//3457 3457//3455
f 3480//3478 3481//3479 3482//3480 3483//3481
f 3479//3477 3482//3480 3481//3479 3476//3474
f 3457//3455 3454//3452 3482//3480 3479//3477
f 3483//3481 3482//3480 3454//3452 3453//3451
f 3484//3482 3485//3483 3486//3484 3487//3485
f 3483//3481 3485//3483 3484//3482 3480//3478
f 3453//3451 3449//3447 3485//3483 3483//3481
f 3448//3446 3486//3484 3485//3483 3449//3447
f 3488//3486 3489//3487 3490//3488 3491//3489
f 3492//3490 3490//3488 3489//3487 3493//3491
f 3469//3467 3490//3488 3492//3490 3443//3441
f 3491//3489 3490//3488 3469//3467 3468//3466
f 3381//3379 3380//3378 3494//3492 3495//3493
f 3496//3494 3494//3492 3380//3378 3379//3377
f 3497//3495 3498//3496 3494//3492 3496//3494
f 3495//3493 3494//3492 3498//3496 3499//3497
f 3500//3498 3501//3499 3502//3500 3503//3501
f 3504//3502 3502//3500 3501//3499 3505//3503
f 3493//3491 3489//3487 3502//3500 3504//3502
f 3503//3501 3502//3500 3489//3487 3488//3486
f 3499//3497 3498//3496 3506//3504 3507//3505
f 3508//3506 3506//3504 3498//3496 3497//3495
f 3505//3503 3501//3499 3506//3504 3508//3506
f 3507//3505 3506//3504 3501//3499 3500//3498
f 3443//3441 3492//3490 3509//3507 3441//3439
f 3510//3508 3509//3507 3492//3490 3493//3491
f 3511//3509 3512//3510 3509//3507 3510//3508
f 3441//3439 3509//3507 3512//3510 3417//3415
f 3513//3511 3514//3512 3515//3513 3516//3514
f 3496//3494 3515//3513 3514//3512 3497//3495
f 3379//3377 3387//3385 3515//3513 3496//3494
f 3516//3514 3515//3513 3387//3385 3386//3384
f 3493//3491 3504//3502 3517//3515 3510//3508
f 3518//3516 3517//3515 3504//3502 3505//3503
f 3519//3517 3520//3518 3517//3515 3518//3516
f 3510//3508 3517//3515 3520//3518 3511//3509
f 3513//3511 3521//3519 3522//3520 3514//3512
f 3518//3516 3522//3520 3521//3519 3519//3517
f 3505//3503 3508//3506 3522//3520 3518//3516
f 3514//3512 3522//3520 3508//3506 3497//3495
f 3417//3415 3512//3510 3523//3521 3416//3414
f 3512//3510 3511//3509 3524//3522
f 3523//3521 3524//3522 3525//3523
f 3416//3414 3523//3521 3526//3524 3352//3350
f 3386//3384 3389//3387 3527//3525 3516//3514
f 3528//3526 3527//3525 3389//3387 3388//3386
f 3529//3527 3530//3528 3527//3525 3528//3526
f 3516//3514 3527//3525 3530//3528 3513//3511
f 3531//3529 3524//3522 3511//3509
f 3532//3530 3531//3529 3520//3518 3519//3517
f 3533//3531 3534//3532 3531//3529 3532//3530
f 3534//3532 3525//3523 3524//3522
f 3529//3527 3535//3533 3536//3534 3530//3528
f 3532//3530 3536//3534 3535//3533 3533//3531
f 3519//3517 3521//3519 3536//3534 3532//3530
f 3530//3528 3536//3534 3521//3519 3513//3511
f 3537//3535 3538//3536 3399//3397 3398//3396
f 3539//3537 3538//3536 3537//3535 3540//3538
f 3529//3527 3528//3526 3538//3536 3539//3537
f 3388//3386 3399//3397 3538//3536 3528//3526
f 3352//3350 3526//3524 3541//3539 3349//3347
f 3526//3524 3525//3523 3542//3540
f 3541//3539 3542//3540 3543//3541
f 3349//3347 3541//3539 3544//3542 3354//3352
f 3525//3523 3534//3532 3545//3543 3542//3540
f 3546//3544 3545//3543 3534//3532 3533//3531
f 3547//3545 3548//3546 3545//3543 3546//3544
f 3542//3540 3545//3543 3548//3546 3543//3541
f 3540//3538 3549//3547 3550//3548 3539//3537
f 3546//3544 3550//3548 3549//3547 3547//3545
f 3533//3531 3535//3533 3550//3548 3546//3544
f 3539//3537 3550//3548 3535//3533 3529//3527
f 3551//3549 3552//3550 3409//3407 3408//3406
f 3553//3551 3552//3550 3551//3549 3554//3552
f 3540//3538 3537//3535 3552//3550 3553//3551
f 3398//3396 3409//3407 3552//3550 3537//3535
f 3555//3553 3556//3554 3557//3555
f 3372//3370 3555//3553 3558//3556 3366//3364
f 3555//3553 3372//3370 3354//3352
f 3556//3554 3555//3553 3544//3542 3543//3541
f 3554//3552 3559//3557 3560//3558 3553//3551
f 3561//3559 3560//3558 3559//3557 3562//3560
f 3560//3558 3561//3559 3547//3545
f 3553//3551 3560//3558 3549//3547 3540//3538
f 3562//3560 3563//3561 3564//3562 3561//3559
f 3556//3554 3564//3562 3563//3561 3557//3555
f 3543//3541 3548//3546 3564//3562 3556//3554
f 3561//3559 3564//3562 3548//3546 3547//3545
f 3280//3278 3565//3563 3566//3564 3276//3274
f 3567//3565 3566//3564 3565//3563 3568//3566
f 3316//3314 3315//3313 3566//3564 3567//3565
f 3276//3274 3566//3564 3315//3313 3273//3271
f 3569//3567 3570//3568 3571//3569
f 3128//3126 3569//3567 3572//3570 3125//3123
f 3569//3567 3128//3126 3028//3026
f 3570//3568 3569//3567 3026//3024 3025//3023
f 3573//3571 3574//3572 3565//3563 3280//3278
f 3575//3573 3576//3574 3574//3572 3573//3571
f 3577//3575 3574//3572 3576//3574 3578//3576
f 3568//3566 3565//3563 3574//3572 3577//3575
f 3131//3129 3579//3577 3580//3578 3132//3130
f 3581//3579 3580//3578 3579//3577 3575//3573
f 3148//3146 3580//3578 3581//3579 3145//3143
f 3136//3134 3132//3130 3580//3578 3148//3146
f 3575//3573 3579//3577 3582//3580 3583//3581
f 3134//3132 3582//3580 3579//3577 3131//3129
f 3125//3123 3572//3570 3582//3580 3134//3132
f 3583//3581 3582//3580 3572//3570 3571//3569
f 3578//3576 3576//3574 3584//3582 3585//3583
f 3583//3581 3584//3582 3576//3574 3575//3573
f 3571//3569 3585//3583 3584//3582 3583//3581
f 3145//3143 3581//3579 3586//3584 3242//3240
f 3573//3571 3586//3584 3581//3579 3575//3573
f 3280//3278 3279//3277 3586//3584 3573//3571
f 3242//3240 3586//3584 3279//3277 3239//3237
f 3425//3423 3430//3428 3587//3585 3451//3449
f 3588//3586 3587//3585 3430//3428 3431//3429
f 3589//3587 3590//3588 3587//3585 3588//3586
f 3590//3588 3448//3446 3451//3449
f 3591//3589 3592//3590 3590//3588 3589//3587
f 3593//3591 3594//3592 3592//3590 3591//3589
f 3487//3485 3486//3484 3592//3590 3594//3592
f 3590//3588 3592//3590 3486//3484 3448//3446
f 3594//3592 3593//3591 3595//3593
f 3596//3594 3595//3593 3597//3595
f 3594//3592 3596//3594 3598//3596 3487//3485
f 3599//3597 3598//3596 3597//3595
f 3600//3598 3601//3599 3602//3600
f 3480//3478 3484//3482 3599//3597 3602//3600
f 3487//3485 3598//3596 3599//3597 3484//3482
f 3601//3599 3603//3601 3604//3602 3602//3600
f 3605//3603 3604//3602 3603//3601 3606//3604
f 3476//3474 3481//3479 3604//3602 3605//3603
f 3602//3600 3604//3602 3481//3479 3480//3478
f 3606//3604 3607//3605 3608//3606 3605//3603
f 3609//3607 3608//3606 3607//3605 3610//3608
f 3470//3468 3477//3475 3608//3606 3609//3607
f 3605//3603 3608//3606 3477//3475 3476//3474
f 3610//3608 3611//3609 3612//3610 3609//3607
f 3613//3611 3612//3610 3611//3609 3614//3612
f 3474//3472 3471//3469 3612//3610 3613//3611
f 3609//3607 3612//3610 3471//3469 3470//3468
f 3615//3613 3616//3614 3617//3615 3618//3616
f 3614//3612 3611//3609 3616//3614 3615//3613
f 3617//3615 3616//3614 3611//3609 3610//3608
f 3619//3617 3620//3618 3621//3619 3622//3620
f 3617//3615 3621//3619 3620//3618 3618//3616
f 3610//3608 3607//3605 3621//3619 3617//3615
f 3622//3620 3621//3619 3607//3605 3606//3604
f 3623//3621 3624//3622 3625//3623 3626//3624
f 3622//3620 3625//3623 3624//3622 3619//3617
f 3606//3604 3603//3601 3625//3623 3622//3620
f 3626//3624 3625//3623 3603//3601 3601//3599
f 3627//3625 3628//3626 3600//3598 3597//3595
f 3629//3627 3628//3626 3627//3625 3630//3628
f 3623//3621 3626//3624 3628//3626 3629//3627
f 3601//3599 3600//3598 3628//3626 3626//3624
f 3631//3629 3632//3630 3633//3631
f 3627//3625 3634//3632 3633//3631 3630//3628
f 3597//3595 3595//3593 3634//3632 3627//3625
f 3593//3591 3631//3629 3634//3632 3595//3593
f 3589//3587 3635//3633 3636//3634 3591//3589
f 3635//3633 3637//3635 3638//3636
f 3636//3634 3638//3636 3632//3630
f 3591//3589 3636//3634 3631//3629 3593//3591
f 3639//3637 3640//3638 3641//3639
f 3637//3635 3635//3633 3639//3637 3642//3640
f 3588//3586 3639//3637 3635//3633 3589//3587
f 3640//3638 3639//3637 3588//3586 3431//3429
f 3643//3641 3640//3638 3431//3429
f 3432//3430 3220//3218 3644//3642
f 3645//3643 3646//3644 3643//3641 3644//3642
f 3646//3644 3641//3639 3640//3638
f 3220//3218 3219//3217 3647//3645 3644//3642
f 3648//3646 3647//3645 3219//3217 3218//3216
f 3649//3647 3650//3648 3647//3645 3648//3646
f 3644//3642 3647//3645 3650//3648 3645//3643
f 3218//3216 3224//3222 3651//3649 3648//3646
f 3652//3650 3651//3649 3224//3222 3223//3221
f 3651//3649 3652//3650 3653//3651
f 3648//3646 3651//3649 3654//3652 3649//3647
f 3238//3236 3655//3653 3656//3654 3234//3232
f 3652//3650 3656//3654 3655//3653 3653//3651
f 3223//3221 3228//3226 3656//3654 3652//3650
f 3234//3232 3656//3654 3228//3226 3227//3225
f 3657//3655 3658//3656 3659//3657
f 3660//3658 3661//3659 3662//3660 3659//3657
f 3657//3655 3662//3660 3661//3659 3663//3661
f 3653//3651 3655//3653 3664//3662 3665//3663
f 3666//3664 3664//3662 3655//3653 3238//3236
f 3667//3665 3668//3666 3664//3662 3666//3664
f 3665//3663 3664//3662 3668//3666 3658//3656
f 3238//3236 3237//3235 3669//3667 3666//3664
f 3670//3668 3669//3667 3237//3235 3236//3234
f 3671//3669 3672//3670 3669//3667 3670//3668
f 3666//3664 3669//3667 3672//3670 3667//3665
f 3236//3234 3673//3671 3674//3672 3670//3668
f 3675//3673 3674//3672 3673//3671 3676//3674
f 3677//3675 3678//3676 3674//3672 3675//3673
f 3670//3668 3674//3672 3678//3676 3671//3669
f 3679//3677 3675//3673 3676//3674
f 3679//3677 3680//3678 3681//3679 3682//3680
f 3683//3681 3679//3677 3682//3680 3684//3682
f 3679//3677 3683//3681 3677//3675
f 3685//3683 3686//3684 3687//3685 3688//3686
f 3230//3228 3687//3685 3686//3684 3231//3229
f 3119//3117 3122//3120 3687//3685 3230//3228
f 3688//3686 3687//3685 3122//3120 3121//3119
f 3231//3229 3686//3684 3689//3687 3235//3233
f 3690//3688 3689//3687 3686//3684 3685//3683
f 3689//3687 3690//3688 3676//3674
f 3673//3671 3236//3234 3235//3233
f 3685//3683 3691//3689 3692//3690 3690//3688
f 3693//3691 3692//3690 3691//3689 3694//3692
f 3681//3679 3680//3678 3692//3690 3693//3691
f 3690//3688 3692//3690 3680//3678 3676//3674
f 3695//3693 3124//3122 3086//3084 3089//3087
f 3090//3088 3696//3694 3695//3693 3089//3087
f 3697//3695 3698//3696 3695//3693 3696//3694
f 3124//3122 3695//3693 3698//3696 3121//3119
f 3121//3119 3698//3696 3699//3697 3688//3686
f 3700//3698 3699//3697 3698//3696 3697//3695
f 3694//3692 3691//3689 3699//3697 3700//3698
f 3688//3686 3699//3697 3691//3689 3685//3683
f 3694//3692 3700//3698 3701//3699 3702//3700
f 3697//3695 3703//3701 3701//3699 3700//3698
f 3704//3702 3702//3700 3701//3699 3703//3701
f 3681//3679 3693//3691 3705//3703 3706//3704
f 3702//3700 3705//3703 3693//3691 3694//3692
f 3704//3702 3707//3705 3705//3703 3702//3700
f 3706//3704 3705//3703 3707//3705 3708//3706
f 3709//3707 3659//3657 3658//3656
f 3710//3708 3709//3707 3668//3666 3667//3665
f 3711//3709 3712//3710 3709//3707 3710//3708
f 3712//3710 3660//3658 3659//3657
f 3713//3711 3714//3712 3715//3713 3716//3714
f 3717//3715 3715//3713 3714//3712 3660//3658
f 3718//3716 3719//3717 3715//3713 3717//3715
f 3716//3714 3715//3713 3719//3717 3720//3718
f 3711//3709 3721//3719 3722//3720 3712//3710
f 3717//3715 3722//3720 3721//3719 3718//3716
f 3717//3715 3660//3658 3712//3710
f 3667//3665 3672//3670 3723//3721 3710//3708
f 3724//3722 3723//3721 3672//3670 3671//3669
f 3725//3723 3726//3724 3723//3721 3724//3722
f 3710//3708 3723//3721 3726//3724 3711//3709
f 3725//3723 3727//3725 3728//3726 3726//3724
f 3729//3727 3728//3726 3727//3725 3730//3728
f 3718//3716 3721//3719 3728//3726 3729//3727
f 3726//3724 3728//3726 3721//3719 3711//3709
f 3730//3728 3731//3729 3732//3730 3729//3727
f 3733//3731 3732//3730 3731//3729 3734//3732
f 3720//3718 3719//3717 3732//3730 3733//3731
f 3729//3727 3732//3730 3719//3717 3718//3716
f 3735//3733 3724//3722 3671//3669
f 3677//3675 3736//3734 3735//3733 3678//3676
f 3737//3735 3735//3733 3736//3734 3738//3736
f 3724//3722 3735//3733 3737//3735 3725//3723
f 3738//3736 3739//3737 3740//3738 3737//3735
f 3741//3739 3740//3738 3739//3737 3742//3740
f 3730//3728 3727//3725 3740//3738 3741//3739
f 3737//3735 3740//3738 3727//3725 3725//3723
f 3742//3740 3743//3741 3744//3742 3741//3739
f 3745//3743 3744//3742 3743//3741 3746//3744
f 3734//3732 3731//3729 3744//3742 3745//3743
f 3741//3739 3744//3742 3731//3729 3730//3728
f 3713//3711 3716//3714 3747//3745 3748//3746
f 3720//3718 3749//3747 3747//3745 3716//3714
f 3750//3748 3751//3749 3747//3745 3749//3747
f 3748//3746 3747//3745 3751//3749 3752//3750
f 3733//3731 3753//3751 3749//3747 3720//3718
f 3754//3752 3753//3751 3733//3731 3734//3732
f 3755//3753 3756//3754 3753//3751 3754//3752
f 3749//3747 3753//3751 3756//3754 3750//3748
f 3734//3732 3745//3743 3757//3755 3754//3752
f 3758//3756 3757//3755 3745//3743 3746//3744
f 3759//3757 3760//3758 3757//3755 3758//3756
f 3754//3752 3757//3755 3760//3758 3755//3753
f 3746//3744 3761//3759 3762//3760 3758//3756
f 3763//3761 3762//3760 3761//3759 3764//3762
f 3765//3763 3766//3764 3762//3760 3763//3761
f 3758//3756 3762//3760 3766//3764 3759//3757
f 3759//3757 3766//3764 3767//3765 3768//3766
f 3769//3767 3767//3765 3766//3764 3765//3763
f 3770//3768 3771//3769 3767//3765 3769//3767
f 3768//3766 3767//3765 3771//3769 3772//3770
f 3773//3771 3663//3661 3774//3772
f 3775//3773 3776//3774 3777//3775 3774//3772
f 3776//3774 3778//3776 3773//3771
f 3663//3661 3661//3659 3779//3777 3774//3772
f 3780//3778 3779//3777 3661//3659 3660//3658
f 3781//3779 3782//3780 3779//3777 3780//3778
f 3774//3772 3779//3777 3782//3780 3775//3773
f 3752//3750 3783//3781 3784//3782 3748//3746
f 3780//3778 3784//3782 3783//3781 3781//3779
f 3660//3658 3714//3712 3784//3782 3780//3778
f 3748//3746 3784//3782 3714//3712 3713//3711
f 3785//3783 3786//3784 3783//3781 3752//3750
f 3787//3785 3788//3786 3786//3784 3785//3783
f 3783//3781 3786//3784 3788//3786 3781//3779
f 3752//3750 3751//3749 3789//3787 3785//3783
f 3790//3788 3789//3787 3751//3749 3750//3748
f 3791//3789 3792//3790 3789//3787 3790//3788
f 3785//3783 3789//3787 3792//3790 3787//3785
f 3750//3748 3756//3754 3793//3791 3790//3788
f 3794//3792 3793//3791 3756//3754 3755//3753
f 3795//3793 3796//3794 3793//3791 3794//3792
f 3790//3788 3793//3791 3796//3794 3791//3789
f 3772//3770 3797//3795 3798//3796 3768//3766
f 3794//3792 3798//3796 3797//3795 3795//3793
f 3755//3753 3760//3758 3798//3796 3794//3792
f 3768//3766 3798//3796 3760//3758 3759//3757
f 3778//3776 3776//3774 3799//3797 3800//3798
f 3801//3799 3799//3797 3776//3774 3775//3773
f 3802//3800 3803//3801 3799//3797 3801//3799
f 3800//3798 3799//3797 3803//3801 3804//3802
f 3775//3773 3782//3780 3805//3803 3801//3799
f 3806//3804 3805//3803 3782//3780 3781//3779
f 3807//3805 3808//3806 3805//3803 3806//3804
f 3801//3799 3805//3803 3808//3806 3802//3800
f 3809//3807 3810//3808 3811//3809 3812//3810
f 3802//3800 3808//3806 3809//3807 3812//3810
f 3808//3806 3807//3805 3813//3811
f 3810//3808 3809//3807 3813//3811 3814//3812
f 3781//3779 3788//3786 3815//3813 3806//3804
f 3816//3814 3815//3813 3788//3786 3787//3785
f 3817//3815 3818//3816 3815//3813 3816//3814
f 3806//3804 3815//3813 3818//3816 3807//3805
f 3819//3817 3820//3818 3818//3816 3817//3815
f 3821//3819 3820//3818 3819//3817 3822//3820
f 3814//3812 3813//3811 3820//3818 3821//3819
f 3807//3805 3818//3816 3820//3818 3813//3811
f 3787//3785 3792//3790 3823//3821 3816//3814
f 3824//3822 3823//3821 3792//3790 3791//3789
f 3825//3823 3826//3824 3823//3821 3824//3822
f 3816//3814 3823//3821 3826//3824 3817//3815
f 3827//3825 3828//3826 3829//3827 3830//3828
f 3819//3817 3829//3827 3828//3826 3822//3820
f 3817//3815 3826//3824 3829//3827 3819//3817
f 3830//3828 3829//3827 3826//3824 3825//3823
f 3791//3789 3796//3794 3831//3829 3824//3822
f 3832//3830 3831//3829 3796//3794 3795//3793
f 3831//3829 3832//3830 3833//3831 3834//3832
f 3824//3822 3831//3829 3834//3832 3825//3823
f 3835//3833 3836//3834 3837//3835 3838//3836
f 3836//3834 3827//3825 3830//3828
f 3825//3823 3834//3832 3837//3835 3830//3828
f 3838//3836 3837//3835 3834//3832 3833//3831
f 866//866 3839//3837 3840//3838 867//867
f 3841//3839 3840//3838 3839//3837 3842//3840
f 3843//3841 3844//3842 3840//3838 3841//3839
f 867//867 3840//3838 3844//3842 871//871
f 3845//3843 3846//3844 3847//3845 3848//3846
f 882//882 3847//3845 3846//3844 883//883
f 881//881 3849//3847 3847//3845 882//882
f 3848//3846 3847//3845 3849//3847 3850//3848
f 3851//3849 3852//3850 3853//3851 3854//3852
f 888//888 3853//3851 3852//3850 889//889
f 883//883 3846//3844 3853//3851 888//888
f 3854//3852 3853//3851 3846//3844 3845//3843
f 889//889 3852//3850 3855//3853 890//890
f 3856//3854 3855//3853 3852//3850 3851//3849
f 3842//3840 3839//3837 3855//3853 3856//3854
f 890//890 3855//3853 3839//3837 866//866
f 3850//3848 3857//3855 3858//3856 3848//3846
f 3859//3857 3858//3856 3857//3855 3860//3858
f 3861//3859 3862//3860 3858//3856 3859//3857
f 3848//3846 3858//3856 3862//3860 3845//3843
f 3863//3861 3864//3862 3865//3863 3866//3864
f 3854//3852 3865//3863 3864//3862 3851//3849
f 3845//3843 3862//3860 3865//3863 3854//3852
f 3866//3864 3865//3863 3862//3860 3861//3859
f 3851//3849 3864//3862 3867//3865 3856//3854
f 3868//3866 3867//3865 3864//3862 3863//3861
f 3869//3867 3870//3868 3867//3865 3868//3866
f 3870//3868 3842//3840 3856//3854
f 3860//3858 3871//3869 3872//3870 3859//3857
f 3873//3871 3872//3870 3871//3869 3874//3872
f 3875//3873 3876//3874 3872//3870 3873//3871
f 3859//3857 3872//3870 3876//3874 3861//3859
f 3804//3802 3877//3875 3878//3876 3800//3798
f 3879//3877 3878//3876 3877//3875 3880//3878
f 3881//3879 3882//3880 3878//3876 3879//3877
f 3800//3798 3878//3876 3882//3880 3778//3776
f 3874//3872 3883//3881 3884//3882 3873//3871
f 3885//3883 3884//3882 3883//3881 3886//3884
f 3887//3885 3888//3886 3884//3882 3885//3883
f 3873//3871 3884//3882 3888//3886 3875//3873
f 3889//3887 3890//3888 3891//3889 3892//3890
f 3866//3864 3891//3889 3890//3888 3863//3861
f 3861//3859 3876//3874 3891//3889 3866//3864
f 3892//3890 3891//3889 3876//3874 3875//3873
f 3887//3885 3893//3891 3894//3892 3888//3886
f 3894//3892 3893//3891 3889//3887
f 3875//3873 3888//3886 3894//3892 3892//3890
f 3863//3861 3890//3888 3895//3893 3868//3866
f 3896//3894 3895//3893 3890//3888 3889//3887
f 3895//3893 3896//3894 3897//3895
f 3868//3866 3895//3893 3898//3896 3869//3867
f 3899//3897 3896//3894 3889//3887
f 3893//3891 3887//3885 3900//3898
f 3901//3899 3902//3900 3899//3897 3900//3898
f 3902//3900 3897//3895 3896//3894
f 3880//3878 3903//3901 3904//3902 3879//3877
f 3885//3883 3904//3902 3903//3901 3887//3885
f 3886//3884 3905//3903 3904//3902 3885//3883
f 3879//3877 3904//3902 3905//3903 3881//3879
f 3842//3840 3870//3868 3906//3904 3841//3839
f 3907//3905 3906//3904 3870//3868 3869//3867
f 3908//3906 3909//3907 3906//3904 3907//3905
f 3841//3839 3906//3904 3909//3907 3843//3841
f 3869//3867 3898//3896 3910//3908 3907//3905
f 3911//3909 3910//3908 3898//3896 3897//3895
f 3912//3910 3913//3911 3910//3908 3911//3909
f 3913//3911 3908//3906 3907//3905
f 3912//3910 3914//3912 3915//3913 3913//3911
f 3916//3914 3915//3913 3914//3912 3917//3915
f 3918//3916 3919//3917 3915//3913 3916//3914
f 3919//3917 3908//3906 3913//3911
f 3920//3918 3921//3919 3922//3920 3923//3921
f 3900//3898 3922//3920 3921//3919 3901//3899
f 3887//3885 3903//3901 3922//3920 3900//3898
f 3923//3921 3922//3920 3903//3901 3880//3878
f 3901//3899 3921//3919 3924//3922 3902//3900
f 3925//3923 3924//3922 3921//3919 3920//3918
f 3912//3910 3911//3909 3924//3922 3925//3923
f 3902//3900 3924//3922 3911//3909 3897//3895
f 3811//3809 3926//3924 3927//3925 3812//3810
f 3928//3926 3927//3925 3926//3924 3929//3927
f 3804//3802 3803//3801 3927//3925 3928//3926
f 3812//3810 3927//3925 3803//3801 3802//3800
f 3930//3928 3931//3929 3932//3930 3933//3931
f 3931//3929 3917//3915 3914//3912
f 3914//3912 3912//3910 3925//3923
f 3925//3923 3920//3918 3933//3931
f 3929//3927 3934//3932 3935//3933 3928//3926
f 3923//3921 3935//3933 3934//3932 3920//3918
f 3880//3878 3877//3875 3935//3933 3923//3921
f 3877//3875 3804//3802 3928//3926
f 3936//3934 3937//3935 3934//3932 3929//3927
f 3930//3928 3933//3931 3937//3935 3936//3934
f 3920//3918 3934//3932 3937//3935 3933//3931
f 3938//3936 3939//3937 3940//3938 3941//3939
f 3942//3940 3940//3938 3939//3937 3943//3941
f 3314//3312 3310//3308 3940//3938 3942//3940
f 3941//3939 3940//3938 3310//3308 3309//3307
f 3943//3941 3944//3942 3945//3943 3942//3940
f 3946//3944 3945//3943 3944//3942 3947//3945
f 3320//3318 3317//3315 3945//3943 3946//3944
f 3942//3940 3945//3943 3317//3315 3314//3312
f 3948//3946 3949//3947 3950//3948 3951//3949
f 3324//3322 3321//3319 3949//3947 3948//3946
f 3946//3944 3949//3947 3321//3319 3320//3318
f 3950//3948 3949//3947 3946//3944 3947//3945
f 3951//3949 3952//3950 3953//3951 3948//3946
f 3954//3952 3953//3951 3952//3950 3955//3953
f 3328//3326 3325//3323 3953//3951 3954//3952
f 3948//3946 3953//3951 3325//3323 3324//3322
f 3955//3953 3956//3954 3957//3955 3954//3952
f 3958//3956 3957//3955 3956//3954 3959//3957
f 3332//3330 3329//3327 3957//3955 3958//3956
f 3954//3952 3957//3955 3329//3327 3328//3326
f 3959//3957 3960//3958 3961//3959 3958//3956
f 3962//3960 3961//3959 3960//3958 3963//3961
f 3336//3334 3333//3331 3961//3959 3962//3960
f 3958//3956 3961//3959 3333//3331 3332//3330
f 3963//3961 3964//3962 3965//3963 3962//3960
f 3966//3964 3965//3963 3964//3962 3967//3965
f 3340//3338 3337//3335 3965//3963 3966//3964
f 3962//3960 3965//3963 3337//3335 3336//3334
f 3967//3965 3968//3966 3969//3967 3966//3964
f 3970//3968 3969//3967 3968//3966 3971//3969
f 3344//3342 3341//3339 3969//3967 3970//3968
f 3966//3964 3969//3967 3341//3339 3340//3338
f 3972//3970 3973//3971 3974//3972 3975//3973
f 3348//3346 3345//3343 3974//3972 3973//3971
f 3970//3968 3974//3972 3345//3343 3344//3342
f 3975//3973 3974//3972 3970//3968 3971//3969
f 3976//3974 3977//3975 3978//3976 3979//3977
f 3980//3978 3981//3979 3977//3975 3976//3974
f 3975//3973 3977//3975 3981//3979 3972//3970
f 3978//3976 3977//3975 3975//3973 3971//3969
f 3982//3980 3983//3981 3984//3982 3985//3983
f 3939//3937 3984//3982 3983//3981 3943//3941
f 3938//3936 3986//3984 3984//3982 3939//3937
f 3985//3983 3984//3982 3986//3984 3987//3985
f 3988//3986 3989//3987 3990//3988 3991//3989
f 3944//3942 3990//3988 3989//3987 3947//3945
f 3943//3941 3983//3981 3990//3988 3944//3942
f 3991//3989 3990//3988 3983//3981 3982//3980
f 3992//3990 3993//3991 3994//3992 3995//3993
f 3950//3948 3994//3992 3993//3991 3951//3949
f 3947//3945 3989//3987 3994//3992 3950//3948
f 3995//3993 3994//3992 3989//3987 3988//3986
f 3996//3994 3997//3995 3998//3996 3999//3997
f 3955//3953 3952//3950 3998//3996 3997//3995
f 3951//3949 3993//3991 3998//3996 3952//3950
f 3999//3997 3998//3996 3993//3991 3992//3990
f 4000//3998 4001//3999 4002//4000 4003//4001
f 3959//3957 3956//3954 4002//4000 4001//3999
f 3997//3995 4002//4000 3956//3954 3955//3953
f 4003//4001 4002//4000 3997//3995 3996//3994
f 4004//4002 4005//4003 4006//4004 4007//4005
f 3963//3961 3960//3958 4006//4004 4005//4003
f 4001//3999 4006//4004 3960//3958 3959//3957
f 4007//4005 4006//4004 4001//3999 4000//3998
f 4004//4002 4008//4006 4009//4007 4005//4003
f 4010//4008 4009//4007 4008//4006 4011//4009
f 3967//3965 3964//3962 4009//4007 4010//4008
f 4005//4003 4009//4007 3964//3962 3963//3961
f 4012//4010 4013//4011 4014//4012
f 3968//3966 4015//4013 4014//4012 3971//3969
f 4010//4008 4015//4013 3968//3966 3967//3965
f 4011//4009 4012//4010 4015//4013 4010//4008
f 4013//4011 4016//4014 4017//4015 4014//4012
f 4018//4016 4017//4015 4016//4014 4019//4017
f 3979//3977 3978//3976 4017//4015 4018//4016
f 4014//4012 4017//4015 3978//3976 3971//3969
f 3987//3985 4020//4018 4021//4019 3985//3983
f 4022//4020 4021//4019 4020//4018 4023//4021
f 4024//4022 4025//4023 4021//4019 4022//4020
f 3985//3983 4021//4019 4025//4023 3982//3980
f 3982//3980 4025//4023 4026//4024 3991//3989
f 4027//4025 4026//4024 4025//4023 4024//4022
f 4028//4026 4029//4027 4026//4024 4027//4025
f 3991//3989 4026//4024 4029//4027 3988//3986
f 3988//3986 4029//4027 4030//4028 3995//3993
f 4031//4029 4030//4028 4029//4027 4028//4026
f 4032//4030 4033//4031 4030//4028 4031//4029
f 3995//3993 4030//4028 4033//4031 3992//3990
f 3992//3990 4033//4031 4034//4032 3999//3997
f 4035//4033 4034//4032 4033//4031 4032//4030
f 4036//4034 4037//4035 4034//4032 4035//4033
f 3999//3997 4034//4032 4037//4035 3996//3994
f 4038//4036 4039//4037 4040//4038 4041//4039
f 4022//4020 4040//4038 4039//4037 4024//4022
f 4023//4021 4042//4040 4040//4038 4022//4020
f 4041//4039 4040//4038 4042//4040 4043//4041
f 4044//4042 4045//4043 4046//4044 4047//4045
f 4027//4025 4045//4043 4044//4042 4028//4026
f 4024//4022 4039//4037 4045//4043 4027//4025
f 4046//4044 4045//4043 4039//4037 4038//4036
f 4048//4046 4049//4047 4050//4048 4051//4049
f 4031//4029 4049//4047 4048//4046 4032//4030
f 4028//4026 4044//4042 4049//4047 4031//4029
f 4047//4045 4050//4048 4049//4047 4044//4042
f 4052//4050 4053//4051 1090//1090 1089//1089
f 4054//4052 4052//4050 1089//1089 1096//1096
f 4055//4053 4052//4050 4054//4052 4056//4054
f 4057//4055 4053//4051 4052//4050 4055//4053
f 1096//1096 1098//1098 4058//4056 4054//4052
f 4059//4057 4058//4056 1098//1098 1102//1102
f 4060//4058 4061//4059 4058//4056 4059//4057
f 4054//4052 4058//4056 4061//4059 4056//4054
f 1102//1102 1104//1104 4062//4060 4059//4057
f 4063//4061 4062//4060 1104//1104 1108//1108
f 4064//4062 4065//4063 4062//4060 4063//4061
f 4059//4057 4062//4060 4065//4063 4060//4058
f 1108//1108 1110//1110 4066//4064 4063//4061
f 4067//4065 4066//4064 1110//1110 1114//1114
f 4068//4066 4069//4067 4066//4064 4067//4065
f 4063//4061 4066//4064 4069//4067 4064//4062
f 1114//1114 1116//1116 4070//4068 4067//4065
f 4071//4069 4070//4068 1116//1116 1120//1120
f 4072//4070 4073//4071 4070//4068 4071//4069
f 4067//4065 4070//4068 4073//4071 4068//4066
f 1120//1120 1122//1122 4074//4072 4071//4069
f 4074//4072 1122//1122 1126//1126 4075//4073
f 4076//4074 4077//4075 4074//4072 4075//4073
f 4071//4069 4074//4072 4077//4075 4072//4070
f 4078//4076 1127//1127 1130//1130 4079//4077
f 4080//4078 4081//4079 4078//4076 4079//4077
f 4075//4073 4078//4076 4081//4079 4076//4074
f 4078//4076 4075//4073 1126//1126 1127//1127
f 4082//4080 4083//4081 4084//4082 4085//4083
f 4079//4077 4084//4082 4083//4081 4080//4078
f 1130//1130 1134//1134 4084//4082 4079//4077
f 4085//4083 4084//4082 1134//1134 1138//1138
f 1139//1139 4086//4084 4087//4085 1140//1140
f 4088//4086 4089//4087 4087//4085 4086//4084
f 4085//4083 4087//4085 4089//4087 4082//4080
f 1140//1140 4087//4085 4085//4083 1138//1138
f 4090//4088 4086//4084 1139//1139 1146//1146
f 4091//4089 4090//4088 1146//1146 1150//1150
f 4092//4090 4093//4091 4090//4088 4091//4089
f 4086//4084 4090//4088 4093//4091 4088//4086
f 4094//4092 4095//4093 4096//4094 4097//4095
f 4061//4059 4096//4094 4095//4093 4056//4054
f 4098//4096 4096//4094 4061//4059 4060//4058
f 4096//4094 4098//4096 4099//4097 4097//4095
f 4099//4097 4100//4098 4101//4099 4102//4100
f 4103//4101 4101//4099 4100//4098 4104//4102
f 4047//4045 4046//4044 4101//4099 4103//4101
f 4102//4100 4101//4099 4046//4044 4038//4036
f 4104//4102 4100//4098 4105//4103 4106//4104
f 4098//4096 4105//4103 4100//4098 4099//4097
f 4060//4058 4065//4063 4105//4103 4098//4096
f 4106//4104 4105//4103 4065//4063 4064//4062
f 4104//4102 4107//4105 4108//4106 4103//4101
f 4109//4107 4108//4106 4107//4105 4110//4108
f 4051//4049 4050//4048 4108//4106 4109//4107
f 4103//4101 4108//4106 4050//4048 4047//4045
f 4110//4108 4107//4105 4111//4109 4112//4110
f 4106//4104 4111//4109 4107//4105 4104//4102
f 4064//4062 4069//4067 4111//4109 4106//4104
f 4112//4110 4111//4109 4069//4067 4068//4066
f 4068//4066 4073//4071 4113//4111 4112//4110
f 4114//4112 4113//4111 4073//4071 4072//4070
f 4115//4113 4116//4114 4113//4111 4114//4112
f 4112//4110 4113//4111 4116//4114 4110//4108
f 4117//4115 4118//4116 4077//4075 4076//4074
f 4119//4117 4120//4118 4118//4116 4117//4115
f 4114//4112 4118//4116 4120//4118 4115//4113
f 4072//4070 4077//4075 4118//4116 4114//4112
f 4121//4119 4122//4120 4123//4121 4124//4122
f 4117//4115 4123//4121 4122//4120 4119//4117
f 4076//4074 4081//4079 4123//4121 4117//4115
f 4124//4122 4123//4121 4081//4079 4080//4078
f 4125//4123 4126//4124 4127//4125 4128//4126
f 4124//4122 4127//4125 4126//4124 4121//4119
f 4080//4078 4083//4081 4127//4125 4124//4122
f 4128//4126 4127//4125 4083//4081 4082//4080
f 4129//4127 4130//4128 4131//4129 4132//4130
f 4128//4126 4131//4129 4130//4128 4125//4123
f 4082//4080 4089//4087 4131//4129 4128//4126
f 4132//4130 4131//4129 4089//4087 4088//4086
f 4133//4131 4134//4132 4135//4133
f 4136//4134 4133//4131 4137//4135 4138//4136
f 4094//4092 4139//4137 4133//4131 4136//4134
f 4134//4132 4133//4131 4139//4137 4043//4041
f 4056//4054 4095//4093 4140//4138 4055//4053
f 4136//4134 4140//4138 4095//4093 4094//4092
f 4138//4136 4141//4139 4140//4138 4136//4134
f 4055//4053 4140//4138 4141//4139 4057//4055
f 4043//4041 4139//4137 4142//4140 4041//4039
f 4097//4095 4142//4140 4139//4137 4094//4092
f 4099//4097 4102//4100 4142//4140 4097//4095
f 4041//4039 4142//4140 4102//4100 4038//4036
f 3368//3366 4143//4141 4144//4142 3364//3362
f 4145//4143 4144//4142 4143//4141 4146//4144
f 2989//2987 3362//3360 4144//4142 4145//4143
f 3364//3362 4144//4142 3362//3360 3361//3359
f 4147//4145 4148//4146 4145//4143 4146//4144
f 3024//3022 4148//4146 4147//4145 3025//3023
f 2993//2991 2990//2988 4148//4146 3024//3022
f 4145//4143 4148//4146 2990//2988 2989//2987
f 3558//3556 3557//3555 4149//4147
f 4150//4148 4151//4149 4152//4150 4149//4147
f 3368//3366 3367//3365 4152//4150 4151//4149
f 3558//3556 4152//4150 3367//3365 3366//3364
f 4153//4151 4154//4152 4155//4153
f 4155//4153 3571//3569 3570//3568
f 3025//3023 4147//4145 4156//4154 3570//3568
f 4147//4145 4146//4144 4153//4151
f 4157//4155 4158//4156 4159//4157 4160//4158
f 4143//4141 4159//4157 4158//4156 4146//4144
f 3368//3366 4151//4149 4159//4157 4143//4141
f 4151//4149 4150//4148 4160//4158
f 4161//4159 4162//4160 4158//4156 4157//4155
f 4154//4152 4153//4151 4162//4160 4161//4159
f 4146//4144 4158//4156 4162//4160 4153//4151
f 3557//3555 3563//3561 4163//4161 4149//4147
f 4164//4162 4163//4161 3563//3561 3562//3560
f 4165//4163 4166//4164 4163//4161 4164//4162
f 4166//4164 4150//4148 4149//4147
f 4154//4152 4167//4165 4168//4166 4155//4153
f 4169//4167 4168//4166 4167//4165 4170//4168
f 3578//3576 3585//3583 4168//4166 4169//4167
f 4155//4153 4168//4166 3585//3583 3571//3569
f 4171//4169 4172//4170 4173//4171 4174//4172
f 4160//4158 4173//4171 4172//4170 4157//4155
f 4150//4148 4166//4164 4173//4171 4160//4158
f 4174//4172 4173//4171 4166//4164 4165//4163
f 4157//4155 4172//4170 4175//4173 4161//4159
f 4176//4174 4175//4173 4172//4170 4171//4169
f 4170//4168 4167//4165 4175//4173 4176//4174
f 4161//4159 4175//4173 4167//4165 4154//4152
f 4177//4175 3577//3575 3578//3576 4169//4167
f 4170//4168 4178//4176 4177//4175 4169//4167
f 4179//4177 4177//4175 4178//4176 4180//4178
f 3577//3575 4177//4175 4179//4177 3568//3566
f 4181//4179 4182//4180 4183//4181 4184//4182
f 4164//4162 4183//4181 4182//4180 4165//4163
f 3562//3560 3559//3557 4183//4181 4164//4162
f 4184//4182 4183//4181 3559//3557 3554//3552
f 4185//4183 4186//4184 4187//4185 4188//4186
f 4174//4172 4187//4185 4186//4184 4171//4169
f 4165//4163 4182//4180 4187//4185 4174//4172
f 4188//4186 4187//4185 4182//4180 4181//4179
f 4180//4178 4178//4176 4189//4187 4190//4188
f 4176//4174 4189//4187 4178//4176 4170//4168
f 4171//4169 4186//4184 4189//4187 4176//4174
f 4190//4188 4189//4187 4186//4184 4185//4183
f 3408//3406 4191//4189 4192//4190 3551//3549
f 4193//4191 4192//4190 4191//4189 4194//4192
f 4181//4179 4184//4182 4192//4190 4193//4191
f 4184//4182 3554//3552 3551//3549
f 4194//4192 4191//4189 4195//4193 4196//4194
f 3411//3409 4195//4193 4191//4189 3408//3406
f 3406//3404 4196//4194 4195//4193 3411//3409
f 4180//4178 4197//4195 4198//4196 4179//4177
f 4199//4197 4198//4196 4197//4195 4200//4198
f 3567//3565 4198//4196 4199//4197 3316//3314
f 4198//4196 3567//3565 3568//3566
f 4201//4199 4202//4200 4203//4201 4204//4202
f 4188//4186 4203//4201 4202//4200 4185//4183
f 4181//4179 4193//4191 4203//4201 4188//4186
f 4204//4202 4203//4201 4193//4191 4194//4192
f 4185//4183 4202//4200 4205//4203 4190//4188
f 4202//4200 4201//4199 4206//4204
f 4200//4198 4197//4195 4205//4203 4206//4204
f 4190//4188 4205//4203 4197//4195 4180//4178
f 3406//3404 3404//3402 4207//4205 4196//4194
f 4208//4206 4207//4205 3404//3402 3405//3403
f 4209//4207 4210//4208 4207//4205 4208//4206
f 4196//4194 4207//4205 4210//4208 4194//4192
f 4211//4209 4212//4210 4213//4211 4214//4212
f 3312//3310 4213//4211 4212//4210 3309//3307
f 3316//3314 4199//4197 4213//4211 3312//3310
f 4214//4212 4213//4211 4199//4197 4200//4198
f 4209//4207 4215//4213 4216//4214 4210//4208
f 4217//4215 4216//4214 4215//4213 4218//4216
f 4204//4202 4216//4214 4217//4215 4201//4199
f 4210//4208 4216//4214 4204//4202 4194//4192
f 4201//4199 4217//4215 4219//4217 4206//4204
f 4220//4218 4219//4217 4217//4215 4218//4216
f 4214//4212 4219//4217 4220//4218 4211//4209
f 4219//4217 4214//4212 4200//4198 4206//4204
f 4221//4219 4222//4220 4223//4221 4224//4222
f 4225//4223 4226//4224 4222//4220 4221//4219
f 3405//3403 3401//3399 4222//4220 4226//4224
f 4223//4221 4222//4220 3401//3399 3400//3398
f 4227//4225 4228//4226 4229//4227 4230//4228
f 3941//3939 4229//4227 4228//4226 3938//3936
f 3309//3307 4212//4210 4229//4227 3941//3939
f 4230//4228 4229//4227 4212//4210 4211//4209
f 3405//3403 4226//4224 4231//4229 4208//4206
f 4232//4230 4231//4229 4226//4224 4225//4223
f 4209//4207 4208//4206 4231//4229 4232//4230
f 4233//4231 4221//4219 4224//4222
f 4234//4232 4233//4231 4235//4233 4135//4133
f 4236//4234 4237//4235 4233//4231 4234//4232
f 4221//4219 4233//4231 4237//4235 4225//4223
f 4138//4136 4137//4135 4238//4236 4239//4237
f 4238//4236 4137//4135 4135//4133 4235//4233
f 4235//4233 4224//4222 4239//4237
f 4240//4238 4241//4239 4228//4226 4227//4225
f 4242//4240 4241//4239 4240//4238 4135//4133
f 3987//3985 3986//3984 4241//4239 4242//4240
f 3938//3936 4228//4226 4241//4239 3986//3984
f 4234//4232 4243//4241 4244//4242 4236//4234
f 4240//4238 4243//4241 4234//4232 4135//4133
f 4227//4225 4244//4242 4243//4241 4240//4238
f 3987//3985 4242//4240 4245//4243 4020//4018
f 4242//4240 4135//4133 4134//4132
f 4043//4041 4042//4040 4245//4243 4134//4132
f 4020//4018 4245//4243 4042//4040 4023//4021
f 4211//4209 4220//4218 4246//4244 4230//4228
f 4247//4245 4246//4244 4220//4218 4218//4216
f 4236//4234 4244//4242 4246//4244 4247//4245
f 4230//4228 4246//4244 4244//4242 4227//4225
f 4225//4223 4237//4235 4248//4246 4232//4230
f 4247//4245 4248//4246 4237//4235 4236//4234
f 4218//4216 4215//4213 4248//4246 4247//4245
f 4232//4230 4248//4246 4215//4213 4209//4207
f 4249//4247 4239//4237 4224//4222
f 4250//4248 4249//4247 4251//4249 4252//4250
f 4057//4055 4141//4139 4249//4247 4250//4248
f 4239//4237 4249//4247 4141//4139 4138//4136
f 1312//1312 1311//1311 4253//4251 4254//4252
f 4053//4051 4253//4251 1311//1311 1090//1090
f 4250//4248 4253//4251 4053//4051 4057//4055
f 4254//4252 4253//4251 4250//4248 4252//4250
f 4255//4253 4256//4254 4257//4255 4258//4256
f 4259//4257 4256//4254 4255//4253 4260//4258
f 3378//3376 3374//3372 4256//4254 4259//4257
f 3373//3371 4257//4255 4256//4254 3374//3372
f 4260//4258 4261//4259 4262//4260 4259//4257
f 4263//4261 4262//4260 4261//4259 4264//4262
f 3385//3383 3382//3380 4262//4260 4263//4261
f 4259//4257 4262//4260 3382//3380 3378//3376
f 4264//4262 4265//4263 4266//4264 4263//4261
f 4267//4265 4266//4264 4265//4263 4268//4266
f 3393//3391 3392//3390 4266//4264 4267//4265
f 4263//4261 4266//4264 3392//3390 3385//3383
f 4268//4266 4269//4267 4270//4268 4267//4265
f 3403//3401 4270//4268 4269//4267 3400//3398
f 3397//3395 3394//3392 4270//4268 3403//3401
f 4267//4265 4270//4268 3394//3392 3393//3391
f 3400//3398 4269//4267 4271//4269 4223//4221
f 4272//4270 4271//4269 4269//4267 4268//4266
f 4252//4250 4251//4249 4271//4269 4272//4270
f 4223//4221 4271//4269 4251//4249 4224//4222
f 4273//4271 4274//4272 4275//4273 4276//4274
f 4277//4275 4275//4273 4274//4272 4278//4276
f 4275//4273 4277//4275 4268//4266
f 4276//4274 4275//4273 4265//4263 4264//4262
f 4277//4275 4279//4277 4272//4270 4268//4266
f 4278//4276 4280//4278 4279//4277 4277//4275
f 4272//4270 4279//4277 4280//4278 4252//4250
f 4281//4279 4254//4252 4252//4250
f 4282//4280 4281//4279 4280//4278 4278//4276
f 1340//1340 1343//1343 4281//4279 4282//4280
f 1343//1343 1312//1312 4254//4252
f 4278//4276 4274//4272 4283//4281 4282//4280
f 4284//4282 4283//4281 4274//4272 4273//4271
f 1346//1346 1345//1345 4283//4281 4284//4282
f 1345//1345 1340//1340 4282//4280
f 4285//4283 4286//4284 4287//4285 4288//4286
f 1352//1352 4287//4285 4286//4284 1353//1353
f 871//871 3844//3842 4287//4285 1352//1352
f 4288//4286 4287//4285 3844//3842 3843//3841
f 4289//4287 4290//4288 4291//4289 4292//4290
f 4288//4286 4291//4289 4290//4288 4285//4283
f 3843//3841 3909//3907 4291//4289 4288//4286
f 4292//4290 4291//4289 3909//3907 3908//3906
f 3908//3906 3919//3917 4293//4291 4292//4290
f 4294//4292 4293//4291 3919//3917 3918//3916
f 4295//4293 4296//4294 4293//4291 4294//4292
f 4292//4290 4293//4291 4296//4294 4289//4287
f 3918//3916 3916//3914 4297//4295 4294//4292
f 4298//4296 4297//4295 3916//3914 3917//3915
f 4299//4297 4300//4298 4297//4295 4298//4296
f 4300//4298 4295//4293 4294//4292
f 3917//3915 3931//3929 4301//4299 4298//4296
f 4302//4300 4301//4299 3931//3929 3930//3928
f 4303//4301 4304//4302 4301//4299 4302//4300
f 4298//4296 4301//4299 4304//4302 4299//4297
f 4305//4303 4306//4304 4307//4305
f 4302//4300 4305//4303 4308//4306 4303//4301
f 3930//3928 3936//3934 4305//4303 4302//4300
f 4306//4304 4305//4303 3936//3934 3929//3927
f 3926//3924 4309//4307 4306//4304 3929//3927
f 3811//3809 4310//4308 4309//4307 3926//3924
f 4311//4309 4312//4310 4309//4307 4310//4308
f 4306//4304 4309//4307 4312//4310 4307//4305
f 3814//3812 4313//4311 4314//4312 3810//3808
f 4315//4313 4314//4312 4313//4311 4316//4314
f 4311//4309 4310//4308 4314//4312 4315//4313
f 3810//3808 4314//4312 4310//4308 3811//3809
f 3822//3820 4317//4315 4318//4316 3821//3819
f 4319//4317 4318//4316 4317//4315 4320//4318
f 4316//4314 4313//4311 4318//4316 4319//4317
f 3821//3819 4318//4316 4313//4311 3814//3812
f 3822//3820 3828//3826 4321//4319 4317//4315
f 4322//4320 4321//4319 3828//3826 3827//3825
f 4323//4321 4321//4319 4322//4320 4324//4322
f 4320//4318 4317//4315 4321//4319 4323//4321
f 3835//3833 4325//4323 4326//4324 3836//3834
f 4327//4325 4326//4324 4325//4323 4328//4326
f 4324//4322 4322//4320 4326//4324 4327//4325
f 3827//3825 3836//3834 4326//4324 4322//4320
f 4299//4297 4304//4302 4329//4327 4330//4328
f 4331//4329 4329//4327 4304//4302 4303//4301
f 4332//4330 4333//4331 4329//4327 4331//4329
f 4330//4328 4329//4327 4333//4331 4334//4332
f 4303//4301 4308//4306 4335//4333 4331//4329
f 4336//4334 4335//4333 4308//4306 4307//4305
f 4337//4335 4338//4336 4335//4333 4336//4334
f 4331//4329 4335//4333 4338//4336 4332//4330
f 4307//4305 4312//4310 4339//4337 4336//4334
f 4340//4338 4339//4337 4312//4310 4311//4309
f 4341//4339 4342//4340 4339//4337 4340//4338
f 4336//4334 4339//4337 4342//4340 4337//4335
f 4340//4338 4343//4341 4344//4342 4341//4339
f 4311//4309 4315//4313 4343//4341 4340//4338
f 4316//4314 4345//4343 4343//4341 4315//4313
f 4344//4342 4343//4341 4345//4343 4346//4344
f 4320//4318 4347//4345 4348//4346 4319//4317
f 4349//4347 4348//4346 4347//4345 4350//4348
f 4346//4344 4345//4343 4348//4346 4349//4347
f 4319//4317 4348//4346 4345//4343 4316//4314
f 4324//4322 4351//4349 4352//4350 4323//4321
f 4351//4349 4353//4351 4354//4352
f 4350//4348 4347//4345 4352//4350 4354//4352
f 4323//4321 4352//4350 4347//4345 4320//4318
f 4328//4326 4355//4353 4356//4354 4327//4325
f 4357//4355 4356//4354 4355//4353 4358//4356
f 4353//4351 4351//4349 4356//4354 4357//4355
f 4327//4325 4356//4354 4351//4349 4324//4322
f 3746//3744 3743//3741 4359//4357 3761//3759
f 4360//4358 4359//4357 3743//3741 3742//3740
f 4361//4359 4362//4360 4359//4357 4360//4358
f 3761//3759 4359//4357 4362//4360 3764//3762
f 3765//3763 4363//4361 4364//4362 3769//3767
f 4365//4363 4364//4362 4363//4361 4366//4364
f 4367//4365 4368//4366 4364//4362 4365//4363
f 3769//3767 4364//4362 4368//4366 3770//3768
f 4369//4367 4370//4368 4371//4369 4372//4370
f 4371//4369 4370//4368 4366//4364 4363//4361
f 3763//3761 4371//4369 4363//4361 3765//3763
f 4372//4370 4371//4369 3763//3761 3764//3762
f 3739//3737 3738//3736 4373//4371
f 4374//4372 4375//4373 4376//4374
f 4360//4358 4376//4374 4375//4373 4361//4359
f 3742//3740 3739//3737 4376//4374 4360//4358
f 4377//4375 4378//4376 4379//4377 4380//4378
f 4369//4367 4372//4370 4379//4377 4378//4376
f 3764//3762 4362//4360 4379//4377 4372//4370
f 4380//4378 4379//4377 4362//4360 4361//4359
f 4381//4379 4382//4380 4383//4381 4384//4382
f 4366//4364 4370//4368 4383//4381 4382//4380
f 4378//4376 4383//4381 4370//4368 4369//4367
f 4384//4382 4383//4381 4378//4376 4377//4375
f 4385//4383 4386//4384 4387//4385 4388//4386
f 4385//4383 4367//4365 4365//4363
f 4366//4364 4382//4380 4386//4384 4365//4363
f 4381//4379 4387//4385 4386//4384 4382//4380
f 3772//3770 4389//4387 4390//4388 3797//3795
f 4391//4389 4390//4388 4389//4387 4392//4390
f 4390//4388 4391//4389 4393//4391
f 4394//4392 3795//3793 3797//3795
f 4395//4393 4394//4392 4393//4391
f 4396//4394 4397//4395 4398//4396
f 3833//3831 3832//3830 4395//4393 4398//4396
f 3832//3830 3795//3793 4394//4392
f 3835//3833 3838//3836 4399//4397 4400//4398
f 4398//4396 4399//4397 3838//3836 3833//3831
f 4399//4397 4398//4396 4397//4395
f 4400//4398 4399//4397 4401//4399 4402//4400
f 4402//4400 4403//4401 4404//4402 4400//4398
f 4405//4403 4404//4402 4403//4401 4406//4404
f 4328//4326 4325//4323 4404//4402 4405//4403
f 4400//4398 4404//4402 4325//4323 3835//3833
f 4355//4353 4328//4326 4405//4403
f 4406//4404 4407//4405 4408//4406 4405//4403
f 4409//4407 4410//4408 4408//4406 4407//4405
f 4355//4353 4408//4406 4410//4408 4358//4356
f 4411//4409 4412//4410 4413//4411 4414//4412
f 4407//4405 4413//4411 4412//4410 4409//4407
f 4406//4404 4415//4413 4413//4411 4407//4405
f 4413//4411 4415//4413 4416//4414
f 4416//4414 4415//4413 4417//4415 4418//4416
f 4406//4404 4403//4401 4417//4415 4415//4413
f 4419//4417 4417//4415 4403//4401 4402//4400
f 4420//4418 4418//4416 4417//4415 4419//4417
f 4420//4418 4421//4419 4422//4420 4418//4416
f 4423//4421 4422//4420 4421//4419 4424//4422
f 4411//4409 4414//4412 4422//4420 4423//4421
f 4418//4416 4422//4420 4414//4412 4416//4414
f 4425//4423 4426//4424 4427//4425 4428//4426
f 4419//4417 4427//4425 4426//4424 4420//4418
f 4402//4400 4401//4399 4427//4425 4419//4417
f 4428//4426 4427//4425 4401//4399 4397//4395
f 4411//4409 4429//4427 4430//4428 4412//4410
f 4431//4429 4430//4428 4429//4427 4432//4430
f 4409//4407 4412//4410 4430//4428 4431//4429
f 4425//4423 4433//4431 4434//4432 4426//4424
f 4435//4433 4434//4432 4433//4431 4436//4434
f 4424//4422 4421//4419 4434//4432 4435//4433
f 4426//4424 4434//4432 4421//4419 4420//4418
f 4424//4422 4435//4433 4437//4435 4423//4421
f 4436//4434 4438//4436 4437//4435 4435//4433
f 4432//4430 4429//4427 4437//4435 4438//4436
f 4423//4421 4437//4435 4429//4427 4411//4409
f 3170//3168 3192//3190 4439//4437 3168//3166
f 4440//4438 4439//4437 3192//3190 3191//3189
f 4441//4439 4442//4440 4439//4437 4440//4438
f 3168//3166 4439//4437 4442//4440 3049//3047
f 3190//3188 3202//3200 4443//4441 3189//3187
f 4444//4442 4443//4441 3202//3200 3201//3199
f 4445//4443 4446//4444 4443//4441 4444//4442
f 3189//3187 4443//4441 4446//4444 3191//3189
f 4447//4445 4448//4446 4449//4447 4450//4448
f 4444//4442 4449//4447 4448//4446 4445//4443
f 3201//3199 3204//3202 4449//4447 4444//4442
f 4450//4448 4449//4447 3204//3202 3203//3201
f 4451//4449 4452//4450 4442//4440 4441//4439
f 4453//4451 4452//4450 4451//4449 4454//4452
f 3054//3052 3050//3048 4452//4450 4453//4451
f 4452//4450 3050//3048 3049//3047 4442//4440
f 3191//3189 4446//4444 4455//4453 4440//4438
f 4456//4454 4455//4453 4446//4444 4445//4443
f 4457//4455 4458//4456 4455//4453 4456//4454
f 4440//4438 4455//4453 4458//4456 4441//4439
f 4445//4443 4448//4446 4459//4457 4456//4454
f 4460//4458 4459//4457 4448//4446 4447//4445
f 4461//4459 4462//4460 4459//4457 4460//4458
f 4456//4454 4459//4457 4462//4460 4457//4455
f 4463//4461 4458//4456 4457//4455
f 4464//4462 4463//4461 4465//4463 4466//4464
f 4454//4452 4451//4449 4463//4461 4464//4462
f 4458//4456 4463//4461 4451//4449 4441//4439
f 4454//4452 4467//4465 4468//4466 4453//4451
f 4469//4467 4468//4466 4467//4465 4470//4468
f 3090//3088 3088//3086 4468//4466 4469//4467
f 4453//4451 4468//4466 3088//3086 3054//3052
f 4461//4459 4471//4469 4472//4470 4462//4460
f 4473//4471 4472//4470 4471//4469 4474//4472
f 4466//4464 4465//4463 4472//4470 4473//4471
f 4462//4460 4472//4470 4465//4463 4457//4455
f 4470//4468 4475//4473 4476//4474 4469//4467
f 4477//4475 4476//4474 4475//4473 4478//4476
f 3696//3694 4476//4474 4477//4475 3697//3695
f 4469//4467 4476//4474 3696//3694 3090//3088
f 4466//4464 4479//4477 4480//4478 4464//4462
f 4481//4479 4480//4478 4479//4477 4482//4480
f 4470//4468 4467//4465 4480//4478 4481//4479
f 4467//4465 4454//4452 4464//4462
f 4474//4472 4483//4481 4484//4482 4473//4471
f 4485//4483 4484//4482 4483//4481 4486//4484
f 4482//4480 4479//4477 4484//4482 4485//4483
f 4473//4471 4484//4482 4479//4477 4466//4464
f 4478//4476 4487//4485 4488//4486 4477//4475
f 4489//4487 4490//4488 4488//4486 4487//4485
f 3704//3702 3703//3701 4488//4486 4490//4488
f 4477//4475 4488//4486 3703//3701 3697//3695
f 4482//4480 4491//4489 4492//4490 4481//4479
f 4493//4491 4492//4490 4491//4489 4494//4492
f 4478//4476 4475//4473 4492//4490 4493//4491
f 4481//4479 4492//4490 4475//4473 4470//4468
f 4486//4484 4495//4493 4496//4494 4485//4483
f 4497//4495 4496//4494 4495//4493 4498//4496
f 4494//4492 4491//4489 4496//4494 4497//4495
f 4485//4483 4496//4494 4491//4489 4482//4480
f 4499//4497 4490//4488 4489//4487
f 4500//4498 4499//4497 4501//4499 4502//4500
f 3708//3706 3707//3705 4499//4497 4500//4498
f 4490//4488 4499//4497 3707//3705 3704//3702
f 4503//4501 4487//4485 4478//4476
f 4494//4492 4504//4502 4503//4501 4493//4491
f 4505//4503 4506//4504 4503//4501 4504//4502
f 4487//4485 4503//4501 4506//4504 4489//4487
f 4498//4496 4507//4505 4508//4506 4497//4495
f 4507//4505 4509//4507 4510//4508
f 4505//4503 4504//4502 4508//4506 4510//4508
f 4497//4495 4508//4506 4504//4502 4494//4492
f 4505//4503 4511//4509 4512//4510 4506//4504
f 4513//4511 4512//4510 4511//4509 4514//4512
f 4502//4500 4501//4499 4512//4510 4513//4511
f 4506//4504 4512//4510 4501//4499 4489//4487
f 4515//4513 4510//4508 4509//4507
f 4516//4514 4515//4513 4517//4515 4518//4516
f 4514//4512 4511//4509 4515//4513 4516//4514
f 4510//4508 4515//4513 4511//4509 4505//4503
f 4519//4517 3475//3473 3474//3472
f 4520//4518 4519//4517 4521//4519 4522//4520
f 4519//4517 4520//4518 4523//4521
f 4524//4522 3465//3463 3475//3473
f 4524//4522 4523//4521 4525//4523
f 4526//4524 4525//4523 4527//4525
f 3468//3466 3467//3465 4526//4524 4528//4526
f 4524//4522 4526//4524 3467//3465 3465//3463
f 4529//4527 4530//4528 4531//4529 4532//4530
f 4525//4523 4531//4529 4530//4528 4527//4525
f 4523//4521 4533//4531 4531//4529 4525//4523
f 4532//4530 4531//4529 4533//4531 4534//4532
f 3468//3466 4528//4526 4535//4533 3491//3489
f 4536//4534 4535//4533 4528//4526 4527//4525
f 4537//4535 4538//4536 4535//4533 4536//4534
f 3491//3489 4535//4533 4538//4536 3488//3486
f 4537//4535 4539//4537 4540//4538 4538//4536
f 3500//3498 3503//3501 4540//4538 4539//4537
f 3488//3486 4538//4536 4540//4538 3503//3501
f 4527//4525 4530//4528 4541//4539 4536//4534
f 4542//4540 4541//4539 4530//4528 4529//4527
f 4543//4541 4544//4542 4541//4539 4542//4540
f 4536//4534 4541//4539 4544//4542 4537//4535
f 4545//4543 4546//4544 4547//4545 4548//4546
f 3507//3505 4547//4545 4546//4544 3499//3497
f 3500//3498 4539//4537 4547//4545 3507//3505
f 4548//4546 4547//4545 4539//4537 4537//4535
f 4537//4535 4544//4542 4549//4547 4548//4546
f 4550//4548 4549//4547 4544//4542 4543//4541
f 4551//4549 4552//4550 4549//4547 4550//4548
f 4552//4550 4545//4543 4548//4546
f 4545//4543 4553//4551 4554//4552 4546//4544
f 4555//4553 4554//4552 4553//4551 4556//4554
f 3381//3379 3495//3493 4554//4552 4555//4553
f 3499//3497 4546//4544 4554//4552 3495//3493
f 4557//4555 4558//4556 4559//4557 4560//4558
f 4561//4559 4559//4557 4558//4556 4534//4532
f 4562//4560 4563//4561 4559//4557 4561//4559
f 4560//4558 4559//4557 4563//4561 4564//4562
f 4565//4563 4566//4564 4567//4565 4568//4566
f 4532//4530 4567//4565 4566//4564 4529//4527
f 4534//4532 4558//4556 4567//4565 4532//4530
f 4568//4566 4567//4565 4558//4556 4557//4555
f 4569//4567 4570//4568 4571//4569 4572//4570
f 4542//4540 4571//4569 4570//4568 4543//4541
f 4529//4527 4566//4564 4571//4569 4542//4540
f 4572//4570 4571//4569 4566//4564 4565//4563
f 4573//4571 4574//4572 4575//4573 4576//4574
f 4551//4549 4550//4548 4574//4572 4573//4571
f 4543//4541 4570//4568 4574//4572 4550//4548
f 4574//4572 4570//4568 4569//4567 4575//4573
f 4564//4562 4577//4575 4578//4576 4560//4558
f 4579//4577 4578//4576 4577//4575 4580//4578
f 4581//4579 4582//4580 4578//4576 4579//4577
f 4560//4558 4578//4576 4582//4580 4557//4555
f 4557//4555 4582//4580 4583//4581 4568//4566
f 4584//4582 4583//4581 4582//4580 4581//4579
f 4585//4583 4586//4584 4583//4581 4584//4582
f 4568//4566 4583//4581 4586//4584 4565//4563
f 4565//4563 4586//4584 4587//4585 4572//4570
f 4585//4583 4588//4586 4587//4585 4586//4584
f 4589//4587 4590//4588 4587//4585 4588//4586
f 4569//4567 4572//4570 4587//4585 4590//4588
f 4589//4587 4591//4589 4592//4590 4590//4588
f 4592//4590 4591//4589 4593//4591 4594//4592
f 4576//4574 4575//4573 4592//4590 4594//4592
f 4569//4567 4590//4588 4592//4590 4575//4573
f 4593//4591 4595//4593 4596//4594 4594//4592
f 4595//4593 4597//4595 4598//4596
f 4599//4597 4600//4598 4596//4594 4598//4596
f 4594//4592 4596//4594 4600//4598 4576//4574
f 4601//4599 4598//4596 4597//4595
f 4602//4600 4601//4599 4603//4601 4604//4602
f 4601//4599 4602//4600 4605//4603
f 4606//4604 4599//4597 4598//4596
f 4604//4602 4607//4605 4608//4606 4602//4600
f 4608//4606 4607//4605 4609//4607 4610//4608
f 4611//4609 4612//4610 4608//4606 4610//4608
f 4602//4600 4608//4606 4612//4610 4605//4603
f 4609//4607 4613//4611 4614//4612 4610//4608
f 4615//4613 4614//4612 4613//4611 4616//4614
f 4617//4615 4618//4616 4614//4612 4615//4613
f 4610//4608 4614//4612 4618//4616 4611//4609
f 4619//4617 4620//4618 4621//4619
f 4619//4617 4622//4620 4623//4621
f 4615//4613 4619//4617 4624//4622 4617//4615
f 4616//4614 4620//4618 4619//4617 4615//4613
f 4625//4623 4626//4624 4623//4621
f 4622//4620 4621//4619 4627//4625
f 4628//4626 4629//4627 4625//4623 4627//4625
f 4626//4624 4625//4623 4629//4627 4630//4628
f 4629//4627 4631//4629 4632//4630 4630//4628
f 4633//4631 4631//4629 4629//4627 4628//4626
f 4634//4632 4631//4629 4633//4631 4635//4633
f 4636//4634 4632//4630 4631//4629 4634//4632
f 4635//4633 4637//4635 4638//4636 4634//4632
f 4639//4637 4638//4636 4637//4635 4640//4638
f 4641//4639 4642//4640 4638//4636 4639//4637
f 4634//4632 4638//4636 4642//4640 4636//4634
f 4580//4578 4577//4575 4643//4641 4644//4642
f 4645//4643 4643//4641 4577//4575 4564//4562
f 4639//4637 4643//4641 4645//4643 4641//4639
f 4640//4638 4644//4642 4643//4641 4639//4637
f 4646//4644 4647//4645 4648//4646
f 4649//4647 4646//4644 4650//4648 4651//4649
f 4604//4602 4603//4601 4646//4644 4649//4647
f 4603//4601 4597//4595 4647//4645
f 4604//4602 4649//4647 4652//4650 4607//4605
f 4653//4651 4652//4650 4649//4647 4651//4649
f 4654//4652 4655//4653 4652//4650 4653//4651
f 4607//4605 4652//4650 4655//4653 4609//4607
f 4654//4652 4656//4654 4657//4655 4655//4653
f 4658//4656 4657//4655 4656//4654 4659//4657
f 4616//4614 4613//4611 4657//4655 4658//4656
f 4655//4653 4657//4655 4613//4611 4609//4607
f 4616//4614 4658//4656 4660//4658 4620//4618
f 4661//4659 4660//4658 4658//4656 4659//4657
f 4662//4660 4663//4661 4660//4658 4661//4659
f 4620//4618 4660//4658 4663//4661 4621//4619
f 4621//4619 4663//4661 4664//4662 4627//4625
f 4665//4663 4664//4662 4663//4661 4662//4660
f 4666//4664 4667//4665 4664//4662 4665//4663
f 4627//4625 4664//4662 4667//4665 4628//4626
f 4628//4626 4667//4665 4668//4666 4633//4631
f 4669//4667 4668//4666 4667//4665 4666//4664
f 4670//4668 4671//4669 4668//4666 4669//4667
f 4633//4631 4668//4666 4671//4669 4635//4633
f 4672//4670 4673//4671 4674//4672 4675//4673
f 4644//4642 4674//4672 4673//4671 4580//4578
f 4676//4674 4674//4672 4644//4642 4640//4638
f 4677//4675 4675//4673 4674//4672 4676//4674
f 4670//4668 4678//4676 4679//4677 4671//4669
f 4676//4674 4679//4677 4678//4676 4677//4675
f 4640//4638 4637//4635 4679//4677 4676//4674
f 4671//4669 4679//4677 4637//4635 4635//4633
f 4651//4649 4680//4678 4681//4679 4653//4651
f 4682//4680 4683//4681 4681//4679
f 4684//4682 4681//4679 4683//4681 4685//4683
f 4653//4651 4681//4679 4684//4682 4654//4652
f 4685//4683 4686//4684 4687//4685 4684//4682
f 4686//4684 4688//4686 4689//4687
f 4659//4657 4656//4654 4687//4685 4689//4687
f 4684//4682 4687//4685 4656//4654 4654//4652
f 4659//4657 4689//4687 4690//4688 4661//4659
f 4691//4689 4690//4688 4689//4687 4688//4686
f 4692//4690 4693//4691 4690//4688 4691//4689
f 4661//4659 4690//4688 4693//4691 4662//4660
f 4694//4692 4695//4693 4696//4694 4697//4695
f 4665//4663 4696//4694 4695//4693 4666//4664
f 4662//4660 4693//4691 4696//4694 4665//4663
f 4697//4695 4696//4694 4693//4691 4692//4690
f 4666//4664 4695//4693 4698//4696 4669//4667
f 4699//4697 4698//4696 4695//4693 4694//4692
f 4700//4698 4701//4699 4698//4696 4699//4697
f 4669//4667 4698//4696 4701//4699 4670//4668
f 4700//4698 4702//4700 4703//4701 4701//4699
f 4704//4702 4703//4701 4702//4700 4705//4703
f 4677//4675 4678//4676 4703//4701 4704//4702
f 4701//4699 4703//4701 4678//4676 4670//4668
f 4581//4579 4706//4704 4707//4705 4584//4582
f 4708//4706 4709//4707 4707//4705 4706//4704
f 4710//4708 4711//4709 4707//4705 4709//4707
f 4585//4583 4584//4582 4707//4705 4711//4709
f 4712//4710 4713//4711 4714//4712 4715//4713
f 4705//4703 4702//4700 4714//4712 4713//4711
f 4700//4698 4715//4713 4714//4712 4702//4700
f 4712//4710 4716//4714 4717//4715 4718//4716
f 4692//4690 4691//4689 4717//4715 4716//4714
f 4688//4686 4718//4716 4717//4715 4691//4689
f 4710//4708 4719//4717 4720//4718 4711//4709
f 4721//4719 4722//4720 4720//4718 4719//4717
f 4589//4587 4588//4586 4720//4718 4722//4720
f 4585//4583 4711//4709 4720//4718 4588//4586
f 4723//4721 4724//4722 4725//4723 4712//4710
f 4685//4683 4683//4681 4724//4722 4723//4721
f 4682//4680 4725//4723 4724//4722 4683//4681
f 4718//4716 4726//4724 4723//4721 4712//4710
f 4688//4686 4686//4684 4726//4724 4718//4716
f 4685//4683 4723//4721 4726//4724 4686//4684
f 4712//4710 4727//4725 4728//4726 4716//4714
f 4694//4692 4697//4695 4728//4726 4727//4725
f 4692//4690 4716//4714 4728//4726 4697//4695
f 4712//4710 4715//4713 4729//4727 4727//4725
f 4700//4698 4699//4697 4729//4727 4715//4713
f 4694//4692 4727//4725 4729//4727 4699//4697
f 4730//4728 4731//4729 4704//4702 4705//4703
f 4732//4730 4733//4731 4731//4729 4730//4728
f 4675//4673 4731//4729 4733//4731 4672//4670
f 4704//4702 4731//4729 4675//4673 4677//4675
f 4712//4710 4734//4732 4735//4733 4713//4711
f 4732//4730 4730//4728 4735//4733 4734//4732
f 4705//4703 4713//4711 4735//4733 4730//4728
f 4736//4734 4737//4735 4738//4736 4739//4737
f 4736//4734 4712//4710 4725//4723
f 4682//4680 4738//4736 4737//4735 4725//4723
f 4580//4578 4673//4671 4740//4738 4579//4577
f 4741//4739 4740//4738 4673//4671 4672//4670
f 4708//4706 4706//4704 4740//4738 4741//4739
f 4579//4577 4740//4738 4706//4704 4581//4579
f 4742//4740 4743//4741 4709//4707 4708//4706
f 4744//4742 4745//4743 4743//4741 4742//4740
f 4721//4719 4719//4717 4743//4741 4745//4743
f 4710//4708 4709//4707 4743//4741 4719//4717
f 4744//4742 4742//4740 4746//4744 4747//4745
f 4741//4739 4746//4744 4742//4740 4708//4706
f 4672//4670 4733//4731 4746//4744 4741//4739
f 4747//4745 4746//4744 4733//4731 4732//4730
f 4721//4719 4748//4746 4749//4747 4722//4720
f 4750//4748 4749//4747 4748//4746 4751//4749
f 4591//4589 4749//4747 4750//4748 4593//4591
f 4589//4587 4722//4720 4749//4747 4591//4589
f 4751//4749 4752//4750 4753//4751 4750//4748
f 4752//4750 4648//4646 4647//4645
f 4753//4751 4647//4645 4597//4595
f 4750//4748 4753//4751 4595//4593 4593//4591
f 4744//4742 4754//4752 4755//4753 4745//4743
f 4756//4754 4755//4753 4754//4752 4739//4737
f 4751//4749 4748//4746 4755//4753 4756//4754
f 4755//4753 4748//4746 4721//4719 4745//4743
f 4752//4750 4751//4749 4756//4754
f 4739//4737 4757//4755 4758//4756 4756//4754
f 4648//4646 4752//4750 4758//4756 4757//4755
f 4757//4755 4739//4737 4738//4736
f 4738//4736 4682//4680 4680//4678
f 4650//4648 4759//4757 4680//4678 4651//4649
f 4650//4648 4648//4646 4757//4755
f 4739//4737 4754//4752 4760//4758 4736//4734
f 4747//4745 4760//4758 4754//4752 4744//4742
f 4732//4730 4734//4732 4760//4758 4747//4745
f 4736//4734 4760//4758 4734//4732 4712//4710
f 4522//4520 4761//4759 4762//4760 4520//4518
f 4561//4559 4762//4760 4761//4759 4562//4560
f 4534//4532 4533//4531 4762//4760 4561//4559
f 4520//4518 4762//4760 4533//4531 4523//4521
f 4564//4562 4563//4561 4763//4761 4645//4643
f 4764//4762 4763//4761 4563//4561 4562//4560
f 4765//4763 4763//4761 4764//4762 4766//4764
f 4641//4639 4645//4643 4763//4761 4765//4763
f 4766//4764 4767//4765 4768//4766 4765//4763
f 4769//4767 4768//4766 4767//4765 4770//4768
f 4636//4634 4642//4640 4768//4766 4769//4767
f 4765//4763 4768//4766 4642//4640 4641//4639
f 4770//4768 4771//4769 4772//4770 4769//4767
f 4773//4771 4772//4770 4771//4769 4774//4772
f 4630//4628 4632//4630 4772//4770 4773//4771
f 4769//4767 4772//4770 4632//4630 4636//4634
f 4775//4773 4776//4774 4773//4771 4774//4772
f 4777//4775 4776//4774 4775//4773 4778//4776
f 4776//4774 4777//4775 4623//4621
f 4773//4771 4776//4774 4626//4624 4630//4628
f 4779//4777 1844//1844 1847//1847 4780//4778
f 4775//4773 4779//4777 4780//4778 4778//4776
f 4781//4779 4779//4777 4775//4773 4774//4772
f 1844//1844 4779//4777 4781//4779 1849//1849
f 4782//4780 4783//4781 4784//4782 4785//4783
f 4617//4615 4624//4622 4783//4781 4782//4780
f 4777//4775 4783//4781 4624//4622 4623//4621
f 4784//4782 4783//4781 4777//4775 4778//4776
f 4785//4783 4786//4784 4787//4785 4782//4780
f 4788//4786 4787//4785 4786//4784 4789//4787
f 4611//4609 4618//4616 4787//4785 4788//4786
f 4782//4780 4787//4785 4618//4616 4617//4615
f 4789//4787 4790//4788 4791//4789 4788//4786
f 4792//4790 4791//4789 4790//4788 4793//4791
f 4605//4603 4612//4610 4791//4789 4792//4790
f 4788//4786 4791//4789 4612//4610 4611//4609
f 4576//4574 4600//4598 4794//4792 4573//4571
f 4795//4793 4794//4792 4600//4598 4599//4597
f 4796//4794 4797//4795 4794//4792 4795//4793
f 4573//4571 4794//4792 4797//4795 4551//4549
f 4551//4549 4797//4795 4798//4796 4552//4550
f 4799//4797 4798//4796 4797//4795 4796//4794
f 4556//4554 4553//4551 4798//4796 4799//4797
f 4552//4550 4798//4796 4553//4551 4545//4543
f 4793//4791 4800//4798 4801//4799 4792//4790
f 4795//4793 4801//4799 4800//4798 4796//4794
f 4599//4597 4606//4604 4801//4799 4795//4793
f 4792//4790 4801//4799 4606//4604 4605//4603
f 4556//4554 4802//4800 4803//4801 4555//4553
f 4804//4802 4803//4801 4802//4800 4805//4803
f 3373//3371 3376//3374 4803//4801 4804//4802
f 4555//4553 4803//4801 3376//3374 3381//3379
f 4805//4803 4802//4800 4806//4804 4807//4805
f 4799//4797 4806//4804 4802//4800 4556//4554
f 4796//4794 4808//4806 4806//4804 4799//4797
f 4807//4805 4806//4804 4808//4806 4809//4807
f 4805//4803 4810//4808 4811//4809 4804//4802
f 4812//4810 4811//4809 4810//4808 4813//4811
f 4258//4256 4257//4255 4811//4809 4812//4810
f 4804//4802 4811//4809 4257//4255 3373//3371
f 4809//4807 4814//4812 4815//4813 4807//4805
f 4816//4814 4815//4813 4814//4812 4817//4815
f 4813//4811 4810//4808 4815//4813 4816//4814
f 4807//4805 4815//4813 4810//4808 4805//4803
f 4793//4791 4818//4816 4819//4817 4800//4798
f 4814//4812 4819//4817 4818//4816 4817//4815
f 4809//4807 4808//4806 4819//4817 4814//4812
f 4800//4798 4819//4817 4808//4806 4796//4794
f 4820//4818 4821//4819 4822//4820
f 4818//4816 4820//4818 4823//4821 4817//4815
f 4820//4818 4818//4816 4793//4791 4790//4788
f 4821//4819 4820//4818 4790//4788 4789//4787
f 4824//4822 4825//4823 4826//4824
f 4827//4825 4822//4820 4821//4819
f 4789//4787 4786//4784 4824//4822 4821//4819
f 4786//4784 4785//4783 4825//4823
f 4828//4826 4829//4827 4784//4782 4778//4776
f 4830//4828 4829//4827 4828//4826 1899//1899
f 4825//4823 4829//4827 4830//4828 4826//4824
f 4829//4827 4825//4823 4785//4783
f 4828//4826 4831//4829 1900//1900 1899//1899
f 4778//4776 4780//4778 4831//4829 4828//4826
f 1847//1847 1900//1900 4831//4829 4780//4778
f 4826//4824 4830//4828 4832//4830 4833//4831
f 1907//1907 4832//4830 4830//4828 1899//1899
f 1906//1906 4834//4832 4832//4830 1907//1907
f 4833//4831 4832//4830 4834//4832 4835//4833
f 4835//4833 4836//4834 4837//4835 4833//4831
f 4838//4836 4837//4835 4836//4834 4839//4837
f 4822//4820 4827//4825 4837//4835 4838//4836
f 4833//4831 4837//4835 4827//4825 4826//4824
f 4840//4838 1915//1915 1914//1914 4841//4839
f 4836//4834 4840//4838 4841//4839 4839//4837
f 4835//4833 4834//4832 4840//4838 4836//4834
f 1915//1915 4840//4838 4834//4832 1906//1906
f 4823//4821 4822//4820 4838//4836
f 4839//4837 4842//4840 4843//4841 4838//4836
f 4842//4840 4844//4842 4845//4843
f 4845//4843 4817//4815 4823//4821
f 1914//1914 1921//1921 4846//4844 4841//4839
f 4847//4845 4846//4844 1921//1921 1925//1925
f 4848//4846 4849//4847 4846//4844 4847//4845
f 4841//4839 4846//4844 4849//4847 4839//4837
f 4850//4848 4851//4849 4852//4850 1928//1928
f 4847//4845 4851//4849 4850//4848 4848//4846
f 1925//1925 4852//4850 4851//4849 4847//4845
f 4853//4851 4852//4850 1925//1925
f 1929//1929 1931//1931 4853//4851 1930//1930
f 1931//1931 1928//1928 4852//4850
f 4848//4846 4850//4848 4854//4852 4855//4853
f 1937//1937 4854//4852 4850//4848 1928//1928
f 1936//1936 4856//4854 4854//4852 1937//1937
f 4855//4853 4854//4852 4856//4854 4857//4855
f 4848//4846 4855//4853 4858//4856 4849//4847
f 4855//4853 4857//4855 4859//4857
f 4858//4856 4859//4857 4844//4842
f 4849//4847 4858//4856 4842//4840 4839//4837
f 1942//1945 4860//4858 4861//4859 4862//4860
f 4857//4855 4856//4854 4861//4859 4860//4858
f 1936//1936 4862//4860 4861//4859 4856//4854
f 1936//1936 1944//1942 4863//4861 4862//4860
f 1946//1944 4864//4862 4860//4858 1942//1945
f 4865//4863 4864//4862 1946//1944 1950//1949
f 4866//4864 4867//4865 4864//4862 4865//4863
f 4860//4858 4864//4862 4867//4865 4857//4855
f 4868//4866 4869//4867 4870//4868 4871//4869
f 1955//1954 4870//4868 4869//4867 1956//1955
f 4870//4868 1955//1954 1346//1346
f 4870//4868 4284//4282 4273//4271 4871//4869
f 4872//4870 4873//4871 4874//4872 4875//4873
f 4876//4874 4874//4872 4873//4871 4877//4875
f 1961//1960 1963//1962 4874//4872 4876//4874
f 4874//4872 1963//1962 1956//1955
f 4868//4866 4878//4876 4879//4877 4869//4867
f 4880//4878 4879//4877 4878//4876 4881//4879
f 4872//4870 4875//4873 4879//4877 4880//4878
f 4869//4867 4879//4877 4875//4873 1956//1955
f 4882//4880 4883//4881 4276//4274 4264//4262
f 4881//4879 4878//4876 4883//4881 4882//4880
f 4868//4866 4871//4869 4883//4881 4878//4876
f 4871//4869 4273//4271 4276//4274
f 4872//4870 4880//4878 4884//4882 4873//4871
f 4885//4883 4884//4882 4880//4878 4881//4879
f 4886//4884 4887//4885 4884//4882 4885//4883
f 4877//4875 4873//4871 4884//4882 4887//4885
f 4888//4886 4889//4887 4890//4888 4891//4889
f 4882//4880 4890//4888 4889//4887 4881//4879
f 4264//4262 4261//4259 4890//4888 4882//4880
f 4891//4889 4890//4888 4261//4259 4260//4258
f 4892//4890 4893//4891 4894//4892 4895//4893
f 1983//1982 4893//4891 4892//4890 1984//1983
f 4876//4874 4893//4891 1983//1982 1961//1960
f 4877//4875 4894//4892 4893//4891 4876//4874
f 4896//4894 4897//4895 4898//4896 4899//4897
f 4885//4883 4898//4896 4897//4895 4886//4884
f 4881//4879 4889//4887 4898//4896 4885//4883
f 4899//4897 4898//4896 4889//4887 4888//4886
f 4886//4884 4897//4895 4900//4898 4887//4885
f 4901//4899 4900//4898 4897//4895 4896//4894
f 4895//4893 4894//4892 4900//4898 4901//4899
f 4887//4885 4900//4898 4894//4892 4877//4875
f 4902//4900 4903//4901 4904//4902 4905//4903
f 1995//1994 4904//4902 4903//4901 1996//1995
f 1984//1983 4892//4890 4904//4902 1995//1994
f 4905//4903 4904//4902 4892//4890 4895//4893
f 4906//4904 4907//4905 4908//4906 4909//4907
f 4891//4889 4908//4906 4907//4905 4888//4886
f 4260//4258 4255//4253 4908//4906 4891//4889
f 4255//4253 4258//4256 4909//4907
f 1996//1995 4903//4901 4910//4908 2001//2000
f 4911//4909 4910//4908 4903//4901 4902//4900
f 4910//4908 4911//4909 4866//4864 4865//4863
f 2001//2000 4910//4908 4865//4863 1950//1949
f 4912//4910 4845//4843 4844//4842
f 4913//4911 4912//4910 4914//4912 4915//4913
f 4816//4814 4912//4910 4913//4911 4813//4811
f 4817//4815 4845//4843 4912//4910 4816//4814
f 4916//4914 4917//4915 4918//4916 4919//4917
f 4899//4897 4918//4916 4917//4915 4896//4894
f 4888//4886 4907//4905 4918//4916 4899//4897
f 4919//4917 4918//4916 4907//4905 4906//4904
f 4909//4907 4258//4256 4812//4810
f 4813//4811 4913//4911 4920//4918 4812//4810
f 4920//4918 4913//4911 4915//4913
f 4921//4919 4906//4904 4909//4907
f 4922//4920 4923//4921 4921//4919 4915//4913
f 4916//4914 4919//4917 4923//4921 4922//4920
f 4906//4904 4921//4919 4923//4921 4919//4917
f 4924//4922 4859//4857 4857//4855
f 4925//4923 4924//4922 4867//4865 4866//4864
f 4915//4913 4914//4912 4924//4922 4925//4923
f 4914//4912 4844//4842 4859//4857
f 4922//4920 4926//4924 4927//4925 4916//4914
f 4926//4924 4922//4920 4915//4913 4925//4923
f 4866//4864 4911//4909 4926//4924 4925//4923
f 4927//4925 4926//4924 4911//4909 4902//4900
f 4896//4894 4917//4915 4928//4926 4901//4899
f 4927//4925 4928//4926 4917//4915 4916//4914
f 4902//4900 4905//4903 4928//4926 4927//4925
f 4901//4899 4928//4926 4905//4903 4895//4893
f 3614//3612 4929//4927 4930//4928 3613//3611
f 4931//4929 4930//4928 4929//4927 4932//4930
f 4930//4928 4931//4929 4522//4520
f 3613//3611 4930//4928 4521//4519 3474//3472
f 3618//3616 4933//4931 4934//4932 3615//3613
f 4935//4933 4934//4932 4933//4931 4936//4934
f 4932//4930 4929//4927 4934//4932 4935//4933
f 3615//3613 4934//4932 4929//4927 3614//3612
f 4761//4759 4522//4520 4937//4935
f 4938//4936 4939//4937 4937//4935 4940//4938
f 4766//4764 4764//4762 4939//4937 4938//4936
f 4562//4560 4761//4759 4939//4937 4764//4762
f 4940//4938 4941//4939 4942//4940 4938//4936
f 4943//4941 4942//4940 4941//4939 4944//4942
f 4770//4768 4767//4765 4942//4940 4943//4941
f 4938//4936 4942//4940 4767//4765 4766//4764
f 4774//4772 4771//4769 4945//4943 4946//4944
f 4943//4941 4945//4943 4771//4769 4770//4768
f 4944//4942 4947//4945 4945//4943 4943//4941
f 4946//4944 4945//4943 4947//4945 2040//2039
f 2042//2041 4948//4946 4946//4944 2040//2039
f 1849//1849 4781//4779 4948//4946 2042//2041
f 4946//4944 4948//4946 4781//4779 4774//4772
f 4932//4930 4949//4947 4950//4948 4931//4929
f 4949//4947 4951//4949 4952//4950
f 4950//4948 4952//4950 4940//4938
f 4931//4929 4950//4948 4937//4935 4522//4520
f 4953//4951 4954//4952 4935//4933 4936//4934
f 4955//4953 4954//4952 4953//4951 4956//4954
f 4954//4952 4955//4953 4951//4949
f 4935//4933 4954//4952 4949//4947 4932//4930
f 4957//4955 4952//4950 4951//4949
f 4958//4956 4959//4957 4957//4955 4960//4958
f 4944//4942 4941//4939 4957//4955 4959//4957
f 4952//4950 4957//4955 4941//4939 4940//4938
f 2055//2054 2058//2057 4961//4959 4962//4960
f 4947//4945 4961//4959 2058//2057 2040//2039
f 4961//4959 4947//4945 4944//4942
f 4962//4960 4961//4959 4959//4957 4958//4956
f 4936//4934 4933//4931 4963//4961 4953//4951
f 4964//4962 4963//4961 4933//4931 3618//3616
f 4965//4963 4966//4964 4963//4961 4964//4962
f 4953//4951 4963//4961 4966//4964 4956//4954
f 3618//3616 3620//3618 4967//4965 4964//4962
f 4968//4966 4967//4965 3620//3618 3619//3617
f 4969//4967 4970//4968 4967//4965 4968//4966
f 4964//4962 4967//4965 4970//4968 4965//4963
f 3623//3621 4971//4969 4972//4970 3624//3622
f 4973//4971 4972//4970 4971//4969 4974//4972
f 4969//4967 4968//4966 4972//4970 4973//4971
f 3619//3617 3624//3622 4972//4970 4968//4966
f 3637//3635 4975//4973 4976//4974 3638//3636
f 4977//4975 4976//4974 4975//4973 4978//4976
f 4979//4977 4980//4978 4976//4974 4977//4975
f 3638//3636 4976//4974 4980//4978 3632//3630
f 3641//3639 4981//4979 4982//4980 3642//3640
f 4982//4980 4981//4979 4983//4981 4984//4982
f 4978//4976 4975//4973 4982//4980 4984//4982
f 3642//3640 4982//4980 4975//4973 3637//3635
f 4985//4983 4986//4984 2083//2082 2082//2081
f 2086//2085 4987//4985 4985//4983 2082//2081
f 4984//4982 4985//4983 4987//4985 4978//4976
f 4984//4982 4983//4981 4986//4984
f 4988//4986 4989//4987 4990//4988 4991//4989
f 4989//4987 4983//4981 4981//4979
f 3641//3639 3646//3644 4990//4988 4981//4979
f 4991//4989 4990//4988 3646//3644 3645//3643
f 4992//4990 4993//4991 4989//4987 4988//4986
f 2094//2093 2093//2092 4993//4991 4992//4990
f 4993//4991 2093//2092 2083//2082 4986//4984
f 4983//4981 4989//4987 4993//4991 4986//4984
f 3645//3643 3650//3648 4994//4992 4991//4989
f 4995//4993 4994//4992 3650//3648 3649//3647
f 4996//4994 4997//4995 4994//4992 4995//4993
f 4991//4989 4994//4992 4997//4995 4988//4986
f 4988//4986 4997//4995 4998//4996 4992//4990
f 4999//4997 4998//4996 4997//4995 4996//4994
f 2101//2100 2100//2099 4998//4996 4999//4997
f 4992//4990 4998//4996 2100//2099 2094//2093
f 5000//4998 4995//4993 3649//3647
f 3654//3652 3653//3651 5001//4999
f 5002//5000 5003//5001 5000//4998 5001//4999
f 4995//4993 5000//4998 5003//5001 4996//4994
f 3630//3628 5004//5002 5005//5003 3629//3627
f 5006//5004 5005//5003 5004//5002 5007//5005
f 4974//4972 4971//4969 5005//5003 5006//5004
f 3629//3627 5005//5003 4971//4969 3623//3621
f 3632//3630 4980//4978 5008//5006 3633//3631
f 5009//5007 5008//5006 4980//4978 4979//4977
f 5007//5005 5004//5002 5008//5006 5009//5007
f 3633//3631 5008//5006 5004//5002 3630//3628
f 4978//4976 4987//4985 5010//5008 4977//4975
f 2116//2115 5010//5008 4987//4985 2086//2085
f 2115//2114 5011//5009 5010//5008 2116//2115
f 4977//4975 5010//5008 5011//5009 4979//4977
f 4974//4972 5012//5010 5013//5011 4973//4971
f 2118//2117 5013//5011 5012//5010 2122//2121
f 2117//2116 5014//5012 5013//5011 2118//2117
f 4973//4971 5013//5011 5014//5012 4969//4967
f 5007//5005 5015//5013 5016//5014 5006//5004
f 2125//2124 5016//5014 5015//5013 2126//2125
f 2122//2121 5012//5010 5016//5014 2125//2124
f 5006//5004 5016//5014 5012//5010 4974//4972
f 4979//4977 5011//5009 5017//5015 5009//5007
f 2128//2127 5017//5015 5011//5009 2115//2114
f 2126//2125 5015//5013 5017//5015 2128//2127
f 5009//5007 5017//5015 5015//5013 5007//5005
f 4965//4963 5018//5016 5019//5017 4966//4964
f 5020//5018 5019//5017 5018//5016 2134//2133
f 5021//5019 5022//5020 5019//5017 5020//5018
f 4966//4964 5019//5017 5022//5020 4956//4954
f 4956//4954 5022//5020 5023//5021 4955//4953
f 5024//5022 5023//5021 5022//5020 5021//5019
f 4960//4958 5023//5021 5024//5022 4958//4956
f 4955//4953 5023//5021 4960//4958 4951//4949
f 4958//4956 5024//5022 5025//5023 4962//4960
f 5026//5024 5025//5023 5024//5022 5021//5019
f 2139//2138 2138//2137 5025//5023 5026//5024
f 4962//4960 5025//5023 2138//2137 2055//2054
f 5021//5019 5020//5018 5027//5025 5026//5024
f 2142//2141 5027//5025 5020//5018 2134//2133
f 2139//2138 5026//5024 5027//5025 2142//2141
f 5028//5026 5014//5012 2117//2116 2144//2143
f 5018//5016 5028//5026 2144//2143 2134//2133
f 5028//5026 5018//5016 4965//4963 4970//4968
f 5014//5012 5028//5026 4970//4968 4969//4967
f 5029//5027 5030//5028 5031//5029 5032//5030
f 5033//5031 5031//5029 5030//5028 5034//5032
f 3860//3858 3857//3855 5031//5029 5033//5031
f 5032//5030 5031//5029 3857//3855 3850//3848
f 5033//5031 5035//5033 3871//3869 3860//3858
f 5035//5033 5033//5031 5034//5032 5036//5034
f 5037//5035 5038//5036 5035//5033 5036//5034
f 3871//3869 5035//5033 5038//5036 3874//3872
f 3874//3872 5038//5036 5039//5037 3883//3881
f 5040//5038 5039//5037 5038//5036 5037//5035
f 5041//5039 5042//5040 5039//5037 5040//5038
f 3883//3881 5039//5037 5042//5040 3886//3884
f 3886//3884 5042//5040 5043//5041 3905//3903
f 5044//5042 5043//5041 5042//5040 5041//5039
f 5045//5043 5043//5041 5044//5042 5046//5044
f 3881//3879 3905//3903 5043//5041 5045//5043
f 2163//2162 5047//5045 5048//5046 2164//2163
f 5032//5030 5048//5046 5047//5045 5029//5027
f 3850//3848 3849//3847 5048//5046 5032//5030
f 2164//2163 5048//5046 3849//3847 881//881
f 5049//5047 5050//5048 5051//5049 5052//5050
f 5050//5048 5049//5047 5029//5027
f 5047//5045 2163//2162 2167//2166
f 5052//5050 5053//5051 5054//5052 5049//5047
f 5055//5053 5054//5052 5053//5051 5056//5054
f 5034//5032 5030//5028 5054//5052 5055//5053
f 5049//5047 5054//5052 5030//5028 5029//5027
f 5057//5055 5058//5056 5059//5057 5060//5058
f 5036//5034 5059//5057 5058//5056 5037//5035
f 5055//5053 5059//5057 5036//5034 5034//5032
f 5059//5057 5055//5053 5056//5054 5060//5058
f 5061//5059 5062//5060 5063//5061 5064//5062
f 5040//5038 5063//5061 5062//5060 5041//5039
f 5037//5035 5058//5056 5063//5061 5040//5038
f 5064//5062 5063//5061 5058//5056 5057//5055
f 5065//5063 5066//5064 5067//5065 5068//5066
f 5046//5044 5044//5042 5066//5064 5065//5063
f 5041//5039 5062//5060 5066//5064 5044//5042
f 5067//5065 5066//5064 5062//5060 5061//5059
f 5070//5067 5069//5068 2187//5069 2189//2191
f 5056//5054 5053//5051 5069//5068 5070//5067
f 5051//5049 5069//5068 5053//5051 5052//5050
f 5071//5070 5072//5071 5073//5072 5074//5073
f 5060//5058 5073//5072 5072//5071 5057//5055
f 5056//5054 5070//5067 5073//5072 5060//5058
f 5074//5073 5073//5072 5070//5067 2189//2191
f 2194//2192 5075//5074 5076//5075 2195//2193
f 5076//5075 5075//5074 5071//5070 5074//5073
f 2195//2193 5076//5075 5074//5073 2189//2191
f 5077//5076 5078//5077 5079//5078 5080//5079
f 5064//5062 5079//5078 5078//5077 5061//5059
f 5057//5055 5072//5071 5079//5078 5064//5062
f 5080//5079 5079//5078 5072//5071 5071//5070
f 2202//2200 5081//5080 5082//5081 2203//2201
f 5080//5079 5082//5081 5081//5080 5077//5076
f 5071//5070 5075//5074 5082//5081 5080//5079
f 2203//2201 5082//5081 5075//5074 2194//2192
f 5083//5082 5084//5083 5078//5077 5077//5076
f 5085//5084 5084//5083 5083//5082 5086//5085
f 5068//5066 5067//5065 5084//5083 5085//5084
f 5061//5059 5078//5077 5084//5083 5067//5065
f 5087//5086 5088//5087 2210//2208 2213//2211
f 5086//5085 5083//5082 5088//5087 5087//5086
f 5077//5076 5081//5080 5088//5087 5083//5082
f 2210//2208 5088//5087 5081//5080 2202//2200
f 2213//2211 2215//2213 5089//5088 5087//5086
f 5090//5089 5089//5088 2215//2213 2219//2217
f 5091//5090 5092//5091 5089//5088 5090//5089
f 5087//5086 5089//5088 5092//5091 5086//5085
f 5091//5090 5093//5092 5094//5093 5092//5091
f 5095//5094 5094//5093 5093//5092 5096//5095
f 5085//5084 5094//5093 5095//5094 5068//5066
f 5086//5085 5092//5091 5094//5093 5085//5084
f 2219//2217 2225//2223 5097//5096 5090//5089
f 5098//5097 5097//5096 2225//2223 2227//2225
f 5096//5095 5093//5092 5097//5096 5098//5097
f 5090//5089 5097//5096 5093//5092 5091//5090
f 5096//5095 5099//5098 5100//5099 5095//5094
f 5101//5100 5100//5099 5099//5098 5102//5101
f 5065//5063 5100//5099 5101//5100 5046//5044
f 5095//5094 5100//5099 5065//5063 5068//5066
f 5046//5044 5101//5100 5103//5102 5045//5043
f 5104//5103 5103//5102 5101//5100 5102//5101
f 3778//3776 3882//3880 5103//5102 5104//5103
f 5045//5043 5103//5102 3882//3880 3881//3879
f 2227//2225 2235//2233 5105//5104 5098//5097
f 5106//5105 5105//5104 2235//2233 2237//2235
f 5102//5101 5099//5098 5105//5104 5106//5105
f 5098//5097 5105//5104 5099//5098 5096//5095
f 3778//3776 5104//5103 5107//5106 3773//3771
f 5108//5107 5107//5106 5104//5103 5102//5101
f 5109//5108 5110//5109 5107//5106 5108//5107
f 3773//3771 5107//5106 5110//5109 3663//3661
f 2242//2240 5111//5110 5112//5111 2243//2241
f 5108//5107 5112//5111 5111//5110 5109//5108
f 5106//5105 5112//5111 5108//5107 5102//5101
f 5112//5111 5106//5105 2237//2235 2243//2241
f 3663//3661 5110//5109 5113//5112 3657//3655
f 5114//5113 5113//5112 5110//5109 5109//5108
f 5115//5114 5116//5115 5113//5112 5114//5113
f 3657//3655 5113//5112 5116//5115 3658//3656
f 3658//3656 5116//5115 5117//5116 3665//3663
f 5118//5117 5117//5116 5116//5115 5115//5114
f 5002//5000 5001//4999 5117//5116 5118//5117
f 3665//3663 5117//5116 5001//4999 3653//3651
f 2254//2252 5119//5118 5120//5119 2255//2253
f 5114//5113 5120//5119 5119//5118 5115//5114
f 5109//5108 5111//5110 5120//5119 5114//5113
f 2255//2253 5120//5119 5111//5110 2242//2240
f 5121//5120 5122//5121 2258//2256 2257//2255
f 4999//4997 5121//5120 2257//2255 2101//2100
f 4996//4994 5003//5001 5121//5120 4999//4997
f 5122//5121 5121//5120 5003//5001 5002//5000
f 5115//5114 5119//5118 5123//5122 5118//5117
f 2261//2259 5123//5122 5119//5118 2254//2252
f 2258//2256 5122//5121 5123//5122 2261//2259
f 5118//5117 5123//5122 5122//5121 5002//5000
f 3684//3682 5124//5123 5125//5124 3683//3681
f 5124//5123 4374//4372 4373//4371
f 3738//3736 3736//3734 5125//5124 4373//4371
f 3683//3681 5125//5124 3736//3734 3677//3675
f 3708//3706 5126//5125 5127//5126 3706//3704
f 5128//5127 5127//5126 5126//5125 5129//5128
f 5127//5126 5128//5127 3684//3682
f 3682//3680 3681//3679 3706//3704
f 4502//4500 5130//5129 5131//5130 4500//4498
f 5132//5131 5131//5130 5130//5129 5133//5132
f 5129//5128 5126//5125 5131//5130 5132//5131
f 4500//4498 5131//5130 5126//5125 3708//3706
f 4514//4512 5134//5133 5135//5134 4513//4511
f 5136//5135 5135//5134 5134//5133 5137//5136
f 5133//5132 5130//5129 5135//5134 5136//5135
f 4513//4511 5135//5134 5130//5129 4502//4500
f 4518//4516 5138//5137 5139//5138 4516//4514
f 5140//5139 5139//5138 5138//5137 5141//5140
f 5137//5136 5134//5133 5139//5138 5140//5139
f 4516//4514 5139//5138 5134//5133 4514//4512
f 5144//5141 4377//4375 4380//4378
f 5142//5142 4380//4378 4361//4359
f 4375//4373 4374//4372 5143//5143
f 4377//4375 5144//5141 5145//5144 4384//4382
f 5147//5145 5148//5146 5145//5144 5146//5147
f 4384//4382 5145//5144 5148//5146 4381//4379
f 5149//5148 5128//5127 5129//5128
f 5150//5149 5151//5150 5152//5151
f 5149//5148 5152//5151 4374//4372
f 5124//5123 3684//3682 5128//5127
f 5132//5131 5153//5152 5150//5149 5129//5128
f 5133//5132 5154//5153 5153//5152 5132//5131
f 5155//5154 5156//5155 5153//5152 5154//5153
f 5150//5149 5153//5152 5156//5155 5151//5150
f 5136//5135 5157//5156 5154//5153 5133//5132
f 5137//5136 5158//5157 5157//5156 5136//5135
f 5159//5158 5157//5156 5158//5157 5160//5159
f 5154//5153 5157//5156 5159//5158 5155//5154
f 5141//5140 5161//5160 5162//5161 5140//5139
f 5163//5162 5164//5163 5162//5161 5161//5160
f 5160//5159 5158//5157 5162//5161 5164//5163
f 5140//5139 5162//5161 5158//5157 5137//5136
f 5165//5164 5166//5165 5167//5166 5168//5167
f 5169//5168 5167//5166 5166//5165 5170//5169
f 5164//5163 5167//5166 5169//5168 5160//5159
f 5168//5167 5167//5166 5164//5163 5163//5162
f 5170//5169 5171//5170 5172//5171 5169//5168
f 5173//5172 5172//5171 5171//5170 5174//5173
f 5155//5154 5159//5158 5172//5171 5173//5172
f 5169//5168 5172//5171 5159//5158 5160//5159
f 4388//4386 5175//5174 5176//5175 4385//4383
f 5177//5176 5176//5175 5175//5174 5178//5177
f 3770//3768 4368//4366 5176//5175 5177//5176
f 4385//4383 5176//5175 4368//4366 4367//4365
f 5147//5145 5179//5178 5180//5179 5148//5146
f 5175//5174 5180//5179 5179//5178 5178//5177
f 4388//4386 4387//4385 5180//5179 5175//5174
f 5148//5146 5180//5179 4387//4385 4381//4379
f 5181//5180 5177//5176 5178//5177
f 5181//5180 5182//5181 4392//4390
f 5181//5180 4389//4387 3772//3770 3771//3769
f 5177//5176 5181//5180 3771//3769 3770//3768
f 5184//5182 5185//5183 5186//5184
f 5183//5185 5186//5184 5178//5177
f 5179//5178 5147//5145 5146//5147
f 5187//5186 5152//5151 5151//5150
f 5188//5187 5185//5183 5184//5182
f 5143//5143 4374//4372 5152//5151
f 5174//5173 5189//5188 5190//5189 5173//5172
f 5188//5187 5190//5189 5189//5188 5185//5183
f 5151//5150 5156//5155 5190//5189 5188//5187
f 5173//5172 5190//5189 5156//5155 5155//5154
f 5185//5183 5191//5190 5192//5191 5186//5184
f 5193//5192 5192//5191 5191//5190 5194//5193
f 5192//5191 5193//5192 4392//4390
f 5182//5181 5178//5177 5186//5184
f 5195//5194 5196//5195 5197//5196 5198//5197
f 4428//4426 5196//5195 5195//5194 4425//4423
f 5196//5195 4428//4426 4397//4395
f 4396//4394 4393//4391 5197//5196
f 5199//5198 4391//4389 4392//4390
f 5200//5199 5199//5198 5193//5192 5194//5193
f 5198//5197 5197//5196 5199//5198 5200//5199
f 5197//5196 4393//4391 4391//4389
f 5201//5200 5195//5194 5198//5197
f 5202//5201 5201//5200 5203//5202 5204//5203
f 4436//4434 4433//4431 5201//5200 5202//5201
f 5195//5194 5201//5200 4433//4431 4425//4423
f 5204//5203 5205//5204 5206//5205 5202//5201
f 5207//5206 5206//5205 5205//5204 5208//5207
f 5206//5205 5207//5206 4432//4430 4438//4436
f 5202//5201 5206//5205 4438//4436 4436//4434
f 4432//4430 5207//5206 5209//5208 4431//4429
f 5210//5209 5209//5208 5207//5206 5208//5207
f 4358//4356 4410//4408 5209//5208 5210//5209
f 4431//4429 5209//5208 4410//4408 4409//4407
f 5210//5209 5211//5210 4357//4355 4358//4356
f 5208//5207 5212//5211 5211//5210 5210//5209
f 5213//5212 5211//5210 5212//5211 5214//5213
f 4357//4355 5211//5210 5213//5212 4353//4351
f 5215//5214 5216//5215 5217//5216 5218//5217
f 4354//4352 5217//5216 5216//5215 4350//4348
f 4353//4351 5213//5212 5217//5216 4354//4352
f 5218//5217 5217//5216 5213//5212 5214//5213
f 4350//4348 5216//5215 5219//5218 4349//4347
f 5220//5219 5219//5218 5216//5215 5215//5214
f 5221//5220 5222//5221 5219//5218 5220//5219
f 4349//4347 5219//5218 5222//5221 4346//4344
f 5223//5222 5224//5223 5222//5221 5221//5220
f 5225//5224 5224//5223 5223//5222 5226//5225
f 4341//4339 4344//4342 5224//5223 5225//5224
f 4346//4344 5222//5221 5224//5223 4344//4342
f 5226//5225 5227//5226 5228//5227 5225//5224
f 5229//5228 5228//5227 5227//5226 5230//5229
f 4337//4335 4342//4340 5228//5227 5229//5228
f 5225//5224 5228//5227 4342//4340 4341//4339
f 5230//5229 5231//5230 5232//5231 5229//5228
f 5231//5230 5233//5232 5234//5233
f 5232//5231 5234//5233 4332//4330
f 5229//5228 5232//5231 4338//4336 4337//4335
f 5235//5234 5236//5235 5237//5236 5238//5237
f 5194//5193 5191//5190 5237//5236 5236//5235
f 5191//5190 5185//5183 5238//5237
f 5239//5238 5240//5239 5241//5240 5242//5241
f 5238//5237 5241//5240 5240//5239 5235//5234
f 5185//5183 5189//5188 5241//5240 5238//5237
f 5242//5241 5241//5240 5189//5188 5174//5173
f 5243//5242 5244//5243 5245//5244 5246//5245
f 5242//5241 5245//5244 5244//5243 5239//5238
f 5174//5173 5171//5170 5245//5244 5242//5241
f 5246//5245 5245//5244 5171//5170 5170//5169
f 5247//5246 5248//5247 5249//5248 5250//5249
f 5246//5245 5249//5248 5248//5247 5243//5242
f 5170//5169 5166//5165 5249//5248 5246//5245
f 5250//5249 5249//5248 5166//5165 5165//5164
f 5251//5250 5252//5251 5253//5252
f 5253//5252 5198//5197 5200//5199
f 5254//5253 5200//5199 5194//5193
f 5236//5235 5235//5234 5251//5250
f 5255//5254 5253//5252 5252//5251
f 5256//5255 5255//5254 5257//5256 5258//5257
f 5204//5203 5203//5202 5255//5254 5256//5255
f 5203//5202 5198//5197 5253//5252
f 5258//5257 5259//5258 5260//5259 5256//5255
f 5261//5260 5260//5259 5259//5258 5262//5261
f 5208//5207 5205//5204 5260//5259 5261//5260
f 5256//5255 5260//5259 5205//5204 5204//5203
f 5262//5261 5263//5262 5264//5263 5261//5260
f 5265//5264 5264//5263 5263//5262 5266//5265
f 5214//5213 5212//5211 5264//5263 5265//5264
f 5261//5260 5264//5263 5212//5211 5208//5207
f 5266//5265 5267//5266 5268//5267 5265//5264
f 5269//5268 5268//5267 5267//5266 5270//5269
f 5218//5217 5268//5267 5269//5268 5215//5214
f 5265//5264 5268//5267 5218//5217 5214//5213
f 5271//5270 5272//5271 5273//5272 5274//5273
f 5220//5219 5273//5272 5272//5271 5221//5220
f 5215//5214 5269//5268 5273//5272 5220//5219
f 5274//5273 5273//5272 5269//5268 5270//5269
f 5275//5274 5276//5275 5277//5276 5278//5277
f 5223//5222 5277//5276 5276//5275 5226//5225
f 5221//5220 5272//5271 5277//5276 5223//5222
f 5278//5277 5277//5276 5272//5271 5271//5270
f 5279//5278 5280//5279 5281//5280 5282//5281
f 5227//5226 5281//5280 5280//5279 5230//5229
f 5226//5225 5276//5275 5281//5280 5227//5226
f 5282//5281 5281//5280 5276//5275 5275//5274
f 5283//5282 5284//5283 5285//5284 5286//5285
f 5231//5230 5285//5284 5284//5283 5233//5232
f 5230//5229 5280//5279 5285//5284 5231//5230
f 5286//5285 5285//5284 5280//5279 5279//5278
f 5283//5282 5286//5285 5287//5286 5288//5287
f 5279//5278 5289//5288 5287//5286 5286//5285
f 2428//2426 5287//5286 5289//5288 2429//2427
f 5288//5287 5287//5286 2428//2426 2431//2429
f 5290//5289 5291//5290 5292//5291 5293//5292
f 5294//5293 5292//5291 5291//5290 2437//2435
f 5278//5277 5292//5291 5294//5293 5275//5274
f 5293//5292 5292//5291 5278//5277 5271//5270
f 5275//5274 5294//5293 5295//5294 5282//5281
f 2439//2437 5295//5294 5294//5293 2437//2435
f 2429//2427 5289//5288 5295//5294 2439//2437
f 5282//5281 5295//5294 5289//5288 5279//5278
f 5296//5295 5297//5296 5298//5297 5299//5298
f 5293//5292 5298//5297 5297//5296 5290//5289
f 5271//5270 5274//5273 5298//5297 5293//5292
f 5299//5298 5298//5297 5274//5273 5270//5269
f 5290//5289 5297//5296 5300//5299 5291//5290
f 5301//5300 5300//5299 5297//5296 5296//5295
f 2446//2444 2445//2443 5300//5299 5301//5300
f 5291//5290 5300//5299 2445//2443 2437//2435
f 5302//5301 5303//5302 5304//5303 5305//5304
f 5299//5298 5304//5303 5303//5302 5296//5295
f 5270//5269 5267//5266 5304//5303 5299//5298
f 5305//5304 5304//5303 5267//5266 5266//5265
f 5306//5305 5307//5306 2454//2452 2453//2451
f 5301//5300 5306//5305 2453//2451 2446//2444
f 5296//5295 5303//5302 5306//5305 5301//5300
f 5307//5306 5306//5305 5303//5302 5302//5301
f 5308//5307 5309//5308 5310//5309 5311//5310
f 5305//5304 5310//5309 5309//5308 5302//5301
f 5266//5265 5263//5262 5310//5309 5305//5304
f 5311//5310 5310//5309 5263//5262 5262//5261
f 5308//5307 5312//5311 5313//5312 5309//5308
f 2462//2460 5313//5312 5312//5311 2463//2461
f 2454//2452 5307//5306 5313//5312 2462//2460
f 5309//5308 5313//5312 5307//5306 5302//5301
f 5314//5313 5315//5314 5316//5315
f 5311//5310 5314//5313 5317//5316 5308//5307
f 5262//5261 5259//5258 5314//5313 5311//5310
f 5315//5314 5314//5313 5259//5258 5258//5257
f 5316//5315 5318//5317 5319//5318 5317//5316
f 2470//2468 5319//5318 5318//5317 2471//2469
f 2463//2461 5312//5311 5319//5318 2470//2468
f 5317//5316 5319//5318 5312//5311 5308//5307
f 5320//5319 5321//5320 5322//5321 5323//5322
f 5321//5320 5316//5315 5315//5314
f 5258//5257 5257//5256 5322//5321 5315//5314
f 5257//5256 5252//5251 5323//5322
f 5320//5319 5324//5323 5325//5324 5321//5320
f 2477//2475 5325//5324 5324//5323 2479//2477
f 2471//2469 5318//5317 5325//5324 2477//2475
f 5318//5317 5316//5315 5321//5320
f 5326//5325 5327//5326 5328//5327 5329//5328
f 5323//5322 5328//5327 5327//5326 5320//5319
f 5252//5251 5251//5250 5328//5327 5323//5322
f 5329//5328 5328//5327 5251//5250 5235//5234
f 5320//5319 5327//5326 5330//5329 5324//5323
f 5331//5330 5330//5329 5327//5326 5326//5325
f 2486//2484 2485//2483 5330//5329 5331//5330
f 5324//5323 5330//5329 2485//2483 2479//2477
f 5235//5234 5240//5239 5332//5331 5329//5328
f 5333//5332 5332//5331 5240//5239 5239//5238
f 5334//5333 5335//5334 5332//5331 5333//5332
f 5329//5328 5332//5331 5335//5334 5326//5325
f 5326//5325 5335//5334 5336//5335 5331//5330
f 5337//5336 5336//5335 5335//5334 5334//5333
f 2494//2492 2493//2491 5336//5335 5337//5336
f 5331//5330 5336//5335 2493//2491 2486//2484
f 5239//5238 5244//5243 5338//5337 5333//5332
f 5339//5338 5338//5337 5244//5243 5243//5242
f 5340//5339 5341//5340 5338//5337 5339//5338
f 5333//5332 5338//5337 5341//5340 5334//5333
f 5334//5333 5341//5340 5342//5341 5337//5336
f 5343//5342 5342//5341 5341//5340 5340//5339
f 2502//2500 2501//2499 5342//5341 5343//5342
f 5337//5336 5342//5341 2501//2499 2494//2492
f 5243//5242 5248//5247 5344//5343 5339//5338
f 5345//5344 5344//5343 5248//5247 5247//5246
f 5346//5345 5347//5346 5344//5343 5345//5344
f 5339//5338 5344//5343 5347//5346 5340//5339
f 5340//5339 5347//5346 5348//5347 5343//5342
f 5349//5348 5348//5347 5347//5346 5346//5345
f 2510//2508 2509//2507 5348//5347 5349//5348
f 5343//5342 5348//5347 2509//2507 2502//2500
f 1150//1150 2513//2511 5350//5349 4091//4089
f 5351//5350 5350//5349 2513//2511 2517//2515
f 5352//5351 5353//5352 5350//5349 5351//5350
f 4091//4089 5350//5349 5353//5352 4092//4090
f 5354//5353 5355//5354 5356//5355 5357//5356
f 5358//5357 5355//5354 5354//5353 5359//5358
f 2522//2520 5355//5354 5358//5357 2524//2522
f 2523//2521 5356//5355 5355//5354 2522//2520
f 5360//5359 5361//5360 5362//5361 5363//5362
f 5364//5363 5362//5361 5361//5360 5365//5364
f 5366//5365 5367//5366 5362//5361 5364//5363
f 5363//5362 5362//5361 5367//5366 5368//5367
f 5359//5358 5369//5368 5370//5369 5358//5357
f 5351//5350 5370//5369 5369//5368 5352//5351
f 2517//2515 2537//2535 5370//5369 5351//5350
f 5358//5357 5370//5369 2537//2535 2524//2522
f 5352//5351 5369//5368 5371//5370 5372//5371
f 5373//5372 5371//5370 5369//5368 5359//5358
f 5374//5373 5375//5374 5371//5370 5373//5372
f 5372//5371 5371//5370 5375//5374 5376//5375
f 5359//5358 5354//5353 5377//5376 5373//5372
f 5357//5356 5378//5377 5377//5376 5354//5353
f 5379//5378 5377//5376 5378//5377 5380//5379
f 5373//5372 5377//5376 5379//5378 5374//5373
f 5376//5375 5375//5374 5381//5380 5382//5381
f 5383//5382 5381//5380 5375//5374 5374//5373
f 5360//5359 5363//5362 5381//5380 5383//5382
f 5382//5381 5381//5380 5363//5362 5368//5367
f 5365//5364 5361//5360 5384//5383 5385//5384
f 5386//5385 5384//5383 5361//5360 5360//5359
f 5387//5386 5388//5387 5384//5383 5386//5385
f 5385//5384 5384//5383 5388//5387 5389//5388
f 5386//5385 5390//5389 5391//5390 5387//5386
f 5360//5359 5383//5382 5390//5389 5386//5385
f 5374//5373 5379//5378 5390//5389 5383//5382
f 5380//5379 5391//5390 5390//5389 5379//5378
f 5392//5391 5393//5392 5394//5393 5395//5394
f 5396//5395 5397//5396 5394//5393 5393//5392
f 5138//5137 5394//5393 5397//5396 5141//5140
f 5395//5394 5394//5393 5138//5137 4518//4516
f 5366//5365 5398//5397 5399//5398 5367//5366
f 5400//5399 5399//5398 5398//5397 5401//5400
f 5402//5401 5399//5398 5400//5399 5403//5402
f 5368//5367 5367//5366 5399//5398 5402//5401
f 5404//5403 5405//5404 5406//5405 5407//5406
f 5404//5403 5408//5407 5409//5408
f 4474//4472 4471//4469 5405//5404 5409//5408
f 4471//4469 4461//4459 5406//5405
f 4447//4445 5410//5409 5411//5410 4460//4458
f 5412//5411 5411//5410 5410//5409 5413//5412
f 5406//5405 5411//5410 5412//5411 5407//5406
f 4460//4458 5411//5410 5406//5405 4461//4459
f 3203//3201 3214//3212 5414//5413 4450//4448
f 5415//5414 5414//5413 3214//3212 3213//3211
f 5413//5412 5410//5409 5414//5413 5415//5414
f 4450//4448 5414//5413 5410//5409 4447//4445
f 3213//3211 5416//5415 5417//5416 5415//5414
f 5418//5417 5417//5416 5416//5415 5419//5418
f 5420//5419 5421//5420 5417//5416 5418//5417
f 5415//5414 5417//5416 5421//5420 5413//5412
f 5413//5412 5421//5420 5422//5421 5412//5411
f 5423//5422 5422//5421 5421//5420 5420//5419
f 5424//5423 5425//5424 5422//5421 5423//5422
f 5425//5424 5407//5406 5412//5411
f 5424//5423 5426//5425 5427//5426 5425//5424
f 5428//5427 5427//5426 5426//5425 5429//5428
f 5430//5429 5431//5430 5427//5426 5428//5427
f 5425//5424 5427//5426 5431//5430 5407//5406
f 5432//5431 5433//5432 5434//5433 5435//5434
f 5436//5435 5433//5432 5432//5431 5401//5400
f 5428//5427 5433//5432 5436//5435 5430//5429
f 5429//5428 5434//5433 5433//5432 5428//5427
f 5403//5402 5400//5399 5437//5436 5438//5437
f 5432//5431 5437//5436 5400//5399 5401//5400
f 5435//5434 5439//5438 5437//5436 5432//5431
f 5438//5437 5437//5436 5439//5438 5440//5439
f 4019//4017 5441//5440 5442//5441 4018//4016
f 5443//5442 5442//5441 5441//5440 5440//5439
f 5444//5443 5445//5444 5442//5441 5443//5442
f 4018//4016 5442//5441 5445//5444 3979//3977
f 5446//5445 5447//5446 5448//5447
f 5449//5448 5444//5443 5443//5442
f 5440//5439 5439//5438 5446//5445 5443//5442
f 5447//5446 5446//5445 5439//5438 5435//5434
f 5450//5449 5451//5450 5452//5451 5453//5452
f 5395//5394 5452//5451 5451//5450 5392//5391
f 4518//4516 4517//4515 5452//5451 5395//5394
f 5453//5452 5452//5451 4517//4515 4509//4507
f 5454//5453 5455//5454 5393//5392 5392//5391
f 5456//5455 5455//5454 5454//5453 5457//5456
f 5458//5457 5459//5458 5455//5454 5456//5455
f 5393//5392 5455//5454 5459//5458 5396//5395
f 5389//5388 5460//5459 5461//5460 5385//5384
f 5456//5455 5461//5460 5460//5459 5458//5457
f 5457//5456 5462//5461 5461//5460 5456//5455
f 5385//5384 5461//5460 5462//5461 5365//5364
f 5463//5462 5464//5463 5465//5464 5466//5465
f 5454//5453 5465//5464 5464//5463 5457//5456
f 5392//5391 5451//5450 5465//5464 5454//5453
f 5466//5465 5465//5464 5451//5450 5450//5449
f 5467//5466 5468//5467 5462//5461 5457//5456
f 5469//5468 5468//5467 5467//5466 5470//5469
f 5366//5365 5364//5363 5468//5467 5469//5468
f 5365//5364 5462//5461 5468//5467 5364//5363
f 5430//5429 5471//5470 5472//5471 5431//5430
f 5473//5472 5472//5471 5471//5470 5470//5469
f 5408//5407 5404//5403 5472//5471 5473//5472
f 5407//5406 5431//5430 5472//5471 5404//5403
f 5401//5400 5398//5397 5474//5473 5436//5435
f 5469//5468 5474//5473 5398//5397 5366//5365
f 5470//5469 5471//5470 5474//5473 5469//5468
f 5436//5435 5474//5473 5471//5470 5430//5429
f 5475//5474 5409//5408 5408//5407
f 5476//5475 5475//5474 5477//5476 5478//5477
f 4486//4484 4483//4481 5475//5474 5476//5475
f 5409//5408 5475//5474 4483//4481 4474//4472
f 5478//5477 5479//5478 5480//5479 5476//5475
f 5481//5480 5480//5479 5479//5478 5482//5481
f 4498//4496 4495//4493 5480//5479 5481//5480
f 5476//5475 5480//5479 4495//4493 4486//4484
f 5483//5482 5481//5480 5482//5481
f 5453//5452 5483//5482 5484//5483 5450//5449
f 5483//5482 5453//5452 4509//4507
f 5481//5480 5483//5482 4507//4505 4498//4496
f 5485//5484 5486//5485 5487//5486 5488//5487
f 5482//5481 5479//5478 5486//5485 5485//5484
f 5478//5477 5487//5486 5486//5485 5479//5478
f 5450//5449 5484//5483 5489//5488 5466//5465
f 5485//5484 5489//5488 5484//5483 5482//5481
f 5488//5487 5490//5489 5489//5488 5485//5484
f 5466//5465 5489//5488 5490//5489 5463//5462
f 5463//5462 5490//5489 5491//5490 5464//5463
f 5492//5491 5491//5490 5490//5489 5488//5487
f 5470//5469 5467//5466 5491//5490 5492//5491
f 5464//5463 5491//5490 5467//5466 5457//5456
f 5488//5487 5487//5486 5493//5492 5492//5491
f 5477//5476 5493//5492 5487//5486 5478//5477
f 5473//5472 5493//5492 5477//5476 5408//5407
f 5492//5491 5493//5492 5473//5472 5470//5469
f 3308//3306 5494//5493 5495//5494 3307//3305
f 5496//5495 5495//5494 5494//5493 5497//5496
f 3272//3270 3269//3267 5495//5494 5496//5495
f 3307//3305 5495//5494 3269//3267 3268//3266
f 3348//3346 5498//5497 5499//5498 3347//3345
f 5500//5499 5499//5498 5498//5497 5501//5500
f 5497//5496 5494//5493 5499//5498 5500//5499
f 3347//3345 5499//5498 5494//5493 3308//3306
f 5502//5501 5503//5502 5504//5503 5505//5504
f 5498//5497 5504//5503 5503//5502 5501//5500
f 3348//3346 3973//3971 5504//5503 5498//5497
f 5505//5504 5504//5503 3973//3971 3972//3970
f 5506//5505 5507//5506 5508//5507 5509//5508
f 5505//5504 5508//5507 5507//5506 5502//5501
f 3972//3970 3981//3979 5508//5507 5505//5504
f 5509//5508 5508//5507 3981//3979 3980//3978
f 5510//5509 5511//5510 5512//5511
f 5513//5512 5512//5511 5448//5447
f 5513//5512 5447//5446 5435//5434
f 5434//5433 5429//5428 5510//5509
f 5514//5513 5515//5514 5516//5515 5517//5516
f 5515//5514 5511//5510 5510//5509
f 5516//5515 5510//5509 5429//5428
f 5517//5516 5516//5515 5426//5425 5424//5423
f 5518//5517 5519//5518 5520//5519 5521//5520
f 3976//3974 5520//5519 5519//5518 3980//3978
f 3979//3977 5445//5444 5520//5519 3976//3974
f 5521//5520 5520//5519 5445//5444 5444//5443
f 5511//5510 5522//5521 5523//5522 5512//5511
f 5521//5520 5523//5522 5522//5521 5518//5517
f 5444//5443 5449//5448 5523//5522 5521//5520
f 5512//5511 5523//5522 5449//5448 5448//5447
f 5524//5523 5525//5524 5526//5525 5527//5526
f 5509//5508 5526//5525 5525//5524 5506//5505
f 3980//3978 5519//5518 5526//5525 5509//5508
f 5527//5526 5526//5525 5519//5518 5518//5517
f 5420//5419 5528//5527 5529//5528 5423//5422
f 5530//5529 5529//5528 5528//5527 5531//5530
f 5514//5513 5517//5516 5529//5528 5530//5529
f 5423//5422 5529//5528 5517//5516 5424//5423
f 5514//5513 5532//5531 5533//5532 5515//5514
f 5534//5533 5533//5532 5532//5531 5535//5534
f 5518//5517 5522//5521 5533//5532 5534//5533
f 5522//5521 5511//5510 5515//5514
f 5535//5534 5536//5535 5537//5536 5534//5533
f 5538//5537 5539//5538 5537//5536 5536//5535
f 5527//5526 5537//5536 5539//5538 5524//5523
f 5534//5533 5537//5536 5527//5526 5518//5517
f 5418//5417 5540//5539 5528//5527 5420//5419
f 5541//5540 5540//5539 5418//5417 5419//5418
f 5531//5530 5528//5527 5540//5539 5541//5540
f 5530//5529 5542//5541 5532//5531 5514//5513
f 5531//5530 5543//5542 5542//5541 5530//5529
f 5544//5543 5542//5541 5543//5542 5545//5544
f 5535//5534 5532//5531 5542//5541 5544//5543
f 5536//5535 5546//5545 5547//5546 5538//5537
f 5544//5543 5546//5545 5536//5535 5535//5534
f 5545//5544 5548//5547 5546//5545 5544//5543
f 5547//5546 5546//5545 5548//5547 5549//5548
f 5550//5549 5551//5550 5552//5551 5553//5552
f 3271//3269 5552//5551 5551//5550 3212//3210
f 3272//3270 5554//5553 5552//5551 3271//3269
f 5553//5552 5552//5551 5554//5553 5555//5554
f 3212//3210 5551//5550 5556//5555 3211//3209
f 5557//5556 5556//5555 5551//5550 5550//5549
f 5419//5418 5416//5415 5556//5555 5557//5556
f 3211//3209 5556//5555 5416//5415 3213//3211
f 5419//5418 5558//5557 5559//5558 5541//5540
f 5560//5559 5559//5558 5558//5557 5561//5560
f 5545//5544 5543//5542 5559//5558 5560//5559
f 5541//5540 5559//5558 5543//5542 5531//5530
f 5561//5560 5562//5561 5563//5562 5560//5559
f 5564//5563 5563//5562 5562//5561 5565//5564
f 5549//5548 5548//5547 5563//5562 5564//5563
f 5560//5559 5563//5562 5548//5547 5545//5544
f 5497//5496 5566//5565 5567//5566 5496//5495
f 5568//5567 5567//5566 5566//5565 5569//5568
f 5555//5554 5554//5553 5567//5566 5568//5567
f 5496//5495 5567//5566 5554//5553 3272//3270
f 5550//5549 5570//5569 5571//5570 5557//5556
f 5572//5571 5571//5570 5570//5569 5573//5572
f 5561//5560 5558//5557 5571//5570 5572//5571
f 5557//5556 5571//5570 5558//5557 5419//5418
f 5555//5554 5568//5567 5574//5573 5553//5552
f 5575//5574 5574//5573 5568//5567 5569//5568
f 5573//5572 5570//5569 5574//5573 5575//5574
f 5553//5552 5574//5573 5570//5569 5550//5549
f 5573//5572 5576//5575 5577//5576 5572//5571
f 5578//5577 5577//5576 5576//5575 5579//5578
f 5565//5564 5562//5561 5577//5576 5578//5577
f 5572//5571 5577//5576 5562//5561 5561//5560
f 5569//5568 5580//5579 5581//5580 5575//5574
f 5582//5581 5581//5580 5580//5579 5583//5582
f 5579//5578 5576//5575 5581//5580 5582//5581
f 5575//5574 5581//5580 5576//5575 5573//5572
f 5501//5500 5584//5583 5585//5584 5500//5499
f 5586//5585 5585//5584 5584//5583 5587//5586
f 5569//5568 5566//5565 5585//5584 5586//5585
f 5500//5499 5585//5584 5566//5565 5497//5496
f 5503//5502 5588//5587 5584//5583 5501//5500
f 5589//5588 5588//5587 5503//5502 5502//5501
f 5590//5589 5591//5590 5588//5587 5589//5588
f 5587//5586 5584//5583 5588//5587 5591//5590
f 5587//5586 5592//5591 5593//5592 5586//5585
f 5594//5593 5593//5592 5592//5591 5595//5594
f 5583//5582 5580//5579 5593//5592 5594//5593
f 5586//5585 5593//5592 5580//5579 5569//5568
f 5502//5501 5507//5506 5596//5595 5589//5588
f 5597//5596 5596//5595 5507//5506 5506//5505
f 5598//5597 5599//5598 5596//5595 5597//5596
f 5589//5588 5596//5595 5599//5598 5590//5589
f 5595//5594 5592//5591 5600//5599 5601//5600
f 5591//5590 5600//5599 5592//5591 5587//5586
f 5602//5601 5600//5599 5591//5590 5590//5589
f 5603//5602 5601//5600 5600//5599 5602//5601
f 5506//5505 5525//5524 5604//5603 5597//5596
f 5605//5604 5604//5603 5525//5524 5524//5523
f 5606//5605 5607//5606 5604//5603 5605//5604
f 5597//5596 5604//5603 5607//5606 5598//5597
f 5608//5607 5609//5608 5610//5609 5611//5610
f 5602//5601 5610//5609 5609//5608 5603//5602
f 5590//5589 5599//5598 5610//5609 5602//5601
f 5611//5610 5610//5609 5599//5598 5598//5597
f 5612//5611 5613//5612 5614//5613 5615//5614
f 5605//5604 5614//5613 5613//5612 5606//5605
f 5524//5523 5539//5538 5614//5613 5605//5604
f 5615//5614 5614//5613 5539//5538 5538//5537
f 5616//5615 5617//5616 5618//5617 5619//5618
f 5615//5614 5618//5617 5617//5616 5612//5611
f 5538//5537 5547//5546 5618//5617 5615//5614
f 5549//5548 5619//5618 5618//5617 5547//5546
f 5620//5619 5621//5620 5622//5621 5623//5622
f 5611//5610 5622//5621 5621//5620 5608//5607
f 5598//5597 5607//5606 5622//5621 5611//5610
f 5623//5622 5622//5621 5607//5606 5606//5605
f 5565//5564 5624//5623 5625//5624 5564//5563
f 5626//5625 5625//5624 5624//5623 5627//5626
f 5616//5615 5619//5618 5625//5624 5626//5625
f 5564//5563 5625//5624 5619//5618 5549//5548
f 5628//5627 5629//5628 5630//5629
f 5623//5622 5628//5627 5631//5630 5620//5619
f 5606//5605 5613//5612 5628//5627 5623//5622
f 5629//5628 5628//5627 5613//5612 5612//5611
f 5627//5626 5632//5631 5633//5632 5626//5625
f 5629//5628 5633//5632 5632//5631 5630//5629
f 5612//5611 5617//5616 5633//5632 5629//5628
f 5626//5625 5633//5632 5617//5616 5616//5615
f 5579//5578 5634//5633 5635//5634 5578//5577
f 5636//5635 5635//5634 5634//5633 5637//5636
f 5627//5626 5624//5623 5635//5634 5636//5635
f 5578//5577 5635//5634 5624//5623 5565//5564
f 5583//5582 5638//5637 5639//5638 5582//5581
f 5640//5639 5639//5638 5638//5637 5641//5640
f 5637//5636 5634//5633 5639//5638 5640//5639
f 5582//5581 5639//5638 5634//5633 5579//5578
f 5637//5636 5642//5641 5643//5642 5636//5635
f 5632//5631 5643//5642 5642//5641 5630//5629
f 5636//5635 5643//5642 5632//5631 5627//5626
f 5641//5640 5644//5643 5645//5644 5640//5639
f 5646//5645 5645//5644 5644//5643 5647//5646
f 5630//5629 5642//5641 5645//5644 5646//5645
f 5640//5639 5645//5644 5642//5641 5637//5636
f 5646//5645 5648//5647 5631//5630 5630//5629
f 5647//5646 5649//5648 5648//5647 5646//5645
f 5650//5649 5651//5650 5648//5647 5649//5648
f 5631//5630 5648//5647 5651//5650 5620//5619
f 5652//5651 5653//5652 5649//5648 5647//5646
f 5654//5653 5655//5654 5653//5652 5652//5651
f 5656//5655 5657//5656 5653//5652 5655//5654
f 5649//5648 5653//5652 5657//5656 5650//5649
f 5620//5619 5651//5650 5658//5657 5621//5620
f 5659//5658 5658//5657 5651//5650 5650//5649
f 5660//5659 5658//5657 5659//5658 5661//5660
f 5608//5607 5621//5620 5658//5657 5660//5659
f 5661//5660 5662//5661 5663//5662 5660//5659
f 5664//5663 5663//5662 5662//5661 5665//5664
f 5603//5602 5609//5608 5663//5662 5664//5663
f 5660//5659 5663//5662 5609//5608 5608//5607
f 5666//5665 5667//5666 5668//5667
f 5666//5665 5669//5668 5654//5653
f 5647//5646 5644//5643 5666//5665 5652//5651
f 5667//5666 5666//5665 5644//5643 5641//5640
f 5595//5594 5670//5669 5671//5670 5594//5593
f 5667//5666 5671//5670 5670//5669 5668//5667
f 5641//5640 5638//5637 5671//5670 5667//5666
f 5594//5593 5671//5670 5638//5637 5583//5582
f 5665//5664 5672//5671 5673//5672 5664//5663
f 5668//5667 5670//5669 5673//5672 5672//5671
f 5601//5600 5673//5672 5670//5669 5595//5594
f 5664//5663 5673//5672 5601//5600 5603//5602
f 5674//5673 5675//5674 5676//5675
f 5677//5676 5668//5667 5672//5671
f 5665//5664 5662//5661 5674//5673 5672//5671
f 5675//5674 5674//5673 5662//5661 5661//5660
f 5654//5653 5669//5668 5678//5677 5655//5654
f 5677//5676 5678//5677 5669//5668 5668//5667
f 5678//5677 5677//5676 5676//5675
f 5655//5654 5678//5677 5679//5678 5656//5655
f 5656//5655 5679//5678 5680//5679 5657//5656
f 5680//5679 5679//5678 5676//5675 5675//5674
f 5661//5660 5659//5658 5680//5679 5675//5674
f 5657//5656 5680//5679 5659//5658 5650//5649
f 5681//5680 5682//5681 5683//5682
f 4035//4033 5681//5680 5684//5683 4036//4034
f 4032//4030 4048//4046 5681//5680 4035//4033
f 5682//5681 5681//5680 4048//4046 4051//4049
f 5685//5684 5686//5685 4116//4114 4115//4113
f 5682//5681 5686//5685 5685//5684 5683//5682
f 4109//4107 5686//5685 5682//5681 4051//4049
f 4110//4108 4116//4114 5686//5685 4109//4107
f 5687//5686 5688//5687 4120//4118 4119//4117
f 5689//5688 5688//5687 5687//5686 5690//5689
f 5683//5682 5685//5684 5688//5687
f 4120//4118 5688//5687 5685//5684 4115//4113
f 3996//3994 4037//4035 5691//5690 4003//4001
f 5692//5691 5691//5690 4037//4035 4036//4034
f 5693//5692 5694//5693 5691//5690 5692//5691
f 4003//4001 5691//5690 5694//5693 4000//3998
f 4036//4034 5684//5683 5695//5694 5692//5691
f 5696//5695 5695//5694 5684//5683 5683//5682
f 5697//5696 5698//5697 5695//5694 5696//5695
f 5692//5691 5695//5694 5698//5697 5693//5692
f 5690//5689 5699//5698 5700//5699 5689//5688
f 5696//5695 5700//5699 5699//5698 5697//5696
f 5700//5699 5696//5695 5683//5682
f 4000//3998 5694//5693 5701//5700 4007//4005
f 5702//5701 5701//5700 5694//5693 5693//5692
f 5703//5702 5704//5703 5701//5700 5702//5701
f 4007//4005 5701//5700 5704//5703 4004//4002
f 4119//4117 4122//4120 5705//5704 5687//5686
f 5706//5705 5705//5704 4122//4120 4121//4119
f 5707//5706 5708//5707 5705//5704 5706//5705
f 5705//5704 5708//5707 5690//5689 5687//5686
f 5693//5692 5698//5697 5709//5708 5702//5701
f 5710//5709 5709//5708 5698//5697 5697//5696
f 5711//5710 5712//5711 5709//5708 5710//5709
f 5712//5711 5703//5702 5702//5701
f 5707//5706 5713//5712 5714//5713 5708//5707
f 5710//5709 5714//5713 5713//5712 5711//5710
f 5697//5696 5699//5698 5714//5713 5710//5709
f 5708//5707 5714//5713 5699//5698 5690//5689
f 5715//5714 5716//5715 5704//5703 5703//5702
f 5715//5714 5717//5716 5718//5717
f 4011//4009 4008//4006 5716//5715 5718//5717
f 5716//5715 4008//4006 4004//4002 5704//5703
f 4121//4119 4126//4124 5719//5718 5706//5705
f 5720//5719 5719//5718 4126//4124 4125//4123
f 5721//5720 5722//5721 5719//5718 5720//5719
f 5706//5705 5719//5718 5722//5721 5707//5706
f 5723//5722 5724//5723 5712//5711 5711//5710
f 5725//5724 5724//5723 5723//5722 5726//5725
f 5724//5723 5725//5724 5717//5716
f 5724//5723 5715//5714 5703//5702
f 5707//5706 5722//5721 5727//5726 5713//5712
f 5728//5727 5727//5726 5722//5721 5721//5720
f 5726//5725 5723//5722 5727//5726 5728//5727
f 5711//5710 5713//5712 5727//5726 5723//5722
f 5729//5728 5718//5717 5717//5716
f 5730//5729 5729//5728 5731//5730 5732//5731
f 4013//4011 4012//4010 5729//5728 5730//5729
f 5718//5717 5729//5728 4012//4010 4011//4009
f 5726//5725 5733//5732 5734//5733 5725//5724
f 5735//5734 5734//5733 5733//5732 5736//5735
f 5732//5731 5731//5730 5734//5733 5735//5734
f 5725//5724 5734//5733 5731//5730 5717//5716
f 5737//5736 5738//5737 5739//5738 5740//5739
f 5438//5437 5739//5738 5738//5737 5403//5402
f 5440//5439 5441//5440 5739//5738 5438//5437
f 5740//5739 5739//5738 5441//5440 4019//4017
f 5732//5731 5741//5740 5742//5741 5730//5729
f 5741//5740 5737//5736 5740//5739
f 4019//4017 4016//4014 5742//5741 5740//5739
f 5730//5729 5742//5741 4016//4014 4013//4011
f 5736//5735 5743//5742 5744//5743 5735//5734
f 5745//5744 5744//5743 5743//5742 5746//5745
f 5744//5743 5745//5744 5737//5736
f 5735//5734 5744//5743 5741//5740 5732//5731
f 4125//4123 4130//4128 5747//5746 5720//5719
f 5748//5747 5747//5746 4130//4128 4129//4127
f 5749//5748 5750//5749 5747//5746 5748//5747
f 5720//5719 5747//5746 5750//5749 5721//5720
f 5721//5720 5750//5749 5751//5750 5728//5727
f 5752//5751 5751//5750 5750//5749 5749//5748
f 5736//5735 5733//5732 5751//5750 5752//5751
f 5728//5727 5751//5750 5733//5732 5726//5725
f 5403//5402 5738//5737 5753//5752 5402//5401
f 5754//5753 5753//5752 5738//5737 5737//5736
f 5755//5754 5756//5755 5753//5752 5754//5753
f 5402//5401 5753//5752 5756//5755 5368//5367
f 5376//5375 5757//5756 5758//5757 5372//5371
f 5759//5758 5758//5757 5757//5756 5760//5759
f 4092//4090 5353//5352 5758//5757 5759//5758
f 5372//5371 5758//5757 5353//5352 5352//5351
f 5761//5760 5745//5744 5746//5745
f 5762//5761 5763//5762 5764//5763
f 5764//5763 5755//5754 5754//5753
f 5754//5753 5737//5736 5745//5744
f 5757//5756 5765//5764 5766//5765 5760//5759
f 5382//5381 5765//5764 5757//5756 5376//5375
f 5368//5367 5756//5755 5765//5764 5382//5381
f 5766//5765 5765//5764 5756//5755 5755//5754
f 5763//5762 5767//5766 5768//5767 5764//5763
f 5766//5765 5768//5767 5767//5766 5760//5759
f 5755//5754 5764//5763 5768//5767 5766//5765
f 4129//4127 5769//5768 5770//5769 5748//5747
f 5767//5766 5770//5769 5769//5768 5760//5759
f 5763//5762 5771//5770 5770//5769 5767//5766
f 5748//5747 5770//5769 5771//5770 5749//5748
f 4088//4086 4093//4091 5772//5771 4132//4130
f 5759//5758 5772//5771 4093//4091 4092//4090
f 5760//5759 5769//5768 5772//5771 5759//5758
f 4132//4130 5772//5771 5769//5768 4129//4127
f 5749//5748 5771//5770 5773//5772 5752//5751
f 5762//5761 5773//5772 5771//5770 5763//5762
f 5746//5745 5743//5742 5773//5772 5762//5761
f 5752//5751 5773//5772 5743//5742 5736//5735
f 5774//5773 5775//5774 4286//4284 4285//4283
f 5776//5775 5775//5774 5774//5773 5777//5776
f 2945//2943 2944//2942 5775//5774 5776//5775
f 4286//4284 5775//5774 2944//2942 1353//1353
f 5778//5777 5774//5773 4285//4283
f 4290//4288 4289//4287 5779//5778
f 5780//5779 5781//5780 5778//5777 5779//5778
f 5777//5776 5774//5773 5778//5777 5781//5780
f 5777//5776 5781//5780 5782//5781 5776//5775
f 5783//5782 5782//5781 5781//5780 5780//5779
f 2954//2952 2953//2951 5782//5781 5783//5782
f 5776//5775 5782//5781 2953//2951 2945//2943
f 5784//5783 5785//5784 4296//4294 4295//4293
f 5786//5785 5785//5784 5784//5783 5787//5786
f 5779//5778 5785//5784 5786//5785 5780//5779
f 4289//4287 4296//4294 5785//5784 5779//5778
f 4330//4328 5788//5787 4300//4298 4299//4297
f 5789//5788 5788//5787 4330//4328 4334//4332
f 5787//5786 5784//5783 5788//5787 5789//5788
f 5784//5783 4295//4293 4300//4298
f 4334//4332 5790//5789 5791//5790 5789//5788
f 5790//5789 2967//2965 2966//2964
f 2965//2963 5792//5791 5791//5790 2966//2964
f 5789//5788 5791//5790 5792//5791 5787//5786
f 5793//5792 5234//5233 5233//5232
f 5790//5789 5793//5792 5794//5793 2967//2965
f 4334//4332 4333//4331 5793//5792 5790//5789
f 5234//5233 5793//5792 4333//4331 4332//4330
f 2431//2429 2971//2969 5795//5794 5288//5287
f 5794//5793 5795//5794 2971//2969 2967//2965
f 5233//5232 5284//5283 5795//5794 5794//5793
f 5288//5287 5795//5794 5284//5283 5283//5282
f 5780//5779 5786//5785 5796//5795 5783//5782
f 5787//5786 5792//5791 5796//5795 5786//5785
f 5796//5795 5792//5791 2965//2963 2973//2971
f 5783//5782 5796//5795 2973//2971 2954//2952
f 5797//5796 5798//5797 5799//5798 5800//5799
f 5801//5800 5799//5798 5798//5797 5802//5801
f 2303//2301 2305//2303 5799//5798 5801//5800
f 5800//5799 5799//5798 2305//2303 2304//2302
f 5802//5801 5803//5802 5804//5803 5801//5800
f 2564//2562 5804//5803 5803//5802 2565//2563
f 2279//2277 2301//2299 5804//5803 2564//2562
f 5801//5800 5804//5803 2301//2299 2303//2301
f 5805//5804 5806//5805 2387//2385 2386//2384
f 5807//5806 5808//5807 5806//5805 5805//5804
f 5800//5799 5806//5805 5808//5807 5797//5796
f 2304//2302 2387//2385 5806//5805 5800//5799
f 2386//2384 2507//2505 5809//5808 5805//5804
f 5810//5809 5809//5808 2507//2505 2506//2504
f 5811//5810 5812//5811 5809//5808 5810//5809
f 5805//5804 5809//5808 5812//5811 5807//5806
f 2506//2504 2511//2509 5813//5812 5810//5809
f 5814//5813 5813//5812 2511//2509 2510//2508
f 5813//5812 5814//5813 5815//5814 5816//5815
f 5810//5809 5813//5812 5816//5815 5811//5810
f 2565//2563 5803//5802 5817//5816 5818//5817
f 5819//5818 5817//5816 5803//5802 5802//5801
f 5820//5819 5818//5817 5817//5816 5819//5818
f 5821//5820 2519//2517 2518//2516 5822//5821
f 5823//5822 5821//5820 5822//5821 5824//5823
f 5825//5824 5826//5825 5821//5820 5823//5822
f 2519//2517 5821//5820 5826//5825 2523//2521
f 5820//5819 5827//5826 5828//5827 5818//5817
f 5829//5828 5828//5827 5827//5826 5830//5829
f 2624//2622 2623//2621 5828//5827 5829//5828
f 5818//5817 5828//5827 2623//2621 2565//2563
f 5831//5830 5832//5831 5829//5828 5830//5829
f 5833//5832 5834//5833 5832//5831 5831//5830
f 2629//2627 5832//5831 5834//5833 2555//2553
f 2624//2622 5829//5828 5832//5831 2629//2627
f 5835//5834 5836//5835 5834//5833 5833//5832
f 5837//5836 5838//5837 5836//5835 5835//5834
f 2554//2552 5836//5835 5838//5837 2556//2554
f 2555//2553 5834//5833 5836//5835 2554//2552
f 2556//2554 5838//5837 5839//5838 2558//2556
f 5840//5839 5839//5838 5838//5837 5837//5836
f 5841//5840 5842//5841 5839//5838 5840//5839
f 2558//2556 5839//5838 5842//5841 2547//2545
f 2547//2545 5842//5841 5843//5842 2548//2546
f 5844//5843 5843//5842 5842//5841 5841//5840
f 5824//5823 5822//5821 5843//5842 5844//5843
f 5843//5842 5822//5821 2518//2516 2548//2546
f 5141//5140 5397//5396 5845//5844 5161//5160
f 5846//5845 5845//5844 5397//5396 5396//5395
f 5847//5846 5848//5847 5845//5844 5846//5845
f 5161//5160 5845//5844 5848//5847 5163//5162
f 5849//5848 5850//5849 5851//5850 5852//5851
f 5168//5167 5851//5850 5850//5849 5165//5164
f 5163//5162 5848//5847 5851//5850 5168//5167
f 5852//5851 5851//5850 5848//5847 5847//5846
f 5853//5852 5854//5853 5850//5849 5849//5848
f 5855//5854 5856//5855 5854//5853 5853//5852
f 5250//5249 5854//5853 5856//5855 5247//5246
f 5165//5164 5850//5849 5854//5853 5250//5249
f 5247//5246 5856//5855 5857//5856 5345//5344
f 5858//5857 5857//5856 5856//5855 5855//5854
f 5859//5858 5860//5859 5857//5856 5858//5857
f 5345//5344 5857//5856 5860//5859 5346//5345
f 5346//5345 5860//5859 5861//5860 5349//5348
f 5862//5861 5861//5860 5860//5859 5859//5858
f 5815//5814 5814//5813 5861//5860 5862//5861
f 5349//5348 5861//5860 5814//5813 2510//2508
f 5846//5845 5863//5862 5864//5863 5847//5846
f 5396//5395 5865//5864 5863//5862 5846//5845
f 5866//5865 5864//5863 5863//5862 5865//5864
f 5825//5824 5867//5866 5868//5867 5826//5825
f 5869//5868 5868//5867 5867//5866 5870//5869
f 5357//5356 5356//5355 5868//5867 5869//5868
f 5826//5825 5868//5867 5356//5355 2523//2521
f 5871//5870 5872//5871 5459//5458 5458//5457
f 5873//5872 5874//5873 5872//5871 5871//5870
f 5865//5864 5872//5871 5874//5873 5866//5865
f 5459//5458 5872//5871 5865//5864 5396//5395
f 5875//5874 5876//5875 5460//5459 5389//5388
f 5877//5876 5878//5877 5876//5875 5875//5874
f 5871//5870 5876//5875 5878//5877 5873//5872
f 5458//5457 5460//5459 5876//5875 5871//5870
f 5879//5878 5880//5879 5388//5387 5387//5386
f 5881//5880 5882//5881 5880//5879 5879//5878
f 5875//5874 5880//5879 5882//5881 5877//5876
f 5389//5388 5388//5387 5880//5879 5875//5874
f 5387//5386 5391//5390 5883//5882 5879//5878
f 5884//5883 5883//5882 5391//5390 5380//5379
f 5885//5884 5886//5885 5883//5882 5884//5883
f 5879//5878 5883//5882 5886//5885 5881//5880
f 5870//5869 5887//5886 5888//5887 5869//5868
f 5884//5883 5888//5887 5887//5886 5885//5884
f 5380//5379 5378//5377 5888//5887 5884//5883
f 5869//5868 5888//5887 5378//5377 5357//5356
f 5889//5888 5890//5889 5798//5797 5797//5796
f 5890//5889 5889//5888 5891//5890 5892//5891
f 5893//5892 5894//5893 5890//5889 5892//5891
f 5798//5797 5890//5889 5894//5893 5802//5801
f 5895//5894 5896//5895 5808//5807 5807//5806
f 5897//5896 5898//5897 5896//5895 5895//5894
f 5889//5888 5896//5895 5898//5897 5891//5890
f 5797//5796 5808//5807 5896//5895 5889//5888
f 5899//5898 5900//5899 5901//5900 5902//5901
f 5895//5894 5901//5900 5900//5899 5897//5896
f 5807//5806 5812//5811 5901//5900 5895//5894
f 5902//5901 5901//5900 5812//5811 5811//5810
f 5815//5814 5903//5902 5904//5903 5816//5815
f 5905//5904 5904//5903 5903//5902 5906//5905
f 5902//5901 5904//5903 5905//5904 5899//5898
f 5811//5810 5816//5815 5904//5903 5902//5901
f 5893//5892 5907//5906 5908//5907 5894//5893
f 5909//5908 5908//5907 5907//5906 5910//5909
f 5820//5819 5819//5818 5908//5907 5909//5908
f 5894//5893 5908//5907 5819//5818 5802//5801
f 5824//5823 5911//5910 5912//5911 5823//5822
f 5913//5912 5912//5911 5911//5910 5914//5913
f 5915//5914 5916//5915 5912//5911 5913//5912
f 5823//5822 5912//5911 5916//5915 5825//5824
f 5917//5916 5918//5917 5909//5908 5910//5909
f 5919//5918 5920//5919 5918//5917 5917//5916
f 5830//5829 5827//5826 5918//5917 5920//5919
f 5909//5908 5918//5917 5827//5826 5820//5819
f 5830//5829 5920//5919 5921//5920 5831//5830
f 5922//5921 5921//5920 5920//5919 5919//5918
f 5923//5922 5924//5923 5921//5920 5922//5921
f 5831//5830 5921//5920 5924//5923 5833//5832
f 5925//5924 5926//5925 5924//5923 5923//5922
f 5927//5926 5928//5927 5926//5925 5925//5924
f 5835//5834 5926//5925 5928//5927 5837//5836
f 5833//5832 5924//5923 5926//5925 5835//5834
f 5837//5836 5928//5927 5929//5928 5840//5839
f 5930//5929 5929//5928 5928//5927 5927//5926
f 5931//5930 5932//5931 5929//5928 5930//5929
f 5840//5839 5929//5928 5932//5931 5841//5840
f 5841//5840 5932//5931 5933//5932 5844//5843
f 5934//5933 5933//5932 5932//5931 5931//5930
f 5914//5913 5911//5910 5933//5932 5934//5933
f 5844//5843 5933//5932 5911//5910 5824//5823
f 5935//5934 5936//5935 5852//5851 5847//5846
f 5937//5936 5938//5937 5936//5935 5935//5934
f 5939//5938 5936//5935 5938//5937 5940//5939
f 5849//5848 5852//5851 5936//5935 5939//5938
f 5939//5938 5941//5940 5853//5852 5849//5848
f 5940//5939 5942//5941 5941//5940 5939//5938
f 5943//5942 5941//5940 5942//5941 5944//5943
f 5855//5854 5853//5852 5941//5940 5943//5942
f 5944//5943 5945//5944 5946//5945 5943//5942
f 5947//5946 5946//5945 5945//5944 5948//5947
f 5859//5858 5858//5857 5946//5945 5947//5946
f 5943//5942 5946//5945 5858//5857 5855//5854
f 5948//5947 5949//5948 5950//5949 5947//5946
f 5903//5902 5950//5949 5949//5948 5906//5905
f 5862//5861 5950//5949 5903//5902 5815//5814
f 5859//5858 5947//5946 5950//5949 5862//5861
f 5951//5950 5952//5951 5864//5863 5866//5865
f 5953//5952 5954//5953 5952//5951 5951//5950
f 5935//5934 5952//5951 5954//5953 5937//5936
f 5847//5846 5864//5863 5952//5951 5935//5934
f 5915//5914 5955//5954 5956//5955 5916//5915
f 5957//5956 5956//5955 5955//5954 5958//5957
f 5870//5869 5867//5866 5956//5955 5957//5956
f 5956//5955 5867//5866 5825//5824 5916//5915
f 5959//5958 5960//5959 5961//5960 5962//5961
f 5951//5950 5961//5960 5960//5959 5953//5952
f 5866//5865 5874//5873 5961//5960 5951//5950
f 5962//5961 5961//5960 5874//5873 5873//5872
f 5963//5962 5964//5963 5965//5964 5966//5965
f 5962//5961 5965//5964 5964//5963 5959//5958
f 5873//5872 5878//5877 5965//5964 5962//5961
f 5966//5965 5965//5964 5878//5877 5877//5876
f 5967//5966 5968//5967 5882//5881 5881//5880
f 5969//5968 5970//5969 5968//5967 5967//5966
f 5966//5965 5968//5967 5970//5969 5963//5962
f 5877//5876 5882//5881 5968//5967 5966//5965
f 5971//5970 5972//5971 5973//5972 5974//5973
f 5967//5966 5973//5972 5972//5971 5969//5968
f 5881//5880 5886//5885 5973//5972 5967//5966
f 5974//5973 5973//5972 5886//5885 5885//5884
f 5958//5957 5975//5974 5976//5975 5957//5956
f 5974//5973 5976//5975 5975//5974 5971//5970
f 5885//5884 5887//5886 5976//5975 5974//5973
f 5957//5956 5976//5975 5887//5886 5870//5869
f 5891//5890 5977//5976 5978//5977 5892//5891
f 5979//5978 5978//5977 5977//5976 5980//5979
f 5981//5980 5982//5981 5978//5977 5979//5978
f 5892//5891 5978//5977 5982//5981 5893//5892
f 5983//5982 5984//5983 5898//5897 5897//5896
f 5985//5984 5984//5983 5983//5982 5986//5985
f 5980//5979 5977//5976 5984//5983 5985//5984
f 5898//5897 5984//5983 5977//5976 5891//5890
f 5987//5986 5988//5987 5989//5988 5990//5989
f 5983//5982 5989//5988 5988//5987 5986//5985
f 5897//5896 5900//5899 5989//5988 5983//5982
f 5990//5989 5989//5988 5900//5899 5899//5898
f 5991//5990 5992//5991 5905//5904 5906//5905
f 5993//5992 5994//5993 5992//5991 5991//5990
f 5990//5989 5992//5991 5994//5993 5987//5986
f 5899//5898 5905//5904 5992//5991 5990//5989
f 5995//5994 5996//5995 5982//5981 5981//5980
f 5997//5996 5998//5997 5996//5995 5995//5994
f 5907//5906 5996//5995 5998//5997 5910//5909
f 5893//5892 5982//5981 5996//5995 5907//5906
f 5914//5913 5999//5998 6000//5999 5913//5912
f 6001//6000 6000//5999 5999//5998 6002//6001
f 6003//6002 6000//5999 6001//6000 6004//6003
f 5913//5912 6000//5999 6003//6002 5915//5914
f 5910//5909 5998//5997 6005//6004 5917//5916
f 6006//6005 6005//6004 5998//5997 5997//5996
f 6007//6006 6008//6007 6005//6004 6006//6005
f 5917//5916 6005//6004 6008//6007 5919//5918
f 5919//5918 6008//6007 6009//6008 5922//5921
f 6010//6009 6009//6008 6008//6007 6007//6006
f 6011//6010 6012//6011 6009//6008 6010//6009
f 5922//5921 6009//6008 6012//6011 5923//5922
f 6013//6012 6014//6013 6012//6011 6011//6010
f 6015//6014 6016//6015 6014//6013 6013//6012
f 5925//5924 6014//6013 6016//6015 5927//5926
f 5923//5922 6012//6011 6014//6013 5925//5924
f 6017//6016 6018//6017 6016//6015 6015//6014
f 6019//6018 6020//6019 6018//6017 6017//6016
f 5930//5929 6018//6017 6020//6019 5931//5930
f 5927//5926 6016//6015 6018//6017 5930//5929
f 5931//5930 6020//6019 6021//6020 5934//5933
f 6022//6021 6021//6020 6020//6019 6019//6018
f 6002//6001 5999//5998 6021//6020 6022//6021
f 5934//5933 6021//6020 5999//5998 5914//5913
f 6023//6022 6024//6023 6025//6024 6026//6025
f 6027//6026 6025//6024 6024//6023 6028//6027
f 5940//5939 5938//5937 6025//6024 6027//6026
f 6026//6025 6025//6024 5938//5937 5937//5936
f 6028//6027 6029//6028 6030//6029 6027//6026
f 6031//6030 6030//6029 6029//6028 6032//6031
f 5944//5943 5942//5941 6030//6029 6031//6030
f 6027//6026 6030//6029 5942//5941 5940//5939
f 6032//6031 6033//6032 6034//6033 6031//6030
f 6035//6034 6034//6033 6033//6032 6036//6035
f 5948//5947 5945//5944 6034//6033 6035//6034
f 6031//6030 6034//6033 5945//5944 5944//5943
f 6036//6035 6037//6036 6038//6037 6035//6034
f 6037//6036 5993//5992 5991//5990
f 5949//5948 6038//6037 5991//5990 5906//5905
f 6035//6034 6038//6037 5949//5948 5948//5947
f 6039//6038 6040//6039 5954//5953 5953//5952
f 6041//6040 6042//6041 6040//6039 6039//6038
f 6042//6041 6023//6022 6026//6025
f 5937//5936 5954//5953 6040//6039 6026//6025
f 6004//6003 6043//6042 6044//6043 6003//6002
f 6045//6044 6044//6043 6043//6042 6046//6045
f 5958//5957 5955//5954 6044//6043 6045//6044
f 6003//6002 6044//6043 5955//5954 5915//5914
f 6047//6046 6048//6047 6049//6048 6050//6049
f 6039//6038 6049//6048 6048//6047 6041//6040
f 5953//5952 5960//5959 6049//6048 6039//6038
f 6050//6049 6049//6048 5960//5959 5959//5958
f 6051//6050 6052//6051 6053//6052 6054//6053
f 6050//6049 6053//6052 6052//6051 6047//6046
f 5959//5958 5964//5963 6053//6052 6050//6049
f 6054//6053 6053//6052 5964//5963 5963//5962
f 6055//6054 6056//6055 5970//5969 5969//5968
f 6057//6056 6058//6057 6056//6055 6055//6054
f 6054//6053 6056//6055 6058//6057 6051//6050
f 5963//5962 5970//5969 6056//6055 6054//6053
f 6059//6058 6060//6059 6061//6060 6062//6061
f 6055//6054 6061//6060 6060//6059 6057//6056
f 5969//5968 5972//5971 6061//6060 6055//6054
f 5972//5971 5971//5970 6062//6061
f 6045//6044 6063//6062 5975//5974 5958//5957
f 6046//6045 6064//6063 6063//6062 6045//6044
f 6064//6063 6059//6058 6062//6061
f 5971//5970 5975//5974 6063//6062 6062//6061
f 6065//6064 6066//6065 6067//6066
f 6068//6067 6065//6064 6069//6068 6070//6069
f 6071//6070 6072//6071 6065//6064 6068//6067
f 6066//6065 6065//6064 6072//6071 6073//6072
f 6074//6073 6075//6074 6076//6075 6077//6076
f 6078//6077 6076//6075 6075//6074 6079//6078
f 6080//6079 6081//6080 6076//6075 6078//6077
f 6077//6076 6076//6075 6081//6080 6082//6081
f 6070//6069 6083//6082 6084//6083 6068//6067
f 6085//6084 6084//6083 6083//6082 6086//6085
f 6087//6086 6084//6083 6085//6084 6088//6087
f 6084//6083 6087//6086 6071//6070 6068//6067
f 6079//6078 6075//6074 6089//6088 6090//6089
f 6091//6090 6089//6088 6075//6074 6074//6073
f 6086//6085 6083//6082 6089//6088 6091//6090
f 6090//6089 6089//6088 6083//6082 6070//6069
f 6092//6091 6093//6092 6094//6093 6095//6094
f 6077//6076 6094//6093 6093//6092 6074//6073
f 6082//6081 6096//6095 6094//6093 6077//6076
f 6095//6094 6094//6093 6096//6095 6097//6096
f 6086//6085 6098//6097 6099//6098 6085//6084
f 6099//6098 6098//6097 6100//6099 6101//6100
f 6102//6101 6099//6098 6101//6100 6103//6102
f 6099//6098 6102//6101 6088//6087 6085//6084
f 6074//6073 6093//6092 6104//6103 6091//6090
f 6105//6104 6104//6103 6093//6092 6092//6091
f 6100//6099 6098//6097 6104//6103 6105//6104
f 6091//6090 6104//6103 6098//6097 6086//6085
f 6106//6105 6107//6106 6108//6107 6109//6108
f 6095//6094 6108//6107 6107//6106 6092//6091
f 6097//6096 6110//6109 6108//6107 6095//6094
f 6109//6108 6108//6107 6110//6109 6111//6110
f 6112//6111 6113//6112 6114//6113 6115//6114
f 6116//6115 6114//6113 6113//6112 6117//6116
f 6103//6102 6101//6100 6114//6113 6116//6115
f 6115//6114 6114//6113 6101//6100 6100//6099
f 6092//6091 6107//6106 6118//6117 6105//6104
f 6119//6118 6118//6117 6107//6106 6106//6105
f 6118//6117 6119//6118 6112//6111 6115//6114
f 6105//6104 6118//6117 6115//6114 6100//6099
f 6120//6119 6121//6120 6122//6121 6123//6122
f 6109//6108 6122//6121 6121//6120 6106//6105
f 6111//6110 6124//6123 6122//6121 6109//6108
f 6123//6122 6122//6121 6124//6123 6125//6124
f 6126//6125 6127//6126 6128//6127 6129//6128
f 6130//6129 6128//6127 6127//6126 6131//6130
f 6117//6116 6113//6112 6128//6127 6130//6129
f 6129//6128 6128//6127 6113//6112 6112//6111
f 6106//6105 6121//6120 6132//6131 6119//6118
f 6132//6131 6121//6120 6120//6119 6133//6132
f 6132//6131 6133//6132 6126//6125 6129//6128
f 6119//6118 6132//6131 6129//6128 6112//6111
f 6134//6133 6135//6134 6136//6135 6137//6136
f 6135//6134 6134//6133 6120//6119 6123//6122
f 6125//6124 6138//6137 6135//6134 6123//6122
f 6136//6135 6135//6134 6138//6137 6139//6138
f 6140//6139 6141//6140 6142//6141 6143//6142
f 6144//6143 6142//6141 6141//6140 6145//6144
f 6131//6130 6127//6126 6142//6141 6144//6143
f 6143//6142 6142//6141 6127//6126 6126//6125
f 6134//6133 6146//6145 6133//6132 6120//6119
f 6137//6136 6147//6146 6146//6145 6134//6133
f 6143//6142 6146//6145 6147//6146 6140//6139
f 6126//6125 6133//6132 6146//6145 6143//6142
f 6148//6147 6149//6148 6150//6149 6151//6150
f 6152//6151 6150//6149 6149//6148 6153//6152
f 6137//6136 6136//6135 6150//6149 6152//6151
f 6151//6150 6150//6149 6136//6135 6139//6138
f 6154//6153 6155//6154 6156//6155 6157//6156
f 6158//6157 6156//6155 6155//6154 6159//6158
f 6145//6144 6141//6140 6156//6155 6158//6157
f 6157//6156 6156//6155 6141//6140 6140//6139
f 6153//6152 6160//6159 6161//6160 6152//6151
f 6157//6156 6161//6160 6160//6159 6154//6153
f 6140//6139 6147//6146 6161//6160 6157//6156
f 6152//6151 6161//6160 6147//6146 6137//6136
f 6162//6161 6163//6162 6164//6163 6165//6164
f 6166//6165 6164//6163 6163//6162 6167//6166
f 6153//6152 6149//6148 6164//6163 6166//6165
f 6165//6164 6164//6163 6149//6148 6148//6147
f 6168//6167 6169//6168 6170//6169 6171//6170
f 6172//6171 6173//6172 6170//6169 6169//6168
f 6170//6169 6173//6172 6159//6158 6155//6154
f 6171//6170 6170//6169 6155//6154 6154//6153
f 6167//6166 6174//6173 6175//6174 6166//6165
f 6171//6170 6175//6174 6174//6173 6168//6167
f 6154//6153 6160//6159 6175//6174 6171//6170
f 6166//6165 6175//6174 6160//6159 6153//6152
f 6176//6175 6177//6176 6178//6177 6179//6178
f 6180//6179 6178//6177 6177//6176 6181//6180
f 6167//6166 6163//6162 6178//6177 6180//6179
f 6179//6178 6178//6177 6163//6162 6162//6161
f 6182//6181 6183//6182 6184//6183 6185//6184
f 6186//6185 6187//6186 6183//6182 6182//6181
f 6169//6168 6183//6182 6187//6186 6172//6171
f 6183//6182 6169//6168 6168//6167 6184//6183
f 6181//6180 6188//6187 6189//6188 6180//6179
f 6184//6183 6189//6188 6188//6187 6185//6184
f 6168//6167 6174//6173 6189//6188 6184//6183
f 6180//6179 6189//6188 6174//6173 6167//6166
f 6190//6189 6191//6190 6192//6191 6193//6192
f 6194//6193 6192//6191 6191//6190 6195//6194
f 6181//6180 6177//6176 6192//6191 6194//6193
f 6193//6192 6192//6191 6177//6176 6176//6175
f 6196//6195 6197//6196 6198//6197 6199//6198
f 6200//6199 6201//6200 6196//6195 6199//6198
f 6182//6181 6196//6195 6201//6200 6186//6185
f 6185//6184 6197//6196 6196//6195 6182//6181
f 6195//6194 6202//6201 6203//6202 6194//6193
f 6197//6196 6203//6202 6202//6201 6198//6197
f 6185//6184 6188//6187 6203//6202 6197//6196
f 6194//6193 6203//6202 6188//6187 6181//6180
f 6204//6203 6205//6204 6206//6205 6207//6206
f 6208//6207 6206//6205 6205//6204 6209//6208
f 6195//6194 6191//6190 6206//6205 6208//6207
f 6207//6206 6206//6205 6191//6190 6190//6189
f 6210//6209 6211//6210 6212//6211 6213//6212
f 6214//6213 6215//6214 6211//6210 6210//6209
f 6199//6198 6211//6210 6215//6214 6200//6199
f 6198//6197 6212//6211 6211//6210 6199//6198
f 6209//6208 6216//6215 6217//6216 6208//6207
f 6212//6211 6217//6216 6216//6215 6213//6212
f 6198//6197 6202//6201 6217//6216 6212//6211
f 6208//6207 6217//6216 6202//6201 6195//6194
f 6218//6217 6219//6218 6220//6219 6221//6220
f 6222//6221 6220//6219 6219//6218 6223//6222
f 6209//6208 6205//6204 6220//6219 6222//6221
f 6221//6220 6220//6219 6205//6204 6204//6203
f 6224//6223 6225//6224 6226//6225 6227//6226
f 6228//6227 6229//6228 6225//6224 6224//6223
f 6210//6209 6225//6224 6229//6228 6214//6213
f 6213//6212 6226//6225 6225//6224 6210//6209
f 6223//6222 6230//6229 6231//6230 6222//6221
f 6226//6225 6231//6230 6230//6229 6227//6226
f 6213//6212 6216//6215 6231//6230 6226//6225
f 6222//6221 6231//6230 6216//6215 6209//6208
f 6232//6231 6233//6232 6234//6233 6235//6234
f 6236//6235 6234//6233 6233//6232 6237//6236
f 6223//6222 6219//6218 6234//6233 6236//6235
f 6235//6234 6234//6233 6219//6218 6218//6217
f 6238//6237 6239//6238 6240//6239 6241//6240
f 6242//6241 6243//6242 6239//6238 6238//6237
f 6224//6223 6239//6238 6243//6242 6228//6227
f 6227//6226 6240//6239 6239//6238 6224//6223
f 6237//6236 6244//6243 6245//6244 6236//6235
f 6240//6239 6245//6244 6244//6243 6241//6240
f 6227//6226 6230//6229 6245//6244 6240//6239
f 6236//6235 6245//6244 6230//6229 6223//6222
f 6246//6245 6247//6246 6248//6247 6249//6248
f 6250//6249 6248//6247 6247//6246 6251//6250
f 6237//6236 6233//6232 6248//6247 6250//6249
f 6249//6248 6248//6247 6233//6232 6232//6231
f 6252//6251 6253//6252 6254//6253 6255//6254
f 6256//6255 6257//6256 6253//6252 6252//6251
f 6238//6237 6253//6252 6257//6256 6242//6241
f 6241//6240 6254//6253 6253//6252 6238//6237
f 6251//6250 6258//6257 6259//6258 6250//6249
f 6259//6258 6258//6257 6255//6254 6254//6253
f 6241//6240 6244//6243 6259//6258 6254//6253
f 6250//6249 6259//6258 6244//6243 6237//6236
f 6260//6259 6261//6260 6262//6261 6263//6262
f 6264//6263 6262//6261 6261//6260 6265//6264
f 6251//6250 6247//6246 6262//6261 6264//6263
f 6247//6246 6246//6245 6263//6262
f 6255//6254 6266//6265 6267//6266 6252//6251
f 6268//6267 6269//6268 6267//6266 6266//6265
f 6270//6269 6267//6266 6269//6268 6271//6270
f 6267//6266 6270//6269 6256//6255 6252//6251
f 6264//6263 6272//6271 6258//6257 6251//6250
f 6265//6264 6273//6272 6272//6271 6264//6263
f 6266//6265 6272//6271 6273//6272 6268//6267
f 6272//6271 6266//6265 6255//6254 6258//6257
f 6274//6273 6275//6274 6276//6275 6277//6276
f 6278//6277 6276//6275 6275//6274 6279//6278
f 6265//6264 6261//6260 6276//6275 6278//6277
f 6277//6276 6276//6275 6261//6260 6260//6259
f 6280//6279 6281//6280 6282//6281 6283//6282
f 6284//6283 6282//6281 6281//6280 6285//6284
f 6271//6270 6269//6268 6282//6281 6284//6283
f 6283//6282 6282//6281 6269//6268 6268//6267
f 6279//6278 6286//6285 6287//6286 6278//6277
f 6283//6282 6287//6286 6286//6285 6280//6279
f 6268//6267 6273//6272 6287//6286 6283//6282
f 6278//6277 6287//6286 6273//6272 6265//6264
f 6288//6287 6289//6288 6290//6289 6291//6290
f 6292//6291 6290//6289 6289//6288 6293//6292
f 6279//6278 6275//6274 6290//6289 6292//6291
f 6291//6290 6290//6289 6275//6274 6274//6273
f 6294//6293 6295//6294 6296//6295 6297//6296
f 6298//6297 6296//6295 6295//6294 6299//6298
f 6285//6284 6281//6280 6296//6295 6298//6297
f 6297//6296 6296//6295 6281//6280 6280//6279
f 6293//6292 6300//6299 6301//6300 6292//6291
f 6297//6296 6301//6300 6300//6299 6294//6293
f 6280//6279 6286//6285 6301//6300 6297//6296
f 6292//6291 6301//6300 6286//6285 6279//6278
f 6299//6298 6295//6294 6302//6301 6303//6302
f 6304//6303 6302//6301 6295//6294 6294//6293
f 6305//6304 6306//6305 6302//6301 6304//6303
f 6303//6302 6302//6301 6306//6305 6307//6306
f 6308//6307 6309//6308 6310//6309 6311//6310
f 6312//6311 6310//6309 6309//6308 6313//6312
f 6307//6306 6306//6305 6310//6309 6312//6311
f 6311//6310 6310//6309 6306//6305 6305//6304
f 6294//6293 6300//6299 6314//6313 6304//6303
f 6315//6314 6314//6313 6300//6299 6293//6292
f 6316//6315 6317//6316 6314//6313 6315//6314
f 6304//6303 6314//6313 6317//6316 6305//6304
f 6318//6317 6319//6318 6320//6319
f 6315//6314 6321//6320 6320//6319 6316//6315
f 6293//6292 6289//6288 6321//6320 6315//6314
f 6289//6288 6288//6287 6318//6317
f 6070//6069 6069//6068 6322//6321 6090//6089
f 6323//6322 6322//6321 6069//6068 6067//6066
f 6324//6323 6325//6324 6322//6321 6323//6322
f 6090//6089 6322//6321 6325//6324 6079//6078
f 6326//6325 6327//6326 6328//6327 6329//6328
f 6316//6315 6320//6319 6328//6327 6327//6326
f 6319//6318 6330//6329 6328//6327
f 6329//6328 6328//6327 6330//6329 6331//6330
f 6308//6307 6332//6331 6333//6332 6309//6308
f 6334//6333 6333//6332 6332//6331 6335//6334
f 6336//6335 6337//6336 6333//6332 6334//6333
f 6309//6308 6333//6332 6337//6336 6313//6312
f 6073//6072 6338//6337 6339//6338 6066//6065
f 6334//6333 6339//6338 6338//6337 6336//6335
f 6335//6334 6340//6339 6339//6338 6334//6333
f 6066//6065 6339//6338 6340//6339 6067//6066
f 6079//6078 6325//6324 6341//6340 6078//6077
f 6325//6324 6324//6323 6342//6341
f 6343//6342 6344//6343 6341//6340 6342//6341
f 6078//6077 6341//6340 6344//6343 6080//6079
f 6345//6344 6346//6345 6347//6346 6348//6347
f 6329//6328 6347//6346 6346//6345 6326//6325
f 6331//6330 6349//6348 6347//6346 6329//6328
f 6348//6347 6347//6346 6349//6348 6350//6349
f 6327//6326 6351//6350 6317//6316 6316//6315
f 6326//6325 6352//6351 6351//6350 6327//6326
f 6311//6310 6351//6350 6352//6351 6308//6307
f 6305//6304 6317//6316 6351//6350 6311//6310
f 6326//6325 6346//6345 6353//6352 6352//6351
f 6353//6352 6346//6345 6345//6344 6354//6353
f 6335//6334 6332//6331 6353//6352 6354//6353
f 6352//6351 6353//6352 6332//6331 6308//6307
f 6355//6354 6356//6355 6354//6353 6345//6344
f 6323//6322 6356//6355 6355//6354 6324//6323
f 6067//6066 6340//6339 6356//6355 6323//6322
f 6354//6353 6356//6355 6340//6339 6335//6334
f 6324//6323 6355//6354 6357//6356 6342//6341
f 6348//6347 6357//6356 6355//6354 6345//6344
f 6350//6349 6358//6357 6357//6356 6348//6347
f 6358//6357 6343//6342 6342//6341
f 6359//6358 6360//6359 6361//6360 6362//6361
f 6363//6362 6364//6363 6360//6359 6359//6358
f 6312//6311 6360//6359 6364//6363 6307//6306
f 6313//6312 6361//6360 6360//6359 6312//6311
f 6307//6306 6364//6363 6365//6364 6303//6302
f 6366//6365 6365//6364 6364//6363 6363//6362
f 6367//6366 6368//6367 6365//6364 6366//6365
f 6303//6302 6365//6364 6368//6367 6299//6298
f 6299//6298 6368//6367 6369//6368 6298//6297
f 6370//6369 6369//6368 6368//6367 6367//6366
f 6371//6370 6372//6371 6369//6368 6370//6369
f 6298//6297 6369//6368 6372//6371 6285//6284
f 6285//6284 6372//6371 6373//6372 6284//6283
f 6374//6373 6373//6372 6372//6371 6371//6370
f 6375//6374 6376//6375 6373//6372 6374//6373
f 6284//6283 6373//6372 6376//6375 6271//6270
f 6377//6376 6378//6377 6376//6375 6375//6374
f 6379//6378 6380//6379 6378//6377 6377//6376
f 6270//6269 6378//6377 6380//6379 6256//6255
f 6271//6270 6376//6375 6378//6377 6270//6269
f 6381//6380 6257//6256 6256//6255 6380//6379
f 6381//6380 6380//6379 6379//6378 6382//6381
f 6381//6380 6382//6381 6383//6382 6384//6383
f 6381//6380 6384//6383 6242//6241 6257//6256
f 6383//6382 6385//6384 6386//6385 6384//6383
f 6387//6386 6386//6385 6385//6384 6388//6387
f 6228//6227 6243//6242 6386//6385 6387//6386
f 6384//6383 6386//6385 6243//6242 6242//6241
f 6392//6388 6393//6389 6394//6390
f 6396//6391 6397//6392 6398//6393 6399//6394
f 6366//6365 6398//6393 6397//6392 6367//6366
f 6363//6362 6400//6395 6398//6393 6366//6365
f 6399//6394 6398//6393 6400//6395 6394//6390
f 6403//6396 6402//6397 6401//6398 6404//6399
f 6405//6400 6406//6401 6393//6389 6391//6402
f 6407//6403 6408//6404 6406//6401 6405//6400
f 6399//6394 6406//6401 6408//6404 6396//6391
f 6406//6401 6399//6394 6394//6390
f 6409//6405 6403//6396 6404//6399
f 6405//6400 6409//6405 6410//6406 6407//6403
f 6409//6405 6405//6400 6391//6402
f 6367//6366 6397//6392 6411//6407 6370//6369
f 6412//6408 6411//6407 6397//6392 6396//6391
f 6413//6409 6414//6410 6411//6407 6412//6408
f 6370//6369 6411//6407 6414//6410 6371//6370
f 6396//6391 6408//6404 6415//6411 6412//6408
f 6416//6412 6415//6411 6408//6404 6407//6403
f 6417//6413 6418//6414 6415//6411 6416//6412
f 6412//6408 6415//6411 6418//6414 6413//6409
f 6419//6415 6420//6416 6421//6417 6422//6418
f 6416//6412 6421//6417 6420//6416 6417//6413
f 6407//6403 6410//6406 6421//6417 6416//6412
f 6410//6406 6404//6399 6422//6418
f 6423//6419 6424//6420 6414//6410 6413//6409
f 6425//6421 6424//6420 6423//6419 6426//6422
f 6425//6421 6375//6374 6374//6373
f 6371//6370 6414//6410 6424//6420 6374//6373
f 6390//6423 6427//6424 6428//6425 6401//6398
f 6429//6426 6428//6425 6427//6424 6430//6427
f 6419//6415 6422//6418 6428//6425 6429//6426
f 6404//6399 6401//6398 6428//6425 6422//6418
f 6431//6428 6432//6429 6418//6414 6417//6413
f 6432//6429 6431//6428 6433//6430
f 6434//6431 6426//6422 6423//6419
f 6413//6409 6418//6414 6432//6429 6423//6419
f 6420//6416 6419//6415 6429//6426
f 6435//6432 6429//6426 6430//6427
f 6436//6433 6433//6430 6431//6428
f 6417//6413 6420//6416 6435//6432 6431//6428
f 6437//6434 6425//6421 6426//6422
f 6438//6435 6439//6436 6440//6437
f 6379//6378 6377//6376 6437//6434 6440//6437
f 6377//6376 6375//6374 6425//6421
f 6443//6438 6442//6439 6441//6440 6444//6441
f 6430//6427 6427//6424 6442//6439 6443//6438
f 6389//6442 6442//6439 6427//6424 6390//6423
f 6434//6431 6433//6430 6445//6443
f 6446//6444 6447//6445 6448//6446 6445//6443
f 6447//6445 6439//6436 6438//6435
f 6426//6422 6434//6431 6448//6446 6438//6435
f 6444//6441 6449//6447 6450//6448 6443//6438
f 6449//6447 6446//6444 6445//6443
f 6433//6430 6436//6433 6450//6448 6445//6443
f 6443//6438 6450//6448 6436//6433 6430//6427
f 6439//6436 6451//6449 6452//6450 6440//6437
f 6453//6451 6452//6450 6451//6449 6454//6452
f 6383//6382 6382//6381 6452//6450 6453//6451
f 6440//6437 6452//6450 6382//6381 6379//6378
f 6455//6453 6451//6449 6439//6436
f 6456//6454 6455//6453 6447//6445 6446//6444
f 6446//6444 6449//6447 6457//6455 6456//6454
f 6458//6456 6459//6457 6460//6458 6461//6459
f 6462//6460 6460//6458 6459//6457 6463//6461
f 6088//6087 6102//6101 6460//6458 6462//6460
f 6461//6459 6460//6458 6102//6101 6103//6102
f 6463//6461 6464//6462 6465//6463 6462//6460
f 6466//6464 6465//6463 6464//6462 6467//6465
f 6071//6070 6087//6086 6465//6463 6466//6464
f 6462//6460 6465//6463 6087//6086 6088//6087
f 6467//6465 6468//6466 6469//6467 6466//6464
f 6470//6468 6469//6467 6468//6466 6471//6469
f 6073//6072 6072//6071 6469//6467 6470//6468
f 6466//6464 6469//6467 6072//6071 6071//6070
f 6472//6470 6473//6471 6474//6472 6475//6473
f 6361//6360 6474//6472 6473//6471 6362//6361
f 6313//6312 6337//6336 6474//6472 6361//6360
f 6475//6473 6474//6472 6337//6336 6336//6335
f 6471//6469 6476//6474 6477//6475 6470//6468
f 6475//6473 6477//6475 6476//6474 6472//6470
f 6336//6335 6338//6337 6477//6475 6475//6473
f 6470//6468 6477//6475 6338//6337 6073//6072
f 6362//6361 6478//6476 6479//6477 6359//6358
f 6480//6478 6479//6477 6478//6476 6481//6479
f 6394//6390 6400//6395 6479//6477 6480//6478
f 6359//6358 6479//6477 6400//6395 6363//6362
f 6482//6480 6483//6481 6484//6482 6485//6483
f 6478//6476 6484//6482 6483//6481 6481//6479
f 6362//6361 6473//6471 6484//6482 6478//6476
f 6485//6483 6484//6482 6473//6471 6472//6470
f 6486//6484 6487//6485 6488//6486 6489//6487
f 6385//6384 6488//6486 6487//6485 6388//6387
f 6453//6451 6488//6486 6385//6384 6383//6382
f 6489//6487 6488//6486 6453//6451 6454//6452
f 6117//6116 6490//6488 6491//6489 6116//6115
f 6492//6490 6491//6489 6490//6488 6493//6491
f 6458//6456 6461//6459 6491//6489 6492//6490
f 6116//6115 6491//6489 6461//6459 6103//6102
f 6494//6492 6495//6493 6496//6494 6497//6495
f 6493//6491 6490//6488 6495//6493 6494//6492
f 6130//6129 6495//6493 6490//6488 6117//6116
f 6131//6130 6496//6494 6495//6493 6130//6129
f 6145//6144 6498//6496 6499//6497 6144//6143
f 6500//6498 6499//6497 6498//6496 6501//6499
f 6497//6495 6496//6494 6499//6497 6500//6498
f 6144//6143 6499//6497 6496//6494 6131//6130
f 6502//6500 6503//6501 6504//6502 6505//6503
f 6503//6501 6502//6500 6501//6499 6498//6496
f 6158//6157 6503//6501 6498//6496 6145//6144
f 6159//6158 6504//6502 6503//6501 6158//6157
f 6506//6504 6507//6505 6201//6200 6200//6199
f 6508//6506 6509//6507 6507//6505 6506//6504
f 6510//6508 6507//6505 6509//6507 6511//6509
f 6186//6185 6201//6200 6507//6505 6510//6508
f 6512//6510 6513//6511 6215//6214 6214//6213
f 6514//6512 6513//6511 6512//6510 6515//6513
f 6508//6506 6506//6504 6513//6511 6514//6512
f 6200//6199 6215//6214 6513//6511 6506//6504
f 6516//6514 6387//6386 6388//6387 6517//6515
f 6515//6513 6512//6510 6516//6514 6517//6515
f 6214//6213 6229//6228 6516//6514 6512//6510
f 6387//6386 6516//6514 6229//6228 6228//6227
f 6518//6516 6519//6517 6520//6518 6521//6519
f 6517//6515 6520//6518 6519//6517 6515//6513
f 6388//6387 6487//6485 6520//6518 6517//6515
f 6521//6519 6520//6518 6487//6485 6486//6484
f 6522//6520 6523//6521 6480//6478 6481//6479
f 6480//6478 6523//6521 6395//6522 6394//6390
f 6481//6479 6483//6481 6524//6523 6522//6520
f 6483//6481 6482//6480 6525//6524
f 6482//6480 6526//6525 6527//6526 6525//6524
f 6528//6527 6526//6525 6529//6528 6530//6529
f 6485//6483 6529//6528 6526//6525 6482//6480
f 6529//6528 6485//6483 6472//6470
f 6530//6529 6529//6528 6476//6474 6471//6469
f 6531//6530 6532//6531 6533//6532 6534//6533
f 6530//6529 6533//6532 6532//6531 6528//6527
f 6471//6469 6468//6466 6533//6532 6530//6529
f 6534//6533 6533//6532 6468//6466 6467//6465
f 6537//6534 6531//6530 6534//6533
f 6467//6465 6464//6462 6535//6535 6534//6533
f 6536//6536 6535//6535 6464//6462 6463//6461
f 6539//6537 6540//6538 6541//6539 6542//6540
f 6505//6503 6504//6502 6540//6538 6539//6537
f 6173//6172 6540//6538 6504//6502 6159//6158
f 6541//6539 6540//6538 6173//6172 6172//6171
f 6511//6509 6543//6541 6544//6542 6510//6508
f 6541//6539 6544//6542 6543//6541 6542//6540
f 6172//6171 6187//6186 6544//6542 6541//6539
f 6510//6508 6544//6542 6187//6186 6186//6185
f 6493//6491 6545//6543 6546//6544 6492//6490
f 6547//6545 6546//6544 6545//6543 6548//6546
f 6492//6490 6546//6544 6538//6547 6458//6456
f 6497//6495 6549//6548 6550//6549 6494//6492
f 6548//6546 6545//6543 6550//6549 6551//6550
f 6494//6492 6550//6549 6545//6543 6493//6491
f 6500//6498 6552//6551 6549//6548 6497//6495
f 6500//6498 6501//6499 6553//6552
f 6554//6553 6555//6554 6556//6555
f 6554//6553 6553//6552 6501//6499
f 6555//6554 6554//6553 6502//6500 6505//6503
f 6557//6556 6543//6541 6511//6509 6558//6557
f 6559//6558 6560//6559 6557//6556 6558//6557
f 6561//6560 6557//6556 6560//6559 6562//6561
f 6542//6540 6543//6541 6557//6556 6561//6560
f 6563//6562 6562//6561 6560//6559
f 6515//6513 6519//6517 6564//6563 6514//6512
f 6565//6564 6564//6563 6519//6517 6518//6516
f 6566//6565 6567//6566 6564//6563 6565//6564
f 6514//6512 6564//6563 6567//6566 6508//6506
f 6568//6567 6569//6568 6567//6566 6566//6565
f 6558//6557 6569//6568 6568//6567 6559//6558
f 6511//6509 6509//6507 6569//6568 6558//6557
f 6508//6506 6567//6566 6569//6568 6509//6507
f 6572//6569 6532//6531 6531//6530
f 6532//6531 6572//6569 6570//6570 6528//6527
f 6573//6571 6574//6572 6575//6573 6576//6574
f 6577//6575 6575//6573 6574//6572 6578//6576
f 6562//6561 6563//6562 6575//6573 6577//6575
f 6573//6571 6581//6577 6579//6578 6580//6579
f 6542//6540 6582//6580 6583//6581 6539//6537
f 6584//6582 6583//6581 6582//6580 6578//6576
f 6556//6555 6555//6554 6583//6581 6584//6582
f 6583//6581 6555//6554 6505//6503 6539//6537
f 6578//6576 6574//6572 6585//6583 6584//6582
f 6580//6579 6585//6583 6574//6572 6573//6571
f 6561//6560 6586//6584 6582//6580 6542//6540
f 6562//6561 6577//6575 6586//6584 6561//6560
f 6578//6576 6582//6580 6586//6584 6577//6575
f 6588//6585 6565//6564 6518//6516
f 6319//6318 6318//6317 6589//6586 6590//6587
f 6318//6317 6288//6287 6591//6588
f 6589//6586 6591//6588 5993//5992
f 6037//6036 6036//6035 6590//6587
f 6288//6287 6291//6290 6592//6589 6591//6588
f 6593//6590 6592//6589 6291//6290 6274//6273
f 5987//5986 5994//5993 6592//6589 6593//6590
f 6591//6588 6592//6589 5994//5993 5993//5992
f 6274//6273 6277//6276 6594//6591 6593//6590
f 6595//6592 6594//6591 6277//6276 6260//6259
f 5986//5985 5988//5987 6594//6591 6595//6592
f 6593//6590 6594//6591 5988//5987 5987//5986
f 6595//6592 6260//6259 6263//6262
f 6596//6593 6263//6262 6246//6245
f 5985//5984 6596//6593 6597//6594 5980//5979
f 5986//5985 6595//6592 6596//6593 5985//5984
f 6249//6248 6598//6595 6597//6594 6246//6245
f 6232//6231 6599//6596 6598//6595 6249//6248
f 5979//5978 6598//6595 6599//6596 5981//5980
f 5980//5979 6597//6594 6598//6595 5979//5978
f 6235//6234 6600//6597 6599//6596 6232//6231
f 6218//6217 6601//6598 6600//6597 6235//6234
f 5995//5994 6600//6597 6601//6598 5997//5996
f 5981//5980 6599//6596 6600//6597 5995//5994
f 6221//6220 6602//6599 6601//6598 6218//6217
f 6204//6203 6603//6600 6602//6599 6221//6220
f 6006//6005 6602//6599 6603//6600 6007//6006
f 5997//5996 6601//6598 6602//6599 6006//6005
f 6207//6206 6604//6601 6603//6600 6204//6203
f 6604//6601 6207//6206 6190//6189
f 6010//6009 6604//6601 6605//6602 6011//6010
f 6007//6006 6603//6600 6604//6601 6010//6009
f 6193//6192 6606//6603 6605//6602 6190//6189
f 6176//6175 6607//6604 6606//6603 6193//6192
f 6013//6012 6606//6603 6607//6604 6015//6014
f 6011//6010 6605//6602 6606//6603 6013//6012
f 6179//6178 6608//6605 6607//6604 6176//6175
f 6162//6161 6609//6606 6608//6605 6179//6178
f 6017//6016 6608//6605 6609//6606 6019//6018
f 6015//6014 6607//6604 6608//6605 6017//6016
f 6165//6164 6610//6607 6609//6606 6162//6161
f 6148//6147 6611//6608 6610//6607 6165//6164
f 6022//6021 6610//6607 6611//6608 6002//6001
f 6019//6018 6609//6606 6610//6607 6022//6021
f 6151//6150 6612//6609 6611//6608 6148//6147
f 6139//6138 6613//6610 6612//6609 6151//6150
f 6004//6003 6001//6000 6612//6609 6613//6610
f 6002//6001 6611//6608 6612//6609 6001//6000
f 6139//6138 6138//6137 6614//6611 6613//6610
f 6138//6137 6125//6124 6615//6612
f 6046//6045 6043//6042 6614//6611 6615//6612
f 6613//6610 6614//6611 6043//6042 6004//6003
f 6125//6124 6124//6123 6616//6613 6615//6612
f 6617//6614 6616//6613 6124//6123 6111//6110
f 6059//6058 6064//6063 6616//6613 6617//6614
f 6064//6063 6046//6045 6615//6612
f 6111//6110 6110//6109 6618//6615 6617//6614
f 6619//6616 6618//6615 6110//6109 6097//6096
f 6057//6056 6060//6059 6618//6615 6619//6616
f 6617//6614 6618//6615 6060//6059 6059//6058
f 6097//6096 6096//6095 6620//6617 6619//6616
f 6621//6618 6620//6617 6096//6095 6082//6081
f 6051//6050 6058//6057 6620//6617 6621//6618
f 6619//6616 6620//6617 6058//6057 6057//6056
f 6082//6081 6081//6080 6622//6619 6621//6618
f 6623//6620 6622//6619 6081//6080 6080//6079
f 6047//6046 6052//6051 6622//6619 6623//6620
f 6621//6618 6622//6619 6052//6051 6051//6050
f 6080//6079 6344//6343 6624//6621 6623//6620
f 6625//6622 6624//6621 6344//6343 6343//6342
f 6041//6040 6048//6047 6624//6621 6625//6622
f 6623//6620 6624//6621 6048//6047 6047//6046
f 6626//6623 6625//6622 6343//6342
f 6627//6624 6626//6623 6358//6357 6350//6349
f 6023//6022 6042//6041 6626//6623 6627//6624
f 6042//6041 6041//6040 6625//6622
f 6350//6349 6349//6348 6628//6625 6627//6624
f 6629//6626 6628//6625 6349//6348 6331//6330
f 6028//6027 6024//6023 6628//6625 6629//6626
f 6627//6624 6628//6625 6024//6023 6023//6022
f 6630//6627 6629//6626 6331//6330
f 6330//6329 6319//6318 6631//6628
f 6032//6031 6029//6028 6630//6627 6631//6628
f 6629//6626 6630//6627 6029//6028 6028//6027
f 6631//6628 6319//6318 6590//6587
f 6036//6035 6033//6032 6632//6629 6590//6587
f 6631//6628 6632//6629 6033//6032 6032//6031
f 13//13 12//12 14//14
f 7//7 39//39 42//42
f 29//29 28//28 47//47
f 45//45 47//47 28//28
f 55//55 54//54 56//56
f 57//57 56//56 58//58
f 48//48 60//60 58//58
f 62//62 60//60 48//48
f 63//63 61//61 60//60
f 66//66 64//64 62//62
f 41//41 40//40 94//94
f 135//135 133//133 132//132
f 57//57 154//154 153//153
f 181//181 180//180 190//190
f 191//191 190//190 192//192
f 193//193 192//192 194//194
f 34//34 30//30 382//382
f 2//2 382//382 30//30
f 389//389 391//391 395//395
f 397//397 399//399 398//398
f 395//395 399//399 397//397
f 431//431 437//437 436//436
f 462//462 461//461 463//463
f 467//467 468//468 465//465
f 472//472 471//471 468//468
f 474//474 473//473 462//462
f 484//484 481//481 485//485
f 472//472 485//485 481//481
f 467//467 487//487 485//485
f 486//486 485//485 487//487
f 488//488 487//487 489//489
f 492//492 491//491 493//493
f 494//494 493//493 495//495
f 500//500 499//499 501//501
f 552//552 553//553 550//550
f 537//537 550//550 553//553
f 538//538 553//553 558//558
f 559//559 558//558 553//553
f 570//570 571//571 568//568
f 551//551 568//568 571//571
f 579//579 578//578 580//580
f 584//584 585//585 582//582
f 381//381 398//398 582//582
f 574//574 588//588 586//586
f 598//598 599//599 596//596
f 55//55 153//153 596//596
f 615//615 614//614 480//480
f 620//620 624//624 622//622
f 624//624 623//623 625//625
f 629//629 627//627 626//626
f 625//625 623//623 627//627
f 660//660 661//661 658//658
f 659//659 664//664 662//662
f 663//663 662//662 664//664
f 668//668 669//669 666//666
f 458//458 669//669 670//670
f 671//671 670//670 669//669
f 460//460 670//670 673//673
f 680//680 681//681 678//678
f 686//686 688//688 684//684
f 705//705 704//704 706//706
f 703//703 709//709 706//706
f 701//701 716//716 265//265
f 705//705 717//717 716//716
f 685//685 684//684 736//736
f 737//737 736//736 684//684
f 747//747 748//748 737//737
f 698//698 753//753 762//762
f 801//801 805//805 800//800
f 803//803 805//805 801//801
f 833//833 836//836 840//840
f 865//865 864//864 855//855
f 904//904 903//903 892//892
f 925//925 930//930 929//929
f 933//933 934//934 931//931
f 925//925 934//934 935//935
f 936//936 935//935 934//934
f 937//937 938//938 935//935
f 930//930 935//935 938//938
f 952//952 950//950 947//947
f 961//961 968//968 967//967
f 969//969 968//968 951//951
f 914//914 970//970 962//962
f 918//918 957//957 970//970
f 1050//1050 1051//1051 1048//1048
f 1192//1192 1194//1194 1190//1190
f 583//583 1207//1207 1206//1206
f 1212//1212 1213//1213 1210//1210
f 1205//1205 1213//1213 1212//1212
f 1210//1210 1213//1213 599//599
f 1208//1208 1216//1216 1215//1215
f 1221//1221 1220//1220 1206//1206
f 1239//1239 1248//1248 579//579
f 595//595 594//594 1254//1254
f 1261//1261 1262//1262 1263//1263
f 1281//1281 1280//1280 1290//1290
f 1291//1291 1296//1296 1295//1295
f 1299//1299 1302//1302 1194//1194
f 1281//1281 1295//1295 1306//1306
f 1327//1327 1336//1336 1334//1334
f 1309//1309 1313//1313 1342//1342
f 1343//1343 1342//1342 1313//1313
f 1345//1345 1344//1344 1341//1341
f 1363//1363 1362//1362 1361//1361
f 1372//1372 1373//1373 1370//1370
f 1417//1417 1416//1416 1418//1418
f 767//767 1439//1439 1438//1438
f 1441//1441 1438//1438 1439//1439
f 1451//1451 1450//1450 1432//1432
f 1456//1456 1454//1454 825//825
f 1457//1457 1458//1458 1454//1454
f 1457//1457 1456//1456 1460//1460
f 861//861 1460//1460 1456//1456
f 1461//1461 1460//1460 1462//1462
f 1463//1463 1462//1462 1464//1464
f 1421//1421 1473//1473 1470//1470
f 1481//1481 1477//1477 1476//1476
f 1481//1481 1484//1484 1482//1482
f 1522//1522 1521//1521 1529//1529
f 1533//1533 1544//1544 1528//1528
f 1555//1555 1552//1552 1564//1564
f 1543//1543 1554//1554 1568//1568
f 1570//1570 1574//1574 1572//1572
f 1573//1573 1572//1572 1574//1574
f 1575//1575 1574//1574 1580//1580
f 502//502 501//501 1584//1584
f 1586//1586 1584//1584 501//501
f 1586//1586 1591//1591 1590//1590
f 1593//1593 1590//1590 1591//1591
f 1615//1615 1614//1614 1611//1611
f 1661//1661 1660//1660 1664//1664
f 1665//1665 1664//1664 1666//1666
f 1668//1668 1666//1666 1664//1664
f 1669//1669 1670//1670 1666//1666
f 1686//1686 1687//1687 1684//1684
f 1689//1689 1692//1692 1690//1690
f 1685//1685 1690//1690 1695//1695
f 1713//1713 1714//1714 1711//1711
f 1667//1667 1711//1711 1714//1714
f 1750//1750 1746//1746 1745//1745
f 1752//1752 1751//1751 1753//1753
f 1790//1790 1791//1791 1781//1781
f 1803//1803 1802//1802 1788//1788
f 1815//1815 1818//1818 1817//1817
f 1665//1665 1714//1714 1818//1818
f 1823//1823 1824//1824 1801//1801
f 1712//1712 1824//1824 1823//1823
f 1689//1689 1842//1842 1840//1840
f 1890//1890 1891//1891 1888//1888
f 1894//1894 1895//1895 1892//1892
f 1855//1855 1892//1892 1895//1895
f 1893//1893 1892//1892 1891//1891
f 1853//1853 1895//1895 1896//1896
f 1889//1889 1919//1919 1910//1910
f 1916//1916 1919//1919 1889//1889
f 1918//1918 1919//1919 1916//1916
f 1928//1928 1931//1931 1927//1927
f 1917//1917 1939//1939 1938//1938
f 1932//1932 1938//1938 1939//1939
f 1944//1942 1936//1936 1934//1934
f 1956//1955 1963//1962 1959//1958
f 1952//1951 1969//1968 1333//1333
f 1316//1316 1999//1998 1998//1997
f 1917//1917 1916//1916 2004//2003
f 1998//1997 2013//2012 1880//1880
f 2012//2011 2013//2012 1998//1997
f 2007//2006 2006//2005 2013//2012
f 1935//1935 1939//1939 2016//2015
f 2005//2004 2016//2015 1939//1939
f 1589//1589 2023//2022 2021//2020
f 1827//1827 2030//2029 2029//2028
f 2032//2031 2045//2044 2043//2042
f 2044//2043 2043//2042 2045//2044
f 2046//2045 2049//2048 2047//2046
f 2046//2045 2045//2044 2051//2050
f 2036//2035 2038//2037 2057//2056
f 2079//2078 2081//2080 2084//2083
f 2088//2087 2087//2086 2078//2077
f 676//676 2098//2097 2103//2102
f 679//679 2103//2102 2106//2105
f 2166//2165 2168//2167 2167//2166
f 2145//2144 2169//2169 2168//2167
f 2263//2261 2262//2260 1438//1438
f 708//708 2264//2262 732//732
f 710//710 2266//2264 2264//2262
f 2282//2280 2283//2281 2280//2278
f 1440//1440 2280//2278 2283//2281
f 1426//1426 1443//1443 2280//2278
f 2281//2279 2280//2278 1443//1443
f 2267//2265 2266//2264 2288//2286
f 2263//2261 2288//2286 2266//2264
f 1441//1441 2290//2288 2288//2286
f 2289//2287 2288//2286 2290//2288
f 2320//2318 2331//2329 2317//2315
f 1459//1459 2331//2329 2320//2318
f 2282//2280 2287//2285 2321//2319
f 2319//2317 2321//2319 2287//2285
f 2317//2315 2323//2321 2321//2319
f 2322//2320 2321//2319 2323//2321
f 2291//2289 2290//2288 2325//2323
f 2283//2281 2325//2323 2290//2288
f 2282//2280 2322//2320 2325//2323
f 2326//2324 2325//2323 2322//2320
f 2331//2329 2329//2327 2323//2321
f 1459//1459 2332//2330 2329//2327
f 1461//1461 2335//2333 2334//2332
f 1463//1463 1493//1493 2335//2333
f 1459//1459 1458//1458 2338//2336
f 2334//2332 2338//2336 1458//1458
f 2337//2335 2336//2334 2340//2338
f 2359//2357 2358//2356 1414//1414
f 1398//1398 2372//2370 2370//2368
f 2371//2369 2370//2368 2372//2370
f 2330//2328 2376//2374 2375//2373
f 2391//2389 2390//2388 2339//2337
f 2393//2391 2390//2388 2391//2389
f 2377//2375 2390//2388 2393//2391
f 2392//2390 2391//2389 2394//2392
f 2341//2339 2394//2392 2391//2389
f 2474//2472 2475//2473 2472//2470
f 2473//2471 2472//2470 2467//2465
f 2476//2474 2478//2476 2474//2472
f 2469//2467 2476//2474 2473//2471
f 1537//1537 2573//2571 2572//2570
f 2574//2572 2573//2571 2576//2574
f 2591//2589 2590//2588 2580//2578
f 2616//2614 2617//2615 2614//2612
f 2615//2613 2614//2612 2613//2611
f 2627//2625 2622//2620 2625//2623
f 2623//2621 2622//2620 2563//2561
f 2577//2575 2576//2574 2643//2641
f 2650//2648 2649//2647 2651//2649
f 1575//1575 2619//2617 2651//2649
f 2680//2678 2681//2679 2678//2676
f 2603//2601 2681//2679 2680//2678
f 2604//2602 2617//2615 2681//2679
f 2599//2597 2680//2678 2684//2682
f 2685//2683 2684//2682 2680//2678
f 2682//2680 2685//2683 2700//2698
f 2691//2689 2700//2698 2685//2683
f 2798//2796 2799//2797 2796//2794
f 2836//2834 2837//2835 2834//2832
f 2834//2832 2821//2819 2825//2823
f 2844//2842 2845//2843 2842//2840
f 2833//2831 2841//2839 2842//2840
f 2843//2841 2842//2840 2841//2839
f 2851//2849 2852//2850 2849//2847
f 2857//2855 2855//2853 2854//2852
f 2851//2849 2866//2864 2867//2865
f 2878//2876 2877//2875 2872//2870
f 2884//2882 2883//2881 2885//2883
f 2871//2869 2884//2882 2891//2889
f 2886//2884 2893//2891 2891//2889
f 2886//2884 2885//2883 2897//2895
f 2910//2908 2909//2907 2906//2904
f 2905//2903 2913//2911 2911//2909
f 2914//2912 2913//2911 2929//2927
f 2924//2922 2929//2927 2913//2911
f 2931//2929 2929//2927 2924//2922
f 2930//2928 2929//2927 2931//2929
f 1348//1348 2943//2941 2948//2946
f 1357//1357 2948//2946 2951//2949
f 1354//1354 2951//2949 2956//2954
f 2957//2955 2960//2958 1363//1363
f 2963//2961 2962//2960 2966//2964
f 2373//2371 2372//2370 2968//2966
f 2988//2986 2985//2983 2984//2982
f 2980//2978 2988//2986 3015//3013
f 3002//3000 3020//3018 3019//3017
f 3022//3020 3019//3017 3020//3018
f 3001//2999 3019//3017 3016//3014
f 3028//3026 3031//3029 3029//3027
f 3030//3028 3029//3027 3031//3029
f 3020//3018 3035//3033 3033//3031
f 3030//3028 3035//3033 3020//3018
f 3040//3038 3038//3036 3037//3035
f 3033//3031 3038//3036 3041//3039
f 3014//3012 3069//3067 3067//3065
f 3107//3105 3108//3106 3106//3104
f 3128//3126 3127//3125 3031//3029
f 3166//3164 3164//3162 3163//3161
f 3165//3163 3169//3167 3167//3165
f 3010//3008 3357//3355 3355//3353
f 3005//3003 3355//3353 2977//2975
f 3365//3363 3363//3361 3360//3358
f 3366//3364 3365//3363 3371//3369
f 3369//3367 3371//3369 3365//3363
f 3372//3370 3371//3369 3369//3367
f 3411//3409 3410//3408 3407//3405
f 3437//3435 3435//3433 3434//3432
f 3440//3438 3442//3440 3438//3436
f 3439//3437 3445//3443 3444//3442
f 3434//3432 3447//3445 3446//3444
f 3457//3455 3459//3457 3458//3456
f 3461//3459 3458//3456 3459//3457
f 3440//3438 3444//3442 3458//3456
f 3456//3454 3458//3456 3444//3442
f 3460//3458 3464//3462 3462//3460
f 3465//3463 3467//3465 3466//3464
f 3469//3467 3466//3464 3467//3465
f 3475//3473 3472//3470 3471//3469
f 3465//3463 3464//3462 3472//3470
f 3524//3522 3523//3521 3512//3510
f 3525//3523 3526//3524 3523//3521
f 3511//3509 3520//3518 3531//3529
f 3524//3522 3531//3529 3534//3532
f 3542//3540 3541//3539 3526//3524
f 3543//3541 3544//3542 3541//3539
f 3557//3555 3558//3556 3555//3553
f 3354//3352 3544//3542 3555//3553
f 3547//3545 3549//3547 3560//3558
f 3571//3569 3572//3570 3569//3567
f 3028//3026 3026//3024 3569//3567
f 3451//3449 3587//3585 3590//3588
f 3595//3593 3596//3594 3594//3592
f 3597//3595 3598//3596 3596//3594
f 3597//3595 3600//3598 3599//3597
f 3602//3600 3599//3597 3600//3598
f 3633//3631 3634//3632 3631//3629
f 3638//3636 3636//3634 3635//3633
f 3632//3630 3631//3629 3636//3634
f 3641//3639 3642//3640 3639//3637
f 3431//3429 3432//3430 3643//3641
f 3644//3642 3643//3641 3432//3430
f 3640//3638 3643//3641 3646//3644
f 3653//3651 3654//3652 3651//3649
f 3659//3657 3662//3660 3657//3655
f 3676//3674 3680//3678 3679//3677
f 3677//3675 3675//3673 3679//3677
f 3676//3674 3673//3671 3689//3687
f 3235//3233 3689//3687 3673//3671
f 3658//3656 3668//3666 3709//3707
f 3659//3657 3709//3707 3712//3710
f 3712//3710 3722//3720 3717//3715
f 3671//3669 3678//3676 3735//3733
f 3774//3772 3777//3775 3773//3771
f 3773//3771 3777//3775 3776//3774
f 3813//3811 3809//3807 3808//3806
f 3830//3828 3837//3835 3836//3834
f 3856//3854 3867//3865 3870//3868
f 3889//3887 3892//3890 3894//3892
f 3897//3895 3898//3896 3895//3893
f 3889//3887 3893//3891 3899//3897
f 3900//3898 3899//3897 3893//3891
f 3896//3894 3899//3897 3902//3900
f 3907//3905 3910//3908 3913//3911
f 3913//3911 3915//3913 3919//3917
f 3914//3912 3932//3930 3931//3929
f 3925//3923 3932//3930 3914//3912
f 3933//3931 3932//3930 3925//3923
f 3928//3926 3935//3933 3877//3875
f 4014//4012 4015//4013 4012//4010
f 4135//4133 4137//4135 4133//4131
f 4149//4147 4152//4150 3558//3556
f 4155//4153 4156//4154 4153//4151
f 3570//3568 4156//4154 4155//4153
f 4153//4151 4156//4154 4147//4145
f 4160//4158 4159//4157 4151//4149
f 4149//4147 4163//4161 4166//4164
f 3551//3549 4192//4190 4184//4182
f 3568//3566 4179//4177 4198//4196
f 4206//4204 4205//4203 4202//4200
f 4224//4222 4235//4233 4233//4231
f 4239//4237 4238//4236 4235//4233
f 4134//4132 4245//4243 4242//4240
f 4224//4222 4251//4249 4249//4247
f 4268//4266 4265//4263 4275//4273
f 4252//4250 4280//4278 4281//4279
f 4254//4252 4281//4279 1343//1343
f 4282//4280 4283//4281 1345//1345
f 4294//4292 4297//4295 4300//4298
f 4307//4305 4308//4306 4305//4303
f 4354//4352 4352//4350 4351//4349
f 4373//4371 4376//4374 3739//3737
f 4376//4374 4373//4371 4374//4372
f 4365//4363 4386//4384 4385//4383
f 4393//4391 4394//4392 4390//4388
f 3797//3795 4390//4388 4394//4392
f 4393//4391 4396//4394 4395//4393
f 4398//4396 4395//4393 4396//4394
f 4394//4392 4395//4393 3832//3830
f 4397//4395 4401//4399 4399//4397
f 4405//4403 4408//4406 4355//4353
f 4416//4414 4414//4412 4413//4411
f 4457//4455 4465//4463 4463//4461
f 4464//4462 4480//4478 4467//4465
f 4489//4487 4501//4499 4499//4497
f 4478//4476 4493//4491 4503//4501
f 4510//4508 4508//4506 4507//4505
f 4509//4507 4517//4515 4515//4513
f 3474//3472 4521//4519 4519//4517
f 4523//4521 4524//4522 4519//4517
f 3475//3473 4519//4517 4524//4522
f 4525//4523 4526//4524 4524//4522
f 4527//4525 4528//4526 4526//4524
f 4548//4546 4549//4547 4552//4550
f 4598//4596 4596//4594 4595//4593
f 4597//4595 4603//4601 4601//4599
f 4605//4603 4606//4604 4601//4599
f 4598//4596 4601//4599 4606//4604
f 4621//4619 4622//4620 4619//4617
f 4623//4621 4624//4622 4619//4617
f 4623//4621 4622//4620 4625//4623
f 4627//4625 4625//4623 4622//4620
f 4648//4646 4650//4648 4646//4644
f 4647//4645 4646//4644 4603//4601
f 4681//4679 4680//4678 4682//4680
f 4689//4687 4687//4685 4686//4684
f 4725//4723 4737//4735 4736//4734
f 4647//4645 4753//4751 4752//4750
f 4597//4595 4595//4593 4753//4751
f 4756//4754 4758//4756 4752//4750
f 4738//4736 4759//4757 4757//4755
f 4680//4678 4759//4757 4738//4736
f 4757//4755 4759//4757 4650//4648
f 4623//4621 4626//4624 4776//4774
f 4822//4820 4823//4821 4820//4818
f 4826//4824 4827//4825 4824//4822
f 4821//4819 4824//4822 4827//4825
f 4825//4823 4824//4822 4786//4784
f 4785//4783 4784//4782 4829//4827
f 4838//4836 4843//4841 4823//4821
f 4845//4843 4843//4841 4842//4840
f 4823//4821 4843//4841 4845//4843
f 1925//1925 1930//1930 4853//4851
f 4852//4850 4853//4851 1931//1931
f 4859//4857 4858//4856 4855//4853
f 4844//4842 4842//4840 4858//4856
f 1942//1945 4862//4860 4863//4861
f 1346//1346 4284//4282 4870//4868
f 1956//1955 4875//4873 4874//4872
f 4276//4274 4883//4881 4871//4869
f 4909//4907 4908//4906 4255//4253
f 4844//4842 4914//4912 4912//4910
f 4812//4810 4920//4918 4909//4907
f 4915//4913 4921//4919 4920//4918
f 4909//4907 4920//4918 4921//4919
f 4857//4855 4867//4865 4924//4922
f 4859//4857 4924//4922 4914//4912
f 4522//4520 4521//4519 4930//4928
f 4937//4935 4939//4937 4761//4759
f 4952//4950 4950//4948 4949//4947
f 4940//4938 4937//4935 4950//4948
f 4951//4949 4949//4947 4954//4952
f 4951//4949 4960//4958 4957//4955
f 4944//4942 4959//4957 4961//4959
f 4986//4984 4985//4983 4984//4982
f 4981//4979 4990//4988 4989//4987
f 3649//3647 3654//3652 5000//4998
f 5001//4999 5000//4998 3654//3652
f 5029//5027 5047//5045 5050//5048
f 2167//2166 5050//5048 5047//5045
f 4373//4371 5125//5124 5124//5123
f 3684//3682 3682//3680 5127//5126
f 3706//3704 5127//5126 3682//3680
f 4380//4378 5142//5142 5144//5141
f 4361//4359 4375//4373 5142//5142
f 5143//5143 5142//5142 4375//4373
f 5129//5128 5150//5149 5149//5148
f 5152//5151 5149//5148 5150//5149
f 4374//4372 5124//5123 5149//5148
f 5128//5127 5149//5148 5124//5123
f 5178//5177 5182//5181 5181//5180
f 4392//4390 4389//4387 5181//5180
f 5186//5184 5183//5185 5184//5182
f 5178//5177 5179//5178 5183//5185
f 5146//5147 5183//5185 5179//5178
f 5151//5150 5188//5187 5187//5186
f 5184//5182 5187//5186 5188//5187
f 5152//5151 5187//5186 5143//5143
f 4392//4390 5182//5181 5192//5191
f 5186//5184 5192//5191 5182//5181
f 4397//4395 4396//4394 5196//5195
f 5197//5196 5196//5195 4396//4394
f 4392//4390 5193//5192 5199//5198
f 4391//4389 5199//5198 5197//5196
f 5198//5197 5203//5202 5201//5200
f 5234//5233 5232//5231 5231//5230
f 4332//4330 4338//4336 5232//5231
f 5238//5237 5237//5236 5191//5190
f 5253//5252 5254//5253 5251//5250
f 5200//5199 5254//5253 5253//5252
f 5194//5193 5236//5235 5254//5253
f 5251//5250 5254//5253 5236//5235
f 5252//5251 5257//5256 5255//5254
f 5253//5252 5255//5254 5203//5202
f 5316//5315 5317//5316 5314//5313
f 5315//5314 5322//5321 5321//5320
f 5323//5322 5322//5321 5257//5256
f 5321//5320 5325//5324 5318//5317
f 5409//5408 5405//5404 5404//5403
f 5406//5405 5405//5404 4471//4469
f 5412//5411 5422//5421 5425//5424
f 5448//5447 5449//5448 5446//5445
f 5443//5442 5446//5445 5449//5448
f 5408//5407 5477//5476 5475//5474
f 5482//5481 5484//5483 5483//5482
f 4509//4507 4507//4505 5483//5482
f 5512//5511 5513//5512 5510//5509
f 5448//5447 5447//5446 5513//5512
f 5435//5434 5434//5433 5513//5512
f 5510//5509 5513//5512 5434//5433
f 5510//5509 5516//5515 5515//5514
f 5429//5428 5426//5425 5516//5515
f 5515//5514 5533//5532 5522//5521
f 5630//5629 5631//5630 5628//5627
f 5668//5667 5669//5668 5666//5665
f 5654//5653 5652//5651 5666//5665
f 5676//5675 5677//5676 5674//5673
f 5672//5671 5674//5673 5677//5676
f 5676//5675 5679//5678 5678//5677
f 5683//5682 5684//5683 5681//5680
f 5688//5687 5689//5688 5683//5682
f 5683//5682 5689//5688 5700//5699
f 5702//5701 5709//5708 5712//5711
f 5718//5717 5716//5715 5715//5714
f 5717//5716 5715//5714 5724//5723
f 5703//5702 5712//5711 5724//5723
f 5717//5716 5731//5730 5729//5728
f 5740//5739 5742//5741 5741//5740
f 5737//5736 5741//5740 5744//5743
f 5746//5745 5762//5761 5761//5760
f 5764//5763 5761//5760 5762//5761
f 5754//5753 5761//5760 5764//5763
f 5745//5744 5761//5760 5754//5753
f 4285//4283 4290//4288 5778//5777
f 5779//5778 5778//5777 4290//4288
f 4300//4298 5788//5787 5784//5783
f 2966//2964 5791//5790 5790//5789
f 5233//5232 5794//5793 5793//5792
f 5991//5990 6038//6037 6037//6036
f 6026//6025 6040//6039 6042//6041
f 6062//6061 6061//6060 5972//5971
f 6062//6061 6063//6062 6064//6063
f 6067//6066 6069//6068 6065//6064
f 6263//6262 6262//6261 6247//6246
f 6320//6319 6321//6320 6318//6317
f 6318//6317 6321//6320 6289//6288
f 6328//6327 6320//6319 6319//6318
f 6342//6341 6341//6340 6325//6324
f 6342//6341 6357//6356 6358//6357
f 6391//6402 6393//6389 6392//6388
f 6394//6390 6395//6522 6392//6388
f 6394//6390 6393//6389 6406//6401
f 6404//6399 6410//6406 6409//6405
f 6422//6418 6421//6417 6410//6406
f 6374//6373 6424//6420 6425//6421
f 6433//6430 6434//6431 6432//6429
f 6423//6419 6432//6429 6434//6431
f 6429//6426 6435//6432 6420//6416
f 6430//6427 6436//6433 6435//6432
f 6431//6428 6435//6432 6436//6433
f 6426//6422 6438//6435 6437//6434
f 6440//6437 6437//6434 6438//6435
f 6425//6421 6437//6434 6377//6376
f 6445//6443 6448//6446 6434//6431
f 6438//6435 6448//6446 6447//6445
f 6445//6443 6450//6448 6449//6447
f 6439//6436 6447//6445 6455//6453
f 6525//6524 6524//6523 6483//6481
f 6472//6470 6476//6474 6529//6528
f 6534//6533 6535//6535 6537//6534
f 6553//6552 6552//6551 6500//6498
f 6501//6499 6502//6500 6554//6553
f 6531//6530 6571//6630 6572//6569
f 6518//6516 6587//6631 6588//6585
f 6591//6588 6589//6586 6318//6317
f 5993//5992 6037//6036 6589//6586
f 6590//6587 6589//6586 6037//6036
f 6263//6262 6596//6593 6595//6592
f 6246//6245 6597//6594 6596//6593
f 6190//6189 6605//6602 6604//6601
f 6615//6612 6614//6611 6138//6137
f 6615//6612 6616//6613 6064//6063
f 6343//6342 6358//6357 6626//6623
f 6625//6622 6626//6623 6042//6041
f 6331//6330 6330//6329 6630//6627
f 6631//6628 6630//6627 6330//6329
f 6590//6587 6632//6629 6631//6628
l 1943 1944
