# Blender 4.2.1 LTS
# www.blender.org
mtllib cabeza3.mtl
o 17174_Tiamat_new.001
v -2.657779 1.620982 0.538495
v -2.658179 1.601182 0.536895
v -2.645478 1.600482 0.557295
v -2.647878 1.619382 0.559795
v -2.656178 1.580082 0.536395
v -2.640679 1.579982 0.554895
v -2.624978 1.584982 0.574195
v -2.629878 1.602782 0.575195
v -2.633778 1.620382 0.576795
v -2.604879 1.625082 0.599395
v -2.617779 1.622782 0.590395
v -2.612579 1.607782 0.590295
v -2.595078 1.617082 0.600895
v -2.606078 1.593982 0.591195
v -2.582379 1.605782 0.600395
v -2.653279 1.637682 0.564795
v -2.639078 1.637382 0.580395
v -2.646478 1.650182 0.588395
v -2.663278 1.649982 0.573995
v -2.674679 1.651282 0.556695
v -2.662878 1.639882 0.545895
v -2.621078 1.637682 0.594095
v -2.623978 1.650582 0.601195
v -2.601378 1.635982 0.604895
v -2.598179 1.649282 0.611295
v -2.581578 1.630782 0.610095
v -2.572378 1.644782 0.618295
v -2.561378 1.623182 0.608195
v -2.547179 1.640682 0.619295
v -2.667878 1.582982 0.517395
v -2.683479 1.568382 0.526595
v -2.669678 1.563682 0.548395
v -2.690678 1.577982 0.504695
v -2.677078 1.587682 0.504395
v -2.714478 1.559882 0.506595
v -2.702278 1.552782 0.539595
v -2.687078 1.546182 0.565795
v -2.651978 1.562482 0.569095
v -2.631578 1.567582 0.588495
v -2.665978 1.542782 0.588195
v -2.640679 1.546382 0.608195
v -2.606179 1.577182 0.603495
v -2.609679 1.556282 0.623795
v -2.574979 1.570382 0.632195
v -2.577178 1.590482 0.612595
v -2.542379 1.590882 0.638095
v -2.548679 1.609582 0.616995
v -2.527478 1.631082 0.621695
v -2.508979 1.616582 0.640695
v -2.629379 1.658782 0.614695
v -2.635078 1.656282 0.631195
v -2.664278 1.653882 0.617895
v -2.655578 1.655482 0.602295
v -2.599478 1.658882 0.623695
v -2.602778 1.657682 0.640695
v -2.569478 1.655182 0.629795
v -2.570478 1.658382 0.646995
v -2.542279 1.651782 0.633295
v -2.542078 1.660782 0.648295
v -2.521178 1.647982 0.633495
v -2.521579 1.661382 0.648495
v -2.501378 1.643882 0.636195
v -2.502778 1.661782 0.649895
v -2.475979 1.644382 0.642195
v -2.479578 1.664682 0.652995
v -2.473479 1.620082 0.655395
v -2.448078 1.651082 0.651195
v -2.442078 1.629382 0.667095
v -2.453179 1.671082 0.656395
v -2.415879 1.663582 0.651095
v -2.424178 1.682682 0.654595
v -2.406878 1.643382 0.669495
v -2.369879 1.660882 0.665295
v -2.382478 1.680182 0.642095
v -2.395978 1.700282 0.646295
v -2.343879 1.752082 0.647795
v -2.370078 1.724982 0.640895
v -2.349778 1.704182 0.633095
v -2.319278 1.733482 0.636995
v -2.333779 1.684082 0.660495
v -2.303179 1.711782 0.665995
v -2.775578 1.542482 0.478195
v -2.783478 1.530582 0.493695
v -2.760679 1.535782 0.514195
v -2.746178 1.550582 0.492395
v -2.789678 1.515982 0.501995
v -2.773878 1.517382 0.527495
v -2.737978 1.535282 0.533695
v -2.756078 1.513682 0.551195
v -2.722178 1.529482 0.559595
v -2.705478 1.521782 0.587095
v -2.740078 1.504382 0.576295
v -2.719178 1.492682 0.600495
v -2.678978 1.514682 0.608295
v -2.645778 1.513982 0.625295
v -2.687878 1.483282 0.620995
v -2.649178 1.481182 0.638195
v -2.607078 1.522682 0.638895
v -2.603779 1.489782 0.651295
v -2.559678 1.504482 0.665095
v -2.568279 1.538182 0.651395
v -2.534778 1.558382 0.664395
v -2.523078 1.520682 0.680395
v -2.489679 1.535982 0.696595
v -2.502478 1.576582 0.676295
v -2.467978 1.587282 0.689295
v -2.433479 1.598882 0.703595
v -2.455279 1.548182 0.714295
v -2.419479 1.561582 0.732695
v -2.396078 1.615782 0.711995
v -2.357279 1.635582 0.714895
v -2.380779 1.579982 0.747595
v -2.340578 1.601782 0.757495
v -2.321578 1.660782 0.717195
v -2.302778 1.627382 0.765095
v -2.291478 1.689982 0.726795
v -2.267478 1.654982 0.775895
v -2.795079 1.503282 0.503095
v -2.780478 1.498782 0.527795
v -2.780478 1.485382 0.516495
v -2.795179 1.493082 0.495795
v -2.763278 1.475982 0.534995
v -2.764378 1.491282 0.550895
v -2.747079 1.479682 0.573295
v -2.743978 1.464282 0.552295
v -2.719878 1.447282 0.573495
v -2.725178 1.466782 0.596795
v -2.643779 1.430282 0.617395
v -2.648478 1.451482 0.639495
v -2.692178 1.455282 0.619995
v -2.688779 1.437182 0.604495
v -2.686078 1.428382 0.592695
v -2.666979 1.420282 0.590995
v -2.697678 1.430282 0.570495
v -2.681178 1.418282 0.571995
v -2.598179 1.461382 0.653895
v -2.588679 1.444282 0.637295
v -2.539778 1.460582 0.653595
v -2.549978 1.477482 0.667195
v -2.510278 1.493582 0.680495
v -2.475678 1.507882 0.697695
v -2.499179 1.477982 0.667995
v -2.463279 1.492082 0.685395
v -2.441678 1.519782 0.718395
v -2.406479 1.532782 0.740995
v -2.428778 1.503682 0.706395
v -2.393079 1.515382 0.728895
v -2.313478 1.554882 0.763195
v -2.326978 1.574082 0.775095
v -2.367878 1.550882 0.761595
v -2.353779 1.532182 0.748895
v -2.601279 1.684682 0.658695
v -2.603478 1.668682 0.652495
v -2.570178 1.674582 0.655295
v -2.569379 1.690282 0.661895
v -2.541778 1.680582 0.653795
v -2.542979 1.699382 0.661295
v -2.588478 1.695082 0.688995
v -2.594878 1.692782 0.674295
v -2.568279 1.696482 0.677995
v -2.570079 1.698282 0.696895
v -2.544779 1.702982 0.682295
v -2.549078 1.704082 0.705795
v -2.521378 1.684882 0.652695
v -2.523679 1.708182 0.660195
v -2.503379 1.687782 0.654095
v -2.505878 1.713682 0.661495
v -2.526378 1.709382 0.686095
v -2.531278 1.708182 0.713895
v -2.509578 1.714882 0.690895
v -2.514378 1.710582 0.722495
v -2.566579 1.719282 0.748295
v -2.556778 1.710382 0.726695
v -2.538378 1.715282 0.738395
v -2.546879 1.725482 0.763795
v -2.521478 1.719682 0.749395
v -2.529478 1.733482 0.776295
v -2.482279 1.690182 0.657895
v -2.485978 1.715282 0.666395
v -2.458779 1.694782 0.661395
v -2.465779 1.717782 0.671995
v -2.478079 1.720282 0.743095
v -2.486278 1.731282 0.775595
v -2.503978 1.724882 0.761695
v -2.496379 1.714382 0.732195
v -2.512378 1.741082 0.790195
v -2.495178 1.749382 0.805395
v -2.491278 1.719282 0.697295
v -2.472479 1.723182 0.704895
v -2.433978 1.704782 0.660695
v -2.444878 1.725082 0.676095
v -2.410778 1.721682 0.656795
v -2.425379 1.738282 0.680695
v -2.390279 1.744182 0.658495
v -2.406678 1.752282 0.692095
v -2.368179 1.768482 0.669995
v -2.386878 1.769782 0.708695
v -2.452878 1.728282 0.713195
v -2.459978 1.727782 0.755795
v -2.434278 1.737082 0.723195
v -2.442979 1.736982 0.769495
v -2.468879 1.739182 0.791395
v -2.477778 1.758582 0.822495
v -2.452379 1.748482 0.807695
v -2.461179 1.767982 0.839995
v -2.416778 1.746182 0.736995
v -2.426779 1.744082 0.784495
v -2.397979 1.758782 0.754195
v -2.408978 1.753182 0.800795
v -2.437178 1.756882 0.823495
v -2.446278 1.776182 0.857195
v -2.420479 1.766082 0.839795
v -2.430178 1.785382 0.874195
v -2.375978 1.777582 0.773895
v -2.387779 1.766782 0.818695
v -2.363478 1.792982 0.729695
v -2.334278 1.813882 0.755295
v -2.348378 1.796282 0.797495
v -2.360479 1.780982 0.840495
v -2.399978 1.776882 0.857395
v -2.409678 1.796382 0.891895
v -2.372679 1.787282 0.879595
v -2.382179 1.806282 0.914595
v -2.335778 1.798082 0.908295
v -2.345078 1.816782 0.944495
v -2.323979 1.792182 0.868595
v -2.285979 1.805982 0.898195
v -2.296378 1.815382 0.937895
v -2.304778 1.836082 0.973995
v -2.218478 1.839682 0.953495
v -2.225579 1.854982 0.997695
v -2.260878 1.833182 0.966595
v -2.252378 1.821382 0.924995
v -2.268178 1.854482 1.005295
v -2.231879 1.878082 1.038595
v -2.185879 1.881082 1.035395
v -2.191879 1.902682 1.080695
v -2.179579 1.864182 0.988195
v -2.138278 1.893082 1.023795
v -2.145278 1.913682 1.072695
v -2.151278 1.936882 1.118895
v -2.674178 1.413182 0.549795
v -2.651378 1.416082 0.571595
v -2.636878 1.417182 0.543495
v -2.660679 1.413082 0.517395
v -2.610479 1.431182 0.569595
v -2.623079 1.429182 0.594595
v -2.580979 1.444282 0.614795
v -2.573778 1.447882 0.592195
v -2.530178 1.456582 0.612395
v -2.533778 1.455482 0.634295
v -2.493179 1.470282 0.651995
v -2.490078 1.467982 0.632295
v -2.452379 1.481482 0.651495
v -2.456279 1.484782 0.669895
v -2.420479 1.497382 0.689595
v -2.415678 1.495582 0.670495
v -2.377979 1.510582 0.687895
v -2.383678 1.510482 0.709095
v -2.450679 1.483582 0.630395
v -2.413779 1.497982 0.649895
v -2.408978 1.489782 0.629995
v -2.446678 1.479182 0.608095
v -2.369579 1.501182 0.651095
v -2.375378 1.513182 0.667395
v -2.589679 1.749382 0.804995
v -2.577878 1.727782 0.775495
v -2.557278 1.734182 0.796095
v -2.569679 1.756482 0.831595
v -2.538779 1.746982 0.809695
v -2.548279 1.771682 0.845395
v -2.521678 1.756182 0.824395
v -2.530878 1.779782 0.861895
v -2.504779 1.763882 0.840495
v -2.514078 1.785582 0.879095
v -2.486678 1.775382 0.856195
v -2.494179 1.798882 0.891395
v -2.469378 1.784982 0.873395
v -2.476478 1.808182 0.907495
v -2.454879 1.791582 0.891495
v -2.462979 1.813882 0.926495
v -2.438679 1.800882 0.908895
v -2.445779 1.823382 0.944295
v -2.417379 1.814282 0.926395
v -2.421678 1.839682 0.960095
v -2.388978 1.826282 0.950095
v -2.392578 1.853082 0.986195
v -2.351578 1.839982 0.980795
v -2.354678 1.871882 1.016195
v -2.310778 1.858782 1.012895
v -2.314578 1.891082 1.051795
v -2.273278 1.877882 1.046795
v -2.276078 1.915682 1.083795
v -2.235779 1.906182 1.078295
v -2.237278 1.945682 1.113895
v -2.195578 1.935282 1.118095
v -2.196278 1.978682 1.147295
v -2.156079 1.968382 1.155595
v -2.159078 2.010682 1.181395
v -2.682479 1.809182 0.796895
v -2.673478 1.753882 0.784695
v -2.633878 1.774282 0.811895
v -2.638579 1.830482 0.827095
v -2.618078 1.734482 0.781395
v -2.652378 1.717482 0.755295
v -2.600478 1.792682 0.835095
v -2.599778 1.848882 0.850195
v -2.580979 1.803282 0.865195
v -2.576978 1.863982 0.878295
v -2.557079 1.816282 0.881095
v -2.552978 1.873682 0.898595
v -2.537978 1.823782 0.898395
v -2.534078 1.879482 0.919195
v -2.521579 1.828382 0.917395
v -2.519278 1.884282 0.940795
v -2.498978 1.839682 0.925995
v -2.496878 1.890382 0.951295
v -2.480778 1.848782 0.939795
v -2.478079 1.898782 0.962095
v -2.466978 1.856482 0.958095
v -2.461879 1.908182 0.977595
v -2.449679 1.865982 0.978195
v -2.444078 1.919682 0.998395
v -2.421378 1.882782 0.991895
v -2.412878 1.933882 1.011895
v -2.392178 1.898482 1.019695
v -2.382179 1.953282 1.035895
v -2.353478 1.920682 1.047595
v -2.343979 1.976982 1.062895
v -2.315678 1.943382 1.084695
v -2.305878 2.003982 1.095795
v -2.274478 1.971782 1.112195
v -2.264078 2.031582 1.123695
v -2.237678 1.999682 1.145895
v -2.230378 2.060082 1.157995
v -2.719878 1.883982 0.674795
v -2.760078 1.830382 0.702095
v -2.717778 1.851582 0.748695
v -2.675978 1.900382 0.717395
v -2.734878 1.787382 0.765495
v -2.775578 1.766882 0.718295
v -2.664179 1.868482 0.783395
v -2.625078 1.911782 0.754195
v -2.619378 1.888782 0.815395
v -2.580678 1.927282 0.786395
v -2.578779 1.903582 0.840495
v -2.542379 1.939382 0.814795
v -2.554378 1.918682 0.867795
v -2.517678 1.952782 0.842695
v -2.532578 1.927482 0.891395
v -2.497679 1.962282 0.867695
v -2.514078 1.934382 0.913395
v -2.479079 1.971182 0.888795
v -2.498379 1.942182 0.934295
v -2.461278 1.979282 0.906995
v -2.479178 1.948082 0.948895
v -2.442778 1.984982 0.921995
v -2.459878 1.953982 0.959295
v -2.424578 1.990882 0.935895
v -2.441179 1.961482 0.973495
v -2.406479 1.999182 0.951595
v -2.420978 1.972582 0.991695
v -2.384979 2.008182 0.968495
v -2.391379 1.983882 1.007695
v -2.358578 2.019182 0.986295
v -2.360479 2.003282 1.029095
v -2.329879 2.038882 1.006895
v -2.324979 2.028682 1.055995
v -2.295278 2.064582 1.030895
v -2.288278 2.057782 1.086395
v -2.258979 2.093682 1.058495
v -2.250579 2.085682 1.116795
v -2.225579 2.123382 1.089295
v -2.218579 2.114982 1.148995
v -2.196278 2.153282 1.121695
v -2.770579 1.553582 0.459395
v -2.739778 1.568282 0.470795
v -2.745478 1.585182 0.454195
v -2.774178 1.566082 0.444395
v -2.711978 1.583982 0.479095
v -2.716079 1.609482 0.463895
v -2.664179 1.604382 0.513595
v -2.673378 1.603882 0.494095
v -2.661578 1.625582 0.512795
v -2.673279 1.630482 0.486395
v -2.666778 1.645882 0.522595
v -2.681679 1.653882 0.535995
v -2.686478 1.654582 0.520295
v -2.676779 1.651982 0.503195
v -2.699778 1.652982 0.522595
v -2.696278 1.648282 0.502195
v -2.714878 1.644182 0.507895
v -2.716678 1.650282 0.526595
v -2.712778 1.639082 0.490395
v -2.692979 1.640182 0.485795
v -2.690978 1.597082 0.485795
v -2.691478 1.618182 0.475695
v -2.714178 1.629282 0.474895
v -2.696278 1.630282 0.475995
v -2.901978 1.618782 0.295595
v -2.908179 1.606082 0.309495
v -2.891478 1.612582 0.323895
v -2.881479 1.625982 0.309395
v -2.897878 1.598582 0.331795
v -2.912178 1.592282 0.316395
v -2.885278 1.606782 0.347695
v -2.877378 1.621982 0.338895
v -2.864279 1.636982 0.323895
v -2.865478 1.631082 0.354595
v -2.849778 1.647982 0.338795
v -2.873878 1.614682 0.364195
v -2.863078 1.622482 0.381495
v -2.854479 1.639082 0.371595
v -2.837579 1.658382 0.355995
v -2.845978 1.647382 0.390995
v -2.829078 1.668782 0.377295
v -2.853978 1.631182 0.400195
v -2.846978 1.640482 0.418895
v -2.840978 1.656782 0.410595
v -2.825078 1.679582 0.399395
v -2.836778 1.666082 0.428395
v -2.822578 1.689382 0.418995
v -2.841378 1.649282 0.435795
v -2.832478 1.657682 0.450595
v -2.828278 1.673682 0.443695
v -2.815879 1.696682 0.435895
v -2.761379 1.778982 0.417095
v -2.792178 1.733182 0.424895
v -2.785078 1.742582 0.440895
v -2.753379 1.786082 0.433995
v -2.807678 1.704482 0.450695
v -2.808779 1.713582 0.464395
v -2.788278 1.755082 0.453095
v -2.755378 1.797382 0.446795
v -2.815179 1.676782 0.477195
v -2.813679 1.689982 0.470995
v -2.817878 1.681482 0.457595
v -2.821878 1.666582 0.464195
v -2.821178 1.525082 0.430795
v -2.799679 1.532782 0.455595
v -2.798078 1.541182 0.441595
v -2.823378 1.531882 0.420695
v -2.803278 1.551782 0.432595
v -2.829179 1.540482 0.415095
v -2.816778 1.515182 0.457095
v -2.805078 1.514982 0.475595
v -2.802479 1.524282 0.467995
v -2.819878 1.519582 0.444395
v -2.787478 1.488482 0.481295
v -2.771378 1.481682 0.494295
v -2.762079 1.478882 0.470195
v -2.779778 1.487082 0.461495
v -2.743978 1.470782 0.476795
v -2.752679 1.473582 0.506495
v -2.732778 1.462282 0.516495
v -2.725579 1.460582 0.480195
v -2.713378 1.447182 0.525695
v -2.703879 1.445782 0.476995
v -2.694278 1.428782 0.535595
v -2.683079 1.425682 0.496695
v -2.809278 1.506382 0.476595
v -2.807379 1.499382 0.472395
v -2.823979 1.509282 0.451095
v -2.818979 1.501782 0.442095
v -2.845279 1.524282 0.397395
v -2.864279 1.516482 0.371695
v -2.855678 1.509782 0.379895
v -2.840479 1.518182 0.407995
v -2.850478 1.532082 0.392595
v -2.870378 1.524582 0.367895
v -2.834178 1.513082 0.427195
v -2.836478 1.506482 0.410595
v -2.799978 1.495082 0.468695
v -2.797879 1.495982 0.451795
v -2.770978 1.486282 0.442595
v -2.754978 1.477182 0.450795
v -2.756978 1.466382 0.438995
v -2.770478 1.474282 0.429495
v -2.745078 1.457982 0.443595
v -2.740078 1.468482 0.455395
v -2.811378 1.497882 0.417395
v -2.789978 1.494382 0.431895
v -2.786679 1.481382 0.416095
v -2.806679 1.485782 0.401895
v -2.832978 1.499882 0.395595
v -2.830778 1.487382 0.386695
v -2.852978 1.500682 0.372895
v -2.855879 1.487682 0.369895
v -2.870778 1.498082 0.355595
v -2.881978 1.486982 0.355195
v -2.878578 1.501582 0.350295
v -2.909279 1.488882 0.338695
v -2.885278 1.506482 0.345995
v -2.912779 1.498382 0.328795
v -2.892079 1.515482 0.344095
v -2.915078 1.507382 0.324295
v -2.880079 1.449682 0.389695
v -2.867378 1.470482 0.379695
v -2.894278 1.472082 0.362595
v -2.904178 1.451582 0.368095
v -2.921678 1.471682 0.340595
v -2.926779 1.451782 0.338395
v -2.834378 1.441882 0.415595
v -2.819278 1.464182 0.406595
v -2.842179 1.467782 0.394195
v -2.856579 1.446282 0.404795
v -2.797778 1.431482 0.432095
v -2.783579 1.453982 0.429895
v -2.799878 1.459682 0.418595
v -2.814678 1.436882 0.423995
v -2.757678 1.438582 0.442195
v -2.769378 1.446882 0.437295
v -2.783478 1.425982 0.440595
v -2.771378 1.419382 0.447995
v -2.913479 1.528582 0.323295
v -2.915579 1.518382 0.323595
v -2.895579 1.526182 0.343195
v -2.895879 1.536182 0.341895
v -2.874779 1.534582 0.365295
v -2.876279 1.544482 0.362095
v -2.914278 1.575282 0.321595
v -2.899178 1.581482 0.336495
v -2.898978 1.566382 0.339895
v -2.915478 1.559382 0.325195
v -2.883678 1.574382 0.356495
v -2.885178 1.589282 0.352695
v -2.912779 1.541282 0.324095
v -2.911878 1.535682 0.324395
v -2.895778 1.543482 0.341095
v -2.896478 1.549682 0.341095
v -2.877178 1.551982 0.359995
v -2.879379 1.558382 0.359495
v -2.914479 1.548582 0.325295
v -2.897979 1.556582 0.341195
v -2.881778 1.564982 0.358795
v -2.855879 1.541782 0.388395
v -2.836278 1.549882 0.410395
v -2.842479 1.559582 0.405395
v -2.859379 1.551682 0.384095
v -2.872779 1.596782 0.369695
v -2.870279 1.582182 0.373995
v -2.858279 1.590682 0.392095
v -2.861479 1.604882 0.387395
v -2.861479 1.559682 0.380495
v -2.846779 1.567982 0.401095
v -2.849478 1.575482 0.396795
v -2.863778 1.566582 0.378095
v -2.867178 1.572982 0.376495
v -2.853779 1.581982 0.394495
v -2.814079 1.560682 0.428795
v -2.789879 1.575082 0.442495
v -2.807578 1.581682 0.443295
v -2.825279 1.569582 0.425495
v -2.851679 1.614482 0.406095
v -2.848078 1.600882 0.410995
v -2.840178 1.611082 0.430295
v -2.844178 1.624182 0.424895
v -2.833779 1.577682 0.422295
v -2.821079 1.587882 0.442595
v -2.827678 1.596582 0.436895
v -2.838078 1.585782 0.417195
v -2.842978 1.592482 0.413995
v -2.834079 1.603082 0.433495
v -2.833978 1.619982 0.448195
v -2.838679 1.632982 0.442295
v -2.831578 1.641982 0.458095
v -2.826478 1.628982 0.464695
v -2.767478 1.593182 0.454895
v -2.750278 1.612082 0.466495
v -2.777378 1.608082 0.475195
v -2.791378 1.594782 0.459695
v -2.808179 1.598882 0.460095
v -2.796179 1.610782 0.475895
v -2.806878 1.617682 0.469895
v -2.817378 1.606982 0.454295
v -2.825778 1.612782 0.450995
v -2.817178 1.622182 0.467395
v -2.821678 1.651582 0.472595
v -2.812878 1.661382 0.484995
v -2.816078 1.638882 0.479795
v -2.804078 1.649082 0.490495
v -2.740578 1.626382 0.480295
v -2.735578 1.635582 0.496395
v -2.757179 1.635082 0.499095
v -2.765878 1.622382 0.487595
v -2.805279 1.633282 0.481195
v -2.793178 1.645282 0.491395
v -2.793578 1.631282 0.480995
v -2.781278 1.644682 0.490795
v -2.782378 1.626182 0.485295
v -2.770678 1.639782 0.494995
v -2.720178 1.729782 0.756895
v -2.693778 1.694482 0.731295
v -2.762479 1.710682 0.717995
v -2.733679 1.676282 0.700495
v -2.638778 1.662982 0.645195
v -2.635578 1.678482 0.654795
v -2.674978 1.670182 0.646895
v -2.670978 1.658982 0.631395
v -2.675478 1.683082 0.705895
v -2.636079 1.702482 0.728395
v -2.713679 1.664982 0.681295
v -2.666579 1.680282 0.686095
v -2.700878 1.663282 0.665795
v -2.623878 1.695682 0.702395
v -2.590978 1.709582 0.728995
v -2.578678 1.703082 0.712295
v -2.601378 1.695582 0.694695
v -2.647178 1.684282 0.673495
v -2.621979 1.689082 0.673495
v -2.692078 1.664582 0.654195
v -2.667878 1.676982 0.671595
v -2.603878 1.716782 0.752595
v -2.727178 1.458882 0.456795
v -2.736978 1.448882 0.446395
v -2.727778 1.442882 0.441695
v -2.714878 1.449982 0.451895
v -2.749378 1.429582 0.446895
v -2.739178 1.424482 0.442695
v -2.760278 1.410582 0.453495
v -2.747079 1.404982 0.446995
v -2.756278 1.396082 0.440495
v -2.777078 1.401682 0.446095
v -2.766379 1.398382 0.452395
v -2.768479 1.394982 0.430395
v -2.802879 1.411082 0.427095
v -2.788479 1.406582 0.437095
v -2.800278 1.395882 0.413195
v -2.783179 1.394982 0.421895
v -2.839178 1.419082 0.409095
v -2.819878 1.415182 0.418095
v -2.819178 1.397982 0.404195
v -2.839379 1.400582 0.394295
v -2.860379 1.422682 0.397995
v -2.860978 1.403482 0.382695
v -2.882778 1.425782 0.383195
v -2.882778 1.406382 0.368595
v -2.905578 1.427982 0.361895
v -2.902478 1.409782 0.350295
v -2.927078 1.429482 0.331095
v -2.918779 1.412682 0.319595
v -2.876678 1.406082 0.341195
v -2.893578 1.407182 0.334895
v -2.901479 1.411282 0.307595
v -2.874578 1.413882 0.295795
v -2.817878 1.414182 0.324395
v -2.831679 1.402982 0.364295
v -2.854978 1.405482 0.351995
v -2.843778 1.415482 0.310995
v -2.770478 1.414182 0.347695
v -2.788779 1.398882 0.384795
v -2.809579 1.400082 0.374995
v -2.793178 1.412782 0.336495
v -2.769678 1.399682 0.393595
v -2.753178 1.402282 0.402795
v -2.749978 1.418882 0.357695
v -2.732478 1.424882 0.367395
v -2.717978 1.429682 0.377995
v -2.706078 1.435382 0.387395
v -2.731279 1.414482 0.422195
v -2.740178 1.405782 0.413695
v -2.724378 1.429882 0.422895
v -2.712979 1.442882 0.424895
v -2.695978 1.443282 0.393595
v -2.685579 1.450182 0.398895
v -2.698979 1.447682 0.434295
v -2.675178 1.455382 0.406695
v -2.662678 1.459382 0.419195
v -2.684179 1.444282 0.447595
v -2.665879 1.435182 0.465195
v -2.646378 1.460882 0.437495
v -2.627078 1.459482 0.459595
v -2.644879 1.430682 0.488795
v -2.622978 1.432882 0.515895
v -2.607279 1.459182 0.485595
v -2.584378 1.460782 0.512095
v -2.598479 1.441382 0.543395
v -2.566378 1.455482 0.567795
v -2.555078 1.466282 0.535695
v -2.519278 1.457882 0.555295
v -2.526978 1.461082 0.588595
v -2.488478 1.470682 0.609695
v -2.483778 1.465182 0.586695
v -2.481579 1.381082 0.506095
v -2.494879 1.407982 0.514095
v -2.517978 1.380282 0.472695
v -2.508778 1.344182 0.466995
v -2.503978 1.367582 0.484295
v -2.540378 1.346882 0.433995
v -2.472678 1.349182 0.501395
v -2.500879 1.438082 0.535895
v -2.474678 1.442982 0.567995
v -2.462778 1.420782 0.546995
v -2.426978 1.438482 0.565795
v -2.438478 1.456382 0.590795
v -2.400678 1.468682 0.613195
v -2.388678 1.452782 0.588795
v -2.348879 1.461982 0.617595
v -2.360678 1.480482 0.636595
v -2.317778 1.494982 0.659195
v -2.327278 1.514782 0.671295
v -2.305878 1.475182 0.645495
v -2.264078 1.491282 0.671795
v -2.277279 1.511282 0.680095
v -2.287678 1.531182 0.687295
v -2.243678 1.531482 0.695595
v -2.256278 1.550982 0.695395
v -2.212478 1.554582 0.696395
v -2.227578 1.511682 0.695395
v -2.191478 1.535482 0.698695
v -2.229879 1.573082 0.694995
v -2.343979 1.528282 0.725595
v -2.337979 1.529482 0.702095
v -2.300478 1.550582 0.712495
v -2.305078 1.549982 0.738095
v -2.334479 1.530782 0.681795
v -2.296778 1.549482 0.692095
v -2.267278 1.568382 0.698195
v -2.269278 1.570882 0.719495
v -2.242779 1.587982 0.700995
v -2.244179 1.590482 0.722395
v -2.286978 1.600082 0.782695
v -2.274678 1.581182 0.771095
v -2.231678 1.607682 0.777295
v -2.247978 1.627182 0.790995
v -2.269678 1.572582 0.746195
v -2.241578 1.592282 0.747995
v -2.224179 1.608282 0.721295
v -2.225078 1.605282 0.740995
v -2.201478 1.626582 0.727395
v -2.208878 1.617382 0.752995
v -2.203479 1.593482 0.695195
v -2.218979 1.607482 0.702395
v -2.190578 1.628682 0.706995
v -2.172078 1.613682 0.699795
v -2.453179 1.399882 0.524595
v -2.444478 1.381782 0.514095
v -2.409678 1.405082 0.525495
v -2.418079 1.422482 0.540695
v -2.424379 1.306482 0.550795
v -2.403078 1.312382 0.575395
v -2.422979 1.338482 0.555395
v -2.445678 1.321582 0.531195
v -2.386578 1.350682 0.577195
v -2.369278 1.323582 0.598495
v -2.400779 1.373482 0.550895
v -2.436679 1.360582 0.530695
v -2.435078 1.375882 0.522895
v -2.405379 1.389182 0.535695
v -2.377378 1.443982 0.560395
v -2.364578 1.425582 0.541895
v -2.327779 1.434782 0.586095
v -2.337178 1.450182 0.596795
v -2.366079 1.403382 0.559195
v -2.328578 1.420682 0.598095
v -2.362478 1.387782 0.578895
v -2.326779 1.405782 0.616595
v -2.351979 1.364982 0.606395
v -2.319778 1.382082 0.642195
v -2.336179 1.337582 0.625195
v -2.305178 1.353082 0.657395
v -2.294079 1.460282 0.632395
v -2.286078 1.447582 0.627395
v -2.250278 1.475682 0.665595
v -2.238178 1.464082 0.661795
v -2.285078 1.436282 0.636395
v -2.235978 1.451282 0.671295
v -2.286878 1.422782 0.655095
v -2.239578 1.438682 0.688595
v -2.284478 1.399882 0.677895
v -2.239478 1.418682 0.707195
v -2.272578 1.370082 0.689495
v -2.229678 1.391982 0.713495
v -2.416678 1.289182 0.538095
v -2.386978 1.287582 0.569095
v -2.378278 1.263882 0.552295
v -2.408378 1.270482 0.518995
v -2.340278 1.275882 0.576395
v -2.352078 1.299282 0.592595
v -2.318979 1.314882 0.618295
v -2.304979 1.294482 0.599395
v -2.271378 1.307982 0.629595
v -2.288079 1.328782 0.650095
v -2.255378 1.344482 0.680995
v -2.237478 1.321382 0.662395
v -2.199178 1.343082 0.693295
v -2.215379 1.367482 0.706395
v -2.166878 1.395982 0.731995
v -2.178378 1.418182 0.736095
v -2.153279 1.373682 0.722495
v -2.108679 1.402082 0.749795
v -2.120579 1.422082 0.757295
v -2.131078 1.442082 0.758895
v -2.178879 1.328482 0.664895
v -2.136379 1.358382 0.699795
v -2.119478 1.354482 0.671995
v -2.157879 1.326182 0.633595
v -2.082679 1.380982 0.707495
v -2.095578 1.387182 0.731195
v -2.535078 1.317282 0.417695
v -2.560778 1.326282 0.379895
v -2.590178 1.298782 0.341795
v -2.562979 1.295082 0.373395
v -2.532678 1.294182 0.398895
v -2.556278 1.313382 0.390495
v -2.502778 1.318582 0.442495
v -2.497779 1.292082 0.421595
v -2.455878 1.285982 0.445195
v -2.468678 1.314882 0.469695
v -2.441778 1.301782 0.503295
v -2.431078 1.281982 0.484295
v -2.420879 1.270482 0.477195
v -2.401078 1.261182 0.500695
v -2.427678 1.266682 0.459295
v -2.401479 1.254882 0.482795
v -2.370679 1.253282 0.529195
v -2.368778 1.246482 0.512095
v -2.326178 1.247582 0.533495
v -2.330778 1.259282 0.553395
v -2.291178 1.275682 0.572795
v -2.280679 1.260982 0.544395
v -2.228779 1.279182 0.558795
v -2.252679 1.292182 0.597095
v -2.216378 1.307782 0.629295
v -2.192478 1.302482 0.598095
v -2.608979 1.268282 0.346995
v -2.574178 1.271982 0.371895
v -2.583178 1.248282 0.375295
v -2.619778 1.244182 0.353095
v -2.548178 1.248282 0.396395
v -2.541078 1.270282 0.396595
v -2.505378 1.266882 0.416795
v -2.513479 1.245882 0.415195
v -2.479879 1.240382 0.432895
v -2.468778 1.260482 0.432295
v -2.515778 1.229782 0.412795
v -2.549878 1.230582 0.394295
v -2.547378 1.213782 0.390995
v -2.515078 1.214782 0.410495
v -2.485479 1.225882 0.434395
v -2.486179 1.211282 0.432595
v -2.439878 1.249582 0.453795
v -2.452578 1.232482 0.457195
v -2.424078 1.224782 0.485895
v -2.411679 1.239582 0.480295
v -2.459779 1.219082 0.460095
v -2.430979 1.210882 0.488595
v -2.460278 1.204482 0.457495
v -2.430679 1.195982 0.483695
v -2.374779 1.232682 0.508795
v -2.385078 1.217682 0.515295
v -2.335879 1.211282 0.536695
v -2.328978 1.229382 0.529795
v -2.341678 1.180282 0.532795
v -2.340278 1.195882 0.538495
v -2.390979 1.202882 0.517595
v -2.390979 1.187482 0.510895
v -2.277078 1.233282 0.534495
v -2.279778 1.207582 0.542395
v -2.220578 1.207482 0.548595
v -2.224678 1.240082 0.542495
v -2.221578 1.169882 0.558595
v -2.220778 1.186382 0.554995
v -2.282779 1.189882 0.547195
v -2.284979 1.173982 0.546595
v -2.860578 1.140982 -0.046205
v -2.859679 1.105482 -0.061605
v -2.857478 1.101482 -0.043705
v -2.862278 1.136082 -0.030505
v -2.844979 1.060382 -0.058605
v -2.847678 1.063282 -0.076705
v -2.840578 1.062382 -0.029205
v -2.852778 1.101282 -0.015705
v -2.859079 1.133682 -0.004105
v -2.837979 1.174682 0.014595
v -2.842778 1.185282 0.021295
v -2.847978 1.187582 -0.001905
v -2.844778 1.176882 -0.007905
v -2.845279 1.201582 0.005595
v -2.840178 1.199082 0.027595
v -2.842778 1.206882 -0.010505
v -2.846178 1.192882 -0.017805
v -2.843979 1.181482 -0.022305
v -2.842078 1.160482 0.006895
v -2.836879 1.167182 0.010095
v -2.844478 1.170182 -0.012005
v -2.848879 1.164082 -0.015905
v -2.843378 1.174382 -0.025205
v -2.847178 1.168382 -0.029305
v -2.854278 1.159582 -0.035705
v -2.856778 1.155082 -0.021505
v -2.851878 1.151982 0.002795
v -2.828079 1.185882 0.056095
v -2.825979 1.200182 0.058695
v -2.822879 1.174082 0.051295
v -2.805778 1.176082 0.096095
v -2.809378 1.189282 0.098095
v -2.808179 1.204782 0.097195
v -2.807278 1.158282 0.093895
v -2.804078 1.166782 0.094495
v -2.820079 1.164982 0.047595
v -2.824979 1.156582 0.046095
v -2.835179 1.148282 0.044395
v -2.846278 1.132382 0.041695
v -2.824979 1.135082 0.094095
v -2.815078 1.149182 0.093895
v -2.788779 1.195582 0.141695
v -2.786978 1.210882 0.139495
v -2.784878 1.182682 0.139395
v -2.765478 1.190982 0.178995
v -2.767079 1.203282 0.182295
v -2.763579 1.217282 0.179295
v -2.647478 1.255682 0.321995
v -2.654979 1.233282 0.324695
v -2.632879 1.275282 0.308495
v -2.668079 1.252182 0.284795
v -2.680478 1.238582 0.295495
v -2.686478 1.220782 0.295795
v -2.746379 1.210582 0.215395
v -2.740778 1.223582 0.211195
v -2.748578 1.198682 0.211195
v -2.730978 1.202982 0.238495
v -2.725178 1.217782 0.243195
v -2.717479 1.229782 0.237295
v -2.766478 1.175882 0.176795
v -2.765579 1.182082 0.175095
v -2.783378 1.173282 0.137695
v -2.786578 1.165282 0.137895
v -2.752378 1.189882 0.201695
v -2.747878 1.187882 0.208595
v -2.792679 1.157082 0.138995
v -2.798078 1.144782 0.140295
v -2.769278 1.158782 0.179595
v -2.769278 1.168582 0.178595
v -2.746178 1.182082 0.210295
v -2.742479 1.174982 0.211295
v -2.725979 1.185782 0.232295
v -2.726478 1.193682 0.238195
v -2.703978 1.225882 0.268895
v -2.710678 1.212182 0.270195
v -2.694078 1.237282 0.261095
v -2.842479 1.103182 0.033095
v -2.831378 1.067982 0.019595
v -2.810378 1.080382 0.080595
v -2.822378 1.110782 0.088895
v -2.794779 1.126182 0.137695
v -2.782079 1.111382 0.133095
v -2.750078 1.138282 0.174295
v -2.762479 1.147582 0.178595
v -2.761779 1.106882 0.129495
v -2.733778 1.133382 0.166195
v -2.781178 1.075182 0.103295
v -2.758579 1.077582 0.109495
v -2.740478 1.101482 0.123395
v -2.715578 1.122982 0.156595
v -2.683479 1.189182 0.263495
v -2.682678 1.206382 0.284895
v -2.707278 1.199582 0.262095
v -2.710479 1.187482 0.244795
v -2.731078 1.169782 0.214695
v -2.715978 1.165982 0.215295
v -2.621478 1.222382 0.351495
v -2.586378 1.227882 0.376295
v -2.581979 1.207882 0.372295
v -2.620279 1.198382 0.342195
v -2.660578 1.159082 0.255295
v -2.673378 1.175182 0.256895
v -2.701478 1.158282 0.210595
v -2.687878 1.141182 0.204495
v -2.653178 1.214682 0.316995
v -2.651579 1.199082 0.306395
v -2.653279 1.186282 0.292195
v -2.639378 1.176182 0.300495
v -2.608478 1.918082 0.615095
v -2.663378 1.913182 0.644695
v -2.622978 1.922782 0.684395
v -2.574279 1.922982 0.653695
v -2.579078 1.929882 0.722795
v -2.538178 1.927882 0.693895
v -2.540478 1.941682 0.757095
v -2.506278 1.940582 0.730195
v -2.507879 1.954382 0.788095
v -2.478278 1.954282 0.762995
v -2.433479 1.975782 0.816495
v -2.454479 1.966582 0.791795
v -2.483878 1.967182 0.816495
v -2.463778 1.976982 0.841295
v -2.444878 1.985682 0.861695
v -2.414378 1.983282 0.836395
v -2.426678 1.992982 0.878995
v -2.396478 1.990182 0.853195
v -2.408579 1.998982 0.894595
v -2.378679 1.996582 0.868795
v -2.390478 2.005382 0.909495
v -2.360079 2.002382 0.884295
v -2.371478 2.013682 0.925195
v -2.340278 2.009682 0.900295
v -2.349579 2.022382 0.941695
v -2.317878 2.018582 0.916595
v -2.324478 2.035282 0.958795
v -2.291878 2.030682 0.932395
v -2.294479 2.052882 0.976695
v -2.260178 2.043982 0.948295
v -2.257678 2.074982 0.996195
v -2.222178 2.061282 0.963595
v -2.220078 2.100782 1.020395
v -2.173679 2.084482 0.978295
v -2.123678 2.157082 1.053595
v -2.146579 2.121782 1.017995
v -2.188779 2.131382 1.051195
v -2.163278 2.164482 1.085495
v -2.127778 2.094682 0.956795
v -2.111179 2.124182 0.990595
v -2.077678 2.125082 0.968395
v -2.092879 2.096482 0.938295
v -2.090878 2.157882 1.026295
v -2.058879 2.156182 1.003395
v -2.501678 1.917182 0.646295
v -2.529679 1.907382 0.606995
v -2.546378 1.913182 0.628895
v -2.515078 1.917182 0.670595
v -2.574878 1.911882 0.589295
v -2.554078 1.903582 0.569395
v -2.442579 1.944982 0.718295
v -2.471779 1.930582 0.683795
v -2.485079 1.929682 0.708795
v -2.457478 1.943882 0.743095
v -2.393878 1.970982 0.772695
v -2.416678 1.959182 0.748195
v -2.432978 1.957282 0.772695
v -2.410878 1.966882 0.797595
v -2.357279 1.986482 0.805895
v -2.374678 1.979882 0.790795
v -2.391878 1.975182 0.816495
v -2.374479 1.982882 0.832195
v -2.321678 1.996382 0.837495
v -2.339978 1.991682 0.821495
v -2.357078 1.989182 0.847795
v -2.338679 1.994882 0.863595
v -2.279279 2.010482 0.868995
v -2.301479 2.002282 0.853895
v -2.318378 2.001382 0.879995
v -2.295578 2.009382 0.895895
v -2.269179 2.018482 0.910595
v -2.254878 2.020882 0.881295
v -2.238478 2.027982 0.923995
v -2.227878 2.033482 0.890695
v -2.167379 2.057182 0.937195
v -2.162379 2.049782 0.899795
v -2.196378 2.043782 0.897795
v -2.203978 2.041682 0.934795
v -2.131578 2.065382 0.928095
v -2.127878 2.050682 0.893595
v -2.097978 2.063182 0.916195
v -2.094778 2.044882 0.884895
v -2.515878 1.909782 0.588095
v -2.537779 1.905882 0.557295
v -2.488678 1.919582 0.621295
v -2.477379 1.924782 0.595995
v -2.506179 1.914482 0.569895
v -2.524779 1.910282 0.553295
v -2.458079 1.934282 0.654995
v -2.427278 1.951082 0.686795
v -2.413178 1.961382 0.652795
v -2.444978 1.941382 0.624395
v -2.399379 1.966482 0.714795
v -2.374578 1.978482 0.737795
v -2.357178 1.992482 0.698995
v -2.383579 1.979082 0.678095
v -2.354479 1.986582 0.754595
v -2.336778 1.991682 0.768795
v -2.319679 2.008082 0.728995
v -2.336879 2.002182 0.714595
v -2.469478 1.953382 0.550695
v -2.504779 1.937482 0.532495
v -2.502178 1.922982 0.549495
v -2.469778 1.935682 0.570395
v -2.530278 1.914782 0.535395
v -2.536078 1.925382 0.517995
v -2.434879 1.976382 0.572595
v -2.436178 1.955782 0.594995
v -2.404578 1.979682 0.620695
v -2.403078 2.002482 0.596995
v -2.371778 2.025382 0.619495
v -2.374278 2.000382 0.644195
v -2.345978 2.014982 0.663295
v -2.340779 2.040782 0.636595
v -2.587878 1.974282 0.432795
v -2.585578 1.978782 0.424995
v -2.618978 1.961882 0.405995
v -2.620778 1.956282 0.414995
v -2.618879 1.948082 0.425295
v -2.587778 1.966982 0.442595
v -2.555778 1.991682 0.452295
v -2.558278 1.984482 0.462595
v -2.552179 1.995882 0.444095
v -2.521378 2.015182 0.477395
v -2.516679 2.020482 0.467395
v -2.525178 2.006182 0.488495
v -2.491379 2.032782 0.517195
v -2.487978 2.045582 0.505795
v -2.482178 2.052582 0.493595
v -2.455778 2.081282 0.534095
v -2.449178 2.089782 0.521595
v -2.459378 2.065282 0.545195
v -2.426479 2.097882 0.571095
v -2.424978 2.117182 0.561795
v -2.419678 2.128282 0.548995
v -2.389579 2.144082 0.585095
v -2.385878 2.155882 0.572995
v -2.390279 2.124982 0.593395
v -2.351578 2.142882 0.608795
v -2.350979 2.159682 0.601895
v -2.348179 2.169782 0.592295
v -2.314178 2.165582 0.614595
v -2.311378 2.173782 0.606695
v -2.315978 2.150582 0.620595
v -2.283678 2.152282 0.631895
v -2.280379 2.165982 0.625395
v -2.277179 2.172982 0.617995
v -2.249678 2.163782 0.634995
v -2.246379 2.169682 0.626995
v -2.253878 2.151282 0.642795
v -2.226178 2.149282 0.653595
v -2.221578 2.161582 0.644595
v -2.218179 2.167582 0.635695
v -2.195178 2.160682 0.654095
v -2.169878 2.161382 0.663595
v -2.166579 2.168982 0.653895
v -2.191879 2.167482 0.644595
v -2.199979 2.147682 0.663495
v -2.174379 2.147582 0.672595
v -2.144578 2.164182 0.672895
v -2.141679 2.171882 0.663595
v -2.148778 2.150482 0.681595
v -2.122178 2.154182 0.692695
v -2.117978 2.167582 0.683495
v -2.115078 2.175282 0.674195
v -2.050578 2.174782 0.695695
v -2.084278 2.177182 0.685395
v -2.087579 2.168982 0.695495
v -2.054478 2.166082 0.705995
v -2.092078 2.155482 0.705495
v -2.059378 2.152482 0.715295
v -2.020579 2.158282 0.713195
v -2.015979 2.166682 0.703495
v -2.026879 2.145482 0.721495
v -1.993578 2.136882 0.726695
v -1.986079 2.148782 0.719195
v -1.981179 2.155382 0.709795
v -2.549778 1.954082 0.492195
v -2.516979 1.970282 0.512995
v -2.522578 1.989282 0.501095
v -2.555679 1.970582 0.477195
v -2.482178 1.991182 0.535995
v -2.488078 2.012782 0.527195
v -2.476578 1.972482 0.543595
v -2.443378 1.997882 0.566695
v -2.449778 2.018682 0.561095
v -2.411078 2.025182 0.590995
v -2.417878 2.047582 0.586495
v -2.423679 2.073382 0.579595
v -2.456078 2.042582 0.554095
v -2.376878 2.049082 0.611795
v -2.383678 2.073082 0.609295
v -2.343078 2.066082 0.626795
v -2.348179 2.091282 0.624295
v -2.350678 2.118682 0.616995
v -2.388378 2.100182 0.602295
v -2.290778 2.101682 0.647595
v -2.287478 2.128982 0.639795
v -2.317279 2.126782 0.628195
v -2.317678 2.099482 0.635995
v -2.259578 2.128282 0.651795
v -2.232679 2.125982 0.662395
v -2.264579 2.100882 0.658695
v -2.238778 2.098482 0.668595
v -2.187979 2.094982 0.684595
v -2.181178 2.123282 0.680195
v -2.206578 2.123582 0.671195
v -2.213478 2.095782 0.676695
v -2.134279 2.102082 0.703195
v -2.129079 2.130982 0.701595
v -2.155779 2.126682 0.690195
v -2.161778 2.097682 0.692995
v -2.074279 2.106382 0.726195
v -2.066778 2.131182 0.723295
v -2.099179 2.133182 0.714295
v -2.104479 2.105882 0.715495
v -2.569578 1.926582 0.490695
v -2.593478 1.914182 0.476695
v -2.593678 1.902782 0.501895
v -2.543578 1.939182 0.505495
v -2.560979 1.914082 0.508595
v -2.576878 1.940582 0.474095
v -2.603178 1.924982 0.457295
v -2.583578 1.954882 0.457295
v -2.612078 1.936882 0.439695
v -2.511578 1.953782 0.523495
v -2.697078 1.654782 0.544795
v -2.714178 1.654682 0.549695
v -2.688779 1.654282 0.566795
v -2.706979 1.652682 0.576695
v -2.675178 1.653882 0.586095
v -2.686679 1.652182 0.599295
v -2.751678 1.645282 0.511895
v -2.733979 1.641682 0.511895
v -2.733078 1.647482 0.528695
v -2.748278 1.649082 0.528495
v -2.705979 1.654982 0.622995
v -2.725778 1.644182 0.602595
v -2.715878 1.649982 0.593595
v -2.696578 1.654682 0.611695
v -2.742278 1.638082 0.570095
v -2.745478 1.643182 0.549195
v -2.730479 1.649082 0.550695
v -2.727778 1.645582 0.570895
v -2.727878 1.643682 0.583595
v -2.737678 1.638082 0.586795
v -2.763378 1.650282 0.508295
v -2.760278 1.650382 0.526895
v -2.771979 1.650382 0.525095
v -2.774678 1.652982 0.505795
v -2.715779 1.651482 0.632495
v -2.735578 1.640882 0.610095
v -2.727379 1.649582 0.641795
v -2.746878 1.640682 0.616795
v -2.766878 1.636182 0.572095
v -2.770179 1.641582 0.547495
v -2.757978 1.642082 0.548095
v -2.754678 1.635582 0.570595
v -2.747878 1.636082 0.590395
v -2.759478 1.636682 0.594395
v -2.741878 1.651882 0.653095
v -2.762278 1.665582 0.664495
v -2.761479 1.644082 0.624395
v -2.781278 1.659082 0.629995
v -2.803179 1.655082 0.523595
v -2.801178 1.655082 0.505095
v -2.787379 1.652382 0.505895
v -2.785578 1.650682 0.525195
v -2.784678 1.643782 0.548595
v -2.781079 1.640282 0.574595
v -2.800379 1.651982 0.575795
v -2.803879 1.652382 0.548095
v -2.773778 1.640782 0.598795
v -2.793079 1.654482 0.601695
v -2.817979 1.669082 0.499395
v -2.823879 1.687882 0.489295
v -2.826978 1.674482 0.517495
v -2.833578 1.712782 0.500295
v -2.820978 1.719682 0.476695
v -2.821578 1.697182 0.480795
v -2.786978 1.701582 0.669695
v -2.807479 1.692782 0.630695
v -2.798178 1.751982 0.665395
v -2.822479 1.742682 0.623795
v -2.825578 1.730782 0.560895
v -2.837279 1.724682 0.532095
v -2.830279 1.678482 0.543195
v -2.825478 1.682682 0.572295
v -2.818378 1.686882 0.599395
v -2.826578 1.736082 0.589395
v -2.803278 1.764282 0.464795
v -2.818878 1.773082 0.486695
v -2.783978 1.821482 0.475695
v -2.771078 1.807582 0.458095
v -2.772979 1.857382 0.588895
v -2.811078 1.802582 0.608195
v -2.787178 1.811982 0.651595
v -2.750778 1.867482 0.629595
v -2.821278 1.781182 0.517395
v -2.785878 1.831982 0.502495
v -2.806878 1.782782 0.546295
v -2.775678 1.834082 0.530795
v -2.812078 1.791782 0.573895
v -2.775779 1.843482 0.557295
v -2.716079 1.820782 0.417195
v -2.717579 1.825282 0.436295
v -2.686679 1.861982 0.447895
v -2.671278 1.871482 0.431295
v -2.726378 1.830782 0.447995
v -2.708578 1.859682 0.458095
v -2.657578 1.912182 0.554195
v -2.717278 1.897282 0.571895
v -2.695779 1.906582 0.606395
v -2.636479 1.917682 0.581695
v -2.743978 1.831782 0.456495
v -2.743879 1.849682 0.467195
v -2.658678 1.886982 0.472795
v -2.633178 1.889182 0.465195
v -2.694578 1.884382 0.479995
v -2.682379 1.898682 0.507495
v -2.639879 1.900982 0.500895
v -2.634679 1.903482 0.441095
v -2.618778 1.900282 0.460495
v -2.597779 1.910582 0.556695
v -2.617878 1.908782 0.533195
v -2.572378 1.902082 0.537695
v -2.673078 1.905282 0.531995
v -2.637678 1.906882 0.521595
v -2.551479 1.906382 0.530895
v -2.726378 1.885482 0.543395
v -2.732778 1.876482 0.517095
v -2.741178 1.867482 0.489795
v -2.646378 1.910882 0.421695
v -2.680478 1.871182 0.403495
v -2.653478 1.920282 0.404595
v -2.687778 1.876182 0.377095
v -2.655178 1.928982 0.393395
v -2.652378 1.935882 0.382995
v -2.678278 1.903682 0.359495
v -2.681578 1.896482 0.368695
v -2.896078 1.635482 0.271495
v -2.872379 1.645382 0.286195
v -2.869078 1.667682 0.265995
v -2.892578 1.653982 0.248795
v -2.852278 1.659182 0.301095
v -2.848078 1.684382 0.280995
v -2.834779 1.674582 0.314895
v -2.829378 1.703882 0.292695
v -2.819379 1.690282 0.332095
v -2.810078 1.731782 0.305695
v -2.801479 1.718482 0.382995
v -2.808278 1.705582 0.356795
v -2.793578 1.749282 0.337195
v -2.775079 1.776082 0.367095
v -2.797879 1.726982 0.405795
v -2.768479 1.776182 0.395995
v -2.719579 1.820282 0.393695
v -2.723778 1.822382 0.370695
v -2.794379 1.793082 0.295895
v -2.799679 1.768682 0.301395
v -2.780278 1.785482 0.324395
v -2.775479 1.815682 0.318695
v -2.753379 1.805982 0.344495
v -2.744979 1.838982 0.337595
v -2.727278 1.827582 0.354895
v -2.714878 1.857082 0.352695
v -2.748878 1.880782 0.325095
v -2.747178 1.864082 0.334695
v -2.712778 1.878782 0.349595
v -2.712279 1.890582 0.342095
v -2.774178 1.836182 0.312495
v -2.772279 1.847682 0.301695
v -2.790478 1.814682 0.281095
v -2.792178 1.808382 0.288495
v -2.827479 0.984182 -0.050205
v -2.831778 1.020782 -0.041705
v -2.838778 1.017982 -0.072405
v -2.838679 0.980982 -0.081605
v -2.843279 1.021082 -0.094305
v -2.840978 0.984882 -0.109905
v -2.791979 0.996882 0.024595
v -2.806878 1.031582 0.048895
v -2.822278 1.026182 0.002696
v -2.813079 0.988782 -0.013405
v -2.780978 1.038482 0.081395
v -2.763678 1.013882 0.056195
v -2.735878 1.040282 0.079295
v -2.751979 1.056382 0.099395
v -2.724478 1.081082 0.115095
v -2.708878 1.063182 0.102795
v -2.683179 1.074882 0.138995
v -2.699778 1.098682 0.148395
v -2.673178 1.114482 0.197295
v -2.658478 1.086382 0.189895
v -2.633878 1.100082 0.244995
v -2.646279 1.132082 0.249995
v -2.625179 1.150682 0.299595
v -2.608078 1.121782 0.291395
v -2.581178 1.147482 0.325995
v -2.601378 1.169182 0.339995
v -2.570278 1.186182 0.363895
v -2.554279 1.167782 0.351095
v -2.528979 1.176782 0.374795
v -2.540278 1.194682 0.384695
v -2.505978 1.176782 0.398395
v -2.512879 1.195582 0.406795
v -2.486479 1.191882 0.429395
v -2.482078 1.172582 0.420795
v -2.460179 1.185282 0.452695
v -2.429678 1.177082 0.477195
v -2.455878 1.166082 0.442795
v -2.425178 1.157782 0.465795
v -2.390579 1.168582 0.502695
v -2.387179 1.149082 0.490495
v -2.342579 1.161082 0.525895
v -2.341079 1.139882 0.515495
v -2.285878 1.155282 0.544095
v -2.220778 1.153082 0.559995
v -2.284579 1.132782 0.538595
v -2.218778 1.134682 0.558895
v -2.659478 1.063782 0.125195
v -2.634979 1.071482 0.175895
v -2.607279 1.079782 0.154595
v -2.631879 1.071582 0.105595
v -2.586278 1.093282 0.205195
v -2.611179 1.087782 0.228595
v -2.586179 1.112382 0.271395
v -2.562878 1.112982 0.246795
v -2.538278 1.133282 0.281195
v -2.561078 1.137182 0.305995
v -2.536379 1.155882 0.333895
v -2.513978 1.149782 0.310395
v -2.490178 1.159382 0.335995
v -2.512378 1.165382 0.358695
v -2.489979 1.167582 0.381395
v -2.468078 1.162682 0.358595
v -2.466779 1.164482 0.402595
v -2.445379 1.160882 0.378495
v -2.440678 1.157382 0.422595
v -2.409979 1.149382 0.442995
v -2.419779 1.154682 0.395995
v -2.389678 1.150082 0.413795
v -2.373178 1.140582 0.465195
v -2.327978 1.131882 0.487695
v -2.354178 1.147982 0.433995
v -2.310879 1.148082 0.456195
v -2.272178 1.124582 0.510095
v -2.208878 1.122782 0.535795
v -2.257078 1.146282 0.479595
v -2.195478 1.142182 0.507095
v -2.186478 1.440382 0.730495
v -2.138778 1.461482 0.753295
v -2.141778 1.477382 0.740995
v -2.187379 1.457582 0.715595
v -2.063478 1.410082 0.754095
v -2.073979 1.423282 0.769995
v -2.054378 1.404082 0.734795
v -2.038678 1.417582 0.749495
v -2.039378 1.427282 0.766995
v -2.048378 1.440782 0.781195
v -2.077578 1.464882 0.784395
v -2.096678 1.457782 0.776395
v -2.086179 1.440082 0.776795
v -2.062478 1.455482 0.786895
v -2.192979 1.485582 0.696995
v -2.185579 1.470582 0.701795
v -2.143178 1.490382 0.729795
v -2.143479 1.508482 0.718095
v -2.073279 1.495582 0.769595
v -2.106078 1.492682 0.761295
v -2.102878 1.475282 0.771595
v -2.073778 1.479682 0.782095
v -2.025978 1.472482 0.764995
v -2.045278 1.487782 0.771595
v -2.049178 1.473282 0.786795
v -2.029279 1.458282 0.783295
v -2.020778 1.440782 0.766595
v -2.028778 1.426682 0.742595
v -2.021178 1.452582 0.748095
v -2.028878 1.436382 0.731495
v -2.164479 1.309382 0.577795
v -2.136878 1.336982 0.607995
v -2.181379 1.282582 0.553195
v -2.147778 1.287282 0.546595
v -2.143278 1.323082 0.558595
v -2.121379 1.353782 0.584395
v -2.174078 1.245282 0.555195
v -2.130079 1.249882 0.557695
v -2.161679 1.212182 0.567095
v -2.109478 1.219782 0.581895
v -2.156178 1.188982 0.575995
v -2.099978 1.197982 0.601295
v -2.152579 1.170282 0.579795
v -2.094178 1.177582 0.610795
v -2.148778 1.154582 0.580995
v -2.087979 1.157082 0.612295
v -2.145378 1.141882 0.580995
v -2.082978 1.138682 0.609595
v -2.128878 1.134982 0.541895
v -2.138978 1.125482 0.567695
v -2.070978 1.127782 0.571395
v -2.076878 1.123082 0.595295
v -2.034078 1.125182 0.608295
v -2.038678 1.138582 0.629395
v -2.034478 1.128582 0.583995
v -2.014279 1.140982 0.581195
v -2.008279 1.141582 0.608395
v -2.013579 1.145582 0.629895
v -2.043978 1.163082 0.634395
v -2.049578 1.189482 0.629895
v -2.010878 1.167982 0.628095
v -2.015478 1.193782 0.618495
v -2.001778 1.164382 0.602995
v -2.005578 1.185682 0.593195
v -2.006778 1.160982 0.576495
v -2.007179 1.177782 0.574295
v -2.057278 1.211482 0.615095
v -2.025378 1.214982 0.603195
v -2.047579 1.231782 0.576695
v -2.071878 1.231282 0.588795
v -2.038178 1.134382 0.563795
v -2.027078 1.144182 0.554995
v -2.065778 1.136982 0.545095
v -2.054078 1.149782 0.522895
v -2.015279 1.203182 0.577695
v -2.035679 1.222182 0.553595
v -2.015979 1.185982 0.556995
v -2.035979 1.201682 0.530295
v -2.018978 1.164382 0.550595
v -2.042178 1.175382 0.518395
v -2.342978 1.793382 0.690095
v -2.317678 1.776982 0.667195
v -2.291078 1.796482 0.695895
v -2.313679 1.814382 0.717295
v -2.313578 1.809482 0.825495
v -2.299878 1.824082 0.784095
v -2.267278 1.831982 0.811295
v -2.277678 1.819182 0.853395
v -2.212478 1.851682 0.856695
v -2.217278 1.845582 0.902895
v -2.247978 1.831182 0.877295
v -2.240878 1.841082 0.833095
v -2.277778 1.736982 0.684695
v -2.292679 1.760582 0.656695
v -2.270179 1.780682 0.688395
v -2.257579 1.757582 0.713795
v -2.282378 1.821482 0.750095
v -2.265178 1.807282 0.730095
v -2.238878 1.817582 0.760395
v -2.253278 1.829182 0.779195
v -2.228178 1.837482 0.801495
v -2.213378 1.827382 0.783095
v -2.184378 1.837382 0.805695
v -2.200078 1.848882 0.823795
v -2.239478 1.771182 0.747995
v -2.249978 1.792382 0.725395
v -2.228478 1.801082 0.759895
v -2.215978 1.781882 0.778595
v -2.265679 1.714582 0.746095
v -2.240078 1.734582 0.770495
v -2.233578 1.680682 0.792795
v -2.201779 1.703182 0.811395
v -2.203479 1.809682 0.785895
v -2.171678 1.820882 0.805595
v -2.191078 1.791882 0.805295
v -2.157879 1.803782 0.822295
v -2.191579 1.637382 0.795695
v -2.209578 1.654182 0.804795
v -2.174478 1.678282 0.820495
v -2.155779 1.660482 0.813195
v -2.214679 1.747182 0.793795
v -2.187679 1.758782 0.813895
v -2.173679 1.719482 0.826595
v -2.148478 1.734282 0.839495
v -2.161078 1.771782 0.832095
v -2.131578 1.786982 0.844795
v -2.124578 1.750482 0.851595
v -2.099579 1.769582 0.859495
v -2.167979 1.648982 0.740995
v -2.177578 1.637982 0.768995
v -2.140979 1.657582 0.788295
v -2.129978 1.665582 0.762295
v -2.145378 1.696482 0.833995
v -2.120679 1.712682 0.846395
v -2.126179 1.678282 0.829295
v -2.100378 1.694282 0.844595
v -2.077079 1.715582 0.856295
v -2.097878 1.731482 0.857095
v -2.074878 1.753982 0.862495
v -2.055078 1.742382 0.859995
v -2.152078 1.650582 0.720395
v -2.112579 1.659582 0.749295
v -2.130678 1.632782 0.714995
v -2.089779 1.643182 0.744095
v -2.110278 1.670882 0.809895
v -2.098179 1.675382 0.788295
v -2.070578 1.688882 0.812495
v -2.083578 1.685482 0.830995
v -2.059978 1.708982 0.845995
v -2.038578 1.738882 0.850895
v -2.045278 1.708882 0.831495
v -2.019978 1.735882 0.842695
v -2.080279 1.665982 0.780095
v -2.050478 1.679282 0.805695
v -2.055679 1.650482 0.774395
v -2.024079 1.661982 0.800595
v -2.023278 1.699082 0.826495
v -1.995279 1.724382 0.845195
v -1.994278 1.680782 0.822295
v -1.962778 1.706382 0.843795
v -2.946079 1.468882 0.310395
v -2.948778 1.450882 0.300595
v -2.941179 1.483582 0.315695
v -2.959378 1.480582 0.294795
v -2.963679 1.466982 0.282895
v -2.968279 1.448182 0.257195
v -2.957078 1.490982 0.300195
v -2.937878 1.493882 0.313095
v -2.935979 1.502482 0.309295
v -2.954678 1.500182 0.301695
v -2.971478 1.488682 0.298395
v -2.974579 1.477482 0.290195
v -2.968279 1.499082 0.302495
v -2.979779 1.500082 0.299895
v -2.983379 1.489682 0.295695
v -2.987478 1.477982 0.287395
v -2.933179 1.513282 0.308995
v -2.928278 1.523482 0.309695
v -2.941179 1.523482 0.299795
v -2.949478 1.510782 0.301795
v -2.922979 1.530282 0.312495
v -2.925779 1.533682 0.309095
v -2.963279 1.509982 0.303295
v -2.958678 1.521382 0.302495
v -2.972578 1.520782 0.301195
v -2.975878 1.510082 0.301595
v -2.941978 1.551082 0.299595
v -2.941579 1.536282 0.299795
v -2.927879 1.541582 0.309895
v -2.929878 1.554482 0.311395
v -2.956279 1.534382 0.300795
v -2.956078 1.550082 0.297495
v -2.969579 1.548582 0.293695
v -2.970178 1.533482 0.298695
v -2.929378 1.571982 0.307495
v -2.942778 1.569982 0.295095
v -2.927578 1.589582 0.300995
v -2.942979 1.588382 0.287795
v -3.010478 1.486282 0.269795
v -3.015679 1.474482 0.255795
v -3.005678 1.468482 0.265195
v -3.000378 1.481482 0.279395
v -3.011079 1.455082 0.244595
v -3.019978 1.462682 0.236895
v -2.999179 1.448782 0.251295
v -2.992678 1.464182 0.273095
v -3.001778 1.505182 0.282695
v -3.005878 1.496382 0.278395
v -2.995478 1.492682 0.287595
v -2.991478 1.502382 0.291895
v -2.996578 1.520982 0.283995
v -2.998678 1.512882 0.284495
v -2.988178 1.511282 0.293695
v -2.985878 1.520782 0.293695
v -2.995178 1.530882 0.281395
v -2.984178 1.532382 0.291295
v -2.983778 1.545582 0.285695
v -2.994879 1.541782 0.275695
v -3.017578 1.481582 0.246795
v -3.022178 1.471082 0.229695
v -3.012678 1.491682 0.260095
v -3.010478 1.496282 0.250695
v -3.014778 1.487882 0.238595
v -3.019479 1.479182 0.222995
v -3.009078 1.500582 0.268195
v -3.006179 1.508082 0.272595
v -3.004878 1.509682 0.262095
v -3.007378 1.503582 0.258295
v -3.003578 1.514382 0.274295
v -3.001478 1.520782 0.273695
v -3.000378 1.519982 0.262695
v -3.002679 1.514782 0.263395
v -2.998479 1.537782 0.265895
v -2.999479 1.528682 0.270995
v -2.996279 1.534582 0.255995
v -2.997878 1.526582 0.260395
v -3.000479 1.547682 0.257695
v -2.996878 1.543482 0.248995
v -2.997079 1.553582 0.266595
v -3.003578 1.563282 0.254795
v -3.005278 1.555982 0.246995
v -2.999479 1.552382 0.239595
v -3.012479 1.561582 0.233695
v -3.005079 1.559582 0.227495
v -3.014778 1.568082 0.240095
v -3.027579 1.568082 0.222895
v -3.021778 1.563182 0.217995
v -3.013378 1.562482 0.212695
v -3.050278 1.552182 0.183995
v -3.040478 1.548282 0.181095
v -3.032179 1.558582 0.200095
v -3.040179 1.562482 0.204095
v -3.030178 1.550082 0.176695
v -3.022778 1.558882 0.195295
v -3.043679 1.535682 0.161295
v -3.032779 1.538282 0.157895
v -3.054579 1.538982 0.162195
v -3.053978 1.524782 0.140395
v -3.042979 1.523482 0.140795
v -3.032578 1.526182 0.139295
v -3.039578 1.510282 0.122795
v -3.035178 1.494382 0.111495
v -3.026579 1.496782 0.114795
v -3.030178 1.512882 0.123095
v -3.050678 1.510082 0.120895
v -3.045378 1.494082 0.106395
v -3.031978 1.477382 0.109495
v -3.030679 1.462282 0.114995
v -3.039278 1.475082 0.100795
v -3.036478 1.456782 0.105995
v -3.024278 1.468282 0.120795
v -3.024779 1.481282 0.115095
v -3.036078 1.443282 0.119295
v -3.031379 1.451582 0.126395
v -3.038378 1.436282 0.139395
v -3.033978 1.447182 0.143495
v -3.025378 1.459282 0.130895
v -3.027378 1.455982 0.145795
v -3.034279 1.448682 0.165395
v -3.027678 1.458082 0.165295
v -3.037178 1.436282 0.164695
v -3.031678 1.441982 0.190995
v -3.031479 1.453982 0.189095
v -3.026678 1.463882 0.186195
v -3.025079 1.451482 0.214995
v -3.026579 1.461582 0.210395
v -3.023379 1.470882 0.205595
v -2.994778 1.559382 0.221395
v -2.982178 1.559582 0.215195
v -2.979678 1.547682 0.224595
v -2.990578 1.549882 0.232095
v -3.002478 1.563782 0.206895
v -2.989778 1.565682 0.200595
v -3.011479 1.560982 0.189995
v -3.018578 1.553182 0.171995
v -3.005479 1.556682 0.166995
v -2.998479 1.563682 0.184095
v -3.021078 1.542382 0.153995
v -3.008178 1.546882 0.149895
v -3.008478 1.535582 0.134395
v -3.019578 1.517382 0.122895
v -3.016778 1.501682 0.117195
v -3.005378 1.507282 0.118495
v -3.007378 1.522282 0.122395
v -3.015279 1.487582 0.118995
v -3.015178 1.476082 0.125295
v -3.003778 1.483782 0.128695
v -3.003878 1.494082 0.121395
v -3.016478 1.467982 0.134595
v -3.018378 1.464982 0.147895
v -3.007678 1.474282 0.150095
v -3.005578 1.476882 0.138195
v -3.015878 1.479482 0.200295
v -3.018079 1.472882 0.183195
v -3.012678 1.486382 0.215995
v -3.003078 1.493082 0.208895
v -3.005578 1.487582 0.195095
v -3.007478 1.481782 0.180295
v -3.018678 1.467182 0.164895
v -3.008078 1.476482 0.164795
v -2.984478 1.566482 0.177395
v -2.975478 1.567282 0.193795
v -2.991478 1.560082 0.161295
v -2.970178 1.566182 0.169795
v -2.976478 1.561082 0.155095
v -2.961378 1.563282 0.184295
v -2.994278 1.550882 0.145495
v -2.979879 1.552682 0.141795
v -2.994678 1.539782 0.131195
v -2.979479 1.540582 0.131295
v -2.993479 1.525782 0.122295
v -2.992178 1.511382 0.120495
v -2.977978 1.515082 0.125095
v -2.979378 1.527582 0.124895
v -2.990978 1.499482 0.124495
v -2.991278 1.490882 0.132495
v -2.978178 1.498782 0.137195
v -2.978079 1.504982 0.129095
v -2.993778 1.485282 0.142095
v -2.996279 1.483382 0.153295
v -2.983578 1.493882 0.155595
v -2.981678 1.494182 0.145995
v -2.996679 1.485882 0.165395
v -2.984779 1.495482 0.165195
v -2.995778 1.490582 0.177995
v -2.982679 1.499582 0.174295
v -3.003878 1.504982 0.248195
v -3.006078 1.499182 0.241195
v -3.001778 1.509982 0.251795
v -2.998779 1.510082 0.244195
v -2.998978 1.506782 0.239295
v -2.999779 1.502382 0.231895
v -2.952578 1.526282 0.154995
v -2.968979 1.506682 0.155495
v -2.972178 1.505182 0.162395
v -2.968078 1.509782 0.166995
v -2.963378 1.537282 0.137195
v -2.966378 1.528382 0.131595
v -2.963878 1.520082 0.134795
v -2.999179 1.514482 0.252295
v -2.995478 1.513282 0.241695
v -2.996279 1.519182 0.250995
v -2.991278 1.518282 0.238995
v -2.952278 1.549782 0.171695
v -2.959178 1.556582 0.163095
v -2.960778 1.551082 0.151795
v -2.965779 1.547682 0.142395
v -2.966879 1.511882 0.136095
v -2.965479 1.509782 0.143595
v -2.970279 1.504582 0.148795
v -2.993978 1.495282 0.190195
v -2.981879 1.502682 0.184095
v -2.992178 1.499682 0.201995
v -2.979779 1.506882 0.192895
v -2.969778 1.509982 0.175095
v -2.965578 1.515082 0.179495
v -2.956178 1.552382 0.198195
v -2.949679 1.543882 0.184595
v -2.953278 1.529382 0.186195
v -2.962478 1.534382 0.207895
v -3.009078 1.492782 0.229995
v -3.001179 1.497782 0.221495
v -2.992978 1.510782 0.232795
v -2.991678 1.507482 0.223995
v -2.986179 1.516682 0.228195
v -2.982178 1.514282 0.216995
v -2.979779 1.510682 0.204695
v -2.991379 1.503682 0.213495
v -2.993378 1.525282 0.248595
v -2.986978 1.524482 0.236295
v -2.991178 1.532482 0.244895
v -2.983578 1.531382 0.233295
v -2.981678 1.538582 0.230295
v -2.990078 1.540582 0.239395
v -2.979479 1.523982 0.224295
v -2.972079 1.522582 0.210895
v -2.974778 1.531182 0.222295
v -2.974179 1.536882 0.222895
v -2.969178 1.543882 0.217195
v -2.967978 1.558582 0.208895
v -2.966179 1.518982 0.193895
v -2.979479 1.463382 0.276095
v -2.986079 1.446282 0.253795
v -3.017878 1.440682 0.219195
v -3.026879 1.427282 0.191495
v -3.007978 1.430382 0.222295
v -3.018779 1.411782 0.190395
v -3.034778 1.419582 0.161395
v -3.027879 1.401982 0.156395
v -3.038878 1.420782 0.132095
v -3.034378 1.403482 0.122695
v -3.039678 1.431582 0.107595
v -3.039078 1.417182 0.092795
v -3.042578 1.449582 0.091595
v -3.045479 1.439982 0.068195
v -3.047879 1.473982 0.086995
v -3.054279 1.474582 0.070795
v -3.059278 1.496582 0.096995
v -3.075679 1.503282 0.080995
v -3.055578 1.479882 0.039795
v -3.056978 1.476282 0.054295
v -3.077278 1.498082 0.058595
v -3.076978 1.501382 0.041995
v -3.048378 1.448482 0.046595
v -3.046579 1.452582 0.030495
v -3.064278 1.515682 0.114495
v -3.077079 1.525982 0.105595
v -3.064079 1.533982 0.135695
v -3.072278 1.546482 0.129095
v -3.061878 1.551082 0.158895
v -3.067378 1.565082 0.154295
v -3.056379 1.565182 0.182795
v -3.060179 1.580382 0.179795
v -3.044978 1.574682 0.205195
v -3.047078 1.590082 0.203695
v -3.028878 1.579482 0.225895
v -3.026978 1.593582 0.225695
v -2.985578 1.560282 0.275695
v -2.971379 1.566482 0.284795
v -2.977578 1.585982 0.270895
v -2.993378 1.572982 0.262695
v -2.958379 1.587482 0.280695
v -2.957478 1.569382 0.290495
v -3.009778 1.579182 0.245695
v -3.002979 1.591882 0.247595
v -2.922979 1.615782 0.280795
v -2.925578 1.603482 0.294295
v -2.942378 1.602382 0.280595
v -2.942778 1.613782 0.267295
v -2.957679 1.600482 0.271195
v -2.974879 1.600282 0.260195
v -2.960278 1.610982 0.257995
v -2.974278 1.608482 0.251595
v -2.921778 1.629482 0.256695
v -2.947778 1.626182 0.244795
v -2.921678 1.644882 0.233295
v -2.953079 1.638982 0.222295
v -2.970878 1.621182 0.236895
v -2.988178 1.613782 0.234895
v -2.980778 1.630682 0.214695
v -3.009378 1.619382 0.207695
v -2.996979 1.603382 0.240795
v -3.020978 1.606382 0.218495
v -3.043278 1.603982 0.197495
v -3.036778 1.614682 0.188495
v -3.054178 1.604782 0.166895
v -3.057578 1.593082 0.173295
v -3.066378 1.577482 0.147295
v -3.066978 1.589982 0.141995
v -3.080279 1.573282 0.116895
v -3.075679 1.559782 0.121395
v -3.087178 1.540182 0.096095
v -3.091179 1.523882 0.072895
v -3.089478 1.557982 0.089795
v -3.091879 1.544882 0.056495
v -3.091678 1.519082 0.044695
v -3.090479 1.513382 0.058395
v -3.081979 1.587982 0.116495
v -3.087078 1.578282 0.092695
v -3.081578 1.601582 0.104095
v -3.080178 1.601882 0.119295
v -3.079778 1.605882 0.088095
v -3.086179 1.578382 0.073595
v -3.071578 1.603682 0.141495
v -3.073579 1.617082 0.136895
v -3.057379 1.619182 0.165095
v -3.059778 1.641382 0.164495
v -3.072978 1.628182 0.123295
v -3.060979 1.657282 0.144395
v -3.057578 1.669782 0.124395
v -3.070079 1.637482 0.105595
v -3.008979 1.631382 0.188995
v -3.008478 1.648982 0.184095
v -3.036379 1.646182 0.183095
v -3.035778 1.627682 0.181395
v -3.047279 1.688282 0.161295
v -3.044278 1.700382 0.142795
v -3.045578 1.676582 0.178495
v -3.033678 1.707682 0.186995
v -3.035578 1.717582 0.172495
v -3.033978 1.726682 0.158195
v -3.026278 1.738082 0.188895
v -3.030278 1.742082 0.177195
v -3.019778 1.761482 0.178895
v -3.029979 1.746082 0.168395
v -3.028478 1.756082 0.173595
v -3.015579 1.698482 0.193695
v -3.010278 1.731382 0.193695
v -2.996279 1.722582 0.184695
v -2.992978 1.693082 0.180995
v -2.993578 1.740182 0.178195
v -3.003679 1.755982 0.181395
v -3.027279 1.670382 0.189995
v -3.001979 1.669682 0.183595
v -2.983379 1.701382 0.173895
v -2.988979 1.715882 0.177695
v -2.980479 1.707382 0.167795
v -2.987378 1.724282 0.173195
v -2.970078 1.694582 0.173095
v -2.967978 1.698782 0.168095
v -2.973078 1.686282 0.177895
v -2.954278 1.694582 0.188495
v -2.954579 1.702682 0.182895
v -2.953578 1.707182 0.176895
v -2.831878 1.790882 0.285095
v -2.814678 1.784982 0.281095
v -2.815879 1.797982 0.270995
v -2.839278 1.804082 0.277795
v -2.818178 1.802182 0.265095
v -2.851078 1.821682 0.263395
v -2.863178 1.800882 0.280795
v -2.861179 1.813182 0.276895
v -2.869478 1.813482 0.268295
v -2.867178 1.799582 0.275195
v -2.876778 1.814082 0.251395
v -2.876579 1.805582 0.260995
v -2.867578 1.823182 0.258495
v -2.872679 1.793382 0.268895
v -2.851478 1.800282 0.288995
v -2.838979 1.781382 0.294895
v -2.858578 1.788082 0.288395
v -2.851178 1.764082 0.296995
v -2.820878 1.768582 0.292195
v -2.831078 1.747982 0.295895
v -2.862678 1.782982 0.282995
v -2.867779 1.778082 0.276295
v -2.865178 1.765282 0.280895
v -2.860479 1.764482 0.287595
v -2.869378 1.716682 0.279795
v -2.858578 1.703382 0.278995
v -2.843579 1.725282 0.290695
v -2.858178 1.737982 0.290895
v -2.880079 1.782082 0.260795
v -2.885679 1.793182 0.252095
v -2.895778 1.776882 0.240895
v -2.888978 1.766982 0.250495
v -2.886878 1.800682 0.241795
v -2.897679 1.783582 0.230395
v -2.876678 1.737482 0.268295
v -2.873278 1.727082 0.274595
v -2.864378 1.745682 0.284395
v -2.868778 1.753282 0.277395
v -2.873978 1.767182 0.269195
v -2.882078 1.752382 0.259695
v -2.913779 1.730982 0.221595
v -2.899779 1.749882 0.237295
v -2.906479 1.758582 0.227895
v -2.919578 1.738882 0.213195
v -2.908478 1.764182 0.217995
v -2.921479 1.743982 0.204395
v -2.897778 1.682682 0.241195
v -2.894078 1.669882 0.240695
v -2.875278 1.685082 0.262095
v -2.882478 1.697882 0.262695
v -2.937878 1.723782 0.189695
v -2.937078 1.718882 0.197195
v -2.933278 1.710982 0.203895
v -2.982378 1.640682 0.198595
v -2.980078 1.654582 0.188595
v -2.952978 1.650282 0.207795
v -2.948378 1.666482 0.201295
v -2.903078 1.704282 0.235995
v -2.899079 1.694082 0.241295
v -2.885178 1.709282 0.259295
v -2.887978 1.721082 0.253995
v -2.919479 1.671082 0.219695
v -2.920678 1.657982 0.220795
v -2.914778 1.682682 0.224595
v -2.923378 1.687082 0.216895
v -2.977078 1.671882 0.183395
v -2.953678 1.681782 0.194195
v -2.907978 1.717982 0.229195
v -2.929078 1.698382 0.210195
v -2.892978 1.735982 0.246195
v -2.945578 1.430682 0.288195
v -2.933578 1.417082 0.275195
v -2.957379 1.430382 0.241695
v -2.946278 1.416382 0.229595
v -2.915879 1.413682 0.265695
v -2.896878 1.413682 0.248495
v -2.928879 1.410782 0.221895
v -2.911578 1.411682 0.220495
v -2.979479 1.426582 0.211595
v -2.994478 1.424882 0.220995
v -3.003878 1.403082 0.184795
v -2.987179 1.401082 0.176095
v -3.012378 1.390382 0.148595
v -2.993479 1.384882 0.140895
v -3.021279 1.388182 0.112495
v -3.001179 1.378982 0.103795
v -3.030379 1.400782 0.076595
v -3.010878 1.388082 0.064295
v -3.036679 1.418682 0.049595
v -3.018479 1.411882 0.021795
v -3.041178 1.430782 0.037395
v -3.037379 1.431982 0.024295
v -2.966779 1.417082 0.202895
v -2.952379 1.407682 0.194195
v -2.971878 1.398882 0.168795
v -2.953678 1.399282 0.163295
v -2.931778 1.406882 0.188295
v -2.907978 1.412982 0.192695
v -2.929878 1.406382 0.160395
v -2.901778 1.418082 0.162895
v -2.974678 1.386782 0.135195
v -2.953278 1.394382 0.132495
v -2.977679 1.380382 0.099995
v -2.952779 1.393382 0.101395
v -2.950178 1.403382 0.041495
v -2.953479 1.395382 0.069895
v -2.983078 1.382382 0.061695
v -2.981279 1.394382 0.027095
v -2.880978 1.419182 0.212995
v -2.869078 1.429282 0.173195
v -2.834278 1.438482 0.188195
v -2.851878 1.423482 0.238195
v -2.822879 1.428182 0.257395
v -2.801378 1.446982 0.205495
v -2.770879 1.456882 0.224395
v -2.794978 1.434182 0.274095
v -2.768878 1.439282 0.290095
v -2.744979 1.444882 0.304895
v -2.743078 1.467682 0.243695
v -2.718678 1.479582 0.262095
v -2.665478 1.483282 0.355795
v -2.656479 1.488782 0.364395
v -2.675878 1.476782 0.347695
v -2.647378 1.525082 0.309795
v -2.637378 1.533082 0.319195
v -2.628679 1.538482 0.329895
v -2.646979 1.493682 0.375495
v -2.635878 1.497882 0.389595
v -2.618479 1.542182 0.342995
v -2.605579 1.542782 0.356495
v -2.588178 1.577982 0.306295
v -2.565078 1.604982 0.263795
v -2.548478 1.601882 0.268095
v -2.573279 1.575082 0.315195
v -2.600878 1.576282 0.296195
v -2.580078 1.602982 0.257795
v -2.621078 1.499282 0.405895
v -2.590079 1.539282 0.367995
v -2.572879 1.531782 0.380495
v -2.602679 1.495382 0.423695
v -2.557678 1.569682 0.322195
v -2.540678 1.562582 0.330295
v -2.532079 1.597282 0.271695
v -2.513778 1.592382 0.275795
v -2.583578 1.488782 0.445795
v -2.554478 1.521482 0.397895
v -2.534678 1.511882 0.416495
v -2.562778 1.484382 0.469795
v -2.521178 1.553582 0.341995
v -2.491779 1.586782 0.280795
v -2.468478 1.579182 0.285295
v -2.500179 1.544282 0.354295
v -2.537379 1.479982 0.488995
v -2.512779 1.503382 0.431195
v -2.492678 1.492182 0.438195
v -2.515679 1.466982 0.496395
v -2.724078 1.452582 0.317695
v -2.705778 1.460882 0.328995
v -2.697479 1.490282 0.277895
v -2.678579 1.501282 0.290895
v -2.689378 1.468982 0.338795
v -2.661379 1.513582 0.300995
v -2.610779 1.570682 0.286495
v -2.621279 1.561482 0.277295
v -2.602078 1.585782 0.242595
v -2.591179 1.596082 0.250995
v -2.735578 1.482282 0.150295
v -2.704179 1.501382 0.169595
v -2.720778 1.486082 0.205095
v -2.750579 1.469882 0.184795
v -2.695478 1.504182 0.224795
v -2.677978 1.522882 0.188295
v -2.672979 1.518582 0.241395
v -2.653279 1.532382 0.255395
v -2.654679 1.539882 0.203995
v -2.634279 1.555182 0.217895
v -2.635578 1.547582 0.267095
v -2.616578 1.571382 0.231195
v -2.859779 1.439082 0.142495
v -2.821178 1.449982 0.150995
v -2.895978 1.424182 0.137295
v -2.891778 1.429382 0.115195
v -2.856678 1.445682 0.119995
v -2.816579 1.461782 0.113395
v -2.927179 1.408182 0.133495
v -2.924578 1.411382 0.107795
v -2.922879 1.414882 0.082795
v -2.918978 1.421582 0.060295
v -2.885779 1.439482 0.079695
v -2.890979 1.432882 0.095695
v -2.863378 1.446382 0.104395
v -2.854479 1.452882 0.096395
v -2.784378 1.458582 0.165795
v -2.771378 1.470182 0.132695
v -2.806679 1.217582 0.035695
v -2.824979 1.209882 0.031995
v -2.812878 1.211482 0.058295
v -2.796778 1.220482 0.057395
v -2.797279 1.218182 0.091895
v -2.782479 1.227582 0.085295
v -2.777279 1.224382 0.130895
v -2.754478 1.229882 0.168495
v -2.743278 1.239282 0.154795
v -2.764279 1.234082 0.120095
v -2.731579 1.235582 0.198495
v -2.708379 1.241682 0.222995
v -2.698478 1.250682 0.205395
v -2.721178 1.244482 0.182795
v -2.685078 1.249782 0.244695
v -2.656278 1.265482 0.264495
v -2.675079 1.258082 0.224495
v -2.644078 1.272782 0.240495
v -2.808779 1.223282 0.008695
v -2.828978 1.218882 -0.000305
v -2.830478 1.213482 0.013395
v -2.810478 1.219482 0.019995
v -2.787978 1.217582 0.013195
v -2.790778 1.217182 0.024195
v -2.789479 1.219682 0.038395
v -2.775779 1.216582 0.040395
v -2.765178 1.207582 0.016395
v -2.780779 1.223582 0.056395
v -2.765679 1.217882 0.053195
v -2.766778 1.228882 0.079695
v -2.750378 1.221582 0.073395
v -2.715678 1.233382 0.129695
v -2.733679 1.227682 0.100695
v -2.749578 1.233882 0.110395
v -2.729978 1.238582 0.142195
v -2.676079 1.246682 0.175195
v -2.696578 1.240182 0.154395
v -2.709278 1.243882 0.168395
v -2.687679 1.250882 0.189795
v -2.654478 1.255882 0.191695
v -2.664778 1.257682 0.207595
v -2.634878 1.272982 0.220995
v -2.627679 1.272082 0.202995
v -2.750179 1.207982 0.043495
v -2.738378 1.207582 0.025995
v -2.730378 1.213382 0.061895
v -2.706878 1.222082 0.043095
v -2.684078 1.233582 0.099095
v -2.697078 1.225982 0.074995
v -2.714278 1.220982 0.087595
v -2.698979 1.229482 0.115095
v -2.668779 1.248482 0.067995
v -2.685078 1.236982 0.057295
v -2.686178 1.234082 0.070295
v -2.674078 1.241182 0.084795
v -2.652279 1.250382 0.138995
v -2.669079 1.241182 0.120795
v -2.682278 1.238382 0.138795
v -2.663578 1.245882 0.158795
v -2.636578 1.271782 0.089495
v -2.652879 1.259782 0.078495
v -2.659778 1.249282 0.100095
v -2.643779 1.259682 0.114995
v -2.643878 1.257282 0.173795
v -2.634478 1.263182 0.152995
v -2.620878 1.274282 0.183995
v -2.614578 1.280582 0.163195
v -2.620279 1.286482 0.101695
v -2.627178 1.273582 0.127995
v -2.608578 1.290782 0.139895
v -2.601178 1.302282 0.115295
v -2.583379 1.307582 0.150695
v -2.576079 1.316782 0.130395
v -2.589079 1.300482 0.170395
v -2.568378 1.313782 0.173895
v -2.557779 1.321482 0.162195
v -2.549478 1.329482 0.145195
v -2.591378 1.298482 0.208995
v -2.590978 1.297882 0.189495
v -2.560179 1.318282 0.187895
v -2.552778 1.323282 0.206895
v -2.538378 1.331382 0.176395
v -2.526278 1.340482 0.158095
v -2.522578 1.339482 0.193295
v -2.505079 1.351582 0.170295
v -2.592179 1.300682 0.229895
v -2.545978 1.328682 0.229095
v -2.598378 1.300082 0.253895
v -2.540478 1.335682 0.266195
v -2.614878 1.291782 0.283095
v -2.573179 1.319682 0.309095
v -2.507378 1.348182 0.212595
v -2.484079 1.363882 0.183095
v -2.490578 1.361482 0.237595
v -2.461478 1.381582 0.198795
v -2.546278 1.344982 0.351795
v -2.531278 1.373682 0.399095
v -2.502679 1.395482 0.356995
v -2.515778 1.365282 0.313695
v -2.419978 1.445782 0.241995
v -2.438478 1.410682 0.219895
v -2.471478 1.385082 0.271595
v -2.456178 1.416682 0.305695
v -2.517978 1.404382 0.439195
v -2.505278 1.428482 0.469195
v -2.478779 1.450282 0.417495
v -2.488878 1.424582 0.391795
v -2.504678 1.449582 0.488895
v -2.478678 1.473482 0.434095
v -2.443979 1.448582 0.333095
v -2.433978 1.476682 0.354995
v -2.395478 1.510582 0.279595
v -2.406578 1.480182 0.262095
v -2.478278 1.535682 0.364195
v -2.445678 1.570182 0.289095
v -2.423378 1.558882 0.291595
v -2.456279 1.525082 0.370495
v -2.436078 1.504482 0.369495
v -2.401179 1.539782 0.290795
v -2.209678 1.496782 0.697795
v -2.168779 1.520582 0.705295
v -2.182379 1.575482 0.689295
v -2.147178 1.594982 0.689595
v -2.159878 1.554382 0.679795
v -2.121979 1.573282 0.674595
v -2.101979 1.611882 0.705795
v -2.058578 1.620182 0.736495
v -2.076079 1.584182 0.696895
v -2.031578 1.590182 0.729795
v -2.022878 1.627282 0.765095
v -1.990178 1.637882 0.789795
v -1.994179 1.596982 0.756695
v -1.959378 1.606782 0.779695
v -1.958278 1.653782 0.812595
v -1.923679 1.678382 0.838395
v -1.924178 1.619982 0.803095
v -1.885978 1.642882 0.831095
v -2.107178 1.503182 0.744395
v -2.075578 1.501382 0.746095
v -2.080678 1.497482 0.711495
v -2.105879 1.506882 0.714895
v -2.050678 1.490982 0.746795
v -2.035279 1.475382 0.739795
v -2.047279 1.472682 0.715395
v -2.060078 1.485182 0.714095
v -2.140979 1.533882 0.676095
v -2.105579 1.549582 0.661495
v -2.121178 1.516182 0.675695
v -2.095878 1.525982 0.643895
v -2.062478 1.555782 0.684695
v -2.055878 1.527082 0.668995
v -2.012378 1.529782 0.706295
v -2.017978 1.560582 0.718895
v -1.977679 1.566382 0.746195
v -1.967978 1.535382 0.733595
v -1.924878 1.540882 0.758995
v -1.938878 1.573982 0.769995
v -1.899079 1.584082 0.794195
v -1.856879 1.602782 0.821795
v -1.881078 1.548082 0.783795
v -1.835479 1.562282 0.806995
v -1.805979 1.494582 0.731695
v -1.820078 1.528282 0.779495
v -1.865379 1.518282 0.761595
v -1.850078 1.491682 0.721895
v -1.911379 1.510482 0.740895
v -1.895778 1.482082 0.705595
v -2.003878 1.501482 0.685895
v -1.957178 1.505782 0.715395
v -1.943178 1.474682 0.683695
v -1.991678 1.472082 0.653595
v -2.046978 1.411882 0.714695
v -2.043278 1.430682 0.707095
v -2.071079 1.390682 0.681095
v -2.070379 1.420382 0.661795
v -2.035378 1.453482 0.720495
v -2.053978 1.454582 0.692395
v -2.101279 1.363082 0.644495
v -2.096878 1.385982 0.617395
v -2.072378 1.466682 0.671995
v -2.088778 1.483582 0.661795
v -2.087478 1.440082 0.627395
v -2.093179 1.465882 0.594995
v -2.102278 1.501182 0.667395
v -2.090379 1.503082 0.625695
v -2.049578 1.500482 0.647295
v -2.041778 1.473182 0.615995
v -2.099978 1.407082 0.587895
v -2.102878 1.422682 0.557195
v -2.116178 1.370782 0.557995
v -2.116478 1.388482 0.529195
v -2.129379 1.291682 0.529595
v -2.101979 1.252082 0.549995
v -2.087178 1.251982 0.540595
v -2.117079 1.300282 0.503795
v -2.130578 1.333782 0.536895
v -2.125978 1.348782 0.510695
v -2.071878 1.247582 0.519095
v -2.108379 1.278382 0.476395
v -2.072078 1.225882 0.494095
v -2.114378 1.253882 0.454795
v -2.083779 1.196382 0.478595
v -2.131879 1.224882 0.440095
v -2.101078 1.165082 0.480295
v -2.165278 1.191882 0.431395
v -2.117578 1.148182 0.509895
v -2.180478 1.162582 0.472895
v -2.240578 1.168382 0.444795
v -2.293478 1.168482 0.421595
v -2.227978 1.189382 0.403795
v -2.277078 1.188082 0.383195
v -2.334878 1.166182 0.399895
v -2.367479 1.164082 0.380595
v -2.344679 1.180882 0.345195
v -2.314978 1.184682 0.363195
v -2.394278 1.162682 0.363895
v -2.417478 1.161882 0.347595
v -2.389279 1.174582 0.314895
v -2.368479 1.177982 0.330295
v -2.439079 1.159582 0.328495
v -2.409878 1.169682 0.295895
v -2.460678 1.154582 0.306195
v -2.431578 1.162882 0.273495
v -2.484379 1.144782 0.280095
v -2.455778 1.153582 0.247495
v -2.508778 1.131482 0.250695
v -2.481979 1.143482 0.218795
v -2.535279 1.119682 0.216995
v -2.510379 1.136482 0.188295
v -2.560979 1.111282 0.177695
v -2.538578 1.137482 0.154195
v -2.074378 1.423282 0.471295
v -2.075478 1.444282 0.536795
v -2.097678 1.428482 0.527095
v -2.111678 1.410682 0.495195
v -1.955579 1.404582 0.543095
v -1.973678 1.439282 0.602895
v -2.027279 1.447382 0.565095
v -2.009979 1.419382 0.506495
v -1.863579 1.400582 0.589795
v -1.876878 1.451182 0.648295
v -1.924178 1.440582 0.630795
v -1.907879 1.398782 0.570095
v -1.792078 1.447682 0.676495
v -1.832878 1.458782 0.663695
v -1.821478 1.401582 0.608495
v -1.781178 1.391482 0.620995
v -2.129478 1.375782 0.473695
v -2.137978 1.335182 0.453095
v -2.150079 1.357582 0.407595
v -2.120778 1.394682 0.428695
v -2.142678 1.306682 0.433395
v -2.163178 1.327282 0.393495
v -2.151579 1.282382 0.417595
v -2.173878 1.303782 0.383395
v -2.169178 1.257382 0.403995
v -2.191278 1.283382 0.372495
v -2.196578 1.236882 0.390195
v -2.215278 1.268882 0.361195
v -2.232279 1.224982 0.371495
v -2.241278 1.257782 0.346295
v -2.268878 1.217882 0.350995
v -2.267878 1.250682 0.329595
v -2.300278 1.213982 0.333095
v -2.293079 1.247482 0.312795
v -2.326779 1.211282 0.316795
v -2.314878 1.242882 0.294995
v -2.351378 1.227782 0.260395
v -2.333678 1.236182 0.277995
v -2.349179 1.208182 0.302295
v -2.369478 1.203482 0.286495
v -2.388879 1.204882 0.219095
v -2.369078 1.217582 0.240795
v -2.389478 1.195682 0.267295
v -2.410178 1.184782 0.244995
v -2.440879 1.176682 0.171495
v -2.412779 1.189782 0.195495
v -2.433179 1.171682 0.219695
v -2.459178 1.159982 0.193095
v -2.493179 1.159382 0.133395
v -2.470279 1.164782 0.148395
v -2.487478 1.151382 0.166495
v -2.513978 1.152282 0.139295
v -2.425379 1.186782 0.151295
v -2.459779 1.173282 0.129795
v -2.453179 1.180482 0.111095
v -2.414879 1.195582 0.130995
v -2.495778 1.165082 0.114295
v -2.493179 1.172682 0.093795
v -2.321878 1.238782 0.226995
v -2.334378 1.237982 0.238895
v -2.347978 1.229182 0.218395
v -2.324778 1.233182 0.207795
v -2.365778 1.218582 0.196295
v -2.333478 1.230082 0.174395
v -2.393079 1.203782 0.173795
v -2.377878 1.212382 0.151195
v -2.288578 1.254582 0.251795
v -2.301779 1.255982 0.272695
v -2.318979 1.246982 0.256295
v -2.307278 1.245582 0.236595
v -2.302378 1.244982 0.215095
v -2.298679 1.249082 0.194895
v -2.273978 1.265582 0.210895
v -2.280478 1.258582 0.230995
v -2.246178 1.265982 0.281895
v -2.258778 1.263782 0.305295
v -2.281479 1.261482 0.289495
v -2.268278 1.261682 0.267195
v -2.258178 1.268482 0.245695
v -2.249879 1.277282 0.224495
v -2.224978 1.283982 0.236095
v -2.234779 1.274182 0.259095
v -2.199679 1.275382 0.308395
v -2.211278 1.274482 0.332995
v -2.235278 1.267682 0.319695
v -2.223378 1.269882 0.295495
v -2.210678 1.277682 0.271095
v -2.186078 1.281782 0.282495
v -2.199478 1.287282 0.246195
v -2.173679 1.290482 0.255995
v -2.186878 1.285382 0.345295
v -2.174578 1.283982 0.320995
v -2.151078 1.295682 0.331995
v -2.165778 1.301282 0.356095
v -2.160478 1.287982 0.293795
v -2.135878 1.295682 0.304195
v -2.147679 1.295182 0.266395
v -2.122779 1.300382 0.276295
v -2.150378 1.321082 0.364195
v -2.130978 1.308082 0.340595
v -2.108279 1.323182 0.350295
v -2.131578 1.346182 0.373995
v -2.113378 1.301982 0.312695
v -2.088778 1.309182 0.322495
v -2.099579 1.304282 0.284695
v -2.074279 1.308382 0.293395
v -2.034579 1.352082 0.386695
v -2.050379 1.390782 0.421795
v -2.097378 1.374182 0.393895
v -2.075878 1.340582 0.366595
v -2.057878 1.318082 0.336095
v -2.043278 1.313982 0.304295
v -2.007579 1.321882 0.316795
v -2.020378 1.326082 0.351395
v -1.995679 1.384582 0.453295
v -1.985479 1.349382 0.408195
v -1.936478 1.335482 0.430195
v -1.944379 1.366382 0.484495
v -1.975778 1.326482 0.367495
v -1.964779 1.327582 0.330795
v -1.917778 1.327482 0.343295
v -1.928278 1.321282 0.383195
v -1.898278 1.355982 0.507495
v -1.890078 1.328382 0.446195
v -1.846578 1.319482 0.461195
v -1.856078 1.348482 0.527195
v -1.882278 1.317782 0.396095
v -1.871979 1.325782 0.354495
v -1.825979 1.323082 0.364695
v -1.837078 1.313582 0.407795
v -1.814778 1.341382 0.546495
v -1.802979 1.310482 0.476095
v -1.760778 1.303382 0.490995
v -1.773978 1.332882 0.563295
v -1.790879 1.307582 0.419695
v -1.778378 1.318282 0.374295
v -1.746378 1.300982 0.432095
v -1.731879 1.312382 0.382695
v -1.950778 2.142182 0.727395
v -1.945978 2.148782 0.718195
v -1.958178 2.128782 0.733195
v -1.919278 2.121482 0.743195
v -1.912578 2.138282 0.739695
v -1.907678 2.147782 0.729495
v -1.718379 2.084982 0.790895
v -1.712078 2.096182 0.780895
v -1.762178 2.113782 0.773595
v -1.707078 2.104282 0.768495
v -1.757778 2.123282 0.763295
v -1.813179 2.138082 0.753895
v -1.817878 2.125382 0.762995
v -1.767179 2.099382 0.780595
v -1.823278 2.107682 0.767195
v -1.844878 2.021482 0.771695
v -1.903579 2.024182 0.753295
v -1.902579 2.004982 0.768895
v -1.846479 2.001782 0.784895
v -1.948778 2.006582 0.765595
v -1.962078 2.028882 0.748995
v -1.945978 1.984182 0.783995
v -1.902879 1.981482 0.789695
v -1.848979 1.976982 0.803295
v -1.868678 2.132982 0.752295
v -1.863579 2.144882 0.741695
v -1.874879 2.114382 0.755495
v -1.928678 2.098982 0.740495
v -1.882879 2.092382 0.752195
v -1.891478 2.069082 0.748595
v -1.939278 2.074582 0.737995
v -1.836278 2.065482 0.766195
v -1.829778 2.087282 0.767195
v -1.948979 2.052482 0.739995
v -1.899178 2.046682 0.748595
v -1.841678 2.043682 0.767495
v -1.893079 1.783882 0.884895
v -1.925578 1.739982 0.867195
v -1.882078 1.716882 0.868795
v -1.844979 1.769382 0.893695
v -1.840878 1.683282 0.865795
v -1.788678 1.743282 0.900395
v -1.980278 2.005282 0.780995
v -1.974879 1.986382 0.794295
v -1.994678 2.019182 0.774895
v -1.997978 2.007082 0.809095
v -2.012978 2.019782 0.807095
v -1.990679 1.990182 0.816795
v -2.144978 1.853582 0.831195
v -2.131278 1.838282 0.823295
v -2.088878 1.858882 0.844995
v -2.097079 1.875582 0.857695
v -2.118078 1.821082 0.833095
v -2.076878 1.845282 0.845495
v -2.162878 1.868082 0.851995
v -2.175278 1.866882 0.888895
v -2.126179 1.887582 0.883295
v -2.137278 1.886782 0.922595
v -2.179078 1.864182 0.936195
v -2.138479 1.886782 0.970995
v -2.101578 1.914282 1.000395
v -2.097779 1.926082 1.055095
v -2.106179 1.910982 0.950695
v -2.080878 1.935482 0.972795
v -2.074878 1.941182 1.018195
v -2.058678 1.964482 1.079095
v -2.096478 1.908382 0.912395
v -2.073979 1.908382 0.887195
v -2.053579 1.935182 0.913895
v -2.071779 1.932882 0.938195
v -2.047078 1.924082 0.871195
v -2.035378 1.948282 0.897295
v -2.051779 1.903682 0.849895
v -2.019978 1.933882 0.837895
v -2.022679 1.948382 0.860095
v -2.020778 1.967282 0.885395
v -1.997679 1.963682 0.827795
v -2.006778 1.973882 0.850395
v -2.001678 1.997282 0.842895
v -2.012079 1.987682 0.875595
v -2.011878 2.006782 0.868595
v -2.027179 2.025882 0.838295
v -2.009778 2.013882 0.838595
v -2.021979 2.019682 0.866095
v -2.040179 2.028282 0.868695
v -2.067979 2.052382 0.906195
v -2.065179 2.035882 0.876295
v -2.059778 2.083582 0.926095
v -2.035378 2.062382 0.918595
v -2.045378 2.038782 0.897595
v -2.020278 2.027282 0.905995
v -2.020478 2.016882 0.890595
v -2.031379 2.027482 0.891395
v -2.024978 2.041982 0.911695
v -1.966079 1.792982 0.864495
v -1.991278 1.763282 0.853595
v -1.962378 1.754482 0.861995
v -1.933678 1.790482 0.874495
v -1.764278 1.872382 0.875395
v -1.816378 1.886382 0.872395
v -1.823478 1.835982 0.898295
v -1.774478 1.818782 0.894195
v -1.875479 1.840082 0.885395
v -1.875179 1.899782 0.863995
v -1.748678 1.953282 0.833895
v -1.795678 1.963982 0.821195
v -1.804878 1.928382 0.844095
v -1.754978 1.915482 0.851395
v -1.857379 1.943682 0.831295
v -1.942778 1.851782 0.865095
v -1.949478 1.826882 0.867195
v -1.916979 1.834482 0.875695
v -1.918578 1.870482 0.867095
v -1.955279 1.951282 0.807295
v -1.911978 1.947682 0.816695
v -1.927179 1.912182 0.841595
v -1.980078 1.908782 0.829795
v -2.044578 1.888982 0.839095
v -2.007378 1.921882 0.825295
v -2.031779 1.874382 0.840295
v -1.982878 1.956882 0.812195
v -2.097678 1.807482 0.851595
v -2.061078 1.831182 0.852695
v -2.071978 1.793282 0.861495
v -2.043878 1.817182 0.858095
v -2.050578 1.780382 0.862595
v -2.028778 1.805282 0.859595
v -2.031978 1.771182 0.857695
v -2.010878 1.799182 0.856995
v -2.013678 1.767782 0.851195
v -1.990778 1.795382 0.857795
v -2.016979 1.837782 0.852795
v -2.013378 1.823482 0.855395
v -1.996578 1.825182 0.855095
v -1.989778 1.849982 0.851195
v -1.975579 1.825082 0.859495
v -1.962178 1.854482 0.857995
v -1.945178 1.882282 0.853895
v -1.984079 1.875982 0.844795
v -2.022979 1.856582 0.847695
v -2.196678 2.030782 1.173395
v -2.193679 2.086682 1.185995
v -2.161878 2.060482 1.204195
v -2.163779 2.114382 1.216395
v -2.188578 2.141182 1.178795
v -2.172279 2.181782 1.153495
v -2.163978 2.169682 1.208995
v -2.153878 2.213382 1.185295
v -2.095679 2.235282 1.124895
v -2.106078 2.193782 1.089395
v -2.144578 2.198082 1.118595
v -2.131578 2.234082 1.152495
v -2.031678 2.235982 1.086495
v -2.042578 2.193582 1.043595
v -2.073979 2.194782 1.064295
v -2.063278 2.236282 1.103695
v -2.013479 2.023482 0.915895
v -2.006479 2.015082 0.930095
v -2.014778 1.988782 0.907995
v -2.014778 2.003682 0.896995
v -2.011278 1.989882 0.964695
v -2.032378 1.960882 0.938995
v -2.020179 1.972782 0.921495
v -2.004278 2.001982 0.945995
v -1.993678 2.095982 0.986395
v -2.018079 2.078782 0.946295
v -2.042379 2.108482 0.954395
v -2.022378 2.136682 0.990395
v -2.012079 2.049282 0.933195
v -1.998878 2.048582 0.954795
v -1.966278 2.202082 1.090695
v -1.977078 2.150082 1.040095
v -2.005678 2.176582 1.034095
v -1.995078 2.223882 1.081895
v -2.049478 1.957582 0.961095
v -2.061378 1.956882 0.988295
v -2.027078 1.984482 0.985195
v -2.041579 1.981082 1.011095
v -1.989679 2.038582 0.973695
v -1.990278 2.025382 0.993495
v -1.975678 2.081282 1.008495
v -1.971478 2.066582 1.027995
v -1.960678 2.129282 1.053695
v -1.955778 2.112282 1.071595
v -1.949478 2.181182 1.103995
v -1.944578 2.161382 1.119995
v -2.061979 1.957782 1.018995
v -2.046778 1.976282 1.045695
v -2.003679 2.017882 1.013295
v -1.982579 2.056882 1.047195
v -2.018578 2.013182 1.038595
v -1.996878 2.050882 1.071595
v -1.966578 2.099782 1.088895
v -1.979879 2.091382 1.111195
v -1.956578 2.146182 1.134395
v -1.968979 2.135482 1.153295
v -2.085378 2.016082 1.178495
v -2.099879 2.045882 1.204995
v -2.123278 2.006582 1.180795
v -2.114979 1.976682 1.149395
v -2.129578 2.042182 1.207295
v -2.112179 2.063782 1.221795
v -2.105378 1.949882 1.105595
v -2.071079 1.988482 1.135995
v -2.025578 2.007382 1.075595
v -2.030578 2.007282 1.120995
v -2.003878 2.045682 1.108895
v -2.010878 2.047082 1.153995
v -1.985878 2.085182 1.145895
v -1.997478 2.089182 1.186595
v -1.976679 2.130582 1.183095
v -1.992578 2.137382 1.215795
v -2.132879 2.091382 1.228295
v -2.133979 2.145782 1.240595
v -2.109878 2.104182 1.244795
v -2.109878 2.171082 1.270395
v -2.046579 2.026982 1.166895
v -2.066378 2.056082 1.207095
v -2.030079 2.066682 1.197295
v -2.054979 2.098182 1.232295
v -2.087678 2.088982 1.232195
v -2.080979 2.134782 1.254995
v -2.019678 2.109382 1.225195
v -2.047678 2.142482 1.252695
v -2.015979 2.157582 1.246695
v -2.042679 2.188082 1.268495
v -2.073478 2.179082 1.269995
v -2.093979 2.219482 1.283995
v -2.065078 2.221282 1.282995
v -2.082478 2.257482 1.297895
v -2.139378 2.202482 1.237495
v -2.138078 2.250182 1.218095
v -2.125778 2.237682 1.266995
v -2.127279 2.287682 1.248895
v -2.122779 2.275182 1.188795
v -2.114279 2.314482 1.223795
v -2.089978 2.324482 1.199395
v -2.092978 2.282082 1.161895
v -2.111179 2.270682 1.287195
v -2.115278 2.318482 1.274195
v -2.098479 2.303182 1.305395
v -2.101878 2.346482 1.296295
v -2.060979 2.282682 1.143495
v -2.061078 2.325782 1.181995
v -2.031079 2.325082 1.169595
v -2.029478 2.282182 1.129295
v -2.104879 2.345882 1.252795
v -2.084079 2.357382 1.230795
v -2.094078 2.371982 1.277495
v -2.076679 2.383182 1.256995
v -1.994179 2.273082 1.129195
v -1.998779 2.316882 1.173195
v -1.973578 2.301382 1.187095
v -1.966378 2.254982 1.140995
v -2.031379 2.384382 1.234095
v -2.031678 2.358682 1.203795
v -2.059179 2.360382 1.213695
v -2.055679 2.387182 1.241095
v -1.954278 2.261782 1.214595
v -1.943679 2.214382 1.169395
v -1.949679 2.235182 1.154795
v -1.958478 2.282982 1.201695
v -1.970279 2.220482 1.218495
v -1.967378 2.184982 1.192895
v -1.956178 2.196682 1.179195
v -1.963478 2.240782 1.219295
v -2.003778 2.350082 1.209395
v -2.007879 2.375782 1.239795
v -1.988878 2.363282 1.252995
v -1.981778 2.336282 1.223395
v -1.977978 2.183382 1.216295
v -1.995679 2.192482 1.240695
v -1.981579 2.232982 1.239795
v -1.998479 2.243982 1.259995
v -1.968579 2.318782 1.239795
v -1.978779 2.345982 1.270895
v -1.988979 2.319082 1.285595
v -1.968678 2.294982 1.252095
v -1.977478 2.268382 1.250795
v -1.993978 2.281882 1.272295
v -2.016778 2.209182 1.263395
v -2.038578 2.233282 1.281495
v -2.015279 2.253882 1.276695
v -2.029478 2.272382 1.292495
v -2.056078 2.262482 1.296695
v -2.069778 2.295282 1.314395
v -2.042578 2.298582 1.308595
v -2.052678 2.329182 1.327295
v -2.007978 2.282882 1.283695
v -2.012479 2.301982 1.295995
v -2.020378 2.326882 1.313195
v -2.028878 2.354782 1.332295
v -1.998978 2.349682 1.309595
v -2.007179 2.374482 1.329395
v -1.987478 2.369682 1.296495
v -1.994678 2.385382 1.279695
v -2.000678 2.403982 1.303495
v -1.995979 2.390982 1.318295
v -2.005779 2.410082 1.337095
v -2.016078 2.397382 1.346495
v -2.008478 2.420382 1.324395
v -2.014979 2.429682 1.337495
v -2.017379 2.424982 1.351095
v -2.023978 2.411782 1.355895
v -2.010478 2.396782 1.267695
v -2.030178 2.404782 1.261895
v -2.013479 2.413982 1.292995
v -2.029979 2.421082 1.287395
v -2.050779 2.406982 1.266095
v -2.048279 2.421782 1.289495
v -2.068279 2.403782 1.279295
v -2.062478 2.416282 1.294095
v -2.036878 2.383882 1.349295
v -2.041878 2.411882 1.357195
v -2.066579 2.407882 1.341595
v -2.062778 2.365382 1.343795
v -2.083779 2.336682 1.326595
v -2.086678 2.376082 1.319095
v -2.081378 2.396582 1.299995
v -2.068078 2.417382 1.313995
v -2.051578 2.431282 1.313995
v -2.050978 2.434282 1.337295
v -2.037379 2.438982 1.327095
v -2.033378 2.433282 1.311495
v -2.036078 2.433782 1.353695
v -2.025678 2.437682 1.334895
v -2.018878 2.428282 1.315595
v -2.324478 2.024782 0.678595
v -2.306878 2.029882 0.694595
v -2.291378 2.049882 0.663495
v -2.315978 2.048182 0.650095
v -2.316078 2.073982 0.640495
v -2.291778 2.076282 0.652595
v -2.267379 2.075882 0.662795
v -2.243479 2.074282 0.672595
v -2.267678 2.054482 0.665895
v -2.246178 2.051482 0.674395
v -2.319679 1.995182 0.784395
v -2.301678 1.998682 0.800795
v -2.285778 2.011282 0.763595
v -2.303078 2.010182 0.745895
v -2.290579 2.027182 0.714695
v -2.274079 2.021782 0.735395
v -2.263678 2.027382 0.711795
v -2.278778 2.036982 0.691095
v -2.267678 2.042482 0.679995
v -2.252979 2.035482 0.690895
v -2.281878 2.004182 0.817295
v -2.260679 2.012682 0.832395
v -2.245679 2.021682 0.795495
v -2.266578 2.014782 0.780395
v -2.219279 2.071782 0.681395
v -2.223778 2.048082 0.684095
v -2.199579 2.046082 0.693695
v -2.194078 2.070482 0.689195
v -2.254978 2.019082 0.752995
v -2.233478 2.019182 0.768195
v -2.222779 2.018282 0.743595
v -2.244879 2.021682 0.729095
v -2.233478 2.029682 0.702995
v -2.210278 2.025382 0.714695
v -2.237879 2.023582 0.844595
v -2.222278 2.029382 0.807695
v -2.211978 2.035782 0.853895
v -2.195079 2.031782 0.818695
v -2.167379 2.072282 0.696695
v -2.172778 2.046382 0.702095
v -2.143779 2.048782 0.710395
v -2.139078 2.076282 0.705495
v -2.209079 2.018282 0.781195
v -2.197278 2.013782 0.755495
v -2.181878 2.014082 0.792895
v -2.168679 2.007982 0.765095
v -2.183479 2.021282 0.723795
v -2.153478 2.017882 0.730995
v -2.181379 2.044382 0.860895
v -2.164078 2.030282 0.828795
v -2.148078 2.045682 0.863295
v -2.131378 2.029482 0.833095
v -2.150178 2.010782 0.803495
v -2.136278 2.006582 0.773795
v -2.118278 2.013282 0.807595
v -2.106778 2.012782 0.779495
v -2.063478 2.029982 0.811695
v -2.081578 2.036982 0.849895
v -2.052179 2.032482 0.842495
v -2.035279 2.029482 0.809495
v -2.114378 2.042482 0.858195
v -2.098879 2.028382 0.828095
v -2.089978 2.019182 0.803095
v -2.084079 2.021582 0.779795
v -2.067378 2.027682 0.790295
v -2.069679 2.028382 0.777395
v -2.109379 2.081182 0.716695
v -2.114078 2.054182 0.721395
v -2.087378 2.059582 0.732595
v -2.080979 2.083882 0.727495
v -2.121878 2.020682 0.739595
v -2.094778 2.028382 0.748695
v -2.017379 2.029982 0.775195
v -1.999479 2.043382 0.749395
v -2.024878 2.051782 0.750195
v -2.039778 2.035782 0.774395
v -1.968378 2.106782 0.732695
v -1.979378 2.082482 0.733895
v -2.003478 2.115282 0.729195
v -2.016979 2.088982 0.733595
v -2.050779 2.037882 0.767495
v -2.060478 2.039082 0.759895
v -2.039578 2.055282 0.748495
v -2.050678 2.059082 0.744995
v -2.015778 2.068682 0.739695
v -1.988178 2.061682 0.738795
v -2.031178 2.068582 0.740895
v -2.038779 2.075482 0.738295
v -2.056478 2.081382 0.734595
v -2.045678 2.100882 0.730895
v -2.066678 2.060982 0.740195
v -2.035478 2.124182 0.726895
v -2.075578 2.035782 0.754695
v -2.819679 0.964382 -0.085805
v -2.810678 0.966082 -0.058305
v -2.818578 0.969882 -0.109004
v -2.793079 0.970682 -0.099905
v -2.795079 0.965682 -0.081305
v -2.793278 0.966082 -0.062805
v -2.793679 0.973482 -0.029805
v -2.776579 0.974582 -0.047605
v -2.752478 0.993782 -0.022705
v -2.769879 0.987682 0.000196
v -2.769578 0.977382 -0.066405
v -2.764778 0.982282 -0.084905
v -2.737978 1.008682 -0.063805
v -2.743978 1.000882 -0.043805
v -2.742578 1.012582 0.030195
v -2.715578 1.040382 0.059095
v -2.725478 1.022382 0.006595
v -2.696278 1.050482 0.038195
v -2.687778 1.057882 0.088195
v -2.663378 1.064682 0.069395
v -2.639579 1.083682 0.045695
v -2.605479 1.100082 0.081695
v -2.681778 1.063982 0.015395
v -2.671278 1.077882 -0.009905
v -2.625678 1.106282 0.018195
v -2.580878 1.154682 0.055695
v -2.582778 1.108282 0.129795
v -2.562178 1.145882 0.113795
v -2.531278 1.161482 0.109295
v -2.532278 1.171582 0.079895
v -2.716079 1.033282 -0.015905
v -2.709578 1.044282 -0.038105
v -0.061978 -0.032918 0.680596
v 0.090522 -0.116118 0.384796
v 0.076322 -0.090918 0.487396
v 0.029122 -0.086718 0.433996
v 0.028821 -0.069118 0.466896
v 0.029322 -0.087918 0.385596
v -0.097178 0.057982 0.682796
v -0.167178 0.155282 0.698796
v -0.113278 0.077882 0.597996
v -0.012878 -0.022418 0.573295
v -0.025079 -0.022718 0.478996
v -0.045178 -0.044118 0.436595
v -0.119978 0.043482 0.489395
v -0.147878 -0.006618 0.451295
v -0.147878 -0.015818 0.385096
v -0.044278 -0.047518 0.386896
v -0.071878 0.088182 0.530995
v 0.012321 -0.017618 0.518296
v -1.736678 2.005982 0.817095
v -1.785278 2.016982 0.798095
v -1.789578 1.993582 0.807095
v -1.745678 1.982882 0.823195
v -1.728878 2.030782 0.811895
v -1.780978 2.039982 0.793395
v -1.725379 2.053982 0.805295
v -1.776578 2.061982 0.789295
v -1.772279 2.082182 0.785495
v -1.724978 2.072682 0.798295
v -0.234978 0.116582 0.510496
v -0.273878 0.041082 0.477996
v -0.367779 0.102982 0.485595
v -0.317978 0.198282 0.513296
v -0.386078 0.063882 0.383296
v -0.280778 0.018082 0.381496
v -0.261778 0.267182 0.534295
v -0.178679 0.183882 0.535796
v -0.220479 0.180382 0.613696
v -0.294478 0.278082 0.619096
v -0.324579 0.333282 0.806895
v -0.265978 0.254482 0.703095
v -0.316978 0.362182 0.709795
v -0.392278 0.458082 0.820895
v -0.492978 0.656182 0.939195
v -0.112679 1.458982 0.608195
v -0.113978 1.446582 0.663295
v -0.352378 1.161282 0.900695
v -0.380878 1.106782 0.917395
v -0.404878 1.033982 0.929195
v -0.274478 1.238382 0.874995
v -0.313778 1.203882 0.887595
v -0.187678 1.398382 0.726695
v -0.184878 1.377582 0.764495
v -0.185778 1.356882 0.795995
v -0.251778 1.380482 0.721895
v -0.254478 1.362382 0.757295
v -0.327878 1.369482 0.716995
v -0.336478 1.350482 0.751795
v -0.252278 1.345982 0.785995
v -0.338279 1.327982 0.790295
v -0.149978 1.433782 0.671795
v -0.150779 1.445182 0.614395
v -0.189678 1.430282 0.620995
v -0.189778 1.416882 0.676995
v -0.244078 1.414482 0.627495
v -0.247778 1.400582 0.677895
v -0.309178 1.401182 0.633595
v -0.316878 1.389182 0.677695
v -0.216478 1.301782 0.844195
v -0.242878 1.270582 0.860495
v -0.303978 1.284482 0.844395
v -0.335479 1.248482 0.861795
v -0.275678 1.313282 0.823495
v -0.369179 1.287382 0.829495
v -0.379879 1.256882 0.850295
v -0.241278 1.331182 0.810095
v -1.380579 0.884782 0.327195
v -1.283378 0.781382 0.325095
v -1.293178 0.787882 0.421495
v -1.387178 0.887682 0.424595
v -1.202478 0.692582 0.421295
v -1.191178 0.682082 0.325195
v -1.183178 0.759582 0.495395
v -1.272578 0.846482 0.500695
v -1.366179 0.936182 0.508295
v -1.244378 0.916882 0.542695
v -1.334579 1.003582 0.549995
v -1.157878 0.834182 0.537195
v -1.114779 0.916482 0.549395
v -1.205678 0.989482 0.563795
v -1.298579 1.068682 0.577895
v -1.283478 1.085782 0.648895
v -1.199579 0.997582 0.642295
v -1.213979 0.988982 0.719295
v -1.299878 1.075082 0.721995
v -1.118778 0.914682 0.637395
v -1.130878 0.907282 0.718495
v -1.252779 1.371282 0.916695
v -1.170878 1.300582 0.918895
v -1.170079 1.371482 0.905595
v -1.251179 1.436182 0.904995
v -1.091278 1.310582 0.907095
v -1.090478 1.235682 0.922195
v -1.093478 1.389582 0.888195
v -1.169678 1.444682 0.888495
v -1.248379 1.501482 0.890495
v -1.160378 1.502482 0.867195
v -1.234879 1.554182 0.871095
v -1.088078 1.451682 0.865995
v -1.083978 1.493282 0.833795
v -1.153078 1.540882 0.835695
v -1.223578 1.590282 0.841595
v -1.147478 1.570682 0.812795
v -1.215778 1.619082 0.820695
v -1.081178 1.523882 0.807495
v -1.079978 1.557482 0.787295
v -1.143778 1.603682 0.796695
v -1.210279 1.651382 0.806795
v -1.146078 1.646682 0.778295
v -1.210178 1.692582 0.789895
v -1.084779 1.602282 0.766695
v -1.089178 1.642182 0.744995
v -1.148479 1.685682 0.757495
v -1.211078 1.729782 0.768895
v -1.144078 1.707582 0.736395
v -1.205978 1.752782 0.747695
v -1.085678 1.662582 0.723895
v -1.138078 1.716982 0.712895
v -1.080478 1.669882 0.701395
v -1.199778 1.763582 0.723195
v -1.678378 1.271482 0.451295
v -1.706978 1.295182 0.445195
v -1.690178 1.307282 0.389595
v -1.661978 1.279082 0.383695
v -1.690378 1.282482 0.517695
v -1.722678 1.297982 0.506295
v -1.465978 0.999882 0.428595
v -1.532878 1.094682 0.435195
v -1.462178 1.022582 0.518895
v -1.533278 1.109382 0.517795
v -1.518778 1.105582 0.354695
v -1.455178 1.005182 0.341095
v -1.634578 1.251182 0.377995
v -1.648679 1.242382 0.448895
v -1.615178 1.200982 0.443295
v -1.599778 1.210982 0.370495
v -1.620078 1.215682 0.517095
v -1.654979 1.256282 0.518495
v -1.582878 1.170182 0.517295
v -1.580078 1.156082 0.439595
v -1.564978 1.167082 0.363095
v -1.693378 1.310382 0.577395
v -1.732678 1.325582 0.572195
v -1.694679 1.359782 0.629295
v -1.738978 1.378182 0.628095
v -1.391778 1.147982 0.591395
v -1.425179 1.089282 0.558595
v -1.503278 1.165482 0.563995
v -1.472378 1.220882 0.600995
v -1.655978 1.281082 0.582995
v -1.608678 1.253482 0.576995
v -1.588678 1.308082 0.617195
v -1.646678 1.333682 0.626695
v -1.532878 1.274082 0.608495
v -1.560179 1.218382 0.569395
v -1.750278 1.432182 0.685395
v -1.705778 1.408082 0.687995
v -1.716779 1.462982 0.745195
v -1.763078 1.486182 0.741795
v -1.377178 1.163782 0.657695
v -1.392278 1.153982 0.727095
v -1.464778 1.233182 0.666195
v -1.481578 1.225382 0.733095
v -1.656478 1.372882 0.685595
v -1.600579 1.331682 0.679595
v -1.610778 1.359882 0.739695
v -1.665578 1.417482 0.743495
v -1.555779 1.291482 0.738195
v -1.537078 1.288582 0.672795
v -1.729578 1.605682 0.847595
v -1.763978 1.674882 0.876695
v -1.810678 1.636782 0.855395
v -1.789178 1.586082 0.832595
v -1.724078 1.529582 0.797995
v -1.776378 1.539282 0.796895
v -1.315578 1.152682 0.836295
v -1.403178 1.232982 0.835295
v -1.403178 1.183182 0.787295
v -1.313679 1.101682 0.785595
v -1.486079 1.259682 0.790195
v -1.482078 1.308582 0.836095
v -1.543478 1.376782 0.837295
v -1.552578 1.329982 0.792395
v -1.609378 1.401482 0.792895
v -1.600379 1.446382 0.839195
v -1.661578 1.525082 0.842595
v -1.666978 1.470582 0.795595
v -1.283478 1.266282 0.907695
v -1.364779 1.335082 0.904795
v -1.388078 1.282682 0.877395
v -1.303778 1.208582 0.880095
v -1.465078 1.354282 0.876295
v -1.441078 1.402982 0.902795
v -1.648078 1.563082 0.873895
v -1.699678 1.633382 0.878995
v -1.587579 1.489882 0.876095
v -1.572479 1.534482 0.899895
v -1.633778 1.599682 0.893795
v -1.675378 1.642982 0.891295
v -1.509578 1.468982 0.903195
v -1.528579 1.422282 0.875195
v -1.333378 1.442782 0.914095
v -1.345479 1.387982 0.914895
v -1.264978 1.317582 0.917895
v -1.421679 1.455582 0.915595
v -1.408378 1.509782 0.919695
v -1.475278 1.564782 0.924595
v -1.490678 1.517182 0.918395
v -1.556578 1.577882 0.912795
v -1.541378 1.616682 0.919495
v -1.613578 1.675682 0.911095
v -1.625278 1.642482 0.904795
v -1.685879 1.689082 0.898795
v -1.682678 1.744582 0.905295
v -1.727679 1.695782 0.892295
v -1.735678 1.757282 0.903295
v -1.324378 1.559882 0.897895
v -1.330478 1.501882 0.906395
v -1.402378 1.563382 0.918295
v -1.393878 1.614582 0.911695
v -1.525178 1.690082 0.918795
v -1.605178 1.726582 0.912495
v -1.587778 1.684782 0.915095
v -1.527179 1.647882 0.921595
v -1.457578 1.655782 0.919395
v -1.466478 1.609982 0.924395
v -1.667979 1.800682 0.895995
v -1.723178 1.812182 0.893895
v -1.656579 1.847582 0.874395
v -1.712379 1.861182 0.875695
v -1.293278 1.638982 0.847595
v -1.307878 1.606282 0.877395
v -1.376578 1.657682 0.889695
v -1.361279 1.689982 0.859395
v -1.602378 1.782982 0.902995
v -1.516778 1.742182 0.906295
v -1.509578 1.788082 0.878095
v -1.591178 1.826382 0.875095
v -1.431679 1.740482 0.872695
v -1.443678 1.701982 0.900695
v -1.713378 1.973182 0.831695
v -1.694078 1.987082 0.829195
v -1.703478 1.945582 0.840095
v -1.649678 1.947082 0.839795
v -1.649179 1.892682 0.853695
v -1.704878 1.904482 0.853895
v -1.276678 1.697582 0.815595
v -1.283378 1.666682 0.828295
v -1.350379 1.717782 0.840795
v -1.342679 1.748282 0.828895
v -1.581779 1.867182 0.855495
v -1.500378 1.824382 0.859195
v -1.490978 1.858982 0.846195
v -1.573078 1.910282 0.842695
v -1.413278 1.803882 0.841895
v -1.421578 1.771982 0.854595
v -1.681978 2.014682 0.822595
v -1.631078 1.988882 0.827595
v -1.631279 2.028182 0.809895
v -1.680678 2.042282 0.812695
v -1.675378 2.064082 0.798995
v -1.691878 2.061882 0.804895
v -1.273878 1.772282 0.778695
v -1.274478 1.736682 0.799595
v -1.338778 1.786182 0.813495
v -1.336578 1.820982 0.792495
v -1.563478 1.952582 0.832195
v -1.484778 1.898182 0.833395
v -1.480178 1.933082 0.814595
v -1.557778 1.985582 0.813495
v -1.405179 1.876982 0.806995
v -1.408278 1.842382 0.827995
v -1.664479 2.073282 0.785995
v -1.614278 2.043782 0.789995
v -1.657878 2.081682 0.770395
v -1.606179 2.054582 0.769695
v -1.465778 1.972582 0.763895
v -1.547078 2.021982 0.767295
v -1.552378 2.008582 0.791595
v -1.473478 1.957882 0.791395
v -1.262378 1.808082 0.732495
v -1.268579 1.795982 0.757395
v -1.323378 1.860182 0.744095
v -1.330578 1.845882 0.770395
v -1.398378 1.902382 0.783595
v -1.390378 1.917582 0.755695
v -0.456678 1.393482 0.644695
v -0.466378 1.386582 0.681095
v -0.389278 1.378582 0.677995
v -0.379778 1.387282 0.638995
v -0.403978 1.363382 0.715595
v -0.481778 1.371682 0.717395
v -0.495178 1.349382 0.756595
v -0.416778 1.345882 0.753795
v -0.429078 1.322082 0.794895
v -0.506378 1.319582 0.799995
v -0.432078 1.236582 0.859695
v -0.381678 1.215682 0.872295
v -0.425678 1.176182 0.887195
v -0.506878 1.203582 0.873295
v -0.514378 1.271882 0.839395
v -0.441478 1.280982 0.834995
v -0.519178 1.122982 0.894595
v -0.449478 1.115182 0.905895
v -0.526378 1.043782 0.908995
v -0.465078 1.036382 0.918895
v -0.663378 0.597982 0.750695
v -0.610579 0.580882 0.759395
v -0.635178 0.658682 0.829395
v -0.678778 0.669382 0.815795
v -0.595578 0.647482 0.841395
v -0.561378 0.565382 0.765996
v -0.622679 0.731782 0.890895
v -0.657779 0.738182 0.879295
v -0.696878 0.742982 0.866295
v -0.546778 1.408882 0.684295
v -0.561278 1.390882 0.716895
v -0.537078 1.415982 0.651095
v -0.627878 1.442482 0.656795
v -0.636778 1.436282 0.685595
v -0.648378 1.417182 0.714295
v -0.571478 1.359882 0.751995
v -0.653178 1.378682 0.743795
v -0.653478 1.334482 0.779995
v -0.577978 1.324282 0.793895
v -0.582378 1.278182 0.835395
v -0.653678 1.291982 0.821595
v -0.654279 1.236182 0.852795
v -0.584478 1.215682 0.864595
v -0.584779 1.140582 0.882995
v -0.653178 1.166782 0.873595
v -0.652378 1.091282 0.889595
v -0.587178 1.062782 0.898195
v -0.595678 0.993282 0.922095
v -0.541978 0.973882 0.936595
v -0.653378 1.017882 0.909995
v -0.658378 0.954882 0.926695
v -0.608578 0.934682 0.940595
v -0.561579 0.914182 0.955095
v -0.623978 0.889182 0.939595
v -0.581278 0.869482 0.951395
v -0.669878 0.908782 0.928395
v -0.683878 0.865282 0.920195
v -0.639978 0.848282 0.928895
v -0.600678 0.832182 0.938695
v -0.616778 0.507382 0.681495
v -0.559778 0.479982 0.690395
v -0.671378 0.540182 0.669796
v -0.657678 0.526182 0.565395
v -0.602578 0.486282 0.578195
v -0.546078 0.452882 0.588295
v -0.609978 0.412282 0.544295
v -0.550278 0.383982 0.550496
v -0.673178 0.446182 0.536095
v -0.695978 0.347882 0.537596
v -0.629078 0.317882 0.546996
v -0.566578 0.295282 0.547795
v -0.655378 0.219582 0.480296
v -0.594878 0.195982 0.485895
v -0.719579 0.248982 0.471495
v -0.724978 0.207382 0.359296
v -0.667678 0.168882 0.366995
v -0.609278 0.141082 0.374696
v -0.655179 0.800082 0.910195
v -0.618678 0.790482 0.919495
v -0.696079 0.808982 0.901495
v -0.801878 0.768582 0.842195
v -0.742478 0.748682 0.852196
v -0.743578 0.819382 0.894295
v -0.804278 0.842182 0.892095
v -0.734478 0.885782 0.914995
v -0.796978 0.916982 0.915095
v -0.772178 0.387082 0.521695
v -0.787179 0.295382 0.453595
v -0.860878 0.359182 0.436395
v -0.854779 0.440882 0.507495
v -0.854079 0.328082 0.344395
v -0.785478 0.259382 0.351595
v -0.720378 0.573382 0.551595
v -0.747078 0.486982 0.528295
v -0.828678 0.539682 0.524995
v -0.793378 0.628782 0.544195
v -0.730878 0.581482 0.655695
v -0.722878 0.620182 0.738796
v -0.792578 0.656382 0.727595
v -0.799678 0.633882 0.643795
v -0.729478 0.681882 0.800695
v -0.793478 0.707182 0.789395
v -0.716079 0.982282 0.919695
v -0.723078 0.933582 0.921495
v -0.786878 0.969082 0.922195
v -0.782079 1.021282 0.922295
v -0.726779 1.128782 0.891595
v -0.719478 1.051482 0.908695
v -0.791178 1.095282 0.913595
v -0.804579 1.174982 0.896395
v -0.734879 1.266882 0.850695
v -0.731879 1.201782 0.873195
v -0.811978 1.246282 0.877195
v -0.815078 1.309182 0.855795
v -0.740078 1.364282 0.780195
v -0.736678 1.319182 0.818795
v -0.818079 1.359082 0.823795
v -0.823978 1.404382 0.786695
v -0.745579 1.460582 0.719595
v -0.745478 1.415282 0.746595
v -0.833578 1.458982 0.754795
v -0.837978 1.507982 0.728195
v -0.736878 1.480482 0.690995
v -0.728878 1.485882 0.662895
v -0.822978 1.536182 0.670395
v -0.831178 1.529582 0.699295
v -1.138278 0.996082 0.841795
v -1.224978 1.072582 0.837195
v -1.223378 1.018982 0.784995
v -1.138078 0.938582 0.787995
v -1.200478 1.197382 0.911095
v -1.182878 1.247782 0.920595
v -1.101878 1.183082 0.923095
v -1.118279 1.132982 0.914395
v -1.216978 1.134482 0.882595
v -1.132078 1.064682 0.887395
v -1.050478 0.838282 0.719695
v -1.055578 0.872482 0.790395
v -0.969579 0.815282 0.789696
v -0.966878 0.776982 0.720995
v -0.973578 0.873882 0.845695
v -1.056878 0.931482 0.845895
v -1.106278 0.593882 0.328295
v -1.119378 0.607082 0.423695
v -1.034379 0.526982 0.425895
v -1.021678 0.509382 0.333495
v -1.030378 0.592782 0.508395
v -1.110678 0.670882 0.507695
v -0.937078 0.414282 0.337995
v -0.946478 0.439282 0.429195
v -0.942379 0.513282 0.504695
v -1.076978 0.761382 0.530195
v -0.997679 0.688882 0.527095
v -0.951378 0.783282 0.533795
v -1.028078 0.855182 0.534995
v -0.913079 0.611582 0.523095
v -0.870579 0.704382 0.535695
v -0.964278 0.773782 0.636095
v -1.042778 0.841582 0.635695
v -0.880778 0.700682 0.638195
v -0.877278 0.712582 0.722595
v -0.877678 0.756082 0.787395
v -0.883579 0.814982 0.842195
v -1.014678 1.181182 0.925195
v -1.017879 1.257082 0.909595
v -0.944878 1.205482 0.913095
v -0.938778 1.129882 0.927095
v -0.954578 1.285182 0.891495
v -1.023578 1.337582 0.889295
v -1.039979 1.076982 0.919595
v -1.024678 1.128482 0.927095
v -0.946779 1.076682 0.928695
v -0.960378 1.023682 0.921595
v -0.858578 1.073682 0.926195
v -0.867478 1.149382 0.915595
v -0.881078 1.229082 0.894895
v -0.864378 1.020282 0.926395
v -0.875679 0.966682 0.918895
v -1.021078 1.404182 0.870695
v -0.955578 1.353782 0.873795
v -0.954278 1.407582 0.848795
v -1.018178 1.451982 0.841795
v -0.886278 1.298982 0.876495
v -0.887478 1.357782 0.853795
v -1.017578 1.485182 0.812195
v -0.954978 1.446682 0.818495
v -0.958879 1.484482 0.788195
v -1.019279 1.519782 0.786295
v -0.889778 1.402882 0.822495
v -0.895078 1.445782 0.789495
v -1.027078 1.564982 0.760495
v -0.967978 1.532782 0.760095
v -0.975778 1.572582 0.730995
v -1.033978 1.603682 0.734595
v -0.905278 1.498582 0.759795
v -0.912278 1.543682 0.731095
v -0.972978 1.589982 0.705795
v -1.031678 1.621682 0.712095
v -1.026378 1.627882 0.690595
v -0.966978 1.595782 0.682795
v -0.907878 1.562882 0.703095
v -0.900378 1.569682 0.676795
v -0.884079 0.889582 0.893995
v -0.971278 0.947982 0.896195
v -1.052578 1.003982 0.893995
v -0.399678 0.498682 0.803995
v -0.335279 0.418082 0.707695
v -0.405879 0.523882 0.793595
v -0.357579 0.443082 0.695696
v -0.342578 0.366082 0.602495
v -0.321579 0.337482 0.611896
v -0.547379 0.120282 0.381795
v -0.535278 0.172982 0.490696
v -0.495478 0.105382 0.386695
v -0.484679 0.156282 0.492096
v -0.455278 0.259382 0.538095
v -0.506678 0.275382 0.544195
v -0.473078 0.540082 0.771196
v -0.514278 0.550582 0.769596
v -0.500479 0.459182 0.692796
v -0.446178 0.453982 0.684795
v -0.477278 0.431782 0.584395
v -0.409778 0.419482 0.572895
v -0.402378 0.450782 0.684896
v -0.431178 0.539182 0.777195
v -0.368178 0.392782 0.588095
v -0.428578 0.136282 0.492096
v -0.410578 0.128182 0.490295
v -0.364178 0.228682 0.522095
v -0.390579 0.238482 0.528595
v -0.445278 0.088882 0.388696
v -0.429778 0.082382 0.386696
v -0.485778 0.361482 0.546896
v -0.427279 0.343182 0.540295
v -0.452178 0.144882 0.492896
v -0.464878 0.096382 0.388696
v -0.419678 0.247982 0.534096
v -0.379879 0.329782 0.531096
v -0.340078 0.322282 0.522095
v -0.303378 0.314782 0.518196
v -0.563478 0.706982 0.908295
v -0.589978 0.720782 0.900495
v -0.559378 0.633482 0.849995
v -0.530078 0.620482 0.853696
v -0.526378 0.680182 0.919595
v -0.543378 0.693482 0.914195
v -0.505579 0.610982 0.858296
v -0.489878 0.597682 0.865495
v -0.483878 0.746682 0.984495
v -0.506778 0.716682 0.960195
v -0.496878 0.762482 0.974995
v -0.521278 0.732382 0.951195
v -0.510078 0.666982 0.925295
v -0.564078 0.814182 0.948995
v -0.585178 0.777682 0.928495
v -0.557278 0.763082 0.937095
v -0.533478 0.795982 0.959095
v -0.512278 0.778882 0.966995
v -0.537378 0.747982 0.944295
v -0.429478 0.951982 0.964095
v -0.453979 0.862882 0.995995
v -0.501179 0.821582 0.979195
v -0.538579 0.845082 0.965095
v -0.511878 0.888882 0.972795
v -0.486778 0.958282 0.952495
v -0.475078 0.803082 0.988395
v -2.502578 1.825082 0.084695
v -2.482778 1.836082 0.077695
v -2.477878 1.821082 0.067395
v -2.499179 1.810682 0.071795
v -2.456178 1.831282 0.067795
v -2.462478 1.845182 0.076895
v -2.448478 1.817282 0.058795
v -2.470379 1.804282 0.057295
v -2.492779 1.795382 0.058795
v -2.427879 1.857182 0.083395
v -2.417379 1.850582 0.082395
v -2.435179 1.841082 0.072495
v -2.442678 1.852482 0.079795
v -2.404679 1.839682 0.081595
v -2.426079 1.830682 0.066095
v -2.488878 1.853382 0.084795
v -2.468979 1.860582 0.083895
v -2.507179 1.844082 0.091195
v -2.513778 1.862182 0.087395
v -2.495178 1.870382 0.083395
v -2.473778 1.876482 0.084595
v -2.448579 1.880182 0.089895
v -2.446978 1.866082 0.086195
v -2.424778 1.867682 0.089795
v -2.421778 1.880382 0.096895
v -2.395879 1.875982 0.103895
v -2.404578 1.863182 0.093895
v -2.387378 1.852082 0.100195
v -2.373978 1.868482 0.113695
v -2.493778 1.795482 0.034695
v -2.517379 1.786582 0.042095
v -2.512978 1.786782 0.064495
v -2.522279 1.789082 0.014795
v -2.494778 1.798782 0.004695
v -2.551079 1.774082 0.030395
v -2.536978 1.780082 0.056195
v -2.528279 1.783482 0.069695
v -2.442378 1.816482 0.036395
v -2.468078 1.804482 0.032395
v -2.464878 1.806682 0.001895
v -2.434579 1.817282 0.007095
v -2.415778 1.826982 0.048495
v -2.390478 1.835682 0.067995
v -2.373678 1.834582 0.045395
v -2.403378 1.827082 0.022095
v -2.369179 1.845582 0.093195
v -2.348778 1.845582 0.073095
v -2.354278 1.859082 0.116795
v -2.325679 1.857082 0.106495
v -2.447978 1.896082 0.086195
v -2.475279 1.891582 0.076795
v -2.473978 1.903282 0.063195
v -2.443679 1.907282 0.073095
v -2.418878 1.895482 0.096995
v -2.412478 1.907182 0.086095
v -2.389979 1.890182 0.106795
v -2.382879 1.904582 0.100095
v -2.359178 1.900582 0.115395
v -2.365178 1.884082 0.116895
v -2.342179 1.896482 0.126195
v -2.346478 1.877082 0.124995
v -2.326178 1.893382 0.135495
v -2.327678 1.871182 0.131395
v -2.306278 1.891982 0.147995
v -2.304579 1.869982 0.141695
v -2.284279 1.892682 0.164395
v -2.278078 1.874082 0.156195
v -2.289879 1.861482 0.119795
v -2.259979 1.868582 0.136295
v -2.264179 1.892582 0.188395
v -2.254779 1.875182 0.181495
v -2.249278 1.892282 0.219395
v -2.236179 1.872682 0.215195
v -2.209079 1.871782 0.196395
v -2.233178 1.871782 0.162995
v -2.217678 1.916682 0.280195
v -2.199279 1.891682 0.285795
v -2.219679 1.876082 0.252595
v -2.236278 1.899482 0.252295
v -2.187478 1.876782 0.233095
v -2.166178 1.892982 0.264795
v -2.611879 1.756482 0.001495
v -2.582379 1.765282 0.014995
v -2.579579 1.773582 -0.013905
v -2.607679 1.761182 -0.018705
v -2.550678 1.780882 -0.012405
v -2.579179 1.773082 -0.040405
v -2.551578 1.782182 -0.045705
v -2.605179 1.758482 -0.036205
v -2.492878 1.799882 -0.032105
v -2.522578 1.790582 -0.021505
v -2.522878 1.789182 -0.056605
v -2.490278 1.792682 -0.066105
v -2.458578 1.804082 -0.034405
v -2.452079 1.793282 -0.067005
v -2.422279 1.807582 -0.026505
v -2.410478 1.794382 -0.057305
v -2.385379 1.813782 -0.007605
v -2.350579 1.823982 0.016795
v -2.328479 1.807982 -0.009005
v -2.368479 1.798682 -0.034705
v -2.320978 1.838982 0.041095
v -2.292478 1.852082 0.064295
v -2.262079 1.834882 0.032595
v -2.294278 1.821082 0.013095
v -2.226979 1.870382 0.101295
v -2.260178 1.860382 0.082695
v -2.227478 1.847382 0.049595
v -2.191678 1.860982 0.067995
v -2.167279 1.884782 0.160095
v -2.195779 1.878882 0.127895
v -2.156479 1.874682 0.093095
v -2.123479 1.886782 0.123695
v -2.142478 1.895882 0.194795
v -2.120279 1.915582 0.224595
v -2.094378 1.900882 0.156895
v -2.066579 1.918982 0.188095
v -2.580178 1.761882 -0.056605
v -2.606179 1.751582 -0.048205
v -2.553378 1.768682 -0.065305
v -2.556978 1.746782 -0.067105
v -2.582878 1.744682 -0.060005
v -2.607579 1.739282 -0.051705
v -2.524779 1.771682 -0.076005
v -2.491178 1.772882 -0.086105
v -2.494478 1.742982 -0.084105
v -2.529478 1.745882 -0.073905
v -2.404878 1.743182 -0.078705
v -2.449878 1.749782 -0.090905
v -2.448979 1.773382 -0.088605
v -2.402279 1.774582 -0.078105
v -2.435579 1.723382 -0.083805
v -2.452178 1.735082 -0.089305
v -2.456979 1.712682 -0.082905
v -2.473879 1.723982 -0.082405
v -2.355778 1.779382 -0.052905
v -2.312979 1.788182 -0.023605
v -2.307678 1.764682 -0.022905
v -2.352578 1.753682 -0.051105
v -2.243278 1.812782 0.019895
v -2.277279 1.799282 0.001095
v -2.235678 1.790182 0.021995
v -2.270778 1.776982 0.002695
v -2.169878 1.843482 0.050695
v -2.207478 1.827182 0.034995
v -2.160979 1.819182 0.052195
v -2.199178 1.804282 0.037095
v -2.087279 1.851282 0.102895
v -2.122379 1.835182 0.073795
v -2.131879 1.861082 0.072695
v -2.096779 1.876482 0.102595
v -2.407479 1.937582 0.094895
v -2.381479 1.936482 0.114395
v -2.381678 1.921282 0.106495
v -2.409279 1.922982 0.086595
v -2.360479 1.917982 0.126095
v -2.361778 1.935982 0.134095
v -2.384279 1.962382 0.093995
v -2.365679 1.965782 0.101595
v -2.373779 1.951482 0.111295
v -2.396478 1.952182 0.096395
v -2.353578 1.953082 0.125395
v -2.345078 1.970682 0.111595
v -2.348578 1.936682 0.150695
v -2.345279 1.915582 0.140095
v -2.330478 1.914382 0.150695
v -2.334578 1.937482 0.162995
v -2.327178 1.974882 0.119395
v -2.337878 1.955682 0.137195
v -2.322978 1.958782 0.147095
v -2.309579 1.978782 0.125795
v -2.341079 2.014682 0.091195
v -2.318279 2.024982 0.097795
v -2.321978 1.998382 0.107995
v -2.341978 1.991282 0.100995
v -2.303478 2.005082 0.114295
v -2.299278 2.034882 0.105495
v -2.315879 1.937382 0.171395
v -2.311679 1.913582 0.161195
v -2.291478 1.913682 0.174795
v -2.296378 1.937882 0.180395
v -2.271678 1.991582 0.140995
v -2.291279 1.984582 0.133595
v -2.284178 2.013082 0.120895
v -2.263879 2.022982 0.127195
v -2.279778 2.045582 0.112395
v -2.259478 2.057582 0.118795
v -2.305778 1.962182 0.156595
v -2.287079 1.965582 0.164995
v -2.279078 1.940882 0.194695
v -2.273878 1.914282 0.195095
v -2.264378 1.948982 0.212095
v -2.260978 1.917882 0.220795
v -2.248379 1.929482 0.245895
v -2.230179 1.948582 0.267295
v -2.246578 1.962082 0.225595
v -2.225979 1.980782 0.239195
v -2.251778 2.000982 0.148795
v -2.267278 1.969682 0.173895
v -2.248779 1.978282 0.184395
v -2.232478 2.012282 0.156395
v -2.238678 2.071682 0.125695
v -2.243078 2.035182 0.133395
v -2.223179 2.048682 0.139695
v -2.218078 2.086282 0.131595
v -2.212778 2.023482 0.161795
v -2.229779 1.990382 0.192895
v -2.208779 2.006682 0.202695
v -2.192178 2.037082 0.169195
v -2.198778 2.100182 0.135995
v -2.204179 2.061682 0.144895
v -2.184179 2.075182 0.151395
v -2.178678 2.114282 0.141695
v -2.168679 2.053782 0.180195
v -2.184978 2.028182 0.216695
v -2.154279 2.050582 0.231595
v -2.138179 2.072182 0.192695
v -2.169079 2.031082 0.272895
v -2.201278 2.005882 0.256695
v -2.155178 2.129182 0.150595
v -2.160578 2.089882 0.160195
v -2.129178 2.105882 0.170295
v -2.123278 2.145182 0.160095
v -2.079778 2.164182 0.171295
v -2.086678 2.124382 0.182095
v -2.042878 2.147282 0.198995
v -2.035878 2.188382 0.190195
v -2.052578 2.110982 0.218395
v -2.096379 2.090482 0.204795
v -1.976378 2.156582 0.247995
v -2.014678 2.132182 0.232495
v -2.002878 2.170982 0.214695
v -1.962678 2.198882 0.231695
v -1.993678 2.213782 0.205395
v -1.951978 2.244282 0.222995
v -1.902979 2.280682 0.239395
v -1.916579 2.233382 0.250595
v -1.871279 2.272082 0.274895
v -1.857979 2.321182 0.263995
v -1.886379 2.222782 0.289595
v -1.932178 2.188182 0.266895
v -2.431978 1.703982 -0.068405
v -2.461378 1.692382 -0.071205
v -2.399578 1.721982 -0.056805
v -2.402678 1.703382 -0.036005
v -2.434778 1.682082 -0.045905
v -2.466378 1.666882 -0.047305
v -2.357679 1.735882 -0.035605
v -2.311579 1.746282 -0.013105
v -2.320379 1.731382 0.000995
v -2.364478 1.721382 -0.017305
v -2.272578 1.759182 0.008995
v -2.236378 1.772782 0.028895
v -2.241978 1.757082 0.038295
v -2.279878 1.743482 0.019495
v -2.199778 1.786482 0.045995
v -2.162578 1.800182 0.064195
v -2.168978 1.784682 0.078095
v -2.205378 1.771282 0.057195
v -2.214978 1.758382 0.070395
v -2.252178 1.743682 0.051395
v -2.177879 1.771682 0.091395
v -2.178678 1.750882 0.094395
v -2.219378 1.737882 0.077095
v -2.258979 1.724282 0.061195
v -2.337778 2.079682 0.070195
v -2.308779 2.098082 0.071895
v -2.311878 2.055282 0.081695
v -2.338178 2.041682 0.077095
v -2.292878 2.069082 0.092595
v -2.288079 2.113082 0.085795
v -2.266979 2.125782 0.092195
v -2.273278 2.081582 0.100395
v -2.252778 2.093982 0.106295
v -2.245279 2.137682 0.096195
v -2.225678 2.150582 0.108895
v -2.232378 2.108382 0.115195
v -2.211478 2.122782 0.121595
v -2.205078 2.163982 0.116195
v -2.185378 2.177682 0.117295
v -2.191778 2.136382 0.124495
v -2.171579 2.150882 0.130495
v -2.164078 2.192282 0.123395
v -2.139879 2.208882 0.138695
v -2.147979 2.167082 0.141395
v -2.115178 2.184882 0.151995
v -2.105579 2.229182 0.149595
v -2.063278 2.253782 0.166795
v -2.071678 2.206682 0.164895
v -2.025779 2.232082 0.182395
v -2.016379 2.282182 0.182295
v -1.973879 2.312182 0.202395
v -1.981478 2.259582 0.196695
v -1.940879 2.292082 0.219295
v -1.933278 2.344482 0.227395
v -1.889979 2.380382 0.254195
v -1.894278 2.329982 0.240195
v -1.850178 2.369282 0.263695
v -1.849179 2.417182 0.277795
v -2.432079 2.137382 0.067495
v -2.385679 2.162682 0.089195
v -2.376378 2.112182 0.060895
v -2.417878 2.088782 0.040395
v -2.341378 2.132882 0.078895
v -2.346278 2.182282 0.109895
v -2.369879 2.059882 0.057595
v -2.407378 2.038382 0.041695
v -2.316278 2.206882 0.117295
v -2.311679 2.156182 0.080995
v -2.287478 2.170682 0.093595
v -2.288278 2.221582 0.125895
v -2.263479 2.234982 0.129295
v -2.264378 2.183182 0.099695
v -2.241578 2.195382 0.101595
v -2.240978 2.249382 0.129395
v -2.218579 2.255482 0.139995
v -2.221278 2.203882 0.116295
v -2.201478 2.215282 0.125195
v -2.199178 2.264182 0.149795
v -2.180279 2.277782 0.156295
v -2.182479 2.229982 0.128095
v -2.159878 2.246182 0.133095
v -2.157879 2.296082 0.162495
v -2.128278 2.307782 0.181495
v -2.133478 2.260482 0.152295
v -2.098678 2.283582 0.163795
v -2.095078 2.330382 0.198395
v -2.055178 2.356282 0.220395
v -2.057578 2.308982 0.184495
v -2.012578 2.341082 0.200595
v -2.013278 2.388582 0.241495
v -1.970778 2.417182 0.267395
v -1.970878 2.369982 0.227095
v -1.929678 2.403682 0.247795
v -1.932079 2.452582 0.286595
v -2.544079 2.114582 0.162095
v -2.489478 2.144682 0.174195
v -2.496379 2.142082 0.103295
v -2.550379 2.105582 0.090895
v -2.438278 2.164882 0.124695
v -2.431478 2.165582 0.189495
v -2.486479 2.112982 0.041095
v -2.539778 2.076182 0.030395
v -2.381678 2.188182 0.206595
v -2.389478 2.190682 0.145095
v -2.346978 2.208582 0.163395
v -2.338378 2.207082 0.220095
v -2.306578 2.229482 0.227495
v -2.316078 2.231982 0.172295
v -2.287578 2.248982 0.177395
v -2.279279 2.248382 0.231495
v -2.255178 2.264582 0.236195
v -2.262678 2.264182 0.180395
v -2.240878 2.279882 0.183195
v -2.233078 2.278282 0.241595
v -2.211378 2.288282 0.247395
v -2.218778 2.289582 0.189595
v -2.198279 2.296582 0.198095
v -2.190378 2.297882 0.253695
v -2.169379 2.309882 0.260695
v -2.177778 2.306882 0.205695
v -2.154478 2.322082 0.214495
v -2.145078 2.322582 0.269195
v -2.116578 2.336282 0.281095
v -2.124179 2.333982 0.229195
v -2.092479 2.355182 0.247295
v -2.086879 2.357282 0.298695
v -2.051878 2.383482 0.321895
v -2.055279 2.382882 0.269295
v -2.016178 2.415182 0.292395
v -2.014778 2.413782 0.346295
v -1.978079 2.447882 0.368195
v -1.975878 2.446682 0.315195
v -1.940078 2.481482 0.334995
v -1.944578 2.483882 0.386995
v -2.609478 1.763382 0.058095
v -2.592678 1.761382 0.041595
v -2.620378 1.750682 0.021495
v -2.633878 1.750282 0.035395
v -2.569078 1.771382 0.062295
v -2.586078 1.780382 0.084895
v -2.516679 1.798082 0.083295
v -2.520078 1.812082 0.100095
v -2.534378 1.786982 0.088295
v -2.544178 1.799882 0.109995
v -2.523978 1.833182 0.105695
v -2.542878 1.826782 0.114195
v -2.543178 1.842282 0.102895
v -2.530878 1.851582 0.096595
v -2.558879 1.828082 0.102295
v -2.552578 1.845982 0.093395
v -2.562578 1.810182 0.107295
v -2.576578 1.817582 0.093695
v -2.570379 1.833282 0.087095
v -2.563578 1.850682 0.080495
v -2.562279 1.788482 0.097695
v -2.551479 1.780282 0.078695
v -2.568478 1.797882 0.103095
v -2.583379 1.801082 0.093995
v -2.828879 1.714982 0.082195
v -2.806578 1.724582 0.090595
v -2.804078 1.727582 0.068795
v -2.823778 1.717082 0.063095
v -2.786878 1.740782 0.074895
v -2.787379 1.737982 0.099495
v -2.785279 1.738382 0.055695
v -2.802078 1.724782 0.051795
v -2.820278 1.713282 0.047995
v -2.770179 1.752382 0.106795
v -2.770778 1.754882 0.079095
v -2.754978 1.769482 0.081495
v -2.753778 1.768482 0.111395
v -2.753178 1.766982 0.060595
v -2.769179 1.752382 0.058595
v -2.737978 1.788182 0.111995
v -2.739979 1.786682 0.081495
v -2.727778 1.805482 0.080395
v -2.725678 1.809682 0.109995
v -2.724879 1.801282 0.061795
v -2.738078 1.783782 0.061595
v -2.715878 1.829382 0.107895
v -2.717378 1.822982 0.079895
v -2.704378 1.836982 0.081395
v -2.703378 1.844482 0.107595
v -2.700578 1.831582 0.064595
v -2.713478 1.817682 0.062095
v -2.687679 1.876182 0.201595
v -2.673579 1.890282 0.201995
v -2.686078 1.872382 0.152395
v -2.698179 1.856882 0.150395
v -2.684678 1.889882 0.152995
v -2.670278 1.907282 0.201795
v -2.686178 1.873782 0.108295
v -2.690879 1.858082 0.109595
v -2.677479 1.858882 0.072595
v -2.686979 1.844682 0.068995
v -2.690978 1.849682 0.084695
v -2.682479 1.863282 0.085995
v -2.670179 1.723282 -0.009605
v -2.678978 1.721882 -0.001005
v -2.649478 1.736682 0.007695
v -2.641478 1.740682 -0.005905
v -2.660979 1.739282 0.016795
v -2.688779 1.725682 0.004595
v -2.650578 1.733382 -0.027705
v -2.660778 1.728482 -0.019505
v -2.635278 1.743782 -0.019505
v -2.631378 1.743182 -0.031205
v -2.586078 1.724682 -0.046305
v -2.607679 1.724182 -0.043305
v -2.562379 1.723082 -0.048405
v -2.570178 1.698682 -0.030505
v -2.590278 1.704082 -0.030905
v -2.611278 1.707882 -0.030105
v -2.538378 1.717482 -0.050905
v -2.513978 1.708682 -0.055805
v -2.551079 1.689582 -0.029705
v -2.531178 1.672282 -0.026705
v -2.499079 1.666782 -0.039505
v -2.488878 1.698282 -0.063605
v -2.631179 1.730482 -0.041605
v -2.632278 1.738782 -0.040005
v -2.657079 1.714282 -0.030405
v -2.658078 1.726882 -0.032505
v -2.707278 1.705782 -0.005705
v -2.696278 1.707582 -0.012405
v -2.721379 1.686082 -0.012205
v -2.715978 1.709282 -0.000605
v -2.734578 1.687482 -0.007605
v -2.743278 1.691982 -0.003605
v -2.688878 1.700182 -0.020105
v -2.679979 1.715982 -0.022005
v -2.633178 1.711682 -0.028305
v -2.625978 1.723182 -0.038705
v -2.594178 1.688182 -0.018905
v -2.613778 1.692582 -0.016605
v -2.577479 1.681882 -0.019805
v -2.584978 1.668882 -0.023905
v -2.599278 1.673682 -0.021105
v -2.617378 1.675682 -0.017605
v -2.636578 1.695282 -0.015305
v -2.662878 1.692882 -0.016505
v -2.639078 1.675182 -0.014205
v -2.664278 1.673182 -0.014705
v -2.692279 1.684582 -0.015205
v -2.692178 1.669482 -0.018305
v -2.721478 1.664082 -0.022205
v -2.720578 1.674282 -0.013305
v -2.744078 1.665382 -0.015105
v -2.753878 1.666582 -0.014205
v -2.750579 1.659782 -0.028305
v -2.782079 1.656582 -0.033005
v -2.762678 1.668282 -0.012205
v -2.792279 1.657282 -0.023105
v -2.798579 1.660882 -0.015905
v -2.771378 1.674582 -0.008605
v -2.722578 1.656982 -0.070605
v -2.753778 1.649182 -0.070805
v -2.753278 1.657482 -0.048605
v -2.722079 1.661882 -0.044605
v -2.787978 1.634182 -0.067105
v -2.787278 1.648682 -0.051805
v -2.669479 1.658682 -0.065405
v -2.694278 1.659582 -0.068405
v -2.693078 1.663782 -0.040705
v -2.666878 1.664482 -0.037705
v -2.628278 1.654282 -0.062205
v -2.647679 1.656482 -0.063105
v -2.643578 1.664782 -0.036905
v -2.623178 1.664782 -0.038105
v -2.610978 1.652682 -0.062805
v -2.605778 1.661982 -0.039605
v -2.591479 1.657382 -0.042105
v -2.595379 1.650582 -0.065005
v -2.802879 1.674282 -0.000005
v -2.780578 1.688182 0.004595
v -2.777279 1.682082 -0.002705
v -2.801978 1.667882 -0.008105
v -2.750778 1.698182 0.002295
v -2.755978 1.703282 0.009795
v -2.796678 1.716582 0.036895
v -2.815378 1.705582 0.032595
v -2.778579 1.729682 0.041095
v -2.771878 1.721682 0.029695
v -2.791279 1.708382 0.024995
v -2.810778 1.697182 0.019295
v -2.804778 1.683182 0.008795
v -2.784579 1.697282 0.013795
v -2.782578 1.692782 0.009795
v -2.802678 1.679382 0.005295
v -2.759679 1.707582 0.015095
v -2.763078 1.712082 0.018695
v -2.787379 1.702282 0.017895
v -2.807379 1.689582 0.012195
v -2.766979 1.716382 0.022795
v -2.724678 1.714382 0.005295
v -2.732178 1.719082 0.012495
v -2.708978 1.734982 0.015595
v -2.698979 1.730182 0.009595
v -2.761379 1.743582 0.043895
v -2.744778 1.758582 0.046195
v -2.736378 1.751182 0.035595
v -2.753578 1.735782 0.032895
v -2.737778 1.722882 0.018395
v -2.742578 1.726582 0.022895
v -2.723278 1.742182 0.026495
v -2.716978 1.739182 0.020995
v -2.729378 1.745782 0.030395
v -2.747679 1.730582 0.026695
v -2.673478 1.745182 0.018795
v -2.686579 1.751682 0.020795
v -2.665478 1.767782 0.028995
v -2.649878 1.758782 0.034195
v -2.729178 1.775682 0.048095
v -2.715578 1.793482 0.048995
v -2.706279 1.786982 0.039195
v -2.720379 1.768682 0.038195
v -2.697479 1.757282 0.023495
v -2.705478 1.760182 0.029695
v -2.689079 1.778482 0.032395
v -2.678778 1.775082 0.026795
v -2.697678 1.782182 0.035395
v -2.712678 1.763582 0.033695
v -2.704078 1.810182 0.048795
v -2.693878 1.803982 0.039195
v -2.692178 1.825582 0.050395
v -2.681278 1.819782 0.040395
v -2.629079 1.774282 0.051895
v -2.646778 1.784282 0.038295
v -2.630378 1.800882 0.046695
v -2.613378 1.790982 0.067995
v -2.661578 1.791582 0.031695
v -2.673979 1.795282 0.035595
v -2.659678 1.811082 0.040295
v -2.646078 1.807782 0.038195
v -2.670578 1.814682 0.039395
v -2.684078 1.798982 0.036895
v -2.667379 1.852782 0.059495
v -2.678579 1.839682 0.054695
v -2.667078 1.834382 0.045195
v -2.654279 1.845982 0.052395
v -2.601578 1.808582 0.075895
v -2.617978 1.816382 0.056295
v -2.607679 1.831082 0.063395
v -2.591378 1.824482 0.076295
v -2.643678 1.841182 0.055195
v -2.656178 1.828982 0.046095
v -2.646078 1.824782 0.050895
v -2.633979 1.837782 0.061195
v -2.622079 1.834882 0.061395
v -2.633378 1.821482 0.050995
v -2.448979 2.015582 0.017095
v -2.465678 2.063982 0.014095
v -2.516279 2.034282 -0.000705
v -2.493278 1.991382 -0.000205
v -2.440678 1.922282 0.068295
v -2.473678 1.917582 0.056195
v -2.471079 1.936582 0.053395
v -2.436378 1.938582 0.075095
v -2.404478 2.005582 0.053895
v -2.444278 1.985982 0.032095
v -2.406278 1.980082 0.068795
v -2.446378 1.968482 0.044895
v -2.484079 1.965682 0.012395
v -2.481179 1.950882 0.025895
v -2.365778 1.981582 0.092195
v -2.368778 2.000282 0.081695
v -2.391878 1.969682 0.084495
v -2.418278 1.955482 0.080195
v -2.437878 1.957982 0.063995
v -2.454278 1.956482 0.049395
v -2.480278 1.941682 0.037395
v -2.368778 2.024482 0.067795
v -2.563878 1.673082 -0.020505
v -2.554279 1.660682 -0.016605
v -2.568279 1.651782 -0.022605
v -2.574178 1.662382 -0.027405
v -2.573378 1.642182 -0.041605
v -2.579778 1.652182 -0.046405
v -2.573179 1.633582 -0.061105
v -2.581078 1.645082 -0.068105
v -2.582478 1.625182 -0.068605
v -2.584779 1.636682 -0.078605
v -2.596678 1.620882 -0.070605
v -2.597079 1.638482 -0.078505
v -2.612278 1.638082 -0.076805
v -2.630378 1.637582 -0.076305
v -2.612978 1.618182 -0.073905
v -2.631978 1.616682 -0.077905
v -2.649878 1.638282 -0.077805
v -2.671378 1.639282 -0.080405
v -2.652478 1.616182 -0.081705
v -2.674878 1.615982 -0.085305
v -2.699478 1.615182 -0.088605
v -2.695379 1.639282 -0.083305
v -2.722378 1.636582 -0.085105
v -2.725279 1.612782 -0.090405
v -2.751579 1.607182 -0.088905
v -2.752679 1.628982 -0.084405
v -2.786978 1.613782 -0.078705
v -2.781678 1.591982 -0.079605
v -2.773578 1.578782 -0.065405
v -2.751878 1.592882 -0.078005
v -2.734478 1.592482 -0.073105
v -2.758178 1.566482 -0.043505
v -2.696779 1.572982 -0.028505
v -2.725378 1.570582 -0.034305
v -2.710879 1.594282 -0.068105
v -2.684778 1.595582 -0.063905
v -2.645879 1.578482 -0.015805
v -2.669978 1.574682 -0.022805
v -2.660378 1.595882 -0.059905
v -2.638078 1.597082 -0.054805
v -2.600279 1.603482 -0.043205
v -2.617878 1.599182 -0.048905
v -2.625179 1.583882 -0.007105
v -2.607178 1.590582 0.000995
v -2.575578 1.620382 -0.033605
v -2.577379 1.605082 0.011495
v -2.590779 1.597382 0.006295
v -2.585078 1.610182 -0.040005
v -2.564978 1.637482 -0.006105
v -2.572978 1.629282 -0.020005
v -2.558179 1.618082 0.026195
v -2.567878 1.612282 0.018995
v -2.549878 1.643382 -0.000705
v -2.529979 1.646882 -0.002105
v -2.530578 1.632982 0.033695
v -2.546278 1.624682 0.031095
v -2.503679 1.648482 -0.007705
v -2.472578 1.656282 -0.012105
v -2.480278 1.652282 0.031495
v -2.507978 1.642782 0.033795
v -2.441378 1.670782 -0.013605
v -2.408978 1.689982 -0.009105
v -2.418079 1.678782 0.027395
v -2.450379 1.664982 0.028195
v -2.372779 1.708582 0.004095
v -2.331078 1.717482 0.017795
v -2.341479 1.690582 0.036495
v -2.382579 1.691182 0.033995
v -2.297378 1.708882 0.043795
v -2.290879 1.729682 0.033695
v -2.365278 1.581482 0.027495
v -2.331279 1.622782 0.036095
v -2.318078 1.596082 0.028695
v -2.305878 1.568382 0.014095
v -2.352478 1.549682 0.009995
v -2.344979 1.576782 0.019295
v -2.395778 1.536282 0.012995
v -2.295079 1.679282 0.042895
v -2.332078 1.659982 0.042695
v -2.256179 1.695282 0.059295
v -2.255479 1.663082 0.065795
v -2.290778 1.646082 0.044695
v -2.216479 1.710182 0.075595
v -2.174178 1.724782 0.092395
v -2.169978 1.696182 0.095695
v -2.215479 1.679582 0.083495
v -2.136779 1.764182 0.115395
v -2.130678 1.740082 0.112995
v -2.090379 1.756082 0.134495
v -2.099978 1.777182 0.138995
v -2.079378 1.733482 0.131895
v -2.123479 1.714182 0.112795
v -2.059378 1.772682 0.157395
v -2.038978 1.782082 0.188095
v -2.074579 1.789082 0.164495
v -2.057978 1.797982 0.192895
v -2.041778 1.755282 0.152295
v -2.015878 1.765682 0.184095
v -2.125778 1.814482 0.088595
v -2.092378 1.828782 0.117095
v -2.101979 1.810782 0.132995
v -2.133378 1.797982 0.104495
v -2.140878 1.784182 0.116995
v -2.109079 1.795482 0.144495
v -2.077779 1.822082 0.159495
v -2.086478 1.805482 0.169495
v -2.069478 1.814782 0.193995
v -2.060378 1.831582 0.184195
v -2.065879 1.890282 0.137195
v -2.035979 1.905382 0.171395
v -2.024978 1.877882 0.173695
v -2.057379 1.865682 0.136895
v -2.064678 1.841682 0.146795
v -2.045479 1.849682 0.173795
v -2.038678 1.850082 0.194495
v -2.048878 1.838382 0.207195
v -2.021979 1.862982 0.204895
v -2.031878 1.850182 0.228195
v -2.053478 1.823782 0.218195
v -2.041078 1.806182 0.219695
v -2.033179 1.834982 0.244295
v -2.017878 1.815882 0.245995
v -2.289278 1.614682 0.047095
v -2.257579 1.632982 0.072195
v -2.253679 1.607982 0.071795
v -2.283378 1.593282 0.044295
v -2.230479 1.561082 -0.015105
v -2.261978 1.563882 -0.005605
v -2.234578 1.586482 0.005795
v -2.201679 1.576782 -0.012805
v -2.263579 1.588082 0.025795
v -2.226679 1.601282 0.043495
v -2.196178 1.600582 0.021595
v -2.164578 1.592382 0.000695
v -2.242079 1.603482 0.059195
v -2.269879 1.592882 0.040695
v -2.218378 1.651782 0.097095
v -2.168478 1.671182 0.103895
v -2.162779 1.651382 0.103795
v -2.212478 1.622982 0.099095
v -2.154078 1.649682 0.088695
v -2.200778 1.619982 0.077095
v -2.183978 1.621282 0.058895
v -2.139378 1.651282 0.069895
v -2.114979 1.650882 0.044295
v -2.155878 1.622282 0.034295
v -2.126678 1.612482 0.013895
v -2.088178 1.637982 0.023795
v -2.117079 1.692182 0.115395
v -2.067579 1.715382 0.131495
v -2.110278 1.678182 0.114095
v -2.057079 1.702382 0.131695
v -2.047378 1.698882 0.119995
v -2.102078 1.676082 0.102295
v -2.090578 1.679782 0.082495
v -2.038178 1.702582 0.100695
v -2.023778 1.701482 0.077395
v -2.071479 1.679182 0.056495
v -2.048878 1.664182 0.035995
v -2.006179 1.685682 0.060595
v -2.185879 1.551382 -0.018105
v -2.226778 1.538382 -0.016305
v -2.147679 1.567382 -0.004105
v -2.140878 1.537182 -0.005605
v -2.181778 1.521382 -0.020905
v -2.225378 1.510282 -0.015205
v -2.110678 1.587882 0.010595
v -2.071978 1.612082 0.019695
v -2.063978 1.579482 0.024895
v -2.104178 1.557482 0.013795
v -2.032779 1.636182 0.031395
v -1.992079 1.660182 0.054695
v -1.979779 1.630282 0.053395
v -2.022378 1.602982 0.034795
v -1.958379 1.707082 0.093495
v -1.945578 1.686082 0.086295
v -1.900578 1.710582 0.115095
v -1.913278 1.728182 0.122495
v -1.889979 1.688682 0.111495
v -1.934078 1.660682 0.083095
v -1.928579 1.630582 0.093095
v -1.974579 1.596182 0.068695
v -1.885278 1.662282 0.117795
v -1.885779 1.638682 0.133095
v -1.928378 1.604482 0.114295
v -1.973179 1.567882 0.094995
v -2.436378 1.490582 0.015795
v -2.392978 1.503382 0.003195
v -2.395478 1.474582 -0.001705
v -2.434179 1.465082 -0.003805
v -2.424078 1.487782 0.003195
v -2.473778 1.452182 0.001595
v -2.353978 1.513882 0.007995
v -2.311078 1.521682 0.009195
v -2.306578 1.482282 0.008095
v -2.354479 1.480382 0.003095
v -2.264879 1.500082 -0.001105
v -2.268479 1.529282 -0.002805
v -2.226778 1.489582 -0.008405
v -2.257579 1.484982 -0.000305
v -2.234978 1.473982 -0.004205
v -2.271678 1.471882 0.002895
v -2.185078 1.496382 -0.012505
v -2.141279 1.507882 0.000195
v -2.144978 1.485082 0.004995
v -2.190778 1.479882 -0.007405
v -2.102278 1.523082 0.021995
v -2.061979 1.542082 0.040695
v -2.059179 1.501482 0.063895
v -2.104779 1.491282 0.031795
v -2.014579 1.535082 0.079095
v -2.019278 1.566382 0.053295
v -2.438679 1.450882 -0.024505
v -2.479378 1.439482 -0.032105
v -2.397979 1.458582 -0.021105
v -2.398778 1.444982 -0.039605
v -2.438578 1.439182 -0.047205
v -2.479578 1.429682 -0.057305
v -2.357378 1.461482 -0.015205
v -2.317979 1.459182 -0.008605
v -2.321878 1.447982 -0.028005
v -2.359978 1.447782 -0.032705
v -2.359379 1.435382 -0.043805
v -2.356478 1.423082 -0.052405
v -2.392779 1.416682 -0.059905
v -2.397078 1.431282 -0.051405
v -2.322378 1.440382 -0.041805
v -2.320379 1.429082 -0.051205
v -2.280478 1.459382 -0.011705
v -2.240978 1.464082 -0.017705
v -2.244879 1.460282 -0.037105
v -2.284979 1.452482 -0.031505
v -2.245878 1.454182 -0.051505
v -2.286278 1.447182 -0.046205
v -2.284678 1.435182 -0.055105
v -2.244678 1.440282 -0.059205
v -2.194178 1.469882 -0.017905
v -2.144879 1.470882 -0.007005
v -2.142878 1.464982 -0.026305
v -2.195779 1.466382 -0.036705
v -2.142079 1.442082 -0.048905
v -2.195978 1.443682 -0.058305
v -2.196079 1.458982 -0.051405
v -2.141578 1.456282 -0.040605
v -2.100478 1.464982 0.019995
v -2.055378 1.462582 0.047395
v -2.040978 1.443282 0.024395
v -2.092678 1.453082 -0.003005
v -2.027778 1.424482 -0.006605
v -2.086978 1.433782 -0.030705
v -2.088578 1.444682 -0.019205
v -2.032779 1.433182 0.006895
v -2.852578 1.148582 -0.058505
v -2.847779 1.114682 -0.073105
v -2.829179 1.132582 -0.085205
v -2.835578 1.164182 -0.072105
v -2.817078 1.093482 -0.098505
v -2.835479 1.073082 -0.087005
v -2.818878 1.200782 -0.043505
v -2.836478 1.188382 -0.033505
v -2.838378 1.200682 -0.030905
v -2.821378 1.213682 -0.041905
v -2.835378 1.214782 -0.023805
v -2.819178 1.227082 -0.034105
v -2.822479 1.186582 -0.050805
v -2.840578 1.174982 -0.040005
v -2.836678 1.180982 -0.035705
v -2.818679 1.192582 -0.045505
v -2.847779 1.166582 -0.047205
v -2.830279 1.179782 -0.059305
v -2.791478 1.245582 -0.041905
v -2.791378 1.234382 -0.051805
v -2.755079 1.261082 -0.061405
v -2.757879 1.270882 -0.049405
v -2.749978 1.249782 -0.067605
v -2.787379 1.222082 -0.055205
v -2.748178 1.236282 -0.079005
v -2.787379 1.206782 -0.064905
v -2.785078 1.213082 -0.058105
v -2.747278 1.241882 -0.072105
v -2.794379 1.201982 -0.074805
v -2.752378 1.231682 -0.089205
v -2.757478 1.224482 -0.104505
v -2.801278 1.191682 -0.090305
v -2.719979 1.299082 -0.056005
v -2.716879 1.290482 -0.068905
v -2.679778 1.318482 -0.073305
v -2.681379 1.325082 -0.060005
v -2.677179 1.307182 -0.079005
v -2.711678 1.278782 -0.074205
v -2.520579 1.410382 -0.067905
v -2.520478 1.422082 -0.047805
v -2.557379 1.398882 -0.062205
v -2.558079 1.388582 -0.077205
v -2.556178 1.398682 -0.041205
v -2.520078 1.422782 -0.019505
v -2.647578 1.345782 -0.060305
v -2.647279 1.341282 -0.074505
v -2.616878 1.359882 -0.072705
v -2.616379 1.362482 -0.057505
v -2.620478 1.347682 -0.083505
v -2.648478 1.330682 -0.081905
v -2.675678 1.295482 -0.088705
v -2.709678 1.265982 -0.086005
v -2.708878 1.270482 -0.078805
v -2.677179 1.298282 -0.083105
v -2.646678 1.321182 -0.087405
v -2.654578 1.319082 -0.084905
v -2.712279 1.262582 -0.095505
v -2.675379 1.292182 -0.096105
v -2.672579 1.286282 -0.103505
v -2.713378 1.256482 -0.107605
v -2.642978 1.317782 -0.091305
v -2.614878 1.340182 -0.087405
v -2.615679 1.330582 -0.089705
v -2.637678 1.312682 -0.094805
v -2.589178 1.370182 -0.082305
v -2.587678 1.377782 -0.069305
v -2.586478 1.378382 -0.052505
v -2.795978 1.164882 -0.103705
v -2.752478 1.203582 -0.116905
v -2.739178 1.173582 -0.127505
v -2.785478 1.128482 -0.115105
v -2.707778 1.241082 -0.117505
v -2.664578 1.275982 -0.107205
v -2.654379 1.263682 -0.105005
v -2.695878 1.224182 -0.118405
v -2.644078 1.250882 -0.095705
v -2.679979 1.214082 -0.109005
v -2.663978 1.201182 -0.098905
v -2.631578 1.232882 -0.088705
v -2.680878 1.179582 -0.117505
v -2.701878 1.178282 -0.127705
v -2.565278 1.344282 -0.081605
v -2.596779 1.336582 -0.087005
v -2.587979 1.356082 -0.085805
v -2.557479 1.370682 -0.080305
v -2.625278 1.308782 -0.094405
v -2.611378 1.302682 -0.089405
v -2.435778 1.425682 -0.063005
v -2.476478 1.413082 -0.072205
v -2.429678 1.407882 -0.072205
v -2.474579 1.389582 -0.083105
v -2.543779 1.312582 -0.086005
v -2.588378 1.271782 -0.086205
v -2.600279 1.290982 -0.084905
v -2.557079 1.327682 -0.082505
v -2.519078 1.372882 -0.080405
v -2.518578 1.391582 -0.076105
v -2.506778 1.350282 -0.086505
v -2.524878 1.354782 -0.082705
v -2.491379 2.071182 0.273895
v -2.444278 2.092982 0.275095
v -2.468378 2.125482 0.233995
v -2.520278 2.100982 0.226995
v -2.414179 2.146182 0.241795
v -2.394778 2.115282 0.276295
v -2.352578 2.141382 0.282695
v -2.367079 2.168682 0.252195
v -2.327178 2.191082 0.261795
v -2.315778 2.166782 0.289695
v -2.256078 2.207582 0.299895
v -2.268578 2.232582 0.272495
v -2.295779 2.213682 0.268295
v -2.284279 2.189482 0.295795
v -2.231778 2.221882 0.304695
v -2.244378 2.247982 0.277595
v -2.222079 2.260582 0.283195
v -2.209779 2.233782 0.309795
v -2.188578 2.244782 0.315395
v -2.200679 2.271282 0.288595
v -2.179478 2.281782 0.294795
v -2.166979 2.255382 0.321295
v -2.144078 2.266782 0.328395
v -2.157779 2.293782 0.302195
v -2.133178 2.305982 0.310895
v -2.118978 2.278482 0.337295
v -2.092179 2.291582 0.350895
v -2.106478 2.320582 0.323795
v -2.076478 2.337982 0.341995
v -2.061478 2.304782 0.368695
v -2.025978 2.317982 0.391995
v -2.041378 2.357982 0.366195
v -2.004079 2.383382 0.390795
v -1.984079 2.332882 0.425495
v -1.919379 2.422482 0.461295
v -1.938379 2.458782 0.430395
v -1.969279 2.418582 0.412195
v -1.949078 2.379082 0.443895
v -1.919779 2.331982 0.507595
v -1.935478 2.354182 0.478495
v -1.960078 2.314782 0.467495
v -1.941179 2.295282 0.495795
v -1.893178 2.372982 0.520195
v -1.907678 2.397082 0.493395
v -2.386978 2.066982 0.312395
v -2.385278 2.086382 0.292695
v -2.431978 2.062782 0.295495
v -2.428378 2.040082 0.311495
v -2.475678 2.041582 0.300195
v -2.466879 2.017382 0.315695
v -2.307479 2.121482 0.324895
v -2.306178 2.140882 0.303395
v -2.343478 2.113982 0.296895
v -2.346079 2.094882 0.317695
v -2.245279 2.165282 0.339895
v -2.244879 2.182782 0.314795
v -2.273878 2.164582 0.309895
v -2.273878 2.145682 0.332695
v -2.201578 2.190082 0.352295
v -2.200979 2.209182 0.326895
v -2.221779 2.197582 0.321195
v -2.222278 2.179382 0.346795
v -2.158278 2.210382 0.361295
v -2.158378 2.231182 0.338095
v -2.180078 2.220282 0.332295
v -2.180478 2.200282 0.356795
v -2.110178 2.231382 0.376395
v -2.108979 2.252782 0.352995
v -2.134679 2.242082 0.344495
v -2.134478 2.220882 0.367295
v -2.086278 2.241582 0.390095
v -2.082278 2.263382 0.365795
v -2.052978 2.272382 0.381695
v -2.062279 2.250482 0.407795
v -2.035078 2.255082 0.427295
v -2.007478 2.252582 0.447795
v -1.993778 2.284482 0.430795
v -2.021178 2.280682 0.402895
v -1.982778 2.241082 0.469595
v -1.971178 2.275682 0.459795
v -1.948879 2.258082 0.482095
v -1.958478 2.223382 0.487095
v -2.460479 2.007182 0.332095
v -2.427378 2.025682 0.329995
v -2.429979 2.014382 0.347795
v -2.453079 2.004582 0.343695
v -2.395179 2.032582 0.356395
v -2.389979 2.048682 0.333795
v -2.350778 2.074782 0.342495
v -2.357679 2.055882 0.369895
v -2.321479 2.081682 0.385395
v -2.312878 2.100882 0.353495
v -2.278878 2.124082 0.363995
v -2.288079 2.104382 0.399795
v -2.258678 2.121682 0.411795
v -2.249479 2.142382 0.373195
v -2.226078 2.154782 0.380495
v -2.236079 2.134282 0.420895
v -2.215878 2.144182 0.426395
v -2.205478 2.163882 0.385695
v -2.418878 2.019982 0.402995
v -2.404679 2.020982 0.380895
v -2.439278 2.005482 0.366295
v -2.453678 2.004982 0.383295
v -2.467778 1.996582 0.353295
v -2.484178 1.993782 0.366195
v -2.369078 2.043782 0.399395
v -2.384478 2.042782 0.425495
v -2.351979 2.070382 0.446995
v -2.335378 2.070682 0.418695
v -2.273379 2.110482 0.451295
v -2.303078 2.093982 0.436495
v -2.319778 2.094182 0.467295
v -2.289078 2.109182 0.485195
v -2.582478 1.981682 0.416695
v -2.614878 1.965082 0.396595
v -2.549878 1.999382 0.435195
v -2.575578 1.983482 0.406595
v -2.544978 2.002182 0.423595
v -2.605678 1.965882 0.386395
v -2.514078 2.024782 0.456095
v -2.478978 2.057282 0.479595
v -2.472978 2.057382 0.462995
v -2.509378 2.027282 0.442095
v -2.446178 2.094082 0.505895
v -2.414778 2.130582 0.532195
v -2.406878 2.124182 0.513295
v -2.439779 2.091582 0.487295
v -2.379978 2.157082 0.556695
v -2.343179 2.170582 0.578795
v -2.336179 2.163982 0.563195
v -2.371878 2.149882 0.538995
v -2.307678 2.174982 0.595295
v -2.274178 2.174382 0.607695
v -2.270278 2.170582 0.592895
v -2.302378 2.169682 0.580595
v -2.243578 2.171382 0.617095
v -2.214878 2.169782 0.625195
v -2.211179 2.168982 0.609795
v -2.239979 2.169582 0.602295
v -2.188079 2.169982 0.633295
v -2.162478 2.171082 0.642095
v -2.158278 2.169082 0.625495
v -2.184078 2.168882 0.617095
v -2.137479 2.173482 0.652095
v -2.110779 2.176882 0.662695
v -2.106378 2.174882 0.646595
v -2.133178 2.170982 0.636095
v -2.046479 2.176282 0.682395
v -2.079879 2.178782 0.672895
v -2.042578 2.174482 0.665695
v -2.075279 2.177082 0.656395
v -2.012779 2.168782 0.690395
v -1.978779 2.158582 0.697995
v -1.978079 2.157682 0.681795
v -2.010379 2.167482 0.673895
v -2.515579 1.999482 0.391895
v -2.532079 2.001982 0.407995
v -2.496878 2.023582 0.425495
v -2.481478 2.017282 0.409195
v -2.460378 2.049682 0.445795
v -2.445878 2.039282 0.429595
v -2.412578 2.067882 0.452095
v -2.399578 2.055682 0.438595
v -2.432978 2.030082 0.415895
v -2.366779 2.083882 0.461295
v -2.379878 2.097882 0.475295
v -2.427078 2.081182 0.468795
v -2.394278 2.112382 0.493495
v -2.345878 2.123082 0.498695
v -2.333478 2.106482 0.484695
v -2.301779 2.120782 0.505895
v -2.313079 2.137782 0.521795
v -2.359779 2.138182 0.518395
v -2.325379 2.152282 0.542995
v -2.256179 2.147382 0.546695
v -2.283879 2.144282 0.537195
v -2.293878 2.157882 0.559995
v -2.263978 2.160282 0.571095
v -2.206478 2.160682 0.585895
v -2.234578 2.161382 0.578995
v -2.201779 2.147282 0.560695
v -2.228678 2.148282 0.554095
v -2.150878 2.143982 0.576295
v -2.176079 2.145182 0.567795
v -2.179878 2.159082 0.593195
v -2.154178 2.158982 0.601495
v -2.098678 2.149082 0.599195
v -2.125579 2.145482 0.587295
v -2.128978 2.162282 0.611595
v -2.101979 2.166882 0.622395
v -2.038278 2.154082 0.620895
v -2.068679 2.153282 0.610595
v -2.071278 2.170082 0.632795
v -2.039479 2.167582 0.643095
v -2.526179 1.983982 0.363795
v -2.506778 1.985282 0.350695
v -2.534378 1.979982 0.329295
v -2.544079 1.984082 0.378095
v -2.550178 1.971382 0.350195
v -2.570779 1.967982 0.362495
v -2.500078 1.996782 0.378195
v -2.561679 1.984082 0.392995
v -2.590079 1.966282 0.374995
v -2.467778 2.011682 0.395395
v -2.550678 1.869582 0.073795
v -2.539278 1.862282 0.084995
v -2.520778 1.874582 0.077195
v -2.530478 1.884782 0.061795
v -2.501778 1.894882 0.060295
v -2.499479 1.884182 0.073995
v -2.598778 1.845282 0.066595
v -2.588478 1.858782 0.062695
v -2.575379 1.853782 0.068995
v -2.583478 1.838882 0.073295
v -2.528478 1.896382 0.046595
v -2.530478 1.900882 0.032995
v -2.506278 1.917682 0.040395
v -2.504678 1.908082 0.051395
v -2.559479 1.878382 0.036895
v -2.548979 1.880882 0.049195
v -2.562379 1.869882 0.060495
v -2.574078 1.868082 0.049495
v -2.546879 1.888482 0.030695
v -2.541878 1.888082 0.041195
v -2.611678 1.849282 0.065695
v -2.622978 1.852082 0.062995
v -2.610079 1.862982 0.053195
v -2.599579 1.861482 0.058495
v -2.533579 1.905582 0.021595
v -2.508078 1.923382 0.027495
v -2.512278 1.931082 0.015095
v -2.539278 1.912582 0.011895
v -2.578079 1.883682 0.021695
v -2.568679 1.879582 0.028395
v -2.584678 1.869582 0.042795
v -2.594878 1.871682 0.036595
v -2.552879 1.891782 0.021995
v -2.560478 1.897582 0.014295
v -2.518978 1.943982 0.003095
v -2.548279 1.923682 0.002795
v -2.533078 1.965982 -0.003905
v -2.565179 1.942482 -0.000405
v -2.637578 1.872482 0.040595
v -2.621279 1.866282 0.046295
v -2.632978 1.854582 0.056095
v -2.645579 1.859182 0.051295
v -2.606678 1.877282 0.029795
v -2.624978 1.887582 0.025795
v -2.607979 1.904782 0.013095
v -2.589578 1.891382 0.015695
v -2.570878 1.906882 0.007395
v -2.588679 1.922882 0.004995
v -2.680178 1.876182 0.069895
v -2.665778 1.868482 0.055495
v -2.665179 1.887082 0.044895
v -2.687979 1.903682 0.076295
v -2.684978 1.876582 0.081695
v -2.691579 1.889482 0.099295
v -2.594378 1.972782 0.008695
v -2.559378 2.000582 0.005195
v -2.582379 2.034882 0.036395
v -2.621778 2.006082 0.038495
v -2.654778 1.955282 0.061295
v -2.637578 1.929082 0.022795
v -2.654878 1.908682 0.032195
v -2.677778 1.934782 0.066595
v -2.618378 1.949782 0.015195
v -2.641778 1.978782 0.049695
v -2.693478 1.908182 0.145495
v -2.680279 1.925482 0.194895
v -2.685279 1.950182 0.188595
v -2.696978 1.933482 0.132195
v -2.626179 2.049982 0.160395
v -2.588979 2.079582 0.157895
v -2.594579 2.064582 0.090095
v -2.634679 2.034482 0.093595
v -2.675578 1.976582 0.181295
v -2.685678 1.959582 0.120895
v -2.658478 1.977082 0.114295
v -2.652778 1.994982 0.173195
v -2.650578 2.003382 0.103595
v -2.641478 2.019382 0.165895
v -2.628578 1.936382 0.280595
v -2.651678 1.910582 0.245995
v -2.659478 1.894882 0.252995
v -2.627578 1.928582 0.304095
v -2.641279 1.947582 0.262395
v -2.653778 1.924482 0.238895
v -2.562078 2.036982 0.275695
v -2.531479 2.054882 0.276195
v -2.564878 2.078082 0.225195
v -2.598578 2.052782 0.225795
v -2.664278 1.935182 0.226095
v -2.663079 1.954482 0.232795
v -2.599078 1.964382 0.299695
v -2.572378 1.988982 0.304495
v -2.582978 1.955182 0.318395
v -2.603478 2.001882 0.277495
v -2.624578 1.976382 0.275395
v -2.576379 1.956682 0.336195
v -2.600078 1.949282 0.339795
v -2.539378 2.011182 0.304495
v -2.511079 2.023782 0.304095
v -2.497978 1.998582 0.321495
v -2.561178 2.006582 0.298995
v -2.584779 2.020782 0.274495
v -2.485578 1.992382 0.339095
v -2.618078 2.027182 0.227395
v -2.634378 2.005382 0.231195
v -2.653679 1.981882 0.234995
v -2.621679 1.943882 0.348895
v -2.638278 1.940582 0.359995
v -2.649678 1.911882 0.313395
v -2.670678 1.899082 0.326795
v -2.647878 1.939282 0.371395
v -2.674778 1.905982 0.348095
v -2.828678 1.721382 0.147395
v -2.815678 1.720082 0.120495
v -2.840479 1.708882 0.109095
v -2.853578 1.705682 0.134695
v -2.794678 1.735182 0.132595
v -2.807678 1.738582 0.161595
v -2.790478 1.755782 0.178795
v -2.776579 1.751282 0.144995
v -2.758678 1.770182 0.154595
v -2.774779 1.778782 0.201495
v -2.740178 1.794982 0.158095
v -2.724179 1.820082 0.156995
v -2.748779 1.808482 0.205995
v -2.724078 1.843082 0.218195
v -2.711378 1.840782 0.152995
v -2.703678 1.861382 0.206895
v -2.674978 1.878982 0.263395
v -2.690879 1.865682 0.274495
v -2.780978 1.811082 0.256395
v -2.759279 1.837982 0.270095
v -2.752979 1.821782 0.243995
v -2.777078 1.799182 0.234295
v -2.724579 1.843482 0.261395
v -2.729479 1.859582 0.291895
v -2.702878 1.859482 0.283895
v -2.701278 1.875782 0.312195
v -2.706078 1.888282 0.329495
v -2.738378 1.875782 0.309395
v -2.765778 1.847382 0.287595
v -2.786578 1.816182 0.271895
v -2.799078 1.021682 -0.134505
v -2.823879 1.000882 -0.126505
v -2.827779 1.032882 -0.105605
v -2.806679 1.054082 -0.115905
v -2.733178 1.073282 -0.146005
v -2.768678 1.046582 -0.143005
v -2.776978 1.085982 -0.130205
v -2.741578 1.117882 -0.142405
v -2.705478 1.139082 -0.141305
v -2.675478 1.156282 -0.123005
v -2.668779 1.127682 -0.115305
v -2.698078 1.099882 -0.136005
v -2.650678 1.177982 -0.100205
v -2.617278 1.206882 -0.092505
v -2.602778 1.179882 -0.095305
v -2.639879 1.153082 -0.098005
v -2.573879 1.244882 -0.093105
v -2.528378 1.286782 -0.094205
v -2.513378 1.258182 -0.107205
v -2.558779 1.216682 -0.101005
v -2.489578 1.328582 -0.095705
v -2.453079 1.363582 -0.092105
v -2.438779 1.334182 -0.089205
v -2.473078 1.299082 -0.102905
v -2.419379 1.384282 -0.076705
v -2.385779 1.397282 -0.065905
v -2.377478 1.375382 -0.067105
v -2.408378 1.358882 -0.074205
v -2.352078 1.406682 -0.062405
v -2.346379 1.385982 -0.066705
v -2.317878 1.413282 -0.062705
v -2.314178 1.392782 -0.068805
v -2.242878 1.422382 -0.068205
v -2.282578 1.418582 -0.065805
v -2.279578 1.397182 -0.071405
v -2.240478 1.399782 -0.073005
v -2.195478 1.424682 -0.066905
v -2.142079 1.424182 -0.058905
v -2.194478 1.401482 -0.071905
v -2.141178 1.401082 -0.067005
v -2.022378 1.413382 -0.018605
v -2.084678 1.419282 -0.042705
v -2.081378 1.398482 -0.054705
v -2.016878 1.398982 -0.029805
v -2.543178 1.191282 -0.091305
v -2.587979 1.157182 -0.083405
v -2.499978 1.232882 -0.094705
v -2.493179 1.215382 -0.066205
v -2.533778 1.176082 -0.060305
v -2.577178 1.143182 -0.053105
v -2.462979 1.273382 -0.087105
v -2.430279 1.308382 -0.075005
v -2.423478 1.283382 -0.053205
v -2.456778 1.251782 -0.062105
v -2.399779 1.334582 -0.063905
v -2.369579 1.352482 -0.057805
v -2.361578 1.327582 -0.038605
v -2.392178 1.309082 -0.044305
v -2.339878 1.364282 -0.056405
v -2.309078 1.371182 -0.057305
v -2.332478 1.340082 -0.036505
v -2.303179 1.347182 -0.036105
v -2.237879 1.374882 -0.058805
v -2.275578 1.373682 -0.059105
v -2.271579 1.348882 -0.036005
v -2.236578 1.350882 -0.032605
v -2.143178 1.374182 -0.051005
v -2.194178 1.375282 -0.057105
v -2.149379 1.359882 -0.014905
v -2.196479 1.354682 -0.026005
v -2.018079 1.373482 -0.019905
v -2.084378 1.371482 -0.038505
v -2.092579 1.362082 -0.000005
v -2.026778 1.363682 0.014995
v -1.973179 1.720282 0.107495
v -1.985878 1.722082 0.126595
v -1.939779 1.742782 0.150395
v -1.927179 1.739482 0.134895
v -1.855879 1.709082 0.133495
v -1.852379 1.686382 0.138295
v -1.829778 1.701382 0.155895
v -1.832978 1.722782 0.153095
v -1.836179 1.682382 0.158595
v -1.853779 1.666582 0.149095
v -1.861279 1.748782 0.152695
v -1.845178 1.740282 0.152895
v -1.866379 1.728382 0.135095
v -1.879578 1.742882 0.142095
v -2.006678 1.730682 0.150995
v -1.994478 1.721782 0.142795
v -1.959578 1.749082 0.180995
v -1.949878 1.745382 0.163995
v -1.872878 1.758882 0.182795
v -1.863078 1.756682 0.166295
v -1.891578 1.753482 0.153695
v -1.903279 1.758682 0.167995
v -1.830878 1.727782 0.194395
v -1.819878 1.731482 0.174795
v -1.838378 1.749382 0.172195
v -1.846879 1.747882 0.191395
v -1.818178 1.705882 0.176495
v -1.831678 1.701782 0.192395
v -1.834078 1.681982 0.173995
v -1.842479 1.681582 0.186395
v -1.971678 1.553382 0.125595
v -2.003878 1.519882 0.108295
v -1.999278 1.511882 0.138095
v -1.975178 1.545482 0.156495
v -2.000778 1.480082 0.117695
v -2.023178 1.489382 0.093695
v -2.008078 1.462982 0.071295
v -1.971878 1.457182 0.095895
v -1.935478 1.448082 0.073895
v -1.984178 1.445282 0.049195
v -1.969478 1.433882 0.031595
v -1.960278 1.423082 0.018695
v -1.912578 1.443682 0.054195
v -1.897878 1.435082 0.038195
v -1.887079 1.420682 0.026295
v -1.952678 1.412082 0.009195
v -1.946779 1.401682 0.001795
v -1.879978 1.404782 0.017495
v -1.879079 1.382382 0.017895
v -1.944978 1.380182 0.001495
v -1.887678 1.368082 0.036595
v -1.952379 1.366582 0.026695
v -1.832878 1.408082 0.030595
v -1.836879 1.383082 0.035095
v -1.814078 1.406282 0.048295
v -1.820278 1.388282 0.059495
v -1.839178 1.370882 0.070395
v -1.850979 1.368682 0.050095
v -1.840578 1.430182 0.042395
v -1.817678 1.420582 0.066095
v -1.854278 1.446282 0.059495
v -1.832778 1.433182 0.085995
v -1.836278 1.407582 0.098695
v -1.823179 1.398582 0.080995
v -1.840278 1.379682 0.089695
v -1.845679 1.389982 0.101895
v -1.873578 1.453082 0.078095
v -1.903478 1.452382 0.097495
v -1.890279 1.438182 0.116595
v -1.854179 1.439482 0.103495
v -1.864378 1.358382 0.079195
v -1.866278 1.359882 0.062195
v -1.899278 1.355482 0.059095
v -1.904279 1.346782 0.085395
v -1.890378 1.412982 0.128095
v -1.856579 1.411282 0.113595
v -1.863878 1.385982 0.111895
v -1.897778 1.383482 0.126095
v -1.864578 1.367382 0.098895
v -1.902879 1.358582 0.111195
v -2.204378 1.974182 0.287295
v -2.171378 2.000382 0.302595
v -2.159778 1.967782 0.313195
v -2.191579 1.941282 0.300895
v -2.113979 2.070282 0.244095
v -2.072278 2.087782 0.254995
v -2.088778 2.065682 0.290695
v -2.127679 2.049182 0.282395
v -2.024878 2.097482 0.308995
v -2.057878 2.080682 0.299295
v -2.038378 2.105582 0.266295
v -2.003379 2.125982 0.278795
v -2.173078 1.917382 0.307695
v -2.141679 1.917082 0.285195
v -2.142978 1.946982 0.317095
v -2.114478 1.945782 0.294695
v -2.130479 2.020282 0.306995
v -2.093378 2.038682 0.312495
v -2.088578 2.014282 0.321695
v -2.123479 1.992582 0.316495
v -2.062979 2.053482 0.319495
v -2.030878 2.069882 0.330295
v -2.024779 2.046382 0.339195
v -2.058278 2.030582 0.329695
v -2.110079 1.975582 0.316695
v -2.084678 1.973482 0.296195
v -2.076679 2.000182 0.316195
v -2.052278 1.996482 0.299595
v -2.065778 1.963782 0.258795
v -2.094378 1.940282 0.245595
v -2.035979 1.940582 0.214795
v -2.005678 1.961082 0.236395
v -2.010878 2.031982 0.335095
v -2.044779 2.017982 0.321395
v -2.020278 2.015482 0.305695
v -1.987179 2.027782 0.321895
v -2.003578 1.924182 0.202395
v -1.989878 1.901682 0.204995
v -1.972378 1.943082 0.228795
v -1.956679 1.921182 0.229795
v -2.005578 1.998082 0.280595
v -2.035578 1.982682 0.269195
v -1.978578 1.976182 0.254495
v -1.954579 1.989282 0.270595
v -1.950178 2.025182 0.312295
v -1.977478 2.012782 0.293195
v -1.932479 2.002782 0.287495
v -1.912379 2.015582 0.309095
v -1.992878 1.880782 0.226495
v -2.002478 1.867282 0.253395
v -1.956778 1.898382 0.247895
v -1.963178 1.883782 0.271395
v -1.922979 1.971682 0.266195
v -1.945878 1.957982 0.248995
v -1.928378 1.937282 0.248295
v -1.903078 1.952782 0.263895
v -1.903078 1.986682 0.284895
v -1.882879 1.970282 0.284195
v -1.886678 2.000582 0.309095
v -1.869278 1.986282 0.311495
v -1.999578 1.850382 0.271595
v -1.980179 1.830082 0.271295
v -1.953779 1.867082 0.281195
v -1.933678 1.847482 0.282295
v -1.923778 1.915082 0.260995
v -1.894378 1.933082 0.273095
v -1.893378 1.919882 0.289095
v -1.925678 1.900682 0.279695
v -1.859379 1.973282 0.320795
v -1.872478 1.953782 0.292495
v -1.847579 1.961382 0.329895
v -1.867578 1.940882 0.304995
v -1.878078 1.904682 0.293395
v -1.912779 1.884982 0.284195
v -1.891679 1.864882 0.287095
v -1.854879 1.883282 0.295395
v -1.849879 1.925982 0.309195
v -1.823678 1.903782 0.309995
v -1.823278 1.949582 0.329795
v -1.792778 1.928682 0.329995
v -2.822278 1.631582 -0.051105
v -2.850378 1.615682 -0.047805
v -2.825379 1.612882 -0.059805
v -2.863279 1.585882 -0.049605
v -2.843778 1.632382 -0.042705
v -2.818878 1.644482 -0.041405
v -2.841479 1.642982 -0.037105
v -2.819878 1.649182 -0.031405
v -2.840978 1.649682 -0.029705
v -2.822479 1.652082 -0.022505
v -2.858078 1.630382 -0.050005
v -2.853878 1.643182 -0.044605
v -2.865278 1.644682 -0.048505
v -2.870279 1.631782 -0.054605
v -2.862579 1.653882 -0.041705
v -2.851578 1.652182 -0.037705
v -2.822778 1.658682 -0.013205
v -2.839278 1.655682 -0.019505
v -2.836378 1.661782 -0.006005
v -2.820878 1.664982 -0.004005
v -2.821378 1.670682 0.004695
v -2.816579 1.670082 0.001995
v -2.849478 1.659182 -0.028205
v -2.860878 1.661082 -0.033605
v -2.860878 1.667782 -0.024305
v -2.848678 1.665882 -0.017405
v -2.843778 1.680882 0.012495
v -2.828479 1.687582 0.015695
v -2.824579 1.677282 0.008595
v -2.839779 1.670382 0.002795
v -2.850778 1.673082 -0.006505
v -2.863178 1.674182 -0.013105
v -2.868978 1.680882 0.000095
v -2.856078 1.681582 0.006095
v -2.851279 1.690782 0.027695
v -2.834278 1.697082 0.029895
v -2.840278 1.704482 0.046095
v -2.859478 1.698582 0.043995
v -2.900578 1.630982 -0.051805
v -2.885978 1.631782 -0.054705
v -2.894778 1.614282 -0.059005
v -2.909178 1.614282 -0.054905
v -2.878778 1.613582 -0.059305
v -2.891878 1.589582 -0.061905
v -2.906678 1.592082 -0.060305
v -2.919978 1.594282 -0.055605
v -2.891078 1.650882 -0.040605
v -2.877078 1.652882 -0.042005
v -2.880278 1.644082 -0.048705
v -2.894578 1.642682 -0.046505
v -2.889979 1.661682 -0.027805
v -2.875879 1.665582 -0.027305
v -2.875579 1.659482 -0.035205
v -2.889478 1.656782 -0.034705
v -2.884178 1.676482 -0.005005
v -2.878379 1.671582 -0.017305
v -2.892379 1.666082 -0.018805
v -2.897578 1.669582 -0.008105
v -2.927479 1.595682 -0.047005
v -2.917178 1.613482 -0.046305
v -2.920578 1.611482 -0.036205
v -2.930378 1.595882 -0.036505
v -2.912678 1.624582 -0.034505
v -2.908879 1.628582 -0.043805
v -2.903378 1.639182 -0.039805
v -2.907479 1.633882 -0.031705
v -2.904679 1.640082 -0.028105
v -2.900378 1.646582 -0.035305
v -2.899079 1.651582 -0.030705
v -2.903579 1.644082 -0.024205
v -2.903478 1.646682 -0.019105
v -2.899178 1.655082 -0.024805
v -2.900678 1.658282 -0.017005
v -2.904778 1.660882 -0.007705
v -2.904379 1.649182 -0.012005
v -2.907479 1.651382 -0.003605
v -2.913779 1.652782 0.005695
v -2.913079 1.662682 0.002095
v -2.922778 1.653082 0.015195
v -2.924878 1.662082 0.010295
v -2.920978 1.672582 0.012295
v -2.906978 1.672182 0.003295
v -2.938578 1.658582 0.017395
v -2.954479 1.651082 0.021595
v -2.935179 1.651382 0.023595
v -2.950279 1.645082 0.028695
v -2.957978 1.659482 0.019395
v -2.938679 1.668382 0.017395
v -2.993179 1.627082 0.016995
v -2.976878 1.645682 0.018395
v -2.971079 1.637982 0.022095
v -2.985479 1.620082 0.021095
v -2.965978 1.632682 0.029995
v -2.979578 1.615682 0.029795
v -2.989878 1.595882 0.031395
v -2.996178 1.598882 0.022395
v -3.003078 1.576082 0.024195
v -2.996178 1.574482 0.032595
v -3.012378 1.579182 0.019195
v -3.004779 1.604082 0.017795
v -3.006179 1.553782 0.025795
v -2.999179 1.553582 0.032695
v -2.996379 1.536282 0.027195
v -3.015878 1.532882 0.019995
v -3.016279 1.554982 0.020395
v -2.999479 1.520482 0.013995
v -3.009578 1.514582 0.013195
v -3.004779 1.534182 0.022795
v -2.991478 1.525582 0.017495
v -2.985178 1.520082 0.006295
v -2.992079 1.513282 0.001895
v -3.000179 1.504782 -0.000405
v -2.984079 1.513682 -0.011605
v -2.989778 1.504282 -0.016105
v -2.978578 1.520782 -0.005505
v -2.976078 1.522782 -0.024705
v -2.971578 1.528882 -0.016505
v -2.979378 1.513582 -0.032405
v -2.962178 1.543682 -0.025305
v -2.965578 1.539082 -0.035305
v -2.951978 1.558082 -0.042305
v -2.951478 1.561682 -0.031705
v -2.948678 1.551382 -0.052005
v -2.965479 1.530682 -0.044905
v -2.938878 1.576882 -0.045805
v -2.932978 1.572782 -0.054605
v -2.940578 1.579082 -0.035205
v -2.929678 1.644982 0.032295
v -2.918578 1.644282 0.022295
v -2.912779 1.635382 0.030295
v -2.944778 1.639682 0.038595
v -2.922579 1.638082 0.042295
v -2.938079 1.634082 0.050095
v -2.959978 1.627882 0.040295
v -2.953179 1.622882 0.052195
v -2.965678 1.607682 0.052095
v -2.972978 1.611782 0.040295
v -2.974879 1.590282 0.053295
v -2.982778 1.593182 0.041795
v -2.980978 1.571882 0.053695
v -2.988979 1.573382 0.042595
v -2.991578 1.554182 0.041195
v -2.982679 1.554582 0.050895
v -2.979378 1.541382 0.043495
v -2.988178 1.539182 0.034395
v -2.983078 1.530682 0.024595
v -2.973978 1.534182 0.033995
v -2.967879 1.531382 0.023595
v -2.977178 1.526382 0.014095
v -2.971379 1.527282 0.003095
v -2.962678 1.533082 0.013095
v -2.957278 1.539782 0.003895
v -2.965178 1.534382 -0.006705
v -2.948078 1.563782 -0.019605
v -2.938779 1.579482 -0.022805
v -2.942778 1.565382 -0.006605
v -2.934778 1.578882 -0.009305
v -2.926978 1.591682 -0.011405
v -2.929778 1.594282 -0.024505
v -2.950379 1.551382 -0.002405
v -2.956979 1.547582 -0.014305
v -2.930078 1.627182 0.062095
v -2.945779 1.617282 0.065095
v -2.922378 1.614682 0.071095
v -2.937778 1.608582 0.075895
v -2.958278 1.603082 0.064995
v -2.949579 1.596382 0.076795
v -2.957278 1.582382 0.076395
v -2.966779 1.586882 0.065495
v -2.959378 1.566782 0.073595
v -2.971978 1.569482 0.065195
v -2.972278 1.553782 0.060395
v -2.959678 1.553682 0.067595
v -2.955678 1.545282 0.059695
v -2.968678 1.542582 0.052195
v -2.963178 1.536782 0.042895
v -2.951578 1.540782 0.051095
v -2.946079 1.541682 0.042795
v -2.957278 1.535782 0.032995
v -2.952779 1.538882 0.022895
v -2.942979 1.544882 0.033395
v -2.939278 1.551382 0.027095
v -2.948478 1.545582 0.014595
v -2.935378 1.559282 0.022495
v -2.942878 1.555682 0.009595
v -2.936478 1.567082 0.006695
v -2.929878 1.567882 0.021595
v -2.914479 1.618882 -0.025305
v -2.910078 1.627082 -0.023805
v -2.914578 1.613282 -0.015205
v -2.911078 1.621082 -0.015505
v -2.908978 1.626682 -0.015605
v -2.907479 1.632482 -0.021005
v -2.922078 1.566682 0.065495
v -2.924478 1.566782 0.040195
v -2.928978 1.561282 0.037195
v -2.930478 1.556982 0.043495
v -2.940778 1.552382 0.064595
v -2.946178 1.556182 0.070595
v -2.942678 1.564982 0.075995
v -2.908378 1.626482 -0.010305
v -2.906278 1.635482 -0.017005
v -2.907779 1.627282 -0.003305
v -2.905978 1.637182 -0.011505
v -2.936178 1.583682 0.079195
v -2.930279 1.594482 0.077995
v -2.919079 1.594082 0.073095
v -2.944278 1.576282 0.079395
v -2.935078 1.550882 0.053395
v -2.940678 1.548082 0.057495
v -2.934678 1.551482 0.044795
v -2.924978 1.576482 0.019195
v -2.929678 1.578282 0.004495
v -2.919578 1.585082 0.018495
v -2.923279 1.589082 0.002495
v -2.917279 1.578482 0.038595
v -2.921778 1.572782 0.035095
v -2.907378 1.589882 0.051495
v -2.908879 1.597882 0.063995
v -2.908179 1.615282 0.058895
v -2.904478 1.610582 0.038595
v -2.921179 1.607582 -0.025405
v -2.920079 1.603282 -0.013505
v -2.913278 1.609482 -0.003305
v -2.910378 1.618182 -0.006205
v -2.910979 1.607382 0.009895
v -2.908978 1.617582 0.003795
v -2.917679 1.599682 -0.000305
v -2.914479 1.595882 0.015095
v -2.907578 1.628782 0.004595
v -2.906479 1.639182 -0.004605
v -2.908478 1.641082 0.003495
v -2.907879 1.630782 0.012595
v -2.909478 1.633282 0.020195
v -2.912379 1.642682 0.012395
v -2.907879 1.606582 0.024095
v -2.907278 1.618482 0.014295
v -2.906079 1.620982 0.022795
v -2.906779 1.625382 0.037095
v -2.906379 1.625382 0.026895
v -2.913678 1.629482 0.052095
v -2.910979 1.591082 0.033395
v -2.878978 1.586182 -0.057805
v -2.866079 1.612182 -0.054705
v -2.922279 1.566382 -0.060605
v -2.909979 1.558982 -0.064105
v -2.940978 1.540282 -0.060005
v -2.931078 1.526882 -0.066005
v -2.953978 1.498882 -0.059505
v -2.961278 1.516282 -0.053605
v -2.979978 1.497982 -0.039605
v -2.977078 1.478582 -0.044205
v -2.999779 1.468882 -0.021905
v -2.996078 1.488982 -0.020005
v -3.010878 1.491282 -0.001005
v -3.023278 1.469282 0.002895
v -3.037578 1.497182 0.020595
v -3.023679 1.506482 0.014995
v -3.032879 1.531482 0.019195
v -3.056478 1.529082 0.023395
v -3.048279 1.487882 0.028795
v -3.068478 1.510382 0.030595
v -3.038978 1.461082 0.018295
v -3.032378 1.557682 0.020495
v -3.050178 1.561882 0.025595
v -3.025479 1.584782 0.022295
v -3.038578 1.590982 0.029995
v -3.025678 1.619882 0.032495
v -3.015579 1.612082 0.023295
v -3.001979 1.636882 0.023395
v -3.010178 1.646282 0.033395
v -2.989178 1.666482 0.034595
v -2.983279 1.656182 0.024195
v -2.960179 1.669882 0.025095
v -2.962078 1.679082 0.036195
v -2.894278 1.680482 0.009195
v -2.910578 1.682482 0.020295
v -2.896178 1.693182 0.033295
v -2.879278 1.687582 0.016095
v -2.865478 1.690382 0.022295
v -2.875579 1.696382 0.039295
v -2.930679 1.687582 0.036095
v -2.934278 1.678782 0.024695
v -2.845379 1.708982 0.060195
v -2.853079 1.707682 0.076795
v -2.866079 1.703082 0.057795
v -2.875879 1.701782 0.072195
v -2.902979 1.695382 0.049995
v -2.883078 1.698882 0.053395
v -2.894479 1.697582 0.066095
v -2.908778 1.694882 0.060295
v -2.894578 1.696182 0.089595
v -2.867779 1.700382 0.099295
v -2.883378 1.695182 0.121495
v -2.913578 1.691082 0.107095
v -2.930078 1.690482 0.065395
v -2.916478 1.692782 0.078295
v -2.938478 1.686582 0.090995
v -2.962979 1.680682 0.071995
v -2.963878 1.681682 0.051795
v -2.931878 1.689582 0.050595
v -2.992479 1.670782 0.049395
v -3.014279 1.649982 0.046795
v -3.017678 1.653082 0.059795
v -2.994378 1.670782 0.064395
v -3.031479 1.623582 0.045095
v -3.048579 1.595782 0.041395
v -3.058079 1.603382 0.050295
v -3.037878 1.628982 0.055595
v -3.078179 1.541382 0.033295
v -3.066778 1.567582 0.034595
v -3.076178 1.576182 0.049295
v -3.082778 1.524082 0.034195
v -3.077178 1.591682 0.063095
v -3.062979 1.613582 0.059695
v -3.072179 1.614282 0.075895
v -3.063278 1.624582 0.068895
v -3.052179 1.645682 0.073495
v -3.044978 1.639182 0.062695
v -3.024379 1.662882 0.068495
v -3.031978 1.678282 0.082995
v -3.061279 1.643882 0.088695
v -3.047378 1.675582 0.103895
v -3.004278 1.689182 0.088495
v -3.000378 1.675082 0.077195
v -2.981279 1.685282 0.104595
v -2.974778 1.676282 0.090095
v -3.034579 1.705382 0.123395
v -3.025779 1.730482 0.143795
v -3.014378 1.733382 0.130395
v -3.020978 1.709182 0.106695
v -3.024578 1.749082 0.160995
v -3.015378 1.753082 0.154395
v -2.996778 1.748982 0.154595
v -2.993578 1.728082 0.130195
v -2.987678 1.733182 0.161295
v -2.980278 1.709982 0.144695
v -2.998379 1.707882 0.106195
v -2.980879 1.697682 0.122395
v -2.984079 1.722082 0.164395
v -2.978178 1.708282 0.159095
v -2.966278 1.699582 0.161495
v -2.950379 1.708782 0.170195
v -2.945379 1.707082 0.161695
v -2.964278 1.698082 0.151695
v -2.816579 1.811182 0.241095
v -2.829678 1.816782 0.250195
v -2.812379 1.802582 0.260995
v -2.803278 1.800282 0.248395
v -2.847178 1.822282 0.233795
v -2.853178 1.818582 0.233695
v -2.861778 1.823982 0.245795
v -2.850678 1.827382 0.245195
v -2.869778 1.815282 0.240395
v -2.859679 1.811182 0.229895
v -2.815078 1.813182 0.225895
v -2.833079 1.824382 0.235195
v -2.836179 1.817882 0.223495
v -2.819878 1.805782 0.206195
v -2.798679 1.798382 0.227595
v -2.800278 1.788882 0.206195
v -2.841578 1.811282 0.220595
v -2.832978 1.801182 0.206595
v -2.840578 1.798082 0.208295
v -2.848179 1.804482 0.218095
v -2.832978 1.764382 0.173695
v -2.822978 1.784582 0.187895
v -2.808079 1.772482 0.186595
v -2.821479 1.752382 0.170495
v -2.889279 1.785882 0.221295
v -2.878978 1.802482 0.231795
v -2.867178 1.799482 0.222595
v -2.876478 1.783982 0.212995
v -2.850078 1.772882 0.189895
v -2.842579 1.788182 0.200095
v -2.833478 1.786682 0.193495
v -2.841479 1.769182 0.181395
v -2.854378 1.793482 0.211095
v -2.862478 1.778582 0.201795
v -2.903478 1.745282 0.190295
v -2.914678 1.746682 0.197095
v -2.900678 1.766882 0.209895
v -2.888078 1.765682 0.202495
v -2.868678 1.721482 0.155495
v -2.848378 1.742882 0.162695
v -2.839779 1.731882 0.158195
v -2.862879 1.711382 0.149195
v -2.932678 1.725882 0.182795
v -2.923878 1.723882 0.175895
v -2.950478 1.683282 0.105195
v -2.923679 1.689382 0.122395
v -2.957178 1.685682 0.120795
v -2.927078 1.694982 0.138895
v -2.880779 1.734082 0.170295
v -2.862978 1.754382 0.180395
v -2.855179 1.749082 0.171095
v -2.872278 1.729682 0.162695
v -2.892478 1.695982 0.137695
v -2.895179 1.704282 0.147595
v -2.903378 1.713782 0.157895
v -2.891178 1.714082 0.155095
v -2.961478 1.692982 0.136895
v -2.938779 1.701782 0.150295
v -2.914278 1.718482 0.166195
v -2.891679 1.740082 0.180695
v -2.874678 1.760582 0.191895
v -2.818178 1.568182 -0.061605
v -2.824679 1.589882 -0.065505
v -2.858178 1.560282 -0.047905
v -2.852178 1.539582 -0.045205
v -2.800978 1.539282 -0.030805
v -2.807678 1.555282 -0.049705
v -2.840578 1.526382 -0.035805
v -2.827278 1.522182 -0.025305
v -2.890579 1.542182 -0.046305
v -2.919379 1.513382 -0.061005
v -2.897979 1.550882 -0.059605
v -2.909979 1.502282 -0.049305
v -2.929878 1.468382 -0.045505
v -2.942378 1.481782 -0.055505
v -2.968078 1.457882 -0.042705
v -2.953779 1.440882 -0.034505
v -2.984478 1.422482 -0.012605
v -2.997278 1.444282 -0.020305
v -3.020879 1.439782 0.002595
v -3.033678 1.440882 0.014695
v -2.873379 1.510882 -0.035905
v -2.882778 1.526682 -0.041805
v -2.888579 1.484482 -0.026005
v -2.900479 1.492082 -0.038805
v -2.838979 1.503382 -0.008205
v -2.859478 1.501782 -0.022805
v -2.872278 1.481882 -0.007405
v -2.850579 1.485082 0.013795
v -2.917578 1.461282 -0.031205
v -2.918779 1.437982 0.002095
v -2.936679 1.433882 -0.019005
v -2.903178 1.459782 -0.013305
v -2.961579 1.410482 -0.000505
v -2.936279 1.417982 0.019395
v -2.807779 1.515282 -0.000505
v -2.771778 1.528482 0.004595
v -2.786778 1.500782 0.049695
v -2.820978 1.492282 0.033195
v -2.738878 1.538082 0.012895
v -2.708878 1.547182 0.022995
v -2.720178 1.523282 0.076495
v -2.752679 1.510682 0.063695
v -2.654279 1.564182 0.040395
v -2.680279 1.555682 0.031695
v -2.689779 1.537582 0.088395
v -2.662978 1.552682 0.099595
v -2.560879 1.614582 0.085395
v -2.571578 1.606982 0.081395
v -2.578978 1.609782 0.148895
v -2.567678 1.618882 0.151495
v -2.590178 1.600182 0.142995
v -2.582679 1.599382 0.075795
v -2.532978 1.633382 0.089195
v -2.548478 1.623382 0.087895
v -2.553179 1.628182 0.152595
v -2.535778 1.634882 0.152795
v -2.555679 1.620682 0.211695
v -2.538079 1.621282 0.212895
v -2.571178 1.615382 0.209095
v -2.512578 1.642282 0.089495
v -2.487378 1.646982 0.087195
v -2.493678 1.635882 0.149795
v -2.516078 1.636682 0.152495
v -2.500479 1.615382 0.213395
v -2.520378 1.618682 0.213595
v -2.458478 1.652982 0.081195
v -2.427879 1.661182 0.076595
v -2.438878 1.637582 0.137395
v -2.467179 1.636182 0.143395
v -2.476279 1.612582 0.211395
v -2.450478 1.609582 0.209595
v -2.395978 1.665082 0.076795
v -2.371379 1.656582 0.075495
v -2.388179 1.628782 0.134595
v -2.411278 1.636482 0.135495
v -2.613378 1.582682 0.059195
v -2.632278 1.573382 0.049695
v -2.639778 1.565982 0.109895
v -2.620078 1.577982 0.120395
v -2.596678 1.591082 0.067995
v -2.603678 1.589382 0.132495
v -2.582778 1.607282 0.205195
v -2.594178 1.596982 0.198195
v -2.727078 1.500482 0.116295
v -2.695779 1.518782 0.132395
v -2.668878 1.538682 0.147795
v -2.625078 1.569382 0.173095
v -2.645278 1.554882 0.160695
v -2.607979 1.583782 0.186595
v -2.797979 1.480282 0.083595
v -2.831679 1.475982 0.060495
v -2.842378 1.464482 0.078295
v -2.869879 1.457982 0.051295
v -2.860578 1.470482 0.034195
v -2.884378 1.464082 0.009095
v -2.896378 1.448082 0.025895
v -2.908879 1.433082 0.041995
v -2.880178 1.447082 0.064195
v -2.856078 1.455982 0.083195
v -2.762079 1.487682 0.100895
v -2.791478 1.237182 -0.008305
v -2.772878 1.251682 -0.012405
v -2.783478 1.249982 -0.027305
v -2.806778 1.233682 -0.021105
v -2.754779 1.273782 -0.031905
v -2.748178 1.272282 -0.014605
v -2.719579 1.300082 -0.037405
v -2.716578 1.296182 -0.018605
v -2.682578 1.318682 -0.021905
v -2.682578 1.324282 -0.041205
v -2.649478 1.343282 -0.041005
v -2.651078 1.336082 -0.021305
v -2.621979 1.350382 -0.017105
v -2.618978 1.358782 -0.037405
v -2.590479 1.373682 -0.030905
v -2.594579 1.363082 -0.009805
v -2.560179 1.391382 -0.015505
v -2.564278 1.377082 0.008095
v -2.803179 1.228782 -0.000705
v -2.821779 1.224882 -0.012005
v -2.763479 1.220482 0.007895
v -2.784378 1.225282 0.005595
v -2.776479 1.236382 0.000495
v -2.763479 1.232382 0.004295
v -2.748779 1.239682 0.003995
v -2.760878 1.249282 -0.001605
v -2.738478 1.265582 -0.002805
v -2.726478 1.252382 0.003895
v -2.671479 1.290882 0.001095
v -2.678078 1.306482 -0.009105
v -2.709479 1.286082 -0.006205
v -2.700078 1.271282 0.002795
v -2.618378 1.321882 0.007295
v -2.621279 1.337382 -0.003505
v -2.648578 1.322982 -0.008405
v -2.644578 1.307882 0.002895
v -2.566879 1.361782 0.023095
v -2.594679 1.348982 0.003995
v -2.594178 1.334382 0.016295
v -2.570178 1.347282 0.035495
v -2.738878 1.222482 0.010295
v -2.714478 1.234182 0.014495
v -2.661578 1.262982 0.033695
v -2.664378 1.274182 0.014695
v -2.689479 1.253182 0.014995
v -2.683179 1.244182 0.034295
v -2.662678 1.256082 0.051495
v -2.678579 1.244182 0.047995
v -2.618678 1.294382 0.041195
v -2.616478 1.307282 0.021995
v -2.640478 1.292682 0.017295
v -2.639778 1.279482 0.035595
v -2.626378 1.282482 0.064195
v -2.644778 1.268882 0.056495
v -2.599778 1.308582 0.051995
v -2.595078 1.320882 0.032095
v -2.574979 1.334282 0.050495
v -2.582278 1.323082 0.068695
v -2.591779 1.312882 0.090995
v -2.609178 1.297182 0.075595
v -2.569478 1.326082 0.109895
v -2.545678 1.337482 0.126695
v -2.546479 1.342682 0.109895
v -2.562178 1.335882 0.091895
v -2.553179 1.347482 0.079295
v -2.543478 1.361282 0.069395
v -2.533678 1.353482 0.110095
v -2.518779 1.368282 0.107395
v -2.524578 1.349582 0.136095
v -2.504678 1.362882 0.141195
v -2.502878 1.385382 0.103195
v -2.533678 1.377182 0.059595
v -2.525978 1.394382 0.043495
v -2.480278 1.414082 0.091595
v -2.522578 1.412482 0.014395
v -2.481279 1.439682 0.041595
v -2.484178 1.378482 0.144995
v -2.460278 1.400782 0.149695
v -2.443078 1.480382 0.050795
v -2.442279 1.461182 0.100195
v -2.416178 1.508782 0.105195
v -2.412878 1.529182 0.053895
v -2.409678 1.477682 0.170295
v -2.432479 1.436082 0.158095
v -2.388378 1.574782 0.061295
v -2.393678 1.549382 0.114295
v -2.377979 1.582382 0.123795
v -2.367978 1.609182 0.068895
v -2.361978 1.636482 0.072895
v -2.374578 1.609882 0.131295
v -2.392779 1.515482 0.184195
v -2.379779 1.547782 0.197295
v -2.425379 1.605182 0.209995
v -2.400978 1.596682 0.210795
v -2.380578 1.577682 0.207895
v -1.990578 1.755182 0.181295
v -2.022478 1.742482 0.149895
v -1.997978 1.790082 0.250195
v -2.022378 1.784882 0.220595
v -2.003679 1.759382 0.222195
v -1.980078 1.759582 0.254695
v -1.906178 1.819582 0.284695
v -1.955979 1.802782 0.274895
v -1.932479 1.771882 0.272195
v -1.879978 1.788282 0.279195
v -1.826578 1.851782 0.298495
v -1.863678 1.835382 0.290195
v -1.836879 1.802682 0.285495
v -1.798478 1.816782 0.294095
v -1.756478 1.896682 0.327895
v -1.792279 1.870582 0.310495
v -1.760778 1.833182 0.304495
v -1.720378 1.858582 0.319495
v -1.915778 1.754382 0.183895
v -1.929778 1.736382 0.200295
v -1.909279 1.722182 0.208495
v -1.888378 1.746982 0.197395
v -1.865178 1.734282 0.202995
v -1.888179 1.710382 0.210095
v -1.874879 1.700282 0.208195
v -1.852379 1.715282 0.204195
v -1.984079 1.737982 0.219095
v -1.967778 1.730282 0.252495
v -1.963778 1.700082 0.249595
v -1.965379 1.720582 0.217295
v -1.920678 1.741182 0.264395
v -1.867079 1.757782 0.268995
v -1.861179 1.727082 0.254695
v -1.916178 1.709682 0.254595
v -1.820978 1.771082 0.275095
v -1.778278 1.783482 0.282795
v -1.811378 1.739482 0.261795
v -1.763878 1.750482 0.268295
v -1.691178 1.818382 0.304095
v -1.735478 1.797182 0.291495
v -1.670478 1.776282 0.287095
v -1.716578 1.761682 0.275295
v -1.665078 1.676182 0.284095
v -1.706378 1.677382 0.274895
v -1.706678 1.723782 0.268895
v -1.661978 1.732182 0.279595
v -1.753878 1.715082 0.259395
v -1.750978 1.669682 0.262395
v -1.803978 1.705082 0.253095
v -1.857379 1.692382 0.247795
v -1.800478 1.660082 0.252295
v -1.856279 1.648282 0.248295
v -1.865679 1.664082 0.186695
v -1.860278 1.656882 0.168295
v -1.892278 1.625282 0.158595
v -1.908978 1.632782 0.188195
v -1.887779 1.673382 0.203995
v -1.857178 1.686982 0.198895
v -1.929778 1.587782 0.142795
v -1.945578 1.584682 0.173895
v -1.915678 1.672282 0.211795
v -1.937979 1.680982 0.218495
v -1.971779 1.625882 0.235895
v -1.944778 1.627582 0.207995
v -1.950578 1.700182 0.220695
v -1.964478 1.669882 0.244795
v -1.918278 1.633982 0.249595
v -1.915478 1.675482 0.249295
v -1.989279 1.571882 0.222395
v -1.968078 1.580682 0.199895
v -1.988378 1.538682 0.182895
v -2.007478 1.532382 0.208195
v -1.945678 1.436582 0.128395
v -1.952878 1.447082 0.116195
v -1.995378 1.467582 0.137295
v -2.001078 1.452782 0.163195
v -2.002178 1.502182 0.161295
v -2.016279 1.492882 0.187295
v -1.943878 1.415682 0.143795
v -1.951878 1.383982 0.142395
v -2.002979 1.416782 0.166995
v -2.013479 1.386782 0.159095
v -2.028878 1.360682 0.138295
v -1.962678 1.355682 0.124195
v -1.968478 1.339182 0.093495
v -2.052879 1.339682 0.103695
v -1.962678 1.351382 0.057995
v -2.037079 1.350882 0.054295
v -2.102379 1.349782 0.041495
v -2.118378 1.334182 0.083795
v -2.157879 1.346382 0.025995
v -2.168978 1.330082 0.067695
v -2.202578 1.339682 0.014095
v -2.209678 1.323082 0.055895
v -2.242479 1.315182 0.047095
v -2.238878 1.332682 0.005495
v -2.269278 1.326582 -0.000805
v -2.269179 1.308482 0.040495
v -2.293478 1.300582 0.035295
v -2.296579 1.320382 -0.005005
v -2.318979 1.288982 0.030995
v -2.323579 1.310782 -0.008005
v -2.351878 1.297082 -0.011305
v -2.346878 1.273782 0.026495
v -2.377979 1.255282 0.021095
v -2.382278 1.278282 -0.016705
v -2.414978 1.254382 -0.023405
v -2.412079 1.234782 0.015495
v -2.449579 1.215782 0.011795
v -2.451278 1.229682 -0.027805
v -2.490778 1.199882 0.015195
v -2.490978 1.203182 -0.026405
v -2.008078 1.510182 0.275595
v -2.024079 1.524982 0.239195
v -2.001179 1.554982 0.242795
v -1.980579 1.567782 0.257195
v -1.865978 1.520982 0.274395
v -1.934378 1.517782 0.281895
v -1.925878 1.579382 0.263495
v -1.858979 1.588382 0.259395
v -1.762478 1.531082 0.279495
v -1.810078 1.525482 0.273795
v -1.802979 1.597782 0.263995
v -1.756279 1.607282 0.277995
v -1.717078 1.535882 0.282895
v -1.712478 1.613982 0.288595
v -1.669178 1.605682 0.285395
v -1.674278 1.528682 0.280895
v -2.042679 1.488482 0.218695
v -2.061178 1.470982 0.255595
v -2.089278 1.436082 0.230895
v -2.052179 1.448182 0.200295
v -2.059879 1.415882 0.189795
v -2.069978 1.390182 0.177595
v -2.102178 1.408382 0.212995
v -2.112078 1.388182 0.197495
v -2.126678 1.369982 0.181795
v -2.085879 1.367682 0.159295
v -2.110678 1.350482 0.138895
v -2.148978 1.357382 0.165795
v -2.175478 1.345982 0.153095
v -2.146979 1.337782 0.122195
v -2.186078 1.327582 0.108695
v -2.204179 1.335882 0.142995
v -2.232679 1.327582 0.136195
v -2.220178 1.319882 0.098995
v -2.249779 1.313082 0.091795
v -2.258878 1.317382 0.130795
v -2.303078 1.291382 0.119395
v -2.298679 1.296582 0.079795
v -2.274978 1.306082 0.085495
v -2.281479 1.305282 0.125195
v -2.349678 1.255882 0.105395
v -2.349179 1.264682 0.067295
v -2.323579 1.283082 0.074095
v -2.325379 1.274982 0.113295
v -2.410679 1.216082 0.083595
v -2.410679 1.223582 0.051595
v -2.378278 1.243882 0.059495
v -2.378078 1.234782 0.094795
v -2.469378 1.190082 0.064195
v -2.481678 1.193882 0.045595
v -2.445678 1.205882 0.044695
v -2.443979 1.198682 0.071995
v -2.447078 1.189482 0.092895
v -2.410679 1.205582 0.108995
v -2.482778 1.181782 0.076695
v -2.298979 1.269482 0.159495
v -2.309778 1.252982 0.163995
v -2.322078 1.262282 0.143295
v -2.302879 1.279982 0.146295
v -2.345778 1.244382 0.138295
v -2.376478 1.225182 0.125595
v -2.262978 1.290382 0.175395
v -2.283879 1.277682 0.167195
v -2.283478 1.294782 0.151595
v -2.262578 1.307782 0.158195
v -2.290579 1.261082 0.179995
v -2.267478 1.276382 0.192595
v -2.214379 1.307482 0.189295
v -2.239378 1.300182 0.182595
v -2.238279 1.317982 0.163695
v -2.211978 1.324682 0.168895
v -2.243578 1.287682 0.203295
v -2.218879 1.295182 0.212595
v -2.164678 1.321782 0.205695
v -2.189578 1.314282 0.196695
v -2.186178 1.331982 0.176395
v -2.161078 1.340282 0.186395
v -2.168379 1.305782 0.230295
v -2.193578 1.300382 0.220995
v -2.137779 1.351782 0.199595
v -2.120878 1.367282 0.215795
v -2.116978 1.342082 0.230595
v -2.139279 1.330882 0.216995
v -2.118179 1.319482 0.251995
v -2.142678 1.312482 0.240895
v -2.076379 1.364882 0.256695
v -2.098278 1.352482 0.243195
v -2.107878 1.382682 0.231595
v -2.088578 1.401682 0.249295
v -2.071678 1.332282 0.271395
v -2.096079 1.325382 0.261495
v -2.001279 1.395482 0.288395
v -2.044379 1.381782 0.273895
v -2.054778 1.426982 0.271295
v -2.004578 1.448382 0.289295
v -2.039978 1.342082 0.283195
v -2.001778 1.350782 0.295695
v -1.941378 1.454882 0.291495
v -1.877378 1.453282 0.283395
v -1.891078 1.393982 0.294095
v -1.947578 1.398582 0.295295
v -1.954978 1.353582 0.305795
v -1.904778 1.351482 0.313095
v -1.823778 1.452582 0.281295
v -1.775578 1.452182 0.280295
v -1.794178 1.386782 0.300295
v -1.841378 1.391182 0.298495
v -1.857778 1.349282 0.321495
v -1.811478 1.346282 0.329295
v -1.728878 1.451982 0.278195
v -1.683578 1.448682 0.275595
v -1.701478 1.379082 0.301995
v -1.746979 1.382182 0.301295
v -1.763978 1.341882 0.335695
v -1.717479 1.337782 0.339995
v -1.943578 2.151882 0.706295
v -1.904279 2.149582 0.715295
v -1.904078 2.141982 0.698295
v -1.943478 2.148582 0.690095
v -1.751678 2.120082 0.733095
v -1.754179 2.124482 0.748995
v -1.703378 2.107682 0.753795
v -1.701378 2.107482 0.738095
v -1.809479 2.136682 0.737795
v -1.807878 2.128282 0.720795
v -1.804579 2.075282 0.649095
v -1.794578 2.070782 0.627295
v -1.850478 2.074582 0.612895
v -1.863478 2.077382 0.633895
v -1.834678 2.071982 0.585095
v -1.781579 2.066082 0.598295
v -1.873578 2.079982 0.570695
v -1.890579 2.083782 0.594895
v -1.915179 2.091182 0.611995
v -1.859779 2.145182 0.725395
v -1.859079 2.135582 0.707995
v -1.862078 2.120482 0.690195
v -1.908179 2.126382 0.679695
v -1.808878 2.115482 0.703695
v -1.809978 2.100582 0.686395
v -1.865978 2.103182 0.672395
v -1.912678 2.109982 0.659195
v -1.867378 2.088882 0.653595
v -1.914578 2.098282 0.638395
v -1.808978 2.087082 0.668195
v -1.732478 1.994382 0.393695
v -1.684479 1.979082 0.393795
v -1.715678 1.934082 0.355395
v -1.757978 1.959182 0.357695
v -1.628278 1.952182 0.385595
v -1.675179 1.899082 0.344995
v -1.891778 2.094582 0.553995
v -1.908078 2.099882 0.571595
v -1.908879 2.123682 0.549995
v -1.894278 2.115182 0.537995
v -1.926779 2.108682 0.577195
v -1.925678 2.134582 0.552095
v -1.930878 2.065882 0.382695
v -1.972578 2.047082 0.357795
v -1.983078 2.065882 0.357295
v -1.934879 2.087582 0.383795
v -1.918178 2.053782 0.379195
v -1.952978 2.037682 0.348495
v -1.981078 2.121282 0.321995
v -1.990478 2.093382 0.348495
v -1.948378 2.119882 0.365095
v -1.936979 2.149182 0.337895
v -1.959079 2.152782 0.294195
v -1.912978 2.182782 0.312595
v -1.844679 2.257582 0.317395
v -1.873379 2.212982 0.335295
v -1.848879 2.237782 0.358595
v -1.809178 2.291582 0.351695
v -1.875778 2.203982 0.374595
v -1.902078 2.177682 0.356095
v -1.913378 2.147482 0.378995
v -1.885278 2.176282 0.395195
v -1.883878 2.157282 0.418695
v -1.908078 2.124982 0.403295
v -1.881378 2.151082 0.445495
v -1.897979 2.118582 0.435995
v -1.889078 2.122382 0.470695
v -1.879079 2.152382 0.471995
v -1.894879 2.096582 0.472995
v -1.908078 2.091182 0.430095
v -1.886578 2.129882 0.501395
v -1.888579 2.105182 0.510195
v -1.881278 2.157782 0.495695
v -1.891679 2.140282 0.524195
v -1.889078 2.166382 0.512595
v -1.905178 2.150882 0.533895
v -1.922778 2.162882 0.533095
v -1.902579 2.176282 0.517695
v -1.918379 2.188082 0.512495
v -1.936878 2.204382 0.500695
v -1.927378 2.236882 0.494795
v -1.909579 2.216182 0.501695
v -1.896378 2.244682 0.512195
v -1.917279 2.270182 0.510395
v -1.898679 2.200882 0.504295
v -1.888278 2.190582 0.503695
v -1.882879 2.208382 0.502595
v -1.886878 2.223482 0.506895
v -1.805378 2.003582 0.383895
v -1.772878 2.001182 0.389295
v -1.794678 1.974282 0.357195
v -1.824878 1.981382 0.356795
v -1.649778 2.022282 0.511195
v -1.636778 1.998582 0.453795
v -1.679379 2.024682 0.449495
v -1.698179 2.041482 0.505195
v -1.730678 2.030482 0.441995
v -1.754778 2.058282 0.497695
v -1.675879 2.049082 0.605095
v -1.663878 2.035182 0.563095
v -1.712579 2.049982 0.557895
v -1.724578 2.057782 0.601595
v -1.766678 2.063482 0.555095
v -1.799578 2.039882 0.436395
v -1.782678 2.048982 0.458195
v -1.768678 2.029182 0.427995
v -1.798178 2.025382 0.414395
v -1.820678 2.068382 0.542695
v -1.861879 2.074582 0.531095
v -1.812479 2.063282 0.497595
v -1.861378 2.064882 0.478195
v -1.888579 2.077382 0.477195
v -1.904478 2.072082 0.428795
v -1.890378 2.059982 0.424295
v -1.882678 2.087682 0.520095
v -1.923579 2.035882 0.339895
v -1.894278 2.026782 0.338195
v -1.898478 2.044682 0.374095
v -1.878379 2.034382 0.370495
v -1.862478 2.023282 0.368795
v -1.872878 2.013282 0.339195
v -1.857679 1.999382 0.343595
v -1.847678 2.013082 0.373995
v -1.845178 1.988282 0.352095
v -1.829778 2.006482 0.379395
v -1.843078 2.026382 0.399995
v -1.856279 2.029482 0.390995
v -1.863878 2.038782 0.400395
v -1.845178 2.039782 0.422195
v -1.823378 2.024682 0.406495
v -1.819978 2.041382 0.433895
v -1.814178 2.054482 0.462795
v -1.849679 2.052782 0.445895
v -1.875778 2.050182 0.412795
v -1.893378 2.481282 0.309595
v -1.888978 2.434482 0.276095
v -1.851379 2.467882 0.298695
v -1.859479 2.513982 0.328595
v -1.914778 2.519682 0.402595
v -1.905679 2.512882 0.353195
v -1.876478 2.547382 0.369895
v -1.890979 2.559082 0.417295
v -1.877878 2.518982 0.492895
v -1.893479 2.545382 0.460195
v -1.913079 2.500282 0.445995
v -1.894978 2.468282 0.477395
v -1.846179 2.478682 0.546295
v -1.862978 2.497782 0.521395
v -1.882678 2.444682 0.507795
v -1.867479 2.422582 0.533695
v -1.868378 2.181782 0.478195
v -1.856179 2.213382 0.488895
v -1.870979 2.210882 0.498395
v -1.876979 2.184382 0.494095
v -1.836278 2.220382 0.452295
v -1.843379 2.214782 0.473095
v -1.862478 2.181482 0.457695
v -1.859779 2.187482 0.434695
v -1.834878 2.304782 0.521495
v -1.865679 2.341982 0.532395
v -1.894078 2.302682 0.521595
v -1.871778 2.271182 0.517895
v -1.844779 2.251582 0.502895
v -1.866878 2.240282 0.507695
v -1.782779 2.442782 0.555495
v -1.816078 2.458682 0.559295
v -1.838378 2.395882 0.546095
v -1.805678 2.374682 0.540095
v -1.856579 2.224882 0.391495
v -1.860678 2.203782 0.411895
v -1.836679 2.233982 0.429795
v -1.834579 2.252882 0.406695
v -1.825279 2.255682 0.491295
v -1.805578 2.305682 0.509795
v -1.812678 2.259882 0.472595
v -1.788579 2.307682 0.492695
v -1.762578 2.364582 0.509895
v -1.780578 2.365782 0.527495
v -1.739878 2.429282 0.524195
v -1.757179 2.433282 0.543595
v -1.841878 2.246982 0.376195
v -1.819978 2.274482 0.383095
v -1.810778 2.271082 0.450295
v -1.809479 2.288782 0.426495
v -1.784778 2.316182 0.470395
v -1.783278 2.332282 0.446595
v -1.757578 2.383082 0.462795
v -1.759778 2.370482 0.486595
v -1.738678 2.431382 0.500095
v -1.736578 2.439582 0.476995
v -1.791078 2.401382 0.321695
v -1.821678 2.361182 0.294295
v -1.818878 2.405282 0.293995
v -1.796278 2.443582 0.320595
v -1.818779 2.449782 0.301395
v -1.801978 2.470582 0.317695
v -1.830379 2.310382 0.303595
v -1.795578 2.349982 0.332295
v -1.774678 2.343382 0.373995
v -1.794478 2.311682 0.399895
v -1.767978 2.355582 0.420195
v -1.749878 2.388682 0.394395
v -1.731278 2.436782 0.413095
v -1.742278 2.403682 0.437295
v -1.725178 2.458282 0.454095
v -1.722678 2.489182 0.432895
v -1.829679 2.545182 0.352795
v -1.822078 2.498882 0.322395
v -1.797578 2.513582 0.334695
v -1.800278 2.577582 0.367195
v -1.769979 2.444182 0.343995
v -1.768278 2.392082 0.355095
v -1.747378 2.436382 0.375095
v -1.757278 2.488082 0.365495
v -1.782178 2.489182 0.342395
v -1.775578 2.534982 0.365395
v -1.750978 2.530982 0.389195
v -1.733778 2.482582 0.395395
v -1.730778 2.529782 0.418795
v -1.749478 2.572182 0.414495
v -1.791378 2.616682 0.401595
v -1.771978 2.574182 0.391795
v -1.768278 2.610382 0.418395
v -1.783578 2.649682 0.426395
v -1.869579 2.603282 0.433595
v -1.849279 2.583982 0.390195
v -1.830878 2.625382 0.406095
v -1.853179 2.647782 0.448995
v -1.877078 2.596482 0.474095
v -1.867479 2.576182 0.507295
v -1.855778 2.630382 0.518695
v -1.861378 2.645782 0.487295
v -1.837379 2.683382 0.463295
v -1.816278 2.658382 0.425795
v -1.803679 2.690282 0.445395
v -1.821278 2.714882 0.477895
v -1.851079 2.556682 0.533695
v -1.832678 2.539382 0.556595
v -1.822878 2.596982 0.563795
v -1.841378 2.612682 0.543395
v -1.842278 2.673182 0.528095
v -1.845978 2.685082 0.498495
v -1.828779 2.707082 0.536095
v -1.830379 2.717582 0.509295
v -1.802178 2.524782 0.568695
v -1.769178 2.513682 0.565495
v -1.762178 2.579082 0.569295
v -1.793178 2.586282 0.572995
v -1.803978 2.681882 0.571195
v -1.820379 2.694182 0.557595
v -1.830878 2.657782 0.551195
v -1.813478 2.643582 0.568295
v -1.721478 2.565782 0.539195
v -1.737978 2.572782 0.557495
v -1.743578 2.505482 0.553895
v -1.725878 2.499482 0.535395
v -1.722278 2.543282 0.500495
v -1.721078 2.556482 0.517595
v -1.726079 2.496682 0.511795
v -1.725178 2.500482 0.491095
v -1.786378 2.634982 0.574595
v -1.758379 2.629782 0.570195
v -1.755178 2.670282 0.569795
v -1.780078 2.674482 0.574995
v -1.725178 2.545282 0.456295
v -1.721278 2.518082 0.472395
v -1.723778 2.569182 0.492095
v -1.729678 2.594782 0.480095
v -1.734879 2.625582 0.557095
v -1.721879 2.617482 0.534995
v -1.727078 2.661982 0.523495
v -1.733279 2.668082 0.554395
v -1.728778 2.628282 0.502295
v -1.723078 2.600382 0.512995
v -1.749779 2.611382 0.441195
v -1.734879 2.577282 0.445295
v -1.737478 2.616982 0.469595
v -1.745778 2.643882 0.466895
v -1.773278 2.684082 0.450395
v -1.763479 2.646082 0.443995
v -1.754378 2.676082 0.469595
v -1.760378 2.712382 0.475695
v -1.736578 2.662782 0.493995
v -1.734679 2.640182 0.489595
v -1.744278 2.727982 0.503095
v -1.740078 2.693582 0.498095
v -1.730278 2.701782 0.526895
v -1.732478 2.734482 0.529395
v -1.732978 2.704182 0.552695
v -1.733479 2.735682 0.551795
v -1.748278 2.735682 0.565395
v -1.751278 2.705182 0.568095
v -1.736079 2.764082 0.531395
v -1.735878 2.763982 0.550095
v -1.740479 2.782082 0.531795
v -1.741179 2.787082 0.547795
v -1.748778 2.779782 0.558895
v -1.747578 2.762982 0.561895
v -1.772678 2.708582 0.573795
v -1.766078 2.738382 0.571095
v -1.793478 2.714682 0.571795
v -1.784078 2.743082 0.569995
v -1.798779 2.749582 0.561095
v -1.808978 2.724082 0.561495
v -1.815778 2.734782 0.543495
v -1.806778 2.752482 0.548095
v -1.749079 2.761882 0.509495
v -1.769178 2.750982 0.486495
v -1.782678 2.779482 0.515295
v -1.755678 2.788082 0.522095
v -1.803679 2.747182 0.494095
v -1.788178 2.724482 0.464995
v -1.801579 2.769082 0.535395
v -1.814778 2.747182 0.520895
v -1.791178 2.774582 0.553295
v -1.777278 2.769182 0.564995
v -1.773479 2.785582 0.558695
v -1.778678 2.791982 0.543595
v -1.759578 2.800382 0.543695
v -1.760078 2.786282 0.559995
v -1.761978 2.764982 0.566395
v -2.249978 2.122682 0.461295
v -2.263179 2.117782 0.496095
v -2.236479 2.122082 0.503195
v -2.228278 2.132982 0.465695
v -2.248578 2.133582 0.526395
v -2.274278 2.129382 0.518295
v -2.223179 2.134482 0.533395
v -2.197879 2.134282 0.539595
v -2.216578 2.121582 0.517495
v -2.193878 2.120382 0.521995
v -2.184078 2.172982 0.388895
v -2.193878 2.153282 0.427695
v -2.170678 2.162082 0.428295
v -2.161478 2.182382 0.392195
v -2.203779 2.140982 0.461995
v -2.208678 2.128882 0.486795
v -2.183378 2.132782 0.477295
v -2.178278 2.147282 0.456095
v -2.187178 2.121882 0.499195
v -2.206679 2.122682 0.502095
v -2.137978 2.192782 0.397595
v -2.147078 2.171382 0.431995
v -2.123678 2.181582 0.439595
v -2.114778 2.203982 0.406495
v -2.172879 2.132882 0.545995
v -2.147878 2.131582 0.554095
v -2.144278 2.118982 0.532595
v -2.169779 2.119582 0.526395
v -2.152778 2.152882 0.454795
v -2.157578 2.136282 0.474195
v -2.130978 2.138582 0.475695
v -2.127178 2.158182 0.458095
v -2.137278 2.120982 0.502295
v -2.163578 2.121482 0.499095
v -2.099778 2.189882 0.450595
v -2.092078 2.214582 0.419595
v -2.072278 2.192482 0.460495
v -2.068778 2.223282 0.436395
v -2.122379 2.131682 0.565295
v -2.095478 2.133982 0.577995
v -2.090578 2.119182 0.554695
v -2.118078 2.118482 0.542395
v -2.102978 2.137682 0.479695
v -2.100279 2.160782 0.463395
v -2.070379 2.159282 0.468595
v -2.072578 2.133482 0.485595
v -2.109878 2.118182 0.508595
v -2.080478 2.113882 0.518195
v -2.041979 2.226882 0.454395
v -2.013879 2.221782 0.471195
v -2.041178 2.190982 0.470095
v -2.011779 2.185882 0.484195
v -2.041579 2.130782 0.496895
v -2.038578 2.156582 0.476995
v -2.010478 2.153982 0.493395
v -2.015878 2.131882 0.513695
v -1.967378 2.155782 0.530495
v -1.945278 2.147682 0.545695
v -1.942878 2.175882 0.522195
v -1.964079 2.190982 0.506295
v -1.987579 2.174082 0.502595
v -1.987678 2.208282 0.489195
v -1.999179 2.132982 0.531195
v -1.991079 2.148682 0.513995
v -1.981078 2.140682 0.538195
v -1.990778 2.132482 0.544395
v -2.066378 2.137982 0.590895
v -2.037978 2.140682 0.601795
v -2.035279 2.128482 0.579595
v -2.061579 2.123482 0.568095
v -2.050578 2.114282 0.531795
v -2.025779 2.119482 0.546095
v -1.948478 2.121082 0.572895
v -1.967879 2.129182 0.566095
v -1.972178 2.121082 0.596595
v -1.949478 2.109682 0.603695
v -1.949878 2.121482 0.647595
v -1.947078 2.134982 0.670195
v -1.980078 2.146282 0.660795
v -1.982878 2.134082 0.633895
v -1.981579 2.128682 0.565495
v -1.994378 2.126482 0.565095
v -1.998278 2.128082 0.591395
v -1.986578 2.125582 0.592495
v -1.949679 2.112582 0.626695
v -1.973879 2.123982 0.617695
v -1.995478 2.132582 0.611695
v -1.986278 2.127882 0.609595
v -2.010878 2.146882 0.629295
v -2.013479 2.138182 0.608795
v -2.014279 2.129882 0.587195
v -2.009878 2.158082 0.652195
v -2.007778 2.124382 0.557995
v -2.784979 0.999582 -0.133605
v -2.806078 0.982182 -0.125505
v -2.784078 0.980482 -0.113705
v -2.773379 0.992982 -0.122105
v -2.757278 1.020082 -0.134405
v -2.725678 1.045082 -0.127605
v -2.725078 1.029882 -0.102805
v -2.753478 1.005282 -0.115505
v -2.757879 0.992282 -0.100305
v -2.730579 1.018182 -0.082605
v -2.662678 1.108982 -0.094205
v -2.693778 1.076382 -0.112005
v -2.694478 1.063382 -0.084205
v -2.660378 1.097382 -0.066305
v -2.628778 1.134282 -0.083005
v -2.620478 1.120682 -0.055505
v -2.574579 1.141182 -0.007705
v -2.617978 1.112582 -0.018105
v -2.663678 1.088082 -0.037805
v -2.533078 1.173282 -0.015205
v -2.533278 1.183782 0.029295
v -2.513678 1.184182 0.058595
v -2.701478 1.053982 -0.060305
v 0.090522 -0.123118 0.336596
v 0.029922 -0.089718 0.340796
v 0.075521 -0.099318 0.301495
v 0.029322 -0.074818 0.315696
v -0.110878 0.065982 0.236296
v -0.163579 0.138882 0.169096
v -0.044178 -0.046418 0.340696
v -0.023778 -0.028118 0.309196
v -0.145478 -0.007918 0.326995
v -0.118078 0.038682 0.303096
v 0.012722 -0.028618 0.285196
v -0.069479 0.079782 0.286996
v -1.686178 2.072682 0.659295
v -1.685578 2.062182 0.635095
v -1.733578 2.067882 0.634095
v -1.739678 2.077382 0.657795
v -1.743678 2.089482 0.678595
v -1.687778 2.085282 0.683395
v -1.746979 2.101382 0.698295
v -1.693378 2.096482 0.705395
v -1.749779 2.112282 0.716495
v -1.700678 2.104782 0.722995
v -0.267678 0.042682 0.299096
v -0.228278 0.116682 0.286296
v -0.361378 0.106582 0.292796
v -0.309578 0.200582 0.289995
v -0.258278 0.264982 0.299395
v -0.284278 0.275882 0.237295
v -0.214078 0.173382 0.231396
v -0.174178 0.177682 0.289695
v -0.256578 0.244882 0.175895
v -0.302878 0.358782 0.185295
v -0.375178 0.452582 0.121995
v -0.457178 0.567582 0.105096
v -0.282079 0.993282 0.232595
v -0.265878 1.046982 0.260895
v -0.240678 1.084082 0.295795
v -0.211179 1.126782 0.316195
v -0.107178 1.453582 0.551595
v -0.096678 1.432282 0.500595
v -0.322778 1.199582 0.315795
v -0.260278 1.166282 0.306795
v -0.292078 1.118182 0.285095
v -0.349578 1.146082 0.287695
v -0.372378 1.073682 0.258795
v -0.318878 1.060682 0.255595
v -0.223078 1.209682 0.322695
v -0.285678 1.239982 0.335395
v -0.247178 1.272982 0.351695
v -0.187378 1.249182 0.340795
v -0.121778 1.406282 0.460195
v -0.132078 1.425182 0.503895
v -0.164778 1.381082 0.437695
v -0.167778 1.397282 0.472295
v -0.175678 1.412382 0.512595
v -0.237878 1.382482 0.489395
v -0.240078 1.394882 0.528695
v -0.231879 1.370482 0.455895
v -0.316778 1.354982 0.457395
v -0.319778 1.371482 0.503795
v -0.316278 1.384182 0.543995
v -0.144279 1.440682 0.556195
v -0.184078 1.424082 0.563995
v -0.242079 1.407982 0.575695
v -0.311178 1.396782 0.587595
v -0.216478 1.303082 0.368695
v -0.191478 1.331982 0.385895
v -0.308278 1.283482 0.370495
v -0.278178 1.316682 0.391695
v -0.344079 1.319882 0.412395
v -0.352878 1.291982 0.386495
v -0.251678 1.342482 0.414795
v -0.169078 1.359082 0.406995
v -0.218578 1.358482 0.426895
v -1.348378 0.935082 0.250195
v -1.256778 0.830982 0.247595
v -1.214278 0.915782 0.228295
v -1.302778 1.013282 0.220095
v -1.131378 0.820682 0.227095
v -1.168878 0.732282 0.247295
v -1.266279 1.086482 0.241395
v -1.181978 0.991882 0.241295
v -1.148278 1.058882 0.281095
v -1.232378 1.149482 0.276195
v -1.066578 0.974382 0.291095
v -1.100978 0.901582 0.240295
v -1.103778 1.123682 0.182795
v -1.116678 1.098282 0.237995
v -1.195179 1.193882 0.248295
v -1.184278 1.217882 0.194195
v -1.027678 1.032182 0.171795
v -1.041478 1.007482 0.230695
v -1.118279 1.543682 0.294395
v -1.130579 1.591482 0.348195
v -1.054478 1.519982 0.330995
v -1.041278 1.466182 0.274095
v -1.069178 1.574382 0.390695
v -1.142378 1.638482 0.403595
v -0.998178 1.512282 0.375995
v -0.981478 1.451182 0.314495
v -0.967178 1.392582 0.256095
v -1.145278 1.670382 0.459995
v -1.075878 1.611782 0.448595
v -1.085378 1.628782 0.502995
v -1.151578 1.683882 0.513395
v -1.019378 1.577182 0.489195
v -1.007078 1.556682 0.433595
v -1.156978 1.695782 0.553895
v -1.092578 1.642082 0.544495
v -1.099278 1.661682 0.580295
v -1.162078 1.714282 0.588595
v -1.038978 1.611082 0.570695
v -1.029378 1.591182 0.532795
v -1.174078 1.739882 0.626795
v -1.113278 1.689682 0.618895
v -1.127478 1.713182 0.656095
v -1.187778 1.760282 0.664295
v -1.070678 1.666382 0.647795
v -1.055079 1.641182 0.610495
v -1.194378 1.767882 0.696095
v -1.133579 1.721282 0.686895
v -1.076778 1.674182 0.677295
v -1.675078 1.335682 0.340895
v -1.641678 1.317182 0.329195
v -1.659978 1.378082 0.300795
v -1.622878 1.367182 0.291695
v -1.427979 1.046182 0.267995
v -1.390779 1.109782 0.217695
v -1.495078 1.141182 0.285295
v -1.463078 1.196182 0.237395
v -1.612278 1.288482 0.319895
v -1.587878 1.340982 0.283995
v -1.552279 1.301182 0.270295
v -1.578478 1.247482 0.309595
v -1.542578 1.202682 0.297995
v -1.513778 1.256182 0.254095
v -1.642478 1.440882 0.277495
v -1.603578 1.424182 0.274595
v -1.632278 1.514682 0.279695
v -1.590778 1.492082 0.279295
v -1.351178 1.180082 0.245595
v -1.317379 1.239782 0.274595
v -1.425778 1.261482 0.254295
v -1.392578 1.320182 0.279895
v -1.564278 1.397082 0.262995
v -1.546778 1.460282 0.277795
v -1.497679 1.422882 0.285295
v -1.522279 1.362082 0.263895
v -1.479178 1.319482 0.261395
v -1.448778 1.379482 0.286395
v -1.626478 1.590882 0.281095
v -1.622778 1.666682 0.283695
v -1.578279 1.640482 0.278195
v -1.583478 1.564382 0.275495
v -1.281678 1.282182 0.250895
v -1.362278 1.361182 0.253795
v -1.269478 1.306882 0.200895
v -1.351279 1.388782 0.206195
v -1.537078 1.524882 0.267695
v -1.528478 1.592482 0.263195
v -1.474978 1.532282 0.244095
v -1.485978 1.476782 0.261595
v -1.428478 1.424982 0.258595
v -1.419878 1.463182 0.218695
v -1.573278 1.807482 0.321495
v -1.625278 1.798582 0.301395
v -1.644279 1.853182 0.323195
v -1.603778 1.882682 0.350695
v -1.620078 1.741082 0.287695
v -1.574478 1.721782 0.294495
v -1.170178 1.334482 0.167895
v -1.178679 1.269382 0.167595
v -1.262079 1.359982 0.180495
v -1.252378 1.422982 0.185395
v -1.339078 1.444982 0.195695
v -1.326478 1.505582 0.204095
v -1.402278 1.520482 0.216295
v -1.385278 1.578182 0.227895
v -1.459579 1.592382 0.244995
v -1.441478 1.649582 0.255195
v -1.517578 1.661782 0.271895
v -1.503978 1.727782 0.287495
v -1.132578 1.457482 0.210295
v -1.152179 1.399482 0.180795
v -1.231078 1.481382 0.199495
v -1.208678 1.533782 0.229095
v -1.303978 1.559382 0.219795
v -1.281178 1.607482 0.249295
v -1.541478 1.837782 0.333495
v -1.487578 1.769682 0.303095
v -1.475178 1.804482 0.324195
v -1.518678 1.845482 0.342395
v -1.410278 1.743182 0.296495
v -1.424078 1.699782 0.271095
v -1.365578 1.630582 0.244795
v -1.346778 1.677882 0.270795
v -1.120378 1.501882 0.249195
v -1.196678 1.578382 0.269995
v -1.195278 1.620282 0.315895
v -1.268478 1.652282 0.288795
v -1.264678 1.694982 0.331595
v -1.333179 1.719882 0.305695
v -1.326378 1.757082 0.344395
v -1.400079 1.779982 0.328795
v -1.392179 1.809782 0.361795
v -1.472078 1.840582 0.353595
v -1.466978 1.865582 0.381295
v -1.533778 1.886082 0.368695
v -1.540378 1.929382 0.409695
v -1.571978 1.897782 0.364795
v -1.586879 1.950782 0.406195
v -1.205379 1.663482 0.364895
v -1.211879 1.705582 0.414095
v -1.269378 1.735382 0.374595
v -1.272979 1.771382 0.420195
v -1.392778 1.862082 0.426895
v -1.385578 1.831582 0.391595
v -1.445978 1.868782 0.398095
v -1.469779 1.902682 0.425595
v -1.327379 1.790282 0.382695
v -1.329778 1.821582 0.424595
v -1.592978 1.981982 0.463695
v -1.543778 1.962482 0.470995
v -1.603578 2.003382 0.519795
v -1.554278 1.981282 0.528795
v -1.212878 1.729582 0.469695
v -1.217278 1.737982 0.523095
v -1.274179 1.790882 0.475795
v -1.279279 1.796782 0.529595
v -1.482178 1.939582 0.477095
v -1.494179 1.952982 0.535395
v -1.415679 1.910582 0.536195
v -1.400779 1.893382 0.478795
v -1.333378 1.845182 0.478695
v -1.342778 1.856382 0.533495
v -1.639278 2.059282 0.654295
v -1.651578 2.054682 0.635395
v -1.632578 2.038782 0.612595
v -1.586778 2.029682 0.633295
v -1.617678 2.018782 0.571295
v -1.567678 1.999382 0.581895
v -1.221278 1.747782 0.562895
v -1.224878 1.765182 0.596895
v -1.282678 1.806182 0.569695
v -1.286178 1.822082 0.603995
v -1.503778 1.969082 0.585495
v -1.511379 1.991082 0.630895
v -1.428278 1.940982 0.621195
v -1.423678 1.924582 0.581795
v -1.347978 1.868082 0.575295
v -1.352178 1.883882 0.611495
v -1.638278 2.072282 0.683395
v -1.648278 2.084982 0.709895
v -1.603179 2.065182 0.718395
v -1.585678 2.048482 0.678795
v -1.666278 2.095582 0.724595
v -1.655378 2.090582 0.735295
v -1.235178 1.787982 0.634595
v -1.248578 1.805382 0.672295
v -1.295278 1.842982 0.641695
v -1.307978 1.858382 0.679895
v -1.516678 2.013782 0.672195
v -1.527278 2.025682 0.709895
v -1.447678 1.975682 0.698395
v -1.435978 1.961882 0.660295
v -1.360978 1.904382 0.649795
v -1.373578 1.918382 0.688495
v -1.654178 2.086882 0.752995
v -1.601178 2.060982 0.747095
v -1.456978 1.979382 0.733195
v -1.537578 2.027982 0.741295
v -1.255878 1.812482 0.704595
v -1.316178 1.864682 0.713895
v -1.382378 1.923282 0.723895
v -0.383579 1.386182 0.597795
v -0.459878 1.394782 0.606395
v -0.391378 1.378782 0.555695
v -0.468778 1.388282 0.564595
v -0.399278 1.368382 0.511195
v -0.475579 1.374182 0.517795
v -0.404878 1.351882 0.462295
v -0.480078 1.352882 0.464395
v -0.352778 1.253282 0.356395
v -0.401178 1.275482 0.376895
v -0.392278 1.217882 0.335295
v -0.471179 1.248882 0.358495
v -0.413878 1.316582 0.411395
v -0.482278 1.312282 0.411095
v -0.414878 1.159682 0.301195
v -0.479178 1.173482 0.316195
v -0.426478 1.082982 0.268395
v -0.482878 1.097782 0.278095
v -0.602378 0.663782 0.163095
v -0.609679 0.745682 0.137295
v -0.571678 0.726182 0.128895
v -0.555378 0.637882 0.160995
v -0.590278 0.811882 0.116595
v -0.622778 0.826482 0.125095
v -0.562078 0.795682 0.108495
v -0.538878 0.705782 0.120595
v -0.512478 0.614582 0.160695
v -0.547978 1.407982 0.576495
v -0.540478 1.417182 0.615495
v -0.635378 1.433982 0.589995
v -0.630478 1.444182 0.625795
v -0.551778 1.385782 0.531595
v -0.550278 1.359882 0.478495
v -0.625278 1.371282 0.499395
v -0.633078 1.404982 0.548495
v -0.548178 1.323282 0.422295
v -0.544278 1.267382 0.373795
v -0.610478 1.292582 0.392895
v -0.616879 1.339482 0.443595
v -0.540679 1.197382 0.332195
v -0.538079 1.124382 0.291095
v -0.597478 1.160582 0.303995
v -0.603578 1.230182 0.347795
v -0.493078 1.033182 0.224095
v -0.541178 1.061082 0.239295
v -0.547778 1.007982 0.191295
v -0.507879 0.977582 0.176495
v -0.590478 1.037982 0.206095
v -0.591878 1.094482 0.253795
v -0.524578 0.934382 0.149795
v -0.559978 0.964682 0.161695
v -0.573478 0.924682 0.139995
v -0.541778 0.897682 0.130795
v -0.609278 0.952882 0.148295
v -0.597978 0.994982 0.173295
v -0.519678 0.520282 0.196695
v -0.570678 0.554182 0.199196
v -0.573778 0.515182 0.276895
v -0.519478 0.478182 0.272195
v -0.627678 0.557282 0.283395
v -0.621878 0.592982 0.204695
v -0.526778 0.406082 0.279395
v -0.583978 0.438082 0.277395
v -0.598478 0.347882 0.239895
v -0.540078 0.320082 0.250796
v -0.662778 0.381982 0.234995
v -0.644778 0.475382 0.275995
v -0.576478 0.212782 0.280695
v -0.635578 0.237082 0.268995
v -0.697178 0.271682 0.263895
v -0.558178 0.855882 0.115895
v -0.587278 0.876182 0.123095
v -0.620278 0.896282 0.129095
v -0.712478 0.873482 0.136195
v -0.708978 0.955682 0.131095
v -0.658878 0.918882 0.132495
v -0.661178 0.842282 0.132695
v -0.650878 0.985782 0.153295
v -0.702478 1.031282 0.153795
v -0.764179 0.319282 0.265395
v -0.736979 0.424382 0.235295
v -0.837878 0.383882 0.267996
v -0.817478 0.481382 0.233596
v -0.715978 0.520082 0.272195
v -0.689378 0.606782 0.291595
v -0.793578 0.578082 0.263095
v -0.759979 0.665782 0.293195
v -0.678578 0.638682 0.212395
v -0.743878 0.696382 0.219195
v -0.656178 0.694282 0.166795
v -0.720178 0.738482 0.169595
v -0.711378 0.801882 0.147995
v -0.654279 0.766782 0.144795
v -0.642678 1.031482 0.181395
v -0.640079 1.076382 0.215295
v -0.696079 1.080782 0.183895
v -0.695978 1.128682 0.217895
v -0.649578 1.139182 0.259195
v -0.663878 1.208682 0.307695
v -0.711478 1.195782 0.261395
v -0.733078 1.266182 0.311495
v -0.675778 1.273782 0.354695
v -0.685879 1.330282 0.401995
v -0.748478 1.327982 0.360095
v -0.759678 1.380782 0.407795
v -0.696278 1.371582 0.453695
v -0.709178 1.404382 0.507595
v -0.772678 1.418082 0.459695
v -0.789378 1.449582 0.512495
v -0.723578 1.443582 0.556395
v -0.731278 1.479182 0.597095
v -0.808878 1.491182 0.561195
v -0.821579 1.529382 0.602595
v -0.730078 1.489382 0.632795
v -0.823278 1.539782 0.639395
v -1.006979 1.157782 0.138895
v -1.016678 1.086782 0.141695
v -1.095479 1.176682 0.155195
v -1.086778 1.244282 0.153795
v -1.044078 1.423982 0.229895
v -1.055979 1.379582 0.192795
v -0.970378 1.349282 0.213495
v -0.981578 1.304282 0.177695
v -0.994879 1.235182 0.149495
v -1.072278 1.315582 0.164595
v -0.942678 1.008782 0.135595
v -0.954578 0.952982 0.166695
v -0.934078 1.081282 0.129295
v -0.861478 1.008882 0.127895
v -0.867278 0.936982 0.137795
v -0.878578 0.880782 0.167295
v -1.088478 0.642982 0.248895
v -1.058278 0.731682 0.209795
v -0.982678 0.647182 0.212295
v -1.006178 0.558582 0.256296
v -0.921078 0.467682 0.263195
v -0.900578 0.559782 0.224095
v -1.026778 0.819882 0.246295
v -0.988278 0.901882 0.307295
v -0.913978 0.826182 0.305595
v -0.952978 0.740082 0.250795
v -0.873978 0.655382 0.259395
v -0.835878 0.743682 0.300795
v -0.970978 0.926682 0.225895
v -0.897678 0.851282 0.224795
v -0.797379 0.805282 0.169395
v -0.820179 0.770182 0.222095
v -0.786278 0.863482 0.143995
v -0.783478 0.934282 0.132495
v -0.914378 1.389182 0.298695
v -0.899078 1.327582 0.241995
v -0.933578 1.453082 0.359495
v -0.870278 1.393282 0.342195
v -0.848378 1.328282 0.283495
v -0.831978 1.264482 0.230395
v -0.901578 1.283182 0.200295
v -0.911778 1.236482 0.164495
v -0.833578 1.218082 0.190995
v -0.842479 1.169282 0.156195
v -0.778678 1.261882 0.269495
v -0.761678 1.195282 0.221995
v -0.802478 1.329482 0.324495
v -0.762178 1.146982 0.185795
v -0.769478 1.096682 0.153495
v -0.943079 1.504782 0.413895
v -0.954278 1.534882 0.468095
v -0.891878 1.488482 0.445595
v -0.881578 1.449182 0.393995
v -0.816778 1.388482 0.374495
v -0.827678 1.435282 0.424095
v -0.966378 1.551782 0.514895
v -0.979478 1.571682 0.556795
v -0.919978 1.535182 0.540495
v -0.904478 1.512482 0.494595
v -0.841079 1.466182 0.474895
v -0.857478 1.494782 0.524095
v -0.999079 1.601582 0.599495
v -1.017278 1.625682 0.638395
v -0.959178 1.594182 0.626895
v -0.940378 1.568982 0.585495
v -0.878378 1.533782 0.570995
v -0.895378 1.565782 0.613595
v -1.023878 1.631882 0.667495
v -0.965379 1.599882 0.658195
v -0.899879 1.573382 0.648495
v -0.777278 1.018582 0.129095
v -0.852578 1.092782 0.129995
v -0.923378 1.163082 0.136095
v -0.316278 0.423382 0.196695
v -0.375078 0.506782 0.137095
v -0.309078 0.339382 0.252996
v -0.325578 0.373782 0.269796
v -0.333778 0.454382 0.210596
v -0.376278 0.540582 0.146695
v -0.518878 0.187982 0.288196
v -0.484278 0.295182 0.263696
v -0.437479 0.274782 0.274796
v -0.470778 0.167682 0.293795
v -0.464078 0.491782 0.200495
v -0.470678 0.591782 0.161895
v -0.435078 0.572682 0.163795
v -0.455178 0.451782 0.285195
v -0.416978 0.478482 0.215095
v -0.392478 0.431482 0.299895
v -0.377779 0.467882 0.218496
v -0.398778 0.562582 0.161295
v -0.352878 0.403182 0.286495
v -0.354079 0.234282 0.286396
v -0.399978 0.131582 0.292396
v -0.417878 0.141882 0.294795
v -0.377978 0.247282 0.284295
v -0.466478 0.378582 0.290395
v -0.411178 0.355182 0.302695
v -0.439978 0.152882 0.294996
v -0.403678 0.259282 0.279995
v -0.369879 0.337982 0.313395
v -0.329679 0.324482 0.323296
v -0.293078 0.311682 0.321496
v -0.515378 0.751382 0.093895
v -0.486279 0.659082 0.110395
v -0.508978 0.682082 0.113295
v -0.535978 0.774782 0.100695
v -0.491078 0.704382 0.086795
v -0.456079 0.619182 0.105495
v -0.469678 0.640182 0.109895
v -0.502278 0.727982 0.089695
v -0.478578 0.729182 0.084596
v -0.481879 0.679782 0.087295
v -0.486778 0.756282 0.089495
v -0.464478 0.784982 0.095695
v -0.454479 0.591782 0.105895
v -0.488578 0.839982 0.111395
v -0.510478 0.807782 0.100396
v -0.531778 0.832582 0.107895
v -0.512378 0.868982 0.120896
v -0.496578 0.782382 0.094395
v -0.473678 0.811982 0.103195
v -0.339679 0.991982 0.212595
v -0.392879 0.993082 0.202495
v -0.415978 0.903282 0.141295
v -0.489178 0.899182 0.136495
v -0.458978 0.864182 0.123295
v -0.465379 0.941782 0.160095
v -0.444078 1.008682 0.209495
v -0.439378 0.834282 0.111196
vn -0.9425 -0.1721 0.2866
vn -0.9033 -0.0136 0.4289
vn -0.7874 -0.1768 0.5905
vn -0.8098 -0.2789 0.5162
vn -0.7430 0.3743 0.5549
vn -0.7488 0.2976 0.5922
vn -0.7154 0.2388 0.6567
vn -0.6700 -0.2167 0.7100
vn -0.6647 -0.2832 0.6914
vn -0.4427 -0.2834 0.8507
vn -0.5615 -0.2612 0.7852
vn -0.5373 -0.2104 0.8167
vn -0.3164 -0.2947 0.9017
vn -0.5822 0.1460 0.7998
vn -0.4148 0.0688 0.9073
vn -0.6794 -0.5715 0.4602
vn -0.5860 -0.5059 0.6330
vn -0.3153 -0.8456 0.4307
vn -0.3411 -0.8976 0.2793
vn -0.3845 -0.9171 0.1048
vn -0.7825 -0.5983 0.1724
vn -0.4904 -0.4287 0.7587
vn -0.3023 -0.7240 0.6200
vn -0.3784 -0.3332 0.8636
vn -0.2937 -0.6023 0.7423
vn -0.2063 -0.3648 0.9079
vn -0.1902 -0.5841 0.7891
vn -0.3251 -0.1293 0.9368
vn -0.2751 -0.4913 0.8264
vn -0.7030 0.4916 0.5139
vn -0.4504 0.7809 0.4329
vn -0.4481 0.7792 0.4382
vn -0.4808 0.6816 0.5515
vn -0.5956 0.5407 0.5940
vn -0.4675 0.7631 0.4462
vn -0.4344 0.8054 0.4032
vn -0.4186 0.7798 0.4654
vn -0.5216 0.7372 0.4295
vn -0.5521 0.6686 0.4981
vn -0.4641 0.7113 0.5278
vn -0.4807 0.5904 0.6484
vn -0.5299 0.5854 0.6136
vn -0.4704 0.5095 0.7205
vn -0.4516 0.5139 0.7293
vn -0.4871 0.5042 0.7131
vn -0.4899 0.5191 0.7004
vn -0.4936 0.3384 0.8012
vn -0.3950 -0.0432 0.9177
vn -0.4462 0.4362 0.7814
vn -0.0320 -0.9821 0.1854
vn 0.0040 -0.9864 0.1645
vn 0.0171 -0.9899 0.1408
vn 0.0021 -0.9916 0.1295
vn -0.1286 -0.9559 0.2640
vn -0.0453 -0.9393 0.3401
vn -0.1440 -0.8956 0.4210
vn -0.0339 -0.7917 0.6100
vn -0.1297 -0.7813 0.6105
vn 0.0370 -0.6148 0.7878
vn -0.1564 -0.6156 0.7724
vn -0.0335 -0.5181 0.8547
vn -0.3348 -0.2130 0.9179
vn -0.1099 -0.4106 0.9052
vn -0.2459 -0.0155 0.9692
vn -0.0988 -0.3199 0.9423
vn -0.3862 0.5104 0.7683
vn -0.1869 0.1265 0.9742
vn -0.3635 0.5904 0.7206
vn 0.0185 -0.2140 0.9767
vn -0.0205 0.2991 0.9540
vn 0.2224 -0.1182 0.9678
vn -0.3110 0.6737 0.6704
vn -0.3356 0.7295 0.5960
vn -0.0003 0.3817 0.9243
vn 0.3040 -0.1032 0.9471
vn 0.1295 -0.5359 0.8343
vn 0.2462 -0.2829 0.9270
vn -0.1424 0.2341 0.9617
vn -0.3472 -0.0363 0.9371
vn -0.5051 0.6533 0.5641
vn -0.6998 0.4806 0.5285
vn -0.5111 0.7942 0.3287
vn -0.6217 0.6706 0.4047
vn -0.4534 0.7832 0.4256
vn -0.4222 0.8093 0.4084
vn -0.7421 0.4814 0.4665
vn -0.6772 0.5297 0.5107
vn -0.4366 0.7884 0.4333
vn -0.6253 0.5414 0.5620
vn -0.4655 0.7424 0.4818
vn -0.4475 0.6545 0.6094
vn -0.6394 0.4214 0.6432
vn -0.5660 0.2775 0.7763
vn -0.4139 0.5292 0.7407
vn -0.3746 0.4213 0.8259
vn -0.4479 0.2192 0.8668
vn -0.3476 0.1929 0.9176
vn -0.4031 0.3297 0.8537
vn -0.3244 0.1641 0.9316
vn -0.3782 0.1026 0.9200
vn -0.4408 0.3051 0.8442
vn -0.4921 0.3407 0.8011
vn -0.4166 0.0400 0.9082
vn -0.4491 0.0660 0.8910
vn -0.4524 0.4323 0.7801
vn -0.4604 0.4824 0.7452
vn -0.4431 0.5407 0.7151
vn -0.4922 0.1285 0.8609
vn -0.4825 0.2308 0.8450
vn -0.4153 0.6197 0.6659
vn -0.4465 0.6618 0.6022
vn -0.4520 0.3734 0.8101
vn -0.4534 0.4562 0.7657
vn -0.5906 0.6170 0.5201
vn -0.5091 0.4254 0.7482
vn -0.7238 0.5025 0.4729
vn -0.5556 0.3091 0.7719
vn -0.8662 0.0382 0.4983
vn -0.8415 -0.0483 0.5382
vn -0.6758 -0.6961 0.2423
vn -0.7158 -0.6504 0.2543
vn -0.6480 -0.7349 0.1999
vn -0.8250 -0.1327 0.5493
vn -0.8012 -0.2555 0.5411
vn -0.6535 -0.7442 0.1382
vn -0.6438 -0.7387 0.1997
vn -0.7030 -0.3175 0.6363
vn -0.0527 -0.8765 0.4785
vn -0.2882 -0.4027 0.8688
vn -0.5026 -0.3335 0.7976
vn -0.4619 -0.7075 0.5349
vn -0.4994 -0.7733 0.3906
vn -0.1218 -0.9241 0.3623
vn -0.6014 -0.7893 0.1238
vn -0.3819 -0.9086 0.1693
vn -0.1663 -0.3756 0.9117
vn 0.1037 -0.8898 0.4445
vn 0.1053 -0.8153 0.5694
vn -0.1624 -0.3653 0.9166
vn -0.1957 -0.4181 0.8871
vn -0.2954 -0.4316 0.8523
vn 0.0533 -0.7759 0.6286
vn -0.0261 -0.8026 0.5959
vn -0.3643 -0.4040 0.8391
vn -0.3560 -0.3223 0.8772
vn -0.0528 -0.8307 0.5542
vn 0.0144 -0.8314 0.5554
vn 0.2640 -0.7201 0.6417
vn -0.1930 -0.0975 0.9763
vn -0.2843 -0.2055 0.9364
vn 0.1436 -0.7958 0.5883
vn 0.0467 -0.6822 0.7296
vn -0.0479 -0.5440 0.8377
vn 0.0344 -0.4007 0.9156
vn 0.1422 -0.7036 0.6962
vn 0.1040 -0.3035 0.9471
vn 0.2799 -0.7045 0.6521
vn 0.0802 -0.9794 0.1852
vn 0.1059 -0.9534 0.2825
vn 0.1922 -0.9587 0.2098
vn 0.1336 -0.9664 0.2197
vn 0.2873 -0.9495 0.1264
vn 0.1714 -0.9662 0.1928
vn 0.0390 -0.2453 0.9687
vn 0.2417 -0.7333 0.6355
vn -0.0831 -0.2324 0.9691
vn 0.0581 -0.7828 0.6196
vn 0.2955 -0.9537 0.0560
vn 0.1367 -0.9824 0.1270
vn 0.2361 -0.9715 0.0225
vn 0.1278 -0.9861 0.1065
vn 0.0505 -0.9325 0.3577
vn 0.0559 -0.9346 0.3514
vn 0.0190 -0.9403 0.3399
vn 0.0639 -0.9314 0.3585
vn 0.0156 -0.9251 0.3794
vn 0.0936 -0.9002 0.4254
vn -0.1201 -0.2620 0.9576
vn -0.0423 -0.7924 0.6085
vn 0.0204 -0.2937 0.9557
vn 0.0840 -0.7977 0.5971
vn 0.2223 -0.9588 0.1769
vn 0.0294 -0.9084 0.4170
vn 0.0116 -0.9137 0.4063
vn 0.1731 -0.9752 0.1380
vn 0.0255 -0.8900 0.4553
vn 0.0075 -0.8869 0.4620
vn 0.1975 -0.9796 0.0365
vn 0.2271 -0.9723 0.0562
vn 0.2545 -0.3082 0.9166
vn 0.3199 -0.7845 0.5313
vn 0.3991 -0.3886 0.8305
vn 0.4636 -0.7977 0.3857
vn 0.4181 -0.5901 0.6906
vn 0.5296 -0.8198 0.2177
vn 0.3830 -0.7415 0.5508
vn 0.5995 -0.7875 0.1433
vn 0.3404 -0.9380 0.0657
vn 0.2861 -0.9361 0.2045
vn 0.4367 -0.8982 0.0501
vn 0.2963 -0.9350 0.1949
vn 0.0647 -0.9025 0.4258
vn 0.0177 -0.8796 0.4754
vn 0.0607 -0.9021 0.4273
vn -0.0240 -0.8804 0.4737
vn 0.5019 -0.8646 0.0243
vn 0.2952 -0.9377 0.1830
vn 0.5989 -0.8008 0.0050
vn 0.3765 -0.9080 0.1837
vn 0.0583 -0.9021 0.4275
vn -0.0189 -0.8886 0.4583
vn 0.1070 -0.9002 0.4220
vn 0.0513 -0.8870 0.4589
vn 0.6242 -0.7799 -0.0467
vn 0.4166 -0.8990 0.1354
vn 0.5828 -0.8067 0.0976
vn 0.4224 -0.9064 0.0064
vn 0.5286 -0.8373 -0.1397
vn 0.3543 -0.9346 0.0321
vn 0.1076 -0.9141 0.3910
vn 0.0208 -0.8845 0.4661
vn 0.0435 -0.9391 0.3408
vn -0.0785 -0.8843 0.4603
vn 0.0643 -0.9387 0.3387
vn -0.0440 -0.8705 0.4902
vn 0.3123 -0.9499 -0.0133
vn 0.3506 -0.9351 0.0513
vn 0.1256 -0.9113 0.3920
vn 0.0180 -0.8623 0.5061
vn 0.3944 -0.9077 0.1434
vn 0.1760 -0.8866 0.4277
vn 0.1429 -0.9012 0.4092
vn 0.3790 -0.9205 0.0948
vn 0.0531 -0.8667 0.4959
vn 0.0765 -0.8515 0.5187
vn 0.2190 -0.8821 0.4170
vn 0.0816 -0.8325 0.5480
vn 0.3947 -0.8969 0.1994
vn 0.4399 -0.8601 0.2583
vn 0.3286 -0.8377 0.4363
vn 0.2098 -0.7885 0.5781
vn -0.2742 -0.9617 -0.0040
vn 0.1440 -0.9747 0.1709
vn 0.3524 -0.9340 -0.0586
vn 0.0051 -0.9723 -0.2336
vn 0.4263 -0.9045 0.0111
vn 0.2660 -0.9517 0.1532
vn 0.2710 -0.9624 0.0189
vn 0.3292 -0.9392 -0.0976
vn 0.2705 -0.9597 -0.0759
vn 0.2344 -0.9610 0.1465
vn 0.2195 -0.9251 0.3099
vn 0.3103 -0.9504 0.0228
vn 0.3218 -0.9438 0.0754
vn 0.1773 -0.9243 0.3380
vn 0.1877 -0.9426 0.2762
vn 0.3342 -0.9411 0.0508
vn 0.3758 -0.9263 0.0259
vn 0.2711 -0.9384 0.2141
vn 0.2762 -0.9565 0.0938
vn 0.2528 -0.9497 0.1850
vn -0.0608 -0.8212 0.5674
vn -0.0151 -0.8575 0.5142
vn -0.0955 -0.7315 0.6751
vn 0.2262 -0.9262 0.3017
vn -0.2808 -0.7400 0.6111
vn -0.0329 -0.9061 0.4217
vn 0.0258 -0.8968 0.4416
vn -0.2204 -0.7374 0.6384
vn 0.1324 -0.8571 0.4979
vn -0.0934 -0.7378 0.6685
vn 0.0033 -0.8796 0.4756
vn -0.2681 -0.7587 0.5937
vn 0.0251 -0.8836 0.4676
vn -0.1439 -0.7671 0.6252
vn 0.0685 -0.8644 0.4982
vn -0.0400 -0.7533 0.6565
vn -0.0770 -0.8732 0.4813
vn -0.3100 -0.7374 0.6001
vn -0.0955 -0.8802 0.4649
vn -0.3567 -0.7213 0.5938
vn 0.0400 -0.8689 0.4934
vn -0.1490 -0.7252 0.6722
vn 0.0216 -0.8492 0.5276
vn -0.1184 -0.7093 0.6949
vn -0.1280 -0.8345 0.5360
vn -0.2795 -0.6733 0.6845
vn -0.0998 -0.8093 0.5788
vn -0.2612 -0.6442 0.7188
vn -0.0859 -0.8189 0.5675
vn -0.2925 -0.6296 0.7198
vn -0.0247 -0.7954 0.6056
vn -0.2007 -0.5847 0.7860
vn -0.0725 -0.7439 0.6643
vn -0.2614 -0.5469 0.7953
vn -0.1278 -0.6772 0.7246
vn -0.2884 -0.4932 0.8207
vn -0.0248 -0.6438 0.7648
vn -0.2421 -0.4862 0.8397
vn -0.5501 0.0425 0.8340
vn -0.2981 -0.4742 0.8284
vn -0.3384 -0.4589 0.8215
vn -0.5623 0.0489 0.8255
vn -0.1226 -0.7624 0.6354
vn -0.0333 -0.7683 0.6392
vn -0.5330 -0.4124 0.7388
vn -0.6949 0.1138 0.7101
vn -0.5271 -0.3976 0.7510
vn -0.7308 0.1337 0.6694
vn -0.4440 -0.4134 0.7950
vn -0.7142 0.1004 0.6927
vn -0.5808 -0.4192 0.6978
vn -0.7910 0.0756 0.6071
vn -0.3854 -0.4870 0.7837
vn -0.6267 -0.0225 0.7790
vn -0.2153 -0.5224 0.8251
vn -0.4463 -0.0925 0.8901
vn -0.4960 -0.4636 0.7342
vn -0.5987 -0.0280 0.8005
vn -0.6025 -0.4045 0.6880
vn -0.7360 0.0536 0.6749
vn -0.3984 -0.4350 0.8075
vn -0.5927 0.0338 0.8047
vn -0.3365 -0.4324 0.8366
vn -0.5514 0.0578 0.8322
vn -0.4655 -0.3625 0.8074
vn -0.6338 0.1148 0.7649
vn -0.4919 -0.3186 0.8102
vn -0.6839 0.1416 0.7157
vn -0.4954 -0.2804 0.8222
vn -0.6566 0.1426 0.7406
vn -0.4566 -0.2614 0.8504
vn -0.6927 0.1198 0.7113
vn -0.4765 -0.2754 0.8349
vn -0.6812 0.0745 0.7283
vn -0.5788 0.7894 0.2046
vn -0.7901 0.4865 0.3729
vn -0.6493 0.5410 0.5346
vn -0.4607 0.8465 0.2669
vn -0.6522 0.0399 0.7570
vn -0.8406 0.0388 0.5402
vn -0.5962 0.5605 0.5749
vn -0.4316 0.8676 0.2469
vn -0.5961 0.5832 0.5518
vn -0.4298 0.8818 0.1943
vn -0.6634 0.6109 0.4321
vn -0.4860 0.8668 0.1118
vn -0.7012 0.6081 0.3723
vn -0.5167 0.8527 0.0772
vn -0.6983 0.5874 0.4091
vn -0.5226 0.8461 0.1052
vn -0.7312 0.5668 0.3795
vn -0.5185 0.8480 0.1099
vn -0.6721 0.5426 0.5038
vn -0.4695 0.8668 0.1682
vn -0.5670 0.5209 0.6381
vn -0.4416 0.8700 0.2194
vn -0.5932 0.5485 0.5893
vn -0.4825 0.8564 0.1839
vn -0.6772 0.5676 0.4682
vn -0.5028 0.8515 0.1484
vn -0.6153 0.5637 0.5511
vn -0.4772 0.8597 0.1823
vn -0.6265 0.5700 0.5316
vn -0.5442 0.8305 0.1190
vn -0.6962 0.5635 0.4447
vn -0.5925 0.8046 0.0399
vn -0.7337 0.5446 0.4064
vn -0.5950 0.8035 -0.0201
vn -0.7322 0.5318 0.4255
vn -0.6002 0.7978 -0.0566
vn -0.7807 0.4798 0.4003
vn -0.6509 0.7560 -0.0694
vn -0.7940 0.4342 0.4255
vn -0.7248 0.6874 -0.0459
vn -0.5555 0.6711 0.4909
vn -0.5053 0.6267 0.5933
vn -0.3498 0.0675 0.9344
vn -0.4681 0.1526 0.8704
vn -0.5249 0.5322 0.6642
vn -0.2771 -0.1292 0.9521
vn -0.9160 0.1899 0.3534
vn -0.7304 0.3384 0.5933
vn -0.9554 -0.1101 0.2740
vn -0.6740 -0.2357 0.7002
vn -0.7641 -0.6389 0.0892
vn -0.2837 -0.9589 -0.0009
vn -0.0665 -0.9953 0.0701
vn -0.4152 -0.8337 0.3640
vn 0.1635 -0.9741 0.1559
vn 0.1998 -0.9166 0.3463
vn 0.2357 -0.9225 0.3056
vn 0.1944 -0.9588 0.2072
vn 0.2047 -0.8697 0.4491
vn -0.0680 -0.7210 0.6896
vn -0.5139 0.4715 0.7166
vn -0.4550 0.0145 0.8904
vn 0.0617 -0.6602 0.7485
vn -0.3044 -0.4448 0.8423
vn -0.5101 0.7481 0.4244
vn -0.6277 0.6047 0.4903
vn -0.6703 0.6553 0.3482
vn -0.6043 0.7335 0.3111
vn -0.7681 0.3767 0.5178
vn -0.7136 0.3723 0.5935
vn -0.8205 0.3665 0.4388
vn -0.7234 0.6525 0.2256
vn -0.6857 0.6973 0.2088
vn -0.7398 0.6479 0.1813
vn -0.7251 0.6698 0.1600
vn -0.8497 0.3438 0.3998
vn -0.8815 0.3178 0.3491
vn -0.7711 0.6229 0.1320
vn -0.7811 0.6175 0.0926
vn -0.8340 0.5500 0.0438
vn -0.8391 0.5436 -0.0196
vn -0.9255 0.2637 0.2720
vn -0.9557 0.1931 0.2220
vn -0.8886 0.4587 -0.0068
vn -0.8619 0.4975 -0.0984
vn -0.8903 0.4416 0.1110
vn -0.8554 0.5180 -0.0032
vn -0.9373 0.1948 0.2891
vn -0.8686 0.2831 0.4066
vn -0.8405 0.4600 0.2864
vn -0.8340 0.5292 0.1562
vn -0.7442 0.6580 0.1154
vn -0.8353 0.5440 0.0797
vn -0.8487 0.4730 -0.2365
vn -0.7314 0.6271 -0.2678
vn -0.9018 0.4319 -0.0159
vn -0.8355 0.1505 -0.5285
vn -0.6541 0.2670 -0.7078
vn -0.5368 0.4267 -0.7278
vn -0.9988 -0.0397 -0.0274
vn -0.9612 0.0993 -0.2575
vn -0.8847 0.4034 0.2337
vn -0.8742 0.2883 0.3907
vn -0.6750 0.6102 0.4148
vn -0.6142 0.7110 0.3423
vn -0.6201 0.5579 0.5516
vn -0.7005 0.3069 0.6442
vn -0.5295 0.0704 0.8454
vn -0.6538 -0.0526 0.7549
vn -0.7318 0.5284 0.4304
vn -0.7489 0.4868 0.4497
vn -0.6704 0.6392 0.3769
vn -0.6912 0.6255 0.3620
vn -0.4235 -0.9058 -0.0137
vn -0.3971 -0.9176 -0.0161
vn -0.4016 -0.9145 -0.0497
vn -0.3918 -0.9139 -0.1062
vn -0.4558 -0.8900 -0.0071
vn -0.4311 -0.9006 -0.0549
vn -0.5244 -0.8466 -0.0903
vn -0.5305 -0.8476 0.0060
vn -0.6107 -0.7854 -0.1006
vn -0.4716 -0.8737 -0.1193
vn -0.5954 -0.7977 -0.0954
vn -0.3638 -0.8909 -0.2720
vn -0.8824 0.0053 0.4705
vn -0.6746 -0.7126 0.1927
vn -0.9125 -0.1063 0.3950
vn -0.4954 -0.8592 0.1278
vn -0.8027 0.0256 0.5958
vn -0.7343 -0.2132 0.6444
vn -0.7111 -0.3971 0.5802
vn -0.8597 0.1414 0.4909
vn -0.7403 -0.1221 0.6611
vn -0.7177 -0.1908 0.6697
vn -0.9114 0.0292 0.4104
vn -0.7015 -0.6409 0.3117
vn -0.4754 -0.8777 -0.0600
vn -0.3355 -0.9407 -0.0501
vn -0.5414 -0.8133 0.2130
vn -0.5590 -0.7867 0.2620
vn -0.5576 -0.2271 0.7984
vn -0.6297 -0.2005 0.7505
vn -0.4875 -0.2156 0.8461
vn -0.5734 -0.7395 0.3525
vn -0.3967 -0.8756 0.2755
vn -0.4313 -0.8706 0.2365
vn -0.6200 -0.2290 0.7505
vn -0.5847 -0.2128 0.7828
vn -0.5328 -0.7200 0.4447
vn -0.5782 0.0044 0.8159
vn -0.6147 -0.3854 0.6882
vn -0.5301 0.3388 0.7773
vn -0.5970 -0.0188 0.8020
vn -0.4150 0.5250 0.7431
vn -0.5829 0.0132 0.8124
vn -0.5309 0.4837 0.6958
vn -0.5693 -0.0774 0.8185
vn -0.5913 0.3349 0.7336
vn -0.6250 -0.1725 0.7614
vn -0.6296 0.1467 0.7629
vn -0.5567 0.2266 0.7992
vn -0.3757 0.6107 0.6970
vn -0.4735 0.5523 0.6861
vn -0.6973 0.1472 0.7015
vn -0.6795 0.3154 0.6624
vn -0.8182 -0.0293 0.5742
vn -0.3798 0.2053 0.9020
vn -0.3710 0.4722 0.7996
vn -0.3559 0.5580 0.7497
vn -0.4471 0.2310 0.8641
vn -0.4460 0.1518 0.8821
vn -0.4015 0.3261 0.8558
vn -0.4164 0.3952 0.8188
vn -0.3877 0.1696 0.9060
vn -0.2402 0.2489 0.9383
vn -0.3025 0.2436 0.9215
vn -0.4191 0.1827 0.8894
vn -0.3527 0.2431 0.9036
vn -0.7273 0.1226 0.6753
vn -0.6796 0.0901 0.7280
vn -0.7107 -0.0415 0.7022
vn -0.7365 0.0757 0.6722
vn -0.7493 -0.0345 0.6614
vn -0.7687 0.0855 0.6338
vn -0.7046 0.2389 0.6681
vn -0.7572 0.1815 0.6275
vn -0.7242 0.0866 0.6841
vn -0.6945 0.0752 0.7156
vn -0.7776 0.0442 0.6272
vn -0.8051 0.1184 0.5812
vn -0.6846 -0.1735 0.7079
vn -0.7312 -0.0018 0.6821
vn -0.7180 0.0032 0.6960
vn -0.6790 -0.1266 0.7232
vn -0.7424 -0.0405 0.6687
vn -0.6958 -0.1825 0.6947
vn -0.6667 -0.1700 0.7257
vn -0.6884 -0.0738 0.7216
vn -0.7330 -0.0937 0.6737
vn -0.7563 -0.0730 0.6502
vn -0.6793 -0.1354 0.7212
vn -0.7535 -0.1191 0.6466
vn -0.7941 0.0205 0.6074
vn -0.8381 0.0674 0.5413
vn -0.8053 -0.0274 0.5923
vn -0.8177 -0.1193 0.5632
vn -0.8694 0.0251 0.4934
vn -0.8002 0.0075 0.5996
vn -0.8208 -0.0475 0.5692
vn -0.7994 -0.1339 0.5856
vn -0.7499 -0.1362 0.6474
vn -0.7439 -0.1597 0.6490
vn -0.7487 -0.2475 0.6149
vn -0.4657 -0.2822 0.8387
vn -0.2058 -0.4365 0.8759
vn -0.2667 -0.6042 0.7509
vn -0.5646 -0.3812 0.7321
vn -0.9037 -0.0267 0.4272
vn -0.8476 -0.1803 0.4990
vn -0.8544 -0.2513 0.4547
vn -0.9275 -0.0743 0.3665
vn -0.7524 -0.2497 0.6096
vn -0.5932 -0.4339 0.6782
vn -0.7483 -0.3069 0.5882
vn -0.8107 -0.2071 0.5476
vn -0.7806 -0.3005 0.5481
vn -0.7360 -0.3966 0.5486
vn -0.8009 -0.3190 0.5067
vn -0.9173 -0.0711 0.3919
vn -0.8736 0.0290 0.4858
vn -0.7402 -0.2984 0.6025
vn 0.0088 -0.5523 0.8336
vn 0.1342 -0.6388 0.7576
vn 0.0692 -0.6838 0.7264
vn -0.0557 -0.7132 0.6987
vn -0.4489 -0.5303 0.7192
vn -0.3354 -0.4596 0.8224
vn -0.4942 -0.4118 0.7656
vn -0.6392 -0.4027 0.6552
vn -0.6214 -0.5018 0.6017
vn -0.4909 -0.5334 0.6888
vn -0.8437 0.0983 0.5278
vn -0.9143 -0.2272 0.3354
vn -0.6120 -0.2830 0.7385
vn -0.5491 -0.5072 0.6643
vn 0.1742 -0.7746 0.6080
vn 0.1165 -0.8907 0.4395
vn -0.1251 -0.7152 0.6876
vn 0.0181 -0.6529 0.7572
vn -0.2424 -0.5374 0.8077
vn -0.1352 -0.7357 0.6636
vn -0.2735 -0.4017 0.8740
vn -0.2667 -0.6251 0.7336
vn -0.3100 -0.3546 0.8821
vn -0.4103 -0.5018 0.7615
vn -0.3878 -0.4692 0.7934
vn -0.0516 -0.7791 0.6248
vn -0.6369 -0.4502 0.6258
vn -0.2621 -0.7817 0.5659
vn -0.0795 -0.7451 0.6622
vn 0.0362 -0.7488 0.6618
vn 0.1515 -0.9087 0.3891
vn -0.0713 -0.8973 0.4357
vn 0.1798 -0.9068 0.3814
vn 0.1393 -0.8940 0.4260
vn 0.0761 -0.9125 0.4020
vn 0.2869 -0.9333 0.2158
vn 0.2810 -0.9289 0.2414
vn 0.1675 -0.9445 0.2827
vn 0.0883 -0.9283 0.3613
vn 0.0564 -0.9337 0.3536
vn 0.0841 -0.9615 0.2617
vn 0.2257 -0.9411 0.2517
vn 0.1363 -0.9385 0.3172
vn 0.3606 -0.9209 0.1480
vn 0.3325 -0.9273 0.1719
vn 0.0518 -0.9020 0.4287
vn -0.4706 -0.7767 0.4187
vn -0.1611 -0.3107 0.9368
vn 0.3648 -0.6420 0.6743
vn -0.1997 -0.9494 0.2422
vn 0.0868 0.1398 0.9864
vn 0.6284 -0.2187 0.7465
vn 0.0685 -0.0276 0.9973
vn 0.5681 -0.4964 0.6564
vn 0.3377 -0.9100 0.2406
vn -0.5963 -0.4987 0.6291
vn -0.0759 -0.5850 0.8075
vn -0.0392 -0.9985 0.0373
vn -0.5229 -0.4068 0.7491
vn -0.5787 -0.4571 0.6754
vn -0.2279 -0.9270 0.2980
vn -0.1558 -0.9669 0.2020
vn -0.4611 -0.3672 0.8078
vn -0.4630 -0.3775 0.8020
vn -0.2715 -0.8988 0.3442
vn -0.3007 -0.8864 0.3520
vn -0.5128 -0.3533 0.7825
vn -0.3306 -0.8733 0.3577
vn -0.6045 -0.3231 0.7282
vn -0.3975 -0.8426 0.3633
vn -0.7274 -0.3028 0.6158
vn -0.5083 -0.7981 0.3234
vn -0.8122 -0.3811 0.4417
vn -0.4943 -0.8586 0.1361
vn -0.0092 -0.9963 -0.0849
vn -0.1092 -0.9937 -0.0264
vn -0.0518 -0.9940 -0.0965
vn 0.1068 -0.9868 -0.1221
vn 0.1124 -0.9495 -0.2928
vn -0.0207 -0.9828 -0.1833
vn 0.0016 -0.9896 -0.1441
vn 0.1245 -0.9700 -0.2087
vn 0.2810 -0.9012 -0.3298
vn 0.0804 -0.9760 -0.2025
vn 0.0118 -0.9801 -0.1981
vn 0.1568 -0.9309 -0.3299
vn 0.2004 -0.9595 -0.1980
vn 0.3290 -0.9235 -0.1971
vn 0.4119 -0.8497 -0.3292
vn 0.4838 -0.8148 -0.3193
vn 0.5409 -0.7990 -0.2628
vn 0.6135 -0.7833 -0.1002
vn 0.7750 -0.5856 0.2376
vn 0.5351 -0.8413 -0.0764
vn 0.7499 -0.5059 0.4262
vn 0.4671 -0.8292 0.3071
vn 0.6065 -0.7951 -0.0046
vn 0.5352 -0.8400 -0.0893
vn 0.1259 -0.9920 -0.0087
vn 0.4984 -0.8520 -0.1601
vn 0.4527 -0.8427 -0.2915
vn -0.0227 -0.9567 -0.2903
vn 0.0736 -0.9010 -0.4275
vn 0.4274 -0.7947 -0.4311
vn 0.4520 -0.7801 -0.4326
vn 0.3449 -0.8500 -0.3982
vn 0.5052 -0.8117 -0.2932
vn 0.4662 -0.8032 -0.3709
vn 0.4092 -0.8608 -0.3027
vn 0.5026 -0.8451 -0.1824
vn 0.3070 -0.9391 -0.1544
vn 0.1362 -0.9601 -0.2444
vn -0.2423 -0.9666 0.0835
vn 0.1874 -0.9823 -0.0077
vn 0.2525 -0.9643 0.0798
vn -0.0688 -0.8768 0.4759
vn -0.4233 -0.3579 0.8323
vn -0.7398 -0.3774 0.5570
vn -0.8749 0.0163 0.4841
vn -0.6194 -0.4895 0.6138
vn -0.6712 -0.2398 0.7015
vn -0.8945 -0.0715 0.4413
vn -0.6308 -0.2980 0.7165
vn -0.7154 -0.6412 0.2777
vn -0.2744 -0.7380 0.6165
vn -0.1751 -0.7376 0.6522
vn 0.0465 -0.8232 0.5659
vn -0.1277 -0.7441 0.6558
vn -0.1676 -0.7538 0.6354
vn -0.0423 -0.9031 0.4274
vn -0.1510 -0.8295 0.5377
vn -0.1887 -0.6841 0.7046
vn -0.1957 -0.5999 0.7758
vn -0.1267 -0.5809 0.8040
vn -0.1862 -0.6927 0.6968
vn -0.2482 -0.5347 0.8078
vn -0.1790 -0.4603 0.8695
vn -0.1354 -0.3525 0.9260
vn -0.1380 -0.1550 0.9782
vn -0.0410 -0.1053 0.9936
vn 0.0112 0.0561 0.9984
vn -0.2506 -0.2072 0.9457
vn 0.0203 0.1946 0.9807
vn 0.0550 -0.1058 0.9929
vn 0.3806 -0.9061 0.1849
vn 0.4338 -0.8995 0.0521
vn 0.4949 -0.8627 0.1037
vn 0.4644 -0.8645 0.1923
vn 0.2112 -0.8440 0.4930
vn 0.2418 -0.7056 0.6661
vn 0.3575 -0.6168 0.7013
vn 0.5659 -0.8180 0.1031
vn 0.4494 -0.6148 0.6481
vn 0.6239 -0.7792 0.0595
vn -0.1488 -0.0942 0.9844
vn 0.3311 -0.6687 0.6658
vn 0.3647 -0.7477 0.5549
vn -0.1773 -0.1917 0.9653
vn 0.5326 -0.8191 0.2130
vn 0.5786 -0.8032 0.1417
vn 0.6341 -0.7709 0.0599
vn 0.6240 -0.7813 0.0154
vn 0.5792 -0.8135 0.0518
vn 0.5668 -0.8229 0.0400
vn 0.1218 -0.2189 0.9681
vn 0.4248 -0.6195 0.6602
vn 0.3070 -0.7008 0.6439
vn 0.0182 -0.4042 0.9145
vn -0.0936 -0.6172 0.7812
vn -0.3579 -0.0883 0.9296
vn -0.2838 -0.1682 0.9440
vn 0.0852 -0.7283 0.6800
vn -0.7149 -0.3993 0.5741
vn -0.5943 -0.1997 0.7791
vn -0.6690 0.2025 0.7151
vn -0.8078 -0.2600 0.5290
vn -0.6232 0.3036 0.7207
vn -0.5533 -0.1684 0.8158
vn -0.5798 0.4617 0.6713
vn -0.6236 0.3298 0.7088
vn -0.4872 0.4129 0.7695
vn -0.5490 0.4105 0.7281
vn -0.0900 -0.8573 0.5069
vn -0.5127 -0.1859 0.8382
vn -0.7096 -0.1286 0.6928
vn -0.2786 -0.8070 0.5208
vn -0.6446 0.4979 0.5802
vn -0.7059 0.4943 0.5073
vn -0.6965 0.4430 0.5645
vn -0.7227 0.4558 0.5196
vn -0.7256 0.2309 0.6482
vn -0.7493 0.2018 0.6307
vn -0.5969 -0.2519 0.7618
vn -0.6088 -0.2790 0.7427
vn -0.3093 -0.6507 0.6935
vn -0.6239 -0.0649 0.7788
vn -0.3203 -0.5602 0.7639
vn -0.5617 -0.0944 0.8219
vn -0.6341 0.5550 0.5383
vn -0.6033 0.5607 0.5671
vn -0.6426 0.5794 0.5014
vn -0.5589 0.6411 0.5259
vn -0.6763 0.2725 0.6844
vn -0.5426 0.3120 0.7799
vn -0.5109 -0.2378 0.8261
vn -0.3701 -0.1805 0.9113
vn -0.6612 -0.6308 0.4061
vn -0.4468 -0.5744 0.6859
vn -0.3574 -0.7863 0.5040
vn -0.6032 -0.7475 0.2781
vn -0.1194 -0.7335 0.6691
vn -0.3025 -0.5732 0.7616
vn -0.3180 -0.6509 0.6893
vn -0.0993 -0.7857 0.6106
vn -0.1317 -0.8504 0.5094
vn -0.3568 -0.6577 0.6634
vn -0.2897 -0.5961 0.7488
vn -0.0872 -0.8297 0.5513
vn -0.0307 -0.7289 0.6839
vn -0.2170 -0.4794 0.8504
vn -0.2360 -0.4028 0.8843
vn -0.3701 -0.1206 0.9211
vn -0.0431 -0.6534 0.7558
vn -0.0756 -0.6210 0.7802
vn -0.2809 -0.3587 0.8902
vn -0.4073 -0.0883 0.9090
vn 0.2148 -0.8921 0.3976
vn 0.2267 -0.8499 0.4757
vn 0.4556 -0.8658 0.2069
vn 0.4197 -0.8807 0.2194
vn 0.4897 -0.8509 0.1901
vn 0.1976 -0.8234 0.5320
vn -0.6301 -0.4784 0.6116
vn -0.9019 0.3201 0.2899
vn -0.7115 0.5798 0.3969
vn -0.7186 0.0408 0.6942
vn -0.5919 -0.2368 0.7705
vn -0.8001 -0.1217 0.5874
vn -0.5114 -0.6140 0.6012
vn -0.4955 -0.3506 0.7947
vn -0.6050 -0.4342 0.6674
vn -0.6147 -0.6215 0.4857
vn -0.7430 -0.5942 0.3081
vn -0.6669 -0.6842 0.2951
vn -0.6226 -0.7090 0.3313
vn -0.5453 -0.8011 0.2467
vn -0.6624 -0.2792 0.6952
vn -0.7026 -0.2820 0.6533
vn -0.2927 -0.8973 0.3304
vn -0.5177 -0.5040 0.6913
vn -0.1485 -0.5806 0.8006
vn -0.0118 -0.8516 0.5240
vn 0.0798 -0.8457 0.5277
vn 0.0124 -0.6428 0.7659
vn 0.0943 -0.7229 0.6845
vn 0.0719 -0.9048 0.4197
vn 0.1280 -0.9249 0.3580
vn 0.2749 -0.8958 0.3493
vn -0.5893 0.4770 0.6520
vn -0.5851 0.3053 0.7513
vn -0.5146 0.2205 0.8286
vn -0.5905 0.2202 0.7764
vn -0.5102 0.0692 0.8573
vn -0.5416 0.1475 0.8276
vn -0.4595 0.0625 0.8860
vn -0.4913 0.0551 0.8693
vn -0.4926 0.2780 0.8246
vn -0.5031 0.0896 0.8596
vn -0.5354 -0.1059 0.8379
vn -0.4682 -0.1305 0.8739
vn -0.4403 -0.3345 0.8332
vn -0.5685 -0.1974 0.7987
vn -0.6108 0.0947 0.7861
vn -0.6681 -0.0955 0.7379
vn -0.5264 0.2968 0.7967
vn -0.5208 0.4562 0.7215
vn -0.4908 0.4971 0.7155
vn -0.5055 0.4404 0.7420
vn -0.6572 0.1758 0.7330
vn -0.6235 0.0844 0.7772
vn -0.6950 -0.1427 0.7047
vn -0.6270 -0.2623 0.7336
vn -0.4653 0.3335 0.8199
vn -0.4003 0.4331 0.8076
vn -0.2283 0.3091 0.9232
vn -0.2478 0.1522 0.9568
vn -0.3495 -0.2930 0.8900
vn -0.2963 -0.0438 0.9541
vn -0.5001 -0.0151 0.8658
vn -0.5105 -0.3370 0.7911
vn -0.1154 -0.0213 0.9931
vn -0.0956 0.2937 0.9511
vn -0.2106 0.2377 0.9482
vn -0.1450 -0.0780 0.9864
vn -0.2394 0.1210 0.9634
vn -0.2100 0.2508 0.9450
vn -0.1318 0.1339 0.9822
vn -0.1997 -0.0804 0.9766
vn -0.9509 0.1980 -0.2380
vn -0.9456 -0.0387 -0.3229
vn -0.9667 -0.2343 0.1027
vn -0.9987 0.0458 0.0239
vn -0.9548 -0.2632 0.1384
vn -0.9403 -0.0558 -0.3358
vn -0.9326 -0.3075 0.1887
vn -0.9399 -0.2922 0.1764
vn -0.9797 0.0081 0.2003
vn -0.8671 -0.4140 0.2769
vn -0.9254 -0.2531 0.2819
vn -0.9935 -0.0992 0.0555
vn -0.9746 -0.2076 0.0839
vn -0.8990 0.4121 0.1481
vn -0.8610 0.3875 0.3294
vn -0.8588 0.5089 -0.0588
vn -0.9584 0.1089 -0.2639
vn -0.9510 0.0034 -0.3093
vn -0.7552 0.5574 0.3450
vn -0.9259 0.0873 0.3675
vn -0.9605 0.2195 0.1709
vn -0.8128 0.5522 0.1856
vn -0.9273 0.3414 -0.1535
vn -0.7997 0.6003 -0.0070
vn -0.8674 0.4905 -0.0839
vn -0.8998 0.4242 0.1021
vn -0.8343 0.4694 0.2890
vn -0.8937 -0.2239 0.3889
vn -0.8345 0.4284 0.3465
vn -0.8335 -0.4417 0.3318
vn -0.8678 -0.2729 0.4152
vn -0.8964 -0.1104 0.4293
vn -0.8478 0.4084 0.3383
vn -0.8224 0.4886 0.2915
vn -0.9239 0.0464 0.3797
vn -0.9305 0.0269 0.3654
vn -0.7466 0.5814 0.3234
vn -0.7257 0.6095 0.3191
vn -0.9307 0.1291 0.3423
vn -0.8881 0.1707 0.4268
vn -0.7563 0.5864 0.2900
vn -0.8842 -0.0871 0.4589
vn -0.8166 0.4427 0.3704
vn -0.8466 -0.2729 0.4569
vn -0.8459 -0.2228 0.4845
vn -0.8702 0.0350 0.4914
vn -0.7531 0.5336 0.3849
vn -0.6487 0.5423 0.5339
vn -0.6797 0.0032 0.7335
vn -0.6002 0.7508 0.2757
vn -0.6123 0.7598 0.2187
vn -0.7132 0.5246 0.4649
vn -0.6973 -0.1652 0.6975
vn -0.8264 0.2248 0.5162
vn -0.6705 0.6355 0.3829
vn -0.8285 -0.1452 0.5409
vn -0.7904 -0.1351 0.5975
vn -0.7765 0.4107 0.4778
vn -0.6062 0.7148 0.3487
vn -0.8686 0.3114 0.3854
vn -0.9016 0.0212 0.4321
vn -0.9034 0.0737 0.4224
vn -0.8196 0.4782 0.3156
vn -0.8526 -0.1197 0.5087
vn -0.8328 -0.0977 0.5448
vn -0.7998 0.4921 0.3437
vn -0.8405 0.0855 0.5350
vn -0.7489 -0.1854 0.6362
vn -0.8447 0.2308 0.4830
vn -0.7704 -0.1711 0.6142
vn -0.5988 -0.4005 0.6936
vn -0.5263 -0.5373 0.6590
vn -0.6251 -0.4545 0.6345
vn -0.7072 0.5614 0.4298
vn -0.7435 -0.0999 0.6612
vn -0.6069 0.7489 0.2662
vn -0.9031 -0.3105 0.2967
vn -0.8951 -0.3427 0.2852
vn -0.7362 -0.4265 0.5255
vn -0.8144 -0.3332 0.4752
vn -0.6503 -0.4383 0.6205
vn -0.3457 -0.6587 0.6683
vn -0.1494 -0.7713 0.6187
vn -0.4670 -0.5718 0.6745
vn -0.0205 -0.7126 0.7013
vn -0.0984 -0.8191 0.5652
vn -0.3897 -0.5205 0.7597
vn -0.1187 -0.5006 0.8575
vn -0.1546 -0.6353 0.7566
vn -0.3839 -0.7086 0.5920
vn -0.4570 -0.6760 0.5781
vn -0.4858 -0.6280 0.6080
vn -0.4895 -0.6282 0.6048
vn -0.4103 -0.6892 0.5972
vn -0.3410 -0.6603 0.6692
vn -0.2414 -0.7725 0.5873
vn -0.6052 -0.1821 0.7750
vn -0.4956 -0.0823 0.8646
vn -0.4353 -0.3757 0.8181
vn -0.6144 -0.3939 0.6837
vn -0.6724 -0.5144 0.5322
vn -0.5600 -0.6076 0.5633
vn -0.3930 -0.7193 0.5728
vn -0.5795 -0.5837 0.5688
vn -0.6131 -0.4199 0.6692
vn -0.6256 -0.5126 0.5881
vn -0.6434 -0.5398 0.5428
vn -0.6943 -0.4682 0.5466
vn 0.0128 0.9965 -0.0826
vn -0.2655 0.9629 0.0488
vn -0.2027 0.9791 0.0181
vn 0.0470 0.9854 -0.1636
vn -0.1942 0.9802 -0.0383
vn 0.0229 0.9690 -0.2460
vn -0.2386 0.9659 -0.1004
vn -0.0463 0.9467 -0.3188
vn -0.2975 0.9452 -0.1343
vn -0.0789 0.9391 -0.3344
vn -0.0644 0.9477 -0.3126
vn -0.0736 0.9447 -0.3195
vn -0.3017 0.9426 -0.1434
vn -0.2939 0.9463 -0.1345
vn -0.2744 0.9524 -0.1325
vn -0.0630 0.9484 -0.3109
vn -0.2458 0.9629 -0.1116
vn -0.0789 0.9481 -0.3081
vn -0.2456 0.9642 -0.1001
vn -0.0705 0.9529 -0.2949
vn -0.2659 0.9547 -0.1337
vn -0.0695 0.9465 -0.3150
vn -0.2669 0.9508 -0.1576
vn -0.0812 0.9319 -0.3536
vn -0.2899 0.9398 -0.1811
vn -0.1197 0.9050 -0.4082
vn -0.3471 0.9036 -0.2510
vn -0.1290 0.8718 -0.4726
vn -0.3400 0.8814 -0.3279
vn -0.1249 0.8325 -0.5398
vn -0.3204 0.8583 -0.4008
vn -0.1838 0.7967 -0.5758
vn -0.3378 0.8331 -0.4380
vn -0.2993 0.7848 -0.5427
vn -0.3733 0.7548 -0.5393
vn -0.3400 0.7805 -0.5247
vn -0.3929 0.8070 -0.4409
vn -0.4654 0.7592 -0.4551
vn -0.3771 0.7400 -0.5570
vn -0.3884 0.7772 -0.4951
vn -0.1378 0.7738 -0.6183
vn -0.1786 0.6895 -0.7019
vn -0.3905 0.7567 -0.5244
vn -0.1071 0.7599 -0.6412
vn -0.2230 0.9705 -0.0922
vn -0.0600 0.9909 -0.1203
vn 0.0936 0.9790 -0.1810
vn -0.0343 0.9791 -0.2004
vn 0.1437 0.9786 -0.1472
vn 0.0286 0.9958 -0.0865
vn -0.3771 0.9217 -0.0914
vn -0.3364 0.9375 -0.0892
vn -0.1170 0.9568 -0.2662
vn -0.1424 0.9446 -0.2958
vn -0.3691 0.9271 -0.0658
vn -0.3818 0.9197 -0.0918
vn -0.1479 0.9494 -0.2770
vn -0.1570 0.9562 -0.2469
vn -0.2852 0.9575 -0.0422
vn -0.3405 0.9391 -0.0469
vn -0.1766 0.9559 -0.2347
vn -0.1731 0.9583 -0.2273
vn -0.2163 0.9740 -0.0668
vn -0.2304 0.9720 -0.0459
vn -0.1291 0.9677 -0.2164
vn -0.1148 0.9662 -0.2307
vn -0.3036 0.9466 -0.1086
vn -0.2508 0.9628 -0.1008
vn -0.1283 0.9552 -0.2667
vn -0.1510 0.9407 -0.3037
vn -0.1635 0.9317 -0.3242
vn -0.3596 0.9298 -0.0782
vn -0.2262 0.9209 -0.3174
vn -0.3666 0.9296 -0.0383
vn -0.3021 0.8573 -0.4169
vn -0.1341 0.9721 -0.1924
vn -0.2646 0.9620 -0.0670
vn -0.2927 0.8860 -0.3597
vn -0.2450 0.8019 -0.5450
vn -0.0109 0.9510 -0.3090
vn -0.0686 0.7389 -0.6703
vn 0.1293 0.9341 -0.3328
vn -0.2713 0.9624 0.0129
vn -0.2096 0.9720 0.1061
vn -0.3577 0.9333 -0.0311
vn -0.4787 0.8721 0.1017
vn -0.4021 0.9015 0.1599
vn -0.3298 0.9139 0.2367
vn -0.4337 0.9005 -0.0304
vn -0.4780 0.8784 0.0006
vn -0.5972 0.7908 0.1340
vn -0.5599 0.8231 0.0952
vn -0.4752 0.8796 0.0215
vn -0.4427 0.8956 0.0437
vn -0.5451 0.8169 0.1885
vn -0.5757 0.7990 0.1735
vn -0.3899 0.9174 0.0793
vn -0.3260 0.9394 0.1058
vn -0.4267 0.8656 0.2619
vn -0.5094 0.8328 0.2166
vn -0.6095 0.3658 0.7034
vn -0.5390 0.4271 0.7260
vn -0.5076 0.7394 0.4423
vn -0.5995 0.7161 0.3575
vn -0.4291 0.7839 0.4488
vn -0.5124 0.5384 0.6690
vn -0.6867 0.2874 0.6677
vn -0.6816 0.6592 0.3176
vn -0.7060 0.6239 0.3353
vn -0.6988 0.2691 0.6627
vn -0.6388 0.3547 0.6827
vn -0.6593 0.6448 0.3868
vn -0.5882 0.7050 0.3962
vn -0.5482 0.4571 0.7004
vn -0.6039 0.6993 0.3824
vn -0.5402 0.8188 0.1943
vn -0.6074 0.7751 0.1739
vn -0.6607 0.6202 0.4228
vn -0.6538 0.4873 0.5788
vn -0.6479 0.5531 0.5237
vn -0.6216 0.7427 0.2489
vn -0.6838 0.5789 0.4441
vn -0.5804 0.7986 0.1595
vn -0.6888 0.6987 0.1935
vn -0.6675 0.7374 0.1031
vn -0.7185 0.5140 0.4686
vn -0.7759 0.3669 0.5132
vn -0.7721 0.6031 0.2002
vn -0.7349 0.6763 0.0504
vn -0.8019 0.5529 0.2266
vn -0.7678 0.6400 0.0286
vn -0.7768 0.3150 0.5454
vn -0.7154 0.2700 0.6445
vn -0.7729 0.4897 0.4035
vn -0.7189 0.6920 0.0664
vn -0.6169 0.5132 0.5967
vn -0.5520 0.8126 0.1872
vn -0.5703 0.2984 0.7653
vn -0.4217 0.3226 0.8474
vn -0.4364 0.5398 0.7198
vn -0.3449 0.8871 0.3066
vn -0.3083 0.5698 0.7618
vn -0.1810 0.9056 0.3836
vn -0.3472 0.3489 0.8705
vn -0.3097 0.4116 0.8571
vn -0.2244 0.6263 0.7466
vn -0.0757 0.9120 0.4032
vn -0.1701 0.7074 0.6860
vn -0.0362 0.9246 0.3793
vn -0.2752 0.4862 0.8294
vn -0.2655 0.5128 0.8164
vn -0.1805 0.7443 0.6430
vn -0.0807 0.9268 0.3667
vn -0.2345 0.7307 0.6411
vn -0.2897 0.6998 0.6530
vn -0.1972 0.9177 0.3449
vn -0.1526 0.9205 0.3598
vn -0.2835 0.4990 0.8189
vn -0.3252 0.4874 0.8104
vn -0.3359 0.6877 0.6437
vn -0.2400 0.9145 0.3257
vn -0.3696 0.4996 0.7834
vn -0.3697 0.5196 0.7703
vn -0.3160 0.7007 0.6397
vn -0.2145 0.9172 0.3357
vn 0.0335 0.9128 0.4071
vn -0.1168 0.9249 0.3619
vn -0.2181 0.7137 0.6656
vn -0.0800 0.6856 0.7235
vn -0.2696 0.5312 0.8032
vn -0.1274 0.4872 0.8639
vn 0.0186 0.6520 0.7580
vn 0.1389 0.8813 0.4518
vn -0.0495 0.4083 0.9115
vn -0.0604 0.3450 0.9367
vn 0.0237 0.6695 0.7424
vn 0.1280 0.8826 0.4523
vn -0.6306 0.3697 0.6824
vn -0.6163 0.2824 0.7352
vn -0.6643 0.3143 0.6782
vn -0.6757 0.4108 0.6122
vn -0.6313 0.1418 0.7625
vn -0.6948 0.1663 0.6997
vn -0.5692 0.1254 0.8126
vn -0.6034 0.0141 0.7973
vn -0.6385 0.0357 0.7688
vn -0.5837 0.0117 0.8119
vn -0.5956 0.0256 0.8029
vn -0.6476 0.1255 0.7515
vn -0.6911 0.1072 0.7148
vn -0.5119 0.0678 0.8563
vn -0.4960 0.0476 0.8670
vn -0.4672 0.1325 0.8742
vn -0.4179 0.1180 0.9008
vn -0.4139 0.2469 0.8762
vn -0.5366 0.1899 0.8222
vn -0.3885 0.2347 0.8910
vn -0.3592 0.3188 0.8771
vn -0.3682 0.2846 0.8851
vn -0.3920 0.1944 0.8992
vn -0.3325 0.3437 0.8782
vn -0.2943 0.3387 0.8937
vn -0.3537 0.2445 0.9028
vn -0.3051 0.2494 0.9191
vn -0.2984 0.2318 0.9259
vn -0.3416 0.2838 0.8960
vn -0.2966 0.3089 0.9037
vn -0.2763 0.2520 0.9274
vn -0.3811 0.1388 0.9140
vn -0.4016 0.2800 0.8720
vn -0.3873 0.2786 0.8788
vn -0.3431 0.1860 0.9207
vn -0.2363 0.1618 0.9581
vn -0.1527 0.2909 0.9445
vn -0.3260 0.2877 0.9005
vn -0.3681 0.1202 0.9220
vn -0.5725 0.5383 0.6185
vn -0.6307 0.6141 0.4745
vn -0.2748 0.9527 0.1295
vn -0.5754 0.3901 0.7188
vn -0.4329 0.7297 0.5293
vn -0.6462 0.4284 0.6316
vn -0.6467 0.4581 0.6099
vn -0.6637 0.4480 0.5990
vn -0.6443 0.4436 0.6230
vn -0.5668 0.2567 0.7829
vn -0.0116 -0.9992 0.0371
vn 0.1934 -0.9811 0.0105
vn -0.0622 -0.9980 -0.0067
vn 0.1853 -0.9789 -0.0856
vn -0.0309 -0.9983 0.0504
vn 0.0429 -0.9982 0.0417
vn -0.2479 -0.8862 0.3913
vn 0.0151 -0.9415 0.3367
vn 0.0927 -0.9871 0.1304
vn -0.0963 -0.9950 -0.0271
vn 0.2825 -0.9501 0.1325
vn 0.4343 -0.9002 0.0332
vn 0.3314 -0.9434 0.0149
vn 0.0455 -0.9857 0.1624
vn 0.3094 -0.9362 -0.1666
vn 0.2012 -0.9521 -0.2301
vn 0.3423 -0.9356 -0.0862
vn 0.4016 -0.9009 -0.1646
vn 0.4443 -0.8935 -0.0655
vn 0.3360 -0.9416 -0.0220
vn -0.3467 -0.8643 0.3645
vn -0.0714 -0.9888 -0.1313
vn -0.0332 -0.9792 -0.2001
vn -0.1694 -0.9439 0.2834
vn 0.3574 -0.9235 0.1393
vn 0.2507 -0.9572 0.1445
vn 0.1918 -0.9449 0.2654
vn 0.0228 -0.9721 0.2336
vn -0.1680 -0.9832 -0.0718
vn -0.0688 -0.9603 -0.2705
vn 0.0570 -0.9527 -0.2986
vn 0.0503 -0.9894 -0.1362
vn 0.0959 -0.9931 0.0677
vn -0.1179 -0.9835 0.1370
vn -0.0946 -0.8994 0.4268
vn -0.4821 -0.6966 0.5314
vn -0.2913 -0.8961 0.3348
vn -0.6077 -0.6775 0.4144
vn -0.4585 -0.8860 -0.0697
vn -0.4774 -0.8628 0.1665
vn -0.0827 -0.9735 0.2130
vn -0.1427 -0.9763 -0.1629
vn -0.2916 -0.9419 -0.1668
vn -0.4000 -0.9159 0.0340
vn -0.6451 -0.7490 0.1514
vn -0.5682 -0.8226 -0.0235
vn -0.3895 -0.8943 0.2202
vn -0.6452 -0.7004 0.3053
vn -0.7978 -0.5888 -0.1298
vn -0.8961 -0.2771 -0.3468
vn -0.8465 -0.5231 -0.0993
vn -0.9634 -0.0392 -0.2650
vn -0.8061 0.0289 -0.5911
vn -0.8402 -0.1333 -0.5256
vn -0.7770 -0.3729 0.5072
vn -0.8137 -0.3790 0.4407
vn -0.8962 0.0387 0.4420
vn -0.9474 0.0435 0.3170
vn -0.9810 0.1512 0.1215
vn -0.9898 0.0875 0.1121
vn -0.9055 -0.4138 0.0941
vn -0.9177 -0.3403 0.2050
vn -0.8766 -0.3712 0.3061
vn -0.9953 0.0822 0.0513
vn -0.6508 0.2102 -0.7296
vn -0.8588 0.3255 -0.3956
vn -0.6672 0.5431 -0.5098
vn -0.4930 0.3585 -0.7927
vn -0.7274 0.6862 0.0022
vn -0.9004 0.4121 0.1392
vn -0.8410 0.4371 0.3188
vn -0.6638 0.7274 0.1737
vn -0.8853 0.4574 0.0837
vn -0.7362 0.6749 -0.0505
vn -0.8853 0.4630 0.0435
vn -0.7732 0.6340 -0.0133
vn -0.9130 0.3731 -0.1650
vn -0.7748 0.5988 -0.2026
vn -0.7369 0.6754 -0.0293
vn -0.6444 0.6267 -0.4381
vn -0.5248 0.7411 -0.4187
vn -0.7013 0.7050 0.1055
vn -0.4637 0.4958 -0.7343
vn -0.3833 0.6485 -0.6576
vn -0.1464 0.9797 -0.1369
vn -0.4596 0.8852 -0.0722
vn -0.3673 0.9292 0.0406
vn -0.0445 0.9964 -0.0724
vn -0.4105 0.4340 -0.8019
vn -0.4705 0.6185 -0.6294
vn -0.2001 0.9063 -0.3722
vn -0.3791 0.9242 0.0463
vn -0.3023 0.8407 -0.4493
vn -0.2574 0.9307 -0.2599
vn -0.0738 0.9518 -0.2977
vn -0.6281 0.5579 0.5424
vn -0.5738 0.6743 0.4649
vn 0.1412 0.9768 -0.1609
vn 0.0563 0.9832 -0.1735
vn -0.0170 0.9996 0.0247
vn -0.2256 0.9576 -0.1794
vn -0.0211 0.9707 -0.2392
vn -0.2814 0.9065 0.3146
vn -0.5277 0.8320 -0.1713
vn -0.5556 0.8186 -0.1459
vn -0.5360 0.7921 -0.2920
vn -0.6958 0.4750 0.5387
vn -0.7936 0.5344 0.2909
vn -0.7601 0.4382 0.4799
vn -0.7740 0.4505 0.4449
vn -0.7814 0.5290 0.3310
vn -0.7265 0.6824 0.0805
vn -0.6544 0.7451 0.1288
vn -0.7373 0.5405 0.4052
vn -0.5222 0.7211 0.4553
vn -0.6372 0.6400 0.4294
vn -0.6991 0.3080 0.6453
vn -0.5989 0.5183 0.6105
vn -0.7319 0.5787 0.3597
vn -0.6879 0.1990 0.6980
vn -0.7884 0.5322 0.3086
vn -0.6864 0.1650 0.7083
vn -0.8601 0.4652 0.2092
vn -0.7397 0.2574 0.6217
vn -0.8900 0.4560 0.0001
vn -0.8983 0.4314 0.0838
vn -0.8897 0.3958 0.2276
vn -0.7928 0.5812 0.1837
vn -0.8566 0.5149 0.0327
vn -0.7506 0.6404 0.1628
vn -0.7407 0.6531 0.1579
vn -0.7499 0.5998 0.2791
vn -0.7611 0.3250 0.5613
vn -0.6833 0.3707 0.6291
vn -0.8209 0.3914 0.4158
vn -0.7726 0.2476 0.5846
vn -0.6867 0.5236 0.5042
vn -0.5955 0.1904 0.7805
vn -0.7151 0.4442 0.5397
vn -0.6578 0.2791 0.6995
vn -0.6205 0.7701 0.1482
vn -0.6335 0.2146 0.7434
vn -0.5916 0.3392 0.7314
vn -0.4691 0.8469 0.2506
vn -0.8196 0.3160 0.4779
vn -0.8018 0.5975 -0.0082
vn -0.7285 0.6807 0.0776
vn -0.7884 0.4481 0.4216
vn -0.7946 -0.4836 0.3670
vn -0.9399 -0.2334 0.2491
vn -0.9651 -0.1412 0.2207
vn -0.8667 -0.4755 0.1506
vn -0.9565 0.0806 -0.2803
vn -0.8068 -0.3929 -0.4413
vn -0.3144 -0.8152 0.4864
vn -0.7028 -0.5203 0.4851
vn -0.8783 -0.3637 0.3102
vn -0.6280 -0.6588 0.4142
vn -0.3359 -0.6365 0.6943
vn 0.0607 -0.8484 0.5259
vn 0.2387 -0.8001 0.5503
vn -0.0530 -0.6122 0.7889
vn -0.2557 -0.5953 0.7618
vn -0.0322 -0.8372 0.5460
vn -0.3939 -0.8069 0.4401
vn -0.5568 -0.5841 0.5906
vn -0.6902 -0.5026 0.5206
vn -0.5223 -0.7270 0.4458
vn -0.4758 -0.7047 0.5263
vn -0.7229 -0.4459 0.5279
vn -0.6393 -0.5024 0.5821
vn -0.3021 -0.7413 0.5993
vn -0.1359 -0.7639 0.6309
vn -0.4479 -0.5728 0.6865
vn -0.3141 -0.5779 0.7532
vn -0.1591 -0.7711 0.6166
vn -0.3280 -0.7742 0.5414
vn -0.4405 -0.5093 0.7393
vn -0.4952 -0.7428 0.4507
vn -0.6108 -0.3646 0.7028
vn -0.6717 -0.2814 0.6853
vn -0.5323 -0.7319 0.4255
vn -0.6617 -0.3282 0.6741
vn -0.5990 -0.4005 0.6934
vn -0.5261 -0.7454 0.4093
vn -0.4798 -0.7713 0.4182
vn -0.5033 -0.4386 0.7445
vn -0.4285 -0.7752 0.4642
vn -0.3898 -0.3750 0.8411
vn -0.3619 -0.7519 0.5511
vn -0.2730 -0.1971 0.9416
vn -0.2731 -0.0221 0.9617
vn -0.2617 -0.7031 0.6612
vn -0.2209 -0.5863 0.7794
vn 0.0232 -0.9895 0.1429
vn 0.0091 -0.9736 0.2282
vn 0.4838 -0.8729 -0.0631
vn 0.4550 -0.8825 -0.1188
vn 0.4341 -0.8969 0.0844
vn 0.0824 -0.9397 0.3319
vn 0.1809 -0.8928 0.4125
vn 0.3524 -0.9046 0.2398
vn 0.2545 -0.9071 0.3353
vn 0.1680 -0.8714 0.4609
vn 0.0444 -0.8933 0.4472
vn 0.1450 -0.9340 0.3264
vn 0.0332 -0.9725 0.2304
vn -0.1052 -0.9366 0.3343
vn -0.2082 -0.9626 0.1736
vn -0.0696 -0.9934 0.0911
vn -0.2546 -0.9639 0.0783
vn -0.1247 -0.9916 -0.0334
vn -0.2826 -0.9585 0.0381
vn -0.2395 -0.9708 0.0168
vn -0.0996 -0.9864 -0.1307
vn 0.0118 -0.9784 -0.2064
vn -0.1766 -0.9839 -0.0279
vn -0.0858 -0.9910 -0.1031
vn 0.1198 -0.9455 -0.3029
vn 0.1705 -0.8942 -0.4138
vn 0.0107 -0.9905 -0.1372
vn 0.0210 -0.9994 -0.0263
vn 0.1738 -0.8580 -0.4833
vn 0.1400 -0.8687 -0.4751
vn -0.5092 0.3040 0.8052
vn -0.5215 0.2562 0.8139
vn -0.5509 0.4984 0.6694
vn -0.5576 0.5813 0.5927
vn 0.2127 -0.7995 0.5618
vn -0.0265 -0.6026 0.7976
vn 0.5141 -0.8354 0.1945
vn 0.5873 -0.7617 0.2735
vn 0.3981 -0.7052 0.5866
vn 0.1579 -0.4611 0.8732
vn -0.2573 0.0489 0.9651
vn -0.4063 -0.0555 0.9121
vn -0.2543 -0.3395 0.9056
vn -0.0482 -0.1673 0.9847
vn -0.3734 -0.1059 0.9216
vn -0.5644 0.3939 0.7255
vn -0.4662 0.5844 0.6641
vn -0.0950 0.6647 0.7411
vn 0.0049 0.8480 0.5300
vn -0.3602 0.6606 0.6586
vn -0.4283 0.2850 0.8575
vn -0.1686 0.4459 0.8791
vn 0.8265 0.5408 0.1565
vn 0.4474 0.8042 0.3912
vn 0.2099 0.3578 0.9099
vn 0.6019 0.0417 0.7975
vn 0.8614 -0.3595 0.3587
vn 0.8447 -0.5320 -0.0589
vn 0.9684 0.1161 -0.2208
vn 0.9053 -0.1761 -0.3866
vn 0.5463 -0.7417 0.3892
vn 0.6358 -0.7693 0.0623
vn 0.1672 -0.4834 0.8593
vn 0.4834 -0.0774 0.8720
vn 0.7970 -0.4890 0.3546
vn 0.8484 -0.5256 -0.0631
vn -0.1538 0.1725 0.9729
vn 0.0281 0.4851 0.8740
vn -0.2710 0.2981 0.9153
vn -0.2985 0.5605 0.7725
vn -0.3408 0.2200 0.9140
vn -0.4117 0.4006 0.8186
vn -0.3696 0.0595 0.9273
vn -0.4349 0.1136 0.8933
vn -0.3708 -0.0615 0.9267
vn -0.4223 -0.1404 0.8955
vn -0.3513 -0.4235 0.8350
vn -0.3447 -0.5089 0.7888
vn 0.0889 -0.9340 -0.3461
vn -0.1238 -0.9649 0.2317
vn 0.0743 -0.9649 -0.2519
vn -0.1045 -0.9507 0.2920
vn 0.2013 -0.9534 0.2249
vn -0.0937 -0.5819 0.8078
vn 0.3075 -0.9270 -0.2149
vn 0.7257 -0.6355 -0.2636
vn 0.8199 -0.5645 0.0958
vn 0.5798 -0.3904 0.7151
vn -0.1526 -0.0222 0.9880
vn -0.1184 0.3503 0.9291
vn 0.6667 0.1475 0.7306
vn 0.6197 0.5075 0.5987
vn 0.9958 -0.0337 0.0857
vn 0.9489 0.3151 0.0178
vn 0.9327 -0.2094 -0.2938
vn 0.9538 0.1195 -0.2758
vn -0.1122 0.6500 0.7516
vn 0.5149 0.7688 0.3793
vn 0.4091 0.8913 0.1956
vn -0.0695 0.8110 0.5809
vn 0.2897 -0.8782 -0.3807
vn 0.5861 -0.6428 -0.4933
vn 0.1362 -0.9152 -0.3793
vn 0.4166 -0.6858 -0.5968
vn 0.8338 0.5322 -0.1467
vn 0.7222 0.6585 -0.2117
vn 0.8716 0.2086 -0.4435
vn 0.8035 0.2786 -0.5261
vn 0.8138 -0.2059 -0.5434
vn 0.7079 -0.1642 -0.6869
vn 0.2895 -0.8345 0.4688
vn -0.0306 -0.7165 0.6969
vn -0.2192 -0.7801 0.5860
vn 0.0922 -0.9276 0.3619
vn 0.4307 -0.8804 -0.1984
vn 0.2864 -0.9579 -0.0222
vn 0.2875 -0.9577 -0.0101
vn 0.4401 -0.8809 -0.1741
vn 0.3688 -0.9289 0.0337
vn 0.4806 -0.8735 -0.0781
vn 0.4762 -0.8707 -0.1230
vn 0.3325 -0.9428 0.0227
vn -0.8204 0.3265 0.4694
vn -0.5367 -0.2861 0.7938
vn -0.6691 -0.3851 0.6356
vn -0.8766 0.2134 0.4313
vn -0.0332 -0.9578 0.2854
vn -0.3436 -0.7900 0.5078
vn -0.3835 -0.7115 0.5888
vn 0.0109 -0.9547 0.2972
vn 0.0705 -0.9441 0.3221
vn -0.3663 -0.6399 0.6755
vn -0.2522 -0.6303 0.7343
vn 0.1236 -0.9215 0.3681
vn -0.8537 0.1718 0.4916
vn -0.7601 -0.3279 0.5610
vn -0.7457 -0.1494 0.6493
vn -0.7620 0.1670 0.6257
vn -0.7688 0.3903 0.5066
vn -0.7520 0.2791 0.5972
vn -0.5619 0.1585 0.8119
vn -0.5172 0.0511 0.8544
vn -0.6620 0.0023 0.7495
vn -0.4894 0.0097 0.8720
vn -0.6441 0.2317 0.7290
vn -0.4829 0.3373 0.8081
vn 0.2492 -0.7581 0.6027
vn -0.2234 -0.2553 0.9407
vn -0.2465 -0.2986 0.9220
vn 0.0943 -0.7552 0.6486
vn -0.6829 0.1919 0.7048
vn -0.6177 0.1011 0.7799
vn -0.4627 -0.0163 0.8864
vn -0.4309 -0.0666 0.8999
vn -0.5231 0.1342 0.8416
vn -0.4140 0.2585 0.8728
vn -0.3609 -0.0317 0.9321
vn -0.2402 0.0678 0.9683
vn 0.4661 -0.8833 0.0490
vn 0.5044 -0.8620 0.0501
vn 0.3644 -0.9273 0.0856
vn 0.2151 -0.9669 0.1375
vn -0.2683 -0.2997 0.9155
vn -0.2774 -0.2648 0.9236
vn 0.0071 -0.6747 0.7380
vn -0.0289 -0.5879 0.8084
vn 0.0860 -0.4068 0.9095
vn -0.1960 -0.1748 0.9649
vn -0.0425 -0.0694 0.9967
vn 0.2378 -0.2402 0.9411
vn 0.0477 -0.8003 0.5977
vn -0.2243 -0.8182 0.5293
vn -0.2186 -0.5841 0.7817
vn -0.3489 -0.7003 0.6228
vn 0.3034 -0.9174 0.2574
vn 0.1185 -0.9539 0.2757
vn 0.1915 -0.8609 0.4714
vn 0.3207 -0.8372 0.4430
vn 0.4098 -0.6329 0.6569
vn 0.3710 -0.3954 0.8403
vn 0.2191 -0.6516 0.7262
vn 0.0304 -0.3620 0.9317
vn -0.2625 -0.7740 0.5762
vn -0.1913 -0.6696 0.7177
vn -0.3220 -0.7068 0.6299
vn -0.2507 -0.6312 0.7340
vn -0.1473 -0.5093 0.8479
vn -0.2133 -0.3352 0.9177
vn -0.1978 -0.5327 0.8228
vn -0.2003 -0.4327 0.8790
vn -0.8099 -0.0640 0.5830
vn -0.8516 -0.2650 0.4522
vn -0.6768 0.2086 0.7060
vn -0.4965 -0.3812 0.7799
vn -0.5368 -0.5418 0.6468
vn -0.4367 -0.7647 0.4739
vn -0.3645 -0.1948 0.9106
vn -0.5282 0.3661 0.7662
vn -0.4979 0.3040 0.8122
vn -0.1942 0.0026 0.9810
vn -0.1597 -0.4291 0.8890
vn -0.1654 -0.6032 0.7802
vn -0.0974 -0.1833 0.9782
vn -0.4024 -0.1165 0.9080
vn -0.4089 -0.3312 0.8504
vn -0.3867 -0.5126 0.7666
vn -0.5562 0.2178 0.8020
vn -0.6356 0.2099 0.7429
vn -0.2686 0.1543 0.9508
vn -0.1408 0.1298 0.9815
vn -0.7008 0.1694 0.6930
vn -0.6328 -0.0210 0.7740
vn -0.0119 0.0040 0.9999
vn 0.0145 0.1076 0.9941
vn -0.2900 0.1824 0.9395
vn -0.3379 0.0615 0.9392
vn -0.4352 0.0770 0.8970
vn -0.2830 0.0111 0.9591
vn -0.6329 -0.1920 0.7501
vn -0.7052 0.0006 0.7090
vn -0.0486 0.1692 0.9844
vn -0.2109 0.2192 0.9526
vn -0.3918 0.3141 0.8648
vn -0.3005 0.2637 0.9166
vn -0.6928 0.2398 0.6801
vn -0.4838 0.2751 0.8308
vn -0.6542 0.3645 0.6627
vn -0.5031 0.3826 0.7749
vn -0.8719 -0.1060 0.4781
vn -0.8939 -0.1922 0.4049
vn -0.6577 -0.4784 0.5819
vn -0.6414 -0.3517 0.6819
vn -0.6971 -0.5115 0.5024
vn -0.8999 -0.2427 0.3624
vn -0.4359 -0.6876 0.5807
vn -0.3875 -0.6397 0.6638
vn -0.7847 0.1053 0.6108
vn -0.8272 0.0101 0.5619
vn -0.6280 -0.1816 0.7567
vn -0.6148 -0.0154 0.7885
vn -0.7650 0.2436 0.5962
vn -0.7542 0.1927 0.6277
vn -0.5932 0.1091 0.7976
vn -0.5731 0.1996 0.7948
vn -0.7942 0.2815 0.5385
vn -0.5672 0.2865 0.7722
vn -0.6081 0.3493 0.7129
vn -0.8279 0.2667 0.4934
vn -0.9636 0.2302 0.1362
vn -0.9735 0.1655 0.1581
vn -0.9549 0.2600 0.1434
vn -0.8595 0.5028 -0.0917
vn -0.8493 0.5244 -0.0609
vn -0.8670 0.4976 -0.0267
vn -0.9475 0.2697 0.1720
vn -0.9365 0.2769 0.2152
vn -0.8889 0.4352 -0.1428
vn -0.8824 0.4555 -0.1178
vn -0.9233 0.3198 0.2126
vn -0.9440 0.2915 0.1543
vn -0.9235 0.3132 -0.2215
vn -0.9006 0.4035 -0.1617
vn -0.9972 0.0181 0.0726
vn -0.9712 0.2236 0.0827
vn -0.9516 -0.1320 -0.2776
vn -0.9494 0.1580 -0.2714
vn -0.9671 -0.2197 0.1282
vn -0.8504 -0.4313 -0.3013
vn -0.8318 0.1698 0.5285
vn -0.8217 0.0036 0.5699
vn -0.8463 -0.5126 0.1449
vn -0.6292 -0.7143 -0.3064
vn -0.5720 -0.8090 0.1356
vn -0.2976 -0.9290 -0.2199
vn -0.7871 -0.2833 0.5479
vn -0.6483 -0.5516 0.5248
vn -0.2442 -0.9441 0.2213
vn 0.0135 -0.9999 -0.0097
vn -0.5627 -0.6240 0.5422
vn 0.0576 -0.8692 0.4910
vn -0.0274 -0.9289 0.3693
vn -0.5413 -0.6333 0.5531
vn 0.3422 -0.8549 0.3900
vn 0.2144 -0.9518 0.2195
vn 0.0639 -0.8476 0.5268
vn 0.3444 -0.8114 0.4722
vn -0.5638 -0.6619 0.4940
vn -0.4363 -0.7436 0.5067
vn 0.0842 -0.8214 0.5641
vn 0.2758 -0.7741 0.5699
vn -0.0103 -0.6948 0.7191
vn -0.3554 -0.3698 0.8584
vn -0.2024 -0.2507 0.9467
vn 0.1267 -0.5339 0.8360
vn -0.3275 -0.7370 0.5912
vn -0.4958 -0.5367 0.6827
vn -0.6847 -0.0290 0.7283
vn -0.8415 0.2676 0.4693
vn -0.8029 -0.1919 0.5644
vn -0.9155 0.1110 0.3868
vn -0.7346 0.4060 0.5436
vn -0.5562 0.1235 0.8218
vn -0.9584 0.2508 0.1365
vn -0.8801 0.4484 0.1560
vn -0.9850 0.1712 0.0220
vn -0.8833 0.4687 -0.0069
vn -0.7812 0.5874 0.2114
vn -0.7608 0.6488 -0.0159
vn -0.9222 0.3865 0.0124
vn -0.7758 0.6246 -0.0897
vn -0.9910 0.0133 0.1330
vn -0.9550 -0.1244 0.2693
vn -0.9655 0.2434 0.0929
vn -0.8351 0.5448 -0.0766
vn -0.9187 -0.2229 0.3259
vn -0.9762 0.1597 0.1468
vn -0.8731 0.4862 -0.0375
vn -0.2305 -0.8754 -0.4250
vn -0.2952 -0.7807 -0.5508
vn -0.5799 -0.4712 -0.6646
vn -0.5582 -0.6320 -0.5376
vn 0.0813 -0.9902 -0.1133
vn 0.0479 -0.9861 -0.1592
vn 0.2615 -0.9508 0.1660
vn 0.3681 -0.8589 0.3561
vn 0.3554 -0.8723 0.3358
vn 0.2551 -0.9573 0.1363
vn 0.3962 -0.8102 0.4320
vn 0.3814 -0.7944 0.4727
vn -0.0997 -0.1349 0.9858
vn 0.0966 -0.3304 0.9389
vn -0.1060 -0.0474 0.9932
vn 0.0934 -0.3627 0.9272
vn -0.4211 0.2499 0.8719
vn -0.6236 0.5091 0.5932
vn -0.5498 0.6108 0.5697
vn -0.3664 0.3492 0.8625
vn -0.6980 0.6719 0.2478
vn -0.6841 0.7292 -0.0178
vn -0.6369 0.7703 -0.0308
vn -0.6336 0.7386 0.2303
vn -0.7267 0.6694 -0.1544
vn -0.7061 0.6859 -0.1759
vn -0.7162 0.6829 -0.1439
vn -0.6289 0.7533 -0.1924
vn -0.6340 0.7482 -0.1956
vn -0.6388 0.7381 -0.2172
vn -0.6832 0.7152 -0.1475
vn -0.6330 0.7525 -0.1818
vn 0.1185 -0.9833 0.1379
vn -0.2039 -0.9677 -0.1483
vn 0.2768 -0.8954 0.3488
vn -0.2270 -0.9538 0.1969
vn -0.0737 -0.8926 0.4447
vn -0.5751 -0.8133 -0.0890
vn 0.3105 -0.8038 0.5074
vn -0.0272 -0.7786 0.6269
vn 0.3222 -0.6543 0.6841
vn 0.2048 -0.6274 0.7513
vn -0.1681 -0.5326 0.8295
vn -0.0056 -0.3528 0.9357
vn -0.2305 0.0558 0.9715
vn -0.4435 0.1519 0.8833
vn -0.2654 -0.2494 0.9313
vn -0.4207 0.4447 0.7907
vn -0.5516 0.6871 0.4728
vn -0.6241 0.7108 0.3244
vn -0.5492 0.4925 0.6752
vn -0.6055 0.7817 0.1494
vn -0.6159 0.7837 -0.0804
vn -0.6252 0.7682 -0.1379
vn -0.6251 0.7796 0.0381
vn -0.6139 0.7608 -0.2107
vn -0.6157 0.7600 -0.2083
vn -0.6038 0.7657 -0.2215
vn -0.6060 0.7707 -0.1967
vn -0.7947 0.5517 -0.2534
vn -0.7497 0.6257 -0.2155
vn -0.8150 0.5153 -0.2651
vn -0.7782 0.5344 -0.3298
vn -0.7462 0.5864 -0.3152
vn -0.6942 0.6724 -0.2568
vn -0.9556 0.2316 0.1820
vn -0.7235 0.6778 -0.1311
vn -0.6691 0.7255 -0.1611
vn -0.7176 0.6848 -0.1267
vn -0.6920 -0.3021 0.6556
vn -0.6325 -0.1408 0.7616
vn -0.7839 0.1910 0.5907
vn -0.8317 0.4601 -0.3107
vn -0.7896 0.5048 -0.3488
vn -0.8656 0.3520 -0.3562
vn -0.8052 0.4241 -0.4145
vn -0.9345 -0.3287 0.1367
vn -0.6662 -0.6712 0.3250
vn -0.6941 -0.5573 0.4557
vn -0.4884 -0.6037 0.6301
vn -0.7358 0.4657 0.4917
vn -0.7783 0.6095 0.1508
vn -0.7021 0.7119 -0.0151
vn -0.5951 0.7763 -0.2076
vn -0.6007 0.7709 -0.2116
vn -0.6057 0.7666 -0.2132
vn -0.6180 0.7526 -0.2274
vn -0.6680 0.7249 -0.1682
vn -0.6946 0.7013 -0.1602
vn -0.8392 -0.3741 -0.3946
vn -0.9949 -0.0422 -0.0911
vn -0.8890 0.3998 -0.2233
vn -0.8234 0.2572 -0.5058
vn -0.7175 0.6768 -0.1648
vn -0.6520 0.7292 -0.2077
vn -0.7483 0.5556 -0.3624
vn -0.6877 0.6641 -0.2934
vn -0.7558 0.5135 -0.4064
vn -0.7102 0.6070 -0.3565
vn -0.6556 0.6978 -0.2886
vn -0.6401 0.7268 -0.2492
vn -0.8989 0.1633 -0.4065
vn -0.8241 0.2452 -0.5107
vn -0.8689 -0.0900 -0.4867
vn -0.8186 0.0926 -0.5668
vn -0.7324 -0.2041 -0.6495
vn -0.7407 -0.4009 -0.5392
vn -0.7719 0.4043 -0.4906
vn -0.7313 0.5370 -0.4205
vn -0.7611 0.2565 -0.5958
vn -0.7171 0.0029 -0.6970
vn -0.7033 -0.1991 -0.6824
vn -0.5311 -0.6533 -0.5396
vn -0.6897 0.6551 -0.3085
vn -0.1426 -0.7328 0.6653
vn -0.1047 -0.8242 0.5565
vn -0.7659 -0.4607 0.4485
vn -0.8462 -0.3670 0.3863
vn -0.4936 -0.6754 0.5480
vn -0.5759 -0.6751 0.4611
vn -0.9312 -0.2953 0.2137
vn -0.7095 -0.6593 0.2489
vn -0.9883 -0.1418 0.0567
vn -0.8614 -0.5056 0.0484
vn -0.9939 -0.0092 0.1097
vn -0.9498 -0.3127 0.0128
vn -0.9562 -0.0761 0.2825
vn -0.9584 -0.2793 0.0585
vn -0.8409 -0.3149 0.4401
vn -0.8673 -0.4511 0.2103
vn -0.6265 -0.6002 0.4973
vn -0.7440 -0.5726 0.3444
vn -0.8158 -0.3795 -0.4364
vn -0.8682 -0.4934 -0.0520
vn -0.7494 -0.6619 0.0179
vn -0.6816 -0.5679 -0.4615
vn -0.9522 -0.2971 -0.0708
vn -0.8993 -0.2012 -0.3883
vn -0.6525 -0.5968 0.4670
vn -0.7954 -0.4286 0.4285
vn -0.7868 -0.4576 0.4142
vn -0.9025 -0.2101 0.3761
vn -0.8701 -0.3239 0.3716
vn -0.9596 -0.0357 0.2791
vn -0.8586 -0.2426 0.4515
vn -0.9333 0.0988 0.3452
vn -0.7989 -0.1921 0.5699
vn -0.8258 0.2075 0.5243
vn -0.7536 -0.0543 0.6551
vn -0.6580 0.3705 0.6556
vn -0.6511 0.3374 0.6799
vn -0.5012 0.3768 0.7790
vn -0.5153 0.4558 0.7257
vn -0.6621 0.2639 0.7014
vn -0.4262 0.4700 0.7729
vn -0.3571 0.3652 0.8597
vn -0.7012 0.1401 0.6991
vn -0.5732 0.4462 0.6872
vn -0.4464 0.7450 0.4958
vn -0.5631 0.5624 0.6055
vn -0.4931 0.5686 0.6584
vn -0.4100 0.7343 0.5411
vn -0.4416 0.6118 0.6562
vn -0.4382 0.6305 0.6407
vn -0.3954 0.7175 0.5735
vn -0.4073 0.7022 0.5840
vn -0.4049 0.7767 0.4826
vn -0.3473 0.7786 0.5227
vn -0.4527 0.6784 0.5786
vn -0.3660 0.7500 0.5509
vn -0.3713 0.7642 0.5274
vn -0.4146 0.7356 0.5358
vn -0.4021 0.7616 0.5082
vn -0.4356 0.7639 0.4761
vn -0.4632 0.6533 0.5989
vn -0.4990 0.6802 0.5369
vn -0.7105 0.5614 0.4243
vn -0.5871 0.5908 0.5534
vn -0.8690 0.1622 0.4675
vn -0.9008 0.3432 0.2659
vn -0.9534 0.1300 0.2724
vn -0.8966 -0.0478 0.4402
vn -0.9180 -0.0949 0.3850
vn -0.9250 -0.0710 0.3734
vn -0.9224 -0.1540 0.3543
vn -0.9459 -0.2424 0.2155
vn -0.9818 0.0487 0.1838
vn -0.9568 0.1678 -0.2373
vn -0.8972 -0.2122 -0.3873
vn -0.8924 -0.4483 0.0514
vn -0.9507 -0.0074 0.3100
vn -0.9869 0.1362 0.0860
vn -0.9721 0.2316 0.0379
vn -0.9696 0.1352 0.2040
vn -0.9293 0.3328 -0.1601
vn -0.9450 0.2633 -0.1940
vn -0.8682 -0.1058 0.4848
vn -0.9398 0.1249 0.3181
vn -0.7745 -0.0341 0.6316
vn -0.8339 0.0781 0.5464
vn -0.9525 0.2914 0.0884
vn -0.9376 0.3079 0.1618
vn -0.8935 0.4370 -0.1036
vn -0.9098 0.3946 -0.1286
vn -0.3729 0.5009 0.7810
vn -0.1090 0.1344 0.9849
vn -0.4020 -0.0810 0.9121
vn -0.4887 0.1808 0.8535
vn -0.9331 0.3102 0.1820
vn -0.8928 0.4385 -0.1028
vn -0.7911 0.1192 0.6000
vn -0.7005 0.1397 0.6998
vn -0.9506 0.2489 0.1854
vn -0.9192 0.3625 -0.1536
vn -0.5694 0.2869 0.7704
vn -0.9317 0.2376 0.2748
vn -0.2103 0.9178 0.3368
vn -0.9372 0.2777 -0.2112
vn -0.7542 0.6555 0.0390
vn 0.0760 -0.0471 0.9960
vn 0.1774 0.1668 0.9699
vn 0.6373 0.0567 0.7685
vn 0.3865 0.0889 0.9180
vn 0.8190 0.3489 0.4556
vn 0.4691 0.7419 0.4791
vn -0.1868 -0.1163 0.9755
vn 0.1230 0.0084 0.9924
vn 0.5113 0.3178 0.7985
vn 0.7455 0.0961 0.6596
vn 0.7450 0.4619 0.4812
vn 0.8714 0.2351 0.4305
vn -0.1715 0.6529 0.7378
vn -0.0699 0.9201 0.3854
vn -0.1624 0.4478 0.8793
vn -0.6514 0.3370 0.6798
vn -0.7198 0.5003 0.4812
vn -0.6716 0.7294 0.1299
vn 0.3905 0.5347 0.7495
vn -0.1747 0.5401 0.8233
vn -0.1914 0.6882 0.6998
vn 0.3666 0.6909 0.6231
vn 0.1088 0.8905 0.4418
vn 0.1516 0.8793 0.4516
vn -0.6983 0.2075 0.6851
vn -0.2764 0.6876 0.6715
vn -0.6502 0.5225 0.5516
vn -0.8069 0.1064 0.5810
vn -0.7797 0.6249 0.0394
vn -0.8299 0.2757 0.4850
vn -0.4158 0.8705 0.2633
vn -0.7902 0.0898 0.6062
vn -0.0542 0.5033 0.8624
vn 0.1528 0.2956 0.9430
vn -0.5899 0.1360 0.7960
vn -0.3171 0.0330 0.9478
vn -0.0657 0.3836 0.9212
vn -0.1940 0.0474 0.9799
vn -0.8113 0.0459 0.5829
vn -0.7963 0.0427 0.6034
vn -0.8056 0.0594 0.5895
vn -0.7612 0.0438 0.6470
vn -0.5797 -0.1819 0.7943
vn -0.4369 -0.2638 0.8599
vn -0.3119 -0.1855 0.9318
vn -0.4549 -0.1297 0.8811
vn -0.7843 0.0567 0.6177
vn -0.8452 0.2229 0.4857
vn -0.8562 0.1771 0.4853
vn -0.7879 0.0341 0.6148
vn -0.8264 0.5630 -0.0125
vn -0.8480 0.5286 -0.0374
vn -0.8099 0.0642 0.5830
vn -0.7907 0.0477 0.6103
vn -0.7610 0.0377 0.6476
vn -0.8041 0.0639 0.5910
vn -0.7877 0.0442 0.6145
vn -0.7931 0.0364 0.6081
vn -0.7563 0.0803 0.6493
vn -0.7837 0.0373 0.6200
vn -0.8536 0.1769 0.4900
vn -0.8226 0.2337 0.5184
vn -0.8480 0.5294 -0.0242
vn -0.8122 0.5824 0.0344
vn -0.6835 -0.1644 0.7112
vn -0.6584 0.0703 0.7494
vn -0.6064 -0.2090 0.7672
vn -0.6707 -0.2014 0.7138
vn -0.7634 0.6417 0.0743
vn -0.7829 0.3352 0.5241
vn -0.7094 0.1611 0.6861
vn -0.3908 0.6534 0.6483
vn -0.2962 0.4212 0.8573
vn -0.4254 0.6026 0.6752
vn -0.5103 0.2838 0.8118
vn -0.7572 0.0442 0.6517
vn -0.7623 -0.0276 0.6467
vn -0.7995 0.0272 0.6001
vn -0.8023 0.0590 0.5940
vn -0.6083 0.0403 0.7927
vn -0.5531 0.4155 0.7221
vn -0.6902 -0.0242 0.7232
vn -0.6442 0.0510 0.7631
vn -0.2162 0.3041 0.9278
vn -0.5728 0.2549 0.7790
vn -0.7464 0.0612 0.6627
vn -0.6711 0.1291 0.7300
vn -0.7856 0.0384 0.6176
vn -0.7738 -0.5701 0.2760
vn -0.4382 -0.8933 0.0998
vn -0.6052 -0.7286 0.3208
vn -0.4064 -0.8775 0.2547
vn -0.0780 -0.9966 0.0262
vn 0.1191 -0.9927 -0.0201
vn -0.0523 -0.9920 0.1148
vn 0.1242 -0.9922 -0.0115
vn -0.0147 -0.8758 0.4824
vn 0.0527 -0.8512 0.5222
vn -0.0927 -0.8867 0.4530
vn 0.0650 -0.8920 0.4473
vn -0.3371 -0.9042 0.2623
vn -0.0206 -0.9654 0.2598
vn -0.5847 -0.8107 0.0301
vn -0.2054 -0.9784 0.0227
vn -0.7667 -0.6307 -0.1200
vn -0.4438 -0.8637 -0.2391
vn -0.8256 -0.5384 -0.1688
vn -0.5323 -0.6903 -0.4901
vn -0.8836 -0.4272 -0.1916
vn -0.7747 -0.4386 -0.4554
vn -0.2902 -0.8443 0.4504
vn -0.1386 -0.9430 0.3026
vn 0.0737 -0.9248 0.3733
vn 0.2003 -0.9580 0.2053
vn 0.1562 -0.9820 0.1066
vn 0.2742 -0.9611 -0.0321
vn 0.3499 -0.9366 0.0171
vn 0.3842 -0.9186 -0.0931
vn 0.2440 -0.9521 0.1842
vn 0.3977 -0.9155 0.0605
vn 0.2646 -0.9639 0.0301
vn 0.4930 -0.8700 -0.0044
vn 0.4825 -0.8489 -0.2159
vn 0.4996 -0.8566 -0.1287
vn 0.1066 -0.9693 -0.2216
vn 0.0068 -0.9133 -0.4073
vn 0.2648 -0.9589 -0.1024
vn 0.3399 -0.9278 -0.1541
vn 0.3124 -0.9349 -0.1684
vn 0.2500 -0.9593 -0.1313
vn 0.2791 -0.9459 -0.1652
vn 0.3491 -0.9252 -0.1491
vn 0.4023 -0.9017 -0.1585
vn 0.3060 -0.9249 -0.2256
vn 0.3582 -0.8837 -0.3013
vn 0.4609 -0.8216 -0.3356
vn 0.4997 -0.8466 -0.1831
vn 0.5685 -0.7922 -0.2221
vn 0.6724 -0.6823 -0.2868
vn 0.6844 -0.6681 -0.2918
vn 0.6463 -0.7009 -0.3016
vn 0.7161 -0.6606 -0.2254
vn 0.7219 -0.6496 -0.2383
vn 0.6864 -0.6677 -0.2880
vn 0.6755 -0.6657 -0.3170
vn 0.5871 -0.7078 -0.3929
vn 0.5561 -0.7383 -0.3816
vn 0.3492 -0.7917 -0.5013
vn 0.2706 -0.8389 -0.4723
vn 0.0843 -0.9188 -0.3855
vn -0.0892 -0.8961 -0.4349
vn 0.0678 -0.8385 -0.5407
vn 0.5358 -0.7848 -0.3115
vn 0.4199 -0.8727 -0.2492
vn 0.4303 -0.7625 -0.4832
vn 0.1664 -0.8044 -0.5703
vn 0.0717 -0.8232 -0.5632
vn 0.3131 -0.8002 -0.5115
vn -0.0541 -0.8317 -0.5525
vn -0.0761 -0.8408 -0.5359
vn -0.1424 -0.8830 -0.4473
vn -0.1301 -0.8861 -0.4449
vn 0.2823 -0.8513 -0.4423
vn 0.0555 -0.8537 -0.5178
vn 0.0162 -0.8817 -0.4716
vn 0.2044 -0.9000 -0.3851
vn -0.0790 -0.8525 -0.5167
vn -0.1604 -0.8776 -0.4517
vn -0.2188 -0.8590 -0.4629
vn -0.1029 -0.8630 -0.4946
vn -0.0906 -0.9130 -0.3977
vn -0.1470 -0.8671 -0.4759
vn -0.5296 -0.6465 -0.5491
vn -0.6101 -0.7146 -0.3422
vn 0.5308 -0.7769 -0.3386
vn 0.5665 -0.7497 -0.3422
vn 0.5971 -0.7608 -0.2542
vn 0.6346 -0.7286 -0.2578
vn 0.6032 -0.7253 -0.3317
vn 0.6801 -0.6920 -0.2421
vn 0.6792 -0.7111 -0.1815
vn 0.7241 -0.6788 -0.1220
vn 0.7168 -0.6941 -0.0658
vn 0.6461 -0.7541 -0.1177
vn 0.4979 -0.8424 -0.2060
vn 0.6211 -0.7723 -0.1333
vn 0.5671 -0.8188 -0.0890
vn 0.4418 -0.8901 -0.1119
vn 0.6160 -0.7786 -0.1200
vn 0.6479 -0.7530 -0.1146
vn 0.6247 -0.7653 -0.1550
vn 0.6659 -0.7318 -0.1448
vn 0.6392 -0.7593 -0.1222
vn 0.6747 -0.7316 -0.0977
vn 0.7130 -0.6909 -0.1192
vn 0.7152 -0.6956 -0.0674
vn 0.3601 -0.9130 -0.1917
vn 0.3018 -0.9293 -0.2128
vn 0.4300 -0.8945 -0.1222
vn 0.4647 -0.8740 -0.1418
vn 0.3780 -0.8974 -0.2275
vn 0.3214 -0.9000 -0.2944
vn 0.4551 -0.8890 -0.0502
vn 0.5096 -0.8578 -0.0675
vn 0.5459 -0.8301 -0.1137
vn 0.5620 -0.8097 -0.1690
vn 0.5150 -0.8340 -0.1983
vn 0.5001 -0.8524 -0.1527
vn 0.4511 -0.8690 -0.2035
vn 0.4125 -0.8750 -0.2535
vn 0.3433 -0.9251 -0.1621
vn 0.3673 -0.8895 -0.2719
vn -0.2473 0.9665 0.0689
vn -0.5157 0.8202 0.2477
vn -0.5626 0.8114 0.1583
vn -0.3418 0.9395 -0.0226
vn -0.6165 0.7717 0.1560
vn -0.3323 0.9427 -0.0286
vn -0.6038 0.7662 0.2198
vn -0.5640 0.7869 0.2502
vn -0.2949 0.9547 0.0400
vn -0.3020 0.9531 0.0177
vn -0.5180 0.8163 0.2556
vn -0.4983 0.8304 0.2495
vn -0.3223 0.9454 0.0482
vn -0.3045 0.9516 0.0422
vn -0.5382 0.8212 0.1895
vn -0.5484 0.8303 0.0994
vn -0.3784 0.9254 -0.0211
vn -0.4550 0.8860 -0.0895
vn -0.1327 0.9208 0.3667
vn -0.5283 0.8271 0.1919
vn -0.5339 0.8018 0.2685
vn -0.1574 0.9603 0.2302
vn 0.0845 0.8168 0.5707
vn 0.0234 0.9993 -0.0291
vn 0.2228 0.9250 -0.3080
vn -0.0354 0.9850 -0.1686
vn 0.0349 0.9702 -0.2397
vn 0.2587 0.9038 -0.3408
vn 0.0797 0.9675 -0.2399
vn 0.2154 0.9103 -0.3536
vn 0.0509 0.9630 -0.2648
vn 0.1391 0.9437 -0.3000
vn 0.0626 0.9764 -0.2069
vn 0.0131 0.9814 -0.1916
vn -0.1492 0.9543 -0.2591
vn -0.0496 0.9708 -0.2349
vn -0.0582 0.9786 -0.1975
vn -0.1291 0.9696 -0.2077
vn -0.3091 0.9258 -0.2175
vn -0.2510 0.9450 -0.2096
vn -0.4501 0.8693 -0.2044
vn -0.5167 0.8356 -0.1862
vn -0.1127 0.9688 -0.2206
vn -0.0132 0.9610 -0.2762
vn -0.3916 0.8343 0.3880
vn -0.5107 0.8372 0.1957
vn -0.4523 0.8917 -0.0155
vn -0.4597 0.8881 0.0001
vn -0.1172 0.9696 -0.2150
vn -0.1682 0.9657 -0.1977
vn -0.6250 0.7695 0.1314
vn -0.6140 0.7768 0.1398
vn -0.5831 0.8052 0.1081
vn -0.5866 0.8032 0.1037
vn -0.5305 0.8477 0.0060
vn -0.4595 0.8880 -0.0176
vn -0.2289 0.9589 -0.1679
vn -0.3358 0.9317 -0.1383
vn -0.6678 0.7373 0.1022
vn -0.6294 0.7665 0.1280
vn -0.5983 0.7927 0.1166
vn -0.6486 0.7528 0.1119
vn -0.4731 0.8756 -0.0978
vn -0.6161 0.7867 0.0400
vn -0.6000 0.7988 -0.0429
vn -0.6576 0.7487 0.0837
vn -0.6898 0.7188 0.0871
vn -0.6940 0.7093 0.1236
vn -0.6609 0.7360 0.1468
vn -0.6302 0.7655 0.1299
vn -0.5596 0.8151 0.1502
vn -0.5466 0.8170 0.1838
vn -0.5853 0.8053 0.0941
vn -0.5403 0.8381 0.0759
vn -0.5155 0.8489 0.1169
vn -0.5204 0.8309 0.1971
vn -0.5548 0.8274 -0.0873
vn -0.5876 0.8092 0.0045
vn -0.5320 0.8466 0.0145
vn -0.5132 0.8574 -0.0375
vn -0.4996 0.8638 0.0647
vn -0.5296 0.8266 0.1907
vn -0.4969 0.8676 0.0190
vn -0.5590 0.8111 0.1723
vn -0.5248 0.8445 -0.1068
vn -0.4967 0.8648 -0.0737
vn -0.5130 0.8540 -0.0866
vn -0.5357 0.8335 -0.1354
vn -0.5504 0.8337 0.0444
vn -0.6192 0.7852 -0.0048
vn -0.5242 0.8507 -0.0391
vn -0.6211 0.7726 0.1321
vn -0.5893 0.7971 -0.1315
vn -0.7260 0.6854 0.0567
vn -0.7335 0.6760 -0.0711
vn -0.8380 0.5419 -0.0646
vn -0.7159 0.6516 -0.2506
vn -0.6349 0.7390 -0.2254
vn -0.8805 0.4647 -0.0938
vn -0.8305 0.5558 -0.0368
vn -0.6829 0.6934 -0.2299
vn -0.7483 0.5989 -0.2854
vn -0.8847 0.4660 -0.0112
vn -0.9599 0.2802 -0.0019
vn -0.8379 0.4353 -0.3294
vn -0.7566 0.6007 -0.2584
vn -0.9608 -0.2152 -0.1750
vn -0.8579 -0.0793 -0.5077
vn -0.7908 0.5398 -0.2885
vn -0.8635 0.3408 -0.3717
vn -0.9519 0.1853 -0.2440
vn -0.9001 0.4184 -0.1216
vn -0.1905 -0.8500 -0.4912
vn -0.2963 -0.8284 -0.4753
vn -0.4730 -0.7308 -0.4922
vn -0.4498 -0.7045 -0.5489
vn -0.8105 -0.2090 -0.5471
vn -0.8234 -0.3540 -0.4435
vn -0.2584 -0.2813 0.9242
vn -0.0494 0.3991 0.9156
vn 0.2056 -0.1080 0.9727
vn 0.0619 -0.4428 0.8945
vn 0.3284 0.0630 0.9424
vn 0.0525 -0.4273 0.9026
vn -0.2564 -0.6035 0.7550
vn -0.3946 -0.6347 0.6645
vn -0.3711 -0.5448 0.7520
vn -0.4515 -0.5291 0.7185
vn -0.3589 -0.6358 0.6833
vn -0.2863 -0.5988 0.7480
vn -0.3959 -0.5285 0.7510
vn -0.3476 -0.5132 0.7847
vn -0.2552 -0.5358 0.8049
vn -0.2463 -0.4621 0.8519
vn -0.3284 -0.4829 0.8117
vn -0.3040 -0.4414 0.8442
vn -0.1975 0.9265 0.3203
vn 0.2011 0.9782 0.0526
vn 0.4551 0.8692 -0.1934
vn 0.1848 0.9714 0.1488
vn 0.5140 0.8497 -0.1177
vn 0.7427 0.5942 -0.3088
vn 0.7055 0.5248 -0.4763
vn 0.5868 0.7146 -0.3808
vn 0.4218 0.3587 0.8327
vn 0.1122 -0.3942 0.9121
vn 0.5817 0.6242 0.5215
vn 0.3254 -0.4395 0.8372
vn -0.4376 -0.5000 0.7473
vn -0.4550 -0.5805 0.6753
vn -0.4658 -0.5145 0.7200
vn -0.4777 -0.4528 0.7528
vn -0.4209 -0.4676 0.7773
vn -0.3971 -0.5149 0.7598
vn -0.3546 -0.5233 0.7749
vn -0.3870 -0.4525 0.8034
vn -0.3548 -0.4427 0.8235
vn -0.3047 -0.4514 0.8387
vn -0.2856 -0.5476 0.7865
vn -0.2104 -0.5571 0.8034
vn -0.1983 -0.8208 0.5357
vn -0.1253 -0.7283 0.6737
vn -0.1441 -0.7458 0.6504
vn -0.0472 -0.8511 0.5229
vn -0.2267 -0.7077 0.6692
vn -0.0840 -0.8363 0.5418
vn -0.4058 -0.6823 0.6081
vn -0.3094 -0.6779 0.6669
vn -0.1947 -0.8110 0.5516
vn -0.3298 -0.8012 0.4993
vn 0.7923 -0.5646 -0.2313
vn 0.8628 -0.1493 -0.4830
vn 0.7821 -0.5785 -0.2316
vn 0.8852 -0.1114 -0.4517
vn 0.8492 0.1976 -0.4897
vn 0.8068 0.2508 -0.5349
vn 0.7348 -0.6745 -0.0716
vn 0.9099 -0.3134 -0.2720
vn 0.7904 0.4034 -0.4609
vn 0.8673 0.4633 -0.1824
vn 0.9544 0.0313 -0.2968
vn 0.7286 -0.6118 0.3080
vn 0.7687 0.6197 0.1582
vn 0.5208 -0.5158 0.6802
vn -0.4157 -0.6902 0.5923
vn -0.2869 -0.8085 0.5139
vn 0.9576 -0.2017 -0.2056
vn 0.9154 -0.4023 0.0154
vn 0.9496 -0.2990 -0.0938
vn 0.9503 -0.2850 -0.1252
vn 0.7143 0.2884 0.6376
vn 0.1940 0.7335 0.6514
vn 0.4562 0.8193 0.3474
vn 0.9035 0.4162 0.1018
vn 0.9518 -0.2225 0.2110
vn 0.9947 -0.0538 -0.0873
vn 0.7399 0.6608 -0.1263
vn 0.8356 0.4036 -0.3726
vn 0.7675 0.2723 -0.5803
vn 0.7378 0.1313 -0.6621
vn 0.6202 -0.1384 -0.7721
vn 0.5843 -0.1698 -0.7936
vn 0.3310 -0.6505 -0.6835
vn 0.3569 -0.5974 -0.7181
vn 0.0822 -0.9039 -0.4198
vn 0.1167 -0.8558 -0.5040
vn 0.1778 -0.8755 -0.4494
vn 0.2124 -0.8920 -0.3991
vn 0.3034 -0.7498 -0.5880
vn 0.3000 -0.8159 -0.4942
vn 0.2461 -0.9078 -0.3396
vn 0.2177 -0.9334 -0.2854
vn 0.3503 -0.8440 -0.4062
vn 0.3388 -0.8361 -0.4315
vn 0.1706 -0.9610 -0.2176
vn 0.1304 -0.9855 -0.1087
vn 0.3995 -0.8739 -0.2770
vn 0.3662 -0.8577 -0.3610
vn 0.1285 -0.9917 0.0077
vn 0.4152 -0.8920 -0.1787
vn 0.1892 -0.9743 0.1225
vn 0.4259 -0.9006 -0.0871
vn 0.2602 -0.9488 0.1791
vn 0.4300 -0.9011 -0.0559
vn 0.3295 -0.9352 0.1294
vn 0.4251 -0.8990 -0.1053
vn 0.4130 -0.9106 -0.0138
vn 0.4058 -0.8844 -0.2307
vn 0.5465 -0.8168 -0.1847
vn 0.4654 -0.8007 -0.3773
vn 0.0496 -0.9279 0.3695
vn 0.2183 -0.9233 0.3161
vn 0.6923 -0.7157 0.0921
vn 0.7454 -0.6652 0.0424
vn -0.4013 -0.8225 0.4031
vn -0.3175 -0.8494 0.4215
vn -0.2591 -0.8970 0.3582
vn -0.3567 -0.8566 0.3729
vn -0.2372 -0.7624 0.6021
vn -0.0741 -0.8129 0.5776
vn -0.1569 -0.8323 0.5316
vn -0.2875 -0.8130 0.5063
vn -0.3726 -0.7126 0.5945
vn -0.1943 -0.7862 0.5867
vn -0.3078 -0.7055 0.6384
vn -0.3524 -0.6899 0.6323
vn 0.9587 -0.2762 -0.0670
vn 0.9646 0.0033 -0.2635
vn 0.8325 -0.5477 0.0838
vn 0.5602 -0.7667 0.3136
vn 0.8679 0.0838 -0.4896
vn 0.9154 -0.4012 -0.0331
vn 0.7707 -0.0407 -0.6359
vn 0.8619 -0.4698 -0.1907
vn 0.6479 -0.2306 -0.7260
vn 0.6927 -0.6206 -0.3673
vn 0.5353 -0.3925 -0.7479
vn 0.5665 -0.6787 -0.4674
vn 0.4882 -0.5164 -0.7036
vn 0.5132 -0.6947 -0.5040
vn 0.4634 -0.6071 -0.6456
vn 0.4634 -0.7073 -0.5338
vn 0.4489 -0.6398 -0.6238
vn 0.4693 -0.7258 -0.5030
vn 0.4754 -0.6820 -0.5557
vn 0.5484 -0.7394 -0.3906
vn 0.5754 -0.8010 -0.1653
vn 0.5721 -0.7701 -0.2823
vn 0.4871 -0.7368 -0.4689
vn 0.5452 -0.7613 -0.3508
vn 0.5676 -0.8206 -0.0660
vn 0.5717 -0.8161 -0.0849
vn 0.5895 -0.7723 -0.2368
vn 0.5921 -0.7899 -0.1596
vn 0.4913 -0.8585 -0.1472
vn 0.5463 -0.8317 -0.0991
vn 0.5482 -0.8242 -0.1423
vn 0.4923 -0.8529 -0.1740
vn 0.2954 -0.9117 -0.2857
vn 0.4262 -0.8803 -0.2084
vn 0.3766 -0.8939 -0.2431
vn 0.2540 -0.9042 -0.3434
vn 0.4703 -0.8749 -0.1160
vn 0.3952 -0.8968 -0.1987
vn 0.3929 -0.8838 -0.2539
vn 0.4947 -0.8449 -0.2037
vn 0.2343 -0.9189 -0.3175
vn 0.2190 -0.9173 -0.3327
vn 0.3165 -0.9265 0.2033
vn 0.4026 -0.9084 0.1131
vn 0.3867 -0.9127 0.1322
vn 0.3848 -0.9187 0.0895
vn 0.4291 -0.9028 0.0272
vn 0.4753 -0.8523 -0.2186
vn 0.4954 -0.8675 -0.0457
vn 0.5027 -0.8410 -0.2002
vn 0.3300 -0.9396 0.0908
vn 0.3603 -0.9328 -0.0062
vn 0.4023 -0.9117 0.0837
vn 0.3488 -0.9239 0.1572
vn 0.4850 -0.8742 0.0224
vn 0.5738 -0.8008 -0.1719
vn 0.5647 -0.8051 -0.1817
vn 0.4831 -0.8741 -0.0515
vn 0.2212 -0.9711 -0.0899
vn 0.2526 -0.9491 -0.1879
vn 0.2808 -0.9504 -0.1334
vn 0.2605 -0.9654 -0.0118
vn 0.3910 -0.9074 -0.1542
vn 0.4383 -0.8652 -0.2436
vn 0.3155 -0.9005 -0.2992
vn 0.2973 -0.9296 -0.2179
vn 0.2776 -0.9606 -0.0104
vn 0.3547 -0.9348 -0.0204
vn 0.2949 -0.9467 -0.1294
vn 0.2349 -0.9687 -0.0804
vn 0.2511 -0.9457 -0.2065
vn 0.2638 -0.9547 -0.1376
vn 0.2579 -0.9097 -0.3256
vn 0.2813 -0.9043 -0.3210
vn 0.4429 -0.8867 0.1325
vn 0.3384 -0.9348 0.1079
vn 0.3740 -0.8864 0.2726
vn 0.5415 -0.7575 0.3646
vn 0.2941 -0.9551 -0.0372
vn 0.2725 -0.9587 0.0808
vn 0.3195 -0.8975 -0.3038
vn 0.3092 -0.9015 -0.3029
vn 0.5294 -0.6365 0.5609
vn 0.3333 -0.8205 0.4645
vn 0.1541 -0.7710 0.6179
vn 0.3558 -0.6710 0.6505
vn 0.2153 -0.9549 0.2047
vn 0.1356 -0.9460 0.2946
vn 0.2894 -0.9058 -0.3096
vn 0.2759 -0.9120 -0.3035
vn -0.1924 -0.7683 0.6105
vn -0.2083 -0.8056 0.5546
vn 0.0761 -0.7492 0.6580
vn -0.0224 -0.7364 0.6761
vn 0.0825 -0.9215 0.3796
vn 0.2994 -0.9076 -0.2945
vn 0.2665 -0.9076 -0.3244
vn -0.0155 -0.9340 0.3568
vn -0.4182 -0.7958 0.4380
vn -0.3360 -0.8212 0.4612
vn -0.3263 -0.8853 0.3313
vn -0.4318 -0.8091 0.3985
vn -0.1209 -0.9697 0.2124
vn 0.1294 -0.9205 -0.3688
vn 0.0494 -0.9209 -0.3867
vn -0.1361 -0.9885 0.0659
vn -0.3587 -0.8385 0.4101
vn -0.2564 -0.9295 0.2652
vn -0.2561 -0.9449 0.2040
vn -0.3351 -0.8298 0.4462
vn -0.0928 -0.9957 0.0020
vn 0.0344 -0.9232 -0.3829
vn -0.0005 -0.9210 -0.3897
vn -0.1087 -0.9922 -0.0609
vn -0.3451 -0.8088 0.4761
vn -0.2391 -0.9545 0.1785
vn -0.2170 -0.9618 0.1671
vn -0.3143 -0.8094 0.4961
vn -0.1155 -0.9876 -0.1065
vn -0.0332 -0.9197 -0.3911
vn -0.1111 -0.9864 -0.1214
vn -0.0482 -0.9221 -0.3840
vn -0.0967 0.6483 0.7552
vn -0.0004 0.9073 0.4205
vn -0.1568 0.2612 0.9525
vn -0.2437 0.1478 0.9585
vn -0.1909 0.5460 0.8157
vn -0.0563 0.9135 0.4030
vn 0.0624 0.5734 0.8169
vn 0.1938 0.7024 0.6849
vn 0.0387 0.5982 0.8004
vn 0.2959 0.8426 0.4499
vn 0.2069 0.8734 0.4409
vn 0.0857 0.8967 0.4342
vn -0.1150 0.4590 0.8810
vn -0.1191 0.3917 0.9123
vn -0.2110 0.1893 0.9590
vn -0.2975 0.3961 0.8687
vn -0.1527 0.4447 0.8826
vn -0.1189 0.6334 0.7647
vn -0.2210 0.5701 0.7913
vn 0.1270 0.6412 0.7568
vn 0.1317 0.5386 0.8322
vn 0.1107 0.6111 0.7838
vn -0.1092 0.6438 0.7574
vn -0.1527 0.6125 0.7756
vn -0.1586 0.4817 0.8618
vn -0.0081 0.9091 0.4165
vn -0.2425 0.1046 0.9645
vn -0.2256 -0.0081 0.9742
vn -0.2750 -0.0364 0.9608
vn -0.2664 0.0290 0.9634
vn -0.1546 0.0710 0.9854
vn -0.3250 0.0941 0.9410
vn -0.2840 0.0669 0.9565
vn -0.0526 0.2499 0.9668
vn -0.2279 0.1687 0.9590
vn -0.3360 0.1798 0.9245
vn -0.2223 -0.0842 0.9713
vn -0.2223 -0.2981 0.9283
vn -0.2265 -0.3504 0.9088
vn -0.1743 -0.1268 0.9765
vn -0.2383 -0.3672 0.8991
vn -0.1294 -0.1512 0.9800
vn 0.4774 0.6608 0.5792
vn 0.5436 0.4827 0.6867
vn 0.4222 0.7575 0.4980
vn 0.7151 0.6376 0.2865
vn 0.5129 0.8418 0.1684
vn 0.8544 0.2691 0.4445
vn -0.0839 -0.7040 0.7052
vn -0.3196 -0.1775 0.9308
vn -0.0095 -0.2921 0.9563
vn 0.2246 -0.6984 0.6796
vn -0.4255 0.2867 0.8583
vn -0.1454 0.1668 0.9752
vn 0.1709 -0.9182 0.3574
vn 0.4103 -0.9115 0.0292
vn 0.3110 -0.8919 0.3284
vn 0.4882 -0.8702 0.0661
vn 0.4867 -0.8734 -0.0158
vn 0.5390 -0.8414 0.0397
vn 0.6322 -0.7727 0.0573
vn 0.5285 -0.8005 0.2827
vn 0.5943 -0.7983 0.0973
vn 0.6673 -0.7374 0.1043
vn 0.7240 -0.6882 0.0477
vn 0.6544 -0.7167 0.2408
vn 0.4696 -0.8449 0.2560
vn 0.4866 -0.7714 0.4101
vn 0.5937 -0.7506 0.2901
vn 0.5580 -0.7878 0.2607
vn 0.6847 -0.6340 0.3595
vn 0.7588 -0.6186 0.2041
vn 0.5761 -0.5155 0.6343
vn 0.6817 -0.3805 0.6249
vn 0.7966 -0.4912 0.3523
vn 0.8886 -0.4196 0.1853
vn 0.7958 -0.1501 0.5867
vn 0.9024 -0.2255 0.3673
vn 0.9331 0.2112 0.2911
vn 0.9707 -0.1122 0.2124
vn 0.9080 0.3773 0.1823
vn 0.4184 0.9061 0.0628
vn 0.7275 0.6698 0.1486
vn 0.6228 0.7796 0.0667
vn 0.3553 0.9321 -0.0697
vn 0.1251 0.7305 -0.6714
vn 0.2270 0.9455 -0.2336
vn 0.1346 0.6204 -0.7727
vn 0.4094 0.5607 -0.7197
vn 0.3229 0.7747 -0.5436
vn 0.7870 0.4347 -0.4378
vn 0.8303 0.5490 -0.0963
vn 0.5722 0.7554 -0.3193
vn 0.6219 0.4883 -0.6122
vn -0.2851 -0.0159 0.9584
vn -0.2305 -0.1519 0.9611
vn -0.2611 -0.2027 0.9438
vn -0.2639 -0.0389 0.9638
vn 0.0836 0.4089 0.9087
vn -0.0005 0.4809 0.8768
vn -0.0488 0.2097 0.9765
vn 0.0470 0.1804 0.9825
vn -0.1893 0.2050 0.9603
vn -0.1182 0.4897 0.8638
vn -0.0962 0.3966 0.9129
vn -0.1337 0.5087 0.8505
vn -0.0229 0.5459 0.8375
vn 0.0187 0.4488 0.8934
vn -0.0985 0.6267 0.7730
vn -0.2905 0.2265 0.9297
vn -0.2873 0.1161 0.9508
vn -0.2525 0.1365 0.9579
vn -0.2389 0.3404 0.9094
vn 0.0413 0.5220 0.8519
vn -0.1323 0.6237 0.7704
vn -0.2015 0.5432 0.8151
vn -0.0989 0.4209 0.9017
vn 0.3019 -0.0933 0.9488
vn 0.3089 0.0657 0.9488
vn -0.0132 0.2751 0.9613
vn 0.4854 0.2128 0.8480
vn -0.3323 0.3101 0.8907
vn -0.1253 0.2911 0.9485
vn -0.1166 0.1564 0.9808
vn -0.0236 0.2175 0.9758
vn 0.0917 -0.0019 0.9958
vn 0.0927 0.0710 0.9932
vn 0.2565 -0.1605 0.9531
vn 0.0629 -0.0347 0.9974
vn 0.0809 -0.2158 0.9731
vn -0.1676 -0.0369 0.9852
vn -0.0187 0.2204 0.9752
vn 0.0414 0.1424 0.9889
vn -0.0911 0.1259 0.9879
vn -0.1495 0.2248 0.9629
vn -0.2516 0.1222 0.9601
vn -0.2819 0.2412 0.9286
vn -0.2531 0.4029 0.8796
vn -0.1825 0.3571 0.9161
vn -0.0755 0.2959 0.9522
vn -0.4468 -0.2829 0.8487
vn -0.6730 0.0083 0.7396
vn -0.4496 -0.2984 0.8419
vn -0.6481 -0.0526 0.7597
vn -0.8342 0.3345 0.4384
vn -0.8214 0.5704 0.0043
vn -0.8454 0.2223 0.4856
vn -0.8939 0.4456 0.0488
vn -0.4540 0.6187 -0.6411
vn -0.4116 0.6984 -0.5856
vn -0.5535 0.6966 -0.4565
vn -0.6846 0.5960 -0.4195
vn -0.0990 0.7014 -0.7058
vn -0.1066 0.7350 -0.6697
vn -0.4036 0.7138 -0.5723
vn -0.3962 0.6474 -0.6511
vn 0.8869 0.2321 -0.3994
vn 0.9497 0.0151 -0.3129
vn 0.9791 -0.1968 -0.0509
vn 0.9878 0.1549 -0.0136
vn 0.7766 -0.6065 0.1704
vn 0.6652 -0.7105 0.2295
vn 0.8568 -0.5140 0.0406
vn 0.9482 -0.3024 -0.0971
vn 0.7273 0.3532 -0.5884
vn 0.6055 0.4923 -0.6254
vn 0.2955 0.6584 -0.6922
vn 0.3724 0.6106 -0.6989
vn 0.7725 0.3397 -0.5366
vn 0.8732 0.1689 -0.4571
vn 0.7140 0.4479 -0.5382
vn 0.7066 0.3906 -0.5901
vn 0.3805 0.6089 -0.6961
vn 0.3853 0.6262 -0.6778
vn 0.5953 -0.7539 0.2780
vn 0.6930 -0.7077 0.1378
vn 0.6409 -0.7165 0.2753
vn 0.7153 -0.6829 0.1484
vn 0.9496 -0.1128 -0.2925
vn 0.8771 -0.4787 0.0393
vn 0.9105 0.0541 -0.4100
vn 0.9392 -0.3401 -0.0472
vn 0.9030 0.1407 -0.4060
vn 0.9682 -0.2482 -0.0323
vn 0.9152 0.2223 -0.3363
vn 0.9837 -0.1696 0.0603
vn 0.7773 -0.6290 0.0099
vn 0.7814 -0.6225 0.0432
vn 0.7114 -0.6528 0.2603
vn 0.7807 -0.5773 0.2391
vn 0.7573 -0.6304 0.1705
vn 0.8021 -0.5673 0.1865
vn 0.8325 -0.4963 0.2463
vn 0.8600 -0.4749 0.1867
vn 0.8586 -0.4033 0.3166
vn 0.9012 -0.3485 0.2576
vn 0.2895 -0.6665 0.6870
vn 0.1550 -0.5940 0.7894
vn 0.1076 -0.6199 0.7773
vn 0.3058 -0.7189 0.6243
vn -0.1032 -0.5137 0.8517
vn 0.0010 -0.5212 0.8534
vn 0.4117 -0.7775 0.4754
vn 0.4411 -0.7387 0.5097
vn 0.8137 -0.5763 0.0763
vn 0.6915 -0.6600 0.2938
vn 0.8508 -0.5143 0.1080
vn 0.7213 -0.5937 0.3568
vn 0.8858 -0.4292 0.1764
vn 0.7378 -0.4896 0.4647
vn 0.8932 -0.3063 0.3293
vn 0.7371 -0.3335 0.5878
vn -0.4107 -0.3084 0.8580
vn -0.6554 -0.1160 0.7463
vn -0.1739 -0.3928 0.9030
vn -0.3776 -0.2410 0.8940
vn 0.4649 -0.6789 0.5683
vn 0.2577 -0.5990 0.7582
vn 0.4744 -0.6008 0.6434
vn 0.2399 -0.5017 0.8311
vn 0.1535 -0.5046 0.8496
vn 0.1142 -0.3870 0.9150
vn 0.4873 -0.4711 0.7353
vn 0.2440 -0.3859 0.8897
vn 0.5084 -0.3243 0.7977
vn 0.2686 -0.3096 0.9122
vn 0.1073 -0.3203 0.9412
vn -0.2323 -0.2457 0.9411
vn 0.1223 -0.3228 0.9385
vn -0.1663 -0.3193 0.9329
vn -0.8765 0.0598 0.4776
vn -0.9605 0.2725 0.0555
vn -0.8178 -0.0376 0.5742
vn -0.9639 0.2291 0.1357
vn -0.8038 0.4780 -0.3542
vn -0.8406 0.4677 -0.2731
vn -0.5654 0.5973 -0.5687
vn -0.5080 0.5833 -0.6338
vn -0.7219 -0.0941 0.6856
vn -0.9468 0.2148 0.2395
vn -0.6719 -0.1430 0.7267
vn -0.9271 0.2098 0.3105
vn -0.3610 0.6171 -0.6992
vn -0.3434 0.6424 -0.6851
vn -0.0071 0.7026 -0.7115
vn -0.0629 0.6830 -0.7277
vn -0.8593 0.4790 -0.1793
vn -0.6102 0.6236 -0.4887
vn -0.8644 0.4935 -0.0958
vn -0.6302 0.6597 -0.4095
vn 0.4069 0.6493 -0.6425
vn 0.4524 0.6682 -0.5906
vn 0.7490 0.5401 -0.3837
vn 0.7261 0.5095 -0.4617
vn 0.1497 0.7683 -0.6224
vn 0.0706 0.7337 -0.6758
vn -0.3308 0.6857 -0.6484
vn -0.3039 0.7465 -0.5919
vn 0.9550 -0.0029 0.2966
vn 0.9815 -0.0703 0.1779
vn 0.9162 0.3228 -0.2374
vn 0.9315 0.3482 -0.1057
vn 0.8219 -0.2529 0.5104
vn 0.8794 -0.2619 0.3976
vn 0.8416 -0.3275 0.4294
vn 0.8073 -0.2672 0.5262
vn 0.5042 0.6759 -0.5376
vn 0.5417 0.6809 -0.4929
vn 0.8120 0.5153 -0.2742
vn 0.7768 0.5437 -0.3178
vn 0.8270 -0.2331 0.5117
vn 0.6824 -0.2439 0.6891
vn 0.7310 -0.2529 0.6337
vn 0.6279 -0.2719 0.7293
vn 0.9527 0.2982 0.0589
vn 0.9722 0.1549 0.1755
vn 0.7588 -0.2179 0.6138
vn 0.8829 -0.0549 0.4664
vn 0.7199 -0.2791 0.6355
vn 0.6283 -0.3158 0.7109
vn 0.5116 -0.2640 0.8177
vn 0.3179 -0.3096 0.8962
vn 0.5200 -0.3057 0.7976
vn 0.3912 -0.3493 0.8515
vn 0.1973 -0.3695 0.9080
vn -0.0581 -0.3795 0.9234
vn 0.3106 -0.4014 0.8616
vn 0.1296 -0.4079 0.9038
vn 0.5470 -0.3440 0.7632
vn 0.5034 -0.3632 0.7840
vn 0.4506 -0.4053 0.7954
vn 0.3558 -0.4119 0.8389
vn 0.7145 -0.2776 0.6422
vn 0.6555 -0.2949 0.6952
vn 0.9618 0.1037 0.2532
vn 0.8356 0.5088 -0.2071
vn 0.8472 0.5146 -0.1316
vn 0.9400 0.1002 0.3262
vn 0.8917 0.1378 0.4311
vn 0.5872 -0.2673 0.7640
vn 0.8300 0.5555 -0.0503
vn 0.7253 0.6726 0.1466
vn 0.6203 0.3971 0.6764
vn 0.3665 -0.0774 0.9272
vn 0.5775 0.6905 -0.4355
vn 0.2148 0.8006 -0.5594
vn 0.6032 0.7112 -0.3610
vn 0.2362 0.8455 -0.4789
vn -0.2600 0.8040 -0.5348
vn -0.2390 0.8559 -0.4586
vn -0.6171 0.6958 -0.3674
vn -0.5871 0.7357 -0.3377
vn 0.0847 -0.3224 0.9428
vn -0.3007 0.0107 0.9536
vn -0.7289 0.2555 0.6351
vn -0.2992 -0.1985 0.9333
vn -0.5592 -0.1710 0.8112
vn -0.8770 0.2193 0.4275
vn -0.8529 0.5212 -0.0302
vn -0.7852 0.6192 -0.0107
vn -0.4244 0.8710 -0.2476
vn -0.5519 0.7764 0.3043
vn -0.0405 0.9955 -0.0861
vn 0.1436 0.9231 -0.3568
vn -0.1311 0.6781 0.7232
vn 0.3279 0.9425 0.0650
vn 0.5486 0.7901 -0.2734
vn -0.5323 0.7706 0.3504
vn -0.3845 0.8555 0.3469
vn -0.3005 0.6503 0.6977
vn -0.4851 0.5249 0.6994
vn -0.4480 0.2083 0.8694
vn -0.3956 0.2435 0.8856
vn -0.3716 0.1647 0.9137
vn -0.3377 0.1648 0.9267
vn -0.2714 0.4628 0.8439
vn -0.2703 0.4640 0.8436
vn -0.2769 0.9562 0.0948
vn -0.2734 0.9603 0.0555
vn -0.2740 0.9420 0.1939
vn -0.3264 0.9081 0.2624
vn -0.1883 0.9177 0.3499
vn -0.0919 0.9584 0.2702
vn 0.0377 0.9456 0.3232
vn -0.0467 0.9071 0.4183
vn -0.0745 0.8242 0.5613
vn -0.0516 0.8454 0.5316
vn -0.3189 0.9478 0.0018
vn -0.3654 0.9297 -0.0455
vn -0.2442 0.9677 -0.0625
vn -0.2729 0.9595 0.0703
vn -0.3087 0.2063 0.9285
vn -0.2844 0.4942 0.8215
vn -0.2514 0.5055 0.8254
vn -0.2795 0.2421 0.9291
vn -0.0566 0.9906 0.1243
vn 0.0157 0.9992 -0.0378
vn 0.0637 0.9879 0.1416
vn 0.0324 0.9750 0.2198
vn -0.0757 0.8707 0.4860
vn -0.0551 0.8826 0.4669
vn -0.3957 0.9153 -0.0757
vn -0.1568 0.9658 -0.2066
vn -0.2891 0.9504 -0.1148
vn 0.0822 0.9424 -0.3243
vn -0.2985 0.2295 0.9264
vn -0.2527 0.4703 0.8455
vn -0.3222 0.4081 0.8542
vn -0.3528 0.1934 0.9155
vn 0.1248 0.9680 -0.2177
vn 0.1289 0.9875 0.0904
vn 0.2292 0.9266 -0.2981
vn 0.0986 0.9921 0.0772
vn -0.0343 0.8649 0.5008
vn -0.1325 0.8283 0.5444
vn -0.1038 0.9737 -0.2026
vn 0.1284 0.8815 -0.4544
vn 0.0097 0.9582 -0.2859
vn 0.0166 0.8666 -0.4988
vn 0.0916 0.9308 -0.3539
vn -0.0992 0.9920 0.0777
vn -0.1224 0.9335 -0.3370
vn -0.2826 0.9535 0.1049
vn -0.1276 0.9867 -0.1004
vn 0.0842 0.9774 -0.1939
vn 0.1828 0.9827 -0.0309
vn 0.2231 0.9709 0.0868
vn 0.0573 0.9485 -0.3115
vn -0.1123 0.9059 -0.4084
vn -0.2890 0.9365 -0.1987
vn -0.3702 0.9119 0.1771
vn -0.3386 0.9401 0.0387
vn -0.3653 0.8992 0.2410
vn -0.3805 0.1822 0.9066
vn -0.3991 0.3681 0.8398
vn -0.3829 0.3905 0.8372
vn -0.3165 0.2170 0.9234
vn -0.3128 0.7683 0.5584
vn -0.4140 0.7190 0.5582
vn 0.3194 0.8521 0.4147
vn 0.2328 0.5937 0.7703
vn 0.1472 0.6427 0.7518
vn 0.0317 0.9212 0.3879
vn -0.1278 0.0709 0.9893
vn -0.0180 0.1557 0.9876
vn -0.0434 0.1606 0.9861
vn 0.0166 0.2330 0.9723
vn -0.2164 0.8590 0.4641
vn -0.2823 0.7717 0.5699
vn -0.0376 0.6412 0.7664
vn -0.1040 0.5225 0.8463
vn 0.0823 0.3697 0.9255
vn 0.0932 0.3070 0.9471
vn 0.0360 0.4459 0.8944
vn -0.0112 0.3369 0.9415
vn -0.1613 0.2956 0.9416
vn -0.0646 0.2165 0.9741
vn -0.2701 0.4624 0.8445
vn -0.0437 0.2363 0.9707
vn -0.3930 0.7133 0.5803
vn -0.3392 -0.9393 -0.0510
vn -0.3014 -0.9140 0.2716
vn -0.2438 -0.8530 -0.4615
vn 0.2919 -0.9044 -0.3112
vn 0.2441 -0.9642 -0.1040
vn 0.2186 -0.9725 0.0804
vn -0.0341 -0.9330 0.3582
vn 0.4461 -0.8805 0.1602
vn 0.5981 -0.7939 0.1099
vn 0.2701 -0.9133 0.3049
vn 0.5652 -0.8250 -0.0047
vn 0.6014 -0.7862 -0.1419
vn 0.7480 -0.6627 -0.0365
vn 0.7143 -0.6998 0.0006
vn 0.4818 -0.8381 0.2558
vn 0.4642 -0.8470 0.2590
vn 0.6709 -0.7392 0.0599
vn 0.5629 -0.8265 0.0051
vn 0.1684 -0.9641 0.2053
vn 0.3946 -0.9140 -0.0944
vn 0.5746 -0.7830 -0.2384
vn 0.7133 -0.6506 -0.2607
vn 0.6108 -0.7816 -0.1265
vn 0.6254 -0.7681 -0.1374
vn 0.6425 -0.7563 -0.1237
vn 0.6561 -0.7461 -0.1136
vn 0.6827 -0.6766 -0.2761
vn 0.5898 -0.7164 -0.3727
vn 0.2704 -0.8960 -0.3522
vn 0.3109 -0.9027 -0.2975
vn 0.7336 -0.6772 -0.0563
vn 0.7414 -0.6679 -0.0641
vn -0.7142 -0.6657 -0.2165
vn -0.7578 -0.5266 -0.3853
vn -0.8137 -0.5695 -0.1169
vn -0.6960 -0.6993 0.1632
vn -0.4953 -0.7056 0.5068
vn -0.4678 -0.6451 0.6042
vn -0.4086 -0.8448 0.3455
vn -0.4967 -0.8350 0.2366
vn -0.1824 -0.5046 0.8439
vn -0.1992 -0.8306 0.5200
vn -0.2852 -0.9585 -0.0013
vn -0.3934 -0.9193 0.0141
vn -0.4632 -0.8855 0.0351
vn -0.6741 -0.7085 0.2089
vn -0.7514 -0.6562 0.0702
vn -0.6664 -0.7018 0.2519
vn -0.2058 0.3024 0.9307
vn -0.3040 0.3278 0.8945
vn -0.2358 0.4295 0.8717
vn -0.1844 0.3480 0.9192
vn -0.1918 0.2822 0.9400
vn -0.3158 0.2400 0.9180
vn -0.1608 0.3169 0.9347
vn -0.2769 0.2285 0.9333
vn -0.2189 0.2633 0.9396
vn -0.0975 0.4212 0.9017
vn -0.1098 -0.2919 0.9501
vn -0.2653 -0.7044 0.6584
vn -0.2988 -0.5817 0.7565
vn -0.0869 -0.2409 0.9666
vn -0.4413 -0.8947 -0.0683
vn -0.3472 -0.9369 -0.0398
vn -0.6658 -0.5365 0.5185
vn -0.6028 -0.6874 0.4051
vn -0.7253 -0.6842 -0.0759
vn -0.8522 -0.5233 -0.0039
vn -0.9224 -0.3826 -0.0538
vn -0.8318 -0.5482 0.0866
vn -0.8795 -0.4272 -0.2099
vn -0.8862 -0.3449 -0.3093
vn -0.2071 0.8844 0.4183
vn -0.1944 0.8627 0.4669
vn -0.2384 0.8400 0.4873
vn -0.2613 0.8754 0.4067
vn -0.1282 0.8959 0.4253
vn -0.1027 0.8757 0.4718
vn -0.1665 0.8285 0.5347
vn -0.0980 0.7997 0.5924
vn -0.2310 0.8276 0.5116
vn -0.3453 0.9378 0.0367
vn -0.3370 0.9210 0.1955
vn -0.2983 0.9344 0.1946
vn -0.3370 0.9409 0.0330
vn -0.3173 0.9474 0.0419
vn -0.2847 0.9208 0.2665
vn -0.2317 0.9708 0.0623
vn -0.2118 0.9258 0.3132
vn -0.1793 0.9802 0.0836
vn -0.1533 0.9358 0.3175
vn -0.1149 0.4902 0.8640
vn -0.1100 0.5722 0.8127
vn -0.1280 0.6076 0.7839
vn -0.1254 0.4982 0.8579
vn -0.1430 0.7082 0.6914
vn -0.1188 0.5975 0.7930
vn -0.0596 0.6487 0.7587
vn -0.0590 0.5228 0.8504
vn -0.1617 0.7864 0.5961
vn -0.7596 -0.5661 -0.3203
vn -0.6981 -0.6474 -0.3059
vn -0.6846 -0.6659 0.2966
vn -0.7474 -0.6204 0.2377
vn -0.7055 -0.6425 0.2992
vn -0.6966 -0.6585 -0.2848
vn -0.4650 -0.4309 0.7733
vn -0.4521 -0.5065 0.7342
vn -0.4914 -0.5362 0.6863
vn -0.1994 -0.3024 0.9321
vn -0.2227 -0.3442 0.9121
vn -0.1564 -0.2603 0.9528
vn -0.4433 -0.6422 0.6253
vn -0.4596 -0.6108 0.6448
vn -0.4483 -0.5892 0.6722
vn -0.6778 -0.7345 0.0340
vn -0.7038 -0.7102 -0.0195
vn -0.7061 -0.7081 0.0043
vn -0.6756 -0.7363 -0.0386
vn -0.6837 -0.7253 -0.0808
vn -0.6730 -0.7381 0.0472
vn 0.0580 0.0995 0.9933
vn 0.0576 0.1088 0.9924
vn 0.1469 0.2030 0.9681
vn 0.1505 0.1868 0.9708
vn 0.1373 0.2160 0.9667
vn 0.0467 0.1112 0.9927
vn 0.1755 0.2656 0.9480
vn 0.2018 0.2624 0.9436
vn 0.2228 0.2339 0.9464
vn 0.3225 0.4236 0.8465
vn 0.3473 0.3937 0.8511
vn 0.2650 0.4331 0.8615
vn 0.3480 0.5754 0.7401
vn 0.4089 0.5211 0.7492
vn 0.4109 0.4823 0.7736
vn 0.3996 0.4425 0.8028
vn 0.3774 0.3945 0.8378
vn 0.3573 0.5353 0.7653
vn 0.3677 0.4496 0.8140
vn 0.3953 0.3747 0.8386
vn 0.3641 0.3369 0.8683
vn 0.4405 0.4078 0.7998
vn 0.4112 0.3994 0.8194
vn 0.4330 0.4471 0.7827
vn 0.5122 0.5125 0.6892
vn 0.4968 0.4900 0.7163
vn 0.4657 0.4920 0.7356
vn 0.5656 0.6120 0.5527
vn 0.5342 0.6159 0.5790
vn 0.5901 0.6270 0.5086
vn 0.6172 0.7154 0.3276
vn 0.6299 0.7168 0.2990
vn 0.5889 0.7304 0.3462
vn -0.6612 -0.7423 -0.1085
vn -0.3569 -0.9221 -0.1495
vn -0.3968 -0.8180 -0.4164
vn -0.6809 -0.6073 -0.4093
vn -0.5547 -0.8136 0.1741
vn -0.3281 -0.9308 0.1612
vn -0.7972 -0.6013 0.0550
vn -0.8018 -0.5955 -0.0497
vn -0.5811 -0.5656 0.5852
vn -0.6599 -0.5585 0.5026
vn -0.7855 -0.5087 -0.3524
vn -0.8090 -0.4869 -0.3292
vn -0.7169 -0.5687 -0.4032
vn -0.7440 -0.6636 -0.0786
vn -0.7817 -0.6180 -0.0835
vn -0.7445 -0.5427 -0.3888
vn -0.6977 -0.6343 0.3328
vn -0.6407 -0.7363 0.2177
vn -0.6867 -0.5868 0.4291
vn -0.7899 -0.6086 -0.0752
vn -0.7611 -0.5309 -0.3727
vn -0.4630 -0.7228 0.5130
vn -0.3090 -0.8078 0.5020
vn -0.3673 -0.7324 0.5733
vn -0.3295 -0.7173 0.6140
vn -0.4594 -0.6045 0.6508
vn -0.2854 -0.3613 0.8877
vn -0.3616 -0.4337 0.8253
vn -0.4905 -0.6400 0.5914
vn -0.4385 -0.6928 0.5725
vn -0.3626 -0.6472 0.6706
vn -0.3467 -0.7640 0.5441
vn -0.3697 -0.7388 0.5635
vn -0.4450 -0.7117 0.5435
vn -0.3740 -0.5291 0.7617
vn -0.3932 -0.7009 0.5952
vn -0.4557 -0.7080 0.5395
vn -0.4661 -0.6378 0.6132
vn -0.2978 -0.7223 0.6242
vn -0.6376 -0.7699 0.0258
vn -0.6455 -0.7637 -0.0054
vn -0.6233 -0.7817 -0.0221
vn -0.6437 -0.7624 0.0656
vn -0.5255 -0.7365 0.4258
vn -0.5679 -0.7945 0.2151
vn -0.6714 -0.6398 0.3741
vn -0.5835 -0.6302 0.5122
vn -0.6820 -0.7049 0.1947
vn -0.5891 -0.8081 0.0015
vn -0.2824 -0.4809 0.8301
vn -0.1812 -0.3794 0.9073
vn -0.1956 -0.4097 0.8910
vn -0.1313 -0.5215 0.8431
vn -0.3545 -0.5960 0.7205
vn -0.1228 -0.6730 0.7294
vn -0.4965 -0.5486 0.6727
vn -0.4962 -0.5380 0.6814
vn -0.5887 -0.6746 0.4454
vn -0.6097 -0.6875 0.3944
vn -0.5832 -0.6269 0.5166
vn -0.5129 -0.5110 0.6898
vn -0.5489 -0.4781 0.6857
vn -0.6279 -0.5507 0.5500
vn -0.6262 -0.5437 0.5588
vn -0.5619 -0.4816 0.6725
vn -0.5307 -0.4708 0.7047
vn -0.5685 -0.5405 0.6202
vn -0.2315 -0.2322 0.9447
vn -0.2341 -0.2337 0.9437
vn -0.3894 -0.4106 0.8245
vn -0.3821 -0.4106 0.8279
vn -0.4107 -0.3993 0.8197
vn -0.2485 -0.2534 0.9349
vn -0.4492 -0.3765 0.8102
vn -0.3548 -0.3587 0.8634
vn -0.4658 -0.3907 0.7940
vn -0.3359 -0.2541 0.9070
vn -0.3282 -0.2515 0.9105
vn -0.3149 -0.2355 0.9194
vn -0.2910 -0.2849 0.9133
vn -0.4411 -0.4036 0.8016
vn 0.0711 0.0648 0.9954
vn -0.0772 -0.0631 0.9950
vn -0.0812 -0.0563 0.9951
vn -0.0815 -0.1243 0.9889
vn 0.0674 -0.0245 0.9974
vn -0.0359 -0.0468 0.9983
vn -0.1485 -0.1536 0.9769
vn -0.2237 -0.1400 0.9645
vn -0.1372 -0.0597 0.9887
vn -0.1638 -0.0661 0.9843
vn -0.2311 -0.1520 0.9610
vn -0.2063 -0.1700 0.9636
vn -0.0806 0.0272 0.9964
vn -0.1558 -0.2541 0.9545
vn -0.0298 0.0057 0.9995
vn 0.2831 0.1939 0.9393
vn 0.1844 0.1182 0.9757
vn 0.1703 0.0522 0.9840
vn 0.2796 0.1996 0.9391
vn 0.0432 0.1528 0.9873
vn -0.0463 0.0962 0.9943
vn -0.1111 0.0068 0.9938
vn -0.0503 0.0256 0.9984
vn 0.1693 0.2014 0.9648
vn 0.0525 0.0457 0.9976
vn 0.0217 0.3068 0.9515
vn 0.0406 0.2592 0.9650
vn 0.1090 0.3901 0.9143
vn 0.0910 0.3793 0.9208
vn 0.4329 0.4531 0.7793
vn 0.3985 0.3869 0.8316
vn 0.4098 0.3943 0.8225
vn 0.4497 0.4253 0.7854
vn 0.0624 0.3548 0.9328
vn 0.1896 0.3468 0.9186
vn 0.2503 0.4393 0.8628
vn 0.1415 0.4428 0.8854
vn 0.3803 0.4149 0.8266
vn 0.3218 0.3762 0.8689
vn -0.1032 0.2976 0.9491
vn -0.0575 0.2756 0.9596
vn -0.0245 0.3048 0.9521
vn 0.0432 0.2597 0.9647
vn 0.0925 0.3264 0.9407
vn 0.0553 0.3737 0.9259
vn 0.3696 0.3096 0.8761
vn 0.3844 0.3536 0.8528
vn 0.4034 0.3164 0.8586
vn 0.3921 0.2826 0.8754
vn 0.1221 0.3344 0.9345
vn 0.2110 0.3497 0.9128
vn 0.1951 0.2861 0.9381
vn 0.1019 0.2435 0.9645
vn 0.3250 0.2832 0.9023
vn 0.3400 0.3251 0.8825
vn -0.0057 0.3052 0.9523
vn 0.1041 0.3372 0.9357
vn 0.2315 0.5050 0.8315
vn 0.0720 0.3901 0.9179
vn 0.2451 0.5926 0.7673
vn 0.0847 0.4930 0.8659
vn 0.4869 0.4776 0.7313
vn 0.4271 0.3855 0.8179
vn 0.4545 0.3646 0.8127
vn 0.5186 0.4546 0.7241
vn 0.1738 0.3410 0.9239
vn 0.2658 0.3446 0.9003
vn 0.3769 0.4870 0.7879
vn 0.2932 0.5247 0.7992
vn 0.4700 0.4698 0.7473
vn 0.3877 0.3592 0.8489
vn 0.3247 0.6998 0.6363
vn 0.3559 0.6718 0.6497
vn 0.3865 0.8051 0.4499
vn 0.4306 0.7861 0.4435
vn 0.5255 0.7376 0.4240
vn 0.4625 0.7745 0.4316
vn 0.3997 0.6745 0.6208
vn 0.4654 0.6316 0.6200
vn 0.6104 0.7027 0.3656
vn 0.5527 0.5889 0.5897
vn 0.6384 0.6663 0.3853
vn 0.5762 0.5541 0.6008
vn 0.5414 0.5790 0.6096
vn 0.6022 0.6878 0.4054
vn 0.1824 0.9756 0.1223
vn 0.1874 0.9217 0.3395
vn -0.0096 0.9533 0.3019
vn -0.0568 0.9934 0.0996
vn 0.0233 0.9118 0.4100
vn 0.1554 0.8612 0.4839
vn 0.0795 0.8262 0.5578
vn 0.0205 0.8805 0.4735
vn 0.0086 0.7823 0.6229
vn 0.0113 0.7330 0.6801
vn -0.0281 0.4499 0.8926
vn -0.0869 0.4387 0.8944
vn -0.0769 0.3653 0.9277
vn -0.0527 0.3530 0.9341
vn -0.1106 0.3883 0.9149
vn -0.1199 0.4420 0.8890
vn -0.0162 0.5373 0.8432
vn -0.0067 0.5947 0.8039
vn -0.1114 0.2341 0.9658
vn -0.1286 0.2635 0.9561
vn -0.1085 0.2851 0.9523
vn -0.1372 0.3057 0.9422
vn -0.1633 0.2970 0.9408
vn -0.1255 0.2886 0.9492
vn -0.3806 -0.7167 0.5844
vn -0.3394 -0.6959 0.6329
vn -0.3706 -0.6213 0.6904
vn -0.3628 -0.6268 0.6895
vn -0.3868 -0.6270 0.6763
vn -0.3035 -0.6916 0.6555
vn -0.3712 -0.4730 0.7990
vn -0.3410 -0.4911 0.8016
vn -0.3192 -0.5193 0.7927
vn 0.2549 0.8757 0.4102
vn 0.1674 0.7698 0.6160
vn 0.2783 0.9500 0.1418
vn 0.3383 0.9274 0.1597
vn 0.3179 0.8311 0.4562
vn 0.2505 0.6587 0.7095
vn 0.0512 0.7428 0.6676
vn 0.1736 0.6097 0.7734
vn 0.1088 0.6732 0.7314
vn -0.0162 0.7195 0.6943
vn -0.0219 0.5503 0.8347
vn 0.0644 0.5970 0.7997
vn 0.0360 0.3850 0.9222
vn -0.0463 0.3379 0.9400
vn -0.0738 0.2220 0.9722
vn 0.0314 0.2458 0.9688
vn 0.0463 0.2288 0.9724
vn -0.0664 0.2537 0.9650
vn -0.0982 0.3276 0.9397
vn -0.1354 0.3668 0.9204
vn 0.0029 0.2590 0.9659
vn -0.1139 0.1765 0.9777
vn -0.1910 0.2023 0.9605
vn -0.2195 0.1945 0.9560
vn -0.2632 -0.0399 0.9639
vn -0.3060 -0.0537 0.9505
vn -0.1938 -0.0191 0.9809
vn -0.2236 -0.1975 0.9545
vn -0.2872 -0.2056 0.9356
vn -0.3367 -0.2060 0.9188
vn -0.4898 -0.7800 0.3894
vn -0.3815 -0.8016 0.4604
vn -0.5499 -0.7742 0.3133
vn -0.5405 -0.6175 0.5715
vn -0.5113 -0.6506 0.5614
vn -0.3549 -0.7391 0.5725
vn -0.2158 -0.1766 0.9603
vn -0.1015 -0.2356 0.9665
vn -0.2233 -0.1449 0.9639
vn -0.2785 -0.2207 0.9347
vn -0.1794 -0.2475 0.9521
vn -0.0794 -0.2769 0.9576
vn -0.3701 -0.6713 0.6421
vn -0.3016 -0.6616 0.6865
vn -0.4862 -0.6524 0.5813
vn -0.5678 -0.8100 -0.1468
vn -0.4687 -0.8740 -0.1285
vn -0.3585 -0.9268 -0.1120
vn -0.2977 -0.3433 0.8908
vn -0.3411 -0.3297 0.8803
vn -0.2503 -0.3677 0.8956
vn -0.3278 -0.5904 0.7375
vn -0.3127 -0.5588 0.7681
vn -0.2164 -0.4050 0.8883
vn -0.2168 -0.4259 0.8784
vn -0.1432 -0.1973 0.9698
vn -0.0959 -0.2073 0.9736
vn -0.3406 -0.2727 0.8998
vn -0.5979 -0.6195 0.5086
vn -0.6370 -0.6357 0.4360
vn -0.3610 -0.3609 0.8599
vn -0.6840 -0.7015 -0.2001
vn -0.6471 -0.7418 -0.1760
vn -0.5239 -0.5934 0.6110
vn -0.1900 -0.1386 0.9720
vn -0.1536 -0.1497 0.9767
vn -0.5212 -0.5704 0.6349
vn -0.5758 -0.7901 0.2104
vn -0.4190 -0.7425 0.5226
vn -0.5180 -0.7420 0.4257
vn -0.6254 -0.7704 0.1240
vn -0.3721 -0.6477 0.6649
vn -0.4019 -0.6746 0.6192
vn 0.0233 0.1101 0.9936
vn -0.0784 -0.0337 0.9964
vn -0.0028 -0.0641 0.9979
vn 0.0928 0.0674 0.9934
vn 0.1653 0.2349 0.9579
vn 0.1335 0.1959 0.9715
vn 0.1703 0.1863 0.9676
vn 0.1926 0.2581 0.9467
vn 0.1981 0.4166 0.8872
vn 0.1615 0.2871 0.9442
vn 0.2039 0.2970 0.9329
vn 0.2694 0.4252 0.8641
vn 0.2838 0.5990 0.7488
vn 0.2584 0.5821 0.7710
vn 0.3377 0.5750 0.7452
vn 0.3466 0.5714 0.7439
vn 0.3433 0.6009 0.7218
vn 0.2889 0.5230 0.8019
vn 0.3263 0.4969 0.8041
vn 0.3537 0.5979 0.7193
vn 0.4156 0.7874 0.4552
vn 0.4390 0.8791 0.1855
vn 0.4416 0.8729 0.2074
vn 0.4096 0.7841 0.4662
vn -0.4885 -0.5315 0.6920
vn -0.4987 -0.5439 0.6749
vn -0.6283 -0.6610 0.4103
vn -0.5984 -0.6669 0.4440
vn -0.2243 -0.2324 0.9464
vn -0.0792 -0.0529 0.9955
vn -0.0810 -0.0527 0.9953
vn -0.2167 -0.2173 0.9518
vn -0.3753 -0.4110 0.8308
vn -0.3684 -0.3893 0.8442
vn -0.6159 -0.7787 0.1197
vn -0.5250 -0.6997 0.4845
vn -0.4673 -0.7125 0.5234
vn -0.5768 -0.7898 0.2085
vn -0.3786 -0.5857 0.7167
vn -0.4316 -0.5560 0.7103
vn -0.6778 -0.6866 -0.2630
vn -0.6803 -0.6820 0.2683
vn -0.6642 -0.6856 0.2979
vn -0.6901 -0.6810 -0.2449
vn -0.3802 -0.4223 0.8228
vn -0.4459 -0.3862 0.8075
vn -0.6988 -0.6789 -0.2255
vn -0.6574 -0.6575 0.3681
vn -0.3691 -0.4042 0.8369
vn -0.1204 -0.1404 0.9827
vn -0.0838 -0.1155 0.9898
vn -0.5231 -0.5680 0.6354
vn -0.4647 -0.6337 0.6185
vn -0.1153 -0.1282 0.9850
vn -0.5494 -0.5433 0.6348
vn -0.6477 -0.7592 -0.0640
vn -0.6476 -0.7532 -0.1152
vn -0.6514 -0.7578 0.0366
vn -0.5509 -0.7746 0.3106
vn -0.4372 -0.6975 0.5677
vn -0.3530 -0.5991 0.7187
vn 0.0435 0.1173 0.9921
vn 0.1301 0.2313 0.9642
vn 0.1328 0.2353 0.9628
vn 0.0596 0.1047 0.9927
vn 0.1582 0.2601 0.9525
vn 0.1598 0.2512 0.9547
vn -0.1876 -0.2000 0.9617
vn -0.0662 -0.0389 0.9970
vn -0.0307 -0.0452 0.9985
vn -0.1358 -0.2028 0.9698
vn 0.0837 0.0754 0.9936
vn 0.1493 0.2127 0.9656
vn 0.1704 0.2705 0.9475
vn -0.0021 -0.0650 0.9979
vn -0.1000 -0.2108 0.9724
vn 0.2179 0.3746 0.9012
vn 0.2037 0.3231 0.9242
vn 0.2976 0.5019 0.8121
vn 0.2927 0.5653 0.7712
vn 0.1937 0.3028 0.9332
vn 0.2843 0.4572 0.8427
vn 0.3093 0.6062 0.7327
vn 0.3338 0.5993 0.7276
vn 0.3059 0.5626 0.7680
vn 0.3020 0.5387 0.7865
vn 0.3529 0.5779 0.7359
vn 0.3434 0.5572 0.7560
vn 0.3485 0.5305 0.7727
vn 0.2918 0.5533 0.7802
vn 0.3484 0.6717 0.6538
vn 0.4494 0.6050 0.6572
vn 0.3039 0.5213 0.7974
vn 0.3227 0.6565 0.6818
vn 0.4131 0.7934 0.4470
vn 0.5300 0.7039 0.4728
vn 0.5556 0.7836 0.2782
vn 0.4304 0.8666 0.2525
vn 0.3655 0.8137 0.4520
vn 0.3900 0.8914 0.2310
vn -0.2398 -0.4194 0.8755
vn -0.2715 -0.4060 0.8726
vn -0.3271 -0.3894 0.8610
vn -0.9004 -0.3585 -0.2464
vn -0.8883 -0.4593 -0.0070
vn -0.7422 -0.6491 0.1670
vn -0.5973 -0.7388 0.3121
vn -0.7540 -0.5372 0.3780
vn -0.8578 -0.4897 0.1563
vn -0.2967 -0.9509 -0.0880
vn -0.2609 -0.6538 0.7102
vn -0.2829 -0.9566 -0.0700
vn -0.2301 -0.6420 0.7313
vn 0.0257 -0.2425 0.9698
vn -0.0116 -0.2648 0.9642
vn -0.1448 -0.7360 0.6613
vn -0.2435 -0.7052 0.6658
vn -0.1669 -0.8537 0.4933
vn -0.0538 -0.8760 0.4793
vn -0.1138 -0.7883 0.6047
vn -0.3119 -0.6875 0.6558
vn -0.2184 -0.8561 0.4684
vn -0.4093 -0.7871 0.4614
vn -0.6093 -0.5755 0.5454
vn -0.1928 -0.6171 0.7629
vn -0.2193 -0.5951 0.7731
vn 0.0557 -0.1982 0.9786
vn 0.1322 -0.2118 0.9683
vn -0.3764 -0.9254 -0.0440
vn -0.4054 -0.9114 -0.0711
vn 0.0157 -0.2483 0.9686
vn 0.0072 -0.2753 0.9613
vn -0.2130 -0.6304 0.7464
vn -0.3164 -0.9470 -0.0558
vn 0.0730 -0.2220 0.9723
vn 0.0256 -0.4379 0.8987
vn -0.0364 -0.5771 0.8159
vn -0.4626 -0.5528 0.6931
vn -0.4898 -0.4730 0.7324
vn -0.4224 -0.4665 0.7771
vn -0.3857 -0.6519 0.6529
vn -0.3821 -0.6930 0.6113
vn -0.6222 -0.5121 0.5921
vn -0.5569 -0.4943 0.6675
vn -0.5344 -0.7127 0.4544
vn -0.6526 -0.7201 0.2357
vn -0.5959 -0.1505 0.7888
vn -0.6197 -0.2398 0.7473
vn -0.6706 -0.2309 0.7050
vn -0.6458 -0.1146 0.7549
vn -0.6764 -0.5204 0.5212
vn -0.3897 -0.2074 0.8973
vn -0.3934 -0.3196 0.8620
vn -0.4635 -0.2976 0.8346
vn -0.4438 -0.1912 0.8755
vn -0.4876 -0.1845 0.8533
vn -0.5350 -0.2700 0.8005
vn -0.3947 -0.0738 0.9158
vn -0.3608 -0.0587 0.9308
vn -0.2594 0.1906 0.9468
vn -0.2684 0.2218 0.9374
vn -0.1487 0.3756 0.9148
vn -0.1544 0.3992 0.9038
vn -0.4424 -0.1476 0.8846
vn -0.5947 0.2991 -0.7462
vn -0.3353 0.3534 -0.8733
vn -0.3000 0.4670 -0.8318
vn -0.5248 0.4945 -0.6929
vn -0.1324 0.4944 -0.8591
vn -0.1221 0.4343 -0.8925
vn -0.2979 0.7812 -0.5485
vn -0.3755 0.7847 -0.4933
vn -0.4165 0.8084 -0.4160
vn 0.1474 0.4841 -0.8625
vn 0.2758 0.4819 -0.8317
vn 0.0295 0.5360 -0.8437
vn 0.0016 0.4815 -0.8764
vn 0.1240 0.7529 -0.6464
vn -0.0882 0.7761 -0.6244
vn -0.1921 0.0772 -0.9783
vn -0.0234 0.2352 -0.9717
vn -0.4259 -0.1081 -0.8983
vn -0.0675 -0.4677 -0.8813
vn 0.0622 -0.3431 -0.9372
vn 0.1712 -0.2202 -0.9603
vn 0.2210 -0.0108 -0.9752
vn 0.0601 0.3486 -0.9353
vn 0.2126 0.4399 -0.8725
vn 0.2844 0.1703 -0.9435
vn 0.3940 0.1853 -0.9003
vn 0.3876 0.4095 -0.8259
vn 0.2535 0.6174 -0.7447
vn 0.3311 0.2875 -0.8987
vn -0.3285 0.9421 0.0681
vn -0.3380 0.9382 0.0743
vn -0.4309 0.8550 -0.2886
vn -0.3429 0.9333 0.1070
vn -0.2865 0.9565 0.0553
vn -0.3356 0.9410 0.0446
vn -0.2737 0.9589 -0.0747
vn -0.3072 0.9188 -0.2479
vn -0.3452 0.9342 -0.0901
vn -0.3751 0.9270 0.0011
vn -0.2803 0.9592 -0.0367
vn -0.1970 0.9635 -0.1813
vn -0.2437 0.9492 -0.1992
vn -0.1430 0.9464 -0.2898
vn -0.1175 0.9579 -0.2620
vn -0.1287 0.9565 -0.2617
vn -0.0702 0.8923 -0.4459
vn -0.1606 0.9506 -0.2658
vn 0.1738 0.6769 -0.7153
vn -0.0580 0.9397 -0.3370
vn 0.2999 -0.5281 -0.7945
vn 0.2923 -0.5902 -0.7525
vn 0.3021 -0.5894 -0.7492
vn 0.3194 -0.5723 -0.7553
vn 0.2625 -0.4272 -0.8652
vn 0.3577 -0.4153 -0.8364
vn 0.3190 -0.2790 -0.9058
vn 0.4704 -0.1282 -0.8731
vn 0.5729 0.0958 -0.8140
vn 0.3908 -0.0913 -0.9159
vn 0.5331 0.2304 -0.8141
vn 0.4114 0.1220 -0.9033
vn 0.4803 0.3535 -0.8027
vn 0.2564 0.5537 -0.7923
vn 0.4858 0.4364 -0.7573
vn 0.3084 0.7008 -0.6433
vn 0.5762 0.5080 -0.6403
vn 0.3097 0.8003 -0.5134
vn -0.0387 0.9670 -0.2519
vn -0.0660 0.9836 -0.1678
vn 0.7174 0.5216 -0.4618
vn 0.4125 0.8665 -0.2809
vn 0.7701 0.4960 -0.4011
vn 0.3975 0.8898 -0.2240
vn -0.1314 0.9913 0.0106
vn -0.0503 0.9979 -0.0406
vn 0.6605 0.1661 -0.7322
vn 0.2070 0.6923 -0.6913
vn 0.3297 0.8461 -0.4189
vn 0.7471 0.3764 -0.5479
vn -0.2752 0.9538 -0.1202
vn -0.4153 0.8543 -0.3124
vn -0.4315 0.8959 0.1057
vn -0.3260 0.9376 0.1206
vn -0.3327 0.9389 0.0881
vn -0.4619 0.8853 -0.0532
vn -0.3126 0.9458 0.0876
vn -0.4113 0.8760 -0.2520
vn -0.3404 0.9100 -0.2366
vn -0.4835 0.8255 -0.2911
vn -0.2119 0.9723 -0.0982
vn -0.3016 0.9534 0.0112
vn -0.2840 0.8874 -0.3631
vn -0.1321 0.8596 -0.4936
vn -0.0939 0.9682 -0.2318
vn 0.0249 0.8490 -0.5279
vn 0.0213 0.9425 -0.3334
vn 0.1439 0.8419 -0.5201
vn 0.0342 0.9068 -0.4202
vn 0.0007 0.8920 -0.4520
vn 0.1559 0.7845 -0.6002
vn 0.1771 0.8266 -0.5342
vn -0.0687 0.8974 -0.4358
vn -0.0680 0.9374 -0.3416
vn 0.0759 0.7604 -0.6450
vn 0.1160 0.7369 -0.6659
vn -0.1195 0.9658 -0.2301
vn -0.1068 0.9492 -0.2960
vn 0.0111 0.7914 -0.6112
vn -0.0096 0.8496 -0.5273
vn -0.2066 0.9744 -0.0887
vn -0.1314 0.9827 -0.1308
vn -0.0345 0.9191 -0.3924
vn -0.0825 0.9455 -0.3150
vn -0.3620 0.9177 -0.1634
vn -0.4638 0.8388 -0.2851
vn -0.1304 0.9236 -0.3606
vn -0.1266 0.8697 -0.4771
vn -0.4037 0.5288 -0.7466
vn -0.4637 0.5707 -0.6776
vn -0.3619 0.4819 -0.7980
vn -0.2582 -0.2210 -0.9405
vn -0.2692 -0.1578 -0.9501
vn -0.3053 -0.1055 -0.9464
vn -0.3204 0.3842 -0.8659
vn -0.1769 0.3702 -0.9119
vn -0.2542 -0.2344 -0.9383
vn -0.2940 -0.2726 -0.9161
vn 0.4108 -0.2733 -0.8698
vn 0.0679 -0.0283 -0.9973
vn 0.0807 0.4248 -0.9017
vn 0.3070 0.3859 -0.8700
vn 0.3042 -0.3777 -0.8745
vn -0.0311 -0.1572 -0.9871
vn -0.0203 -0.4278 -0.9037
vn -0.2475 -0.3249 -0.9128
vn 0.4232 0.4039 -0.8111
vn 0.4323 0.4210 -0.7974
vn 0.5738 -0.2006 -0.7940
vn 0.5221 -0.3294 -0.7867
vn 0.3012 0.3516 -0.8864
vn 0.3852 0.3674 -0.8465
vn 0.4790 -0.1489 -0.8651
vn 0.5530 -0.1265 -0.8235
vn 0.2429 0.4565 -0.8559
vn 0.2330 0.3745 -0.8975
vn 0.4996 -0.2108 -0.8402
vn 0.4418 -0.1931 -0.8761
vn 0.7209 -0.1311 -0.6806
vn 0.6125 -0.1928 -0.7666
vn 0.3036 0.5646 -0.7675
vn 0.3740 0.6411 -0.6702
vn 0.5811 0.0178 -0.8136
vn 0.6464 -0.0331 -0.7622
vn 0.5988 0.3277 -0.7308
vn 0.5230 0.1699 -0.8352
vn 0.6428 0.4074 -0.6487
vn 0.7252 -0.1002 -0.6812
vn 0.4003 -0.5769 -0.7120
vn 0.4385 -0.5656 -0.6984
vn 0.4902 -0.5637 -0.6648
vn 0.4765 -0.4766 -0.7388
vn 0.5150 -0.6374 -0.5731
vn 0.4586 -0.5847 -0.6692
vn 0.7008 -0.1210 -0.7030
vn 0.5917 0.4804 -0.6473
vn 0.4892 0.5171 -0.7024
vn 0.5442 -0.1351 -0.8280
vn 0.4185 -0.6229 -0.6610
vn 0.4917 -0.6920 -0.5286
vn 0.4420 -0.7061 -0.5533
vn 0.4276 -0.6310 -0.6473
vn 0.4491 -0.4069 -0.7955
vn 0.4533 -0.4149 -0.7889
vn 0.4204 -0.4165 -0.8061
vn 0.4468 -0.4149 -0.7926
vn 0.4426 -0.3930 -0.8060
vn 0.5056 -0.3623 -0.7830
vn 0.4495 -0.1288 -0.8839
vn 0.4592 0.4892 -0.7415
vn 0.5804 0.4039 -0.7071
vn 0.5411 -0.1376 -0.8296
vn 0.4810 -0.5928 -0.6459
vn 0.4553 -0.6180 -0.6409
vn 0.4411 -0.3768 -0.8145
vn 0.4520 -0.3674 -0.8128
vn 0.4621 -0.3216 -0.8265
vn 0.4553 -0.3048 -0.8365
vn 0.4222 -0.6778 -0.6020
vn 0.4312 -0.6697 -0.6046
vn 0.7574 -0.2294 -0.6113
vn 0.7845 0.3174 -0.5327
vn 0.7792 -0.3998 -0.4827
vn 0.8538 0.1983 -0.4813
vn 0.8372 -0.0326 -0.5459
vn 0.7703 -0.2223 -0.5977
vn 0.7433 -0.5436 -0.3898
vn 0.7546 -0.5829 -0.3013
vn 0.5435 -0.5716 -0.6148
vn 0.5227 -0.6805 -0.5136
vn 0.6024 -0.6867 -0.4070
vn 0.5483 -0.5840 -0.5986
vn 0.4701 -0.2890 -0.8340
vn 0.4814 -0.3590 -0.7996
vn 0.4709 -0.3504 -0.8096
vn 0.4270 -0.2826 -0.8590
vn 0.5604 -0.5930 -0.5781
vn 0.6412 -0.6940 -0.3275
vn 0.6904 -0.6873 -0.2260
vn 0.6263 -0.5929 -0.5063
vn 0.4246 -0.2985 -0.8548
vn 0.4767 -0.3505 -0.8062
vn 0.5159 -0.3683 -0.7734
vn 0.4797 -0.3095 -0.8210
vn 0.6217 -0.6349 -0.4586
vn 0.6708 -0.7198 -0.1785
vn 0.5499 -0.8048 -0.2233
vn 0.5255 -0.7115 -0.4665
vn 0.5579 -0.7221 -0.4090
vn 0.7219 -0.6215 -0.3042
vn 0.4642 -0.2946 -0.8353
vn 0.5067 -0.3991 -0.7642
vn 0.4383 -0.4332 -0.7875
vn 0.3843 -0.2796 -0.8798
vn 0.4230 -0.2604 -0.8679
vn 0.4474 -0.4368 -0.7804
vn 0.5181 -0.3911 -0.7607
vn 0.4778 -0.2579 -0.8398
vn 0.5305 -0.6967 -0.4830
vn 0.4691 -0.7412 -0.4802
vn 0.6122 -0.6267 -0.4821
vn 0.5776 -0.6627 -0.4767
vn 0.5388 -0.3788 -0.7524
vn 0.5730 -0.3685 -0.7321
vn 0.4993 -0.2808 -0.8196
vn 0.5345 -0.2597 -0.8043
vn 0.5518 -0.2235 -0.8035
vn 0.6036 -0.3787 -0.7016
vn 0.6955 -0.3567 -0.6237
vn 0.6593 -0.2016 -0.7243
vn 0.6967 -0.5268 -0.4869
vn 0.6380 -0.5836 -0.5023
vn 0.4337 -0.5955 -0.6762
vn -0.0055 -0.6053 -0.7960
vn 0.5144 -0.6217 -0.5906
vn 0.5614 -0.7237 -0.4013
vn 0.4803 -0.7663 -0.4268
vn 0.1126 -0.8377 -0.5344
vn 0.4561 -0.7141 -0.5310
vn 0.4968 -0.6237 -0.6035
vn 0.4125 -0.7815 -0.4681
vn 0.4353 -0.7997 -0.4135
vn 0.5574 -0.4914 -0.6692
vn 0.5390 -0.4594 -0.7060
vn 0.5240 -0.6802 -0.5126
vn 0.4874 -0.7207 -0.4930
vn 0.5197 -0.5173 -0.6799
vn 0.5554 -0.5751 -0.6007
vn 0.5414 -0.7076 -0.4540
vn 0.5211 -0.6962 -0.4937
vn 0.5252 -0.5819 -0.6209
vn 0.5015 -0.6506 -0.5702
vn 0.5589 -0.4772 -0.6782
vn 0.4416 -0.0181 -0.8970
vn 0.4366 -0.1559 -0.8860
vn 0.4524 -0.2287 -0.8620
vn 0.2610 -0.0307 -0.9649
vn 0.3236 -0.0243 -0.9459
vn 0.4590 -0.3315 -0.8243
vn 0.4064 -0.3350 -0.8501
vn 0.5681 -0.2860 -0.7717
vn 0.4446 -0.0305 -0.8952
vn 0.2735 -0.0591 -0.9601
vn 0.4577 -0.2824 -0.8431
vn 0.4705 -0.2956 -0.8314
vn 0.3844 -0.0751 -0.9201
vn 0.4806 -0.0668 -0.8744
vn 0.5098 -0.2784 -0.8140
vn 0.3915 -0.2590 -0.8830
vn 0.2333 -0.0299 -0.9719
vn 0.1828 -0.0147 -0.9830
vn 0.3713 -0.2667 -0.8894
vn 0.4888 -0.2727 -0.8287
vn 0.3923 -0.0136 -0.9197
vn 0.4281 0.0100 -0.9037
vn 0.4867 -0.2350 -0.8414
vn 0.3695 -0.1857 -0.9105
vn 0.2836 0.0672 -0.9566
vn 0.3089 0.1051 -0.9453
vn 0.4091 -0.1453 -0.9008
vn 0.4107 -0.1636 -0.8970
vn 0.2737 0.1265 -0.9535
vn 0.3715 0.1860 -0.9096
vn 0.4749 -0.1342 -0.8697
vn 0.4643 -0.0453 -0.8845
vn 0.3263 0.2286 -0.9172
vn 0.3051 0.2848 -0.9087
vn 0.4357 0.0511 -0.8986
vn 0.5295 0.0773 -0.8448
vn 0.3510 0.2934 -0.8892
vn -0.0315 0.7296 -0.6831
vn -0.0501 0.7286 -0.6831
vn 0.2548 0.3251 -0.9107
vn 0.2956 0.3072 -0.9046
vn 0.0450 0.3461 -0.9371
vn -0.2318 0.7233 -0.6505
vn 0.4077 -0.0659 -0.9107
vn 0.4813 -0.0908 -0.8718
vn -0.2859 0.7191 -0.6334
vn 0.0489 0.3578 -0.9325
vn 0.1396 0.3595 -0.9226
vn -0.2448 0.7133 -0.6567
vn -0.3428 0.6589 -0.6696
vn -0.0142 0.3218 -0.9467
vn 0.2023 0.2886 -0.9358
vn -0.1002 0.6700 -0.7356
vn 0.1131 0.6556 -0.7466
vn 0.3738 0.2590 -0.8906
vn 0.0809 0.3043 -0.9491
vn -0.0855 0.6675 -0.7397
vn -0.2856 0.6665 -0.6886
vn -0.0555 0.3357 -0.9403
vn 0.1882 0.3478 -0.9185
vn -0.0886 0.7148 -0.6937
vn -0.0393 0.7419 -0.6694
vn 0.2563 0.3551 -0.8990
vn 0.1180 0.4111 -0.9039
vn -0.1579 0.7525 -0.6394
vn -0.2268 0.7472 -0.6246
vn 0.0875 0.4494 -0.8890
vn 0.0816 0.4847 -0.8709
vn -0.1944 0.7572 -0.6235
vn -0.2328 0.7284 -0.6444
vn 0.1224 0.5068 -0.8533
vn 0.1064 0.4892 -0.8657
vn -0.2003 0.7083 -0.6769
vn -0.5533 0.8222 0.1337
vn -0.4368 0.8769 0.2008
vn -0.3830 0.8918 -0.2410
vn -0.5701 0.7766 -0.2681
vn -0.3264 0.9191 -0.2207
vn -0.4311 0.8695 0.2411
vn -0.1522 0.6976 -0.7002
vn -0.4225 0.5905 -0.6876
vn -0.4609 0.8413 0.2823
vn -0.3450 0.9185 -0.1931
vn -0.4670 0.8724 -0.1440
vn -0.5430 0.7889 0.2877
vn -0.5802 0.7654 0.2785
vn -0.5225 0.8422 -0.1330
vn -0.4944 0.8531 -0.1665
vn -0.5707 0.7805 0.2553
vn -0.5653 0.7842 0.2559
vn -0.5319 0.8263 -0.1852
vn -0.4176 0.8775 -0.2357
vn -0.5024 0.8233 0.2642
vn -0.4576 0.8523 0.2534
vn -0.2644 0.9267 -0.2670
vn -0.3142 0.9186 -0.2395
vn -0.5021 0.8310 0.2397
vn -0.5342 0.8093 0.2444
vn -0.4477 0.8716 -0.1998
vn -0.3545 0.9112 -0.2099
vn -0.4977 0.8321 0.2448
vn -0.5806 0.7824 0.2252
vn -0.3793 0.9021 -0.2057
vn -0.4794 0.8540 -0.2021
vn -0.6556 0.7201 0.2273
vn -0.6893 0.6779 0.2556
vn -0.5239 0.8249 -0.2124
vn -0.5115 0.8280 -0.2296
vn -0.7112 0.6499 0.2680
vn -0.7565 0.6197 0.2093
vn -0.5535 0.7852 -0.2775
vn -0.5359 0.7773 -0.3295
vn -0.7734 0.6223 0.1209
vn 0.1807 0.7655 -0.6175
vn -0.2481 0.9574 -0.1476
vn -0.3462 0.9332 -0.0968
vn 0.0397 0.8056 -0.5912
vn -0.2074 0.9423 -0.2627
vn 0.3006 0.6195 -0.7251
vn -0.6180 0.5892 -0.5205
vn -0.6181 0.3263 -0.7151
vn -0.3690 0.8082 -0.4590
vn -0.1390 0.4803 -0.8660
vn -0.4399 -0.2030 -0.8748
vn 0.0346 -0.2234 -0.9741
vn 0.2177 -0.6162 -0.7569
vn -0.0256 -0.5895 -0.8074
vn 0.5540 -0.4392 -0.7072
vn 0.4557 -0.5976 -0.6597
vn 0.4595 0.0033 -0.8882
vn 0.6027 -0.3423 -0.7208
vn 0.5675 -0.4885 -0.6628
vn 0.5062 -0.5591 -0.6567
vn 0.0950 0.7228 -0.6845
vn -0.1630 0.9311 -0.3263
vn 0.3214 0.3538 -0.8783
vn 0.5920 0.0409 -0.8049
vn -0.3740 0.9271 0.0250
vn -0.5038 0.8634 0.0269
vn -0.5222 0.8494 -0.0766
vn -0.4045 0.8998 -0.1633
vn -0.6240 0.7805 -0.0387
vn -0.6136 0.7896 0.0082
vn -0.5339 0.7489 -0.3926
vn -0.4533 0.7958 -0.4016
vn -0.3697 0.8301 -0.4175
vn -0.6690 0.7432 -0.0095
vn -0.6641 0.7470 -0.0297
vn -0.7165 0.6964 -0.0413
vn -0.7378 0.6741 -0.0351
vn -0.6246 0.6659 -0.4080
vn -0.5744 0.7163 -0.3962
vn -0.8242 0.5638 -0.0534
vn -0.7934 0.6042 -0.0742
vn -0.8417 0.5230 -0.1345
vn -0.8768 0.4776 -0.0560
vn -0.7189 0.5096 -0.4727
vn -0.6876 0.5831 -0.4327
vn -0.8304 0.5504 -0.0865
vn -0.7852 0.5833 -0.2079
vn -0.6663 0.6975 -0.2637
vn -0.7354 0.6626 -0.1421
vn -0.5766 0.6703 -0.4672
vn -0.6725 0.5515 -0.4935
vn -0.6979 0.7162 -0.0008
vn -0.8698 0.4620 0.1732
vn -0.9210 0.3896 -0.0036
vn -0.7692 0.6303 -0.1053
vn -0.9694 -0.1310 0.2075
vn -0.9192 -0.0577 0.3896
vn -0.9982 -0.0387 -0.0453
vn -0.8443 0.5146 -0.1498
vn -0.8143 0.2005 -0.5447
vn -0.5835 0.6573 -0.4769
vn -0.7086 0.6411 -0.2949
vn -0.9483 0.1546 -0.2772
vn -0.4777 0.8648 -0.1547
vn -0.3002 0.8056 -0.5107
vn -0.3469 0.9078 -0.2359
vn -0.4855 0.8741 -0.0165
vn -0.0011 0.7401 -0.6725
vn -0.1299 0.6251 -0.7696
vn -0.5039 0.8298 -0.2399
vn -0.5246 0.8432 -0.1179
vn -0.5005 0.8598 -0.1009
vn -0.4981 0.8195 -0.2834
vn -0.1194 -0.5531 -0.8245
vn -0.1449 -0.5371 -0.8310
vn -0.1720 -0.5593 -0.8109
vn -0.1706 -0.5032 -0.8471
vn -0.1419 -0.5667 -0.8116
vn -0.1651 -0.6100 -0.7750
vn -0.2785 -0.5247 -0.8045
vn -0.3696 -0.4727 -0.8000
vn -0.2240 -0.4567 -0.8609
vn -0.2387 -0.5845 -0.7755
vn -0.2308 -0.7244 -0.6496
vn -0.3546 -0.4817 -0.8014
vn -0.2883 -0.2098 -0.9343
vn -0.4844 0.5261 -0.6989
vn -0.1543 -0.3823 -0.9111
vn -0.5254 0.4056 -0.7479
vn -0.3444 0.6011 -0.7212
vn -0.4751 0.6373 -0.6068
vn -0.1872 0.2843 -0.9403
vn -0.2326 0.5377 -0.8104
vn -0.2095 0.4621 -0.8617
vn -0.1881 0.4870 -0.8529
vn -0.2671 -0.0428 -0.9627
vn -0.5493 0.5505 -0.6286
vn -0.0852 -0.6038 -0.7926
vn -0.2189 -0.5391 -0.8133
vn -0.1520 -0.2196 -0.9637
vn -0.1513 -0.2911 -0.9447
vn -0.1123 -0.1053 -0.9881
vn 0.0704 0.5580 -0.8269
vn -0.0318 0.5258 -0.8500
vn -0.0930 0.5146 -0.8524
vn -0.0327 -0.3406 -0.9396
vn 0.0214 -0.3184 -0.9477
vn -0.0649 0.4921 -0.8681
vn -0.0186 0.5286 -0.8487
vn -0.0412 -0.0582 -0.9975
vn -0.0579 0.7014 -0.7104
vn -0.1106 0.8934 -0.4355
vn -0.0639 0.3506 -0.9343
vn -0.0452 0.6552 -0.7541
vn -0.0477 0.6859 -0.7261
vn -0.0653 0.9645 -0.2558
vn -0.1866 0.9313 -0.3127
vn -0.0350 0.6460 -0.7625
vn -0.1859 0.8706 -0.4556
vn -0.1612 0.7781 -0.6071
vn -0.0851 0.5493 -0.8313
vn -0.0977 0.8307 -0.5481
vn -0.2433 0.7424 -0.6243
vn -0.1600 0.9613 -0.2241
vn -0.0891 0.9869 -0.1342
vn -0.3672 0.5608 -0.7421
vn -0.2864 0.8251 -0.4869
vn 0.1036 0.8479 -0.5200
vn 0.0289 0.8557 -0.5167
vn -0.0331 0.9814 -0.1889
vn 0.0006 0.9590 -0.2834
vn 0.0624 0.8131 -0.5788
vn 0.1101 0.8282 -0.5495
vn -0.0061 0.9303 -0.3667
vn 0.0274 0.9030 -0.4288
vn 0.0653 0.8297 -0.5543
vn 0.1339 0.8709 -0.4728
vn 0.2060 0.8654 -0.4568
vn 0.1191 0.8569 -0.5015
vn -0.2892 0.7216 -0.6290
vn -0.2778 0.6706 -0.6878
vn -0.2152 0.6128 -0.7604
vn -0.2066 0.7227 -0.6596
vn -0.2599 0.6006 -0.7561
vn -0.3033 0.6524 -0.6945
vn -0.3430 0.7310 -0.5899
vn -0.2947 0.7826 -0.5484
vn -0.3907 0.6696 -0.6316
vn -0.3327 0.6479 -0.6852
vn -0.2704 0.6978 -0.6633
vn -0.2285 0.7019 -0.6746
vn -0.1694 0.5144 -0.8406
vn -0.1849 0.5729 -0.7985
vn -0.2441 0.6303 -0.7370
vn -0.2694 0.6433 -0.7167
vn -0.2435 0.5863 -0.7726
vn -0.2024 0.5402 -0.8168
vn -0.2012 0.6165 -0.7612
vn -0.1454 0.5294 -0.8358
vn -0.2635 0.5961 -0.7585
vn -0.2638 0.5742 -0.7750
vn -0.3268 0.6064 -0.7249
vn -0.2432 0.5215 -0.8178
vn -0.1589 0.5582 -0.8144
vn -0.4271 0.6157 -0.6622
vn -0.4677 0.5632 -0.6812
vn -0.3612 0.5051 -0.7838
vn -0.3579 0.5820 -0.7302
vn -0.3233 0.5842 -0.7444
vn -0.2546 0.5340 -0.8062
vn -0.3237 0.5100 -0.7969
vn -0.3400 0.5305 -0.7765
vn -0.2676 0.4586 -0.8474
vn -0.2620 0.5329 -0.8046
vn 0.1226 0.4793 -0.8690
vn 0.0060 0.3639 -0.9314
vn 0.3113 0.1614 -0.9365
vn 0.3912 0.3415 -0.8546
vn -0.5163 0.4839 -0.7065
vn -0.5567 0.4136 -0.7204
vn -0.4030 0.3293 -0.8539
vn -0.3883 0.4135 -0.8236
vn -0.2487 0.4267 -0.8695
vn -0.3490 0.4466 -0.8239
vn -0.2525 0.3711 -0.8936
vn -0.0499 0.3101 -0.9494
vn -0.2330 0.2683 -0.9347
vn -0.2905 0.3691 -0.8828
vn -0.5370 0.4305 -0.7254
vn -0.3311 0.3057 -0.8927
vn -0.4753 0.5568 -0.6812
vn -0.2218 0.3788 -0.8985
vn 0.5657 0.1939 -0.8015
vn 0.4900 -0.0016 -0.8717
vn 0.5983 0.0077 -0.8012
vn 0.6493 0.0607 -0.7581
vn 0.1293 0.2293 -0.9647
vn -0.1012 0.3180 -0.9427
vn 0.0878 0.3585 -0.9294
vn 0.2700 0.3180 -0.9088
vn 0.0814 0.2194 -0.9722
vn -0.0919 0.2023 -0.9750
vn -0.5091 0.2950 -0.8086
vn -0.4338 0.6234 -0.6505
vn -0.0552 0.4529 -0.8898
vn 0.0118 0.2507 -0.9680
vn 0.6361 -0.1582 -0.7552
vn 0.5700 0.0536 -0.8199
vn 0.4238 -0.0048 -0.9057
vn 0.5295 -0.3482 -0.7736
vn 0.4081 -0.0095 -0.9129
vn 0.3384 0.2390 -0.9102
vn 0.3209 0.3831 -0.8662
vn 0.3126 0.1380 -0.9398
vn 0.1924 0.2629 -0.9454
vn 0.3014 0.4195 -0.8563
vn 0.4615 -0.1043 -0.8810
vn 0.2006 0.3037 -0.9314
vn -0.0958 0.2640 -0.9598
vn 0.2630 -0.0929 -0.9603
vn 0.4493 -0.0715 -0.8905
vn 0.3549 -0.3292 -0.8750
vn 0.5244 -0.4065 -0.7481
vn 0.5437 -0.0766 -0.8358
vn 0.5407 -0.3596 -0.7604
vn 0.5554 -0.4079 -0.7247
vn 0.5044 -0.4999 -0.7041
vn 0.5634 -0.5628 -0.6049
vn 0.4864 -0.3733 -0.7900
vn 0.5732 -0.5441 -0.6127
vn 0.4428 -0.4251 -0.7894
vn 0.4779 -0.4142 -0.7746
vn 0.4346 -0.5106 -0.7419
vn 0.4996 -0.4521 -0.7389
vn 0.5349 -0.5227 -0.6638
vn 0.5792 -0.5949 -0.5574
vn 0.5795 -0.6266 -0.5212
vn 0.4775 -0.3433 -0.8088
vn 0.0613 -0.1509 -0.9866
vn 0.1980 -0.4667 -0.8619
vn 0.8133 -0.1393 -0.5649
vn 0.4892 0.4206 -0.7641
vn 0.9731 0.1337 -0.1875
vn 0.5961 0.7058 -0.3828
vn 0.9258 -0.0766 -0.3703
vn 0.6097 0.5914 -0.5278
vn 0.6025 -0.5716 -0.5570
vn 0.4864 0.0867 -0.8694
vn 0.2237 -0.6588 -0.7183
vn -0.0390 0.2370 -0.9707
vn -0.0085 0.2714 -0.9624
vn 0.0612 0.3410 -0.9381
vn 0.2160 -0.5042 -0.8361
vn 0.1917 -0.3993 -0.8965
vn 0.1223 0.3863 -0.9142
vn 0.1256 0.4000 -0.9079
vn 0.1675 -0.3422 -0.9246
vn 0.1434 -0.3172 -0.9375
vn 0.1151 -0.2944 -0.9487
vn 0.0684 0.4054 -0.9116
vn -0.0447 0.4073 -0.9122
vn 0.0552 -0.2551 -0.9653
vn -0.0559 -0.2292 -0.9718
vn -0.2058 0.3714 -0.9054
vn -0.3447 0.2191 -0.9128
vn -0.1251 -0.3951 -0.9101
vn 0.1455 -0.7429 -0.6534
vn 0.1344 -0.6829 -0.7181
vn 0.1794 -0.7481 -0.6389
vn 0.2558 -0.7930 -0.5530
vn 0.1695 -0.8841 -0.4355
vn 0.2216 -0.8437 -0.4889
vn 0.1558 -0.7860 -0.5983
vn 0.1220 -0.8055 -0.5799
vn 0.2807 -0.9135 -0.2946
vn 0.1874 -0.9061 -0.3792
vn 0.1432 -0.8229 -0.5498
vn 0.1921 -0.8401 -0.5072
vn 0.3857 -0.8544 -0.3483
vn 0.2888 -0.8517 -0.4372
vn 0.3699 -0.9086 -0.1940
vn 0.4156 -0.8983 -0.1429
vn 0.8999 -0.4218 -0.1105
vn 0.6374 -0.7520 -0.1681
vn 0.4905 -0.8612 -0.1335
vn 0.6032 -0.7579 -0.2486
vn 0.7202 -0.4951 -0.4860
vn 0.9493 -0.2570 -0.1812
vn 0.5785 -0.7760 -0.2515
vn 0.6776 -0.6998 -0.2261
vn 0.3241 -0.7274 -0.6049
vn 0.0650 -0.8558 -0.5132
vn 0.4193 -0.8883 -0.1876
vn 0.5187 -0.8208 -0.2392
vn 0.0488 -0.9355 -0.3498
vn 0.2688 -0.9451 -0.1859
vn 0.3240 -0.9432 -0.0733
vn 0.3124 -0.9450 -0.0971
vn 0.4538 -0.8806 -0.1362
vn 0.5106 -0.8307 -0.2217
vn 0.3723 -0.9018 -0.2193
vn 0.3743 -0.9206 -0.1116
vn 0.3874 -0.8289 -0.4036
vn 0.3846 -0.7251 -0.5712
vn 0.0689 -0.5590 -0.8263
vn 0.2013 -0.8657 -0.4583
vn 0.3940 -0.2590 -0.8819
vn 0.4751 -0.6635 -0.5779
vn -0.4852 0.5435 -0.6849
vn -0.2345 0.2962 -0.9259
vn 0.1621 0.4202 -0.8928
vn -0.0780 0.4230 -0.9028
vn -0.0876 0.2253 -0.9703
vn -0.1463 0.4644 -0.8734
vn -0.4910 0.4663 -0.7359
vn 0.2644 -0.0260 -0.9641
vn -0.3008 -0.0889 -0.9495
vn 0.4084 -0.0440 -0.9118
vn 0.5193 -0.1895 -0.8333
vn 0.3654 -0.0219 -0.9306
vn 0.3697 -0.0491 -0.9279
vn 0.3722 0.0503 -0.9268
vn 0.3499 -0.1648 -0.9222
vn 0.3961 -0.3119 -0.8636
vn 0.4519 0.1734 -0.8751
vn 0.3849 0.1589 -0.9092
vn 0.4101 0.3170 -0.8552
vn 0.4519 0.4203 -0.7868
vn 0.3365 0.2397 -0.9107
vn 0.3721 0.0399 -0.9273
vn 0.4220 0.5884 -0.6897
vn 0.5049 0.7187 -0.4782
vn 0.4900 0.6226 -0.6101
vn 0.5639 0.6107 -0.5559
vn 0.3210 0.5602 -0.7636
vn 0.4567 0.8061 -0.3764
vn 0.6192 -0.5980 -0.5089
vn 0.6842 -0.5792 -0.4432
vn 0.6622 -0.6423 -0.3860
vn 0.5982 -0.6815 -0.4215
vn 0.6295 -0.2890 -0.7212
vn 0.7116 -0.0873 -0.6972
vn 0.7121 -0.6244 -0.3209
vn 0.7987 -0.0192 -0.6014
vn 0.8419 -0.0536 -0.5370
vn 0.7308 -0.6377 -0.2434
vn 0.4130 0.6370 -0.6509
vn 0.4023 0.5654 -0.7201
vn 0.7630 -0.2401 -0.6002
vn 0.7739 -0.1046 -0.6245
vn 0.7381 -0.5526 -0.3872
vn 0.7306 -0.6051 -0.3164
vn 0.7035 -0.6799 -0.2070
vn 0.7459 -0.6230 -0.2357
vn 0.6761 -0.6847 -0.2721
vn 0.7044 -0.6456 -0.2951
vn 0.8281 -0.0401 -0.5592
vn 0.6311 0.4987 -0.5942
vn 0.7360 -0.0712 -0.6732
vn 0.5501 0.3705 -0.7484
vn 0.4690 0.1370 -0.8725
vn 0.5770 -0.0408 -0.8157
vn 0.3020 0.6043 -0.7373
vn 0.2094 0.6573 -0.7240
vn -0.1959 0.2825 -0.9390
vn -0.3231 0.3777 -0.8677
vn -0.2166 0.7960 -0.5653
vn -0.0365 0.5341 -0.8446
vn -0.2104 0.8625 -0.4602
vn -0.2214 0.9171 -0.3316
vn -0.2113 0.8546 -0.4743
vn 0.0070 0.5757 -0.8176
vn -0.1452 0.9232 -0.3558
vn -0.0850 0.9286 -0.3613
vn 0.3820 -0.1936 -0.9036
vn 0.2378 -0.1293 -0.9627
vn -0.1723 0.5454 -0.8203
vn 0.0311 0.5709 -0.8204
vn -0.4231 0.8514 -0.3100
vn -0.3571 0.8829 -0.3048
vn -0.3820 0.8537 -0.3539
vn -0.4298 0.8392 -0.3332
vn -0.3394 0.7497 -0.5681
vn -0.3188 0.7761 -0.5441
vn -0.0400 0.4909 -0.8703
vn -0.0562 0.4624 -0.8849
vn 0.2680 0.0806 -0.9600
vn 0.2561 0.2093 -0.9437
vn -0.0799 0.6162 -0.7835
vn -0.0081 0.6070 -0.7947
vn -0.3236 0.9112 -0.2551
vn -0.3687 0.8981 -0.2398
vn -0.4027 0.8940 -0.1962
vn -0.3369 0.9327 -0.1288
vn -0.1252 0.8789 -0.4602
vn -0.2695 0.8189 -0.5068
vn 0.0552 0.5299 -0.8463
vn 0.2000 0.5940 -0.7792
vn 0.1222 0.1714 -0.9776
vn -0.1863 -0.0034 -0.9825
vn 0.2809 0.1963 -0.9394
vn 0.4221 -0.0297 -0.9061
vn 0.1543 -0.1171 -0.9811
vn -0.1764 -0.1806 -0.9676
vn 0.2475 0.0960 -0.9641
vn 0.2035 0.0807 -0.9757
vn 0.3559 -0.2144 -0.9096
vn 0.4214 -0.1075 -0.9005
vn 0.2884 0.1662 -0.9430
vn 0.3742 0.2994 -0.8777
vn 0.5013 -0.0367 -0.8645
vn 0.4094 -0.1834 -0.8937
vn 0.1974 0.6374 -0.7448
vn 0.3596 0.3803 -0.8521
vn 0.3146 0.4239 -0.8493
vn 0.1539 0.6574 -0.7377
vn 0.4880 0.1188 -0.8647
vn 0.5113 0.0698 -0.8566
vn 0.6333 -0.3235 -0.7031
vn 0.5920 -0.4029 -0.6980
vn 0.6326 -0.2611 -0.7291
vn 0.6996 -0.5833 -0.4127
vn 0.6846 -0.5682 -0.4565
vn 0.6645 -0.5616 -0.4930
vn -0.6695 0.6356 -0.3844
vn -0.0897 0.2476 -0.9647
vn -0.0270 0.5010 -0.8650
vn -0.2479 0.6723 -0.6976
vn -0.3238 0.5182 -0.7916
vn -0.5252 0.8352 -0.1628
vn 0.0286 0.1143 -0.9930
vn -0.1059 0.0514 -0.9930
vn -0.0448 0.2968 -0.9539
vn 0.0828 0.4139 -0.9066
vn -0.2344 -0.1083 -0.9661
vn -0.3095 -0.0255 -0.9506
vn -0.1310 -0.2499 -0.9594
vn -0.1845 -0.1056 -0.9771
vn -0.1728 0.4094 -0.8959
vn -0.1181 0.4321 -0.8941
vn 0.1474 -0.3267 -0.9336
vn 0.4617 -0.2345 -0.8555
vn 0.4303 0.1832 -0.8839
vn 0.0634 0.2448 -0.9675
vn 0.5383 -0.2447 -0.8064
vn 0.4894 -0.3605 -0.7940
vn 0.6017 -0.0490 -0.7972
vn 0.5564 0.0789 -0.8272
vn 0.6204 -0.4442 -0.6464
vn 0.5078 -0.4305 -0.7462
vn -0.1631 0.8651 -0.4744
vn -0.2705 0.9140 -0.3025
vn -0.0439 0.7945 -0.6057
vn 0.0183 0.7484 -0.6630
vn -0.0383 0.8321 -0.5533
vn -0.1406 0.8143 -0.5631
vn 0.0698 0.7505 -0.6572
vn 0.0150 0.7554 -0.6551
vn -0.0380 0.8698 -0.4920
vn 0.0400 0.7456 -0.6652
vn 0.0230 0.6192 -0.7849
vn -0.0046 0.5347 -0.8450
vn 0.1514 0.4354 -0.8874
vn 0.1047 0.6062 -0.7884
vn -0.1138 0.7467 -0.6554
vn -0.1413 0.5858 -0.7980
vn -0.0863 0.8649 -0.4945
vn -0.1374 0.9231 -0.3591
vn -0.1521 0.9453 -0.2886
vn -0.1582 0.9311 -0.3288
vn -0.1314 0.7377 -0.6622
vn -0.1980 0.7815 -0.5917
vn -0.1729 0.5426 -0.8220
vn -0.0704 0.4651 -0.8824
vn -0.0264 0.8993 -0.4366
vn 0.2574 0.8212 -0.5093
vn 0.2186 0.9009 -0.3750
vn -0.0087 0.9452 -0.3264
vn 0.2450 0.4826 -0.8409
vn 0.0664 0.4196 -0.9053
vn 0.0415 0.6952 -0.7176
vn 0.2649 0.6907 -0.6728
vn 0.4234 0.6899 -0.5872
vn 0.4130 0.6533 -0.6346
vn 0.2678 0.8606 -0.4332
vn 0.3466 0.8733 -0.3425
vn 0.2766 0.7977 -0.5359
vn 0.3636 0.6548 -0.6626
vn 0.3715 0.7908 -0.4865
vn 0.2619 0.8679 -0.4221
vn -0.8167 0.2898 -0.4991
vn -0.6964 0.1308 -0.7057
vn -0.6152 0.1431 -0.7752
vn -0.7065 0.3770 -0.5989
vn -0.5973 0.1340 -0.7908
vn -0.6598 0.1322 -0.7397
vn -0.4896 0.1135 -0.8645
vn -0.7269 0.1312 -0.6741
vn -0.7758 0.2073 -0.5959
vn -0.5651 0.2516 -0.7857
vn -0.7596 0.5988 -0.2539
vn -0.6263 0.7014 -0.3402
vn -0.5941 0.7684 -0.2380
vn -0.7130 0.6830 -0.1585
vn -0.7692 0.4621 -0.4413
vn -0.5999 0.4863 -0.6353
vn -0.7829 0.5747 -0.2381
vn -0.6516 0.7083 -0.2717
vn -0.6055 0.7356 -0.3039
vn -0.4903 0.3475 -0.7993
vn -0.4921 0.4356 -0.7537
vn -0.6184 0.7181 -0.3193
vn -0.4253 0.3009 -0.8536
vn -0.4208 0.1470 -0.8952
vn -0.6313 0.7284 -0.2663
vn -0.5934 0.7742 -0.2201
vn -0.5704 0.4553 -0.6836
vn -0.5561 0.5067 -0.6588
vn -0.5801 0.8034 -0.1345
vn -0.6066 0.7830 -0.1379
vn -0.5520 0.6218 -0.5556
vn -0.6244 0.5395 -0.5649
vn -0.5847 0.7550 -0.2968
vn -0.4684 0.4565 -0.7565
vn -0.4732 0.5677 -0.6736
vn -0.5430 0.8135 -0.2084
vn -0.3939 0.3628 -0.8446
vn -0.3817 0.2984 -0.8748
vn -0.2020 0.6626 -0.7212
vn -0.3984 0.8860 -0.2373
vn -0.4736 0.8422 -0.2577
vn -0.1942 0.5403 -0.8187
vn -0.5670 0.8203 0.0750
vn -0.5331 0.8438 0.0624
vn -0.4987 0.8613 -0.0971
vn -0.4603 0.7164 -0.5242
vn -0.4703 0.7956 -0.3819
vn -0.4822 0.8760 -0.0085
vn -0.2980 0.5068 -0.8089
vn -0.3557 0.4644 -0.8111
vn -0.5947 0.6786 -0.4311
vn -0.6212 0.7438 -0.2468
vn -0.5393 0.5481 -0.6393
vn -0.5347 0.5177 -0.6679
vn -0.3623 0.4899 -0.7929
vn -0.4035 0.4523 -0.7954
vn -0.5959 0.7678 -0.2354
vn -0.5050 0.6892 -0.5196
vn -0.2501 0.4895 -0.8354
vn -0.4396 0.6330 -0.6372
vn -0.2704 0.4763 -0.8367
vn -0.0855 0.2790 -0.9565
vn 0.0251 0.2174 -0.9758
vn -0.0471 0.3445 -0.9376
vn -0.2435 0.5639 -0.7891
vn -0.4804 0.8447 -0.2360
vn -0.5303 0.8465 0.0475
vn -0.5202 0.1983 -0.8307
vn -0.3472 0.2814 -0.8946
vn -0.2347 0.2379 -0.9425
vn -0.5096 0.1659 -0.8443
vn -0.1114 0.2711 -0.9561
vn 0.0966 0.1763 -0.9796
vn 0.3756 -0.0773 -0.9236
vn 0.2193 0.0768 -0.9726
vn 0.3997 -0.1560 -0.9033
vn 0.5079 -0.0051 -0.8614
vn 0.4048 0.1167 -0.9069
vn 0.1559 0.0042 -0.9878
vn 0.4614 0.2653 -0.8466
vn 0.1972 0.2543 -0.9468
vn 0.0782 0.0372 -0.9962
vn 0.1261 0.0370 -0.9913
vn 0.0403 0.1286 -0.9909
vn 0.0426 0.1210 -0.9917
vn 0.2140 0.0882 -0.9728
vn 0.2843 -0.0740 -0.9559
vn 0.0668 0.6315 -0.7725
vn -0.0509 0.5332 -0.8445
vn 0.1543 0.3964 -0.9050
vn -0.0583 0.3336 -0.9409
vn -0.1526 0.1628 -0.9748
vn -0.0418 0.1180 -0.9921
vn 0.1422 -0.0159 -0.9897
vn -0.0265 0.0949 -0.9951
vn -0.0896 0.1889 -0.9779
vn -0.0705 0.3139 -0.9468
vn -0.1733 0.2047 -0.9634
vn -0.1180 0.1456 -0.9823
vn -0.2639 0.6284 0.7318
vn -0.2727 0.5573 0.7842
vn -0.3853 0.7379 0.5541
vn -0.4176 0.7618 0.4952
vn -0.4064 0.6974 0.5904
vn -0.3283 0.4924 0.8061
vn -0.4198 0.4404 0.7936
vn -0.4723 0.6527 0.5924
vn -0.5346 0.6292 0.5642
vn -0.4552 0.4303 0.7795
vn -0.4303 0.4528 0.7809
vn -0.5263 0.6326 0.5682
vn -0.5390 0.6267 0.5628
vn -0.4378 0.4462 0.7805
vn -0.4299 0.4616 0.7759
vn -0.5129 0.6331 0.5797
vn -0.4856 0.6428 0.5925
vn -0.4388 0.4624 0.7705
vn -0.4421 0.4652 0.7669
vn -0.4827 0.6493 0.5878
vn -0.5142 0.6272 0.5850
vn -0.4527 0.4515 0.7689
vn -0.4604 0.4260 0.7788
vn -0.5227 0.6133 0.5921
vn -0.5463 0.5956 0.5889
vn -0.5098 0.3748 0.7743
vn -0.5634 0.3091 0.7662
vn -0.6228 0.5336 0.5722
vn -0.6573 0.4661 0.5922
vn -0.5833 0.2452 0.7744
vn -0.6312 0.2047 0.7481
vn -0.6712 0.3964 0.6264
vn -0.6974 0.3554 0.6224
vn -0.7101 0.2479 0.6590
vn -0.7618 0.2428 0.6006
vn -0.7812 0.3170 0.5379
vn -0.7386 0.3305 0.5876
vn -0.7296 0.2723 0.6274
vn -0.6093 0.1486 0.7789
vn -0.7567 0.3039 0.5789
vn -0.7712 0.2220 0.5966
vn -0.6675 0.0382 0.7436
vn -0.5967 0.1168 0.7939
vn -0.7722 0.2679 0.5761
vn -0.4583 0.6689 0.5853
vn -0.3575 0.5542 0.7517
vn -0.2427 0.5348 0.8093
vn -0.3430 0.6205 0.7052
vn -0.1883 0.5440 0.8177
vn -0.2596 0.6282 0.7335
vn -0.5745 0.6721 0.4672
vn -0.4923 0.4870 0.7214
vn -0.4577 0.5123 0.7267
vn -0.5435 0.6769 0.4964
vn -0.5574 0.6924 0.4581
vn -0.4873 0.5283 0.6953
vn -0.4839 0.5044 0.7151
vn -0.5789 0.6702 0.4644
vn -0.4753 0.7109 0.5184
vn -0.4776 0.5587 0.6781
vn -0.4924 0.5456 0.6781
vn -0.5263 0.7031 0.4782
vn -0.4444 0.6801 0.5830
vn -0.4513 0.5339 0.7150
vn -0.4593 0.5503 0.6973
vn -0.4451 0.7014 0.5567
vn -0.5255 0.6581 0.5392
vn -0.4979 0.4854 0.7186
vn -0.4539 0.5150 0.7272
vn -0.4767 0.6605 0.5800
vn -0.5634 0.6696 0.4840
vn -0.5402 0.4604 0.7044
vn -0.5633 0.4706 0.6792
vn -0.5371 0.6992 0.4719
vn -0.4730 0.6844 0.5548
vn -0.4366 0.5765 0.6907
vn -0.6676 0.3786 0.6411
vn -0.6254 0.4381 0.6457
vn -0.3906 0.4525 0.8017
vn -0.6731 0.2400 0.6995
vn -0.5727 0.0683 0.8169
vn -0.2799 0.3874 0.8784
vn -0.3492 0.7983 0.4907
vn -0.4415 0.7421 0.5044
vn -0.4565 0.8306 0.3189
vn -0.3642 0.8712 0.3293
vn -0.5443 0.7875 0.2889
vn -0.5287 0.7134 0.4600
vn -0.5838 0.7082 0.3970
vn -0.6037 0.7669 0.2177
vn -0.6056 0.7804 0.1557
vn -0.5968 0.7252 0.3433
vn -0.5851 0.7385 0.3352
vn -0.5683 0.8088 0.1514
vn -0.5393 0.8241 0.1730
vn -0.5516 0.7558 0.3528
vn -0.4944 0.7824 0.3787
vn -0.4997 0.8454 0.1889
vn -0.4168 0.8791 0.2313
vn -0.4319 0.8015 0.4136
vn -0.2157 0.8741 -0.4352
vn -0.4727 0.8811 -0.0123
vn -0.3562 0.9344 0.0033
vn -0.1604 0.9136 -0.3735
vn -0.3053 0.9498 0.0687
vn -0.1947 0.9461 -0.2587
vn -0.5496 0.8319 -0.0764
vn -0.2845 0.8103 -0.5123
vn -0.2896 0.7992 -0.5266
vn -0.5478 0.8274 -0.1235
vn -0.4395 0.8976 -0.0340
vn -0.4884 0.8658 -0.1087
vn -0.2486 0.8609 -0.4438
vn -0.1897 0.9202 -0.3424
vn -0.4662 0.8845 -0.0159
vn -0.4780 0.8710 -0.1136
vn -0.5572 0.8280 0.0626
vn -0.3915 0.8930 -0.2220
vn -0.4707 0.8636 -0.1805
vn -0.3453 0.8859 -0.3098
vn -0.6319 0.7746 0.0276
vn -0.6762 0.7319 -0.0841
vn -0.4665 0.7864 -0.4049
vn -0.4736 0.8427 -0.2562
vn -0.6756 0.7224 -0.1476
vn -0.5469 0.7932 -0.2679
vn -0.3246 0.7953 -0.5119
vn -0.4367 0.7714 -0.4628
vn -0.3285 0.9056 -0.2684
vn -0.1310 0.9699 -0.2053
vn 0.0085 0.8986 -0.4386
vn -0.1483 0.8619 -0.4848
vn -0.0078 0.9935 -0.1134
vn 0.0596 0.9977 -0.0311
vn 0.1054 0.9464 -0.3053
vn 0.0813 0.9191 -0.3856
vn 0.0593 0.9973 0.0442
vn 0.0061 0.9973 0.0738
vn 0.0758 0.9791 -0.1889
vn 0.0986 0.9722 -0.2124
vn -0.0391 0.9979 0.0513
vn -0.0657 0.9978 0.0003
vn 0.0364 0.9694 -0.2429
vn 0.0629 0.9740 -0.2178
vn -0.1034 0.9939 -0.0378
vn -0.0882 0.9959 -0.0199
vn -0.0266 0.9742 -0.2240
vn -0.0166 0.9696 -0.2442
vn 0.1384 0.9894 0.0431
vn 0.0042 0.9999 0.0122
vn 0.2052 0.9633 -0.1729
vn 0.0647 0.9811 -0.1826
vn 0.2347 0.9685 0.0832
vn 0.2319 0.9664 0.1109
vn 0.3361 0.9010 -0.2742
vn 0.3102 0.9258 -0.2161
vn -0.2530 0.8684 -0.4264
vn -0.3372 0.8599 -0.3831
vn -0.2840 0.8317 -0.4770
vn -0.1942 0.8317 -0.5202
vn -0.2469 0.7634 -0.5969
vn -0.1390 0.7655 -0.6282
vn -0.1323 0.6951 -0.7067
vn -0.0822 0.6890 -0.7201
vn -0.0710 0.7723 -0.6313
vn -0.0599 0.6966 -0.7149
vn -0.0786 0.7047 -0.7051
vn -0.2246 0.7236 -0.6526
vn -0.1736 0.7519 -0.6360
vn 0.0305 0.7386 -0.6734
vn 0.0100 0.7483 -0.6633
vn 0.0394 0.7927 -0.6083
vn 0.0943 0.7947 -0.5996
vn -0.0604 0.8171 -0.5733
vn 0.0561 0.8629 -0.5023
vn 0.0897 0.8614 -0.4999
vn 0.0991 0.8397 -0.5340
vn 0.0938 0.8792 -0.4671
vn 0.0935 0.8984 -0.4291
vn 0.1392 0.9160 -0.3762
vn 0.1070 0.9159 -0.3869
vn 0.1643 0.8697 -0.4654
vn 0.1252 0.8672 -0.4820
vn 0.1806 0.8619 -0.4739
vn 0.1924 0.8708 -0.4524
vn 0.1488 0.9018 -0.4057
vn 0.1152 0.8881 -0.4449
vn 0.1247 0.8075 -0.5766
vn 0.1490 0.8368 -0.5269
vn 0.0682 0.8847 -0.4611
vn 0.0506 0.8862 -0.4606
vn 0.2568 0.8177 -0.5152
vn 0.1418 0.7956 -0.5890
vn 0.1216 0.8973 -0.4243
vn 0.2804 0.8902 -0.3591
vn -0.2730 0.9262 -0.2599
vn -0.2478 0.9686 -0.0219
vn -0.3780 0.8222 0.4255
vn -0.3038 0.8782 -0.3693
vn -0.4077 0.8980 -0.1655
vn -0.3211 0.8844 -0.3388
vn -0.1891 0.8925 -0.4096
vn -0.3376 0.8748 -0.3475
vn -0.3086 0.8822 -0.3555
vn -0.1182 0.8429 -0.5250
vn 0.4038 -0.7065 -0.5812
vn 0.2350 -0.6550 -0.7182
vn 0.1581 -0.6774 -0.7184
vn 0.3259 -0.7820 -0.5313
vn 0.2819 -0.6459 -0.7094
vn 0.2229 -0.6401 -0.7352
vn 0.2135 -0.2731 -0.9380
vn 0.1213 -0.6740 -0.7287
vn 0.3682 -0.6089 -0.7026
vn 0.4047 -0.4263 -0.8090
vn 0.5083 -0.7160 -0.4785
vn 0.5916 -0.7094 -0.3831
vn 0.5217 -0.6668 -0.5322
vn 0.3518 -0.5785 -0.7359
vn 0.3988 -0.8353 -0.3785
vn 0.4569 -0.8325 -0.3133
vn 0.4784 -0.7724 -0.4177
vn 0.2731 -0.8593 -0.4325
vn 0.4902 -0.7544 -0.4366
vn 0.5406 -0.7719 -0.3346
vn 0.1157 -0.2536 -0.9604
vn 0.2390 -0.4032 -0.8834
vn 0.1092 -0.8025 -0.5866
vn 0.1037 -0.7452 -0.6587
vn 0.5112 -0.6392 -0.5745
vn 0.5850 -0.6504 -0.4844
vn 0.5166 -0.5251 -0.6763
vn 0.3631 -0.5261 -0.7690
vn 0.0586 -0.6984 -0.7133
vn 0.2119 -0.7956 -0.5675
vn 0.1063 -0.8792 -0.4645
vn 0.0248 -0.8398 -0.5423
vn 0.3490 -0.6743 -0.6508
vn 0.2008 -0.5634 -0.8014
vn 0.3498 -0.3096 -0.8842
vn 0.1386 -0.3279 -0.9345
vn 0.0422 -0.0082 -0.9991
vn -0.1239 -0.0500 -0.9910
vn -0.2025 -0.5537 -0.8077
vn 0.0377 -0.7520 -0.6581
vn 0.2793 -0.4925 -0.8243
vn -0.1029 -0.3508 -0.9308
vn -0.1061 -0.7066 -0.6996
vn -0.2896 -0.4582 -0.8404
vn -0.2791 -0.2716 -0.9211
vn -0.0934 -0.5267 -0.8449
vn 0.0071 -0.3813 -0.9244
vn -0.2068 -0.1296 -0.9698
vn -0.8526 -0.1996 -0.4830
vn -0.5799 -0.2950 -0.7594
vn -0.6275 -0.2313 -0.7435
vn -0.9211 0.0206 -0.3887
vn -0.9392 -0.2324 -0.2528
vn -0.9773 -0.1925 -0.0887
vn -0.3524 0.2303 -0.9071
vn -0.2910 0.2726 -0.9171
vn -0.5170 0.5396 -0.6645
vn -0.6217 0.4718 -0.6252
vn -0.7869 0.4171 -0.4547
vn -0.5686 0.1124 -0.8149
vn -0.5991 -0.0111 -0.8006
vn -0.7782 0.3815 -0.4989
vn -0.4784 0.1559 -0.8642
vn -0.8099 0.3295 -0.4853
vn -0.9616 -0.2028 0.1852
vn -0.8929 -0.1908 0.4077
vn -0.9394 0.1741 0.2952
vn -0.9877 0.1559 -0.0157
vn -0.7575 0.6466 0.0904
vn -0.6255 0.7777 0.0618
vn -0.6263 0.7183 -0.3030
vn -0.7650 0.5903 -0.2575
vn -0.7901 0.6031 0.1099
vn -0.7871 0.5835 -0.1998
vn -0.8179 0.5489 -0.1723
vn -0.7909 0.6108 0.0375
vn -0.9252 0.3564 -0.1304
vn -0.8837 0.4545 0.1119
vn -0.8248 0.3586 0.4372
vn -0.9004 0.3057 0.3096
vn -0.7705 0.6313 0.0882
vn -0.6792 0.7329 0.0392
vn -0.8062 0.0789 0.5863
vn -0.8840 -0.0439 0.4654
vn -0.4172 0.6181 0.6662
vn -0.3060 0.6487 0.6968
vn -0.4982 0.7568 0.4231
vn -0.6229 0.6696 0.4046
vn -0.8505 -0.1629 0.5001
vn -0.8588 0.0925 0.5038
vn -0.5753 0.4238 0.6996
vn -0.4364 0.4761 0.7635
vn -0.5065 0.7671 0.3937
vn -0.5637 0.5263 0.6367
vn -0.6791 0.3403 0.6505
vn -0.3838 0.9185 -0.0948
vn -0.3669 0.9009 -0.2317
vn -0.2724 0.5495 0.7899
vn -0.1970 0.5318 0.8236
vn -0.2407 0.7205 0.6503
vn -0.3632 0.5140 0.7771
vn -0.5002 0.5922 0.6318
vn -0.2823 0.9144 0.2901
vn -0.7186 0.5811 0.3820
vn -0.7241 0.5979 0.3438
vn -0.7815 0.4666 0.4142
vn -0.4004 0.8580 -0.3218
vn -0.4775 0.8077 -0.3458
vn -0.6222 0.7561 -0.2027
vn -0.5066 0.7975 -0.3277
vn -0.6062 0.7701 -0.1987
vn -0.5281 0.8224 -0.2114
vn -0.3156 0.8141 -0.4875
vn -0.4460 0.8865 -0.1233
vn -0.3611 0.9323 -0.0211
vn -0.3030 0.9132 -0.2726
vn -0.5457 0.8176 -0.1837
vn -0.2537 0.7715 -0.5834
vn -0.2269 0.7589 -0.6104
vn -0.6065 0.7651 -0.2164
vn -0.7026 0.6693 -0.2416
vn -0.3257 0.7811 -0.5327
vn -0.7941 0.5669 -0.2191
vn -0.8390 0.5219 -0.1540
vn -0.7017 0.6404 -0.3122
vn -0.6914 0.7141 -0.1096
vn -0.8087 0.5776 -0.1114
vn -0.6852 0.7275 -0.0350
vn -0.6785 0.7343 -0.0217
vn -0.6123 0.7803 -0.1276
vn -0.4104 0.7850 -0.4641
vn -0.3899 0.7510 -0.5329
vn -0.5450 0.7486 -0.3776
vn -0.3094 0.8517 -0.4229
vn -0.4241 0.8679 -0.2588
vn -0.1315 0.8021 -0.5825
vn -0.4171 0.8396 -0.3481
vn -0.2366 0.8223 -0.5175
vn -0.1951 0.8788 -0.4355
vn -0.1886 0.8060 -0.5611
vn -0.5009 0.7368 -0.4541
vn -0.5453 0.7813 -0.3035
vn -0.3455 0.0992 -0.9332
vn -0.5273 -0.0301 -0.8492
vn -0.6532 0.2789 -0.7039
vn -0.5894 0.2301 -0.7744
vn 0.1912 -0.1644 -0.9677
vn -0.1417 -0.0318 -0.9894
vn -0.4771 0.1654 -0.8631
vn -0.2095 0.1339 -0.9686
vn 0.2235 0.1146 -0.9679
vn 0.5074 0.1218 -0.8531
vn 0.6647 -0.2360 -0.7089
vn 0.5199 -0.2438 -0.8187
vn 0.3238 0.1665 -0.9314
vn -0.0127 0.1248 -0.9921
vn 0.0944 -0.1680 -0.9813
vn 0.4509 -0.2000 -0.8699
vn -0.1788 0.1696 -0.9692
vn -0.2157 0.2229 -0.9507
vn 0.0496 -0.0211 -0.9985
vn -0.0237 -0.0827 -0.9963
vn -0.1083 0.1986 -0.9741
vn 0.1209 0.1738 -0.9773
vn 0.3939 -0.0707 -0.9164
vn 0.2338 -0.0301 -0.9718
vn 0.2697 0.1864 -0.9447
vn 0.1447 0.2502 -0.9573
vn 0.1979 -0.0924 -0.9759
vn 0.3732 -0.0803 -0.9243
vn -0.0448 0.3571 -0.9330
vn 0.0110 -0.0957 -0.9953
vn -0.1290 0.4145 -0.9009
vn -0.0510 -0.0968 -0.9940
vn -0.0352 0.3319 -0.9427
vn -0.1216 0.3826 -0.9159
vn -0.0515 -0.1174 -0.9917
vn 0.0038 -0.1457 -0.9893
vn 0.0730 0.3177 -0.9454
vn 0.2056 0.3937 -0.8960
vn 0.0706 -0.1342 -0.9884
vn 0.1641 -0.0804 -0.9832
vn 0.2795 0.7020 -0.6550
vn 0.3129 0.5598 -0.7673
vn 0.2915 -0.0035 -0.9566
vn 0.3602 0.1564 -0.9197
vn 0.3595 -0.5254 -0.7712
vn 0.3285 -0.5975 -0.7315
vn 0.4659 -0.4500 -0.7619
vn 0.6111 -0.6680 -0.4247
vn 0.5702 -0.7617 -0.3078
vn 0.5193 -0.8031 -0.2920
vn 0.5735 -0.3807 -0.7253
vn 0.5818 -0.3318 -0.7426
vn 0.5955 -0.4594 -0.6591
vn 0.6249 -0.5482 -0.5558
vn 0.4784 -0.3284 -0.8144
vn 0.3072 -0.3982 -0.8644
vn 0.3746 -0.5248 -0.7643
vn 0.5067 -0.4592 -0.7296
vn 0.1451 -0.4943 -0.8571
vn 0.0532 -0.5522 -0.8320
vn 0.2245 -0.6108 -0.7593
vn 0.1143 -0.6829 -0.7215
vn 0.0415 -0.6120 -0.7898
vn 0.0110 -0.5748 -0.8182
vn 0.0838 -0.7525 -0.6532
vn 0.1309 -0.8226 -0.5533
vn 0.1073 -0.7445 -0.6589
vn 0.0700 -0.6657 -0.7429
vn 0.1361 -0.9418 -0.3074
vn 0.1618 -0.8906 -0.4250
vn 0.2341 -0.7254 -0.6473
vn 0.1687 -0.7933 -0.5849
vn 0.0952 -0.9641 -0.2478
vn 0.0720 -0.9566 -0.2825
vn -0.0803 0.8812 -0.4658
vn -0.2865 0.9342 -0.2125
vn -0.2074 0.9286 -0.3076
vn -0.0720 0.8557 -0.5125
vn 0.5334 0.1304 -0.8358
vn 0.6524 -0.2249 -0.7237
vn 0.8090 -0.1796 -0.5597
vn 0.7003 0.2378 -0.6731
vn 0.8033 -0.4895 -0.3392
vn 0.7175 -0.5766 -0.3909
vn 0.2813 0.7555 -0.5917
vn 0.5127 0.5701 -0.6420
vn 0.3393 0.4439 -0.8293
vn 0.1495 0.6812 -0.7167
vn 0.1916 0.6239 -0.7577
vn -0.1727 0.8899 -0.4222
vn 0.1540 0.9871 0.0440
vn -0.1579 0.9688 -0.1911
vn 0.0744 0.9448 0.3191
vn 0.2186 0.9497 -0.2244
vn 0.0243 0.8849 -0.4652
vn -0.1140 0.9909 -0.0716
vn 0.6130 0.2775 0.7397
vn 0.9067 0.4205 -0.0343
vn 0.5658 0.8186 -0.0988
vn 0.3742 0.7092 0.5975
vn 0.9723 -0.2225 0.0714
vn 0.6214 -0.2997 0.7239
vn 0.7801 -0.6113 0.1335
vn 0.5685 -0.5894 0.5740
vn 0.7548 -0.6280 -0.1895
vn 0.8281 -0.3681 -0.4227
vn 0.9531 -0.2825 -0.1087
vn 0.8176 -0.5662 0.1048
vn 0.8689 0.4245 -0.2547
vn 0.7018 0.2107 -0.6805
vn 0.3477 0.8146 -0.4643
vn 0.3652 0.9244 -0.1098
vn 0.0269 0.9841 -0.1756
vn 0.1890 0.8941 -0.4061
vn 0.1460 0.8601 -0.4888
vn 0.1644 0.7689 -0.6179
vn -0.0113 0.9334 -0.3588
vn 0.0705 0.7993 -0.5968
vn 0.1466 0.6211 -0.7699
vn 0.1926 0.6761 -0.7111
vn 0.2483 0.3373 -0.9081
vn 0.2471 0.2571 -0.9343
vn 0.2854 -0.4516 -0.8453
vn 0.2403 -0.4956 -0.8346
vn 0.1547 -0.8603 -0.4858
vn 0.1087 -0.9035 -0.4145
vn 0.4890 0.1731 -0.8549
vn 0.5094 -0.5611 -0.6524
vn 0.9433 0.0546 -0.3274
vn 0.8499 -0.5269 0.0030
vn 0.6064 -0.7895 0.0944
vn 0.3641 -0.8630 -0.3502
vn 0.4101 0.7129 -0.5689
vn 0.8883 0.4519 0.0817
vn 0.3193 0.9008 -0.2943
vn 0.7066 0.6177 0.3452
vn 0.7125 -0.0034 0.7016
vn 0.8646 -0.2107 0.4562
vn 0.6549 -0.5655 0.5013
vn 0.6052 -0.3358 0.7218
vn 0.1423 0.9898 0.0011
vn 0.0578 0.9731 0.2229
vn 0.2287 0.6476 0.7269
vn 0.4361 0.6636 0.6078
vn 0.3716 -0.9189 0.1321
vn 0.2457 -0.9395 -0.2387
vn 0.1284 -0.9279 -0.3500
vn 0.1933 -0.9792 0.0614
vn 0.3256 0.1417 0.9348
vn 0.4791 0.0621 0.8755
vn 0.4363 -0.3657 0.8222
vn 0.3217 -0.3487 0.8803
vn 0.4334 -0.7034 0.5634
vn 0.2641 -0.7463 0.6110
vn 0.6741 -0.3176 -0.6669
vn 0.4791 -0.4085 -0.7769
vn 0.3081 -0.0880 -0.9473
vn 0.5022 -0.0101 -0.8647
vn 0.4548 -0.8465 -0.2769
vn 0.4774 -0.8328 -0.2803
vn 0.4546 -0.7387 -0.4976
vn 0.4416 -0.7496 -0.4930
vn 0.5384 -0.7034 -0.4641
vn 0.5050 -0.7137 -0.4854
vn 0.5331 -0.7991 -0.2780
vn 0.5607 -0.7707 -0.3027
vn 0.0332 0.4773 -0.8781
vn -0.5054 0.7432 -0.4384
vn -0.1325 0.3355 -0.9327
vn -0.5420 0.6592 -0.5212
vn 0.3432 -0.4574 -0.8204
vn 0.3843 -0.4617 -0.7995
vn 0.1562 -0.0011 -0.9877
vn 0.1692 -0.1190 -0.9784
vn 0.4375 -0.4508 -0.7781
vn 0.5043 -0.4040 -0.7632
vn 0.3155 0.1158 -0.9418
vn 0.1881 0.0957 -0.9775
vn -0.2515 0.3374 -0.9071
vn -0.4830 0.6611 -0.5741
vn -0.2426 0.5084 -0.8262
vn -0.3439 0.7183 -0.6049
vn -0.3716 0.7804 -0.5029
vn -0.4560 0.7973 -0.3954
vn -0.0777 0.7936 -0.6034
vn 0.0086 0.7388 -0.6739
vn 0.0502 0.6980 -0.7144
vn -0.1566 0.6591 -0.7356
vn -0.2036 0.8054 -0.5567
vn -0.0544 0.8905 -0.4517
vn 0.3690 0.5115 -0.7760
vn 0.6953 -0.1851 -0.6945
vn 0.3443 0.4785 -0.8078
vn 0.5776 -0.1003 -0.8101
vn -0.1299 0.7474 -0.6516
vn -0.2423 0.7760 -0.5824
vn 0.0804 0.7004 -0.7092
vn 0.1261 0.6673 -0.7340
vn 0.0515 0.8703 -0.4898
vn -0.0284 0.7879 -0.6152
vn 0.1911 0.6971 -0.6910
vn 0.2854 0.7638 -0.5789
vn 0.6243 -0.6920 -0.3625
vn 0.5960 -0.6878 -0.4145
vn 0.5553 -0.6577 -0.5090
vn 0.4519 -0.6166 -0.6446
vn 0.2989 0.5171 -0.8020
vn 0.3167 0.4819 -0.8170
vn 0.5075 0.0472 -0.8604
vn 0.5193 0.1914 -0.8329
vn 0.3647 0.5900 -0.7204
vn 0.6157 0.3388 -0.7114
vn 0.4854 0.6493 -0.5855
vn 0.7163 0.4422 -0.5398
vn 0.4973 -0.1117 -0.8603
vn 0.3092 0.2159 -0.9262
vn 0.2197 -0.1062 -0.9698
vn 0.1376 0.0508 -0.9892
vn 0.5695 -0.5345 -0.6245
vn 0.6857 -0.3298 -0.6489
vn 0.5522 -0.2584 -0.7926
vn 0.4175 -0.4615 -0.7828
vn 0.7990 0.2598 -0.5424
vn 0.8015 -0.0482 -0.5961
vn 0.5204 0.4407 -0.7314
vn 0.6614 0.0648 -0.7472
vn 0.2932 0.1312 -0.9470
vn 0.1855 -0.0260 -0.9823
vn 0.1555 0.0433 -0.9869
vn 0.2432 0.1591 -0.9568
vn 0.3547 0.3241 -0.8770
vn 0.2939 0.2868 -0.9118
vn 0.2815 0.5035 -0.8168
vn 0.2891 0.4040 -0.8679
vn -0.3383 0.5359 -0.7735
vn 0.0191 0.1833 -0.9829
vn -0.3996 0.3243 -0.8574
vn 0.0602 -0.1067 -0.9925
vn 0.0785 0.3792 -0.9220
vn -0.2294 0.7779 -0.5850
vn 0.1986 0.5945 -0.7792
vn -0.1194 0.8993 -0.4207
vn 0.3298 0.7452 -0.5796
vn -0.0659 0.8864 -0.4582
vn 0.3899 0.1653 -0.9059
vn 0.4046 0.3746 -0.8342
vn 0.1755 0.4575 -0.8717
vn 0.1889 0.2650 -0.9456
vn 0.1697 0.6379 -0.7512
vn 0.4508 0.5834 -0.6756
vn -0.0886 0.8303 -0.5502
vn 0.3594 0.7906 -0.4958
vn 0.2448 0.8162 -0.5233
vn -0.1660 0.8099 -0.5626
vn -0.1068 0.6827 -0.7228
vn -0.2678 0.7746 -0.5730
vn 0.5024 0.6845 -0.5282
vn 0.1954 0.7585 -0.6216
vn 0.1984 0.8326 -0.5172
vn 0.4969 0.7462 -0.4429
vn 0.0940 0.7668 -0.6349
vn -0.1900 0.6593 -0.7275
vn -0.0697 0.5299 -0.8452
vn 0.2690 0.7337 -0.6239
vn 0.4160 0.8098 -0.4138
vn 0.1564 0.8836 -0.4413
vn 0.0366 0.9015 -0.4312
vn 0.2461 0.8550 -0.4565
vn -0.0350 0.8745 -0.4837
vn -0.2599 0.7971 -0.5451
vn -0.2718 0.8619 -0.4281
vn -0.1071 0.9129 -0.3939
vn -0.4485 0.4658 -0.7628
vn -0.0936 0.3762 -0.9218
vn -0.1364 0.2170 -0.9666
vn -0.4910 0.3475 -0.7988
vn 0.1691 0.0973 -0.9808
vn 0.1092 0.0154 -0.9939
vn -0.1971 0.1558 -0.9679
vn -0.5017 0.2985 -0.8119
vn -0.3723 0.6701 -0.6421
vn -0.0933 0.6727 -0.7340
vn -0.0869 0.5428 -0.8354
vn -0.4023 0.5844 -0.7048
vn -0.4089 0.7511 -0.5184
vn -0.1032 0.8154 -0.5697
vn -0.0955 0.7602 -0.6427
vn -0.3584 0.7267 -0.5860
vn -0.2229 0.8697 -0.4404
vn -0.1444 0.8620 -0.4860
vn -0.4709 0.7372 -0.4845
vn -0.4885 0.7110 -0.5058
vn -0.7669 0.4556 -0.4520
vn -0.7795 0.4774 -0.4055
vn -0.8540 0.5193 -0.0312
vn -0.8483 0.5256 -0.0651
vn -0.8685 0.4954 -0.0179
vn -0.7805 0.5093 -0.3625
vn -0.7702 0.5337 -0.3493
vn -0.8876 0.4591 -0.0386
vn -0.9162 0.3937 -0.0745
vn -0.7602 0.5379 -0.3644
vn -0.7554 0.5461 -0.3622
vn -0.9346 0.3346 -0.1204
vn -0.9535 0.2521 -0.1654
vn -0.7838 0.5193 -0.3406
vn -0.8061 0.4297 -0.4070
vn -0.7787 0.2934 -0.5545
vn -0.9571 0.1224 -0.2627
vn -0.8822 -0.0919 -0.4618
vn -0.7430 -0.3220 -0.5867
vn -0.6585 0.1573 -0.7360
vn -0.5045 -0.5880 -0.6323
vn -0.4940 -0.0779 -0.8660
vn -0.3731 0.5806 -0.7237
vn -0.4379 0.6654 -0.6045
vn -0.2077 -0.3542 -0.9118
vn 0.1543 -0.4541 -0.8775
vn -0.1260 -0.7521 -0.6469
vn 0.2726 -0.7108 -0.6484
vn -0.1289 0.1366 -0.9822
vn -0.3015 0.3657 -0.8805
vn -0.0434 0.0492 -0.9978
vn -0.0210 0.0766 -0.9968
vn 0.3906 -0.3855 -0.8360
vn 0.4784 -0.3122 -0.8208
vn 0.5348 -0.5555 -0.6367
vn 0.6520 -0.4412 -0.6167
vn 0.7228 -0.3356 -0.6041
vn 0.5478 -0.2737 -0.7906
vn 0.5918 -0.1827 -0.7851
vn 0.7562 -0.1827 -0.6283
vn 0.1188 -0.0564 -0.9913
vn -0.0056 -0.0262 -0.9996
vn 0.5561 0.0292 -0.8306
vn 0.7015 0.1376 -0.6993
vn 0.3652 0.5349 -0.7619
vn 0.0760 0.2059 -0.9756
vn 0.2285 -0.0265 -0.9732
vn -0.1819 0.6251 -0.7591
vn -0.3170 0.4347 -0.8430
vn 0.2256 0.4176 -0.8802
vn -0.0623 0.7629 -0.6435
vn -0.4075 0.8193 -0.4034
vn -0.5023 0.6995 -0.5084
vn -0.5743 0.5538 -0.6029
vn -0.7386 0.6301 -0.2398
vn -0.7693 0.4965 -0.4022
vn -0.6618 0.7384 -0.1293
vn -0.8383 0.5291 -0.1314
vn -0.7822 0.6207 0.0546
vn -0.8383 0.3699 -0.4005
vn -0.8205 0.5653 0.0849
vn -0.8436 0.4966 -0.2043
vn -0.8090 0.4738 -0.3479
vn -0.8508 0.5254 -0.0040
vn -0.6295 0.3318 -0.7026
vn -0.7580 0.3298 -0.5628
vn -0.7791 0.4413 -0.4453
vn -0.5483 0.2884 -0.7850
vn -0.8549 0.5143 -0.0681
vn -0.1924 -0.8486 -0.4929
vn -0.5919 -0.6909 -0.4151
vn -0.7089 -0.6577 -0.2549
vn 0.2581 -0.7845 -0.5639
vn -0.3264 -0.8590 -0.3945
vn 0.2062 -0.8133 -0.5440
vn 0.5519 -0.5944 -0.5849
vn 0.5426 -0.6136 -0.5736
vn 0.6748 -0.4692 -0.5697
vn 0.6679 -0.4616 -0.5838
vn 0.7377 -0.3381 -0.5844
vn 0.7347 -0.3387 -0.5878
vn 0.7797 -0.0960 -0.6187
vn 0.7861 -0.1528 -0.5989
vn 0.7210 0.1941 -0.6652
vn 0.6827 0.2721 -0.6782
vn 0.4292 0.6822 -0.5919
vn 0.4404 0.6250 -0.6445
vn 0.0567 0.8559 -0.5141
vn 0.0902 0.9098 -0.4051
vn -0.2635 0.9450 -0.1938
vn -0.2980 0.9039 -0.3069
vn -0.5868 0.8085 -0.0434
vn -0.5550 0.8311 0.0361
vn -0.7115 0.6731 0.2016
vn -0.7324 0.6647 0.1475
vn -0.8253 0.5280 0.2003
vn -0.8287 0.5284 0.1844
vn -0.8008 0.5263 0.2857
vn -0.7971 0.5316 0.2865
vn -0.8002 0.5261 0.2878
vn -0.8246 0.5319 0.1925
vn -0.7833 0.5573 0.2755
vn -0.7969 0.5653 0.2128
vn -0.0189 -0.7146 -0.6993
vn 0.4183 -0.5980 -0.6836
vn -0.3349 -0.4718 -0.8156
vn 0.1336 -0.4545 -0.8807
vn 0.6297 -0.4526 -0.6314
vn 0.3697 -0.3038 -0.8781
vn 0.4740 -0.1045 -0.8743
vn 0.7068 -0.2974 -0.6419
vn 0.3906 0.2677 -0.8808
vn 0.6957 0.0458 -0.7168
vn 0.5527 0.4181 -0.7209
vn 0.2872 0.5477 -0.7858
vn 0.0364 0.8001 -0.5988
vn 0.2987 0.7552 -0.5835
vn -0.0184 0.9401 -0.3405
vn -0.2167 0.9178 -0.3328
vn -0.4968 0.8662 -0.0543
vn -0.3448 0.9341 -0.0925
vn -0.5906 0.7971 0.1258
vn -0.6648 0.7315 0.1514
vn -0.7561 0.6047 0.2504
vn -0.7238 0.6450 0.2451
vn -0.7877 0.5425 0.2921
vn -0.7826 0.5452 0.3004
vn -0.7879 0.5306 0.3127
vn -0.7903 0.5367 0.2954
vn -0.8637 0.4697 0.1827
vn -0.9018 0.4134 0.1259
vn -0.8565 0.4571 0.2399
vn -0.9075 0.3785 0.1824
vn -0.9352 0.3294 0.1297
vn -0.9303 0.3607 0.0667
vn -0.7284 0.5186 -0.4477
vn -0.8289 0.5410 0.1420
vn -0.8085 0.5504 0.2084
vn -0.8115 0.5706 0.1256
vn -0.3626 0.7229 -0.5882
vn -0.1132 0.6056 -0.7877
vn -0.1619 0.4358 -0.8853
vn -0.9571 0.2773 0.0838
vn -0.9624 0.2714 0.0104
vn -0.9843 0.1710 0.0424
vn -0.9835 0.1706 -0.0600
vn -0.2123 0.0899 -0.9731
vn -0.2209 -0.0720 -0.9726
vn -0.6046 0.0915 -0.7912
vn 0.0288 0.1357 -0.9903
vn -0.6641 0.7366 -0.1281
vn -0.4360 0.8206 -0.3696
vn -0.7323 0.6760 0.0825
vn -0.7929 0.5295 0.3015
vn -0.7868 0.5311 0.3146
vn -0.8113 0.5055 0.2938
vn -0.8003 0.5143 0.3083
vn -0.8227 0.5390 0.1807
vn -0.8157 0.5377 0.2132
vn -0.9364 0.3387 -0.0916
vn -0.8391 0.1667 -0.5178
vn -0.8180 -0.3065 -0.4868
vn -0.9989 0.0465 0.0070
vn -0.8327 0.5171 0.1981
vn -0.8163 0.5106 0.2702
vn -0.8739 0.4269 0.2327
vn -0.9369 0.3121 0.1572
vn -0.9159 0.3392 0.2147
vn -0.9581 0.2486 0.1421
vn -0.8331 0.4775 0.2790
vn -0.8605 0.4287 0.2753
vn -0.9996 -0.0185 -0.0214
vn -0.9853 0.0505 -0.1632
vn -0.9358 -0.1950 -0.2937
vn -0.9793 -0.1909 -0.0678
vn -0.8895 -0.4355 -0.1383
vn -0.8148 -0.4525 -0.3625
vn -0.9476 0.2533 0.1946
vn -0.9850 0.1188 0.1252
vn -0.9942 -0.0410 0.0998
vn -0.8928 -0.4272 -0.1429
vn -0.9547 -0.2972 0.0157
vn -0.5701 -0.6858 -0.4525
vn -0.8856 0.4049 0.2276
vn 0.3894 -0.1702 -0.9052
vn 0.3847 -0.0215 -0.9228
vn -0.2928 0.1669 -0.9415
vn 0.0490 0.0133 -0.9987
vn -0.4178 0.2076 -0.8845
vn -0.0749 -0.0229 -0.9969
vn -0.3071 -0.1238 -0.9436
vn -0.5942 0.1574 -0.7888
vn -0.7508 0.1712 -0.6380
vn -0.5683 -0.1152 -0.8147
vn -0.6996 0.0167 -0.7144
vn -0.7568 0.2986 -0.5814
vn -0.6195 0.3591 -0.6980
vn -0.6883 0.0714 -0.7219
vn -0.4970 0.0233 -0.8674
vn -0.3857 0.2691 -0.8825
vn -0.1126 0.0653 -0.9915
vn -0.2920 0.0101 -0.9564
vn -0.6218 -0.1877 -0.7603
vn -0.4597 -0.2806 -0.8426
vn -0.7549 -0.0349 -0.6549
vn -0.1545 0.0600 -0.9862
vn -0.3244 0.1817 -0.9283
vn -0.3081 0.1515 -0.9392
vn -0.4939 0.3280 -0.8053
vn -0.6359 0.3910 -0.6654
vn -0.4362 0.2246 -0.8714
vn -0.4227 0.3375 -0.8411
vn -0.6154 0.5219 -0.5907
vn -0.4578 0.7013 -0.5464
vn -0.3248 0.4531 -0.8302
vn -0.2683 0.5920 -0.7600
vn -0.2918 0.8589 -0.4208
vn -0.2527 0.8472 -0.4673
vn -0.2330 0.8166 -0.5280
vn -0.1445 0.9313 -0.3344
vn -0.0986 0.9083 -0.4065
vn 0.0498 0.9228 -0.3821
vn -0.0663 0.9505 -0.3036
vn -0.2227 0.9098 -0.3503
vn -0.2531 0.7354 -0.6286
vn -0.2755 0.9372 -0.2139
vn -0.2832 0.9588 0.0231
vn -0.1981 0.9600 -0.1978
vn -0.2285 0.9734 0.0174
vn -0.1699 0.9777 -0.1233
vn -0.1645 0.9752 -0.1481
vn -0.1935 0.9811 -0.0027
vn -0.1916 0.9813 -0.0188
vn -0.1929 0.9778 0.0820
vn -0.2663 0.9615 0.0683
vn -0.2253 0.9709 -0.0817
vn -0.1828 0.9828 0.0270
vn -0.2338 0.9721 0.0198
vn -0.2061 0.9767 0.0596
vn -0.2395 0.9700 0.0417
vn -0.2901 0.9559 0.0468
vn -0.2951 0.9526 -0.0737
vn -0.2264 0.9692 -0.0964
vn -0.4954 0.8437 -0.2068
vn -0.6792 0.6312 -0.3745
vn -0.4977 0.6284 -0.5978
vn -0.3275 0.9223 -0.2053
vn -0.6610 0.4942 -0.5647
vn -0.5410 0.4228 -0.7270
vn -0.5313 0.4059 -0.7436
vn -0.4844 0.4715 -0.7369
vn -0.6152 0.1968 -0.7634
vn -0.5368 0.3540 -0.7658
vn -0.7333 0.3890 -0.5576
vn -0.6193 -0.0737 -0.7817
vn -0.8090 0.3814 -0.4473
vn -0.6297 0.4289 -0.6477
vn -0.8403 0.4104 -0.3542
vn -0.7323 0.4605 -0.5017
vn -0.6453 0.5241 -0.5558
vn -0.4409 0.4629 -0.7690
vn -0.2992 0.5843 -0.7544
vn -0.4296 0.6197 -0.6568
vn -0.8102 0.4827 -0.3324
vn -0.7640 0.5398 -0.3535
vn 0.1585 0.6575 -0.7366
vn 0.0056 0.8133 -0.5819
vn 0.3931 0.7861 -0.4771
vn -0.0168 0.9649 -0.2621
vn -0.7512 0.5562 -0.3554
vn -0.7491 0.5212 -0.4088
vn -0.2614 0.7401 -0.6196
vn -0.3615 0.6833 -0.6344
vn -0.6855 0.5670 -0.4568
vn -0.1985 0.8515 -0.4853
vn 0.5822 0.7571 -0.2963
vn 0.5818 0.6339 -0.5096
vn 0.9116 0.4110 -0.0019
vn 0.7825 0.5904 -0.1978
vn 0.3892 0.6304 -0.6717
vn 0.6167 0.6545 -0.4375
vn 0.9329 0.3285 0.1475
vn 0.7677 0.6342 0.0918
vn 0.0949 0.9952 -0.0221
vn -0.4881 0.8355 -0.2524
vn -0.2732 0.8460 -0.4579
vn 0.2195 0.9512 -0.2170
vn 0.5732 0.7966 0.1921
vn 0.4515 0.8239 0.3426
vn 0.0504 0.9987 0.0060
vn 0.1544 0.9780 -0.1406
vn -0.2576 0.7880 -0.5592
vn -0.3836 0.6680 -0.6377
vn -0.3697 0.8972 -0.2415
vn -0.0379 0.9991 -0.0210
vn -0.5095 0.7201 -0.4711
vn -0.3616 0.6564 -0.6621
vn 0.5392 0.8222 -0.1823
vn 0.2777 0.9539 -0.1137
vn -0.1051 0.7899 -0.6042
vn 0.2153 0.7463 -0.6299
vn 0.3520 0.9061 -0.2348
vn 0.3554 0.7386 -0.5729
vn -0.3793 0.6198 -0.6870
vn -0.3226 0.6412 -0.6963
vn -0.3814 0.6266 -0.6796
vn -0.3549 0.6252 -0.6951
vn -0.0302 0.5440 -0.8385
vn 0.0933 0.6140 -0.7838
vn 0.2672 0.5764 -0.7723
vn 0.1318 0.5079 -0.8513
vn -0.5043 0.6550 -0.5627
vn -0.5095 0.6786 -0.5291
vn -0.3449 0.6411 -0.6856
vn -0.3423 0.6268 -0.6999
vn -0.3787 0.6289 -0.6790
vn -0.3747 0.6316 -0.6787
vn -0.3144 0.6391 -0.7019
vn -0.3423 0.6254 -0.7012
vn -0.3434 0.6315 -0.6952
vn -0.3484 0.6247 -0.6989
vn -0.2954 0.6737 -0.6774
vn -0.4836 0.7102 -0.5116
vn -0.4998 0.6625 -0.5579
vn -0.3313 0.6361 -0.6969
vn -0.1495 0.5309 -0.8342
vn -0.1338 0.5062 -0.8520
vn -0.0580 0.5204 -0.8519
vn -0.1667 0.7112 -0.6830
vn -0.4749 0.7709 -0.4244
vn -0.2576 0.7428 -0.6180
vn -0.1322 0.9858 -0.1038
vn -0.1331 0.9770 -0.1665
vn 0.1052 0.9472 -0.3029
vn -0.0668 0.8722 -0.4845
vn -0.2933 0.6541 -0.6973
vn -0.3625 0.6311 -0.6858
vn -0.3514 0.6176 -0.7036
vn -0.2846 0.6068 -0.7421
vn -0.1653 0.9032 -0.3960
vn -0.0986 0.7073 -0.7000
vn -0.1526 0.7120 -0.6854
vn -0.1965 0.6463 -0.7373
vn 0.2365 0.8992 -0.3681
vn -0.1301 0.8417 -0.5241
vn -0.2024 0.7454 -0.6351
vn -0.2821 0.6667 -0.6899
vn -0.3338 0.6318 -0.6995
vn -0.0938 -0.4524 -0.8869
vn -0.3555 -0.0267 -0.9343
vn -0.1573 -0.1511 -0.9759
vn 0.0106 -0.3467 -0.9379
vn 0.3214 -0.7326 -0.6000
vn 0.1873 -0.6588 -0.7286
vn 0.2546 -0.6027 -0.7563
vn 0.3330 -0.7283 -0.5989
vn 0.4300 -0.2705 -0.8613
vn 0.3683 -0.2877 -0.8841
vn 0.5116 -0.2461 -0.8232
vn 0.4945 -0.3352 -0.8019
vn 0.3423 -0.4882 -0.8028
vn 0.0662 -0.3699 -0.9267
vn -0.2838 -0.3987 -0.8721
vn 0.0708 -0.6151 -0.7852
vn -0.2856 -0.6622 -0.6928
vn -0.5462 -0.3369 -0.7669
vn -0.6398 -0.2977 -0.7085
vn -0.7278 -0.2313 -0.6456
vn 0.2684 -0.4262 -0.8639
vn 0.1953 -0.2185 -0.9561
vn 0.4985 -0.5754 -0.6484
vn 0.4742 -0.4115 -0.7783
vn 0.4350 -0.7531 -0.4935
vn 0.4135 -0.6491 -0.6385
vn 0.5153 -0.7191 -0.4662
vn 0.4828 -0.7893 -0.3794
vn 0.5226 -0.5921 -0.6134
vn 0.6054 -0.7230 -0.3328
vn 0.4617 -0.7129 -0.5279
vn 0.5750 -0.6861 -0.4457
vn 0.2018 -0.8501 -0.4864
vn 0.5421 -0.7999 -0.2573
vn 0.3880 -0.7972 -0.4625
vn 0.3596 -0.8140 -0.4562
vn 0.3863 -0.8365 -0.3887
vn 0.4170 -0.8275 -0.3760
vn 0.3656 -0.8335 -0.4142
vn 0.3548 -0.8652 -0.3545
vn 0.4610 -0.8259 -0.3247
vn 0.4243 -0.8252 -0.3728
vn 0.4004 -0.9034 -0.1531
vn 0.3497 -0.8994 -0.2622
vn 0.5155 -0.8270 -0.2244
vn 0.5379 -0.8324 -0.1335
vn 0.5677 -0.8218 0.0491
vn 0.5647 -0.8248 0.0289
vn 0.6263 -0.7778 0.0530
vn 0.5769 -0.8154 0.0485
vn 0.6270 -0.7782 0.0358
vn 0.5405 -0.8413 0.0096
vn 0.4490 -0.8932 0.0255
vn 0.5488 -0.8337 0.0612
vn 0.4361 -0.8997 -0.0199
vn 0.2145 -0.9714 -0.1023
vn 0.1772 -0.9657 -0.1897
vn -0.0287 -0.9649 -0.2611
vn 0.4680 -0.8785 -0.0962
vn 0.2784 -0.9593 -0.0469
vn 0.1708 -0.9782 -0.1185
vn -0.0465 -0.9709 -0.2348
vn 0.0265 -0.9849 -0.1709
vn -0.1425 -0.9299 -0.3392
vn -0.1356 -0.9398 -0.3136
vn 0.1966 -0.9588 -0.2051
vn 0.1720 -0.9357 -0.3081
vn -0.0281 -0.9368 -0.3486
vn -0.0265 -0.9578 -0.2861
vn -0.1346 -0.9242 -0.3575
vn -0.1419 -0.9108 -0.3876
vn -0.0648 -0.8853 -0.4604
vn -0.5098 -0.5929 -0.6234
vn -0.5693 -0.6999 -0.4314
vn -0.1665 -0.8919 -0.4204
vn 0.4652 -0.8841 -0.0456
vn 0.4469 -0.8905 -0.0852
vn 0.5380 -0.8390 -0.0811
vn 0.5593 -0.8281 -0.0370
vn 0.4922 -0.8703 -0.0153
vn 0.5971 -0.8022 0.0044
vn 0.6325 -0.7736 -0.0385
vn 0.6898 -0.7236 -0.0245
vn 0.5142 -0.7965 -0.3181
vn 0.6107 -0.7613 -0.2180
vn 0.6267 -0.7650 -0.1483
vn 0.6435 -0.7614 -0.0783
vn 0.6135 -0.7811 -0.1159
vn 0.6853 -0.7272 -0.0399
vn 0.3534 -0.8604 -0.3673
vn 0.4103 -0.8480 -0.3355
vn 0.4025 -0.8658 -0.2972
vn 0.5128 -0.8122 -0.2780
vn 0.5005 -0.8034 -0.3226
vn 0.5575 -0.7555 -0.3442
vn 0.5836 -0.7607 -0.2841
vn 0.5822 -0.7823 -0.2214
vn 0.5311 -0.8127 -0.2396
vn 0.4680 -0.8467 -0.2531
vn 0.4116 -0.8333 -0.3692
vn -0.3870 0.7753 0.4991
vn -0.5079 0.7135 0.4827
vn -0.5681 0.8013 0.1874
vn -0.4799 0.8601 0.1732
vn -0.6020 0.7868 0.1361
vn -0.5024 0.7128 0.4894
vn -0.5626 0.8193 0.1104
vn -0.4635 0.7382 0.4902
vn -0.4415 0.7557 0.4838
vn -0.5157 0.8484 0.1195
vn -0.4816 0.8616 0.1606
vn -0.4460 0.7552 0.4805
vn -0.4584 0.7599 0.4608
vn -0.4746 0.8597 0.1889
vn -0.5360 0.8225 0.1902
vn -0.5391 0.7120 0.4500
vn -0.5936 0.7708 0.2313
vn -0.6283 0.6576 0.4157
vn -0.2255 0.8625 0.4531
vn -0.4837 0.8647 0.1354
vn -0.0545 0.4606 0.8859
vn -0.0801 0.6475 0.7578
vn -0.0542 0.6651 0.7448
vn -0.2665 0.5257 0.8078
vn -0.1563 0.3089 0.9382
vn -0.1503 0.3007 0.9418
vn -0.3178 0.4967 0.8077
vn -0.2927 0.4848 0.8242
vn -0.2198 0.3250 0.9198
vn -0.3193 0.4712 0.8222
vn -0.3148 0.5432 0.7783
vn -0.2814 0.5274 0.8016
vn -0.2493 0.4139 0.8755
vn -0.4809 0.5262 0.7013
vn -0.4392 0.5610 0.7017
vn -0.3742 0.5546 0.7432
vn -0.3900 0.5265 0.7554
vn -0.6804 0.5701 0.4605
vn -0.5388 0.5696 0.6206
vn -0.5853 0.5687 0.5779
vn -0.7189 0.5745 0.3912
vn -0.2632 0.5035 0.8229
vn -0.4337 0.5538 0.7108
vn -0.5893 0.7177 0.3710
vn -0.4711 0.5786 0.6658
vn -0.4388 0.5580 0.7043
vn -0.5881 0.7266 0.3553
vn -0.6134 0.7669 0.1888
vn -0.6143 0.7665 0.1874
vn -0.6317 0.7175 0.2935
vn -0.5675 0.6356 0.5234
vn -0.5048 0.6072 0.6136
vn -0.5965 0.7139 0.3667
vn -0.6512 0.7497 0.1178
vn -0.6166 0.7691 0.1684
vn -0.6690 0.7188 0.1894
vn -0.6446 0.6553 0.3939
vn -0.7028 0.6665 0.2485
vn -0.6722 0.7304 0.1211
vn -0.6403 0.7637 0.0824
vn -0.6727 0.7377 0.0582
vn -0.5729 0.7976 0.1885
vn -0.5621 0.7869 0.2546
vn -0.6039 0.7566 0.2509
vn -0.6198 0.7607 0.1930
vn -0.6708 0.7019 0.2394
vn -0.6949 0.6467 0.3145
vn -0.6290 0.7197 0.2940
vn -0.6388 0.6917 0.3369
vn -0.5770 0.7592 0.3011
vn -0.5986 0.7317 0.3259
vn -0.6436 0.6717 0.3669
vn -0.6824 0.6417 0.3501
vn -0.6648 0.6553 0.3587
vn -0.7038 0.6137 0.3578
vn -0.6256 0.7340 0.2641
vn -0.6970 0.6811 0.2243
vn -0.6459 0.6894 0.3278
vn -0.7384 0.6029 0.3021
vn -0.7998 0.5868 0.1264
vn -0.8131 0.5045 0.2905
vn -0.8715 0.4466 0.2027
vn -0.8482 0.5288 -0.0311
vn -0.9033 0.3961 0.1648
vn -0.8442 0.4824 0.2337
vn -0.8446 0.5188 -0.1326
vn -0.8967 0.4159 0.1518
vn -0.9609 0.2747 0.0336
vn -0.8587 0.4165 -0.2987
vn -0.8339 -0.0387 -0.5505
vn -0.9513 -0.1986 -0.2358
vn -0.9260 0.3626 0.1050
vn -0.9829 0.1825 -0.0261
vn -0.2174 -0.8784 -0.4257
vn -0.4908 -0.7570 -0.4313
vn -0.8995 -0.3320 -0.2840
vn 0.3396 0.9038 -0.2604
vn 0.3117 0.4953 -0.8109
vn 0.5880 0.3077 -0.7481
vn 0.6782 0.5543 -0.4826
vn 0.7245 0.6257 -0.2891
vn 0.5788 0.3324 -0.7447
vn 0.1023 0.1252 -0.9868
vn 0.2708 0.1778 -0.9461
vn 0.1495 0.2487 -0.9570
vn 0.0387 0.2626 -0.9641
vn 0.1914 0.1975 -0.9614
vn 0.1231 0.1360 -0.9830
vn 0.0792 0.2795 -0.9569
vn 0.1155 0.3087 -0.9441
vn 0.2091 0.3710 -0.9048
vn 0.2191 0.2795 -0.9348
vn 0.1204 0.3475 -0.9299
vn 0.1158 0.3880 -0.9144
vn -0.2128 0.8952 0.3915
vn -0.0122 0.7017 0.7124
vn 0.0418 0.3458 0.9374
vn -0.0438 0.6521 0.7569
vn 0.1421 0.3796 0.9142
vn 0.0853 0.0939 0.9919
vn 0.1791 -0.1199 0.9765
vn 0.2925 0.0253 0.9559
vn 0.6976 0.7154 0.0383
vn 0.6264 0.3476 -0.6977
vn 0.7810 0.2157 -0.5861
vn 0.6182 0.6264 0.4748
vn 0.0624 0.3083 -0.9492
vn -0.0025 0.3670 -0.9302
vn -0.0083 0.3045 -0.9525
vn 0.0126 0.2108 -0.9774
vn 0.0417 0.3682 -0.9288
vn 0.0574 0.3910 -0.9186
vn 0.0498 0.3336 -0.9414
vn 0.0555 0.3417 -0.9382
vn 0.0736 0.4013 -0.9130
vn 0.0653 0.4086 -0.9104
vn 0.1304 0.3111 -0.9414
vn 0.1110 0.3283 -0.9380
vn 0.0728 -0.0900 -0.9933
vn 0.2394 -0.1630 -0.9571
vn 0.2027 0.0477 -0.9781
vn 0.1705 0.0815 -0.9820
vn 0.1458 0.0909 -0.9851
vn 0.2426 -0.1381 -0.9602
vn 0.1008 0.1298 -0.9864
vn 0.0128 0.0942 -0.9955
vn 0.1699 -0.0946 -0.9809
vn 0.0468 -0.0972 -0.9942
vn 0.4764 -0.6314 0.6118
vn 0.6569 -0.7366 0.1611
vn 0.6536 -0.7427 0.1457
vn 0.4979 -0.5847 0.6405
vn 0.2976 -0.3702 0.8800
vn 0.3730 -0.3918 0.8411
vn 0.6979 -0.7159 -0.0200
vn 0.6669 -0.6385 0.3842
vn 0.2709 -0.2124 0.9389
vn 0.4452 -0.0105 0.8954
vn 0.8867 -0.3951 -0.2399
vn 0.5884 -0.3959 0.7050
vn 0.5406 0.3208 0.7777
vn 0.9141 0.0103 -0.4054
vn 0.0988 -0.1089 -0.9891
vn 0.0191 0.0676 -0.9975
vn 0.8524 -0.4881 0.1878
vn 0.7109 -0.4967 0.4979
vn 0.7942 -0.4895 0.3600
vn 0.7769 -0.5013 0.3809
vn 0.3619 0.6804 0.6372
vn 0.3290 0.9020 0.2797
vn 0.8504 0.4697 0.2372
vn 0.6869 0.1468 0.7118
vn 0.9420 -0.2365 0.2381
vn 0.7714 -0.3224 0.5487
vn 0.3794 0.1998 0.9034
vn 0.2609 -0.3768 0.8888
vn 0.3860 -0.1560 0.9092
vn 0.2243 -0.5190 0.8248
vn 0.1043 -0.7879 0.6069
vn 0.1382 -0.7644 0.6297
vn 0.0695 -0.9938 0.0868
vn 0.0563 -0.9860 0.1571
vn 0.0600 -0.9331 -0.3545
vn 0.0335 -0.9647 -0.2612
vn 0.1150 -0.9569 -0.2667
vn 0.1184 -0.9921 -0.0414
vn 0.1771 -0.9410 -0.2883
vn 0.1817 -0.9737 -0.1373
vn 0.2381 -0.9197 -0.3122
vn 0.2474 -0.9549 -0.1642
vn 0.2742 -0.9452 -0.1775
vn 0.2489 -0.8937 -0.3734
vn 0.2516 -0.8559 -0.4518
vn 0.3134 -0.9276 -0.2034
vn 0.3876 -0.8898 -0.2409
vn 0.2829 -0.7896 -0.5445
vn 0.4631 -0.8367 -0.2923
vn 0.3449 -0.7139 -0.6094
vn 0.4485 -0.6368 -0.6272
vn 0.5183 -0.7828 -0.3444
vn 0.5359 -0.7647 -0.3579
vn 0.5285 -0.5979 -0.6027
vn 0.5565 -0.6390 -0.5310
vn 0.5051 -0.7951 -0.3356
vn 0.4196 -0.8646 -0.2765
vn 0.5429 -0.7393 -0.3985
vn 0.3705 -0.9216 -0.1160
vn 0.5440 -0.8197 -0.1792
vn 0.4085 -0.3759 -0.8318
vn 0.7959 -0.5973 -0.0990
vn 0.7769 -0.5913 -0.2164
vn 0.4998 -0.4543 -0.7374
vn -0.0425 -0.1723 -0.9841
vn 0.0106 -0.2254 -0.9742
vn 0.0797 -0.2815 -0.9562
vn 0.0365 -0.1959 -0.9799
vn 0.1072 -0.0336 -0.9937
vn 0.0647 -0.1210 -0.9905
vn 0.1935 -0.1475 -0.9699
vn 0.2541 -0.1192 -0.9598
vn 0.0283 0.0445 -0.9986
vn 0.1221 -0.0637 -0.9905
vn -0.0664 0.0352 -0.9972
vn -0.0303 0.0567 -0.9979
vn 0.8134 -0.4559 0.3612
vn 0.7940 -0.4512 -0.4074
vn 0.8488 -0.5285 -0.0157
vn 0.6460 -0.3916 0.6553
vn 0.4307 -0.4587 0.7772
vn 0.2989 -0.6274 0.7191
vn 0.7997 -0.5643 0.2049
vn 0.6848 -0.6773 0.2688
vn 0.5365 -0.8266 0.1699
vn 0.2045 -0.7937 0.5729
vn 0.1425 -0.9031 0.4051
vn 0.3899 -0.9181 0.0716
vn 0.3272 -0.9444 0.0325
vn 0.1547 -0.9500 0.2711
vn 0.1833 -0.9683 0.1696
vn 0.2839 -0.9588 0.0127
vn 0.3012 -0.9535 -0.0066
vn 0.1962 -0.9726 0.1250
vn 0.2637 -0.9618 0.0737
vn 0.4241 -0.9053 -0.0245
vn 0.5799 -0.7997 -0.1556
vn 0.4420 -0.8952 -0.0566
vn 0.3355 -0.9420 -0.0031
vn 0.5081 -0.8578 -0.0774
vn 0.6296 -0.7410 -0.2335
vn 0.5942 -0.7906 -0.1480
vn 0.5451 -0.8325 -0.0993
vn 0.6218 -0.7508 -0.2229
vn 0.5298 -0.8077 -0.2586
vn 0.5176 -0.8228 -0.2348
vn 0.5685 -0.7965 -0.2057
vn 0.5912 -0.7709 -0.2370
vn 0.3062 -0.8976 -0.3170
vn 0.2375 -0.9209 -0.3092
vn 0.3960 -0.8710 -0.2907
vn 0.4505 -0.8505 -0.2715
vn 0.4290 -0.8540 -0.2945
vn 0.5295 -0.7979 -0.2880
vn 0.2366 -0.9127 -0.3330
vn 0.6068 -0.5602 -0.5638
vn 0.5882 -0.6623 -0.4641
vn 0.6092 -0.6272 -0.4853
vn 0.6222 -0.6331 -0.4605
vn 0.5775 -0.7097 -0.4036
vn 0.5854 -0.7510 -0.3054
vn 0.5292 -0.6713 -0.5190
vn 0.6012 -0.5993 -0.5286
vn 0.5898 -0.6781 -0.4385
vn 0.4970 -0.7506 -0.4354
vn 0.6259 -0.6884 -0.3665
vn 0.5784 -0.7395 -0.3445
vn 0.3503 -0.7931 -0.4983
vn 0.4125 -0.7514 -0.5151
vn 0.3721 -0.8187 -0.4373
vn 0.3364 -0.8351 -0.4352
vn 0.4462 -0.8230 -0.3516
vn 0.3415 -0.8664 -0.3644
vn 0.4425 -0.7442 -0.5004
vn 0.3862 -0.7802 -0.4921
vn 0.4032 -0.8004 -0.4436
vn 0.5071 -0.7319 -0.4551
vn 0.3699 -0.8157 -0.4448
vn 0.3286 -0.8555 -0.4001
vn 0.6776 -0.5905 -0.4385
vn 0.8203 -0.3777 -0.4294
vn 0.6454 -0.4772 -0.5964
vn 0.5560 -0.6476 -0.5211
vn 0.4623 -0.6697 -0.5812
vn 0.4365 -0.7537 -0.4913
vn 0.5477 -0.1342 -0.8258
vn 0.6106 -0.2969 -0.7342
vn 0.8167 -0.2384 -0.5255
vn 0.7071 -0.1528 -0.6904
vn 0.4379 -0.5088 -0.7412
vn 0.4328 -0.6061 -0.6673
vn 0.2460 -0.0706 -0.9667
vn 0.4237 -0.0618 -0.9037
vn 0.5113 -0.1039 -0.8531
vn 0.2343 -0.1132 -0.9656
vn 0.4179 -0.3993 -0.8160
vn 0.3115 -0.4020 -0.8610
vn -0.0191 -0.1289 -0.9915
vn -0.0664 -0.1607 -0.9848
vn 0.0101 -0.2962 -0.9551
vn 0.0575 -0.1630 -0.9849
vn 0.1605 -0.4995 -0.8513
vn 0.0786 -0.6137 -0.7856
vn -0.0231 -0.1906 -0.9814
vn -0.0161 -0.1699 -0.9853
vn -0.0075 -0.4498 -0.8931
vn 0.0312 -0.3892 -0.9206
vn 0.0820 -0.6775 -0.7310
vn 0.0360 -0.7206 -0.6924
vn -0.0401 -0.1393 -0.9894
vn -0.0286 -0.1395 -0.9898
vn -0.0329 -0.5165 -0.8556
vn -0.0215 -0.4887 -0.8722
vn -0.0030 -0.7543 -0.6565
vn -0.0202 -0.7724 -0.6348
vn 0.1364 0.9904 0.0206
vn 0.1086 0.9845 -0.1376
vn 0.2192 0.8239 -0.5226
vn 0.2735 0.8780 -0.3929
vn 0.2613 0.9178 -0.2989
vn 0.2777 0.9604 -0.0222
vn 0.3323 0.9301 0.1563
vn 0.2797 0.9584 -0.0567
vn 0.2303 0.9502 -0.2098
vn 0.2255 0.8372 -0.4982
vn 0.0779 0.9354 -0.3450
vn 0.0732 0.9851 -0.1556
vn 0.1430 0.9890 -0.0376
vn 0.2073 0.9469 -0.2458
vn 0.1477 0.9883 -0.0372
vn 0.1159 0.9895 -0.0861
vn 0.3692 0.9278 0.0529
vn 0.3477 0.9321 0.1011
vn 0.4071 0.9134 -0.0035
vn 0.1626 0.9625 -0.2170
vn 0.2297 0.7998 -0.5546
vn 0.2327 0.7005 -0.6747
vn 0.2748 0.7146 -0.6433
vn 0.1937 0.7623 -0.6176
vn 0.1496 0.7712 -0.6188
vn 0.2294 0.7282 -0.6458
vn 0.3326 0.7624 -0.5551
vn 0.2360 0.8198 -0.5218
vn 0.3781 0.8504 -0.3658
vn 0.1144 0.8280 -0.5489
vn 0.2098 0.6920 -0.6907
vn 0.2477 0.6757 -0.6943
vn 0.1998 0.4974 -0.8442
vn 0.2538 0.5366 -0.8048
vn 0.2574 0.6620 -0.7039
vn 0.1622 0.4714 -0.8669
vn 0.6939 0.6748 0.2513
vn 0.5384 0.7440 0.3956
vn 0.5834 0.4727 0.6604
vn 0.8725 0.2920 0.3917
vn 0.4218 0.7750 0.4707
vn 0.3009 0.5847 0.7534
vn 0.5561 0.4480 -0.7000
vn 0.2691 0.5679 -0.7779
vn 0.4521 0.0272 -0.8916
vn 0.6949 -0.0541 -0.7170
vn 0.3571 0.8004 -0.4815
vn 0.0442 0.8723 -0.4870
vn 0.5658 -0.7044 -0.4285
vn 0.5394 -0.4144 -0.7331
vn 0.6318 -0.4568 -0.6262
vn 0.6363 -0.6700 -0.3823
vn 0.5967 -0.7297 -0.3339
vn 0.6573 -0.6838 -0.3168
vn 0.7723 -0.4853 -0.4098
vn 0.7319 -0.6427 -0.2263
vn 0.7857 -0.6082 -0.1127
vn 0.8334 -0.4859 -0.2633
vn 0.7788 -0.5889 -0.2161
vn 0.7243 -0.6236 -0.2943
vn 0.7133 -0.5223 -0.4673
vn 0.7797 -0.4997 -0.3774
vn 0.8222 -0.4586 -0.3370
vn 0.7930 -0.3630 -0.4893
vn 0.8833 -0.4501 -0.1311
vn 0.9023 -0.3405 -0.2643
vn 0.9544 -0.2749 -0.1163
vn 0.9341 -0.3534 0.0507
vn 0.9721 0.0068 -0.2345
vn 0.9210 -0.0530 -0.3860
vn 0.9858 -0.1201 0.1172
vn 0.9931 0.1166 -0.0098
vn 0.9431 -0.1468 0.2985
vn 0.8677 0.1258 0.4809
vn 0.7559 0.1833 0.6285
vn 0.5076 0.3989 0.7637
vn 0.1485 0.5763 0.8036
vn 0.3547 0.4533 0.8178
vn 0.0333 0.5229 0.8518
vn -0.1537 0.4442 0.8826
vn -0.4101 0.0186 0.9118
vn -0.1866 0.0909 0.9782
vn -0.1618 -0.2032 0.9657
vn -0.4299 -0.1290 0.8936
vn 0.1303 0.1852 0.9740
vn 0.5080 0.1492 0.8483
vn 0.3134 -0.1671 0.9348
vn 0.0803 -0.2260 0.9708
vn 0.1792 0.7405 -0.6477
vn 0.1914 0.7266 -0.6599
vn 0.2223 0.6181 -0.7540
vn 0.2644 0.6510 -0.7116
vn 0.4046 0.8968 -0.1792
vn 0.4219 0.8184 -0.3901
vn 0.3427 0.8478 -0.4048
vn 0.3100 0.9374 -0.1584
vn 0.1966 0.8637 -0.4640
vn 0.2001 0.9597 -0.1974
vn 0.2377 0.9316 -0.2751
vn 0.3289 0.9272 -0.1794
vn 0.2627 0.9595 -0.1016
vn 0.1729 0.9676 -0.1841
vn 0.1568 0.9864 -0.0494
vn 0.1303 0.8612 -0.4913
vn 0.1402 0.9117 -0.3862
vn 0.1685 0.8209 -0.5457
vn 0.1529 0.8094 -0.5670
vn 0.1362 0.9889 -0.0599
vn 0.3599 0.9298 -0.0768
vn 0.1157 0.9776 -0.1759
vn 0.2790 0.9271 -0.2504
vn 0.7253 0.6206 -0.2980
vn 0.7555 0.5157 -0.4040
vn 0.4247 0.8429 -0.3303
vn 0.7855 0.6152 -0.0677
vn 0.1170 0.8968 -0.4266
vn 0.3728 0.8048 -0.4618
vn 0.3323 0.8680 -0.3689
vn 0.4392 0.8178 -0.3720
vn 0.5626 0.7157 -0.4139
vn 0.5732 0.6702 -0.4715
vn 0.7117 0.5128 -0.4802
vn 0.5374 0.6774 -0.5024
vn 0.5720 0.5427 -0.6151
vn 0.3112 0.7235 -0.6162
vn 0.3704 0.7923 -0.4849
vn 0.5050 0.7645 -0.4006
vn 0.4399 0.8141 -0.3792
vn 0.3018 0.8425 -0.4462
vn 0.1974 0.8097 -0.5527
vn 0.1502 0.8642 -0.4802
vn 0.1263 0.9341 -0.3340
vn 0.2313 0.9090 -0.3468
vn 0.3704 0.8604 -0.3499
vn -0.1671 0.6710 -0.7224
vn 0.1409 0.4877 -0.8616
vn 0.1369 0.4756 -0.8689
vn -0.1270 0.6352 -0.7619
vn -0.8097 0.5862 -0.0281
vn -0.5346 0.7286 -0.4281
vn -0.4962 0.6805 -0.5392
vn -0.8205 0.5443 -0.1746
vn -0.8493 0.0932 0.5197
vn -0.9176 0.2741 0.2880
vn -0.8492 0.2924 0.4397
vn -0.8059 0.1786 0.5645
vn -0.6130 0.0310 0.7895
vn -0.8185 0.1021 0.5654
vn -0.8011 0.2029 0.5631
vn -0.6084 0.0765 0.7899
vn 0.8430 -0.3812 0.3796
vn 0.6247 -0.4225 0.6567
vn 0.4734 -0.3134 0.8232
vn 0.7863 -0.1108 0.6079
vn 0.8682 -0.4913 -0.0701
vn 0.7959 -0.4995 0.3420
vn 0.8503 -0.5199 0.0818
vn 0.8371 -0.5000 -0.2220
vn 0.2102 -0.3308 0.9200
vn -0.1989 -0.1420 0.9697
vn -0.2632 -0.0854 0.9610
vn 0.0642 -0.2267 0.9718
vn 0.4452 -0.3994 0.8014
vn 0.2816 -0.3117 0.9075
vn 0.1875 -0.2205 0.9572
vn -0.1914 -0.1148 0.9748
vn -0.1976 -0.1430 0.9698
vn 0.1763 -0.3027 0.9366
vn 0.8135 -0.5452 -0.2025
vn 0.8144 -0.4727 -0.3367
vn 0.8441 -0.4548 -0.2842
vn 0.8311 -0.5278 -0.1751
vn 0.6522 -0.4994 0.5703
vn 0.5126 -0.4602 0.7249
vn 0.8470 -0.5154 0.1304
vn 0.8116 -0.5003 0.3017
vn 0.8271 -0.4274 0.3650
vn 0.4815 -0.3968 0.7815
vn 0.8758 -0.3105 0.3696
vn 0.5170 -0.2913 0.8049
vn 0.7979 -0.6020 -0.0300
vn 0.8125 -0.5822 -0.0314
vn 0.8736 -0.4427 -0.2021
vn 0.8617 -0.4897 -0.1331
vn 0.8979 -0.4250 -0.1143
vn 0.8872 -0.4545 -0.0797
vn 0.9113 -0.4112 0.0225
vn 0.9276 -0.3702 -0.0504
vn 0.9628 -0.2703 0.0051
vn 0.9506 -0.2912 0.1075
vn 0.7537 -0.0680 -0.6537
vn 0.7469 -0.1498 -0.6478
vn 0.6397 0.0731 -0.7651
vn 0.6772 0.0901 -0.7303
vn 0.4770 0.2503 -0.8425
vn 0.5654 0.2217 -0.7945
vn 0.7706 -0.3091 -0.5573
vn 0.8021 -0.2712 -0.5320
vn 0.8735 -0.4252 -0.2371
vn 0.8418 -0.5398 -0.0005
vn 0.8683 -0.4944 0.0408
vn 0.9118 -0.3502 -0.2143
vn 0.9594 -0.2058 -0.1926
vn 0.9137 -0.3979 0.0831
vn 0.9732 -0.2096 0.0942
vn 0.9884 -0.0060 -0.1515
vn -0.1247 0.5802 -0.8049
vn 0.1781 0.4704 -0.8643
vn 0.4182 0.3861 -0.8222
vn 0.2085 0.5308 -0.8215
vn 0.7442 0.0385 -0.6668
vn 0.8338 -0.2006 -0.5143
vn 0.8609 -0.0954 -0.4997
vn 0.7408 0.1650 -0.6511
vn 0.6839 0.1946 -0.7031
vn 0.6567 0.3316 -0.6773
vn 0.7452 0.2866 -0.6021
vn 0.8884 0.0586 -0.4553
vn 0.9016 0.2064 -0.3801
vn 0.7571 0.3520 -0.5504
vn 0.3566 0.5273 -0.7712
vn 0.6477 0.3979 -0.6497
vn 0.6594 0.3921 -0.6414
vn 0.4216 0.4558 -0.7839
vn -0.8303 0.4511 -0.3273
vn -0.4869 0.5702 -0.6617
vn -0.3631 0.5587 -0.7457
vn -0.7809 0.4770 -0.4033
vn -0.9564 0.2692 0.1133
vn -0.8801 0.0844 0.4673
vn -0.8947 0.1538 0.4194
vn -0.9440 0.3274 0.0404
vn -0.7093 0.5344 -0.4597
vn -0.2154 0.5748 -0.7894
vn -0.1400 0.5560 -0.8193
vn -0.6528 0.5755 -0.4926
vn -0.8033 0.0360 0.5945
vn -0.5876 -0.0017 0.8091
vn -0.5316 0.0048 0.8470
vn -0.7795 0.0586 0.6237
vn -0.8954 0.2318 0.3802
vn -0.9140 0.4056 -0.0105
vn -0.8879 0.3054 0.3442
vn -0.8818 0.4688 -0.0515
vn -0.1622 -0.0751 0.9839
vn 0.2234 -0.1255 0.9666
vn 0.2723 -0.0576 0.9605
vn -0.1043 -0.0409 0.9937
vn -0.3884 0.0587 0.9196
vn -0.7297 0.1626 0.6641
vn -0.7594 0.1024 0.6425
vn -0.4673 0.0273 0.8837
vn 0.9258 -0.0189 0.3776
vn 0.6031 -0.0431 0.7965
vn 0.5425 -0.1510 0.8264
vn 0.9056 -0.1624 0.3919
vn 0.9998 -0.0184 -0.0098
vn 0.9997 -0.0145 -0.0184
vn 0.9898 -0.1419 0.0138
vn 0.9888 -0.1261 0.0803
vn -0.0436 -0.0187 0.9989
vn 0.3279 -0.0221 0.9445
vn 0.3927 -0.0224 0.9194
vn 0.0150 -0.0002 0.9999
vn 0.9756 0.1436 -0.1660
vn 0.9999 -0.0079 0.0092
vn 0.9890 0.0896 -0.1175
vn 0.9578 0.1683 -0.2331
vn 0.7249 0.0263 0.6883
vn 0.9737 0.0824 0.2125
vn 0.9941 0.0960 -0.0499
vn 0.8441 0.0019 0.5362
vn 0.9610 0.1266 -0.2459
vn 0.9882 0.0783 -0.1318
vn 0.7904 0.3306 -0.5157
vn 0.8998 0.2649 -0.3467
vn 0.9063 0.2233 -0.3588
vn 0.8379 0.2538 -0.4832
vn 0.5173 0.3819 -0.7659
vn 0.7148 0.3207 -0.6215
vn 0.7900 0.2410 -0.5637
vn 0.6677 0.3099 -0.6769
vn 0.9056 0.1703 -0.3884
vn 0.9238 0.1609 -0.3474
vn 0.8238 0.2087 -0.5271
vn 0.8791 0.1662 -0.4467
vn 0.9881 0.0840 -0.1291
vn 0.9722 0.1119 -0.2058
vn 0.8898 0.0234 0.4557
vn 0.9084 0.0652 0.4129
vn 0.5051 0.0654 0.8606
vn 0.4588 0.0175 0.8884
vn 0.9487 0.1783 -0.2611
vn 0.9163 0.1646 0.3652
vn 0.8054 0.4880 -0.3364
vn 0.7631 0.5824 0.2801
vn 0.4896 0.3502 0.7985
vn 0.5200 0.1432 0.8421
vn 0.0809 0.0429 0.9958
vn 0.1401 0.1048 0.9846
vn -0.2933 0.1061 0.9501
vn -0.2302 0.1828 0.9558
vn -0.6135 0.3068 0.7276
vn -0.6723 0.2245 0.7054
vn -0.8712 0.3474 0.3470
vn -0.8374 0.3838 0.3891
vn 0.6227 0.3992 -0.6730
vn 0.2760 0.5741 -0.7709
vn -0.3265 0.7730 -0.5440
vn 0.2269 0.7345 -0.6396
vn -0.5455 0.6513 -0.5275
vn 0.0042 0.5659 -0.8245
vn -0.7928 0.6094 0.0009
vn -0.8447 0.5289 -0.0822
vn -0.6626 0.5376 0.5215
vn -0.2458 0.3370 0.9089
vn -0.3117 0.5980 0.7384
vn -0.5093 0.8588 0.0552
vn 0.0720 0.9960 0.0533
vn 0.1185 0.5506 0.8263
vn 0.1386 0.2125 0.9673
vn -0.4321 0.8995 0.0648
vn -0.1515 0.9529 -0.2627
vn -0.0411 0.9925 -0.1153
vn -0.3333 0.9205 0.2040
vn 0.0545 0.8694 -0.4911
vn 0.0368 0.8396 -0.5420
vn 0.1575 0.8408 -0.5179
vn 0.1628 0.8247 -0.5416
vn 0.1599 0.9439 -0.2891
vn 0.1030 0.9585 -0.2657
vn -0.4016 0.7946 0.4554
vn -0.3427 0.8856 0.3136
vn -0.3428 0.8492 0.4017
vn -0.4196 0.7695 0.4815
vn -0.1831 0.9193 0.3484
vn -0.0317 0.9261 0.3760
vn -0.0194 0.8684 0.4954
vn -0.1528 0.8712 0.4665
vn 0.0356 0.9635 0.2652
vn 0.0353 0.9742 0.2227
vn -0.4808 0.7348 0.4784
vn -0.4094 0.7758 0.4802
vn -0.4577 0.6837 0.5684
vn -0.5387 0.7030 0.4644
vn 0.1784 0.8466 -0.5015
vn 0.1963 0.8640 -0.4637
vn 0.1080 0.9698 -0.2185
vn 0.0786 0.9670 -0.2423
vn -0.2071 0.7861 0.5824
vn -0.0835 0.8217 0.5638
vn -0.1019 0.7715 0.6280
vn -0.2377 0.6623 0.7105
vn -0.0063 0.9467 0.3222
vn -0.0105 0.9557 0.2941
vn -0.4575 0.5653 0.6864
vn -0.5780 0.6769 0.4559
vn -0.3138 0.4105 0.8561
vn -0.5162 0.6475 0.5606
vn 0.1812 0.8566 -0.4831
vn 0.1399 0.8371 -0.5289
vn 0.0840 0.9374 -0.3381
vn 0.1241 0.9592 -0.2539
vn -0.0754 0.7214 0.6884
vn -0.2330 0.4941 0.8376
vn -0.1756 0.3878 0.9049
vn -0.1054 0.7246 0.6811
vn 0.0305 0.9518 0.3053
vn -0.0179 0.9784 0.2060
vn -0.4166 0.5604 0.7159
vn -0.3661 0.4649 0.8061
vn -0.3323 0.2675 0.9044
vn -0.4463 0.2542 0.8580
vn -0.2679 0.7720 0.5764
vn -0.3224 0.3905 0.8623
vn -0.4912 0.4547 0.7430
vn -0.3947 0.8064 0.4404
vn -0.3861 0.6474 0.6571
vn -0.0091 0.6843 0.7291
vn -0.1034 0.6152 0.7816
vn -0.2603 0.5195 0.8139
vn -0.5137 0.3739 0.7722
vn -0.3332 0.4264 0.8409
vn -0.4179 0.8461 0.3308
vn -0.5540 0.5884 0.5890
vn -0.4666 0.7653 0.4435
vn -0.3722 0.8822 0.2884
vn 0.1164 0.8273 -0.5496
vn 0.1650 0.8449 -0.5088
vn 0.0282 0.9274 -0.3730
vn 0.0255 0.9179 -0.3960
vn -0.1429 0.9875 0.0671
vn -0.2141 0.9766 -0.0201
vn 0.2694 0.8107 0.5198
vn 0.0208 0.8994 0.4366
vn 0.3437 0.9334 0.1033
vn 0.4379 0.8923 0.1097
vn 0.4353 0.7953 -0.4219
vn 0.3610 0.7585 -0.5426
vn 0.4177 0.7966 -0.4370
vn 0.4427 0.8264 -0.3479
vn -0.1306 0.9663 0.2220
vn -0.1147 0.9908 0.0714
vn 0.2211 0.9633 -0.1524
vn 0.1977 0.9803 0.0018
vn 0.4744 0.8470 -0.2397
vn 0.4362 0.8768 -0.2026
vn 0.3844 0.8773 -0.2873
vn 0.3690 0.9129 -0.1745
vn 0.3886 0.8287 -0.4027
vn 0.2795 0.8785 -0.3874
vn 0.1079 0.9561 -0.2725
vn 0.3932 0.8399 -0.3741
vn -0.1837 0.9828 -0.0192
vn 0.1197 -0.3918 -0.9122
vn -0.0753 -0.6129 -0.7866
vn 0.3773 -0.7945 -0.4758
vn 0.4501 -0.6743 -0.5855
vn 0.3866 -0.4109 -0.8257
vn 0.6019 -0.4934 -0.6279
vn 0.7378 -0.6145 -0.2793
vn 0.6527 -0.6107 -0.4484
vn 0.6500 -0.7087 -0.2743
vn 0.7561 -0.6454 -0.1081
vn 0.7108 -0.5269 -0.4660
vn 0.7248 -0.5257 -0.4453
vn 0.7515 -0.6378 -0.1684
vn 0.6535 -0.7101 -0.2620
vn 0.4727 -0.5738 -0.6688
vn 0.4921 -0.7949 -0.3549
vn 0.6004 -0.7970 0.0650
vn 0.5341 -0.8383 -0.1091
vn 0.6141 -0.7748 -0.1500
vn 0.5725 -0.8190 0.0381
vn 0.4548 -0.8905 0.0106
vn 0.2420 -0.9267 -0.2876
vn 0.7366 -0.6741 -0.0545
vn -0.4907 -0.8514 -0.1853
vn -0.4896 -0.8658 -0.1036
vn -0.4761 -0.8763 0.0736
vn -0.4919 -0.7524 -0.4382
vn -0.4910 -0.6800 -0.5446
vn -0.4149 -0.8283 -0.3764
vn -0.4391 -0.5277 -0.7271
vn -0.1780 -0.7869 -0.5909
vn -0.0770 -0.3085 -0.9481
vn -0.4913 -0.5459 -0.6787
vn -0.4713 -0.5048 -0.7232
vn 0.1595 0.8969 -0.4125
vn 0.1705 0.9188 -0.3561
vn 0.1072 0.9478 -0.3004
vn 0.0746 0.9068 -0.4148
vn 0.0908 0.8629 -0.4971
vn 0.1759 0.8883 -0.4243
vn 0.1390 0.8569 -0.4964
vn 0.1956 0.9031 -0.3823
vn 0.2012 0.8753 -0.4397
vn 0.2049 0.9423 -0.2648
vn -0.2196 -0.6126 -0.7593
vn 0.0210 -0.0658 -0.9976
vn -0.2829 -0.4451 -0.8496
vn 0.0296 0.0230 -0.9993
vn -0.6813 -0.3713 -0.6309
vn -0.8816 -0.4718 -0.0137
vn -0.7455 -0.6570 0.1119
vn -0.6737 -0.6327 0.3818
vn -0.6022 -0.6204 -0.5024
vn -0.8435 -0.5130 -0.1592
vn -0.7184 -0.6615 -0.2154
vn -0.0211 0.4692 -0.8829
vn 0.1550 0.3219 -0.9340
vn 0.2114 0.3483 -0.9132
vn 0.0170 0.4201 -0.9073
vn 0.3920 0.3142 -0.8646
vn 0.3217 0.1918 -0.9272
vn 0.2670 0.4123 -0.8710
vn 0.0220 0.4823 -0.8757
vn 0.1361 0.4420 -0.8866
vn -0.0635 0.4850 -0.8722
vn 0.0079 0.4002 -0.9164
vn -0.0841 0.5419 -0.8363
vn -0.0104 0.4167 -0.9090
vn -0.3177 0.8649 -0.3885
vn -0.3215 0.8586 -0.3993
vn -0.2956 0.8690 -0.3968
vn -0.3259 0.8857 -0.3306
vn -0.2346 0.9108 -0.3396
vn -0.2497 0.9257 -0.2840
vn -0.2249 0.8773 -0.4241
vn -0.2576 0.8506 -0.4583
vn -0.1268 0.8786 -0.4604
vn -0.1276 0.9435 -0.3057
vn -0.1606 0.9513 -0.2631
vn -0.3685 0.9035 -0.2190
vn -0.3188 0.9122 -0.2574
vn -0.2998 0.8807 -0.3666
vn -0.3528 0.9147 -0.1970
vn -0.2435 0.9493 -0.1988
vn -0.1823 0.9677 -0.1740
vn -0.1533 0.6158 -0.7728
vn -0.1615 0.7025 -0.6931
vn -0.1555 0.6660 -0.7296
vn -0.0903 0.7586 -0.6453
vn -0.0882 0.6525 -0.7526
vn -0.1845 0.7817 -0.5958
vn -0.1900 0.7295 -0.6571
vn -0.2280 0.8146 -0.5334
vn -0.2416 0.7943 -0.5574
vn -0.4985 -0.3368 -0.7988
vn -0.4213 -0.3670 -0.8294
vn -0.0168 -0.0277 -0.9995
vn -0.0595 -0.0428 -0.9973
vn -0.0330 0.0253 -0.9991
vn -0.4678 -0.3873 -0.7945
vn 0.2802 0.2535 -0.9259
vn 0.2858 0.2290 -0.9305
vn -0.0730 -0.0953 -0.9928
vn -0.0200 -0.0027 -0.9998
vn -0.1060 -0.1885 -0.9763
vn 0.3025 0.2414 -0.9221
vn -0.6350 -0.4555 -0.6240
vn -0.6219 -0.4853 -0.6146
vn -0.5546 -0.4579 -0.6948
vn -0.6077 -0.4912 -0.6240
vn -0.6068 -0.4821 -0.6320
vn -0.6537 -0.5606 -0.5083
vn 0.5078 0.6615 -0.5518
vn 0.5406 0.6888 -0.4831
vn 0.5251 0.6818 -0.5094
vn 0.5017 0.6485 -0.5725
vn 0.5275 0.7126 -0.4625
vn 0.5664 0.7033 -0.4296
vn 0.4918 0.6996 -0.5183
vn 0.5057 0.6734 -0.5392
vn 0.4828 0.6364 -0.6016
vn 0.6180 0.7482 -0.2415
vn 0.5801 0.7665 -0.2756
vn 0.6110 0.7799 -0.1362
vn 0.6265 0.7692 -0.1261
vn 0.5435 0.8238 -0.1610
vn 0.5217 0.7805 -0.3444
vn 0.6007 0.7660 -0.2290
vn 0.6003 0.7688 -0.2205
vn 0.5801 0.7497 -0.3185
vn 0.5748 0.7524 -0.3218
vn 0.5218 0.7868 -0.3297
vn 0.5338 0.8179 -0.2148
vn 0.5796 0.7684 -0.2713
vn 0.5864 0.7550 -0.2934
vn 0.6084 0.7764 -0.1645
vn 0.5916 0.7946 -0.1366
vn 0.6022 0.7795 -0.1725
vn 0.5516 0.7719 -0.3161
vn 0.6042 0.7918 0.0890
vn 0.6296 0.7732 0.0763
vn 0.6361 0.7679 0.0758
vn -0.3108 -0.6734 -0.6707
vn -0.5448 -0.4684 -0.6956
vn -0.2042 -0.4442 -0.8724
vn -0.3586 -0.3183 -0.8776
vn -0.6279 -0.3689 -0.6853
vn -0.1884 -0.0466 -0.9810
vn -0.6724 -0.3832 -0.6332
vn -0.2925 -0.0316 -0.9557
vn -0.6248 -0.3755 -0.6846
vn -0.4213 -0.2241 -0.8788
vn -0.4162 -0.0949 -0.9043
vn -0.6600 -0.3703 -0.6537
vn -0.6691 -0.3814 -0.6378
vn -0.3598 -0.0458 -0.9319
vn -0.0517 -0.1166 -0.9918
vn -0.1553 -0.0188 -0.9877
vn -0.0206 0.0178 -0.9996
vn -0.0599 -0.0138 -0.9981
vn 0.2176 0.2804 -0.9349
vn -0.0257 0.0160 -0.9995
vn 0.1269 0.2446 -0.9613
vn -0.0820 0.0009 -0.9966
vn -0.0904 0.0137 -0.9958
vn -0.0460 -0.0309 -0.9985
vn -0.0187 -0.0846 -0.9962
vn 0.0220 0.0857 -0.9961
vn 0.0649 0.1913 -0.9794
vn -0.0893 -0.0500 -0.9947
vn -0.0888 0.0406 -0.9952
vn 0.0022 0.0505 -0.9987
vn -0.1277 0.1186 -0.9847
vn -0.1533 0.0039 -0.9882
vn -0.5093 -0.4670 -0.7229
vn -0.5182 -0.4764 -0.7103
vn -0.5478 -0.4695 -0.6925
vn -0.5005 -0.3843 -0.7757
vn -0.2435 -0.0855 -0.9661
vn -0.2429 0.0707 -0.9675
vn -0.3672 -0.0251 -0.9298
vn -0.3654 -0.2749 -0.8893
vn -0.4848 -0.4533 -0.7480
vn -0.4655 -0.2208 -0.8571
vn 0.1028 0.3645 -0.9255
vn 0.2110 0.3405 -0.9163
vn 0.1601 0.4505 -0.8783
vn 0.1671 0.4789 -0.8618
vn 0.2058 0.1679 -0.9641
vn 0.0173 0.2221 -0.9749
vn -0.0646 0.1105 -0.9918
vn -0.3133 -0.1708 -0.9342
vn -0.2450 -0.0900 -0.9653
vn -0.0441 0.1642 -0.9854
vn -0.1976 0.0308 -0.9798
vn -0.0542 0.2212 -0.9737
vn -0.2282 0.1429 -0.9631
vn -0.0942 0.2740 -0.9571
vn -0.2283 0.1699 -0.9586
vn -0.1163 0.2783 -0.9534
vn -0.1704 0.2111 -0.9625
vn -0.0941 0.3150 -0.9444
vn 0.2859 0.4770 -0.8311
vn 0.0988 0.2954 -0.9502
vn 0.1056 0.3272 -0.9390
vn 0.2884 0.4982 -0.8177
vn 0.0899 0.3665 -0.9261
vn 0.2758 0.5043 -0.8183
vn 0.0792 0.4670 -0.8807
vn 0.0278 0.4289 -0.9029
vn 0.1803 0.5483 -0.8166
vn 0.1834 0.5688 -0.8018
vn 0.1835 0.5380 -0.8227
vn 0.0252 0.4021 -0.9152
vn 0.0555 0.3802 -0.9232
vn 0.2319 0.4976 -0.8358
vn 0.4254 0.5963 -0.6808
vn 0.4285 0.6055 -0.6706
vn 0.5269 0.6541 -0.5427
vn 0.4248 0.5806 -0.6946
vn 0.5335 0.6179 -0.5776
vn 0.3625 0.5892 -0.7221
vn 0.4424 0.6494 -0.6185
vn 0.2960 0.6281 -0.7197
vn 0.3622 0.6815 -0.6359
vn 0.2885 0.6358 -0.7159
vn 0.3523 0.6939 -0.6281
vn 0.2773 0.6298 -0.7256
vn 0.3669 0.7446 -0.5577
vn 0.2322 0.5756 -0.7841
vn 0.3619 0.7507 -0.5527
vn 0.5868 0.6560 -0.4747
vn 0.6300 0.6735 -0.3867
vn 0.5860 0.6393 -0.4978
vn 0.6298 0.6887 -0.3592
vn 0.4540 0.7615 -0.4626
vn 0.4062 0.7161 -0.5676
vn 0.3772 0.7224 -0.5795
vn 0.4111 0.7575 -0.5072
vn 0.4860 0.6896 -0.5369
vn 0.5420 0.7413 -0.3958
vn 0.4003 0.8567 -0.3253
vn 0.3875 0.8687 -0.3086
vn 0.4110 0.8860 -0.2145
vn 0.4272 0.8799 -0.2078
vn 0.6632 0.7276 -0.1755
vn 0.6549 0.7504 -0.0894
vn 0.6736 0.7269 -0.1335
vn 0.6805 0.7298 -0.0664
vn 0.4232 0.8600 -0.2850
vn 0.4428 0.8808 -0.1678
vn 0.5331 0.8353 -0.1345
vn 0.5211 0.8146 -0.2548
vn 0.6119 0.7708 -0.1775
vn 0.6344 0.7672 -0.0942
vn 0.2832 0.8790 -0.3835
vn 0.2433 0.8949 -0.3740
vn 0.3133 0.8900 -0.3312
vn 0.3756 0.8556 -0.3563
vn 0.3745 0.8963 -0.2373
vn 0.4165 0.8685 -0.2688
vn 0.6266 0.7485 -0.2171
vn 0.6023 0.7395 -0.3005
vn 0.6626 0.7235 -0.1937
vn 0.6439 0.7210 -0.2560
vn 0.4464 0.8557 -0.2618
vn 0.4371 0.8245 -0.3594
vn 0.5067 0.8065 -0.3045
vn 0.5172 0.8258 -0.2250
vn 0.6210 0.7586 -0.1972
vn 0.6047 0.7530 -0.2595
vn 0.3180 0.8856 -0.3386
vn 0.3570 0.9051 -0.2312
vn 0.4422 0.8951 -0.0565
vn 0.3954 0.8759 -0.2766
vn 0.3414 0.9312 -0.1274
vn 0.4116 0.9088 0.0679
vn 0.6123 0.7606 -0.2160
vn 0.6266 0.7752 -0.0797
vn 0.6572 0.7353 -0.1653
vn 0.6680 0.7437 -0.0270
vn 0.4596 0.8487 -0.2616
vn 0.4869 0.8731 -0.0269
vn 0.5664 0.8235 -0.0326
vn 0.5349 0.8132 -0.2292
vn 0.6192 0.7658 -0.1737
vn 0.6370 0.7707 -0.0151
vn 0.4094 0.8783 0.2471
vn 0.4616 0.8593 0.2202
vn 0.5621 0.8032 0.1975
vn 0.4887 0.8421 0.2280
vn 0.6320 0.7658 0.1191
vn 0.6675 0.7300 0.1467
vn 0.6360 0.7525 0.1711
vn -0.0351 0.9934 -0.1091
vn 0.1798 0.9799 -0.0866
vn 0.0037 0.9785 -0.2064
vn 0.1271 0.9577 -0.2583
vn -0.0000 0.9599 -0.2802
vn 0.0470 0.9396 -0.3391
vn -0.0208 0.8890 -0.4574
vn -0.0018 0.8736 -0.4867
vn -0.1063 0.5821 -0.8062
vn -0.0456 0.6125 -0.7891
vn -0.0679 0.5439 -0.8364
vn -0.0334 0.5647 -0.8246
vn -0.0342 0.7360 -0.6761
vn -0.0167 0.7162 -0.6977
vn -0.0855 0.4730 -0.8769
vn -0.0564 0.4828 -0.8739
vn -0.0329 0.5208 -0.8531
vn 0.0234 0.5425 -0.8397
vn -0.2981 -0.3915 -0.8705
vn -0.2953 -0.2448 -0.9235
vn -0.3564 -0.2769 -0.8923
vn -0.2702 -0.4021 -0.8748
vn -0.2713 -0.0364 -0.9618
vn -0.2324 -0.0502 -0.9713
vn -0.2929 -0.0345 -0.9555
vn -0.4211 -0.3222 -0.8478
vn -0.2521 -0.4351 -0.8644
vn 0.1786 0.9121 -0.3691
vn 0.2525 0.9594 -0.1257
vn 0.2798 0.8580 -0.4308
vn 0.3369 0.9320 -0.1340
vn 0.0855 0.8919 -0.4440
vn 0.0135 0.8772 -0.4799
vn 0.1585 0.8557 -0.4926
vn 0.2039 0.8192 -0.5361
vn 0.0009 0.7539 -0.6570
vn -0.0006 0.5920 -0.8059
vn 0.1339 0.6626 -0.7369
vn 0.1354 0.8105 -0.5699
vn 0.0183 0.5064 -0.8621
vn 0.1003 0.5497 -0.8293
vn 0.2477 0.5562 -0.7933
vn 0.1714 0.5602 -0.8105
vn 0.1059 0.6297 -0.7696
vn 0.1618 0.6336 -0.7566
vn 0.1547 0.5941 -0.7894
vn 0.1258 0.5534 -0.8234
vn 0.2434 0.6008 -0.7614
vn 0.2802 0.6046 -0.7456
vn 0.0978 0.4551 -0.8851
vn 0.1231 0.4880 -0.8641
vn 0.0652 0.3813 -0.9221
vn 0.0487 0.3767 -0.9250
vn 0.1267 0.3798 -0.9163
vn 0.2009 0.5126 -0.8348
vn -0.3478 -0.6019 -0.7189
vn -0.4524 -0.5729 -0.6835
vn -0.3569 -0.4103 -0.8392
vn -0.2263 -0.5119 -0.8287
vn -0.3615 -0.3646 -0.8581
vn -0.5079 -0.5707 -0.6452
vn 0.1818 0.1047 -0.9777
vn 0.1099 0.1618 -0.9807
vn 0.1315 0.0265 -0.9910
vn 0.1931 -0.0206 -0.9810
vn 0.0614 0.0602 -0.9963
vn 0.1328 0.1977 -0.9712
vn -0.0891 -0.5380 -0.8382
vn -0.1494 -0.5379 -0.8297
vn -0.2815 -0.4882 -0.8261
vn -0.0841 0.2327 -0.9689
vn -0.0747 0.2118 -0.9745
vn -0.0346 0.1772 -0.9836
vn -0.0730 -0.1026 -0.9920
vn 0.1117 0.1002 -0.9887
vn 0.0428 0.1277 -0.9909
vn -0.1595 -0.0770 -0.9842
vn 0.2394 0.3644 -0.8999
vn 0.3226 0.3512 -0.8789
vn -0.3770 -0.4556 -0.8064
vn 0.0190 0.0310 -0.9993
vn -0.4166 -0.4602 -0.7840
vn 0.0220 -0.0435 -0.9988
vn 0.1925 0.2112 -0.9583
vn -0.3030 -0.3264 -0.8954
vn 0.2595 0.2188 -0.9406
vn -0.2770 -0.2577 -0.9257
vn -0.5387 -0.5871 -0.6043
vn -0.5780 -0.5935 -0.5600
vn -0.3307 -0.4060 -0.8519
vn -0.3691 -0.4362 -0.8207
vn -0.1907 -0.2363 -0.9528
vn -0.2369 -0.2305 -0.9438
vn 0.3386 0.5012 -0.7964
vn 0.3954 0.5591 -0.7287
vn 0.4343 0.4773 -0.7639
vn 0.4820 0.5313 -0.6967
vn 0.4316 0.5668 -0.7017
vn 0.4019 0.5763 -0.7116
vn 0.4938 0.5736 -0.6535
vn 0.4626 0.6128 -0.6406
vn 0.3485 0.6113 -0.7105
vn 0.3446 0.7008 -0.6247
vn 0.4265 0.6369 -0.6422
vn 0.4479 0.7152 -0.5365
vn 0.3674 0.8024 -0.4702
vn 0.3613 0.8100 -0.4620
vn 0.4717 0.7939 -0.3837
vn 0.4457 0.7954 -0.4107
vn 0.3472 0.7629 -0.5453
vn 0.3904 0.8147 -0.4288
vn 0.3957 0.7546 -0.5235
vn 0.4030 0.8247 -0.3969
vn 0.4418 0.8929 -0.0870
vn 0.4383 0.8967 -0.0618
vn -0.1068 0.0573 -0.9926
vn -0.3370 -0.1924 -0.9217
vn -0.3519 -0.1747 -0.9196
vn -0.0903 0.0779 -0.9929
vn 0.4225 0.5804 -0.6961
vn 0.2812 0.4528 -0.8461
vn 0.4107 0.5667 -0.7142
vn 0.2690 0.4394 -0.8571
vn 0.0658 0.2451 -0.9673
vn 0.0855 0.2598 -0.9619
vn -0.2710 -0.2366 -0.9330
vn -0.5380 -0.5163 -0.6663
vn -0.0735 0.0049 -0.9973
vn -0.0375 -0.0556 -0.9977
vn -0.2081 -0.2679 -0.9407
vn -0.4722 -0.5194 -0.7122
vn -0.4719 -0.4780 -0.7408
vn -0.0209 0.0223 -0.9995
vn 0.0364 -0.0547 -0.9978
vn -0.4550 -0.5055 -0.7331
vn -0.4398 -0.4778 -0.7605
vn 0.0335 -0.0656 -0.9973
vn 0.3397 0.3113 -0.8875
vn -0.1596 -0.2515 -0.9546
vn -0.2359 -0.2150 -0.9477
vn 0.3662 0.2960 -0.8822
vn 0.3212 0.2584 -0.9111
vn -0.2635 -0.2339 -0.9359
vn -0.6496 -0.6296 -0.4262
vn -0.6434 -0.6280 -0.4379
vn -0.4184 -0.4725 -0.7757
vn -0.6192 -0.6098 -0.4947
vn -0.1791 -0.2599 -0.9489
vn -0.0354 -0.1003 -0.9943
vn 0.4900 0.6656 -0.5630
vn 0.4663 0.6236 -0.6275
vn 0.4702 0.6761 -0.5672
vn 0.4631 0.6626 -0.5886
vn 0.4854 0.6507 -0.5839
vn 0.4722 0.5952 -0.6502
vn 0.4076 0.5556 -0.7247
vn 0.2764 0.4253 -0.8618
vn 0.4300 0.5238 -0.7353
vn 0.3154 0.3908 -0.8648
vn 0.4945 0.6147 -0.6145
vn 0.4896 0.5523 -0.6747
vn 0.4651 0.6457 -0.6057
vn 0.4505 0.4867 -0.7484
vn 0.3398 0.3595 -0.8691
vn 0.4826 0.7446 -0.4611
vn 0.5002 0.8285 -0.2517
vn 0.5049 0.7848 -0.3595
vn 0.4618 0.6986 -0.5465
vn 0.4409 0.6654 -0.6024
vn 0.4838 0.7482 -0.4541
vn 0.4719 0.8534 -0.2214
vn 0.4258 0.8372 -0.3433
vn 0.4172 0.8330 -0.3634
vn 0.4907 0.8315 -0.2604
vn 0.5037 0.8027 -0.3193
vn 0.4530 0.8039 -0.3854
vn 0.4331 0.8287 -0.3544
vn 0.5103 0.8413 -0.1781
vn 0.3895 0.8924 -0.2278
vn 0.3551 0.8360 -0.4183
vn 0.3651 0.7949 -0.4846
vn 0.3621 0.8781 -0.3128
vn 0.5618 0.8243 0.0702
vn 0.4326 0.9005 0.0444
vn 0.3901 0.9207 -0.0114
vn 0.1353 0.1205 -0.9835
vn 0.1223 0.1632 -0.9790
vn 0.0823 0.2116 -0.9739
vn -0.7375 -0.2203 0.6384
vn -0.9631 -0.2677 -0.0276
vn -0.9380 -0.3326 0.0979
vn -0.7245 -0.2136 0.6553
vn -0.9127 -0.3627 -0.1881
vn -0.7915 -0.3500 -0.5010
vn -0.7223 -0.6084 -0.3288
vn -0.8554 -0.4723 0.2128
vn -0.1004 -0.5143 -0.8517
vn 0.2089 -0.0225 -0.9777
vn 0.1886 0.0082 -0.9820
vn -0.1429 -0.4947 -0.8572
vn -0.1328 -0.6862 -0.7152
vn -0.2363 -0.4862 -0.8413
vn -0.1967 -0.5470 -0.8137
vn -0.0220 -0.5722 -0.8198
vn -0.0961 -0.7407 -0.6649
vn -0.2517 -0.4852 -0.8374
vn -0.3074 -0.7243 -0.6172
vn -0.5505 -0.6691 -0.4993
vn -0.5516 -0.3834 -0.7408
vn 0.0865 0.0996 -0.9913
vn -0.2890 -0.4144 -0.8630
vn -0.2847 -0.4363 -0.8536
vn 0.1671 0.0827 -0.9825
vn 0.2390 0.0784 -0.9679
vn 0.1858 0.0311 -0.9821
vn -0.2029 -0.4785 -0.8543
vn 0.1779 0.0418 -0.9832
vn 0.1145 -0.1351 -0.9842
vn -0.1058 -0.2955 -0.9495
vn -0.5460 -0.3297 -0.7702
vn -0.3734 -0.0771 -0.9245
vn -0.5396 -0.4685 -0.6995
vn -0.4728 -0.3856 -0.7923
vn -0.3236 -0.0461 -0.9451
vn -0.5929 -0.2377 -0.7694
vn -0.7706 -0.3061 0.5590
vn -0.7518 -0.5415 -0.3763
vn -0.5057 -0.1480 -0.8499
vn -0.2903 0.0563 -0.9553
vn -0.9335 -0.3494 0.0800
vn -0.3595 0.0011 0.9332
vn -0.4641 -0.0267 0.8854
vn 0.0414 0.3341 -0.9416
vn -0.0680 0.2159 -0.9740
vn -0.0790 0.2346 -0.9689
vn 0.0480 0.3655 -0.9296
vn 0.0180 0.2323 -0.9725
vn -0.1449 0.1272 -0.9812
vn -0.0721 0.1813 -0.9808
vn 0.0345 0.2838 -0.9583
vn 0.1609 0.5169 -0.8408
vn 0.0516 0.5537 -0.8311
vn 0.2357 0.4357 -0.8687
vn 0.0711 0.4229 -0.9034
vn 0.0495 0.3935 -0.9180
vn 0.0911 0.5123 -0.8540
vn 0.0509 0.4889 -0.8709
vn 0.0707 0.5939 -0.8014
vn 0.0296 0.3525 -0.9354
vn -0.8469 -0.3177 -0.4263
s 1
usemtl _17174_Tiamat_v1default
f 1//1 2//2 3//3 4//4
f 5//5 6//6 3//3 2//2
f 7//7 8//8 3//3 6//6
f 4//4 3//3 8//8 9//9
f 10//10 11//11 12//12 13//13
f 8//8 12//12 11//11 9//9
f 14//14 12//12 8//8 7//7
f 14//14 15//15 13//13
f 16//16 4//4 9//9 17//17
f 18//18 19//19 16//16 17//17
f 20//20 21//21 16//16 19//19
f 4//4 16//16 21//21 1//1
f 22//22 23//23 18//18 17//17
f 11//11 22//22 17//17 9//9
f 10//10 24//24 22//22 11//11
f 23//23 22//22 24//24 25//25
f 25//25 24//24 26//26 27//27
f 13//13 26//26 24//24 10//10
f 15//15 28//28 26//26 13//13
f 27//27 26//26 28//28 29//29
f 5//5 30//30 31//31 32//32
f 33//33 31//31 30//30 34//34
f 35//35 36//36 31//31 33//33
f 32//32 31//31 36//36 37//37
f 7//7 6//6 38//38 39//39
f 32//32 38//38 6//6 5//5
f 37//37 40//40 38//38 32//32
f 39//39 38//38 40//40 41//41
f 42//42 14//14 7//7
f 43//43 42//42 39//39 41//41
f 44//44 45//45 42//42 43//43
f 14//14 42//42 45//45 15//15
f 46//46 47//47 45//45 44//44
f 48//48 47//47 46//46 49//49
f 47//47 48//48 29//29
f 28//28 15//15 45//45
f 50//50 51//51 52//52 53//53
f 23//23 50//50 53//53 18//18
f 25//25 54//54 50//50 23//23
f 51//51 50//50 54//54 55//55
f 56//56 57//57 55//55
f 27//27 56//56 54//54 25//25
f 29//29 58//58 56//56 27//27
f 58//58 59//59 57//57
f 58//58 60//60 61//61 59//59
f 58//58 29//29 48//48
f 48//48 49//49 62//62
f 60//60 62//62 63//63
f 63//63 62//62 64//64 65//65
f 62//62 49//49 66//66
f 67//67 64//64 66//66 68//68
f 67//67 69//69 65//65
f 69//69 67//67 70//70 71//71
f 70//70 67//67 68//68 72//72
f 73//73 74//74 70//70 72//72
f 75//75 71//71 70//70 74//74
f 76//76 77//77 78//78 79//79
f 74//74 78//78 77//77 75//75
f 80//80 78//78 74//74 73//73
f 79//79 78//78 80//80 81//81
f 82//82 83//83 84//84 85//85
f 86//86 87//87 84//84 83//83
f 88//88 84//84 87//87 89//89
f 85//85 84//84 88//88 35//35
f 37//37 36//36 90//90 91//91
f 88//88 90//90 36//36 35//35
f 89//89 92//92 90//90 88//88
f 91//91 90//90 92//92 93//93
f 94//94 95//95 41//41
f 91//91 94//94 40//40 37//37
f 93//93 96//96 94//94 91//91
f 95//95 94//94 96//96 97//97
f 41//41 95//95 98//98 43//43
f 99//99 98//98 95//95 97//97
f 100//100 101//101 98//98 99//99
f 43//43 98//98 101//101 44//44
f 44//44 101//101 102//102 46//46
f 103//103 102//102 101//101 100//100
f 102//102 103//103 104//104 105//105
f 46//46 102//102 105//105 49//49
f 68//68 66//66 106//106 107//107
f 105//105 106//106 66//66 49//49
f 104//104 108//108 106//106 105//105
f 107//107 106//106 108//108 109//109
f 72//72 110//110 111//111 73//73
f 107//107 110//110 72//72 68//68
f 109//109 112//112 110//110 107//107
f 111//111 110//110 112//112 113//113
f 73//73 111//111 114//114 80//80
f 113//113 115//115 114//114 111//111
f 116//116 114//114 115//115 117//117
f 81//81 80//80 114//114 116//116
f 86//86 118//118 119//119 87//87
f 120//120 119//119 118//118 121//121
f 122//122 123//123 119//119 120//120
f 87//87 119//119 123//123 89//89
f 123//123 124//124 92//92 89//89
f 125//125 124//124 123//123 122//122
f 126//126 127//127 124//124 125//125
f 93//93 92//92 124//124 127//127
f 128//128 129//129 130//130 131//131
f 97//97 96//96 130//130 129//129
f 127//127 130//130 96//96 93//93
f 131//131 130//130 127//127 126//126
f 131//131 132//132 133//133 128//128
f 134//134 132//132 131//131 126//126
f 132//132 134//134 135//135
f 97//97 129//129 136//136 99//99
f 137//137 136//136 129//129 128//128
f 138//138 139//139 136//136 137//137
f 99//99 136//136 139//139 100//100
f 104//104 103//103 140//140 141//141
f 139//139 140//140 103//103 100//100
f 142//142 140//140 139//139 138//138
f 143//143 141//141 140//140 142//142
f 109//109 108//108 144//144 145//145
f 141//141 144//144 108//108 104//104
f 146//146 144//144 141//141 143//143
f 147//147 145//145 144//144 146//146
f 148//148 149//149 150//150 151//151
f 113//113 112//112 150//150 149//149
f 145//145 150//150 112//112 109//109
f 151//151 150//150 145//145 147//147
f 152//152 153//153 154//154 155//155
f 153//153 55//55 57//57
f 59//59 156//156 154//154 57//57
f 155//155 154//154 156//156 157//157
f 158//158 159//159 160//160 161//161
f 155//155 160//160 159//159 152//152
f 157//157 162//162 160//160 155//155
f 161//161 160//160 162//162 163//163
f 157//157 156//156 164//164 165//165
f 61//61 164//164 156//156 59//59
f 63//63 166//166 164//164 61//61
f 165//165 164//164 166//166 167//167
f 163//163 162//162 168//168 169//169
f 165//165 168//168 162//162 157//157
f 167//167 170//170 168//168 165//165
f 169//169 168//168 170//170 171//171
f 172//172 173//173 174//174 175//175
f 169//169 174//174 173//173 163//163
f 171//171 176//176 174//174 169//169
f 175//175 174//174 176//176 177//177
f 167//167 166//166 178//178 179//179
f 65//65 178//178 166//166 63//63
f 69//69 180//180 178//178 65//65
f 179//179 178//178 180//180 181//181
f 182//182 183//183 184//184 185//185
f 186//186 184//184 183//183 187//187
f 177//177 176//176 184//184 186//186
f 185//185 184//184 176//176 171//171
f 171//171 170//170 188//188 185//185
f 179//179 188//188 170//170 167//167
f 181//181 189//189 188//188 179//179
f 185//185 188//188 189//189 182//182
f 190//190 191//191 181//181
f 71//71 190//190 180//180 69//69
f 75//75 192//192 190//190 71//71
f 192//192 193//193 191//191
f 194//194 195//195 193//193
f 77//77 194//194 192//192 75//75
f 76//76 196//196 194//194 77//77
f 195//195 194//194 196//196 197//197
f 182//182 189//189 198//198 199//199
f 191//191 198//198 189//189 181//181
f 193//193 200//200 198//198 191//191
f 199//199 198//198 200//200 201//201
f 187//187 183//183 202//202 203//203
f 199//199 202//202 183//183 182//182
f 201//201 204//204 202//202 199//199
f 203//203 202//202 204//204 205//205
f 201//201 200//200 206//206 207//207
f 195//195 206//206 200//200 193//193
f 197//197 208//208 206//206 195//195
f 207//207 206//206 208//208 209//209
f 205//205 204//204 210//210 211//211
f 207//207 210//210 204//204 201//201
f 209//209 212//212 210//210 207//207
f 211//211 210//210 212//212 213//213
f 209//209 208//208 214//214 215//215
f 216//216 214//214 208//208 197//197
f 217//217 218//218 214//214 216//216
f 215//215 214//214 218//218 219//219
f 213//213 212//212 220//220 221//221
f 215//215 220//220 212//212 209//209
f 219//219 222//222 220//220 215//215
f 221//221 220//220 222//222 223//223
f 223//223 222//222 224//224 225//225
f 226//226 224//224 222//222 219//219
f 227//227 228//228 224//224 226//226
f 225//225 224//224 228//228 229//229
f 230//230 231//231 232//232 233//233
f 234//234 232//232 231//231 235//235
f 229//229 228//228 232//232 234//234
f 233//233 232//232 228//228 227//227
f 235//235 231//231 236//236 237//237
f 238//238 236//236 231//231 230//230
f 239//239 240//240 236//236 238//238
f 237//237 236//236 240//240 241//241
f 135//135 242//242 243//243 133//133
f 244//244 243//243 242//242 245//245
f 246//246 247//247 243//243 244//244
f 133//133 243//243 247//247 128//128
f 247//247 248//248 137//137 128//128
f 249//249 248//248 247//247 246//246
f 250//250 251//251 248//248 249//249
f 137//137 248//248 251//251 138//138
f 138//138 251//251 252//252 142//142
f 253//253 252//252 251//251 250//250
f 254//254 255//255 252//252 253//253
f 142//142 252//252 255//255 143//143
f 143//143 255//255 256//256 146//146
f 257//257 256//256 255//255 254//254
f 258//258 259//259 256//256 257//257
f 146//146 256//256 259//259 147//147
f 254//254 260//260 261//261 257//257
f 262//262 261//261 260//260 263//263
f 264//264 265//265 261//261 262//262
f 257//257 261//261 265//265 258//258
f 266//266 267//267 268//268 269//269
f 175//175 268//268 267//267 172//172
f 177//177 270//270 268//268 175//175
f 269//269 268//268 270//270 271//271
f 271//271 270//270 272//272 273//273
f 186//186 272//272 270//270 177//177
f 187//187 274//274 272//272 186//186
f 273//273 272//272 274//274 275//275
f 275//275 274//274 276//276 277//277
f 203//203 276//276 274//274 187//187
f 205//205 278//278 276//276 203//203
f 277//277 276//276 278//278 279//279
f 279//279 278//278 280//280 281//281
f 211//211 280//280 278//278 205//205
f 213//213 282//282 280//280 211//211
f 281//281 280//280 282//282 283//283
f 283//283 282//282 284//284 285//285
f 221//221 284//284 282//282 213//213
f 223//223 286//286 284//284 221//221
f 285//285 284//284 286//286 287//287
f 287//287 286//286 288//288 289//289
f 225//225 288//288 286//286 223//223
f 229//229 290//290 288//288 225//225
f 289//289 288//288 290//290 291//291
f 291//291 290//290 292//292 293//293
f 234//234 292//292 290//290 229//229
f 235//235 294//294 292//292 234//234
f 293//293 292//292 294//294 295//295
f 295//295 294//294 296//296 297//297
f 237//237 296//296 294//294 235//235
f 241//241 298//298 296//296 237//237
f 297//297 296//296 298//298 299//299
f 300//300 301//301 302//302 303//303
f 304//304 302//302 301//301 305//305
f 266//266 306//306 302//302 304//304
f 303//303 302//302 306//306 307//307
f 307//307 306//306 308//308 309//309
f 269//269 308//308 306//306 266//266
f 271//271 310//310 308//308 269//269
f 309//309 308//308 310//310 311//311
f 311//311 310//310 312//312 313//313
f 273//273 312//312 310//310 271//271
f 275//275 314//314 312//312 273//273
f 313//313 312//312 314//314 315//315
f 315//315 314//314 316//316 317//317
f 277//277 316//316 314//314 275//275
f 279//279 318//318 316//316 277//277
f 317//317 316//316 318//318 319//319
f 319//319 318//318 320//320 321//321
f 281//281 320//320 318//318 279//279
f 283//283 322//322 320//320 281//281
f 321//321 320//320 322//322 323//323
f 323//323 322//322 324//324 325//325
f 285//285 324//324 322//322 283//283
f 287//287 326//326 324//324 285//285
f 325//325 324//324 326//326 327//327
f 327//327 326//326 328//328 329//329
f 289//289 328//328 326//326 287//287
f 291//291 330//330 328//328 289//289
f 329//329 328//328 330//330 331//331
f 331//331 330//330 332//332 333//333
f 293//293 332//332 330//330 291//291
f 295//295 334//334 332//332 293//293
f 333//333 332//332 334//334 335//335
f 336//336 337//337 338//338 339//339
f 340//340 338//338 337//337 341//341
f 300//300 342//342 338//338 340//340
f 339//339 338//338 342//342 343//343
f 343//343 342//342 344//344 345//345
f 303//303 344//344 342//342 300//300
f 307//307 346//346 344//344 303//303
f 345//345 344//344 346//346 347//347
f 347//347 346//346 348//348 349//349
f 309//309 348//348 346//346 307//307
f 311//311 350//350 348//348 309//309
f 349//349 348//348 350//350 351//351
f 351//351 350//350 352//352 353//353
f 313//313 352//352 350//350 311//311
f 315//315 354//354 352//352 313//313
f 353//353 352//352 354//354 355//355
f 355//355 354//354 356//356 357//357
f 317//317 356//356 354//354 315//315
f 319//319 358//358 356//356 317//317
f 357//357 356//356 358//358 359//359
f 359//359 358//358 360//360 361//361
f 321//321 360//360 358//358 319//319
f 323//323 362//362 360//360 321//321
f 361//361 360//360 362//362 363//363
f 363//363 362//362 364//364 365//365
f 325//325 364//364 362//362 323//323
f 327//327 366//366 364//364 325//325
f 365//365 364//364 366//366 367//367
f 367//367 366//366 368//368 369//369
f 329//329 368//368 366//366 327//327
f 331//331 370//370 368//368 329//329
f 369//369 368//368 370//370 371//371
f 371//371 370//370 372//372 373//373
f 333//333 372//372 370//370 331//331
f 335//335 374//374 372//372 333//333
f 373//373 372//372 374//374 375//375
f 376//376 377//377 378//378 379//379
f 85//85 377//377 376//376 82//82
f 35//35 380//380 377//377 85//85
f 378//378 377//377 380//380 381//381
f 382//382 383//383 34//34
f 30//30 5//5 2//2
f 1//1 384//384 382//382 2//2
f 383//383 382//382 384//384 385//385
f 1//1 21//21 386//386 384//384
f 387//387 386//386 21//21 20//20
f 388//388 389//389 386//386 387//387
f 384//384 386//386 389//389 385//385
f 388//388 390//390 391//391 389//389
f 392//392 391//391 390//390 393//393
f 394//394 395//395 391//391 392//392
f 395//395 385//385 389//389
f 381//381 380//380 396//396 397//397
f 33//33 396//396 380//380 35//35
f 34//34 383//383 396//396 33//33
f 397//397 396//396 383//383 385//385
f 394//394 398//398 399//399 395//395
f 398//398 381//381 397//397
f 397//397 385//385 395//395
f 400//400 401//401 402//402 403//403
f 404//404 402//402 401//401 405//405
f 406//406 407//407 402//402 404//404
f 403//403 402//402 407//407 408//408
f 408//408 407//407 409//409 410//410
f 411//411 409//409 407//407 406//406
f 412//412 413//413 409//409 411//411
f 410//410 409//409 413//413 414//414
f 414//414 413//413 415//415 416//416
f 417//417 415//415 413//413 412//412
f 418//418 419//419 415//415 417//417
f 416//416 415//415 419//419 420//420
f 420//420 419//419 421//421 422//422
f 423//423 421//421 419//419 418//418
f 424//424 425//425 421//421 423//423
f 422//422 421//421 425//425 426//426
f 427//427 428//428 429//429 430//430
f 431//431 429//429 428//428 426//426
f 432//432 433//433 429//429 431//431
f 430//430 429//429 433//433 434//434
f 435//435 436//436 437//437 438//438
f 436//436 432//432 431//431
f 426//426 425//425 437//437 431//431
f 438//438 437//437 425//425 424//424
f 439//439 440//440 441//441 442//442
f 376//376 441//441 440//440 82//82
f 379//379 443//443 441//441 376//376
f 442//442 441//441 443//443 444//444
f 445//445 446//446 447//447 448//448
f 83//83 447//447 446//446 86//86
f 82//82 440//440 447//447 83//83
f 448//448 447//447 440//440 439//439
f 121//121 449//449 450//450 120//120
f 451//451 450//450 449//449 452//452
f 453//453 454//454 450//450 451//451
f 120//120 450//450 454//454 122//122
f 122//122 454//454 455//455 125//125
f 456//456 455//455 454//454 453//453
f 457//457 455//455 456//456 458//458
f 125//125 455//455 457//457 126//126
f 245//245 242//242 459//459 460//460
f 134//134 459//459 242//242 135//135
f 126//126 457//457 459//459 134//134
f 460//460 459//459 457//457 458//458
f 121//121 118//118 461//461 462//462
f 446//446 461//461 118//118 86//86
f 445//445 463//463 461//461 446//446
f 463//463 464//464 462//462
f 465//465 466//466 467//467
f 442//442 465//465 468//468 439//439
f 444//444 469//469 465//465 442//442
f 466//466 465//465 469//469 470//470
f 464//464 463//463 471//471 472//472
f 448//448 471//471 463//463 445//445
f 439//439 468//468 471//471 448//448
f 468//468 467//467 472//472
f 452//452 449//449 473//473 474//474
f 462//462 473//473 449//449 121//121
f 462//462 464//464 474//474
f 452//452 475//475 476//476 451//451
f 477//477 476//476 475//475 478//478
f 479//479 480//480 476//476 477//477
f 451//451 476//476 480//480 453//453
f 464//464 481//481 482//482 474//474
f 483//483 482//482 481//481 484//484
f 478//478 475//475 482//482 483//483
f 474//474 482//482 475//475 452//452
f 485//485 486//486 484//484
f 481//481 464//464 472//472
f 485//485 472//472 467//467
f 487//487 488//488 486//486
f 489//489 490//490 488//488
f 467//467 491//491 489//489 487//487
f 490//490 489//489 491//491 492//492
f 493//493 494//494 492//492
f 466//466 493//493 491//491 467//467
f 470//470 495//495 493//493 466//466
f 495//495 496//496 494//494
f 497//497 498//498 499//499 500//500
f 490//490 499//499 498//498 488//488
f 492//492 501//501 499//499 490//490
f 501//501 502//502 500//500
f 503//503 504//504 505//505 506//506
f 486//486 505//505 504//504 484//484
f 488//488 498//498 505//505 486//486
f 506//506 505//505 498//498 497//497
f 507//507 508//508 509//509 510//510
f 483//483 509//509 508//508 478//478
f 484//484 504//504 509//509 483//483
f 510//510 509//509 504//504 503//503
f 511//511 512//512 513//513 514//514
f 479//479 477//477 512//512 511//511
f 478//478 508//508 512//512 477//477
f 513//513 512//512 508//508 507//507
f 515//515 516//516 517//517 518//518
f 495//495 517//517 516//516 496//496
f 519//519 517//517 495//495 470//470
f 518//518 517//517 519//519 520//520
f 405//405 521//521 522//522 404//404
f 523//523 522//522 521//521 524//524
f 525//525 526//526 522//522 523//523
f 404//404 522//522 526//526 406//406
f 527//527 528//528 529//529 530//530
f 518//518 529//529 528//528 515//515
f 520//520 531//531 529//529 518//518
f 530//530 529//529 531//531 532//532
f 524//524 533//533 534//534 523//523
f 530//530 534//534 533//533 527//527
f 532//532 535//535 534//534 530//530
f 523//523 534//534 535//535 525//525
f 470//470 469//469 536//536 519//519
f 537//537 536//536 469//469 444//444
f 538//538 539//539 536//536 537//537
f 519//519 536//536 539//539 520//520
f 406//406 526//526 540//540 411//411
f 541//541 540//540 526//526 525//525
f 542//542 543//543 540//540 541//541
f 411//411 540//540 543//543 412//412
f 520//520 539//539 544//544 531//531
f 545//545 544//544 539//539 538//538
f 546//546 547//547 544//544 545//545
f 531//531 544//544 547//547 532//532
f 542//542 541//541 548//548 549//549
f 535//535 548//548 541//541 525//525
f 532//532 547//547 548//548 535//535
f 549//549 548//548 547//547 546//546
f 444//444 443//443 550//550 537//537
f 551//551 550//550 443//443 379//379
f 550//550 551//551 552//552
f 553//553 538//538 537//537
f 412//412 543//543 554//554 417//417
f 555//555 554//554 543//543 542//542
f 556//556 557//557 554//554 555//555
f 417//417 554//554 557//557 418//418
f 558//558 545//545 538//538
f 553//553 552//552 559//559
f 560//560 561//561 558//558 559//559
f 545//545 558//558 561//561 546//546
f 556//556 555//555 562//562 563//563
f 549//549 562//562 555//555 542//542
f 546//546 561//561 562//562 549//549
f 563//563 562//562 561//561 560//560
f 556//556 564//564 565//565 557//557
f 566//566 565//565 564//564 567//567
f 423//423 565//565 566//566 424//424
f 418//418 557//557 565//565 423//423
f 379//379 378//378 568//568 551//551
f 569//569 568//568 378//378 381//381
f 568//568 569//569 570//570
f 571//571 552//552 551//551
f 552//552 571//571 572//572 559//559
f 573//573 572//572 571//571 570//570
f 574//574 575//575 572//572 573//573
f 559//559 572//572 575//575 560//560
f 567//567 564//564 576//576 577//577
f 563//563 576//576 564//564 556//556
f 560//560 575//575 576//576 563//563
f 577//577 576//576 575//575 574//574
f 438//438 578//578 579//579 435//435
f 424//424 566//566 578//578 438//438
f 567//567 580//580 578//578 566//566
f 580//580 581//581 579//579
f 582//582 583//583 584//584
f 569//569 582//582 585//585 570//570
f 582//582 569//569 381//381
f 583//583 582//582 398//398 394//394
f 581//581 580//580 586//586 587//587
f 577//577 586//586 580//580 567//567
f 586//586 577//577 574//574
f 587//587 586//586 588//588 589//589
f 589//589 588//588 590//590 591//591
f 573//573 590//590 588//588 574//574
f 570//570 585//585 590//590 573//573
f 591//591 590//590 585//585 584//584
f 305//305 301//301 592//592 593//593
f 340//340 592//592 301//301 300//300
f 341//341 594//594 592//592 340//340
f 593//593 592//592 594//594 595//595
f 596//596 597//597 598//598
f 51//51 596//596 599//599 52//52
f 596//596 51//51 55//55
f 597//597 596//596 153//153 152//152
f 593//593 600//600 601//601 305//305
f 595//595 602//602 600//600 593//593
f 603//603 600//600 602//602 604//604
f 605//605 601//601 600//600 603//603
f 606//606 607//607 173//173 172//172
f 608//608 607//607 606//606 605//605
f 158//158 161//161 607//607 608//608
f 163//163 173//173 607//607 161//161
f 605//605 609//609 610//610 608//608
f 597//597 610//610 609//609 598//598
f 152//152 159//159 610//610 597//597
f 608//608 610//610 159//159 158//158
f 604//604 611//611 612//612 603//603
f 598//598 609//609 612//612 611//611
f 603//603 612//612 609//609 605//605
f 172//172 267//267 613//613 606//606
f 304//304 613//613 267//267 266//266
f 305//305 601//601 613//613 304//304
f 606//606 613//613 601//601 605//605
f 453//453 480//480 614//614 456//456
f 480//480 479//479 615//615
f 616//616 617//617 614//614 615//615
f 456//456 614//614 617//617 458//458
f 615//615 618//618 619//619 616//616
f 511//511 618//618 615//615 479//479
f 514//514 620//620 618//618 511//511
f 621//621 619//619 618//618 620//620
f 622//622 621//621 620//620
f 623//623 624//624 620//620 514//514
f 625//625 622//622 624//624
f 507//507 626//626 627//627 513//513
f 626//626 628//628 629//629
f 627//627 629//629 625//625
f 514//514 513//513 627//627 623//623
f 503//503 630//630 631//631 510//510
f 632//632 631//631 630//630 633//633
f 628//628 626//626 631//631 632//632
f 510//510 631//631 626//626 507//507
f 633//633 630//630 634//634 635//635
f 506//506 634//634 630//630 503//503
f 497//497 636//636 634//634 506//506
f 635//635 634//634 636//636 637//637
f 637//637 636//636 638//638 639//639
f 500//500 638//638 636//636 497//497
f 502//502 640//640 638//638 500//500
f 639//639 638//638 640//640 641//641
f 642//642 643//643 644//644 645//645
f 639//639 643//643 642//642 637//637
f 641//641 644//644 643//643 639//639
f 646//646 647//647 648//648 649//649
f 635//635 648//648 647//647 633//633
f 637//637 642//642 648//648 635//635
f 649//649 648//648 642//642 645//645
f 650//650 651//651 652//652 653//653
f 632//632 652//652 651//651 628//628
f 633//633 647//647 652//652 632//632
f 653//653 652//652 647//647 646//646
f 629//629 654//654 655//655 625//625
f 628//628 651//651 654//654 629//629
f 650//650 656//656 654//654 651//651
f 655//655 654//654 656//656 657//657
f 658//658 659//659 660//660
f 621//621 622//622 661//661 660//660
f 625//625 655//655 661//661 622//622
f 657//657 658//658 661//661 655//655
f 616//616 619//619 662//662 663//663
f 660//660 662//662 619//619 621//621
f 662//662 660//660 659//659
f 664//664 665//665 663//663
f 663//663 666//666 617//617 616//616
f 665//665 667//667 666//666 663//663
f 666//666 667//667 668//668
f 617//617 666//666 669//669 458//458
f 670//670 460//460 458//458
f 669//669 668//668 671//671
f 672//672 673//673 670//670 671//671
f 673//673 245//245 460//460
f 245//245 673//673 674//674 244//244
f 675//675 674//674 673//673 672//672
f 676//676 677//677 674//674 675//675
f 244//244 674//674 677//677 246//246
f 246//246 677//677 678//678 249//249
f 679//679 678//678 677//677 676//676
f 678//678 679//679 680//680
f 249//249 678//678 681//681 250//250
f 263//263 260//260 682//682 683//683
f 253//253 682//682 260//260 254//254
f 250//250 681//681 682//682 253//253
f 683//683 682//682 681//681 680//680
f 684//684 685//685 686//686
f 687//687 688//688 686//686 689//689
f 690//690 684//684 688//688 687//687
f 680//680 691//691 692//692 683//683
f 693//693 692//692 691//691 685//685
f 694//694 695//695 692//692 693//693
f 683//683 692//692 695//695 263//263
f 263//263 695//695 696//696 262//262
f 697//697 696//696 695//695 694//694
f 698//698 699//699 696//696 697//697
f 262//262 696//696 699//699 264//264
f 264//264 699//699 700//700 701//701
f 702//702 700//700 699//699 698//698
f 703//703 704//704 700//700 702//702
f 701//701 700//700 704//704 705//705
f 706//706 707//707 705//705
f 706//706 704//704 703//703
f 708//708 706//706 709//709 710//710
f 706//706 708//708 711//711 707//707
f 147//147 259//259 712//712 151//151
f 713//713 712//712 259//259 258//258
f 714//714 715//715 712//712 713//713
f 151//151 712//712 715//715 148//148
f 258//258 265//265 716//716 713//713
f 265//265 264//264 701//701
f 716//716 701//701 705//705
f 713//713 716//716 717//717 714//714
f 714//714 717//717 718//718 719//719
f 707//707 718//718 717//717 705//705
f 711//711 720//720 718//718 707//707
f 719//719 718//718 720//720 721//721
f 722//722 115//115 113//113 149//149
f 723//723 722//722 149//149 148//148
f 724//724 725//725 722//722 723//723
f 117//117 115//115 722//722 725//725
f 148//148 715//715 726//726 723//723
f 719//719 726//726 715//715 714//714
f 721//721 727//727 726//726 719//719
f 723//723 726//726 727//727 724//724
f 721//721 728//728 729//729 727//727
f 730//730 731//731 729//729 728//728
f 724//724 727//727 729//729 731//731
f 711//711 732//732 733//733 720//720
f 734//734 733//733 732//732 735//735
f 730//730 728//728 733//733 734//734
f 720//720 733//733 728//728 721//721
f 736//736 693//693 685//685
f 684//684 690//690 737//737
f 738//738 739//739 736//736 737//737
f 693//693 736//736 739//739 694//694
f 740//740 741//741 742//742 743//743
f 744//744 742//742 741//741 745//745
f 746//746 747//747 742//742 744//744
f 743//743 742//742 747//747 690//690
f 738//738 737//737 748//748 749//749
f 737//737 690//690 747//747
f 749//749 748//748 747//747 746//746
f 694//694 739//739 750//750 697//697
f 751//751 750//750 739//739 738//738
f 752//752 753//753 750//750 751//751
f 697//697 750//750 753//753 698//698
f 752//752 751//751 754//754 755//755
f 754//754 751//751 738//738 749//749
f 746//746 756//756 754//754 749//749
f 755//755 754//754 756//756 757//757
f 757//757 756//756 758//758 759//759
f 744//744 758//758 756//756 746//746
f 745//745 760//760 758//758 744//744
f 759//759 758//758 760//760 761//761
f 762//762 702//702 698//698
f 763//763 762//762 753//753 752//752
f 764//764 762//762 763//763 765//765
f 703//703 702//702 762//762 764//764
f 765//765 763//763 766//766 767//767
f 755//755 766//766 763//763 752//752
f 757//757 768//768 766//766 755//755
f 767//767 766//766 768//768 769//769
f 769//769 768//768 770//770 771//771
f 759//759 770//770 768//768 757//757
f 761//761 772//772 770//770 759//759
f 771//771 770//770 772//772 773//773
f 740//740 774//774 775//775 741//741
f 776//776 775//775 774//774 777//777
f 778//778 779//779 775//775 776//776
f 745//745 741//741 775//775 779//779
f 779//779 780//780 760//760 745//745
f 781//781 780//780 779//779 778//778
f 782//782 783//783 780//780 781//781
f 760//760 780//780 783//783 761//761
f 761//761 783//783 784//784 772//772
f 785//785 784//784 783//783 782//782
f 786//786 787//787 784//784 785//785
f 772//772 784//784 787//787 773//773
f 773//773 787//787 788//788 789//789
f 790//790 788//788 787//787 786//786
f 791//791 792//792 788//788 790//790
f 789//789 788//788 792//792 793//793
f 786//786 794//794 795//795 790//790
f 796//796 795//795 794//794 797//797
f 798//798 799//799 795//795 796//796
f 790//790 795//795 799//799 791//791
f 800//800 689//689 801//801
f 801//801 802//802 803//803
f 804//804 800//800 805//805 803//803
f 689//689 800//800 806//806 687//687
f 807//807 806//806 800//800 804//804
f 808//808 809//809 806//806 807//807
f 687//687 806//806 809//809 690//690
f 777//777 774//774 810//810 811//811
f 743//743 810//810 774//774 740//740
f 690//690 809//809 810//810 743//743
f 811//811 810//810 809//809 808//808
f 811//811 812//812 813//813 777//777
f 814//814 812//812 811//811 808//808
f 815//815 813//813 812//812 814//814
f 777//777 813//813 816//816 776//776
f 817//817 816//816 813//813 815//815
f 818//818 819//819 816//816 817//817
f 776//776 816//816 819//819 778//778
f 778//778 819//819 820//820 781//781
f 821//821 820//820 819//819 818//818
f 822//822 823//823 820//820 821//821
f 781//781 820//820 823//823 782//782
f 797//797 794//794 824//824 825//825
f 785//785 824//824 794//794 786//786
f 782//782 823//823 824//824 785//785
f 825//825 824//824 823//823 822//822
f 802//802 826//826 827//827 803//803
f 828//828 827//827 826//826 829//829
f 830//830 831//831 827//827 828//828
f 803//803 827//827 831//831 804//804
f 804//804 831//831 832//832 807//807
f 833//833 832//832 831//831 830//830
f 834//834 835//835 832//832 833//833
f 807//807 832//832 835//835 808//808
f 836//836 837//837 838//838 839//839
f 840//840 836//836 839//839 841//841
f 840//840 834//834 833//833
f 830//830 837//837 836//836 833//833
f 808//808 835//835 842//842 814//814
f 843//843 842//842 835//835 834//834
f 844//844 845//845 842//842 843//843
f 814//814 842//842 845//845 815//815
f 843//843 846//846 847//847 844//844
f 834//834 840//840 846//846 843//843
f 841//841 848//848 846//846 840//840
f 847//847 846//846 848//848 849//849
f 815//815 845//845 850//850 817//817
f 851//851 850//850 845//845 844//844
f 852//852 853//853 850//850 851//851
f 817//817 850//850 853//853 818//818
f 854//854 855//855 856//856 857//857
f 851//851 856//856 855//855 852//852
f 844//844 847//847 856//856 851//851
f 857//857 856//856 847//847 849//849
f 818//818 853//853 858//858 821//821
f 859//859 858//858 853//853 852//852
f 858//858 859//859 860//860 861//861
f 821//821 858//858 861//861 822//822
f 862//862 863//863 864//864 865//865
f 859//859 864//864 863//863 860//860
f 852//852 855//855 864//864 859//859
f 855//855 854//854 865//865
f 866//866 867//867 868//868 869//869
f 870//870 868//868 867//867 871//871
f 872//872 873//873 868//868 870//870
f 869//869 868//868 873//873 874//874
f 875//875 876//876 877//877 878//878
f 879//879 877//877 876//876 880//880
f 881//881 882//882 877//877 879//879
f 878//878 877//877 882//882 883//883
f 884//884 885//885 886//886 887//887
f 878//878 886//886 885//885 875//875
f 883//883 888//888 886//886 878//878
f 887//887 886//886 888//888 889//889
f 889//889 890//890 891//891 887//887
f 869//869 891//891 890//890 866//866
f 874//874 892//892 891//891 869//869
f 887//887 891//891 892//892 884//884
f 880//880 876//876 893//893 894//894
f 895//895 893//893 876//876 875//875
f 896//896 897//897 893//893 895//895
f 894//894 893//893 897//897 898//898
f 899//899 900//900 901//901 902//902
f 895//895 901//901 900//900 896//896
f 875//875 885//885 901//901 895//895
f 902//902 901//901 885//885 884//884
f 884//884 892//892 903//903 902//902
f 892//892 874//874 904//904
f 905//905 906//906 903//903 904//904
f 902//902 903//903 906//906 899//899
f 898//898 897//897 907//907 908//908
f 909//909 907//907 897//897 896//896
f 910//910 911//911 907//907 909//909
f 908//908 907//907 911//911 912//912
f 829//829 826//826 913//913 914//914
f 915//915 913//913 826//826 802//802
f 916//916 917//917 913//913 915//915
f 914//914 913//913 917//917 918//918
f 912//912 911//911 919//919 920//920
f 921//921 919//919 911//911 910//910
f 922//922 923//923 919//919 921//921
f 920//920 919//919 923//923 924//924
f 925//925 926//926 927//927 928//928
f 909//909 927//927 926//926 910//910
f 896//896 900//900 927//927 909//909
f 928//928 927//927 900//900 899//899
f 922//922 921//921 929//929 930//930
f 910//910 926//926 929//929 921//921
f 929//929 926//926 925//925
f 899//899 906//906 931//931 928//928
f 932//932 931//931 906//906 905//905
f 931//931 932//932 933//933
f 928//928 931//931 934//934 925//925
f 935//935 930//930 925//925
f 934//934 933//933 936//936
f 935//935 936//936 937//937
f 938//938 922//922 930//930
f 918//918 917//917 939//939 940//940
f 941//941 939//939 917//917 916//916
f 924//924 923//923 939//939 941//941
f 940//940 939//939 923//923 922//922
f 874//874 873//873 942//942 904//904
f 943//943 942//942 873//873 872//872
f 944//944 945//945 942//942 943//943
f 904//904 942//942 945//945 905//905
f 905//905 945//945 946//946 932//932
f 947//947 946//946 945//945 944//944
f 948//948 949//949 946//946 947//947
f 932//932 946//946 949//949 933//933
f 948//948 947//947 950//950 951//951
f 947//947 944//944 952//952
f 953//953 954//954 950//950 952//952
f 951//951 950//950 954//954 955//955
f 956//956 957//957 958//958 959//959
f 940//940 958//958 957//957 918//918
f 922//922 938//938 958//958 940//940
f 959//959 958//958 938//938 937//937
f 937//937 936//936 960//960 959//959
f 949//949 960//960 936//936 933//933
f 948//948 961//961 960//960 949//949
f 959//959 960//960 961//961 956//956
f 829//829 962//962 963//963 828//828
f 964//964 963//963 962//962 965//965
f 838//838 837//837 963//963 964//964
f 828//828 963//963 837//837 830//830
f 966//966 967//967 968//968 969//969
f 967//967 956//956 961//961
f 951//951 968//968 961//961 948//948
f 951//951 955//955 969//969
f 965//965 962//962 970//970 971//971
f 962//962 829//829 914//914
f 970//970 914//914 918//918
f 971//971 970//970 957//957 956//956
f 971//971 972//972 973//973 965//965
f 956//956 967//967 972//972 971//971
f 966//966 973//973 972//972 967//967
f 974//974 975//975 976//976 977//977
f 339//339 976//976 975//975 336//336
f 343//343 978//978 976//976 339//339
f 977//977 976//976 978//978 979//979
f 979//979 978//978 980//980 981//981
f 345//345 980//980 978//978 343//343
f 347//347 982//982 980//980 345//345
f 981//981 980//980 982//982 983//983
f 984//984 985//985 986//986 987//987
f 982//982 986//986 985//985 983//983
f 349//349 986//986 982//982 347//347
f 351//351 987//987 986//986 349//349
f 984//984 987//987 988//988 989//989
f 353//353 988//988 987//987 351//351
f 355//355 990//990 988//988 353//353
f 989//989 988//988 990//990 991//991
f 991//991 990//990 992//992 993//993
f 357//357 992//992 990//990 355//355
f 359//359 994//994 992//992 357//357
f 993//993 992//992 994//994 995//995
f 995//995 994//994 996//996 997//997
f 361//361 996//996 994//994 359//359
f 363//363 998//998 996//996 361//361
f 997//997 996//996 998//998 999//999
f 999//999 998//998 1000//1000 1001//1001
f 365//365 1000//1000 998//998 363//363
f 367//367 1002//1002 1000//1000 365//365
f 1001//1001 1000//1000 1002//1002 1003//1003
f 1003//1003 1002//1002 1004//1004 1005//1005
f 369//369 1004//1004 1002//1002 367//367
f 371//371 1006//1006 1004//1004 369//369
f 1005//1005 1004//1004 1006//1006 1007//1007
f 1008//1008 1009//1009 1010//1010 1011//1011
f 1006//1006 1010//1010 1009//1009 1007//1007
f 373//373 1010//1010 1006//1006 371//371
f 375//375 1011//1011 1010//1010 373//373
f 1012//1012 1013//1013 1014//1014 1015//1015
f 1009//1009 1013//1013 1012//1012 1007//1007
f 1016//1016 1013//1013 1009//1009 1008//1008
f 1017//1017 1014//1014 1013//1013 1016//1016
f 1018//1018 1019//1019 1020//1020 1021//1021
f 1022//1022 1020//1020 1019//1019 1023//1023
f 974//974 977//977 1020//1020 1022//1022
f 1021//1021 1020//1020 977//977 979//979
f 1024//1024 1025//1025 1026//1026 1027//1027
f 1021//1021 1026//1026 1025//1025 1018//1018
f 979//979 981//981 1026//1026 1021//1021
f 1027//1027 1026//1026 981//981 983//983
f 1028//1028 1029//1029 1030//1030 1031//1031
f 1027//1027 1030//1030 1029//1029 1024//1024
f 983//983 985//985 1030//1030 1027//1027
f 1031//1031 1030//1030 985//985 984//984
f 1032//1032 1033//1033 1034//1034 1035//1035
f 1031//1031 1034//1034 1033//1033 1028//1028
f 984//984 989//989 1034//1034 1031//1031
f 1034//1034 989//989 991//991 1035//1035
f 1036//1036 1037//1037 1038//1038 1039//1039
f 1035//1035 1038//1038 1037//1037 1032//1032
f 993//993 1038//1038 1035//1035 991//991
f 995//995 1039//1039 1038//1038 993//993
f 1040//1040 1041//1041 1042//1042 1043//1043
f 1039//1039 1042//1042 1041//1041 1036//1036
f 997//997 1042//1042 1039//1039 995//995
f 999//999 1043//1043 1042//1042 997//997
f 1040//1040 1043//1043 1044//1044 1045//1045
f 1001//1001 1044//1044 1043//1043 999//999
f 1003//1003 1046//1046 1044//1044 1001//1001
f 1045//1045 1044//1044 1046//1046 1047//1047
f 1048//1048 1049//1049 1050//1050
f 1047//1047 1046//1046 1051//1051 1050//1050
f 1005//1005 1051//1051 1046//1046 1003//1003
f 1048//1048 1051//1051 1005//1005 1007//1007
f 1049//1049 1048//1048 1052//1052 1053//1053
f 1012//1012 1052//1052 1048//1048 1007//1007
f 1015//1015 1054//1054 1052//1052 1012//1012
f 1053//1053 1052//1052 1054//1054 1055//1055
f 1023//1023 1019//1019 1056//1056 1057//1057
f 1058//1058 1056//1056 1019//1019 1018//1018
f 1059//1059 1060//1060 1056//1056 1058//1058
f 1057//1057 1056//1056 1060//1060 1061//1061
f 1018//1018 1025//1025 1062//1062 1058//1058
f 1063//1063 1062//1062 1025//1025 1024//1024
f 1064//1064 1065//1065 1062//1062 1063//1063
f 1058//1058 1062//1062 1065//1065 1059//1059
f 1024//1024 1029//1029 1066//1066 1063//1063
f 1067//1067 1066//1066 1029//1029 1028//1028
f 1068//1068 1069//1069 1066//1066 1067//1067
f 1063//1063 1066//1066 1069//1069 1064//1064
f 1028//1028 1033//1033 1070//1070 1067//1067
f 1071//1071 1070//1070 1033//1033 1032//1032
f 1072//1072 1073//1073 1070//1070 1071//1071
f 1067//1067 1070//1070 1073//1073 1068//1068
f 1074//1074 1075//1075 1076//1076 1077//1077
f 1078//1078 1076//1076 1075//1075 1079//1079
f 1061//1061 1060//1060 1076//1076 1078//1078
f 1077//1077 1076//1076 1060//1060 1059//1059
f 1080//1080 1081//1081 1082//1082 1083//1083
f 1077//1077 1081//1081 1080//1080 1074//1074
f 1059//1059 1065//1065 1081//1081 1077//1077
f 1082//1082 1081//1081 1065//1065 1064//1064
f 1084//1084 1085//1085 1086//1086 1087//1087
f 1083//1083 1082//1082 1085//1085 1084//1084
f 1064//1064 1069//1069 1085//1085 1082//1082
f 1086//1086 1085//1085 1069//1069 1068//1068
f 1088//1088 1089//1089 1090//1090 1091//1091
f 1092//1092 1093//1093 1088//1088 1091//1091
f 1094//1094 1088//1088 1093//1093 1095//1095
f 1089//1089 1088//1088 1094//1094 1096//1096
f 1096//1096 1094//1094 1097//1097 1098//1098
f 1099//1099 1097//1097 1094//1094 1095//1095
f 1100//1100 1101//1101 1097//1097 1099//1099
f 1098//1098 1097//1097 1101//1101 1102//1102
f 1102//1102 1101//1101 1103//1103 1104//1104
f 1105//1105 1103//1103 1101//1101 1100//1100
f 1106//1106 1107//1107 1103//1103 1105//1105
f 1104//1104 1103//1103 1107//1107 1108//1108
f 1108//1108 1107//1107 1109//1109 1110//1110
f 1111//1111 1109//1109 1107//1107 1106//1106
f 1112//1112 1113//1113 1109//1109 1111//1111
f 1110//1110 1109//1109 1113//1113 1114//1114
f 1114//1114 1113//1113 1115//1115 1116//1116
f 1117//1117 1115//1115 1113//1113 1112//1112
f 1118//1118 1119//1119 1115//1115 1117//1117
f 1116//1116 1115//1115 1119//1119 1120//1120
f 1120//1120 1119//1119 1121//1121 1122//1122
f 1123//1123 1121//1121 1119//1119 1118//1118
f 1124//1124 1125//1125 1121//1121 1123//1123
f 1122//1122 1121//1121 1125//1125 1126//1126
f 1127//1127 1128//1128 1129//1129 1130//1130
f 1127//1127 1130//1130 1126//1126 1125//1125
f 1131//1131 1127//1127 1125//1125 1124//1124
f 1132//1132 1128//1128 1127//1127 1131//1131
f 1129//1129 1128//1128 1133//1133 1134//1134
f 1135//1135 1133//1133 1128//1128 1132//1132
f 1136//1136 1137//1137 1133//1133 1135//1135
f 1134//1134 1133//1133 1137//1137 1138//1138
f 1139//1139 1140//1140 1141//1141 1142//1142
f 1137//1137 1141//1141 1140//1140 1138//1138
f 1143//1143 1141//1141 1137//1137 1136//1136
f 1144//1144 1142//1142 1141//1141 1143//1143
f 1145//1145 1146//1146 1139//1139 1142//1142
f 1147//1147 1145//1145 1142//1142 1144//1144
f 1148//1148 1149//1149 1145//1145 1147//1147
f 1146//1146 1145//1145 1149//1149 1150//1150
f 1151//1151 1152//1152 1153//1153 1154//1154
f 1153//1153 1152//1152 1155//1155 1156//1156
f 1099//1099 1153//1153 1156//1156 1100//1100
f 1154//1154 1153//1153 1099//1099 1095//1095
f 1155//1155 1157//1157 1158//1158 1159//1159
f 1080//1080 1158//1158 1157//1157 1074//1074
f 1083//1083 1160//1160 1158//1158 1080//1080
f 1159//1159 1158//1158 1160//1160 1161//1161
f 1161//1161 1162//1162 1163//1163 1159//1159
f 1105//1105 1163//1163 1162//1162 1106//1106
f 1100//1100 1156//1156 1163//1163 1105//1105
f 1159//1159 1163//1163 1156//1156 1155//1155
f 1161//1161 1160//1160 1164//1164 1165//1165
f 1084//1084 1164//1164 1160//1160 1083//1083
f 1087//1087 1166//1166 1164//1164 1084//1084
f 1165//1165 1164//1164 1166//1166 1167//1167
f 1167//1167 1168//1168 1169//1169 1165//1165
f 1111//1111 1169//1169 1168//1168 1112//1112
f 1106//1106 1162//1162 1169//1169 1111//1111
f 1165//1165 1169//1169 1162//1162 1161//1161
f 1170//1170 1171//1171 1172//1172 1173//1173
f 1117//1117 1172//1172 1171//1171 1118//1118
f 1112//1112 1168//1168 1172//1172 1117//1117
f 1173//1173 1172//1172 1168//1168 1167//1167
f 1123//1123 1174//1174 1175//1175 1124//1124
f 1118//1118 1171//1171 1174//1174 1123//1123
f 1176//1176 1174//1174 1171//1171 1170//1170
f 1177//1177 1175//1175 1174//1174 1176//1176
f 1178//1178 1179//1179 1180//1180 1181//1181
f 1131//1131 1180//1180 1179//1179 1132//1132
f 1124//1124 1175//1175 1180//1180 1131//1131
f 1181//1181 1180//1180 1175//1175 1177//1177
f 1182//1182 1183//1183 1184//1184 1185//1185
f 1135//1135 1184//1184 1183//1183 1136//1136
f 1132//1132 1179//1179 1184//1184 1135//1135
f 1185//1185 1184//1184 1179//1179 1178//1178
f 1186//1186 1187//1187 1188//1188 1189//1189
f 1143//1143 1188//1188 1187//1187 1144//1144
f 1136//1136 1183//1183 1188//1188 1143//1143
f 1189//1189 1188//1188 1183//1183 1182//1182
f 1190//1190 1191//1191 1192//1192
f 1193//1193 1190//1190 1194//1194 1079//1079
f 1151//1151 1195//1195 1190//1190 1193//1193
f 1191//1191 1190//1190 1195//1195 1196//1196
f 1095//1095 1093//1093 1197//1197 1154//1154
f 1198//1198 1197//1197 1093//1093 1092//1092
f 1196//1196 1195//1195 1197//1197 1198//1198
f 1154//1154 1197//1197 1195//1195 1151//1151
f 1079//1079 1075//1075 1199//1199 1193//1193
f 1157//1157 1199//1199 1075//1075 1074//1074
f 1155//1155 1152//1152 1199//1199 1157//1157
f 1193//1193 1199//1199 1152//1152 1151//1151
f 393//393 390//390 1200//1200 1201//1201
f 387//387 1200//1200 390//390 388//388
f 20//20 1202//1202 1200//1200 387//387
f 1201//1201 1200//1200 1202//1202 1203//1203
f 1202//1202 1204//1204 1205//1205 1203//1203
f 19//19 1204//1204 1202//1202 20//20
f 18//18 53//53 1204//1204 19//19
f 1205//1205 1204//1204 53//53 52//52
f 1206//1206 584//584 583//583
f 392//392 1207//1207 583//583 394//394
f 393//393 1208//1208 1207//1207 392//392
f 1209//1209 1206//1206 1207//1207 1208//1208
f 1210//1210 1211//1211 1212//1212
f 1212//1212 1203//1203 1205//1205
f 52//52 599//599 1213//1213 1205//1205
f 599//599 598//598 1210//1210
f 1214//1214 1215//1215 1216//1216 1217//1217
f 1215//1215 1209//1209 1208//1208
f 393//393 1201//1201 1216//1216 1208//1208
f 1217//1217 1216//1216 1201//1201 1203//1203
f 1217//1217 1218//1218 1219//1219 1214//1214
f 1203//1203 1212//1212 1218//1218 1217//1217
f 1211//1211 1219//1219 1218//1218 1212//1212
f 584//584 1206//1206 1220//1220 591//591
f 1206//1206 1209//1209 1221//1221
f 1222//1222 1223//1223 1220//1220 1221//1221
f 591//591 1220//1220 1223//1223 589//589
f 1211//1211 1210//1210 1224//1224 1225//1225
f 611//611 1224//1224 1210//1210 598//598
f 604//604 1226//1226 1224//1224 611//611
f 1225//1225 1224//1224 1226//1226 1227//1227
f 1228//1228 1229//1229 1230//1230 1231//1231
f 1221//1221 1230//1230 1229//1229 1222//1222
f 1209//1209 1215//1215 1230//1230 1221//1221
f 1231//1231 1230//1230 1215//1215 1214//1214
f 1214//1214 1219//1219 1232//1232 1231//1231
f 1225//1225 1232//1232 1219//1219 1211//1211
f 1227//1227 1233//1233 1232//1232 1225//1225
f 1231//1231 1232//1232 1233//1233 1228//1228
f 1234//1234 1226//1226 604//604 602//602
f 1235//1235 1234//1234 602//602 595//595
f 1236//1236 1234//1234 1235//1235 1237//1237
f 1227//1227 1226//1226 1234//1234 1236//1236
f 1238//1238 1239//1239 1240//1240 1241//1241
f 587//587 1240//1240 1239//1239 581//581
f 589//589 1223//1223 1240//1240 587//587
f 1241//1241 1240//1240 1223//1223 1222//1222
f 1222//1222 1229//1229 1242//1242 1241//1241
f 1243//1243 1242//1242 1229//1229 1228//1228
f 1244//1244 1245//1245 1242//1242 1243//1243
f 1241//1241 1242//1242 1245//1245 1238//1238
f 1228//1228 1233//1233 1246//1246 1243//1243
f 1236//1236 1246//1246 1233//1233 1227//1227
f 1237//1237 1247//1247 1246//1246 1236//1236
f 1243//1243 1246//1246 1247//1247 1244//1244
f 435//435 579//579 1248//1248 1249//1249
f 579//579 581//581 1239//1239
f 1238//1238 1250//1250 1248//1248 1239//1239
f 1249//1249 1248//1248 1250//1250 1251//1251
f 1251//1251 1252//1252 1253//1253 1249//1249
f 432//432 436//436 1253//1253 1252//1252
f 1249//1249 1253//1253 436//436 435//435
f 1237//1237 1235//1235 1254//1254 1255//1255
f 1254//1254 1235//1235 595//595
f 1256//1256 1254//1254 594//594 341//341
f 1255//1255 1254//1254 1256//1256 1257//1257
f 1258//1258 1259//1259 1260//1260 1261//1261
f 1250//1250 1260//1260 1259//1259 1251//1251
f 1238//1238 1245//1245 1260//1260 1250//1250
f 1261//1261 1260//1260 1245//1245 1244//1244
f 1244//1244 1247//1247 1262//1262 1261//1261
f 1255//1255 1262//1262 1247//1247 1237//1237
f 1257//1257 1263//1263 1262//1262 1255//1255
f 1263//1263 1258//1258 1261//1261
f 432//432 1252//1252 1264//1264 433//433
f 1265//1265 1264//1264 1252//1252 1251//1251
f 1266//1266 1267//1267 1264//1264 1265//1265
f 433//433 1264//1264 1267//1267 434//434
f 1268//1268 1269//1269 1270//1270 1271//1271
f 1256//1256 1270//1270 1269//1269 1257//1257
f 341//341 337//337 1270//1270 1256//1256
f 1271//1271 1270//1270 337//337 336//336
f 1266//1266 1265//1265 1272//1272 1273//1273
f 1259//1259 1272//1272 1265//1265 1251//1251
f 1272//1272 1259//1259 1258//1258 1274//1274
f 1273//1273 1272//1272 1274//1274 1275//1275
f 1258//1258 1263//1263 1276//1276 1274//1274
f 1276//1276 1263//1263 1257//1257 1269//1269
f 1277//1277 1276//1276 1269//1269 1268//1268
f 1274//1274 1276//1276 1277//1277 1275//1275
f 1278//1278 1279//1279 1280//1280 1281//1281
f 430//430 1279//1279 1278//1278 427//427
f 434//434 1282//1282 1279//1279 430//430
f 1283//1283 1280//1280 1279//1279 1282//1282
f 1284//1284 1285//1285 1286//1286 1287//1287
f 1271//1271 1286//1286 1285//1285 1268//1268
f 336//336 975//975 1286//1286 1271//1271
f 1287//1287 1286//1286 975//975 974//974
f 434//434 1267//1267 1288//1288 1282//1282
f 1266//1266 1289//1289 1288//1288 1267//1267
f 1282//1282 1288//1288 1289//1289 1283//1283
f 1290//1290 1291//1291 1281//1281
f 1292//1292 1290//1290 1280//1280 1283//1283
f 1293//1293 1294//1294 1290//1290 1292//1292
f 1291//1291 1290//1290 1294//1294 1192//1192
f 1196//1196 1295//1295 1296//1296 1191//1191
f 1295//1295 1281//1281 1291//1291
f 1296//1296 1291//1291 1192//1192 1191//1191
f 1287//1287 1297//1297 1298//1298 1284//1284
f 974//974 1022//1022 1297//1297 1287//1287
f 1023//1023 1299//1299 1297//1297 1022//1022
f 1298//1298 1297//1297 1299//1299 1192//1192
f 1300//1300 1301//1301 1294//1294 1293//1293
f 1284//1284 1298//1298 1301//1301 1300//1300
f 1294//1294 1301//1301 1298//1298 1192//1192
f 1023//1023 1057//1057 1302//1302 1299//1299
f 1078//1078 1302//1302 1057//1057 1061//1061
f 1079//1079 1194//1194 1302//1302 1078//1078
f 1194//1194 1192//1192 1299//1299
f 1268//1268 1285//1285 1303//1303 1277//1277
f 1300//1300 1303//1303 1285//1285 1284//1284
f 1293//1293 1304//1304 1303//1303 1300//1300
f 1277//1277 1303//1303 1304//1304 1275//1275
f 1283//1283 1289//1289 1305//1305 1292//1292
f 1273//1273 1305//1305 1289//1289 1266//1266
f 1275//1275 1304//1304 1305//1305 1273//1273
f 1292//1292 1305//1305 1304//1304 1293//1293
f 1306//1306 1307//1307 1281//1281
f 1198//1198 1306//1306 1295//1295 1196//1196
f 1092//1092 1308//1308 1306//1306 1198//1198
f 1307//1307 1306//1306 1308//1308 1309//1309
f 1091//1091 1310//1310 1308//1308 1092//1092
f 1311//1311 1310//1310 1091//1091 1090//1090
f 1312//1312 1313//1313 1310//1310 1311//1311
f 1308//1308 1310//1310 1313//1313 1309//1309
f 1314//1314 1315//1315 1316//1316 1317//1317
f 400//400 403//403 1315//1315 1314//1314
f 408//408 1318//1318 1315//1315 403//403
f 1316//1316 1315//1315 1318//1318 1319//1319
f 1319//1319 1318//1318 1320//1320 1321//1321
f 410//410 1320//1320 1318//1318 408//408
f 414//414 1322//1322 1320//1320 410//410
f 1321//1321 1320//1320 1322//1322 1323//1323
f 420//420 1324//1324 1325//1325 416//416
f 1326//1326 1325//1325 1324//1324 1327//1327
f 1323//1323 1322//1322 1325//1325 1326//1326
f 416//416 1325//1325 1322//1322 414//414
f 426//426 428//428 1328//1328 422//422
f 1329//1329 1328//1328 428//428 427//427
f 1327//1327 1324//1324 1328//1328 1329//1329
f 422//422 1328//1328 1324//1324 420//420
f 427//427 1278//1278 1330//1330 1329//1329
f 1307//1307 1330//1330 1278//1278 1281//1281
f 1309//1309 1331//1331 1330//1330 1307//1307
f 1329//1329 1330//1330 1331//1331 1327//1327
f 1332//1332 1333//1333 1334//1334 1335//1335
f 1326//1326 1334//1334 1333//1333 1323//1323
f 1334//1334 1326//1326 1327//1327
f 1335//1335 1334//1334 1336//1336 1337//1337
f 1331//1331 1338//1338 1336//1336 1327//1327
f 1339//1339 1338//1338 1331//1331 1309//1309
f 1337//1337 1336//1336 1338//1338 1339//1339
f 1340//1340 1341//1341 1342//1342 1343//1343
f 1339//1339 1342//1342 1341//1341 1337//1337
f 1342//1342 1339//1339 1309//1309
f 1313//1313 1312//1312 1343//1343
f 1337//1337 1341//1341 1344//1344 1335//1335
f 1341//1341 1340//1340 1345//1345
f 1346//1346 1347//1347 1344//1344 1345//1345
f 1335//1335 1344//1344 1347//1347 1332//1332
f 1348//1348 1349//1349 1350//1350 1351//1351
f 870//870 1350//1350 1349//1349 872//872
f 871//871 1352//1352 1350//1350 870//870
f 1351//1351 1350//1350 1352//1352 1353//1353
f 1354//1354 1355//1355 1356//1356 1357//1357
f 943//943 1356//1356 1355//1355 944//944
f 872//872 1349//1349 1356//1356 943//943
f 1357//1357 1356//1356 1349//1349 1348//1348
f 944//944 1355//1355 1358//1358 952//952
f 1359//1359 1358//1358 1355//1355 1354//1354
f 1360//1360 1361//1361 1358//1358 1359//1359
f 952//952 1358//1358 1361//1361 953//953
f 953//953 1361//1361 1362//1362 954//954
f 1361//1361 1360//1360 1363//1363
f 1364//1364 1365//1365 1362//1362 1363//1363
f 954//954 1362//1362 1365//1365 955//955
f 955//955 1365//1365 1366//1366 969//969
f 1367//1367 1366//1366 1365//1365 1364//1364
f 1368//1368 1369//1369 1366//1366 1367//1367
f 969//969 1366//1366 1369//1369 966//966
f 1370//1370 1371//1371 1372//1372
f 973//973 1370//1370 1373//1373 965//965
f 966//966 1369//1369 1370//1370 973//973
f 1371//1371 1370//1370 1369//1369 1368//1368
f 1373//1373 1374//1374 964//964 965//965
f 1375//1375 1374//1374 1373//1373 1372//1372
f 1376//1376 1377//1377 1374//1374 1375//1375
f 838//838 964//964 1374//1374 1377//1377
f 1376//1376 1378//1378 1379//1379 1377//1377
f 1380//1380 1379//1379 1378//1378 1381//1381
f 841//841 839//839 1379//1379 1380//1380
f 1377//1377 1379//1379 839//839 838//838
f 849//849 848//848 1382//1382 1383//1383
f 1380//1380 1382//1382 848//848 841//841
f 1381//1381 1384//1384 1382//1382 1380//1380
f 1383//1383 1382//1382 1384//1384 1385//1385
f 1383//1383 1386//1386 857//857 849//849
f 1385//1385 1387//1387 1386//1386 1383//1383
f 1388//1388 1386//1386 1387//1387 1389//1389
f 857//857 1386//1386 1388//1388 854//854
f 862//862 865//865 1390//1390 1391//1391
f 854//854 1388//1388 1390//1390 865//865
f 1389//1389 1392//1392 1390//1390 1388//1388
f 1391//1391 1390//1390 1392//1392 1393//1393
f 1364//1364 1394//1394 1395//1395 1367//1367
f 1396//1396 1395//1395 1394//1394 1397//1397
f 1398//1398 1399//1399 1395//1395 1396//1396
f 1367//1367 1395//1395 1399//1399 1368//1368
f 1368//1368 1399//1399 1400//1400 1371//1371
f 1401//1401 1400//1400 1399//1399 1398//1398
f 1402//1402 1403//1403 1400//1400 1401//1401
f 1371//1371 1400//1400 1403//1403 1372//1372
f 1372//1372 1403//1403 1404//1404 1375//1375
f 1405//1405 1404//1404 1403//1403 1402//1402
f 1406//1406 1407//1407 1404//1404 1405//1405
f 1375//1375 1404//1404 1407//1407 1376//1376
f 1376//1376 1407//1407 1408//1408 1378//1378
f 1409//1409 1408//1408 1407//1407 1406//1406
f 1410//1410 1408//1408 1409//1409 1411//1411
f 1381//1381 1378//1378 1408//1408 1410//1410
f 1385//1385 1384//1384 1412//1412 1413//1413
f 1410//1410 1412//1412 1384//1384 1381//1381
f 1411//1411 1414//1414 1412//1412 1410//1410
f 1413//1413 1412//1412 1414//1414 1415//1415
f 1389//1389 1387//1387 1416//1416 1417//1417
f 1413//1413 1416//1416 1387//1387 1385//1385
f 1415//1415 1418//1418 1416//1416 1413//1413
f 1418//1418 1419//1419 1417//1417
f 1393//1393 1392//1392 1420//1420 1421//1421
f 1417//1417 1420//1420 1392//1392 1389//1389
f 1419//1419 1422//1422 1420//1420 1417//1417
f 1421//1421 1420//1420 1422//1422 1423//1423
f 773//773 789//789 1424//1424 771//771
f 1425//1425 1424//1424 789//789 793//793
f 1426//1426 1427//1427 1424//1424 1425//1425
f 771//771 1424//1424 1427//1427 769//769
f 791//791 799//799 1428//1428 1429//1429
f 1430//1430 1428//1428 799//799 798//798
f 1431//1431 1432//1432 1428//1428 1430//1430
f 1429//1429 1428//1428 1432//1432 1433//1433
f 1434//1434 1435//1435 1436//1436 1437//1437
f 792//792 1436//1436 1435//1435 793//793
f 1429//1429 1436//1436 792//792 791//791
f 1436//1436 1429//1429 1433//1433 1437//1437
f 1438//1438 765//765 767//767
f 769//769 1427//1427 1439//1439 767//767
f 1440//1440 1439//1439 1427//1427 1426//1426
f 1439//1439 1440//1440 1441//1441
f 1442//1442 1443//1443 1444//1444 1445//1445
f 1425//1425 1444//1444 1443//1443 1426//1426
f 793//793 1435//1435 1444//1444 1425//1425
f 1434//1434 1445//1445 1444//1444 1435//1435
f 1446//1446 1447//1447 1448//1448 1449//1449
f 1445//1445 1448//1448 1447//1447 1442//1442
f 1437//1437 1448//1448 1445//1445 1434//1434
f 1433//1433 1449//1449 1448//1448 1437//1437
f 1433//1433 1432//1432 1450//1450 1449//1449
f 1432//1432 1431//1431 1451//1451
f 1452//1452 1450//1450 1451//1451 1453//1453
f 1446//1446 1449//1449 1450//1450 1452//1452
f 797//797 825//825 1454//1454 1455//1455
f 825//825 822//822 1456//1456
f 1454//1454 1456//1456 1457//1457
f 1455//1455 1454//1454 1458//1458 1459//1459
f 1460//1460 1461//1461 1457//1457
f 1456//1456 822//822 861//861
f 860//860 1462//1462 1460//1460 861//861
f 1462//1462 1463//1463 1461//1461
f 1464//1464 1465//1465 1463//1463
f 863//863 1464//1464 1462//1462 860//860
f 862//862 1466//1466 1464//1464 863//863
f 1465//1465 1464//1464 1466//1466 1467//1467
f 1467//1467 1466//1466 1468//1468 1469//1469
f 1391//1391 1468//1468 1466//1466 862//862
f 1393//1393 1470//1470 1468//1468 1391//1391
f 1469//1469 1468//1468 1470//1470 1471//1471
f 1470//1470 1393//1393 1421//1421
f 1472//1472 1473//1473 1421//1421 1423//1423
f 1474//1474 1475//1475 1473//1473 1472//1472
f 1471//1471 1470//1470 1473//1473 1475//1475
f 1471//1471 1475//1475 1476//1476 1477//1477
f 1478//1478 1476//1476 1475//1475 1474//1474
f 1479//1479 1480//1480 1476//1476 1478//1478
f 1476//1476 1480//1480 1481//1481
f 1482//1482 1477//1477 1481//1481
f 1483//1483 1482//1482 1484//1484 1485//1485
f 1469//1469 1482//1482 1483//1483 1467//1467
f 1471//1471 1477//1477 1482//1482 1469//1469
f 1485//1485 1484//1484 1486//1486 1487//1487
f 1480//1480 1486//1486 1484//1484 1481//1481
f 1479//1479 1488//1488 1486//1486 1480//1480
f 1487//1487 1486//1486 1488//1488 1489//1489
f 1467//1467 1483//1483 1490//1490 1465//1465
f 1491//1491 1490//1490 1483//1483 1485//1485
f 1492//1492 1493//1493 1490//1490 1491//1491
f 1465//1465 1490//1490 1493//1493 1463//1463
f 1479//1479 1478//1478 1494//1494 1495//1495
f 1474//1474 1496//1496 1494//1494 1478//1478
f 1495//1495 1494//1494 1496//1496 1497//1497
f 1492//1492 1491//1491 1498//1498 1499//1499
f 1487//1487 1498//1498 1491//1491 1485//1485
f 1489//1489 1500//1500 1498//1498 1487//1487
f 1499//1499 1498//1498 1500//1500 1501//1501
f 1489//1489 1488//1488 1502//1502 1500//1500
f 1495//1495 1502//1502 1488//1488 1479//1479
f 1497//1497 1503//1503 1502//1502 1495//1495
f 1501//1501 1500//1500 1502//1502 1503//1503
f 197//197 196//196 1504//1504 216//216
f 1505//1505 1504//1504 196//196 76//76
f 1506//1506 1507//1507 1504//1504 1505//1505
f 216//216 1504//1504 1507//1507 217//217
f 219//219 218//218 1508//1508 226//226
f 1509//1509 1508//1508 218//218 217//217
f 1510//1510 1511//1511 1508//1508 1509//1509
f 226//226 1508//1508 1511//1511 227//227
f 1512//1512 1513//1513 1514//1514 1515//1515
f 233//233 1514//1514 1513//1513 230//230
f 227//227 1511//1511 1514//1514 233//233
f 1515//1515 1514//1514 1511//1511 1510//1510
f 81//81 1516//1516 1517//1517 79//79
f 1518//1518 1517//1517 1516//1516 1519//1519
f 1505//1505 1517//1517 1518//1518 1506//1506
f 76//76 79//79 1517//1517 1505//1505
f 217//217 1507//1507 1520//1520 1509//1509
f 1521//1521 1520//1520 1507//1507 1506//1506
f 1522//1522 1523//1523 1520//1520 1521//1521
f 1509//1509 1520//1520 1523//1523 1510//1510
f 1510//1510 1523//1523 1524//1524 1515//1515
f 1525//1525 1524//1524 1523//1523 1522//1522
f 1526//1526 1527//1527 1524//1524 1525//1525
f 1515//1515 1524//1524 1527//1527 1512//1512
f 1519//1519 1528//1528 1529//1529 1518//1518
f 1530//1530 1529//1529 1528//1528 1531//1531
f 1529//1529 1530//1530 1522//1522
f 1518//1518 1529//1529 1521//1521 1506//1506
f 1519//1519 1516//1516 1532//1532 1533//1533
f 116//116 1532//1532 1516//1516 81//81
f 117//117 1534//1534 1532//1532 116//116
f 1533//1533 1532//1532 1534//1534 1535//1535
f 1526//1526 1525//1525 1536//1536 1537//1537
f 1530//1530 1536//1536 1525//1525 1522//1522
f 1531//1531 1538//1538 1536//1536 1530//1530
f 1537//1537 1536//1536 1538//1538 1539//1539
f 1540//1540 1541//1541 725//725 724//724
f 1542//1542 1541//1541 1540//1540 1543//1543
f 1535//1535 1534//1534 1541//1541 1542//1542
f 725//725 1541//1541 1534//1534 117//117
f 1531//1531 1528//1528 1544//1544 1545//1545
f 1528//1528 1519//1519 1533//1533
f 1535//1535 1546//1546 1544//1544 1533//1533
f 1545//1545 1544//1544 1546//1546 1547//1547
f 1539//1539 1538//1538 1548//1548 1549//1549
f 1545//1545 1548//1548 1538//1538 1531//1531
f 1547//1547 1550//1550 1548//1548 1545//1545
f 1549//1549 1548//1548 1550//1550 1551//1551
f 730//730 1552//1552 1553//1553 731//731
f 1554//1554 1553//1553 1552//1552 1555//1555
f 1543//1543 1540//1540 1553//1553 1554//1554
f 731//731 1553//1553 1540//1540 724//724
f 1547//1547 1546//1546 1556//1556 1557//1557
f 1542//1542 1556//1556 1546//1546 1535//1535
f 1543//1543 1558//1558 1556//1556 1542//1542
f 1557//1557 1556//1556 1558//1558 1559//1559
f 1559//1559 1560//1560 1561//1561 1557//1557
f 1562//1562 1561//1561 1560//1560 1563//1563
f 1551//1551 1550//1550 1561//1561 1562//1562
f 1557//1557 1561//1561 1550//1550 1547//1547
f 1564//1564 1565//1565 1555//1555
f 734//734 1564//1564 1552//1552 730//730
f 735//735 1566//1566 1564//1564 734//734
f 1565//1565 1564//1564 1566//1566 1567//1567
f 1568//1568 1558//1558 1543//1543
f 1569//1569 1568//1568 1554//1554 1555//1555
f 1570//1570 1571//1571 1568//1568 1569//1569
f 1559//1559 1558//1558 1568//1568 1571//1571
f 1563//1563 1560//1560 1572//1572 1573//1573
f 1571//1571 1572//1572 1560//1560 1559//1559
f 1570//1570 1574//1574 1572//1572 1571//1571
f 1574//1574 1575//1575 1573//1573
f 1570//1570 1569//1569 1576//1576 1577//1577
f 1565//1565 1576//1576 1569//1569 1555//1555
f 1567//1567 1578//1578 1576//1576 1565//1565
f 1577//1577 1576//1576 1578//1578 1579//1579
f 1580//1580 1581//1581 1575//1575
f 1577//1577 1580//1580 1574//1574 1570//1570
f 1579//1579 1582//1582 1580//1580 1577//1577
f 1581//1581 1580//1580 1582//1582 1583//1583
f 1584//1584 1585//1585 502//502
f 501//501 492//492 1586//1586
f 1584//1584 1586//1586 1587//1587
f 1585//1585 1584//1584 1588//1588 1589//1589
f 1590//1590 1587//1587 1586//1586
f 494//494 1591//1591 1586//1586 492//492
f 496//496 1592//1592 1591//1591 494//494
f 1591//1591 1592//1592 1593//1593
f 1587//1587 1590//1590 1594//1594 1595//1595
f 1596//1596 1594//1594 1590//1590 1593//1593
f 1597//1597 1598//1598 1594//1594 1596//1596
f 1595//1595 1594//1594 1598//1598 1599//1599
f 496//496 516//516 1600//1600 1592//1592
f 1601//1601 1600//1600 516//516 515//515
f 1602//1602 1603//1603 1600//1600 1601//1601
f 1592//1592 1600//1600 1603//1603 1593//1593
f 1602//1602 1601//1601 1604//1604 1605//1605
f 515//515 528//528 1604//1604 1601//1601
f 1605//1605 1604//1604 528//528 527//527
f 1593//1593 1603//1603 1606//1606 1596//1596
f 1607//1607 1606//1606 1603//1603 1602//1602
f 1608//1608 1609//1609 1606//1606 1607//1607
f 1596//1596 1606//1606 1609//1609 1597//1597
f 1610//1610 1611//1611 1612//1612 1613//1613
f 1605//1605 1612//1612 1611//1611 1602//1602
f 527//527 533//533 1612//1612 1605//1605
f 1613//1613 1612//1612 533//533 524//524
f 1602//1602 1611//1611 1614//1614 1607//1607
f 1611//1611 1610//1610 1615//1615
f 1616//1616 1617//1617 1614//1614 1615//1615
f 1607//1607 1614//1614 1617//1617 1608//1608
f 1610//1610 1613//1613 1618//1618 1619//1619
f 524//524 521//521 1618//1618 1613//1613
f 405//405 1620//1620 1618//1618 521//521
f 1619//1619 1618//1618 1620//1620 1621//1621
f 1622//1622 1623//1623 1624//1624 1625//1625
f 1626//1626 1624//1624 1623//1623 1627//1627
f 1628//1628 1629//1629 1624//1624 1626//1626
f 1625//1625 1624//1624 1629//1629 1599//1599
f 1630//1630 1631//1631 1632//1632 1633//1633
f 1625//1625 1632//1632 1631//1631 1622//1622
f 1599//1599 1598//1598 1632//1632 1625//1625
f 1633//1633 1632//1632 1598//1598 1597//1597
f 1634//1634 1635//1635 1636//1636 1637//1637
f 1633//1633 1636//1636 1635//1635 1630//1630
f 1597//1597 1609//1609 1636//1636 1633//1633
f 1637//1637 1636//1636 1609//1609 1608//1608
f 1638//1638 1639//1639 1640//1640 1641//1641
f 1639//1639 1638//1638 1634//1634 1637//1637
f 1608//1608 1617//1617 1639//1639 1637//1637
f 1616//1616 1640//1640 1639//1639 1617//1617
f 1627//1627 1623//1623 1642//1642 1643//1643
f 1644//1644 1642//1642 1623//1623 1622//1622
f 1645//1645 1646//1646 1642//1642 1644//1644
f 1643//1643 1642//1642 1646//1646 1647//1647
f 1622//1622 1631//1631 1648//1648 1644//1644
f 1630//1630 1649//1649 1648//1648 1631//1631
f 1650//1650 1651//1651 1648//1648 1649//1649
f 1644//1644 1648//1648 1651//1651 1645//1645
f 1630//1630 1635//1635 1652//1652 1649//1649
f 1634//1634 1653//1653 1652//1652 1635//1635
f 1654//1654 1655//1655 1652//1652 1653//1653
f 1650//1650 1649//1649 1652//1652 1655//1655
f 1641//1641 1656//1656 1657//1657 1638//1638
f 1658//1658 1659//1659 1657//1657 1656//1656
f 1654//1654 1653//1653 1657//1657 1659//1659
f 1638//1638 1657//1657 1653//1653 1634//1634
f 1658//1658 1656//1656 1660//1660 1661//1661
f 1662//1662 1660//1660 1656//1656 1641//1641
f 1663//1663 1664//1664 1660//1660 1662//1662
f 1664//1664 1665//1665 1661//1661
f 1666//1666 1667//1667 1665//1665
f 1664//1664 1663//1663 1668//1668
f 1666//1666 1668//1668 1669//1669
f 1667//1667 1666//1666 1670//1670 1671//1671
f 1672//1672 1673//1673 1674//1674 1675//1675
f 1674//1674 1673//1673 1676//1676 1677//1677
f 1671//1671 1670//1670 1674//1674 1677//1677
f 1675//1675 1674//1674 1670//1670 1669//1669
f 1676//1676 1673//1673 1678//1678 1679//1679
f 1680//1680 1678//1678 1673//1673 1672//1672
f 1681//1681 1682//1682 1678//1678 1680//1680
f 1679//1679 1678//1678 1682//1682 1683//1683
f 1684//1684 1685//1685 1686//1686
f 1683//1683 1682//1682 1684//1684 1687//1687
f 1688//1688 1684//1684 1682//1682 1681//1681
f 1689//1689 1685//1685 1684//1684 1688//1688
f 1690//1690 1685//1685 1689//1689
f 1691//1691 1690//1690 1692//1692 1693//1693
f 1694//1694 1695//1695 1690//1690 1691//1691
f 1695//1695 1686//1686 1685//1685
f 1696//1696 1697//1697 1691//1691 1693//1693
f 1698//1698 1699//1699 1697//1697 1696//1696
f 1700//1700 1697//1697 1699//1699 1701//1701
f 1691//1691 1697//1697 1700//1700 1694//1694
f 1701//1701 1699//1699 1702//1702 1703//1703
f 1704//1704 1702//1702 1699//1699 1698//1698
f 1705//1705 1706//1706 1702//1702 1704//1704
f 1703//1703 1702//1702 1706//1706 1707//1707
f 1708//1708 1709//1709 1706//1706 1705//1705
f 1643//1643 1709//1709 1708//1708 1627//1627
f 1647//1647 1710//1710 1709//1709 1643//1643
f 1707//1707 1706//1706 1709//1709 1710//1710
f 1711//1711 1712//1712 1713//1713
f 1714//1714 1665//1665 1667//1667
f 1671//1671 1715//1715 1711//1711 1667//1667
f 1711//1711 1715//1715 1716//1716 1712//1712
f 1671//1671 1677//1677 1717//1717 1715//1715
f 1718//1718 1717//1717 1677//1677 1676//1676
f 1719//1719 1720//1720 1717//1717 1718//1718
f 1715//1715 1717//1717 1720//1720 1716//1716
f 1719//1719 1718//1718 1721//1721 1722//1722
f 1679//1679 1721//1721 1718//1718 1676//1676
f 1725//1723 1724//1724 1687//1687 1686//1686
f 1726//1725 1727//1726 1724//1724 1725//1723
f 1686//1686 1695//1695 1728//1727 1725//1723
f 1729//1728 1728//1727 1695//1695 1694//1694
f 1730//1729 1731//1730 1728//1727 1729//1728
f 1725//1723 1728//1727 1731//1730 1726//1725
f 1694//1694 1700//1700 1732//1731 1729//1728
f 1733//1732 1732//1731 1700//1700 1701//1701
f 1734//1733 1735//1734 1732//1731 1733//1732
f 1729//1728 1732//1731 1735//1734 1730//1729
f 1710//1710 1736//1735 1737//1736 1707//1707
f 1738//1737 1736//1735 1710//1710 1647//1647
f 1739//1738 1740//1739 1736//1735 1738//1737
f 1741//1740 1737//1736 1736//1735 1740//1739
f 1734//1733 1733//1732 1742//1741 1743//1742
f 1703//1703 1742//1741 1733//1732 1701//1701
f 1707//1707 1737//1736 1742//1741 1703//1703
f 1743//1742 1742//1741 1737//1736 1741//1740
f 1716//1716 1720//1720 1744//1743 1745//1744
f 1746//1745 1744//1743 1720//1720 1719//1719
f 1747//1746 1744//1743 1746//1745 1748//1747
f 1744//1743 1747//1746 1749//1748
f 1748//1747 1746//1745 1750//1749 1751//1750
f 1722//1722 1750//1749 1746//1745 1719//1719
f 1723//1751 1752//1752 1750//1749 1722//1722
f 1752//1752 1753//1753 1751//1750
f 1723//1751 1727//1726 1754//1754 1752//1752
f 1755//1755 1754//1754 1727//1726 1726//1725
f 1756//1756 1757//1757 1754//1754 1755//1755
f 1752//1752 1754//1754 1757//1757 1753//1753
f 1726//1725 1731//1730 1758//1758 1755//1755
f 1759//1759 1758//1758 1731//1730 1730//1729
f 1760//1760 1761//1761 1758//1758 1759//1759
f 1755//1755 1758//1758 1761//1761 1756//1756
f 1730//1729 1735//1734 1762//1762 1759//1759
f 1763//1763 1762//1762 1735//1734 1734//1733
f 1764//1764 1765//1765 1762//1762 1763//1763
f 1759//1759 1762//1762 1765//1765 1760//1760
f 1764//1764 1763//1763 1766//1766 1767//1767
f 1743//1742 1766//1766 1763//1763 1734//1733
f 1741//1740 1768//1768 1766//1766 1743//1742
f 1767//1767 1766//1766 1768//1768 1769//1769
f 1651//1651 1770//1770 1771//1771 1645//1645
f 1650//1650 1772//1772 1770//1770 1651//1651
f 1773//1773 1774//1774 1770//1770 1772//1772
f 1770//1770 1774//1774 1775//1775 1771//1771
f 1776//1776 1777//1777 1778//1778 1779//1779
f 1764//1764 1767//1767 1778//1778 1777//1777
f 1769//1769 1779//1779 1778//1778 1767//1767
f 1776//1776 1780//1780 1781//1781 1782//1782
f 1753//1753 1757//1757 1781//1781 1780//1780
f 1756//1756 1782//1782 1781//1781 1757//1757
f 1773//1773 1772//1772 1783//1783 1784//1784
f 1650//1650 1655//1655 1783//1783 1772//1772
f 1654//1654 1785//1785 1783//1783 1655//1655
f 1786//1786 1784//1784 1783//1783 1785//1785
f 1787//1787 1788//1788 1789//1789 1776//1776
f 1788//1788 1787//1787 1749//1748
f 1748//1747 1789//1789 1788//1788 1747//1746
f 1780//1780 1776//1776 1789//1789
f 1748//1747 1751//1750 1790//1790 1789//1789
f 1753//1753 1780//1780 1790//1790 1751//1750
f 1776//1776 1782//1782 1791//1791 1792//1792
f 1756//1756 1761//1761 1791//1791 1782//1782
f 1760//1760 1792//1792 1791//1791 1761//1761
f 1776//1776 1792//1792 1793//1793 1777//1777
f 1760//1760 1765//1765 1793//1793 1792//1792
f 1764//1764 1777//1777 1793//1793 1765//1765
f 1768//1768 1794//1794 1795//1795 1769//1769
f 1740//1739 1794//1794 1768//1768 1741//1740
f 1796//1796 1794//1794 1740//1739 1739//1738
f 1797//1797 1795//1795 1794//1794 1796//1796
f 1776//1776 1779//1779 1798//1798 1799//1799
f 1769//1769 1795//1795 1798//1798 1779//1779
f 1797//1797 1799//1799 1798//1798 1795//1795
f 1800//1800 1801//1801 1802//1802 1803//1803
f 1749//1748 1787//1787 1801//1801 1800//1800
f 1787//1787 1776//1776 1802//1802
f 1647//1647 1646//1646 1804//1804 1738//1737
f 1771//1771 1804//1804 1646//1646 1645//1645
f 1775//1775 1805//1805 1804//1804 1771//1771
f 1738//1737 1804//1804 1805//1805 1739//1738
f 1774//1774 1806//1806 1807//1807 1775//1775
f 1773//1773 1784//1784 1806//1806 1774//1774
f 1786//1786 1808//1808 1806//1806 1784//1784
f 1809//1809 1807//1807 1806//1806 1808//1808
f 1809//1809 1810//1810 1811//1811 1807//1807
f 1796//1796 1811//1811 1810//1810 1797//1797
f 1739//1738 1805//1805 1811//1811 1796//1796
f 1807//1807 1811//1811 1805//1805 1775//1775
f 1786//1786 1785//1785 1812//1812 1813//1813
f 1654//1654 1659//1659 1812//1812 1785//1785
f 1658//1658 1814//1814 1812//1812 1659//1659
f 1813//1813 1812//1812 1814//1814 1815//1815
f 1816//1816 1815//1815 1814//1814
f 1661//1661 1817//1817 1814//1814 1658//1658
f 1817//1817 1661//1661 1665//1665
f 1714//1714 1713//1713 1816//1816
f 1809//1809 1808//1808 1818//1818 1819//1819
f 1786//1786 1813//1813 1818//1818 1808//1808
f 1815//1815 1820//1820 1818//1818 1813//1813
f 1819//1819 1818//1818 1820//1820 1803//1803
f 1816//1816 1821//1821 1820//1820 1815//1815
f 1713//1713 1822//1822 1821//1821 1816//1816
f 1803//1803 1820//1820 1821//1821 1822//1822
f 1800//1800 1803//1803 1822//1822
f 1822//1822 1713//1713 1712//1712
f 1745//1744 1823//1823 1712//1712 1716//1716
f 1800//1800 1823//1823 1745//1744 1749//1748
f 1803//1803 1802//1802 1824//1824 1819//1819
f 1799//1799 1824//1824 1802//1802 1776//1776
f 1797//1797 1810//1810 1824//1824 1799//1799
f 1819//1819 1824//1824 1810//1810 1809//1809
f 1589//1589 1588//1588 1825//1825 1826//1826
f 1595//1595 1825//1825 1588//1588 1587//1587
f 1599//1599 1629//1629 1825//1825 1595//1595
f 1826//1826 1825//1825 1629//1629 1628//1628
f 1627//1627 1708//1708 1827//1827 1626//1626
f 1705//1705 1828//1828 1827//1827 1708//1708
f 1829//1829 1827//1827 1828//1828 1830//1830
f 1626//1626 1827//1827 1829//1829 1628//1628
f 1830//1830 1828//1828 1831//1831 1832//1832
f 1704//1704 1831//1831 1828//1828 1705//1705
f 1698//1698 1833//1833 1831//1831 1704//1704
f 1832//1832 1831//1831 1833//1833 1834//1834
f 1834//1834 1833//1833 1835//1835 1836//1836
f 1696//1696 1835//1835 1833//1833 1698//1698
f 1693//1693 1837//1837 1835//1835 1696//1696
f 1836//1836 1835//1835 1837//1837 1838//1838
f 1837//1837 1839//1839 1840//1840 1838//1838
f 1692//1692 1839//1839 1837//1837 1693//1693
f 1839//1839 1692//1692 1689//1689
f 1840//1840 1839//1839 1841//1841 1842//1842
f 1843//1843 1844//1844 1845//1845 1846//1846
f 1847//1847 1844//1844 1843//1843 1848//1848
f 1840//1840 1844//1844 1847//1847 1838//1838
f 1845//1845 1844//1844 1840//1840 1842//1842
f 1688//1688 1849//1849 1841//1841 1689//1689
f 1849//1849 1688//1688 1681//1681
f 1850//1850 1849//1849 1851//1851 1852//1852
f 1841//1841 1849//1849 1850//1850 1842//1842
f 1852//1852 1851//1851 1853//1853 1854//1854
f 1680//1680 1853//1853 1851//1851 1681//1681
f 1672//1672 1855//1855 1853//1853 1680//1680
f 1854//1854 1853//1853 1855//1855 1856//1856
f 1856//1856 1855//1855 1857//1857 1858//1858
f 1675//1675 1857//1857 1855//1855 1672//1672
f 1669//1669 1859//1859 1857//1857 1675//1675
f 1858//1858 1857//1857 1859//1859 1860//1860
f 1641//1641 1640//1640 1861//1861 1662//1662
f 1862//1862 1861//1861 1640//1640 1616//1616
f 1863//1863 1864//1864 1861//1861 1862//1862
f 1662//1662 1861//1861 1864//1864 1663//1663
f 1621//1621 1865//1865 1866//1866 1619//1619
f 1862//1862 1866//1866 1865//1865 1863//1863
f 1616//1616 1615//1615 1866//1866 1862//1862
f 1619//1619 1866//1866 1615//1615 1610//1610
f 1860//1860 1859//1859 1867//1867 1868//1868
f 1668//1668 1867//1867 1859//1859 1669//1669
f 1663//1663 1864//1864 1867//1867 1668//1668
f 1868//1868 1867//1867 1864//1864 1863//1863
f 400//400 1869//1869 1870//1870 401//401
f 1871//1871 1870//1870 1869//1869 1872//1872
f 1621//1621 1620//1620 1870//1870 1871//1871
f 401//401 1870//1870 1620//1620 405//405
f 1863//1863 1865//1865 1873//1873 1874//1874
f 1871//1871 1873//1873 1865//1865 1621//1621
f 1872//1872 1875//1875 1873//1873 1871//1871
f 1874//1874 1873//1873 1875//1875 1876//1876
f 1872//1872 1869//1869 1877//1877 1878//1878
f 1314//1314 1877//1877 1869//1869 400//400
f 1317//1317 1879//1879 1877//1877 1314//1314
f 1878//1878 1877//1877 1879//1879 1880//1880
f 1876//1876 1875//1875 1881//1881 1882//1882
f 1878//1878 1881//1881 1875//1875 1872//1872
f 1880//1880 1883//1883 1881//1881 1878//1878
f 1882//1882 1881//1881 1883//1883 1884//1884
f 1860//1860 1868//1868 1885//1885 1886//1886
f 1874//1874 1885//1885 1868//1868 1863//1863
f 1876//1876 1882//1882 1885//1885 1874//1874
f 1886//1886 1885//1885 1882//1882 1884//1884
f 1887//1887 1858//1858 1860//1860 1886//1886
f 1888//1888 1887//1887 1886//1886 1884//1884
f 1887//1887 1888//1888 1889//1889
f 1858//1858 1887//1887 1890//1890 1856//1856
f 1891//1891 1892//1892 1893//1893
f 1894//1894 1852//1852 1854//1854
f 1856//1856 1890//1890 1891//1891 1854//1854
f 1890//1890 1889//1889 1892//1892
f 1850//1850 1895//1895 1896//1896 1842//1842
f 1895//1895 1850//1850 1852//1852
f 1897//1897 1895//1895 1894//1894 1893//1893
f 1896//1896 1895//1895 1897//1897 1898//1898
f 1899//1899 1900//1900 1896//1896 1898//1898
f 1846//1846 1845//1845 1900//1900 1899//1899
f 1842//1842 1896//1896 1900//1900 1845//1845
f 1893//1893 1901//1901 1902//1902 1897//1897
f 1903//1903 1902//1902 1901//1901 1904//1904
f 1905//1905 1906//1906 1902//1902 1903//1903
f 1897//1897 1902//1902 1906//1906 1898//1898
f 1904//1904 1901//1901 1907//1907 1908//1908
f 1892//1892 1907//1907 1901//1901 1893//1893
f 1889//1889 1909//1909 1907//1907 1892//1892
f 1908//1908 1907//1907 1909//1909 1910//1910
f 1904//1904 1908//1908 1911//1911 1903//1903
f 1912//1912 1911//1911 1908//1908 1910//1910
f 1911//1911 1912//1912 1913//1913 1914//1914
f 1903//1903 1911//1911 1914//1914 1905//1905
f 1909//1909 1889//1889 1888//1888
f 1888//1888 1884//1884 1915//1915
f 1915//1915 1916//1916 1917//1917
f 1910//1910 1909//1909 1918//1918 1917//1917
f 1913//1913 1912//1912 1919//1919 1920//1920
f 1921//1921 1919//1919 1912//1912 1910//1910
f 1922//1922 1923//1923 1919//1919 1921//1921
f 1920//1920 1919//1919 1923//1923 1924//1924
f 1925//1925 1926//1926 1923//1923 1922//1922
f 1926//1926 1925//1925 1927//1927
f 1928//1928 1926//1926 1929//1929
f 1924//1924 1923//1923 1926//1926 1928//1928
f 1922//1922 1930//1930 1931//1931 1925//1925
f 1932//1932 1931//1931 1930//1930 1933//1933
f 1934//1934 1935//1935 1931//1931 1932//1932
f 1925//1925 1931//1931 1935//1935 1927//1927
f 1922//1922 1921//1921 1936//1936 1930//1930
f 1917//1917 1936//1936 1921//1921 1910//1910
f 1936//1936 1917//1917 1916//1916
f 1937//1937 1933//1933 1930//1930
f 1933//1933 1938//1938 1939//1939 1932//1932
f 1940//1940 1941//1941 1939//1939 1938//1938
f 1932//1932 1939//1939 1941//1941 1934//1934
f 1938//1938 1942//1942 1943//1943 1940//1940
f 1944//1944 1942//1942 1938//1938 1933//1933
f 1945//1945 1946//1946 1942//1942 1944//1944
f 1943//1943 1942//1942 1946//1946 1947//1947
f 1948//1948 1949//1949 1950//1950 1951//1951
f 1950//1950 1949//1949 1332//1332 1347//1347
f 1346//1346 1952//1952 1950//1950 1347//1347
f 1951//1951 1950//1950 1952//1952 1953//1953
f 1954//1954 1955//1955 1956//1956 1957//1957
f 1956//1956 1955//1955 1953//1953
f 1958//1958 1959//1959 1956//1956 1960//1960
f 1957//1957 1956//1956 1959//1959 1961//1961
f 1948//1948 1951//1951 1962//1962 1963//1963
f 1955//1955 1962//1962 1951//1951 1953//1953
f 1954//1954 1964//1964 1962//1962 1955//1955
f 1963//1963 1962//1962 1964//1964 1965//1965
f 1948//1948 1963//1963 1966//1966 1949//1949
f 1965//1965 1967//1967 1966//1966 1963//1963
f 1333//1333 1966//1966 1967//1967 1323//1323
f 1333//1333 1332//1332 1949//1949
f 1954//1954 1957//1957 1968//1968 1964//1964
f 1961//1961 1969//1969 1968//1968 1957//1957
f 1970//1970 1971//1971 1968//1968 1969//1969
f 1964//1964 1968//1968 1971//1971 1965//1965
f 1972//1972 1973//1973 1974//1974 1975//1975
f 1321//1321 1974//1974 1973//1973 1319//1319
f 1323//1323 1967//1967 1974//1974 1321//1321
f 1975//1975 1974//1974 1967//1967 1965//1965
f 1976//1976 1977//1977 1978//1978 1979//1979
f 1961//1961 1959//1959 1977//1977 1976//1976
f 1980//1980 1977//1977 1959//1959 1958//1958
f 1978//1978 1977//1977 1980//1980 1981//1981
f 1982//1982 1983//1983 1984//1984 1985//1985
f 1975//1975 1984//1984 1983//1983 1972//1972
f 1965//1965 1971//1971 1984//1984 1975//1975
f 1985//1985 1984//1984 1971//1971 1970//1970
f 1970//1970 1969//1969 1986//1986 1985//1985
f 1976//1976 1986//1986 1969//1969 1961//1961
f 1979//1979 1987//1987 1986//1986 1976//1976
f 1985//1985 1986//1986 1987//1987 1982//1982
f 1988//1988 1989//1989 1990//1990 1991//1991
f 1978//1978 1990//1990 1989//1989 1979//1979
f 1981//1981 1992//1992 1990//1990 1978//1978
f 1991//1991 1990//1990 1992//1992 1993//1993
f 1994//1994 1995//1995 1996//1996 1997//1997
f 1995//1995 1317//1317 1316//1316
f 1319//1319 1973//1973 1996//1996 1316//1316
f 1997//1997 1996//1996 1973//1973 1972//1972
f 1993//1993 1998//1998 1999//1999 1991//1991
f 1946//1946 1999//1999 1998//1998 1947//1947
f 1999//1999 1946//1946 1945//1945 2000//2000
f 1991//1991 1999//1999 2000//2000 1988//1988
f 2001//2001 2002//2002 1916//1916
f 1884//1884 1883//1883 2001//2001 1915//1915
f 2003//2003 2001//2001 1883//1883 1880//1880
f 2002//2002 2001//2001 2003//2003 2004//2004
f 2005//2005 2006//2006 2007//2007 2008//2008
f 1997//1997 2007//2007 2006//2006 1994//1994
f 1972//1972 1983//1983 2007//2007 1997//1997
f 2008//2008 2007//2007 1983//1983 1982//1982
f 1879//1879 1317//1317 1995//1995
f 1995//1995 1994//1994 2009//2009
f 2010//2010 2009//2009 2004//2004
f 1880//1880 1879//1879 2010//2010 2003//2003
f 2009//2009 2011//2011 2012//2012 2004//2004
f 1994//1994 2006//2006 2011//2011 2009//2009
f 2005//2005 2012//2012 2011//2011 2006//2006
f 2013//2013 1944//1944 1933//1933
f 1937//1937 1916//1916 2002//2002
f 2004//2004 2014//2014 2013//2013 2002//2002
f 1944//1944 2013//2013 2014//2014 1945//1945
f 2015//2015 2016//2016 2012//2012 2005//2005
f 2000//2000 2016//2016 2015//2015 1988//1988
f 1945//1945 2014//2014 2016//2016 2000//2000
f 2016//2016 2014//2014 2004//2004 2012//2012
f 1982//1982 1987//1987 2017//2017 2008//2008
f 1989//1989 2017//2017 1987//1987 1979//1979
f 1988//1988 2015//2015 2017//2017 1989//1989
f 2008//2008 2017//2017 2015//2015 2005//2005
f 641//641 640//640 2018//2018 2019//2019
f 1585//1585 2018//2018 640//640 502//502
f 2018//2018 1585//1585 1589//1589
f 2019//2019 2018//2018 2020//2020 2021//2021
f 645//645 644//644 2022//2022 2023//2023
f 2019//2019 2022//2022 644//644 641//641
f 2021//2021 2024//2024 2022//2022 2019//2019
f 2023//2023 2022//2022 2024//2024 2025//2025
f 2026//2026 1589//1589 1826//1826
f 1628//1628 1829//1829 2027//2027 1826//1826
f 1830//1830 2028//2028 2027//2027 1829//1829
f 2026//2026 2027//2027 2028//2028 2029//2029
f 2029//2029 2028//2028 2030//2030 2031//2031
f 1832//1832 2030//2030 2028//2028 1830//1830
f 1834//1834 2032//2032 2030//2030 1832//1832
f 2031//2031 2030//2030 2032//2032 2033//2033
f 2033//2033 2032//2032 2034//2034 2035//2035
f 1836//1836 2034//2034 2032//2032 1834//1834
f 1838//1838 2036//2036 2034//2034 1836//1836
f 2035//2035 2034//2034 2036//2036 2037//2037
f 2036//2036 2038//2038 2039//2039 2037//2037
f 1847//1847 2038//2038 2036//2036 1838//1838
f 1848//1848 2039//2039 2038//2038 1847//1847
f 2021//2021 2020//2020 2040//2040 2041//2041
f 2026//2026 2040//2040 2020//2020 1589//1589
f 2040//2040 2026//2026 2029//2029
f 2042//2042 2043//2043 2041//2041
f 2024//2024 2044//2044 2045//2045 2025//2025
f 2041//2041 2044//2044 2024//2024 2021//2021
f 2044//2044 2041//2041 2043//2043
f 2045//2045 2044//2044 2046//2046 2047//2047
f 2048//2048 2049//2049 2043//2043
f 2031//2031 2048//2048 2042//2042 2029//2029
f 2033//2033 2050//2050 2048//2048 2031//2031
f 2051//2051 2049//2049 2048//2048 2050//2050
f 2052//2052 2053//2053 2054//2054 2055//2055
f 2050//2050 2054//2054 2053//2053 2051//2051
f 2054//2054 2050//2050 2033//2033
f 2055//2055 2054//2054 2035//2035 2037//2037
f 2025//2025 2045//2045 2056//2056 2023//2023
f 2057//2057 2056//2056 2045//2045 2047//2047
f 2058//2058 2059//2059 2056//2056 2057//2057
f 2023//2023 2056//2056 2059//2059 645//645
f 645//645 2059//2059 2060//2060 649//649
f 2061//2061 2060//2060 2059//2059 2058//2058
f 2062//2062 2063//2063 2060//2060 2061//2061
f 649//649 2060//2060 2063//2063 646//646
f 650//650 653//653 2064//2064 2065//2065
f 646//646 2063//2063 2064//2064 653//653
f 2062//2062 2066//2066 2064//2064 2063//2063
f 2065//2065 2064//2064 2066//2066 2067//2067
f 665//665 664//664 2068//2068 2069//2069
f 2070//2070 2068//2068 664//664 659//659
f 2071//2071 2072//2072 2068//2068 2070//2070
f 2069//2069 2068//2068 2072//2072 2073//2073
f 668//668 667//667 2074//2074 2075//2075
f 2069//2069 2074//2074 667//667 665//665
f 2073//2073 2076//2076 2074//2074 2069//2069
f 2075//2075 2074//2074 2076//2076 2077//2077
f 2078//2078 2079//2079 2080//2080 2081//2081
f 2081//2081 2077//2077 2076//2076
f 2082//2082 2078//2078 2076//2076 2073//2073
f 2083//2083 2079//2079 2078//2078 2082//2082
f 668//668 2075//2075 2084//2084 671//671
f 2075//2075 2077//2077 2085//2085
f 2086//2086 2087//2087 2084//2084 2085//2085
f 671//671 2084//2084 2087//2087 672//672
f 2085//2085 2088//2088 2089//2089 2086//2086
f 2077//2077 2081//2081 2088//2088 2085//2085
f 2088//2088 2081//2081 2080//2080 2090//2090
f 2091//2091 2089//2089 2088//2088 2090//2090
f 672//672 2087//2087 2092//2092 675//675
f 2093//2093 2092//2092 2087//2087 2086//2086
f 2094//2094 2095//2095 2092//2092 2093//2093
f 675//675 2092//2092 2095//2095 676//676
f 2086//2086 2089//2089 2096//2096 2093//2093
f 2097//2097 2096//2096 2089//2089 2091//2091
f 2098//2098 2099//2099 2096//2096 2097//2097
f 2093//2093 2096//2096 2099//2099 2094//2094
f 2100//2100 679//679 676//676
f 2101//2101 2100//2100 2095//2095 2094//2094
f 2102//2102 2103//2103 2100//2100 2101//2101
f 2103//2103 680//680 679//679
f 657//657 656//656 2104//2104 2105//2105
f 2065//2065 2104//2104 656//656 650//650
f 2067//2067 2106//2106 2104//2104 2065//2065
f 2105//2105 2104//2104 2106//2106 2107//2107
f 659//659 658//658 2108//2108 2070//2070
f 2105//2105 2108//2108 658//658 657//657
f 2107//2107 2109//2109 2108//2108 2105//2105
f 2070//2070 2108//2108 2109//2109 2071//2071
f 2073//2073 2072//2072 2110//2110 2082//2082
f 2111//2111 2110//2110 2072//2072 2071//2071
f 2112//2112 2113//2113 2110//2110 2111//2111
f 2082//2082 2110//2110 2113//2113 2083//2083
f 2114//2114 2115//2115 2116//2116 2117//2117
f 2118//2118 2116//2116 2115//2115 2119//2119
f 2067//2067 2066//2066 2116//2116 2118//2118
f 2117//2117 2116//2116 2066//2066 2062//2062
f 2107//2107 2106//2106 2120//2120 2121//2121
f 2118//2118 2120//2120 2106//2106 2067//2067
f 2119//2119 2122//2122 2120//2120 2118//2118
f 2121//2121 2120//2120 2122//2122 2123//2123
f 2071//2071 2109//2109 2124//2124 2111//2111
f 2121//2121 2124//2124 2109//2109 2107//2107
f 2123//2123 2125//2125 2124//2124 2121//2121
f 2111//2111 2124//2124 2125//2125 2112//2112
f 2058//2058 2057//2057 2126//2126 2127//2127
f 2128//2128 2126//2126 2057//2057 2047//2047
f 2129//2129 2130//2130 2126//2126 2128//2128
f 2127//2127 2126//2126 2130//2130 2131//2131
f 2047//2047 2046//2046 2132//2132 2128//2128
f 2049//2049 2132//2132 2046//2046 2043//2043
f 2133//2133 2132//2132 2049//2049 2051//2051
f 2128//2128 2132//2132 2133//2133 2129//2129
f 2051//2051 2053//2053 2134//2134 2133//2133
f 2135//2135 2134//2134 2053//2053 2052//2052
f 2136//2136 2137//2137 2134//2134 2135//2135
f 2133//2133 2134//2134 2137//2137 2129//2129
f 2129//2129 2137//2137 2138//2138 2130//2130
f 2136//2136 2139//2139 2138//2138 2137//2137
f 2130//2130 2138//2138 2139//2139 2131//2131
f 2140//2140 2061//2061 2058//2058 2127//2127
f 2141//2141 2140//2140 2127//2127 2131//2131
f 2117//2117 2140//2140 2141//2141 2114//2114
f 2061//2061 2140//2140 2117//2117 2062//2062
f 2142//2142 2143//2143 2144//2144 2145//2145
f 894//894 2144//2144 2143//2143 880//880
f 898//898 2146//2146 2144//2144 894//894
f 2145//2145 2144//2144 2146//2146 2147//2147
f 908//908 2148//2148 2146//2146 898//898
f 2149//2149 2148//2148 908//908 912//912
f 2150//2150 2151//2151 2148//2148 2149//2149
f 2146//2146 2148//2148 2151//2151 2147//2147
f 912//912 920//920 2152//2152 2149//2149
f 2153//2153 2152//2152 920//920 924//924
f 2154//2154 2155//2155 2152//2152 2153//2153
f 2149//2149 2152//2152 2155//2155 2150//2150
f 924//924 941//941 2156//2156 2153//2153
f 916//916 2157//2157 2156//2156 941//941
f 2158//2158 2156//2156 2157//2157 2159//2159
f 2153//2153 2156//2156 2158//2158 2154//2154
f 2160//2160 2161//2161 2162//2162 2163//2163
f 879//879 2162//2162 2161//2161 881//881
f 880//880 2143//2143 2162//2162 879//879
f 2163//2163 2162//2162 2143//2143 2142//2142
f 2164//2164 2160//2160 2163//2163
f 2165//2165 2163//2163 2142//2142
f 2167//2166 2166//2167 2169//2168 2170//2169
f 2145//2145 2169//2168 2166//2167 2142//2142
f 2147//2147 2171//2170 2169//2168 2145//2145
f 2170//2169 2169//2168 2171//2170 2172//2171
f 2173//2172 2174//2173 2175//2174 2176//2175
f 2172//2171 2171//2170 2175//2174 2174//2173
f 2151//2151 2175//2174 2171//2170 2147//2147
f 2176//2175 2175//2174 2151//2151 2150//2150
f 2177//2176 2178//2177 2179//2178 2180//2179
f 2176//2175 2179//2178 2178//2177 2173//2172
f 2150//2150 2155//2155 2179//2178 2176//2175
f 2180//2179 2179//2178 2155//2155 2154//2154
f 2181//2180 2182//2181 2183//2182 2184//2183
f 2180//2179 2182//2181 2181//2180 2177//2176
f 2154//2154 2158//2158 2182//2181 2180//2179
f 2159//2159 2183//2182 2182//2181 2158//2158
f 2172//2171 2187//2184 2185//2185 2170//2169
f 2186//2186 2185//2185 2187//2184 2188//2187
f 2189//2188 2190//2189 2191//2190 2192//2191
f 2187//2184 2191//2190 2190//2189 2188//2187
f 2172//2171 2174//2173 2191//2190 2187//2184
f 2192//2191 2191//2190 2174//2173 2173//2172
f 2193//2192 2194//2193 2195//2194 2196//2195
f 2190//2189 2195//2194 2194//2193 2188//2187
f 2189//2188 2196//2195 2195//2194 2190//2189
f 2197//2196 2198//2197 2199//2198 2200//2199
f 2192//2191 2199//2198 2198//2197 2189//2188
f 2173//2172 2178//2177 2199//2198 2192//2191
f 2200//2199 2199//2198 2178//2177 2177//2176
f 2201//2200 2202//2201 2203//2202 2204//2203
f 2196//2195 2203//2202 2202//2201 2193//2192
f 2189//2188 2198//2197 2203//2202 2196//2195
f 2204//2203 2203//2202 2198//2197 2197//2196
f 2200//2199 2205//2204 2206//2205 2197//2196
f 2177//2176 2181//2180 2205//2204 2200//2199
f 2184//2183 2207//2206 2205//2204 2181//2180
f 2206//2205 2205//2204 2207//2206 2208//2207
f 2209//2208 2210//2209 2211//2210 2212//2211
f 2204//2203 2210//2209 2209//2208 2201//2200
f 2197//2196 2206//2205 2210//2209 2204//2203
f 2208//2207 2211//2210 2210//2209 2206//2205
f 2212//2211 2211//2210 2213//2212 2214//2213
f 2215//2214 2213//2212 2211//2210 2208//2207
f 2216//2215 2217//2216 2213//2212 2215//2214
f 2214//2213 2213//2212 2217//2216 2218//2217
f 2219//2218 2220//2219 2207//2206 2184//2183
f 2221//2220 2220//2219 2219//2218 2222//2221
f 2216//2215 2215//2214 2220//2219 2221//2220
f 2208//2207 2207//2206 2220//2219 2215//2214
f 2218//2217 2217//2216 2223//2222 2224//2223
f 2221//2220 2223//2222 2217//2216 2216//2215
f 2222//2221 2225//2224 2223//2222 2221//2220
f 2224//2223 2223//2222 2225//2224 2226//2225
f 2222//2221 2219//2218 2227//2226 2228//2227
f 2183//2182 2227//2226 2219//2218 2184//2183
f 2229//2228 2227//2226 2183//2182 2159//2159
f 2228//2227 2227//2226 2229//2228 2230//2229
f 2159//2159 2157//2157 2231//2230 2229//2228
f 915//915 2231//2230 2157//2157 916//916
f 802//802 2232//2231 2231//2230 915//915
f 2229//2228 2231//2230 2232//2231 2230//2229
f 2226//2225 2225//2224 2233//2232 2234//2233
f 2228//2227 2233//2232 2225//2224 2222//2221
f 2230//2229 2235//2234 2233//2232 2228//2227
f 2234//2233 2233//2232 2235//2234 2236//2235
f 802//802 801//801 2237//2236 2232//2231
f 2238//2237 2237//2236 801//801 689//689
f 2239//2238 2240//2239 2237//2236 2238//2237
f 2232//2231 2237//2236 2240//2239 2230//2229
f 2241//2240 2242//2241 2243//2242 2244//2243
f 2243//2242 2242//2241 2236//2235 2235//2234
f 2240//2239 2243//2242 2235//2234 2230//2229
f 2244//2243 2243//2242 2240//2239 2239//2238
f 689//689 686//686 2245//2244 2238//2237
f 2246//2245 2245//2244 686//686 685//685
f 2247//2246 2248//2247 2245//2244 2246//2245
f 2238//2237 2245//2244 2248//2247 2239//2238
f 685//685 691//691 2249//2248 2246//2245
f 2103//2103 2249//2248 691//691 680//680
f 2102//2102 2250//2249 2249//2248 2103//2103
f 2246//2245 2249//2248 2250//2249 2247//2246
f 2239//2238 2248//2247 2251//2250 2244//2243
f 2252//2251 2251//2250 2248//2247 2247//2246
f 2253//2252 2254//2253 2251//2250 2252//2251
f 2244//2243 2251//2250 2254//2253 2241//2240
f 2094//2094 2099//2099 2255//2254 2101//2101
f 2256//2255 2255//2254 2099//2099 2098//2098
f 2255//2254 2256//2255 2257//2256 2258//2257
f 2101//2101 2255//2254 2258//2257 2102//2102
f 2247//2246 2250//2249 2259//2258 2252//2251
f 2258//2257 2259//2258 2250//2249 2102//2102
f 2257//2256 2260//2259 2259//2258 2258//2257
f 2252//2251 2259//2258 2260//2259 2253//2252
f 710//710 709//709 2261//2260 2262//2261
f 764//764 2261//2260 709//709 703//703
f 765//765 1438//1438 2261//2260 764//764
f 1438//1438 1441//1441 2262//2261
f 735//735 732//732 2263//2262 2264//2263
f 732//732 711//711 708//708
f 2263//2262 708//708 710//710
f 2264//2263 2263//2262 2265//2264 2266//2265
f 1567//1567 1566//1566 2267//2266 2268//2267
f 2264//2263 2267//2266 1566//1566 735//735
f 2266//2265 2269//2268 2267//2266 2264//2263
f 2268//2267 2267//2266 2269//2268 2270//2269
f 1579//1579 1578//1578 2271//2270 2272//2271
f 2268//2267 2271//2270 1578//1578 1567//1567
f 2270//2269 2273//2272 2271//2270 2268//2267
f 2272//2271 2271//2270 2273//2272 2274//2273
f 1583//1583 1582//1582 2275//2274 2276//2275
f 2272//2271 2275//2274 1582//1582 1579//1579
f 2274//2273 2277//2276 2275//2274 2272//2271
f 2276//2275 2275//2274 2277//2276 2278//2277
f 2279//2278 2280//2279 2281//2280
f 2282//2281 1441//1441 1440//1440
f 2279//2278 1440//1440 1426//1426
f 1443//1443 1442//1442 2280//2279
f 1442//1442 1447//1447 2283//2282 2280//2279
f 2284//2283 2283//2282 1447//1447 1446//1446
f 2285//2284 2286//2285 2283//2282 2284//2283
f 2280//2279 2283//2282 2286//2285 2281//2280
f 2287//2286 2288//2287 2266//2265
f 2265//2264 710//710 2262//2261
f 2287//2286 2262//2261 1441//1441
f 2289//2288 2290//2289 2288//2287
f 2288//2287 2291//2290 2269//2268 2266//2265
f 2292//2291 2291//2290 2288//2287 2290//2289
f 2293//2292 2294//2293 2291//2290 2292//2291
f 2270//2269 2269//2268 2291//2290 2294//2293
f 2294//2293 2295//2294 2273//2272 2270//2269
f 2296//2295 2295//2294 2294//2293 2293//2292
f 2297//2296 2298//2297 2295//2294 2296//2295
f 2274//2273 2273//2272 2295//2294 2298//2297
f 2278//2277 2277//2276 2299//2298 2300//2299
f 2298//2297 2299//2298 2277//2276 2274//2273
f 2297//2296 2301//2300 2299//2298 2298//2297
f 2302//2301 2300//2299 2299//2298 2301//2300
f 2303//2302 2304//2303 2305//2304 2306//2305
f 2301//2300 2305//2304 2304//2303 2302//2301
f 2297//2296 2307//2306 2305//2304 2301//2300
f 2306//2305 2305//2304 2307//2306 2308//2307
f 2293//2292 2309//2308 2310//2309 2296//2295
f 2311//2310 2310//2309 2309//2308 2312//2311
f 2308//2307 2307//2306 2310//2309 2311//2310
f 2296//2295 2310//2309 2307//2306 2297//2296
f 1453//1453 1451//1451 2313//2312 2314//2313
f 1430//1430 2313//2312 1451//1451 1431//1431
f 798//798 2315//2314 2313//2312 1430//1430
f 2314//2313 2313//2312 2315//2314 2316//2315
f 2285//2284 2284//2283 2317//2316 2318//2317
f 1452//1452 2317//2316 2284//2283 1446//1446
f 1453//1453 2314//2313 2317//2316 1452//1452
f 2318//2317 2317//2316 2314//2313 2316//2315
f 2319//2318 2320//2319 2316//2315
f 796//796 2319//2318 2315//2314 798//798
f 2319//2318 796//796 797//797 1455//1455
f 1459//1459 2320//2319 2319//2318
f 2321//2320 2322//2321 2281//2280
f 2286//2285 2285//2284 2318//2317
f 2321//2320 2318//2317 2316//2315
f 2323//2322 2324//2323 2322//2321
f 2325//2324 2326//2325 2290//2289
f 2289//2288 1441//1441 2282//2281
f 2325//2324 2282//2281 2281//2280
f 2322//2321 2324//2323 2326//2325
f 2312//2311 2309//2308 2327//2326 2328//2327
f 2292//2291 2327//2326 2309//2308 2293//2292
f 2290//2289 2326//2325 2327//2326 2292//2291
f 2326//2325 2324//2323 2328//2327
f 2324//2323 2323//2322 2329//2328 2330//2329
f 2323//2322 2316//2315 2320//2319
f 2329//2328 2320//2319 1459//1459
f 2330//2329 2329//2328 2331//2330 2332//2331
f 2333//2332 2334//2333 2335//2334 2336//2335
f 2333//2332 1457//1457 1461//1461
f 2334//2333 1461//1461 1463//1463
f 2335//2334 2334//2333 1493//1493 1492//1492
f 2337//2336 2331//2330 1459//1459
f 1458//1458 1457//1457 2333//2332
f 2336//2335 2338//2337 2337//2336 2333//2332
f 2331//2330 2337//2336 2338//2337 2332//2331
f 2339//2338 2340//2339 2336//2335
f 1499//1499 2339//2338 2335//2334 1492//1492
f 1501//1501 2341//2340 2339//2338 1499//1499
f 2340//2339 2339//2338 2341//2340 2342//2341
f 2342//2341 2341//2340 2343//2342 2344//2343
f 1503//1503 2343//2342 2341//2340 1501//1501
f 2343//2342 1503//1503 1497//1497 2345//2344
f 2344//2343 2343//2342 2345//2344 2346//2345
f 1497//1497 1496//1496 2347//2346 2345//2344
f 1472//1472 2347//2346 1496//1496 1474//1474
f 1423//1423 2348//2347 2347//2346 1472//1472
f 2345//2344 2347//2346 2348//2347 2346//2345
f 1422//1422 2349//2348 2348//2347 1423//1423
f 2350//2349 2349//2348 1422//1422 1419//1419
f 2351//2350 2349//2348 2350//2349 2352//2351
f 2346//2345 2348//2347 2349//2348 2351//2350
f 1419//1419 1418//1418 2353//2352 2350//2349
f 2354//2353 2353//2352 1418//1418 1415//1415
f 2355//2354 2356//2355 2353//2352 2354//2353
f 2353//2352 2356//2355 2352//2351 2350//2349
f 1415//1415 1414//1414 2357//2356 2354//2353
f 1414//1414 1411//1411 2358//2357
f 2359//2358 2360//2359 2357//2356 2358//2357
f 2354//2353 2357//2356 2360//2359 2355//2354
f 2358//2357 2361//2360 2362//2361 2359//2358
f 1411//1411 1409//1409 2361//2360 2358//2357
f 1406//1406 2363//2362 2361//2360 1409//1409
f 2362//2361 2361//2360 2363//2362 2364//2363
f 2364//2363 2363//2362 2365//2364 2366//2365
f 1405//1405 2365//2364 2363//2362 1406//1406
f 1402//1402 2367//2366 2365//2364 1405//1405
f 2366//2365 2365//2364 2367//2366 2368//2367
f 2368//2367 2367//2366 2369//2368 2370//2369
f 1401//1401 2369//2368 2367//2366 1402//1402
f 2369//2368 1401//1401 1398//1398
f 2371//2370 2372//2371 2370//2369
f 2373//2372 2374//2373 2375//2374 2376//2375
f 2374//2373 2324//2323 2330//2329
f 2332//2331 2376//2375 2375//2374 2330//2329
f 2377//2376 2378//2377 2379//2378 2380//2379
f 2328//2327 2379//2378 2378//2377 2312//2311
f 2324//2323 2374//2373 2379//2378 2328//2327
f 2380//2379 2379//2378 2374//2373 2373//2372
f 2381//2380 2382//2381 2383//2382 2384//2383
f 2311//2310 2383//2382 2382//2381 2308//2307
f 2312//2311 2378//2377 2383//2382 2311//2310
f 2384//2383 2383//2382 2378//2377 2377//2376
f 2385//2384 2386//2385 2387//2386 2388//2387
f 2386//2385 2385//2384 2303//2302
f 2308//2307 2382//2381 2386//2385 2306//2305
f 2387//2386 2386//2385 2382//2381 2381//2380
f 2389//2388 2376//2375 2332//2331
f 2338//2337 2336//2335 2390//2389
f 2390//2389 2391//2390 2392//2391
f 2392//2391 2373//2372 2376//2375
f 2393//2392 2394//2393 2391//2390
f 2390//2389 2336//2335 2340//2339
f 2342//2341 2395//2394 2393//2392 2340//2339
f 2394//2393 2393//2392 2395//2394 2396//2395
f 2396//2395 2395//2394 2397//2396 2398//2397
f 2344//2343 2397//2396 2395//2394 2342//2341
f 2346//2345 2399//2398 2397//2396 2344//2343
f 2398//2397 2397//2396 2399//2398 2400//2399
f 2400//2399 2399//2398 2401//2400 2402//2401
f 2351//2350 2401//2400 2399//2398 2346//2345
f 2352//2351 2403//2402 2401//2400 2351//2350
f 2402//2401 2401//2400 2403//2402 2404//2403
f 2404//2403 2403//2402 2405//2404 2406//2405
f 2356//2355 2405//2404 2403//2402 2352//2351
f 2407//2406 2405//2404 2356//2355 2355//2354
f 2406//2405 2405//2404 2407//2406 2408//2407
f 2409//2408 2410//2409 2411//2410 2412//2411
f 2407//2406 2411//2410 2410//2409 2408//2407
f 2355//2354 2360//2359 2411//2410 2407//2406
f 2412//2411 2411//2410 2360//2359 2359//2358
f 2413//2412 2414//2413 2415//2414 2416//2415
f 2412//2411 2415//2414 2414//2413 2409//2408
f 2359//2358 2362//2361 2415//2414 2412//2411
f 2416//2415 2415//2414 2362//2361 2364//2363
f 2417//2416 2418//2417 2419//2418 2420//2419
f 2416//2415 2419//2418 2418//2417 2413//2412
f 2364//2363 2366//2365 2419//2418 2416//2415
f 2420//2419 2419//2418 2366//2365 2368//2367
f 2421//2420 2422//2421 2423//2422 2424//2423
f 2420//2419 2423//2422 2422//2421 2417//2416
f 2368//2367 2370//2369 2423//2422 2420//2419
f 2424//2423 2423//2422 2370//2369 2372//2371
f 2425//2424 2426//2425 2427//2426 2428//2427
f 2417//2416 2422//2421 2426//2425 2425//2424
f 2421//2420 2429//2428 2426//2425 2422//2421
f 2427//2426 2426//2425 2429//2428 2430//2429
f 2431//2430 2432//2431 2433//2432 2434//2433
f 2414//2413 2433//2432 2432//2431 2409//2408
f 2435//2434 2433//2432 2414//2413 2413//2412
f 2434//2433 2433//2432 2435//2434 2436//2435
f 2413//2412 2418//2417 2437//2436 2435//2434
f 2425//2424 2437//2436 2418//2417 2417//2416
f 2428//2427 2438//2437 2437//2436 2425//2424
f 2435//2434 2437//2436 2438//2437 2436//2435
f 2439//2438 2440//2439 2441//2440 2442//2441
f 2410//2409 2441//2440 2440//2439 2408//2407
f 2409//2408 2432//2431 2441//2440 2410//2409
f 2442//2441 2441//2440 2432//2431 2431//2430
f 2431//2430 2434//2433 2443//2442 2442//2441
f 2444//2443 2443//2442 2434//2433 2436//2435
f 2445//2444 2446//2445 2443//2442 2444//2443
f 2442//2441 2443//2442 2446//2445 2439//2438
f 2447//2446 2448//2447 2449//2448 2450//2449
f 2406//2405 2449//2448 2448//2447 2404//2403
f 2408//2407 2440//2439 2449//2448 2406//2405
f 2450//2449 2449//2448 2440//2439 2439//2438
f 2439//2438 2446//2445 2451//2450 2450//2449
f 2452//2451 2451//2450 2446//2445 2445//2444
f 2451//2450 2452//2451 2453//2452 2454//2453
f 2450//2449 2451//2450 2454//2453 2447//2446
f 2455//2454 2456//2455 2457//2456 2458//2457
f 2402//2401 2457//2456 2456//2455 2400//2399
f 2404//2403 2448//2447 2457//2456 2402//2401
f 2458//2457 2457//2456 2448//2447 2447//2446
f 2455//2454 2458//2457 2459//2458 2460//2459
f 2454//2453 2459//2458 2458//2457 2447//2446
f 2453//2452 2461//2460 2459//2458 2454//2453
f 2460//2459 2459//2458 2461//2460 2462//2461
f 2400//2399 2456//2455 2463//2462 2398//2397
f 2464//2463 2463//2462 2456//2455 2455//2454
f 2465//2464 2466//2465 2463//2462 2464//2463
f 2398//2397 2463//2462 2466//2465 2396//2395
f 2465//2464 2464//2463 2467//2466 2468//2467
f 2460//2459 2467//2466 2464//2463 2455//2454
f 2462//2461 2469//2468 2467//2466 2460//2459
f 2468//2467 2467//2466 2469//2468 2470//2469
f 2471//2470 2472//2471 2473//2472
f 2394//2393 2471//2470 2474//2473 2391//2390
f 2396//2395 2466//2465 2471//2470 2394//2393
f 2466//2465 2465//2464 2472//2471
f 2475//2474 2476//2475 2473//2472
f 2472//2471 2465//2464 2468//2467
f 2470//2469 2477//2476 2475//2474 2468//2467
f 2476//2475 2475//2474 2477//2476 2478//2477
f 2479//2478 2480//2479 2481//2480 2482//2481
f 2392//2391 2481//2480 2480//2479 2373//2372
f 2391//2390 2474//2473 2481//2480 2392//2391
f 2482//2481 2481//2480 2474//2473 2473//2472
f 2473//2472 2476//2475 2483//2482 2482//2481
f 2478//2477 2484//2483 2483//2482 2476//2475
f 2483//2482 2484//2483 2485//2484 2486//2485
f 2482//2481 2483//2482 2486//2485 2479//2478
f 2373//2372 2480//2479 2487//2486 2380//2379
f 2488//2487 2487//2486 2480//2479 2479//2478
f 2489//2488 2490//2489 2487//2486 2488//2487
f 2380//2379 2487//2486 2490//2489 2377//2376
f 2479//2478 2486//2485 2491//2490 2488//2487
f 2492//2491 2491//2490 2486//2485 2485//2484
f 2493//2492 2494//2493 2491//2490 2492//2491
f 2488//2487 2491//2490 2494//2493 2489//2488
f 2377//2376 2490//2489 2495//2494 2384//2383
f 2496//2495 2495//2494 2490//2489 2489//2488
f 2497//2496 2498//2497 2495//2494 2496//2495
f 2384//2383 2495//2494 2498//2497 2381//2380
f 2489//2488 2494//2493 2499//2498 2496//2495
f 2500//2499 2499//2498 2494//2493 2493//2492
f 2499//2498 2500//2499 2501//2500 2502//2501
f 2496//2495 2499//2498 2502//2501 2497//2496
f 2381//2380 2498//2497 2503//2502 2387//2386
f 2504//2503 2503//2502 2498//2497 2497//2496
f 2505//2504 2506//2505 2503//2502 2504//2503
f 2387//2386 2503//2502 2506//2505 2388//2387
f 2497//2496 2502//2501 2507//2506 2504//2503
f 2501//2500 2508//2507 2507//2506 2502//2501
f 2509//2508 2507//2506 2508//2507 2510//2509
f 2504//2503 2507//2506 2509//2508 2505//2504
f 1150//1150 1149//1149 2511//2510 2512//2511
f 2513//2512 2511//2510 1149//1149 1148//1148
f 2514//2513 2515//2514 2511//2510 2513//2512
f 2512//2511 2511//2510 2515//2514 2516//2515
f 2517//2516 2518//2517 2519//2518
f 2519//2518 2518//2517 2520//2519 2521//2520
f 2522//2521 2523//2522 2519//2518 2521//2520
f 2524//2523 2519//2518 2523//2522 2525//2524
f 2526//2525 2527//2526 2528//2527 2529//2528
f 2530//2529 2528//2527 2527//2526 2531//2530
f 2532//2531 2533//2532 2528//2527 2530//2529
f 2529//2528 2528//2527 2533//2532 2534//2533
f 2516//2515 2515//2514 2535//2534 2536//2535
f 2537//2536 2535//2534 2515//2514 2514//2513
f 2525//2524 2523//2522 2535//2534 2537//2536
f 2536//2535 2535//2534 2523//2522 2522//2521
f 2514//2513 2538//2537 2539//2538 2537//2536
f 2540//2539 2539//2538 2538//2537 2541//2540
f 2542//2541 2543//2542 2539//2538 2540//2539
f 2537//2536 2539//2538 2543//2542 2525//2524
f 2541//2540 2544//2543 2545//2544 2540//2539
f 2527//2526 2545//2544 2544//2543 2531//2530
f 2526//2525 2546//2545 2545//2544 2527//2526
f 2540//2539 2545//2544 2546//2545 2542//2541
f 2547//2546 2548//2547 2549//2548 2550//2549
f 2276//2275 2549//2548 2548//2547 1583//1583
f 2278//2277 2551//2550 2549//2548 2276//2275
f 2550//2549 2549//2548 2551//2550 2552//2551
f 2532//2531 2530//2529 2553//2552 2554//2553
f 2531//2530 2555//2554 2553//2552 2530//2529
f 2556//2555 2553//2552 2555//2554 2557//2556
f 2554//2553 2553//2552 2556//2555 2558//2557
f 2559//2558 2560//2559 2561//2560 2562//2561
f 2559//2558 1526//1526 1537//1537
f 1539//1539 2563//2562 2560//2559 1537//1537
f 2563//2562 2564//2563 2561//2560
f 1512//1512 1527//1527 2565//2564 2566//2565
f 2559//2558 2565//2564 1527//1527 1526//1526
f 2567//2566 2565//2564 2559//2558 2562//2561
f 2566//2565 2565//2564 2567//2566 2568//2567
f 230//230 1513//1513 2569//2568 238//238
f 2566//2565 2569//2568 1513//1513 1512//1512
f 2568//2567 2570//2569 2569//2568 2566//2565
f 238//238 2569//2568 2570//2569 239//239
f 239//239 2570//2569 2571//2570 2572//2571
f 2573//2572 2571//2570 2570//2569 2568//2567
f 2574//2573 2575//2574 2571//2570 2573//2572
f 2572//2571 2571//2570 2575//2574 2576//2575
f 2568//2567 2567//2566 2577//2576 2573//2572
f 2567//2566 2562//2561 2578//2577
f 2579//2578 2580//2579 2577//2576 2578//2577
f 2573//2572 2577//2576 2580//2579 2574//2573
f 2579//2578 2578//2577 2581//2580 2582//2581
f 2583//2582 2581//2580 2578//2577 2562//2561
f 2584//2583 2585//2584 2581//2580 2583//2582
f 2582//2581 2581//2580 2585//2584 2586//2585
f 2587//2586 2588//2587 2585//2584 2584//2583
f 2589//2588 2588//2587 2587//2586 2558//2557
f 2590//2589 2588//2587 2589//2588 2591//2590
f 2586//2585 2585//2584 2588//2587 2590//2589
f 2557//2556 2592//2591 2593//2592 2556//2555
f 2594//2593 2593//2592 2592//2591 2595//2594
f 2591//2590 2589//2588 2593//2592 2594//2593
f 2556//2555 2593//2592 2589//2588 2558//2557
f 1055//1055 1054//1054 2596//2595 2597//2596
f 2598//2597 2596//2595 1054//1054 1015//1015
f 2599//2598 2600//2599 2596//2595 2598//2597
f 2597//2596 2596//2595 2600//2599 2595//2594
f 2601//2600 2602//2601 2603//2602 2604//2603
f 2594//2593 2603//2602 2602//2601 2591//2590
f 2595//2594 2600//2599 2603//2602 2594//2593
f 2600//2599 2599//2598 2604//2603
f 2605//2604 2606//2605 2607//2606 2608//2607
f 1581//1581 2607//2606 2606//2605 1575//1575
f 1583//1583 2548//2547 2607//2606 1581//1581
f 2608//2607 2607//2606 2548//2547 2547//2546
f 2609//2608 2610//2609 2611//2610 2612//2611
f 2613//2612 2611//2610 2610//2609 2614//2613
f 2550//2549 2611//2610 2613//2612 2547//2546
f 2612//2611 2611//2610 2550//2549 2552//2551
f 2615//2614 2616//2615 2617//2616 2618//2617
f 2619//2618 2617//2616 2616//2615 2534//2533
f 2614//2613 2610//2609 2617//2616 2619//2618
f 2618//2617 2617//2616 2610//2609 2609//2608
f 2620//2619 2621//2620 2622//2621 2623//2622
f 2608//2607 2622//2621 2621//2620 2605//2604
f 2547//2546 2613//2612 2622//2621 2608//2607
f 2623//2622 2622//2621 2613//2612 2614//2613
f 2532//2531 2624//2623 2625//2624 2533//2532
f 2626//2625 2625//2624 2624//2623 2627//2626
f 2614//2613 2619//2618 2625//2624 2626//2625
f 2534//2533 2533//2532 2625//2624 2619//2618
f 2584//2583 2583//2582 2628//2627 2629//2628
f 2562//2561 2561//2560 2628//2627 2583//2582
f 2564//2563 2630//2629 2628//2627 2561//2560
f 2629//2628 2628//2627 2630//2629 2627//2626
f 2558//2557 2587//2586 2631//2630 2554//2553
f 2629//2628 2631//2630 2587//2586 2584//2583
f 2627//2626 2624//2623 2631//2630 2629//2628
f 2554//2553 2631//2630 2624//2623 2532//2531
f 2632//2631 2633//2632 2564//2563
f 1549//1549 2632//2631 2563//2562 1539//1539
f 1551//1551 2634//2633 2632//2631 1549//1549
f 2633//2632 2632//2631 2634//2633 2635//2634
f 2635//2634 2634//2633 2636//2635 2637//2636
f 1562//1562 2636//2635 2634//2633 1551//1551
f 1563//1563 2638//2637 2636//2635 1562//1562
f 2637//2636 2636//2635 2638//2637 2639//2638
f 2640//2639 2641//2640 2639//2638
f 1573//1573 2640//2639 2638//2637 1563//1563
f 2640//2639 1573//1573 1575//1575
f 2641//2640 2640//2639 2606//2605 2605//2604
f 2642//2641 2643//2642 2644//2643 2645//2644
f 2635//2634 2637//2636 2643//2642 2642//2641
f 2639//2638 2644//2643 2643//2642 2637//2636
f 2605//2604 2621//2620 2646//2645 2641//2640
f 2647//2646 2646//2645 2621//2620 2620//2619
f 2645//2644 2644//2643 2646//2645 2647//2646
f 2641//2640 2646//2645 2644//2643 2639//2638
f 2620//2619 2623//2622 2648//2647 2647//2646
f 2626//2625 2648//2647 2623//2622 2614//2613
f 2627//2626 2649//2648 2648//2647 2626//2625
f 2647//2646 2648//2647 2649//2648 2645//2644
f 2645//2644 2649//2648 2650//2649 2642//2641
f 2630//2629 2650//2649 2649//2648 2627//2626
f 2633//2632 2650//2649 2630//2629 2564//2563
f 2642//2641 2650//2649 2633//2632 2635//2634
f 335//335 334//334 2651//2650 2652//2651
f 297//297 2651//2650 334//334 295//295
f 299//299 2653//2652 2651//2650 297//297
f 2652//2651 2651//2650 2653//2652 2654//2653
f 375//375 374//374 2655//2654 2656//2655
f 2652//2651 2655//2654 374//374 335//335
f 2654//2653 2657//2656 2655//2654 2652//2651
f 2656//2655 2655//2654 2657//2656 2658//2657
f 2659//2658 2660//2659 2661//2660 2662//2661
f 1011//1011 2661//2660 2660//2659 1008//1008
f 375//375 2656//2655 2661//2660 1011//1011
f 2662//2661 2661//2660 2656//2655 2658//2657
f 2663//2662 2664//2663 2665//2664 2666//2665
f 1016//1016 2665//2664 2664//2663 1017//1017
f 1008//1008 2660//2659 2665//2664 1016//1016
f 2666//2665 2665//2664 2660//2659 2659//2658
f 2667//2666 2668//2667 2669//2668
f 2669//2668 2586//2585 2590//2589
f 2670//2669 2590//2589 2591//2590
f 2601//2600 2667//2666 2670//2669 2602//2601
f 2671//2670 2672//2671 2673//2672 2674//2673
f 2582//2581 2673//2672 2672//2671 2579//2578
f 2673//2672 2582//2581 2586//2585
f 2669//2668 2668//2667 2674//2673
f 2675//2674 2676//2675 2677//2676 2678//2677
f 2598//2597 2677//2676 2676//2675 2599//2598
f 1015//1015 1014//1014 2677//2676 2598//2597
f 2678//2677 2677//2676 1014//1014 1017//1017
f 2668//2667 2667//2666 2679//2678 2680//2679
f 2604//2603 2679//2678 2667//2666 2601//2600
f 2599//2598 2676//2675 2679//2678 2604//2603
f 2680//2679 2679//2678 2676//2675 2675//2674
f 2681//2680 2682//2681 2683//2682 2684//2683
f 2678//2677 2683//2682 2682//2681 2675//2674
f 1017//1017 2664//2663 2683//2682 2678//2677
f 2684//2683 2683//2682 2664//2663 2663//2662
f 2574//2573 2580//2579 2685//2684 2686//2685
f 2672//2671 2685//2684 2580//2579 2579//2578
f 2671//2670 2687//2686 2685//2684 2672//2671
f 2686//2685 2685//2684 2687//2686 2688//2687
f 2689//2688 2690//2689 2671//2670
f 2674//2673 2668//2667 2680//2679
f 2675//2674 2691//2690 2689//2688 2680//2679
f 2690//2689 2689//2688 2691//2690 2692//2691
f 2692//2691 2691//2690 2693//2692 2694//2693
f 2682//2681 2693//2692 2691//2690 2675//2674
f 2695//2694 2693//2692 2682//2681 2681//2680
f 2696//2695 2694//2693 2693//2692 2695//2694
f 2686//2685 2697//2696 2575//2574 2574//2573
f 2688//2687 2698//2697 2697//2696 2686//2685
f 2575//2574 2697//2696 2698//2697 2576//2575
f 2690//2689 2699//2698 2687//2686 2671//2670
f 2692//2691 2700//2699 2699//2698 2690//2689
f 2701//2700 2699//2698 2700//2699 2702//2701
f 2688//2687 2687//2686 2699//2698 2701//2700
f 2702//2701 2700//2699 2703//2702 2704//2703
f 2694//2693 2703//2702 2700//2699 2692//2691
f 2705//2704 2703//2702 2694//2693 2696//2695
f 2704//2703 2703//2702 2705//2704 2706//2705
f 2707//2706 2708//2707 2709//2708 2710//2709
f 2711//2710 2709//2708 2708//2707 2712//2711
f 299//299 298//298 2709//2708 2711//2710
f 2710//2709 2709//2708 298//298 241//241
f 241//241 240//240 2713//2712 2710//2709
f 2572//2571 2713//2712 240//240 239//239
f 2576//2575 2714//2713 2713//2712 2572//2571
f 2710//2709 2713//2712 2714//2713 2707//2706
f 2576//2575 2698//2697 2715//2714 2716//2715
f 2701//2700 2715//2714 2698//2697 2688//2687
f 2702//2701 2717//2716 2715//2714 2701//2700
f 2716//2715 2715//2714 2717//2716 2718//2717
f 2718//2717 2717//2716 2719//2718 2720//2719
f 2704//2703 2719//2718 2717//2716 2702//2701
f 2706//2705 2721//2720 2719//2718 2704//2703
f 2720//2719 2719//2718 2721//2720 2722//2721
f 2654//2653 2653//2652 2723//2722 2724//2723
f 2711//2710 2723//2722 2653//2652 299//299
f 2712//2711 2725//2724 2723//2722 2711//2710
f 2724//2723 2723//2722 2725//2724 2726//2725
f 2707//2706 2714//2713 2727//2726 2728//2727
f 2716//2715 2727//2726 2714//2713 2576//2575
f 2718//2717 2729//2728 2727//2726 2716//2715
f 2728//2727 2727//2726 2729//2728 2730//2729
f 2712//2711 2708//2707 2731//2730 2725//2724
f 2728//2727 2731//2730 2708//2707 2707//2706
f 2730//2729 2732//2731 2731//2730 2728//2727
f 2725//2724 2731//2730 2732//2731 2726//2725
f 2730//2729 2729//2728 2733//2732 2734//2733
f 2720//2719 2733//2732 2729//2728 2718//2717
f 2722//2721 2735//2734 2733//2732 2720//2719
f 2734//2733 2733//2732 2735//2734 2736//2735
f 2726//2725 2732//2731 2737//2736 2738//2737
f 2734//2733 2737//2736 2732//2731 2730//2729
f 2736//2735 2739//2738 2737//2736 2734//2733
f 2738//2737 2737//2736 2739//2738 2740//2739
f 2658//2657 2657//2656 2741//2740 2742//2741
f 2724//2723 2741//2740 2657//2656 2654//2653
f 2726//2725 2743//2742 2741//2740 2724//2723
f 2742//2741 2741//2740 2743//2742 2744//2743
f 2742//2741 2745//2744 2662//2661 2658//2657
f 2744//2743 2746//2745 2745//2744 2742//2741
f 2747//2746 2748//2747 2745//2744 2746//2745
f 2662//2661 2745//2744 2748//2747 2659//2658
f 2744//2743 2743//2742 2749//2748 2750//2749
f 2738//2737 2749//2748 2743//2742 2726//2725
f 2740//2739 2751//2750 2749//2748 2738//2737
f 2750//2749 2749//2748 2751//2750 2752//2751
f 2659//2658 2748//2747 2753//2752 2666//2665
f 2754//2753 2753//2752 2748//2747 2747//2746
f 2755//2754 2756//2755 2753//2752 2754//2753
f 2666//2665 2753//2752 2756//2755 2663//2662
f 2746//2745 2757//2756 2758//2757 2747//2746
f 2750//2749 2757//2756 2746//2745 2744//2743
f 2752//2751 2759//2758 2757//2756 2750//2749
f 2760//2759 2758//2757 2757//2756 2759//2758
f 2663//2662 2756//2755 2761//2760 2684//2683
f 2762//2761 2761//2760 2756//2755 2755//2754
f 2763//2762 2764//2763 2761//2760 2762//2761
f 2684//2683 2761//2760 2764//2763 2681//2680
f 2765//2764 2766//2765 2767//2766 2768//2767
f 2754//2753 2767//2766 2766//2765 2755//2754
f 2747//2746 2758//2757 2767//2766 2754//2753
f 2768//2767 2767//2766 2758//2757 2760//2759
f 2769//2768 2770//2769 2771//2770 2772//2771
f 2695//2694 2771//2770 2770//2769 2696//2695
f 2681//2680 2764//2763 2771//2770 2695//2694
f 2772//2771 2771//2770 2764//2763 2763//2762
f 2773//2772 2774//2773 2775//2774 2776//2775
f 2706//2705 2705//2704 2775//2774 2774//2773
f 2696//2695 2770//2769 2775//2774 2705//2704
f 2776//2775 2775//2774 2770//2769 2769//2768
f 2755//2754 2766//2765 2777//2776 2762//2761
f 2778//2777 2777//2776 2766//2765 2765//2764
f 2779//2778 2780//2779 2777//2776 2778//2777
f 2762//2761 2777//2776 2780//2779 2763//2762
f 2722//2721 2721//2720 2781//2780 2782//2781
f 2774//2773 2781//2780 2721//2720 2706//2705
f 2773//2772 2783//2782 2781//2780 2774//2773
f 2782//2781 2781//2780 2783//2782 2784//2783
f 2785//2784 2786//2785 2787//2786
f 2772//2771 2785//2784 2788//2787 2769//2768
f 2763//2762 2780//2779 2785//2784 2772//2771
f 2786//2785 2785//2784 2780//2779 2779//2778
f 2784//2783 2783//2782 2789//2788 2790//2789
f 2776//2775 2789//2788 2783//2782 2773//2772
f 2769//2768 2788//2787 2789//2788 2776//2775
f 2790//2789 2789//2788 2788//2787 2787//2786
f 2736//2735 2735//2734 2791//2790 2792//2791
f 2782//2781 2791//2790 2735//2734 2722//2721
f 2784//2783 2793//2792 2791//2790 2782//2781
f 2792//2791 2791//2790 2793//2792 2794//2793
f 2740//2739 2739//2738 2795//2794 2796//2795
f 2792//2791 2795//2794 2739//2738 2736//2735
f 2794//2793 2797//2796 2795//2794 2792//2791
f 2796//2795 2795//2794 2797//2796 2798//2797
f 2794//2793 2793//2792 2799//2798 2800//2799
f 2790//2789 2799//2798 2793//2792 2784//2783
f 2800//2799 2799//2798 2790//2789 2787//2786
f 2798//2797 2797//2796 2801//2800 2802//2801
f 2800//2799 2801//2800 2797//2796 2794//2793
f 2787//2786 2803//2802 2801//2800 2800//2799
f 2802//2801 2801//2800 2803//2802 2804//2803
f 2786//2785 2805//2804 2803//2802 2787//2786
f 2806//2805 2805//2804 2786//2785 2779//2778
f 2807//2806 2808//2807 2805//2804 2806//2805
f 2804//2803 2803//2802 2805//2804 2808//2807
f 2808//2807 2809//2808 2810//2809 2804//2803
f 2811//2810 2809//2808 2808//2807 2807//2806
f 2812//2811 2813//2812 2809//2808 2811//2810
f 2814//2813 2810//2809 2809//2808 2813//2812
f 2779//2778 2778//2777 2815//2814 2806//2805
f 2765//2764 2816//2815 2815//2814 2778//2777
f 2817//2816 2815//2814 2816//2815 2818//2817
f 2806//2805 2815//2814 2817//2816 2807//2806
f 2818//2817 2816//2815 2819//2818 2820//2819
f 2768//2767 2819//2818 2816//2815 2765//2764
f 2760//2759 2821//2820 2819//2818 2768//2767
f 2820//2819 2819//2818 2821//2820 2822//2821
f 2823//2822 2824//2823 2825//2824
f 2802//2801 2823//2822 2826//2825 2798//2797
f 2804//2803 2810//2809 2823//2822 2802//2801
f 2814//2813 2824//2823 2823//2822
f 2752//2751 2751//2750 2827//2826 2828//2827
f 2796//2795 2827//2826 2751//2750 2740//2739
f 2798//2797 2826//2825 2827//2826 2796//2795
f 2828//2827 2827//2826 2826//2825 2825//2824
f 2822//2821 2821//2820 2829//2828 2830//2829
f 2759//2758 2829//2828 2821//2820 2760//2759
f 2828//2827 2829//2828 2759//2758 2752//2751
f 2829//2828 2828//2827 2825//2824 2830//2829
f 2831//2830 2832//2831 2833//2832
f 2820//2819 2831//2830 2834//2833 2818//2817
f 2822//2821 2830//2829 2831//2830 2820//2819
f 2830//2829 2825//2824 2832//2831
f 2814//2813 2813//2812 2835//2834 2824//2823
f 2836//2835 2835//2834 2813//2812 2812//2811
f 2832//2831 2835//2834 2836//2835 2833//2832
f 2824//2823 2835//2834 2832//2831 2825//2824
f 2812//2811 2811//2810 2837//2836 2836//2835
f 2817//2816 2837//2836 2811//2810 2807//2806
f 2818//2817 2834//2833 2837//2836 2817//2816
f 2833//2832 2836//2835 2837//2836 2834//2833
f 2838//2837 2839//2838 2840//2839
f 1086//1086 2838//2837 2841//2840 1087//1087
f 1068//1068 1073//1073 2838//2837 1086//1086
f 2839//2838 2838//2837 1073//1073 1072//1072
f 1170//1170 1173//1173 2842//2841 2843//2842
f 1167//1167 1166//1166 2842//2841 1173//1173
f 2841//2840 2842//2841 1166//1166 1087//1087
f 2843//2842 2842//2841 2841//2840 2840//2839
f 1176//1176 2844//2843 2845//2844 1177//1177
f 2843//2842 2844//2843 1176//1176 1170//1170
f 2843//2842 2840//2839 2846//2845
f 2845//2844 2844//2843 2846//2845 2847//2846
f 1032//1032 1037//1037 2848//2847 1071//1071
f 2849//2848 2848//2847 1037//1037 1036//1036
f 2850//2849 2851//2850 2848//2847 2849//2848
f 1071//1071 2848//2847 2851//2850 1072//1072
f 1072//1072 2851//2850 2852//2851 2839//2838
f 2853//2852 2852//2851 2851//2850 2850//2849
f 2854//2853 2855//2854 2852//2851 2853//2852
f 2839//2838 2852//2851 2855//2854 2840//2839
f 2847//2846 2846//2845 2856//2855 2857//2856
f 2856//2855 2846//2845 2840//2839
f 2857//2856 2856//2855 2855//2854 2854//2853
f 1036//1036 1041//1041 2858//2857 2849//2848
f 2859//2858 2858//2857 1041//1041 1040//1040
f 2860//2859 2861//2860 2858//2857 2859//2858
f 2849//2848 2858//2857 2861//2860 2850//2849
f 1177//1177 2845//2844 2862//2861 1181//1181
f 2847//2846 2863//2862 2862//2861 2845//2844
f 2864//2863 2865//2864 2862//2861 2863//2862
f 1181//1181 2862//2861 2865//2864 1178//1178
f 2850//2849 2861//2860 2866//2865 2853//2852
f 2861//2860 2860//2859 2867//2866
f 2868//2867 2869//2868 2866//2865 2867//2866
f 2853//2852 2866//2865 2869//2868 2854//2853
f 2864//2863 2863//2862 2870//2869 2871//2870
f 2857//2856 2870//2869 2863//2862 2847//2846
f 2854//2853 2869//2868 2870//2869 2857//2856
f 2871//2870 2870//2869 2869//2868 2868//2867
f 2859//2858 2872//2871 2873//2872 2860//2859
f 2872//2871 2859//2858 1040//1040 1045//1045
f 1047//1047 2874//2873 2872//2871 1045//1045
f 2874//2873 2875//2874 2873//2872
f 1178//1178 2865//2864 2876//2875 1185//1185
f 2877//2876 2876//2875 2865//2864 2864//2863
f 2878//2877 2879//2878 2876//2875 2877//2876
f 1185//1185 2876//2875 2879//2878 1182//1182
f 2867//2866 2880//2879 2881//2880 2868//2867
f 2880//2879 2867//2866 2860//2859
f 2880//2879 2873//2872 2875//2874
f 2881//2880 2880//2879 2882//2881 2883//2882
f 2864//2863 2871//2870 2884//2883 2877//2876
f 2868//2867 2881//2880 2884//2883 2871//2870
f 2883//2882 2885//2884 2884//2883 2881//2880
f 2877//2876 2884//2883 2885//2884 2878//2877
f 2886//2885 2887//2886 2875//2874
f 1050//1050 2886//2885 2874//2873 1047//1047
f 1049//1049 2888//2887 2886//2885 1050//1050
f 2887//2886 2886//2885 2888//2887 2889//2888
f 2883//2882 2882//2881 2890//2889 2891//2890
f 2887//2886 2890//2889 2882//2881 2875//2874
f 2889//2888 2892//2891 2890//2889 2887//2886
f 2891//2890 2890//2889 2892//2891 2893//2892
f 2894//2893 2895//2894 2896//2895 2897//2896
f 2597//2596 2896//2895 2895//2894 1055//1055
f 2595//2594 2592//2591 2896//2895 2597//2596
f 2897//2896 2896//2895 2592//2591 2557//2556
f 2889//2888 2888//2887 2898//2897 2899//2898
f 1053//1053 2898//2897 2888//2887 1049//1049
f 1055//1055 2895//2894 2898//2897 1053//1053
f 2895//2894 2894//2893 2899//2898
f 2893//2892 2892//2891 2900//2899 2901//2900
f 2899//2898 2900//2899 2892//2891 2889//2888
f 2900//2899 2899//2898 2894//2893
f 2901//2900 2900//2899 2902//2901 2903//2902
f 1182//1182 2879//2878 2904//2903 1189//1189
f 2905//2904 2904//2903 2879//2878 2878//2877
f 2906//2905 2907//2906 2904//2903 2905//2904
f 1189//1189 2904//2903 2907//2906 1186//1186
f 2878//2877 2885//2884 2908//2907 2905//2904
f 2891//2890 2908//2907 2885//2884 2883//2882
f 2893//2892 2909//2908 2908//2907 2891//2890
f 2905//2904 2908//2907 2909//2908 2906//2905
f 2557//2556 2555//2554 2910//2909 2897//2896
f 2911//2910 2910//2909 2555//2554 2531//2530
f 2912//2911 2913//2912 2910//2909 2911//2910
f 2897//2896 2910//2909 2913//2912 2894//2893
f 2541//2540 2538//2537 2914//2913 2915//2914
f 2513//2512 2914//2913 2538//2537 2514//2513
f 1148//1148 2916//2915 2914//2913 2513//2512
f 2915//2914 2914//2913 2916//2915 2917//2916
f 2918//2917 2919//2918 2903//2902
f 2902//2901 2894//2893 2913//2912
f 2913//2912 2912//2911 2920//2919
f 2920//2919 2921//2920 2919//2918
f 2922//2921 2923//2922 2915//2914 2917//2916
f 2911//2910 2923//2922 2922//2921 2912//2911
f 2531//2530 2544//2543 2923//2922 2911//2910
f 2915//2914 2923//2922 2544//2543 2541//2540
f 2921//2920 2920//2919 2924//2923 2925//2924
f 2912//2911 2922//2921 2924//2923 2920//2919
f 2925//2924 2924//2923 2922//2921 2917//2916
f 1186//1186 2907//2906 2926//2925 2927//2926
f 2928//2927 2926//2925 2907//2906 2906//2905
f 2921//2920 2925//2924 2926//2925 2928//2927
f 2927//2926 2926//2925 2925//2924 2917//2916
f 1144//1144 1187//1187 2929//2928 1147//1147
f 2927//2926 2929//2928 1187//1187 1186//1186
f 2917//2916 2916//2915 2929//2928 2927//2926
f 1147//1147 2929//2928 2916//2915 1148//1148
f 2906//2905 2909//2908 2930//2929 2928//2927
f 2901//2900 2930//2929 2909//2908 2893//2892
f 2903//2902 2919//2918 2930//2929 2901//2900
f 2928//2927 2930//2929 2919//2918 2921//2920
f 1351//1351 2931//2930 2932//2931 1348//1348
f 2933//2932 2931//2930 1351//1351 1353//1353
f 2934//2933 2935//2934 2931//2930 2933//2932
f 2932//2931 2931//2930 2935//2934 2936//2935
f 2937//2936 1357//1357 1348//1348
f 2936//2935 2938//2937 2937//2936 2932//2931
f 2939//2938 2940//2939 2937//2936 2938//2937
f 2940//2939 1354//1354 1357//1357
f 2936//2935 2935//2934 2941//2940 2938//2937
f 2942//2941 2941//2940 2935//2934 2934//2933
f 2943//2942 2944//2943 2941//2940 2942//2941
f 2938//2937 2941//2940 2944//2943 2939//2938
f 1359//1359 2945//2944 2946//2945 1360//1360
f 2945//2944 1359//1359 1354//1354
f 2947//2946 2945//2944 2940//2939 2939//2938
f 2946//2945 2945//2944 2947//2946 2948//2947
f 1364//1364 1363//1363 2949//2948 1394//1394
f 1363//1363 1360//1360 2946//2945
f 2948//2947 2950//2949 2949//2948 2946//2945
f 1394//1394 2949//2948 2950//2949 1397//1397
f 1397//1397 2950//2949 2951//2950 2952//2951
f 2953//2952 2951//2950 2950//2949 2948//2947
f 2954//2953 2955//2954 2951//2950 2953//2952
f 2955//2954 2956//2955 2952//2951
f 2957//2956 2958//2957 2372//2371
f 1396//1396 2957//2956 2371//2370 1398//1398
f 1397//1397 2952//2951 2957//2956 1396//1396
f 2958//2957 2957//2956 2952//2951 2956//2955
f 2430//2429 2429//2428 2959//2958 2960//2959
f 2424//2423 2959//2958 2429//2428 2421//2420
f 2372//2371 2958//2957 2959//2958 2424//2423
f 2960//2959 2959//2958 2958//2957 2956//2955
f 2939//2938 2944//2943 2961//2960 2947//2946
f 2962//2961 2961//2960 2944//2943 2943//2942
f 2961//2960 2962//2961 2954//2953 2953//2952
f 2948//2947 2947//2946 2961//2960 2953//2952
f 2971//2962 2972//2963 2969//2964 2970//2965
f 2967//2966 2973//2967 2974//2968 2966//2969
f 2975//2970 2976//2971 2974//2968
f 2977//2972 2978//2973 2974//2968 2976//2971
f 2966//2969 2974//2968 2978//2973 2968//2974
f 2979//2975 2980//2976 2972//2963 2971//2962
f 2979//2975 2975//2970 2973//2967
f 2967//2966 2965//2977 2980//2976 2973//2967
f 2981//2978 2982//2979 2983//2980 2984//2981
f 2529//2528 2983//2980 2982//2979 2526//2525
f 2534//2533 2616//2615 2983//2980 2529//2528
f 2984//2981 2983//2980 2616//2615 2615//2614
f 2985//2982 2986//2983 2982//2979 2981//2978
f 2987//2984 2988//2985 2986//2983 2985//2982
f 2542//2541 2546//2545 2986//2983 2988//2985
f 2982//2979 2986//2983 2546//2545 2526//2525
f 2525//2524 2543//2542 2989//2986 2524//2523
f 2988//2985 2989//2986 2543//2542 2542//2541
f 2990//2987 2989//2986 2988//2985 2987//2984
f 2990//2987 2517//2516 2524//2523
f 2975//2970 2991//2988 2992//2989 2976//2971
f 2993//2990 2992//2989 2991//2988 2994//2991
f 2995//2992 2996//2993 2992//2989 2993//2990
f 2976//2971 2992//2989 2996//2993 2977//2972
f 2997//2994 2998//2995 2999//2996 3000//2997
f 2994//2991 2991//2988 2998//2995 2997//2994
f 2998//2995 2991//2988 2975//2970
f 2971//2962 2999//2996 2998//2995 2979//2975
f 3003//2998 3002//2999 3001//3000 3004//3001
f 3000//2997 2999//2996 3002//2999 3003//2998
f 2970//2965 3002//2999 2999//2996 2971//2962
f 3016//3002 3017//3003 3014//3004 3013//3005
f 3018//3006 3019//3007 3017//3003 3016//3002
f 3020//3008 3017//3003 3019//3007 3021//3009
f 3014//3004 3017//3003 3020//3008 3015//3010
f 3023//3011 3022//3012 3007//3013 3006//3014
f 3024//3015 3025//3016 3022//3012 3023//3011
f 3026//3017 3027//3018 3025//3016 3024//3015
f 3028//3019 3029//3020 3027//3018 3026//3017
f 3016//3002 3027//3018 3029//3020 3018//3006
f 3013//3005 3025//3016 3027//3018 3016//3002
f 3011//3021 3031//3022 3032//3023 3033//3024
f 3034//3025 3032//3023 3031//3022 3030//3026
f 3021//3009 3035//3027 3032//3023 3034//3025
f 3033//3024 3032//3023 3035//3027 3036//3028
f 3034//3025 3037//3029 3020//3008 3021//3009
f 3038//3030 3039//3031 3040//3032 3041//3033
f 3042//3034 3040//3032 3039//3031 3043//3035
f 3044//3036 3045//3037 3040//3032 3042//3034
f 3041//3033 3040//3032 3045//3037 3046//3038
f 3046//3038 3045//3037 3047//3039 3048//3040
f 3049//3041 3047//3039 3045//3037 3044//3036
f 3050//3042 3051//3043 3047//3039 3049//3041
f 3048//3040 3047//3039 3051//3043 3052//3044
f 3053//3045 3054//3046 3055//3047 3056//3048
f 3052//3044 3051//3043 3054//3046 3053//3045
f 3057//3049 3054//3046 3051//3043 3050//3042
f 3058//3050 3055//3047 3054//3046 3057//3049
f 3059//3051 3060//3052 3061//3053 3062//3054
f 3063//3055 3061//3053 3060//3052 3064//3056
f 3065//3057 3066//3058 3061//3053 3063//3055
f 3062//3054 3061//3053 3066//3058 3067//3059
f 3067//3059 3066//3058 3068//3060 3069//3061
f 3070//3062 3068//3060 3066//3058 3065//3057
f 3071//3063 3072//3064 3068//3060 3070//3062
f 3069//3061 3068//3060 3072//3064 3073//3065
f 3073//3065 3072//3064 3074//3066 3075//3067
f 3076//3068 3074//3066 3072//3064 3071//3063
f 3077//3069 3078//3070 3074//3066 3076//3068
f 3075//3067 3074//3066 3078//3070 3079//3071
f 3079//3071 3078//3070 3080//3072 3081//3073
f 3082//3074 3080//3072 3078//3070 3077//3069
f 3083//3075 3084//3076 3080//3072 3082//3074
f 3081//3073 3080//3072 3084//3076 3085//3077
f 3085//3077 3084//3076 3086//3078 3087//3079
f 3088//3080 3086//3078 3084//3076 3083//3075
f 3089//3081 3086//3078 3088//3080 3090//3082
f 3091//3083 3087//3079 3086//3078 3089//3081
f 3092//3084 3093//3085 3094//3086 3095//3087
f 3096//3088 3097//3089 3093//3085
f 2505//2504 2509//2508 3093//3085 3097//3089
f 2510//2509 3094//3086 3093//3085 2509//2508
f 3098//3090 3041//3033 3046//3038
f 3099//3091 3098//3090 3100//3092 3101//3093
f 3102//3094 3103//3095 3098//3090 3099//3091
f 3041//3033 3098//3090 3103//3095 3038//3030
f 3095//3087 3104//3096 3105//3097 3092//3084
f 3106//3098 3105//3097 3104//3096 3107//3099
f 3108//3100 3109//3101 3105//3097 3106//3098
f 3092//3084 3105//3097 3109//3101 3096//3088
f 3101//3093 3110//3102 3111//3103 3099//3091
f 3106//3098 3111//3103 3110//3102 3108//3100
f 3107//3099 3112//3104 3111//3103 3106//3098
f 3099//3091 3111//3103 3112//3104 3102//3094
f 3113//3105 3114//3106 3097//3089 3096//3088
f 3115//3107 3116//3108 3114//3106 3113//3105
f 2506//2505 3114//3106 3116//3108 2388//2387
f 3097//3089 3114//3106 2506//2505 2505//2504
f 3052//3044 3117//3109 3118//3110 3048//3040
f 3119//3111 3118//3110 3117//3109 3120//3112
f 3101//3093 3100//3092 3118//3110 3119//3111
f 3048//3040 3118//3110 3100//3092 3046//3038
f 3096//3088 3109//3101 3121//3113 3113//3105
f 3109//3101 3108//3100 3122//3114
f 3123//3115 3124//3116 3121//3113 3122//3114
f 3113//3105 3121//3113 3124//3116 3115//3107
f 3120//3112 3125//3117 3126//3118 3119//3111
f 3122//3114 3126//3118 3125//3117 3123//3115
f 3126//3118 3122//3114 3108//3100
f 3119//3111 3126//3118 3110//3102 3101//3093
f 2388//2387 3116//3108 3127//3119 2385//2384
f 3128//3120 3127//3119 3116//3108 3115//3107
f 3129//3121 3130//3122 3127//3119 3128//3120
f 2385//2384 3127//3119 3130//3122 2303//2302
f 3053//3045 3131//3123 3117//3109 3052//3044
f 3056//3048 3132//3124 3131//3123 3053//3045
f 3133//3125 3131//3123 3132//3124 3134//3126
f 3120//3112 3117//3109 3131//3123 3133//3125
f 3115//3107 3124//3116 3135//3127 3128//3120
f 3136//3128 3135//3127 3124//3116 3123//3115
f 3137//3129 3138//3130 3135//3127 3136//3128
f 3128//3120 3135//3127 3138//3130 3129//3121
f 3134//3126 3139//3131 3140//3132 3133//3125
f 3139//3131 3137//3129 3136//3128
f 3123//3115 3125//3117 3140//3132 3136//3128
f 3133//3125 3140//3132 3125//3117 3120//3112
f 3141//3133 3142//3134 3143//3135 3144//3136
f 2551//2550 3143//3135 3142//3134 2552//2551
f 2278//2277 2300//2299 3143//3135 2551//2550
f 3144//3136 3143//3135 2300//2299 2302//2301
f 3145//3137 3146//3138 3130//3122 3129//3121
f 3144//3136 3146//3138 3145//3137 3141//3133
f 2302//2301 2304//2303 3146//3138 3144//3136
f 2304//2303 2303//2302 3130//3122
f 3147//3139 3148//3140 3149//3141 3150//3142
f 3151//3143 3149//3141 3148//3140 3152//3144
f 3134//3126 3132//3124 3149//3141 3151//3143
f 3150//3142 3149//3141 3132//3124 3056//3048
f 3152//3144 3153//3145 3154//3146 3151//3143
f 3155//3147 3154//3146 3153//3145 3156//3148
f 3137//3129 3139//3131 3154//3146 3155//3147
f 3151//3143 3154//3146 3139//3131 3134//3126
f 3156//3148 3157//3149 3158//3150 3155//3147
f 3145//3137 3158//3150 3157//3149 3141//3133
f 3129//3121 3138//3130 3158//3150 3145//3137
f 3155//3147 3158//3150 3138//3130 3137//3129
f 3159//3151 3160//3152 3161//3153 3162//3154
f 3163//3155 3161//3153 3160//3152 3164//3156
f 3152//3144 3148//3140 3161//3153 3163//3155
f 3162//3154 3161//3153 3148//3140 3147//3139
f 3141//3133 3157//3149 3165//3157 3166//3158
f 3167//3159 3165//3157 3157//3149 3156//3148
f 3168//3160 3169//3161 3165//3157 3167//3159
f 3166//3158 3165//3157 3169//3161 3170//3162
f 3164//3156 3171//3163 3172//3164 3163//3155
f 3167//3159 3172//3164 3171//3163 3168//3160
f 3156//3148 3153//3145 3172//3164 3167//3159
f 3163//3155 3172//3164 3153//3145 3152//3144
f 3059//3051 3173//3165 3174//3166 3175//3167
f 3176//3168 3174//3166 3173//3165 3177//3169
f 3164//3156 3160//3152 3174//3166 3176//3168
f 3175//3167 3174//3166 3160//3152 3159//3151
f 3177//3169 3178//3170 3179//3171 3176//3168
f 3180//3172 3179//3171 3178//3170 3181//3173
f 3168//3160 3171//3163 3179//3171 3180//3172
f 3176//3168 3179//3171 3171//3163 3164//3156
f 3181//3173 3182//3174 3183//3175 3180//3172
f 3184//3176 3183//3175 3182//3174 3185//3177
f 3170//3162 3169//3161 3183//3175 3184//3176
f 3180//3172 3183//3175 3169//3161 3168//3160
f 3184//3176 3186//3178 3166//3158 3170//3162
f 3185//3177 3187//3179 3186//3178 3184//3176
f 3186//3178 3187//3179 2552//2551
f 3142//3134 3141//3133 3166//3158
f 3067//3059 3188//3180 3189//3181 3062//3054
f 3190//3182 3189//3181 3188//3180 3191//3183
f 3177//3169 3173//3165 3189//3181 3190//3182
f 3062//3054 3189//3181 3173//3165 3059//3051
f 3192//3184 3193//3185 3194//3186 3195//3187
f 3182//3174 3194//3186 3193//3185 3185//3177
f 3181//3173 3195//3187 3194//3186 3182//3174
f 3191//3183 3196//3188 3197//3189 3190//3182
f 3195//3187 3197//3189 3196//3188 3192//3184
f 3181//3173 3178//3170 3197//3189 3195//3187
f 3190//3182 3197//3189 3178//3170 3177//3169
f 3185//3177 3198//3190 3199//3191 3187//3179
f 3199//3191 3198//3190 3200//3192 3201//3193
f 2609//2608 2612//2611 3199//3191 3201//3193
f 3187//3179 3199//3191 2612//2611 2552//2551
f 3073//3065 3202//3194 3203//3195 3069//3061
f 3204//3196 3203//3195 3202//3194 3205//3197
f 3191//3183 3188//3180 3203//3195 3204//3196
f 3069//3061 3203//3195 3188//3180 3067//3059
f 3185//3177 3193//3185 3206//3198 3198//3190
f 3207//3199 3206//3198 3193//3185 3192//3184
f 3208//3200 3209//3201 3206//3198 3207//3199
f 3198//3190 3206//3198 3209//3201 3200//3192
f 3205//3197 3210//3202 3211//3203 3204//3196
f 3207//3199 3211//3203 3210//3202 3208//3200
f 3192//3184 3196//3188 3211//3203 3207//3199
f 3204//3196 3211//3203 3196//3188 3191//3183
f 2981//2978 2984//2981 3212//3204 3213//3205
f 2615//2614 3214//3206 3212//3204 2984//2981
f 3213//3205 3212//3204 3214//3206 3215//3207
f 3216//3208 3217//3209 3201//3193 3200//3192
f 3215//3207 3214//3206 3217//3209 3216//3208
f 2618//2617 3217//3209 3214//3206 2615//2614
f 2609//2608 3201//3193 3217//3209 2618//2617
f 3079//3071 3218//3210 3219//3211 3075//3067
f 3220//3212 3219//3211 3218//3210 3221//3213
f 3205//3197 3202//3194 3219//3211 3220//3212
f 3075//3067 3219//3211 3202//3194 3073//3065
f 3200//3192 3209//3201 3222//3214 3216//3208
f 3223//3215 3222//3214 3209//3201 3208//3200
f 3224//3216 3225//3217 3222//3214 3223//3215
f 3216//3208 3222//3214 3225//3217 3215//3207
f 3221//3213 3226//3218 3227//3219 3220//3212
f 3223//3215 3227//3219 3226//3218 3224//3216
f 3208//3200 3210//3202 3227//3219 3223//3215
f 3220//3212 3227//3219 3210//3202 3205//3197
f 2981//2978 3213//3205 3228//3220 2985//2982
f 3229//3221 3228//3220 3213//3205 3215//3207
f 3230//3222 3231//3223 3228//3220 3229//3221
f 2985//2982 3228//3220 3231//3223 2987//2984
f 3232//3224 3233//3225 3231//3223 3230//3222
f 2517//2516 2990//2987 3233//3225 3232//3224
f 2987//2984 3231//3223 3233//3225 2990//2987
f 3085//3077 3234//3226 3235//3227 3081//3073
f 3236//3228 3235//3227 3234//3226 3237//3229
f 3221//3213 3218//3210 3235//3227 3236//3228
f 3081//3073 3235//3227 3218//3210 3079//3071
f 3215//3207 3225//3217 3238//3230 3229//3221
f 3239//3231 3238//3230 3225//3217 3224//3216
f 3240//3232 3241//3233 3238//3230 3239//3231
f 3229//3221 3238//3230 3241//3233 3230//3222
f 3237//3229 3242//3234 3243//3235 3236//3228
f 3239//3231 3243//3235 3242//3234 3240//3232
f 3224//3216 3226//3218 3243//3235 3239//3231
f 3236//3228 3243//3235 3226//3218 3221//3213
f 3232//3224 3244//3236 2518//2517 2517//2516
f 3230//3222 3245//3237 3244//3236 3232//3224
f 3246//3238 3244//3236 3245//3237 3247//3239
f 2520//2519 2518//2517 3244//3236 3246//3238
f 3248//3240 3249//3241 3250//3242 3251//3243
f 3250//3242 3249//3241 3247//3239 3245//3237
f 3230//3222 3241//3233 3250//3242 3245//3237
f 3251//3243 3250//3242 3241//3233 3240//3232
f 3252//3244 3253//3245 3087//3079 3091//3083
f 3254//3246 3255//3247 3253//3245 3252//3244
f 3237//3229 3234//3226 3253//3245 3255//3247
f 3087//3079 3253//3245 3234//3226 3085//3077
f 3256//3248 3255//3247 3254//3246 3257//3249
f 3256//3248 3257//3249 3248//3240 3251//3243
f 3240//3232 3242//3234 3256//3248 3251//3243
f 3255//3247 3256//3248 3242//3234 3237//3229
f 3258//3250 3259//3251 3260//3252 3261//3253
f 3262//3254 3260//3252 3259//3251 3263//3255
f 3018//3006 3029//3020 3260//3252 3262//3254
f 3261//3253 3260//3252 3029//3020 3028//3019
f 3263//3255 3264//3256 3265//3257 3262//3254
f 3266//3258 3265//3257 3264//3256 3267//3259
f 3021//3009 3019//3007 3265//3257 3266//3258
f 3262//3254 3265//3257 3019//3007 3018//3006
f 3036//3028 3268//3260 3269//3261 3033//3024
f 3270//3262 3269//3261 3268//3260 3271//3263
f 3008//3264 3012//3265 3269//3261 3270//3262
f 3033//3024 3269//3261 3012//3265 3011//3021
f 3267//3259 3272//3266 3273//3267 3266//3258
f 3268//3260 3273//3267 3272//3266 3271//3263
f 3036//3028 3035//3027 3273//3267 3268//3260
f 3266//3258 3273//3267 3035//3027 3021//3009
f 3274//3268 3275//3269 3270//3262 3271//3263
f 3275//3269 3274//3268 3276//3270 3277//3271
f 3010//3272 3009//3273 3275//3269 3277//3271
f 3270//3262 3275//3269 3009//3273 3008//3264
f 3278//3274 3279//3275 3280//3276 3281//3277
f 3282//3278 3280//3276 3279//3275 3283//3279
f 3284//3280 3285//3281 3280//3276 3282//3278
f 3281//3277 3280//3276 3285//3281 3286//3282
f 3263//3255 3259//3251 3287//3283 3288//3284
f 3289//3285 3287//3283 3259//3251 3258//3250
f 3290//3286 3291//3287 3287//3283 3289//3285
f 3288//3284 3287//3283 3291//3287 3292//3288
f 3288//3284 3293//3289 3264//3256 3263//3255
f 3294//3290 3293//3289 3288//3284 3292//3288
f 3295//3291 3296//3292 3293//3289 3294//3290
f 3267//3259 3264//3256 3293//3289 3296//3292
f 3267//3259 3296//3292 3297//3293 3272//3266
f 3298//3294 3297//3293 3296//3292 3295//3291
f 3299//3295 3300//3296 3297//3293 3298//3294
f 3272//3266 3297//3293 3300//3296 3271//3263
f 3271//3263 3300//3296 3301//3297 3274//3268
f 3302//3298 3301//3297 3300//3296 3299//3295
f 3303//3299 3304//3300 3301//3297 3302//3298
f 3274//3268 3301//3297 3304//3300 3276//3270
f 3276//3270 3304//3300 3305//3301 3306//3302
f 3307//3303 3305//3301 3304//3300 3303//3299
f 3308//3304 3309//3305 3305//3301 3307//3303
f 3306//3302 3305//3301 3309//3305 3310//3306
f 3310//3306 3309//3305 3311//3307 3312//3308
f 3313//3309 3311//3307 3309//3305 3308//3304
f 3311//3307 3313//3309 3314//3310 3315//3311
f 3316//3312 3312//3308 3311//3307 3315//3311
f 3283//3279 3279//3275 3317//3313 3318//3314
f 3319//3315 3317//3313 3279//3275 3278//3274
f 3320//3316 3321//3317 3317//3313 3319//3315
f 3318//3314 3317//3313 3321//3317 3322//3318
f 3322//3318 3321//3317 3323//3319 3324//3320
f 3325//3321 3323//3319 3321//3317 3320//3316
f 3326//3322 3327//3323 3323//3319 3325//3321
f 3324//3320 3323//3319 3327//3323 3328//3324
f 3328//3324 3327//3323 3329//3325 3330//3326
f 3331//3327 3329//3325 3327//3323 3326//3322
f 3332//3328 3333//3329 3329//3325 3331//3327
f 3334//3330 3330//3326 3329//3325 3333//3329
f 3315//3311 3335//3331 3336//3332 3316//3312
f 3314//3310 3337//3333 3335//3331 3315//3311
f 3335//3331 3337//3333 3286//3282 3285//3281
f 3336//3332 3335//3331 3285//3281 3284//3280
f 3338//3334 3339//3335 3340//3336 3341//3337
f 3337//3333 3340//3336 3339//3335 3286//3282
f 3314//3310 3342//3338 3340//3336 3337//3333
f 3341//3337 3340//3336 3342//3338 3343//3339
f 3326//3322 3344//3340 3345//3341 3331//3327
f 3346//3342 3345//3341 3344//3340 3347//3343
f 3348//3344 3349//3345 3345//3341 3346//3342
f 3331//3327 3345//3341 3349//3345 3332//3328
f 3320//3316 3350//3346 3351//3347 3325//3321
f 3352//3348 3351//3347 3350//3346 3353//3349
f 3347//3343 3344//3340 3351//3347 3352//3348
f 3325//3321 3351//3347 3344//3340 3326//3322
f 3320//3316 3319//3315 3354//3350 3350//3346
f 3278//3274 3355//3351 3354//3350
f 3356//3352 3357//3353 3354//3350 3355//3351
f 3354//3350 3357//3353 3353//3349 3350//3346
f 3356//3352 3355//3351 3358//3354 3359//3355
f 3281//3277 3358//3354 3355//3351 3278//3274
f 3286//3282 3339//3335 3358//3354 3281//3277
f 3359//3355 3358//3354 3339//3335 3338//3334
f 3308//3304 3360//3356 3361//3357 3313//3309
f 3362//3358 3361//3357 3360//3356 3363//3359
f 3343//3339 3342//3338 3361//3357 3362//3358
f 3313//3309 3361//3357 3342//3338 3314//3310
f 3303//3299 3364//3360 3365//3361 3307//3303
f 3366//3362 3365//3361 3364//3360 3367//3363
f 3363//3359 3360//3356 3365//3361 3366//3362
f 3307//3303 3365//3361 3360//3356 3308//3304
f 3299//3295 3368//3364 3369//3365 3302//3298
f 3370//3366 3369//3365 3368//3364 3371//3367
f 3367//3363 3364//3360 3369//3365 3370//3366
f 3302//3298 3369//3365 3364//3360 3303//3299
f 3295//3291 3372//3368 3373//3369 3298//3294
f 3374//3370 3373//3369 3372//3368 3375//3371
f 3371//3367 3368//3364 3373//3369 3374//3370
f 3298//3294 3373//3369 3368//3364 3299//3295
f 3292//3288 3376//3372 3377//3373 3294//3290
f 3378//3374 3377//3373 3376//3372 3379//3375
f 3375//3371 3372//3368 3377//3373 3378//3374
f 3294//3290 3377//3373 3372//3368 3295//3291
f 3292//3288 3291//3287 3380//3376 3376//3372
f 3381//3377 3380//3376 3291//3287 3290//3286
f 3382//3378 3383//3379 3380//3376 3381//3377
f 3379//3375 3376//3372 3380//3376 3383//3379
f 3384//3380 3385//3381 3386//3382 3387//3383
f 3150//3142 3386//3382 3385//3381 3147//3139
f 3056//3048 3055//3047 3386//3382 3150//3142
f 3387//3383 3386//3382 3055//3047 3058//3050
f 3159//3151 3388//3384 3389//3385 3175//3167
f 3390//3386 3389//3385 3388//3384 3391//3387
f 3064//3056 3060//3052 3389//3385 3390//3386
f 3175//3167 3389//3385 3060//3052 3059//3051
f 3391//3387 3388//3384 3392//3388 3393//3389
f 3162//3154 3392//3388 3388//3384 3159//3151
f 3147//3139 3385//3381 3392//3388 3162//3154
f 3393//3389 3392//3388 3385//3381 3384//3380
f 3058//3050 3394//3390 3395//3391 3387//3383
f 3396//3392 3395//3391 3394//3390 3397//3393
f 3398//3394 3399//3395 3395//3391 3396//3392
f 3387//3383 3395//3391 3399//3395 3384//3380
f 3043//3035 3400//3396 3401//3397 3042//3034
f 3402//3398 3401//3397 3400//3396 3403//3399
f 3404//3400 3405//3401 3401//3397 3402//3398
f 3042//3034 3401//3397 3405//3401 3044//3036
f 3403//3399 3406//3402 3407//3403 3402//3398
f 3346//3342 3407//3403 3406//3402 3348//3344
f 3347//3343 3408//3404 3407//3403 3346//3342
f 3402//3398 3407//3403 3408//3404 3404//3400
f 3409//3405 3049//3041 3044//3036
f 3410//3406 3409//3405 3405//3401 3404//3400
f 3411//3407 3412//3408 3409//3405 3410//3406
f 3049//3041 3409//3405 3412//3408 3050//3042
f 3404//3400 3408//3404 3413//3409 3410//3406
f 3352//3348 3413//3409 3408//3404 3347//3343
f 3353//3349 3414//3410 3413//3409 3352//3348
f 3410//3406 3413//3409 3414//3410 3411//3407
f 3415//3411 3416//3412 3412//3408 3411//3407
f 3397//3393 3394//3390 3416//3412 3415//3411
f 3057//3049 3416//3412 3394//3390 3058//3050
f 3050//3042 3412//3408 3416//3412 3057//3049
f 3415//3411 3417//3413 3418//3414 3397//3393
f 3411//3407 3414//3410 3417//3413 3415//3411
f 3417//3413 3414//3410 3353//3349 3357//3353
f 3356//3352 3418//3414 3417//3413 3357//3353
f 3397//3393 3418//3414 3419//3415 3396//3392
f 3359//3355 3419//3415 3418//3414 3356//3352
f 3338//3334 3420//3416 3419//3415 3359//3355
f 3396//3392 3419//3415 3420//3416 3398//3394
f 3064//3056 3421//3417 3422//3418 3063//3055
f 3423//3419 3422//3418 3421//3417 3424//3420
f 3425//3421 3426//3422 3422//3418 3423//3419
f 3063//3055 3422//3418 3426//3422 3065//3057
f 3391//3387 3427//3423 3428//3424 3390//3386
f 3429//3425 3428//3424 3427//3423 3430//3426
f 3424//3420 3421//3417 3428//3424 3429//3425
f 3390//3386 3428//3424 3421//3417 3064//3056
f 3424//3420 3431//3427 3432//3428 3423//3419
f 3366//3362 3432//3428 3431//3427 3363//3359
f 3367//3363 3433//3429 3432//3428 3366//3362
f 3423//3419 3432//3428 3433//3429 3425//3421
f 3363//3359 3431//3427 3434//3430 3362//3358
f 3429//3425 3434//3430 3431//3427 3424//3420
f 3430//3426 3435//3431 3434//3430 3429//3425
f 3362//3358 3434//3430 3435//3431 3343//3339
f 3065//3057 3426//3422 3436//3432 3070//3062
f 3437//3433 3436//3432 3426//3422 3425//3421
f 3438//3434 3439//3435 3436//3432 3437//3433
f 3070//3062 3436//3432 3439//3435 3071//3063
f 3425//3421 3433//3429 3440//3436 3437//3433
f 3370//3366 3440//3436 3433//3429 3367//3363
f 3371//3367 3441//3437 3440//3436 3370//3366
f 3437//3433 3440//3436 3441//3437 3438//3434
f 3071//3063 3439//3435 3442//3438 3076//3068
f 3443//3439 3442//3438 3439//3435 3438//3434
f 3444//3440 3445//3441 3442//3438 3443//3439
f 3076//3068 3442//3438 3445//3441 3077//3069
f 3438//3434 3441//3437 3446//3442 3443//3439
f 3374//3370 3446//3442 3441//3437 3371//3367
f 3375//3371 3447//3443 3446//3442 3374//3370
f 3443//3439 3446//3442 3447//3443 3444//3440
f 3077//3069 3445//3441 3448//3444 3082//3074
f 3449//3445 3448//3444 3445//3441 3444//3440
f 3450//3446 3451//3447 3448//3444 3449//3445
f 3082//3074 3448//3444 3451//3447 3083//3075
f 3444//3440 3447//3443 3452//3448 3449//3445
f 3378//3374 3452//3448 3447//3443 3375//3371
f 3379//3375 3453//3449 3452//3448 3378//3374
f 3449//3445 3452//3448 3453//3449 3450//3446
f 3454//3450 3455//3451 3451//3447 3450//3446
f 3456//3452 3455//3451 3454//3450 3457//3453
f 3090//3082 3088//3080 3455//3451 3456//3452
f 3083//3075 3451//3447 3455//3451 3088//3080
f 3457//3453 3454//3450 3458//3454 3459//3455
f 3450//3446 3453//3449 3458//3454 3454//3450
f 3383//3379 3458//3454 3453//3449 3379//3375
f 3459//3455 3458//3454 3383//3379 3382//3378
f 3343//3339 3435//3431 3460//3456 3341//3337
f 3461//3457 3460//3456 3435//3431 3430//3426
f 3398//3394 3420//3416 3460//3456 3461//3457
f 3341//3337 3460//3456 3420//3416 3338//3334
f 3384//3380 3399//3395 3462//3458 3393//3389
f 3461//3457 3462//3458 3399//3395 3398//3394
f 3430//3426 3427//3423 3462//3458 3461//3457
f 3393//3389 3462//3458 3427//3423 3391//3387
f 3004//3001 3463//3459 3464//3460 3003//2998
f 3463//3459 3465//3461 3466//3462
f 3467//3463 3468//3464 3464//3460 3466//3462
f 3003//2998 3464//3460 3468//3464 3000//2997
f 3469//3465 3470//3466 3330//3326 3334//3330
f 3471//3467 3472//3468 3470//3466 3469//3465
f 3473//3469 3474//3470 3470//3466 3472//3468
f 3330//3326 3470//3466 3474//3470 3328//3324
f 3475//3471 3476//3472 3477//3473 3478//3474
f 3318//3314 3477//3473 3476//3472 3283//3279
f 3322//3318 3479//3475 3477//3473 3318//3314
f 3478//3474 3477//3473 3479//3475 3480//3476
f 3481//3477 3466//3462 3465//3461
f 3478//3474 3481//3477 3482//3478 3475//3471
f 3481//3477 3478//3474 3480//3476
f 3483//3479 3467//3463 3466//3462
f 3484//3480 3485//3481 3486//3482 3487//3483
f 3488//3484 3489//3485 3485//3481 3484//3480
f 2993//2990 3485//3481 3489//3485 2995//2992
f 2994//2991 3486//3482 3485//3481 2993//2990
f 3328//3324 3474//3470 3490//3486 3324//3320
f 3491//3487 3490//3486 3474//3470 3473//3469
f 3480//3476 3479//3475 3490//3486 3491//3487
f 3324//3320 3490//3486 3479//3475 3322//3318
f 3484//3480 3492//3488 3493//3489 3488//3484
f 3487//3483 3494//3490 3492//3488 3484//3480
f 3472//3468 3492//3488 3494//3490 3473//3469
f 3492//3488 3472//3468 3471//3467 3493//3489
f 3494//3490 3495//3491 3491//3487 3473//3469
f 3487//3483 3496//3492 3495//3491 3494//3490
f 3495//3491 3496//3492 3467//3463
f 3483//3479 3480//3476 3491//3487
f 3497//3493 2997//2994 3000//2997
f 3468//3464 3467//3463 3496//3492
f 3486//3482 3497//3493 3496//3492 3487//3483
f 3486//3482 2994//2991 2997//2994
f 3498//3494 3499//3495 3500//3496 3501//3497
f 3282//3278 3500//3496 3499//3495 3284//3280
f 3283//3279 3476//3472 3500//3496 3282//3278
f 3501//3497 3500//3496 3476//3472 3475//3471
f 3502//3498 3503//3499 3504//3500 3505//3501
f 3501//3497 3504//3500 3503//3499 3498//3494
f 3504//3500 3501//3497 3475//3471
f 3505//3501 3504//3500 3482//3478 3465//3461
f 3508//3502 3509//3503 3507//3504 3506//3505
f 3502//3498 3510//3506 3507//3504 3509//3503
f 3510//3506 3502//3498 3505//3501
f 3511//3507 3512//3508 3513//3509 3514//3510
f 3316//3312 3336//3332 3512//3508 3511//3507
f 3284//3280 3499//3495 3512//3508 3336//3332
f 3513//3509 3512//3508 3499//3495 3498//3494
f 3515//3511 3516//3512 3509//3503 3508//3502
f 3514//3510 3513//3509 3516//3512 3515//3511
f 3498//3494 3503//3499 3516//3512 3513//3509
f 3509//3503 3516//3512 3503//3499 3502//3498
f 3514//3510 3519//3513 3520//3514 3511//3507
f 3521//3515 3520//3514 3519//3513 3518//3516
f 3310//3306 3312//3308 3520//3514 3521//3515
f 3511//3507 3520//3514 3312//3308 3316//3312
f 3310//3306 3521//3515 3522//3517 3306//3302
f 3517//3518 3522//3517 3521//3515 3518//3516
f 3277//3271 3522//3517 3517//3518 3010//3272
f 3306//3302 3522//3517 3277//3271 3276//3270
f 3515//3511 3523//3519 3519//3513 3514//3510
f 3524//3520 3525//3521 3526//3522 3527//3523
f 3528//3524 3526//3522 3525//3521 3529//3525
f 3530//3526 3531//3527 3526//3522 3528//3524
f 3532//3528 3527//3523 3526//3522 3531//3527
f 3533//3529 3534//3530 3535//3531 3536//3532
f 3534//3530 3537//3533 3538//3534
f 3528//3524 3535//3531 3538//3534 3530//3526
f 3535//3531 3528//3524 3529//3525 3536//3532
f 3539//3535 3540//3536 3529//3525 3525//3521
f 3541//3537 3539//3535 3525//3521 3524//3520
f 3542//3538 3543//3539 3539//3535 3541//3537
f 3544//3540 3540//3536 3539//3535 3543//3539
f 3545//3541 3546//3542 3540//3536 3544//3540
f 3547//3543 3546//3542 3545//3541 3548//3544
f 3533//3529 3536//3532 3546//3542 3547//3543
f 3529//3525 3540//3536 3546//3542 3536//3532
f 3548//3544 3549//3545 3550//3546 3547//3543
f 3551//3547 3550//3546 3549//3545 3552//3548
f 3537//3533 3534//3530 3550//3546 3551//3547
f 3547//3543 3550//3546 3534//3530 3533//3529
f 3532//3528 3553//3549 3554//3550 3555//3551
f 3556//3552 3554//3550 3553//3549 3557//3553
f 3558//3554 3559//3555 3554//3550 3556//3552
f 3555//3551 3554//3550 3559//3555 3560//3556
f 3530//3526 3561//3557 3562//3558 3531//3527
f 3563//3559 3562//3558 3561//3557 3564//3560
f 3557//3553 3553//3549 3562//3558 3563//3559
f 3531//3527 3562//3558 3553//3549 3532//3528
f 3565//3561 3561//3557 3530//3526
f 3566//3562 3565//3561 3538//3534 3537//3533
f 3567//3563 3568//3564 3565//3561 3566//3562
f 3561//3557 3565//3561 3568//3564 3564//3560
f 3566//3562 3569//3565 3570//3566 3567//3563
f 3566//3562 3537//3533 3551//3547
f 3569//3565 3551//3547 3552//3548
f 3571//3567 3572//3568 3570//3566
f 3573//3569 3574//3570 3575//3571 3576//3572
f 3577//3573 3573//3569 3576//3572 3578//3574
f 3548//3544 3545//3541 3573//3569 3577//3573
f 3574//3570 3573//3569 3545//3541 3544//3540
f 3579//3575 3577//3573 3578//3574
f 3580//3576 3581//3577 3582//3578
f 3552//3548 3549//3545 3579//3575 3582//3578
f 3577//3573 3579//3575 3549//3545 3548//3544
f 3583//3579 3584//3580 3582//3578 3581//3577
f 3585//3581 3586//3582 3584//3580 3583//3579
f 3586//3582 3572//3568 3571//3567
f 3571//3567 3552//3548 3582//3578
f 3585//3581 3587//3583 3588//3584 3586//3582
f 3587//3583 3589//3585 3590//3586
f 3591//3587 3588//3584 3590//3586 3592//3588
f 3586//3582 3588//3584 3591//3587 3572//3568
f 3589//3585 3593//3589 3594//3590 3590//3586
f 3595//3591 3596//3592 3594//3590 3593//3589
f 3597//3593 3598//3594 3594//3590 3596//3592
f 3590//3586 3594//3590 3598//3594 3592//3588
f 3599//3595 3600//3596 3601//3597 3602//3598
f 3603//3599 3601//3597 3600//3596 3604//3600
f 3596//3592 3601//3597 3603//3599 3597//3593
f 3602//3598 3601//3597 3596//3592 3595//3591
f 3605//3601 3606//3602 3607//3603 3608//3604
f 3609//3605 3607//3603 3606//3602 3558//3554
f 3610//3606 3607//3603 3609//3605 3611//3607
f 3612//3608 3608//3604 3607//3603 3610//3606
f 3557//3553 3613//3609 3614//3610 3556//3552
f 3615//3611 3614//3610 3613//3609 3616//3612
f 3611//3607 3609//3605 3614//3610 3615//3611
f 3556//3552 3614//3610 3609//3605 3558//3554
f 3617//3613 3563//3559 3564//3560
f 3618//3614 3617//3613 3619//3615 3620//3616
f 3616//3612 3613//3609 3617//3613 3618//3614
f 3563//3559 3617//3613 3613//3609 3557//3553
f 3564//3560 3568//3564 3621//3617 3619//3615
f 3622//3618 3621//3617 3568//3564 3567//3563
f 3623//3619 3624//3620 3621//3617 3622//3618
f 3619//3615 3621//3617 3624//3620 3620//3616
f 3567//3563 3570//3566 3625//3621 3622//3618
f 3626//3622 3625//3621 3570//3566 3572//3568
f 3625//3621 3626//3622 3627//3623 3628//3624
f 3622//3618 3625//3621 3628//3624 3623//3619
f 3592//3588 3629//3625 3630//3626 3591//3587
f 3631//3627 3630//3626 3629//3625 3632//3628
f 3627//3623 3626//3622 3630//3626 3631//3627
f 3591//3587 3630//3626 3626//3622 3572//3568
f 3633//3629 3634//3630 3598//3594 3597//3593
f 3635//3631 3634//3630 3633//3629 3636//3632
f 3632//3628 3629//3625 3634//3630 3635//3631
f 3598//3594 3634//3630 3629//3625 3592//3588
f 3597//3593 3603//3599 3637//3633 3633//3629
f 3604//3600 3638//3634 3637//3633 3603//3599
f 3639//3635 3637//3633 3638//3634 3640//3636
f 3636//3632 3633//3629 3637//3633 3639//3635
f 3612//3608 3610//3606 3641//3637 3642//3638
f 3643//3639 3641//3637 3610//3606 3611//3607
f 3644//3640 3645//3641 3641//3637 3643//3639
f 3642//3638 3641//3637 3645//3641 3646//3642
f 3615//3611 3647//3643 3643//3639 3611//3607
f 3616//3612 3648//3644 3647//3643 3615//3611
f 3649//3645 3650//3646 3647//3643 3648//3644
f 3643//3639 3647//3643 3650//3646 3644//3640
f 3651//3647 3652//3648 3653//3649 3654//3650
f 3648//3644 3653//3649 3652//3648 3649//3645
f 3618//3614 3653//3649 3648//3644 3616//3612
f 3620//3616 3654//3650 3653//3649 3618//3614
f 3655//3651 3656//3652 3652//3648 3651//3647
f 3656//3652 3655//3651 3657//3653
f 3652//3648 3656//3652 3658//3654 3649//3645
f 3620//3616 3624//3620 3659//3655 3654//3650
f 3660//3656 3659//3655 3624//3620 3623//3619
f 3661//3657 3662//3658 3659//3655 3660//3656
f 3654//3650 3659//3655 3662//3658 3651//3647
f 3627//3623 3663//3659 3664//3660 3628//3624
f 3665//3661 3666//3662 3664//3660 3663//3659
f 3660//3656 3664//3660 3666//3662 3661//3657
f 3664//3660 3660//3656 3623//3619 3628//3624
f 3632//3628 3667//3663 3668//3664 3631//3627
f 3669//3665 3670//3666 3668//3664 3667//3663
f 3668//3664 3670//3666 3665//3661 3663//3659
f 3631//3627 3668//3664 3663//3659 3627//3623
f 3671//3667 3672//3668 3673//3669 3674//3670
f 3667//3663 3673//3669 3672//3668 3669//3665
f 3635//3631 3673//3669 3667//3663 3632//3628
f 3636//3632 3674//3670 3673//3669 3635//3631
f 3675//3671 3676//3672 3677//3673 3678//3674
f 3679//3675 3677//3673 3676//3672 3680//3676
f 3581//3577 3580//3576 3677//3673 3679//3675
f 3580//3576 3578//3574 3678//3674
f 3681//3677 3682//3678 3683//3679 3684//3680
f 3685//3681 3683//3679 3682//3678 3686//3682
f 3680//3676 3676//3672 3683//3679 3685//3681
f 3684//3680 3683//3679 3676//3672 3675//3671
f 3680//3676 3687//3683 3688//3684 3679//3675
f 3689//3685 3688//3684 3687//3683 3690//3686
f 3585//3581 3583//3579 3688//3684 3689//3685
f 3679//3675 3688//3684 3583//3579 3581//3577
f 3686//3682 3691//3687 3692//3688 3685//3681
f 3693//3689 3692//3688 3691//3687 3694//3690
f 3690//3686 3687//3683 3692//3688 3693//3689
f 3685//3681 3692//3688 3687//3683 3680//3676
f 3695//3691 3696//3692 3697//3693 3698//3694
f 3699//3695 3697//3693 3696//3692 3700//3696
f 3694//3690 3691//3687 3697//3693 3699//3695
f 3698//3694 3697//3693 3691//3687 3686//3682
f 3690//3686 3701//3697 3702//3698 3689//3685
f 3703//3699 3702//3698 3701//3697 3704//3700
f 3589//3585 3587//3583 3702//3698 3703//3699
f 3689//3685 3702//3698 3587//3583 3585//3581
f 3705//3701 3706//3702 3707//3703 3708//3704
f 3699//3695 3707//3703 3706//3702 3694//3690
f 3700//3696 3709//3705 3707//3703 3699//3695
f 3708//3704 3707//3703 3709//3705 3710//3706
f 3694//3690 3706//3702 3711//3707 3693//3689
f 3712//3708 3711//3707 3706//3702 3705//3701
f 3704//3700 3701//3697 3711//3707 3712//3708
f 3693//3689 3711//3707 3701//3697 3690//3686
f 3713//3709 3714//3710 3703//3699 3704//3700
f 3713//3709 3715//3711 3716//3712
f 3595//3591 3593//3589 3714//3710 3716//3712
f 3703//3699 3714//3710 3593//3589 3589//3585
f 3717//3713 3716//3712 3715//3711
f 3718//3714 3717//3713 3719//3715 3720//3716
f 3599//3595 3602//3598 3717//3713 3718//3714
f 3716//3712 3717//3713 3602//3598 3595//3591
f 3705//3701 3721//3717 3722//3718 3712//3708
f 3723//3719 3722//3718 3721//3717 3724//3720
f 3715//3711 3713//3709 3722//3718 3723//3719
f 3712//3708 3722//3718 3713//3709 3704//3700
f 3710//3706 3725//3721 3726//3722 3708//3704
f 3727//3723 3726//3722 3725//3721 3728//3724
f 3724//3720 3721//3717 3726//3722 3727//3723
f 3708//3704 3726//3722 3721//3717 3705//3701
f 3724//3720 3729//3725 3730//3726 3723//3719
f 3731//3727 3730//3726 3729//3725 3732//3728
f 3720//3716 3719//3715 3730//3726 3731//3727
f 3723//3719 3730//3726 3719//3715 3715//3711
f 3728//3724 3733//3729 3734//3730 3727//3723
f 3735//3731 3734//3730 3733//3729 3736//3732
f 3732//3728 3729//3725 3734//3730 3735//3731
f 3727//3723 3734//3730 3729//3725 3724//3720
f 3732//3728 3737//3733 3738//3734 3731//3727
f 3739//3735 3738//3734 3737//3733 3740//3736
f 3741//3737 3742//3738 3738//3734 3739//3735
f 3731//3727 3738//3734 3742//3738 3720//3716
f 3736//3732 3743//3739 3744//3740 3735//3731
f 3745//3741 3744//3740 3743//3739 3746//3742
f 3740//3736 3737//3733 3744//3740 3745//3741
f 3735//3731 3744//3740 3737//3733 3732//3728
f 3746//3742 3747//3743 3748//3744 3745//3741
f 3749//3745 3748//3744 3747//3743 3750//3746
f 3751//3747 3752//3748 3748//3744 3749//3745
f 3745//3741 3748//3744 3752//3748 3740//3736
f 3753//3749 3754//3750 3755//3751 3756//3752
f 3749//3745 3755//3751 3754//3750 3751//3747
f 3750//3746 3757//3753 3755//3751 3749//3745
f 3756//3752 3755//3751 3757//3753 3758//3754
f 3758//3754 3759//3755 3760//3756 3756//3752
f 3761//3757 3760//3756 3759//3755 3762//3758
f 3763//3759 3764//3760 3760//3756 3761//3757
f 3756//3752 3760//3756 3764//3760 3753//3749
f 3657//3653 3655//3651 3765//3761 3766//3762
f 3767//3763 3765//3761 3655//3651 3651//3647
f 3768//3764 3769//3765 3765//3761 3767//3763
f 3766//3762 3765//3761 3769//3765 3770//3766
f 3662//3658 3771//3767 3767//3763 3651//3647
f 3772//3768 3771//3767 3662//3658 3661//3657
f 3773//3769 3774//3770 3771//3767 3772//3768
f 3767//3763 3771//3767 3774//3770 3768//3764
f 3661//3657 3666//3662 3775//3771 3772//3768
f 3776//3772 3775//3771 3666//3662 3665//3661
f 3777//3773 3778//3774 3775//3771 3776//3772
f 3772//3768 3775//3771 3778//3774 3773//3769
f 3665//3661 3670//3666 3779//3775 3776//3772
f 3780//3776 3779//3775 3670//3666 3669//3665
f 3781//3777 3782//3778 3779//3775 3780//3776
f 3776//3772 3779//3775 3782//3778 3777//3773
f 3777//3773 3782//3778 3783//3779 3784//3780
f 3785//3781 3783//3779 3782//3778 3781//3777
f 3786//3782 3787//3783 3783//3779 3785//3781
f 3784//3780 3783//3779 3787//3783 3788//3784
f 3789//3785 3790//3786 3791//3787 3792//3788
f 3793//3789 3791//3787 3790//3786 3794//3790
f 3700//3696 3696//3692 3791//3787 3793//3789
f 3792//3788 3791//3787 3696//3692 3695//3691
f 3794//3790 3795//3791 3796//3792 3793//3789
f 3797//3793 3796//3792 3795//3791 3798//3794
f 3710//3706 3709//3705 3796//3792 3797//3793
f 3793//3789 3796//3792 3709//3705 3700//3696
f 3798//3794 3799//3795 3800//3796 3797//3793
f 3801//3797 3800//3796 3799//3795 3802//3798
f 3728//3724 3725//3721 3800//3796 3801//3797
f 3797//3793 3800//3796 3725//3721 3710//3706
f 3802//3798 3803//3799 3804//3800 3801//3797
f 3805//3801 3804//3800 3803//3799 3806//3802
f 3736//3732 3733//3729 3804//3800 3805//3801
f 3801//3797 3804//3800 3733//3729 3728//3724
f 3806//3802 3807//3803 3808//3804 3805//3801
f 3809//3805 3808//3804 3807//3803 3810//3806
f 3746//3742 3743//3739 3808//3804 3809//3805
f 3805//3801 3808//3804 3743//3739 3736//3732
f 3810//3806 3811//3807 3812//3808 3809//3805
f 3813//3809 3812//3808 3811//3807 3814//3810
f 3750//3746 3747//3743 3812//3808 3813//3809
f 3809//3805 3812//3808 3747//3743 3746//3742
f 3814//3810 3815//3811 3816//3812 3813//3809
f 3817//3813 3816//3812 3815//3811 3818//3814
f 3758//3754 3757//3753 3816//3812 3817//3813
f 3813//3809 3816//3812 3757//3753 3750//3746
f 3818//3814 3819//3815 3820//3816 3817//3813
f 3821//3817 3820//3816 3819//3815 3822//3818
f 3762//3758 3759//3755 3820//3816 3821//3817
f 3817//3813 3820//3816 3759//3755 3758//3754
f 3823//3819 3824//3820 3825//3821 3826//3822
f 3827//3823 3825//3821 3824//3820 3828//3824
f 3789//3785 3829//3825 3825//3821 3827//3823
f 3826//3822 3825//3821 3829//3825 3830//3826
f 3828//3824 3831//3827 3832//3828 3827//3823
f 3833//3829 3832//3828 3831//3827 3834//3830
f 3794//3790 3790//3786 3832//3828 3833//3829
f 3827//3823 3832//3828 3790//3786 3789//3785
f 3834//3830 3835//3831 3836//3832 3833//3829
f 3837//3833 3836//3832 3835//3831 3838//3834
f 3798//3794 3795//3791 3836//3832 3837//3833
f 3833//3829 3836//3832 3795//3791 3794//3790
f 3838//3834 3839//3835 3840//3836 3837//3833
f 3841//3837 3840//3836 3839//3835 3842//3838
f 3802//3798 3799//3795 3840//3836 3841//3837
f 3837//3833 3840//3836 3799//3795 3798//3794
f 3842//3838 3843//3839 3844//3840 3841//3837
f 3845//3841 3844//3840 3843//3839 3846//3842
f 3806//3802 3803//3799 3844//3840 3845//3841
f 3841//3837 3844//3840 3803//3799 3802//3798
f 3846//3842 3847//3843 3848//3844 3845//3841
f 3849//3845 3848//3844 3847//3843 3850//3846
f 3810//3806 3807//3803 3848//3844 3849//3845
f 3845//3841 3848//3844 3807//3803 3806//3802
f 3850//3846 3851//3847 3852//3848 3849//3845
f 3853//3849 3852//3848 3851//3847 3854//3850
f 3814//3810 3811//3807 3852//3848 3853//3849
f 3849//3845 3852//3848 3811//3807 3810//3806
f 3854//3850 3855//3851 3856//3852 3853//3849
f 3857//3853 3856//3852 3855//3851 3858//3854
f 3818//3814 3815//3811 3856//3852 3857//3853
f 3853//3849 3856//3852 3815//3811 3814//3810
f 3859//3855 3860//3856 3861//3857 3862//3858
f 3863//3859 3861//3857 3860//3856 3864//3860
f 3823//3819 3865//3861 3861//3857 3863//3859
f 3862//3858 3861//3857 3865//3861 3866//3862
f 3864//3860 3867//3863 3868//3864 3863//3859
f 3869//3865 3868//3864 3867//3863 3870//3866
f 3828//3824 3824//3820 3868//3864 3869//3865
f 3863//3859 3868//3864 3824//3820 3823//3819
f 3870//3866 3871//3867 3872//3868 3869//3865
f 3873//3869 3872//3868 3871//3867 3874//3870
f 3834//3830 3831//3827 3872//3868 3873//3869
f 3869//3865 3872//3868 3831//3827 3828//3824
f 3874//3870 3875//3871 3876//3872 3873//3869
f 3877//3873 3876//3872 3875//3871 3878//3874
f 3838//3834 3835//3831 3876//3872 3877//3873
f 3873//3869 3876//3872 3835//3831 3834//3830
f 3878//3874 3879//3875 3880//3876 3877//3873
f 3881//3877 3880//3876 3879//3875 3882//3878
f 3842//3838 3839//3835 3880//3876 3881//3877
f 3877//3873 3880//3876 3839//3835 3838//3834
f 3882//3878 3883//3879 3884//3880 3881//3877
f 3885//3881 3884//3880 3883//3879 3886//3882
f 3846//3842 3843//3839 3884//3880 3885//3881
f 3881//3877 3884//3880 3843//3839 3842//3838
f 3886//3882 3887//3883 3888//3884 3885//3881
f 3889//3885 3888//3884 3887//3883 3890//3886
f 3850//3846 3847//3843 3888//3884 3889//3885
f 3885//3881 3888//3884 3847//3843 3846//3842
f 3890//3886 3891//3887 3892//3888 3889//3885
f 3893//3889 3892//3888 3891//3887 3894//3890
f 3854//3850 3851//3847 3892//3888 3893//3889
f 3889//3885 3892//3888 3851//3847 3850//3846
f 3894//3890 3895//3891 3896//3892 3893//3889
f 3897//3893 3896//3892 3895//3891 3898//3894
f 3858//3854 3855//3851 3896//3892 3897//3893
f 3893//3889 3896//3892 3855//3851 3854//3850
f 3899//3895 3900//3896 3901//3897 3902//3898
f 3903//3899 3900//3896 3899//3895 3904//3900
f 3558//3554 3606//3602 3900//3896 3903//3899
f 3901//3897 3900//3896 3606//3602 3605//3601
f 3905//3901 3555//3551 3560//3556
f 3906//3902 3905//3901 3907//3903 3908//3904
f 3524//3520 3527//3523 3905//3901 3906//3902
f 3527//3523 3532//3528 3555//3551
f 3524//3520 3906//3902 3909//3905 3541//3537
f 3910//3906 3909//3905 3906//3902 3908//3904
f 3911//3907 3912//3908 3909//3905 3910//3906
f 3541//3537 3909//3905 3912//3908 3542//3538
f 3911//3907 3910//3906 3913//3909 3914//3910
f 3910//3906 3908//3904 3915//3911
f 3916//3912 3917//3913 3913//3909 3915//3911
f 3914//3910 3913//3909 3917//3913 3918//3914
f 3904//3900 3919//3915 3920//3916 3903//3899
f 3907//3903 3920//3916 3919//3915 3908//3904
f 3560//3556 3559//3555 3920//3916 3907//3903
f 3903//3899 3920//3916 3559//3555 3558//3554
f 3921//3917 3922//3918 3916//3912
f 3915//3911 3908//3904 3919//3915
f 3919//3915 3904//3900 3922//3918
f 3923//3919 3924//3920 3925//3921 3926//3922
f 3927//3923 3925//3921 3924//3920 3928//3924
f 3929//3925 3930//3926 3925//3921 3927//3923
f 3926//3922 3925//3921 3930//3926 3931//3927
f 3928//3924 3932//3928 3933//3929 3927//3923
f 3934//3930 3933//3929 3932//3928 3935//3931
f 3936//3932 3937//3933 3933//3929 3934//3930
f 3927//3923 3933//3929 3937//3933 3929//3925
f 3935//3931 3938//3934 3939//3935 3934//3930
f 3940//3936 3939//3935 3938//3934 3941//3937
f 3942//3938 3943//3939 3939//3935 3940//3936
f 3934//3930 3939//3935 3943//3939 3936//3932
f 3941//3937 3944//3940 3945//3941 3940//3936
f 3946//3942 3945//3941 3944//3940 3947//3943
f 3948//3944 3949//3945 3945//3941 3946//3942
f 3940//3936 3945//3941 3949//3945 3942//3938
f 3950//3946 3951//3947 3952//3948 3953//3949
f 3954//3950 3952//3948 3951//3947 3955//3951
f 3956//3952 3957//3953 3952//3948 3954//3950
f 3953//3949 3952//3948 3957//3953 3947//3943
f 3958//3954 3959//3955 3960//3956 3961//3957
f 3946//3942 3960//3956 3959//3955 3948//3944
f 3947//3943 3957//3953 3960//3956 3946//3942
f 3957//3953 3956//3952 3961//3957
f 3962//3958 3963//3959 3964//3960 3965//3961
f 3966//3962 3964//3960 3963//3959 3967//3963
f 3902//3898 3901//3897 3964//3960 3966//3962
f 3965//3961 3964//3960 3901//3897 3605//3601
f 3968//3964 3969//3965 3970//3966 3971//3967
f 3965//3961 3970//3966 3969//3965 3962//3958
f 3605//3601 3608//3604 3970//3966 3965//3961
f 3971//3967 3970//3966 3608//3604 3612//3608
f 3646//3642 3645//3641 3972//3968 3973//3969
f 3974//3970 3972//3968 3645//3641 3644//3640
f 3975//3971 3976//3972 3972//3968 3974//3970
f 3973//3969 3972//3968 3976//3972 3977//3973
f 3644//3640 3650//3646 3978//3974 3974//3970
f 3979//3975 3978//3974 3650//3646 3649//3645
f 3980//3976 3978//3974 3979//3975 3981//3977
f 3974//3970 3978//3974 3980//3976 3975//3971
f 3770//3766 3982//3978 3983//3979 3766//3762
f 3979//3975 3983//3979 3982//3978 3981//3977
f 3649//3645 3658//3654 3983//3979 3979//3975
f 3766//3762 3983//3979 3658//3654 3657//3653
f 3646//3642 3984//3980 3985//3981 3642//3638
f 3984//3980 3986//3982 3987//3983
f 3968//3964 3971//3967 3985//3981 3987//3983
f 3642//3638 3985//3981 3971//3967 3612//3608
f 3988//3984 3989//3985 3990//3986
f 3991//3987 3988//3984 3992//3988 3993//3989
f 3967//3963 3963//3959 3988//3984 3991//3987
f 3989//3985 3988//3984 3963//3959 3962//3958
f 3986//3982 3994//3990 3995//3991 3987//3983
f 3994//3990 3990//3986 3989//3985
f 3962//3958 3969//3965 3995//3991 3989//3985
f 3987//3983 3995//3991 3969//3965 3968//3964
f 3977//3973 3996//3992 3997//3993 3973//3969
f 3996//3992 3986//3982 3984//3980
f 3973//3969 3997//3993 3984//3980 3646//3642
f 3977//3973 3976//3972 3998//3994 3999//3995
f 4000//3996 3998//3994 3976//3972 3975//3971
f 4001//3997 4002//3998 3998//3994 4000//3996
f 3999//3995 3998//3994 4002//3998 4003//3999
f 3986//3982 3996//3992 4004//4000 4005//4001
f 3999//3995 4004//4000 3996//3992 3977//3973
f 4003//3999 4006//4002 4004//4000 3999//3995
f 4005//4001 4004//4000 4006//4002 4007//4003
f 4008//4004 4005//4001 4007//4003
f 4009//4005 4010//4006 4011//4007
f 4008//4004 4011//4007 3990//3986
f 3994//3990 3986//3982 4005//4001
f 4012//4008 4011//4007 4010//4006
f 4013//4009 4012//4008 4014//4010 4015//4011
f 3990//3986 4011//4007 4012//4008 4013//4009
f 4016//4012 4013//4009 4015//4011
f 4017//4013 4018//4014 4019//4015
f 3993//3989 3992//3988 4016//4012 4019//4015
f 4013//4009 4016//4012 3992//3988 3990//3986
f 4020//4016 4021//4017 4022//4018 4023//4019
f 4021//4017 4024//4020 4025//4021
f 4022//4018 4025//4021 4015//4011
f 4023//4019 4022//4018 4014//4010 4010//4006
f 4026//4022 4027//4023 4028//4024 4029//4025
f 4023//4019 4028//4024 4027//4023 4020//4016
f 4010//4006 4009//4005 4028//4024 4023//4019
f 4029//4025 4028//4024 4009//4005 4007//4003
f 4030//4026 4031//4027 4032//4028 4033//4029
f 4029//4025 4032//4028 4031//4027 4026//4022
f 4007//4003 4006//4002 4032//4028 4029//4025
f 4033//4029 4032//4028 4006//4002 4003//3999
f 4034//4030 4035//4031 4036//4032 4037//4033
f 4033//4029 4035//4031 4034//4030 4030//4026
f 4003//3999 4002//3998 4035//4031 4033//4029
f 4001//3997 4036//4032 4035//4031 4002//3998
f 4038//4034 4039//4035 4040//4036 4041//4037
f 4042//4038 4040//4036 4039//4035 4043//4039
f 4019//4015 4040//4036 4042//4038 3993//3989
f 4041//4037 4040//4036 4019//4015 4018//4014
f 3931//3927 3930//3926 4044//4040 4045//4041
f 4046//4042 4044//4040 3930//3926 3929//3925
f 4047//4043 4048//4044 4044//4040 4046//4042
f 4045//4041 4044//4040 4048//4044 4049//4045
f 4050//4046 4051//4047 4052//4048 4053//4049
f 4054//4050 4052//4048 4051//4047 4055//4051
f 4043//4039 4039//4035 4052//4048 4054//4050
f 4053//4049 4052//4048 4039//4035 4038//4034
f 4049//4045 4048//4044 4056//4052 4057//4053
f 4058//4054 4056//4052 4048//4044 4047//4043
f 4055//4051 4051//4047 4056//4052 4058//4054
f 4057//4053 4056//4052 4051//4047 4050//4046
f 3993//3989 4042//4038 4059//4055 3991//3987
f 4060//4056 4059//4055 4042//4038 4043//4039
f 4061//4057 4062//4058 4059//4055 4060//4056
f 3991//3987 4059//4055 4062//4058 3967//3963
f 3929//3925 3937//3933 4063//4059 4046//4042
f 4064//4060 4063//4059 3937//3933 3936//3932
f 4065//4061 4066//4062 4063//4059 4064//4060
f 4046//4042 4063//4059 4066//4062 4047//4043
f 4043//4039 4054//4050 4067//4063 4060//4056
f 4068//4064 4067//4063 4054//4050 4055//4051
f 4069//4065 4070//4066 4067//4063 4068//4064
f 4060//4056 4067//4063 4070//4066 4061//4057
f 4065//4061 4071//4067 4072//4068 4066//4062
f 4068//4064 4072//4068 4071//4067 4069//4065
f 4055//4051 4058//4054 4072//4068 4068//4064
f 4066//4062 4072//4068 4058//4054 4047//4043
f 3967//3963 4062//4058 4073//4069 3966//3962
f 4062//4058 4061//4057 4074//4070
f 4073//4069 4074//4070 4075//4071
f 3966//3962 4073//4069 4076//4072 3902//3898
f 3936//3932 3943//3939 4077//4073 4064//4060
f 4078//4074 4077//4073 3943//3939 3942//3938
f 4079//4075 4080//4076 4077//4073 4078//4074
f 4064//4060 4077//4073 4080//4076 4065//4061
f 4081//4077 4074//4070 4061//4057
f 4082//4078 4081//4077 4070//4066 4069//4065
f 4083//4079 4084//4080 4081//4077 4082//4078
f 4084//4080 4075//4071 4074//4070
f 4079//4075 4085//4081 4086//4082 4080//4076
f 4082//4078 4086//4082 4085//4081 4083//4079
f 4069//4065 4071//4067 4086//4082 4082//4078
f 4080//4076 4086//4082 4071//4067 4065//4061
f 4079//4075 4078//4074 4087//4083 4088//4084
f 3942//3938 3949//3945 4087//4083 4078//4074
f 4089//4085 4087//4083 3949//3945 3948//3944
f 4088//4084 4087//4083 4089//4085 4090//4086
f 3902//3898 4076//4072 4091//4087 3899//3895
f 4076//4072 4075//4071 4092//4088
f 4091//4087 4092//4088 4093//4089
f 3899//3895 4091//4087 4094//4090 3904//3900
f 4075//4071 4084//4080 4095//4091 4092//4088
f 4096//4092 4095//4091 4084//4080 4083//4079
f 4097//4093 4098//4094 4095//4091 4096//4092
f 4092//4088 4095//4091 4098//4094 4093//4089
f 4090//4086 4099//4095 4100//4096 4088//4084
f 4096//4092 4100//4096 4099//4095 4097//4093
f 4083//4079 4085//4081 4100//4096 4096//4092
f 4088//4084 4100//4096 4085//4081 4079//4075
f 4101//4097 4102//4098 3959//3955 3958//3954
f 4103//4099 4102//4098 4101//4097 4104//4100
f 4090//4086 4089//4085 4102//4098 4103//4099
f 3948//3944 3959//3955 4102//4098 4089//4085
f 4105//4101 4106//4102 4107//4103
f 3922//3918 4105//4101 4108//4104 3916//3912
f 4105//4101 3922//3918 3904//3900
f 4106//4102 4105//4101 4094//4090 4093//4089
f 4104//4100 4109//4105 4110//4106 4103//4099
f 4111//4107 4110//4106 4109//4105 4112//4108
f 4110//4106 4111//4107 4097//4093
f 4103//4099 4110//4106 4099//4095 4090//4086
f 4112//4108 4113//4109 4114//4110 4111//4107
f 4106//4102 4114//4110 4113//4109 4107//4103
f 4093//4089 4098//4094 4114//4110 4106//4102
f 4111//4107 4114//4110 4098//4094 4097//4093
f 3830//3826 4115//4111 4116//4112 3826//3822
f 4117//4113 4116//4112 4115//4111 4118//4114
f 3866//3862 3865//3861 4116//4112 4117//4113
f 3826//3822 4116//4112 3865//3861 3823//3819
f 4119//4115 4120//4116 4121//4117
f 3678//3674 4119//4115 4122//4118 3675//3671
f 4119//4115 3678//3674 3578//3574
f 4120//4116 4119//4115 3576//3572 3575//3571
f 4123//4119 4124//4120 4115//4111 3830//3826
f 4125//4121 4126//4122 4124//4120 4123//4119
f 4127//4123 4124//4120 4126//4122 4128//4124
f 4118//4114 4115//4111 4124//4120 4127//4123
f 3698//3694 4129//4125 4130//4126 3695//3691
f 3686//3682 3682//3678 4129//4125 3698//3694
f 3681//3677 4131//4127 4129//4125 3682//3678
f 4130//4126 4129//4125 4131//4127 4125//4121
f 4125//4121 4131//4127 4132//4128 4133//4129
f 3684//3680 4132//4128 4131//4127 3681//3677
f 3675//3671 4122//4118 4132//4128 3684//3680
f 4133//4129 4132//4128 4122//4118 4121//4117
f 4128//4124 4126//4122 4134//4130 4135//4131
f 4133//4129 4134//4130 4126//4122 4125//4121
f 4121//4117 4135//4131 4134//4130 4133//4129
f 3695//3691 4130//4126 4136//4132 3792//3788
f 4123//4119 4136//4132 4130//4126 4125//4121
f 3830//3826 3829//3825 4136//4132 4123//4119
f 3792//3788 4136//4132 3829//3825 3789//3785
f 3975//3971 3980//3976 4137//4133 4000//3996
f 4138//4134 4137//4133 3980//3976 3981//3977
f 4139//4135 4140//4136 4137//4133 4138//4134
f 4140//4136 4001//3997 4000//3996
f 4141//4137 4142//4138 4140//4136 4139//4135
f 4143//4139 4144//4140 4142//4138 4141//4137
f 4037//4033 4036//4032 4142//4138 4144//4140
f 4140//4136 4142//4138 4036//4032 4001//3997
f 4144//4140 4143//4139 4145//4141
f 4146//4142 4145//4141 4147//4143
f 4144//4140 4146//4142 4148//4144 4037//4033
f 4030//4026 4034//4030 4149//4145 4150//4146
f 4037//4033 4148//4144 4149//4145 4034//4030
f 4149//4145 4148//4144 4147//4143
f 4151//4147 4152//4148 4150//4146
f 4026//4022 4031//4027 4153//4149 4154//4150
f 4150//4146 4153//4149 4031//4027 4030//4026
f 4152//4148 4155//4151 4153//4149 4150//4146
f 4154//4150 4153//4149 4155//4151 4156//4152
f 4156//4152 4157//4153 4158//4154 4154//4150
f 4159//4155 4158//4154 4157//4153 4160//4156
f 4020//4016 4027//4023 4158//4154 4159//4155
f 4154//4150 4158//4154 4027//4023 4026//4022
f 4160//4156 4161//4157 4162//4158 4159//4155
f 4163//4159 4162//4158 4161//4157 4164//4160
f 4024//4020 4021//4017 4162//4158 4163//4159
f 4159//4155 4162//4158 4021//4017 4020//4016
f 4165//4161 4166//4162 4167//4163 4168//4164
f 4164//4160 4161//4157 4166//4162 4165//4161
f 4167//4163 4166//4162 4161//4157 4160//4156
f 4169//4165 4170//4166 4171//4167 4172//4168
f 4167//4163 4171//4167 4170//4166 4168//4164
f 4160//4156 4157//4153 4171//4167 4167//4163
f 4172//4168 4171//4167 4157//4153 4156//4152
f 4173//4169 4174//4170 4175//4171 4176//4172
f 4172//4168 4175//4171 4174//4170 4169//4165
f 4156//4152 4155//4151 4175//4171 4172//4168
f 4176//4172 4175//4171 4155//4151 4152//4148
f 4177//4173 4178//4174 4151//4147 4147//4143
f 4179//4175 4178//4174 4177//4173 4180//4176
f 4173//4169 4176//4172 4178//4174 4179//4175
f 4152//4148 4151//4147 4178//4174 4176//4172
f 4181//4177 4182//4178 4183//4179
f 4184//4180 4183//4179 4180//4176 4177//4173
f 4147//4143 4145//4141 4184//4180 4177//4173
f 4143//4139 4181//4177 4184//4180 4145//4141
f 4139//4135 4185//4181 4186//4182 4141//4137
f 4185//4181 4187//4183 4188//4184
f 4186//4182 4188//4184 4182//4178
f 4141//4137 4186//4182 4181//4177 4143//4139
f 4138//4134 4189//4185 4185//4181 4139//4135
f 4190//4186 4189//4185 4138//4134 3981//3977
f 4189//4185 4190//4186 4191//4187
f 4187//4183 4185//4181 4189//4185 4192//4188
f 4193//4189 4190//4186 3981//3977
f 3982//3978 3770//3766 4194//4190
f 4195//4191 4196//4192 4193//4189 4194//4190
f 4196//4192 4191//4187 4190//4186
f 3770//3766 3769//3765 4197//4193 4194//4190
f 4198//4194 4197//4193 3769//3765 3768//3764
f 4199//4195 4200//4196 4197//4193 4198//4194
f 4194//4190 4197//4193 4200//4196 4195//4191
f 3768//3764 3774//3770 4201//4197 4198//4194
f 4202//4198 4201//4197 3774//3770 3773//3769
f 4201//4197 4202//4198 4203//4199
f 4198//4194 4201//4197 4204//4200 4199//4195
f 3788//3784 4205//4201 4206//4202 3784//3780
f 4202//4198 4206//4202 4205//4201 4203//4199
f 3773//3769 3778//3774 4206//4202 4202//4198
f 3784//3780 4206//4202 3778//3774 3777//3773
f 4207//4203 4208//4204 4209//4205
f 4210//4206 4211//4207 4212//4208 4209//4205
f 4207//4203 4212//4208 4211//4207 4213//4209
f 4203//4199 4205//4201 4214//4210 4215//4211
f 4216//4212 4214//4210 4205//4201 3788//3784
f 4217//4213 4218//4214 4214//4210 4216//4212
f 4215//4211 4214//4210 4218//4214 4208//4204
f 3788//3784 3787//3783 4219//4215 4216//4212
f 4220//4216 4219//4215 3787//3783 3786//3782
f 4221//4217 4222//4218 4219//4215 4220//4216
f 4216//4212 4219//4215 4222//4218 4217//4213
f 3786//3782 4223//4219 4224//4220 4220//4216
f 4225//4221 4224//4220 4223//4219 4226//4222
f 4227//4223 4228//4224 4224//4220 4225//4221
f 4220//4216 4224//4220 4228//4224 4221//4217
f 4229//4225 4225//4221 4226//4222
f 4230//4226 4229//4225 4231//4227 4232//4228
f 4233//4229 4229//4225 4230//4226 4234//4230
f 4229//4225 4233//4229 4227//4223
f 3669//3665 3672//3668 4235//4231 3780//3776
f 4236//4232 4235//4231 3672//3668 3671//3667
f 4237//4233 4238//4234 4235//4231 4236//4232
f 3780//3776 4235//4231 4238//4234 3781//3777
f 3781//3777 4238//4234 4239//4235 3785//3781
f 4240//4236 4239//4235 4238//4234 4237//4233
f 4239//4235 4240//4236 4226//4222
f 4223//4219 3786//3782 3785//3781
f 4237//4233 4241//4237 4242//4238 4240//4236
f 4243//4239 4242//4238 4241//4237 4244//4240
f 4232//4228 4231//4227 4242//4238 4243//4239
f 4240//4236 4242//4238 4231//4227 4226//4222
f 4245//4241 3674//3670 3636//3632 3639//3635
f 3640//3636 4246//4242 4245//4241 3639//3635
f 4247//4243 4248//4244 4245//4241 4246//4242
f 3674//3670 4245//4241 4248//4244 3671//3667
f 3671//3667 4248//4244 4249//4245 4236//4232
f 4250//4246 4249//4245 4248//4244 4247//4243
f 4244//4240 4241//4237 4249//4245 4250//4246
f 4236//4232 4249//4245 4241//4237 4237//4233
f 4244//4240 4250//4246 4251//4247 4252//4248
f 4247//4243 4253//4249 4251//4247 4250//4246
f 4254//4250 4252//4248 4251//4247 4253//4249
f 4232//4228 4243//4239 4255//4251 4256//4252
f 4252//4248 4255//4251 4243//4239 4244//4240
f 4254//4250 4257//4253 4255//4251 4252//4248
f 4256//4252 4255//4251 4257//4253 4258//4254
f 4259//4255 4209//4205 4208//4204
f 4260//4256 4259//4255 4218//4214 4217//4213
f 4261//4257 4262//4258 4259//4255 4260//4256
f 4262//4258 4210//4206 4209//4205
f 4263//4259 4264//4260 4265//4261 4266//4262
f 4267//4263 4265//4261 4264//4260 4210//4206
f 4268//4264 4269//4265 4265//4261 4267//4263
f 4266//4262 4265//4261 4269//4265 4270//4266
f 4261//4257 4271//4267 4272//4268 4262//4258
f 4267//4263 4272//4268 4271//4267 4268//4264
f 4267//4263 4210//4206 4262//4258
f 4217//4213 4222//4218 4273//4269 4260//4256
f 4274//4270 4273//4269 4222//4218 4221//4217
f 4275//4271 4276//4272 4273//4269 4274//4270
f 4260//4256 4273//4269 4276//4272 4261//4257
f 4275//4271 4277//4273 4278//4274 4276//4272
f 4279//4275 4278//4274 4277//4273 4280//4276
f 4268//4264 4271//4267 4278//4274 4279//4275
f 4276//4272 4278//4274 4271//4267 4261//4257
f 4280//4276 4281//4277 4282//4278 4279//4275
f 4283//4279 4282//4278 4281//4277 4284//4280
f 4270//4266 4269//4265 4282//4278 4283//4279
f 4279//4275 4282//4278 4269//4265 4268//4264
f 4285//4281 4274//4270 4221//4217
f 4227//4223 4286//4282 4285//4281 4228//4224
f 4287//4283 4285//4281 4286//4282 4288//4284
f 4274//4270 4285//4281 4287//4283 4275//4271
f 4288//4284 4289//4285 4290//4286 4287//4283
f 4291//4287 4290//4286 4289//4285 4292//4288
f 4280//4276 4277//4273 4290//4286 4291//4287
f 4287//4283 4290//4286 4277//4273 4275//4271
f 4292//4288 4293//4289 4294//4290 4291//4287
f 4295//4291 4294//4290 4293//4289 4296//4292
f 4284//4280 4281//4277 4294//4290 4295//4291
f 4291//4287 4294//4290 4281//4277 4280//4276
f 4263//4259 4266//4262 4297//4293 4298//4294
f 4270//4266 4299//4295 4297//4293 4266//4262
f 4300//4296 4301//4297 4297//4293 4299//4295
f 4298//4294 4297//4293 4301//4297 4302//4298
f 4283//4279 4303//4299 4299//4295 4270//4266
f 4304//4300 4303//4299 4283//4279 4284//4280
f 4305//4301 4306//4302 4303//4299 4304//4300
f 4299//4295 4303//4299 4306//4302 4300//4296
f 4284//4280 4295//4291 4307//4303 4304//4300
f 4308//4304 4307//4303 4295//4291 4296//4292
f 4309//4305 4310//4306 4307//4303 4308//4304
f 4304//4300 4307//4303 4310//4306 4305//4301
f 4296//4292 4311//4307 4312//4308 4308//4304
f 4313//4309 4312//4308 4311//4307 4314//4310
f 4315//4311 4316//4312 4312//4308 4313//4309
f 4308//4304 4312//4308 4316//4312 4309//4305
f 4309//4305 4316//4312 4317//4313 4318//4314
f 4319//4315 4317//4313 4316//4312 4315//4311
f 4320//4316 4321//4317 4317//4313 4319//4315
f 4318//4314 4317//4313 4321//4317 4322//4318
f 4323//4319 4213//4209 4324//4320
f 4325//4321 4326//4322 4327//4323 4324//4320
f 4326//4322 4328//4324 4323//4319
f 4329//4325 4324//4320 4213//4209
f 4330//4326 4329//4325 4211//4207 4210//4206
f 4331//4327 4332//4328 4329//4325 4330//4326
f 4324//4320 4329//4325 4332//4328 4325//4321
f 4302//4298 4333//4329 4334//4330 4298//4294
f 4330//4326 4334//4330 4333//4329 4331//4327
f 4210//4206 4264//4260 4334//4330 4330//4326
f 4298//4294 4334//4330 4264//4260 4263//4259
f 4335//4331 4336//4332 4333//4329 4302//4298
f 4337//4333 4338//4334 4336//4332 4335//4331
f 4333//4329 4336//4332 4338//4334 4331//4327
f 4302//4298 4301//4297 4339//4335 4335//4331
f 4340//4336 4339//4335 4301//4297 4300//4296
f 4341//4337 4342//4338 4339//4335 4340//4336
f 4335//4331 4339//4335 4342//4338 4337//4333
f 4300//4296 4306//4302 4343//4339 4340//4336
f 4344//4340 4343//4339 4306//4302 4305//4301
f 4345//4341 4346//4342 4343//4339 4344//4340
f 4340//4336 4343//4339 4346//4342 4341//4337
f 4322//4318 4347//4343 4348//4344 4318//4314
f 4344//4340 4348//4344 4347//4343 4345//4341
f 4305//4301 4310//4306 4348//4344 4344//4340
f 4318//4314 4348//4344 4310//4306 4309//4305
f 4328//4324 4326//4322 4349//4345 4350//4346
f 4351//4347 4349//4345 4326//4322 4325//4321
f 4352//4348 4353//4349 4349//4345 4351//4347
f 4350//4346 4349//4345 4353//4349 4354//4350
f 4325//4321 4332//4328 4355//4351 4351//4347
f 4356//4352 4355//4351 4332//4328 4331//4327
f 4357//4353 4358//4354 4355//4351 4356//4352
f 4351//4347 4355//4351 4358//4354 4352//4348
f 4359//4355 4360//4356 4361//4357 4362//4358
f 4352//4348 4358//4354 4359//4355 4362//4358
f 4358//4354 4357//4353 4363//4359
f 4360//4356 4359//4355 4363//4359 4364//4360
f 4331//4327 4338//4334 4365//4361 4356//4352
f 4366//4362 4365//4361 4338//4334 4337//4333
f 4367//4363 4368//4364 4365//4361 4366//4362
f 4356//4352 4365//4361 4368//4364 4357//4353
f 4369//4365 4370//4366 4368//4364 4367//4363
f 4371//4367 4370//4366 4369//4365 4372//4368
f 4364//4360 4363//4359 4370//4366 4371//4367
f 4357//4353 4368//4364 4370//4366 4363//4359
f 4337//4333 4342//4338 4373//4369 4366//4362
f 4374//4370 4373//4369 4342//4338 4341//4337
f 4375//4371 4376//4372 4373//4369 4374//4370
f 4366//4362 4373//4369 4376//4372 4367//4363
f 4377//4373 4378//4374 4379//4375 4380//4376
f 4369//4365 4379//4375 4378//4374 4372//4368
f 4367//4363 4376//4372 4379//4375 4369//4365
f 4380//4376 4379//4375 4376//4372 4375//4371
f 4341//4337 4346//4342 4381//4377 4374//4370
f 4382//4378 4381//4377 4346//4342 4345//4341
f 4381//4377 4382//4378 4383//4379 4384//4380
f 4374//4370 4381//4377 4384//4380 4375//4371
f 4385//4381 4386//4382 4387//4383 4388//4384
f 4386//4382 4377//4373 4380//4376
f 4375//4371 4384//4380 4387//4383 4380//4376
f 4388//4384 4387//4383 4384//4380 4383//4379
f 866//866 4389//4385 4390//4386 867//867
f 4391//4387 4390//4386 4389//4385 4392//4388
f 4393//4389 4394//4390 4390//4386 4391//4387
f 867//867 4390//4386 4394//4390 871//871
f 4395//4391 4396//4392 4397//4393 4398//4394
f 882//882 4397//4393 4396//4392 883//883
f 881//881 4399//4395 4397//4393 882//882
f 4398//4394 4397//4393 4399//4395 4400//4396
f 4401//4397 4402//4398 4403//4399 4404//4400
f 888//888 4403//4399 4402//4398 889//889
f 883//883 4396//4392 4403//4399 888//888
f 4404//4400 4403//4399 4396//4392 4395//4391
f 889//889 4402//4398 4405//4401 890//890
f 4406//4402 4405//4401 4402//4398 4401//4397
f 4392//4388 4389//4385 4405//4401 4406//4402
f 890//890 4405//4401 4389//4385 866//866
f 4400//4396 4407//4403 4408//4404 4398//4394
f 4409//4405 4408//4404 4407//4403 4410//4406
f 4411//4407 4412//4408 4408//4404 4409//4405
f 4398//4394 4408//4404 4412//4408 4395//4391
f 4413//4409 4414//4410 4415//4411 4416//4412
f 4404//4400 4415//4411 4414//4410 4401//4397
f 4395//4391 4412//4408 4415//4411 4404//4400
f 4416//4412 4415//4411 4412//4408 4411//4407
f 4401//4397 4414//4410 4417//4413 4406//4402
f 4418//4414 4417//4413 4414//4410 4413//4409
f 4419//4415 4420//4416 4417//4413 4418//4414
f 4420//4416 4392//4388 4406//4402
f 4410//4406 4421//4417 4422//4418 4409//4405
f 4423//4419 4422//4418 4421//4417 4424//4420
f 4425//4421 4426//4422 4422//4418 4423//4419
f 4409//4405 4422//4418 4426//4422 4411//4407
f 4354//4350 4427//4423 4428//4424 4350//4346
f 4429//4425 4428//4424 4427//4423 4430//4426
f 4431//4427 4432//4428 4428//4424 4429//4425
f 4350//4346 4428//4424 4432//4428 4328//4324
f 4424//4420 4433//4429 4434//4430 4423//4419
f 4435//4431 4434//4430 4433//4429 4436//4432
f 4437//4433 4438//4434 4434//4430 4435//4431
f 4423//4419 4434//4430 4438//4434 4425//4421
f 4439//4435 4440//4436 4441//4437 4442//4438
f 4416//4412 4441//4437 4440//4436 4413//4409
f 4411//4407 4426//4422 4441//4437 4416//4412
f 4442//4438 4441//4437 4426//4422 4425//4421
f 4437//4433 4443//4439 4444//4440 4438//4434
f 4444//4440 4443//4439 4439//4435
f 4425//4421 4438//4434 4444//4440 4442//4438
f 4413//4409 4440//4436 4445//4441 4418//4414
f 4446//4442 4445//4441 4440//4436 4439//4435
f 4445//4441 4446//4442 4447//4443
f 4418//4414 4445//4441 4448//4444 4419//4415
f 4449//4445 4446//4442 4439//4435
f 4443//4439 4437//4433 4450//4446
f 4451//4447 4452//4448 4449//4445 4450//4446
f 4452//4448 4447//4443 4446//4442
f 4430//4426 4453//4449 4454//4450 4429//4425
f 4435//4431 4454//4450 4453//4449 4437//4433
f 4436//4432 4455//4451 4454//4450 4435//4431
f 4429//4425 4454//4450 4455//4451 4431//4427
f 4392//4388 4420//4416 4456//4452 4391//4387
f 4457//4453 4456//4452 4420//4416 4419//4415
f 4458//4454 4459//4455 4456//4452 4457//4453
f 4391//4387 4456//4452 4459//4455 4393//4389
f 4419//4415 4448//4444 4460//4456 4457//4453
f 4461//4457 4460//4456 4448//4444 4447//4443
f 4462//4458 4463//4459 4460//4456 4461//4457
f 4463//4459 4458//4454 4457//4453
f 4462//4458 4464//4460 4465//4461 4463//4459
f 4466//4462 4465//4461 4464//4460 4467//4463
f 4468//4464 4469//4465 4465//4461 4466//4462
f 4469//4465 4458//4454 4463//4459
f 4470//4466 4471//4467 4472//4468 4473//4469
f 4450//4446 4472//4468 4471//4467 4451//4447
f 4437//4433 4453//4449 4472//4468 4450//4446
f 4473//4469 4472//4468 4453//4449 4430//4426
f 4451//4447 4471//4467 4474//4470 4452//4448
f 4475//4471 4474//4470 4471//4467 4470//4466
f 4462//4458 4461//4457 4474//4470 4475//4471
f 4452//4448 4474//4470 4461//4457 4447//4443
f 4354//4350 4353//4349 4476//4472 4477//4473
f 4362//4358 4476//4472 4353//4349 4352//4348
f 4361//4357 4478//4474 4476//4472 4362//4358
f 4477//4473 4476//4472 4478//4474 4479//4475
f 4480//4476 4481//4477 4482//4478 4483//4479
f 4481//4477 4467//4463 4464//4460
f 4475//4471 4482//4478 4464//4460 4462//4458
f 4475//4471 4470//4466 4483//4479
f 4479//4475 4484//4480 4485//4481 4477//4473
f 4473//4469 4485//4481 4484//4480 4470//4466
f 4430//4426 4427//4423 4485//4481 4473//4469
f 4427//4423 4354//4350 4477//4473
f 4486//4482 4487//4483 4484//4480 4479//4475
f 4480//4476 4483//4479 4487//4483 4486//4482
f 4470//4466 4484//4480 4487//4483 4483//4479
f 4488//4484 4489//4485 4490//4486 4491//4487
f 4492//4488 4490//4486 4489//4485 4493//4489
f 3864//3860 3860//3856 4490//4486 4492//4488
f 4491//4487 4490//4486 3860//3856 3859//3855
f 4493//4489 4494//4490 4495//4491 4492//4488
f 4496//4492 4495//4491 4494//4490 4497//4493
f 3870//3866 3867//3863 4495//4491 4496//4492
f 4492//4488 4495//4491 3867//3863 3864//3860
f 4498//4494 4499//4495 4500//4496 4501//4497
f 3874//3870 3871//3867 4500//4496 4499//4495
f 4496//4492 4500//4496 3871//3867 3870//3866
f 4501//4497 4500//4496 4496//4492 4497//4493
f 4498//4494 4502//4498 4503//4499 4499//4495
f 4504//4500 4503//4499 4502//4498 4505//4501
f 3878//3874 3875//3871 4503//4499 4504//4500
f 4499//4495 4503//4499 3875//3871 3874//3870
f 4505//4501 4506//4502 4507//4503 4504//4500
f 4508//4504 4507//4503 4506//4502 4509//4505
f 3882//3878 3879//3875 4507//4503 4508//4504
f 4504//4500 4507//4503 3879//3875 3878//3874
f 4509//4505 4510//4506 4511//4507 4508//4504
f 4512//4508 4511//4507 4510//4506 4513//4509
f 3886//3882 3883//3879 4511//4507 4512//4508
f 4508//4504 4511//4507 3883//3879 3882//3878
f 4513//4509 4514//4510 4515//4511 4512//4508
f 4516//4512 4515//4511 4514//4510 4517//4513
f 3890//3886 3887//3883 4515//4511 4516//4512
f 4512//4508 4515//4511 3887//3883 3886//3882
f 4517//4513 4518//4514 4519//4515 4516//4512
f 4520//4516 4519//4515 4518//4514 4521//4517
f 3894//3890 3891//3887 4519//4515 4520//4516
f 4516//4512 4519//4515 3891//3887 3890//3886
f 4522//4518 4523//4519 4524//4520 4525//4521
f 3895//3891 4524//4520 4523//4519 3898//3894
f 4520//4516 4524//4520 3895//3891 3894//3890
f 4525//4521 4524//4520 4520//4516 4521//4517
f 4526//4522 4527//4523 4528//4524 4529//4525
f 4530//4526 4531//4527 4527//4523 4526//4522
f 4525//4521 4527//4523 4531//4527 4522//4518
f 4528//4524 4527//4523 4525//4521 4521//4517
f 4532//4528 4533//4529 4534//4530 4535//4531
f 4489//4485 4534//4530 4533//4529 4493//4489
f 4488//4484 4536//4532 4534//4530 4489//4485
f 4535//4531 4534//4530 4536//4532 4537//4533
f 4538//4534 4539//4535 4540//4536 4541//4537
f 4494//4490 4540//4536 4539//4535 4497//4493
f 4493//4489 4533//4529 4540//4536 4494//4490
f 4541//4537 4540//4536 4533//4529 4532//4528
f 4542//4538 4543//4539 4544//4540 4545//4541
f 4501//4497 4544//4540 4543//4539 4498//4494
f 4497//4493 4539//4535 4544//4540 4501//4497
f 4545//4541 4544//4540 4539//4535 4538//4534
f 4546//4542 4547//4543 4548//4544 4549//4545
f 4505//4501 4502//4498 4548//4544 4547//4543
f 4498//4494 4543//4539 4548//4544 4502//4498
f 4549//4545 4548//4544 4543//4539 4542//4538
f 4550//4546 4551//4547 4552//4548 4553//4549
f 4509//4505 4506//4502 4552//4548 4551//4547
f 4547//4543 4552//4548 4506//4502 4505//4501
f 4553//4549 4552//4548 4547//4543 4546//4542
f 4554//4550 4555//4551 4556//4552 4557//4553
f 4513//4509 4510//4506 4556//4552 4555//4551
f 4551//4547 4556//4552 4510//4506 4509//4505
f 4557//4553 4556//4552 4551//4547 4550//4546
f 4554//4550 4558//4554 4559//4555 4555//4551
f 4560//4556 4559//4555 4558//4554 4561//4557
f 4517//4513 4514//4510 4559//4555 4560//4556
f 4555//4551 4559//4555 4514//4510 4513//4509
f 4562//4558 4563//4559 4564//4560
f 4518//4514 4565//4561 4564//4560 4521//4517
f 4560//4556 4565//4561 4518//4514 4517//4513
f 4561//4557 4562//4558 4565//4561 4560//4556
f 4563//4559 4566//4562 4567//4563 4564//4560
f 4568//4564 4567//4563 4566//4562 4569//4565
f 4529//4525 4528//4524 4567//4563 4568//4564
f 4564//4560 4567//4563 4528//4524 4521//4517
f 4537//4533 4570//4566 4571//4567 4535//4531
f 4572//4568 4571//4567 4570//4566 4573//4569
f 4574//4570 4575//4571 4571//4567 4572//4568
f 4535//4531 4571//4567 4575//4571 4532//4528
f 4532//4528 4575//4571 4576//4572 4541//4537
f 4577//4573 4576//4572 4575//4571 4574//4570
f 4578//4574 4579//4575 4576//4572 4577//4573
f 4541//4537 4576//4572 4579//4575 4538//4534
f 4538//4534 4579//4575 4580//4576 4545//4541
f 4581//4577 4580//4576 4579//4575 4578//4574
f 4582//4578 4583//4579 4580//4576 4581//4577
f 4545//4541 4580//4576 4583//4579 4542//4538
f 4542//4538 4583//4579 4584//4580 4549//4545
f 4585//4581 4584//4580 4583//4579 4582//4578
f 4586//4582 4587//4583 4584//4580 4585//4581
f 4549//4545 4584//4580 4587//4583 4546//4542
f 4588//4584 4589//4585 4590//4586 4591//4587
f 4572//4568 4590//4586 4589//4585 4574//4570
f 4573//4569 4592//4588 4590//4586 4572//4568
f 4591//4587 4590//4586 4592//4588 4593//4589
f 4594//4590 4595//4591 4596//4592 4597//4593
f 4577//4573 4594//4590 4597//4593 4578//4574
f 4574//4570 4589//4585 4594//4590 4577//4573
f 4595//4591 4594//4590 4589//4585 4588//4584
f 4598//4594 4599//4595 4600//4596 4601//4597
f 4581//4577 4599//4595 4598//4594 4582//4578
f 4578//4574 4597//4593 4599//4595 4581//4577
f 4596//4592 4600//4596 4599//4595 4597//4593
f 4602//4598 4603//4599 1090//1090 1089//1089
f 4604//4600 4602//4598 1089//1089 1096//1096
f 4605//4601 4602//4598 4604//4600 4606//4602
f 4607//4603 4603//4599 4602//4598 4605//4601
f 1096//1096 1098//1098 4608//4604 4604//4600
f 4609//4605 4608//4604 1098//1098 1102//1102
f 4610//4606 4611//4607 4608//4604 4609//4605
f 4604//4600 4608//4604 4611//4607 4606//4602
f 1102//1102 1104//1104 4612//4608 4609//4605
f 4613//4609 4612//4608 1104//1104 1108//1108
f 4614//4610 4615//4611 4612//4608 4613//4609
f 4609//4605 4612//4608 4615//4611 4610//4606
f 1108//1108 1110//1110 4616//4612 4613//4609
f 4617//4613 4616//4612 1110//1110 1114//1114
f 4618//4614 4619//4615 4616//4612 4617//4613
f 4613//4609 4616//4612 4619//4615 4614//4610
f 1114//1114 1116//1116 4620//4616 4617//4613
f 4621//4617 4620//4616 1116//1116 1120//1120
f 4622//4618 4623//4619 4620//4616 4621//4617
f 4617//4613 4620//4616 4623//4619 4618//4614
f 1120//1120 1122//1122 4624//4620 4621//4617
f 4625//4621 4624//4620 1122//1122 1126//1126
f 4626//4622 4627//4623 4624//4620 4625//4621
f 4621//4617 4624//4620 4627//4623 4622//4618
f 4628//4624 1130//1130 1129//1129 4629//4625
f 4630//4626 4631//4627 4628//4624 4629//4625
f 4625//4621 4628//4624 4631//4627 4626//4622
f 4628//4624 4625//4621 1126//1126 1130//1130
f 1129//1129 1134//1134 4632//4628 4629//4625
f 4633//4629 4632//4628 1134//1134 1138//1138
f 4634//4630 4635//4631 4632//4628 4633//4629
f 4629//4625 4632//4628 4635//4631 4630//4626
f 1139//1139 4636//4632 4637//4633 1140//1140
f 4638//4634 4639//4635 4637//4633 4636//4632
f 4633//4629 4637//4633 4639//4635 4634//4630
f 1140//1140 4637//4633 4633//4629 1138//1138
f 1146//1146 4640//4636 4636//4632 1139//1139
f 4641//4637 4640//4636 1146//1146 1150//1150
f 4642//4638 4643//4639 4640//4636 4641//4637
f 4636//4632 4640//4636 4643//4639 4638//4634
f 4644//4640 4645//4641 4646//4642 4647//4643
f 4611//4607 4646//4642 4645//4641 4606//4602
f 4648//4644 4646//4642 4611//4607 4610//4606
f 4647//4643 4646//4642 4648//4644 4649//4645
f 4649//4645 4650//4646 4651//4647 4652//4648
f 4653//4649 4651//4647 4650//4646 4654//4650
f 4596//4592 4595//4591 4651//4647 4653//4649
f 4652//4648 4651//4647 4595//4591 4588//4584
f 4654//4650 4650//4646 4655//4651 4656//4652
f 4648//4644 4655//4651 4650//4646 4649//4645
f 4610//4606 4615//4611 4655//4651 4648//4644
f 4656//4652 4655//4651 4615//4611 4614//4610
f 4654//4650 4657//4653 4658//4654 4653//4649
f 4659//4655 4658//4654 4657//4653 4660//4656
f 4601//4597 4600//4596 4658//4654 4659//4655
f 4653//4649 4658//4654 4600//4596 4596//4592
f 4660//4656 4657//4653 4661//4657 4662//4658
f 4656//4652 4661//4657 4657//4653 4654//4650
f 4614//4610 4619//4615 4661//4657 4656//4652
f 4662//4658 4661//4657 4619//4615 4618//4614
f 4663//4659 4664//4660 4665//4661 4666//4662
f 4662//4658 4665//4661 4664//4660 4660//4656
f 4618//4614 4623//4619 4665//4661 4662//4658
f 4666//4662 4665//4661 4623//4619 4622//4618
f 4667//4663 4668//4664 4627//4623 4626//4622
f 4669//4665 4670//4666 4668//4664 4667//4663
f 4666//4662 4668//4664 4670//4666 4663//4659
f 4622//4618 4627//4623 4668//4664 4666//4662
f 4671//4667 4672//4668 4673//4669 4674//4670
f 4667//4663 4673//4669 4672//4668 4669//4665
f 4626//4622 4631//4627 4673//4669 4667//4663
f 4674//4670 4673//4669 4631//4627 4630//4626
f 4675//4671 4676//4672 4677//4673 4678//4674
f 4674//4670 4677//4673 4676//4672 4671//4667
f 4630//4626 4635//4631 4677//4673 4674//4670
f 4678//4674 4677//4673 4635//4631 4634//4630
f 4679//4675 4680//4676 4681//4677 4682//4678
f 4678//4674 4681//4677 4680//4676 4675//4671
f 4634//4630 4639//4635 4681//4677 4678//4674
f 4682//4678 4681//4677 4639//4635 4638//4634
f 4683//4679 4684//4680 4685//4681
f 4686//4682 4683//4679 4687//4683 4688//4684
f 4644//4640 4689//4685 4683//4679 4686//4682
f 4684//4680 4683//4679 4689//4685 4593//4589
f 4606//4602 4645//4641 4690//4686 4605//4601
f 4686//4682 4690//4686 4645//4641 4644//4640
f 4688//4684 4691//4687 4690//4686 4686//4682
f 4605//4601 4690//4686 4691//4687 4607//4603
f 4593//4589 4689//4685 4692//4688 4591//4587
f 4647//4643 4692//4688 4689//4685 4644//4640
f 4649//4645 4652//4648 4692//4688 4647//4643
f 4591//4587 4692//4688 4652//4648 4588//4584
f 3918//3914 4693//4689 4694//4690 3914//3910
f 4695//4691 4694//4690 4693//4689 4696//4692
f 3542//3538 3912//3908 4694//4690 4695//4691
f 3914//3910 4694//4690 3912//3908 3911//3907
f 4697//4693 4698//4694 4695//4691 4696//4692
f 3574//3570 4698//4694 4697//4693 3575//3571
f 3544//3540 3543//3539 4698//4694 3574//3570
f 4695//4691 4698//4694 3543//3539 3542//3538
f 4108//4104 4107//4103 4699//4695
f 4700//4696 4701//4697 4702//4698 4699//4695
f 3918//3914 3917//3913 4702//4698 4701//4697
f 4108//4104 4702//4698 3917//3913 3916//3912
f 4703//4699 4704//4700 4705//4701
f 4705//4701 4121//4117 4120//4116
f 3575//3571 4697//4693 4706//4702 4120//4116
f 4697//4693 4696//4692 4703//4699
f 4707//4703 4708//4704 4709//4705 4710//4706
f 4693//4689 4709//4705 4708//4704 4696//4692
f 3918//3914 4701//4697 4709//4705 4693//4689
f 4701//4697 4700//4696 4710//4706
f 4711//4707 4712//4708 4708//4704 4707//4703
f 4704//4700 4703//4699 4712//4708 4711//4707
f 4696//4692 4708//4704 4712//4708 4703//4699
f 4107//4103 4113//4109 4713//4709 4699//4695
f 4714//4710 4713//4709 4113//4109 4112//4108
f 4715//4711 4716//4712 4713//4709 4714//4710
f 4716//4712 4700//4696 4699//4695
f 4704//4700 4717//4713 4718//4714 4705//4701
f 4719//4715 4718//4714 4717//4713 4720//4716
f 4128//4124 4135//4131 4718//4714 4719//4715
f 4705//4701 4718//4714 4135//4131 4121//4117
f 4721//4717 4722//4718 4723//4719 4724//4720
f 4710//4706 4723//4719 4722//4718 4707//4703
f 4700//4696 4716//4712 4723//4719 4710//4706
f 4724//4720 4723//4719 4716//4712 4715//4711
f 4707//4703 4722//4718 4725//4721 4711//4707
f 4726//4722 4725//4721 4722//4718 4721//4717
f 4720//4716 4717//4713 4725//4721 4726//4722
f 4711//4707 4725//4721 4717//4713 4704//4700
f 4727//4723 4127//4123 4128//4124 4719//4715
f 4720//4716 4728//4724 4727//4723 4719//4715
f 4729//4725 4727//4723 4728//4724 4730//4726
f 4127//4123 4727//4723 4729//4725 4118//4114
f 4731//4727 4732//4728 4733//4729 4734//4730
f 4714//4710 4733//4729 4732//4728 4715//4711
f 4112//4108 4109//4105 4733//4729 4714//4710
f 4734//4730 4733//4729 4109//4105 4104//4100
f 4715//4711 4732//4728 4735//4731 4724//4720
f 4736//4732 4735//4731 4732//4728 4731//4727
f 4737//4733 4738//4734 4735//4731 4736//4732
f 4724//4720 4735//4731 4738//4734 4721//4717
f 4721//4717 4738//4734 4739//4735 4726//4722
f 4740//4736 4739//4735 4738//4734 4737//4733
f 4730//4726 4728//4724 4739//4735 4740//4736
f 4726//4722 4739//4735 4728//4724 4720//4716
f 3958//3954 4741//4737 4742//4738 4101//4097
f 4743//4739 4742//4738 4741//4737 4744//4740
f 4731//4727 4734//4730 4742//4738 4743//4739
f 4734//4730 4104//4100 4101//4097
f 4744//4740 4741//4737 4745//4741 4746//4742
f 3961//3957 4745//4741 4741//4737 3958//3954
f 3956//3952 4746//4742 4745//4741 3961//3957
f 4730//4726 4747//4743 4748//4744 4729//4725
f 4749//4745 4748//4744 4747//4743 4750//4746
f 4117//4113 4748//4744 4749//4745 3866//3862
f 4748//4744 4117//4113 4118//4114
f 4751//4747 4752//4748 4753//4749 4754//4750
f 4736//4732 4753//4749 4752//4748 4737//4733
f 4731//4727 4743//4739 4753//4749 4736//4732
f 4754//4750 4753//4749 4743//4739 4744//4740
f 4737//4733 4752//4748 4755//4751 4740//4736
f 4752//4748 4751//4747 4756//4752
f 4750//4746 4747//4743 4755//4751 4756//4752
f 4740//4736 4755//4751 4747//4743 4730//4726
f 3956//3952 3954//3950 4757//4753 4746//4742
f 4758//4754 4757//4753 3954//3950 3955//3951
f 4759//4755 4760//4756 4757//4753 4758//4754
f 4746//4742 4757//4753 4760//4756 4744//4740
f 4761//4757 4762//4758 4763//4759 4764//4760
f 3862//3858 4763//4759 4762//4758 3859//3855
f 3866//3862 4749//4745 4763//4759 3862//3858
f 4764//4760 4763//4759 4749//4745 4750//4746
f 4759//4755 4765//4761 4766//4762 4760//4756
f 4767//4763 4766//4762 4765//4761 4768//4764
f 4754//4750 4766//4762 4767//4763 4751//4747
f 4760//4756 4766//4762 4754//4750 4744//4740
f 4751//4747 4767//4763 4769//4765 4756//4752
f 4770//4766 4769//4765 4767//4763 4768//4764
f 4764//4760 4769//4765 4770//4766 4761//4757
f 4769//4765 4764//4760 4750//4746 4756//4752
f 4771//4767 4772//4768 4773//4769 4774//4770
f 4775//4771 4776//4772 4772//4768 4771//4767
f 3955//3951 3951//3947 4772//4768 4776//4772
f 4773//4769 4772//4768 3951//3947 3950//3946
f 4777//4773 4778//4774 4779//4775 4780//4776
f 4491//4487 4779//4775 4778//4774 4488//4484
f 3859//3855 4762//4758 4779//4775 4491//4487
f 4780//4776 4779//4775 4762//4758 4761//4757
f 3955//3951 4776//4772 4781//4777 4758//4754
f 4782//4778 4781//4777 4776//4772 4775//4771
f 4759//4755 4758//4754 4781//4777 4782//4778
f 4783//4779 4771//4767 4774//4770
f 4784//4780 4783//4779 4785//4781 4685//4681
f 4786//4782 4787//4783 4783//4779 4784//4780
f 4771//4767 4783//4779 4787//4783 4775//4771
f 4688//4684 4687//4683 4788//4784 4789//4785
f 4788//4784 4687//4683 4685//4681 4785//4781
f 4789//4785 4788//4784 4785//4781 4774//4770
f 4790//4786 4791//4787 4778//4774 4777//4773
f 4792//4788 4791//4787 4790//4786 4685//4681
f 4537//4533 4536//4532 4791//4787 4792//4788
f 4488//4484 4778//4774 4791//4787 4536//4532
f 4784//4780 4793//4789 4794//4790 4786//4782
f 4790//4786 4793//4789 4784//4780 4685//4681
f 4777//4773 4794//4790 4793//4789 4790//4786
f 4537//4533 4792//4788 4795//4791 4570//4566
f 4792//4788 4685//4681 4684//4680
f 4593//4589 4592//4588 4795//4791 4684//4680
f 4570//4566 4795//4791 4592//4588 4573//4569
f 4761//4757 4770//4766 4796//4792 4780//4776
f 4797//4793 4796//4792 4770//4766 4768//4764
f 4786//4782 4794//4790 4796//4792 4797//4793
f 4780//4776 4796//4792 4794//4790 4777//4773
f 4775//4771 4787//4783 4798//4794 4782//4778
f 4797//4793 4798//4794 4787//4783 4786//4782
f 4768//4764 4765//4761 4798//4794 4797//4793
f 4782//4778 4798//4794 4765//4761 4759//4755
f 4799//4795 4789//4785 4774//4770
f 4800//4796 4799//4795 4801//4797 4802//4798
f 4607//4603 4691//4687 4799//4795 4800//4796
f 4789//4785 4799//4795 4691//4687 4688//4684
f 4800//4796 4803//4799 4603//4599 4607//4603
f 4804//4800 4803//4799 4800//4796 4802//4798
f 1312//1312 1311//1311 4803//4799 4804//4800
f 4603//4599 4803//4799 1311//1311 1090//1090
f 4805//4801 4806//4802 4807//4803 4808//4804
f 4809//4805 4806//4802 4805//4801 4810//4806
f 3928//3924 3924//3920 4806//4802 4809//4805
f 3923//3919 4807//4803 4806//4802 3924//3920
f 4810//4806 4811//4807 4812//4808 4809//4805
f 4813//4809 4812//4808 4811//4807 4814//4810
f 3935//3931 3932//3928 4812//4808 4813//4809
f 4809//4805 4812//4808 3932//3928 3928//3924
f 3941//3937 3938//3934 4815//4811 4816//4812
f 4813//4809 4815//4811 3938//3934 3935//3931
f 4814//4810 4817//4813 4815//4811 4813//4809
f 4816//4812 4815//4811 4817//4813 4818//4814
f 3947//3943 3944//3940 4819//4815 3953//3949
f 4816//4812 4819//4815 3944//3940 3941//3937
f 4818//4814 4820//4816 4819//4815 4816//4812
f 3953//3949 4819//4815 4820//4816 3950//3946
f 3950//3946 4820//4816 4821//4817 4773//4769
f 4822//4818 4821//4817 4820//4816 4818//4814
f 4802//4798 4801//4797 4821//4817 4822//4818
f 4773//4769 4821//4817 4801//4797 4774//4770
f 4823//4819 4824//4820 4825//4821 4826//4822
f 4827//4823 4825//4821 4824//4820 4828//4824
f 4825//4821 4827//4823 4818//4814
f 4826//4822 4825//4821 4817//4813 4814//4810
f 4827//4823 4829//4825 4822//4818 4818//4814
f 4828//4824 4830//4826 4829//4825 4827//4823
f 4822//4818 4829//4825 4830//4826 4802//4798
f 1340//1340 1343//1343 4831//4827 4832//4828
f 1343//1343 1312//1312 4804//4800
f 4831//4827 4804//4800 4802//4798
f 4832//4828 4831//4827 4830//4826 4828//4824
f 4828//4824 4824//4820 4833//4829 4832//4828
f 4834//4830 4833//4829 4824//4820 4823//4819
f 1346//1346 1345//1345 4833//4829 4834//4830
f 1345//1345 1340//1340 4832//4828
f 4835//4831 4836//4832 4837//4833 4838//4834
f 1352//1352 4837//4833 4836//4832 1353//1353
f 871//871 4394//4390 4837//4833 1352//1352
f 4838//4834 4837//4833 4394//4390 4393//4389
f 4839//4835 4840//4836 4841//4837 4842//4838
f 4838//4834 4841//4837 4840//4836 4835//4831
f 4393//4389 4459//4455 4841//4837 4838//4834
f 4842//4838 4841//4837 4459//4455 4458//4454
f 4458//4454 4469//4465 4843//4839 4842//4838
f 4844//4840 4843//4839 4469//4465 4468//4464
f 4845//4841 4846//4842 4843//4839 4844//4840
f 4842//4838 4843//4839 4846//4842 4839//4835
f 4468//4464 4466//4462 4847//4843 4844//4840
f 4848//4844 4847//4843 4466//4462 4467//4463
f 4849//4845 4850//4846 4847//4843 4848//4844
f 4850//4846 4845//4841 4844//4840
f 4467//4463 4481//4477 4851//4847 4848//4844
f 4852//4848 4851//4847 4481//4477 4480//4476
f 4853//4849 4854//4850 4851//4847 4852//4848
f 4848//4844 4851//4847 4854//4850 4849//4845
f 4855//4851 4856//4852 4857//4853
f 4852//4848 4855//4851 4858//4854 4853//4849
f 4480//4476 4486//4482 4855//4851 4852//4848
f 4856//4852 4855//4851 4486//4482 4479//4475
f 4478//4474 4859//4855 4856//4852 4479//4475
f 4361//4357 4860//4856 4859//4855 4478//4474
f 4861//4857 4862//4858 4859//4855 4860//4856
f 4856//4852 4859//4855 4862//4858 4857//4853
f 4861//4857 4860//4856 4863//4859 4864//4860
f 4860//4856 4361//4357 4360//4356
f 4364//4360 4865//4861 4863//4859 4360//4356
f 4864//4860 4863//4859 4865//4861 4866//4862
f 4372//4368 4867//4863 4868//4864 4371//4367
f 4869//4865 4868//4864 4867//4863 4870//4866
f 4866//4862 4865//4861 4868//4864 4869//4865
f 4371//4367 4868//4864 4865//4861 4364//4360
f 4871//4867 4867//4863 4372//4368 4378//4374
f 4872//4868 4871//4867 4378//4374 4377//4373
f 4873//4869 4871//4867 4872//4868 4874//4870
f 4870//4866 4867//4863 4871//4867 4873//4869
f 4385//4381 4875//4871 4876//4872 4386//4382
f 4877//4873 4876//4872 4875//4871 4878//4874
f 4874//4870 4872//4868 4876//4872 4877//4873
f 4377//4373 4386//4382 4876//4872 4872//4868
f 4849//4845 4854//4850 4879//4875 4880//4876
f 4881//4877 4879//4875 4854//4850 4853//4849
f 4882//4878 4883//4879 4879//4875 4881//4877
f 4880//4876 4879//4875 4883//4879 4884//4880
f 4853//4849 4858//4854 4885//4881 4881//4877
f 4886//4882 4885//4881 4858//4854 4857//4853
f 4887//4883 4888//4884 4885//4881 4886//4882
f 4881//4877 4885//4881 4888//4884 4882//4878
f 4857//4853 4862//4858 4889//4885 4886//4882
f 4890//4886 4889//4885 4862//4858 4861//4857
f 4891//4887 4892//4888 4889//4885 4890//4886
f 4886//4882 4889//4885 4892//4888 4887//4883
f 4861//4857 4864//4860 4893//4889 4890//4886
f 4866//4862 4894//4890 4893//4889 4864//4860
f 4895//4891 4893//4889 4894//4890 4896//4892
f 4890//4886 4893//4889 4895//4891 4891//4887
f 4870//4866 4897//4893 4898//4894 4869//4865
f 4899//4895 4898//4894 4897//4893 4900//4896
f 4896//4892 4894//4890 4898//4894 4899//4895
f 4869//4865 4898//4894 4894//4890 4866//4862
f 4874//4870 4901//4897 4902//4898 4873//4869
f 4901//4897 4903//4899 4904//4900
f 4900//4896 4897//4893 4902//4898 4904//4900
f 4873//4869 4902//4898 4897//4893 4870//4866
f 4878//4874 4905//4901 4906//4902 4877//4873
f 4907//4903 4906//4902 4905//4901 4908//4904
f 4903//4899 4901//4897 4906//4902 4907//4903
f 4877//4873 4906//4902 4901//4897 4874//4870
f 4296//4292 4293//4289 4909//4905 4311//4307
f 4910//4906 4909//4905 4293//4289 4292//4288
f 4911//4907 4912//4908 4909//4905 4910//4906
f 4311//4307 4909//4905 4912//4908 4314//4310
f 4315//4311 4913//4909 4914//4910 4319//4315
f 4915//4911 4914//4910 4913//4909 4916//4912
f 4917//4913 4918//4914 4914//4910 4915//4911
f 4319//4315 4914//4910 4918//4914 4320//4316
f 4919//4915 4920//4916 4921//4917 4922//4918
f 4921//4917 4920//4916 4916//4912 4913//4909
f 4313//4309 4921//4917 4913//4909 4315//4311
f 4922//4918 4921//4917 4313//4309 4314//4310
f 4289//4285 4288//4284 4923//4919
f 4924//4920 4923//4919 4925//4921
f 4910//4906 4924//4920 4926//4922 4911//4907
f 4292//4288 4289//4285 4924//4920 4910//4906
f 4927//4923 4928//4924 4929//4925 4930//4926
f 4919//4915 4922//4918 4929//4925 4928//4924
f 4314//4310 4912//4908 4929//4925 4922//4918
f 4930//4926 4929//4925 4912//4908 4911//4907
f 4931//4927 4932//4928 4933//4929 4934//4930
f 4916//4912 4920//4916 4933//4929 4932//4928
f 4928//4924 4933//4929 4920//4916 4919//4915
f 4934//4930 4933//4929 4928//4924 4927//4923
f 4916//4912 4932//4928 4935//4931 4915//4911
f 4931//4927 4936//4932 4935//4931 4932//4928
f 4937//4933 4935//4931 4936//4932 4938//4934
f 4937//4933 4917//4913 4915//4911
f 4322//4318 4939//4935 4940//4936 4347//4343
f 4941//4937 4940//4936 4939//4935 4942//4938
f 4940//4936 4941//4937 4943//4939
f 4944//4940 4345//4341 4347//4343
f 4945//4941 4944//4940 4943//4939
f 4946//4942 4947//4943 4948//4944
f 4383//4379 4382//4378 4945//4941 4948//4944
f 4382//4378 4345//4341 4944//4940
f 4949//4945 4948//4944 4947//4943
f 4950//4946 4949//4945 4951//4947 4952//4948
f 4385//4381 4388//4384 4949//4945 4950//4946
f 4948//4944 4949//4945 4388//4384 4383//4379
f 4952//4948 4953//4949 4954//4950 4950//4946
f 4955//4951 4954//4950 4953//4949 4956//4952
f 4878//4874 4875//4871 4954//4950 4955//4951
f 4950//4946 4954//4950 4875//4871 4385//4381
f 4905//4901 4878//4874 4955//4951
f 4956//4952 4957//4953 4958//4954 4955//4951
f 4959//4955 4960//4956 4958//4954 4957//4953
f 4905//4901 4958//4954 4960//4956 4908//4904
f 4956//4952 4961//4957 4962//4958 4957//4953
f 4962//4958 4961//4957 4963//4959
f 4962//4958 4964//4960 4965//4961 4966//4962
f 4957//4953 4962//4958 4966//4962 4959//4955
f 4963//4959 4961//4957 4967//4963 4968//4964
f 4956//4952 4953//4949 4967//4963 4961//4957
f 4969//4965 4967//4963 4953//4949 4952//4948
f 4970//4966 4968//4964 4967//4963 4969//4965
f 4970//4966 4971//4967 4972//4968 4968//4964
f 4973//4969 4972//4968 4971//4967 4974//4970
f 4965//4961 4964//4960 4972//4968 4973//4969
f 4968//4964 4972//4968 4964//4960 4963//4959
f 4952//4948 4951//4947 4975//4971 4969//4965
f 4976//4972 4975//4971 4951//4947 4947//4943
f 4977//4973 4978//4974 4975//4971 4976//4972
f 4969//4965 4975//4971 4978//4974 4970//4966
f 4965//4961 4979//4975 4980//4976 4966//4962
f 4981//4977 4980//4976 4979//4975 4982//4978
f 4959//4955 4966//4962 4980//4976 4981//4977
f 4977//4973 4983//4979 4984//4980 4978//4974
f 4985//4981 4984//4980 4983//4979 4986//4982
f 4974//4970 4971//4967 4984//4980 4985//4981
f 4978//4974 4984//4980 4971//4967 4970//4966
f 4974//4970 4985//4981 4987//4983 4973//4969
f 4986//4982 4988//4984 4987//4983 4985//4981
f 4982//4978 4979//4975 4987//4983 4988//4984
f 4973//4969 4987//4983 4979//4975 4965//4961
f 3720//3716 3742//3738 4989//4985 3718//3714
f 4990//4986 4989//4985 3742//3738 3741//3737
f 4991//4987 4992//4988 4989//4985 4990//4986
f 3718//3714 4989//4985 4992//4988 3599//3595
f 3740//3736 3752//3748 4993//4989 3739//3735
f 4994//4990 4993//4989 3752//3748 3751//3747
f 4995//4991 4996//4992 4993//4989 4994//4990
f 3739//3735 4993//4989 4996//4992 3741//3737
f 4997//4993 4998//4994 4999//4995 5000//4996
f 4994//4990 4999//4995 4998//4994 4995//4991
f 3751//3747 3754//3750 4999//4995 4994//4990
f 5000//4996 4999//4995 3754//3750 3753//3749
f 3604//3600 3600//3596 5001//4997 5002//4998
f 5001//4997 3600//3596 3599//3595 4992//4988
f 5003//4999 5001//4997 4992//4988 4991//4987
f 5002//4998 5001//4997 5003//4999 5004//5000
f 3741//3737 4996//4992 5005//5001 4990//4986
f 5006//5002 5005//5001 4996//4992 4995//4991
f 5007//5003 5008//5004 5005//5001 5006//5002
f 4990//4986 5005//5001 5008//5004 4991//4987
f 4995//4991 4998//4994 5009//5005 5006//5002
f 5010//5006 5009//5005 4998//4994 4997//4993
f 5011//5007 5012//5008 5009//5005 5010//5006
f 5006//5002 5009//5005 5012//5008 5007//5003
f 5004//5000 5003//4999 5013//5009 5014//5010
f 5008//5004 5013//5009 5003//4999 4991//4987
f 5013//5009 5008//5004 5007//5003
f 5014//5010 5013//5009 5015//5011 5016//5012
f 5004//5000 5017//5013 5018//5014 5002//4998
f 5019//5015 5018//5014 5017//5013 5020//5016
f 3640//3636 3638//3634 5018//5014 5019//5015
f 5002//4998 5018//5014 3638//3634 3604//3600
f 5011//5007 5021//5017 5022//5018 5012//5008
f 5023//5019 5022//5018 5021//5017 5024//5020
f 5016//5012 5015//5011 5022//5018 5023//5019
f 5012//5008 5022//5018 5015//5011 5007//5003
f 4246//4242 5025//5021 5026//5022 4247//4243
f 5019//5015 5025//5021 4246//4242 3640//3636
f 5020//5016 5027//5023 5025//5021 5019//5015
f 5026//5022 5025//5021 5027//5023 5028//5024
f 5016//5012 5029//5025 5030//5026 5014//5010
f 5031//5027 5030//5026 5029//5025 5032//5028
f 5020//5016 5017//5013 5030//5026 5031//5027
f 5017//5013 5004//5000 5014//5010
f 5024//5020 5033//5029 5034//5030 5023//5019
f 5035//5031 5034//5030 5033//5029 5036//5032
f 5032//5028 5029//5025 5034//5030 5035//5031
f 5023//5019 5034//5030 5029//5025 5016//5012
f 4254//4250 4253//4249 5037//5033 5038//5034
f 5026//5022 5037//5033 4253//4249 4247//4243
f 5037//5033 5026//5022 5028//5024 5039//5035
f 5040//5036 5038//5034 5037//5033 5039//5035
f 5032//5028 5041//5037 5042//5038 5031//5027
f 5043//5039 5042//5038 5041//5037 5044//5040
f 5028//5024 5027//5023 5042//5038 5043//5039
f 5031//5027 5042//5038 5027//5023 5020//5016
f 5044//5040 5041//5037 5045//5041 5046//5042
f 5035//5031 5045//5041 5041//5037 5032//5028
f 5036//5032 5047//5043 5045//5041 5035//5031
f 5046//5042 5045//5041 5047//5043 5048//5044
f 5049//5045 5038//5034 5040//5036
f 5050//5046 5049//5045 5051//5047 5052//5048
f 4258//4254 4257//4253 5049//5045 5050//5046
f 5038//5034 5049//5045 4257//4253 4254//4250
f 5053//5049 5039//5035 5028//5024
f 5054//5050 5053//5049 5043//5039 5044//5040
f 5055//5051 5056//5052 5053//5049 5054//5050
f 5039//5035 5053//5049 5056//5052 5040//5036
f 5048//5044 5057//5053 5058//5054 5046//5042
f 5057//5053 5059//5055 5060//5056
f 5055//5051 5054//5050 5058//5054 5060//5056
f 5046//5042 5058//5054 5054//5050 5044//5040
f 5055//5051 5061//5057 5062//5058 5056//5052
f 5063//5059 5062//5058 5061//5057 5064//5060
f 5052//5048 5051//5047 5062//5058 5063//5059
f 5051//5047 5040//5036 5056//5052
f 5065//5061 5060//5056 5059//5055
f 5066//5062 5065//5061 5067//5063 5068//5064
f 5064//5060 5061//5057 5065//5061 5066//5062
f 5060//5056 5065//5061 5061//5057 5055//5051
f 5069//5065 4025//4021 4024//4020
f 5070//5066 5069//5065 5071//5067 5072//5068
f 5069//5065 5070//5066 5073//5069
f 5074//5070 4015//4011 4025//4021
f 5074//5070 5073//5069 5075//5071
f 5076//5072 5075//5071 5077//5073
f 4018//4014 4017//4013 5076//5072 5078//5074
f 5074//5070 5076//5072 4017//4013 4015//4011
f 5073//5069 5079//5075 5080//5076 5075//5071
f 5081//5077 5080//5076 5079//5075 5082//5078
f 5083//5079 5084//5080 5080//5076 5081//5077
f 5075//5071 5080//5076 5084//5080 5077//5073
f 4018//4014 5078//5074 5085//5081 4041//4037
f 5086//5082 5085//5081 5078//5074 5077//5073
f 5087//5083 5088//5084 5085//5081 5086//5082
f 4041//4037 5085//5081 5088//5084 4038//4034
f 5087//5083 5089//5085 5090//5086 5088//5084
f 4053//4049 5090//5086 5089//5085 4050//4046
f 4038//4034 5088//5084 5090//5086 4053//4049
f 5077//5073 5084//5080 5091//5087 5086//5082
f 5092//5088 5091//5087 5084//5080 5083//5079
f 5093//5089 5094//5090 5091//5087 5092//5088
f 5086//5082 5091//5087 5094//5090 5087//5083
f 5095//5091 5096//5092 5097//5093 5098//5094
f 4057//4053 5097//5093 5096//5092 4049//4045
f 4050//4046 5089//5085 5097//5093 4057//4053
f 5098//5094 5097//5093 5089//5085 5087//5083
f 5087//5083 5094//5090 5099//5095 5098//5094
f 5100//5096 5099//5095 5094//5090 5093//5089
f 5101//5097 5102//5098 5099//5095 5100//5096
f 5102//5098 5095//5091 5098//5094
f 5095//5091 5103//5099 5104//5100 5096//5092
f 5105//5101 5104//5100 5103//5099 5106//5102
f 3931//3927 4045//4041 5104//5100 5105//5101
f 4049//4045 5096//5092 5104//5100 4045//4041
f 5107//5103 5108//5104 5109//5105 5110//5106
f 5111//5107 5109//5105 5108//5104 5082//5078
f 5112//5108 5113//5109 5109//5105 5111//5107
f 5110//5106 5109//5105 5113//5109 5114//5110
f 5115//5111 5116//5112 5117//5113 5118//5114
f 5081//5077 5117//5113 5116//5112 5083//5079
f 5082//5078 5108//5104 5117//5113 5081//5077
f 5118//5114 5117//5113 5108//5104 5107//5103
f 5119//5115 5120//5116 5121//5117 5122//5118
f 5092//5088 5121//5117 5120//5116 5093//5089
f 5083//5079 5116//5112 5121//5117 5092//5088
f 5122//5118 5121//5117 5116//5112 5115//5111
f 5123//5119 5124//5120 5125//5121 5126//5122
f 5101//5097 5100//5096 5124//5120 5123//5119
f 5093//5089 5120//5116 5124//5120 5100//5096
f 5124//5120 5120//5116 5119//5115 5125//5121
f 5114//5110 5127//5123 5128//5124 5110//5106
f 5129//5125 5128//5124 5127//5123 5130//5126
f 5131//5127 5132//5128 5128//5124 5129//5125
f 5110//5106 5128//5124 5132//5128 5107//5103
f 5107//5103 5132//5128 5133//5129 5118//5114
f 5134//5130 5133//5129 5132//5128 5131//5127
f 5135//5131 5136//5132 5133//5129 5134//5130
f 5136//5132 5115//5111 5118//5114 5133//5129
f 5115//5111 5136//5132 5137//5133 5122//5118
f 5135//5131 5138//5134 5137//5133 5136//5132
f 5139//5135 5140//5136 5137//5133 5138//5134
f 5119//5115 5122//5118 5137//5133 5140//5136
f 5126//5122 5125//5121 5141//5137 5142//5138
f 5119//5115 5140//5136 5141//5137 5125//5121
f 5139//5135 5143//5139 5141//5137 5140//5136
f 5141//5137 5143//5139 5144//5140 5142//5138
f 5144//5140 5145//5141 5146//5142 5142//5138
f 5145//5141 5147//5143 5148//5144
f 5149//5145 5150//5146 5146//5142 5148//5144
f 5142//5138 5146//5142 5150//5146 5126//5122
f 5151//5147 5148//5144 5147//5143
f 5152//5148 5151//5147 5153//5149 5154//5150
f 5151//5147 5152//5148 5155//5151
f 5156//5152 5149//5145 5148//5144
f 5157//5153 5158//5154 5159//5155 5160//5156
f 5152//5148 5159//5155 5158//5154 5155//5151
f 5154//5150 5161//5157 5159//5155 5152//5148
f 5160//5156 5159//5155 5161//5157 5162//5158
f 5162//5158 5163//5159 5164//5160 5160//5156
f 5165//5161 5164//5160 5163//5159 5166//5162
f 5167//5163 5168//5164 5164//5160 5165//5161
f 5160//5156 5164//5160 5168//5164 5157//5153
f 5169//5165 5170//5166 5171//5167
f 5172//5168 5173//5169 5169//5165
f 5165//5161 5169//5165 5173//5169 5167//5163
f 5166//5162 5170//5166 5169//5165 5165//5161
f 5174//5170 5175//5171 5172//5168
f 5176//5172 5171//5167 5177//5173
f 5178//5174 5179//5175 5174//5170 5177//5173
f 5175//5171 5174//5170 5179//5175 5180//5176
f 5179//5175 5181//5177 5182//5178 5180//5176
f 5183//5179 5181//5177 5179//5175 5178//5174
f 5184//5180 5181//5177 5183//5179 5185//5181
f 5186//5182 5182//5178 5181//5177 5184//5180
f 5185//5181 5187//5183 5188//5184 5184//5180
f 5189//5185 5188//5184 5187//5183 5190//5186
f 5191//5187 5192//5188 5188//5184 5189//5185
f 5184//5180 5188//5184 5192//5188 5186//5182
f 5189//5185 5193//5189 5194//5190 5191//5187
f 5190//5186 5195//5191 5193//5189 5189//5185
f 5130//5126 5127//5123 5193//5189 5195//5191
f 5194//5190 5193//5189 5127//5123 5114//5110
f 5196//5192 5197//5193 5198//5194
f 5199//5195 5196//5192 5200//5196 5201//5197
f 5154//5150 5153//5149 5196//5192 5199//5195
f 5153//5149 5147//5143 5197//5193
f 5154//5150 5199//5195 5202//5198 5161//5157
f 5203//5199 5202//5198 5199//5195 5201//5197
f 5204//5200 5205//5201 5202//5198 5203//5199
f 5161//5157 5202//5198 5205//5201 5162//5158
f 5204//5200 5206//5202 5207//5203 5205//5201
f 5207//5203 5206//5202 5208//5204 5209//5205
f 5166//5162 5163//5159 5207//5203 5209//5205
f 5205//5201 5207//5203 5163//5159 5162//5158
f 5166//5162 5209//5205 5210//5206 5170//5166
f 5211//5207 5210//5206 5209//5205 5208//5204
f 5212//5208 5213//5209 5210//5206 5211//5207
f 5170//5166 5210//5206 5213//5209 5171//5167
f 5171//5167 5213//5209 5214//5210 5177//5173
f 5215//5211 5214//5210 5213//5209 5212//5208
f 5216//5212 5217//5213 5214//5210 5215//5211
f 5177//5173 5214//5210 5217//5213 5178//5174
f 5178//5174 5217//5213 5218//5214 5183//5179
f 5219//5215 5218//5214 5217//5213 5216//5212
f 5220//5216 5221//5217 5218//5214 5219//5215
f 5183//5179 5218//5214 5221//5217 5185//5181
f 5222//5218 5223//5219 5195//5191 5190//5186
f 5224//5220 5225//5221 5223//5219 5222//5218
f 5226//5222 5227//5223 5223//5219 5225//5221
f 5195//5191 5223//5219 5227//5223 5130//5126
f 5220//5216 5228//5224 5229//5225 5221//5217
f 5222//5218 5229//5225 5228//5224 5224//5220
f 5190//5186 5187//5183 5229//5225 5222//5218
f 5221//5217 5229//5225 5187//5183 5185//5181
f 5201//5197 5230//5226 5231//5227 5203//5199
f 5232//5228 5233//5229 5231//5227
f 5234//5230 5231//5227 5233//5229 5235//5231
f 5203//5199 5231//5227 5234//5230 5204//5200
f 5235//5231 5236//5232 5237//5233 5234//5230
f 5236//5232 5238//5234 5239//5235
f 5208//5204 5206//5202 5237//5233 5239//5235
f 5234//5230 5237//5233 5206//5202 5204//5200
f 5208//5204 5239//5235 5240//5236 5211//5207
f 5241//5237 5240//5236 5239//5235 5238//5234
f 5242//5238 5243//5239 5240//5236 5241//5237
f 5211//5207 5240//5236 5243//5239 5212//5208
f 5212//5208 5243//5239 5244//5240 5215//5211
f 5245//5241 5244//5240 5243//5239 5242//5238
f 5246//5242 5247//5243 5244//5240 5245//5241
f 5215//5211 5244//5240 5247//5243 5216//5212
f 5216//5212 5247//5243 5248//5244 5219//5215
f 5249//5245 5248//5244 5247//5243 5246//5242
f 5250//5246 5251//5247 5248//5244 5249//5245
f 5219//5215 5248//5244 5251//5247 5220//5216
f 5250//5246 5252//5248 5253//5249 5251//5247
f 5254//5250 5253//5249 5252//5248 5255//5251
f 5224//5220 5228//5224 5253//5249 5254//5250
f 5251//5247 5253//5249 5228//5224 5220//5216
f 5131//5127 5256//5252 5257//5253 5134//5130
f 5258//5254 5259//5255 5257//5253 5256//5252
f 5260//5256 5261//5257 5257//5253 5259//5255
f 5135//5131 5134//5130 5257//5253 5261//5257
f 5262//5258 5263//5259 5264//5260 5265//5261
f 5255//5251 5252//5248 5264//5260 5263//5259
f 5250//5246 5265//5261 5264//5260 5252//5248
f 5262//5258 5266//5262 5267//5263 5268//5264
f 5242//5238 5241//5237 5267//5263 5266//5262
f 5238//5234 5268//5264 5267//5263 5241//5237
f 5260//5256 5269//5265 5270//5266 5261//5257
f 5271//5267 5272//5268 5270//5266 5269//5265
f 5139//5135 5138//5134 5270//5266 5272//5268
f 5135//5131 5261//5257 5270//5266 5138//5134
f 5273//5269 5274//5270 5275//5271 5262//5258
f 5235//5231 5233//5229 5274//5270 5273//5269
f 5232//5228 5275//5271 5274//5270 5233//5229
f 5268//5264 5276//5272 5273//5269 5262//5258
f 5238//5234 5236//5232 5276//5272 5268//5264
f 5235//5231 5273//5269 5276//5272 5236//5232
f 5262//5258 5277//5273 5278//5274 5266//5262
f 5246//5242 5245//5241 5278//5274 5277//5273
f 5242//5238 5266//5262 5278//5274 5245//5241
f 5262//5258 5265//5261 5279//5275 5277//5273
f 5250//5246 5249//5245 5279//5275 5265//5261
f 5246//5242 5277//5273 5279//5275 5249//5245
f 5280//5276 5281//5277 5254//5250 5255//5251
f 5282//5278 5283//5279 5281//5277 5280//5276
f 5225//5221 5281//5277 5283//5279 5226//5222
f 5254//5250 5281//5277 5225//5221 5224//5220
f 5262//5258 5284//5280 5285//5281 5263//5259
f 5282//5278 5280//5276 5285//5281 5284//5280
f 5255//5251 5263//5259 5285//5281 5280//5276
f 5286//5282 5287//5283 5288//5284 5289//5285
f 5286//5282 5262//5258 5275//5271
f 5232//5228 5288//5284 5287//5283 5275//5271
f 5130//5126 5227//5223 5290//5286 5129//5125
f 5291//5287 5290//5286 5227//5223 5226//5222
f 5258//5254 5256//5252 5290//5286 5291//5287
f 5129//5125 5290//5286 5256//5252 5131//5127
f 5292//5288 5293//5289 5259//5255 5258//5254
f 5294//5290 5295//5291 5293//5289 5292//5288
f 5271//5267 5269//5265 5293//5289 5295//5291
f 5260//5256 5259//5255 5293//5289 5269//5265
f 5294//5290 5292//5288 5296//5292 5297//5293
f 5291//5287 5296//5292 5292//5288 5258//5254
f 5226//5222 5283//5279 5296//5292 5291//5287
f 5297//5293 5296//5292 5283//5279 5282//5278
f 5271//5267 5298//5294 5299//5295 5272//5268
f 5300//5296 5299//5295 5298//5294 5301//5297
f 5143//5139 5299//5295 5300//5296 5144//5140
f 5139//5135 5272//5268 5299//5295 5143//5139
f 5301//5297 5302//5298 5303//5299 5300//5296
f 5302//5298 5198//5194 5197//5193
f 5303//5299 5197//5193 5147//5143
f 5300//5296 5303//5299 5145//5141 5144//5140
f 5294//5290 5304//5300 5305//5301 5295//5291
f 5306//5302 5305//5301 5304//5300 5289//5285
f 5301//5297 5298//5294 5305//5301 5306//5302
f 5305//5301 5298//5294 5271//5267 5295//5291
f 5302//5298 5301//5297 5306//5302
f 5289//5285 5307//5303 5308//5304 5306//5302
f 5198//5194 5302//5298 5308//5304 5307//5303
f 5307//5303 5289//5285 5288//5284
f 5288//5284 5232//5228 5230//5226
f 5200//5196 5309//5305 5230//5226 5201//5197
f 5200//5196 5198//5194 5307//5303
f 5289//5285 5304//5300 5310//5306 5286//5282
f 5297//5293 5310//5306 5304//5300 5294//5290
f 5282//5278 5284//5280 5310//5306 5297//5293
f 5286//5282 5310//5306 5284//5280 5262//5258
f 5072//5068 5311//5307 5312//5308 5070//5066
f 5111//5107 5312//5308 5311//5307 5112//5108
f 5082//5078 5079//5075 5312//5308 5111//5107
f 5070//5066 5312//5308 5079//5075 5073//5069
f 5114//5110 5113//5109 5313//5309 5194//5190
f 5314//5310 5313//5309 5113//5109 5112//5108
f 5315//5311 5313//5309 5314//5310 5316//5312
f 5191//5187 5194//5190 5313//5309 5315//5311
f 5316//5312 5317//5313 5318//5314 5315//5311
f 5319//5315 5318//5314 5317//5313 5320//5316
f 5186//5182 5192//5188 5318//5314 5319//5315
f 5315//5311 5318//5314 5192//5188 5191//5187
f 5320//5316 5321//5317 5322//5318 5319//5315
f 5323//5319 5322//5318 5321//5317 5324//5320
f 5180//5176 5182//5178 5322//5318 5323//5319
f 5319//5315 5322//5318 5182//5178 5186//5182
f 5325//5321 5326//5322 5323//5319 5324//5320
f 5327//5323 5326//5322 5325//5321 5328//5324
f 5326//5322 5327//5323 5172//5168
f 5323//5319 5326//5322 5175//5171 5180//5176
f 5329//5325 1843//1843 1846//1846 5330//5326
f 5325//5321 5329//5325 5330//5326 5328//5324
f 5331//5327 5329//5325 5325//5321 5324//5320
f 1843//1843 5329//5325 5331//5327 1848//1848
f 5327//5323 5332//5328 5173//5169 5172//5168
f 5333//5329 5332//5328 5327//5323 5328//5324
f 5334//5330 5332//5328 5333//5329 5335//5331
f 5167//5163 5173//5169 5332//5328 5334//5330
f 5335//5331 5336//5332 5337//5333 5334//5330
f 5338//5334 5337//5333 5336//5332 5339//5335
f 5157//5153 5168//5164 5337//5333 5338//5334
f 5334//5330 5337//5333 5168//5164 5167//5163
f 5339//5335 5340//5336 5341//5337 5338//5334
f 5342//5338 5341//5337 5340//5336 5343//5339
f 5155//5151 5158//5154 5341//5337 5342//5338
f 5338//5334 5341//5337 5158//5154 5157//5153
f 5126//5122 5150//5146 5344//5340 5123//5119
f 5345//5341 5344//5340 5150//5146 5149//5145
f 5346//5342 5347//5343 5344//5340 5345//5341
f 5123//5119 5344//5340 5347//5343 5101//5097
f 5106//5102 5103//5099 5348//5344 5349//5345
f 5102//5098 5348//5344 5103//5099 5095//5091
f 5101//5097 5347//5343 5348//5344 5102//5098
f 5349//5345 5348//5344 5347//5343 5346//5342
f 5343//5339 5350//5346 5351//5347 5342//5338
f 5345//5341 5351//5347 5350//5346 5346//5342
f 5149//5145 5156//5152 5351//5347 5345//5341
f 5342//5338 5351//5347 5156//5152 5155//5151
f 3923//3919 3926//3922 5352//5348 5353//5349
f 5105//5101 5352//5348 3926//3922 3931//3927
f 5106//5102 5354//5350 5352//5348 5105//5101
f 5353//5349 5352//5348 5354//5350 5355//5351
f 5346//5342 5356//5352 5357//5353 5349//5345
f 5358//5354 5357//5353 5356//5352 5359//5355
f 5355//5351 5354//5350 5357//5353 5358//5354
f 5349//5345 5357//5353 5354//5350 5106//5102
f 5355//5351 5360//5356 5361//5357 5353//5349
f 5362//5358 5361//5357 5360//5356 5363//5359
f 4808//4804 4807//4803 5361//5357 5362//5358
f 5353//5349 5361//5357 4807//4803 3923//3919
f 5359//5355 5364//5360 5365//5361 5358//5354
f 5366//5362 5365//5361 5364//5360 5367//5363
f 5363//5359 5360//5356 5365//5361 5366//5362
f 5358//5354 5365//5361 5360//5356 5355//5351
f 5343//5339 5368//5364 5369//5365 5350//5346
f 5364//5360 5369//5365 5368//5364 5367//5363
f 5359//5355 5356//5352 5369//5365 5364//5360
f 5350//5346 5369//5365 5356//5352 5346//5342
f 5370//5366 5368//5364 5343//5339 5340//5336
f 5371//5367 5370//5366 5340//5336 5339//5335
f 5370//5366 5371//5367 5372//5368
f 5368//5364 5370//5366 5373//5369 5367//5363
f 5374//5370 5375//5371 5376//5372
f 5377//5373 5372//5368 5371//5367
f 5339//5335 5336//5332 5374//5370 5371//5367
f 5336//5332 5335//5331 5375//5371
f 5378//5374 5379//5375 5333//5329 5328//5324
f 5380//5376 5379//5375 5378//5374 1898//1898
f 5375//5371 5379//5375 5380//5376 5376//5372
f 5379//5375 5375//5371 5335//5331
f 5378//5374 5381//5377 1899//1899 1898//1898
f 5328//5324 5330//5326 5381//5377 5378//5374
f 1846//1846 1899//1899 5381//5377 5330//5326
f 5376//5372 5380//5376 5382//5378 5383//5379
f 1906//1906 5382//5378 5380//5376 1898//1898
f 1905//1905 5384//5380 5382//5378 1906//1906
f 5383//5379 5382//5378 5384//5380 5385//5381
f 5385//5381 5386//5382 5387//5383 5383//5379
f 5388//5384 5387//5383 5386//5382 5389//5385
f 5372//5368 5377//5373 5387//5383 5388//5384
f 5383//5379 5387//5383 5377//5373 5376//5372
f 5385//5381 5384//5380 5390//5386 5386//5382
f 1914//1914 5390//5386 5384//5380 1905//1905
f 5390//5386 1914//1914 1913//1913 5391//5387
f 5386//5382 5390//5386 5391//5387 5389//5385
f 5373//5369 5372//5368 5388//5384
f 5389//5385 5392//5388 5393//5389 5388//5384
f 5392//5388 5394//5390 5395//5391
f 5395//5391 5367//5363 5373//5369
f 1913//1913 1920//1920 5396//5392 5391//5387
f 5397//5393 5396//5392 1920//1920 1924//1924
f 5398//5394 5399//5395 5396//5392 5397//5393
f 5391//5387 5396//5392 5399//5395 5389//5385
f 5397//5393 5400//5396 5401//5397 5398//5394
f 1924//1924 1928//1928 5400//5396 5397//5393
f 1929//1929 5400//5396 1928//1928
f 5400//5396 1929//1929 1927//1927
f 5398//5394 5401//5397 5402//5398 5403//5399
f 1935//1935 5402//5398 5401//5397 1927//1927
f 1934//1934 5404//5400 5402//5398 1935//1935
f 5403//5399 5402//5398 5404//5400 5405//5401
f 5398//5394 5403//5399 5406//5402 5399//5395
f 5403//5399 5405//5401 5407//5403
f 5406//5402 5407//5403 5394//5390
f 5399//5395 5406//5402 5392//5388 5389//5385
f 5405//5401 5404//5400 5408//5404 5409//5405
f 1941//1941 5408//5404 5404//5400 1934//1934
f 1940//1940 5409//5405 5408//5404 1941//1941
f 1943//1943 5410//5406 5409//5405 1940//1940
f 5411//5407 5410//5406 1943//1943 1947//1947
f 5412//5408 5413//5409 5410//5406 5411//5407
f 5409//5405 5410//5406 5413//5409 5405//5401
f 5414//5410 5415//5411 5416//5412 5417//5413
f 1952//1952 5416//5412 5415//5411 1953//1953
f 5416//5412 1952//1952 1346//1346
f 5416//5412 4834//4830 4823//4819 5417//5413
f 5418//5414 5419//5415 5420//5416 5421//5417
f 5422//5418 5420//5416 5419//5415 5423//5419
f 1958//1958 1960//1960 5420//5416 5422//5418
f 5420//5416 1960//1960 1953//1953
f 5414//5410 5424//5420 5425//5421 5415//5411
f 5426//5422 5425//5421 5424//5420 5427//5423
f 5418//5414 5421//5417 5425//5421 5426//5422
f 5415//5411 5425//5421 5421//5417 1953//1953
f 5414//5410 5417//5413 5428//5424 5424//5420
f 5417//5413 4823//4819 4826//4822
f 5429//5425 5428//5424 4826//4822 4814//4810
f 5427//5423 5424//5420 5428//5424 5429//5425
f 5418//5414 5426//5422 5430//5426 5419//5415
f 5431//5427 5430//5426 5426//5422 5427//5423
f 5432//5428 5433//5429 5430//5426 5431//5427
f 5423//5419 5419//5415 5430//5426 5433//5429
f 5434//5430 5435//5431 5436//5432 5437//5433
f 5429//5425 5436//5432 5435//5431 5427//5423
f 4814//4810 4811//4807 5436//5432 5429//5425
f 5437//5433 5436//5432 4811//4807 4810//4806
f 5438//5434 5439//5435 5440//5436 5441//5437
f 1980//1980 5439//5435 5438//5434 1981//1981
f 5422//5418 5439//5435 1980//1980 1958//1958
f 5423//5419 5440//5436 5439//5435 5422//5418
f 5442//5438 5443//5439 5444//5440 5445//5441
f 5431//5427 5444//5440 5443//5439 5432//5428
f 5427//5423 5435//5431 5444//5440 5431//5427
f 5445//5441 5444//5440 5435//5431 5434//5430
f 5432//5428 5443//5439 5446//5442 5433//5429
f 5447//5443 5446//5442 5443//5439 5442//5438
f 5441//5437 5440//5436 5446//5442 5447//5443
f 5433//5429 5446//5442 5440//5436 5423//5419
f 5448//5444 5449//5445 5450//5446 5451//5447
f 1992//1992 5450//5446 5449//5445 1993//1993
f 1981//1981 5438//5434 5450//5446 1992//1992
f 5451//5447 5450//5446 5438//5434 5441//5437
f 5452//5448 5453//5449 5454//5450 5455//5451
f 5437//5433 5454//5450 5453//5449 5434//5430
f 4810//4806 4805//4801 5454//5450 5437//5433
f 4805//4801 4808//4804 5455//5451
f 1993//1993 5449//5445 5456//5452 1998//1998
f 5457//5453 5456//5452 5449//5445 5448//5444
f 5456//5452 5457//5453 5412//5408 5411//5407
f 1998//1998 5456//5452 5411//5407 1947//1947
f 5458//5454 5395//5391 5394//5390
f 5459//5455 5458//5454 5460//5456 5461//5457
f 5366//5362 5458//5454 5459//5455 5363//5359
f 5367//5363 5395//5391 5458//5454 5366//5362
f 5462//5458 5463//5459 5464//5460 5465//5461
f 5445//5441 5464//5460 5463//5459 5442//5438
f 5434//5430 5453//5449 5464//5460 5445//5441
f 5465//5461 5464//5460 5453//5449 5452//5448
f 5455//5451 4808//4804 5362//5358
f 5363//5359 5459//5455 5466//5462 5362//5358
f 5466//5462 5459//5455 5461//5457
f 5467//5463 5452//5448 5455//5451
f 5468//5464 5469//5465 5467//5463 5461//5457
f 5462//5458 5465//5461 5469//5465 5468//5464
f 5452//5448 5467//5463 5469//5465 5465//5461
f 5470//5466 5407//5403 5405//5401
f 5471//5467 5470//5466 5413//5409 5412//5408
f 5461//5457 5460//5456 5470//5466 5471//5467
f 5460//5456 5394//5390 5407//5403
f 5468//5464 5472//5468 5473//5469 5462//5458
f 5472//5468 5468//5464 5461//5457 5471//5467
f 5412//5408 5457//5453 5472//5468 5471//5467
f 5473//5469 5472//5468 5457//5453 5448//5444
f 5442//5438 5463//5459 5474//5470 5447//5443
f 5473//5469 5474//5470 5463//5459 5462//5458
f 5448//5444 5451//5447 5474//5470 5473//5469
f 5447//5443 5474//5470 5451//5447 5441//5437
f 4164//4160 5475//5471 5476//5472 4163//4159
f 5477//5473 5476//5472 5475//5471 5478//5474
f 5476//5472 5477//5473 5072//5068
f 4163//4159 5476//5472 5071//5067 4024//4020
f 4168//4164 5479//5475 5480//5476 4165//4161
f 5481//5477 5480//5476 5479//5475 5482//5478
f 5478//5474 5475//5471 5480//5476 5481//5477
f 4165//4161 5480//5476 5475//5471 4164//4160
f 5311//5307 5072//5068 5483//5479
f 5484//5480 5485//5481 5483//5479 5486//5482
f 5316//5312 5314//5310 5485//5481 5484//5480
f 5112//5108 5311//5307 5485//5481 5314//5310
f 5486//5482 5487//5483 5488//5484 5484//5480
f 5489//5485 5488//5484 5487//5483 5490//5486
f 5320//5316 5317//5313 5488//5484 5489//5485
f 5484//5480 5488//5484 5317//5313 5316//5312
f 5490//5486 5491//5487 5492//5488 5489//5485
f 5493//5489 5492//5488 5491//5487 2037//2037
f 5324//5320 5321//5317 5492//5488 5493//5489
f 5489//5485 5492//5488 5321//5317 5320//5316
f 2039//2039 5494//5490 5493//5489 2037//2037
f 1848//1848 5331//5327 5494//5490 2039//2039
f 5493//5489 5494//5490 5331//5327 5324//5320
f 5478//5474 5495//5491 5496//5492 5477//5473
f 5495//5491 5497//5493 5498//5494
f 5496//5492 5498//5494 5486//5482
f 5477//5473 5496//5492 5483//5479 5072//5068
f 5499//5495 5500//5496 5481//5477 5482//5478
f 5501//5497 5500//5496 5499//5495 5502//5498
f 5500//5496 5501//5497 5497//5493
f 5481//5477 5500//5496 5495//5491 5478//5474
f 5503//5499 5498//5494 5497//5493
f 5504//5500 5505//5501 5503//5499 5506//5502
f 5490//5486 5487//5483 5503//5499 5505//5501
f 5498//5494 5503//5499 5487//5483 5486//5482
f 2052//2052 2055//2055 5507//5503 5508//5504
f 5491//5487 5507//5503 2055//2055 2037//2037
f 5507//5503 5491//5487 5490//5486
f 5508//5504 5507//5503 5505//5501 5504//5500
f 5482//5478 5479//5475 5509//5505 5499//5495
f 5510//5506 5509//5505 5479//5475 4168//4164
f 5511//5507 5512//5508 5509//5505 5510//5506
f 5499//5495 5509//5505 5512//5508 5502//5498
f 4168//4164 4170//4166 5513//5509 5510//5506
f 5514//5510 5513//5509 4170//4166 4169//4165
f 5515//5511 5516//5512 5513//5509 5514//5510
f 5510//5506 5513//5509 5516//5512 5511//5507
f 4173//4169 5517//5513 5518//5514 4174//4170
f 5519//5515 5518//5514 5517//5513 5520//5516
f 5515//5511 5514//5510 5518//5514 5519//5515
f 4169//4165 4174//4170 5518//5514 5514//5510
f 4187//4183 5521//5517 5522//5518 4188//4184
f 5523//5519 5522//5518 5521//5517 5524//5520
f 5525//5521 5526//5522 5522//5518 5523//5519
f 4188//4184 5522//5518 5526//5522 4182//4178
f 4191//4187 5527//5523 5528//5524 4192//4188
f 5529//5525 5528//5524 5527//5523 5530//5526
f 5524//5520 5521//5517 5528//5524 5529//5525
f 4192//4188 5528//5524 5521//5517 4187//4183
f 5531//5527 5532//5528 2080//2080 2079//2079
f 2083//2083 5533//5529 5531//5527 2079//2079
f 5529//5525 5531//5527 5533//5529 5524//5520
f 5529//5525 5530//5526 5532//5528
f 4191//4187 4196//4192 5534//5530 5527//5523
f 5535//5531 5534//5530 4196//4192 4195//4191
f 5536//5532 5537//5533 5534//5530 5535//5531
f 5537//5533 5530//5526 5527//5523
f 5538//5534 5539//5535 5537//5533 5536//5532
f 2091//2091 2090//2090 5539//5535 5538//5534
f 5539//5535 2090//2090 2080//2080 5532//5528
f 5530//5526 5537//5533 5539//5535 5532//5528
f 4195//4191 4200//4196 5540//5536 5535//5531
f 5541//5537 5540//5536 4200//4196 4199//4195
f 5542//5538 5543//5539 5540//5536 5541//5537
f 5535//5531 5540//5536 5543//5539 5536//5532
f 5536//5532 5543//5539 5544//5540 5538//5534
f 5545//5541 5544//5540 5543//5539 5542//5538
f 2098//2098 2097//2097 5544//5540 5545//5541
f 5538//5534 5544//5540 2097//2097 2091//2091
f 5546//5542 5541//5537 4199//4195
f 4204//4200 4203//4199 5547//5543
f 5548//5544 5549//5545 5546//5542 5547//5543
f 5541//5537 5546//5542 5549//5545 5542//5538
f 4180//4176 5550//5546 5551//5547 4179//4175
f 5552//5548 5551//5547 5550//5546 5553//5549
f 5520//5516 5517//5513 5551//5547 5552//5548
f 4179//4175 5551//5547 5517//5513 4173//4169
f 4182//4178 5526//5522 5554//5550 4183//4179
f 5555//5551 5554//5550 5526//5522 5525//5521
f 5553//5549 5550//5546 5554//5550 5555//5551
f 4183//4179 5554//5550 5550//5546 4180//4176
f 5524//5520 5533//5529 5556//5552 5523//5519
f 2113//2113 5556//5552 5533//5529 2083//2083
f 2112//2112 5557//5553 5556//5552 2113//2113
f 5523//5519 5556//5552 5557//5553 5525//5521
f 2114//2114 5558//5554 5559//5555 2115//2115
f 5519//5515 5559//5555 5558//5554 5515//5511
f 5520//5516 5560//5556 5559//5555 5519//5515
f 2115//2115 5559//5555 5560//5556 2119//2119
f 5553//5549 5561//5557 5562//5558 5552//5548
f 2122//2122 5562//5558 5561//5557 2123//2123
f 2119//2119 5560//5556 5562//5558 2122//2122
f 5552//5548 5562//5558 5560//5556 5520//5516
f 5525//5521 5557//5553 5563//5559 5555//5551
f 2125//2125 5563//5559 5557//5553 2112//2112
f 2123//2123 5561//5557 5563//5559 2125//2125
f 5555//5551 5563//5559 5561//5557 5553//5549
f 5511//5507 5564//5560 5565//5561 5512//5508
f 5566//5562 5565//5561 5564//5560 2131//2131
f 5567//5563 5568//5564 5565//5561 5566//5562
f 5512//5508 5565//5561 5568//5564 5502//5498
f 5502//5498 5568//5564 5569//5565 5501//5497
f 5570//5566 5569//5565 5568//5564 5567//5563
f 5506//5502 5569//5565 5570//5566 5504//5500
f 5501//5497 5569//5565 5506//5502 5497//5493
f 5504//5500 5570//5566 5571//5567 5508//5504
f 5572//5568 5571//5567 5570//5566 5567//5563
f 2136//2136 2135//2135 5571//5567 5572//5568
f 5508//5504 5571//5567 2135//2135 2052//2052
f 5567//5563 5566//5562 5573//5569 5572//5568
f 2139//2139 5573//5569 5566//5562 2131//2131
f 2136//2136 5572//5568 5573//5569 2139//2139
f 5574//5570 5564//5560 5511//5507 5516//5512
f 5558//5554 5574//5570 5516//5512 5515//5511
f 5574//5570 5558//5554 2114//2114 2141//2141
f 5564//5560 5574//5570 2141//2141 2131//2131
f 5575//5571 5576//5572 5577//5573 5578//5574
f 5579//5575 5577//5573 5576//5572 5580//5576
f 4410//4406 4407//4403 5577//5573 5579//5575
f 5578//5574 5577//5573 4407//4403 4400//4396
f 5579//5575 5581//5577 4421//4417 4410//4406
f 5581//5577 5579//5575 5580//5576 5582//5578
f 5583//5579 5584//5580 5581//5577 5582//5578
f 4421//4417 5581//5577 5584//5580 4424//4420
f 4424//4420 5584//5580 5585//5581 4433//4429
f 5586//5582 5585//5581 5584//5580 5583//5579
f 5587//5583 5588//5584 5585//5581 5586//5582
f 4433//4429 5585//5581 5588//5584 4436//4432
f 4436//4432 5588//5584 5589//5585 4455//4451
f 5590//5586 5589//5585 5588//5584 5587//5583
f 5591//5587 5589//5585 5590//5586 5592//5588
f 4431//4427 4455//4451 5589//5585 5591//5587
f 2160//2160 5593//5589 5594//5590 2161//2161
f 5578//5574 5594//5590 5593//5589 5575//5571
f 4400//4396 4399//4395 5594//5590 5578//5574
f 2161//2161 5594//5590 4399//4395 881//881
f 5593//5589 2160//2160 2164//2164
f 5595//5591 5596//5592 2164//2164 2168//5593
f 5597//5594 5596//5592 5595//5591 5598//5595
f 5596//5592 5597//5594 5575//5571
f 5598//5595 5599//5596 5600//5597 5597//5594
f 5601//5598 5600//5597 5599//5596 5602//5599
f 5580//5576 5576//5572 5600//5597 5601//5598
f 5597//5594 5600//5597 5576//5572 5575//5571
f 5603//5600 5604//5601 5605//5602 5606//5603
f 5582//5578 5605//5602 5604//5601 5583//5579
f 5601//5598 5605//5602 5582//5578 5580//5576
f 5606//5603 5605//5602 5601//5598 5602//5599
f 5607//5604 5608//5605 5609//5606 5610//5607
f 5586//5582 5609//5606 5608//5605 5587//5583
f 5583//5579 5604//5601 5609//5606 5586//5582
f 5610//5607 5609//5606 5604//5601 5603//5600
f 5611//5608 5612//5609 5613//5610 5614//5611
f 5592//5588 5590//5586 5612//5609 5611//5608
f 5587//5583 5608//5605 5612//5609 5590//5586
f 5613//5610 5612//5609 5608//5605 5607//5604
f 2168//5593 2186//2186 5615//5612 5595//5591
f 5616//5613 5615//5612 2186//2186 2188//2187
f 5602//5599 5599//5596 5615//5612 5616//5613
f 5595//5591 5615//5612 5599//5596 5598//5595
f 5617//5614 5618//5615 5619//5616 5620//5617
f 5606//5603 5619//5616 5618//5615 5603//5600
f 5602//5599 5616//5613 5619//5616 5606//5603
f 5620//5617 5619//5616 5616//5613 2188//2187
f 2193//2192 5621//5618 5622//5619 2194//2193
f 5617//5614 5620//5617 5622//5619 5621//5618
f 2194//2193 5622//5619 5620//5617 2188//2187
f 5623//5620 5624//5621 5625//5622 5626//5623
f 5610//5607 5625//5622 5624//5621 5607//5604
f 5603//5600 5618//5615 5625//5622 5610//5607
f 5626//5623 5625//5622 5618//5615 5617//5614
f 2201//2200 5627//5624 5628//5625 2202//2201
f 5626//5623 5628//5625 5627//5624 5623//5620
f 5617//5614 5621//5618 5628//5625 5626//5623
f 2202//2201 5628//5625 5621//5618 2193//2192
f 5629//5626 5630//5627 5624//5621 5623//5620
f 5631//5628 5630//5627 5629//5626 5632//5629
f 5614//5611 5613//5610 5630//5627 5631//5628
f 5607//5604 5624//5621 5630//5627 5613//5610
f 5633//5630 5634//5631 2209//2208 2212//2211
f 5632//5629 5629//5626 5634//5631 5633//5630
f 5623//5620 5627//5624 5634//5631 5629//5626
f 2209//2208 5634//5631 5627//5624 2201//2200
f 2212//2211 2214//2213 5635//5632 5633//5630
f 5636//5633 5635//5632 2214//2213 2218//2217
f 5637//5634 5638//5635 5635//5632 5636//5633
f 5633//5630 5635//5632 5638//5635 5632//5629
f 5631//5628 5639//5636 5640//5637 5614//5611
f 5632//5629 5638//5635 5639//5636 5631//5628
f 5637//5634 5641//5638 5639//5636 5638//5635
f 5640//5637 5639//5636 5641//5638 5642//5639
f 2218//2217 2224//2223 5643//5640 5636//5633
f 5644//5641 5643//5640 2224//2223 2226//2225
f 5642//5639 5641//5638 5643//5640 5644//5641
f 5636//5633 5643//5640 5641//5638 5637//5634
f 5642//5639 5645//5642 5646//5643 5640//5637
f 5647//5644 5646//5643 5645//5642 5648//5645
f 5611//5608 5646//5643 5647//5644 5592//5588
f 5640//5637 5646//5643 5611//5608 5614//5611
f 5592//5588 5647//5644 5649//5646 5591//5587
f 5650//5647 5649//5646 5647//5644 5648//5645
f 4328//4324 4432//4428 5649//5646 5650//5647
f 5591//5587 5649//5646 4432//4428 4431//4427
f 2226//2225 2234//2233 5651//5648 5644//5641
f 5652//5649 5651//5648 2234//2233 2236//2235
f 5648//5645 5645//5642 5651//5648 5652//5649
f 5644//5641 5651//5648 5645//5642 5642//5639
f 4328//4324 5650//5647 5653//5650 4323//4319
f 5654//5651 5653//5650 5650//5647 5648//5645
f 5655//5652 5656//5653 5653//5650 5654//5651
f 4323//4319 5653//5650 5656//5653 4213//4209
f 2241//2240 5657//5654 5658//5655 2242//2241
f 5654//5651 5658//5655 5657//5654 5655//5652
f 5652//5649 5658//5655 5654//5651 5648//5645
f 5658//5655 5652//5649 2236//2235 2242//2241
f 4213//4209 5656//5653 5659//5656 4207//4203
f 5660//5657 5659//5656 5656//5653 5655//5652
f 5661//5658 5662//5659 5659//5656 5660//5657
f 4207//4203 5659//5656 5662//5659 4208//4204
f 4208//4204 5662//5659 5663//5660 4215//4211
f 5664//5661 5663//5660 5662//5659 5661//5658
f 5548//5544 5547//5543 5663//5660 5664//5661
f 4215//4211 5663//5660 5547//5543 4203//4199
f 5655//5652 5657//5654 5665//5662 5660//5657
f 2254//2253 5665//5662 5657//5654 2241//2240
f 2253//2252 5666//5663 5665//5662 2254//2253
f 5660//5657 5665//5662 5666//5663 5661//5658
f 5542//5538 5549//5545 5667//5664 5545//5541
f 5668//5665 5667//5664 5549//5545 5548//5544
f 5667//5664 5668//5665 2257//2256 2256//2255
f 5545//5541 5667//5664 2256//2255 2098//2098
f 5661//5658 5666//5663 5669//5666 5664//5661
f 2260//2259 5669//5666 5666//5663 2253//2252
f 2257//2256 5668//5665 5669//5666 2260//2259
f 5664//5661 5669//5666 5668//5665 5548//5544
f 4234//4230 5670//5667 5671//5668 4233//4229
f 5670//5667 4925//4921 4923//4919
f 4288//4284 4286//4282 5671//5668 4923//4919
f 4233//4229 5671//5668 4286//4282 4227//4223
f 4258//4254 5672//5669 5673//5670 4256//4252
f 5674//5671 5673//5670 5672//5669 5675//5672
f 5673//5670 5674//5671 4234//4230
f 4230//4226 4232//4228 4256//4252
f 5052//5048 5676//5673 5677//5674 5050//5046
f 5678//5675 5677//5674 5676//5673 5679//5676
f 5675//5672 5672//5669 5677//5674 5678//5675
f 5050//5046 5677//5674 5672//5669 4258//4254
f 5064//5060 5680//5677 5681//5678 5063//5059
f 5682//5679 5681//5678 5680//5677 5683//5680
f 5679//5676 5676//5673 5681//5678 5682//5679
f 5063//5059 5681//5678 5676//5673 5052//5048
f 5068//5064 5684//5681 5685//5682 5066//5062
f 5686//5683 5685//5682 5684//5681 5687//5684
f 5683//5680 5680//5677 5685//5682 5686//5683
f 5066//5062 5685//5682 5680//5677 5064//5060
f 5688//5685 5689//5686 5690//5687
f 5691//5688 4927//4923 4930//4926
f 5688//5685 4930//4926 4911//4907
f 4926//4922 4925//4921 5689//5686
f 4927//4923 5691//5688 5692//5689 4934//4930
f 5693//5690 5692//5689 5691//5688 5690//5687
f 5694//5691 5695//5692 5692//5689 5693//5690
f 4934//4930 5692//5689 5695//5692 4931//4927
f 5696//5693 5674//5671 5675//5672
f 5697//5694 5698//5695 5699//5696
f 5696//5693 5699//5696 4925//4921
f 5670//5667 4234//4230 5674//5671
f 5678//5675 5700//5697 5697//5694 5675//5672
f 5679//5676 5701//5698 5700//5697 5678//5675
f 5702//5699 5703//5700 5700//5697 5701//5698
f 5697//5694 5700//5697 5703//5700 5698//5695
f 5682//5679 5704//5701 5701//5698 5679//5676
f 5683//5680 5705//5702 5704//5701 5682//5679
f 5706//5703 5704//5701 5705//5702 5707//5704
f 5701//5698 5704//5701 5706//5703 5702//5699
f 5687//5684 5708//5705 5709//5706 5686//5683
f 5709//5706 5708//5705 5710//5707 5711//5708
f 5707//5704 5705//5702 5709//5706 5711//5708
f 5686//5683 5709//5706 5705//5702 5683//5680
f 5712//5709 5713//5710 5714//5711 5715//5712
f 5716//5713 5714//5711 5713//5710 5717//5714
f 5711//5708 5714//5711 5716//5713 5707//5704
f 5715//5712 5714//5711 5711//5708 5710//5707
f 5702//5699 5706//5703 5718//5715 5719//5716
f 5718//5715 5706//5703 5707//5704 5716//5713
f 5717//5714 5720//5717 5718//5715 5716//5713
f 5719//5716 5718//5715 5720//5717 5721//5718
f 4938//4934 5722//5719 5723//5720 4937//4933
f 5724//5721 5723//5720 5722//5719 5725//5722
f 4320//4316 4918//4914 5723//5720 5724//5721
f 4937//4933 5723//5720 4918//4914 4917//4913
f 5694//5691 5726//5723 5727//5724 5695//5692
f 5722//5719 5727//5724 5726//5723 5725//5722
f 4938//4934 4936//4932 5727//5724 5722//5719
f 5695//5692 5727//5724 4936//4932 4931//4927
f 5728//5725 5724//5721 5725//5722
f 5729//5726 4942//4938 4939//4935
f 4322//4318 4321//4317 5728//5725 4939//4935
f 5724//5721 5728//5725 4321//4317 4320//4316
f 5730//5727 5693//5690 5690//5687
f 5731//5728 5732//5729 5733//5730
f 5725//5722 5726//5723 5730//5727 5733//5730
f 5693//5690 5730//5727 5726//5723 5694//5691
f 5734//5731 5699//5696 5698//5695
f 5735//5732 5732//5729 5731//5728
f 5734//5731 5731//5728 5690//5687
f 5689//5686 4925//4921 5699//5696
f 5721//5718 5736//5733 5737//5734 5719//5716
f 5735//5732 5737//5734 5736//5733 5732//5729
f 5698//5695 5703//5700 5737//5734 5735//5732
f 5719//5716 5737//5734 5703//5700 5702//5699
f 5732//5729 5738//5735 5739//5736 5733//5730
f 5740//5737 5739//5736 5738//5735 5741//5738
f 5739//5736 5740//5737 4942//4938
f 5729//5726 5725//5722 5733//5730
f 5742//5739 5743//5740 5744//5741 5745//5742
f 4976//4972 5743//5740 5742//5739 4977//4973
f 5743//5740 4976//4972 4947//4943
f 4946//4942 4943//4939 5744//5741
f 5746//5743 4941//4937 4942//4938
f 5747//5744 5746//5743 5740//5737 5741//5738
f 5746//5743 5747//5744 5745//5742
f 5744//5741 4943//4939 4941//4937
f 5748//5745 5742//5739 5745//5742
f 5749//5746 5748//5745 5750//5747 5751//5748
f 4986//4982 4983//4979 5748//5745 5749//5746
f 5742//5739 5748//5745 4983//4979 4977//4973
f 5751//5748 5752//5749 5753//5750 5749//5746
f 5754//5751 5753//5750 5752//5749 5755//5752
f 5753//5750 5754//5751 4982//4978 4988//4984
f 5749//5746 5753//5750 4988//4984 4986//4982
f 4982//4978 5754//5751 5756//5753 4981//4977
f 5757//5754 5756//5753 5754//5751 5755//5752
f 4908//4904 4960//4956 5756//5753 5757//5754
f 4981//4977 5756//5753 4960//4956 4959//4955
f 5757//5754 5758//5755 4907//4903 4908//4904
f 5755//5752 5759//5756 5758//5755 5757//5754
f 5760//5757 5758//5755 5759//5756 5761//5758
f 4907//4903 5758//5755 5760//5757 4903//4899
f 4903//4899 5760//5757 5762//5759 4904//4900
f 5762//5759 5760//5757 5761//5758 5763//5760
f 5764//5761 5765//5762 5762//5759 5763//5760
f 4904//4900 5762//5759 5765//5762 4900//4896
f 4900//4896 5765//5762 5766//5763 4899//4895
f 5767//5764 5766//5763 5765//5762 5764//5761
f 5768//5765 5769//5766 5766//5763 5767//5764
f 5769//5766 4896//4892 4899//4895
f 5770//5767 5771//5768 5769//5766 5768//5765
f 5772//5769 5771//5768 5770//5767 5773//5770
f 4891//4887 4895//4891 5771//5768 5772//5769
f 4896//4892 5769//5766 5771//5768 4895//4891
f 5773//5770 5774//5771 5775//5772 5772//5769
f 5776//5773 5775//5772 5774//5771 5777//5774
f 4887//4883 4892//4888 5775//5772 5776//5773
f 5772//5769 5775//5772 4892//4888 4891//4887
f 5777//5774 5778//5775 5779//5776 5776//5773
f 5778//5775 5780//5777 5781//5778
f 5779//5776 5781//5778 4882//4878
f 5776//5773 5779//5776 4888//4884 4887//4883
f 5782//5779 5783//5780 5784//5781 5785//5782
f 5741//5738 5738//5735 5784//5781 5783//5780
f 5738//5735 5732//5729 5785//5782
f 5786//5783 5787//5784 5788//5785 5789//5786
f 5785//5782 5788//5785 5787//5784 5782//5779
f 5732//5729 5736//5733 5788//5785 5785//5782
f 5789//5786 5788//5785 5736//5733 5721//5718
f 5790//5787 5791//5788 5792//5789 5793//5790
f 5789//5786 5792//5789 5791//5788 5786//5783
f 5721//5718 5720//5717 5792//5789 5789//5786
f 5793//5790 5792//5789 5720//5717 5717//5714
f 5794//5791 5795//5792 5796//5793 5797//5794
f 5793//5790 5795//5792 5794//5791 5790//5787
f 5717//5714 5713//5710 5795//5792 5793//5790
f 5795//5792 5713//5710 5712//5709
f 5798//5795 5747//5744 5741//5738
f 5783//5780 5782//5779 5799//5796
f 5799//5796 5800//5797 5801//5798
f 5801//5798 5745//5742 5747//5744
f 5802//5799 5801//5798 5800//5797
f 5803//5800 5802//5799 5804//5801 5805//5802
f 5751//5748 5750//5747 5802//5799 5803//5800
f 5750//5747 5745//5742 5801//5798
f 5805//5802 5806//5803 5807//5804 5803//5800
f 5808//5805 5807//5804 5806//5803 5809//5806
f 5755//5752 5752//5749 5807//5804 5808//5805
f 5803//5800 5807//5804 5752//5749 5751//5748
f 5809//5806 5810//5807 5811//5808 5808//5805
f 5812//5809 5811//5808 5810//5807 5813//5810
f 5761//5758 5759//5756 5811//5808 5812//5809
f 5808//5805 5811//5808 5759//5756 5755//5752
f 5813//5810 5814//5811 5815//5812 5812//5809
f 5816//5813 5815//5812 5814//5811 5817//5814
f 5763//5760 5815//5812 5816//5813 5764//5761
f 5812//5809 5815//5812 5763//5760 5761//5758
f 5818//5815 5819//5816 5820//5817 5821//5818
f 5767//5764 5820//5817 5819//5816 5768//5765
f 5764//5761 5816//5813 5820//5817 5767//5764
f 5821//5818 5820//5817 5816//5813 5817//5814
f 5822//5819 5823//5820 5824//5821 5825//5822
f 5770//5767 5824//5821 5823//5820 5773//5770
f 5768//5765 5819//5816 5824//5821 5770//5767
f 5825//5822 5824//5821 5819//5816 5818//5815
f 5826//5823 5827//5824 5828//5825 5829//5826
f 5774//5771 5828//5825 5827//5824 5777//5774
f 5773//5770 5823//5820 5828//5825 5774//5771
f 5829//5826 5828//5825 5823//5820 5822//5819
f 5830//5827 5831//5828 5832//5829 5833//5830
f 5778//5775 5832//5829 5831//5828 5780//5777
f 5777//5774 5827//5824 5832//5829 5778//5775
f 5833//5830 5832//5829 5827//5824 5826//5823
f 2427//2426 5834//5831 5835//5832 2428//2427
f 5836//5833 5834//5831 2427//2426 2430//2429
f 5830//5827 5833//5830 5834//5831 5836//5833
f 5826//5823 5835//5832 5834//5831 5833//5830
f 5837//5834 5838//5835 5839//5836 5840//5837
f 5841//5838 5839//5836 5838//5835 2436//2435
f 5825//5822 5839//5836 5841//5838 5822//5819
f 5840//5837 5839//5836 5825//5822 5818//5815
f 5822//5819 5841//5838 5842//5839 5829//5826
f 2438//2437 5842//5839 5841//5838 2436//2435
f 2428//2427 5835//5832 5842//5839 2438//2437
f 5829//5826 5842//5839 5835//5832 5826//5823
f 5843//5840 5844//5841 5845//5842 5846//5843
f 5840//5837 5845//5842 5844//5841 5837//5834
f 5818//5815 5821//5818 5845//5842 5840//5837
f 5846//5843 5845//5842 5821//5818 5817//5814
f 5837//5834 5844//5841 5847//5844 5838//5835
f 5848//5845 5847//5844 5844//5841 5843//5840
f 2445//2444 2444//2443 5847//5844 5848//5845
f 5838//5835 5847//5844 2444//2443 2436//2435
f 5849//5846 5850//5847 5851//5848 5852//5849
f 5846//5843 5851//5848 5850//5847 5843//5840
f 5817//5814 5814//5811 5851//5848 5846//5843
f 5852//5849 5851//5848 5814//5811 5813//5810
f 5843//5840 5850//5847 5853//5850 5848//5845
f 5854//5851 5853//5850 5850//5847 5849//5846
f 5853//5850 5854//5851 2453//2452 2452//2451
f 5848//5845 5853//5850 2452//2451 2445//2444
f 5855//5852 5856//5853 5857//5854 5858//5855
f 5852//5849 5857//5854 5856//5853 5849//5846
f 5813//5810 5810//5807 5857//5854 5852//5849
f 5858//5855 5857//5854 5810//5807 5809//5806
f 5855//5852 5859//5856 5860//5857 5856//5853
f 2461//2460 5860//5857 5859//5856 2462//2461
f 2453//2452 5854//5851 5860//5857 2461//2460
f 5860//5857 5854//5851 5849//5846 5856//5853
f 5809//5806 5806//5803 5861//5858 5858//5855
f 5862//5859 5861//5858 5806//5803 5805//5802
f 5861//5858 5862//5859 5863//5860
f 5858//5855 5861//5858 5864//5861 5855//5852
f 5863//5860 5865//5862 5866//5863 5864//5861
f 2469//2468 5866//5863 5865//5862 2470//2469
f 2462//2461 5859//5856 5866//5863 2469//2468
f 5864//5861 5866//5863 5859//5856 5855//5852
f 5867//5864 5868//5865 5869//5866 5870//5867
f 5868//5865 5863//5860 5862//5859
f 5805//5802 5804//5801 5869//5866 5862//5859
f 5804//5801 5800//5797 5870//5867
f 5868//5865 5867//5864 5871//5868
f 2477//2476 5872//5869 5871//5868 2478//2477
f 2470//2469 5865//5862 5872//5869 2477//2476
f 5865//5862 5863//5860 5868//5865
f 5873//5870 5874//5871 5875//5872 5876//5873
f 5870//5867 5875//5872 5874//5871 5867//5864
f 5800//5797 5799//5796 5875//5872 5870//5867
f 5876//5873 5875//5872 5799//5796 5782//5779
f 5867//5864 5874//5871 5877//5874 5871//5868
f 5878//5875 5877//5874 5874//5871 5873//5870
f 2485//2484 2484//2483 5877//5874 5878//5875
f 5871//5868 5877//5874 2484//2483 2478//2477
f 5782//5779 5787//5784 5879//5876 5876//5873
f 5880//5877 5879//5876 5787//5784 5786//5783
f 5881//5878 5882//5879 5879//5876 5880//5877
f 5876//5873 5879//5876 5882//5879 5873//5870
f 5873//5870 5882//5879 5883//5880 5878//5875
f 5884//5881 5883//5880 5882//5879 5881//5878
f 2493//2492 2492//2491 5883//5880 5884//5881
f 5878//5875 5883//5880 2492//2491 2485//2484
f 5786//5783 5791//5788 5885//5882 5880//5877
f 5886//5883 5885//5882 5791//5788 5790//5787
f 5887//5884 5888//5885 5885//5882 5886//5883
f 5880//5877 5885//5882 5888//5885 5881//5878
f 5881//5878 5888//5885 5889//5886 5884//5881
f 5890//5887 5889//5886 5888//5885 5887//5884
f 2501//2500 2500//2499 5889//5886 5890//5887
f 5884//5881 5889//5886 2500//2499 2493//2492
f 5790//5787 5794//5791 5891//5888 5886//5883
f 5892//5889 5891//5888 5794//5791 5797//5794
f 5893//5890 5894//5891 5891//5888 5892//5889
f 5886//5883 5891//5888 5894//5891 5887//5884
f 5887//5884 5894//5891 5895//5892 5890//5887
f 5896//5893 5895//5892 5894//5891 5893//5890
f 2510//2509 2508//2507 5895//5892 5896//5893
f 5890//5887 5895//5892 2508//2507 2501//2500
f 1150//1150 2512//2511 5897//5894 4641//4637
f 5898//5895 5897//5894 2512//2511 2516//2515
f 5899//5896 5900//5897 5897//5894 5898//5895
f 4641//4637 5897//5894 5900//5897 4642//4638
f 5901//5898 5902//5899 5903//5900 5904//5901
f 5905//5902 5902//5899 5901//5898 5906//5903
f 2521//2520 5902//5899 5905//5902 2522//2521
f 2520//2519 5903//5900 5902//5899 2521//2520
f 5907//5904 5908//5905 5909//5906 5910//5907
f 5911//5908 5909//5906 5908//5905 5912//5909
f 5913//5910 5914//5911 5909//5906 5911//5908
f 5910//5907 5909//5906 5914//5911 5915//5912
f 2516//2515 2536//2535 5916//5913 5898//5895
f 5916//5913 2536//2535 2522//2521 5905//5902
f 5906//5903 5917//5914 5916//5913 5905//5902
f 5898//5895 5916//5913 5917//5914 5899//5896
f 5899//5896 5917//5914 5918//5915 5919//5916
f 5920//5917 5918//5915 5917//5914 5906//5903
f 5921//5918 5922//5919 5918//5915 5920//5917
f 5919//5916 5918//5915 5922//5919 5923//5920
f 5923//5920 5922//5919 5924//5921 5925//5922
f 5926//5923 5924//5921 5922//5919 5921//5918
f 5907//5904 5910//5907 5924//5921 5926//5923
f 5925//5922 5924//5921 5910//5907 5915//5912
f 5927//5924 5928//5925 5929//5926 5930//5927
f 5929//5926 5928//5925 5931//5928 5932//5929
f 5684//5681 5929//5926 5932//5929 5687//5684
f 5930//5927 5929//5926 5684//5681 5068//5064
f 5913//5910 5933//5930 5934//5931 5914//5911
f 5935//5932 5934//5931 5933//5930 5936//5933
f 5937//5934 5934//5931 5935//5932 5938//5935
f 5915//5912 5914//5911 5934//5931 5937//5934
f 5939//5936 5940//5937 5941//5938 5942//5939
f 5939//5936 5943//5940 5944//5941
f 5940//5937 5944//5941 5024//5020
f 5021//5017 5011//5007 5941//5938
f 4997//4993 5945//5942 5946//5943 5010//5006
f 5947//5944 5946//5943 5945//5942 5948//5945
f 5941//5938 5946//5943 5947//5944 5942//5939
f 5010//5006 5946//5943 5941//5938 5011//5007
f 3753//3749 3764//3760 5949//5946 5000//4996
f 5950//5947 5949//5946 3764//3760 3763//3759
f 5948//5945 5945//5942 5949//5946 5950//5947
f 5000//4996 5949//5946 5945//5942 4997//4993
f 3763//3759 5951//5948 5952//5949 5950//5947
f 5953//5950 5952//5949 5951//5948 5954//5951
f 5955//5952 5956//5953 5952//5949 5953//5950
f 5950//5947 5952//5949 5956//5953 5948//5945
f 5948//5945 5956//5953 5957//5954 5947//5944
f 5958//5955 5957//5954 5956//5953 5955//5952
f 5959//5956 5960//5957 5957//5954 5958//5955
f 5960//5957 5942//5939 5947//5944
f 5959//5956 5961//5958 5962//5959 5960//5957
f 5963//5960 5962//5959 5961//5958 5964//5961
f 5965//5962 5966//5963 5962//5959 5963//5960
f 5960//5957 5962//5959 5966//5963 5942//5939
f 5963//5960 5967//5964 5968//5965 5965//5962
f 5964//5961 5969//5966 5967//5964 5963//5960
f 5970//5967 5967//5964 5969//5966 5971//5968
f 5968//5965 5967//5964 5970//5967 5936//5933
f 5938//5935 5935//5932 5972//5969 5973//5970
f 5970//5967 5972//5969 5935//5932 5936//5933
f 5971//5968 5974//5971 5972//5969 5970//5967
f 5973//5970 5972//5969 5974//5971 5975//5972
f 4569//4565 5976//5973 5977//5974 4568//4564
f 5978//5975 5977//5974 5976//5973 5975//5972
f 5979//5976 5980//5977 5977//5974 5978//5975
f 4568//4564 5977//5974 5980//5977 4529//4525
f 5981//5978 5982//5979 5983//5980
f 5984//5981 5979//5976 5978//5975
f 5975//5972 5974//5971 5981//5978 5978//5975
f 5982//5979 5981//5978 5974//5971 5971//5968
f 5985//5982 5986//5983 5987//5984 5988//5985
f 5930//5927 5987//5984 5986//5983 5927//5924
f 5068//5064 5067//5063 5987//5984 5930//5927
f 5988//5985 5987//5984 5067//5063 5059//5055
f 5989//5986 5990//5987 5991//5988 5992//5989
f 5928//5925 5991//5988 5990//5987 5931//5928
f 5927//5924 5993//5990 5991//5988 5928//5925
f 5992//5989 5991//5988 5993//5990 5994//5991
f 5995//5992 5996//5993 5997//5994 5998//5995
f 5992//5989 5997//5994 5996//5993 5989//5986
f 5994//5991 5999//5996 5997//5994 5992//5989
f 5998//5995 5997//5994 5999//5996 5912//5909
f 6000//5997 6001//5998 6002//5999 6003//6000
f 5993//5990 6002//5999 6001//5998 5994//5991
f 5927//5924 5986//5983 6002//5999 5993//5990
f 6003//6000 6002//5999 5986//5983 5985//5982
f 5911//5908 6004//6001 6005//6002 5913//5910
f 5912//5909 5999//5996 6004//6001 5911//5908
f 6006//6003 6004//6001 5999//5996 5994//5991
f 6005//6002 6004//6001 6006//6003 6007//6004
f 5965//5962 6008//6005 6009//6006 5966//5963
f 6010//6007 6009//6006 6008//6005 6007//6004
f 5943//5940 5939//5936 6009//6006 6010//6007
f 5942//5939 5966//5963 6009//6006 5939//5936
f 5936//5933 5933//5930 6011//6008 5968//5965
f 6005//6002 6011//6008 5933//5930 5913//5910
f 6007//6004 6008//6005 6011//6008 6005//6002
f 5968//5965 6011//6008 6008//6005 5965//5962
f 6012//6009 5944//5941 5943//5940
f 6013//6010 6012//6009 6014//6011 6015//6012
f 5036//5032 5033//5029 6012//6009 6013//6010
f 5944//5941 6012//6009 5033//5029 5024//5020
f 6015//6012 6016//6013 6017//6014 6013//6010
f 6018//6015 6017//6014 6016//6013 6019//6016
f 5048//5044 5047//5043 6017//6014 6018//6015
f 6013//6010 6017//6014 5047//5043 5036//5032
f 6020//6017 6018//6015 6019//6016
f 5988//5985 6020//6017 6021//6018 5985//5982
f 6020//6017 5988//5985 5059//5055
f 6018//6015 6020//6017 5057//5053 5048//5044
f 6022//6019 6023//6020 6024//6021 6025//6022
f 6019//6016 6016//6013 6023//6020 6022//6019
f 6015//6012 6024//6021 6023//6020 6016//6013
f 5985//5982 6021//6018 6026//6023 6003//6000
f 6022//6019 6026//6023 6021//6018 6019//6016
f 6025//6022 6027//6024 6026//6023 6022//6019
f 6003//6000 6026//6023 6027//6024 6000//5997
f 6000//5997 6027//6024 6028//6025 6001//5998
f 6029//6026 6028//6025 6027//6024 6025//6022
f 6007//6004 6006//6003 6028//6025 6029//6026
f 6001//5998 6028//6025 6006//6003 5994//5991
f 6025//6022 6024//6021 6030//6027 6029//6026
f 6014//6011 6030//6027 6024//6021 6015//6012
f 6010//6007 6030//6027 6014//6011 5943//5940
f 6029//6026 6030//6027 6010//6007 6007//6004
f 3858//3854 6031//6028 6032//6029 3857//3853
f 6033//6030 6032//6029 6031//6028 6034//6031
f 3822//3818 3819//3815 6032//6029 6033//6030
f 3857//3853 6032//6029 3819//3815 3818//3814
f 3898//3894 6035//6032 6036//6033 3897//3893
f 6037//6034 6036//6033 6035//6032 6038//6035
f 6034//6031 6031//6028 6036//6033 6037//6034
f 3897//3893 6036//6033 6031//6028 3858//3854
f 6039//6036 6040//6037 6041//6038 6042//6039
f 6035//6032 6041//6038 6040//6037 6038//6035
f 3898//3894 4523//4519 6041//6038 6035//6032
f 6042//6039 6041//6038 4523//4519 4522//4518
f 6043//6040 6044//6041 6045//6042 6046//6043
f 6042//6039 6045//6042 6044//6041 6039//6036
f 4522//4518 4531//4527 6045//6042 6042//6039
f 6046//6043 6045//6042 4531//4527 4530//4526
f 6047//6044 6048//6045 6049//6046
f 6050//6047 6049//6046 5983//5980
f 6050//6047 5982//5979 5971//5968
f 5969//5966 5964//5961 6047//6044
f 6051//6048 6052//6049 6053//6050 6054//6051
f 6052//6049 6048//6045 6047//6044
f 6053//6050 6047//6044 5964//5961
f 6054//6051 6053//6050 5961//5958 5959//5956
f 6055//6052 6056//6053 6057//6054 6058//6055
f 4526//4522 6057//6054 6056//6053 4530//4526
f 4529//4525 5980//5977 6057//6054 4526//4522
f 6058//6055 6057//6054 5980//5977 5979//5976
f 6048//6045 6059//6056 6060//6057 6049//6046
f 6058//6055 6060//6057 6059//6056 6055//6052
f 5979//5976 5984//5981 6060//6057 6058//6055
f 6049//6046 6060//6057 5984//5981 5983//5980
f 6061//6058 6062//6059 6063//6060 6064//6061
f 6046//6043 6063//6060 6062//6059 6043//6040
f 4530//4526 6056//6053 6063//6060 6046//6043
f 6064//6061 6063//6060 6056//6053 6055//6052
f 5955//5952 6065//6062 6066//6063 5958//5955
f 6067//6064 6066//6063 6065//6062 6068//6065
f 6051//6048 6054//6051 6066//6063 6067//6064
f 5958//5955 6066//6063 6054//6051 5959//5956
f 6069//6066 6052//6049 6051//6048
f 6070//6067 6069//6066 6071//6068 6072//6069
f 6055//6052 6059//6056 6069//6066 6070//6067
f 6059//6056 6048//6045 6052//6049
f 6072//6069 6073//6070 6074//6071 6070//6067
f 6075//6072 6076//6073 6074//6071 6073//6070
f 6064//6061 6074//6071 6076//6073 6061//6058
f 6070//6067 6074//6071 6064//6061 6055//6052
f 5953//5950 6077//6074 6065//6062 5955//5952
f 6078//6075 6077//6074 5953//5950 5954//5951
f 6068//6065 6065//6062 6077//6074 6078//6075
f 6067//6064 6079//6076 6071//6068 6051//6048
f 6068//6065 6080//6077 6079//6076 6067//6064
f 6081//6078 6079//6076 6080//6077 6082//6079
f 6072//6069 6071//6068 6079//6076 6081//6078
f 6082//6079 6083//6080 6084//6081 6081//6078
f 6085//6082 6084//6081 6083//6080 6086//6083
f 6073//6070 6084//6081 6085//6082 6075//6072
f 6081//6078 6084//6081 6073//6070 6072//6069
f 6087//6084 6088//6085 6089//6086 6090//6087
f 3821//3817 6089//6086 6088//6085 3762//3758
f 3822//3818 6091//6088 6089//6086 3821//3817
f 6090//6087 6089//6086 6091//6088 6092//6089
f 3762//3758 6088//6085 6093//6090 3761//3757
f 6094//6091 6093//6090 6088//6085 6087//6084
f 5954//5951 5951//5948 6093//6090 6094//6091
f 3761//3757 6093//6090 5951//5948 3763//3759
f 5954//5951 6095//6092 6096//6093 6078//6075
f 6097//6094 6096//6093 6095//6092 6098//6095
f 6082//6079 6080//6077 6096//6093 6097//6094
f 6078//6075 6096//6093 6080//6077 6068//6065
f 6098//6095 6099//6096 6100//6097 6097//6094
f 6101//6098 6100//6097 6099//6096 6102//6099
f 6086//6083 6083//6080 6100//6097 6101//6098
f 6097//6094 6100//6097 6083//6080 6082//6079
f 6034//6031 6103//6100 6104//6101 6033//6030
f 6105//6102 6104//6101 6103//6100 6106//6103
f 6092//6089 6091//6088 6104//6101 6105//6102
f 6033//6030 6104//6101 6091//6088 3822//3818
f 6087//6084 6107//6104 6108//6105 6094//6091
f 6109//6106 6108//6105 6107//6104 6110//6107
f 6098//6095 6095//6092 6108//6105 6109//6106
f 6094//6091 6108//6105 6095//6092 5954//5951
f 6092//6089 6105//6102 6111//6108 6090//6087
f 6112//6109 6111//6108 6105//6102 6106//6103
f 6110//6107 6107//6104 6111//6108 6112//6109
f 6090//6087 6111//6108 6107//6104 6087//6084
f 6110//6107 6113//6110 6114//6111 6109//6106
f 6115//6112 6114//6111 6113//6110 6116//6113
f 6102//6099 6099//6096 6114//6111 6115//6112
f 6109//6106 6114//6111 6099//6096 6098//6095
f 6106//6103 6117//6114 6118//6115 6112//6109
f 6119//6116 6118//6115 6117//6114 6120//6117
f 6116//6113 6113//6110 6118//6115 6119//6116
f 6112//6109 6118//6115 6113//6110 6110//6107
f 6038//6035 6121//6118 6122//6119 6037//6034
f 6123//6120 6122//6119 6121//6118 6124//6121
f 6106//6103 6103//6100 6122//6119 6123//6120
f 6037//6034 6122//6119 6103//6100 6034//6031
f 6040//6037 6125//6122 6121//6118 6038//6035
f 6126//6123 6125//6122 6040//6037 6039//6036
f 6127//6124 6128//6125 6125//6122 6126//6123
f 6124//6121 6121//6118 6125//6122 6128//6125
f 6124//6121 6129//6126 6130//6127 6123//6120
f 6131//6128 6130//6127 6129//6126 6132//6129
f 6120//6117 6117//6114 6130//6127 6131//6128
f 6123//6120 6130//6127 6117//6114 6106//6103
f 6039//6036 6044//6041 6133//6130 6126//6123
f 6134//6131 6133//6130 6044//6041 6043//6040
f 6135//6132 6136//6133 6133//6130 6134//6131
f 6126//6123 6133//6130 6136//6133 6127//6124
f 6137//6134 6138//6135 6128//6125 6127//6124
f 6139//6136 6140//6137 6138//6135 6137//6134
f 6132//6129 6129//6126 6138//6135 6140//6137
f 6128//6125 6138//6135 6129//6126 6124//6121
f 6043//6040 6062//6059 6141//6138 6134//6131
f 6142//6139 6141//6138 6062//6059 6061//6058
f 6143//6140 6144//6141 6141//6138 6142//6139
f 6134//6131 6141//6138 6144//6141 6135//6132
f 6145//6142 6146//6143 6147//6144 6148//6145
f 6137//6134 6147//6144 6146//6143 6139//6136
f 6127//6124 6136//6133 6147//6144 6137//6134
f 6148//6145 6147//6144 6136//6133 6135//6132
f 6149//6146 6150//6147 6151//6148 6152//6149
f 6142//6139 6151//6148 6150//6147 6143//6140
f 6061//6058 6076//6073 6151//6148 6142//6139
f 6152//6149 6151//6148 6076//6073 6075//6072
f 6153//6150 6154//6151 6155//6152 6156//6153
f 6152//6149 6155//6152 6154//6151 6149//6146
f 6075//6072 6085//6082 6155//6152 6152//6149
f 6086//6083 6156//6153 6155//6152 6085//6082
f 6135//6132 6144//6141 6157//6154 6148//6145
f 6158//6155 6157//6154 6144//6141 6143//6140
f 6159//6156 6160//6157 6157//6154 6158//6155
f 6148//6145 6157//6154 6160//6157 6145//6142
f 6102//6099 6161//6158 6162//6159 6101//6098
f 6163//6160 6162//6159 6161//6158 6164//6161
f 6153//6150 6156//6153 6162//6159 6163//6160
f 6101//6098 6162//6159 6156//6153 6086//6083
f 6165//6162 6166//6163 6167//6164
f 6158//6155 6165//6162 6168//6165 6159//6156
f 6143//6140 6150//6147 6165//6162 6158//6155
f 6166//6163 6165//6162 6150//6147 6149//6146
f 6164//6161 6169//6166 6170//6167 6163//6160
f 6166//6163 6170//6167 6169//6166 6167//6164
f 6149//6146 6154//6151 6170//6167 6166//6163
f 6163//6160 6170//6167 6154//6151 6153//6150
f 6116//6113 6171//6168 6172//6169 6115//6112
f 6173//6170 6172//6169 6171//6168 6174//6171
f 6164//6161 6161//6158 6172//6169 6173//6170
f 6115//6112 6172//6169 6161//6158 6102//6099
f 6120//6117 6175//6172 6176//6173 6119//6116
f 6177//6174 6176//6173 6175//6172 6178//6175
f 6174//6171 6171//6168 6176//6173 6177//6174
f 6119//6116 6176//6173 6171//6168 6116//6113
f 6174//6171 6179//6176 6180//6177 6173//6170
f 6169//6166 6180//6177 6179//6176 6167//6164
f 6173//6170 6180//6177 6169//6166 6164//6161
f 6178//6175 6181//6178 6182//6179 6177//6174
f 6183//6180 6182//6179 6181//6178 6184//6181
f 6167//6164 6179//6176 6182//6179 6183//6180
f 6177//6174 6182//6179 6179//6176 6174//6171
f 6183//6180 6185//6182 6168//6165 6167//6164
f 6184//6181 6186//6183 6185//6182 6183//6180
f 6187//6184 6188//6185 6185//6182 6186//6183
f 6168//6165 6185//6182 6188//6185 6159//6156
f 6189//6186 6190//6187 6186//6183 6184//6181
f 6191//6188 6192//6189 6190//6187 6189//6186
f 6193//6190 6194//6191 6190//6187 6192//6189
f 6186//6183 6190//6187 6194//6191 6187//6184
f 6159//6156 6188//6185 6195//6192 6160//6157
f 6196//6193 6195//6192 6188//6185 6187//6184
f 6197//6194 6195//6192 6196//6193 6198//6195
f 6145//6142 6160//6157 6195//6192 6197//6194
f 6198//6195 6199//6196 6200//6197 6197//6194
f 6201//6198 6200//6197 6199//6196 6202//6199
f 6139//6136 6146//6143 6200//6197 6201//6198
f 6197//6194 6200//6197 6146//6143 6145//6142
f 6203//6200 6204//6201 6205//6202
f 6203//6200 6206//6203 6191//6188
f 6184//6181 6181//6178 6203//6200 6189//6186
f 6204//6201 6203//6200 6181//6178 6178//6175
f 6132//6129 6207//6204 6208//6205 6131//6128
f 6204//6201 6208//6205 6207//6204 6205//6202
f 6178//6175 6175//6172 6208//6205 6204//6201
f 6131//6128 6208//6205 6175//6172 6120//6117
f 6202//6199 6209//6206 6210//6207 6201//6198
f 6205//6202 6207//6204 6210//6207 6209//6206
f 6140//6137 6210//6207 6207//6204 6132//6129
f 6201//6198 6210//6207 6140//6137 6139//6136
f 6211//6208 6212//6209 6213//6210
f 6214//6211 6205//6202 6209//6206
f 6202//6199 6199//6196 6211//6208 6209//6206
f 6212//6209 6211//6208 6199//6196 6198//6195
f 6191//6188 6206//6203 6215//6212 6192//6189
f 6214//6211 6215//6212 6206//6203 6205//6202
f 6215//6212 6214//6211 6213//6210
f 6192//6189 6215//6212 6216//6213 6193//6190
f 6193//6190 6216//6213 6217//6214 6194//6191
f 6217//6214 6216//6213 6213//6210 6212//6209
f 6198//6195 6196//6193 6217//6214 6212//6209
f 6194//6191 6217//6214 6196//6193 6187//6184
f 6218//6215 6219//6216 6220//6217
f 4585//4581 6218//6215 6221//6218 4586//4582
f 4582//4578 4598//4594 6218//6215 4585//4581
f 6219//6216 6218//6215 4598//4594 4601//4597
f 4663//4659 6222//6219 6223//6220 4664//4660
f 6219//6216 6223//6220 6222//6219 6220//6217
f 4659//4655 6223//6220 6219//6216 4601//4597
f 4660//4656 4664//4660 6223//6220 4659//4655
f 6224//6221 4670//4666 4669//4665 6225//6222
f 6226//6223 6224//6221 6225//6222 6227//6224
f 6220//6217 6222//6219 6224//6221
f 4670//4666 6224//6221 6222//6219 4663//4659
f 4546//4542 4587//4583 6228//6225 4553//4549
f 6229//6226 6228//6225 4587//4583 4586//4582
f 6230//6227 6231//6228 6228//6225 6229//6226
f 4553//4549 6228//6225 6231//6228 4550//4546
f 4586//4582 6221//6218 6232//6229 6229//6226
f 6233//6230 6232//6229 6221//6218 6220//6217
f 6234//6231 6235//6232 6232//6229 6233//6230
f 6229//6226 6232//6229 6235//6232 6230//6227
f 6227//6224 6236//6233 6237//6234 6226//6223
f 6233//6230 6237//6234 6236//6233 6234//6231
f 6237//6234 6233//6230 6220//6217
f 4550//4546 6231//6228 6238//6235 4557//4553
f 6239//6236 6238//6235 6231//6228 6230//6227
f 6240//6237 6241//6238 6238//6235 6239//6236
f 4557//4553 6238//6235 6241//6238 4554//4550
f 4669//4665 4672//4668 6242//6239 6225//6222
f 6243//6240 6242//6239 4672//4668 4671//4667
f 6244//6241 6245//6242 6242//6239 6243//6240
f 6242//6239 6245//6242 6227//6224 6225//6222
f 6246//6243 6239//6236 6230//6227
f 6247//6244 6246//6243 6235//6232 6234//6231
f 6248//6245 6249//6246 6246//6243 6247//6244
f 6249//6246 6240//6237 6239//6236
f 6244//6241 6250//6247 6251//6248 6245//6242
f 6247//6244 6251//6248 6250//6247 6248//6245
f 6234//6231 6236//6233 6251//6248 6247//6244
f 6245//6242 6251//6248 6236//6233 6227//6224
f 6252//6249 6253//6250 6241//6238 6240//6237
f 6252//6249 6254//6251 6255//6252
f 4561//4557 4558//4554 6253//6250 6255//6252
f 6253//6250 4558//4554 4554//4550 6241//6238
f 4671//4667 4676//4672 6256//6253 6243//6240
f 6257//6254 6256//6253 4676//4672 4675//4671
f 6258//6255 6259//6256 6256//6253 6257//6254
f 6243//6240 6256//6253 6259//6256 6244//6241
f 6260//6257 6261//6258 6249//6246 6248//6245
f 6262//6259 6261//6258 6260//6257 6263//6260
f 6261//6258 6262//6259 6254//6251
f 6261//6258 6252//6249 6240//6237
f 6244//6241 6259//6256 6264//6261 6250//6247
f 6265//6262 6264//6261 6259//6256 6258//6255
f 6263//6260 6260//6257 6264//6261 6265//6262
f 6248//6245 6250//6247 6264//6261 6260//6257
f 6266//6263 6255//6252 6254//6251
f 6267//6264 6266//6263 6268//6265 6269//6266
f 4563//4559 4562//4558 6266//6263 6267//6264
f 6255//6252 6266//6263 4562//4558 4561//4557
f 6263//6260 6270//6267 6271//6268 6262//6259
f 6272//6269 6271//6268 6270//6267 6273//6270
f 6269//6266 6268//6265 6271//6268 6272//6269
f 6262//6259 6271//6268 6268//6265 6254//6251
f 6274//6271 6275//6272 6276//6273 6277//6274
f 5973//5970 6276//6273 6275//6272 5938//5935
f 5975//5972 5976//5973 6276//6273 5973//5970
f 6277//6274 6276//6273 5976//5973 4569//4565
f 6269//6266 6278//6275 6279//6276 6267//6264
f 6278//6275 6274//6271 6277//6274
f 4569//4565 4566//4562 6279//6276 6277//6274
f 6267//6264 6279//6276 4566//4562 4563//4559
f 6273//6270 6280//6277 6281//6278 6272//6269
f 6282//6279 6281//6278 6280//6277 6283//6280
f 6281//6278 6282//6279 6274//6271
f 6272//6269 6281//6278 6278//6275 6269//6266
f 4675//4671 4680//4676 6284//6281 6257//6254
f 6285//6282 6284//6281 4680//4676 4679//4675
f 6286//6283 6287//6284 6284//6281 6285//6282
f 6257//6254 6284//6281 6287//6284 6258//6255
f 6258//6255 6287//6284 6288//6285 6265//6262
f 6289//6286 6288//6285 6287//6284 6286//6283
f 6273//6270 6270//6267 6288//6285 6289//6286
f 6265//6262 6288//6285 6270//6267 6263//6260
f 5938//5935 6275//6272 6290//6287 5937//5934
f 6291//6288 6290//6287 6275//6272 6274//6271
f 6292//6289 6293//6290 6290//6287 6291//6288
f 5937//5934 6290//6287 6293//6290 5915//5912
f 5923//5920 6294//6291 6295//6292 5919//5916
f 6296//6293 6295//6292 6294//6291 6297//6294
f 4642//4638 5900//5897 6295//6292 6296//6293
f 5919//5916 6295//6292 5900//5897 5899//5896
f 6298//6295 6282//6279 6283//6280
f 6299//6296 6300//6297 6301//6298
f 6301//6298 6292//6289 6291//6288
f 6291//6288 6274//6271 6282//6279
f 6294//6291 6302//6299 6303//6300 6297//6294
f 5925//5922 6302//6299 6294//6291 5923//5920
f 5915//5912 6293//6290 6302//6299 5925//5922
f 6303//6300 6302//6299 6293//6290 6292//6289
f 6300//6297 6304//6301 6305//6302 6301//6298
f 6303//6300 6305//6302 6304//6301 6297//6294
f 6292//6289 6301//6298 6305//6302 6303//6300
f 4679//4675 6306//6303 6307//6304 6285//6282
f 6304//6301 6307//6304 6306//6303 6297//6294
f 6300//6297 6308//6305 6307//6304 6304//6301
f 6285//6282 6307//6304 6308//6305 6286//6283
f 4638//4634 4643//4639 6309//6306 4682//4678
f 6296//6293 6309//6306 4643//4639 4642//4638
f 6297//6294 6306//6303 6309//6306 6296//6293
f 4682//4678 6309//6306 6306//6303 4679//4675
f 6286//6283 6308//6305 6310//6307 6289//6286
f 6299//6296 6310//6307 6308//6305 6300//6297
f 6283//6280 6280//6277 6310//6307 6299//6296
f 6289//6286 6310//6307 6280//6277 6273//6270
f 6311//6308 6312//6309 4836//4832 4835//4831
f 6313//6310 6312//6309 6311//6308 6314//6311
f 2934//2933 2933//2932 6312//6309 6313//6310
f 4836//4832 6312//6309 2933//2932 1353//1353
f 6315//6312 6311//6308 4835//4831
f 4840//4836 4839//4835 6316//6313
f 6317//6314 6318//6315 6315//6312 6316//6313
f 6314//6311 6311//6308 6315//6312 6318//6315
f 6314//6311 6318//6315 6319//6316 6313//6310
f 6320//6317 6319//6316 6318//6315 6317//6314
f 2943//2942 2942//2941 6319//6316 6320//6317
f 6313//6310 6319//6316 2942//2941 2934//2933
f 6321//6318 6322//6319 4846//4842 4845//4841
f 6323//6320 6322//6319 6321//6318 6324//6321
f 6316//6313 6322//6319 6323//6320 6317//6314
f 4839//4835 4846//4842 6322//6319 6316//6313
f 6325//6322 4850//4846 4849//4845 4880//4876
f 6326//6323 6325//6322 4880//4876 4884//4880
f 6324//6321 6321//6318 6325//6322 6326//6323
f 6321//6318 4845//4841 4850//4846
f 4884//4880 6327//6324 6328//6325 6326//6323
f 6327//6324 2956//2955 2955//2954
f 2954//2953 6329//6326 6328//6325 2955//2954
f 6326//6323 6328//6325 6329//6326 6324//6321
f 6330//6327 5781//5778 5780//5777
f 6327//6324 6330//6327 6331//6328 2956//2955
f 4884//4880 4883//4879 6330//6327 6327//6324
f 5781//5778 6330//6327 4883//4879 4882//4878
f 2430//2429 2960//2959 6332//6329 5836//5833
f 6331//6328 6332//6329 2960//2959 2956//2955
f 5780//5777 5831//5828 6332//6329 6331//6328
f 5836//5833 6332//6329 5831//5828 5830//5827
f 6317//6314 6323//6320 6333//6330 6320//6317
f 6324//6321 6329//6326 6333//6330 6323//6320
f 6333//6330 6329//6326 2954//2953 2962//2961
f 6320//6317 6333//6330 2962//2961 2943//2942
f 6335//6331 6334//6332 2964//6333 2968//2974
f 6336//6334 6334//6332 6335//6331 6337//6335
f 6337//6335 6335//6331 6340//6336 6341//6337
f 2968//2974 2978//2973 6340//6336 6335//6331
f 2977//2972 6342//6338 6340//6336 2978//2973
f 6340//6336 6342//6338 6343//6339
f 6337//6335 6341//6337 6344//6340 6336//6334
f 6341//6337 6343//6339 6345//6341
f 6346//6342 6347//6343 6348//6344 6349//6345
f 5998//5995 6348//6344 6347//6343 5995//5992
f 5912//5909 5908//5905 6348//6344 5998//5995
f 6349//6345 6348//6344 5908//5905 5907//5904
f 6349//6345 6350//6346 6351//6347 6346//6342
f 5907//5904 5926//5923 6350//6346 6349//6345
f 5921//5918 6352//6348 6350//6346 5926//5923
f 6353//6349 6351//6347 6350//6346 6352//6348
f 5906//5903 5901//5898 6354//6350 5920//5917
f 5904//5901 6355//6351 6354//6350 5901//5898
f 6352//6348 6354//6350 6355//6351 6353//6349
f 5920//5917 6354//6350 6352//6348 5921//5918
f 6356//6352 6357//6353 6343//6339
f 2996//2993 6356//6352 6342//6338 2977//2972
f 2995//2992 6358//6354 6356//6352 2996//2993
f 6357//6353 6356//6352 6358//6354 6359//6355
f 6360//6356 6361//6357 6362//6358
f 6338//6359 6345//6341 6363//6360 6362//6358
f 6363//6360 6345//6341 6343//6339
f 6359//6355 6360//6356 6363//6360 6357//6353
f 6362//6358 6364//6361 6339//6362 6338//6359
f 6364//6361 6362//6358 6361//6357
f 6374//6363 6375//6364 6376//6365 6377//6366
f 6370//6367 6376//6365 6375//6364 6371//6368
f 6376//6365 6370//6367 6369//6369
f 6378//6370 6377//6366 6376//6365 6379//6371
f 6381//6372 6380//6373 6375//6364 6374//6363
f 6382//6374 6383//6375 6380//6373 6381//6372
f 6385//6376 6384//6377 6387//6378 6388//6379
f 6388//6379 6387//6378 6389//6380 6390//6381
f 6391//6382 6389//6380 6387//6378 6386//6383
f 6392//6384 6393//6385 6389//6380 6391//6382
f 6390//6381 6389//6380 6393//6385 6394//6386
f 6385//6376 6395//6387 6372//6388 6373//6389
f 6388//6379 6396//6390 6395//6387 6385//6376
f 3023//3011 6395//6387 6396//6390 3024//3015
f 3006//3014 6372//6388 6395//6387 3023//3011
f 3024//3015 6396//6390 6397//6391 3026//3017
f 6390//6381 6397//6391 6396//6390 6388//6379
f 6394//6386 6398//6392 6397//6391 6390//6381
f 3026//3017 6397//6391 6398//6392 3028//3019
f 6382//6374 6401//6393 6402//6394 6399//6395
f 6403//6396 6402//6394 6401//6393 6404//6397
f 6392//6384 6405//6398 6402//6394 6403//6396
f 6399//6395 6402//6394 6405//6398 6400//6399
f 6400//6399 6405//6398 6407//6400 6406//6401
f 6391//6382 6407//6400 6405//6398 6392//6384
f 6386//6383 6406//6401 6407//6400 6391//6382
f 3038//3030 6408//6402 6409//6403 3039//3031
f 6410//6404 6409//6403 6408//6402 6411//6405
f 6412//6406 6413//6407 6409//6403 6410//6404
f 3039//3031 6409//6403 6413//6407 3043//3035
f 6411//6405 6414//6408 6415//6409 6410//6404
f 6416//6410 6415//6409 6414//6408 6417//6411
f 6418//6412 6419//6413 6415//6409 6416//6410
f 6410//6404 6415//6409 6419//6413 6412//6406
f 6420//6414 6421//6415 6422//6416 6423//6417
f 6424//6418 6425//6419 6421//6415 6420//6414
f 6425//6419 6418//6412 6416//6410
f 6421//6415 6416//6410 6417//6411
f 6426//6420 6427//6421 6428//6422 6429//6423
f 6430//6424 6428//6422 6427//6421 6431//6425
f 6432//6426 6433//6427 6428//6422 6430//6424
f 6429//6423 6428//6422 6433//6427 6434//6428
f 6431//6425 6435//6429 6436//6430 6430//6424
f 6437//6431 6436//6430 6435//6429 6438//6432
f 6439//6433 6440//6434 6436//6430 6437//6431
f 6430//6424 6436//6430 6440//6434 6432//6426
f 6438//6432 6441//6435 6442//6436 6437//6431
f 6443//6437 6442//6436 6441//6435 6444//6438
f 6445//6439 6446//6440 6442//6436 6443//6437
f 6437//6431 6442//6436 6446//6440 6439//6433
f 6444//6438 6447//6441 6448//6442 6443//6437
f 6449//6443 6448//6442 6447//6441 6450//6444
f 6451//6445 6452//6446 6448//6442 6449//6443
f 6443//6437 6448//6442 6452//6446 6445//6439
f 6450//6444 6453//6447 6454//6448 6449//6443
f 3089//3081 6454//6448 6453//6447 3091//3083
f 3090//3082 6455//6449 6454//6448 3089//3081
f 6449//6443 6454//6448 6455//6449 6451//6445
f 3095//3087 3094//3086 6456//6450 6457//6451
f 5896//5893 6456//6450 3094//3086 2510//2509
f 5893//5890 6458//6452 6456//6450 5896//5893
f 6457//6451 6456//6450 6458//6452 6459//6453
f 6460//6454 6461//6455 6411//6405
f 3103//3095 6460//6454 6408//6402 3038//3030
f 3102//3094 6462//6456 6460//6454 3103//3095
f 6461//6455 6460//6454 6462//6456 6463//6457
f 3095//3087 6457//6451 6464//6458 3104//3096
f 6465//6459 6464//6458 6457//6451 6459//6453
f 6466//6460 6467//6461 6464//6458 6465//6459
f 3104//3096 6464//6458 6467//6461 3107//3099
f 6463//6457 6462//6456 6468//6462 6469//6463
f 3112//3104 6468//6462 6462//6456 3102//3094
f 3107//3099 6467//6461 6468//6462 3112//3104
f 6469//6463 6468//6462 6467//6461 6466//6460
f 6470//6464 6471//6465 6459//6453 6458//6452
f 5892//5889 6470//6464 6458//6452 5893//5890
f 6472//6466 6470//6464 5892//5889 5797//5794
f 6473//6467 6471//6465 6470//6464 6472//6466
f 6417//6411 6414//6408 6474//6468 6475//6469
f 6461//6455 6474//6468 6414//6408 6411//6405
f 6463//6457 6476//6470 6474//6468 6461//6455
f 6475//6469 6474//6468 6476//6470 6477//6471
f 6459//6453 6471//6465 6478//6472 6465//6459
f 6479//6473 6478//6472 6471//6465 6473//6467
f 6480//6474 6481//6475 6478//6472 6479//6473
f 6481//6475 6466//6460 6465//6459
f 6477//6471 6476//6470 6482//6476 6483//6477
f 6469//6463 6482//6476 6476//6470 6463//6457
f 6482//6476 6469//6463 6466//6460
f 6483//6477 6482//6476 6481//6475 6480//6474
f 5797//5794 5796//5793 6484//6478 6472//6466
f 6485//6479 6484//6478 5796//5793 5712//5709
f 6486//6480 6487//6481 6484//6478 6485//6479
f 6472//6466 6484//6478 6487//6481 6473//6467
f 6475//6469 6488//6482 6422//6416 6417//6411
f 6477//6471 6489//6483 6488//6482 6475//6469
f 6490//6484 6488//6482 6489//6483 6491//6485
f 6423//6417 6422//6416 6488//6482 6490//6484
f 6473//6467 6487//6481 6492//6486 6479//6473
f 6493//6487 6492//6486 6487//6481 6486//6480
f 6494//6488 6495//6489 6492//6486 6493//6487
f 6495//6489 6480//6474 6479//6473
f 6491//6485 6489//6483 6496//6490 6497//6491
f 6483//6477 6496//6490 6489//6483 6477//6471
f 6480//6474 6495//6489 6496//6490 6483//6477
f 6495//6489 6494//6488 6497//6491
f 6498//6492 6499//6493 6500//6494 6501//6495
f 5708//5705 6500//6494 6499//6493 5710//5707
f 5687//5684 5932//5929 6500//6494 5708//5705
f 6501//6495 6500//6494 5932//5929 5931//5928
f 6485//6479 6502//6496 6503//6497 6486//6480
f 5715//5712 6502//6496 6485//6479 5712//5709
f 5710//5707 6499//6493 6502//6496 5715//5712
f 6498//6492 6503//6497 6502//6496 6499//6493
f 6504//6498 6505//6499 6506//6500 6507//6501
f 6490//6484 6506//6500 6505//6499 6423//6417
f 6491//6485 6508//6502 6506//6500 6490//6484
f 6507//6501 6506//6500 6508//6502 6509//6503
f 6509//6503 6508//6502 6510//6504 6511//6505
f 6497//6491 6510//6504 6508//6502 6491//6485
f 6494//6488 6512//6506 6510//6504 6497//6491
f 6511//6505 6510//6504 6512//6506 6513//6507
f 6513//6507 6512//6506 6514//6508 6515//6509
f 6493//6487 6514//6508 6512//6506 6494//6488
f 6486//6480 6503//6497 6514//6508 6493//6487
f 6515//6509 6514//6508 6503//6497 6498//6492
f 6516//6510 6517//6511 6518//6512 6519//6513
f 6507//6501 6518//6512 6517//6511 6504//6498
f 6509//6503 6520//6514 6518//6512 6507//6501
f 6519//6513 6518//6512 6520//6514 6521//6515
f 6498//6492 6522//6516 6523//6517 6515//6509
f 6524//6518 6523//6517 6522//6516 6525//6519
f 6526//6520 6527//6521 6523//6517 6524//6518
f 6515//6509 6523//6517 6527//6521 6513//6507
f 6521//6515 6520//6514 6528//6522 6529//6523
f 6511//6505 6528//6522 6520//6514 6509//6503
f 6513//6507 6527//6521 6528//6522 6511//6505
f 6529//6523 6528//6522 6527//6521 6526//6520
f 6426//6420 6530//6524 6531//6525 6532//6526
f 6519//6513 6531//6525 6530//6524 6516//6510
f 6521//6515 6533//6527 6531//6525 6519//6513
f 6532//6526 6531//6525 6533//6527 6534//6528
f 6534//6528 6533//6527 6535//6529 6536//6530
f 6529//6523 6535//6529 6533//6527 6521//6515
f 6526//6520 6537//6531 6535//6529 6529//6523
f 6536//6530 6535//6529 6537//6531 6538//6532
f 6538//6532 6537//6531 6539//6533 6540//6534
f 6524//6518 6539//6533 6537//6531 6526//6520
f 6525//6519 6541//6535 6539//6533 6524//6518
f 6540//6534 6539//6533 6541//6535 6542//6536
f 6522//6516 6543//6537 6541//6535 6525//6519
f 6501//6495 6543//6537 6522//6516 6498//6492
f 6543//6537 6501//6495 5931//5928
f 6542//6536 6541//6535 6543//6537 6544//6538
f 6431//6425 6427//6421 6545//6539 6546//6540
f 6532//6526 6545//6539 6427//6421 6426//6420
f 6534//6528 6547//6541 6545//6539 6532//6526
f 6546//6540 6545//6539 6547//6541 6548//6542
f 6549//6543 6550//6544 6551//6545 6552//6546
f 6538//6532 6540//6534 6551//6545 6550//6544
f 6552//6546 6551//6545 6540//6534 6542//6536
f 6548//6542 6547//6541 6553//6547 6554//6548
f 6536//6530 6553//6547 6547//6541 6534//6528
f 6538//6532 6550//6544 6553//6547 6536//6530
f 6554//6548 6553//6547 6550//6544 6549//6543
f 6544//6538 6555//6549 6556//6550 6542//6536
f 5990//5987 6555//6549 6544//6538 5931//5928
f 6557//6551 6555//6549 5990//5987 5989//5986
f 6558//6552 6556//6550 6555//6549 6557//6551
f 6438//6432 6435//6429 6559//6553 6560//6554
f 6546//6540 6559//6553 6435//6429 6431//6425
f 6548//6542 6561//6555 6559//6553 6546//6540
f 6560//6554 6559//6553 6561//6555 6562//6556
f 6542//6536 6556//6550 6563//6557 6552//6546
f 6564//6558 6563//6557 6556//6550 6558//6552
f 6565//6559 6566//6560 6563//6557 6564//6558
f 6552//6546 6563//6557 6566//6560 6549//6543
f 6562//6556 6561//6555 6567//6561 6568//6562
f 6554//6548 6567//6561 6561//6555 6548//6542
f 6549//6543 6566//6560 6567//6561 6554//6548
f 6568//6562 6567//6561 6566//6560 6565//6559
f 6346//6342 6569//6563 6570//6564 6347//6343
f 6571//6565 6570//6564 6569//6563 6572//6566
f 5995//5992 6347//6343 6570//6564 6571//6565
f 6557//6551 6573//6567 6574//6568 6558//6552
f 5989//5986 5996//5993 6573//6567 6557//6551
f 6571//6565 6573//6567 5996//5993 5995//5992
f 6572//6566 6574//6568 6573//6567 6571//6565
f 6444//6438 6441//6435 6575//6569 6576//6570
f 6560//6554 6575//6569 6441//6435 6438//6432
f 6562//6556 6577//6571 6575//6569 6560//6554
f 6576//6570 6575//6569 6577//6571 6578//6572
f 6558//6552 6574//6568 6579//6573 6564//6558
f 6580//6574 6579//6573 6574//6568 6572//6566
f 6581//6575 6582//6576 6579//6573 6580//6574
f 6564//6558 6579//6573 6582//6576 6565//6559
f 6578//6572 6577//6571 6583//6577 6584//6578
f 6568//6562 6583//6577 6577//6571 6562//6556
f 6565//6559 6582//6576 6583//6577 6568//6562
f 6584//6578 6583//6577 6582//6576 6581//6575
f 6346//6342 6351//6347 6585//6579 6569//6563
f 6586//6580 6585//6579 6351//6347 6353//6349
f 6587//6581 6588//6582 6585//6579 6586//6580
f 6569//6563 6585//6579 6588//6582 6572//6566
f 6586//6580 6589//6583 6590//6584 6587//6581
f 6353//6349 6355//6351 6589//6583 6586//6580
f 5904//5901 6590//6584 6589//6583 6355//6351
f 6450//6444 6447//6441 6591//6585 6592//6586
f 6576//6570 6591//6585 6447//6441 6444//6438
f 6578//6572 6593//6587 6591//6585 6576//6570
f 6592//6586 6591//6585 6593//6587 6594//6588
f 6572//6566 6588//6582 6595//6589 6580//6574
f 6596//6590 6595//6589 6588//6582 6587//6581
f 6597//6591 6598//6592 6595//6589 6596//6590
f 6580//6574 6595//6589 6598//6592 6581//6575
f 6594//6588 6593//6587 6599//6593 6600//6594
f 6584//6578 6599//6593 6593//6587 6578//6572
f 6581//6575 6598//6592 6599//6593 6584//6578
f 6600//6594 6599//6593 6598//6592 6597//6591
f 5904//5901 5903//5900 6601//6595 6590//6584
f 3246//3238 6601//6595 5903//5900 2520//2519
f 3247//3239 6602//6596 6601//6595 3246//3238
f 6590//6584 6601//6595 6602//6596 6587//6581
f 3248//3240 6603//6597 6604//6598 3249//3241
f 6596//6590 6604//6598 6603//6597 6597//6591
f 6587//6581 6602//6596 6604//6598 6596//6590
f 3249//3241 6604//6598 6602//6596 3247//3239
f 3091//3083 6453//6447 6605//6599 3252//3244
f 6592//6586 6605//6599 6453//6447 6450//6444
f 6594//6588 6606//6600 6605//6599 6592//6586
f 3252//3244 6605//6599 6606//6600 3254//3246
f 3254//3246 6606//6600 6607//6601 3257//3249
f 6600//6594 6607//6601 6606//6600 6594//6588
f 6597//6591 6603//6597 6607//6601 6600//6594
f 3257//3249 6607//6601 6603//6597 3248//3240
f 6608//6602 6609//6603 3258//3250 3261//3253
f 3028//3019 6398//6392 6608//6602 3261//3253
f 6394//6386 6610//6604 6608//6602 6398//6392
f 6609//6603 6608//6602 6610//6604 6611//6605
f 6611//6605 6610//6604 6612//6606 6613//6607
f 6393//6385 6612//6606 6610//6604 6394//6386
f 6614//6608 6612//6606 6393//6385 6392//6384
f 6613//6607 6612//6606 6614//6608 6615//6609
f 6404//6397 6401//6393 6616//6610 6617//6611
f 6381//6372 6616//6610 6401//6393 6382//6374
f 6374//6363 6618//6612 6616//6610 6381//6372
f 6617//6611 6616//6610 6618//6612 6619//6613
f 6615//6609 6614//6608 6620//6614 6621//6615
f 6403//6396 6620//6614 6614//6608 6392//6384
f 6404//6397 6617//6611 6620//6614 6403//6396
f 6621//6615 6620//6614 6617//6611 6619//6613
f 6618//6612 6622//6616 6623//6617 6619//6613
f 6377//6366 6622//6616 6618//6612 6374//6363
f 6624//6618 6622//6616 6377//6366 6378//6370
f 6625//6619 6623//6617 6622//6616 6624//6618
f 6626//6620 6627//6621 6628//6622 6629//6623
f 6630//6624 6628//6622 6627//6621 6631//6625
f 6632//6626 6633//6627 6628//6622 6630//6624
f 6629//6623 6628//6622 6633//6627 6634//6628
f 6611//6605 6635//6629 6636//6630 6609//6603
f 6637//6631 6638//6632 6636//6630 6635//6629
f 3290//3286 3289//3285 6636//6630 6638//6632
f 6636//6630 3289//3285 3258//3250 6609//6603
f 6611//6605 6613//6607 6639//6633 6635//6629
f 6640//6634 6639//6633 6613//6607 6615//6609
f 6641//6635 6642//6636 6639//6633 6640//6634
f 6635//6629 6639//6633 6642//6636 6637//6631
f 6615//6609 6621//6615 6643//6637 6640//6634
f 6644//6638 6643//6637 6621//6615 6619//6613
f 6645//6639 6646//6640 6643//6637 6644//6638
f 6640//6634 6643//6637 6646//6640 6641//6635
f 6619//6613 6623//6617 6647//6641 6644//6638
f 6648//6642 6647//6641 6623//6617 6625//6619
f 6649//6643 6650//6644 6647//6641 6648//6642
f 6644//6638 6647//6641 6650//6644 6645//6639
f 6625//6619 6651//6645 6652//6646 6648//6642
f 6653//6647 6652//6646 6651//6645 6654//6648
f 6655//6649 6656//6650 6652//6646 6653//6647
f 6648//6642 6652//6646 6656//6650 6649//6643
f 6654//6648 6657//6651 6658//6652 6653//6647
f 6659//6653 6658//6652 6657//6651 6660//6654
f 6661//6655 6662//6656 6658//6652 6659//6653
f 6653//6647 6658//6652 6662//6656 6655//6649
f 6634//6628 6663//6657 6664//6658 6629//6623
f 6665//6659 6664//6658 6663//6657 6666//6660
f 6667//6661 6668//6662 6664//6658 6665//6659
f 6629//6623 6664//6658 6668//6662 6626//6620
f 6666//6660 6669//6663 6670//6664 6665//6659
f 6671//6665 6670//6664 6669//6663 6672//6666
f 6673//6667 6674//6668 6670//6664 6671//6665
f 6665//6659 6670//6664 6674//6668 6667//6661
f 6672//6666 6675//6669 6676//6670 6671//6665
f 3333//3329 6676//6670 6675//6669 3334//3330
f 3332//3328 6677//6671 6676//6670 3333//3329
f 6671//6665 6676//6670 6677//6671 6673//6667
f 6660//6654 6678//6672 6679//6673 6659//6653
f 6630//6624 6679//6673 6678//6672 6632//6626
f 6631//6625 6680//6674 6679//6673 6630//6624
f 6659//6653 6679//6673 6680//6674 6661//6655
f 6681//6675 6682//6676 6683//6677 6684//6678
f 6685//6679 6683//6677 6682//6676 6686//6680
f 6661//6655 6680//6674 6683//6677 6685//6679
f 6684//6678 6683//6677 6680//6674 6631//6625
f 6673//6667 6677//6671 6687//6681 6688//6682
f 3349//3345 6687//6681 6677//6671 3332//3328
f 3348//3344 6689//6683 6687//6681 3349//3345
f 6688//6682 6687//6681 6689//6683 6690//6684
f 6667//6661 6674//6668 6691//6685 6692//6686
f 6688//6682 6691//6685 6674//6668 6673//6667
f 6690//6684 6693//6687 6691//6685 6688//6682
f 6692//6686 6691//6685 6693//6687 6694//6688
f 6692//6686 6695//6689 6668//6662 6667//6661
f 6694//6688 6696//6690 6695//6689 6692//6686
f 6697//6691 6695//6689 6696//6690 6698//6692
f 6626//6620 6668//6662 6695//6689 6697//6691
f 6698//6692 6699//6693 6700//6694 6697//6691
f 6684//6678 6700//6694 6699//6693 6681//6675
f 6631//6625 6627//6621 6700//6694 6684//6678
f 6697//6691 6700//6694 6627//6621 6626//6620
f 6655//6649 6662//6656 6701//6695 6702//6696
f 6685//6679 6701//6695 6662//6656 6661//6655
f 6686//6680 6703//6697 6701//6695 6685//6679
f 6702//6696 6701//6695 6703//6697 6704//6698
f 6649//6643 6656//6650 6705//6699 6706//6700
f 6702//6696 6705//6699 6656//6650 6655//6649
f 6704//6698 6707//6701 6705//6699 6702//6696
f 6706//6700 6705//6699 6707//6701 6708//6702
f 6645//6639 6650//6644 6709//6703 6710//6704
f 6706//6700 6709//6703 6650//6644 6649//6643
f 6708//6702 6711//6705 6709//6703 6706//6700
f 6710//6704 6709//6703 6711//6705 6712//6706
f 6641//6635 6646//6640 6713//6707 6714//6708
f 6710//6704 6713//6707 6646//6640 6645//6639
f 6712//6706 6715//6709 6713//6707 6710//6704
f 6714//6708 6713//6707 6715//6709 6716//6710
f 6637//6631 6642//6636 6717//6711 6718//6712
f 6714//6708 6717//6711 6642//6636 6641//6635
f 6716//6710 6719//6713 6717//6711 6714//6708
f 6718//6712 6717//6711 6719//6713 6720//6714
f 6718//6712 6721//6715 6638//6632 6637//6631
f 6720//6714 6722//6716 6721//6715 6718//6712
f 3382//3378 3381//3377 6721//6715 6722//6716
f 6638//6632 6721//6715 3381//3377 3290//3286
f 6723//6717 6724//6718 6725//6719 6726//6720
f 6420//6414 6725//6719 6724//6718 6424//6418
f 6423//6417 6505//6499 6725//6719 6420//6414
f 6726//6720 6725//6719 6505//6499 6504//6498
f 6516//6510 6530//6524 6727//6721 6728//6722
f 6429//6423 6727//6721 6530//6524 6426//6420
f 6434//6428 6729//6723 6727//6721 6429//6423
f 6728//6722 6727//6721 6729//6723 6730//6724
f 6730//6724 6731//6725 6732//6726 6728//6722
f 6726//6720 6732//6726 6731//6725 6723//6717
f 6504//6498 6517//6511 6732//6726 6726//6720
f 6728//6722 6732//6726 6517//6511 6516//6510
f 6424//6418 6724//6718 6733//6727 6734//6728
f 6735//6729 6733//6727 6724//6718 6723//6717
f 6736//6730 6737//6731 6733//6727 6735//6729
f 6734//6728 6733//6727 6737//6731 6738//6732
f 3043//3035 6413//6407 6739//6733 3400//3396
f 6740//6734 6739//6733 6413//6407 6412//6406
f 6741//6735 6742//6736 6739//6733 6740//6734
f 3400//3396 6739//6733 6742//6736 3403//3399
f 3403//3399 6742//6736 6743//6737 3406//3402
f 6744//6738 6743//6737 6742//6736 6741//6735
f 6690//6684 6689//6683 6743//6737 6744//6738
f 3406//3402 6743//6737 6689//6683 3348//3344
f 6412//6406 6419//6413 6745//6739 6740//6734
f 6746//6740 6745//6739 6419//6413 6418//6412
f 6747//6741 6748//6742 6745//6739 6746//6740
f 6740//6734 6745//6739 6748//6742 6741//6735
f 6741//6735 6748//6742 6749//6743 6744//6738
f 6750//6744 6749//6743 6748//6742 6747//6741
f 6694//6688 6693//6687 6749//6743 6750//6744
f 6744//6738 6749//6743 6693//6687 6690//6684
f 6746//6740 6751//6745 6752//6746 6747//6741
f 6751//6745 6746//6740 6418//6412
f 6734//6728 6751//6745 6425//6419 6424//6418
f 6738//6732 6752//6746 6751//6745 6734//6728
f 6753//6747 6754//6748 6752//6746 6738//6732
f 6698//6692 6696//6690 6754//6748 6753//6747
f 6750//6744 6754//6748 6696//6690 6694//6688
f 6747//6741 6752//6746 6754//6748 6750//6744
f 6738//6732 6737//6731 6755//6749 6753//6747
f 6756//6750 6755//6749 6737//6731 6736//6730
f 6681//6675 6699//6693 6755//6749 6756//6750
f 6753//6747 6755//6749 6699//6693 6698//6692
f 6434//6428 6433//6427 6757//6751 6758//6752
f 6759//6753 6757//6751 6433//6427 6432//6426
f 6760//6754 6761//6755 6757//6751 6759//6753
f 6758//6752 6757//6751 6761//6755 6762//6756
f 6730//6724 6729//6723 6763//6757 6764//6758
f 6758//6752 6763//6757 6729//6723 6434//6428
f 6762//6756 6765//6759 6763//6757 6758//6752
f 6764//6758 6763//6757 6765//6759 6766//6760
f 6762//6756 6761//6755 6767//6761 6768//6762
f 6769//6763 6767//6761 6761//6755 6760//6754
f 6708//6702 6707//6701 6767//6761 6769//6763
f 6768//6762 6767//6761 6707//6701 6704//6698
f 6704//6698 6703//6697 6770//6764 6768//6762
f 6771//6765 6770//6764 6703//6697 6686//6680
f 6766//6760 6765//6759 6770//6764 6771//6765
f 6768//6762 6770//6764 6765//6759 6762//6756
f 6432//6426 6440//6434 6772//6766 6759//6753
f 6773//6767 6772//6766 6440//6434 6439//6433
f 6774//6768 6775//6769 6772//6766 6773//6767
f 6759//6753 6772//6766 6775//6769 6760//6754
f 6760//6754 6775//6769 6776//6770 6769//6763
f 6777//6771 6776//6770 6775//6769 6774//6768
f 6712//6706 6711//6705 6776//6770 6777//6771
f 6769//6763 6776//6770 6711//6705 6708//6702
f 6439//6433 6446//6440 6778//6772 6773//6767
f 6779//6773 6778//6772 6446//6440 6445//6439
f 6780//6774 6781//6775 6778//6772 6779//6773
f 6773//6767 6778//6772 6781//6775 6774//6768
f 6774//6768 6781//6775 6782//6776 6777//6771
f 6783//6777 6782//6776 6781//6775 6780//6774
f 6716//6710 6715//6709 6782//6776 6783//6777
f 6777//6771 6782//6776 6715//6709 6712//6706
f 6445//6439 6452//6446 6784//6778 6779//6773
f 6785//6779 6784//6778 6452//6446 6451//6445
f 6786//6780 6787//6781 6784//6778 6785//6779
f 6779//6773 6784//6778 6787//6781 6780//6774
f 6780//6774 6787//6781 6788//6782 6783//6777
f 6789//6783 6788//6782 6787//6781 6786//6780
f 6720//6714 6719//6713 6788//6782 6789//6783
f 6783//6777 6788//6782 6719//6713 6716//6710
f 6785//6779 6790//6784 6791//6785 6786//6780
f 6451//6445 6455//6449 6790//6784 6785//6779
f 3456//3452 6790//6784 6455//6449 3090//3082
f 3457//3453 6791//6785 6790//6784 3456//3452
f 3459//3455 6792//6786 6791//6785 3457//3453
f 3382//3378 6722//6716 6792//6786 3459//3455
f 6789//6783 6792//6786 6722//6716 6720//6714
f 6786//6780 6791//6785 6792//6786 6789//6783
f 6686//6680 6682//6676 6793//6787 6771//6765
f 6756//6750 6793//6787 6682//6676 6681//6675
f 6736//6730 6794//6788 6793//6787 6756//6750
f 6771//6765 6793//6787 6794//6788 6766//6760
f 6723//6717 6731//6725 6795//6789 6735//6729
f 6764//6758 6795//6789 6731//6725 6730//6724
f 6766//6760 6794//6788 6795//6789 6764//6758
f 6735//6729 6795//6789 6794//6788 6736//6730
f 6366//6790 6365//6791 6796//6792 6797//6793
f 6798//6794 6796//6792 6365//6791 6361//6357
f 6799//6795 6800//6796 6796//6792 6798//6794
f 6800//6796 6801//6797 6797//6793
f 3334//3330 6675//6669 6802//6798 3469//3465
f 6803//6799 6802//6798 6675//6669 6672//6666
f 6804//6800 6805//6801 6802//6798 6803//6799
f 3469//3465 6802//6798 6805//6801 3471//3467
f 6806//6802 6807//6803 6808//6804
f 6809//6805 6806//6802 6810//6806 6811//6807
f 6666//6660 6663//6657 6806//6802 6809//6805
f 6807//6803 6806//6802 6663//6657 6634//6628
f 6812//6808 6813//6809 6801//6797
f 6800//6796 6799//6795 6814//6810
f 6812//6808 6814//6810 6811//6807
f 6813//6809 6812//6808 6810//6806 6808//6804
f 6815//6811 6816//6812 6817//6813 6818//6814
f 6359//6355 6358//6354 6816//6812 6815//6811
f 2995//2992 3489//3485 6816//6812 6358//6354
f 6817//6813 6816//6812 3489//3485 3488//3484
f 6672//6666 6669//6663 6819//6815 6803//6799
f 6809//6805 6819//6815 6669//6663 6666//6660
f 6811//6807 6820//6816 6819//6815 6809//6805
f 6803//6799 6819//6815 6820//6816 6804//6800
f 3488//3484 3493//3489 6821//6817 6817//6813
f 3471//3467 6805//6801 6821//6817 3493//3489
f 6822//6818 6821//6817 6805//6801 6804//6800
f 6818//6814 6817//6813 6821//6817 6822//6818
f 6820//6816 6823//6819 6822//6818 6804//6800
f 6820//6816 6811//6807 6814//6810
f 6823//6819 6814//6810 6799//6795
f 6818//6814 6822//6818 6823//6819 6824//6820
f 6825//6821 6798//6794 6361//6357
f 6360//6356 6359//6355 6815//6811
f 6824//6820 6825//6821 6815//6811 6818//6814
f 6824//6820 6799//6795 6798//6794
f 6826//6822 6827//6823 6828//6824 6829//6825
f 6827//6823 6808//6804 6807//6803
f 6828//6824 6807//6803 6634//6628
f 6829//6825 6828//6824 6633//6627 6632//6626
f 6830//6826 6831//6827 6832//6828 6833//6829
f 6831//6827 6801//6797 6813//6809
f 6832//6828 6813//6809 6808//6804
f 6827//6823 6826//6822 6833//6829
f 6834//6830 6835//6831 6830//6826
f 6367//6832 6366//6790 6797//6793
f 6838//6833 6797//6793 6801//6797
f 6831//6827 6830//6826 6835//6831
f 6839//6834 6840//6835 6841//6836 6842//6837
f 6829//6825 6841//6836 6840//6835 6826//6822
f 6632//6626 6678//6672 6841//6836 6829//6825
f 6842//6837 6841//6836 6678//6672 6660//6654
f 6837//6838 6836//6839 6843//6840 6844//6841
f 6833//6829 6843//6840 6836//6839 6830//6826
f 6826//6822 6840//6835 6843//6840 6833//6829
f 6844//6841 6843//6840 6840//6835 6839//6834
f 6378//6370 6379//6371 6845//6842 6846//6843
f 6368//6844 6845//6842 6379//6371 6369//6369
f 6842//6837 6848//6845 6849//6846 6839//6834
f 6660//6654 6657//6651 6848//6845 6842//6837
f 6850//6847 6848//6845 6657//6651 6654//6648
f 6847//6848 6849//6846 6848//6845 6850//6847
f 6654//6648 6651//6645 6851//6849 6850//6847
f 6624//6618 6851//6849 6651//6645 6625//6619
f 6378//6370 6846//6843 6851//6849 6624//6618
f 6850//6847 6851//6849 6846//6843 6847//6848
f 6839//6834 6849//6846 6852//6850 6844//6841
f 13//13 12//12 14//14
f 7//7 39//39 42//42
f 29//29 28//28 47//47
f 45//45 47//47 28//28
f 55//55 54//54 56//56
f 57//57 56//56 58//58
f 48//48 60//60 58//58
f 62//62 60//60 48//48
f 63//63 61//61 60//60
f 66//66 64//64 62//62
f 65//65 64//64 67//67
f 41//41 40//40 94//94
f 135//135 133//133 132//132
f 57//57 154//154 153//153
f 181//181 180//180 190//190
f 191//191 190//190 192//192
f 193//193 192//192 194//194
f 34//34 30//30 382//382
f 2//2 382//382 30//30
f 389//389 391//391 395//395
f 397//397 399//399 398//398
f 395//395 399//399 397//397
f 431//431 437//437 436//436
f 462//462 461//461 463//463
f 467//467 468//468 465//465
f 472//472 471//471 468//468
f 474//474 473//473 462//462
f 484//484 481//481 485//485
f 472//472 485//485 481//481
f 467//467 487//487 485//485
f 486//486 485//485 487//487
f 488//488 487//487 489//489
f 492//492 491//491 493//493
f 494//494 493//493 495//495
f 500//500 499//499 501//501
f 552//552 553//553 550//550
f 537//537 550//550 553//553
f 538//538 553//553 558//558
f 559//559 558//558 553//553
f 570//570 571//571 568//568
f 551//551 568//568 571//571
f 579//579 578//578 580//580
f 584//584 585//585 582//582
f 381//381 398//398 582//582
f 574//574 588//588 586//586
f 598//598 599//599 596//596
f 55//55 153//153 596//596
f 615//615 614//614 480//480
f 620//620 624//624 622//622
f 624//624 623//623 625//625
f 629//629 627//627 626//626
f 625//625 623//623 627//627
f 660//660 661//661 658//658
f 659//659 664//664 662//662
f 663//663 662//662 664//664
f 668//668 669//669 666//666
f 458//458 669//669 670//670
f 671//671 670//670 669//669
f 460//460 670//670 673//673
f 680//680 681//681 678//678
f 686//686 688//688 684//684
f 705//705 704//704 706//706
f 703//703 709//709 706//706
f 701//701 716//716 265//265
f 705//705 717//717 716//716
f 685//685 684//684 736//736
f 737//737 736//736 684//684
f 747//747 748//748 737//737
f 698//698 753//753 762//762
f 801//801 805//805 800//800
f 803//803 805//805 801//801
f 833//833 836//836 840//840
f 865//865 864//864 855//855
f 904//904 903//903 892//892
f 925//925 930//930 929//929
f 933//933 934//934 931//931
f 925//925 934//934 935//935
f 936//936 935//935 934//934
f 937//937 938//938 935//935
f 930//930 935//935 938//938
f 952//952 950//950 947//947
f 961//961 968//968 967//967
f 969//969 968//968 951//951
f 914//914 970//970 962//962
f 918//918 957//957 970//970
f 1050//1050 1051//1051 1048//1048
f 1192//1192 1194//1194 1190//1190
f 583//583 1207//1207 1206//1206
f 1212//1212 1213//1213 1210//1210
f 1205//1205 1213//1213 1212//1212
f 1210//1210 1213//1213 599//599
f 1208//1208 1216//1216 1215//1215
f 1221//1221 1220//1220 1206//1206
f 1239//1239 1248//1248 579//579
f 595//595 594//594 1254//1254
f 1261//1261 1262//1262 1263//1263
f 1281//1281 1280//1280 1290//1290
f 1291//1291 1296//1296 1295//1295
f 1299//1299 1302//1302 1194//1194
f 1281//1281 1295//1295 1306//1306
f 1327//1327 1336//1336 1334//1334
f 1309//1309 1313//1313 1342//1342
f 1343//1343 1342//1342 1313//1313
f 1345//1345 1344//1344 1341//1341
f 1363//1363 1362//1362 1361//1361
f 1372//1372 1373//1373 1370//1370
f 1417//1417 1416//1416 1418//1418
f 767//767 1439//1439 1438//1438
f 1441//1441 1438//1438 1439//1439
f 1451//1451 1450//1450 1432//1432
f 1456//1456 1454//1454 825//825
f 1457//1457 1458//1458 1454//1454
f 1457//1457 1456//1456 1460//1460
f 861//861 1460//1460 1456//1456
f 1461//1461 1460//1460 1462//1462
f 1463//1463 1462//1462 1464//1464
f 1421//1421 1473//1473 1470//1470
f 1481//1481 1477//1477 1476//1476
f 1481//1481 1484//1484 1482//1482
f 1522//1522 1521//1521 1529//1529
f 1533//1533 1544//1544 1528//1528
f 1555//1555 1552//1552 1564//1564
f 1543//1543 1554//1554 1568//1568
f 1573//1573 1572//1572 1574//1574
f 1575//1575 1574//1574 1580//1580
f 502//502 501//501 1584//1584
f 1586//1586 1584//1584 501//501
f 1587//1587 1588//1588 1584//1584
f 1586//1586 1591//1591 1590//1590
f 1593//1593 1590//1590 1591//1591
f 1615//1615 1614//1614 1611//1611
f 1661//1661 1660//1660 1664//1664
f 1665//1665 1664//1664 1666//1666
f 1668//1668 1666//1666 1664//1664
f 1669//1669 1670//1670 1666//1666
f 1686//1686 1687//1687 1684//1684
f 1689//1689 1692//1692 1690//1690
f 1685//1685 1690//1690 1695//1695
f 1713//1713 1714//1714 1711//1711
f 1667//1667 1711//1711 1714//1714
f 1749//1748 1745//1744 1744//1743
f 1751//1750 1750//1749 1752//1752
f 1749//1748 1747//1746 1788//1788
f 1789//1789 1790//1790 1780//1780
f 1802//1802 1801//1801 1787//1787
f 1814//1814 1817//1817 1816//1816
f 1665//1665 1714//1714 1817//1817
f 1816//1816 1817//1817 1714//1714
f 1822//1822 1823//1823 1800//1800
f 1712//1712 1823//1823 1822//1822
f 1689//1689 1841//1841 1839//1839
f 1681//1681 1851//1851 1849//1849
f 1889//1889 1890//1890 1887//1887
f 1893//1893 1894//1894 1891//1891
f 1854//1854 1891//1891 1894//1894
f 1892//1892 1891//1891 1890//1890
f 1852//1852 1894//1894 1895//1895
f 1888//1888 1918//1918 1909//1909
f 1915//1915 1918//1918 1888//1888
f 1917//1917 1918//1918 1915//1915
f 1927//1927 1929//1929 1926//1926
f 1916//1916 1937//1937 1936//1936
f 1930//1930 1936//1936 1937//1937
f 1953//1953 1960//1960 1956//1956
f 1949//1949 1966//1966 1333//1333
f 1316//1316 1996//1996 1995//1995
f 1916//1916 1915//1915 2001//2001
f 1995//1995 2010//2010 1879//1879
f 2009//2009 2010//2010 1995//1995
f 2004//2004 2003//2003 2010//2010
f 1933//1933 1937//1937 2013//2013
f 2002//2002 2013//2013 1937//1937
f 1589//1589 2020//2020 2018//2018
f 1826//1826 2027//2027 2026//2026
f 2029//2029 2042//2042 2040//2040
f 2041//2041 2040//2040 2042//2042
f 2043//2043 2046//2046 2044//2044
f 2043//2043 2042//2042 2048//2048
f 2033//2033 2035//2035 2054//2054
f 2076//2076 2078//2078 2081//2081
f 2085//2085 2084//2084 2075//2075
f 676//676 2095//2095 2100//2100
f 679//679 2100//2100 2103//2103
f 2163//2163 2165//2165 2164//2164
f 2142//2142 2166//2167 2165//2165
f 2262//2261 2261//2260 1438//1438
f 708//708 2263//2262 732//732
f 710//710 2265//2264 2263//2262
f 2281//2280 2282//2281 2279//2278
f 1440//1440 2279//2278 2282//2281
f 1426//1426 1443//1443 2279//2278
f 2280//2279 2279//2278 1443//1443
f 2266//2265 2265//2264 2287//2286
f 2262//2261 2287//2286 2265//2264
f 1441//1441 2289//2288 2287//2286
f 2288//2287 2287//2286 2289//2288
f 2316//2315 2315//2314 2319//2318
f 2319//2318 1455//1455 1459//1459
f 2281//2280 2286//2285 2321//2320
f 2318//2317 2321//2320 2286//2285
f 2316//2315 2323//2322 2321//2320
f 2322//2321 2321//2320 2323//2322
f 2290//2289 2289//2288 2325//2324
f 2282//2281 2325//2324 2289//2288
f 2281//2280 2322//2321 2325//2324
f 2326//2325 2325//2324 2322//2321
f 2328//2327 2327//2326 2326//2325
f 2320//2319 2329//2328 2323//2322
f 1459//1459 2331//2330 2329//2328
f 1461//1461 2334//2333 2333//2332
f 1463//1463 1493//1493 2334//2333
f 1459//1459 1458//1458 2337//2336
f 2333//2332 2337//2336 1458//1458
f 2336//2335 2335//2334 2339//2338
f 2358//2357 2357//2356 1414//1414
f 1398//1398 2371//2370 2369//2368
f 2370//2369 2369//2368 2371//2370
f 2330//2329 2375//2374 2374//2373
f 2303//2302 2306//2305 2386//2385
f 2332//2331 2338//2337 2389//2388
f 2390//2389 2389//2388 2338//2337
f 2392//2391 2389//2388 2390//2389
f 2376//2375 2389//2388 2392//2391
f 2391//2390 2390//2389 2393//2392
f 2340//2339 2393//2392 2390//2389
f 2473//2472 2474//2473 2471//2470
f 2472//2471 2471//2470 2466//2465
f 2473//2472 2472//2471 2475//2474
f 2468//2467 2475//2474 2472//2471
f 2519//2518 2524//2523 2517//2516
f 1537//1537 2560//2559 2559//2558
f 2561//2560 2560//2559 2563//2562
f 2578//2577 2577//2576 2567//2566
f 2604//2603 2603//2602 2600//2599
f 2564//2563 2563//2562 2632//2631
f 2639//2638 2638//2637 2640//2639
f 1575//1575 2606//2605 2640//2639
f 2669//2668 2670//2669 2667//2666
f 2590//2589 2670//2669 2669//2668
f 2591//2590 2602//2601 2670//2669
f 2586//2585 2669//2668 2673//2672
f 2674//2673 2673//2672 2669//2668
f 2671//2670 2674//2673 2689//2688
f 2680//2679 2689//2688 2674//2673
f 2787//2786 2788//2787 2785//2784
f 2825//2824 2826//2825 2823//2822
f 2823//2822 2810//2809 2814//2813
f 2833//2832 2834//2833 2831//2830
f 2832//2831 2831//2830 2830//2829
f 2840//2839 2841//2840 2838//2837
f 2846//2845 2844//2843 2843//2842
f 2840//2839 2855//2854 2856//2855
f 2867//2866 2866//2865 2861//2860
f 2873//2872 2872//2871 2874//2873
f 2860//2859 2873//2872 2880//2879
f 2875//2874 2882//2881 2880//2879
f 2875//2874 2874//2873 2886//2885
f 2899//2898 2898//2897 2895//2894
f 2894//2893 2902//2901 2900//2899
f 2903//2902 2902//2901 2918//2917
f 2913//2912 2918//2917 2902//2901
f 2920//2919 2918//2917 2913//2912
f 2919//2918 2918//2917 2920//2919
f 1348//1348 2932//2931 2937//2936
f 1357//1357 2937//2936 2940//2939
f 1354//1354 2940//2939 2945//2944
f 2946//2945 2949//2948 1363//1363
f 2952//2951 2951//2950 2955//2954
f 2372//2371 2371//2370 2957//2956
f 2963//6851 2969//2964 2972//2963
f 2974//2968 2973//2967 2975//2970
f 2973//2967 2980//2976 2979//2975
f 2972//2963 2980//2976 2965//2977
f 2524//2523 2989//2986 2990//2987
f 2975//2970 2979//2975 2998//2995
f 3093//3085 3092//3084 3096//3088
f 3046//3038 3100//3092 3098//3090
f 3122//3114 3121//3113 3109//3101
f 3108//3100 3110//3102 3126//3118
f 3136//3128 3140//3132 3139//3131
f 3130//3122 3146//3138 2304//2303
f 2552//2551 3142//3134 3186//3178
f 3166//3158 3186//3178 3142//3134
f 3354//3350 3319//3315 3278//3274
f 3044//3036 3405//3401 3409//3405
f 3466//3462 3464//3460 3463//3459
f 3465//3461 3482//3478 3481//3477
f 3480//3476 3483//3479 3481//3477
f 3466//3462 3481//3477 3483//3479
f 3467//3463 3483//3479 3495//3491
f 3491//3487 3495//3491 3483//3479
f 3000//2997 3468//3464 3497//3493
f 3496//3492 3497//3493 3468//3464
f 2997//2994 3497//3493 3486//3482
f 3475//3471 3482//3478 3504//3500
f 3538//3534 3535//3531 3534//3530
f 3530//3526 3538//3534 3565//3561
f 3551//3547 3569//3565 3566//3562
f 3552//3548 3571//3567 3569//3565
f 3570//3566 3569//3565 3571//3567
f 3578//3574 3580//3576 3579//3575
f 3582//3578 3579//3575 3580//3576
f 3571//3567 3584//3580 3586//3582
f 3582//3578 3584//3580 3571//3567
f 3590//3586 3588//3584 3587//3583
f 3564//3560 3619//3615 3617//3613
f 3657//3653 3658//3654 3656//3652
f 3678//3674 3677//3673 3580//3576
f 3716//3712 3714//3710 3713//3709
f 3715//3711 3719//3715 3717//3713
f 3560//3556 3907//3903 3905//3901
f 3555//3551 3905//3901 3527//3523
f 3915//3911 3913//3909 3910//3906
f 3916//3912 3915//3911 3921//3917
f 3919//3915 3921//3917 3915//3911
f 3922//3918 3921//3917 3919//3915
f 3961//3957 3960//3956 3957//3953
f 3987//3983 3985//3981 3984//3980
f 3990//3986 3992//3988 3988//3984
f 3989//3985 3995//3991 3994//3990
f 3984//3980 3997//3993 3996//3992
f 4007//4003 4009//4005 4008//4004
f 4011//4007 4008//4004 4009//4005
f 3990//3986 3994//3990 4008//4004
f 4005//4001 4008//4004 3994//3990
f 4010//4006 4014//4010 4012//4008
f 4015//4011 4017//4013 4016//4012
f 4019//4015 4016//4012 4017//4013
f 4025//4021 4022//4018 4021//4017
f 4015//4011 4014//4010 4022//4018
f 4074//4070 4073//4069 4062//4058
f 4075//4071 4076//4072 4073//4069
f 4061//4057 4070//4066 4081//4077
f 4074//4070 4081//4077 4084//4080
f 4092//4088 4091//4087 4076//4072
f 4093//4089 4094//4090 4091//4087
f 4107//4103 4108//4104 4105//4101
f 3904//3900 4094//4090 4105//4101
f 4097//4093 4099//4095 4110//4106
f 4121//4117 4122//4118 4119//4115
f 3578//3574 3576//3572 4119//4115
f 4000//3996 4137//4133 4140//4136
f 4145//4141 4146//4142 4144//4140
f 4147//4143 4148//4144 4146//4142
f 4147//4143 4151//4147 4149//4145
f 4150//4146 4149//4145 4151//4147
f 4183//4179 4184//4180 4181//4177
f 4188//4184 4186//4182 4185//4181
f 4182//4178 4181//4177 4186//4182
f 4191//4187 4192//4188 4189//4185
f 3981//3977 3982//3978 4193//4189
f 4194//4190 4193//4189 3982//3978
f 4190//4186 4193//4189 4196//4192
f 4203//4199 4204//4200 4201//4197
f 4209//4205 4212//4208 4207//4203
f 4226//4222 4231//4227 4229//4225
f 4227//4223 4225//4221 4229//4225
f 4226//4222 4223//4219 4239//4235
f 3785//3781 4239//4235 4223//4219
f 4208//4204 4218//4214 4259//4255
f 4209//4205 4259//4255 4262//4258
f 4262//4258 4272//4268 4267//4263
f 4221//4217 4228//4224 4285//4281
f 4324//4320 4327//4323 4323//4319
f 4323//4319 4327//4323 4326//4322
f 4213//4209 4211//4207 4329//4325
f 4363//4359 4359//4355 4358//4354
f 4380//4376 4387//4383 4386//4382
f 4406//4402 4417//4413 4420//4416
f 4439//4435 4442//4438 4444//4440
f 4447//4443 4448//4444 4445//4441
f 4439//4435 4443//4439 4449//4445
f 4450//4446 4449//4445 4443//4439
f 4446//4442 4449//4445 4452//4448
f 4457//4453 4460//4456 4463//4459
f 4463//4459 4465//4461 4469//4465
f 4464//4460 4482//4478 4481//4477
f 4483//4479 4482//4478 4475//4471
f 4477//4473 4485//4481 4427//4423
f 4564//4560 4565//4561 4562//4558
f 4685//4681 4687//4683 4683//4679
f 4699//4695 4702//4698 4108//4104
f 4705//4701 4706//4702 4703//4699
f 4120//4116 4706//4702 4705//4701
f 4703//4699 4706//4702 4697//4693
f 4710//4706 4709//4705 4701//4697
f 4699//4695 4713//4709 4716//4712
f 4101//4097 4742//4738 4734//4730
f 4118//4114 4729//4725 4748//4744
f 4756//4752 4755//4751 4752//4748
f 4774//4770 4785//4781 4783//4779
f 4684//4680 4795//4791 4792//4788
f 4774//4770 4801//4797 4799//4795
f 4818//4814 4817//4813 4825//4821
f 4804//4800 4831//4827 1343//1343
f 4802//4798 4830//4826 4831//4827
f 4832//4828 4833//4829 1345//1345
f 4844//4840 4847//4843 4850//4846
f 4857//4853 4858//4854 4855//4851
f 4360//4356 4863//4859 4860//4856
f 4904//4900 4902//4898 4901//4897
f 4923//4919 4924//4920 4289//4285
f 4925//4921 4926//4922 4924//4920
f 4915//4911 4935//4931 4937//4933
f 4943//4939 4944//4940 4940//4936
f 4347//4343 4940//4936 4944//4940
f 4943//4939 4946//4942 4945//4941
f 4948//4944 4945//4941 4946//4942
f 4944//4940 4945//4941 4382//4378
f 4947//4943 4951//4947 4949//4945
f 4955//4951 4958//4954 4905//4901
f 4963//4959 4964//4960 4962//4958
f 5007//5003 5015//5011 5013//5009
f 5014//5010 5030//5026 5017//5013
f 5040//5036 5051//5047 5049//5045
f 5028//5024 5043//5039 5053//5049
f 5060//5056 5058//5054 5057//5053
f 5056//5052 5062//5058 5051//5047
f 5059//5055 5067//5063 5065//5061
f 4024//4020 5071//5067 5069//5065
f 5073//5069 5074//5070 5069//5065
f 4025//4021 5069//5065 5074//5070
f 5075//5071 5076//5072 5074//5070
f 5077//5073 5078//5074 5076//5072
f 5098//5094 5099//5095 5102//5098
f 5148//5144 5146//5142 5145//5141
f 5147//5143 5153//5149 5151//5147
f 5155//5151 5156//5152 5151//5147
f 5148//5144 5151//5147 5156//5152
f 5171//5167 5176//5172 5169//5165
f 5169//5165 5176//5172 5172//5168
f 5172//5168 5176//5172 5174//5170
f 5177//5173 5174//5170 5176//5172
f 5198//5194 5200//5196 5196//5192
f 5197//5193 5196//5192 5153//5149
f 5231//5227 5230//5226 5232//5228
f 5239//5235 5237//5233 5236//5232
f 5275//5271 5287//5283 5286//5282
f 5197//5193 5303//5299 5302//5298
f 5147//5143 5145//5141 5303//5299
f 5306//5302 5308//5304 5302//5298
f 5288//5284 5309//5305 5307//5303
f 5230//5226 5309//5305 5288//5284
f 5307//5303 5309//5305 5200//5196
f 5172//5168 5175//5171 5326//5322
f 5372//5368 5373//5369 5370//5366
f 5376//5372 5377//5373 5374//5370
f 5371//5367 5374//5370 5377//5373
f 5375//5371 5374//5370 5336//5332
f 5335//5331 5333//5329 5379//5375
f 5388//5384 5393//5389 5373//5369
f 5395//5391 5393//5389 5392//5388
f 5373//5369 5393//5389 5395//5391
f 1927//1927 5401//5397 5400//5396
f 5407//5403 5406//5402 5403//5399
f 5394//5390 5392//5388 5406//5402
f 1346//1346 4834//4830 5416//5412
f 1953//1953 5421//5417 5420//5416
f 4826//4822 5428//5424 5417//5413
f 5455//5451 5454//5450 4805//4801
f 5394//5390 5460//5456 5458//5454
f 5362//5358 5466//5462 5455//5451
f 5461//5457 5467//5463 5466//5462
f 5455//5451 5466//5462 5467//5463
f 5405//5401 5413//5409 5470//5466
f 5407//5403 5470//5466 5460//5456
f 5072//5068 5071//5067 5476//5472
f 5483//5479 5485//5481 5311//5307
f 5498//5494 5496//5492 5495//5491
f 5486//5482 5483//5479 5496//5492
f 5497//5493 5495//5491 5500//5496
f 5497//5493 5506//5502 5503//5499
f 5490//5486 5505//5501 5507//5503
f 5532//5528 5531//5527 5529//5525
f 5527//5523 5534//5530 5537//5533
f 4199//4195 4204//4200 5546//5542
f 5547//5543 5546//5542 4204//4200
f 2164//2164 5596//5592 5593//5589
f 5575//5571 5593//5589 5596//5592
f 4923//4919 5671//5668 5670//5667
f 4234//4230 4230//4226 5673//5670
f 4256//4252 5673//5670 4230//4226
f 5690//5687 5691//5688 5688//5685
f 4930//4926 5688//5685 5691//5688
f 4911//4907 4926//4922 5688//5685
f 5689//5686 5688//5685 4926//4922
f 5675//5672 5697//5694 5696//5693
f 5699//5696 5696//5693 5697//5694
f 4925//4921 5670//5667 5696//5693
f 5674//5671 5696//5693 5670//5667
f 5725//5722 5729//5726 5728//5725
f 4939//4935 5728//5725 5729//5726
f 5690//5687 5731//5728 5730//5727
f 5733//5730 5730//5727 5731//5728
f 5698//5695 5735//5732 5734//5731
f 5731//5728 5734//5731 5735//5732
f 5690//5687 5689//5686 5734//5731
f 5699//5696 5734//5731 5689//5686
f 4942//4938 5729//5726 5739//5736
f 5733//5730 5739//5736 5729//5726
f 4947//4943 4946//4942 5743//5740
f 5744//5741 5743//5740 4946//4942
f 4942//4938 5740//5737 5746//5743
f 5745//5742 5744//5741 5746//5743
f 4941//4937 5746//5743 5744//5741
f 5745//5742 5750//5747 5748//5745
f 4899//4895 5766//5763 5769//5766
f 5781//5778 5779//5776 5778//5775
f 4882//4878 4888//4884 5779//5776
f 5785//5782 5784//5781 5738//5735
f 5712//5709 5796//5793 5795//5792
f 5741//5738 5783//5780 5798//5795
f 5799//5796 5798//5795 5783//5780
f 5801//5798 5798//5795 5799//5796
f 5747//5744 5798//5795 5801//5798
f 5800//5797 5804//5801 5802//5799
f 5801//5798 5802//5799 5750//5747
f 5863//5860 5864//5861 5861//5858
f 5862//5859 5869//5866 5868//5865
f 5870//5867 5869//5866 5804//5801
f 5871//5868 5872//5869 5868//5865
f 5868//5865 5872//5869 5865//5862
f 5944//5941 5940//5937 5939//5936
f 5024//5020 5021//5017 5940//5937
f 5941//5938 5940//5937 5021//5017
f 5947//5944 5957//5954 5960//5957
f 5983//5980 5984//5981 5981//5978
f 5978//5975 5981//5978 5984//5981
f 5943//5940 6014//6011 6012//6009
f 6019//6016 6021//6018 6020//6017
f 5059//5055 5057//5053 6020//6017
f 6049//6046 6050//6047 6047//6044
f 5983//5980 5982//5979 6050//6047
f 5971//5968 5969//5966 6050//6047
f 6047//6044 6050//6047 5969//5966
f 6047//6044 6053//6050 6052//6049
f 5964//5961 5961//5958 6053//6050
f 6051//6048 6071//6068 6069//6066
f 6052//6049 6069//6066 6059//6056
f 6167//6164 6168//6165 6165//6162
f 6205//6202 6206//6203 6203//6200
f 6191//6188 6189//6186 6203//6200
f 6213//6210 6214//6211 6211//6208
f 6209//6206 6211//6208 6214//6211
f 6213//6210 6216//6213 6215//6212
f 6220//6217 6221//6218 6218//6215
f 6224//6221 6226//6223 6220//6217
f 6220//6217 6226//6223 6237//6234
f 6230//6227 6235//6232 6246//6243
f 6239//6236 6246//6243 6249//6246
f 6255//6252 6253//6250 6252//6249
f 6254//6251 6252//6249 6261//6258
f 6240//6237 6249//6246 6261//6258
f 6254//6251 6268//6265 6266//6263
f 6277//6274 6279//6276 6278//6275
f 6274//6271 6278//6275 6281//6278
f 6283//6280 6299//6296 6298//6295
f 6301//6298 6298//6295 6299//6296
f 6291//6288 6298//6295 6301//6298
f 6282//6279 6298//6295 6291//6288
f 4835//4831 4840//4836 6315//6312
f 6316//6313 6315//6312 4840//4836
f 4850//4846 6325//6322 6321//6318
f 2955//2954 6328//6325 6327//6324
f 5780//5777 6331//6328 6330//6327
f 6343//6339 6341//6337 6340//6336
f 6345//6341 6344//6340 6341//6337
f 6343//6339 6342//6338 6356//6352
f 6362//6358 6363//6360 6360//6356
f 6343//6339 6357//6353 6363//6360
f 6361//6357 6365//6791 6364//6361
f 6369//6369 6379//6371 6376//6365
f 6416//6410 6421//6415 6425//6419
f 6417//6411 6422//6416 6421//6415
f 6411//6405 6408//6402 6460//6454
f 6465//6459 6478//6472 6481//6475
f 6466//6460 6481//6475 6482//6476
f 6479//6473 6492//6486 6495//6489
f 6497//6491 6496//6490 6495//6489
f 5931//5928 6544//6538 6543//6537
f 6418//6412 6425//6419 6751//6745
f 6797//6793 6796//6792 6800//6796
f 6808//6804 6810//6806 6806//6802
f 6801//6797 6800//6796 6812//6808
f 6814//6810 6812//6808 6800//6796
f 6811//6807 6810//6806 6812//6808
f 6814//6810 6823//6819 6820//6816
f 6799//6795 6824//6820 6823//6819
f 6361//6357 6360//6356 6825//6821
f 6815//6811 6825//6821 6360//6356
f 6798//6794 6825//6821 6824//6820
f 6807//6803 6828//6824 6827//6823
f 6634//6628 6633//6627 6828//6824
f 6813//6809 6832//6828 6831//6827
f 6808//6804 6827//6823 6832//6828
f 6833//6829 6832//6828 6827//6823
f 6830//6826 6836//6839 6834//6830
f 6797//6793 6838//6833 6367//6832
f 6801//6797 6831//6827 6838//6833
f 6835//6831 6838//6833 6831//6827
l 3005 3510
