# Blender 4.2.1 LTS
# www.blender.org
mtllib cabeza2.mtl
o 17174_Tiamat_new.001
v -1.395942 1.792928 0.890747
v -1.387542 1.784428 0.906547
v -1.366742 1.785327 0.894547
v -1.374842 1.796028 0.880747
v -1.376842 1.774229 0.921647
v -1.357042 1.772228 0.908047
v -1.338942 1.772727 0.890147
v -1.348542 1.784128 0.879047
v -1.357142 1.794929 0.867447
v -1.332342 1.787127 0.841147
v -1.342442 1.791028 0.852747
v -1.333442 1.781127 0.861247
v -1.324242 1.777328 0.841147
v -1.323942 1.771129 0.867847
v -1.315042 1.763029 0.842447
v -1.381542 1.810128 0.868647
v -1.364342 1.807629 0.856547
v -1.366442 1.822528 0.849047
v -1.383342 1.827428 0.862747
v -1.401442 1.827328 0.872747
v -1.400942 1.808128 0.877347
v -1.347842 1.801429 0.842347
v -1.349342 1.812528 0.832347
v -1.332242 1.791728 0.829347
v -1.332642 1.798128 0.815547
v -1.319342 1.777529 0.820447
v -1.316842 1.780628 0.802147
v -1.311042 1.758327 0.814747
v -1.306242 1.760727 0.790147
v -1.397342 1.774029 0.931147
v -1.387342 1.784728 0.949147
v -1.363042 1.784027 0.939247
v -1.412142 1.782429 0.951547
v -1.412942 1.776029 0.936147
v -1.408742 1.793929 0.979047
v -1.374742 1.799428 0.968947
v -1.345542 1.799228 0.958647
v -1.340242 1.781229 0.924547
v -1.320742 1.778229 0.903847
v -1.319242 1.793828 0.943247
v -1.297042 1.786929 0.920547
v -1.305542 1.771028 0.877747
v -1.279842 1.775928 0.890747
v -1.269342 1.760028 0.857347
v -1.295942 1.759428 0.848147
v -1.264842 1.747027 0.820947
v -1.293142 1.748127 0.815547
v -1.293542 1.743328 0.785347
v -1.265242 1.733727 0.780847
v -1.344142 1.826928 0.825847
v -1.331342 1.839027 0.827047
v -1.349842 1.852929 0.849347
v -1.360742 1.838727 0.846847
v -1.327842 1.809428 0.805947
v -1.314442 1.820328 0.804547
v -1.311742 1.788728 0.789547
v -1.299842 1.799827 0.783347
v -1.299042 1.768827 0.775247
v -1.291242 1.780228 0.764547
v -1.290442 1.751627 0.765747
v -1.285042 1.765229 0.751947
v -1.280142 1.736627 0.756547
v -1.278342 1.752028 0.740147
v -1.267742 1.720928 0.739747
v -1.270242 1.737428 0.723547
v -1.244142 1.716329 0.753647
v -1.255242 1.707428 0.715947
v -1.229642 1.702729 0.725047
v -1.262542 1.722127 0.702247
v -1.251642 1.688329 0.687447
v -1.260942 1.704028 0.676747
v -1.223942 1.683227 0.692947
v -1.224742 1.660327 0.658847
v -1.257042 1.665227 0.657247
v -1.267742 1.685627 0.648647
v -1.276242 1.668229 0.577747
v -1.276542 1.673327 0.615747
v -1.266242 1.645627 0.621747
v -1.268342 1.636629 0.580247
v -1.229142 1.640128 0.621047
v -1.229142 1.631227 0.580347
v -1.441842 1.817728 1.035447
v -1.425842 1.826928 1.045347
v -1.404742 1.822829 1.022847
v -1.425442 1.806427 1.008247
v -1.413642 1.830328 1.058147
v -1.388842 1.832428 1.041447
v -1.381742 1.815928 1.004947
v -1.362342 1.830128 1.027847
v -1.353042 1.815527 0.993747
v -1.321742 1.814429 0.982847
v -1.332442 1.827729 1.019347
v -1.300542 1.820127 1.009947
v -1.292842 1.802927 0.967447
v -1.268642 1.786828 0.944147
v -1.269642 1.803728 0.993747
v -1.242842 1.782928 0.968247
v -1.250042 1.768429 0.911347
v -1.222542 1.759328 0.931647
v -1.205242 1.739529 0.890947
v -1.235742 1.752327 0.873447
v -1.224942 1.742128 0.834947
v -1.189642 1.726727 0.853147
v -1.173942 1.716429 0.817647
v -1.214442 1.731529 0.798947
v -1.198742 1.716928 0.767247
v -1.182242 1.703228 0.734447
v -1.155042 1.704927 0.783647
v -1.135842 1.693228 0.747747
v -1.172342 1.686427 0.697347
v -1.168142 1.666929 0.658547
v -1.121042 1.679428 0.707047
v -1.111542 1.663328 0.664247
v -1.167842 1.651527 0.617647
v -1.106542 1.649328 0.620447
v -1.165342 1.645728 0.575147
v -1.100642 1.639627 0.575847
v -1.408142 1.829728 1.070847
v -1.381342 1.830128 1.059647
v -1.383842 1.818727 1.072647
v -1.408942 1.821928 1.080547
v -1.358842 1.811828 1.065147
v -1.354042 1.827229 1.050047
v -1.324642 1.821527 1.043247
v -1.333142 1.801827 1.058447
v -1.300042 1.788228 1.052047
v -1.292542 1.812228 1.034447
v -1.232642 1.747628 1.009347
v -1.226742 1.771327 0.990447
v -1.257842 1.795228 1.017947
v -1.260342 1.777228 1.033747
v -1.264742 1.765429 1.041847
v -1.256242 1.746928 1.037347
v -1.287242 1.763129 1.052847
v -1.275042 1.746829 1.051947
v -1.204542 1.745229 0.949547
v -1.206742 1.722429 0.961247
v -1.186642 1.701028 0.915847
v -1.187142 1.722528 0.905547
v -1.172142 1.706428 0.866347
v -1.154742 1.695228 0.830747
v -1.171142 1.685128 0.874947
v -1.153042 1.673128 0.838647
v -1.133442 1.685429 0.796447
v -1.110842 1.676227 0.760147
v -1.131242 1.663028 0.804247
v -1.107942 1.652928 0.768747
v -1.075342 1.627228 0.683047
v -1.079342 1.651327 0.673247
v -1.091242 1.665429 0.718447
v -1.087942 1.640728 0.727747
v -1.312742 1.839628 0.778447
v -1.310542 1.831628 0.793547
v -1.300942 1.810429 0.768747
v -1.303242 1.819628 0.754547
v -1.296442 1.790828 0.747747
v -1.300142 1.803327 0.732147
v -1.289442 1.850128 0.755347
v -1.302142 1.846328 0.764547
v -1.292842 1.829829 0.745047
v -1.278942 1.841828 0.740047
v -1.285442 1.817027 0.725247
v -1.268242 1.833228 0.721047
v -1.293242 1.776729 0.732747
v -1.299442 1.791728 0.714347
v -1.288042 1.765128 0.719547
v -1.295642 1.781328 0.699247
v -1.279842 1.807927 0.708547
v -1.258142 1.825727 0.705347
v -1.273642 1.800028 0.693147
v -1.247242 1.818628 0.691447
v -1.246642 1.874828 0.709047
v -1.256842 1.852528 0.715547
v -1.243942 1.846828 0.698047
v -1.231142 1.870728 0.688747
v -1.232142 1.841728 0.681947
v -1.219542 1.867527 0.669347
v -1.279642 1.752327 0.704347
v -1.286442 1.769627 0.685047
v -1.272042 1.738428 0.686047
v -1.276942 1.758528 0.669947
v -1.224142 1.806228 0.657447
v -1.205842 1.833928 0.645747
v -1.219342 1.837229 0.664547
v -1.235842 1.811828 0.675547
v -1.206842 1.865127 0.649947
v -1.193342 1.863627 0.629647
v -1.264942 1.791528 0.677447
v -1.255042 1.783028 0.661447
v -1.269942 1.723527 0.663947
v -1.270842 1.747929 0.650947
v -1.274342 1.710927 0.638247
v -1.267642 1.741127 0.628147
v -1.277842 1.705428 0.608447
v -1.259642 1.738727 0.603547
v -1.273842 1.704728 0.573847
v -1.248842 1.739628 0.574247
v -1.244842 1.774827 0.643947
v -1.212142 1.802428 0.637847
v -1.235342 1.769627 0.623647
v -1.200342 1.800628 0.617447
v -1.191542 1.832428 0.625447
v -1.178742 1.863228 0.608047
v -1.177942 1.832428 0.604547
v -1.164142 1.863928 0.586647
v -1.223242 1.767527 0.602947
v -1.186742 1.799228 0.598547
v -1.209842 1.767527 0.577947
v -1.172642 1.798229 0.577047
v -1.164542 1.832727 0.585147
v -1.149742 1.865127 0.567247
v -1.150842 1.832528 0.564247
v -1.135542 1.865628 0.546447
v -1.196442 1.769128 0.545647
v -1.158342 1.797228 0.549647
v -1.236142 1.742527 0.537447
v -1.216742 1.742527 0.497847
v -1.178142 1.768428 0.509147
v -1.139242 1.794029 0.517347
v -1.135642 1.830828 0.539447
v -1.120342 1.864128 0.521547
v -1.114442 1.826228 0.509847
v -1.098442 1.859527 0.492047
v -1.085242 1.818128 0.472647
v -1.068042 1.851727 0.454647
v -1.110842 1.785928 0.480147
v -1.082042 1.778728 0.439747
v -1.057742 1.811229 0.428847
v -1.041242 1.844929 0.408847
v -1.033242 1.770927 0.360447
v -1.007042 1.805727 0.341747
v -1.032342 1.807028 0.387047
v -1.057642 1.773928 0.401547
v -1.013742 1.841428 0.365347
v -0.987342 1.841328 0.317547
v -0.977342 1.806427 0.289047
v -0.953142 1.843428 0.264447
v -1.005242 1.770027 0.310047
v -0.978042 1.769527 0.254647
v -0.950842 1.808827 0.230647
v -0.926742 1.847028 0.204847
v -1.288442 1.727828 1.057347
v -1.265142 1.723428 1.036247
v -1.284042 1.698128 1.033847
v -1.310542 1.700629 1.057547
v -1.261742 1.697729 1.001047
v -1.244342 1.719629 1.003747
v -1.222642 1.704829 0.962447
v -1.240542 1.688928 0.960947
v -1.215042 1.670527 0.923547
v -1.197942 1.684329 0.921047
v -1.178542 1.669228 0.881347
v -1.192442 1.655527 0.886247
v -1.171942 1.642828 0.848847
v -1.159942 1.656729 0.844047
v -1.139242 1.645428 0.808447
v -1.152342 1.631029 0.811747
v -1.134242 1.618029 0.773747
v -1.118642 1.633327 0.771847
v -1.189742 1.631227 0.851547
v -1.169742 1.619627 0.813847
v -1.180342 1.602329 0.822347
v -1.204342 1.614727 0.858147
v -1.156842 1.588428 0.785147
v -1.151342 1.606228 0.775247
v -1.222742 1.934129 0.685347
v -1.232242 1.901029 0.702347
v -1.212342 1.899029 0.680147
v -1.198442 1.935927 0.661447
v -1.202142 1.897528 0.656047
v -1.188242 1.933429 0.633747
v -1.189442 1.896128 0.635247
v -1.173542 1.932227 0.613147
v -1.175042 1.895028 0.615347
v -1.157342 1.931127 0.594447
v -1.162442 1.894428 0.591947
v -1.147942 1.928028 0.569447
v -1.147942 1.894428 0.570047
v -1.134042 1.927028 0.547847
v -1.132142 1.895828 0.551947
v -1.117342 1.929229 0.530747
v -1.117742 1.896528 0.530847
v -1.102342 1.929528 0.508947
v -1.103642 1.895227 0.503747
v -1.090242 1.926428 0.478247
v -1.081642 1.891328 0.471847
v -1.066742 1.923828 0.444347
v -1.052142 1.885027 0.431647
v -1.040142 1.918827 0.400047
v -1.022842 1.879028 0.385047
v -1.008542 1.915428 0.352747
v -0.993342 1.876428 0.339947
v -0.983042 1.913328 0.303247
v -0.970342 1.876428 0.288147
v -0.961542 1.912227 0.249847
v -0.940142 1.879028 0.232247
v -0.938342 1.912427 0.192047
v -0.914142 1.882528 0.174247
v -0.915142 1.915428 0.136947
v -1.287442 2.023228 0.695947
v -1.267042 1.987828 0.736247
v -1.243042 1.980829 0.690547
v -1.260142 2.014828 0.646247
v -1.243242 1.936828 0.719447
v -1.266342 1.941927 0.759247
v -1.223142 1.975327 0.650947
v -1.238642 2.005328 0.603447
v -1.198042 1.980927 0.623747
v -1.216242 2.009129 0.571347
v -1.184342 1.976629 0.595647
v -1.197342 2.005827 0.544747
v -1.168042 1.974529 0.574347
v -1.177742 2.004929 0.524047
v -1.149942 1.974028 0.556347
v -1.158042 2.007128 0.506147
v -1.141542 1.966228 0.532247
v -1.145642 1.998427 0.485647
v -1.129442 1.963528 0.511047
v -1.135342 1.993328 0.465447
v -1.114042 1.966028 0.492447
v -1.122442 1.993227 0.444847
v -1.097242 1.967428 0.469947
v -1.105842 1.995528 0.420347
v -1.085742 1.960227 0.436947
v -1.092442 1.985029 0.387647
v -1.062142 1.959328 0.400747
v -1.073142 1.982427 0.348647
v -1.038642 1.954129 0.354047
v -1.051242 1.977628 0.301247
v -1.008242 1.954428 0.304947
v -1.026342 1.977329 0.249947
v -0.987342 1.949528 0.252047
v -1.004642 1.971827 0.197147
v -0.962642 1.951027 0.200547
v -0.980542 1.976127 0.146747
v -1.435242 2.016727 0.690847
v -1.398642 2.039728 0.748947
v -1.358542 2.041128 0.696147
v -1.395342 2.012928 0.641847
v -1.318142 2.037029 0.751347
v -1.358642 2.034429 0.802947
v -1.322342 2.026129 0.642947
v -1.355542 1.998827 0.593947
v -1.292742 2.017628 0.593047
v -1.323542 1.988828 0.547847
v -1.267342 2.006428 0.551447
v -1.294842 1.980028 0.508847
v -1.245142 2.008728 0.518647
v -1.271242 1.981627 0.477047
v -1.223642 2.008327 0.493147
v -1.249542 1.983629 0.451747
v -1.203642 2.008929 0.471447
v -1.231142 1.984527 0.428647
v -1.185642 2.011328 0.450947
v -1.214942 1.984028 0.407447
v -1.170942 2.007029 0.431547
v -1.199942 1.980428 0.388447
v -1.159442 2.000528 0.412947
v -1.186042 1.976428 0.369647
v -1.145942 1.996928 0.392647
v -1.171842 1.974529 0.348747
v -1.130442 1.995828 0.367647
v -1.155942 1.970928 0.324947
v -1.114042 1.986728 0.337647
v -1.138842 1.965029 0.296447
v -1.096742 1.982728 0.299147
v -1.123142 1.962327 0.259347
v -1.076842 1.980527 0.252047
v -1.105842 1.959428 0.213147
v -1.055342 1.980727 0.200347
v -1.086842 1.958527 0.162547
v -1.032942 1.979827 0.149247
v -1.066342 1.961627 0.112347
v -1.011542 1.984628 0.099847
v -1.045842 1.968928 0.064147
v -1.461242 1.808527 1.028647
v -1.449842 1.797328 0.996347
v -1.473442 1.799628 0.990847
v -1.480642 1.808329 1.024947
v -1.442442 1.787228 0.965847
v -1.468642 1.792529 0.952447
v -1.409842 1.777828 0.913447
v -1.428342 1.774328 0.924147
v -1.420342 1.784027 0.895747
v -1.447642 1.780728 0.905547
v -1.423942 1.801228 0.880747
v -1.421742 1.822628 0.880047
v -1.436242 1.818228 0.886347
v -1.445842 1.800928 0.886847
v -1.437542 1.828728 0.894747
v -1.450742 1.813529 0.901447
v -1.449842 1.828728 0.914147
v -1.438242 1.842528 0.905847
v -1.460842 1.815928 0.921147
v -1.459042 1.799027 0.909847
v -1.436942 1.780228 0.941847
v -1.455942 1.783728 0.928347
v -1.463042 1.792428 0.921847
v -1.469042 1.804829 0.933347
v -1.666842 1.846527 1.096747
v -1.651142 1.853328 1.106747
v -1.637542 1.851027 1.088347
v -1.652942 1.841329 1.075747
v -1.626142 1.854429 1.100947
v -1.639842 1.854429 1.118047
v -1.613442 1.856729 1.083147
v -1.625742 1.852128 1.069047
v -1.641342 1.840528 1.053547
v -1.613842 1.855227 1.051147
v -1.630242 1.841928 1.032847
v -1.600442 1.860029 1.066247
v -1.587042 1.864228 1.049547
v -1.600742 1.859228 1.034247
v -1.617742 1.846128 1.013347
v -1.586542 1.866428 1.018047
v -1.603042 1.855129 0.994947
v -1.573442 1.870728 1.032847
v -1.560742 1.879128 1.016947
v -1.573642 1.876828 1.002847
v -1.589242 1.868129 0.978747
v -1.562642 1.886729 0.988847
v -1.577542 1.880527 0.964847
v -1.549642 1.887329 1.002547
v -1.539142 1.891928 0.987247
v -1.551342 1.891528 0.974147
v -1.565342 1.887329 0.951047
v -1.604842 1.869627 0.860347
v -1.585242 1.878528 0.911747
v -1.574742 1.885427 0.896347
v -1.592242 1.875428 0.846047
v -1.554642 1.892228 0.936547
v -1.548442 1.903829 0.926747
v -1.571942 1.899229 0.885547
v -1.588042 1.888129 0.835347
v -1.521742 1.900629 0.955647
v -1.532842 1.901528 0.946247
v -1.540842 1.894228 0.958647
v -1.529242 1.894628 0.970747
v -1.485642 1.819828 1.087547
v -1.462842 1.819929 1.062747
v -1.477842 1.814728 1.058847
v -1.497942 1.818828 1.086047
v -1.492042 1.818128 1.056047
v -1.508542 1.823828 1.084347
v -1.458042 1.826427 1.086047
v -1.439442 1.827428 1.074647
v -1.449342 1.825129 1.067847
v -1.471542 1.823828 1.087547
v -1.416142 1.806628 1.083247
v -1.397242 1.798728 1.075647
v -1.412642 1.777928 1.078447
v -1.429142 1.789829 1.084747
v -1.397642 1.764529 1.072347
v -1.377542 1.787827 1.067847
v -1.357842 1.773828 1.062347
v -1.384242 1.748528 1.068547
v -1.336842 1.758028 1.060147
v -1.372742 1.724627 1.067947
v -1.313742 1.741629 1.060647
v -1.340442 1.711429 1.066147
v -1.435542 1.827628 1.083447
v -1.434842 1.821228 1.088747
v -1.462142 1.826427 1.096247
v -1.464242 1.814927 1.101247
v -1.519742 1.819929 1.110647
v -1.542542 1.817528 1.134247
v -1.529942 1.812727 1.132347
v -1.506742 1.819427 1.109847
v -1.529242 1.824429 1.108947
v -1.551442 1.823328 1.132647
v -1.486542 1.822927 1.105247
v -1.497442 1.813228 1.115847
v -1.433442 1.812027 1.088647
v -1.447042 1.801827 1.091047
v -1.441442 1.772928 1.084947
v -1.425342 1.761729 1.080447
v -1.430142 1.752629 1.092847
v -1.445942 1.760929 1.097147
v -1.418642 1.742728 1.091147
v -1.412742 1.749429 1.077147
v -1.480042 1.794528 1.106047
v -1.459942 1.784728 1.092547
v -1.465242 1.768728 1.104547
v -1.485042 1.778028 1.116547
v -1.505242 1.800029 1.122647
v -1.505642 1.788628 1.133247
v -1.530342 1.803328 1.139447
v -1.527142 1.798728 1.151947
v -1.548442 1.806427 1.156247
v -1.546642 1.810128 1.171547
v -1.556942 1.810928 1.159447
v -1.569342 1.822628 1.190247
v -1.564842 1.815628 1.160647
v -1.583242 1.823928 1.187447
v -1.572942 1.823228 1.158347
v -1.592042 1.826828 1.183047
v -1.499542 1.812027 1.190547
v -1.514142 1.805629 1.169547
v -1.537042 1.817327 1.188347
v -1.525442 1.819329 1.208547
v -1.563042 1.826028 1.210247
v -1.556542 1.820729 1.229147
v -1.460642 1.788329 1.163147
v -1.474442 1.781229 1.139347
v -1.493242 1.793329 1.153147
v -1.478442 1.801028 1.175547
v -1.430842 1.765528 1.145547
v -1.439542 1.762728 1.120447
v -1.456442 1.771229 1.128447
v -1.445342 1.775928 1.153347
v -1.413942 1.743628 1.113847
v -1.425642 1.753128 1.115547
v -1.416942 1.757028 1.139247
v -1.403842 1.749328 1.135247
v -1.602842 1.833629 1.166147
v -1.598242 1.831228 1.175047
v -1.580042 1.829728 1.152447
v -1.586242 1.833228 1.145247
v -1.560042 1.829227 1.128147
v -1.567942 1.832628 1.122247
v -1.627842 1.851928 1.131047
v -1.614142 1.851027 1.113647
v -1.603942 1.846628 1.124347
v -1.617442 1.848428 1.143147
v -1.589642 1.847127 1.104947
v -1.600642 1.852229 1.095347
v -1.608342 1.838629 1.155747
v -1.605142 1.835829 1.159447
v -1.590442 1.835628 1.139747
v -1.593742 1.838727 1.135347
v -1.573742 1.835227 1.117547
v -1.577842 1.839128 1.114047
v -1.611642 1.843328 1.150847
v -1.597642 1.842628 1.130947
v -1.582542 1.843228 1.110547
v -1.539042 1.830128 1.105647
v -1.519242 1.830328 1.082447
v -1.529942 1.836228 1.079947
v -1.548542 1.834429 1.101247
v -1.586842 1.854928 1.078047
v -1.575242 1.849429 1.086747
v -1.561142 1.853428 1.068647
v -1.573042 1.859128 1.060647
v -1.556042 1.837327 1.097247
v -1.539042 1.840528 1.077047
v -1.547042 1.843228 1.074047
v -1.562142 1.840528 1.093947
v -1.567642 1.844828 1.091347
v -1.553542 1.847827 1.072047
v -1.502842 1.827729 1.056547
v -1.491542 1.822628 1.027747
v -1.499542 1.838928 1.032947
v -1.513342 1.837929 1.057047
v -1.559542 1.865427 1.042947
v -1.547642 1.859828 1.050047
v -1.534742 1.868227 1.032747
v -1.546842 1.873628 1.026247
v -1.522642 1.845827 1.056647
v -1.507342 1.851128 1.036247
v -1.518242 1.856529 1.034847
v -1.532142 1.849728 1.054247
v -1.539642 1.854228 1.052747
v -1.526342 1.862128 1.034447
v -1.522742 1.876627 1.017747
v -1.535442 1.882328 1.011947
v -1.524942 1.888927 0.996947
v -1.511442 1.883429 1.002247
v -1.483542 1.819628 0.997547
v -1.478242 1.820528 0.969947
v -1.477542 1.843828 0.986847
v -1.487742 1.840729 1.009147
v -1.494642 1.855227 1.015847
v -1.484042 1.859228 0.995647
v -1.495642 1.867028 0.998147
v -1.506242 1.862227 1.016447
v -1.514342 1.869128 1.017847
v -1.503142 1.875028 1.001347
v -1.514842 1.893028 0.980147
v -1.507042 1.896829 0.964247
v -1.501042 1.887429 0.984847
v -1.493742 1.888329 0.967247
v -1.471242 1.826329 0.949847
v -1.461242 1.834728 0.935747
v -1.465342 1.852128 0.948247
v -1.471042 1.847429 0.966047
v -1.493742 1.877928 0.982447
v -1.487842 1.879029 0.963547
v -1.489342 1.868329 0.977047
v -1.484242 1.869729 0.957147
v -1.479842 1.860127 0.973347
v -1.475242 1.861928 0.953547
v -1.291942 1.998427 0.789247
v -1.287142 1.951027 0.807247
v -1.327042 2.001928 0.838547
v -1.315242 1.957329 0.852447
v -1.324342 1.851828 0.820547
v -1.323342 1.860729 0.804347
v -1.337642 1.882728 0.835947
v -1.343542 1.867028 0.846047
v -1.296442 1.919328 0.811647
v -1.275742 1.909528 0.767847
v -1.319042 1.927729 0.854147
v -1.308342 1.901129 0.813447
v -1.326842 1.909328 0.851747
v -1.289642 1.884027 0.772447
v -1.264942 1.878928 0.735747
v -1.271442 1.858428 0.737647
v -1.289042 1.863027 0.761147
v -1.314642 1.881527 0.802147
v -1.309242 1.864628 0.783547
v -1.334242 1.897027 0.848447
v -1.318842 1.893127 0.820347
v -1.253342 1.903929 0.731947
v -1.402842 1.736728 1.076647
v -1.409342 1.734529 1.092647
v -1.407242 1.722728 1.093047
v -1.398642 1.721328 1.077447
v -1.403042 1.736428 1.114747
v -1.400942 1.724429 1.113747
v -1.391642 1.740427 1.134147
v -1.390042 1.724828 1.132247
v -1.393742 1.724627 1.146147
v -1.398342 1.745429 1.152747
v -1.388242 1.739529 1.147347
v -1.405142 1.728029 1.156647
v -1.426342 1.758429 1.165447
v -1.411542 1.751229 1.157947
v -1.429242 1.743129 1.179047
v -1.416542 1.734529 1.167547
v -1.456042 1.779328 1.185147
v -1.440842 1.768127 1.174547
v -1.443442 1.753229 1.190847
v -1.458942 1.764228 1.203247
v -1.473242 1.790828 1.197647
v -1.476442 1.775527 1.216647
v -1.493742 1.801028 1.212147
v -1.495942 1.785529 1.230747
v -1.519142 1.807827 1.229147
v -1.518542 1.791929 1.244247
v -1.551442 1.808128 1.248447
v -1.549942 1.789129 1.259247
v -1.516142 1.766329 1.234147
v -1.527042 1.776129 1.244947
v -1.553642 1.769329 1.253247
v -1.556242 1.743927 1.238247
v -1.515842 1.716728 1.197447
v -1.482142 1.743628 1.204247
v -1.500442 1.755628 1.219147
v -1.535342 1.729629 1.215147
v -1.482342 1.693629 1.163747
v -1.450342 1.720727 1.177047
v -1.465242 1.731627 1.190847
v -1.497742 1.704028 1.181047
v -1.437642 1.711429 1.162947
v -1.426542 1.704927 1.148947
v -1.470342 1.685328 1.145647
v -1.460142 1.679829 1.128347
v -1.449442 1.676429 1.113347
v -1.441042 1.674827 1.099647
v -1.410142 1.703728 1.121747
v -1.415342 1.702328 1.135947
v -1.415042 1.705128 1.105747
v -1.416442 1.702827 1.088547
v -1.436942 1.673728 1.085947
v -1.432742 1.671528 1.073247
v -1.406942 1.699229 1.074247
v -1.425842 1.669929 1.061147
v -1.413842 1.668828 1.047547
v -1.389942 1.693727 1.064847
v -1.365442 1.685729 1.056647
v -1.394742 1.666829 1.032247
v -1.370242 1.663527 1.016447
v -1.337742 1.680629 1.041847
v -1.310042 1.679528 1.020447
v -1.342942 1.662328 0.998547
v -1.315142 1.659829 0.977147
v -1.284542 1.679028 0.992647
v -1.261842 1.673628 0.956747
v -1.289842 1.652529 0.949847
v -1.258742 1.632728 0.930347
v -1.235742 1.657228 0.924047
v -1.211542 1.643428 0.888747
v -1.226042 1.625528 0.896047
v -1.249042 1.547727 0.979447
v -1.259942 1.572628 0.964647
v -1.286842 1.556929 1.009847
v -1.270742 1.532527 1.033547
v -1.266842 1.547627 1.008447
v -1.308442 1.539927 1.058347
v -1.234242 1.525728 0.999947
v -1.259042 1.600728 0.939647
v -1.227442 1.599927 0.912447
v -1.229842 1.571128 0.927647
v -1.212342 1.561327 0.888347
v -1.204542 1.590228 0.875047
v -1.180942 1.578728 0.837847
v -1.189242 1.550427 0.849147
v -1.158242 1.539528 0.811447
v -1.155642 1.565828 0.799447
v -1.131342 1.551428 0.757447
v -1.134342 1.572927 0.744847
v -1.129142 1.527228 0.769047
v -1.102942 1.516328 0.725747
v -1.110142 1.538628 0.716047
v -1.117442 1.558228 0.705047
v -1.097142 1.529827 0.676947
v -1.111042 1.546927 0.669447
v -1.098042 1.516428 0.640447
v -1.082542 1.509727 0.682647
v -1.080142 1.494529 0.642047
v -1.113942 1.536127 0.636947
v -1.102042 1.619529 0.730747
v -1.119942 1.603029 0.732147
v -1.110442 1.588928 0.691347
v -1.090742 1.605628 0.688147
v -1.135942 1.590228 0.734147
v -1.125442 1.574929 0.695147
v -1.120742 1.563628 0.661847
v -1.105442 1.577428 0.655747
v -1.120642 1.554627 0.631647
v -1.104942 1.568027 0.625347
v -1.073842 1.635727 0.627947
v -1.070142 1.612828 0.638147
v -1.065042 1.594528 0.591247
v -1.068642 1.621827 0.582147
v -1.084542 1.592528 0.648047
v -1.084342 1.580228 0.616047
v -1.108542 1.559628 0.600247
v -1.091342 1.569427 0.598247
v -1.105342 1.553428 0.571247
v -1.082542 1.568628 0.576347
v -1.115342 1.524928 0.605547
v -1.121542 1.545728 0.602247
v -1.119142 1.535728 0.568147
v -1.111242 1.512527 0.570347
v -1.234742 1.543728 0.943647
v -1.231542 1.524428 0.955147
v -1.223242 1.513628 0.913847
v -1.222142 1.534928 0.901647
v -1.158142 1.498528 0.992147
v -1.134642 1.497828 0.968947
v -1.169942 1.512728 0.965547
v -1.188042 1.510128 0.997847
v -1.147142 1.501828 0.929247
v -1.111142 1.489328 0.934647
v -1.184242 1.507728 0.926647
v -1.205242 1.518728 0.962747
v -1.218642 1.519627 0.951947
v -1.205742 1.509428 0.921047
v -1.204442 1.523528 0.856347
v -1.206342 1.496727 0.867447
v -1.163842 1.496128 0.827747
v -1.165742 1.515028 0.818747
v -1.181742 1.498127 0.881147
v -1.147342 1.497427 0.836147
v -1.156842 1.499527 0.886047
v -1.124242 1.499928 0.841947
v -1.120042 1.497128 0.890647
v -1.089542 1.498729 0.849647
v -1.086242 1.484228 0.897747
v -1.058342 1.484128 0.859647
v -1.128642 1.505628 0.776847
v -1.123942 1.491827 0.783047
v -1.095942 1.496529 0.731047
v -1.089542 1.480829 0.733747
v -1.110742 1.491328 0.789047
v -1.074942 1.479028 0.739947
v -1.089342 1.497128 0.795847
v -1.055642 1.485827 0.747447
v -1.058642 1.498227 0.806347
v -1.030542 1.487528 0.758147
v -1.030742 1.483528 0.819247
v -1.009042 1.472827 0.771347
v -1.157542 1.479028 1.004047
v -1.122442 1.472628 0.980047
v -1.121642 1.447729 0.997347
v -1.161142 1.455428 1.018347
v -1.096442 1.436828 0.959847
v -1.098542 1.463529 0.944747
v -1.075242 1.458527 0.906847
v -1.076242 1.429929 0.919047
v -1.048142 1.426127 0.881347
v -1.046842 1.457827 0.870047
v -1.019642 1.455828 0.831047
v -1.017842 1.423427 0.842947
v -0.991742 1.419827 0.796047
v -0.998242 1.448627 0.783547
v -0.976742 1.437228 0.726647
v -0.988042 1.456928 0.715347
v -0.969242 1.413127 0.738247
v -0.947542 1.405527 0.683347
v -0.955142 1.426428 0.673147
v -0.966942 1.443128 0.663547
v -1.001442 1.383727 0.802347
v -0.974942 1.382327 0.745747
v -0.990442 1.353328 0.745747
v -1.019342 1.350528 0.799547
v -0.963542 1.355227 0.694847
v -0.951242 1.379827 0.691747
v -1.305342 1.515429 1.082147
v -1.348442 1.518329 1.099747
v -1.374642 1.509228 1.147747
v -1.338842 1.504029 1.126747
v -1.308442 1.494529 1.103147
v -1.332042 1.515429 1.104347
v -1.276042 1.504928 1.055947
v -1.278242 1.479527 1.078547
v -1.243242 1.458127 1.052747
v -1.241742 1.492228 1.031947
v -1.199642 1.484529 1.017747
v -1.201942 1.458629 1.031447
v -1.198842 1.442727 1.036047
v -1.169142 1.436528 1.025747
v -1.213542 1.436728 1.047447
v -1.180542 1.424827 1.035247
v -1.132742 1.425629 1.006847
v -1.142642 1.412428 1.015147
v -1.112842 1.392228 0.983947
v -1.103942 1.410928 0.972647
v -1.084242 1.398028 0.931947
v -1.096742 1.369228 0.944147
v -1.078342 1.345328 0.896047
v -1.061042 1.388628 0.890547
v -1.031442 1.384727 0.849247
v -1.046942 1.348128 0.847047
v -1.361042 1.513829 1.180847
v -1.331942 1.502429 1.151447
v -1.320142 1.501428 1.174147
v -1.347342 1.515429 1.204347
v -1.292342 1.486328 1.148247
v -1.300942 1.489928 1.127047
v -1.271942 1.472528 1.103647
v -1.265242 1.469327 1.124947
v -1.237842 1.451427 1.105047
v -1.245042 1.450829 1.083147
v -1.259942 1.463328 1.139347
v -1.285842 1.479429 1.163347
v -1.279342 1.469028 1.175647
v -1.254142 1.455528 1.151047
v -1.231242 1.450428 1.119147
v -1.225542 1.444229 1.131147
v -1.213242 1.436229 1.069147
v -1.205842 1.440528 1.088947
v -1.169942 1.431329 1.070947
v -1.178142 1.424929 1.053647
v -1.199042 1.442129 1.102847
v -1.163042 1.432328 1.085047
v -1.194142 1.435228 1.114947
v -1.159442 1.423529 1.097647
v -1.140342 1.409628 1.030147
v -1.130742 1.414729 1.046147
v -1.095142 1.386629 1.016847
v -1.107642 1.385128 1.000547
v -1.084542 1.376529 1.045047
v -1.087342 1.384727 1.030747
v -1.123242 1.414528 1.060447
v -1.121142 1.404829 1.073947
v -1.089942 1.350327 0.965847
v -1.071542 1.346128 0.985247
v -1.048342 1.305027 0.948947
v -1.070842 1.317929 0.927747
v -1.021842 1.296028 0.975947
v -1.032742 1.300128 0.963647
v -1.059742 1.343828 0.999447
v -1.052942 1.338727 1.013047
v -1.694142 1.443429 1.525247
v -1.688742 1.420328 1.555747
v -1.671342 1.426629 1.553247
v -1.679342 1.451028 1.526047
v -1.659142 1.392929 1.581147
v -1.676342 1.386528 1.584947
v -1.634842 1.405928 1.569647
v -1.647042 1.437829 1.543547
v -1.655642 1.461729 1.519447
v -1.654442 1.472229 1.470847
v -1.655742 1.483528 1.463747
v -1.677442 1.476129 1.470847
v -1.675942 1.466228 1.478847
v -1.677442 1.483629 1.456547
v -1.656742 1.490529 1.450047
v -1.692542 1.475229 1.455147
v -1.692542 1.468328 1.469647
v -1.689742 1.459828 1.478247
v -1.654842 1.465528 1.486047
v -1.654042 1.465929 1.477047
v -1.675842 1.461228 1.484747
v -1.677342 1.459929 1.492947
v -1.688542 1.454928 1.484147
v -1.689942 1.453129 1.491947
v -1.692942 1.451629 1.504547
v -1.679842 1.459229 1.505947
v -1.656942 1.467129 1.499447
v -1.623242 1.491229 1.445947
v -1.627642 1.496728 1.433047
v -1.619742 1.480029 1.453147
v -1.579042 1.491729 1.430447
v -1.585142 1.500728 1.421947
v -1.593142 1.505629 1.409447
v -1.572442 1.484428 1.445447
v -1.575242 1.485828 1.436947
v -1.617242 1.472329 1.459447
v -1.615842 1.471729 1.469247
v -1.616142 1.475229 1.482047
v -1.613842 1.475729 1.501447
v -1.566142 1.488628 1.473747
v -1.570342 1.486629 1.457047
v -1.546542 1.510929 1.393947
v -1.555442 1.514428 1.381647
v -1.540842 1.501529 1.402247
v -1.506842 1.511229 1.374447
v -1.510842 1.519129 1.365147
v -1.519042 1.520529 1.353047
v -1.386742 1.524328 1.219447
v -1.375842 1.522428 1.240547
v -1.403042 1.514129 1.199147
v -1.421642 1.518828 1.243647
v -1.409942 1.528229 1.258747
v -1.402642 1.525828 1.275847
v -1.481242 1.524029 1.339047
v -1.489342 1.522727 1.326747
v -1.479442 1.518628 1.350647
v -1.453942 1.521628 1.330147
v -1.455742 1.525728 1.314147
v -1.464142 1.521628 1.301747
v -1.501442 1.504729 1.387247
v -1.505642 1.505629 1.382347
v -1.537042 1.495728 1.408947
v -1.533942 1.494928 1.416947
v -1.483842 1.512928 1.362047
v -1.475942 1.512429 1.359147
v -1.530742 1.496829 1.426647
v -1.525342 1.496629 1.438947
v -1.491542 1.501529 1.401447
v -1.497242 1.504929 1.394147
v -1.471142 1.509727 1.362247
v -1.465642 1.504629 1.365247
v -1.448842 1.507729 1.341947
v -1.448242 1.514428 1.334647
v -1.432442 1.526729 1.288947
v -1.426542 1.526829 1.303147
v -1.441442 1.519729 1.276247
v -1.605142 1.456629 1.523847
v -1.595242 1.427029 1.547647
v -1.545442 1.448529 1.510647
v -1.557542 1.474128 1.492247
v -1.517042 1.485329 1.451947
v -1.509642 1.467429 1.457047
v -1.479742 1.476027 1.407247
v -1.484742 1.491328 1.406247
v -1.504042 1.448628 1.449447
v -1.478842 1.457628 1.403347
v -1.515542 1.436628 1.491747
v -1.504642 1.423928 1.475047
v -1.499842 1.427329 1.442547
v -1.475842 1.434829 1.403047
v -1.412342 1.493729 1.306547
v -1.403142 1.511329 1.287447
v -1.425842 1.515028 1.312847
v -1.434842 1.503329 1.328347
v -1.456742 1.495929 1.361647
v -1.449842 1.483328 1.355547
v -1.338342 1.507128 1.222547
v -1.310242 1.496129 1.191447
v -1.302242 1.482728 1.205247
v -1.333642 1.491729 1.242547
v -1.396942 1.460227 1.318247
v -1.407542 1.477128 1.313047
v -1.445342 1.466928 1.354147
v -1.437642 1.446629 1.360747
v -1.372242 1.509529 1.255647
v -1.372642 1.496428 1.269447
v -1.378242 1.485128 1.283847
v -1.362242 1.475129 1.281347
v -1.466542 1.915529 0.613947
v -1.456942 1.970228 0.642747
v -1.417142 1.964828 0.601647
v -1.427142 1.912228 0.580447
v -1.375942 1.955128 0.560747
v -1.385942 1.908428 0.545447
v -1.342242 1.949028 0.520347
v -1.353042 1.908828 0.507747
v -1.313342 1.946127 0.483647
v -1.324642 1.910728 0.472647
v -1.278142 1.914028 0.416347
v -1.300042 1.913028 0.441947
v -1.289342 1.948227 0.452647
v -1.267842 1.950327 0.427047
v -1.249842 1.950428 0.404247
v -1.259842 1.913227 0.394347
v -1.233842 1.948828 0.383447
v -1.244142 1.911427 0.374347
v -1.218742 1.946028 0.364347
v -1.229142 1.908927 0.355047
v -1.204142 1.942828 0.344947
v -1.213842 1.905628 0.335747
v -1.189742 1.940228 0.323547
v -1.198342 1.902128 0.314447
v -1.173942 1.936128 0.299847
v -1.182742 1.897628 0.290447
v -1.158742 1.931527 0.270847
v -1.167942 1.891328 0.261847
v -1.143742 1.925527 0.235247
v -1.151842 1.881428 0.229047
v -1.127642 1.917127 0.191747
v -1.136442 1.867927 0.189547
v -1.109242 1.912127 0.143747
v -1.121042 1.848728 0.139647
v -1.080742 1.880227 0.035447
v -1.099142 1.864327 0.085047
v -1.089942 1.917327 0.094047
v -1.070742 1.929627 0.045147
v -1.129442 1.807227 0.110147
v -1.111642 1.824427 0.069247
v -1.119642 1.788028 0.054447
v -1.134442 1.772127 0.092847
v -1.093242 1.841527 0.022347
v -1.101042 1.804928 0.010647
v -1.408042 1.851727 0.544047
v -1.443642 1.848028 0.577847
v -1.433942 1.874328 0.577847
v -1.392442 1.874627 0.545847
v -1.474142 1.874328 0.605447
v -1.479742 1.844828 0.604547
v -1.345342 1.856627 0.469847
v -1.375042 1.854527 0.506747
v -1.358442 1.877327 0.509047
v -1.329242 1.880428 0.473247
v -1.299242 1.859329 0.407647
v -1.320242 1.858727 0.436247
v -1.304342 1.883128 0.441147
v -1.282242 1.883627 0.414547
v -1.268742 1.855728 0.365847
v -1.283042 1.858027 0.384947
v -1.265142 1.882727 0.392347
v -1.250842 1.881028 0.372247
v -1.237042 1.849727 0.329447
v -1.253342 1.853028 0.347847
v -1.236042 1.878827 0.353247
v -1.220342 1.875627 0.334047
v -1.205442 1.840328 0.285847
v -1.220542 1.845628 0.308847
v -1.203942 1.871727 0.313047
v -1.188042 1.866328 0.289447
v -1.172542 1.857929 0.263347
v -1.193142 1.832727 0.260347
v -1.156942 1.845928 0.234647
v -1.183342 1.822627 0.232447
v -1.138742 1.811427 0.167247
v -1.163842 1.785028 0.179347
v -1.173042 1.807028 0.204347
v -1.144342 1.831327 0.201147
v -1.139142 1.783327 0.142147
v -1.158542 1.756527 0.160047
v -1.137242 1.751027 0.127147
v -1.152242 1.724927 0.147347
v -1.455942 1.828627 0.572647
v -1.485742 1.827227 0.596147
v -1.425542 1.829728 0.540747
v -1.445242 1.810027 0.536447
v -1.470042 1.813628 0.567747
v -1.487242 1.817128 0.586047
v -1.396242 1.830528 0.502947
v -1.369242 1.831028 0.464047
v -1.397642 1.806628 0.456247
v -1.420442 1.807427 0.497447
v -1.345642 1.831028 0.428747
v -1.325342 1.829528 0.399247
v -1.358442 1.801627 0.387847
v -1.376842 1.804928 0.418847
v -1.309542 1.826527 0.376947
v -1.295142 1.822927 0.359047
v -1.330342 1.795627 0.346247
v -1.344342 1.798528 0.364547
v -1.493742 1.791728 0.521047
v -1.511442 1.802128 0.558547
v -1.489742 1.803327 0.563947
v -1.469042 1.795228 0.529947
v -1.505642 1.813527 0.590347
v -1.526842 1.813028 0.590047
v -1.476842 1.786628 0.477447
v -1.448842 1.791128 0.488547
v -1.430142 1.790627 0.445147
v -1.460242 1.786127 0.432647
v -1.443742 1.783828 0.390947
v -1.412142 1.788627 0.405547
v -1.395242 1.783428 0.372847
v -1.428142 1.775827 0.356647
v -1.636242 1.826427 0.604047
v -1.644242 1.822328 0.601147
v -1.661442 1.830528 0.638547
v -1.651942 1.834527 0.641747
v -1.638642 1.835227 0.644347
v -1.624442 1.828627 0.607147
v -1.619242 1.819628 0.566847
v -1.607942 1.824129 0.571347
v -1.626942 1.814227 0.563547
v -1.600042 1.816628 0.522347
v -1.609442 1.809829 0.517947
v -1.587542 1.821728 0.528747
v -1.567142 1.822328 0.481247
v -1.581842 1.818727 0.472147
v -1.593542 1.810727 0.466447
v -1.566742 1.824027 0.418647
v -1.579242 1.815728 0.411347
v -1.550842 1.826127 0.430347
v -1.535942 1.828227 0.379447
v -1.552742 1.830027 0.365947
v -1.567142 1.823528 0.357547
v -1.536242 1.826628 0.318647
v -1.550942 1.822128 0.310347
v -1.520242 1.823927 0.331647
v -1.504742 1.810327 0.291347
v -1.518642 1.812827 0.279647
v -1.530642 1.809627 0.272647
v -1.499942 1.794427 0.250347
v -1.509742 1.791228 0.244347
v -1.488042 1.792928 0.261547
v -1.469842 1.775328 0.238347
v -1.480942 1.774927 0.227447
v -1.489642 1.771327 0.222047
v -1.462642 1.756227 0.208647
v -1.471242 1.751727 0.204147
v -1.451242 1.758427 0.218847
v -1.432942 1.742627 0.201447
v -1.445042 1.739327 0.191447
v -1.454442 1.734427 0.187047
v -1.428742 1.724428 0.174247
v -1.413542 1.710728 0.156447
v -1.424242 1.706128 0.151147
v -1.438942 1.719427 0.169447
v -1.416042 1.727727 0.184747
v -1.400642 1.713427 0.167547
v -1.399342 1.698128 0.137147
v -1.409942 1.694027 0.131847
v -1.386642 1.700327 0.148047
v -1.371042 1.688028 0.126747
v -1.383942 1.685327 0.116247
v -1.394542 1.681328 0.110947
v -1.355642 1.645128 0.068247
v -1.376342 1.665327 0.088647
v -1.364942 1.669927 0.094347
v -1.344042 1.650028 0.074647
v -1.351542 1.673127 0.105047
v -1.331242 1.653128 0.085847
v -1.322742 1.626228 0.059247
v -1.333442 1.620828 0.052347
v -1.311542 1.630028 0.070847
v -1.291042 1.605527 0.056947
v -1.300842 1.600828 0.045147
v -1.310442 1.594727 0.039347
v -1.566242 1.821227 0.582347
v -1.547342 1.814127 0.545347
v -1.568142 1.819628 0.537047
v -1.588442 1.824327 0.576847
v -1.528442 1.808627 0.503047
v -1.548042 1.817027 0.492147
v -1.511242 1.800928 0.512347
v -1.494942 1.798427 0.467447
v -1.511742 1.808728 0.456547
v -1.478942 1.798128 0.421347
v -1.495742 1.809828 0.409247
v -1.515942 1.820827 0.394547
v -1.531242 1.819328 0.443647
v -1.463442 1.793127 0.377647
v -1.479442 1.806427 0.363747
v -1.449342 1.782527 0.340947
v -1.465442 1.795127 0.325147
v -1.485742 1.804128 0.307447
v -1.500042 1.817128 0.347447
v -1.434142 1.768628 0.277547
v -1.452942 1.773027 0.256547
v -1.470442 1.788328 0.278647
v -1.450642 1.781827 0.297947
v -1.434342 1.758228 0.237647
v -1.416242 1.742827 0.220947
v -1.416642 1.754628 0.259947
v -1.399442 1.739628 0.244247
v -1.368942 1.708728 0.213047
v -1.384542 1.712727 0.188347
v -1.399842 1.727027 0.205247
v -1.383642 1.723927 0.229247
v -1.340542 1.681427 0.171447
v -1.354442 1.688527 0.146547
v -1.370042 1.700528 0.168347
v -1.355342 1.694727 0.193447
v -1.304542 1.651128 0.127447
v -1.316642 1.654228 0.104647
v -1.335642 1.673928 0.124147
v -1.322842 1.667528 0.148047
v -1.559742 1.824229 0.615547
v -1.572342 1.829728 0.642647
v -1.546242 1.838529 0.645247
v -1.546142 1.817627 0.586847
v -1.536442 1.822227 0.615647
v -1.582542 1.826427 0.613147
v -1.596442 1.831028 0.644847
v -1.605342 1.828328 0.610347
v -1.619342 1.833228 0.645347
v -1.528942 1.809029 0.552247
v -1.419642 1.839128 0.886247
v -1.420942 1.854527 0.895147
v -1.399042 1.844327 0.876247
v -1.395742 1.862628 0.885647
v -1.378942 1.844229 0.863747
v -1.370942 1.859128 0.868547
v -1.458442 1.858829 0.933947
v -1.451142 1.844128 0.926347
v -1.440142 1.854728 0.917147
v -1.445742 1.866629 0.924847
v -1.359042 1.887128 0.871847
v -1.376242 1.886929 0.896847
v -1.383442 1.877028 0.888847
v -1.365142 1.874028 0.869347
v -1.404742 1.879729 0.919447
v -1.425242 1.873029 0.922547
v -1.422342 1.865027 0.908847
v -1.403342 1.872229 0.904947
v -1.392042 1.878229 0.903247
v -1.389642 1.885028 0.912547
v -1.467342 1.867728 0.937947
v -1.451442 1.875227 0.931347
v -1.456442 1.883028 0.938647
v -1.474342 1.875829 0.943047
v -1.352542 1.898128 0.877847
v -1.371542 1.896829 0.903347
v -1.347642 1.910928 0.883947
v -1.369442 1.908828 0.908447
v -1.409542 1.898329 0.934847
v -1.433342 1.890028 0.938847
v -1.429342 1.881328 0.931047
v -1.406842 1.888227 0.928447
v -1.388842 1.893827 0.919247
v -1.389542 1.904829 0.924547
v -1.344042 1.928728 0.887847
v -1.347842 1.955528 0.886447
v -1.369542 1.925029 0.912547
v -1.378442 1.948828 0.911247
v -1.469542 1.907429 0.953847
v -1.484042 1.896129 0.957247
v -1.477742 1.885229 0.951047
v -1.460742 1.893328 0.946447
v -1.437942 1.902328 0.945347
v -1.414042 1.911929 0.939347
v -1.424742 1.931628 0.941547
v -1.448542 1.919827 0.950147
v -1.392342 1.919528 0.928747
v -1.402842 1.940928 0.928847
v -1.500742 1.911329 0.957747
v -1.520042 1.918028 0.949247
v -1.491442 1.929829 0.954447
v -1.526542 1.941028 0.933147
v -1.545242 1.921927 0.926147
v -1.530842 1.915529 0.942847
v -1.369042 1.991127 0.872047
v -1.402742 1.982327 0.900547
v -1.401142 2.017427 0.840847
v -1.437742 2.009928 0.872747
v -1.483842 1.974327 0.899447
v -1.507742 1.965427 0.918147
v -1.473542 1.947527 0.946847
v -1.450542 1.960927 0.933547
v -1.428542 1.971628 0.919347
v -1.463642 1.992127 0.888747
v -1.571642 1.920328 0.884447
v -1.563042 1.947028 0.881447
v -1.585342 1.934527 0.826347
v -1.588842 1.910028 0.833847
v -1.507942 2.000428 0.764047
v -1.476642 2.017229 0.823847
v -1.438842 2.026028 0.791747
v -1.473142 2.009428 0.733147
v -1.542942 1.968328 0.868947
v -1.569442 1.954327 0.812747
v -1.515842 1.973428 0.852047
v -1.544342 1.962428 0.798047
v -1.499442 1.995427 0.841347
v -1.527542 1.980327 0.784247
v -1.611642 1.852628 0.801547
v -1.598942 1.865628 0.794147
v -1.598242 1.863328 0.744847
v -1.611742 1.846828 0.732647
v -1.594842 1.880527 0.792247
v -1.595542 1.884228 0.757047
v -1.528042 1.917727 0.662647
v -1.524542 1.965827 0.704747
v -1.494642 1.971728 0.676447
v -1.502042 1.918628 0.639147
v -1.593842 1.898628 0.799647
v -1.594042 1.911328 0.783147
v -1.581942 1.865528 0.702947
v -1.581442 1.843328 0.688147
v -1.585842 1.895128 0.724247
v -1.566842 1.906328 0.699247
v -1.560342 1.871928 0.674147
v -1.608542 1.837428 0.683947
v -1.586342 1.834527 0.672247
v -1.506842 1.873729 0.628047
v -1.531242 1.875628 0.647047
v -1.510342 1.841228 0.624347
v -1.547342 1.914927 0.682547
v -1.545842 1.883528 0.663047
v -1.511642 1.823727 0.610447
v -1.544542 1.952827 0.726347
v -1.563442 1.940228 0.743547
v -1.583642 1.928327 0.762347
v -1.631542 1.838928 0.690047
v -1.636942 1.838928 0.745247
v -1.652242 1.839027 0.691347
v -1.663242 1.832528 0.752247
v -1.666342 1.837929 0.688347
v -1.677442 1.832928 0.683947
v -1.688442 1.826928 0.729847
v -1.678342 1.831528 0.735047
v -1.692942 1.836128 1.086447
v -1.678542 1.830027 1.061247
v -1.705142 1.825928 1.047147
v -1.719442 1.828928 1.075847
v -1.667242 1.828328 1.035047
v -1.694742 1.824829 1.018247
v -1.658342 1.828829 1.009447
v -1.689242 1.824829 0.989247
v -1.647442 1.832628 0.983947
v -1.686742 1.828429 0.953247
v -1.614642 1.857528 0.939047
v -1.631642 1.843529 0.959547
v -1.664842 1.839728 0.922147
v -1.648142 1.852427 0.883247
v -1.599342 1.870229 0.924647
v -1.622742 1.862728 0.871947
v -1.631642 1.842628 0.809847
v -1.652642 1.834527 0.816447
v -1.720342 1.836128 0.899247
v -1.705342 1.833127 0.919747
v -1.689142 1.837528 0.889647
v -1.707342 1.843029 0.865047
v -1.674742 1.836228 0.853047
v -1.694242 1.839527 0.824447
v -1.669142 1.830828 0.818447
v -1.681742 1.832328 0.788947
v -1.726642 1.852528 0.797647
v -1.709842 1.849828 0.807047
v -1.694442 1.837828 0.771747
v -1.706542 1.838027 0.764347
v -1.722242 1.847028 0.850047
v -1.736242 1.844327 0.842747
v -1.742142 1.833827 0.883947
v -1.733342 1.836627 0.888047
v -1.608942 1.353729 1.627447
v -1.621742 1.376129 1.599547
v -1.647442 1.364028 1.613547
v -1.636442 1.344229 1.644347
v -1.668242 1.357028 1.619247
v -1.662142 1.332529 1.649647
v -1.543642 1.371728 1.577947
v -1.545842 1.409628 1.553947
v -1.585342 1.394528 1.578747
v -1.576942 1.364228 1.606047
v -1.514842 1.410228 1.525347
v -1.517842 1.374128 1.540447
v -1.503642 1.376029 1.497947
v -1.500342 1.405128 1.490047
v -1.491442 1.402829 1.450947
v -1.487742 1.377429 1.458547
v -1.456242 1.382029 1.425347
v -1.465642 1.408928 1.414447
v -1.425742 1.421129 1.374447
v -1.413242 1.394928 1.389347
v -1.367742 1.411129 1.350447
v -1.383442 1.435829 1.331947
v -1.345942 1.453729 1.292847
v -1.333042 1.425029 1.307047
v -1.309442 1.433527 1.262847
v -1.315042 1.464628 1.254547
v -1.294642 1.460927 1.217147
v -1.290942 1.434729 1.225047
v -1.268442 1.431929 1.197347
v -1.272842 1.452729 1.187747
v -1.242242 1.427129 1.177947
v -1.246842 1.444329 1.165447
v -1.218642 1.434927 1.147047
v -1.214642 1.419428 1.161547
v -1.188342 1.425029 1.130947
v -1.155042 1.411728 1.113247
v -1.185542 1.408828 1.145647
v -1.153342 1.394627 1.128147
v -1.118242 1.392529 1.090347
v -1.117442 1.375728 1.106347
v -1.080942 1.365828 1.062047
v -1.078342 1.350728 1.080047
v -1.045942 1.330627 1.028647
v -1.012042 1.289428 0.988047
v -1.038942 1.317727 1.046547
v -1.003142 1.279928 1.001247
v -1.454742 1.352529 1.423447
v -1.409942 1.364028 1.390547
v -1.422842 1.335428 1.373047
v -1.466042 1.324728 1.406147
v -1.382042 1.351829 1.337647
v -1.368042 1.380527 1.350747
v -1.337842 1.394328 1.306447
v -1.350942 1.364128 1.298347
v -1.325642 1.372028 1.259747
v -1.314442 1.403728 1.263947
v -1.293442 1.407528 1.228047
v -1.302642 1.375829 1.225447
v -1.279342 1.375429 1.197647
v -1.270742 1.406428 1.200447
v -1.246542 1.402529 1.179947
v -1.255942 1.372128 1.176447
v -1.220642 1.395128 1.163247
v -1.231942 1.364928 1.159447
v -1.192942 1.383327 1.148447
v -1.163042 1.367828 1.131347
v -1.206842 1.352528 1.144847
v -1.180942 1.337528 1.126247
v -1.129442 1.348428 1.111047
v -1.093042 1.323029 1.085447
v -1.152642 1.320729 1.101847
v -1.121442 1.300029 1.070847
v -1.054142 1.290128 1.052647
v -1.013042 1.255628 1.010447
v -1.085142 1.271428 1.034647
v -1.041842 1.238229 0.994747
v -1.006142 1.468928 0.704447
v -0.983542 1.453627 0.654647
v -1.002342 1.455828 0.647247
v -1.027142 1.468529 0.695547
v -0.934242 1.377228 0.649647
v -0.931042 1.398727 0.641647
v -0.944242 1.357728 0.653747
v -0.934042 1.359228 0.630447
v -0.924842 1.372828 0.619047
v -0.922742 1.392527 0.610447
v -0.941142 1.425728 0.608247
v -0.950042 1.432927 0.626947
v -0.937642 1.418229 0.634247
v -0.929842 1.411928 0.605947
v -1.057542 1.474327 0.681847
v -1.044042 1.465227 0.687947
v -1.017942 1.456327 0.640747
v -1.035942 1.458127 0.629647
v -0.966942 1.427028 0.585847
v -0.982342 1.446028 0.609447
v -0.964442 1.442128 0.618347
v -0.949242 1.427627 0.595147
v -0.944842 1.379928 0.576947
v -0.952942 1.404027 0.574847
v -0.934642 1.409027 0.584547
v -0.923942 1.386328 0.585247
v -0.926242 1.364128 0.597847
v -0.941242 1.351727 0.619247
v -0.947242 1.359427 0.593547
v -0.955042 1.349828 0.614647
v -1.058142 1.319329 0.830147
v -1.038842 1.325727 0.785147
v -1.070142 1.308128 0.866847
v -1.067442 1.281528 0.844947
v -1.073942 1.299127 0.811647
v -1.061242 1.308828 0.768647
v -1.047742 1.288827 0.890847
v -1.034542 1.259027 0.860747
v -1.017742 1.272529 0.905947
v -0.993542 1.244328 0.865847
v -0.997242 1.263829 0.918447
v -0.964042 1.238727 0.872147
v -0.983742 1.255728 0.929747
v -0.944342 1.231228 0.882047
v -0.973642 1.247229 0.939347
v -0.931042 1.219229 0.893847
v -0.966342 1.239529 0.947047
v -0.922442 1.206628 0.905747
v -0.967142 1.221228 0.959247
v -0.989742 1.203828 0.952447
v -0.944442 1.173128 0.916547
v -0.924542 1.188329 0.917647
v -0.901842 1.163928 0.887647
v -0.892842 1.183928 0.874747
v -0.923542 1.152729 0.891347
v -0.925742 1.141129 0.870647
v -0.902142 1.151329 0.859847
v -0.888142 1.168229 0.854547
v -0.902542 1.200328 0.857747
v -0.921042 1.212728 0.841947
v -0.899942 1.174127 0.836147
v -0.922042 1.182927 0.821347
v -0.915742 1.152729 0.839847
v -0.935542 1.158828 0.828147
v -0.937242 1.141027 0.851947
v -0.947442 1.147027 0.839847
v -0.946442 1.219528 0.833247
v -0.948142 1.190728 0.814747
v -0.984742 1.200128 0.821347
v -0.982142 1.224429 0.833147
v -0.943842 1.147128 0.894147
v -0.952542 1.138129 0.882147
v -0.968842 1.159027 0.913047
v -0.989642 1.143628 0.901747
v -0.959842 1.164927 0.824247
v -0.995142 1.175128 0.827547
v -0.968342 1.147629 0.843047
v -1.004042 1.154829 0.849347
v -0.963642 1.137928 0.862947
v -1.002442 1.142527 0.876147
v -1.262242 1.706528 0.534947
v -1.264942 1.668828 0.538347
v -1.243142 1.671927 0.500647
v -1.241542 1.707328 0.494747
v -1.151342 1.762429 0.471547
v -1.187942 1.736128 0.462547
v -1.159742 1.729328 0.430547
v -1.122442 1.754128 0.436047
v -1.115842 1.720228 0.371947
v -1.076842 1.745727 0.367847
v -1.099842 1.749328 0.403347
v -1.138442 1.724727 0.402647
v -1.218642 1.632128 0.541347
v -1.257642 1.638129 0.538947
v -1.234942 1.646027 0.502347
v -1.198942 1.640728 0.506447
v -1.208842 1.704129 0.462747
v -1.212742 1.674928 0.468547
v -1.185142 1.675427 0.437647
v -1.180042 1.700827 0.432547
v -1.158342 1.697128 0.405847
v -1.163742 1.672328 0.409547
v -1.141242 1.666528 0.379347
v -1.137242 1.692427 0.375047
v -1.172342 1.650627 0.476947
v -1.204542 1.655127 0.472347
v -1.174142 1.660728 0.444447
v -1.145542 1.653627 0.447447
v -1.153842 1.646528 0.536347
v -1.136142 1.648328 0.499947
v -1.089342 1.633528 0.532047
v -1.075442 1.628628 0.491647
v -1.149442 1.659328 0.416847
v -1.129142 1.650428 0.384847
v -1.121042 1.653129 0.418647
v -1.102642 1.642128 0.386047
v -1.052442 1.586227 0.540447
v -1.059042 1.611228 0.535547
v -1.047342 1.602928 0.492747
v -1.038442 1.578128 0.497447
v -1.115542 1.646727 0.469647
v -1.096642 1.641827 0.440047
v -1.062542 1.622127 0.459047
v -1.051442 1.616127 0.429847
v -1.079942 1.636728 0.410147
v -1.067842 1.627628 0.378247
v -1.042142 1.611128 0.400647
v -1.037142 1.604527 0.369647
v -1.094642 1.544927 0.531047
v -1.069842 1.562127 0.538347
v -1.073342 1.534727 0.490847
v -1.052242 1.552927 0.497147
v -1.036242 1.595727 0.458547
v -1.026442 1.590328 0.428747
v -1.024842 1.571728 0.462647
v -1.012042 1.567128 0.431747
v -1.005442 1.564628 0.399047
v -1.019742 1.586627 0.398547
v -1.019042 1.581628 0.366747
v -1.008442 1.561229 0.365047
v -1.106642 1.523328 0.525347
v -1.074542 1.513129 0.488147
v -1.094742 1.497929 0.527347
v -1.062542 1.487628 0.488347
v -1.031442 1.547128 0.463847
v -1.046542 1.529027 0.458447
v -1.024242 1.527027 0.426447
v -1.012742 1.544328 0.432047
v -1.004242 1.544427 0.396947
v -1.007742 1.543328 0.360647
v -1.009942 1.526729 0.392147
v -1.005342 1.525028 0.354447
v -1.041742 1.508327 0.457047
v -1.017142 1.505628 0.423647
v -1.029642 1.481727 0.455747
v -1.002642 1.477527 0.422647
v -1.000342 1.504927 0.388247
v -0.987442 1.504728 0.348847
v -0.983142 1.475228 0.386647
v -0.966342 1.474528 0.344947
v -1.593642 1.827229 1.234347
v -1.593442 1.816928 1.252247
v -1.595242 1.832229 1.218847
v -1.616242 1.833629 1.237147
v -1.620442 1.825129 1.253047
v -1.633342 1.807428 1.276647
v -1.616342 1.838928 1.226447
v -1.601342 1.832528 1.209647
v -1.608142 1.832528 1.202947
v -1.618842 1.841629 1.217547
v -1.620942 1.847929 1.237047
v -1.623042 1.841429 1.249647
v -1.621842 1.851829 1.226247
v -1.628042 1.859428 1.232847
v -1.627442 1.855729 1.243947
v -1.629542 1.849729 1.257447
v -1.612942 1.834628 1.193047
v -1.615942 1.835428 1.182147
v -1.627942 1.839929 1.192147
v -1.622642 1.842028 1.206347
v -1.615442 1.835729 1.173047
v -1.620842 1.837327 1.172947
v -1.625042 1.852929 1.214747
v -1.630042 1.853528 1.203447
v -1.635042 1.863028 1.212347
v -1.630542 1.861428 1.222447
v -1.642042 1.851428 1.171547
v -1.634442 1.845329 1.182547
v -1.624742 1.842528 1.167947
v -1.630542 1.849928 1.158847
v -1.637142 1.856029 1.192547
v -1.647642 1.860328 1.181147
v -1.654042 1.868029 1.191147
v -1.642642 1.864928 1.201847
v -1.642242 1.854527 1.146047
v -1.655442 1.857129 1.158547
v -1.655742 1.856828 1.133047
v -1.670542 1.860827 1.146347
v -1.654942 1.861029 1.269147
v -1.662042 1.852728 1.284647
v -1.648342 1.847828 1.281147
v -1.641642 1.856529 1.264347
v -1.660042 1.835629 1.299747
v -1.672842 1.841329 1.301047
v -1.647842 1.827729 1.295847
v -1.635842 1.840528 1.274747
v -1.651242 1.868927 1.246247
v -1.651642 1.866127 1.256447
v -1.639142 1.861829 1.250847
v -1.639242 1.864928 1.239947
v -1.656442 1.872028 1.230747
v -1.652742 1.870628 1.238047
v -1.641142 1.867028 1.230847
v -1.645242 1.868927 1.222147
v -1.663042 1.873528 1.222947
v -1.652342 1.871129 1.212847
v -1.663442 1.873127 1.203847
v -1.673042 1.874728 1.215847
v -1.673442 1.852329 1.282647
v -1.683542 1.842429 1.297747
v -1.666342 1.859729 1.268647
v -1.675442 1.854928 1.266247
v -1.682442 1.848329 1.278247
v -1.692142 1.840229 1.291647
v -1.662942 1.864928 1.257747
v -1.662242 1.867928 1.249147
v -1.671142 1.862128 1.249747
v -1.672042 1.859529 1.256847
v -1.663242 1.869429 1.242347
v -1.666242 1.870129 1.236347
v -1.674442 1.863229 1.239147
v -1.671942 1.863229 1.244247
v -1.680142 1.870628 1.223447
v -1.671742 1.870429 1.229747
v -1.685942 1.862429 1.227147
v -1.678842 1.862729 1.233147
v -1.692342 1.871727 1.219047
v -1.696242 1.862728 1.222347
v -1.687042 1.876128 1.210347
v -1.703442 1.878727 1.209647
v -1.706642 1.872929 1.218147
v -1.709142 1.863229 1.219447
v -1.722342 1.873528 1.221347
v -1.724242 1.864028 1.220147
v -1.721142 1.881328 1.216147
v -1.739042 1.881829 1.227947
v -1.738742 1.872828 1.229547
v -1.740142 1.863528 1.226447
v -1.769642 1.871829 1.263347
v -1.767042 1.861428 1.261147
v -1.754242 1.869328 1.243647
v -1.755442 1.879029 1.244347
v -1.768442 1.852128 1.254947
v -1.755442 1.859928 1.239147
v -1.777842 1.848228 1.277847
v -1.778642 1.839329 1.270247
v -1.782142 1.858229 1.281447
v -1.792542 1.840629 1.297547
v -1.788242 1.832129 1.291947
v -1.787642 1.824529 1.284047
v -1.795242 1.814629 1.304647
v -1.795142 1.799028 1.317047
v -1.790942 1.795328 1.309347
v -1.793342 1.808828 1.296947
v -1.800042 1.821928 1.311747
v -1.802242 1.803928 1.324547
v -1.787242 1.788828 1.328847
v -1.774942 1.784628 1.338247
v -1.795442 1.788828 1.336947
v -1.781142 1.782129 1.348147
v -1.771142 1.785429 1.328447
v -1.782442 1.787929 1.320147
v -1.763642 1.783429 1.354947
v -1.760542 1.787029 1.344047
v -1.744442 1.793028 1.356647
v -1.745242 1.796228 1.344747
v -1.758842 1.787929 1.333447
v -1.745742 1.796028 1.333547
v -1.728242 1.808629 1.338147
v -1.731142 1.807328 1.327147
v -1.723642 1.805428 1.349647
v -1.703342 1.817528 1.335347
v -1.710942 1.821128 1.326547
v -1.716642 1.820029 1.316847
v -1.686642 1.829028 1.318147
v -1.695842 1.831728 1.312447
v -1.703442 1.830528 1.304647
v -1.725942 1.852929 1.215847
v -1.727242 1.840328 1.209747
v -1.712842 1.838629 1.215147
v -1.711242 1.851529 1.218047
v -1.742142 1.852828 1.220547
v -1.744342 1.840729 1.213147
v -1.757242 1.849429 1.232247
v -1.770242 1.842227 1.246847
v -1.772042 1.831129 1.237847
v -1.759542 1.837728 1.224047
v -1.780142 1.830229 1.261147
v -1.781742 1.820229 1.251147
v -1.788042 1.816529 1.274547
v -1.788942 1.807729 1.263947
v -1.792542 1.802629 1.287347
v -1.788542 1.791229 1.299247
v -1.786742 1.785629 1.287947
v -1.791642 1.795328 1.276547
v -1.779542 1.785529 1.308847
v -1.768642 1.784029 1.316047
v -1.766242 1.780428 1.302547
v -1.777342 1.780729 1.296447
v -1.757442 1.786728 1.320547
v -1.745742 1.793929 1.320747
v -1.745242 1.790928 1.306747
v -1.755642 1.784029 1.306547
v -1.709642 1.825629 1.294947
v -1.720942 1.815629 1.305647
v -1.699342 1.834229 1.283847
v -1.705542 1.826028 1.274847
v -1.714842 1.818429 1.283947
v -1.724442 1.809729 1.293247
v -1.733142 1.804129 1.314947
v -1.734642 1.799829 1.301647
v -1.762042 1.824829 1.215347
v -1.746342 1.827127 1.205347
v -1.774042 1.819028 1.228347
v -1.763642 1.810029 1.208947
v -1.774942 1.804929 1.220347
v -1.747742 1.809927 1.202447
v -1.783142 1.809129 1.241047
v -1.782642 1.797029 1.232147
v -1.789242 1.797328 1.253447
v -1.784942 1.786427 1.243847
v -1.789242 1.786229 1.265847
v -1.783042 1.778429 1.276547
v -1.776842 1.771829 1.264147
v -1.783742 1.777729 1.255347
v -1.773542 1.774929 1.283947
v -1.762842 1.775928 1.288847
v -1.758942 1.771829 1.273847
v -1.768642 1.769928 1.270947
v -1.752942 1.780629 1.292147
v -1.743842 1.787629 1.292247
v -1.743242 1.783529 1.276147
v -1.750642 1.777128 1.277147
v -1.735242 1.795429 1.287547
v -1.736542 1.790128 1.273247
v -1.727142 1.803228 1.280247
v -1.730542 1.795029 1.266547
v -1.679742 1.852128 1.256347
v -1.683242 1.847728 1.263847
v -1.678742 1.854429 1.250247
v -1.684042 1.848228 1.250447
v -1.686442 1.844529 1.254247
v -1.690442 1.839427 1.259947
v -1.750342 1.773129 1.233047
v -1.745242 1.777729 1.257647
v -1.739842 1.783128 1.259047
v -1.737142 1.784328 1.251847
v -1.773642 1.776129 1.235447
v -1.774642 1.771929 1.245447
v -1.767142 1.768329 1.249547
v -1.679742 1.854629 1.245247
v -1.686642 1.845728 1.246547
v -1.682342 1.853629 1.240247
v -1.689942 1.843229 1.240947
v -1.748542 1.791028 1.210647
v -1.760942 1.794328 1.211647
v -1.767842 1.787428 1.219647
v -1.775342 1.784929 1.227547
v -1.762942 1.768028 1.257347
v -1.755442 1.770029 1.256247
v -1.749942 1.774328 1.261747
v -1.719042 1.810228 1.272547
v -1.724042 1.800828 1.261247
v -1.711142 1.816828 1.265047
v -1.718242 1.805629 1.254547
v -1.731142 1.790029 1.250847
v -1.728842 1.791229 1.243247
v -1.729442 1.809029 1.204247
v -1.734242 1.793529 1.210447
v -1.726842 1.791229 1.223247
v -1.714442 1.811728 1.219447
v -1.690042 1.841527 1.273247
v -1.697042 1.833127 1.266847
v -1.691842 1.838129 1.249247
v -1.697042 1.831228 1.253247
v -1.696442 1.832929 1.241947
v -1.703042 1.823128 1.244247
v -1.710642 1.813428 1.248647
v -1.703542 1.823928 1.258547
v -1.686342 1.852628 1.234447
v -1.694042 1.841029 1.234447
v -1.692342 1.851829 1.228547
v -1.698842 1.839728 1.227847
v -1.704342 1.839529 1.221847
v -1.700542 1.851428 1.223047
v -1.701142 1.828829 1.233347
v -1.709142 1.815629 1.233347
v -1.705042 1.827127 1.225547
v -1.707142 1.829327 1.220647
v -1.713642 1.825328 1.213747
v -1.727442 1.825928 1.203847
v -1.719242 1.800828 1.236947
v -1.628942 1.832028 1.266847
v -1.640642 1.818228 1.289447
v -1.675642 1.821527 1.321247
v -1.694242 1.808228 1.343747
v -1.664942 1.811529 1.322447
v -1.684842 1.795429 1.351147
v -1.717242 1.795228 1.361747
v -1.710442 1.780228 1.372547
v -1.742842 1.783228 1.370647
v -1.740442 1.768028 1.383647
v -1.768342 1.775228 1.368947
v -1.773042 1.761229 1.383347
v -1.791142 1.776227 1.360847
v -1.806342 1.762228 1.375747
v -1.808742 1.787529 1.346347
v -1.824242 1.783928 1.353647
v -1.815342 1.810328 1.333147
v -1.836742 1.816928 1.341647
v -1.852542 1.770529 1.358047
v -1.839342 1.777928 1.358047
v -1.852942 1.804129 1.352147
v -1.868042 1.796329 1.353547
v -1.829042 1.756329 1.376347
v -1.843842 1.747929 1.376047
v -1.812142 1.830929 1.317047
v -1.828542 1.840029 1.318747
v -1.804042 1.849329 1.297547
v -1.818142 1.857028 1.294347
v -1.793042 1.866929 1.277247
v -1.805442 1.874128 1.270747
v -1.778942 1.881029 1.257147
v -1.790142 1.888329 1.248347
v -1.762042 1.888129 1.237547
v -1.771542 1.895029 1.227247
v -1.742642 1.888829 1.219147
v -1.749242 1.893028 1.207247
v -1.679442 1.875129 1.196047
v -1.670842 1.871727 1.180647
v -1.693642 1.876929 1.172747
v -1.698742 1.879128 1.194147
v -1.680642 1.868227 1.157847
v -1.663242 1.865528 1.168847
v -1.720642 1.884928 1.203247
v -1.723342 1.885929 1.189047
v -1.683742 1.853229 1.115147
v -1.667542 1.857327 1.122847
v -1.683242 1.862227 1.136947
v -1.699842 1.860127 1.131747
v -1.694642 1.867928 1.149747
v -1.708642 1.875028 1.162847
v -1.711342 1.867128 1.146547
v -1.719542 1.873229 1.158347
v -1.709842 1.845027 1.109947
v -1.725742 1.856928 1.130747
v -1.736442 1.838829 1.103847
v -1.751942 1.854128 1.129547
v -1.736742 1.868029 1.150147
v -1.740042 1.876929 1.166547
v -1.762542 1.867527 1.154247
v -1.771342 1.880728 1.181547
v -1.732742 1.882529 1.178247
v -1.759642 1.889928 1.195647
v -1.782242 1.894527 1.215847
v -1.793042 1.889228 1.206047
v -1.810942 1.886827 1.229347
v -1.800842 1.888129 1.238747
v -1.816942 1.874729 1.262447
v -1.827742 1.877429 1.254447
v -1.843842 1.867329 1.281447
v -1.832042 1.860828 1.288047
v -1.846442 1.848329 1.316147
v -1.858442 1.832529 1.336947
v -1.861142 1.853827 1.305447
v -1.882542 1.832628 1.325147
v -1.879142 1.815928 1.347747
v -1.864842 1.820029 1.348247
v -1.852042 1.874328 1.271247
v -1.868142 1.861629 1.287647
v -1.868842 1.872828 1.263647
v -1.856242 1.880028 1.258847
v -1.883442 1.864727 1.263147
v -1.883542 1.850829 1.291747
v -1.836342 1.886029 1.246747
v -1.847342 1.890429 1.238847
v -1.820442 1.894129 1.220647
v -1.832842 1.904428 1.205047
v -1.863842 1.887228 1.233247
v -1.857642 1.901029 1.198547
v -1.879042 1.892828 1.191847
v -1.882042 1.879328 1.228847
v -1.792442 1.875329 1.176647
v -1.804942 1.879528 1.164147
v -1.812942 1.898628 1.182947
v -1.804942 1.889928 1.197247
v -1.855142 1.912127 1.162547
v -1.875542 1.904727 1.155947
v -1.834642 1.915328 1.166147
v -1.839642 1.923427 1.133047
v -1.857142 1.921028 1.130247
v -1.872942 1.917428 1.121347
v -1.849842 1.930629 1.104347
v -1.863642 1.929428 1.107147
v -1.872342 1.930228 1.086247
v -1.871142 1.929428 1.102647
v -1.870742 1.928228 1.104947
v -1.871042 1.933527 1.095547
v -1.823942 1.909829 1.127847
v -1.838842 1.919827 1.099447
v -1.838042 1.902029 1.098847
v -1.824842 1.884129 1.121647
v -1.853442 1.904829 1.084247
v -1.859742 1.917328 1.079347
v -1.816542 1.905228 1.157347
v -1.813642 1.882627 1.144547
v -1.832742 1.877629 1.110147
v -1.841142 1.893528 1.097347
v -1.839842 1.875329 1.105347
v -1.844342 1.895028 1.093947
v -1.849642 1.903628 1.086747
v -1.825042 1.863229 1.109347
v -1.830742 1.860528 1.106147
v -1.817742 1.864629 1.116147
v -1.807542 1.859529 1.096047
v -1.816242 1.860029 1.091347
v -1.823242 1.857828 1.088847
v -1.739542 1.857528 0.925747
v -1.734542 1.840127 0.921047
v -1.749642 1.840929 0.914347
v -1.754342 1.864428 0.921747
v -1.757442 1.841128 0.913847
v -1.778542 1.872628 0.918747
v -1.776042 1.885929 0.934647
v -1.762642 1.882228 0.942347
v -1.757542 1.882728 0.937547
v -1.766342 1.884027 0.927847
v -1.792442 1.882529 0.942747
v -1.780242 1.884228 0.946747
v -1.788342 1.883129 0.928447
v -1.766442 1.880527 0.951947
v -1.747042 1.878027 0.929047
v -1.729042 1.864228 0.934747
v -1.743542 1.878128 0.942747
v -1.722442 1.867527 0.954747
v -1.719342 1.844128 0.934747
v -1.709142 1.845428 0.955547
v -1.746742 1.876229 0.950547
v -1.751242 1.874629 0.958947
v -1.740342 1.869928 0.966047
v -1.733042 1.869627 0.962247
v -1.718342 1.853029 1.006247
v -1.709042 1.839229 1.010247
v -1.705942 1.842927 0.981647
v -1.716542 1.859128 0.980447
v -1.769642 1.877228 0.966947
v -1.784042 1.881328 0.963947
v -1.788142 1.876428 0.985147
v -1.773242 1.872427 0.986447
v -1.796642 1.879729 0.961347
v -1.800642 1.874828 0.983747
v -1.740242 1.860729 0.997447
v -1.728942 1.857327 1.001847
v -1.727542 1.863328 0.979847
v -1.738342 1.865929 0.978347
v -1.753542 1.871129 0.972847
v -1.756342 1.866228 0.991347
v -1.786342 1.861328 1.036047
v -1.778642 1.866629 1.009247
v -1.792842 1.870327 1.008847
v -1.799042 1.864327 1.035347
v -1.804442 1.868628 1.008147
v -1.809342 1.863129 1.034647
v -1.741542 1.840229 1.058747
v -1.734342 1.832128 1.066547
v -1.718842 1.835328 1.038447
v -1.726942 1.846328 1.032647
v -1.816342 1.859427 1.063547
v -1.807442 1.861028 1.065047
v -1.796742 1.858428 1.067247
v -1.781042 1.864228 1.151447
v -1.795342 1.862828 1.142047
v -1.769342 1.850929 1.124447
v -1.781242 1.850528 1.111047
v -1.758042 1.850129 1.046547
v -1.747442 1.845827 1.050747
v -1.736242 1.851027 1.026347
v -1.747242 1.855029 1.020247
v -1.759842 1.840528 1.085747
v -1.752742 1.836729 1.096347
v -1.760142 1.844229 1.072947
v -1.771242 1.848328 1.076647
v -1.807242 1.864828 1.128247
v -1.796242 1.856928 1.104147
v -1.771942 1.855729 1.040647
v -1.784042 1.853629 1.072947
v -1.762542 1.860729 1.013747
v -1.592542 1.799829 1.269047
v -1.592642 1.778529 1.275647
v -1.633742 1.784029 1.287747
v -1.633242 1.763628 1.295147
v -1.593242 1.758929 1.270247
v -1.601342 1.735528 1.263347
v -1.631342 1.744328 1.291047
v -1.627542 1.731129 1.280647
v -1.663042 1.783128 1.311347
v -1.659142 1.798629 1.319047
v -1.680642 1.777829 1.350447
v -1.681542 1.759928 1.344247
v -1.706142 1.759928 1.374247
v -1.704042 1.739529 1.369247
v -1.737242 1.746629 1.390247
v -1.733542 1.723329 1.387547
v -1.775442 1.739529 1.394947
v -1.773242 1.713228 1.396147
v -1.808242 1.737128 1.391547
v -1.821942 1.706028 1.392947
v -1.825542 1.738929 1.387947
v -1.835742 1.729527 1.388047
v -1.661442 1.765229 1.313247
v -1.659542 1.746027 1.314147
v -1.681742 1.743729 1.338747
v -1.680742 1.727329 1.329147
v -1.657442 1.727229 1.304247
v -1.649742 1.714229 1.284447
v -1.679442 1.710829 1.310447
v -1.674542 1.695827 1.284347
v -1.703842 1.723228 1.358147
v -1.703142 1.708827 1.340447
v -1.730142 1.704228 1.373747
v -1.727842 1.691628 1.348747
v -1.780842 1.661929 1.354347
v -1.754742 1.676229 1.355447
v -1.763942 1.688929 1.384847
v -1.797542 1.673928 1.383247
v -1.628042 1.707229 1.258647
v -1.661742 1.681329 1.253847
v -1.643542 1.666829 1.222547
v -1.600842 1.700428 1.231947
v -1.578642 1.690729 1.206447
v -1.623742 1.654727 1.192247
v -1.603942 1.645828 1.162047
v -1.559642 1.681128 1.181247
v -1.541142 1.672029 1.157947
v -1.524742 1.664227 1.135847
v -1.585142 1.639529 1.132547
v -1.568642 1.635828 1.104447
v -1.478142 1.647027 1.046747
v -1.471042 1.646929 1.035047
v -1.484642 1.647828 1.059947
v -1.530642 1.625927 1.015447
v -1.524042 1.626529 1.001047
v -1.515342 1.627928 0.989147
v -1.461542 1.647727 1.022847
v -1.448842 1.648528 1.009647
v -1.503442 1.628727 0.976947
v -1.488842 1.626328 0.965447
v -1.541842 1.600929 0.940747
v -1.582842 1.571928 0.916947
v -1.572742 1.560529 0.908547
v -1.528642 1.593228 0.931947
v -1.553142 1.604429 0.952047
v -1.591342 1.579227 0.928847
v -1.431742 1.646628 0.995747
v -1.473042 1.619429 0.956147
v -1.453842 1.610127 0.948647
v -1.409842 1.640628 0.983547
v -1.515442 1.583127 0.925247
v -1.500142 1.571828 0.918547
v -1.562542 1.548229 0.901447
v -1.551142 1.534829 0.893347
v -1.382642 1.635427 0.971747
v -1.429042 1.601428 0.941447
v -1.402942 1.592528 0.932547
v -1.354742 1.630728 0.956947
v -1.480242 1.559729 0.911147
v -1.537642 1.518728 0.883547
v -1.523042 1.500628 0.874447
v -1.459142 1.546829 0.902747
v -1.329042 1.620129 0.940547
v -1.380242 1.580528 0.922547
v -1.362742 1.564728 0.917547
v -1.310042 1.602528 0.935947
v -1.511642 1.658429 1.114447
v -1.501042 1.653929 1.094447
v -1.554642 1.632529 1.079647
v -1.543742 1.629729 1.056847
v -1.492142 1.650128 1.076147
v -1.536442 1.627128 1.034847
v -1.561242 1.604429 0.964647
v -1.567342 1.603629 0.980247
v -1.601842 1.580727 0.958847
v -1.596842 1.581028 0.942447
v -1.666142 1.590428 1.140247
v -1.650342 1.584728 1.102247
v -1.618842 1.609828 1.114847
v -1.636342 1.614928 1.149947
v -1.604142 1.608528 1.081147
v -1.637842 1.583629 1.065547
v -1.590942 1.606228 1.052647
v -1.580442 1.604429 1.026947
v -1.626442 1.581228 1.034847
v -1.616542 1.579528 1.007547
v -1.573142 1.603528 1.001847
v -1.608442 1.579728 0.981347
v -1.688742 1.662029 1.248547
v -1.675542 1.641929 1.215247
v -1.696542 1.680428 1.282647
v -1.715842 1.667629 1.281647
v -1.709542 1.650429 1.247247
v -1.710642 1.623329 1.212847
v -1.701242 1.695428 1.314147
v -1.722942 1.681028 1.316647
v -1.744542 1.667928 1.319247
v -1.765142 1.655729 1.317347
v -1.748142 1.648329 1.279147
v -1.733342 1.658128 1.283347
v -1.724542 1.647529 1.254547
v -1.731642 1.639129 1.246247
v -1.656542 1.625728 1.183247
v -1.685442 1.603029 1.174947
v -1.649042 1.477128 1.414147
v -1.653842 1.485729 1.431747
v -1.629542 1.491328 1.416747
v -1.629842 1.482328 1.400647
v -1.600842 1.499928 1.394047
v -1.606342 1.489128 1.379747
v -1.566142 1.508129 1.367747
v -1.531342 1.513129 1.340647
v -1.543642 1.501229 1.330247
v -1.575742 1.496529 1.355347
v -1.502842 1.514129 1.315347
v -1.478842 1.512029 1.290847
v -1.494642 1.499029 1.282547
v -1.516942 1.501529 1.306347
v -1.458142 1.509328 1.265547
v -1.441142 1.504529 1.231447
v -1.475642 1.494529 1.258247
v -1.460442 1.485729 1.224747
v -1.674642 1.466629 1.417647
v -1.686042 1.475129 1.435147
v -1.672442 1.481429 1.436747
v -1.663942 1.472329 1.418747
v -1.661842 1.451028 1.408847
v -1.653342 1.458827 1.408047
v -1.639142 1.445029 1.399947
v -1.642642 1.466429 1.401747
v -1.635242 1.456028 1.395647
v -1.647242 1.431629 1.402247
v -1.627242 1.471029 1.389147
v -1.622442 1.455729 1.385347
v -1.606742 1.475029 1.370947
v -1.603142 1.456429 1.368447
v -1.552742 1.464929 1.324947
v -1.578942 1.460829 1.347147
v -1.578942 1.480329 1.349247
v -1.549542 1.484329 1.326247
v -1.510342 1.464728 1.280047
v -1.530242 1.466429 1.302247
v -1.524642 1.484828 1.303447
v -1.504042 1.482728 1.279947
v -1.494942 1.460829 1.256147
v -1.485942 1.477728 1.256747
v -1.473542 1.468529 1.224047
v -1.485542 1.453328 1.225047
v -1.620742 1.434928 1.386447
v -1.631342 1.416529 1.384047
v -1.602442 1.432029 1.365947
v -1.614942 1.407928 1.350047
v -1.568042 1.425228 1.313847
v -1.587942 1.419029 1.333347
v -1.580342 1.436628 1.344247
v -1.557542 1.443128 1.321747
v -1.596242 1.403129 1.301147
v -1.604242 1.405028 1.322247
v -1.592442 1.411628 1.321847
v -1.580442 1.413128 1.305747
v -1.534242 1.429229 1.272247
v -1.549642 1.428429 1.293747
v -1.537642 1.446828 1.299147
v -1.519442 1.446329 1.277347
v -1.580542 1.399827 1.258847
v -1.588442 1.401329 1.280347
v -1.567642 1.413828 1.287247
v -1.555842 1.413828 1.266047
v -1.506842 1.444028 1.253247
v -1.523842 1.428328 1.248447
v -1.499942 1.439029 1.224047
v -1.518042 1.425928 1.220747
v -1.573042 1.399827 1.234847
v -1.547142 1.413828 1.242347
v -1.540342 1.413128 1.215147
v -1.563942 1.399127 1.208047
v -1.532242 1.406729 1.184747
v -1.551142 1.394029 1.178347
v -1.514342 1.418529 1.188547
v -1.511842 1.410228 1.165247
v -1.522042 1.399127 1.156147
v -1.537342 1.387128 1.149347
v -1.482642 1.439828 1.181847
v -1.498042 1.429028 1.186947
v -1.500142 1.413228 1.153547
v -1.484842 1.419827 1.140547
v -1.509342 1.396129 1.133547
v -1.525242 1.380928 1.123847
v -1.494842 1.396428 1.113747
v -1.514342 1.376029 1.099847
v -1.467042 1.452428 1.175447
v -1.467542 1.428627 1.126847
v -1.449142 1.469429 1.173547
v -1.439142 1.446928 1.108947
v -1.426442 1.493927 1.182347
v -1.406442 1.487628 1.129847
v -1.478942 1.398728 1.093247
v -1.503642 1.371928 1.074847
v -1.460042 1.404727 1.066947
v -1.492742 1.370429 1.044047
v -1.376142 1.500227 1.083847
v -1.347442 1.525429 1.041047
v -1.383642 1.490528 1.017947
v -1.407842 1.465328 1.059747
v -1.477042 1.387928 0.959347
v -1.483142 1.376027 1.002847
v -1.438342 1.417928 1.028947
v -1.421742 1.437027 0.987147
v -1.326042 1.549027 0.999747
v -1.309742 1.564927 0.966247
v -1.354442 1.526528 0.946747
v -1.365642 1.510229 0.978847
v -1.304042 1.583428 0.944647
v -1.352542 1.544528 0.924747
v -1.411542 1.455228 0.948547
v -1.404742 1.470528 0.915647
v -1.471242 1.415429 0.885747
v -1.473742 1.402328 0.919947
v -1.440142 1.532328 0.894047
v -1.508542 1.481928 0.867147
v -1.493942 1.462027 0.862047
v -1.423042 1.514828 0.887747
v -1.407442 1.490929 0.891947
v -1.478442 1.437328 0.863847
v -1.067642 1.491728 0.682847
v -1.060142 1.475228 0.638447
v -1.104342 1.499128 0.608247
v -1.102042 1.481429 0.572247
v -1.094342 1.469028 0.613347
v -1.095142 1.446627 0.577347
v -1.082142 1.463928 0.528447
v -1.046442 1.451928 0.489147
v -1.066742 1.429528 0.536247
v -1.027342 1.417228 0.497447
v -1.013842 1.444328 0.456247
v -0.986742 1.438427 0.423747
v -0.995042 1.407627 0.464147
v -0.967542 1.399227 0.431647
v -0.963642 1.434327 0.388747
v -0.940842 1.433527 0.345647
v -0.940942 1.392828 0.396847
v -0.913542 1.391328 0.352447
v -1.001242 1.442428 0.606047
v -0.989242 1.418929 0.588447
v -1.016342 1.403528 0.602647
v -1.025942 1.427927 0.609447
v -0.976042 1.396428 0.581647
v -0.969442 1.374828 0.586347
v -0.991242 1.370229 0.601347
v -1.002242 1.384228 0.599447
v -1.080842 1.445127 0.618547
v -1.088342 1.418427 0.588647
v -1.066142 1.423327 0.620447
v -1.087442 1.392828 0.604947
v -1.057442 1.402228 0.552447
v -1.053042 1.378328 0.573747
v -1.007942 1.368227 0.536847
v -1.015942 1.390427 0.514147
v -0.981442 1.378827 0.479847
v -0.971442 1.353827 0.500147
v -0.950542 1.367428 0.446547
v -0.936942 1.339427 0.465447
v -0.920642 1.358427 0.410947
v -0.891342 1.353328 0.368347
v -0.906542 1.325427 0.429347
v -0.877242 1.314728 0.390347
v -0.823942 1.185327 0.378247
v -0.805242 1.235428 0.347847
v -0.844642 1.257028 0.380047
v -0.858242 1.208127 0.408047
v -0.844742 1.305928 0.347547
v -0.802242 1.291228 0.298147
v -0.875942 1.273027 0.414647
v -0.886942 1.227527 0.439847
v -0.903542 1.289527 0.449447
v -0.915042 1.246127 0.472147
v -0.930842 1.308728 0.484047
v -0.943842 1.265327 0.506247
v -1.006642 1.340927 0.557447
v -0.966642 1.325827 0.519647
v -0.973442 1.286127 0.541647
v -1.013442 1.304228 0.579347
v -0.962042 1.344728 0.648347
v -0.976342 1.345628 0.633547
v -0.986042 1.336627 0.687047
v -1.015842 1.338327 0.668247
v -0.974242 1.355927 0.608047
v -1.002842 1.355829 0.624747
v -1.011342 1.328828 0.735047
v -1.042842 1.320928 0.721147
v -1.030342 1.364327 0.630947
v -1.051242 1.378628 0.629647
v -1.057542 1.341828 0.670847
v -1.096342 1.341329 0.660847
v -1.059442 1.398929 0.622647
v -1.088842 1.370229 0.623347
v -1.054842 1.352127 0.595047
v -1.063642 1.319628 0.618047
v -1.077242 1.317027 0.713347
v -1.109642 1.310328 0.709547
v -1.088842 1.298528 0.758347
v -1.120042 1.291628 0.751047
v -1.077442 1.260929 0.834647
v -1.033142 1.234928 0.844247
v -1.036042 1.219028 0.837847
v -1.098542 1.242028 0.826747
v -1.092442 1.283028 0.800747
v -1.119042 1.272427 0.792247
v -1.046642 1.194427 0.837647
v -1.107542 1.211928 0.845547
v -1.056442 1.172428 0.860847
v -1.114942 1.194929 0.873647
v -1.057942 1.161128 0.894347
v -1.118142 1.188329 0.910047
v -1.046242 1.162428 0.928247
v -1.118942 1.195428 0.957447
v -1.018842 1.183728 0.943547
v -1.075342 1.217028 0.978747
v -1.119342 1.249527 1.016647
v -1.154342 1.276927 1.053447
v -1.159342 1.226828 1.003247
v -1.190342 1.252228 1.038347
v -1.183442 1.295629 1.084947
v -1.208042 1.309029 1.110647
v -1.238142 1.280028 1.093047
v -1.216442 1.268728 1.068247
v -1.229042 1.319728 1.131647
v -1.249042 1.328128 1.149947
v -1.273242 1.294827 1.131747
v -1.256142 1.288828 1.113047
v -1.270042 1.333328 1.169247
v -1.292542 1.298328 1.152347
v -1.292142 1.335729 1.191447
v -1.313942 1.299929 1.176047
v -1.315742 1.335729 1.219347
v -1.337842 1.300629 1.203947
v -1.340442 1.333127 1.251347
v -1.364042 1.301028 1.234247
v -1.370042 1.330528 1.284447
v -1.394142 1.303429 1.263947
v -1.405642 1.325529 1.315847
v -1.430842 1.306929 1.288247
v -1.167942 1.247128 0.710247
v -1.125842 1.290227 0.679647
v -1.134242 1.294127 0.708447
v -1.155842 1.280427 0.738247
v -1.057042 1.194427 0.632747
v -1.031842 1.252228 0.604247
v -1.086642 1.272928 0.640247
v -1.114242 1.218928 0.664147
v -0.992842 1.161127 0.560147
v -0.965242 1.214027 0.533047
v -0.993842 1.232728 0.568247
v -1.016842 1.175328 0.599847
v -0.942442 1.129128 0.486647
v -0.908242 1.177627 0.466047
v -0.936942 1.195928 0.498947
v -0.969042 1.145327 0.522147
v -0.880842 1.158327 0.433247
v -0.854242 1.136728 0.398547
v -0.913242 1.112927 0.452247
v -0.880042 1.098527 0.417947
v -1.162342 1.267527 0.781547
v -1.162542 1.245829 0.823747
v -1.213342 1.240727 0.823847
v -1.204442 1.246228 0.771547
v -1.166442 1.226828 0.854047
v -1.214742 1.229928 0.859447
v -1.170342 1.214929 0.882447
v -1.215242 1.222628 0.887147
v -1.174742 1.210428 0.915847
v -1.219842 1.221028 0.916347
v -1.184342 1.215229 0.951347
v -1.229342 1.226928 0.944847
v -1.204542 1.227229 0.986347
v -1.244142 1.233928 0.972647
v -1.228742 1.241029 1.018447
v -1.262142 1.242128 0.998047
v -1.250942 1.253528 1.044547
v -1.281842 1.250927 1.019547
v -1.270842 1.263728 1.066247
v -1.300542 1.256029 1.040347
v -1.332342 1.259027 1.082047
v -1.316842 1.258428 1.060847
v -1.287942 1.271628 1.085447
v -1.304542 1.276628 1.104947
v -1.365942 1.256129 1.132147
v -1.348642 1.257828 1.105347
v -1.322342 1.278327 1.127547
v -1.341442 1.277627 1.153747
v -1.406442 1.258728 1.196347
v -1.384842 1.255429 1.163747
v -1.362442 1.276329 1.183647
v -1.386142 1.277029 1.214547
v -1.444842 1.270728 1.249947
v -1.428342 1.263628 1.228547
v -1.412142 1.280828 1.244547
v -1.442842 1.286528 1.266147
v -1.423242 1.240329 1.184447
v -1.444442 1.249328 1.220547
v -1.461342 1.237429 1.215647
v -1.440942 1.225229 1.176547
v -1.463942 1.264829 1.251847
v -1.483742 1.255128 1.249547
v -1.355942 1.223729 1.064747
v -1.349742 1.239028 1.069647
v -1.366142 1.234828 1.089647
v -1.369642 1.213428 1.075447
v -1.384242 1.232229 1.113747
v -1.397942 1.201028 1.091247
v -1.403442 1.234928 1.146747
v -1.421642 1.214929 1.136747
v -1.333542 1.218228 1.026647
v -1.321242 1.239727 1.028147
v -1.335242 1.240329 1.049347
v -1.347142 1.220528 1.048347
v -1.362842 1.205229 1.051347
v -1.380242 1.193428 1.050947
v -1.367942 1.190029 1.019747
v -1.350042 1.202628 1.023947
v -1.302042 1.206828 0.985347
v -1.285642 1.227728 0.988647
v -1.304242 1.235628 1.007747
v -1.318542 1.213829 1.005347
v -1.336242 1.197729 0.999547
v -1.355442 1.183728 0.993047
v -1.341842 1.173928 0.970347
v -1.321142 1.189528 0.977947
v -1.270642 1.190129 0.943547
v -1.253842 1.211328 0.945047
v -1.268742 1.219429 0.968147
v -1.285942 1.198627 0.965347
v -1.305742 1.179428 0.957847
v -1.290642 1.168929 0.936947
v -1.327342 1.161628 0.949947
v -1.312742 1.149127 0.929447
v -1.241442 1.204428 0.918747
v -1.256542 1.182029 0.918447
v -1.245542 1.175729 0.891947
v -1.233342 1.201427 0.890647
v -1.276242 1.158828 0.913547
v -1.263342 1.149729 0.889647
v -1.298242 1.137629 0.907247
v -1.284442 1.127128 0.885147
v -1.231142 1.203028 0.863347
v -1.237642 1.171227 0.867347
v -1.229042 1.166829 0.838347
v -1.228842 1.205428 0.829147
v -1.251642 1.141129 0.868147
v -1.271442 1.116827 0.865047
v -1.238542 1.132128 0.844047
v -1.257342 1.105729 0.843047
v -1.187542 1.146327 0.759447
v -1.183542 1.191428 0.731447
v -1.214442 1.203228 0.780847
v -1.212942 1.159828 0.799947
v -1.220742 1.121629 0.813547
v -1.240242 1.092327 0.815547
v -1.221042 1.077827 0.782547
v -1.198742 1.107028 0.778947
v -1.135242 1.167327 0.693847
v -1.151742 1.126128 0.719647
v -1.114342 1.106328 0.682647
v -1.087642 1.147327 0.661247
v -1.171942 1.090827 0.734547
v -1.197342 1.065028 0.735647
v -1.171142 1.048327 0.690647
v -1.141642 1.072729 0.693147
v -1.048442 1.127628 0.628347
v -1.079242 1.085627 0.648447
v -1.048142 1.065828 0.614247
v -1.019042 1.110227 0.591347
v -1.111242 1.052627 0.655647
v -1.144042 1.027828 0.650947
v -1.116842 1.004527 0.616347
v -1.082142 1.031029 0.621247
v -0.995342 1.094628 0.551347
v -1.019942 1.047328 0.578647
v -0.991742 1.030128 0.542647
v -0.971842 1.080328 0.511347
v -1.053842 1.009027 0.588747
v -1.089942 0.980729 0.584547
v -1.062642 0.959127 0.553747
v -1.024642 0.988027 0.557647
v -0.944542 1.067727 0.471847
v -0.963742 1.017028 0.502047
v -0.930342 1.006927 0.452947
v -0.910242 1.058328 0.433147
v -0.994542 0.971228 0.526047
v -1.034142 0.941528 0.523847
v -1.003642 0.925427 0.498347
v -0.964242 0.956228 0.496347
v -0.862842 1.352127 0.318547
v -0.884842 1.394228 0.293247
v -0.837342 1.349627 0.265847
v -0.871042 1.398127 0.220447
v -0.817642 1.349327 0.230147
v -0.833042 1.372228 0.190547
v -0.784642 1.315828 0.238447
v -0.788742 1.337828 0.186747
v -1.277542 1.577728 0.027947
v -1.287142 1.571827 0.022047
v -1.268442 1.580828 0.041247
v -1.241442 1.556328 0.022447
v -1.250442 1.556427 0.006147
v -1.262142 1.551028 -0.001753
v -1.091942 1.434028 -0.087853
v -1.056342 1.403627 -0.100853
v -1.072442 1.398127 -0.109453
v -1.105342 1.430628 -0.097553
v -1.038042 1.357627 -0.114553
v -1.016542 1.367227 -0.108053
v -1.057142 1.346127 -0.120653
v -1.086742 1.390027 -0.114453
v -1.117542 1.424527 -0.103153
v -0.896042 1.422928 0.144847
v -0.854842 1.391328 0.134047
v -0.881042 1.398727 0.087347
v -0.928342 1.428627 0.098847
v -0.803542 1.355227 0.134047
v -0.824742 1.363627 0.088147
v -0.880042 1.360527 0.019347
v -0.942742 1.391027 0.019647
v -0.912142 1.395128 0.051247
v -0.851042 1.363027 0.051447
v -0.963442 1.423827 0.062347
v -0.994742 1.420028 0.031147
v -0.931042 1.365228 -0.038253
v -0.987642 1.400227 -0.037853
v -0.967942 1.393328 -0.010453
v -0.907642 1.360527 -0.010053
v -1.018342 1.422128 0.003747
v -1.035542 1.426127 -0.018553
v -1.005042 1.405728 -0.059453
v -1.048442 1.431228 -0.039553
v -0.951642 1.373028 -0.064653
v -0.973242 1.378827 -0.086153
v -1.022442 1.408828 -0.076853
v -1.061542 1.434428 -0.058853
v -1.039842 1.406827 -0.089253
v -1.076942 1.435327 -0.074653
v -0.995542 1.375327 -0.099053
v -1.133642 1.465527 -0.058953
v -1.156942 1.461128 -0.080653
v -1.144942 1.465427 -0.072253
v -1.185042 1.499627 -0.042753
v -1.197542 1.496427 -0.053553
v -1.174742 1.498427 -0.026553
v -1.136842 1.480728 0.052247
v -1.177942 1.511827 0.087147
v -1.155342 1.511527 0.097947
v -1.116742 1.481327 0.065147
v -1.177842 1.541928 0.123347
v -1.207042 1.551827 0.117447
v -1.150942 1.540428 0.134647
v -1.127142 1.512827 0.111447
v -1.087442 1.483727 0.082047
v -1.219342 1.531127 -0.017553
v -1.232542 1.526327 -0.027453
v -1.209542 1.529727 -0.000053
v -1.235742 1.552527 0.045947
v -1.204242 1.524728 0.022447
v -1.198842 1.519428 0.046347
v -1.229642 1.548827 0.071647
v -1.159542 1.489928 0.014247
v -1.167042 1.494828 -0.006853
v -1.122442 1.463928 -0.042553
v -1.110942 1.460627 -0.024253
v -1.220742 1.547727 0.093947
v -1.190842 1.515628 0.068247
v -1.149842 1.485328 0.034147
v -1.041142 1.451928 0.053147
v -1.066442 1.451628 0.030847
v -1.084842 1.452827 0.012847
v -1.098342 1.457127 -0.005753
v -0.944842 1.477827 0.238047
v -0.949942 1.473828 0.293347
v -0.918042 1.436027 0.287447
v -0.907642 1.444928 0.222747
v -1.177242 1.571227 0.138147
v -1.155542 1.566528 0.146447
v -1.194142 1.584127 0.137047
v -1.162742 1.598828 0.139547
v -1.175542 1.613928 0.138847
v -1.145742 1.590628 0.146447
v -1.116342 1.657227 0.337547
v -1.110642 1.636728 0.343547
v -1.089842 1.625028 0.297847
v -1.090742 1.644428 0.286147
v -1.090042 1.625129 0.346947
v -1.078542 1.611028 0.301547
v -1.112242 1.687328 0.331547
v -1.085742 1.715527 0.330447
v -1.085242 1.684227 0.287247
v -1.056642 1.712928 0.284347
v -1.047242 1.742227 0.322747
v -1.017742 1.739228 0.272847
v -0.996242 1.738228 0.222747
v -0.956642 1.768927 0.197647
v -1.036242 1.714127 0.240447
v -1.022742 1.716728 0.201247
v -0.987142 1.738427 0.181847
v -0.944342 1.767728 0.139147
v -1.062842 1.685727 0.246447
v -1.076242 1.655728 0.239747
v -1.061642 1.665227 0.200247
v -1.046642 1.690627 0.206547
v -1.088242 1.633727 0.216147
v -1.075942 1.648328 0.183847
v -1.096442 1.618028 0.240247
v -1.110642 1.600427 0.201647
v -1.101442 1.619627 0.186047
v -1.090142 1.638828 0.163647
v -1.126242 1.590827 0.168247
v -1.116642 1.613128 0.159647
v -1.132642 1.614827 0.140447
v -1.105442 1.635527 0.145347
v -1.120442 1.639428 0.132447
v -1.158742 1.642827 0.134347
v -1.146842 1.625327 0.133447
v -1.132042 1.650827 0.128947
v -1.139842 1.669127 0.132347
v -1.130542 1.719027 0.120447
v -1.145342 1.694727 0.139047
v -1.127642 1.735827 0.086447
v -1.115642 1.705128 0.090347
v -1.123642 1.692228 0.119847
v -1.103542 1.673327 0.111747
v -1.110742 1.661228 0.123847
v -1.118742 1.674127 0.121847
v -1.107742 1.685627 0.101747
v -0.997442 1.520227 0.274947
v -1.000142 1.520927 0.314547
v -0.977042 1.502028 0.303547
v -0.974442 1.502327 0.256847
v -0.969942 1.462128 0.117047
v -0.928242 1.459328 0.159147
v -0.965642 1.488228 0.184947
v -1.013442 1.499728 0.145247
v -1.008142 1.456427 0.081947
v -1.052042 1.490228 0.108147
v -1.018242 1.527227 0.216247
v -1.006342 1.523228 0.238747
v -0.989542 1.508528 0.213247
v -1.015642 1.519227 0.188147
v -1.119442 1.545728 0.159947
v -1.092042 1.519627 0.136547
v -1.060542 1.528727 0.166647
v -1.089342 1.558028 0.201447
v -1.095042 1.601228 0.250647
v -1.109942 1.580128 0.207247
v -1.082242 1.586828 0.254647
v -1.129342 1.569727 0.169447
v -1.061642 1.614327 0.341247
v -1.060742 1.597328 0.301747
v -1.038442 1.594727 0.335047
v -1.043942 1.581728 0.301347
v -1.024142 1.574327 0.332447
v -1.031742 1.566727 0.301547
v -1.017042 1.554627 0.330147
v -1.024242 1.550028 0.296747
v -1.013442 1.536928 0.324047
v -1.014042 1.534828 0.288147
v -1.049242 1.567627 0.271447
v -1.038842 1.560627 0.279747
v -1.033842 1.549027 0.269047
v -1.046842 1.552128 0.247047
v -1.022042 1.536628 0.256347
v -1.033142 1.538028 0.226547
v -1.043442 1.535228 0.196547
v -1.062542 1.555327 0.225447
v -1.064542 1.577028 0.261647
v -0.943142 1.947327 0.145647
v -0.959842 1.974227 0.097747
v -0.922342 1.949427 0.094647
v -0.939742 1.979028 0.051247
v -0.991142 1.988427 0.054647
v -1.026942 1.979127 0.020147
v -0.973342 1.997427 0.010647
v -1.011242 1.994828 -0.022953
v -1.053242 1.928227 -0.058953
v -1.064642 1.900527 -0.012153
v -1.054842 1.946627 -0.000053
v -1.041342 1.969127 -0.043853
v -1.065142 1.860428 -0.087653
v -1.082142 1.828927 -0.037853
v -1.075542 1.863828 -0.025453
v -1.061042 1.893127 -0.073553
v -1.073842 1.670627 0.106947
v -1.081042 1.654727 0.137747
v -1.097242 1.655027 0.129047
v -1.091642 1.671828 0.108147
v -1.034942 1.682227 0.120447
v -1.047742 1.672928 0.161647
v -1.064042 1.659427 0.149747
v -1.054042 1.672027 0.111747
v -1.064842 1.723128 0.022847
v -1.096142 1.713327 0.060547
v -1.111942 1.747628 0.049947
v -1.090642 1.762927 0.007447
v -1.090142 1.690128 0.083147
v -1.068342 1.691327 0.070447
v -1.024842 1.800028 -0.100953
v -1.043242 1.760527 -0.042053
v -1.070042 1.789527 -0.044053
v -1.051642 1.825727 -0.098653
v -1.033542 1.695927 0.168647
v -1.014942 1.718928 0.169247
v -1.020742 1.702628 0.128647
v -1.002442 1.725828 0.133347
v -1.045342 1.690428 0.067847
v -1.022942 1.695927 0.073447
v -1.034142 1.715328 0.018047
v -1.009742 1.716527 0.021947
v -1.016842 1.747227 -0.038953
v -0.992442 1.746027 -0.033253
v -0.998542 1.786127 -0.098153
v -0.974142 1.782927 -0.089753
v -0.990642 1.735927 0.161247
v -0.973642 1.745928 0.131447
v -1.007342 1.713327 0.082147
v -0.992842 1.731027 0.031147
v -0.989142 1.735927 0.088247
v -0.974542 1.752127 0.038047
v -0.975442 1.758228 -0.021653
v -0.957342 1.776527 -0.012953
v -0.958642 1.793328 -0.074553
v -0.941842 1.808328 -0.063753
v -0.897542 1.860927 0.090247
v -0.895442 1.897727 0.069247
v -0.902542 1.886628 0.119247
v -0.910642 1.851827 0.145247
v -0.900742 1.919628 0.088947
v -0.894442 1.922928 0.058547
v -0.929842 1.810727 0.171247
v -0.913942 1.816628 0.113747
v -0.958342 1.758327 0.087447
v -0.923042 1.785928 0.079147
v -0.943842 1.775028 0.036947
v -0.910042 1.804627 0.028747
v -0.927942 1.796927 -0.013253
v -0.900442 1.828627 -0.019753
v -0.917542 1.827827 -0.062853
v -0.899242 1.859728 -0.066953
v -0.909142 1.952927 0.047847
v -0.926642 1.982027 0.003647
v -0.895142 1.949528 0.020247
v -0.907642 1.989827 -0.037553
v -0.900442 1.830128 0.061947
v -0.888442 1.877727 0.041147
v -0.890642 1.849627 0.014047
v -0.885442 1.899427 -0.004253
v -0.890942 1.920127 0.022147
v -0.893242 1.945527 -0.022853
v -0.886042 1.873728 -0.031853
v -0.888742 1.922427 -0.047753
v -0.891442 1.901627 -0.076553
v -0.897042 1.945427 -0.089653
v -0.900742 1.965627 -0.064953
v -0.915742 2.004527 -0.087553
v -0.908742 1.983127 -0.105653
v -0.919942 2.018528 -0.126953
v -0.958942 2.007227 -0.036153
v -0.998042 2.015127 -0.068753
v -0.948442 2.026628 -0.078653
v -0.988442 2.038328 -0.111553
v -1.029642 1.998227 -0.089653
v -1.018142 2.026128 -0.133653
v -1.035442 1.999028 -0.149553
v -1.045742 1.964427 -0.105853
v -0.943942 2.039628 -0.117553
v -0.979542 2.055027 -0.148653
v -0.941442 2.052828 -0.154553
v -0.971442 2.067928 -0.183553
v -1.051142 1.931127 -0.120553
v -1.041442 1.968727 -0.163253
v -1.041842 1.939428 -0.177253
v -1.052742 1.899827 -0.135153
v -1.007342 2.046927 -0.170553
v -1.024542 2.024427 -0.186153
v -0.997042 2.062328 -0.203153
v -1.013842 2.042928 -0.216853
v -1.037442 1.869727 -0.148853
v -1.024942 1.913927 -0.190853
v -0.998242 1.896128 -0.197153
v -1.010342 1.847827 -0.154253
v -1.019142 1.997527 -0.238653
v -1.031142 1.971427 -0.211253
v -1.032242 1.997927 -0.198853
v -1.022342 2.020428 -0.228353
v -0.950442 1.880328 -0.184953
v -0.960242 1.829528 -0.143353
v -0.984142 1.834728 -0.152253
v -0.972742 1.885228 -0.195553
v -0.931642 1.877827 -0.144653
v -0.933742 1.847827 -0.112753
v -0.947342 1.836927 -0.124853
v -0.938942 1.881227 -0.164553
v -1.013642 1.950027 -0.222453
v -1.003042 1.979428 -0.247453
v -0.980242 1.967227 -0.252253
v -0.988742 1.935427 -0.228253
v -0.917342 1.867428 -0.111053
v -0.907442 1.897327 -0.113753
v -0.924042 1.902428 -0.152953
v -0.918242 1.930228 -0.156553
v -0.962642 1.927227 -0.226653
v -0.954142 1.962128 -0.249353
v -0.931942 1.966728 -0.226353
v -0.940942 1.924228 -0.211353
v -0.931442 1.919427 -0.185453
v -0.925742 1.948528 -0.191453
v -0.903742 1.931727 -0.119853
v -0.907742 1.967227 -0.130153
v -0.914742 1.955627 -0.158353
v -0.915542 1.981927 -0.168353
v -0.915242 2.000128 -0.145953
v -0.921542 2.032928 -0.167553
v -0.919542 2.010727 -0.184753
v -0.922642 2.040428 -0.206953
v -0.921242 1.965427 -0.186753
v -0.922242 1.982928 -0.201853
v -0.923042 2.007927 -0.220753
v -0.924042 2.035528 -0.241953
v -0.930742 1.999127 -0.249953
v -0.929442 2.025728 -0.269153
v -0.947742 1.991728 -0.268853
v -0.971442 1.994528 -0.272453
v -0.963142 2.019028 -0.289153
v -0.943342 2.018127 -0.285753
v -0.940542 2.043027 -0.299253
v -0.929842 2.050527 -0.285753
v -0.956742 2.042428 -0.302453
v -0.952742 2.057927 -0.309053
v -0.940142 2.065028 -0.307353
v -0.931642 2.067228 -0.294553
v -0.991642 2.004527 -0.268953
v -1.006442 2.019428 -0.262053
v -0.980642 2.027128 -0.286753
v -0.993742 2.039327 -0.281053
v -1.010442 2.038028 -0.252653
v -0.997942 2.054427 -0.271353
v -1.003442 2.056727 -0.243153
v -0.995842 2.065228 -0.259853
v -0.927142 2.062228 -0.263853
v -0.936242 2.081327 -0.284353
v -0.954442 2.090028 -0.262853
v -0.930442 2.071228 -0.232953
v -0.936442 2.066428 -0.194153
v -0.963042 2.080427 -0.220953
v -0.987142 2.074528 -0.235153
v -0.982042 2.080328 -0.262453
v -0.983842 2.073627 -0.282853
v -0.966342 2.086627 -0.291253
v -0.972742 2.072927 -0.300353
v -0.981342 2.059428 -0.294453
v -0.948142 2.083927 -0.303753
v -0.962142 2.067828 -0.308253
v -0.971042 2.048827 -0.300153
v -1.381142 1.779327 0.348847
v -1.365242 1.776627 0.330547
v -1.395642 1.756728 0.313847
v -1.413242 1.767329 0.332947
v -1.433842 1.772727 0.315547
v -1.417742 1.761827 0.296447
v -1.401742 1.748827 0.279847
v -1.385542 1.735528 0.264547
v -1.388642 1.742127 0.295647
v -1.373642 1.729328 0.283247
v -1.278942 1.819727 0.342447
v -1.261942 1.816327 0.325047
v -1.293442 1.789828 0.315247
v -1.312642 1.792928 0.330747
v -1.342542 1.774028 0.318047
v -1.317942 1.770428 0.307347
v -1.336742 1.752427 0.302847
v -1.362942 1.756728 0.309547
v -1.371342 1.744727 0.301447
v -1.354342 1.736728 0.295447
v -1.245142 1.812427 0.305147
v -1.230542 1.807927 0.282347
v -1.260442 1.780928 0.275747
v -1.275642 1.785827 0.297047
v -1.369742 1.721128 0.250047
v -1.357242 1.716328 0.270247
v -1.340942 1.702527 0.255247
v -1.354942 1.705828 0.234347
v -1.296442 1.764327 0.293847
v -1.277542 1.756327 0.277347
v -1.293742 1.735029 0.277847
v -1.314042 1.745327 0.291747
v -1.335642 1.726127 0.285447
v -1.316942 1.713327 0.272247
v -1.219042 1.801728 0.257547
v -1.247042 1.772928 0.253047
v -1.209442 1.792228 0.230547
v -1.230942 1.759427 0.232447
v -1.341442 1.690627 0.215347
v -1.325942 1.687027 0.237147
v -1.311342 1.670827 0.216247
v -1.327442 1.675927 0.193447
v -1.259042 1.744627 0.260447
v -1.274042 1.720528 0.263347
v -1.238942 1.728827 0.244747
v -1.254442 1.701827 0.248647
v -1.299142 1.696527 0.257347
v -1.282342 1.676528 0.240547
v -1.198642 1.776527 0.204347
v -1.212342 1.741028 0.212947
v -1.186942 1.753527 0.183147
v -1.198142 1.718627 0.193447
v -1.218842 1.709428 0.226147
v -1.236542 1.681727 0.228547
v -1.206842 1.688928 0.204547
v -1.225742 1.665327 0.205147
v -1.193942 1.657328 0.158847
v -1.172342 1.693628 0.154447
v -1.166642 1.666128 0.142847
v -1.185942 1.635328 0.143647
v -1.178842 1.724428 0.167247
v -1.191342 1.691428 0.176547
v -1.204442 1.667827 0.184547
v -1.222642 1.652227 0.185047
v -1.211642 1.647928 0.168147
v -1.223342 1.643028 0.172047
v -1.311342 1.661628 0.169547
v -1.295742 1.656729 0.191847
v -1.280842 1.645128 0.169347
v -1.294742 1.647528 0.148147
v -1.266842 1.658627 0.217747
v -1.254742 1.646427 0.193647
v -1.207442 1.604827 0.141547
v -1.228042 1.584227 0.127347
v -1.241042 1.605927 0.135047
v -1.218842 1.622827 0.149947
v -1.261542 1.579027 0.064447
v -1.252442 1.577728 0.089247
v -1.281842 1.605327 0.078847
v -1.270042 1.606627 0.105847
v -1.229542 1.627928 0.156347
v -1.239742 1.631327 0.162747
v -1.249642 1.616927 0.141147
v -1.258342 1.624527 0.145347
v -1.254542 1.600727 0.119347
v -1.241442 1.578128 0.109347
v -1.259442 1.612227 0.127847
v -1.267542 1.619027 0.127547
v -1.279642 1.632327 0.134147
v -1.288342 1.630527 0.113847
v -1.268542 1.634427 0.154347
v -1.299542 1.630627 0.090947
v -1.247342 1.638428 0.175347
v -1.625642 1.321128 1.646947
v -1.601442 1.329628 1.633447
v -1.647142 1.310228 1.647747
v -1.632242 1.296228 1.629847
v -1.615142 1.305529 1.630247
v -1.599742 1.314229 1.624347
v -1.576642 1.334929 1.610647
v -1.586442 1.313229 1.604147
v -1.568542 1.316029 1.568947
v -1.552142 1.338728 1.578147
v -1.601042 1.299028 1.602547
v -1.617242 1.287629 1.600447
v -1.605042 1.289227 1.559147
v -1.586642 1.301329 1.563747
v -1.531742 1.344028 1.535447
v -1.513942 1.350229 1.490947
v -1.550542 1.322729 1.523747
v -1.529942 1.328829 1.477147
v -1.490442 1.351829 1.453847
v -1.501642 1.326428 1.439047
v -1.523142 1.303729 1.416247
v -1.491742 1.303729 1.374547
v -1.550942 1.311328 1.463747
v -1.575242 1.295629 1.453147
v -1.552642 1.287629 1.397447
v -1.532642 1.293427 1.324547
v -1.449642 1.315428 1.342947
v -1.475242 1.306628 1.305847
v -1.477142 1.287328 1.276747
v -1.506442 1.276528 1.276947
v -1.571542 1.308128 1.515347
v -1.593142 1.295828 1.508547
v -1.818642 1.518728 0.755447
v -1.823442 1.504827 0.737147
v -1.822842 1.489427 0.748447
v -1.820742 1.503428 0.767847
v -1.820842 1.477628 0.727747
v -1.822342 1.492927 0.718447
v -1.818842 1.461327 0.736347
v -1.820342 1.471527 0.759647
v -1.821542 1.485528 0.779347
v -1.812442 1.475327 0.687447
v -1.806742 1.464229 0.686547
v -1.815442 1.468428 0.706847
v -1.817542 1.482628 0.700547
v -1.798042 1.449728 0.687747
v -1.812742 1.453828 0.711147
v -1.838342 1.543728 0.732747
v -1.839942 1.531029 0.716447
v -1.828142 1.520227 0.725547
v -1.824042 1.533327 0.741747
v -1.835242 1.518227 0.698847
v -1.826342 1.507728 0.708547
v -1.820342 1.494728 0.690947
v -1.811542 1.480627 0.675847
v -1.825042 1.503727 0.679847
v -1.811242 1.487528 0.662247
v -1.795442 1.469929 0.648847
v -1.799742 1.465827 0.666447
v -1.783842 1.451728 0.663347
v -1.776942 1.455627 0.639347
v -1.841942 1.473729 0.785647
v -1.838742 1.491827 0.804547
v -1.818942 1.500227 0.796347
v -1.863642 1.482129 0.812347
v -1.868242 1.460128 0.791147
v -1.852242 1.505927 0.836847
v -1.830042 1.511228 0.817647
v -1.817942 1.513227 0.806647
v -1.835242 1.444727 0.738847
v -1.840442 1.457027 0.764247
v -1.865342 1.439428 0.768247
v -1.856942 1.423628 0.741047
v -1.822442 1.435429 0.712147
v -1.803042 1.430228 0.685647
v -1.815642 1.405329 0.682347
v -1.840042 1.412228 0.711347
v -1.781042 1.431728 0.659247
v -1.763842 1.438527 0.634147
v -1.762642 1.410828 0.621447
v -1.791042 1.405728 0.652247
v -1.836042 1.507627 0.668247
v -1.849842 1.521128 0.690147
v -1.866342 1.517628 0.683847
v -1.851042 1.501727 0.660447
v -1.818142 1.491328 0.648847
v -1.830742 1.485328 0.639047
v -1.798542 1.472827 0.633547
v -1.779542 1.457027 0.621247
v -1.808842 1.469528 0.620247
v -1.787042 1.458328 0.605647
v -1.749742 1.431328 0.605647
v -1.771142 1.449628 0.596147
v -1.763642 1.444427 0.613747
v -1.757042 1.441227 0.586847
v -1.740142 1.432328 0.573047
v -1.733842 1.418929 0.590447
v -1.720542 1.424727 0.555547
v -1.716142 1.408327 0.568047
v -1.743042 1.392628 0.593647
v -1.724142 1.381927 0.566447
v -1.694942 1.422328 0.537747
v -1.689142 1.404629 0.547147
v -1.665142 1.427527 0.521247
v -1.654742 1.407429 0.529647
v -1.661442 1.376727 0.518947
v -1.695942 1.377228 0.541347
v -1.618242 1.446028 0.468547
v -1.595342 1.424827 0.475547
v -1.620942 1.416129 0.508047
v -1.638042 1.438128 0.499847
v -1.627842 1.381728 0.493047
v -1.603542 1.388927 0.459847
v -1.885442 1.529228 0.893447
v -1.869942 1.517728 0.865847
v -1.896542 1.503727 0.865147
v -1.902942 1.517228 0.892447
v -1.890242 1.485729 0.842147
v -1.917742 1.489128 0.871947
v -1.918042 1.469327 0.850047
v -1.914942 1.504928 0.897547
v -1.898042 1.439628 0.798447
v -1.893842 1.463828 0.820447
v -1.921542 1.444929 0.830547
v -1.920942 1.416929 0.811147
v -1.891342 1.414428 0.775647
v -1.910242 1.388129 0.788347
v -1.875442 1.392828 0.749647
v -1.890142 1.362728 0.760647
v -1.851842 1.377828 0.718547
v -1.826542 1.368729 0.684047
v -1.832642 1.332228 0.689847
v -1.861142 1.344929 0.726947
v -1.805242 1.365427 0.649047
v -1.784242 1.361527 0.616347
v -1.791842 1.315228 0.619647
v -1.810742 1.323529 0.654147
v -1.743342 1.339328 0.554347
v -1.763542 1.350428 0.586247
v -1.773742 1.303327 0.585347
v -1.754742 1.291627 0.549147
v -1.684642 1.331427 0.493247
v -1.716442 1.333527 0.522747
v -1.730342 1.284027 0.511547
v -1.701542 1.280329 0.475147
v -1.654542 1.335527 0.461447
v -1.633342 1.342227 0.425447
v -1.672742 1.281628 0.438647
v -1.647742 1.284528 0.400447
v -1.925342 1.476828 0.885147
v -1.921442 1.496529 0.906347
v -1.927542 1.454927 0.866347
v -1.919342 1.448128 0.885547
v -1.920542 1.470328 0.900647
v -1.918642 1.491029 0.917247
v -1.928942 1.429129 0.849847
v -1.927442 1.399328 0.831647
v -1.912142 1.390828 0.855947
v -1.916042 1.423528 0.871747
v -1.880642 1.326928 0.801747
v -1.907342 1.356828 0.826147
v -1.916842 1.366729 0.807147
v -1.894642 1.337829 0.776147
v -1.884342 1.339329 0.836147
v -1.899542 1.353428 0.838347
v -1.884742 1.351427 0.856747
v -1.895142 1.368729 0.857947
v -1.816142 1.292427 0.714047
v -1.847442 1.306628 0.755947
v -1.862342 1.318427 0.738847
v -1.829942 1.305327 0.699447
v -1.785442 1.285928 0.628547
v -1.804342 1.296028 0.663747
v -1.770342 1.272427 0.640747
v -1.790342 1.283227 0.676447
v -1.753242 1.259529 0.554047
v -1.769342 1.272928 0.592547
v -1.737542 1.244028 0.566847
v -1.754042 1.258627 0.604547
v -1.689842 1.228527 0.485947
v -1.716142 1.232929 0.526347
v -1.732542 1.249828 0.512647
v -1.705242 1.245427 0.472547
v -1.837042 1.498628 0.610647
v -1.812842 1.488928 0.591347
v -1.811542 1.478629 0.605447
v -1.837042 1.489528 0.625147
v -1.787542 1.471728 0.590547
v -1.790642 1.484329 0.575147
v -1.843442 1.490427 0.577847
v -1.833242 1.481928 0.562447
v -1.820842 1.487327 0.575747
v -1.840242 1.496827 0.592247
v -1.804142 1.480227 0.559047
v -1.821342 1.473728 0.543947
v -1.773642 1.483328 0.562647
v -1.770342 1.466828 0.579947
v -1.756542 1.460828 0.569447
v -1.759542 1.479827 0.550647
v -1.811542 1.466028 0.528247
v -1.791042 1.475727 0.544847
v -1.779842 1.470928 0.531247
v -1.802842 1.457827 0.513347
v -1.858342 1.477827 0.513147
v -1.851142 1.468228 0.490047
v -1.830742 1.465827 0.510047
v -1.838942 1.474227 0.529147
v -1.823342 1.458028 0.492447
v -1.843942 1.462228 0.469347
v -1.746942 1.470127 0.537347
v -1.741742 1.451928 0.556347
v -1.724742 1.444027 0.541147
v -1.734042 1.460728 0.523347
v -1.785342 1.442727 0.477447
v -1.793842 1.450629 0.496147
v -1.816042 1.450328 0.473247
v -1.809542 1.442428 0.452147
v -1.837642 1.455528 0.447847
v -1.832242 1.448627 0.425047
v -1.768542 1.464427 0.515947
v -1.757742 1.456228 0.500247
v -1.718842 1.456427 0.507447
v -1.703342 1.441927 0.525047
v -1.704142 1.457628 0.488147
v -1.680442 1.447428 0.508047
v -1.661942 1.455928 0.485347
v -1.648542 1.461227 0.454447
v -1.694142 1.456728 0.464247
v -1.686042 1.455928 0.434247
v -1.777542 1.435627 0.456547
v -1.746442 1.447927 0.483247
v -1.736342 1.443128 0.463347
v -1.771042 1.429828 0.434547
v -1.827342 1.442228 0.400247
v -1.804242 1.435027 0.428947
v -1.799842 1.428728 0.405247
v -1.823342 1.435928 0.375347
v -1.766242 1.422428 0.413047
v -1.729542 1.438127 0.440747
v -1.723342 1.434128 0.413347
v -1.760742 1.416327 0.388547
v -1.820842 1.429327 0.352247
v -1.796242 1.422627 0.382747
v -1.791542 1.416427 0.358947
v -1.817142 1.422928 0.328147
v -1.752942 1.411228 0.359147
v -1.715242 1.432328 0.379347
v -1.704942 1.426227 0.340247
v -1.742442 1.402327 0.323947
v -1.666242 1.451328 0.353647
v -1.676742 1.456728 0.396047
v -1.810142 1.416027 0.300547
v -1.784442 1.409428 0.331547
v -1.774642 1.397528 0.298147
v -1.800542 1.403627 0.267047
v -1.787542 1.384628 0.224047
v -1.761142 1.379527 0.255947
v -1.745342 1.364727 0.208347
v -1.770742 1.371327 0.174947
v -1.714842 1.367328 0.237147
v -1.729042 1.384628 0.282147
v -1.690042 1.344427 0.149747
v -1.702242 1.355028 0.194947
v -1.732142 1.352628 0.162647
v -1.719942 1.342828 0.113247
v -1.758142 1.358027 0.126747
v -1.746242 1.348428 0.074247
v -1.736042 1.335028 0.013347
v -1.707642 1.332127 0.054847
v -1.693342 1.326527 -0.007553
v -1.722442 1.330528 -0.050353
v -1.661542 1.325727 0.035447
v -1.676842 1.334028 0.094747
v -1.861142 1.336928 0.845247
v -1.866642 1.352628 0.872047
v -1.850842 1.325828 0.809447
v -1.825742 1.331728 0.820347
v -1.833042 1.341828 0.858147
v -1.836242 1.358629 0.888847
v -1.827742 1.311229 0.768747
v -1.800542 1.292827 0.728047
v -1.784442 1.300728 0.741147
v -1.807742 1.320028 0.779447
v -1.777042 1.280628 0.689547
v -1.756542 1.269527 0.652747
v -1.743042 1.272128 0.665847
v -1.763142 1.285028 0.703347
v -1.738342 1.256627 0.616347
v -1.719042 1.243729 0.579347
v -1.702042 1.249527 0.591547
v -1.723542 1.260329 0.628647
v -1.709342 1.269428 0.640847
v -1.728842 1.281227 0.678847
v -1.687542 1.258327 0.603347
v -1.674742 1.252327 0.619047
v -1.694742 1.268428 0.657347
v -1.713042 1.284328 0.695247
v -1.906442 1.490328 0.466447
v -1.905342 1.476828 0.434747
v -1.877342 1.467227 0.466947
v -1.882342 1.479028 0.494047
v -1.869442 1.464229 0.442447
v -1.895042 1.474727 0.407447
v -1.889842 1.467327 0.383647
v -1.863242 1.458728 0.419247
v -1.858442 1.451427 0.396247
v -1.885842 1.458028 0.360847
v -1.875942 1.455228 0.336247
v -1.852042 1.446728 0.370947
v -1.847542 1.440228 0.345947
v -1.870342 1.449027 0.311947
v -1.870242 1.440328 0.289447
v -1.846042 1.432427 0.323147
v -1.842242 1.426328 0.298547
v -1.866142 1.433627 0.264147
v -1.854442 1.430228 0.233347
v -1.834242 1.421028 0.269547
v -1.824342 1.409228 0.233847
v -1.845242 1.418527 0.194847
v -1.830542 1.405728 0.146647
v -1.811342 1.392228 0.188247
v -1.795742 1.377228 0.137347
v -1.817742 1.390228 0.093347
v -1.803342 1.381128 0.040247
v -1.784242 1.362727 0.086547
v -1.769542 1.357327 0.032047
v -1.786542 1.376928 -0.014653
v -1.769342 1.373028 -0.074453
v -1.757042 1.348728 -0.029753
v -1.744042 1.343928 -0.091753
v -1.756042 1.369727 -0.132553
v -1.966142 1.582127 0.478347
v -1.946842 1.569027 0.426147
v -1.941842 1.527128 0.466647
v -1.959542 1.537928 0.514147
v -1.926842 1.518628 0.425647
v -1.927642 1.558328 0.382847
v -1.916642 1.499627 0.503747
v -1.930442 1.510727 0.546347
v -1.925042 1.549528 0.344247
v -1.927642 1.506927 0.389647
v -1.917042 1.501228 0.360947
v -1.916542 1.539028 0.314247
v -1.913042 1.527528 0.288447
v -1.911342 1.492127 0.336147
v -1.908942 1.481027 0.312947
v -1.913142 1.516629 0.264147
v -1.900542 1.507927 0.243747
v -1.894842 1.477127 0.290847
v -1.887242 1.471427 0.268147
v -1.891042 1.502228 0.223147
v -1.886842 1.496928 0.199847
v -1.886442 1.464628 0.244947
v -1.883542 1.457027 0.217947
v -1.883942 1.490727 0.171047
v -1.865442 1.483228 0.139847
v -1.867042 1.453128 0.186547
v -1.858542 1.442327 0.145447
v -1.852742 1.476427 0.098747
v -1.835542 1.468528 0.049747
v -1.841742 1.432728 0.096547
v -1.830942 1.420428 0.041347
v -1.821542 1.461327 -0.004953
v -1.801742 1.454627 -0.058453
v -1.810942 1.415027 -0.011953
v -1.798342 1.408528 -0.067353
v -1.792042 1.450027 -0.113253
v -1.912842 1.706828 0.537947
v -1.901342 1.684327 0.479647
v -1.959342 1.650927 0.503547
v -1.967942 1.670128 0.566547
v -1.935642 1.627828 0.446447
v -1.881442 1.657429 0.425647
v -1.992042 1.599028 0.535647
v -1.998842 1.618527 0.597947
v -1.863542 1.638227 0.374747
v -1.916842 1.612428 0.392947
v -1.897842 1.597428 0.349447
v -1.848742 1.620528 0.331347
v -1.844142 1.609728 0.293447
v -1.892842 1.588427 0.311047
v -1.888442 1.576527 0.279947
v -1.841942 1.598927 0.261847
v -1.838742 1.589827 0.233947
v -1.885942 1.565627 0.252747
v -1.884842 1.557127 0.227147
v -1.834342 1.581628 0.209147
v -1.828042 1.572428 0.187247
v -1.877542 1.547828 0.205147
v -1.867942 1.539927 0.185547
v -1.821242 1.563928 0.165947
v -1.815142 1.556727 0.142547
v -1.860642 1.532828 0.163647
v -1.854042 1.526028 0.136047
v -1.807042 1.548128 0.116347
v -1.795542 1.538728 0.086047
v -1.838742 1.515828 0.105347
v -1.824942 1.510228 0.065747
v -1.782542 1.534228 0.047947
v -1.766142 1.530827 0.001447
v -1.809342 1.505127 0.017147
v -1.794742 1.501027 -0.036553
v -1.749942 1.528128 -0.049953
v -1.738142 1.525927 -0.103153
v -1.779542 1.495427 -0.090153
v -1.769842 1.493028 -0.142953
v -1.730442 1.525028 -0.155153
v -1.841942 1.559927 0.872947
v -1.849542 1.537827 0.868447
v -1.868942 1.543628 0.897947
v -1.861142 1.560928 0.903047
v -1.830442 1.535028 0.841747
v -1.821542 1.563728 0.839447
v -1.810642 1.517628 0.785047
v -1.805042 1.534627 0.771847
v -1.806342 1.529027 0.802847
v -1.797942 1.553128 0.793147
v -1.812142 1.549127 0.756447
v -1.807842 1.565428 0.770447
v -1.824842 1.565828 0.761547
v -1.830842 1.557029 0.748647
v -1.823042 1.571728 0.781947
v -1.837342 1.569329 0.766647
v -1.811142 1.570029 0.796747
v -1.830242 1.576228 0.802747
v -1.841642 1.574327 0.788647
v -1.853542 1.572829 0.772747
v -1.807842 1.555629 0.815947
v -1.816142 1.534128 0.820447
v -1.810042 1.567428 0.810847
v -1.823842 1.575128 0.819347
v -1.865942 1.717329 1.033047
v -1.857142 1.708827 1.010347
v -1.875442 1.696828 1.012147
v -1.880842 1.704227 1.033147
v -1.871942 1.692428 0.990147
v -1.850642 1.704628 0.986447
v -1.885542 1.680027 0.996047
v -1.887142 1.685029 1.017347
v -1.890042 1.692129 1.037947
v -1.846642 1.701427 0.963447
v -1.870542 1.688329 0.968847
v -1.871142 1.683527 0.947647
v -1.845842 1.698029 0.940247
v -1.886042 1.670128 0.953747
v -1.885342 1.675029 0.974947
v -1.893442 1.663227 0.910347
v -1.889042 1.666028 0.931747
v -1.875042 1.679327 0.925647
v -1.881542 1.677128 0.904247
v -1.850442 1.694528 0.915647
v -1.859042 1.692929 0.892347
v -1.867542 1.692327 0.871947
v -1.887542 1.676028 0.884747
v -1.889142 1.672529 0.866047
v -1.871342 1.688729 0.853047
v -1.898742 1.658728 0.872247
v -1.897842 1.661427 0.891047
v -1.806042 1.739427 0.795947
v -1.808542 1.734828 0.776647
v -1.843842 1.710927 0.810247
v -1.841142 1.712528 0.829747
v -1.851442 1.717327 0.796147
v -1.815842 1.739327 0.762147
v -1.880342 1.688329 0.820547
v -1.872742 1.685928 0.834747
v -1.899042 1.656628 0.835547
v -1.897642 1.656127 0.853047
v -1.888742 1.669328 0.847547
v -1.892242 1.669228 0.831747
v -1.895842 1.553529 0.956147
v -1.890542 1.563928 0.960347
v -1.882042 1.552528 0.929347
v -1.892742 1.541028 0.924947
v -1.879242 1.566828 0.932047
v -1.890742 1.575829 0.961847
v -1.909442 1.533327 0.941447
v -1.903642 1.543329 0.949147
v -1.903442 1.530427 0.922347
v -1.911342 1.521027 0.923447
v -1.900542 1.472028 0.914447
v -1.904642 1.489529 0.926847
v -1.894242 1.452528 0.902347
v -1.870042 1.458028 0.921147
v -1.879242 1.475027 0.928947
v -1.886942 1.492728 0.938147
v -1.886142 1.430928 0.893147
v -1.878342 1.406528 0.886647
v -1.859042 1.440527 0.916647
v -1.841842 1.420328 0.917447
v -1.839742 1.387228 0.906147
v -1.871742 1.379527 0.881847
v -1.913242 1.510628 0.935347
v -1.916342 1.515427 0.929447
v -1.904042 1.529428 0.960347
v -1.912242 1.533828 0.951947
v -1.895042 1.576329 0.990447
v -1.898242 1.565228 0.984247
v -1.894742 1.575829 1.015447
v -1.895242 1.586928 0.991747
v -1.895742 1.588428 1.021147
v -1.897342 1.598927 1.021847
v -1.898242 1.552927 0.987347
v -1.905242 1.551429 0.970547
v -1.893942 1.511629 0.947747
v -1.905842 1.505329 0.937247
v -1.853942 1.460428 0.951747
v -1.858442 1.474429 0.955647
v -1.862642 1.477828 0.940347
v -1.855142 1.462428 0.935547
v -1.869042 1.495528 0.948047
v -1.862042 1.490827 0.963747
v -1.865742 1.508728 0.976047
v -1.876242 1.514428 0.959047
v -1.883942 1.532527 0.976747
v -1.872842 1.526428 0.992647
v -1.887442 1.551828 1.000247
v -1.882542 1.543929 1.012747
v -1.892042 1.561528 1.035147
v -1.889442 1.569828 1.024447
v -1.893742 1.583127 1.045747
v -1.896642 1.591329 1.050247
v -1.903942 1.578328 1.057247
v -1.915842 1.598129 1.079347
v -1.898442 1.599328 1.053747
v -1.911142 1.611128 1.082347
v -1.908842 1.621129 1.081547
v -1.901342 1.610229 1.053147
v -1.928242 1.533927 1.053347
v -1.933942 1.553928 1.077747
v -1.920142 1.568727 1.065647
v -1.909442 1.549229 1.042847
v -1.933942 1.575529 1.108347
v -1.928642 1.588727 1.093147
v -1.908542 1.497728 1.019547
v -1.919042 1.515028 1.034247
v -1.898342 1.530427 1.023347
v -1.888342 1.512629 1.006647
v -1.891142 1.466728 0.998147
v -1.898942 1.481729 1.007947
v -1.880642 1.495829 0.992647
v -1.875342 1.479728 0.980947
v -1.885542 1.452729 0.989247
v -1.869942 1.464628 0.973447
v -1.865442 1.450928 0.969147
v -1.881542 1.439227 0.982147
v -1.903942 1.638227 1.069747
v -1.900242 1.629527 1.044747
v -1.902142 1.620829 1.049347
v -1.907142 1.630728 1.076147
v -1.897942 1.610029 1.019947
v -1.896042 1.620028 1.017347
v -1.893242 1.669929 1.024247
v -1.897142 1.677227 1.044847
v -1.890842 1.663828 1.002447
v -1.894042 1.649629 1.007447
v -1.897242 1.656229 1.030447
v -1.902242 1.663429 1.051847
v -1.901742 1.648028 1.061747
v -1.898542 1.641129 1.037847
v -1.898942 1.635728 1.041047
v -1.902142 1.642928 1.064347
v -1.895042 1.627327 1.014847
v -1.895342 1.633528 1.012547
v -1.898642 1.647328 1.034547
v -1.902942 1.654129 1.057547
v -1.895442 1.640229 1.010447
v -1.895742 1.598729 0.991447
v -1.894542 1.609928 0.990447
v -1.892742 1.600728 0.963747
v -1.892142 1.588129 0.963047
v -1.893042 1.638029 0.962347
v -1.892942 1.643329 0.985047
v -1.890242 1.658028 0.980847
v -1.890842 1.652828 0.958847
v -1.893342 1.618729 0.989347
v -1.892942 1.626228 0.988147
v -1.891942 1.619928 0.963847
v -1.892942 1.611029 0.963947
v -1.892342 1.628027 0.963647
v -1.893442 1.633528 0.987047
v -1.884242 1.580027 0.934347
v -1.889942 1.593428 0.936447
v -1.884842 1.588727 0.909547
v -1.871442 1.576028 0.906047
v -1.892942 1.649029 0.936047
v -1.896942 1.646428 0.914147
v -1.898842 1.631927 0.916047
v -1.894842 1.634529 0.938747
v -1.893842 1.605129 0.937747
v -1.892842 1.615628 0.938647
v -1.894642 1.612227 0.914247
v -1.894342 1.600129 0.912247
v -1.896742 1.621629 0.915647
v -1.893442 1.624429 0.939247
v -1.904642 1.642527 0.875447
v -1.901942 1.644527 0.894547
v -1.903442 1.629427 0.895747
v -1.906342 1.627028 0.875947
v -1.858542 1.576128 0.877547
v -1.880042 1.586228 0.883447
v -1.876442 1.585029 0.859047
v -1.849042 1.579628 0.851347
v -1.893342 1.596628 0.888247
v -1.895842 1.609329 0.891647
v -1.895442 1.607528 0.870047
v -1.891342 1.594929 0.865047
v -1.901342 1.616629 0.873847
v -1.899642 1.619028 0.894447
v -1.903142 1.639727 0.837447
v -1.903942 1.640427 0.855647
v -1.905442 1.624728 0.855347
v -1.901442 1.623927 0.836847
v -1.847842 1.582027 0.828847
v -1.872542 1.587028 0.837347
v -1.870942 1.589028 0.818147
v -1.852342 1.580928 0.810447
v -1.893742 1.615628 0.833647
v -1.898642 1.615229 0.852847
v -1.889542 1.608528 0.848947
v -1.884042 1.610227 0.829047
v -1.878642 1.600327 0.824247
v -1.883942 1.597827 0.843947
v -1.951742 1.519728 0.594447
v -1.983242 1.549928 0.567947
v -1.995842 1.568027 0.624147
v -1.967242 1.534027 0.643447
v -1.861142 1.503228 0.648547
v -1.878942 1.519627 0.674347
v -1.889942 1.524028 0.659047
v -1.862542 1.510329 0.631747
v -1.903542 1.501828 0.566747
v -1.923642 1.512329 0.610747
v -1.879342 1.500829 0.583647
v -1.905342 1.513528 0.622147
v -1.941642 1.523528 0.654647
v -1.922542 1.522528 0.660847
v -1.856942 1.494227 0.579247
v -1.848642 1.483528 0.552847
v -1.867342 1.487628 0.542747
v -1.861542 1.505927 0.606647
v -1.882042 1.513029 0.620347
v -1.898142 1.516928 0.634847
v -1.908442 1.524028 0.664547
v -1.890642 1.490127 0.527747
v -1.847242 1.448627 0.934547
v -1.835042 1.438329 0.937647
v -1.839942 1.442129 0.954347
v -1.850542 1.448328 0.951247
v -1.852042 1.432029 0.969347
v -1.862742 1.438329 0.967347
v -1.863442 1.418128 0.980847
v -1.877042 1.425128 0.978747
v -1.868142 1.417727 0.994847
v -1.882442 1.419127 0.989747
v -1.871942 1.425629 1.006947
v -1.886942 1.428828 0.995547
v -1.889942 1.440928 1.004447
v -1.878442 1.434927 1.019247
v -1.886642 1.446429 1.032647
v -1.894742 1.454528 1.015347
v -1.895742 1.459527 1.045947
v -1.902242 1.468627 1.026747
v -1.911542 1.483629 1.039347
v -1.905342 1.474429 1.060347
v -1.915142 1.490728 1.076147
v -1.921142 1.500129 1.054147
v -1.929542 1.518227 1.072447
v -1.923242 1.508028 1.093747
v -1.927242 1.526329 1.113047
v -1.934542 1.538028 1.095947
v -1.932942 1.560627 1.126247
v -1.921442 1.547627 1.140147
v -1.901042 1.543728 1.142047
v -1.911542 1.526428 1.121647
v -1.902142 1.515828 1.110447
v -1.872342 1.538828 1.136947
v -1.844642 1.503329 1.092147
v -1.856942 1.520728 1.112147
v -1.891742 1.501529 1.093947
v -1.881042 1.484728 1.076447
v -1.821442 1.474028 1.054847
v -1.832642 1.486829 1.073647
v -1.870442 1.468729 1.060947
v -1.860142 1.455228 1.045647
v -1.842142 1.435627 1.015647
v -1.850042 1.444028 1.030647
v -1.810742 1.465328 1.036247
v -1.801942 1.458827 1.018547
v -1.835242 1.429129 0.985547
v -1.791542 1.447927 0.987047
v -1.796042 1.452127 1.002347
v -1.838142 1.428728 1.000747
v -1.818342 1.442628 0.959147
v -1.827942 1.438128 0.973647
v -1.780342 1.446527 0.962147
v -1.786242 1.447628 0.974147
v -1.812242 1.436528 0.944347
v -1.808942 1.422027 0.930447
v -1.773142 1.435729 0.932547
v -1.776042 1.442829 0.948847
v -1.806242 1.399928 0.915247
v -1.804342 1.377427 0.891947
v -1.769142 1.404629 0.888647
v -1.771042 1.422727 0.911747
v -1.803042 1.359128 0.862747
v -1.799142 1.345027 0.827747
v -1.766642 1.366527 0.832647
v -1.769042 1.385628 0.862047
v -1.786642 1.332428 0.788747
v -1.767242 1.312127 0.753847
v -1.741642 1.319127 0.775847
v -1.756742 1.348527 0.800347
v -1.731242 1.297627 0.734147
v -1.748142 1.295328 0.716847
v -1.701742 1.288028 0.876347
v -1.704742 1.283728 0.822247
v -1.693242 1.259629 0.837047
v -1.687642 1.231529 0.854747
v -1.695942 1.256627 0.897447
v -1.699442 1.266727 0.869947
v -1.700442 1.285228 0.932547
v -1.716142 1.283327 0.755847
v -1.718242 1.302729 0.792347
v -1.699042 1.269328 0.716447
v -1.677642 1.259328 0.739247
v -1.697042 1.267728 0.778347
v -1.681142 1.254128 0.677547
v -1.661842 1.237227 0.637047
v -1.643842 1.224428 0.655647
v -1.659342 1.245327 0.698347
v -1.651442 1.237327 0.578947
v -1.639442 1.221728 0.594447
v -1.617642 1.209328 0.552947
v -1.627442 1.227427 0.541247
v -1.605142 1.190627 0.564347
v -1.624642 1.205828 0.610047
v -1.597642 1.205027 0.515847
v -1.604842 1.226628 0.510647
v -1.580942 1.233127 0.486547
v -1.570842 1.209927 0.488347
v -1.587642 1.182227 0.519947
v -1.558742 1.184129 0.487947
v -1.649942 1.238928 0.518147
v -1.676342 1.242127 0.553647
v -1.695042 1.234928 0.540547
v -1.668942 1.230627 0.502647
v -1.661442 1.249228 0.565547
v -1.635142 1.244227 0.531147
v -1.626742 1.239327 0.488347
v -1.612942 1.244627 0.503747
v -1.592442 1.248729 0.480147
v -1.606042 1.243128 0.464347
v -1.674442 1.246027 0.434947
v -1.644942 1.247628 0.397047
v -1.626742 1.229927 0.410547
v -1.660242 1.229927 0.448647
v -1.642742 1.230627 0.468747
v -1.618942 1.233727 0.444347
v -1.600042 1.239828 0.434647
v -1.586942 1.249527 0.446347
v -1.592842 1.238128 0.412047
v -1.570242 1.253027 0.421547
v -1.571842 1.253628 0.457347
v -1.557642 1.238428 0.462847
v -1.549442 1.257327 0.429547
v -1.533242 1.239628 0.434147
v -1.679042 1.255329 0.801147
v -1.658242 1.252128 0.762047
v -1.644642 1.239028 0.779147
v -1.668742 1.240628 0.814847
v -1.684742 1.156729 0.823147
v -1.688042 1.186327 0.837147
v -1.681742 1.180928 0.800947
v -1.681842 1.142628 0.793647
v -1.675142 1.213727 0.811747
v -1.656042 1.200928 0.775447
v -1.664242 1.166128 0.763547
v -1.667342 1.128228 0.756447
v -1.649142 1.221527 0.778847
v -1.667442 1.228127 0.808047
v -1.635342 1.243428 0.718047
v -1.624342 1.217528 0.671847
v -1.612542 1.205027 0.683947
v -1.617242 1.228729 0.736247
v -1.621642 1.189528 0.684047
v -1.630242 1.206728 0.737347
v -1.640542 1.185027 0.730947
v -1.632942 1.169328 0.678847
v -1.646042 1.137429 0.671247
v -1.652342 1.151428 0.719947
v -1.655042 1.114828 0.715347
v -1.647742 1.101629 0.670547
v -1.609642 1.193628 0.622447
v -1.592742 1.174428 0.571347
v -1.601342 1.181727 0.629847
v -1.582642 1.161127 0.575247
v -1.588042 1.145828 0.575247
v -1.607842 1.168329 0.629547
v -1.622242 1.150827 0.624947
v -1.602742 1.130527 0.571947
v -1.616442 1.106928 0.570247
v -1.636942 1.122728 0.620747
v -1.638942 1.089128 0.624147
v -1.616442 1.078828 0.576347
v -1.668642 1.118129 0.805047
v -1.673442 1.144328 0.838647
v -1.653542 1.103328 0.766847
v -1.637842 1.085428 0.786447
v -1.655042 1.101528 0.826347
v -1.658242 1.132728 0.858947
v -1.640542 1.091627 0.725647
v -1.633342 1.077127 0.681947
v -1.610642 1.060928 0.700947
v -1.621042 1.076329 0.744347
v -1.623842 1.063728 0.637347
v -1.604442 1.055128 0.589047
v -1.587042 1.033428 0.605047
v -1.601642 1.044328 0.655747
v -1.585942 1.068928 0.523547
v -1.577442 1.047428 0.533947
v -1.552442 1.038728 0.481447
v -1.558942 1.059029 0.473547
v -1.541442 1.020227 0.492847
v -1.564142 1.027027 0.547347
v -1.539542 1.016027 0.564547
v -1.556342 1.023727 0.624247
v -1.522042 1.009427 0.508547
v -1.498042 1.008128 0.523047
v -1.509542 1.016428 0.579047
v -1.520642 1.025028 0.638447
v -1.687942 1.298628 0.990947
v -1.690742 1.264828 0.958547
v -1.681142 1.252629 0.983647
v -1.690042 1.276329 1.014247
v -1.692642 1.281628 0.989047
v -1.691642 1.303529 1.046147
v -1.680242 1.242527 0.926347
v -1.670142 1.214128 0.894647
v -1.650042 1.194528 0.922647
v -1.667642 1.226828 0.953847
v -1.653942 1.165529 0.886447
v -1.670742 1.178828 0.866647
v -1.643042 1.129029 0.873947
v -1.643542 1.154528 0.893447
v -1.633742 1.130928 0.890147
v -1.638342 1.161229 0.911547
v -1.636842 1.098428 0.845347
v -1.618642 1.076928 0.807747
v -1.604442 1.073027 0.826447
v -1.625942 1.098628 0.860447
v -1.596742 1.065428 0.767647
v -1.578842 1.052627 0.724547
v -1.538942 1.046528 0.748347
v -1.573642 1.059628 0.791247
v -1.529942 1.034528 0.692247
v -1.567642 1.037127 0.677447
v -1.701342 1.263129 1.033147
v -1.714542 1.284929 1.067647
v -1.689942 1.237628 1.002447
v -1.698342 1.223029 1.018047
v -1.713842 1.246428 1.047847
v -1.729942 1.267928 1.081747
v -1.674042 1.211529 0.974947
v -1.655642 1.184628 0.951847
v -1.667042 1.172828 0.967547
v -1.682342 1.198729 0.991347
v -1.684842 1.187629 1.003147
v -1.684842 1.175928 1.013047
v -1.698842 1.196828 1.041247
v -1.700542 1.210227 1.030547
v -1.674442 1.162827 0.977147
v -1.675742 1.152029 0.986847
v -1.646842 1.154829 0.930447
v -1.642142 1.123929 0.905047
v -1.657142 1.115229 0.914947
v -1.660842 1.145028 0.943147
v -1.665842 1.106029 0.923847
v -1.670442 1.136229 0.951747
v -1.671142 1.125628 0.962147
v -1.664642 1.095628 0.935747
v -1.630742 1.091429 0.872947
v -1.607142 1.060828 0.840447
v -1.619342 1.046628 0.848647
v -1.644742 1.081228 0.881347
v -1.625842 1.025128 0.871547
v -1.650742 1.061128 0.904247
v -1.652842 1.070827 0.890847
v -1.626142 1.034728 0.858247
v -1.568742 1.039527 0.812047
v -1.531642 1.019128 0.780547
v -1.536242 0.988428 0.792647
v -1.579242 1.016528 0.822347
v -1.547942 0.954628 0.807247
v -1.590242 0.990027 0.840947
v -1.586842 1.001727 0.830547
v -1.542942 0.968928 0.800047
v -1.705442 1.433729 1.517647
v -1.698742 1.408828 1.544447
v -1.711842 1.395627 1.522747
v -1.718942 1.419929 1.499047
v -1.699542 1.363929 1.548947
v -1.685642 1.375628 1.572647
v -1.708742 1.437329 1.453747
v -1.700042 1.450829 1.471147
v -1.704642 1.458629 1.462147
v -1.714642 1.445328 1.444847
v -1.705042 1.465828 1.447847
v -1.714542 1.453029 1.431547
v -1.708842 1.430429 1.468747
v -1.699942 1.445127 1.485647
v -1.698142 1.446828 1.477647
v -1.706242 1.432729 1.460547
v -1.703842 1.443429 1.498147
v -1.714842 1.429029 1.480647
v -1.721642 1.435628 1.402947
v -1.723742 1.425928 1.413847
v -1.733642 1.404129 1.374447
v -1.729942 1.416628 1.365547
v -1.731442 1.392729 1.381647
v -1.719142 1.416129 1.421847
v -1.733842 1.379827 1.393847
v -1.719742 1.404829 1.436047
v -1.716442 1.409229 1.428247
v -1.730442 1.385028 1.387347
v -1.727442 1.402928 1.446347
v -1.741242 1.375829 1.402447
v -1.751242 1.368628 1.414747
v -1.736842 1.395729 1.462147
v -1.737842 1.396029 1.323247
v -1.742642 1.383429 1.331247
v -1.748942 1.364529 1.288947
v -1.742142 1.375628 1.281547
v -1.746942 1.355029 1.297547
v -1.739442 1.372028 1.338447
v -1.741442 1.285327 1.123247
v -1.731042 1.300527 1.109047
v -1.742542 1.311327 1.152147
v -1.749442 1.299728 1.164447
v -1.725242 1.321527 1.146347
v -1.708542 1.315528 1.101147
v -1.742442 1.358528 1.245647
v -1.751342 1.348829 1.252547
v -1.749842 1.334527 1.219847
v -1.738842 1.343229 1.213747
v -1.753342 1.326629 1.234147
v -1.752242 1.341629 1.263347
v -1.748842 1.344328 1.308047
v -1.742642 1.359329 1.350147
v -1.738442 1.364228 1.344447
v -1.746042 1.349429 1.305447
v -1.751442 1.333528 1.270947
v -1.750742 1.339929 1.276647
v -1.749342 1.354828 1.356647
v -1.753042 1.338829 1.312247
v -1.755042 1.330628 1.317047
v -1.756242 1.346928 1.365047
v -1.751842 1.327428 1.272247
v -1.751042 1.317528 1.237547
v -1.748342 1.313128 1.245947
v -1.750442 1.319728 1.274047
v -1.754142 1.312829 1.198147
v -1.747042 1.321828 1.188047
v -1.733542 1.329928 1.182647
v -1.732742 1.373929 1.482947
v -1.749242 1.350129 1.430947
v -1.738842 1.322729 1.448847
v -1.720742 1.345528 1.507547
v -1.754642 1.331529 1.375947
v -1.750542 1.318727 1.321147
v -1.739642 1.307428 1.324047
v -1.743442 1.315528 1.382147
v -1.722642 1.299528 1.325547
v -1.726042 1.304729 1.378247
v -1.706442 1.292829 1.376247
v -1.703942 1.286728 1.330247
v -1.715842 1.287029 1.407547
v -1.729942 1.296829 1.423347
v -1.733242 1.285328 1.203747
v -1.743442 1.302927 1.229547
v -1.749342 1.304628 1.209147
v -1.742742 1.290529 1.178647
v -1.744342 1.309329 1.269547
v -1.733142 1.299129 1.264747
v -1.715742 1.214329 1.072747
v -1.719042 1.230829 1.060447
v -1.732742 1.251328 1.096247
v -1.729242 1.234828 1.115847
v -1.714542 1.254128 1.216447
v -1.708142 1.271129 1.274147
v -1.720242 1.288527 1.266047
v -1.723342 1.272027 1.211847
v -1.732442 1.262828 1.154147
v -1.737942 1.272129 1.138547
v -1.722342 1.241328 1.165947
v -1.727042 1.258728 1.172147
v -1.784242 1.709227 0.512247
v -1.779742 1.683328 0.467447
v -1.836642 1.692528 0.466947
v -1.846142 1.717829 0.518147
v -1.824042 1.664328 0.417247
v -1.774642 1.655928 0.420947
v -1.769542 1.638227 0.374447
v -1.812342 1.643827 0.369647
v -1.803542 1.627928 0.326547
v -1.765242 1.624627 0.331547
v -1.797442 1.606428 0.257347
v -1.799842 1.616927 0.289047
v -1.761942 1.613328 0.293947
v -1.758842 1.601628 0.262347
v -1.754742 1.591728 0.235847
v -1.793542 1.597227 0.230047
v -1.788442 1.588528 0.205847
v -1.749742 1.582827 0.212447
v -1.744142 1.574228 0.190147
v -1.782742 1.579627 0.183647
v -1.776642 1.571227 0.161447
v -1.737942 1.565527 0.167747
v -1.730942 1.556727 0.143647
v -1.769942 1.563728 0.137547
v -1.761342 1.554828 0.111547
v -1.721742 1.547327 0.117747
v -1.709042 1.539828 0.088447
v -1.749942 1.547627 0.081447
v -1.734542 1.541928 0.045847
v -1.691742 1.531627 0.055747
v -1.668542 1.522727 0.018847
v -1.714142 1.536427 0.003647
v -1.695442 1.531827 -0.044053
v -1.635742 1.515027 -0.025553
v -1.631642 1.521327 -0.141253
v -1.680742 1.533627 -0.150353
v -1.684842 1.531028 -0.096853
v -1.633142 1.517028 -0.086253
v -1.548742 1.509928 -0.083253
v -1.588442 1.515027 -0.083753
v -1.585242 1.511927 -0.036253
v -1.546442 1.505127 -0.039453
v -1.550742 1.513027 -0.133453
v -1.589142 1.519227 -0.136653
v -1.718942 1.649628 0.444547
v -1.743942 1.645927 0.433447
v -1.744242 1.672928 0.478347
v -1.718942 1.669427 0.489647
v -1.743342 1.699528 0.519147
v -1.716042 1.691428 0.528747
v -1.711542 1.618627 0.352647
v -1.738242 1.614327 0.342347
v -1.741442 1.628027 0.386547
v -1.716042 1.633027 0.397647
v -1.702042 1.597528 0.278647
v -1.731042 1.591127 0.271147
v -1.734842 1.603028 0.303447
v -1.707042 1.607228 0.312347
v -1.691042 1.581427 0.230647
v -1.720942 1.575127 0.221947
v -1.726142 1.583127 0.244647
v -1.696542 1.589527 0.252447
v -1.680542 1.561928 0.187247
v -1.709742 1.558028 0.177147
v -1.715642 1.566828 0.199747
v -1.686042 1.572028 0.209247
v -1.663942 1.542427 0.138947
v -1.693142 1.537728 0.127647
v -1.702642 1.548228 0.153147
v -1.673542 1.551527 0.163647
v -1.650542 1.535727 0.113647
v -1.679842 1.528727 0.100447
v -1.662542 1.518728 0.072347
v -1.633142 1.530728 0.088247
v -1.611242 1.522628 0.063747
v -1.584642 1.512028 0.044247
v -1.610242 1.505627 0.015947
v -1.639642 1.509628 0.042047
v -1.553442 1.500627 0.032947
v -1.575142 1.500727 0.002147
v -1.541242 1.488828 -0.003053
v -1.522642 1.484728 0.027747
v -1.695842 1.690928 0.528847
v -1.696542 1.672627 0.495647
v -1.677342 1.679228 0.501447
v -1.682742 1.690428 0.523547
v -1.668642 1.665027 0.464747
v -1.693442 1.655828 0.454947
v -1.687342 1.641528 0.409747
v -1.657842 1.653327 0.421447
v -1.646942 1.644828 0.376447
v -1.679842 1.629328 0.364547
v -1.672442 1.618828 0.324047
v -1.636342 1.636527 0.335747
v -1.626142 1.627828 0.302147
v -1.665042 1.608928 0.290347
v -1.658042 1.600228 0.265247
v -1.618242 1.620828 0.276747
v -1.612442 1.612628 0.255947
v -1.652142 1.591227 0.244747
v -1.631342 1.702127 0.477047
v -1.645842 1.680427 0.473247
v -1.660542 1.692327 0.509247
v -1.650542 1.711627 0.514047
v -1.675542 1.703228 0.536147
v -1.668342 1.721128 0.544747
v -1.618642 1.668328 0.384747
v -1.631342 1.672627 0.430147
v -1.614042 1.697428 0.433547
v -1.600242 1.695527 0.387747
v -1.592942 1.655027 0.309547
v -1.605842 1.662927 0.343447
v -1.585842 1.691727 0.345447
v -1.569442 1.684227 0.311347
v -1.651442 1.816628 0.599147
v -1.669442 1.823529 0.636047
v -1.635342 1.809129 0.561747
v -1.658442 1.806628 0.596347
v -1.644542 1.800328 0.559647
v -1.675142 1.811528 0.632647
v -1.620042 1.803627 0.515947
v -1.606442 1.802627 0.464347
v -1.617942 1.789428 0.464947
v -1.631042 1.793427 0.514847
v -1.593142 1.806827 0.410247
v -1.580342 1.811828 0.357147
v -1.589942 1.793228 0.362147
v -1.604942 1.791128 0.413047
v -1.562842 1.809428 0.310247
v -1.540442 1.798828 0.272647
v -1.547442 1.782728 0.277547
v -1.571142 1.791027 0.315447
v -1.518342 1.782828 0.244247
v -1.497842 1.764027 0.221947
v -1.506542 1.751928 0.226347
v -1.525842 1.768927 0.249047
v -1.479242 1.744927 0.203847
v -1.463042 1.727228 0.186147
v -1.473942 1.715827 0.188547
v -1.489142 1.733727 0.206847
v -1.433742 1.697527 0.150047
v -1.448242 1.711528 0.168247
v -1.444742 1.684728 0.153347
v -1.459542 1.699427 0.170747
v -1.414142 1.659828 0.113147
v -1.429342 1.672528 0.134547
v -1.418842 1.685227 0.131147
v -1.403442 1.672427 0.110247
v -1.386042 1.655827 0.088047
v -1.366042 1.635427 0.068047
v -1.377642 1.622827 0.071247
v -1.397342 1.642927 0.090747
v -1.344242 1.612227 0.052147
v -1.321042 1.587727 0.038447
v -1.333642 1.578227 0.042747
v -1.356542 1.601027 0.055947
v -1.659742 1.760427 0.552447
v -1.653142 1.782228 0.556147
v -1.638742 1.773827 0.514447
v -1.644142 1.751228 0.514347
v -1.624042 1.767828 0.467847
v -1.627542 1.744227 0.471347
v -1.613242 1.742728 0.424047
v -1.614142 1.720928 0.429247
v -1.630242 1.723627 0.474247
v -1.599742 1.719727 0.382647
v -1.599242 1.742527 0.376047
v -1.610742 1.767728 0.418247
v -1.596242 1.768728 0.368747
v -1.582442 1.739628 0.330847
v -1.581642 1.716227 0.339847
v -1.562042 1.709428 0.304847
v -1.561042 1.733127 0.294547
v -1.578242 1.766427 0.322547
v -1.554842 1.759327 0.285347
v -1.534142 1.747127 0.258247
v -1.517242 1.731428 0.235947
v -1.528142 1.707628 0.247447
v -1.542842 1.722028 0.268447
v -1.487742 1.696428 0.198147
v -1.502242 1.714127 0.215947
v -1.500142 1.674328 0.211947
v -1.514242 1.691227 0.228647
v -1.470042 1.643227 0.180647
v -1.485342 1.657927 0.196747
v -1.472742 1.679727 0.181947
v -1.458042 1.664927 0.164847
v -1.437542 1.618527 0.140247
v -1.453842 1.630827 0.161847
v -1.443442 1.652927 0.144947
v -1.428442 1.640427 0.122847
v -1.402942 1.587427 0.095547
v -1.420742 1.604028 0.116547
v -1.411842 1.624527 0.099747
v -1.391742 1.605627 0.080447
v -1.678342 1.747229 0.577647
v -1.683842 1.726427 0.568447
v -1.707142 1.734028 0.593747
v -1.672142 1.768227 0.584447
v -1.690442 1.753027 0.604847
v -1.685042 1.773528 0.616447
v -1.664942 1.740528 0.548847
v -1.665442 1.789328 0.591147
v -1.679942 1.793929 0.625947
v -1.648342 1.731429 0.514047
v -1.864542 1.567027 0.752347
v -1.848242 1.561528 0.748447
v -1.855042 1.548528 0.729947
v -1.875542 1.551628 0.731647
v -1.873142 1.533528 0.707447
v -1.855942 1.534727 0.710847
v -1.872842 1.589828 0.801147
v -1.879642 1.585129 0.785647
v -1.868142 1.576828 0.780147
v -1.859542 1.579129 0.795447
v -1.893142 1.546728 0.725447
v -1.906942 1.542828 0.726547
v -1.901942 1.535427 0.697547
v -1.887742 1.536427 0.701147
v -1.901442 1.557527 0.760047
v -1.889442 1.557228 0.748847
v -1.879042 1.568828 0.762347
v -1.890642 1.570928 0.773347
v -1.907742 1.549027 0.746347
v -1.897342 1.550628 0.741147
v -1.879442 1.600528 0.805847
v -1.886742 1.608328 0.811047
v -1.896142 1.597827 0.797647
v -1.887842 1.592129 0.791247
v -1.919542 1.541129 0.727647
v -1.915842 1.532228 0.697447
v -1.930942 1.532128 0.697147
v -1.932642 1.543229 0.727947
v -1.922142 1.565627 0.770547
v -1.911842 1.560529 0.766647
v -1.900042 1.576028 0.780247
v -1.909242 1.581128 0.786147
v -1.918242 1.550328 0.749547
v -1.929642 1.554228 0.751347
v -1.948942 1.536027 0.694147
v -1.948142 1.549628 0.727047
v -1.969842 1.551628 0.687247
v -1.965142 1.567928 0.723247
v -1.919442 1.615528 0.809447
v -1.906842 1.603729 0.803347
v -1.896742 1.613228 0.816747
v -1.906642 1.621928 0.821647
v -1.948642 1.591828 0.773947
v -1.934442 1.574129 0.772747
v -1.921142 1.588727 0.790447
v -1.935142 1.604329 0.794147
v -1.942942 1.562027 0.752047
v -1.958242 1.580428 0.750747
v -1.910942 1.664227 0.824347
v -1.914242 1.642828 0.825347
v -1.931842 1.644228 0.813247
v -1.921642 1.684628 0.806247
v -1.902942 1.674228 0.824147
v -1.896942 1.693828 0.813747
v -1.981742 1.606529 0.714847
v -1.987642 1.589728 0.673847
v -1.986642 1.637028 0.653247
v -1.982542 1.655928 0.698047
v -1.948942 1.672328 0.750747
v -1.961842 1.628727 0.770447
v -1.949442 1.638428 0.793847
v -1.941542 1.684129 0.778747
v -1.972442 1.618628 0.745047
v -1.966342 1.666027 0.728047
v -1.869042 1.727127 0.789147
v -1.833442 1.750327 0.755847
v -1.852642 1.760727 0.741147
v -1.893742 1.732929 0.774847
v -1.907142 1.741427 0.636347
v -1.912542 1.724128 0.592447
v -1.961642 1.686327 0.624247
v -1.956142 1.706128 0.670047
v -1.868742 1.760027 0.716747
v -1.912342 1.728827 0.750847
v -1.918142 1.711828 0.722947
v -1.877542 1.746027 0.691147
v -1.937642 1.711128 0.700847
v -1.892242 1.743728 0.667547
v -1.753842 1.761427 0.695047
v -1.776042 1.750028 0.737147
v -1.765042 1.753027 0.752147
v -1.730442 1.769527 0.694647
v -1.777942 1.766127 0.698647
v -1.789342 1.753528 0.729747
v -1.787442 1.749429 0.579747
v -1.786542 1.733827 0.547847
v -1.849742 1.741127 0.562447
v -1.847042 1.756527 0.601647
v -1.808042 1.758828 0.731047
v -1.812142 1.769428 0.713647
v -1.743042 1.760828 0.651347
v -1.743242 1.753127 0.615547
v -1.718542 1.754628 0.644347
v -1.781142 1.767228 0.630747
v -1.776742 1.771928 0.663347
v -1.702542 1.759327 0.635147
v -1.703142 1.776029 0.653747
v -1.744242 1.737227 0.578947
v -1.742142 1.720928 0.552747
v -1.711542 1.710128 0.559947
v -1.753142 1.748927 0.596747
v -1.787342 1.759128 0.605947
v -1.690342 1.707428 0.553247
v -1.838942 1.761729 0.632447
v -1.829942 1.767128 0.657847
v -1.821142 1.774328 0.686347
v -1.699642 1.794729 0.668347
v -1.694042 1.811728 0.677847
v -1.721242 1.784228 0.718247
v -1.710342 1.801927 0.737047
v -1.687142 1.824627 0.681647
v -1.697742 1.819027 0.728847
v -1.815942 1.754029 1.011647
v -1.833242 1.729527 1.011747
v -1.844642 1.737628 1.037847
v -1.826142 1.759727 1.041647
v -1.824542 1.726328 0.984647
v -1.806442 1.752828 0.982547
v -1.795742 1.755928 0.954847
v -1.816942 1.725728 0.958447
v -1.813042 1.725129 0.931047
v -1.784042 1.765429 0.922147
v -1.787442 1.760229 0.882947
v -1.816942 1.723129 0.900247
v -1.825442 1.720628 0.871647
v -1.787142 1.762128 0.838647
v -1.799242 1.748328 0.815447
v -1.835042 1.717329 0.849247
v -1.753342 1.763728 0.770947
v -1.742642 1.776029 0.787647
v -1.757442 1.812027 0.887447
v -1.752942 1.813628 0.850547
v -1.764242 1.788728 0.865747
v -1.768242 1.792629 0.899847
v -1.752442 1.785427 0.827947
v -1.736842 1.811427 0.810947
v -1.735442 1.787328 0.797247
v -1.719742 1.807528 0.776747
v -1.713342 1.825428 0.765747
v -1.733342 1.833928 0.799347
v -1.745542 1.831629 0.842647
v -1.749142 1.826427 0.882847
v -1.687442 1.302927 1.602547
v -1.678242 1.317327 1.631147
v -1.678342 1.344028 1.603647
v -1.690842 1.331228 1.577447
v -1.702242 1.268528 1.527047
v -1.697342 1.285728 1.567647
v -1.709142 1.314229 1.539047
v -1.724042 1.294329 1.496747
v -1.722542 1.276628 1.459047
v -1.707242 1.270729 1.423647
v -1.684942 1.258327 1.439747
v -1.696842 1.258129 1.483447
v -1.691842 1.272928 1.386647
v -1.689842 1.263429 1.342647
v -1.674342 1.240427 1.355547
v -1.674642 1.256029 1.398747
v -1.695842 1.245728 1.288047
v -1.703742 1.227828 1.229347
v -1.695442 1.198529 1.245747
v -1.683742 1.219128 1.302747
v -1.713742 1.214828 1.174747
v -1.717142 1.203629 1.125547
v -1.695942 1.182729 1.139047
v -1.699942 1.187129 1.189547
v -1.704442 1.194828 1.085847
v -1.692042 1.180629 1.053447
v -1.679542 1.165029 1.065647
v -1.686642 1.177829 1.098247
v -1.676542 1.137828 1.000247
v -1.683442 1.160928 1.025447
v -1.675042 1.146129 1.038947
v -1.670342 1.123628 1.015347
v -1.662542 1.082428 0.950647
v -1.670842 1.111928 0.976247
v -1.664042 1.098228 0.992247
v -1.654742 1.069128 0.967547
v -1.648142 1.048629 0.920547
v -1.625042 1.012728 0.887647
v -1.640642 1.035928 0.938847
v -1.620142 0.998628 0.906647
v -1.550442 0.939927 0.815547
v -1.591942 0.976328 0.853647
v -1.590542 0.959329 0.870247
v -1.550642 0.924628 0.825747
v -1.658742 1.202329 1.310747
v -1.649142 1.226429 1.361347
v -1.669042 1.184927 1.254247
v -1.635242 1.187727 1.256647
v -1.623342 1.205328 1.309247
v -1.614242 1.228428 1.358347
v -1.671642 1.177527 1.199447
v -1.669242 1.173528 1.150247
v -1.637042 1.170028 1.159947
v -1.638842 1.177428 1.206147
v -1.663842 1.167228 1.109347
v -1.658542 1.154829 1.076147
v -1.628242 1.149029 1.085847
v -1.633042 1.161528 1.119547
v -1.654042 1.138029 1.049247
v -1.623842 1.133327 1.058547
v -1.648742 1.117228 1.026147
v -1.618042 1.114327 1.035747
v -1.630342 1.064628 0.981647
v -1.641242 1.092227 1.004847
v -1.609142 1.091329 1.015847
v -1.596742 1.067627 0.992947
v -1.594642 0.997329 0.924547
v -1.615742 1.032829 0.955147
v -1.560142 1.015229 0.930247
v -1.581042 1.042529 0.964647
v -1.530842 0.919728 0.843747
v -1.565242 0.958728 0.888947
v -1.531942 0.981429 0.891447
v -1.500342 0.940729 0.847647
v -1.585742 1.092528 0.518547
v -1.575342 1.112828 0.519547
v -1.552042 1.099227 0.470447
v -1.558942 1.080228 0.469747
v -1.523142 1.014529 0.451547
v -1.507142 1.005328 0.465647
v -1.493442 1.003727 0.436447
v -1.507242 1.013227 0.422847
v -1.483942 1.002128 0.453947
v -1.489142 1.003827 0.478747
v -1.528842 1.044427 0.419547
v -1.519642 1.029127 0.416647
v -1.534542 1.030928 0.442647
v -1.540042 1.050028 0.437547
v -1.565242 1.145028 0.518647
v -1.535842 1.133828 0.468047
v -1.545042 1.115127 0.470647
v -1.564442 1.127728 0.520547
v -1.513242 1.073027 0.410347
v -1.522442 1.055827 0.411047
v -1.539742 1.069127 0.433447
v -1.534342 1.087627 0.432347
v -1.475342 1.035127 0.406647
v -1.490242 1.018227 0.403047
v -1.506642 1.037728 0.400847
v -1.492942 1.053627 0.401347
v -1.470542 1.008128 0.449147
v -1.475542 1.007327 0.420947
v -1.464242 1.024028 0.427747
v -1.462542 1.020728 0.451147
v -1.487942 1.034428 0.640847
v -1.495242 1.035928 0.690047
v -1.465442 1.045128 0.685647
v -1.459542 1.050527 0.640547
v -1.466742 1.022727 0.716747
v -1.497742 1.030527 0.729047
v -1.498042 0.996427 0.746347
v -1.464342 0.980029 0.722947
v -1.466342 0.937427 0.714447
v -1.499842 0.959728 0.751447
v -1.503942 0.934927 0.756147
v -1.506142 0.916928 0.762347
v -1.473142 0.908128 0.709347
v -1.477142 0.885328 0.711547
v -1.476342 0.865328 0.719147
v -1.505942 0.901927 0.768647
v -1.504942 0.889727 0.774647
v -1.473242 0.849227 0.729147
v -1.462042 0.839527 0.745547
v -1.494342 0.879228 0.790047
v -1.442342 0.849927 0.757047
v -1.469542 0.892427 0.798647
v -1.401442 0.832427 0.717947
v -1.420542 0.829728 0.731647
v -1.435542 0.817327 0.715947
v -1.413242 0.819628 0.696147
v -1.450142 0.822328 0.695747
v -1.429442 0.816528 0.681547
v -1.453842 0.842927 0.680547
v -1.423142 0.834328 0.668247
v -1.452242 0.868527 0.671947
v -1.417942 0.861028 0.662247
v -1.395842 0.860028 0.680647
v -1.401642 0.837228 0.684447
v -1.390342 0.846928 0.706947
v -1.387042 0.861527 0.699047
v -1.413042 0.922327 0.683947
v -1.413442 0.888828 0.665347
v -1.446542 0.895428 0.673147
v -1.439742 0.927728 0.686147
v -1.395742 0.850727 0.740247
v -1.411042 0.844027 0.744347
v -1.421542 0.865328 0.767947
v -1.397142 0.879328 0.771247
v -1.391042 0.918328 0.700647
v -1.391642 0.884628 0.685947
v -1.382442 0.878928 0.710247
v -1.380042 0.910828 0.728547
v -1.384042 0.865027 0.728447
v -1.381442 0.896627 0.754747
v -1.637142 1.462828 0.414547
v -1.627542 1.456628 0.371047
v -1.598942 1.440627 0.386547
v -1.605642 1.447327 0.428847
v -1.692442 1.410528 0.298247
v -1.679642 1.392028 0.257447
v -1.644542 1.414527 0.275147
v -1.654942 1.432628 0.312947
v -1.625742 1.389227 0.208347
v -1.635542 1.402027 0.243147
v -1.668842 1.379827 0.220947
v -1.657942 1.368428 0.181447
v -1.580142 1.421428 0.391747
v -1.582142 1.427128 0.434547
v -1.591342 1.391027 0.421647
v -1.589242 1.387527 0.381247
v -1.621342 1.436427 0.330447
v -1.614642 1.418929 0.293047
v -1.593242 1.410528 0.306547
v -1.597442 1.425128 0.345147
v -1.606942 1.405928 0.261847
v -1.596442 1.394227 0.227647
v -1.575142 1.385027 0.239747
v -1.585442 1.398527 0.274147
v -1.584542 1.408128 0.350347
v -1.592442 1.377327 0.341847
v -1.586842 1.392728 0.311747
v -1.590942 1.364228 0.304147
v -1.612442 1.339328 0.347547
v -1.620542 1.344027 0.385747
v -1.627342 1.284428 0.358947
v -1.610442 1.281628 0.319847
v -1.566942 1.366427 0.243747
v -1.581642 1.378827 0.277947
v -1.585642 1.351228 0.269247
v -1.568242 1.340227 0.236047
v -1.597442 1.246027 0.315647
v -1.619142 1.247628 0.355547
v -1.602042 1.229927 0.363447
v -1.581042 1.226427 0.322447
v -1.592942 1.320028 0.280047
v -1.603842 1.330027 0.312547
v -1.594942 1.277128 0.287547
v -1.580742 1.273127 0.259147
v -1.563242 1.306527 0.218447
v -1.581142 1.311727 0.248947
v -1.566842 1.271228 0.231347
v -1.549142 1.273027 0.204047
v -1.554942 1.226928 0.334747
v -1.574942 1.235127 0.375447
v -1.529942 1.238928 0.343147
v -1.548942 1.251529 0.384147
v -1.565742 1.240628 0.254747
v -1.580042 1.243028 0.283347
v -1.564942 1.222028 0.288247
v -1.551842 1.217927 0.257247
v -1.533542 1.248328 0.199947
v -1.551542 1.242028 0.226647
v -1.537342 1.220827 0.226647
v -1.518442 1.231627 0.199247
v -1.523842 1.253428 0.390247
v -1.507142 1.231227 0.393547
v -1.509342 1.231529 0.346947
v -1.491342 1.210328 0.348647
v -1.542042 1.216428 0.298547
v -1.531542 1.208628 0.263747
v -1.510142 1.212528 0.268147
v -1.519242 1.222827 0.305047
v -1.500342 1.225027 0.199747
v -1.518442 1.211528 0.229647
v -1.481442 1.217927 0.198047
v -1.498642 1.210828 0.232247
v -1.492542 1.198528 0.268047
v -1.502142 1.210627 0.307047
v -1.481742 1.189728 0.307647
v -1.471142 1.175527 0.268147
v -1.480242 1.195527 0.230047
v -1.457842 1.169927 0.228647
v -1.465542 1.197227 0.190347
v -1.442342 1.169127 0.185047
v -1.930142 1.608528 1.126547
v -1.928242 1.625429 1.154547
v -1.928942 1.598829 1.144947
v -1.918842 1.622229 1.185347
v -1.930242 1.630028 1.136547
v -1.927742 1.616428 1.112347
v -1.930242 1.635427 1.125847
v -1.922342 1.624429 1.106847
v -1.927542 1.641428 1.118747
v -1.917242 1.632028 1.104047
v -1.945842 1.653028 1.131147
v -1.938642 1.646327 1.125047
v -1.940442 1.640929 1.134847
v -1.947742 1.647829 1.141447
v -1.939842 1.636127 1.148347
v -1.947642 1.643329 1.155547
v -1.913042 1.639928 1.096847
v -1.921842 1.647828 1.110547
v -1.912942 1.655228 1.100847
v -1.908142 1.645828 1.088547
v -1.904042 1.653229 1.082147
v -1.904542 1.647928 1.080447
v -1.933842 1.652529 1.116147
v -1.942442 1.658828 1.122747
v -1.938342 1.666327 1.115247
v -1.928342 1.660228 1.107847
v -1.909642 1.678128 1.085747
v -1.905742 1.670928 1.070547
v -1.905042 1.660327 1.078047
v -1.911142 1.666028 1.093947
v -1.923642 1.670429 1.100847
v -1.933142 1.676429 1.108847
v -1.927542 1.690428 1.103647
v -1.919242 1.684227 1.094247
v -1.904642 1.695629 1.078747
v -1.900842 1.686528 1.063147
v -1.893242 1.702528 1.056947
v -1.897842 1.713428 1.073447
v -1.954442 1.666728 1.173347
v -1.952542 1.654829 1.164847
v -1.950042 1.652128 1.184547
v -1.951342 1.664829 1.192047
v -1.945142 1.639928 1.175747
v -1.939342 1.638628 1.202547
v -1.943842 1.651428 1.208947
v -1.945242 1.664528 1.213947
v -1.952342 1.673429 1.149847
v -1.950042 1.663128 1.140547
v -1.952042 1.658728 1.150647
v -1.954042 1.669729 1.159547
v -1.947042 1.683629 1.137647
v -1.944242 1.675029 1.126447
v -1.947442 1.668229 1.132847
v -1.950042 1.677628 1.142847
v -1.934242 1.697227 1.117147
v -1.939942 1.684528 1.120747
v -1.942742 1.691927 1.133347
v -1.937342 1.702827 1.131147
v -1.941442 1.675128 1.215147
v -1.946642 1.675029 1.195247
v -1.938642 1.682127 1.196347
v -1.934142 1.683128 1.214147
v -1.941442 1.682428 1.181147
v -1.949542 1.676128 1.178047
v -1.950042 1.678328 1.165747
v -1.942142 1.683728 1.170247
v -1.941442 1.686028 1.163047
v -1.949042 1.681427 1.157147
v -1.947442 1.684927 1.151447
v -1.939942 1.688828 1.158347
v -1.937042 1.692428 1.155047
v -1.944542 1.689429 1.147247
v -1.932842 1.697829 1.151847
v -1.940142 1.696028 1.143747
v -1.928042 1.705328 1.149847
v -1.935042 1.705027 1.141947
v -1.923142 1.715629 1.149947
v -1.930442 1.717028 1.142947
v -1.918342 1.727529 1.152647
v -1.927242 1.730129 1.148047
v -1.929342 1.732327 1.137447
v -1.932242 1.716828 1.131847
v -1.923842 1.742828 1.157047
v -1.921542 1.754128 1.171147
v -1.914442 1.740628 1.159147
v -1.911742 1.752128 1.171547
v -1.928342 1.758829 1.167347
v -1.928542 1.746727 1.149647
v -1.909342 1.759727 1.189947
v -1.919742 1.761528 1.190947
v -1.905242 1.763129 1.211247
v -1.916142 1.764627 1.213447
v -1.924942 1.770927 1.213547
v -1.928042 1.766928 1.189247
v -1.897042 1.763628 1.232247
v -1.907642 1.764928 1.235847
v -1.896942 1.761827 1.256947
v -1.887242 1.760529 1.252147
v -1.905242 1.767329 1.261147
v -1.916442 1.770928 1.237947
v -1.885442 1.756129 1.275647
v -1.877742 1.754428 1.269947
v -1.872542 1.742329 1.283147
v -1.877542 1.745429 1.290547
v -1.882542 1.751729 1.298747
v -1.893442 1.761229 1.281847
v -1.876242 1.731029 1.300247
v -1.877142 1.735828 1.310747
v -1.873542 1.728827 1.290847
v -1.878042 1.715929 1.294147
v -1.880442 1.716128 1.304347
v -1.880442 1.717628 1.316247
v -1.889342 1.703228 1.302747
v -1.889942 1.701329 1.314347
v -1.886342 1.705229 1.292547
v -1.902142 1.694129 1.294347
v -1.897142 1.697528 1.284947
v -1.904742 1.688729 1.305147
v -1.908742 1.691928 1.270247
v -1.915542 1.687229 1.278247
v -1.926542 1.680829 1.257447
v -1.919542 1.687728 1.251747
v -1.929842 1.670527 1.262947
v -1.919042 1.678627 1.287047
v -1.934642 1.676728 1.236047
v -1.927742 1.684628 1.232847
v -1.937742 1.666129 1.237847
v -1.902542 1.738528 1.158747
v -1.907042 1.724529 1.155347
v -1.894242 1.720928 1.156947
v -1.888742 1.735628 1.157547
v -1.885042 1.749828 1.167447
v -1.899442 1.751029 1.169947
v -1.896842 1.758728 1.187447
v -1.882542 1.757828 1.184247
v -1.878942 1.761229 1.203747
v -1.892942 1.762128 1.207847
v -1.871942 1.761729 1.222447
v -1.885142 1.762828 1.227747
v -1.876342 1.759928 1.246347
v -1.864142 1.759228 1.239947
v -1.868842 1.753428 1.262947
v -1.858542 1.752028 1.255147
v -1.856842 1.740229 1.265347
v -1.865742 1.741127 1.274347
v -1.867842 1.728428 1.280447
v -1.859242 1.727828 1.270047
v -1.864542 1.716629 1.271047
v -1.872542 1.716527 1.282747
v -1.880342 1.707028 1.281147
v -1.872542 1.708029 1.269147
v -1.881642 1.702127 1.263147
v -1.890042 1.700129 1.274547
v -1.910542 1.692229 1.209147
v -1.923342 1.688329 1.212047
v -1.917342 1.690228 1.228347
v -1.904842 1.694028 1.223047
v -1.909742 1.692528 1.245047
v -1.898342 1.696128 1.237547
v -1.890442 1.698328 1.251747
v -1.900142 1.695428 1.261447
v -1.869342 1.747329 1.165147
v -1.866842 1.756927 1.181047
v -1.853442 1.741328 1.167947
v -1.851142 1.753128 1.180347
v -1.863742 1.760628 1.199547
v -1.847942 1.757728 1.196647
v -1.843642 1.757529 1.212247
v -1.857642 1.760728 1.217147
v -1.838642 1.751529 1.226247
v -1.850742 1.757529 1.233747
v -1.846942 1.748929 1.247247
v -1.837042 1.743129 1.238047
v -1.838142 1.732429 1.244347
v -1.846942 1.737128 1.255947
v -1.847542 1.714628 1.245447
v -1.856042 1.715428 1.259047
v -1.850042 1.725528 1.259447
v -1.841842 1.722728 1.247447
v -1.864342 1.708127 1.256447
v -1.855942 1.708827 1.243447
v -1.863142 1.705429 1.237747
v -1.873142 1.703429 1.250847
v -1.869542 1.703328 1.230647
v -1.880442 1.700727 1.241047
v -1.886542 1.698928 1.229147
v -1.872842 1.702229 1.220947
v -1.931642 1.686429 1.184247
v -1.933142 1.687228 1.175047
v -1.920642 1.689628 1.186247
v -1.923642 1.689927 1.178247
v -1.925842 1.690527 1.172847
v -1.932742 1.688828 1.168747
v -1.834242 1.718928 1.206347
v -1.855742 1.707428 1.214047
v -1.856742 1.707027 1.221647
v -1.849942 1.709728 1.224247
v -1.833242 1.726529 1.228647
v -1.831742 1.735528 1.227447
v -1.830742 1.739327 1.217147
v -1.921342 1.692829 1.171247
v -1.930542 1.691328 1.164847
v -1.915942 1.696329 1.168647
v -1.926942 1.694528 1.161847
v -1.835442 1.743729 1.197947
v -1.840142 1.742928 1.186347
v -1.840542 1.731627 1.181247
v -1.834042 1.747028 1.208447
v -1.840242 1.715827 1.229147
v -1.836942 1.720929 1.233747
v -1.847442 1.711328 1.230647
v -1.877642 1.700727 1.212047
v -1.891742 1.697329 1.217147
v -1.880742 1.699829 1.202447
v -1.896942 1.695729 1.205547
v -1.860642 1.705929 1.201147
v -1.861942 1.705229 1.209047
v -1.852842 1.709928 1.183347
v -1.846842 1.720628 1.174847
v -1.859642 1.724529 1.162447
v -1.872742 1.709228 1.169047
v -1.928242 1.686828 1.197047
v -1.916042 1.690628 1.196647
v -1.908742 1.693428 1.185347
v -1.914442 1.693128 1.177847
v -1.896242 1.697829 1.182447
v -1.905642 1.697129 1.175047
v -1.902642 1.694427 1.194847
v -1.887342 1.698529 1.192047
v -1.910242 1.700928 1.165447
v -1.922542 1.699327 1.158947
v -1.917642 1.705828 1.156647
v -1.904842 1.706128 1.162047
v -1.900542 1.712229 1.159147
v -1.912442 1.714028 1.155447
v -1.883542 1.702628 1.177747
v -1.897142 1.701728 1.170747
v -1.891242 1.706327 1.165947
v -1.882042 1.716028 1.159547
v -1.890242 1.710428 1.161847
v -1.873842 1.730829 1.156447
v -1.869142 1.703629 1.189047
v -1.930642 1.629928 1.196647
v -1.937042 1.632328 1.168247
v -1.935942 1.652529 1.237947
v -1.931342 1.638728 1.237247
v -1.928242 1.656229 1.268847
v -1.923442 1.640629 1.274747
v -1.911442 1.649729 1.308147
v -1.917542 1.665228 1.297647
v -1.902942 1.679229 1.319247
v -1.896042 1.666829 1.333547
v -1.880142 1.691628 1.348847
v -1.887442 1.697927 1.330747
v -1.877642 1.719929 1.332947
v -1.867342 1.722528 1.356147
v -1.871242 1.753728 1.338747
v -1.875942 1.744128 1.324847
v -1.887842 1.763329 1.309947
v -1.890442 1.782228 1.324547
v -1.863242 1.762329 1.350147
v -1.879042 1.787428 1.344147
v -1.855642 1.739129 1.367847
v -1.909542 1.780828 1.263747
v -1.899542 1.774229 1.289147
v -1.903042 1.791728 1.295047
v -1.910342 1.797129 1.264747
v -1.918942 1.800229 1.234347
v -1.919242 1.784829 1.236747
v -1.927442 1.784627 1.209647
v -1.926542 1.799628 1.204747
v -1.929142 1.792629 1.176647
v -1.930542 1.778728 1.183547
v -1.929542 1.767427 1.159347
v -1.925942 1.778327 1.150647
v -1.927742 1.713829 1.116547
v -1.924642 1.732728 1.121847
v -1.915042 1.733129 1.101947
v -1.921142 1.709128 1.100547
v -1.913342 1.703228 1.088847
v -1.905642 1.722127 1.085847
v -1.920542 1.758129 1.125747
v -1.926442 1.751328 1.137447
v -1.891042 1.727427 1.070347
v -1.885742 1.715629 1.052947
v -1.874042 1.729629 1.054247
v -1.881842 1.741928 1.073347
v -1.897642 1.736228 1.084747
v -1.890442 1.750927 1.089147
v -1.904842 1.747828 1.099947
v -1.898042 1.757529 1.101047
v -1.870742 1.762928 1.084347
v -1.856742 1.749629 1.062947
v -1.840842 1.770828 1.070547
v -1.859742 1.784328 1.095047
v -1.898342 1.774328 1.115747
v -1.884842 1.771929 1.102647
v -1.878242 1.792529 1.117147
v -1.898142 1.798528 1.140947
v -1.915342 1.788928 1.145747
v -1.910342 1.767527 1.121247
v -1.910942 1.821928 1.197347
v -1.908942 1.814029 1.168947
v -1.920442 1.804628 1.171547
v -1.919042 1.811327 1.200947
v -1.912442 1.812728 1.231847
v -1.906742 1.812428 1.264147
v -1.906042 1.827229 1.261647
v -1.908342 1.825129 1.228747
v -1.895242 1.808527 1.325447
v -1.903642 1.811229 1.298247
v -1.899142 1.829429 1.293447
v -1.887342 1.805529 1.341147
v -1.895942 1.843729 1.278847
v -1.905142 1.840029 1.254347
v -1.895242 1.855729 1.255247
v -1.903342 1.849529 1.243847
v -1.906642 1.852028 1.219847
v -1.909742 1.838428 1.223347
v -1.910442 1.835528 1.191647
v -1.908942 1.855029 1.180647
v -1.896242 1.866228 1.222947
v -1.895542 1.876428 1.186547
v -1.901042 1.841629 1.154947
v -1.902142 1.827029 1.166147
v -1.879142 1.831228 1.140347
v -1.884842 1.815228 1.146747
v -1.890742 1.888927 1.151247
v -1.884742 1.901829 1.122447
v -1.892842 1.888129 1.116447
v -1.901942 1.871428 1.144647
v -1.883942 1.908428 1.097047
v -1.880742 1.913728 1.105447
v -1.875742 1.924727 1.101747
v -1.873342 1.929929 1.098947
v -1.875242 1.894228 1.088547
v -1.883542 1.871027 1.108647
v -1.859942 1.884928 1.093347
v -1.858842 1.861527 1.111047
v -1.894242 1.854028 1.132847
v -1.870942 1.845329 1.126247
v -1.845842 1.867028 1.107147
v -1.850442 1.879629 1.098647
v -1.848642 1.890028 1.093547
v -1.849142 1.897828 1.089347
v -1.835942 1.855829 1.106247
v -1.828542 1.852229 1.087447
v -1.832742 1.843228 1.087947
v -1.842442 1.848527 1.108647
v -1.781042 1.830828 0.912147
v -1.780542 1.847628 0.913147
v -1.759142 1.834628 0.911447
v -1.765542 1.820228 0.910947
v -1.801542 1.854228 0.923647
v -1.801642 1.857028 0.929847
v -1.797142 1.872028 0.927747
v -1.796042 1.864928 0.918747
v -1.799642 1.871629 0.940447
v -1.802942 1.856928 0.940247
v -1.793942 1.822528 0.913547
v -1.797442 1.845428 0.913247
v -1.804342 1.838829 0.923247
v -1.807242 1.812829 0.927247
v -1.792942 1.791327 0.928647
v -1.779942 1.805027 0.914947
v -1.804942 1.838529 0.931847
v -1.808642 1.820729 0.937947
v -1.808042 1.826028 0.944347
v -1.805642 1.839427 0.941547
v -1.817042 1.788828 0.974647
v -1.812542 1.797029 0.949647
v -1.802942 1.780427 0.950547
v -1.810142 1.773828 0.977847
v -1.806442 1.864428 0.979247
v -1.803042 1.868927 0.957847
v -1.805342 1.854028 0.955547
v -1.808242 1.849627 0.975247
v -1.813342 1.813329 0.974047
v -1.810442 1.819229 0.955247
v -1.812342 1.808429 0.952747
v -1.815842 1.800928 0.974047
v -1.807642 1.836028 0.955447
v -1.810342 1.831128 0.974047
v -1.815642 1.842428 1.026647
v -1.814342 1.854928 1.030447
v -1.809742 1.859228 1.003447
v -1.811342 1.845428 0.998847
v -1.821342 1.788628 1.033247
v -1.819942 1.785828 1.002847
v -1.815442 1.772727 1.007447
v -1.819742 1.776829 1.039147
v -1.821142 1.852427 1.060647
v -1.823042 1.841429 1.058847
v -1.868542 1.807827 1.123347
v -1.849442 1.799228 1.098547
v -1.858942 1.821928 1.121747
v -1.839542 1.812727 1.092247
v -1.819342 1.810328 1.026947
v -1.815842 1.810529 0.998247
v -1.818442 1.797729 1.000047
v -1.820742 1.798229 1.027247
v -1.830642 1.786628 1.071247
v -1.827342 1.797128 1.064147
v -1.826342 1.812528 1.059047
v -1.824842 1.802129 1.052347
v -1.850842 1.836627 1.114647
v -1.837442 1.830229 1.091047
v -1.825142 1.826928 1.059747
v -1.817242 1.826329 1.026147
v -1.813142 1.827827 0.997547
v -1.906242 1.574829 1.175347
v -1.921942 1.586228 1.163547
v -1.903242 1.608929 1.201547
v -1.889042 1.597628 1.213347
v -1.861642 1.566728 1.179947
v -1.887042 1.568228 1.176347
v -1.871442 1.588629 1.214347
v -1.856742 1.582428 1.207147
v -1.902942 1.627028 1.234247
v -1.909342 1.629228 1.277047
v -1.920442 1.628929 1.235347
v -1.891442 1.623929 1.277147
v -1.877742 1.627128 1.313947
v -1.896142 1.636428 1.313447
v -1.881742 1.652627 1.343747
v -1.862442 1.639628 1.346347
v -1.865842 1.680829 1.365847
v -1.852242 1.708729 1.377547
v -1.844942 1.666628 1.373147
v -1.846842 1.725229 1.381247
v -1.873742 1.607028 1.245647
v -1.889142 1.617429 1.240347
v -1.857342 1.612728 1.272447
v -1.875142 1.618227 1.276747
v -1.837142 1.592628 1.224247
v -1.854342 1.599728 1.241247
v -1.836042 1.609329 1.260247
v -1.813742 1.605528 1.239747
v -1.858842 1.622628 1.308647
v -1.820742 1.631428 1.319047
v -1.841242 1.632029 1.337947
v -1.839342 1.620429 1.296847
v -1.822142 1.651129 1.366047
v -1.801942 1.645627 1.340447
v -1.827242 1.578129 1.194847
v -1.818742 1.559129 1.162247
v -1.772842 1.582929 1.181147
v -1.792542 1.596428 1.211947
v -1.806642 1.542727 1.133447
v -1.793842 1.529129 1.106247
v -1.741942 1.556329 1.117847
v -1.756042 1.568727 1.149847
v -1.771342 1.504228 1.056747
v -1.782142 1.515628 1.080747
v -1.730042 1.545527 1.086147
v -1.720242 1.537428 1.055947
v -1.731242 1.478228 0.951647
v -1.734042 1.481128 0.964847
v -1.682942 1.523427 0.950147
v -1.681842 1.519928 0.935847
v -1.686342 1.524928 0.965647
v -1.738242 1.483428 0.978647
v -1.728942 1.466928 0.919747
v -1.729742 1.473829 0.936947
v -1.678942 1.503127 0.904447
v -1.681042 1.513428 0.919947
v -1.630142 1.543528 0.912447
v -1.624142 1.531227 0.901347
v -1.634442 1.551628 0.926247
v -1.669142 1.470628 0.879547
v -1.674142 1.489028 0.891547
v -1.726942 1.455328 0.900947
v -1.723442 1.437127 0.882947
v -1.609342 1.501128 0.883447
v -1.616842 1.517427 0.892647
v -1.722542 1.414829 0.862847
v -1.721042 1.392828 0.839647
v -1.663242 1.423728 0.849047
v -1.666342 1.447428 0.865347
v -1.602142 1.480729 0.871947
v -1.594242 1.459329 0.859347
v -1.713042 1.370628 0.817647
v -1.702342 1.348029 0.810047
v -1.645642 1.380728 0.826647
v -1.655942 1.401628 0.834147
v -1.752742 1.490929 1.013747
v -1.761542 1.496428 1.034347
v -1.711442 1.530728 1.029447
v -1.702842 1.526428 1.005947
v -1.744542 1.486527 0.995247
v -1.693642 1.525028 0.984447
v -1.637142 1.555027 0.940247
v -1.641142 1.555727 0.956647
v -1.676042 1.561728 1.058147
v -1.686742 1.565729 1.093147
v -1.700342 1.573429 1.129547
v -1.657242 1.554528 1.002347
v -1.666342 1.557328 1.028547
v -1.648242 1.554728 0.977847
v -1.738542 1.601027 1.195047
v -1.765442 1.612228 1.223947
v -1.748542 1.625028 1.234747
v -1.775742 1.628829 1.262547
v -1.793042 1.617828 1.251747
v -1.817542 1.619928 1.276947
v -1.799542 1.631227 1.292147
v -1.782742 1.643128 1.307047
v -1.762842 1.638927 1.273847
v -1.744442 1.634629 1.248147
v -1.717142 1.586328 1.163847
v -1.690342 1.450229 1.400947
v -1.695142 1.439929 1.379747
v -1.709642 1.439229 1.391147
v -1.703642 1.453429 1.415847
v -1.716442 1.424829 1.357047
v -1.699642 1.428627 1.349947
v -1.723142 1.406128 1.317447
v -1.705142 1.412528 1.313947
v -1.708642 1.394228 1.277447
v -1.727042 1.386029 1.278047
v -1.726142 1.369128 1.243847
v -1.707142 1.378028 1.245347
v -1.701942 1.364128 1.216147
v -1.721642 1.354429 1.213147
v -1.715042 1.342528 1.183247
v -1.693942 1.352628 1.188347
v -1.702142 1.335029 1.147847
v -1.677142 1.345027 1.155347
v -1.683442 1.459629 1.412347
v -1.696342 1.465929 1.429247
v -1.678042 1.443529 1.390347
v -1.670742 1.447528 1.402347
v -1.660142 1.431329 1.393247
v -1.668842 1.434228 1.384947
v -1.668242 1.426028 1.370647
v -1.681442 1.435928 1.371847
v -1.683742 1.425029 1.346347
v -1.667942 1.414428 1.347747
v -1.672642 1.387128 1.286547
v -1.690742 1.392928 1.280947
v -1.687742 1.409829 1.314347
v -1.670242 1.401628 1.317947
v -1.666842 1.363129 1.229947
v -1.684142 1.365728 1.222347
v -1.689342 1.377828 1.250647
v -1.671442 1.374729 1.257147
v -1.658142 1.348628 1.164947
v -1.675742 1.354429 1.195947
v -1.658342 1.354629 1.203747
v -1.641842 1.351828 1.175047
v -1.651642 1.414927 1.376647
v -1.646642 1.403628 1.352247
v -1.629242 1.385427 1.294247
v -1.651142 1.382128 1.291847
v -1.648042 1.392629 1.322847
v -1.625942 1.394428 1.321247
v -1.611742 1.392928 1.295747
v -1.613442 1.398128 1.315247
v -1.625742 1.369828 1.242947
v -1.647142 1.363428 1.236447
v -1.651042 1.373127 1.262947
v -1.629342 1.376729 1.268247
v -1.603342 1.383028 1.250847
v -1.608442 1.387228 1.274147
v -1.618242 1.367028 1.218147
v -1.639042 1.358129 1.210847
v -1.624742 1.358129 1.184147
v -1.606442 1.368628 1.192447
v -1.586142 1.383327 1.200447
v -1.596142 1.382028 1.226647
v -1.570542 1.382028 1.172447
v -1.555342 1.377728 1.145447
v -1.571842 1.371529 1.146047
v -1.587842 1.370929 1.165047
v -1.573242 1.366328 1.130147
v -1.601242 1.362228 1.153947
v -1.613142 1.355329 1.140047
v -1.578142 1.359828 1.110647
v -1.547242 1.371727 1.121447
v -1.543742 1.364828 1.098047
v -1.585242 1.352528 1.089147
v -1.625942 1.349228 1.124547
v -1.645242 1.341928 1.110747
v -1.601942 1.341028 1.056747
v -1.676842 1.331228 1.102047
v -1.655542 1.325529 1.050047
v -1.542042 1.357828 1.073147
v -1.542042 1.351428 1.040647
v -1.656542 1.318228 0.993947
v -1.606842 1.336028 0.996047
v -1.618442 1.338328 0.942747
v -1.669042 1.316828 0.937847
v -1.548142 1.355227 0.946647
v -1.544242 1.349228 0.995147
v -1.678342 1.320629 0.886647
v -1.624442 1.342428 0.896047
v -1.628342 1.348927 0.859047
v -1.683042 1.323028 0.846147
v -1.691542 1.331528 0.820647
v -1.634942 1.361328 0.834047
v -1.551842 1.375129 0.868347
v -1.550442 1.365028 0.904247
v -1.584042 1.438928 0.847847
v -1.571642 1.417727 0.839847
v -1.558342 1.393328 0.843247
v -1.547842 1.159727 0.481647
v -1.577142 1.161427 0.518847
v -1.510242 1.217028 0.440547
v -1.540142 1.216527 0.467547
v -1.520342 1.193427 0.475147
v -1.485342 1.194528 0.451647
v -1.465842 1.181027 0.351847
v -1.482242 1.205027 0.398247
v -1.460942 1.174528 0.407647
v -1.445342 1.147427 0.360147
v -1.442042 1.145528 0.272447
v -1.454242 1.160327 0.311147
v -1.431642 1.126529 0.319447
v -1.417042 1.110827 0.280947
v -1.412942 1.131927 0.184647
v -1.428342 1.136328 0.232447
v -1.401642 1.097728 0.240147
v -1.385142 1.089827 0.189747
v -1.523042 1.104228 0.438047
v -1.504342 1.117227 0.454747
v -1.484142 1.100428 0.451847
v -1.500042 1.088027 0.424247
v -1.481842 1.068528 0.419147
v -1.470642 1.080328 0.448747
v -1.463342 1.065028 0.449647
v -1.467542 1.051728 0.426147
v -1.505842 1.169029 0.480247
v -1.468242 1.172928 0.466647
v -1.454042 1.156927 0.487547
v -1.492742 1.147228 0.482447
v -1.447442 1.150328 0.425047
v -1.433042 1.121628 0.376647
v -1.426242 1.098828 0.398447
v -1.437542 1.130127 0.447847
v -1.417642 1.098527 0.334447
v -1.400842 1.078927 0.294147
v -1.407942 1.073727 0.353747
v -1.389342 1.050128 0.310947
v -1.364242 1.050527 0.202447
v -1.383042 1.061128 0.251747
v -1.343942 1.018127 0.223547
v -1.369442 1.027927 0.267347
v -1.251642 0.958728 0.282347
v -1.282042 0.981327 0.232747
v -1.241042 0.959927 0.217847
v -1.213142 0.937427 0.269547
v -1.285442 0.975128 0.303847
v -1.316442 0.994727 0.259547
v -1.311642 1.013028 0.182647
v -1.265242 1.002128 0.150847
v -1.316142 0.991628 0.330747
v -1.347142 1.007727 0.292147
v -1.373542 1.026428 0.331247
v -1.346042 1.009827 0.361447
v -1.369642 1.032627 0.406247
v -1.393842 1.051927 0.375547
v -1.412242 1.080027 0.422747
v -1.388542 1.063128 0.454447
v -1.460542 1.031428 0.477947
v -1.470542 1.014627 0.485147
v -1.472342 1.020927 0.530447
v -1.456342 1.052627 0.526447
v -1.457142 1.061628 0.478747
v -1.459042 1.040927 0.452247
v -1.455542 1.053327 0.588447
v -1.478242 1.025928 0.585347
v -1.458142 1.086927 0.493147
v -1.463242 1.111828 0.496647
v -1.430542 1.125628 0.552447
v -1.447542 1.089329 0.544947
v -1.474842 1.130127 0.488247
v -1.443042 1.142928 0.511747
v -1.403442 1.100528 0.506547
v -1.423842 1.114128 0.474047
v -1.421042 1.108827 0.608947
v -1.438342 1.083328 0.597047
v -1.437942 1.072328 0.645947
v -1.419042 1.098527 0.654447
v -1.419542 0.969727 0.714547
v -1.437042 0.972628 0.714247
v -1.442942 1.024228 0.717447
v -1.415642 1.036727 0.725047
v -1.442142 1.056228 0.688147
v -1.419842 1.077528 0.696047
v -1.395742 0.968027 0.725847
v -1.383542 0.960227 0.755747
v -1.395142 1.025328 0.753447
v -1.389942 1.016727 0.785247
v -1.398942 1.006428 0.820247
v -1.387742 0.947128 0.788847
v -1.406642 0.928627 0.812647
v -1.424342 0.997427 0.859347
v -1.439842 0.910528 0.808547
v -1.465242 0.964028 0.853647
v -1.495142 1.005827 0.896147
v -1.457942 1.033728 0.907047
v -1.522942 1.037729 0.935347
v -1.484342 1.061528 0.944047
v -1.516042 1.099728 1.003947
v -1.557442 1.082229 0.998747
v -1.542942 1.062228 0.969747
v -1.502842 1.082929 0.976447
v -1.568842 1.099227 1.022847
v -1.526242 1.113428 1.026547
v -1.533942 1.125728 1.048247
v -1.577542 1.115027 1.044747
v -1.539542 1.137928 1.073147
v -1.583442 1.129827 1.068747
v -1.587942 1.143827 1.096747
v -1.544142 1.150527 1.102347
v -1.548942 1.163527 1.136247
v -1.592342 1.156229 1.130547
v -1.595942 1.167428 1.169847
v -1.553642 1.177927 1.173547
v -1.558742 1.196329 1.211147
v -1.598242 1.182328 1.211347
v -1.560542 1.222528 1.246847
v -1.596042 1.202029 1.254847
v -1.350042 1.130028 0.650747
v -1.394142 1.125829 0.660447
v -1.398842 1.123127 0.622647
v -1.385642 1.122329 0.595147
v -1.306542 1.039428 0.550947
v -1.322542 1.084927 0.595347
v -1.366142 1.092728 0.548347
v -1.349742 1.048028 0.498147
v -1.264542 0.984427 0.471647
v -1.287142 1.008428 0.509447
v -1.329142 1.016827 0.451447
v -1.304442 0.995928 0.412247
v -1.212942 0.946927 0.406447
v -1.240142 0.963528 0.437547
v -1.278842 0.976827 0.381147
v -1.250242 0.959728 0.354047
v -1.181442 0.925928 0.315047
v -1.217942 0.943928 0.331547
v -1.181942 0.933227 0.380247
v -1.146942 0.919527 0.359347
v -1.365042 1.141127 0.719447
v -1.377642 1.133327 0.770647
v -1.397742 1.093228 0.748247
v -1.399042 1.113128 0.705947
v -1.393042 1.080128 0.781147
v -1.393742 1.070729 0.810647
v -1.383142 1.121228 0.805047
v -1.389142 1.111828 0.831447
v -1.398042 1.106627 0.859047
v -1.402642 1.063329 0.842747
v -1.418542 1.063828 0.876147
v -1.411842 1.109329 0.886447
v -1.424842 1.117629 0.914247
v -1.437042 1.076928 0.911547
v -1.454842 1.095027 0.945847
v -1.436742 1.129729 0.941647
v -1.446842 1.144228 0.966547
v -1.469342 1.112327 0.974347
v -1.480842 1.127828 0.998847
v -1.454142 1.156929 0.991047
v -1.464042 1.173629 1.039947
v -1.497342 1.151528 1.043247
v -1.490242 1.140628 1.020547
v -1.459642 1.166129 1.015047
v -1.472042 1.187129 1.098047
v -1.507142 1.169929 1.100547
v -1.502942 1.161727 1.069647
v -1.467742 1.180629 1.067147
v -1.488642 1.205229 1.170047
v -1.518342 1.191329 1.172247
v -1.512142 1.179327 1.135647
v -1.478942 1.194229 1.133647
v -1.509342 1.228528 1.229447
v -1.530142 1.229329 1.238447
v -1.525842 1.206728 1.208247
v -1.499542 1.217028 1.205947
v -1.478842 1.226829 1.209647
v -1.499142 1.241827 1.240647
v -1.462742 1.214529 1.171847
v -1.419542 1.183429 1.044147
v -1.410942 1.187027 1.062047
v -1.436142 1.189029 1.067447
v -1.436742 1.183429 1.041747
v -1.438342 1.197029 1.096447
v -1.448442 1.205528 1.132447
v -1.406142 1.173028 1.002847
v -1.412942 1.179327 1.026847
v -1.433842 1.177428 1.017547
v -1.428742 1.170527 0.993547
v -1.396042 1.184329 1.040447
v -1.386342 1.179728 1.012147
v -1.388642 1.150629 0.957647
v -1.398042 1.162928 0.979647
v -1.421942 1.159328 0.969947
v -1.413042 1.145028 0.947947
v -1.376042 1.172029 0.986647
v -1.364842 1.161329 0.963847
v -1.366942 1.128229 0.912447
v -1.378342 1.138829 0.935647
v -1.402642 1.132728 0.925047
v -1.390842 1.122828 0.900947
v -1.339842 1.137728 0.920847
v -1.352642 1.149229 0.942747
v -1.378442 1.117527 0.874547
v -1.367342 1.120528 0.847647
v -1.341142 1.115528 0.860947
v -1.354142 1.119529 0.887047
v -1.312542 1.118628 0.873647
v -1.326142 1.127427 0.897247
v -1.316242 1.110729 0.809947
v -1.329342 1.113627 0.837447
v -1.357142 1.126428 0.823047
v -1.344742 1.130227 0.791247
v -1.299942 1.110729 0.852347
v -1.286442 1.102027 0.828347
v -1.278942 1.087727 0.729147
v -1.299242 1.104429 0.771647
v -1.327342 1.128428 0.744347
v -1.305842 1.111328 0.691147
v -1.270342 1.090427 0.796947
v -1.250742 1.074327 0.761647
v -1.285042 1.070827 0.644347
v -1.268642 1.032928 0.602347
v -1.234742 1.029228 0.645247
v -1.255942 1.056127 0.689047
v -1.226642 1.053927 0.719547
v -1.202442 1.034228 0.674247
v -1.248442 1.003328 0.562147
v -1.225842 0.978628 0.524547
v -1.188542 0.980627 0.566247
v -1.212342 1.004527 0.603647
v -1.177742 1.012028 0.633547
v -1.152442 0.988428 0.597447
v -1.201342 0.957428 0.489647
v -1.175042 0.939127 0.457447
v -1.137742 0.938329 0.499647
v -1.163742 0.958427 0.531647
v -1.126742 0.965028 0.564247
v -1.100442 0.943528 0.533047
v -1.145942 0.923828 0.428547
v -1.113042 0.910427 0.404247
v -1.109742 0.920627 0.470547
v -1.078242 0.904027 0.446347
v -1.072642 0.925228 0.503847
v -1.041742 0.908028 0.479747
v -1.362942 1.094828 0.129447
v -1.339942 1.051227 0.150847
v -1.308742 1.054928 0.104947
v -1.328742 1.109827 0.067047
v -1.290442 1.083427 0.040947
v -1.289942 1.052728 0.073547
v -1.256742 1.039227 0.053447
v -1.258042 1.015528 0.097747
v -1.297742 1.564728 0.021247
v -1.273742 1.541528 -0.001753
v -1.284142 1.529228 0.007847
v -1.309442 1.554727 0.027647
v -1.140842 1.402128 -0.102253
v -1.129042 1.414927 -0.105053
v -1.098642 1.378928 -0.116753
v -1.110242 1.364228 -0.116653
v -1.072342 1.329727 -0.125353
v -1.086542 1.311027 -0.124953
v -1.254542 1.160427 -0.025353
v -1.275542 1.122027 0.004047
v -1.306642 1.161527 0.009947
v -1.279142 1.208028 -0.022353
v -1.234642 1.102127 -0.016353
v -1.249042 1.069827 0.014147
v -1.251542 1.243927 -0.034953
v -1.231242 1.194027 -0.043853
v -1.206842 1.224027 -0.056653
v -1.225642 1.274127 -0.042153
v -1.197542 1.158727 -0.055953
v -1.217042 1.131627 -0.038953
v -1.204542 1.300328 -0.049453
v -1.183742 1.250927 -0.066353
v -1.165042 1.275627 -0.076953
v -1.188642 1.324128 -0.059753
v -1.156042 1.211428 -0.083153
v -1.176942 1.184828 -0.070053
v -1.176142 1.346728 -0.073253
v -1.149642 1.300227 -0.090153
v -1.135942 1.324828 -0.103953
v -1.165042 1.367627 -0.086053
v -1.116942 1.265127 -0.107953
v -1.134942 1.239228 -0.095953
v -1.153242 1.386028 -0.095653
v -1.122942 1.346328 -0.112953
v -1.101042 1.289327 -0.118553
v -1.179142 1.436627 -0.073953
v -1.168542 1.450427 -0.080253
v -1.209342 1.484227 -0.051153
v -1.218842 1.470027 -0.042253
v -1.255942 1.403528 0.006847
v -1.269242 1.380927 0.010747
v -1.304242 1.414627 0.044947
v -1.292542 1.438427 0.045647
v -1.321542 1.386927 0.044747
v -1.288742 1.353527 0.013247
v -1.351342 1.411727 0.066747
v -1.338942 1.438827 0.068347
v -1.336642 1.468828 0.073347
v -1.254842 1.500927 -0.015553
v -1.245042 1.514828 -0.026253
v -1.263642 1.487227 0.001847
v -1.293542 1.515727 0.026447
v -1.227642 1.455327 -0.029253
v -1.236242 1.439827 -0.014953
v -1.271742 1.472927 0.020847
v -1.304242 1.501228 0.046447
v -1.189642 1.421227 -0.064753
v -1.199842 1.404228 -0.053853
v -1.281342 1.457228 0.035947
v -1.316942 1.486227 0.061447
v -1.245542 1.422727 -0.002353
v -1.234742 1.342527 -0.023253
v -1.255142 1.315627 -0.017853
v -1.220442 1.365427 -0.031053
v -1.209742 1.385727 -0.041953
v -1.400042 1.187228 0.082747
v -1.367342 1.155527 0.068547
v -1.392342 1.134127 0.123347
v -1.421742 1.171829 0.133447
v -1.380542 1.421028 0.070547
v -1.373942 1.444328 0.071747
v -1.405042 1.442027 0.059047
v -1.406142 1.421728 0.059947
v -1.379942 1.464427 0.074547
v -1.414042 1.459827 0.060047
v -1.520042 1.346227 0.158447
v -1.543942 1.356327 0.203747
v -1.557342 1.371528 0.195747
v -1.531742 1.358427 0.143947
v -1.512642 1.330027 0.160747
v -1.540842 1.332827 0.201447
v -1.613542 1.372928 0.160947
v -1.580842 1.383027 0.181147
v -1.567642 1.371027 0.131847
v -1.600942 1.359628 0.109547
v -1.645242 1.354328 0.130847
v -1.631042 1.341627 0.076047
v -1.643542 1.323027 -0.022653
v -1.615442 1.336027 0.023947
v -1.601442 1.339827 -0.015253
v -1.621742 1.328028 -0.078253
v -1.579742 1.355028 0.022447
v -1.589742 1.354527 0.062747
v -1.559342 1.363128 0.086747
v -1.552042 1.362128 0.044147
v -1.522942 1.366028 0.051947
v -1.526642 1.363327 0.094647
v -1.497042 1.375927 0.048347
v -1.493442 1.370627 0.085247
v -1.463942 1.384127 0.068247
v -1.475242 1.388927 0.039247
v -1.450442 1.379927 0.090747
v -1.487242 1.364528 0.113547
v -1.429842 1.421828 0.042747
v -1.441742 1.401828 0.053247
v -1.459142 1.405427 0.030447
v -1.451942 1.423628 0.024247
v -1.422242 1.398727 0.071047
v -1.431342 1.440927 0.040047
v -1.443442 1.458328 0.041447
v -1.456742 1.439927 0.023247
v -1.471742 1.453927 0.024747
v -1.495342 1.468128 0.026047
v -1.513442 1.471028 -0.002753
v -1.491842 1.453028 0.000747
v -1.493742 1.459927 -0.031253
v -1.514442 1.484827 -0.038053
v -1.478742 1.439827 0.005447
v -1.471242 1.427627 0.007547
v -1.479242 1.429928 -0.009053
v -1.484542 1.441327 -0.019353
v -1.443742 1.232928 0.127247
v -1.424642 1.213327 0.106047
v -1.445242 1.201228 0.147247
v -1.461542 1.223828 0.162347
v -1.377542 1.225828 0.044047
v -1.342242 1.197028 0.020647
v -1.312942 1.245928 -0.005753
v -1.355042 1.282527 0.026347
v -1.281942 1.283828 -0.013053
v -1.316942 1.320927 0.017447
v -1.416942 1.270727 0.083947
v -1.396142 1.275127 0.060747
v -1.405542 1.241827 0.073547
v -1.427142 1.252427 0.099147
v -1.381442 1.322828 0.059047
v -1.348742 1.354728 0.049347
v -1.377742 1.379628 0.073247
v -1.417142 1.346728 0.093147
v -1.434342 1.370427 0.100747
v -1.476942 1.353827 0.126347
v -1.469642 1.336428 0.128047
v -1.402042 1.393328 0.078747
v -1.537742 1.305827 0.187447
v -1.525342 1.279628 0.177347
v -1.506042 1.309028 0.157147
v -1.497542 1.288227 0.153947
v -1.488142 1.271427 0.153147
v -1.510742 1.259228 0.174447
v -1.494842 1.245427 0.174247
v -1.473242 1.259827 0.150247
v -1.477142 1.237428 0.172047
v -1.458642 1.247928 0.142147
v -1.457042 1.275728 0.130847
v -1.470842 1.281328 0.139147
v -1.470242 1.295527 0.134247
v -1.445942 1.294427 0.116347
v -1.443242 1.264927 0.117947
v -1.427642 1.283828 0.096447
v -1.407642 1.300927 0.075647
v -1.434042 1.315728 0.103347
v -1.469442 1.315428 0.129647
v -1.775642 1.444827 -0.163853
v -1.778042 1.405328 -0.121953
v -1.764842 1.402427 -0.175453
v -1.766042 1.442627 -0.213653
v -1.726342 1.525127 -0.204153
v -1.759942 1.489628 -0.191853
v -1.754542 1.490527 -0.239653
v -1.726642 1.530927 -0.252153
v -1.641342 1.545627 -0.247553
v -1.685942 1.550328 -0.250653
v -1.681042 1.539527 -0.200953
v -1.634042 1.529928 -0.194753
v -1.567742 1.533927 -0.248753
v -1.602842 1.540927 -0.247253
v -1.593542 1.527128 -0.191553
v -1.556542 1.520627 -0.189953
v -1.481742 1.395428 0.009047
v -1.484942 1.404427 -0.024953
v -1.480442 1.419728 -0.016853
v -1.472642 1.411527 0.008047
v -1.512842 1.373127 -0.032753
v -1.494942 1.387028 -0.029553
v -1.496642 1.380028 0.011047
v -1.517842 1.368428 0.010747
v -1.497442 1.442528 -0.115753
v -1.516742 1.486428 -0.128853
v -1.514542 1.486327 -0.079353
v -1.494942 1.454927 -0.067453
v -1.489042 1.418727 -0.064453
v -1.486242 1.433428 -0.044053
v -1.522842 1.476628 -0.260953
v -1.537842 1.510027 -0.254553
v -1.524142 1.494727 -0.189753
v -1.508442 1.458427 -0.191353
v -1.570642 1.358027 -0.009053
v -1.544842 1.363627 0.004447
v -1.538142 1.367127 -0.037253
v -1.565542 1.360627 -0.047153
v -1.494742 1.399427 -0.076053
v -1.498742 1.414527 -0.130753
v -1.508842 1.381828 -0.081953
v -1.508842 1.393428 -0.137853
v -1.515242 1.405927 -0.201253
v -1.506542 1.429327 -0.196053
v -1.528842 1.422327 -0.267953
v -1.520042 1.447128 -0.265753
v -1.589542 1.347527 -0.030853
v -1.591042 1.345827 -0.066453
v -1.532142 1.373328 -0.085953
v -1.559642 1.366628 -0.094453
v -1.530342 1.382428 -0.141053
v -1.556942 1.375027 -0.148453
v -1.536442 1.394028 -0.201553
v -1.549342 1.409727 -0.264153
v -1.561342 1.384628 -0.206553
v -1.571542 1.399028 -0.266053
v -1.695142 1.343128 -0.165553
v -1.706642 1.335327 -0.109953
v -1.727842 1.350828 -0.145353
v -1.718442 1.363327 -0.194653
v -1.743742 1.372427 -0.181353
v -1.735842 1.376928 -0.211253
v -1.676542 1.326427 -0.068153
v -1.662342 1.331427 -0.126253
v -1.618842 1.335028 -0.143853
v -1.588042 1.350528 -0.114253
v -1.585342 1.358928 -0.168753
v -1.617342 1.345328 -0.198253
v -1.620542 1.360527 -0.250853
v -1.587642 1.368028 -0.225053
v -1.596142 1.385927 -0.281253
v -1.627742 1.385527 -0.301053
v -1.752842 1.445728 -0.261153
v -1.752042 1.405628 -0.222453
v -1.742042 1.399728 -0.251153
v -1.748242 1.444328 -0.306853
v -1.691742 1.356327 -0.216353
v -1.656342 1.339928 -0.180253
v -1.655942 1.352527 -0.231453
v -1.692242 1.375727 -0.262953
v -1.719042 1.382627 -0.243353
v -1.721242 1.408027 -0.288253
v -1.692442 1.400728 -0.305553
v -1.658242 1.371527 -0.280053
v -1.661842 1.400527 -0.323853
v -1.691842 1.429427 -0.344353
v -1.737042 1.471527 -0.350753
v -1.718142 1.435027 -0.326953
v -1.713342 1.460828 -0.363553
v -1.730942 1.492127 -0.386853
v -1.728742 1.541228 -0.302853
v -1.747742 1.495528 -0.288853
v -1.749842 1.506728 -0.335553
v -1.733342 1.555027 -0.350453
v -1.695042 1.565728 -0.303153
v -1.655042 1.568228 -0.301253
v -1.669142 1.587327 -0.352653
v -1.704042 1.580627 -0.353653
v -1.734542 1.564827 -0.390653
v -1.745642 1.519428 -0.374353
v -1.741842 1.533128 -0.411053
v -1.733342 1.573128 -0.427853
v -1.618642 1.562127 -0.302553
v -1.585542 1.553528 -0.305953
v -1.605342 1.573128 -0.357653
v -1.635842 1.582427 -0.353753
v -1.709742 1.590827 -0.395653
v -1.712442 1.597827 -0.432453
v -1.678742 1.599227 -0.395853
v -1.684942 1.606927 -0.431953
v -1.558842 1.531127 -0.315953
v -1.545942 1.500027 -0.326153
v -1.573142 1.523027 -0.381453
v -1.583242 1.551227 -0.369553
v -1.635842 1.596827 -0.436053
v -1.658342 1.606927 -0.432253
v -1.648642 1.596827 -0.396453
v -1.621942 1.587127 -0.400253
v -1.579142 1.471427 -0.387253
v -1.572542 1.495928 -0.387953
v -1.543442 1.471328 -0.331853
v -1.550442 1.445927 -0.332953
v -1.599542 1.442627 -0.359753
v -1.591842 1.456027 -0.374953
v -1.568342 1.432728 -0.324653
v -1.586842 1.422528 -0.322953
v -1.616142 1.554528 -0.455753
v -1.621542 1.577728 -0.445553
v -1.604042 1.566428 -0.411353
v -1.596642 1.540927 -0.422853
v -1.637442 1.422327 -0.348453
v -1.609742 1.416727 -0.333953
v -1.619842 1.449627 -0.376753
v -1.643942 1.458127 -0.389853
v -1.598242 1.514627 -0.430153
v -1.608442 1.490228 -0.425753
v -1.641542 1.506028 -0.453853
v -1.621242 1.529127 -0.462953
v -1.642442 1.482627 -0.421653
v -1.618142 1.472728 -0.406253
v -1.689942 1.459328 -0.380953
v -1.665142 1.436627 -0.364553
v -1.665942 1.467327 -0.399653
v -1.684042 1.482928 -0.414753
v -1.725542 1.510827 -0.425253
v -1.708942 1.485028 -0.400253
v -1.700442 1.503727 -0.435053
v -1.715242 1.525927 -0.460853
v -1.668742 1.497927 -0.441553
v -1.660342 1.485127 -0.424153
v -1.696042 1.534528 -0.489253
v -1.681842 1.515027 -0.464153
v -1.659642 1.526027 -0.483353
v -1.674442 1.542228 -0.507753
v -1.640642 1.542427 -0.490353
v -1.657142 1.555027 -0.513953
v -1.650142 1.573227 -0.508953
v -1.633742 1.564627 -0.484453
v -1.688642 1.557827 -0.528953
v -1.673442 1.567228 -0.533953
v -1.698342 1.568527 -0.540153
v -1.688342 1.579327 -0.547853
v -1.677842 1.588027 -0.541053
v -1.666542 1.581827 -0.529553
v -1.637242 1.585327 -0.475753
v -1.652242 1.590827 -0.501853
v -1.648442 1.602527 -0.467653
v -1.661242 1.606027 -0.494453
v -1.676642 1.614827 -0.488553
v -1.666642 1.612428 -0.463053
v -1.688742 1.612128 -0.462753
v -1.690942 1.614928 -0.482753
v -1.708842 1.555027 -0.513953
v -1.728142 1.553327 -0.487853
v -1.723342 1.589727 -0.509153
v -1.713642 1.576727 -0.533353
v -1.730842 1.581427 -0.466753
v -1.738042 1.545527 -0.451153
v -1.707742 1.610827 -0.495253
v -1.712642 1.604227 -0.467053
v -1.692842 1.614827 -0.510253
v -1.676442 1.608628 -0.517453
v -1.688542 1.608928 -0.530653
v -1.705642 1.607127 -0.528553
v -1.703742 1.596028 -0.546153
v -1.683742 1.599727 -0.539653
v -1.668242 1.596028 -0.523753
v -1.583742 1.647827 0.283847
v -1.556942 1.674027 0.286847
v -1.545242 1.659627 0.265847
v -1.578642 1.638028 0.262047
v -1.535442 1.685627 0.258747
v -1.547742 1.698828 0.279047
v -1.522342 1.670728 0.241247
v -1.509442 1.654928 0.224947
v -1.527242 1.652027 0.251147
v -1.515842 1.637028 0.237747
v -1.647442 1.580627 0.224347
v -1.609142 1.600427 0.235647
v -1.605842 1.587027 0.215047
v -1.642542 1.569228 0.202947
v -1.578142 1.620928 0.242447
v -1.553542 1.632927 0.248347
v -1.555342 1.610628 0.232847
v -1.578342 1.601427 0.223847
v -1.533342 1.620627 0.238047
v -1.537342 1.637028 0.248247
v -1.636042 1.558728 0.179747
v -1.600342 1.575027 0.192947
v -1.591942 1.565728 0.169447
v -1.627242 1.550527 0.155247
v -1.495942 1.639128 0.209647
v -1.480942 1.624127 0.193947
v -1.491242 1.604927 0.206947
v -1.504342 1.620928 0.223147
v -1.574242 1.584127 0.204847
v -1.551742 1.591127 0.215647
v -1.543342 1.573027 0.197747
v -1.566242 1.568928 0.184747
v -1.514942 1.584527 0.208547
v -1.525942 1.602727 0.224447
v -1.579742 1.557127 0.146147
v -1.614942 1.544827 0.130447
v -1.564442 1.543127 0.125447
v -1.598342 1.539927 0.105747
v -1.463942 1.611128 0.176047
v -1.446342 1.598828 0.155347
v -1.456742 1.576628 0.169547
v -1.474942 1.590328 0.189447
v -1.531142 1.553828 0.180847
v -1.554942 1.552728 0.165547
v -1.540742 1.532728 0.147747
v -1.514942 1.532728 0.164747
v -1.500042 1.566327 0.193047
v -1.480942 1.547627 0.176747
v -1.577142 1.531028 0.082547
v -1.552242 1.516928 0.065747
v -1.546242 1.524527 0.105747
v -1.523042 1.508027 0.088847
v -1.494742 1.514428 0.145747
v -1.522642 1.512428 0.128947
v -1.499342 1.498927 0.110347
v -1.473542 1.504628 0.125547
v -1.456042 1.487528 0.074047
v -1.432242 1.476127 0.063147
v -1.465142 1.472827 0.046147
v -1.492442 1.486227 0.051147
v -1.494542 1.495027 0.078947
v -1.522542 1.501627 0.056147
v -1.454542 1.501928 0.110547
v -1.473842 1.493327 0.097847
v -1.446742 1.495528 0.092047
v -1.440742 1.502528 0.102547
v -1.428642 1.585527 0.131947
v -1.412142 1.571428 0.110447
v -1.423642 1.552527 0.123647
v -1.438842 1.563928 0.145847
v -1.460742 1.532728 0.155447
v -1.443842 1.523827 0.133247
v -1.397042 1.482727 0.078947
v -1.413442 1.496228 0.085947
v -1.385142 1.512827 0.087647
v -1.365542 1.496027 0.081347
v -1.333842 1.525527 0.062147
v -1.320542 1.541228 0.044747
v -1.346142 1.563927 0.057647
v -1.363642 1.546327 0.075147
v -1.418242 1.505527 0.094847
v -1.421742 1.513828 0.104247
v -1.401842 1.531527 0.099147
v -1.395842 1.522628 0.093747
v -1.347042 1.510328 0.073947
v -1.369242 1.526927 0.081547
v -1.382442 1.532828 0.087747
v -1.386042 1.542427 0.089147
v -1.383542 1.569027 0.082947
v -1.397242 1.556127 0.096147
v -1.411542 1.541627 0.108247
v -1.369642 1.585327 0.068147
v -1.430842 1.518927 0.115847
v -1.671642 1.284229 1.610947
v -1.662842 1.297229 1.634847
v -1.645642 1.286129 1.620247
v -1.655442 1.278829 1.606547
v -1.674042 1.271327 1.579147
v -1.671342 1.261128 1.539747
v -1.643542 1.267529 1.544847
v -1.650242 1.272328 1.583547
v -1.632642 1.278328 1.592447
v -1.622842 1.277628 1.552147
v -1.656842 1.257228 1.445147
v -1.664542 1.257928 1.493047
v -1.635742 1.267828 1.496447
v -1.627642 1.265529 1.445747
v -1.649942 1.248029 1.402847
v -1.618342 1.250529 1.401647
v -1.575442 1.249528 1.346947
v -1.582842 1.265128 1.397147
v -1.600742 1.279229 1.447747
v -1.584842 1.227329 1.299847
v -1.554042 1.255228 1.280647
v -1.524442 1.256328 1.261547
v -1.613642 1.281929 1.501947
v -0.038242 -0.227471 0.224847
v -0.024942 -0.199571 0.246847
v 0.047758 -0.212872 0.290147
v -0.003242 -0.160473 0.270747
v 0.322358 0.538028 -0.461053
v 0.281058 0.537628 -0.495153
v 0.312558 0.519827 -0.557653
v 0.236758 0.539828 -0.523153
v 0.264958 0.507027 -0.570753
v 0.194558 0.526728 -0.539253
v 0.218158 0.477127 -0.573153
v 0.153158 0.493228 -0.540453
v -0.234242 0.159927 -0.566953
v 0.157558 0.423427 -0.568653
v 0.104158 0.441228 -0.535353
v 0.093158 0.374727 -0.567853
v 0.054858 0.386328 -0.533853
v 0.053758 0.327427 -0.585553
v -0.000942 0.292227 -0.551953
v 0.018058 0.340827 -0.536653
v 0.051258 0.341927 -0.562153
v -0.195142 -0.245571 0.144847
v -0.106442 -0.191373 0.164247
v -0.139442 -0.120072 0.159147
v -0.234442 -0.192473 0.155147
v -0.331342 -0.260972 0.070447
v -0.381142 -0.243072 0.000647
v -0.294542 0.693727 0.077447
v -0.349042 0.762527 0.078347
v -0.346542 0.736028 0.127447
v -0.288642 0.668227 0.129247
v -0.407442 0.811928 0.131747
v -0.408042 0.838528 0.084947
v -0.413642 0.782728 0.175447
v -0.352242 0.705928 0.173647
v -0.294642 0.636927 0.177247
v -0.358142 0.780628 0.037247
v -0.414642 0.857427 0.044947
v -0.306642 0.710728 0.034247
v -0.309242 0.730927 -0.004553
v -0.363242 0.798727 -0.000353
v -0.421142 0.875428 0.007547
v -0.369042 0.817727 -0.040653
v -0.430342 0.892127 -0.031953
v -0.312742 0.752727 -0.046553
v -0.319542 0.774328 -0.091153
v -0.378542 0.835828 -0.083453
v -0.443842 0.906728 -0.073253
v -0.395042 0.851127 -0.128953
v -0.463542 0.917827 -0.115653
v -0.333842 0.793227 -0.138753
v -0.363042 0.801627 -0.183153
v -0.424242 0.857528 -0.171353
v -0.492042 0.921927 -0.155953
v -0.463842 0.852727 -0.204153
v -0.531042 0.915528 -0.185853
v -0.403442 0.798528 -0.218353
v -0.448442 0.786628 -0.243353
v -0.507742 0.840427 -0.227753
v -0.572342 0.904928 -0.211053
v -0.616342 0.887327 -0.225453
v -0.553142 0.818628 -0.233353
v -0.596842 0.794728 -0.233453
v -0.659642 0.862528 -0.221353
v -0.494142 0.766827 -0.256953
v -0.538942 0.742627 -0.262553
v -0.700942 0.838427 -0.218153
v -0.638742 0.771528 -0.233953
v -0.679542 0.749028 -0.236253
v -0.741242 0.815128 -0.219453
v -0.582042 0.718828 -0.266853
v -0.623742 0.695927 -0.270353
v -0.779942 0.791627 -0.221253
v -0.719942 0.727427 -0.242153
v -0.757342 0.702927 -0.239753
v -0.814142 0.765727 -0.212553
v -0.665542 0.673727 -0.275153
v -0.703342 0.648027 -0.268653
v -0.840942 0.738327 -0.191553
v -0.785842 0.674827 -0.219253
v -0.806742 0.647228 -0.190953
v -0.861842 0.711528 -0.164553
v -0.731542 0.619227 -0.244853
v -0.751442 0.591728 -0.213453
v -0.885142 0.665727 -0.102553
v -0.876042 0.687628 -0.134253
v -0.819742 0.622827 -0.159153
v -0.827442 0.601027 -0.126653
v -0.763542 0.567627 -0.179453
v -0.771842 0.545827 -0.146253
v -0.896642 0.624127 -0.041053
v -0.891242 0.644828 -0.071453
v -0.833342 0.580528 -0.095753
v -0.839542 0.560128 -0.066053
v -0.779442 0.525227 -0.116153
v -0.788142 0.504527 -0.088153
v -0.911642 0.581528 0.018447
v -0.902642 0.603328 -0.011453
v -0.847842 0.538927 -0.037453
v -0.859942 0.516028 -0.009453
v -0.799142 0.482528 -0.061153
v -0.813242 0.459027 -0.035153
v -0.917342 0.542327 0.091547
v -0.921642 0.559128 0.052247
v -0.873942 0.491727 0.022047
v -0.870842 0.473728 0.060847
v -0.826742 0.434627 -0.005353
v -0.823842 0.416027 0.031447
v -0.885342 0.520227 0.169247
v -0.904442 0.529027 0.130747
v -0.859142 0.459528 0.099847
v -0.841942 0.449128 0.138347
v -0.814942 0.400128 0.068647
v -0.801442 0.386328 0.106447
v -0.391742 0.530427 0.258047
v -0.438242 0.607327 0.258447
v -0.460142 0.592327 0.257947
v -0.414842 0.514027 0.252547
v -0.507442 0.674228 0.269847
v -0.487442 0.689527 0.264347
v -0.524442 0.662928 0.272047
v -0.478342 0.581828 0.253747
v -0.433042 0.503028 0.240847
v -0.539342 0.654327 0.273447
v -0.498842 0.572328 0.248647
v -0.561042 0.639828 0.275947
v -0.520542 0.556127 0.259547
v -0.465242 0.477827 0.265247
v -0.455142 0.491628 0.233747
v -0.532242 0.532728 0.299847
v -0.480642 0.454627 0.305247
v -0.582342 0.613828 0.301447
v -0.604942 0.580428 0.339747
v -0.559342 0.498027 0.333547
v -0.519142 0.419027 0.326147
v -0.328842 0.581427 0.240047
v -0.383242 0.653928 0.233547
v -0.410042 0.628928 0.250947
v -0.360442 0.553927 0.253547
v -0.464442 0.710227 0.250147
v -0.441742 0.733628 0.231647
v -0.364542 0.678927 0.208047
v -0.424842 0.757227 0.207747
v -0.308242 0.608127 0.213147
v -0.690942 0.434127 0.286747
v -0.661542 0.418527 0.335847
v -0.700242 0.497028 0.378347
v -0.722842 0.448327 0.249247
v -0.741242 0.499927 0.332747
v -0.774342 0.511027 0.290847
v -0.665742 0.390628 0.205447
v -0.642442 0.369828 0.245647
v -0.620242 0.351529 0.294247
v -0.606342 0.452628 0.349347
v -0.646042 0.536827 0.367847
v -0.571142 0.374128 0.333947
v -0.772642 0.382327 0.140047
v -0.811942 0.449328 0.171447
v -0.767342 0.464428 0.183147
v -0.727642 0.395229 0.151247
v -0.810042 0.535427 0.214547
v -0.854042 0.522127 0.200547
v -0.770342 0.541928 0.240647
v -0.713742 0.486728 0.195647
v -0.670742 0.421028 0.154047
v -0.400542 0.405628 0.236847
v -0.348242 0.316628 0.228947
v -0.415842 0.391228 0.254247
v -0.364242 0.301628 0.241047
v -0.337742 0.331427 0.238847
v -0.385642 0.417529 0.245547
v -0.219242 0.233928 0.259747
v -0.259442 0.304027 0.265547
v -0.279842 0.271027 0.248947
v -0.235242 0.199528 0.235847
v -0.324842 0.351627 0.255847
v -0.301742 0.379828 0.265347
v -0.289842 0.245328 0.229047
v -0.242142 0.170728 0.212547
v -0.646242 0.251027 0.072447
v -0.690742 0.261328 0.060347
v -0.647742 0.205527 0.017947
v -0.603942 0.183627 0.026647
v -0.675142 0.234828 -0.002753
v -0.718042 0.283028 0.033847
v -0.633642 0.179628 -0.043553
v -0.607942 0.144427 -0.025753
v -0.565742 0.114329 -0.019553
v -0.433542 0.370528 0.299947
v -0.391742 0.282828 0.283547
v -0.482642 0.337829 0.312847
v -0.448742 0.256627 0.294447
v -0.584042 0.281829 0.262747
v -0.539442 0.298927 0.311147
v -0.508842 0.226529 0.284847
v -0.553042 0.210827 0.234647
v -0.346042 0.454928 0.262947
v -0.312142 0.482927 0.262647
v -0.267042 0.412628 0.269947
v -0.233042 0.447028 0.255047
v -0.278842 0.513627 0.248047
v -0.369842 0.433028 0.256447
v -0.257542 0.542127 0.220547
v -0.211942 0.477127 0.227347
v -0.195942 0.508927 0.194447
v -0.242742 0.572428 0.185347
v -0.563742 0.217929 0.167547
v -0.598642 0.296929 0.206647
v -0.612542 0.318028 0.157547
v -0.562242 0.239128 0.106347
v -0.594942 0.252227 0.072747
v -0.633242 0.338028 0.114347
v -0.687442 0.322729 0.114447
v -0.236542 0.604827 0.137447
v -0.190542 0.541528 0.147747
v -0.201142 0.565927 0.094547
v -0.245342 0.629427 0.084247
v -0.258342 0.646427 0.037947
v -0.211542 0.584927 0.045247
v -0.208742 0.611028 -0.001353
v -0.258142 0.669527 -0.004353
v -0.260142 0.695427 -0.049953
v -0.209442 0.641727 -0.051953
v -0.213042 0.674127 -0.103653
v -0.264942 0.722028 -0.097753
v -0.279242 0.744627 -0.147853
v -0.227742 0.701027 -0.156453
v -0.259242 0.715627 -0.205353
v -0.310142 0.755328 -0.193953
v -0.161042 0.626327 -0.109253
v -0.174642 0.659128 -0.165253
v -0.121342 0.622227 -0.181753
v -0.107542 0.586327 -0.124653
v -0.151442 0.644428 -0.235453
v -0.206342 0.678227 -0.217753
v -0.298542 0.721427 -0.247553
v -0.350042 0.756128 -0.232253
v -0.340342 0.719228 -0.284953
v -0.393742 0.748427 -0.263553
v -0.244742 0.690227 -0.264253
v -0.187342 0.662827 -0.284253
v -0.226142 0.671528 -0.330453
v -0.284642 0.694427 -0.307753
v -0.383642 0.702127 -0.314153
v -0.438542 0.731027 -0.286153
v -0.427242 0.671128 -0.329253
v -0.483242 0.704027 -0.296353
v -0.327342 0.672627 -0.339553
v -0.369742 0.635727 -0.357453
v -0.267742 0.643927 -0.360953
v -0.307542 0.601928 -0.377953
v -0.471642 0.639828 -0.339653
v -0.526842 0.676728 -0.302753
v -0.516042 0.610328 -0.347053
v -0.570442 0.652128 -0.310153
v -0.414542 0.599128 -0.369253
v -0.458942 0.564527 -0.375753
v -0.350242 0.560027 -0.387353
v -0.393042 0.521828 -0.393353
v -0.555442 0.579927 -0.342753
v -0.612142 0.626627 -0.311853
v -0.590642 0.550427 -0.326553
v -0.646742 0.597927 -0.296553
v -0.498242 0.532128 -0.371553
v -0.535842 0.502827 -0.357753
v -0.432542 0.489528 -0.397353
v -0.472542 0.460028 -0.391653
v -0.624042 0.522028 -0.298453
v -0.676242 0.569427 -0.270153
v -0.647142 0.496827 -0.258553
v -0.697242 0.543027 -0.235153
v -0.572842 0.474628 -0.327453
v -0.514442 0.430327 -0.365853
v -0.547142 0.404527 -0.322053
v -0.600342 0.450028 -0.283653
v -0.664642 0.475527 -0.217953
v -0.711242 0.520227 -0.198253
v -0.680742 0.455128 -0.181753
v -0.722842 0.498927 -0.163653
v -0.622742 0.429827 -0.240153
v -0.574842 0.383927 -0.276953
v -0.600342 0.364827 -0.238553
v -0.643342 0.410427 -0.202553
v -0.695142 0.433827 -0.152653
v -0.733942 0.477727 -0.134253
v -0.745242 0.455927 -0.108053
v -0.708442 0.411029 -0.128153
v -0.660542 0.389727 -0.173953
v -0.676242 0.366428 -0.151453
v -0.620842 0.344427 -0.210553
v -0.638342 0.321027 -0.188953
v -0.722442 0.385527 -0.105953
v -0.757942 0.432428 -0.083253
v -0.772542 0.407928 -0.059653
v -0.737542 0.359429 -0.084853
v -0.691642 0.339028 -0.131653
v -0.702442 0.311828 -0.109553
v -0.652942 0.292227 -0.168053
v -0.659142 0.263928 -0.143953
v -0.747342 0.335827 -0.058353
v -0.784442 0.384028 -0.031653
v -0.781442 0.365428 0.002447
v -0.743642 0.317527 -0.026853
v -0.703942 0.290628 -0.082653
v -0.698642 0.273528 -0.054753
v -0.659842 0.241727 -0.118453
v -0.655842 0.222727 -0.092453
v -0.733542 0.301427 0.004547
v -0.773142 0.348928 0.036647
v -0.759642 0.332627 0.070547
v -0.689742 0.256627 -0.027453
v -0.647542 0.204127 -0.066353
v -0.732042 0.320228 0.101847
v -0.481642 0.956628 0.017447
v -0.473742 0.942627 0.055647
v -0.527342 1.022628 0.064147
v -0.538842 1.032927 0.026347
v -0.521942 1.010628 0.104647
v -0.469242 0.925227 0.095047
v -0.511742 0.980327 -0.059953
v -0.494242 0.969327 -0.021053
v -0.555842 1.041928 -0.010353
v -0.577642 1.049427 -0.046153
v -0.564742 0.993728 -0.134553
v -0.534842 0.989228 -0.098553
v -0.603842 1.055628 -0.080953
v -0.634442 1.059627 -0.113153
v -0.643142 0.974027 -0.183153
v -0.603042 0.985728 -0.161153
v -0.670442 1.053128 -0.138553
v -0.709442 1.040927 -0.158853
v -0.726542 0.937427 -0.204953
v -0.684442 0.958927 -0.200653
v -0.749342 1.025827 -0.175553
v -0.789942 1.006828 -0.185953
v -0.767242 0.913827 -0.202753
v -0.806042 0.889627 -0.199853
v -0.829042 0.983127 -0.188853
v -0.866142 0.957727 -0.184753
v -0.842442 0.864628 -0.195053
v -0.874442 0.838427 -0.182953
v -0.901142 0.932227 -0.175253
v -0.933142 0.906927 -0.160353
v -0.900142 0.811627 -0.161653
v -0.920242 0.785628 -0.135153
v -0.978042 0.854527 -0.111453
v -0.958942 0.880527 -0.138753
v -0.934442 0.761827 -0.105653
v -0.943942 0.739928 -0.074453
v -1.000942 0.808627 -0.050453
v -0.991542 0.830727 -0.081653
v -0.950642 0.718928 -0.043453
v -0.956142 0.698428 -0.012753
v -1.011542 0.767927 0.012547
v -1.007442 0.787728 -0.019153
v -0.960642 0.678428 0.017947
v -0.964642 0.658727 0.049947
v -1.011942 0.731727 0.078347
v -1.012642 0.749428 0.044847
v -0.966642 0.639727 0.085347
v -0.962842 0.623227 0.123047
v -1.004742 0.698927 0.150247
v -1.009742 0.714628 0.113647
v -0.950642 0.610227 0.161547
v -0.930142 0.603127 0.198447
v -0.972242 0.680327 0.223247
v -0.992642 0.686528 0.187847
v -0.899642 0.605327 0.228447
v -0.856642 0.616827 0.245547
v -0.899042 0.694427 0.268947
v -0.943342 0.682628 0.251147
v -0.862642 0.663527 0.370947
v -0.880642 0.679828 0.318547
v -0.825442 0.613828 0.282747
v -0.818342 0.591028 0.332947
v -0.784542 0.584728 0.376947
v -0.736242 0.597527 0.402647
v -0.821542 0.667427 0.409447
v -0.772342 0.687127 0.427647
v -0.651942 0.673828 0.355747
v -0.686742 0.633428 0.392547
v -0.726342 0.722127 0.412747
v -0.697342 0.759128 0.372447
v -0.626342 0.706628 0.323147
v -0.674542 0.790428 0.339047
v -0.605142 0.731528 0.300647
v -0.653742 0.815328 0.317547
v -0.499242 0.824627 0.241747
v -0.518742 0.801827 0.263147
v -0.567742 0.889227 0.277647
v -0.550942 0.911827 0.253647
v -0.589442 0.868028 0.292847
v -0.540742 0.781127 0.277647
v -0.474342 0.871527 0.184447
v -0.484742 0.847127 0.216547
v -0.537642 0.934028 0.227447
v -0.526842 0.958227 0.195147
v -0.468042 0.899728 0.141347
v -0.520442 0.985927 0.151347
v -0.560642 0.765427 0.284747
v -0.610642 0.851828 0.298947
v -0.627442 0.839427 0.303847
v -0.577242 0.753727 0.288847
v -0.589842 0.744828 0.292647
v -0.639342 0.829428 0.308747
v -0.563542 1.076628 0.109447
v -0.559342 1.055427 0.156547
v -0.595342 1.118028 0.159347
v -0.603342 1.139727 0.111847
v -0.599442 1.090628 0.206247
v -0.565142 1.027927 0.201847
v -0.925842 0.764327 0.400447
v -0.884042 0.775527 0.433447
v -0.920442 0.821628 0.451247
v -0.960442 0.810327 0.413347
v -0.878542 0.845928 0.467047
v -0.840842 0.797828 0.451447
v -0.919542 0.880028 0.477247
v -0.961042 0.856327 0.460147
v -0.999642 0.850928 0.420247
v -0.628542 0.936228 0.298847
v -0.648442 0.919427 0.307247
v -0.680042 0.979227 0.315247
v -0.660542 0.996827 0.305947
v -0.696442 0.964228 0.323647
v -0.664742 0.905728 0.314547
v -0.697742 1.268827 0.107447
v -0.645342 1.204927 0.112647
v -0.664042 1.215328 0.070047
v -0.719742 1.274527 0.065347
v -0.617642 1.153128 0.070547
v -0.638142 1.160127 0.034247
v -0.688642 1.219027 0.034247
v -0.746742 1.274427 0.030847
v -0.677542 1.230828 0.209447
v -0.635242 1.157828 0.211647
v -0.632342 1.185627 0.163547
v -0.677742 1.258828 0.159347
v -0.573742 1.090427 0.068747
v -0.589942 1.099327 0.031847
v -0.715842 1.219528 0.003347
v -0.774942 1.273127 0.001447
v -0.662742 1.163227 0.001747
v -0.689842 1.163627 -0.028353
v -0.744142 1.217728 -0.024153
v -0.803342 1.271027 -0.024553
v -0.611242 1.105227 -0.002653
v -0.636342 1.108928 -0.035553
v -0.771942 1.214727 -0.050353
v -0.830042 1.269028 -0.048953
v -0.717642 1.162028 -0.057453
v -0.744942 1.159027 -0.086953
v -0.797842 1.211128 -0.077153
v -0.854242 1.267127 -0.073753
v -0.663742 1.110927 -0.067353
v -0.692442 1.110827 -0.098253
v -0.823742 1.207027 -0.106053
v -0.877542 1.264027 -0.100153
v -0.773842 1.154127 -0.115353
v -0.810142 1.142628 -0.135253
v -0.858442 1.195328 -0.127053
v -0.909242 1.252528 -0.120353
v -0.724942 1.106128 -0.124953
v -0.762742 1.094327 -0.144753
v -0.848842 1.126128 -0.151153
v -0.896342 1.178327 -0.142653
v -0.887942 1.106528 -0.160553
v -0.934042 1.158727 -0.151453
v -0.944242 1.236327 -0.135453
v -0.978542 1.217627 -0.143253
v -0.802042 1.078527 -0.160953
v -0.841142 1.058127 -0.171353
v -0.924242 1.084127 -0.159753
v -0.967842 1.136728 -0.148953
v -0.958042 1.059428 -0.151453
v -0.998842 1.112528 -0.139153
v -1.034842 1.172828 -0.130953
v -1.008142 1.196328 -0.140953
v -0.878842 1.034928 -0.173153
v -0.914342 1.010027 -0.166953
v -0.989542 1.033528 -0.141353
v -1.027342 1.087828 -0.129753
v -1.054742 1.061427 -0.118353
v -1.018942 1.006627 -0.128953
v -1.084442 1.122827 -0.111553
v -1.059642 1.148827 -0.121753
v -0.947942 0.983928 -0.156453
v -0.979242 0.957027 -0.143253
v -1.045542 0.978927 -0.112053
v -1.077842 1.035127 -0.102353
v -1.096942 1.009427 -0.081353
v -1.064842 0.953327 -0.088553
v -1.126242 1.070328 -0.079453
v -1.108442 1.095427 -0.098053
v -1.006342 0.929928 -0.124853
v -1.027942 0.903827 -0.099753
v -1.080242 0.927927 -0.060553
v -1.112942 0.983727 -0.056053
v -1.125642 0.958328 -0.027153
v -1.091842 0.902927 -0.029353
v -1.156742 1.019028 -0.031353
v -1.142742 1.044627 -0.057153
v -1.041642 0.879927 -0.069153
v -1.050542 0.857727 -0.037153
v -1.099442 0.878628 0.004047
v -1.133942 0.933927 0.004747
v -1.137342 0.911127 0.039847
v -1.100342 0.858027 0.038847
v -1.172742 0.970427 0.029847
v -1.166642 0.994428 -0.002653
v -1.056142 0.836428 -0.004553
v -1.057542 0.816828 0.028747
v -1.095142 0.840028 0.074647
v -1.135242 0.890427 0.078047
v -1.130742 0.871727 0.117347
v -1.088842 0.823528 0.110747
v -1.170842 0.927927 0.106547
v -1.174342 0.947728 0.066447
v -1.054742 0.799228 0.062347
v -1.050342 0.782627 0.096847
v -1.088042 0.806827 0.147347
v -1.129842 0.853527 0.154747
v -1.123742 0.838127 0.193247
v -1.082042 0.792327 0.185047
v -1.166142 0.888627 0.189547
v -1.170242 0.907327 0.147847
v -1.047242 0.765727 0.132847
v -1.041542 0.750528 0.169747
v -1.065942 0.783327 0.221747
v -1.107142 0.828428 0.230347
v -1.080842 0.826027 0.262047
v -1.040342 0.781127 0.253347
v -1.125242 0.868328 0.265447
v -1.150342 0.874627 0.229847
v -1.028242 0.739628 0.207347
v -1.006942 0.734928 0.241647
v -1.010842 0.784327 0.275347
v -1.049942 0.829528 0.286347
v -1.017542 0.833827 0.309847
v -0.977942 0.788428 0.297147
v -1.061642 0.873527 0.325747
v -1.094742 0.869227 0.295547
v -0.978442 0.738128 0.265047
v -0.939842 0.746228 0.285547
v -0.959242 0.770828 0.349847
v -0.996642 0.815728 0.360647
v -1.033542 0.860628 0.368247
v -0.922642 0.729028 0.338047
v -0.894942 0.718828 0.389647
v -0.795442 0.831828 0.444547
v -0.838642 0.878228 0.452647
v -0.766542 0.865628 0.407047
v -0.809942 0.912127 0.417347
v -0.865042 0.946227 0.422547
v -0.888542 0.911027 0.458247
v -0.852442 0.728127 0.423347
v -0.806242 0.749828 0.440347
v -0.760042 0.783627 0.431447
v -0.732542 0.818528 0.390247
v -0.786942 0.950228 0.383447
v -0.836742 0.986527 0.395247
v -0.746342 0.899728 0.370347
v -0.726742 0.930528 0.344847
v -0.763742 0.986428 0.358947
v -0.814242 1.024227 0.380247
v -0.711942 0.850528 0.355147
v -0.691842 0.877528 0.332147
v -0.727442 1.118927 0.335247
v -0.691242 1.061027 0.318547
v -0.671442 1.084328 0.300947
v -0.708942 1.147228 0.314247
v -0.639642 1.019028 0.290447
v -0.623342 1.042727 0.266847
v -0.655742 1.109028 0.275847
v -0.693142 1.176927 0.286247
v -0.710942 1.042528 0.328247
v -0.748442 1.095228 0.346847
v -0.769642 1.074627 0.355747
v -0.728442 1.026227 0.336347
v -0.607142 0.957727 0.284047
v -0.590242 0.980828 0.260747
v -0.643842 1.132727 0.247447
v -0.681842 1.204028 0.252547
v -0.610242 1.065728 0.240147
v -0.576842 1.003328 0.234547
v -0.744642 1.009628 0.345647
v -0.792142 1.052028 0.367147
v -0.710542 0.950027 0.332047
v -0.677342 0.893927 0.321247
v -0.296442 0.227229 0.217047
v -0.247442 0.150329 0.193447
v -0.316342 0.212129 0.216147
v -0.269942 0.130528 0.197047
v -0.253742 -0.131472 0.178147
v -0.167342 -0.053573 0.156147
v -0.197542 0.006729 0.162647
v -0.269742 -0.054371 0.200747
v -0.363242 -0.104173 0.187947
v -0.349142 -0.186872 0.130947
v -0.351242 0.195027 0.263647
v -0.416142 0.175128 0.275047
v -0.389242 0.086928 0.257647
v -0.316142 0.108528 0.241647
v -0.374842 -0.011473 0.236647
v -0.290342 0.026127 0.221947
v -0.231442 0.064428 0.178847
v -0.151342 0.311628 0.258047
v -0.190742 0.378627 0.258447
v -0.224842 0.341128 0.273547
v -0.185642 0.272928 0.273047
v -0.526742 0.138528 0.205747
v -0.480242 0.152628 0.259947
v -0.459742 0.069929 0.233447
v -0.503542 0.063828 0.168547
v -0.444642 -0.019772 0.189147
v -0.427842 -0.107872 0.129547
v -0.476842 -0.013272 0.115047
v -0.448642 -0.090273 0.053247
v -0.435542 -0.162973 -0.073553
v -0.456042 -0.088373 -0.018953
v -0.423742 -0.166571 -0.010153
v -0.451042 -0.081272 -0.080153
v -0.433642 -0.156572 -0.128853
v -0.406142 -0.187971 0.062747
v -0.515842 0.159828 0.052847
v -0.527242 0.142527 0.125147
v -0.494242 0.066929 0.080347
v -0.477442 0.079929 0.001847
v -0.470242 -0.010272 0.032047
v -0.472442 -0.006472 -0.035953
v -0.518542 0.093228 -0.022753
v -0.556942 0.169128 0.027647
v -0.168342 0.053527 0.205747
v -0.138842 -0.005172 0.207647
v -0.130642 0.023428 0.232047
v -0.162042 0.082327 0.230247
v -0.098542 -0.042572 0.233847
v -0.109542 -0.071072 0.210947
v -0.079242 -0.007773 0.258247
v -0.113042 0.057828 0.256947
v -0.146342 0.116328 0.255247
v -0.201842 0.109728 0.205647
v -0.196342 0.138827 0.230547
v -0.181442 0.173427 0.255147
v -0.076442 -0.148872 0.214647
v -0.083042 -0.167472 0.197247
v -0.114942 -0.090973 0.193147
v -0.141942 -0.025473 0.188647
v -0.171042 0.032427 0.186747
v -0.043542 -0.086172 0.260347
v -0.064042 -0.121673 0.236447
v -0.205342 0.088529 0.185547
v -0.435642 -0.134973 -0.160153
v -0.473742 -0.110973 -0.167753
v -0.469942 -0.061172 -0.109653
v -0.507642 -0.036573 -0.115853
v -0.494942 0.013628 -0.063753
v -0.533942 0.040628 -0.067653
v -0.474942 -0.146573 -0.233453
v -0.481942 -0.106173 -0.259253
v -0.540142 -0.003873 -0.128253
v -0.505942 -0.080373 -0.181153
v -0.523642 -0.043573 -0.206153
v -0.561542 0.032228 -0.149953
v -0.572242 0.062927 -0.182453
v -0.608342 0.137128 -0.120253
v -0.614542 0.160329 -0.150153
v -0.571642 0.093427 -0.217753
v -0.595642 0.109928 -0.094153
v -0.571642 0.073628 -0.075853
v -0.472642 -0.064073 -0.292053
v -0.452442 -0.020073 -0.324253
v -0.413642 -0.058273 -0.356353
v -0.525942 -0.007373 -0.242853
v -0.511742 0.031527 -0.278453
v -0.391942 0.021927 -0.424253
v -0.422242 0.067227 -0.406153
v -0.440742 0.024727 -0.357553
v -0.403642 -0.012373 -0.386453
v -0.566542 0.126427 -0.248253
v -0.506142 0.070427 -0.312853
v -0.559142 0.160827 -0.277153
v -0.496042 0.111027 -0.344253
v -0.580042 0.274027 -0.247853
v -0.599042 0.244127 -0.227353
v -0.539642 0.196227 -0.299953
v -0.516042 0.227227 -0.320953
v -0.610042 0.212727 -0.203553
v -0.614142 0.185427 -0.177553
v -0.386742 0.146227 -0.458353
v -0.338342 0.134027 -0.518853
v -0.363742 0.105627 -0.503453
v -0.411742 0.115127 -0.435953
v -0.447742 0.181027 -0.390753
v -0.472842 0.149227 -0.367753
v -0.538242 0.318028 -0.299353
v -0.560642 0.297327 -0.270153
v -0.494542 0.250527 -0.344953
v -0.469842 0.272327 -0.376353
v -0.313242 0.184428 -0.485753
v -0.264942 0.162827 -0.524653
v -0.308742 0.151627 -0.526053
v -0.358242 0.168327 -0.477853
v -0.389342 0.226627 -0.441353
v -0.423242 0.204127 -0.415453
v -0.477142 0.364127 -0.385753
v -0.510042 0.339727 -0.340953
v -0.380242 0.324227 -0.437953
v -0.430942 0.297027 -0.413953
v -0.191942 0.166527 -0.508053
v -0.243042 0.194927 -0.469953
v -0.182842 0.233227 -0.475453
v -0.276942 0.279827 -0.468653
v -0.334142 0.250827 -0.458753
v -0.390042 0.426827 -0.425553
v -0.434642 0.393727 -0.414353
v -0.336742 0.357827 -0.452253
v -0.298042 0.396328 -0.454953
v -0.147642 0.280727 -0.490153
v -0.082642 0.252727 -0.510653
v -0.121842 0.329827 -0.492753
v -0.056742 0.304627 -0.513753
v -0.207742 0.363827 -0.483353
v -0.237542 0.317927 -0.478453
v -0.314442 0.493427 -0.409253
v -0.350342 0.458128 -0.417653
v -0.264042 0.434928 -0.444353
v -0.231642 0.474727 -0.429753
v -0.099742 0.384627 -0.490253
v -0.033142 0.357827 -0.511853
v -0.076342 0.439027 -0.482353
v -0.003842 0.410728 -0.504953
v -0.182042 0.414127 -0.478853
v -0.152942 0.459427 -0.458053
v -0.237442 0.577127 -0.393953
v -0.275542 0.534027 -0.401853
v -0.197942 0.517027 -0.420053
v -0.164842 0.559027 -0.411253
v -0.018442 0.528528 -0.461653
v 0.068958 0.511027 -0.500553
v 0.032058 0.464027 -0.502153
v -0.047842 0.486827 -0.471353
v -0.093942 0.543427 -0.432453
v -0.123142 0.502827 -0.443553
v -0.132642 0.597428 -0.397853
v -0.201542 0.618728 -0.379053
v -0.162542 0.649527 -0.353653
v -0.097042 0.627127 -0.376653
v 0.044158 0.588228 -0.433253
v 0.140258 0.566828 -0.478953
v 0.103158 0.545728 -0.495853
v 0.011058 0.561827 -0.450453
v -0.031442 0.607127 -0.400953
v -0.064642 0.578828 -0.419553
v -0.093842 0.616028 -0.262853
v -0.125342 0.638727 -0.309153
v -0.060542 0.618527 -0.336253
v -0.031942 0.594327 -0.294453
v 0.110958 0.563728 -0.361953
v 0.210658 0.548628 -0.412353
v 0.177558 0.559428 -0.446453
v 0.080558 0.582628 -0.397853
v 0.033458 0.578428 -0.324953
v 0.004958 0.601327 -0.363353
v 0.004358 0.545428 -0.207253
v -0.009842 0.574228 -0.253753
v -0.068042 0.593828 -0.214253
v -0.053142 0.560427 -0.160753
v 0.054658 0.561228 -0.291053
v 0.068058 0.538028 -0.252553
v 0.151158 0.537028 -0.294453
v 0.134158 0.551827 -0.331053
v 0.355358 0.539327 -0.417253
v 0.364558 0.506527 -0.375653
v 0.259158 0.531927 -0.337653
v 0.237358 0.543227 -0.378753
v 0.347958 0.446427 -0.369153
v 0.326958 0.397827 -0.346253
v 0.401458 0.418027 -0.324753
v -0.076142 0.188429 0.252447
v -0.112942 0.248727 0.255047
v -0.148642 0.212227 0.270747
v -0.113342 0.155228 0.267447
v -0.109642 0.371728 0.202547
v -0.153242 0.443227 0.201247
v -0.169942 0.410427 0.231747
v -0.128842 0.342127 0.231947
v -0.121542 0.416727 0.105047
v -0.162842 0.499427 0.103647
v -0.145442 0.478027 0.157947
v -0.099042 0.401627 0.160847
v -0.159442 0.551627 0.002747
v -0.158842 0.587627 -0.053253
v -0.105942 0.541528 -0.065153
v -0.103742 0.483327 0.001547
v -0.166642 0.522028 0.052747
v -0.123442 0.446227 0.056047
v 0.003858 0.444027 -0.097353
v 0.006658 0.496228 -0.152453
v -0.051042 0.511628 -0.101753
v -0.050442 0.459528 -0.048353
v 0.240158 0.404527 -0.301253
v 0.295458 0.415427 -0.243053
v 0.141558 0.436027 -0.220353
v 0.180558 0.404728 -0.153253
v 0.086558 0.392628 -0.085253
v 0.064958 0.439027 -0.155353
v 0.021458 0.412428 -0.037053
v 0.246658 0.475727 -0.320153
v 0.148658 0.494227 -0.258153
v 0.067158 0.492328 -0.207053
v 0.067558 -0.053272 0.281047
v 0.029858 0.002627 0.272347
v -0.007642 -0.039873 0.281347
v 0.032258 -0.105972 0.291947
v -0.043842 0.033929 0.274047
v -0.005942 0.068328 0.260847
v -0.041042 0.129327 0.253947
v -0.078742 0.097427 0.269147
v -0.042742 0.205027 0.226147
v -0.085042 0.272728 0.227647
v -0.058242 0.290928 0.196147
v -0.008642 0.212328 0.196647
v 0.066958 0.038828 0.245547
v 0.050558 0.025828 0.257147
v 0.079958 -0.016972 0.264547
v 0.022058 0.081528 0.244447
v 0.046858 0.085627 0.230947
v -0.008242 0.141127 0.232747
v 0.023658 0.144427 0.212847
v 0.018358 0.211128 0.156547
v -0.040242 0.303628 0.151947
v -0.062942 0.304027 0.087847
v 0.041558 0.168327 0.026347
v 0.083358 0.084728 0.211147
v 0.084158 0.150427 0.184747
v 0.052358 0.146328 0.193847
v -0.935142 0.936528 0.474647
v -0.908142 0.973228 0.439947
v -0.968042 0.906328 0.481647
v -1.005042 0.887428 0.464347
v -1.041642 0.883828 0.429347
v -1.075942 0.894428 0.385147
v -1.106642 0.902227 0.342047
v -1.139842 0.901728 0.304247
v -1.170242 0.906328 0.266247
v -1.195342 0.919927 0.223347
v -1.210942 0.943228 0.173947
v -1.210842 0.965527 0.125347
v -1.214142 0.984728 0.082647
v -1.212842 1.008027 0.044047
v -1.207242 1.033528 0.010447
v -1.197242 1.059527 -0.017953
v -1.182842 1.085527 -0.042153
v -1.167842 1.111028 -0.063753
v -1.148642 1.137527 -0.081953
v -1.126842 1.165128 -0.096653
v -1.104942 1.192027 -0.108453
v -1.083342 1.218027 -0.117953
v -1.063042 1.241927 -0.128153
v -1.042842 1.263727 -0.134753
v -1.020142 1.283627 -0.133953
v -0.992942 1.300728 -0.126853
v -0.964442 1.313728 -0.115453
v -0.937442 1.324128 -0.100753
v -0.914042 1.324828 -0.079353
v -0.891642 1.322627 -0.054953
v -0.867242 1.320728 -0.030153
v -0.840542 1.320628 -0.003953
v -0.812542 1.321927 0.024747
v -0.785042 1.323727 0.057347
v -0.761542 1.321127 0.096347
v -0.744142 1.311327 0.142647
v -0.735042 1.291928 0.193447
v -0.734742 1.266528 0.243847
v -0.745242 1.235628 0.290447
v -0.756442 1.197527 0.329947
v -0.776942 1.157328 0.355647
v -0.806342 1.121027 0.371147
v -0.834642 1.090328 0.386147
v -0.861742 1.058328 0.399347
v -0.880142 1.023727 0.409147
v -0.882642 0.997328 0.412847
v 0.279258 -0.124873 0.292847
v 0.208058 -0.154271 0.277847
v 0.162258 -0.093973 0.300947
v 0.220158 -0.072072 0.313047
v 0.081658 -0.147873 0.301547
v 0.113658 -0.084272 0.278647
v 0.007058 0.414328 0.048047
v -0.056842 0.390128 0.005847
v -0.028442 0.385628 -0.024453
v -0.005142 0.375428 0.065747
v -0.071042 0.343928 0.038047
v 0.012958 0.307428 0.084547
v 0.051558 0.320727 0.144147
v 0.086658 0.249828 0.175447
v 0.099658 0.191327 0.236047
vn 0.0305 0.7887 0.6141
vn 0.0791 0.8966 0.4357
vn 0.3271 0.8299 0.4520
vn 0.3102 0.7664 0.5625
vn 0.0390 0.9992 0.0118
vn 0.1041 0.9925 0.0637
vn 0.1946 0.9782 0.0725
vn 0.4791 0.7892 0.3842
vn 0.5001 0.7497 0.4334
vn 0.6986 0.6651 0.2639
vn 0.5919 0.7330 0.3352
vn 0.6054 0.7473 0.2738
vn 0.7824 0.5938 0.1880
vn 0.3992 0.9164 0.0299
vn 0.5750 0.8174 -0.0352
vn 0.4491 0.5218 0.7252
vn 0.5889 0.5678 0.5752
vn 0.6743 0.1254 0.7277
vn 0.5675 0.0414 0.8224
vn 0.4242 -0.0254 0.9052
vn 0.1967 0.4390 0.8767
vn 0.6785 0.5940 0.4322
vn 0.7710 0.2640 0.5795
vn 0.7518 0.6040 0.2645
vn 0.8125 0.3686 0.4516
vn 0.8567 0.4850 0.1758
vn 0.8728 0.3233 0.3657
vn 0.7246 0.6867 0.0591
vn 0.8318 0.4442 0.3330
vn -0.0428 0.9946 -0.0941
vn -0.1758 0.8789 -0.4434
vn -0.1680 0.8795 -0.4452
vn -0.0393 0.9250 -0.3780
vn 0.0323 0.9766 -0.2124
vn -0.1612 0.8918 -0.4227
vn -0.2068 0.8615 -0.4638
vn -0.1370 0.8721 -0.4697
vn -0.1773 0.9129 -0.3676
vn -0.0970 0.9447 -0.3134
vn -0.0670 0.9115 -0.4058
vn 0.0848 0.9391 -0.3331
vn 0.0438 0.9554 -0.2920
vn 0.1874 0.9372 -0.2942
vn 0.1981 0.9294 -0.3114
vn 0.1785 0.9435 -0.2792
vn 0.1610 0.9449 -0.2851
vn 0.3293 0.9290 -0.1686
vn 0.6455 0.7629 0.0360
vn 0.2810 0.9218 -0.2671
vn 0.6300 -0.2701 0.7281
vn 0.6253 -0.3118 0.7154
vn 0.6125 -0.3360 0.7155
vn 0.6001 -0.3293 0.7290
vn 0.6511 -0.1477 0.7445
vn 0.7293 -0.1652 0.6639
vn 0.7450 -0.0289 0.6664
vn 0.8788 0.0291 0.4762
vn 0.8450 0.1068 0.5240
vn 0.9556 0.1401 0.2591
vn 0.8843 0.2794 0.3741
vn 0.9410 0.2681 0.2067
vn 0.7484 0.6501 0.1317
vn 0.9058 0.3950 0.1530
vn 0.7185 0.6899 -0.0885
vn 0.8941 0.4425 0.0695
vn 0.2513 0.8995 -0.3575
vn 0.6689 0.7066 -0.2310
vn 0.1793 0.8894 -0.4206
vn 0.9049 0.4158 -0.0911
vn 0.6173 0.6403 -0.4570
vn 0.9118 0.2985 -0.2819
vn 0.1136 0.8567 -0.5031
vn 0.0176 0.8583 -0.5128
vn 0.5603 0.6413 -0.5242
vn 0.9136 0.2299 -0.3354
vn 0.9834 0.1280 0.1288
vn 0.9691 0.1909 -0.1564
vn 0.6201 0.7094 -0.3351
vn 0.6733 0.7393 0.0002
vn -0.0217 0.9380 -0.3461
vn -0.0232 0.9956 -0.0903
vn -0.2826 0.8762 -0.3904
vn -0.1987 0.9466 -0.2539
vn -0.1830 0.8783 -0.4416
vn -0.1993 0.8566 -0.4760
vn -0.0903 0.9946 -0.0506
vn -0.0561 0.9886 -0.1394
vn -0.1750 0.8718 -0.4575
vn -0.0060 0.9817 -0.1901
vn -0.1212 0.9006 -0.4174
vn 0.0318 0.9188 -0.3934
vn 0.1156 0.9872 -0.1101
vn 0.3199 0.9445 -0.0753
vn 0.2108 0.9132 -0.3488
vn 0.3464 0.8853 -0.3102
vn 0.4581 0.8805 -0.1216
vn 0.5419 0.8223 -0.1738
vn 0.4058 0.8847 -0.2294
vn 0.5743 0.8009 -0.1694
vn 0.5911 0.8015 -0.0900
vn 0.3987 0.8981 -0.1855
vn 0.3306 0.9278 -0.1729
vn 0.5920 0.8060 0.0007
vn 0.5525 0.8335 -0.0093
vn 0.2805 0.9238 -0.2605
vn 0.2246 0.9315 -0.2860
vn 0.1771 0.9258 -0.3340
vn 0.4850 0.8742 -0.0237
vn 0.4248 0.8992 -0.1045
vn 0.1066 0.9112 -0.3979
vn 0.0238 0.9176 -0.3967
vn 0.3348 0.9154 -0.2234
vn 0.2574 0.9263 -0.2752
vn -0.0645 0.9641 -0.2575
vn 0.2421 0.9462 -0.2146
vn -0.0871 0.9930 -0.0792
vn 0.3041 0.9470 -0.1031
vn 0.1205 0.9257 0.3586
vn 0.2045 0.8936 0.3995
vn 0.3349 0.3518 0.8741
vn 0.3121 0.4116 0.8563
vn 0.3311 0.2947 0.8964
vn 0.2593 0.8550 0.4491
vn 0.3202 0.7830 0.5333
vn 0.2816 0.2616 0.9232
vn 0.3326 0.2905 0.8972
vn 0.4609 0.7336 0.4994
vn 0.8086 -0.0597 0.5853
vn 0.8168 0.5140 0.2622
vn 0.6590 0.6647 0.3519
vn 0.6451 0.3443 0.6821
vn 0.5491 0.2687 0.7914
vn 0.7157 -0.0887 0.6928
vn 0.3097 0.1986 0.9299
vn 0.4734 0.0114 0.8808
vn 0.8764 0.4547 0.1586
vn 0.8346 -0.2018 0.5126
vn 0.9000 -0.1064 0.4228
vn 0.8767 0.4619 0.1343
vn 0.8613 0.4580 0.2201
vn 0.8163 0.4979 0.2927
vn 0.9118 -0.0219 0.4100
vn 0.8748 0.0113 0.4844
vn 0.7712 0.5526 0.3160
vn 0.7637 0.5999 0.2385
vn 0.8467 -0.0010 0.5320
vn 0.8688 -0.0497 0.4927
vn 0.9601 -0.1472 0.2377
vn 0.7823 0.6205 -0.0553
vn 0.7758 0.6242 0.0923
vn 0.9165 -0.1172 0.3824
vn 0.9459 0.0755 0.3156
vn 0.9363 0.2583 0.2381
vn 0.9531 0.2964 0.0605
vn 0.9593 -0.0198 0.2817
vn 0.9514 0.3013 -0.0634
vn 0.9646 -0.1484 0.2181
vn 0.6612 -0.3559 0.6604
vn 0.7360 -0.3138 0.5999
vn 0.7043 -0.4192 0.5729
vn 0.6995 -0.3730 0.6095
vn 0.6623 -0.5289 0.5307
vn 0.6905 -0.4127 0.5940
vn 0.9202 0.3839 -0.0762
vn 0.9547 -0.1383 0.2636
vn 0.8771 0.4801 -0.0129
vn 0.9105 -0.0314 0.4124
vn 0.6112 -0.5745 0.5444
vn 0.6321 -0.4297 0.6448
vn 0.5740 -0.5551 0.6020
vn 0.6165 -0.4367 0.6552
vn 0.7701 -0.2231 0.5976
vn 0.7661 -0.2311 0.5997
vn 0.7495 -0.2108 0.6276
vn 0.7736 -0.2307 0.5902
vn 0.7734 -0.1832 0.6069
vn 0.8212 -0.2063 0.5321
vn 0.8715 0.4893 0.0331
vn 0.8757 0.0350 0.4815
vn 0.9285 0.3703 -0.0258
vn 0.9064 -0.0681 0.4169
vn 0.6884 -0.4583 0.5622
vn 0.7993 -0.1670 0.5772
vn 0.7875 -0.1615 0.5948
vn 0.6491 -0.4488 0.6142
vn 0.8202 -0.1352 0.5558
vn 0.8187 -0.1175 0.5621
vn 0.5771 -0.5220 0.6281
vn 0.5996 -0.5306 0.5991
vn 0.9758 0.1691 -0.1384
vn 0.9196 -0.2727 0.2827
vn 0.9899 -0.0176 -0.1409
vn 0.8514 -0.4633 0.2459
vn 0.9818 -0.1861 0.0369
vn 0.7465 -0.6103 0.2651
vn 0.9334 -0.2931 0.2068
vn 0.6912 -0.6892 0.2174
vn 0.6239 -0.5962 0.5053
vn 0.7187 -0.4825 0.5006
vn 0.6204 -0.6605 0.4229
vn 0.7138 -0.4940 0.4964
vn 0.8141 -0.1861 0.5501
vn 0.8294 -0.1150 0.5468
vn 0.8141 -0.1817 0.5516
vn 0.8158 -0.0853 0.5720
vn 0.6031 -0.7095 0.3644
vn 0.7059 -0.5015 0.5002
vn 0.5865 -0.7664 0.2621
vn 0.7158 -0.5500 0.4304
vn 0.8134 -0.1799 0.5532
vn 0.8086 -0.0998 0.5799
vn 0.8232 -0.2181 0.5242
vn 0.8292 -0.1505 0.5383
vn 0.5422 -0.8039 0.2444
vn 0.6830 -0.6019 0.4138
vn 0.6580 -0.7088 0.2543
vn 0.5854 -0.6760 0.4475
vn 0.4653 -0.8048 0.3684
vn 0.5988 -0.6228 0.5036
vn 0.8048 -0.2399 0.5428
vn 0.8247 -0.1231 0.5521
vn 0.7576 -0.2282 0.6115
vn 0.7899 -0.0528 0.6110
vn 0.7620 -0.2446 0.5996
vn 0.8165 -0.0574 0.5745
vn 0.5574 -0.6218 0.5501
vn 0.6146 -0.6096 0.5006
vn 0.8094 -0.2521 0.5303
vn 0.8448 -0.0906 0.5274
vn 0.6882 -0.5835 0.4311
vn 0.8418 -0.2612 0.4724
vn 0.8242 -0.2518 0.5072
vn 0.6511 -0.6022 0.4620
vn 0.8497 -0.1238 0.5125
vn 0.8683 -0.1232 0.4806
vn 0.8447 -0.2963 0.4457
vn 0.8840 -0.1047 0.4555
vn 0.7291 -0.5489 0.4087
vn 0.7731 -0.5360 0.3391
vn 0.8716 -0.3502 0.3430
vn 0.9257 -0.1662 0.3397
vn 0.3901 -0.1822 0.9026
vn 0.6672 -0.4084 0.6230
vn 0.5235 -0.6701 0.5263
vn 0.2951 -0.5164 0.8039
vn 0.5894 -0.6765 0.4414
vn 0.6799 -0.4997 0.5368
vn 0.5774 -0.5790 0.5756
vn 0.4872 -0.6763 0.5525
vn 0.4994 -0.6274 0.5975
vn 0.6697 -0.4832 0.5639
vn 0.7783 -0.3722 0.5056
vn 0.5871 -0.6004 0.5430
vn 0.6290 -0.5791 0.5187
vn 0.7877 -0.3255 0.5230
vn 0.7502 -0.3728 0.5460
vn 0.6117 -0.6008 0.5147
vn 0.5956 -0.6399 0.4855
vn 0.7230 -0.4672 0.5090
vn 0.6366 -0.5405 0.5501
vn 0.6996 -0.4725 0.5360
vn 0.8506 0.0152 0.5256
vn 0.8396 -0.0617 0.5397
vn 0.8827 0.1342 0.4504
vn 0.7749 -0.3814 0.5040
vn 0.7779 0.2372 0.5819
vn 0.7833 -0.1156 0.6108
vn 0.8127 -0.1459 0.5641
vn 0.8179 0.2056 0.5374
vn 0.8712 -0.1796 0.4568
vn 0.8808 0.1286 0.4557
vn 0.8238 -0.1037 0.5573
vn 0.7778 0.2101 0.5923
vn 0.8271 -0.1263 0.5477
vn 0.8458 0.1308 0.5173
vn 0.8555 -0.1349 0.5000
vn 0.8953 0.0760 0.4388
vn 0.8019 -0.0388 0.5962
vn 0.7592 0.2542 0.5991
vn 0.7864 -0.0360 0.6167
vn 0.7314 0.2919 0.6163
vn 0.8450 -0.1175 0.5217
vn 0.8606 0.1755 0.4781
vn 0.8569 -0.0779 0.5095
vn 0.8800 0.1724 0.4425
vn 0.8110 0.0438 0.5835
vn 0.8047 0.3015 0.5115
vn 0.8417 0.0557 0.5371
vn 0.8236 0.3175 0.4699
vn 0.8414 0.0376 0.5391
vn 0.8077 0.3477 0.4762
vn 0.8795 0.0211 0.4754
vn 0.8666 0.3324 0.3721
vn 0.8867 0.1085 0.4495
vn 0.8368 0.3974 0.3765
vn 0.8856 0.2074 0.4155
vn 0.8228 0.4522 0.3441
vn 0.9332 0.1651 0.3193
vn 0.8486 0.4307 0.3072
vn 0.4866 0.8697 0.0829
vn 0.8170 0.4705 0.3334
vn 0.7916 0.5031 0.3467
vn 0.4735 0.8766 0.0857
vn 0.8578 0.1220 0.4993
vn 0.8909 0.0542 0.4510
vn 0.6421 0.6237 0.4457
vn 0.3069 0.9409 0.1435
vn 0.6458 0.6327 0.4274
vn 0.2542 0.9537 0.1606
vn 0.7137 0.5879 0.3808
vn 0.2931 0.9407 0.1708
vn 0.5971 0.6354 0.4896
vn 0.2144 0.9428 0.2554
vn 0.7608 0.5068 0.4053
vn 0.4512 0.8715 0.1921
vn 0.8635 0.3877 0.3225
vn 0.6326 0.7665 0.1111
vn 0.6748 0.5731 0.4649
vn 0.4803 0.8596 0.1743
vn 0.5740 0.6527 0.4944
vn 0.2957 0.9285 0.2244
vn 0.7503 0.5498 0.3671
vn 0.4545 0.8824 0.1220
vn 0.7905 0.5211 0.3217
vn 0.4784 0.8752 0.0717
vn 0.6927 0.6301 0.3509
vn 0.3696 0.9244 0.0943
vn 0.6648 0.6690 0.3323
vn 0.3020 0.9463 0.1153
vn 0.6550 0.6926 0.3020
vn 0.3295 0.9397 0.0920
vn 0.6797 0.6866 0.2580
vn 0.3056 0.9421 0.1381
vn 0.6677 0.6881 0.2840
vn 0.3456 0.9242 0.1624
vn -0.4033 0.8579 -0.3184
vn -0.1802 0.9836 -0.0032
vn -0.0342 0.9853 -0.1675
vn -0.3450 0.8255 -0.4467
vn 0.3948 0.9041 0.1634
vn 0.1627 0.9300 0.3296
vn 0.0051 0.9745 -0.2242
vn -0.3628 0.8017 -0.4751
vn -0.0245 0.9715 -0.2356
vn -0.4125 0.7787 -0.4728
vn -0.1562 0.9699 -0.1870
vn -0.4892 0.7705 -0.4086
vn -0.2140 0.9656 -0.1479
vn -0.5189 0.7694 -0.3726
vn -0.1740 0.9743 -0.1429
vn -0.4964 0.7860 -0.3685
vn -0.1983 0.9750 -0.1002
vn -0.4916 0.7861 -0.3747
vn -0.0656 0.9868 -0.1481
vn -0.4384 0.7878 -0.4326
vn 0.0839 0.9708 -0.2249
vn -0.3898 0.7958 -0.4634
vn 0.0241 0.9753 -0.2194
vn -0.4237 0.8016 -0.4217
vn -0.1082 0.9817 -0.1570
vn -0.4557 0.7967 -0.3970
vn -0.0216 0.9775 -0.2097
vn -0.4252 0.7987 -0.4257
vn -0.0446 0.9783 -0.2021
vn -0.4827 0.8038 -0.3478
vn -0.1321 0.9821 -0.1343
vn -0.5493 0.7872 -0.2805
vn -0.1661 0.9821 -0.0891
vn -0.5987 0.7566 -0.2630
vn -0.1436 0.9860 -0.0846
vn -0.6271 0.7387 -0.2472
vn -0.1524 0.9883 -0.0098
vn -0.6321 0.7532 -0.1820
vn -0.1141 0.9931 0.0273
vn -0.6003 0.7946 -0.0905
vn -0.1045 0.9445 -0.3115
vn 0.0157 0.9427 -0.3333
vn 0.6190 0.7814 -0.0790
vn 0.4855 0.8722 -0.0597
vn 0.1147 0.9570 -0.2663
vn 0.7534 0.6572 0.0229
vn -0.0856 0.9485 0.3050
vn 0.0889 0.9958 0.0215
vn -0.0147 0.8151 0.5791
vn 0.4762 0.7811 0.4039
vn 0.1562 0.3621 0.9190
vn 0.3915 -0.1739 0.9036
vn 0.5347 -0.3137 0.7847
vn 0.5845 0.1667 0.7941
vn 0.6611 -0.4303 0.6147
vn 0.7979 -0.3353 0.5010
vn 0.7784 -0.3857 0.4953
vn 0.7059 -0.4191 0.5710
vn 0.8586 -0.2644 0.4391
vn 0.8974 0.1270 0.4225
vn 0.1866 0.9528 -0.2393
vn 0.5773 0.8157 0.0364
vn 0.8148 0.4880 0.3128
vn 0.9544 0.0840 0.2866
vn -0.1815 0.9068 -0.3804
vn -0.0930 0.9715 -0.2179
vn -0.2482 0.9485 -0.1971
vn -0.2957 0.9112 -0.2867
vn -0.0036 0.9995 0.0329
vn 0.0789 0.9968 -0.0149
vn -0.0790 0.9929 0.0892
vn -0.3634 0.9220 -0.1333
vn -0.3866 0.9034 -0.1855
vn -0.4026 0.9092 -0.1065
vn -0.4259 0.8958 -0.1270
vn -0.1075 0.9850 0.1352
vn -0.1451 0.9717 0.1863
vn -0.4394 0.8965 -0.0571
vn -0.4714 0.8811 -0.0384
vn -0.4924 0.8686 0.0559
vn -0.5429 0.8361 0.0794
vn -0.1929 0.9423 0.2737
vn -0.2074 0.9103 0.3582
vn -0.5048 0.8464 0.1698
vn -0.5911 0.7925 0.1499
vn -0.4024 0.9018 0.1577
vn -0.5214 0.8467 0.1062
vn -0.1510 0.9328 0.3272
vn -0.0786 0.9785 0.1908
vn -0.2531 0.9650 0.0688
vn -0.3916 0.9190 0.0453
vn -0.4615 0.8817 -0.0979
vn -0.4616 0.8855 0.0535
vn -0.6856 0.7019 0.1928
vn -0.7521 0.6589 0.0142
vn -0.5034 0.8398 0.2033
vn -0.7594 0.4082 0.5066
vn -0.9074 0.2242 0.3554
vn -0.9671 0.1899 0.1693
vn -0.3075 0.7164 0.6262
vn -0.5511 0.6266 0.5510
vn -0.2796 0.9479 0.1529
vn -0.0933 0.9768 0.1929
vn -0.1757 0.9683 -0.1773
vn -0.2626 0.9264 -0.2698
vn -0.0202 0.9794 -0.2009
vn 0.1607 0.9868 0.0177
vn 0.4887 0.8712 0.0462
vn 0.4408 0.8654 0.2384
vn -0.1379 0.9864 -0.0898
vn -0.1089 0.9929 -0.0470
vn -0.2175 0.9569 -0.1923
vn -0.2299 0.9584 -0.1691
vn 0.3119 -0.0527 0.9487
vn 0.3230 -0.0792 0.9431
vn 0.2938 -0.0924 0.9514
vn 0.2509 -0.1290 0.9594
vn 0.2973 -0.0187 0.9546
vn 0.2715 -0.0672 0.9601
vn 0.1897 0.0041 0.9818
vn 0.2656 0.0608 0.9622
vn 0.1228 0.0886 0.9885
vn 0.1948 -0.0605 0.9790
vn 0.1353 0.0758 0.9879
vn 0.1122 -0.2282 0.9671
vn 0.1093 0.9116 0.3963
vn 0.3048 0.3237 0.8957
vn 0.0942 0.8505 0.5175
vn 0.3785 0.0937 0.9208
vn 0.2268 0.9255 0.3033
vn 0.4064 0.8030 0.4358
vn 0.4514 0.6786 0.5794
vn 0.0649 0.9606 0.2704
vn 0.3702 0.8550 0.3632
vn 0.4180 0.8152 0.4010
vn 0.0370 0.9118 0.4089
vn 0.3561 0.4363 0.8263
vn 0.2446 -0.0255 0.9693
vn 0.3240 -0.1497 0.9341
vn 0.4135 0.1926 0.8899
vn 0.4347 0.2389 0.8683
vn 0.5926 0.7456 0.3048
vn 0.5163 0.7871 0.3376
vn 0.6458 0.7245 0.2411
vn 0.4785 0.3188 0.8182
vn 0.5396 0.0956 0.8365
vn 0.4921 0.1006 0.8647
vn 0.5333 0.7690 0.3526
vn 0.5622 0.7668 0.3097
vn 0.5555 0.3457 0.7563
vn 0.4818 0.8661 0.1331
vn 0.5633 0.6667 0.4881
vn 0.2984 0.9435 -0.1439
vn 0.4774 0.8628 0.1662
vn 0.2146 0.9137 -0.3452
vn 0.4765 0.8691 0.1325
vn 0.1636 0.9589 -0.2319
vn 0.5294 0.8261 0.1932
vn 0.2487 0.9642 -0.0919
vn 0.5134 0.8000 0.3106
vn 0.3519 0.9338 0.0652
vn 0.3651 0.9299 -0.0449
vn 0.1468 0.8947 -0.4218
vn 0.1367 0.9385 -0.3172
vn 0.2818 0.9519 0.1203
vn 0.1725 0.9850 -0.0090
vn 0.2301 0.9049 0.3581
vn 0.5147 0.8422 -0.1603
vn 0.3021 0.8890 -0.3440
vn 0.2229 0.8856 -0.4076
vn 0.4501 0.8834 -0.1308
vn 0.5036 0.8608 -0.0734
vn 0.4104 0.8831 -0.2274
vn 0.3413 0.9027 -0.2621
vn 0.5318 0.8371 -0.1286
vn 0.5601 0.7781 -0.2843
vn 0.5351 0.8110 -0.2366
vn 0.5010 0.8573 -0.1186
vn 0.5007 0.8410 -0.2049
vn 0.2639 0.9506 0.1634
vn 0.3394 0.9285 0.1506
vn 0.3749 0.8855 0.2744
vn 0.2804 0.9381 0.2034
vn 0.3221 0.8978 0.3003
vn 0.2374 0.9439 0.2297
vn 0.2075 0.9762 0.0623
vn 0.1869 0.9708 0.1503
vn 0.2895 0.9385 0.1882
vn 0.3316 0.9276 0.1718
vn 0.2466 0.9324 0.2642
vn 0.1676 0.9568 0.2378
vn 0.4505 0.8181 0.3575
vn 0.3324 0.9064 0.2606
vn 0.3467 0.9046 0.2481
vn 0.4417 0.8394 0.3167
vn 0.3381 0.8911 0.3028
vn 0.4417 0.8142 0.3767
vn 0.4651 0.8188 0.3366
vn 0.4079 0.8690 0.2802
vn 0.3648 0.8698 0.3321
vn 0.3329 0.8804 0.3377
vn 0.4433 0.8360 0.3234
vn 0.3532 0.8580 0.3729
vn 0.2413 0.9229 0.3001
vn 0.1502 0.9399 0.3068
vn 0.2455 0.9060 0.3448
vn 0.2686 0.8609 0.4321
vn 0.1219 0.9218 0.3680
vn 0.2399 0.9183 0.3148
vn 0.2325 0.8967 0.3766
vn 0.2924 0.8572 0.4239
vn 0.3646 0.8492 0.3819
vn 0.3775 0.8374 0.3952
vn 0.3921 0.7881 0.4745
vn 0.6780 0.6795 0.2802
vn 0.8647 0.4422 0.2382
vn 0.8286 0.3536 0.4340
vn 0.6105 0.6574 0.4417
vn 0.0843 0.8918 0.4445
vn 0.2389 0.8236 0.5144
vn 0.2345 0.7777 0.5832
vn 0.0488 0.8575 0.5122
vn 0.3914 0.7843 0.4813
vn 0.5833 0.6292 0.5136
vn 0.3995 0.7487 0.5290
vn 0.2973 0.8149 0.4976
vn 0.3511 0.7568 0.5513
vn 0.4151 0.6827 0.6013
vn 0.3221 0.7393 0.5913
vn 0.0713 0.8656 0.4956
vn 0.1098 0.9222 0.3708
vn 0.4146 0.7512 0.5136
vn 0.9540 0.2125 0.2114
vn 0.9739 0.0421 0.2230
vn 0.9508 0.0584 0.3044
vn 0.9051 0.1236 0.4069
vn 0.7084 0.5046 0.4935
vn 0.7961 0.4972 0.3450
vn 0.6734 0.6106 0.4167
vn 0.5361 0.6630 0.5225
vn 0.5478 0.5812 0.6017
vn 0.6740 0.5181 0.5266
vn 0.1235 0.9507 0.2846
vn 0.1032 0.7723 0.6269
vn 0.5535 0.7341 0.3933
vn 0.6218 0.5626 0.5448
vn 0.9329 -0.1214 0.3392
vn 0.8350 -0.2144 0.5068
vn 0.8759 0.1703 0.4514
vn 0.9451 0.1245 0.3023
vn 0.8475 0.3952 0.3544
vn 0.8629 0.1617 0.4788
vn 0.8255 0.5052 0.2517
vn 0.8268 0.3342 0.4525
vn 0.7981 0.5546 0.2355
vn 0.7426 0.5086 0.4358
vn 0.7586 0.5211 0.3912
vn 0.8789 0.0567 0.4737
vn 0.5371 0.6271 0.5642
vn 0.7686 0.1821 0.6132
vn 0.8838 0.1092 0.4549
vn 0.9210 0.0214 0.3890
vn 0.8136 -0.2744 0.5125
vn 0.7773 -0.0791 0.6241
vn 0.8161 -0.2961 0.4963
vn 0.8330 -0.2371 0.4999
vn 0.8035 -0.2108 0.5567
vn 0.7271 -0.4750 0.4957
vn 0.7440 -0.4553 0.4891
vn 0.7509 -0.3553 0.5567
vn 0.7824 -0.2483 0.5712
vn 0.7692 -0.2307 0.5959
vn 0.7161 -0.3117 0.6246
vn 0.7414 -0.4136 0.5285
vn 0.7656 -0.3120 0.5626
vn 0.6892 -0.5599 0.4598
vn 0.7029 -0.5291 0.4754
vn 0.8132 -0.1735 0.5555
vn 0.5814 0.2630 0.7700
vn 0.8628 0.4951 0.1025
vn 0.9785 -0.1723 0.1135
vn 0.6088 -0.1050 0.7863
vn 0.7565 0.5107 -0.4085
vn 0.9058 -0.1687 -0.3886
vn 0.8434 0.4664 -0.2668
vn 0.9539 -0.2758 -0.1180
vn 0.7526 -0.4571 0.4740
vn 0.6071 0.5372 0.5855
vn 0.9067 0.2256 0.3563
vn 0.5421 -0.3397 0.7686
vn 0.6495 0.6237 0.4348
vn 0.5987 0.6060 0.5237
vn 0.6340 -0.0439 0.7721
vn 0.5975 -0.1672 0.7842
vn 0.6977 0.6239 0.3521
vn 0.6973 0.6188 0.3617
vn 0.6419 0.0205 0.7665
vn 0.6343 0.0521 0.7714
vn 0.6550 0.6550 0.3768
vn 0.6234 0.0846 0.7773
vn 0.5658 0.7083 0.4222
vn 0.5923 0.1506 0.7915
vn 0.4272 0.7500 0.5050
vn 0.5037 0.2299 0.8327
vn 0.2999 0.6872 0.6617
vn 0.3857 0.0978 0.9174
vn 0.4243 -0.4390 0.7920
vn 0.4401 -0.3306 0.8349
vn 0.3999 -0.4098 0.8198
vn 0.4247 -0.5407 0.7261
vn 0.2685 -0.6195 0.7377
vn 0.3327 -0.4767 0.8137
vn 0.3762 -0.4756 0.7952
vn 0.3523 -0.5930 0.7241
vn 0.2670 -0.7456 0.6105
vn 0.3454 -0.5601 0.7530
vn 0.3302 -0.5076 0.7958
vn 0.2439 -0.6654 0.7055
vn 0.3781 -0.6394 0.6695
vn 0.3989 -0.7203 0.5675
vn 0.2812 -0.8224 0.4945
vn 0.2945 -0.8577 0.4215
vn 0.3509 -0.8641 0.3607
vn 0.4990 -0.8258 0.2628
vn 0.7226 -0.6877 -0.0697
vn 0.5212 -0.7783 0.3502
vn 0.8272 -0.5396 -0.1569
vn 0.8038 -0.5221 0.2851
vn 0.5766 -0.7762 0.2551
vn 0.5084 -0.7840 0.3561
vn 0.5247 -0.4977 0.6906
vn 0.4478 -0.7994 0.4006
vn 0.3204 -0.8314 0.4541
vn 0.2332 -0.5215 0.8207
vn 0.1249 -0.6429 0.7557
vn 0.1754 -0.8666 0.4671
vn 0.1758 -0.8800 0.4412
vn 0.2061 -0.8096 0.5496
vn 0.3198 -0.8590 0.3998
vn 0.2416 -0.8671 0.4355
vn 0.3073 -0.8115 0.4970
vn 0.4244 -0.8129 0.3989
vn 0.4348 -0.6891 0.5797
vn 0.3214 -0.6158 0.7194
vn 0.4749 -0.1617 0.8651
vn 0.5398 -0.5378 0.6476
vn 0.6227 -0.5327 0.5731
vn 0.8018 -0.0482 0.5957
vn 0.7247 0.6124 0.3159
vn 0.4146 0.6955 0.5868
vn 0.1177 0.9168 0.3816
vn 0.5527 0.5911 0.5875
vn 0.4815 0.7773 0.4049
vn 0.1213 0.8738 0.4709
vn 0.5377 0.7303 0.4214
vn 0.3259 0.4242 0.8449
vn 0.7841 0.2336 0.5750
vn 0.8427 0.1775 0.5083
vn 0.8830 -0.0669 0.4646
vn 0.8638 0.1426 0.4832
vn 0.8396 0.1572 0.5200
vn 0.7835 -0.1062 0.6123
vn 0.8031 0.0624 0.5926
vn 0.8550 0.2372 0.4613
vn 0.8684 0.3129 0.3847
vn 0.9031 0.2858 0.3206
vn 0.8527 0.2294 0.4694
vn 0.8446 0.3975 0.3586
vn 0.8793 0.4089 0.2443
vn 0.8848 0.4503 0.1196
vn 0.8263 0.5620 -0.0364
vn 0.8441 0.5184 -0.1369
vn 0.7831 0.5531 -0.2842
vn 0.7912 0.6064 0.0800
vn 0.7046 0.5933 -0.3894
vn 0.8713 0.4531 -0.1887
vn 0.7158 -0.5517 0.4280
vn 0.6228 -0.6574 0.4242
vn 0.6637 -0.6622 0.3477
vn 0.7274 -0.5935 0.3445
vn 0.8847 -0.2363 0.4018
vn 0.9652 -0.1129 0.2358
vn 0.9859 -0.1399 0.0922
vn 0.6644 -0.6962 0.2720
vn 0.9721 -0.2292 0.0502
vn 0.6263 -0.7476 0.2208
vn 0.8019 0.5914 -0.0848
vn 0.9740 -0.1652 0.1552
vn 0.9334 -0.2797 0.2247
vn 0.8239 0.5666 0.0121
vn 0.7423 -0.6151 0.2656
vn 0.6907 -0.6804 0.2450
vn 0.6255 -0.7523 0.2067
vn 0.5907 -0.7733 0.2304
vn 0.6235 -0.7321 0.2743
vn 0.6144 -0.7337 0.2902
vn 0.9269 0.3521 -0.1301
vn 0.9757 -0.2077 0.0704
vn 0.9657 -0.1553 0.2080
vn 0.9397 0.3308 0.0872
vn 0.9128 0.2349 0.3340
vn 0.6900 0.7224 0.0456
vn 0.7630 0.6436 0.0601
vn 0.9400 0.0019 0.3411
vn 0.4726 0.6591 0.5850
vn 0.5478 0.7702 0.3267
vn 0.2746 0.9598 0.0587
vn 0.3109 0.7800 0.5431
vn 0.2428 0.9689 -0.0467
vn 0.5756 0.7782 0.2511
vn 0.1375 0.9737 -0.1818
vn 0.2222 0.9729 -0.0637
vn 0.2745 0.9356 -0.2221
vn 0.2191 0.9600 -0.1746
vn 0.8111 -0.0107 0.5848
vn 0.6161 0.7516 0.2354
vn 0.4098 0.8459 0.3415
vn 0.7392 0.1586 0.6546
vn 0.0266 0.9884 -0.1497
vn -0.0507 0.9944 -0.0931
vn 0.0246 0.9971 -0.0725
vn -0.0271 0.9980 -0.0568
vn 0.1881 0.9783 0.0864
vn 0.1823 0.9750 0.1270
vn 0.5606 0.7484 0.3544
vn 0.5556 0.7363 0.3862
vn 0.7917 0.3355 0.5106
vn 0.4746 0.8512 0.2242
vn 0.7998 0.4182 0.4306
vn 0.5425 0.8156 0.2013
vn -0.0329 0.9816 -0.1882
vn -0.0016 0.9764 -0.2159
vn -0.0780 0.9780 -0.1934
vn -0.0626 0.9532 -0.2958
vn 0.2128 0.9770 0.0167
vn 0.3107 0.9434 -0.1162
vn 0.6322 0.7238 0.2765
vn 0.7152 0.6870 0.1286
vn 0.4502 0.4652 0.7621
vn 0.6973 0.4752 0.5366
vn 0.6913 0.2190 0.6886
vn 0.4129 0.3004 0.8598
vn 0.8714 0.1481 0.4677
vn 0.8107 0.3989 0.4285
vn 0.7857 0.3402 0.5166
vn 0.8563 0.0802 0.5103
vn 0.7957 0.0244 0.6052
vn 0.7567 0.3538 0.5498
vn 0.8157 0.3731 0.4421
vn 0.8335 0.0226 0.5520
vn 0.9080 0.0908 0.4089
vn 0.8618 0.4202 0.2841
vn 0.8457 0.4827 0.2276
vn 0.6936 0.7159 0.0798
vn 0.9253 0.1687 0.3396
vn 0.9188 0.2202 0.3275
vn 0.8145 0.5372 0.2189
vn 0.6563 0.7501 0.0811
vn 0.8314 -0.3103 0.4609
vn 0.8776 -0.2607 0.4022
vn 0.7370 -0.5801 0.3469
vn 0.7444 -0.5520 0.3758
vn 0.7265 -0.6086 0.3191
vn 0.9013 -0.1995 0.3846
vn 0.5415 0.6026 0.5863
vn -0.1994 0.9568 0.2118
vn -0.1838 0.9748 -0.1265
vn 0.3230 0.9214 0.2160
vn 0.5618 0.7544 0.3395
vn 0.2912 0.8616 0.4157
vn 0.6376 0.4550 0.6216
vn 0.6681 0.6494 0.3633
vn 0.5724 0.6320 0.5223
vn 0.5159 0.4680 0.7175
vn 0.3184 0.4815 0.8166
vn 0.3752 0.3817 0.8447
vn 0.4302 0.3570 0.8292
vn 0.4314 0.2166 0.8758
vn 0.5009 0.7516 0.4293
vn 0.4560 0.7562 0.4693
vn 0.6253 0.0333 0.7796
vn 0.6542 0.5481 0.5212
vn 0.8937 0.3016 0.3321
vn 0.8456 -0.0560 0.5308
vn 0.8737 -0.1208 0.4712
vn 0.9457 0.1375 0.2947
vn 0.9443 0.0002 0.3291
vn 0.8122 -0.1964 0.5494
vn 0.7895 -0.2785 0.5470
vn 0.8128 -0.3813 0.4404
vn 0.1111 0.9769 -0.1824
vn 0.2793 0.9569 -0.0794
vn 0.4069 0.9106 -0.0721
vn 0.3405 0.9401 -0.0150
vn 0.5061 0.8618 0.0330
vn 0.4331 0.9014 -0.0013
vn 0.5468 0.8372 0.0013
vn 0.5277 0.8489 0.0306
vn 0.3814 0.9157 -0.1262
vn 0.4989 0.8666 0.0118
vn 0.5703 0.7996 0.1881
vn 0.6311 0.7594 0.1581
vn 0.7083 0.6350 0.3082
vn 0.5714 0.7692 0.2862
vn 0.4038 0.9100 0.0940
vn 0.4411 0.8523 0.2812
vn 0.3384 0.9337 -0.1174
vn 0.2001 0.9540 -0.2233
vn 0.1837 0.9444 -0.2728
vn 0.2296 0.9463 -0.2275
vn 0.3081 0.9487 0.0705
vn 0.3971 0.9114 0.1081
vn 0.4294 0.8356 0.3427
vn 0.5372 0.7497 0.3864
vn 0.3586 0.9149 -0.1856
vn 0.3165 0.8991 -0.3025
vn 0.5258 0.7820 -0.3347
vn 0.6256 0.7513 -0.2101
vn 0.7616 0.6139 0.2076
vn 0.7046 0.7087 -0.0349
vn 0.5572 0.8256 0.0884
vn 0.6517 0.6632 0.3681
vn 0.7819 0.6014 -0.1641
vn 0.5972 0.6912 -0.4070
vn 0.5866 0.7534 -0.2972
vn 0.7952 0.5975 -0.1030
vn 0.6478 0.7366 -0.1943
vn 0.5777 0.7566 -0.3064
vn 0.6901 0.6708 -0.2717
vn 0.7716 0.6327 -0.0663
vn -0.5867 0.6635 0.4642
vn -0.5425 0.5151 0.6636
vn -0.0984 0.6827 0.7240
vn -0.3084 0.7799 0.5447
vn -0.0500 0.6823 0.7294
vn -0.5406 0.4994 0.6770
vn 0.0225 0.6747 0.7377
vn 0.0021 0.6794 0.7338
vn -0.1427 0.8436 0.5177
vn 0.1659 0.6287 0.7598
vn 0.0704 0.7414 0.6673
vn -0.2137 0.7362 0.6421
vn -0.1302 0.6913 0.7107
vn -0.3614 0.9165 0.1715
vn -0.1905 0.9734 0.1269
vn -0.5665 0.8136 0.1307
vn -0.5687 0.6167 0.5443
vn -0.5506 0.5484 0.6294
vn -0.2270 0.9715 -0.0679
vn -0.0262 0.9217 0.3869
vn -0.2660 0.8953 0.3572
vn -0.3751 0.9269 0.0137
vn -0.5865 0.7447 0.3185
vn -0.5522 0.8336 0.0141
vn -0.5780 0.8020 0.1507
vn -0.4044 0.8975 0.1757
vn -0.2537 0.9655 0.0594
vn 0.1531 0.7840 0.6016
vn -0.1881 0.9793 0.0746
vn 0.2338 0.6223 0.7471
vn 0.2091 0.7572 0.6188
vn 0.1289 0.8534 0.5050
vn -0.1880 0.9772 0.0987
vn -0.2559 0.9659 0.0384
vn 0.0074 0.9075 0.4199
vn 0.0002 0.8991 0.4378
vn -0.2540 0.9632 -0.0876
vn -0.2674 0.9557 -0.1232
vn -0.0716 0.9294 0.3621
vn -0.0109 0.9592 0.2825
vn -0.2896 0.9536 -0.0826
vn 0.1447 0.8709 0.4697
vn -0.1707 0.9843 0.0448
vn 0.2503 0.7641 0.5946
vn 0.2468 0.7983 0.5494
vn 0.1155 0.9250 0.3621
vn -0.1823 0.9813 -0.0623
vn -0.0341 0.9850 -0.1689
vn 0.3859 0.8974 0.2139
vn -0.3329 0.8961 -0.2935
vn -0.3866 0.8792 -0.2786
vn -0.1013 0.9897 -0.1010
vn 0.4346 0.8248 0.3618
vn 0.0525 0.9819 0.1821
vn -0.2100 0.9588 -0.1913
vn 0.2556 0.8489 0.4626
vn 0.3112 0.8521 0.4208
vn -0.0542 0.9983 0.0224
vn -0.2604 0.9240 -0.2800
vn -0.1126 0.9790 0.1702
vn 0.0649 0.9113 0.4065
vn 0.0347 0.9269 0.3737
vn -0.2306 0.9723 0.0391
vn 0.2117 0.8587 0.4667
vn 0.2360 0.8717 0.4294
vn -0.2117 0.9773 0.0058
vn 0.1333 0.9466 0.2935
vn 0.3820 0.8199 0.4264
vn 0.0144 0.9807 0.1948
vn 0.3465 0.8334 0.4306
vn 0.5774 0.6551 0.4873
vn 0.6419 0.5285 0.5556
vn 0.5501 0.6212 0.5581
vn -0.1465 0.9818 -0.1209
vn 0.3604 0.8639 0.3518
vn -0.3439 0.8945 -0.2858
vn 0.1201 0.7070 0.6969
vn 0.1284 0.6826 0.7194
vn 0.4132 0.6576 0.6299
vn 0.3027 0.7263 0.6171
vn 0.5241 0.6381 0.5640
vn 0.7642 0.3472 0.5436
vn 0.8401 0.1308 0.5264
vn 0.6890 0.4761 0.5465
vn 0.9172 0.1008 0.3854
vn 0.8363 0.0441 0.5465
vn 0.7554 0.4858 0.4398
vn 0.9079 0.3422 0.2422
vn 0.8835 0.2608 0.3891
vn 0.7155 0.3159 0.6231
vn 0.6652 0.3775 0.6442
vn 0.6577 0.4313 0.6176
vn 0.6539 0.4328 0.6206
vn 0.7030 0.3447 0.6220
vn 0.7672 0.3438 0.5414
vn 0.7879 0.1804 0.5888
vn 0.5347 0.7888 0.3032
vn 0.5921 0.7936 0.1401
vn 0.7174 0.6079 0.3403
vn 0.5627 0.6633 0.4934
vn 0.4829 0.5766 0.6591
vn 0.5877 0.4741 0.6556
vn 0.7024 0.3082 0.6416
vn 0.5756 0.4988 0.6480
vn 0.5650 0.6432 0.5169
vn 0.5407 0.5746 0.6144
vn 0.5111 0.5546 0.6567
vn 0.4640 0.6213 0.6314
vn -0.5593 0.3466 -0.7530
vn -0.5204 0.6109 -0.5967
vn -0.5341 0.5544 -0.6382
vn -0.6084 0.2735 -0.7451
vn -0.5780 0.5190 -0.6297
vn -0.6749 0.2421 -0.6971
vn -0.6352 0.5134 -0.5770
vn -0.7443 0.2456 -0.6211
vn -0.6697 0.5310 -0.5191
vn -0.7620 0.2604 -0.5930
vn -0.7438 0.2653 -0.6135
vn -0.7516 0.2666 -0.6033
vn -0.6773 0.5282 -0.5121
vn -0.6696 0.5288 -0.5215
vn -0.6649 0.5175 -0.5386
vn -0.7428 0.2641 -0.6152
vn -0.6464 0.5111 -0.5665
vn -0.7450 0.2754 -0.6075
vn -0.6365 0.5169 -0.5724
vn -0.7357 0.2797 -0.6169
vn -0.6644 0.5108 -0.5456
vn -0.7479 0.2661 -0.6081
vn -0.6819 0.4982 -0.5355
vn -0.7749 0.2470 -0.5818
vn -0.7028 0.4993 -0.5067
vn -0.8184 0.2366 -0.5237
vn -0.7585 0.4904 -0.4292
vn -0.8562 0.1956 -0.4782
vn -0.8085 0.4345 -0.3970
vn -0.8903 0.1419 -0.4327
vn -0.8504 0.3719 -0.3721
vn -0.9198 0.1511 -0.3621
vn -0.8736 0.3545 -0.3333
vn -0.9229 0.2502 -0.2926
vn -0.9278 0.2962 -0.2267
vn -0.9186 0.2892 -0.2692
vn -0.8799 0.3845 -0.2791
vn -0.8894 0.4127 -0.1968
vn -0.9366 0.2817 -0.2082
vn -0.9082 0.3383 -0.2463
vn -0.9293 0.0837 -0.3596
vn -0.9677 0.0347 -0.2495
vn -0.9220 0.3174 -0.2218
vn -0.9318 0.0433 -0.3605
vn -0.6261 0.5077 -0.5918
vn -0.6094 0.3783 -0.6968
vn -0.6053 0.2267 -0.7631
vn -0.6604 0.3121 -0.6830
vn -0.5628 0.2068 -0.8003
vn -0.5567 0.3336 -0.7608
vn -0.6486 0.6033 -0.4640
vn -0.6411 0.5814 -0.5009
vn -0.7286 0.3295 -0.6005
vn -0.7534 0.3298 -0.5689
vn -0.6278 0.6124 -0.4805
vn -0.6491 0.6060 -0.4599
vn -0.7428 0.3457 -0.5733
vn -0.7234 0.3715 -0.5820
vn -0.5968 0.5756 -0.5590
vn -0.6101 0.6061 -0.5103
vn -0.7189 0.3920 -0.5740
vn -0.7132 0.3953 -0.5789
vn -0.6059 0.5169 -0.6047
vn -0.5910 0.5378 -0.6012
vn -0.6974 0.3710 -0.6132
vn -0.7020 0.3516 -0.6194
vn -0.6521 0.5451 -0.5269
vn -0.6367 0.5206 -0.5688
vn -0.7299 0.3385 -0.5938
vn -0.7615 0.3282 -0.5590
vn -0.7762 0.3243 -0.5407
vn -0.6402 0.5984 -0.4817
vn -0.7852 0.3697 -0.4967
vn -0.6059 0.6260 -0.4909
vn -0.8578 0.3472 -0.3790
vn -0.6801 0.3858 -0.6234
vn -0.6136 0.5466 -0.5698
vn -0.8226 0.3814 -0.4218
vn -0.9177 0.2123 -0.3359
vn -0.7270 0.2197 -0.6505
vn -0.9333 -0.0148 -0.3589
vn -0.6956 0.0927 -0.7124
vn -0.5516 0.5956 -0.5839
vn -0.4607 0.6049 -0.6495
vn -0.5994 0.6258 -0.4991
vn -0.4974 0.7624 -0.4139
vn -0.4396 0.7485 -0.4965
vn -0.3631 0.7398 -0.5664
vn -0.6050 0.6704 -0.4295
vn -0.5822 0.7107 -0.3950
vn -0.4673 0.8350 -0.2906
vn -0.5039 0.7993 -0.3274
vn -0.5655 0.7200 -0.4022
vn -0.5453 0.7136 -0.4398
vn -0.4195 0.8356 -0.3548
vn -0.4324 0.8435 -0.3187
vn -0.5116 0.7021 -0.4953
vn -0.4815 0.6766 -0.5571
vn -0.3481 0.8052 -0.4800
vn -0.3936 0.8301 -0.3951
vn 0.2016 0.9745 -0.0983
vn 0.2125 0.9583 -0.1909
vn -0.1625 0.9109 -0.3792
vn -0.2489 0.9251 -0.2867
vn -0.1577 0.8729 -0.4618
vn 0.1210 0.9525 -0.2796
vn 0.1885 0.9819 0.0160
vn -0.2774 0.9428 -0.1850
vn -0.2537 0.9558 -0.1486
vn 0.1901 0.9810 0.0391
vn 0.1828 0.9809 -0.0667
vn -0.2080 0.9568 -0.2034
vn -0.2089 0.9324 -0.2949
vn 0.1744 0.9633 -0.2039
vn -0.2225 0.9342 -0.2789
vn -0.4205 0.8319 -0.3621
vn -0.4414 0.8504 -0.2863
vn -0.1719 0.9654 -0.1960
vn 0.0289 0.9905 -0.1345
vn -0.0470 0.9834 -0.1753
vn -0.3591 0.8939 -0.2684
vn -0.1378 0.9784 -0.1539
vn -0.4470 0.8379 -0.3133
vn -0.4020 0.8977 -0.1806
vn -0.4881 0.8493 -0.2011
vn -0.0934 0.9917 -0.0882
vn -0.0052 0.9989 0.0456
vn -0.3764 0.9245 -0.0607
vn -0.5220 0.8469 -0.1009
vn -0.3372 0.9414 -0.0096
vn -0.5349 0.8435 -0.0490
vn 0.0469 0.9959 0.0779
vn 0.1708 0.9839 0.0534
vn -0.1563 0.9874 -0.0234
vn -0.5173 0.8461 -0.1283
vn 0.0372 0.9828 -0.1810
vn -0.4284 0.8335 -0.3490
vn 0.2981 0.9508 -0.0840
vn 0.3969 0.8930 -0.2123
vn 0.1766 0.9231 -0.3416
vn -0.3077 0.7696 -0.5595
vn 0.2344 0.8608 -0.4518
vn -0.2077 0.6924 -0.6910
vn 0.4262 0.8595 -0.2821
vn 0.3956 0.8499 -0.3482
vn 0.2211 0.8135 -0.5380
vn -0.1615 0.6288 -0.7606
vn 0.1487 0.7708 -0.6195
vn -0.1734 0.5902 -0.7884
vn 0.3466 0.8403 -0.4168
vn 0.3248 0.8368 -0.4408
vn 0.0909 0.7747 -0.6258
vn -0.1943 0.6238 -0.7571
vn 0.0790 0.8070 -0.5853
vn 0.0866 0.8428 -0.5312
vn -0.2458 0.6951 -0.6756
vn -0.2232 0.6638 -0.7139
vn 0.3276 0.8474 -0.4178
vn 0.3125 0.8694 -0.3826
vn 0.0706 0.8703 -0.4875
vn -0.2750 0.7137 -0.6442
vn 0.2692 0.8952 -0.3551
vn 0.2477 0.8965 -0.3672
vn 0.0679 0.8584 -0.5085
vn -0.2589 0.7008 -0.6647
vn -0.1208 0.5579 -0.8211
vn -0.2114 0.6461 -0.7334
vn 0.1117 0.8075 -0.5792
vn 0.2140 0.7281 -0.6512
vn 0.3004 0.8479 -0.4368
vn 0.4115 0.7628 -0.4988
vn 0.2860 0.6646 -0.6903
vn -0.0317 0.4873 -0.8727
vn 0.5069 0.7089 -0.4904
vn 0.5438 0.7170 -0.4361
vn 0.2578 0.6651 -0.7008
vn -0.0397 0.5003 -0.8650
vn 0.1762 0.9808 -0.0836
vn 0.2669 0.9630 -0.0385
vn 0.1912 0.9813 -0.0203
vn 0.0852 0.9939 -0.0703
vn 0.3554 0.9319 0.0727
vn 0.2736 0.9558 0.1080
vn 0.4224 0.9057 0.0350
vn 0.4563 0.8778 0.1460
vn 0.4125 0.8972 0.1579
vn 0.4750 0.8700 0.1325
vn 0.4568 0.8801 0.1296
vn 0.3481 0.9326 0.0956
vn 0.3142 0.9382 0.1449
vn 0.5042 0.8629 0.0348
vn 0.5277 0.8486 0.0383
vn 0.5009 0.8644 -0.0446
vn 0.5440 0.8363 -0.0684
vn 0.4631 0.8713 -0.1626
vn 0.4094 0.9117 -0.0343
vn 0.4878 0.8557 -0.1729
vn 0.4433 0.8602 -0.2521
vn 0.4650 0.8568 -0.2228
vn 0.5139 0.8458 -0.1432
vn 0.4391 0.8517 -0.2859
vn 0.4651 0.8298 -0.3084
vn 0.5061 0.8383 -0.2027
vn 0.5265 0.8173 -0.2343
vn 0.5439 0.8069 -0.2305
vn 0.4792 0.8454 -0.2359
vn 0.4874 0.8247 -0.2868
vn 0.5419 0.7992 -0.2599
vn 0.5525 0.8276 -0.0994
vn 0.4413 0.8779 -0.1857
vn 0.4529 0.8696 -0.1967
vn 0.5469 0.8208 -0.1648
vn 0.6179 0.7604 -0.2000
vn 0.5666 0.7472 -0.3474
vn 0.4816 0.8431 -0.2394
vn 0.5704 0.8165 -0.0889
vn 0.0575 0.9712 -0.2312
vn -0.1131 0.9690 -0.2198
vn -0.4520 0.6574 -0.6029
vn 0.2147 0.9665 -0.1408
vn -0.0643 0.8965 -0.4383
vn 0.0997 0.9893 -0.1067
vn 0.0695 0.9897 -0.1253
vn 0.0622 0.9927 -0.1032
vn 0.0898 0.9890 -0.1175
vn 0.3345 0.9405 -0.0590
vn 0.5241 -0.3723 0.7659
vn 0.5561 -0.5316 0.6389
vn 0.4719 -0.3572 0.8060
vn 0.4731 -0.5774 0.6654
vn 0.5284 -0.3530 0.7721
vn 0.5439 -0.4115 0.7313
vn 0.6847 0.0362 0.7279
vn 0.7446 -0.2121 0.6329
vn 0.6272 -0.3955 0.6710
vn 0.4428 -0.3415 0.8291
vn 0.6669 -0.5216 0.5322
vn 0.6081 -0.6689 0.4275
vn 0.5818 -0.6196 0.5268
vn 0.6365 -0.3443 0.6901
vn 0.4223 -0.6947 0.5823
vn 0.3504 -0.6547 0.6698
vn 0.5001 -0.6774 0.5395
vn 0.4353 -0.7500 0.4980
vn 0.5269 -0.7265 0.4412
vn 0.5518 -0.6417 0.5327
vn 0.6171 0.1075 0.7795
vn 0.3654 -0.4125 0.8345
vn 0.3147 -0.4736 0.8226
vn 0.6496 -0.0976 0.7540
vn 0.6819 -0.5648 0.4648
vn 0.6706 -0.4960 0.5516
vn 0.7443 -0.3828 0.5472
vn 0.6802 -0.2811 0.6770
vn 0.3808 -0.3071 0.8722
vn 0.2364 -0.4751 0.8476
vn 0.2504 -0.5848 0.7716
vn 0.3975 -0.5092 0.7633
vn 0.5763 -0.4319 0.6938
vn 0.5645 -0.2329 0.7919
vn 0.7646 -0.0637 0.6414
vn 0.6301 0.3620 0.6870
vn 0.6288 0.0354 0.7768
vn 0.4876 0.4020 0.7750
vn 0.2446 -0.0496 0.9683
vn 0.4165 0.1014 0.9035
vn 0.6317 -0.2173 0.7441
vn 0.3124 -0.3727 0.8738
vn 0.2449 -0.2470 0.9376
vn 0.3599 -0.0490 0.9317
vn 0.2995 0.2601 0.9180
vn 0.2163 0.0828 0.9728
vn 0.5041 0.0496 0.8622
vn 0.3981 0.3642 0.8420
vn -0.0590 0.2908 0.9550
vn -0.4189 0.3747 0.8271
vn -0.0801 0.3703 0.9254
vn -0.4917 0.5640 0.6634
vn -0.7419 0.3008 0.5993
vn -0.6190 0.2982 0.7266
vn 0.3588 0.7003 0.6171
vn 0.2968 0.6902 0.6599
vn 0.0652 0.9197 0.3872
vn -0.0546 0.8938 0.4451
vn -0.2749 0.8602 0.4295
vn -0.2561 0.8352 0.4867
vn 0.0057 0.5618 0.8272
vn 0.0560 0.6588 0.7502
vn 0.1646 0.6699 0.7239
vn -0.3036 0.8057 0.5086
vn -0.8960 0.1851 0.4036
vn -0.7465 0.5634 0.3540
vn -0.8880 0.4483 0.1021
vn -0.9727 0.0942 0.2120
vn -0.5623 0.8208 -0.1006
vn -0.3678 0.9126 0.1784
vn -0.2158 0.9732 0.0789
vn -0.4239 0.8806 -0.2116
vn -0.4313 0.8900 0.1480
vn -0.6019 0.7951 -0.0743
vn -0.4650 0.8721 0.1524
vn -0.5632 0.8258 -0.0296
vn -0.5984 0.7464 0.2914
vn -0.6993 0.7134 0.0454
vn -0.5859 0.8066 -0.0787
vn -0.8651 0.5016 0.0063
vn -0.8696 0.4682 -0.1570
vn -0.4799 0.8634 -0.1559
vn -0.9844 0.1594 0.0750
vn -0.9737 0.1999 -0.1093
vn -0.6424 0.4310 -0.6336
vn -0.6402 0.6608 -0.3918
vn -0.5415 0.6692 -0.5089
vn -0.5683 0.3949 -0.7219
vn -0.9925 0.0576 0.1078
vn -0.9623 0.2683 -0.0435
vn -0.8142 0.3170 -0.4864
vn -0.5376 0.6799 -0.4987
vn -0.8758 0.3257 -0.3562
vn -0.7520 0.4294 -0.5002
vn -0.7380 0.2797 -0.6141
vn -0.0294 0.9805 -0.1945
vn -0.1336 0.9455 -0.2968
vn -0.5723 0.2018 -0.7948
vn -0.6118 0.2609 -0.7467
vn -0.4811 0.4279 -0.7651
vn -0.6903 0.4592 -0.5592
vn -0.6841 0.2774 -0.6746
vn -0.2801 0.7405 -0.6109
vn -0.7135 0.6391 -0.2872
vn -0.6957 0.6675 -0.2655
vn -0.7956 0.5646 -0.2198
vn -0.0108 0.9959 -0.0900
vn -0.2708 0.9625 -0.0174
vn -0.0583 0.9983 -0.0085
vn -0.0983 0.9952 -0.0036
vn -0.2364 0.9712 -0.0300
vn -0.5056 0.8544 -0.1201
vn -0.4757 0.8506 -0.2239
vn -0.1709 0.9815 -0.0861
vn -0.1486 0.9208 -0.3605
vn -0.1629 0.9604 -0.2259
vn 0.1567 0.9876 0.0123
vn 0.0532 0.9788 -0.1978
vn -0.2189 0.9703 -0.1033
vn 0.2562 0.9634 0.0787
vn -0.2551 0.9667 -0.0208
vn 0.2820 0.9543 0.0989
vn -0.3244 0.9410 0.0961
vn 0.1506 0.9852 0.0819
vn -0.4990 0.8491 0.1733
vn -0.4213 0.8895 0.1770
vn -0.2847 0.9448 0.1620
vn -0.3822 0.9237 -0.0264
vn -0.4914 0.8652 0.1000
vn -0.4152 0.9050 -0.0926
vn -0.4213 0.9007 -0.1063
vn -0.3011 0.9494 -0.0892
vn 0.0596 0.9965 0.0584
vn 0.1160 0.9925 -0.0387
vn -0.1080 0.9911 0.0780
vn 0.1148 0.9864 0.1180
vn -0.0623 0.9903 -0.1246
vn 0.3570 0.9341 0.0103
vn -0.0027 0.9985 -0.0540
vn 0.2281 0.9736 -0.0015
vn -0.4672 0.8427 -0.2675
vn 0.2970 0.9547 0.0210
vn 0.2368 0.9663 -0.1007
vn -0.3827 0.8097 -0.4449
vn -0.0252 0.9925 0.1196
vn -0.5589 0.8292 0.0106
vn -0.5104 0.8519 -0.1170
vn -0.1275 0.9918 0.0115
vn 0.2957 0.5946 0.7476
vn 0.0313 0.7424 0.6692
vn -0.0472 0.7827 0.6206
vn 0.0912 0.5364 0.8390
vn -0.5664 0.5969 0.5682
vn -0.4140 0.2098 0.8858
vn 0.7037 0.1654 0.6910
vn 0.4356 0.5744 0.6930
vn 0.1641 0.6760 0.7184
vn 0.4724 0.4271 0.7710
vn 0.7769 0.3639 0.5138
vn 0.8672 -0.1065 0.4865
vn 0.9177 -0.2101 0.3373
vn 0.9286 0.2113 0.3050
vn 0.8363 0.3559 0.4171
vn 0.8496 -0.0233 0.5269
vn 0.6380 0.2051 0.7422
vn 0.6000 0.4952 0.6283
vn 0.4618 0.5904 0.6619
vn 0.5637 0.3370 0.7541
vn 0.6320 0.3522 0.6903
vn 0.4289 0.6408 0.6367
vn 0.5267 0.5839 0.6178
vn 0.7623 0.2457 0.5988
vn 0.8503 0.1291 0.5102
vn 0.7052 0.4686 0.5320
vn 0.8027 0.4024 0.4401
vn 0.8354 0.1366 0.5324
vn 0.7236 0.2232 0.6531
vn 0.7186 0.5168 0.4654
vn 0.5840 0.3114 0.7497
vn 0.5641 0.6834 0.4635
vn 0.4903 0.7525 0.4397
vn 0.5459 0.3316 0.7694
vn 0.5061 0.7223 0.4713
vn 0.5831 0.6522 0.4844
vn 0.5422 0.3097 0.7811
vn 0.5774 0.2684 0.7711
vn 0.6662 0.5963 0.4479
vn 0.6311 0.2551 0.7325
vn 0.7499 0.5849 0.3090
vn 0.7109 0.2603 0.6534
vn 0.7799 0.6211 0.0775
vn 0.7074 0.7040 -0.0629
vn 0.8063 0.2611 0.5308
vn 0.8425 0.3674 0.3940
vn 0.6153 -0.3390 0.7117
vn 0.6725 -0.2763 0.6865
vn 0.5307 -0.7461 0.4022
vn 0.4814 -0.7576 0.4408
vn 0.6477 -0.6402 0.4131
vn 0.7622 -0.2629 0.5915
vn 0.8346 -0.2745 0.4776
vn 0.7523 -0.5003 0.4287
vn 0.8011 -0.3775 0.4644
vn 0.8586 -0.2318 0.4572
vn 0.8212 -0.1537 0.5495
vn 0.7734 -0.3114 0.5521
vn 0.6820 -0.2935 0.6699
vn 0.7053 -0.1191 0.6988
vn 0.5565 -0.1387 0.8192
vn 0.5474 -0.3002 0.7812
vn 0.4655 -0.1558 0.8712
vn 0.4277 -0.3231 0.8442
vn 0.4214 -0.1531 0.8938
vn 0.4236 -0.2010 0.8833
vn 0.3535 -0.3906 0.8500
vn 0.3225 -0.5106 0.7970
vn 0.4122 -0.2767 0.8681
vn 0.3833 -0.3880 0.8382
vn 0.2600 -0.6300 0.7318
vn 0.1607 -0.7048 0.6910
vn 0.3847 -0.4778 0.7898
vn 0.4562 -0.4313 0.7784
vn 0.0878 -0.7298 0.6780
vn 0.0890 -0.7042 0.7044
vn 0.3442 0.9290 -0.1363
vn 0.3727 0.9233 -0.0926
vn 0.1337 0.9660 -0.2214
vn 0.0212 0.9636 -0.2664
vn 0.9178 -0.1842 0.3518
vn 0.9384 0.1990 0.2826
vn 0.7299 -0.6178 0.2924
vn 0.7799 -0.6011 0.1746
vn 0.9481 -0.2732 0.1629
vn 0.9863 0.1587 0.0443
vn 0.6815 0.7208 -0.1263
vn 0.6440 0.7629 0.0570
vn 0.8247 0.5341 0.1860
vn 0.8668 0.4905 -0.0894
vn 0.6862 0.7225 0.0847
vn 0.2253 0.9636 -0.1441
vn 0.1251 0.9364 -0.3280
vn 0.2621 0.7345 -0.6259
vn 0.0124 0.6174 -0.7865
vn 0.1026 0.8838 -0.4565
vn 0.4240 0.8879 -0.1787
vn 0.4411 0.7684 -0.4637
vn 0.1273 -0.3253 -0.9370
vn 0.0655 0.2109 -0.9753
vn 0.6271 0.4654 -0.6246
vn 0.8106 -0.0133 -0.5855
vn 0.7333 -0.5997 -0.3203
vn 0.4743 -0.8773 -0.0736
vn 0.0584 -0.7929 -0.6065
vn 0.0473 -0.9519 -0.3028
vn 0.8515 -0.5016 0.1527
vn 0.6264 -0.7531 0.2010
vn 0.9890 0.1352 0.0601
vn 0.8979 0.0740 -0.4340
vn 0.7766 -0.6037 -0.1800
vn 0.4655 -0.8813 -0.0810
vn 0.6568 0.6982 -0.2849
vn 0.4814 0.6375 -0.6016
vn 0.5112 0.8055 -0.2998
vn 0.2580 0.8563 -0.4474
vn 0.5269 0.8263 -0.1990
vn 0.3378 0.9013 -0.2711
vn 0.6072 0.7920 -0.0639
vn 0.5342 0.8435 -0.0561
vn 0.6697 0.7419 0.0337
vn 0.6666 0.7337 0.1315
vn 0.7945 0.5324 0.2920
vn 0.7880 0.4695 0.3984
vn 0.6399 -0.2077 0.7399
vn 0.2104 -0.6238 0.7527
vn 0.2995 -0.5738 0.7622
vn 0.6766 -0.1502 0.7209
vn 0.7182 -0.4149 0.5586
vn 0.9159 0.2650 0.3014
vn 0.3813 -0.7145 0.5866
vn 0.3258 -0.9368 0.1273
vn 0.6081 -0.7905 -0.0723
vn 0.9524 -0.2136 -0.2176
vn 0.7661 0.6271 -0.1407
vn 0.5431 0.7202 -0.4318
vn 0.7235 -0.0568 -0.6880
vn 0.4220 0.0564 -0.9048
vn 0.3931 -0.7138 -0.5796
vn 0.1475 -0.5758 -0.8042
vn 0.1496 -0.9370 -0.3158
vn 0.0067 -0.8112 -0.5847
vn 0.2525 0.7421 -0.6209
vn 0.0833 0.1227 -0.9889
vn -0.1560 0.1551 -0.9755
vn 0.0497 0.6863 -0.7257
vn 0.2159 -0.7706 0.5996
vn 0.0962 -0.9581 0.2699
vn 0.1881 -0.6690 0.7191
vn -0.0152 -0.9019 0.4317
vn -0.1268 -0.4894 -0.8628
vn -0.2768 -0.3895 -0.8784
vn -0.1941 -0.8045 -0.5613
vn -0.3187 -0.7670 -0.5569
vn -0.0887 -0.9786 -0.1858
vn -0.2573 -0.9590 -0.1189
vn 0.8836 -0.3049 0.3553
vn 0.9125 0.1044 0.3955
vn 0.7957 0.1608 0.5840
vn 0.7823 -0.2506 0.5703
vn 0.4079 -0.7804 0.4740
vn 0.5467 -0.6093 0.5743
vn 0.5559 -0.6037 0.5715
vn 0.4311 -0.7745 0.4630
vn 0.6031 -0.6288 0.4909
vn 0.5188 -0.7506 0.4091
vn 0.4794 -0.7702 0.4206
vn 0.5890 -0.6142 0.5252
vn -0.0305 0.9929 0.1149
vn 0.6231 0.7052 0.3384
vn 0.5019 0.6817 0.5323
vn -0.0248 0.9692 0.2450
vn 0.6968 -0.2087 0.6862
vn 0.6984 0.2097 0.6843
vn 0.7124 0.3133 0.6280
vn 0.7183 -0.2332 0.6555
vn 0.7517 -0.2585 0.6068
vn 0.7502 0.3777 0.5427
vn 0.8277 0.3326 0.4520
vn 0.7951 -0.2612 0.5474
vn 0.0510 0.9674 0.2479
vn 0.3843 0.7340 0.5600
vn 0.3690 0.8421 0.3933
vn 0.1887 0.9678 0.1668
vn -0.0177 0.9995 0.0272
vn 0.1150 0.9901 0.0803
vn 0.4082 0.9129 0.0086
vn 0.5105 0.8581 0.0547
vn 0.3995 0.8943 0.2017
vn 0.5477 0.8341 0.0653
vn 0.2789 0.9601 0.0218
vn 0.3406 0.9244 -0.1719
vn 0.9419 -0.1684 0.2906
vn 0.8200 0.5643 0.0957
vn 0.8171 0.5567 0.1496
vn 0.9281 -0.0190 0.3717
vn 0.2673 0.9602 0.0811
vn 0.3932 0.9145 0.0948
vn 0.5844 0.8085 0.0690
vn 0.6290 0.7726 0.0859
vn 0.4560 0.8900 0.0006
vn 0.4533 0.8760 -0.1647
vn 0.6582 0.7527 0.0140
vn 0.6755 0.7239 -0.1403
vn 0.6099 -0.6817 0.4040
vn 0.6245 -0.6889 0.3681
vn 0.6551 -0.4793 0.5840
vn 0.6507 -0.5921 0.4754
vn 0.8034 0.5718 0.1661
vn 0.7869 0.6000 0.1442
vn 0.9313 0.1307 0.3399
vn 0.9291 0.2397 0.2816
vn 0.9558 0.2895 0.0510
vn 0.7983 0.6019 0.0217
vn 0.8200 0.5502 -0.1578
vn 0.9464 0.2697 -0.1776
vn 0.8934 -0.0255 0.4486
vn 0.7540 0.1436 0.6410
vn 0.8422 0.3646 0.3972
vn 0.7240 0.3309 0.6053
vn 0.7580 -0.4473 0.4747
vn 0.7282 -0.3034 0.6146
vn 0.8654 -0.1987 0.4600
vn 0.8760 -0.3176 0.3631
vn 0.9807 -0.1655 0.1041
vn 0.9901 0.0878 -0.1093
vn 0.9749 0.0299 0.2207
vn 0.9061 0.4202 0.0489
vn 0.7475 0.2292 0.6235
vn 0.8224 0.3114 0.4761
vn 0.7319 0.3211 0.6010
vn 0.7910 0.3693 0.4878
vn 0.8508 0.4305 0.3013
vn 0.7828 0.5941 0.1852
vn 0.8219 0.4335 0.3696
vn 0.8062 0.5218 0.2787
vn 0.2566 0.8897 0.3776
vn 0.2373 0.7711 0.5908
vn 0.2625 0.9630 0.0617
vn 0.6736 0.6279 0.3899
vn 0.6320 0.5245 0.5705
vn 0.6309 0.2704 0.7272
vn 0.7288 0.6705 0.1386
vn 0.2775 0.9471 -0.1612
vn 0.3528 0.9243 -0.1459
vn 0.7362 0.6636 -0.1329
vn 0.8852 0.4188 0.2024
vn 0.8821 0.2957 0.3667
vn 0.8539 0.5185 -0.0441
vn 0.6710 0.7347 0.1002
vn 0.7277 0.6242 0.2841
vn 0.7584 0.4905 0.4292
vn 0.3733 0.9269 -0.0391
vn 0.3081 0.9509 0.0303
vn 0.6139 0.7646 -0.1963
vn 0.6904 0.6726 -0.2665
vn 0.2582 0.9604 0.1051
vn 0.4414 0.8764 0.1924
vn 0.8045 0.5399 -0.2475
vn 0.7572 0.5559 -0.3429
vn 0.5812 0.7880 -0.2031
vn 0.6241 0.7771 -0.0814
vn 0.5526 0.8331 -0.0257
vn 0.6846 0.7243 -0.0816
vn 0.5121 0.7919 0.3326
vn 0.3612 0.9023 0.2353
vn 0.6983 0.6250 -0.3490
vn 0.6008 0.7464 -0.2862
vn 0.4257 0.8754 -0.2290
vn 0.5231 0.8128 -0.2565
vn 0.2202 0.9740 0.0530
vn 0.3886 0.9116 -0.1342
vn 0.1556 0.9859 -0.0611
vn 0.2843 0.9396 -0.1908
vn 0.1784 0.8613 0.4757
vn 0.1519 0.8051 0.5733
vn 0.5099 0.6070 0.6095
vn 0.5355 0.6973 0.4764
vn 0.4506 0.5812 0.6776
vn 0.1385 0.7687 0.6245
vn 0.6824 0.3539 0.6396
vn 0.7392 0.3839 0.5534
vn 0.2010 0.9529 0.2273
vn 0.2024 0.9179 0.3414
vn 0.5145 0.7954 0.3203
vn 0.4629 0.8684 0.1776
vn 0.1265 0.9856 0.1123
vn 0.1776 0.9740 0.1405
vn 0.4123 0.9091 0.0603
vn 0.3720 0.9280 -0.0192
vn 0.0553 0.9919 0.1146
vn 0.3116 0.9470 -0.0785
vn 0.2170 0.9720 -0.0898
vn 0.0138 0.9875 0.1570
vn -0.2971 0.8855 0.3573
vn -0.2515 0.8783 0.4067
vn -0.3089 0.8930 0.3273
vn -0.5915 0.7939 0.1413
vn -0.5721 0.8128 0.1101
vn -0.5326 0.8356 0.1348
vn -0.2827 0.9100 0.3033
vn -0.2548 0.9263 0.2776
vn -0.6044 0.7650 0.2226
vn -0.5979 0.7779 0.1933
vn -0.2709 0.9304 0.2469
vn -0.3058 0.9059 0.2930
vn -0.6168 0.7009 0.3582
vn -0.6040 0.7515 0.2655
vn -0.2563 0.7931 0.5526
vn -0.3369 0.8620 0.3788
vn -0.4513 0.5129 0.7302
vn -0.5906 0.6306 0.5035
vn -0.0836 0.7065 0.7028
vn -0.2897 0.3080 0.9062
vn 0.0860 0.9704 0.2255
vn 0.2103 0.9173 0.3382
vn 0.1122 0.5047 0.8559
vn -0.0852 0.0288 0.9959
vn 0.3346 0.1746 0.9260
vn 0.1922 -0.2614 0.9459
vn 0.3441 0.7658 0.5433
vn 0.5003 0.5458 0.6722
vn 0.5734 -0.0793 0.8154
vn 0.4934 -0.4152 0.7643
vn 0.5811 0.4549 0.6748
vn 0.8492 -0.1360 0.5103
vn 0.7533 -0.1562 0.6389
vn 0.5981 0.4438 0.6673
vn 0.8470 -0.3944 0.3565
vn 0.7168 -0.4238 0.5537
vn 0.8697 -0.1100 0.4811
vn 0.8961 -0.3513 0.2711
vn 0.5583 0.4178 0.7168
vn 0.6475 0.2974 0.7016
vn 0.8929 -0.0967 0.4398
vn 0.9411 -0.2372 0.2411
vn 0.9259 0.1118 0.3608
vn 0.7706 0.5735 0.2781
vn 0.8288 0.5544 0.0757
vn 0.9881 0.0613 0.1411
vn 0.7471 0.2604 0.6116
vn 0.6700 0.5171 0.5326
vn 0.3942 0.8865 0.2422
vn -0.0088 0.9848 0.1732
vn 0.3086 0.8219 0.4787
vn -0.0199 0.9356 0.3526
vn 0.0120 0.9998 -0.0141
vn 0.4331 0.9010 0.0258
vn -0.3084 0.8890 0.3385
vn -0.3691 0.9202 0.1304
vn -0.3675 0.8165 0.4454
vn -0.5088 0.8458 0.1607
vn -0.3604 0.9316 -0.0471
vn -0.5701 0.8201 -0.0491
vn -0.4637 0.8525 0.2414
vn -0.6217 0.7832 -0.0007
vn -0.2009 0.8173 0.5401
vn -0.0102 0.8071 0.5904
vn -0.3410 0.8695 0.3574
vn -0.5874 0.8041 0.0914
vn 0.0920 0.7721 0.6288
vn -0.2578 0.8726 0.4148
vn -0.5387 0.8292 0.1489
vn 0.0180 -0.4017 0.9156
vn -0.1483 -0.3838 0.9114
vn -0.4832 -0.1098 0.8686
vn -0.2940 -0.1202 0.9482
vn 0.4255 -0.5171 0.7427
vn 0.3756 -0.5148 0.7706
vn 0.6867 -0.4884 0.5383
vn 0.8288 -0.4301 0.3579
vn 0.8165 -0.4372 0.3771
vn 0.6656 -0.5044 0.5501
vn 0.8961 -0.3736 0.2398
vn 0.8956 -0.3672 0.2511
vn 0.9538 -0.2516 0.1643
vn 0.9695 -0.1997 0.1424
vn 0.9969 0.0602 0.0505
vn 0.8368 0.5405 -0.0874
vn 0.7970 0.5860 -0.1460
vn 0.9877 0.1523 0.0350
vn 0.4552 0.8756 -0.1615
vn 0.0373 0.9841 -0.1738
vn -0.0090 0.9573 -0.2890
vn 0.4126 0.8699 -0.2701
vn -0.3475 0.9223 -0.1690
vn -0.5875 0.7945 -0.1535
vn -0.6056 0.7679 -0.2088
vn -0.3767 0.8909 -0.2536
vn -0.6789 0.7326 -0.0489
vn -0.6996 0.7112 -0.0689
vn -0.6759 0.7338 -0.0687
vn -0.7210 0.6741 -0.1604
vn -0.7248 0.6718 -0.1527
vn -0.7398 0.6585 -0.1381
vn -0.6860 0.7192 -0.1102
vn -0.7162 0.6788 -0.1621
vn 0.6369 -0.4107 0.6525
vn 0.2996 -0.3135 0.9011
vn 0.8139 -0.3812 0.4384
vn 0.5640 -0.1082 0.8187
vn 0.7833 -0.0654 0.6182
vn 0.1566 0.0568 0.9860
vn 0.9075 -0.2858 0.3080
vn 0.8883 0.0424 0.4574
vn 0.9841 -0.0034 0.1775
vn 0.8869 0.3497 0.3017
vn 0.9333 0.3569 0.0383
vn 0.6881 0.7101 -0.1491
vn 0.5047 0.8600 -0.0753
vn 0.7975 0.5918 0.1169
vn 0.2901 0.9119 -0.2903
vn -0.1267 0.9386 -0.3209
vn -0.2792 0.9246 -0.2590
vn 0.1353 0.9657 -0.2216
vn -0.4559 0.8438 -0.2832
vn -0.6454 0.7307 -0.2225
vn -0.6841 0.7042 -0.1899
vn -0.5458 0.8029 -0.2398
vn -0.7371 0.6527 -0.1751
vn -0.7343 0.6565 -0.1727
vn -0.7481 0.6388 -0.1797
vn -0.7322 0.6553 -0.1859
vn -0.7239 0.6817 0.1060
vn -0.7164 0.6976 0.0126
vn -0.7200 0.6765 0.1548
vn -0.7708 0.6240 0.1282
vn -0.7723 0.6314 0.0692
vn -0.7538 0.6563 -0.0329
vn -0.2596 0.9044 0.3386
vn -0.6649 0.7445 -0.0605
vn -0.6934 0.7100 -0.1230
vn -0.6625 0.7459 -0.0684
vn 0.4712 0.7446 0.4729
vn 0.4952 0.8187 0.2906
vn 0.1448 0.9751 0.1680
vn -0.7342 0.6423 0.2200
vn -0.7780 0.6073 0.1608
vn -0.7313 0.5976 0.3287
vn -0.7934 0.5521 0.2563
vn -0.0096 0.6403 0.7681
vn 0.3947 0.4044 0.8250
vn 0.4353 0.5382 0.7217
vn 0.6644 0.4542 0.5935
vn -0.0565 0.9972 -0.0495
vn -0.4124 0.9098 -0.0463
vn -0.5818 0.8031 -0.1285
vn -0.7384 0.6449 -0.1973
vn -0.7407 0.6450 -0.1880
vn -0.7409 0.6469 -0.1807
vn -0.7499 0.6420 -0.1596
vn -0.7021 0.7016 -0.1217
vn -0.6903 0.7179 -0.0902
vn -0.3886 0.2689 0.8813
vn -0.3563 0.6800 0.6408
vn -0.6502 0.7090 0.2731
vn -0.7908 0.4520 0.4127
vn -0.6900 0.7215 -0.0581
vn -0.7297 0.6727 -0.1225
vn -0.8007 0.5931 0.0846
vn -0.7796 0.6251 -0.0394
vn -0.8169 0.5570 0.1499
vn -0.8070 0.5895 0.0357
vn -0.7824 0.6175 -0.0809
vn -0.7599 0.6388 -0.1203
vn -0.6869 0.5234 0.5042
vn -0.7860 0.4407 0.4336
vn -0.6153 0.3591 0.7017
vn -0.7577 0.3504 0.5505
vn -0.6503 0.1212 0.7500
vn -0.4615 0.1079 0.8806
vn -0.8345 0.4790 0.2723
vn -0.8321 0.5407 0.1234
vn -0.8437 0.3574 0.4006
vn -0.7908 0.1692 0.5882
vn -0.6718 0.0872 0.7356
vn -0.2736 -0.1490 0.9502
vn -0.7880 0.6154 -0.0204
vn 0.8610 0.1646 0.4813
vn 0.8298 0.0409 0.5565
vn 0.3612 0.6233 0.6936
vn 0.2380 0.6898 0.6838
vn 0.6321 0.3854 0.6723
vn 0.5351 0.4024 0.7428
vn 0.0369 0.6899 0.7230
vn 0.3136 0.3976 0.8623
vn -0.1846 0.7119 0.6776
vn 0.0286 0.4677 0.8834
vn -0.2094 0.7981 0.5650
vn -0.1232 0.5928 0.7959
vn -0.0253 0.8347 0.5501
vn -0.1070 0.6361 0.7642
vn 0.2530 0.7362 0.6277
vn 0.1275 0.5794 0.8050
vn 0.5099 0.4916 0.7059
vn 0.3364 0.5091 0.7922
vn -0.4210 0.2248 0.8788
vn -0.0646 0.4243 0.9032
vn 0.1125 0.3026 0.9465
vn -0.3102 0.0344 0.9500
vn -0.2035 0.5545 0.8069
vn -0.4973 0.3825 0.7787
vn 0.4740 0.4968 0.7270
vn 0.3172 0.6508 0.6898
vn 0.3212 0.6254 0.7111
vn 0.1329 0.7904 0.5980
vn 0.1949 0.7189 0.6673
vn -0.0506 0.8523 0.5206
vn 0.2227 0.7861 0.5766
vn -0.0545 0.9207 0.3864
vn 0.3133 0.8227 0.4743
vn 0.0699 0.9783 0.1951
vn 0.3267 0.8894 0.3197
vn 0.1485 0.9872 -0.0580
vn 0.1839 0.9819 -0.0460
vn 0.2895 0.9381 -0.1902
vn 0.2065 0.9514 -0.2283
vn 0.2343 0.9721 0.0137
vn 0.2636 0.9154 -0.3043
vn 0.4079 0.8668 -0.2868
vn 0.2827 0.9506 0.1279
vn 0.1624 0.9712 -0.1744
vn -0.1042 0.8956 -0.4325
vn 0.0402 0.9670 -0.2516
vn 0.1022 0.9454 -0.3096
vn -0.0519 0.8876 -0.4577
vn 0.0944 0.9224 -0.3746
vn 0.0711 0.9187 -0.3884
vn -0.0123 0.8871 -0.4615
vn -0.0024 0.8939 -0.4483
vn -0.1192 0.8698 -0.4788
vn -0.0687 0.8486 -0.5245
vn -0.0061 0.9168 -0.3993
vn -0.0383 0.8660 -0.4986
vn -0.0648 0.8638 -0.4996
vn -0.0584 0.8878 -0.4566
vn -0.0892 0.8753 -0.4752
vn -0.1267 0.8835 -0.4509
vn 0.0202 0.9252 -0.3790
vn -0.0546 0.9303 -0.3628
vn -0.1504 0.9815 -0.1181
vn -0.0234 0.9690 -0.2458
vn 0.0347 0.9620 0.2709
vn -0.2286 0.9529 0.1992
vn -0.1328 0.9091 0.3949
vn 0.1064 0.8848 0.4537
vn 0.0787 0.8523 0.5171
vn 0.0557 0.8615 0.5046
vn 0.0839 0.8164 0.5714
vn 0.0022 0.7246 0.6892
vn -0.1777 0.8520 0.4925
vn -0.5760 0.6532 0.4915
vn -0.4937 0.3779 0.7832
vn -0.0179 0.5136 0.8578
vn -0.0364 0.8716 0.4889
vn -0.3025 0.8390 0.4523
vn -0.3862 0.8389 0.3836
vn -0.2017 0.8871 0.4153
vn -0.5840 0.7423 0.3284
vn -0.5815 0.7086 0.3996
vn 0.1802 0.8639 0.4704
vn -0.0920 0.9219 0.3763
vn 0.2928 0.8996 0.3241
vn 0.1478 0.9448 0.2923
vn -0.3667 0.8763 0.3126
vn -0.3115 0.9098 0.2741
vn -0.5789 0.7869 0.2138
vn -0.5825 0.7692 0.2628
vn 0.2725 0.8926 -0.3591
vn 0.7002 0.6554 -0.2831
vn 0.6572 0.7503 0.0719
vn 0.4525 0.8892 -0.0672
vn -0.2953 0.9179 0.2651
vn -0.5838 0.7837 0.2121
vn 0.1847 0.9567 0.2251
vn 0.2747 0.9521 0.1341
vn -0.2666 0.9118 0.3124
vn -0.6095 0.7288 0.3120
vn 0.3213 0.9415 -0.1014
vn -0.1388 0.9396 0.3130
vn -0.3956 0.6707 -0.6274
vn -0.4538 0.7593 0.4664
vn -0.3934 0.7923 0.4664
vn -0.0895 0.9892 -0.1160
vn 0.8560 0.4512 -0.2523
vn 0.7511 0.4615 -0.4721
vn 0.7936 -0.0107 -0.6083
vn 0.8247 0.2328 -0.5155
vn 0.3774 -0.2084 -0.9023
vn 0.1316 0.2144 -0.9678
vn 0.7916 0.6096 -0.0420
vn 0.8385 0.4365 -0.3262
vn 0.6629 0.1923 -0.7236
vn 0.7970 -0.0884 -0.5975
vn 0.6127 0.3329 -0.7168
vn 0.2401 0.7501 -0.6162
vn -0.1796 0.5792 -0.7951
vn 0.2737 -0.1630 -0.9479
vn 0.4485 0.7597 -0.4708
vn 0.1839 0.9819 -0.0456
vn -0.0836 0.9932 -0.0815
vn -0.4755 0.8562 -0.2019
vn 0.4614 0.3186 -0.8280
vn 0.3443 0.7864 -0.5129
vn 0.1632 0.7873 -0.5945
vn 0.2726 0.3321 -0.9030
vn -0.0631 0.4958 -0.8661
vn -0.0288 0.4750 -0.8795
vn -0.0127 0.9868 -0.1614
vn 0.1737 0.9527 0.2495
vn 0.2397 0.9677 0.0776
vn 0.1179 0.8332 -0.5403
vn -0.5327 0.8455 -0.0368
vn -0.0027 0.9882 0.1529
vn -0.3568 0.7918 -0.4958
vn 0.2068 0.9470 0.2460
vn 0.4317 0.6967 -0.5730
vn 0.6657 0.4998 -0.5541
vn 0.3983 0.9162 0.0442
vn 0.6553 0.7516 -0.0755
vn 0.5374 0.6893 -0.4858
vn 0.7117 0.6822 -0.1675
vn 0.2026 0.9331 0.2972
vn 0.2283 0.9318 0.2823
vn 0.2043 0.9377 0.2812
vn 0.2685 0.9293 0.2538
vn 0.5565 0.7813 0.2826
vn 0.6946 0.6764 0.2451
vn 0.7531 0.6513 0.0925
vn 0.6390 0.7549 0.1480
vn 0.2329 0.9360 0.2641
vn 0.0235 0.9783 0.2057
vn 0.0381 0.9688 0.2448
vn 0.2399 0.9285 0.2835
vn -0.5560 0.8295 0.0526
vn -0.5669 0.8179 0.0985
vn 0.1948 0.9395 0.2819
vn 0.2277 0.9334 0.2772
vn 0.2699 0.9279 0.2572
vn 0.2021 0.9396 0.2761
vn 0.2372 0.9314 0.2760
vn 0.2341 0.9290 0.2865
vn 0.2534 0.9413 0.2231
vn 0.2472 0.9289 0.2756
vn 0.0427 0.9693 0.2421
vn 0.0459 0.9835 0.1748
vn -0.5626 0.8217 0.0910
vn -0.5265 0.8500 0.0166
vn 0.4499 0.8217 0.3499
vn 0.3689 0.9184 0.1432
vn 0.5399 0.7759 0.3263
vn 0.4728 0.7987 0.3721
vn -0.5184 0.8521 -0.0716
vn 0.0134 0.9974 0.0704
vn 0.2605 0.9579 0.1211
vn 0.0814 0.8969 -0.4347
vn 0.3954 0.8432 -0.3643
vn 0.1168 0.9166 -0.3823
vn 0.3617 0.9243 -0.1217
vn 0.2761 0.9286 0.2479
vn 0.3064 0.9005 0.3086
vn 0.2253 0.9277 0.2976
vn 0.2091 0.9372 0.2793
vn 0.4366 0.8903 0.1294
vn 0.2091 0.9622 -0.1746
vn 0.3891 0.8881 0.2447
vn 0.3976 0.9054 0.1491
vn 0.5363 0.7732 -0.3385
vn 0.3309 0.9421 -0.0538
vn 0.2814 0.9321 0.2281
vn 0.3221 0.9401 0.1120
vn 0.2438 0.9289 0.2787
vn 0.2706 0.4952 0.8256
vn 0.3912 0.0226 0.9200
vn 0.4383 0.3309 0.8357
vn 0.5191 0.0866 0.8503
vn 0.4932 -0.3269 0.8062
vn 0.5140 -0.4976 0.6987
vn 0.5703 -0.2976 0.7656
vn 0.5220 -0.4954 0.6944
vn 0.8232 -0.0866 0.5611
vn 0.8638 -0.1054 0.4927
vn 0.7808 -0.0489 0.6229
vn 0.8270 -0.1718 0.5353
vn 0.5619 0.0255 0.8268
vn 0.6852 -0.2374 0.6886
vn 0.2498 0.1255 0.9601
vn 0.4429 -0.2272 0.8673
vn -0.0177 0.2543 0.9670
vn 0.1005 -0.1433 0.9846
vn -0.1220 0.3096 0.9430
vn -0.2181 -0.1388 0.9660
vn -0.2137 0.3866 0.8972
vn -0.3915 0.1607 0.9060
vn 0.6969 0.1136 0.7081
vn 0.6721 -0.1133 0.7318
vn 0.7855 -0.2283 0.5752
vn 0.7050 -0.4232 0.5692
vn 0.6234 -0.4529 0.6374
vn 0.5368 -0.6081 0.5849
vn 0.5861 -0.6297 0.5099
vn 0.5000 -0.7043 0.5040
vn 0.6983 -0.4652 0.5440
vn 0.6267 -0.6316 0.4563
vn 0.5846 -0.5673 0.5800
vn 0.5801 -0.7200 0.3808
vn 0.3942 -0.8160 0.4227
vn 0.4731 -0.7858 0.3983
vn 0.3354 -0.5849 0.7385
vn 0.1258 -0.5877 0.7993
vn 0.4747 -0.6373 0.6071
vn 0.4416 -0.7074 0.5519
vn 0.4246 -0.6979 0.5767
vn 0.4468 -0.6415 0.6236
vn 0.4225 -0.6757 0.6041
vn 0.4454 -0.7115 0.5436
vn 0.4426 -0.7463 0.4971
vn 0.3716 -0.7187 0.5878
vn 0.3054 -0.7817 0.5438
vn 0.2778 -0.8518 0.4441
vn 0.4262 -0.8103 0.4022
vn 0.3884 -0.8603 0.3303
vn 0.3121 -0.9284 0.2017
vn 0.3041 -0.9344 0.1856
vn 0.3038 -0.9242 0.2315
vn 0.3641 -0.9201 0.1444
vn 0.3520 -0.9264 0.1338
vn 0.3106 -0.9337 0.1782
vn 0.2820 -0.9400 0.1919
vn 0.2130 -0.9307 0.2975
vn 0.2277 -0.9139 0.3360
vn 0.0935 -0.8429 0.5298
vn 0.1161 -0.7876 0.6052
vn 0.1702 -0.6335 0.7548
vn 0.0661 -0.5223 0.8502
vn -0.0013 -0.6711 0.7414
vn 0.3031 -0.8801 0.3654
vn 0.3630 -0.7964 0.4838
vn 0.1179 -0.8829 0.4545
vn -0.0105 -0.7486 0.6630
vn -0.0262 -0.6809 0.7319
vn 0.0791 -0.8256 0.5587
vn -0.0491 -0.5860 0.8088
vn -0.0395 -0.5633 0.8253
vn 0.0352 -0.4868 0.8728
vn 0.0402 -0.4938 0.8687
vn 0.1521 -0.7862 0.5989
vn 0.0209 -0.6573 0.7534
vn 0.0602 -0.6148 0.7864
vn 0.1984 -0.7169 0.6683
vn -0.0187 -0.5559 0.8310
vn 0.0213 -0.4707 0.8820
vn -0.0157 -0.4247 0.9052
vn -0.0018 -0.5315 0.8470
vn 0.1038 -0.5078 0.8552
vn 0.0013 -0.4899 0.8718
vn -0.2851 -0.1526 0.9463
vn -0.1095 -0.0117 0.9939
vn 0.2730 -0.8874 0.3716
vn 0.2684 -0.9054 0.3289
vn 0.3554 -0.8862 0.2972
vn 0.3477 -0.9035 0.2506
vn 0.2763 -0.9178 0.2851
vn 0.3557 -0.9146 0.1923
vn 0.4168 -0.8891 0.1890
vn 0.4603 -0.8787 0.1265
vn 0.5107 -0.8499 0.1298
vn 0.4789 -0.8480 0.2270
vn 0.4025 -0.8202 0.4065
vn 0.4655 -0.8454 0.2619
vn 0.5084 -0.8002 0.3181
vn 0.4872 -0.7470 0.4524
vn 0.4784 -0.8368 0.2664
vn 0.4788 -0.8481 0.2267
vn 0.4465 -0.8563 0.2595
vn 0.4513 -0.8685 0.2050
vn 0.4741 -0.8477 0.2380
vn 0.4919 -0.8500 0.1887
vn 0.4642 -0.8740 0.1438
vn 0.5099 -0.8500 0.1322
vn 0.4088 -0.7377 0.5374
vn 0.3821 -0.7117 0.5895
vn 0.4783 -0.7445 0.4658
vn 0.4605 -0.7747 0.4334
vn 0.3768 -0.7640 0.5238
vn 0.3076 -0.7574 0.5760
vn 0.5426 -0.7228 0.4279
vn 0.5286 -0.7606 0.3768
vn 0.4872 -0.8020 0.3455
vn 0.4360 -0.8358 0.3339
vn 0.4117 -0.8250 0.3871
vn 0.4525 -0.7980 0.3980
vn 0.4054 -0.7936 0.4537
vn 0.3564 -0.7927 0.4945
vn 0.4338 -0.7130 0.5509
vn 0.3326 -0.7763 0.5355
vn -0.5021 0.6071 -0.6159
vn -0.3657 0.8447 -0.3908
vn -0.4481 0.8297 -0.3328
vn -0.5906 0.6180 -0.5190
vn -0.4460 0.8526 -0.2723
vn -0.5945 0.6114 -0.5223
vn -0.3881 0.8754 -0.2882
vn -0.3608 0.8702 -0.3354
vn -0.5336 0.6233 -0.5717
vn -0.5529 0.6162 -0.5609
vn -0.3545 0.8519 -0.3855
vn -0.3625 0.8384 -0.4071
vn -0.5298 0.6456 -0.5499
vn -0.5349 0.6292 -0.5639
vn -0.4201 0.8324 -0.3614
vn -0.5006 0.7957 -0.3409
vn -0.5940 0.6429 -0.4835
vn -0.6537 0.6471 -0.3923
vn -0.1971 0.6626 -0.7226
vn -0.4191 0.8279 -0.3727
vn -0.3445 0.8621 -0.3716
vn -0.3357 0.6224 -0.7071
vn -0.0311 0.4852 -0.8739
vn -0.4431 0.2621 -0.8573
vn -0.5173 0.0477 -0.8545
vn -0.6268 0.2329 -0.7435
vn -0.6434 -0.0410 -0.7644
vn -0.0547 0.5090 -0.8590
vn -0.6678 0.2357 -0.7060
vn -0.6434 -0.0539 -0.7636
vn -0.6524 0.2025 -0.7303
vn -0.6735 0.0172 -0.7390
vn -0.6789 0.2089 -0.7038
vn -0.6706 0.1154 -0.7328
vn -0.6342 0.2349 -0.7366
vn -0.6404 0.2821 -0.7144
vn -0.7296 0.3586 -0.5823
vn -0.6893 0.3033 -0.6580
vn -0.6652 0.3315 -0.6690
vn -0.6904 0.3755 -0.6184
vn -0.7311 0.4883 -0.4765
vn -0.7179 0.4552 -0.5267
vn -0.7362 0.5772 -0.3534
vn -0.7247 0.6236 -0.2932
vn -0.6375 0.1919 -0.7461
vn -0.2967 0.7442 -0.5984
vn -0.6950 0.3590 -0.6230
vn -0.4104 0.8236 -0.3914
vn -0.5949 0.6880 -0.4157
vn -0.5815 0.7016 -0.4117
vn -0.6924 0.3642 -0.6229
vn -0.6930 0.4093 -0.5935
vn -0.4655 0.8476 -0.2546
vn -0.4596 0.8456 -0.2716
vn -0.4918 0.8162 -0.3033
vn -0.4964 0.8151 -0.2987
vn -0.5799 0.7390 -0.3428
vn -0.5970 0.6905 -0.4084
vn -0.6845 0.4661 -0.5605
vn -0.6783 0.5514 -0.4857
vn -0.4877 0.8499 -0.1998
vn -0.4705 0.8464 -0.2496
vn -0.4829 0.8276 -0.2863
vn -0.4811 0.8471 -0.2257
vn -0.6599 0.6529 -0.3718
vn -0.5469 0.7981 -0.2529
vn -0.6162 0.7466 -0.2509
vn -0.5051 0.8373 -0.2091
vn -0.4982 0.8504 -0.1692
vn -0.4647 0.8694 -0.1676
vn -0.4492 0.8676 -0.2133
vn -0.4695 0.8466 -0.2506
vn -0.4553 0.8245 -0.3360
vn -0.4238 0.8339 -0.3537
vn -0.5019 0.8119 -0.2981
vn -0.5184 0.7810 -0.3482
vn -0.4847 0.7878 -0.3801
vn -0.4105 0.8284 -0.3811
vn -0.6530 0.7004 -0.2881
vn -0.5773 0.7677 -0.2782
vn -0.5710 0.7461 -0.3426
vn -0.6157 0.7075 -0.3469
vn -0.5291 0.7556 -0.3862
vn -0.4166 0.8303 -0.3703
vn -0.5686 0.7307 -0.3779
vn -0.4329 0.8358 -0.3377
vn -0.6676 0.6753 -0.3135
vn -0.6426 0.6797 -0.3538
vn -0.6525 0.6803 -0.3338
vn -0.6885 0.6640 -0.2918
vn -0.5474 0.7694 -0.3291
vn -0.5843 0.7758 -0.2382
vn -0.6152 0.7131 -0.3361
vn -0.4649 0.8454 -0.2630
vn -0.6837 0.6915 -0.2333
vn -0.5157 0.8492 -0.1135
vn -0.6181 0.7830 -0.0705
vn -0.5786 0.8104 0.0923
vn -0.7467 0.6649 -0.0181
vn -0.7450 0.6525 -0.1386
vn -0.5755 0.7968 0.1843
vn -0.5594 0.8258 0.0711
vn -0.7403 0.6682 -0.0735
vn -0.7576 0.6507 0.0506
vn -0.5106 0.8440 0.1643
vn -0.4339 0.8305 0.3492
vn -0.7404 0.6276 0.2407
vn -0.7402 0.6707 0.0469
vn -0.3285 0.5390 0.7756
vn -0.6347 0.3427 0.6926
vn -0.7442 0.6566 0.1223
vn -0.7349 0.5871 0.3396
vn -0.5811 0.6583 0.4785
vn -0.5811 0.7782 0.2381
vn -0.0352 -0.4570 0.8888
vn -0.0649 -0.3607 0.9304
vn -0.1805 -0.1996 0.9631
vn -0.2339 -0.2346 0.9435
vn -0.5876 0.2337 0.7747
vn -0.4355 0.2401 0.8676
vn 0.8074 0.5712 0.1479
vn 0.5357 0.6903 -0.4863
vn 0.9049 0.3359 -0.2614
vn 0.9580 0.2681 0.1020
vn 0.8354 0.3045 -0.4576
vn 0.9517 0.2918 0.0953
vn 0.8161 0.3678 0.4457
vn 0.7049 0.4118 0.5775
vn 0.7420 0.4793 0.4687
vn 0.6688 0.5343 0.5169
vn 0.7204 0.4036 0.5640
vn 0.7662 0.4137 0.4917
vn 0.6975 0.5230 0.4898
vn 0.7187 0.5244 0.4566
vn 0.7796 0.4618 0.4231
vn 0.7710 0.5288 0.3548
vn 0.7186 0.5466 0.4299
vn 0.7200 0.5732 0.3913
vn -0.2504 0.6940 -0.6750
vn -0.3776 0.2733 -0.8847
vn -0.4497 -0.0890 -0.8887
vn -0.2969 0.3376 -0.8932
vn -0.3784 -0.0926 -0.9210
vn -0.3298 -0.4921 -0.8057
vn -0.4370 -0.5644 -0.7003
vn -0.4889 -0.3493 -0.7993
vn 0.6328 0.2995 -0.7141
vn 0.9606 0.2757 0.0360
vn 0.3090 0.1153 -0.9440
vn 0.9973 0.0611 -0.0396
vn 0.6869 0.5530 0.4716
vn 0.6618 0.4947 0.5633
vn 0.6472 0.5655 0.5112
vn 0.6397 0.6162 0.4594
vn 0.6714 0.5937 0.4437
vn 0.6918 0.5489 0.4692
vn 0.6834 0.5933 0.4254
vn 0.7291 0.5100 0.4565
vn 0.7102 0.5653 0.4195
vn 0.7201 0.5532 0.4188
vn 0.7697 0.4416 0.4611
vn 0.7630 0.4306 0.4821
vn 0.5946 0.1117 0.7962
vn 0.6430 0.3590 0.6765
vn 0.7391 0.2731 0.6157
vn 0.7360 0.0706 0.6733
vn 0.7376 0.4683 0.4864
vn 0.6670 0.5623 0.4888
vn 0.7914 0.2370 0.5635
vn 0.7731 0.0724 0.6302
vn 0.8083 0.2329 0.5407
vn 0.7762 0.0565 0.6279
vn 0.7822 0.2788 0.5572
vn 0.7729 0.0637 0.6313
vn 0.6701 0.3773 0.6393
vn 0.7383 0.3385 0.5834
vn 0.7551 0.1319 0.6422
vn 0.6768 0.2003 0.7084
vn 0.3332 -0.9425 0.0260
vn -0.0630 -0.9598 -0.2735
vn 0.3338 -0.9418 0.0405
vn -0.0528 -0.9437 -0.3265
vn -0.2439 -0.8118 -0.5306
vn -0.3233 -0.7810 -0.5343
vn 0.4982 -0.8610 0.1022
vn 0.2051 -0.9511 -0.2309
vn -0.3463 -0.6660 -0.6607
vn -0.1104 -0.5571 -0.8231
vn 0.0229 -0.8567 -0.5153
vn 0.7743 -0.6324 -0.0216
vn 0.0704 -0.2325 -0.9701
vn 0.9759 -0.2084 -0.0651
vn 0.6639 0.3708 0.6494
vn 0.7044 0.1782 0.6871
vn 0.2169 -0.9065 -0.3621
vn 0.4864 -0.8428 -0.2306
vn 0.3591 -0.8809 -0.3083
vn 0.3229 -0.8930 -0.3134
vn 0.6067 -0.0720 -0.7917
vn 0.2340 0.4990 -0.8344
vn 0.0229 0.1726 -0.9847
vn 0.1625 -0.4542 -0.8759
vn 0.5797 -0.6879 -0.4367
vn 0.2625 -0.8124 -0.5207
vn -0.2015 -0.3571 -0.9121
vn -0.2478 -0.6595 -0.7097
vn -0.3725 -0.7705 -0.5173
vn -0.3809 -0.8451 -0.3752
vn -0.3696 -0.9269 -0.0660
vn -0.3845 -0.9229 -0.0212
vn -0.1297 -0.8693 0.4769
vn -0.1787 -0.8863 0.4272
vn 0.1339 -0.6452 0.7522
vn 0.0522 -0.6967 0.7155
vn 0.1250 -0.7214 0.6812
vn 0.1839 -0.7275 0.6610
vn -0.0120 -0.8389 0.5442
vn 0.0962 -0.8127 0.5748
vn 0.2502 -0.7278 0.6385
vn 0.2985 -0.6891 0.6603
vn 0.1971 -0.8145 0.5456
vn 0.1690 -0.8159 0.5529
vn 0.3529 -0.6288 0.6929
vn 0.4411 -0.5508 0.7086
vn 0.3323 -0.7958 0.5062
vn 0.2463 -0.8093 0.5333
vn 0.5397 -0.4912 0.6837
vn 0.4266 -0.7625 0.4865
vn 0.6427 -0.4682 0.6063
vn 0.5086 -0.7261 0.4627
vn 0.6964 -0.4815 0.5321
vn 0.5346 -0.7128 0.4541
vn 0.6712 -0.5535 0.4930
vn 0.4913 -0.7345 0.4680
vn 0.5678 -0.6822 0.4607
vn 0.3762 -0.7804 0.4994
vn 0.4239 -0.8344 0.3522
vn 0.2341 -0.8689 0.4362
vn 0.7721 -0.2216 0.5956
vn 0.7795 -0.3676 0.5071
vn 0.6384 -0.7607 0.1174
vn 0.5843 -0.8095 0.0569
vn 0.5998 0.0964 0.7943
vn 0.6482 0.1108 0.7534
vn 0.6429 0.0201 0.7657
vn 0.6143 0.0890 0.7840
vn 0.8233 -0.0943 0.5597
vn 0.7682 -0.0488 0.6383
vn 0.7514 0.0318 0.6591
vn 0.7538 -0.0104 0.6570
vn 0.7313 -0.1769 0.6588
vn 0.7321 -0.0906 0.6751
vn 0.7436 -0.0779 0.6641
vn 0.7860 -0.1391 0.6023
vn 0.7371 -0.0981 0.6687
vn 0.6317 -0.0394 0.7742
vn 0.6876 -0.1961 0.6991
vn 0.6285 -0.1322 0.7665
vn 0.3719 -0.8642 -0.3390
vn 0.0747 -0.8573 -0.5094
vn 0.5935 -0.7996 -0.0916
vn 0.8067 -0.5624 0.1813
vn -0.1790 -0.8694 -0.4605
vn 0.4523 -0.8637 -0.2225
vn -0.2671 -0.9236 -0.2751
vn 0.3400 -0.9344 -0.1064
vn -0.2821 -0.9588 -0.0343
vn 0.2197 -0.9642 0.1483
vn -0.2509 -0.9534 0.1673
vn 0.1282 -0.9466 0.2957
vn -0.1663 -0.9445 0.2833
vn 0.0944 -0.9304 0.3542
vn -0.0808 -0.9312 0.3554
vn 0.0602 -0.9130 0.4034
vn -0.0297 -0.9232 0.3832
vn 0.0910 -0.9185 0.3849
vn 0.0354 -0.9139 0.4043
vn 0.1933 -0.9186 0.3447
vn 0.4403 -0.8393 0.3190
vn 0.3290 -0.8861 0.3264
vn 0.1352 -0.9073 0.3981
vn 0.2611 -0.8989 0.3520
vn 0.5283 -0.7893 0.3128
vn 0.5124 -0.8000 0.3121
vn 0.3727 -0.8760 0.3062
vn 0.4450 -0.8442 0.2989
vn 0.4577 -0.7896 0.4087
vn 0.4997 -0.7952 0.3434
vn 0.4618 -0.8158 0.3483
vn 0.4329 -0.8033 0.4091
vn 0.3131 -0.7371 0.5988
vn 0.4003 -0.7814 0.4788
vn 0.3624 -0.7684 0.5275
vn 0.2493 -0.7337 0.6321
vn 0.4845 -0.7643 0.4256
vn 0.4039 -0.7620 0.5062
vn 0.3510 -0.7847 0.5110
vn 0.4039 -0.8178 0.4100
vn 0.2695 -0.7124 0.6480
vn 0.2530 -0.7084 0.6589
vn 0.7250 -0.5007 0.4729
vn 0.6678 -0.6053 0.4333
vn 0.6801 -0.5857 0.4409
vn 0.6464 -0.6115 0.4564
vn 0.6016 -0.6695 0.4357
vn 0.3893 -0.8152 0.4288
vn 0.5447 -0.7443 0.3864
vn 0.4074 -0.8207 0.4005
vn 0.6424 -0.5772 0.5042
vn 0.5700 -0.6487 0.5043
vn 0.6432 -0.6247 0.4427
vn 0.6935 -0.5509 0.4643
vn 0.6002 -0.7040 0.3796
vn 0.4302 -0.8447 0.3185
vn 0.4234 -0.8427 0.3326
vn 0.5400 -0.7406 0.3998
vn 0.4788 -0.6057 0.6355
vn 0.3962 -0.6714 0.6263
vn 0.4493 -0.6636 0.5981
vn 0.5504 -0.5904 0.5903
vn 0.4462 -0.7393 0.5044
vn 0.3654 -0.8049 0.4675
vn 0.3032 -0.7587 0.5766
vn 0.3785 -0.7136 0.5895
vn 0.5573 -0.6047 0.5690
vn 0.5584 -0.6564 0.5073
vn 0.4573 -0.6732 0.5810
vn 0.4898 -0.6126 0.6204
vn 0.3835 -0.6817 0.6231
vn 0.4495 -0.6605 0.6014
vn 0.2719 -0.7366 0.6192
vn 0.2828 -0.7535 0.5935
vn 0.6829 -0.6228 0.3819
vn 0.6593 -0.5775 0.4816
vn 0.7771 -0.4960 0.3874
vn 0.8374 -0.5171 0.1772
vn 0.5415 -0.6317 0.5547
vn 0.6320 -0.5568 0.5391
vn 0.3079 -0.7738 0.5536
vn 0.3116 -0.7747 0.5502
vn 0.9352 -0.3499 0.0549
vn 0.8863 -0.3327 0.3221
vn 0.9278 -0.0911 0.3618
vn 0.9692 -0.1838 0.1641
vn 0.7135 -0.4475 0.5391
vn 0.3070 -0.7728 0.5554
vn 0.7557 -0.3240 0.5692
vn 0.2995 -0.7661 0.5687
vn 0.8307 0.1230 0.5430
vn 0.7816 0.1190 0.6123
vn 0.9238 -0.0003 0.3829
vn 0.8995 0.0855 0.4285
vn 0.8006 -0.2376 0.5501
vn 0.3216 -0.7855 0.5287
vn 0.3398 -0.8067 0.4835
vn 0.7897 -0.2440 0.5628
vn 0.6532 0.1432 0.7435
vn 0.7253 0.0099 0.6884
vn 0.6427 -0.1376 0.7536
vn 0.6136 0.0508 0.7880
vn 0.6961 -0.3558 0.6236
vn 0.3700 -0.7808 0.5034
vn 0.3182 -0.7633 0.5623
vn 0.5705 -0.4546 0.6840
vn 0.6860 -0.0729 0.7239
vn 0.6142 -0.2431 0.7508
vn 0.6545 -0.2703 0.7061
vn 0.7909 -0.1211 0.5998
vn 0.4865 -0.4991 0.7171
vn 0.2477 -0.7378 0.6280
vn 0.2059 -0.7136 0.6696
vn 0.4649 -0.4992 0.7312
vn 0.8319 -0.0886 0.5478
vn 0.7128 -0.2171 0.6669
vn 0.7674 -0.1347 0.6269
vn 0.8221 -0.0690 0.5651
vn 0.4813 -0.4723 0.7384
vn 0.1961 -0.7118 0.6745
vn 0.2040 -0.7236 0.6593
vn 0.5130 -0.4437 0.7348
vn 0.7748 -0.0887 0.6260
vn 0.8027 -0.0492 0.5944
vn 0.7300 0.0566 0.6811
vn 0.6643 -0.0920 0.7418
vn 0.5662 -0.3743 0.7344
vn 0.2184 -0.7119 0.6674
vn 0.1832 -0.6071 0.7732
vn 0.5886 -0.1786 0.7885
vn 0.7243 0.5786 0.3749
vn 0.7309 0.6200 0.2852
vn 0.6812 0.6576 0.3217
vn 0.7072 0.6963 0.1231
vn 0.6291 0.7274 0.2740
vn 0.6101 0.7841 0.1137
vn 0.6292 0.6895 0.3587
vn 0.6159 0.7678 0.1766
vn 0.2323 0.7687 -0.5960
vn -0.1286 0.5929 -0.7949
vn 0.5517 0.7741 -0.3104
vn 0.5704 0.8059 -0.1587
vn 0.2987 0.8332 -0.4654
vn -0.1555 0.6208 -0.7684
vn 0.3189 0.7617 -0.5640
vn 0.3095 0.5689 -0.7619
vn 0.2097 0.4246 -0.8807
vn 0.2049 0.6350 -0.7448
vn 0.1487 0.3054 -0.9405
vn 0.1899 0.3948 -0.8989
vn 0.0989 0.2444 -0.9646
vn 0.0659 0.2852 -0.9562
vn 0.0070 0.4449 -0.8956
vn 0.6384 0.7548 -0.1507
vn 0.5754 0.8155 -0.0616
vn 0.4776 0.8193 -0.3171
vn 0.4523 0.7978 -0.3986
vn 0.5845 0.8113 -0.0129
vn 0.5363 0.8077 -0.2449
vn 0.4423 0.7762 -0.4493
vn 0.4029 0.8299 -0.3860
vn 0.3889 0.8035 -0.4507
vn 0.4671 0.7754 -0.4248
vn 0.3673 0.8019 -0.4712
vn 0.3922 0.8377 -0.3800
vn 0.5543 0.7870 -0.2710
vn 0.4784 0.8652 -0.1505
vn 0.4646 0.8570 -0.2231
vn 0.4839 0.7956 -0.3644
vn 0.4227 0.8757 -0.2335
vn 0.4376 0.8900 -0.1280
vn 0.4527 0.8654 -0.2148
vn 0.4432 0.8885 -0.1192
vn 0.5772 0.7535 -0.3147
vn 0.4659 0.6846 -0.5605
vn 0.3820 0.8102 -0.4446
vn 0.4055 0.8771 -0.2574
vn 0.3370 0.6973 -0.6326
vn 0.3690 0.8354 -0.4074
vn 0.2823 0.5229 -0.8043
vn 0.4438 0.8378 -0.3179
vn -0.0459 0.5532 -0.8318
vn 0.3215 0.7840 -0.5310
vn 0.4085 0.8055 -0.4293
vn -0.0797 0.5743 -0.8148
vn 0.5447 0.8180 -0.1848
vn 0.3634 0.8906 -0.2735
vn 0.4281 0.8094 -0.4019
vn 0.2594 0.7920 -0.5527
vn 0.2317 0.8655 -0.4441
vn 0.3423 0.5986 -0.7242
vn 0.4495 0.5973 -0.6642
vn 0.3770 0.6138 -0.6937
vn 0.2444 0.7962 -0.5535
vn 0.2315 0.8363 -0.4970
vn 0.3697 0.8208 -0.4355
vn -0.1224 0.5897 -0.7983
vn 0.5878 0.8007 -0.1157
vn 0.6666 0.7438 -0.0498
vn 0.6407 0.7676 0.0139
vn 0.6225 0.7818 -0.0359
vn 0.6709 0.7261 -0.1506
vn 0.5407 0.8406 -0.0323
vn 0.5735 0.8180 -0.0444
vn 0.4684 0.8627 -0.1906
vn 0.4418 0.8882 -0.1263
vn 0.6184 0.7067 -0.3436
vn 0.5771 0.8015 -0.1570
vn 0.4935 0.8656 -0.0850
vn 0.3279 0.8377 -0.4367
vn 0.3274 0.8852 -0.3306
vn 0.3702 0.9103 -0.1854
vn 0.4190 0.9026 -0.0986
vn 0.6665 0.7451 0.0229
vn 0.7535 0.6329 0.1779
vn 0.7481 0.6144 0.2508
vn 0.7294 0.6813 0.0608
vn 0.3000 0.2204 -0.9281
vn 0.4948 0.1710 -0.8520
vn 0.1647 0.2533 -0.9533
vn 0.1338 -0.1433 -0.9806
vn -0.1255 0.0254 -0.9918
vn 0.4906 -0.3002 -0.8180
vn 0.8925 0.1665 0.4191
vn 0.7381 0.6674 0.0985
vn 0.9083 0.4182 -0.0009
vn 0.9690 -0.0698 0.2368
vn 0.4227 0.8889 -0.1768
vn 0.6591 0.7007 -0.2731
vn 0.7989 -0.3022 0.5200
vn 0.6045 -0.6543 0.4544
vn 0.8082 -0.4096 0.4231
vn 0.6379 -0.6766 0.3678
vn 0.5713 -0.7221 0.3902
vn 0.6158 -0.7195 0.3211
vn 0.6252 -0.7522 0.2082
vn 0.7895 -0.5672 0.2346
vn 0.6591 -0.7123 0.2412
vn 0.6572 -0.7391 0.1475
vn 0.6026 -0.7929 0.0908
vn 0.7522 -0.6503 0.1062
vn 0.7743 -0.5511 0.3111
vn 0.8695 -0.4488 0.2062
vn 0.7934 -0.5889 0.1540
vn 0.7768 -0.5928 0.2124
vn 0.8232 -0.5677 -0.0046
vn 0.7090 -0.7049 -0.0228
vn 0.9541 -0.2820 -0.1005
vn 0.9138 -0.3080 -0.2648
vn 0.7804 -0.5992 -0.1788
vn 0.6335 -0.7342 -0.2443
vn 0.8035 -0.3257 -0.4983
vn 0.6893 -0.5699 -0.4474
vn 0.4146 -0.4649 -0.7823
vn 0.5213 -0.6616 -0.5389
vn 0.2319 -0.4408 -0.8671
vn -0.2773 0.0703 -0.9582
vn 0.0053 -0.2118 -0.9773
vn -0.1512 -0.1310 -0.9798
vn -0.4203 0.0607 -0.9053
vn -0.8714 -0.1643 -0.4622
vn -0.5935 0.0739 -0.8014
vn -0.8948 -0.2651 -0.3592
vn -0.7392 -0.4670 -0.4852
vn -0.7331 -0.2265 -0.6413
vn -0.3392 -0.6508 -0.6793
vn -0.1053 -0.4619 -0.8807
vn -0.4712 -0.3008 -0.8291
vn -0.5536 -0.5980 -0.5795
vn 0.6215 0.7830 -0.0258
vn 0.7104 0.7031 0.0313
vn 0.7083 0.6985 0.1023
vn 0.6341 0.7732 -0.0095
vn 0.4082 0.7991 -0.4413
vn 0.5863 0.7793 -0.2212
vn 0.5380 0.8196 -0.1969
vn 0.3793 0.8200 -0.4286
vn 0.3363 0.7974 -0.5010
vn 0.2684 0.8145 -0.5143
vn 0.4981 0.8491 -0.1758
vn 0.5582 0.8224 -0.1094
vn 0.5538 0.8229 -0.1271
vn 0.4478 0.8475 -0.2851
vn 0.4334 0.6661 -0.6071
vn 0.2528 0.8060 -0.5352
vn 0.3173 0.8333 -0.4528
vn 0.4762 0.7521 -0.4556
vn 0.9038 0.2670 -0.3346
vn 0.8245 0.3385 -0.4534
vn 0.6334 0.6481 -0.4228
vn 0.7347 0.2118 -0.6445
vn 0.4675 0.8461 -0.2559
vn 0.5914 0.7150 -0.3728
vn 0.6802 0.6747 -0.2866
vn 0.6752 0.6317 -0.3809
vn 0.8281 0.4798 -0.2900
vn 0.7868 0.5155 -0.3394
vn 0.9177 0.3056 -0.2539
vn 0.8168 0.5257 -0.2375
vn 0.8821 0.4582 -0.1097
vn 0.7075 0.7008 -0.0911
vn 0.6720 0.6386 -0.3749
vn 0.7315 0.5812 -0.3565
vn 0.6804 0.6872 -0.2545
vn 0.6054 0.7430 -0.2853
vn 0.5895 0.7949 -0.1435
vn 0.5108 0.8354 -0.2030
vn 0.4132 0.8515 -0.3227
vn 0.5010 0.7889 -0.3559
vn 0.6026 0.6938 -0.3943
vn 0.6925 0.6695 0.2688
vn 0.3903 0.8974 0.2056
vn 0.6937 0.6617 0.2845
vn 0.4445 0.8651 0.2324
vn -0.0661 0.9901 0.1242
vn -0.5316 0.8459 0.0435
vn 0.0242 0.9784 0.2051
vn -0.4561 0.8734 0.1710
vn -0.9673 0.2487 -0.0489
vn -0.9490 0.2780 -0.1490
vn -0.8864 0.4528 -0.0960
vn -0.8471 0.5291 0.0490
vn -0.9523 -0.0181 -0.3046
vn -0.9422 0.0194 -0.3345
vn -0.9435 0.2854 -0.1685
vn -0.9720 0.2116 -0.1025
vn 0.0499 -0.8601 -0.5078
vn 0.3656 -0.8486 -0.3823
vn 0.1628 -0.7181 -0.6767
vn -0.2062 -0.7497 -0.6288
vn 0.6791 -0.7333 -0.0335
vn 0.7442 -0.6609 0.0971
vn 0.5514 -0.8258 -0.1186
vn 0.3589 -0.8836 -0.3008
vn -0.4326 -0.7144 -0.5500
vn -0.5678 -0.5892 -0.5748
vn -0.7994 -0.3249 -0.5054
vn -0.7576 -0.4043 -0.5124
vn -0.3702 -0.7282 -0.5768
vn -0.1906 -0.8285 -0.5266
vn -0.4419 -0.6391 -0.6295
vn -0.4567 -0.6850 -0.5676
vn -0.7523 -0.4089 -0.5166
vn -0.7438 -0.3963 -0.5382
vn 0.7855 -0.5981 0.1593
vn 0.6779 -0.7282 0.1008
vn 0.7787 -0.6185 0.1051
vn 0.6782 -0.7317 0.0679
vn 0.1061 -0.9111 -0.3982
vn 0.5377 -0.8284 -0.1572
vn -0.0836 -0.8768 -0.4736
vn 0.4173 -0.8647 -0.2794
vn -0.1229 -0.8344 -0.5373
vn 0.3901 -0.8423 -0.3720
vn -0.1041 -0.7738 -0.6249
vn 0.4342 -0.7728 -0.4630
vn 0.5579 -0.8296 0.0249
vn 0.5832 -0.8123 0.0089
vn 0.7546 -0.6559 0.0194
vn 0.7210 -0.6889 -0.0744
vn 0.6839 -0.7296 -0.0030
vn 0.6799 -0.7288 -0.0814
vn 0.7015 -0.6922 -0.1698
vn 0.6524 -0.7345 -0.1866
vn 0.7213 -0.6363 -0.2735
vn 0.6590 -0.6779 -0.3258
vn 0.9780 -0.1195 0.1708
vn 0.9836 0.0636 0.1685
vn 0.9722 0.0829 0.2191
vn 0.9580 -0.1864 0.2178
vn 0.9152 0.3216 0.2430
vn 0.9525 0.2400 0.1876
vn 0.8991 -0.3678 0.2376
vn 0.9164 -0.3568 0.1814
vn 0.5972 -0.8002 -0.0547
vn 0.7781 -0.6276 0.0270
vn 0.6043 -0.7857 -0.1321
vn 0.8056 -0.5897 -0.0572
vn 0.6279 -0.7420 -0.2348
vn 0.8466 -0.5032 -0.1734
vn 0.6927 -0.6181 -0.3717
vn 0.8687 -0.3748 -0.3240
vn 0.7247 0.6362 0.2645
vn 0.4639 0.8379 0.2874
vn 0.8753 0.4497 0.1780
vn 0.7300 0.6581 0.1844
vn 0.9416 -0.3194 0.1064
vn 0.9923 -0.0323 0.1198
vn 0.9664 -0.2562 0.0216
vn 0.9977 0.0576 0.0364
vn 0.9874 0.1325 0.0865
vn 0.9701 0.2428 0.0020
vn 0.9804 -0.1652 -0.1078
vn 0.9889 0.1317 -0.0690
vn 0.9643 -0.0897 -0.2490
vn 0.9765 0.1569 -0.1476
vn 0.9562 0.2883 -0.0515
vn 0.8153 0.5721 0.0901
vn 0.9598 0.2745 -0.0588
vn 0.8650 0.4894 0.1107
vn 0.0906 0.9325 0.3496
vn -0.3836 0.8578 0.3420
vn 0.2347 0.9002 0.3669
vn -0.2980 0.8852 0.3573
vn -0.7717 0.6059 0.1935
vn -0.7120 0.6725 0.2021
vn -0.9319 0.3625 0.0148
vn -0.9604 0.2786 0.0083
vn 0.3827 0.8642 0.3268
vn -0.2025 0.9213 0.3321
vn 0.4560 0.8288 0.3243
vn -0.1370 0.9421 0.3061
vn -0.9852 0.1475 -0.0879
vn -0.9808 0.1525 -0.1213
vn -0.9288 -0.0912 -0.3593
vn -0.9495 -0.0642 -0.3072
vn -0.6469 0.7407 0.1812
vn -0.8936 0.4489 0.0007
vn -0.5897 0.7932 0.1519
vn -0.8537 0.5196 -0.0342
vn -0.7199 -0.3839 -0.5782
vn -0.6730 -0.3833 -0.6325
vn -0.3509 -0.5470 -0.7600
vn -0.4057 -0.5837 -0.7034
vn -0.8421 -0.1314 -0.5230
vn -0.8919 -0.1150 -0.4373
vn -0.9684 0.1813 -0.1710
vn -0.9453 0.2127 -0.2474
vn 0.5327 -0.5595 -0.6349
vn 0.4796 -0.6692 -0.5675
vn -0.0718 -0.6824 -0.7274
vn 0.0251 -0.6132 -0.7895
vn 0.7929 -0.4465 -0.4147
vn 0.7217 -0.5531 -0.4162
vn 0.7683 -0.5352 -0.3511
vn 0.8076 -0.4335 -0.3997
vn -0.6173 -0.3919 -0.6822
vn -0.5725 -0.3922 -0.7200
vn -0.2294 -0.5460 -0.8058
vn -0.2908 -0.5315 -0.7956
vn 0.7848 -0.4412 -0.4352
vn 0.8892 -0.2453 -0.3863
vn 0.8642 -0.3146 -0.3927
vn 0.9194 -0.1941 -0.3422
vn 0.1919 -0.5630 -0.8039
vn 0.3619 -0.5729 -0.7354
vn 0.8391 -0.3311 -0.4316
vn 0.6757 -0.4372 -0.5935
vn 0.8747 -0.3156 -0.3679
vn 0.9264 -0.2213 -0.3046
vn 0.9515 -0.0575 -0.3023
vn 0.9787 0.1115 -0.1726
vn 0.9587 -0.0900 -0.2699
vn 0.9844 0.0171 -0.1754
vn 0.9810 0.1847 -0.0589
vn 0.9205 0.3791 0.0950
vn 0.9941 0.0616 -0.0896
vn 0.9762 0.2164 0.0115
vn 0.9579 -0.1427 -0.2492
vn 0.9714 -0.1073 -0.2119
vn 0.9853 -0.0797 -0.1509
vn 0.9949 0.0126 -0.1003
vn 0.8783 -0.3072 -0.3664
vn 0.9119 -0.2405 -0.3326
vn 0.4480 -0.5448 -0.7089
vn -0.1659 -0.5304 -0.8314
vn -0.1043 -0.4985 -0.8606
vn 0.5000 -0.4912 -0.7132
vn 0.5571 -0.3838 -0.7364
vn 0.9327 -0.1455 -0.3301
vn -0.0637 -0.4247 -0.9031
vn 0.0079 -0.1951 -0.9808
vn 0.5412 0.0529 -0.8392
vn 0.9035 0.1848 -0.3867
vn -0.5195 -0.3861 -0.7623
vn -0.7865 -0.1364 -0.6024
vn -0.4622 -0.3561 -0.8122
vn -0.7373 -0.0887 -0.6697
vn -0.9133 0.2369 -0.3313
vn -0.8709 0.2816 -0.4027
vn -0.8330 0.5474 -0.0801
vn -0.8200 0.5560 -0.1358
vn 0.9514 0.3060 -0.0358
vn 0.6748 0.7349 -0.0679
vn 0.1652 0.9835 0.0735
vn 0.7648 0.6371 0.0961
vn 0.5733 0.7780 0.2569
vn -0.0307 0.9704 0.2397
vn -0.5463 0.8307 0.1074
vn -0.5586 0.8294 -0.0116
vn -0.7645 0.5360 -0.3580
vn -0.3087 0.8851 -0.3482
vn -0.5790 0.3829 -0.7198
vn -0.7047 0.0734 -0.7057
vn 0.2101 0.7531 -0.6234
vn -0.3161 0.1683 -0.9337
vn -0.4486 -0.2370 -0.8617
vn -0.2607 0.8929 -0.3671
vn -0.2610 0.8144 -0.5183
vn 0.1504 0.8555 -0.4954
vn 0.1588 0.9431 -0.2921
vn 0.4663 0.8774 -0.1126
vn 0.4759 0.8620 -0.1746
vn 0.5440 0.8274 -0.1395
vn 0.5609 0.8127 -0.1582
vn 0.3724 0.8357 -0.4037
vn 0.3720 0.8345 -0.4064
vn -0.4833 0.6407 -0.5966
vn -0.5154 0.6201 -0.5914
vn -0.3965 0.6853 -0.6109
vn -0.3377 0.7474 -0.5722
vn -0.2295 0.6938 -0.6826
vn -0.2848 0.5969 -0.7500
vn -0.1971 0.5226 -0.8295
vn -0.1253 0.6212 -0.7736
vn 0.0243 0.6858 -0.7274
vn -0.0036 0.6600 -0.7512
vn -0.5660 0.6200 -0.5433
vn -0.6061 0.6243 -0.4929
vn -0.6054 0.5375 -0.5870
vn -0.5044 0.6255 -0.5952
vn 0.5567 0.8048 -0.2060
vn 0.3366 0.8455 -0.4145
vn 0.3416 0.8279 -0.4448
vn 0.5486 0.7979 -0.2497
vn -0.4079 0.5054 -0.7604
vn -0.5232 0.3678 -0.7687
vn -0.3550 0.4240 -0.8332
vn -0.2958 0.4837 -0.8237
vn -0.0615 0.6629 -0.7462
vn -0.0771 0.6427 -0.7622
vn -0.6365 0.6267 -0.4496
vn -0.6942 0.3961 -0.6009
vn -0.6538 0.5364 -0.5337
vn -0.7048 0.1441 -0.6946
vn 0.5450 0.8076 -0.2251
vn 0.3744 0.8263 -0.4207
vn 0.3913 0.8588 -0.3307
vn 0.5366 0.8280 -0.1625
vn -0.6185 0.1795 -0.7650
vn -0.3771 0.3473 -0.8586
vn -0.6300 0.0392 -0.7756
vn -0.3976 0.3640 -0.8423
vn -0.0346 0.6372 -0.7699
vn -0.0094 0.7198 -0.6941
vn -0.6792 0.3591 -0.6402
vn -0.7643 0.0128 -0.6447
vn -0.7030 0.2217 -0.6757
vn -0.8266 0.0655 -0.5590
vn -0.7188 0.1151 -0.6857
vn -0.4583 0.5129 -0.7259
vn -0.7715 0.2857 -0.5684
vn -0.4736 0.6488 -0.5956
vn -0.6047 0.4268 -0.6725
vn -0.6144 0.2151 -0.7591
vn -0.4575 0.2281 -0.8594
vn -0.3404 0.2528 -0.9057
vn -0.7037 0.1648 -0.6912
vn -0.8113 0.2249 -0.5396
vn -0.7096 0.4845 -0.5116
vn -0.4193 0.7363 -0.5310
vn -0.5333 0.6464 -0.5456
vn -0.3579 0.7604 -0.5420
vn 0.5259 0.8408 -0.1285
vn 0.3752 0.8930 -0.2487
vn 0.3658 0.8907 -0.2698
vn 0.5409 0.8194 -0.1897
vn -0.0238 0.8390 -0.5436
vn -0.0298 0.8961 -0.4429
vn 0.0188 0.3185 -0.9477
vn 0.4027 0.5004 -0.7665
vn 0.3379 0.5891 -0.7340
vn -0.1569 0.5430 -0.8249
vn 0.6880 0.7028 -0.1808
vn 0.6910 0.6530 -0.3100
vn 0.6837 0.6620 -0.3071
vn 0.6632 0.6374 -0.3923
vn -0.1176 0.7280 -0.6754
vn -0.0056 0.8270 -0.5622
vn 0.3235 0.7045 -0.6317
vn 0.3912 0.7528 -0.5294
vn 0.5815 0.6193 -0.5276
vn 0.6314 0.6043 -0.4860
vn 0.5107 0.6592 -0.5519
vn 0.5866 0.6712 -0.4532
vn 0.5629 0.7539 -0.3388
vn 0.6549 0.6764 -0.3369
vn 0.3709 0.8432 -0.3892
vn 0.6441 0.6698 -0.3696
vn -0.0021 0.8898 -0.4563
vn 0.3211 -0.1517 0.9348
vn 0.5818 0.0013 0.8133
vn -0.0322 -0.4076 0.9126
vn 0.2816 -0.7487 0.6002
vn 0.4687 -0.6267 0.6226
vn 0.6152 -0.5106 0.6007
vn 0.7453 -0.1593 0.6474
vn 0.7051 -0.6029 0.3732
vn 0.6662 -0.7091 0.2309
vn 0.7841 -0.4078 0.4678
vn 0.5783 -0.7578 0.3023
vn 0.4562 -0.8428 0.2856
vn 0.5284 -0.8454 0.0785
vn 0.5690 -0.8139 0.1175
vn 0.7722 -0.5615 0.2974
vn 0.7737 -0.5503 0.3140
vn 0.6203 -0.7680 0.1595
vn 0.5870 -0.7511 0.3022
vn 0.6980 -0.4036 0.5916
vn 0.4984 -0.7128 0.4934
vn 0.3723 -0.8697 0.3241
vn 0.3300 -0.9327 0.1457
vn 0.4720 -0.8386 0.2721
vn 0.4624 -0.8485 0.2575
vn 0.4747 -0.8481 0.2352
vn 0.4810 -0.8495 0.2167
vn 0.3205 -0.9284 0.1879
vn 0.2346 -0.9255 0.2974
vn 0.2431 -0.7475 0.6182
vn 0.3036 -0.7516 0.5856
vn 0.5155 -0.8506 0.1036
vn 0.5072 -0.8568 0.0935
vn -0.9387 0.1685 0.3006
vn -0.9880 -0.0707 0.1372
vn -0.9993 -0.0316 0.0219
vn -0.9712 0.2150 0.1027
vn -0.9833 -0.1569 -0.0917
vn -0.9774 -0.2073 -0.0419
vn -0.9216 0.2556 -0.2920
vn -0.9008 0.3453 -0.2633
vn -0.8639 0.4192 -0.2793
vn -0.8970 -0.3698 -0.2421
vn -0.8312 -0.4502 -0.3263
vn -0.9426 -0.2502 -0.2211
vn -0.9503 -0.2703 -0.1543
vn -0.8620 -0.1219 -0.4920
vn -0.9175 0.0608 -0.3932
vn -0.4984 -0.6081 0.6179
vn -0.5614 -0.6874 0.4607
vn -0.8902 -0.3465 0.2957
vn -0.8088 -0.2013 0.5525
vn -0.6239 -0.7158 0.3137
vn -0.9099 -0.4029 0.0983
vn -0.9008 -0.4280 -0.0726
vn -0.8621 -0.4438 -0.2445
vn -0.7135 -0.6930 0.1034
vn -0.7601 -0.6476 -0.0530
vn -0.7013 -0.6975 -0.1474
vn -0.7556 -0.5614 -0.3376
vn -0.8374 -0.3257 -0.4390
vn -0.7747 -0.6027 -0.1914
vn -0.5044 0.6641 -0.5518
vn -0.5017 0.6707 -0.5463
vn -0.7905 0.5105 -0.3385
vn -0.4822 0.6877 -0.5427
vn -0.5184 0.6278 -0.5806
vn -0.5324 0.6537 -0.5377
vn -0.6152 0.5534 -0.5615
vn -0.7502 0.4656 -0.4696
vn -0.6381 0.5899 -0.4947
vn -0.5664 0.6594 -0.4943
vn -0.5942 0.5716 -0.5659
vn -0.6888 0.4328 -0.5816
vn -0.7028 0.4649 -0.5385
vn -0.7476 0.3399 -0.5706
vn -0.7249 0.3328 -0.6031
vn -0.7288 0.3386 -0.5951
vn -0.8264 0.1805 -0.5333
vn -0.8641 -0.2302 -0.4475
vn -0.7573 0.2452 -0.6053
vn -0.7389 0.3601 -0.5695
vn -0.2787 -0.8568 0.4339
vn -0.2176 -0.8553 0.4702
vn -0.2258 -0.8591 0.4594
vn -0.2328 -0.8685 0.4376
vn -0.3973 -0.8247 0.4025
vn -0.3600 -0.8765 0.3196
vn -0.4928 -0.8300 0.2611
vn -0.5784 -0.8127 0.0706
vn -0.4977 -0.8663 0.0424
vn -0.5332 -0.8207 -0.2053
vn -0.8410 -0.3845 -0.3807
vn -0.6123 -0.7370 -0.2861
vn -0.6682 -0.7351 -0.1141
vn -0.6813 -0.6421 -0.3514
vn -0.6855 -0.5862 -0.4319
vn -0.7785 -0.2843 -0.5595
vn -0.5990 -0.5610 -0.5714
vn -0.7227 -0.1747 -0.6687
vn -0.6971 0.2875 -0.6568
vn -0.6476 0.3581 -0.6726
vn -0.4196 -0.5671 -0.7088
vn -0.5345 -0.1009 -0.8391
vn -0.3388 -0.5869 -0.7353
vn -0.5041 -0.0534 -0.8620
vn -0.5245 0.5040 -0.6862
vn -0.5442 0.4202 -0.7261
vn -0.4739 -0.8147 -0.3343
vn -0.8438 -0.2350 -0.4825
vn -0.6616 -0.1195 -0.7403
vn -0.4040 -0.6956 -0.5940
vn -0.6552 0.5299 -0.5384
vn -0.8025 0.4947 -0.3335
vn -0.4911 0.7396 -0.4602
vn -0.4673 0.6850 -0.5590
vn -0.4999 0.6712 -0.5474
vn -0.6298 0.6690 -0.3947
vn -0.4973 0.6585 -0.5648
vn -0.7707 0.5227 -0.3644
vn -0.7530 0.4909 -0.4382
vn -0.7997 0.5341 -0.2742
vn -0.6327 0.4924 -0.5977
vn -0.5602 0.6131 -0.5570
vn -0.8268 0.3727 -0.4214
vn -0.8711 0.1788 -0.4573
vn -0.7012 0.3307 -0.6316
vn -0.8442 0.0401 -0.5345
vn -0.7337 0.1827 -0.6544
vn -0.7974 -0.0465 -0.6016
vn -0.7825 0.1139 -0.6121
vn -0.8112 0.1166 -0.5730
vn -0.8356 -0.1084 -0.5386
vn -0.7914 -0.0847 -0.6054
vn -0.8220 0.1795 -0.5405
vn -0.7661 0.2440 -0.5946
vn -0.8793 -0.0947 -0.4667
vn -0.8662 -0.1395 -0.4798
vn -0.7062 0.3534 -0.6135
vn -0.7470 0.3029 -0.5918
vn -0.8878 -0.0156 -0.4599
vn -0.8550 0.0662 -0.5144
vn -0.6213 0.4974 -0.6055
vn -0.6377 0.4215 -0.6448
vn -0.7877 0.1849 -0.5876
vn -0.7530 0.2728 -0.5988
vn -0.7005 0.5517 -0.4527
vn -0.7917 0.5306 -0.3027
vn -0.7935 0.2734 -0.5438
vn -0.8593 0.1866 -0.4763
vn -0.9931 0.1158 0.0188
vn -0.9767 0.2144 0.0057
vn -0.9983 0.0389 0.0441
vn -0.7340 -0.3916 0.5549
vn -0.7765 -0.3635 0.5147
vn -0.8100 -0.3121 0.4965
vn -0.9918 -0.0656 0.1100
vn -0.9784 -0.2013 0.0460
vn -0.7244 -0.4001 0.5614
vn -0.6998 -0.3729 0.6093
vn -0.4484 -0.8747 0.1839
vn -0.7761 -0.5875 0.2290
vn -0.9187 -0.3660 -0.1484
vn -0.8044 -0.5329 -0.2627
vn -0.4327 -0.8394 0.3288
vn -0.7341 -0.5623 0.3807
vn -0.5282 -0.6366 0.5619
vn -0.6565 -0.4294 0.6202
vn -0.3748 -0.9271 0.0100
vn -0.3212 -0.9373 0.1353
vn -0.7304 -0.5812 -0.3587
vn -0.7277 -0.5803 -0.3656
vn -0.8021 -0.5528 -0.2259
vn -0.7435 -0.5962 -0.3029
vn -0.4853 -0.8731 0.0465
vn -0.4411 -0.8971 -0.0266
vn -0.8479 -0.4501 -0.2800
vn -0.8448 -0.4958 -0.2013
vn -0.4301 -0.8997 0.0738
vn -0.4864 -0.8674 0.1053
vn -0.2719 -0.9495 -0.1564
vn -0.3431 -0.9390 -0.0234
vn -0.8126 -0.4027 -0.4214
vn -0.7502 -0.3743 -0.5451
vn -0.4892 -0.8599 -0.1458
vn -0.4022 -0.9024 -0.1547
vn -0.5728 -0.7038 -0.4202
vn -0.6039 -0.7623 -0.2329
vn -0.5329 -0.6635 -0.5252
vn -0.2803 -0.9447 -0.1700
vn -0.1744 -0.9057 0.3863
vn -0.1547 -0.9243 0.3488
vn -0.1073 -0.9424 0.3167
vn -0.2141 -0.9359 0.2797
vn 0.0086 -0.9430 0.3326
vn -0.1173 -0.9310 0.3456
vn -0.2902 -0.9469 -0.1383
vn -0.5827 -0.5981 -0.5502
vn -0.6757 -0.5354 -0.5067
vn -0.4319 -0.9019 -0.0066
vn -0.1045 -0.9120 0.3968
vn 0.0648 -0.9239 0.3772
vn 0.0395 -0.9049 0.4238
vn -0.0846 -0.9162 0.3916
vn -0.3062 -0.9192 0.2475
vn -0.2943 -0.9230 0.2480
vn -0.3213 -0.9070 0.2722
vn -0.3032 -0.9192 0.2513
vn -0.3254 -0.9148 0.2392
vn -0.2988 -0.9383 0.1741
vn -0.5080 -0.8590 0.0643
vn -0.7043 -0.5431 -0.4572
vn -0.5896 -0.6360 -0.4979
vn -0.3967 -0.9180 0.0027
vn -0.0869 -0.9390 0.3328
vn -0.0779 -0.9282 0.3637
vn -0.3421 -0.9110 0.2302
vn -0.3428 -0.9139 0.2176
vn -0.3677 -0.9122 0.1807
vn -0.3873 -0.9049 0.1763
vn -0.0170 -0.9056 0.4239
vn -0.0212 -0.9103 0.4133
vn -0.1533 -0.9855 -0.0728
vn -0.3755 -0.7305 -0.5705
vn 0.0471 -0.9986 -0.0248
vn -0.2269 -0.8158 -0.5319
vn -0.1676 -0.9293 -0.3292
vn -0.1339 -0.9823 -0.1307
vn 0.1841 -0.9796 0.0802
vn 0.2797 -0.9567 0.0812
vn -0.0523 -0.9610 0.2717
vn 0.0830 -0.9354 0.3437
vn 0.1942 -0.9408 0.2778
vn -0.0313 -0.9610 0.2747
vn -0.3891 -0.9084 0.1528
vn -0.3277 -0.9247 0.1937
vn -0.3416 -0.9199 0.1927
vn -0.4262 -0.8869 0.1782
vn -0.0068 -0.9629 0.2698
vn 0.2738 -0.9314 0.2400
vn 0.3679 -0.9125 0.1789
vn 0.0695 -0.9744 0.2138
vn -0.4167 -0.8880 0.1945
vn -0.3387 -0.9219 0.1879
vn -0.2907 -0.9414 0.1712
vn -0.3645 -0.9172 0.1608
vn 0.1277 -0.9634 0.2358
vn 0.4170 -0.8859 0.2034
vn 0.3871 -0.8528 0.3505
vn 0.1316 -0.9255 0.3551
vn 0.2022 -0.9226 0.3285
vn 0.2869 -0.9490 0.1306
vn -0.3890 -0.9070 0.1612
vn -0.2702 -0.9423 0.1979
vn -0.2952 -0.9166 0.2698
vn -0.4575 -0.8649 0.2064
vn -0.4462 -0.8790 0.1681
vn -0.2852 -0.9214 0.2640
vn -0.2687 -0.9454 0.1843
vn -0.4078 -0.9042 0.1269
vn 0.1115 -0.9332 0.3416
vn 0.1171 -0.9037 0.4118
vn 0.1038 -0.9653 0.2396
vn 0.1155 -0.9513 0.2859
vn -0.2597 -0.9523 0.1600
vn -0.2385 -0.9628 0.1271
vn -0.3720 -0.9197 0.1254
vn -0.3600 -0.9291 0.0852
vn -0.3741 -0.9262 0.0467
vn -0.1990 -0.9738 0.1105
vn -0.1186 -0.9927 0.0212
vn -0.2886 -0.9560 -0.0521
vn 0.0767 -0.9902 0.1167
vn 0.0745 -0.9775 0.1974
vn -0.1253 -0.9204 0.3703
vn -0.3518 -0.6605 0.6633
vn -0.0163 -0.9460 0.3238
vn 0.2028 -0.9230 0.3269
vn 0.1750 -0.8949 0.4104
vn 0.0112 -0.7028 0.7113
vn 0.0568 -0.9106 0.4093
vn -0.0360 -0.9429 0.3312
vn 0.1357 -0.8697 0.4746
vn 0.1946 -0.8652 0.4621
vn -0.1382 -0.9680 0.2094
vn -0.1900 -0.9598 0.2066
vn 0.0759 -0.9379 0.3386
vn 0.1039 -0.9160 0.3874
vn -0.1445 -0.9551 0.2585
vn -0.0379 -0.9643 0.2621
vn 0.1536 -0.9272 0.3415
vn 0.1022 -0.9314 0.3494
vn -0.0399 -0.9538 0.2978
vn 0.0273 -0.9354 0.3526
vn -0.1280 -0.9685 0.2135
vn -0.5787 -0.8154 -0.0186
vn -0.4991 -0.8618 0.0903
vn -0.4366 -0.8898 0.1327
vn -0.6889 -0.7165 0.1099
vn -0.6567 -0.7515 0.0634
vn -0.3655 -0.9113 0.1898
vn -0.4012 -0.8867 0.2299
vn -0.3097 -0.9477 0.0776
vn -0.5759 -0.8174 -0.0142
vn -0.6681 -0.7333 0.1258
vn -0.4037 -0.9010 0.1586
vn -0.3838 -0.9097 0.1588
vn -0.5911 -0.8043 0.0606
vn -0.5281 -0.8491 -0.0135
vn -0.3640 -0.9243 0.1149
vn -0.4673 -0.8633 0.1907
vn -0.7040 -0.6985 0.1281
vn -0.7353 -0.6614 0.1480
vn -0.4763 -0.8538 0.2101
vn -0.3867 -0.9134 0.1272
vn -0.6203 -0.7843 0.0076
vn -0.6070 -0.7940 -0.0346
vn -0.4165 -0.9034 0.1025
vn -0.5336 -0.8321 0.1515
vn -0.7231 -0.6904 0.0205
vn -0.7250 -0.6883 -0.0264
vn -0.5346 -0.8396 0.0961
vn -0.5216 -0.8464 0.1075
vn -0.7532 -0.6574 -0.0207
vn -0.7166 -0.6840 -0.1364
vn -0.4938 -0.8687 0.0396
vn -0.5534 -0.8327 -0.0188
vn -0.7581 -0.6370 -0.1397
vn -0.7854 -0.5945 -0.1721
vn -0.6231 -0.7788 -0.0723
vn -0.5649 -0.8095 -0.1601
vn -0.7613 -0.6136 -0.2095
vn -0.9273 -0.0481 -0.3713
vn -0.9318 -0.0344 -0.3614
vn -0.8224 -0.5423 -0.1722
vn -0.7958 -0.5769 -0.1841
vn -0.9187 -0.3905 -0.0584
vn -0.9595 0.1197 -0.2550
vn -0.5814 -0.8128 0.0373
vn -0.5158 -0.8567 0.0034
vn -0.9602 0.1642 -0.2261
vn -0.9194 -0.3869 -0.0712
vn -0.8839 -0.4501 -0.1270
vn -0.9633 0.1208 -0.2397
vn -0.9769 0.1650 -0.1355
vn -0.9330 -0.3600 0.0001
vn -0.8387 -0.5337 -0.1085
vn -0.9600 -0.0513 -0.2754
vn -0.8957 -0.2232 -0.3845
vn -0.7348 -0.6490 -0.1972
vn -0.8977 -0.4385 -0.0420
vn -0.9596 -0.0593 -0.2749
vn -0.9785 0.1139 -0.1719
vn -0.9469 -0.3214 0.0099
vn -0.8601 -0.4881 -0.1483
vn -0.9462 -0.0178 -0.3231
vn -0.9252 -0.0310 -0.3782
vn -0.8275 -0.5257 -0.1972
vn -0.9009 -0.4037 -0.1594
vn -0.9423 0.0770 -0.3258
vn -0.9488 0.1347 -0.2856
vn -0.9178 -0.3565 -0.1748
vn -0.9223 -0.3281 -0.2043
vn -0.9428 0.1153 -0.3129
vn -0.9575 0.1218 -0.2615
vn -0.9066 -0.3401 -0.2497
vn -0.9127 -0.3428 -0.2224
vn -0.9634 0.0705 -0.2586
vn -0.4728 0.8132 -0.3393
vn -0.4099 0.7829 -0.4680
vn -0.7589 0.5137 -0.4002
vn -0.7810 0.5935 -0.1943
vn -0.7389 0.4921 -0.4602
vn -0.3709 0.7967 -0.4771
vn -0.9619 0.0206 -0.2725
vn -0.9818 0.1867 -0.0345
vn -0.3350 0.8296 -0.4467
vn -0.7220 0.5201 -0.4562
vn -0.6968 0.6213 -0.3583
vn -0.3304 0.8732 -0.3583
vn -0.3369 0.8868 -0.3164
vn -0.6898 0.6558 -0.3069
vn -0.7146 0.6209 -0.3222
vn -0.3608 0.8728 -0.3286
vn -0.3600 0.8705 -0.3357
vn -0.7268 0.6297 -0.2742
vn -0.7585 0.5349 -0.3724
vn -0.3533 0.8432 -0.4052
vn -0.3633 0.8160 -0.4496
vn -0.7613 0.4248 -0.4899
vn -0.7504 0.4768 -0.4578
vn -0.3763 0.8345 -0.4025
vn -0.3717 0.8516 -0.3696
vn -0.7349 0.5775 -0.3556
vn -0.7348 0.5167 -0.4394
vn -0.3720 0.8340 -0.4075
vn -0.3888 0.8658 -0.3151
vn -0.7352 0.5333 -0.4184
vn -0.7394 0.5898 -0.3248
vn -0.3793 0.8973 -0.2257
vn -0.3468 0.9203 -0.1809
vn -0.7468 0.6058 -0.2742
vn -0.7590 0.5880 -0.2797
vn -0.3297 0.9322 -0.1492
vn -0.3674 0.9253 -0.0944
vn -0.7897 0.5766 -0.2094
vn -0.8218 0.5326 -0.2027
vn -0.4468 0.8934 -0.0465
vn -0.8282 -0.1430 -0.5419
vn -0.6660 0.5015 -0.5522
vn -0.6409 0.5939 -0.4863
vn -0.8677 -0.0073 -0.4970
vn -0.7422 0.4017 -0.5365
vn -0.8057 -0.3571 -0.4725
vn -0.9066 0.4198 0.0431
vn -0.9301 0.2196 0.2943
vn -0.8857 0.3634 -0.2889
vn -0.9855 -0.1561 -0.0658
vn -0.7459 -0.2132 0.6310
vn -0.6669 -0.6291 0.3993
vn -0.2396 -0.8093 0.5364
vn -0.3682 -0.6468 0.6679
vn -0.1823 -0.9643 0.1922
vn -0.0999 -0.9284 0.3580
vn -0.5818 -0.8122 -0.0435
vn -0.2258 -0.9694 0.0968
vn -0.1218 -0.9703 0.2088
vn -0.1024 -0.9490 0.2981
vn -0.8866 -0.1352 -0.4423
vn -0.7736 0.3292 -0.5414
vn -0.7931 -0.5607 -0.2380
vn -0.4881 -0.8551 -0.1750
vn -0.5556 0.6658 -0.4981
vn -0.5593 0.7407 -0.3722
vn -0.6492 0.6879 -0.3246
vn -0.7087 0.5745 -0.4096
vn -0.6158 0.7564 -0.2206
vn -0.5713 0.7831 -0.2459
vn -0.8608 0.4830 -0.1605
vn -0.8663 0.4369 -0.2422
vn -0.8681 0.3842 -0.3143
vn -0.5792 0.7960 -0.1758
vn -0.6024 0.7787 -0.1751
vn -0.6023 0.7918 -0.1019
vn -0.5875 0.8059 -0.0737
vn -0.8581 0.5119 -0.0406
vn -0.8606 0.4975 -0.1087
vn -0.8626 0.4833 0.1492
vn -0.8584 0.5086 0.0662
vn -0.6080 0.7936 0.0225
vn -0.6339 0.7627 0.1283
vn -0.5741 0.8160 0.0676
vn -0.5507 0.8188 0.1619
vn -0.6004 0.7956 0.0812
vn -0.7070 0.7045 0.0622
vn -0.7691 0.6338 -0.0826
vn -0.6723 0.7390 -0.0431
vn -0.8927 0.4468 -0.0589
vn -0.8854 0.4547 0.0961
vn -0.5682 0.8114 -0.1370
vn -0.3458 0.9300 0.1243
vn -0.4695 0.8449 0.2565
vn -0.6328 0.7743 0.0015
vn -0.0582 0.7804 0.6226
vn 0.0711 0.8666 0.4938
vn -0.3210 0.7015 0.6363
vn -0.6322 0.7593 0.1542
vn -0.7931 0.3884 0.4692
vn -0.8965 0.4414 -0.0380
vn -0.7766 0.6299 0.0078
vn -0.5905 0.6133 0.5246
vn -0.6925 0.6337 -0.3449
vn -0.8987 0.3004 -0.3196
vn -0.7404 0.5131 -0.4342
vn -0.5952 0.7075 -0.3811
vn -0.9147 -0.0394 -0.4023
vn -0.9751 -0.0543 -0.2152
vn -0.7703 0.5752 -0.2754
vn -0.6819 0.6634 -0.3081
vn -0.6680 0.6628 -0.3383
vn -0.7961 0.5458 -0.2613
vn -0.4314 -0.5684 0.7006
vn -0.4556 -0.5445 0.7042
vn -0.4337 -0.5229 0.7338
vn -0.4863 -0.5220 0.7007
vn -0.4179 -0.5507 0.7226
vn -0.3751 -0.5299 0.7606
vn -0.4775 -0.4274 0.7676
vn -0.5277 -0.3364 0.7800
vn -0.5380 -0.4701 0.6997
vn -0.4157 -0.4643 0.7821
vn -0.2427 -0.4583 0.8550
vn -0.5218 -0.3516 0.7772
vn -0.7438 -0.3590 0.5638
vn -0.9780 0.1999 0.0597
vn -0.5918 -0.5236 0.6129
vn -0.9708 0.1470 0.1896
vn -0.9879 0.1309 -0.0831
vn -0.9545 0.2933 -0.0542
vn -0.9610 -0.2446 0.1289
vn -0.9965 -0.0383 -0.0742
vn -0.9938 -0.1100 -0.0164
vn -0.9925 -0.1123 -0.0490
vn -0.8341 -0.3345 0.4385
vn -0.9541 0.2922 0.0662
vn -0.3711 -0.5955 0.7125
vn -0.4654 -0.4745 0.7472
vn -0.9299 -0.2600 -0.2602
vn -0.9613 -0.2161 -0.1708
vn -0.7146 -0.4866 0.5025
vn -0.7783 -0.4818 0.4026
vn -0.6635 -0.5028 0.5540
vn -0.9772 -0.1756 -0.1197
vn -0.9692 -0.2144 -0.1209
vn -0.6001 -0.6079 0.5199
vn -0.6047 -0.6431 0.4698
vn -0.9575 -0.2181 -0.1887
vn -0.7961 -0.5165 0.3155
vn -0.9418 -0.0448 -0.3332
vn -0.8288 0.2156 -0.5164
vn -0.9537 -0.3008 -0.0027
vn -0.9506 -0.1047 -0.2923
vn -0.9452 -0.0706 -0.3189
vn -0.7049 0.3016 -0.6419
vn -0.7721 0.3524 -0.5289
vn -0.9501 -0.1075 -0.2928
vn -0.8534 0.2597 -0.4519
vn -0.9277 0.1158 -0.3549
vn -0.9732 -0.1577 -0.1675
vn -0.8900 0.1126 -0.4419
vn -0.9522 0.1468 -0.2679
vn -0.7110 0.3864 -0.5875
vn -0.6267 0.3920 -0.6735
vn -0.9938 0.1073 -0.0305
vn -0.8960 0.2852 -0.3404
vn -0.8136 -0.0160 -0.5812
vn -0.8384 0.0445 -0.5432
vn -0.6523 0.3195 -0.6873
vn -0.7044 0.2347 -0.6698
vn -0.8569 -0.0295 -0.5147
vn -0.8255 -0.0466 -0.5625
vn -0.7613 0.1818 -0.6224
vn -0.7885 0.1125 -0.6046
vn -0.8449 -0.0072 -0.5348
vn -0.7744 0.0020 -0.6327
vn -0.7372 -0.0426 -0.6743
vn -0.7973 -0.0066 -0.6035
vn -0.9577 0.1713 -0.2311
vn -0.9772 0.1116 -0.1806
vn -0.9877 0.0040 -0.1565
vn -0.9583 0.0939 -0.2698
vn -0.9926 0.0339 -0.1165
vn -0.9821 0.1184 -0.1464
vn -0.9487 0.2335 -0.2133
vn -0.9257 0.2410 -0.2916
vn -0.9667 0.2233 -0.1251
vn -0.9811 0.1446 -0.1288
vn -0.9690 0.1267 -0.2120
vn -0.9692 0.0849 -0.2311
vn -0.9900 -0.1035 -0.0961
vn -0.9899 -0.0573 -0.1296
vn -0.9866 0.0457 -0.1564
vn -0.9830 0.0747 -0.1679
vn -0.9935 0.0116 -0.1134
vn -0.9937 -0.0653 -0.0908
vn -0.9869 -0.0159 -0.1606
vn -0.9856 -0.1316 -0.1066
vn -0.9936 0.0249 -0.1102
vn -0.9957 0.0153 -0.0911
vn -0.9901 0.1057 -0.0920
vn -0.9975 -0.0431 -0.0561
vn -0.9866 -0.0921 -0.1344
vn -0.9985 0.0509 0.0224
vn -0.9924 0.1104 -0.0549
vn -0.9757 0.2125 -0.0542
vn -0.9778 0.2092 0.0145
vn -0.9936 0.0869 -0.0726
vn -0.9981 -0.0194 -0.0586
vn -0.9996 0.0290 -0.0027
vn -0.9985 0.0516 -0.0155
vn -0.9978 -0.0633 0.0172
vn -0.9983 -0.0249 -0.0529
vn -0.9080 -0.3530 -0.2258
vn -0.9337 -0.3543 -0.0526
vn -0.7437 -0.6646 -0.0723
vn -0.7454 -0.6051 -0.2797
vn -0.9732 0.2025 0.1086
vn -0.9612 0.1992 0.1906
vn -0.9799 -0.0239 0.1979
vn -0.9930 0.0145 0.1174
vn -0.9935 -0.1088 0.0345
vn -0.9978 0.0005 0.0664
vn -0.9867 -0.1378 0.0859
vn -0.9378 -0.3460 0.0278
vn -0.9612 -0.2226 0.1627
vn -0.9885 -0.1058 0.1081
vn -0.9769 0.2126 0.0202
vn -0.9680 0.1885 0.1658
vn -0.9771 -0.1135 0.1800
vn -0.9843 -0.1650 0.0634
vn -0.5754 -0.7680 -0.2813
vn -0.5578 -0.8272 -0.0671
vn -0.4723 -0.8670 -0.1591
vn -0.4463 -0.8623 -0.2394
vn -0.8568 -0.5156 -0.0112
vn -0.9544 -0.2943 0.0500
vn -0.9049 -0.4143 -0.0973
vn -0.8134 -0.5538 -0.1781
vn -0.8706 -0.4914 0.0263
vn -0.9178 -0.3712 0.1408
vn -0.9569 0.0578 0.2845
vn -0.9724 0.2251 -0.0607
vn -0.9616 -0.2584 -0.0926
vn -0.9051 -0.4217 0.0539
vn -0.3375 -0.9391 -0.0640
vn -0.5220 -0.8351 -0.1736
vn -0.6076 -0.7941 -0.0160
vn -0.2938 -0.9433 0.1545
vn -0.6062 -0.7953 0.0089
vn -0.7488 -0.6445 -0.1546
vn -0.7947 -0.5464 -0.2645
vn -0.7257 -0.6866 -0.0431
vn -0.8365 -0.5434 -0.0702
vn -0.8132 -0.5066 -0.2866
vn -0.5226 -0.8521 0.0289
vn -0.8454 -0.5209 -0.1183
vn -0.9391 -0.3309 0.0927
vn -0.6534 -0.7409 0.1554
vn -0.5547 -0.8320 0.0052
vn -0.4425 -0.8598 0.2548
vn -0.2322 -0.9538 0.1907
vn -0.4698 -0.8816 -0.0464
vn -0.2737 -0.9504 0.1475
vn -0.2172 -0.9617 0.1672
vn -0.1672 -0.9501 0.2634
vn -0.0409 -0.9674 0.2501
vn -0.3081 -0.9305 0.1981
vn -0.0574 -0.9710 0.2322
vn -0.2172 -0.9213 0.3225
vn -0.2960 -0.9185 0.2620
vn -0.2761 -0.9333 0.2295
vn -0.2167 -0.9451 0.2448
vn -0.1078 -0.9600 0.2583
vn 0.0256 -0.9658 0.2579
vn 0.0695 -0.9610 0.2676
vn -0.3400 -0.9224 0.1832
vn -0.7118 -0.6186 0.3327
vn -0.4122 -0.7882 0.4570
vn -0.1508 -0.9602 -0.2350
vn -0.6913 -0.5883 -0.4195
vn 0.0595 -0.7679 -0.6378
vn -0.4932 -0.3500 -0.7964
vn 0.0074 -0.9156 -0.4021
vn -0.5433 -0.4889 -0.6825
vn 0.0044 -0.9746 0.2239
vn -0.6069 -0.7815 -0.1448
vn -0.1944 -0.8110 0.5518
vn -0.9194 -0.3856 0.0778
vn -0.9211 -0.3881 0.0321
vn -0.3744 -0.8043 0.4614
vn -0.4800 -0.7748 0.4114
vn -0.9147 -0.3982 -0.0690
vn -0.5387 -0.7488 0.3862
vn -0.8971 -0.4168 -0.1468
vn -0.8978 -0.4115 -0.1567
vn -0.5658 -0.7264 0.3902
vn -0.5962 -0.7034 0.3870
vn -0.9211 -0.3687 -0.1253
vn -0.9568 -0.2843 -0.0615
vn -0.6449 -0.6513 0.4000
vn -0.6979 -0.5588 0.4480
vn -0.9829 -0.1744 0.0590
vn -0.9566 -0.1344 0.2586
vn -0.5858 -0.5419 0.6026
vn -0.1178 -0.7506 0.6501
vn -0.2076 -0.7532 0.6241
vn -0.0940 -0.7715 0.6292
vn 0.0241 -0.8012 0.5979
vn 0.1363 -0.7101 0.6908
vn 0.0901 -0.7615 0.6418
vn -0.0488 -0.7491 0.6607
vn -0.0365 -0.7216 0.6913
vn 0.3003 -0.7334 0.6098
vn 0.1977 -0.7038 0.6824
vn 0.0028 -0.7286 0.6850
vn 0.0603 -0.7500 0.6587
vn 0.2572 -0.8172 0.5158
vn 0.1535 -0.7900 0.5935
vn 0.4073 -0.7446 0.5289
vn 0.4572 -0.7475 0.4818
vn 0.3947 -0.9003 -0.1835
vn 0.4292 -0.8704 0.2414
vn 0.4693 -0.7853 0.4037
vn 0.3589 -0.8885 0.2858
vn 0.0665 -0.9946 0.0801
vn 0.2682 -0.9088 -0.3195
vn 0.3543 -0.8799 0.3165
vn 0.3671 -0.9101 0.1924
vn -0.0341 -0.8507 0.5245
vn 0.0236 -0.6576 0.7530
vn 0.4147 -0.7685 0.4872
vn 0.3665 -0.8459 0.3875
vn 0.1914 -0.5965 0.7795
vn 0.3983 -0.6801 0.6154
vn 0.5088 -0.6612 0.5513
vn 0.4861 -0.6642 0.5680
vn 0.4639 -0.7666 0.4439
vn 0.3860 -0.8358 0.3904
vn 0.3851 -0.7578 0.5268
vn 0.4822 -0.7084 0.5154
vn 0.2057 -0.8359 0.5089
vn 0.0229 -0.8799 0.4745
vn -0.3670 -0.7174 0.5922
vn 0.1217 -0.7436 0.6575
vn -0.4565 -0.8687 0.1921
vn 0.0193 -0.9246 0.3805
vn -0.9773 0.2086 0.0357
vn -0.9690 -0.2035 0.1403
vn -0.8829 -0.4280 -0.1930
vn -0.9677 -0.2462 -0.0545
vn -0.9249 -0.3613 0.1183
vn -0.9830 -0.1753 -0.0554
vn -0.9805 0.1590 0.1154
vn -0.6869 -0.7195 0.1023
vn -0.8189 -0.3192 0.4770
vn -0.5942 -0.8040 0.0216
vn -0.4258 -0.9036 0.0470
vn -0.6323 -0.7741 0.0312
vn -0.6165 -0.7856 0.0521
vn -0.6644 -0.7469 -0.0272
vn -0.5605 -0.8146 0.1495
vn -0.4258 -0.8772 0.2216
vn -0.6566 -0.7325 -0.1795
vn -0.7004 -0.7031 -0.1226
vn -0.7269 -0.6302 -0.2730
vn -0.7074 -0.5902 -0.3889
vn -0.7533 -0.6387 -0.1570
vn -0.6594 -0.7515 -0.0193
vn -0.7232 -0.4394 -0.5328
vn -0.6480 -0.4488 -0.6154
vn -0.5807 -0.4803 -0.6574
vn -0.5998 -0.3344 -0.7269
vn -0.7994 -0.4205 -0.4291
vn -0.5746 -0.2147 -0.7898
vn 0.2099 -0.9572 0.1992
vn 0.1832 -0.9428 0.2786
vn 0.0700 -0.9731 0.2194
vn 0.1343 -0.9792 0.1520
vn -0.2406 -0.9698 0.0395
vn -0.2974 -0.9394 -0.1706
vn 0.2721 -0.9514 0.1439
vn -0.2254 -0.9270 -0.2998
vn -0.1337 -0.9410 -0.3110
vn 0.3488 -0.9286 0.1264
vn -0.7205 -0.3969 -0.5686
vn -0.7431 -0.4532 -0.4924
vn -0.1401 -0.9827 -0.1210
vn -0.2245 -0.9488 -0.2221
vn 0.1825 -0.9796 0.0842
vn 0.2655 -0.9577 0.1107
vn 0.3875 -0.9085 0.1566
vn 0.3629 -0.9261 0.1031
vn 0.3307 -0.9239 0.1926
vn 0.3193 -0.9342 0.1589
vn -0.1569 -0.9365 -0.3135
vn -0.5304 -0.5894 -0.6094
vn -0.2572 -0.9437 -0.2080
vn -0.6084 -0.6681 -0.4284
vn -0.6326 -0.7574 -0.1619
vn -0.4633 -0.8803 -0.1021
vn -0.8065 -0.3756 -0.4566
vn -0.8522 -0.2720 -0.4469
vn -0.9626 -0.2372 0.1309
vn -0.9912 -0.0637 0.1162
vn -0.9216 0.1827 -0.3424
vn -0.9621 -0.2081 -0.1763
vn -0.8677 0.2609 -0.4231
vn -0.7941 0.3585 -0.4908
vn -0.8758 0.2490 -0.4135
vn -0.9476 -0.2102 -0.2406
vn -0.7936 0.2912 -0.5342
vn -0.7826 0.2463 -0.5718
vn -0.5173 -0.8421 0.1525
vn -0.6441 -0.7385 0.1991
vn -0.9900 -0.0846 -0.1124
vn -0.9401 -0.2348 -0.2470
vn -0.8048 0.4945 -0.3282
vn -0.7973 0.4596 -0.3913
vn -0.8301 0.4404 -0.3419
vn -0.8218 0.4796 -0.3076
vn -0.9396 0.2510 -0.2327
vn -0.9260 0.2610 -0.2728
vn -0.9619 -0.2377 -0.1350
vn -0.9644 -0.2442 -0.1017
vn -0.7371 -0.6756 0.0178
vn -0.7889 -0.6093 -0.0794
vn -0.9668 -0.0950 -0.2371
vn -0.9493 -0.1598 -0.2708
vn -0.7507 0.4854 -0.4481
vn -0.7479 0.5189 -0.4139
vn -0.7292 0.5554 -0.3996
vn -0.6734 0.5569 -0.4862
vn -0.8520 0.1911 -0.4874
vn -0.9038 0.2565 -0.3425
vn -0.9327 -0.2810 -0.2262
vn -0.8649 -0.3285 -0.3795
vn -0.8412 -0.5394 0.0375
vn -0.8533 -0.3813 0.3556
vn -0.7731 -0.6292 -0.0802
vn -0.5931 -0.8052 -0.0008
vn -0.6926 -0.6798 0.2413
vn -0.7505 -0.4511 0.4830
vn -0.7529 -0.6577 0.0225
vn -0.7699 -0.6352 0.0611
vn -0.5250 -0.8314 0.1820
vn -0.5508 -0.8325 0.0594
vn -0.7603 -0.6466 -0.0624
vn -0.7476 -0.6224 -0.2317
vn -0.5333 -0.8443 -0.0530
vn -0.5118 -0.8505 0.1212
vn -0.8610 -0.2896 -0.4181
vn -0.7715 -0.5655 -0.2915
vn -0.8044 -0.5120 -0.3013
vn -0.8774 -0.2463 -0.4118
vn -0.6147 -0.7711 -0.1659
vn -0.5774 -0.8039 -0.1427
vn -0.2215 -0.9739 0.0497
vn -0.1894 -0.9728 0.1335
vn -0.2757 -0.9612 0.0071
vn 0.1608 -0.9771 0.1397
vn 0.1191 -0.9817 0.1488
vn 0.0827 -0.9830 0.1637
vn -0.8393 0.5436 0.0041
vn -0.9303 -0.3515 0.1052
vn -0.9589 -0.2371 -0.1556
vn -0.9767 0.0805 -0.1987
vn -0.9998 0.0160 -0.0069
vn -0.7115 0.6376 -0.2955
vn -0.8528 -0.5018 0.1448
vn -0.8644 -0.4228 0.2721
vn -0.9357 -0.3505 0.0391
vn -0.9172 -0.3732 -0.1396
vn -0.8016 -0.3779 0.4632
vn -0.8542 -0.2793 0.4385
vn -0.6936 -0.5084 0.5103
vn -0.7924 -0.4248 0.4378
vn -0.9839 -0.1783 0.0081
vn -0.9768 -0.2105 -0.0401
vn -0.5519 -0.7337 0.3963
vn -0.4373 -0.8912 0.1208
vn -0.6776 -0.7145 -0.1742
vn -0.8891 -0.4576 0.0115
vn -0.3699 -0.9262 0.0733
vn -0.3181 -0.9293 0.1876
vn -0.4385 -0.8915 -0.1142
vn -0.5420 -0.8208 -0.1802
vn -0.1138 -0.9838 0.1388
vn -0.2389 -0.9463 0.2176
vn -0.8647 0.2166 -0.4532
vn -0.7845 0.4042 -0.4703
vn -0.8996 0.0319 -0.4355
vn -0.9060 -0.0670 -0.4180
vn -0.8751 0.0658 -0.4794
vn -0.9068 0.1287 -0.4014
vn -0.8850 -0.0956 -0.4557
vn -0.9034 -0.0511 -0.4258
vn -0.8456 0.1171 -0.5208
vn -0.8993 -0.0832 -0.4294
vn -0.9388 -0.1840 -0.2911
vn -0.9535 -0.2275 -0.1977
vn -0.8914 -0.4056 -0.2023
vn -0.9094 -0.2542 -0.3291
vn -0.9405 0.0349 -0.3379
vn -0.9827 -0.0800 -0.1672
vn -0.8573 0.1534 -0.4914
vn -0.7877 0.2888 -0.5442
vn -0.7533 0.3393 -0.5634
vn -0.7788 0.3191 -0.5400
vn -0.9475 0.0369 -0.3175
vn -0.9316 0.1466 -0.3327
vn -0.9901 -0.0898 -0.1077
vn -0.9685 -0.2311 -0.0923
vn -0.8085 0.1526 -0.5683
vn -0.7431 -0.1307 -0.6563
vn -0.6877 -0.0033 -0.7260
vn -0.7414 0.2089 -0.6377
vn -0.8480 -0.4361 -0.3011
vn -0.9227 -0.3615 -0.1338
vn -0.9167 -0.1378 -0.3751
vn -0.8110 -0.2819 -0.5127
vn -0.6914 -0.3491 -0.6325
vn -0.7155 -0.3822 -0.5848
vn -0.6989 -0.0846 -0.7102
vn -0.6081 -0.0915 -0.7886
vn -0.7489 -0.1739 -0.6395
vn -0.7540 -0.3620 -0.5482
vn -0.6773 -0.2220 -0.7014
vn -0.6965 -0.0752 -0.7136
vn -0.8036 0.4566 0.3818
vn -0.8542 0.1944 0.4822
vn -0.8886 0.1069 0.4460
vn -0.8921 0.3574 0.2766
vn -0.8913 0.0830 0.4457
vn -0.8716 0.1512 0.4663
vn -0.9100 -0.0436 0.4122
vn -0.8390 0.2330 0.4917
vn -0.8278 0.3421 0.4446
vn -0.9362 0.1021 0.3362
vn -0.7400 0.6707 0.0505
vn -0.8240 0.5612 -0.0781
vn -0.7529 0.6302 -0.1895
vn -0.6878 0.7221 -0.0741
vn -0.8276 0.5258 0.1964
vn -0.9402 0.3153 0.1289
vn -0.7215 0.6882 0.0769
vn -0.7750 0.6249 -0.0941
vn -0.8074 0.5764 -0.1261
vn -0.9715 0.0756 0.2245
vn -0.9801 0.1324 0.1477
vn -0.8153 0.5701 -0.1015
vn -0.9733 -0.0078 0.2294
vn -0.9311 -0.0920 0.3531
vn -0.7598 0.6363 -0.1333
vn -0.7394 0.6444 -0.1951
vn -0.9538 0.2632 0.1452
vn -0.9521 0.2919 0.0909
vn -0.6900 0.6832 -0.2392
vn -0.6900 0.6929 -0.2092
vn -0.9328 0.3602 -0.0089
vn -0.9196 0.3812 0.0952
vn -0.8060 0.5715 -0.1541
vn -0.9853 0.1197 0.1216
vn -0.9774 0.2104 0.0189
vn -0.7479 0.6157 -0.2481
vn -0.9868 -0.0025 0.1622
vn -0.9767 -0.0469 0.2093
vn -0.9780 0.0276 -0.2066
vn -0.7598 0.5213 -0.3885
vn -0.7825 0.5448 -0.3015
vn -0.9921 -0.0859 -0.0911
vn -0.5249 0.7901 -0.3164
vn -0.5356 0.7667 -0.3540
vn -0.6690 0.6608 -0.3404
vn -0.9304 0.3386 -0.1403
vn -0.8579 0.4575 -0.2340
vn -0.5966 0.7029 -0.3872
vn -0.9999 -0.0136 -0.0079
vn -0.9982 0.0131 0.0586
vn -0.8669 0.4936 -0.0699
vn -0.7514 0.6423 -0.1513
vn -0.9480 0.3157 0.0399
vn -0.9585 0.2758 0.0723
vn -0.9979 0.0585 0.0274
vn -0.9940 0.0713 0.0829
vn -0.7624 0.6220 -0.1787
vn -0.9252 0.3657 -0.1017
vn -0.9976 -0.0665 -0.0200
vn -0.9698 0.2349 -0.0650
vn -0.9987 -0.0517 -0.0029
vn -0.9393 -0.3350 0.0746
vn -0.8890 -0.4536 0.0625
vn -0.9426 -0.3340 -0.0033
vn -0.9959 -0.0267 -0.0859
vn -0.7659 0.5654 -0.3060
vn -0.5492 0.7596 -0.3484
vn -0.9325 0.0286 0.3599
vn -0.9722 -0.1025 0.2106
vn -0.9549 -0.2287 0.1893
vn -0.9242 0.0008 0.3819
vn -0.9429 -0.3183 0.0979
vn -0.8529 -0.5197 0.0507
vn -0.5967 -0.7995 0.0689
vn -0.7588 -0.6490 0.0551
vn -0.5305 -0.8404 0.1112
vn -0.5394 -0.8385 -0.0777
vn -0.6703 -0.7355 -0.0989
vn -0.7545 -0.6385 0.1517
vn -0.6779 -0.6857 -0.2651
vn -0.8338 -0.5470 -0.0750
vn -0.8043 -0.5685 0.1729
vn -0.7836 -0.6040 0.1453
vn -0.8496 -0.5112 0.1298
vn -0.8492 -0.5115 0.1309
vn -0.7663 -0.6406 0.0485
vn -0.6531 -0.7464 0.1282
vn -0.8833 -0.4368 -0.1701
vn -0.9201 -0.2070 -0.3326
vn -0.9661 -0.1973 -0.1664
vn -0.9475 -0.3194 0.0125
vn -0.9194 -0.3345 0.2068
vn -0.8773 -0.4443 0.1815
vn -0.7519 -0.6356 0.1751
vn -0.8639 -0.4665 0.1901
vn -0.9162 -0.3716 0.1502
vn -0.9454 -0.3237 0.0390
vn -0.9369 -0.2966 0.1848
vn -0.9059 -0.3717 0.2030
vn 0.1976 0.8370 -0.5102
vn 0.2718 0.8425 -0.4651
vn -0.0377 0.8766 -0.4798
vn -0.1071 0.8794 -0.4638
vn 0.0041 0.8958 -0.4444
vn 0.3048 0.8705 -0.3865
vn 0.2926 0.9110 -0.2907
vn 0.0073 0.9281 -0.3723
vn -0.0233 0.9502 -0.3108
vn 0.2751 0.9260 -0.2584
vn -0.0221 0.9467 -0.3213
vn -0.0278 0.9530 -0.3017
vn 0.2775 0.9200 -0.2768
vn 0.2801 0.9144 -0.2922
vn 0.2676 0.9174 -0.2946
vn -0.0046 0.9440 -0.3300
vn 0.0070 0.9337 -0.3581
vn 0.2617 0.9206 -0.2897
vn 0.2556 0.9229 -0.2881
vn 0.0019 0.9317 -0.3633
vn -0.0013 0.9454 -0.3260
vn 0.2606 0.9267 -0.2708
vn 0.2775 0.9275 -0.2504
vn 0.0087 0.9497 -0.3131
vn 0.0088 0.9589 -0.2837
vn 0.2840 0.9416 -0.1807
vn 0.2948 0.9508 -0.0948
vn 0.0025 0.9826 -0.1857
vn 0.0426 0.9918 -0.1202
vn 0.3300 0.9433 -0.0363
vn 0.3113 0.9498 0.0300
vn 0.1005 0.9926 -0.0675
vn 0.1099 0.9937 -0.0198
vn 0.1936 0.9791 0.0623
vn 0.1334 0.9849 0.1107
vn 0.0244 0.9957 0.0894
vn 0.0754 0.9969 0.0218
vn 0.1497 0.9868 0.0615
vn 0.3669 0.9291 0.0473
vn 0.0858 0.9942 0.0654
vn 0.1342 0.9822 0.1317
vn 0.3760 0.9099 0.1751
vn 0.4000 0.9144 0.0617
vn 0.0972 0.9899 0.1032
vn 0.0064 0.9200 -0.3918
vn 0.2275 0.8867 -0.4025
vn 0.3176 0.8230 -0.4709
vn 0.1624 0.8772 -0.4518
vn 0.3351 0.7915 -0.5111
vn 0.2098 0.8327 -0.5125
vn -0.1252 0.9471 -0.2954
vn 0.1957 0.9441 -0.2653
vn 0.1969 0.9317 -0.3054
vn -0.0940 0.9413 -0.3241
vn -0.1391 0.9374 -0.3194
vn 0.1556 0.9430 -0.2940
vn 0.1843 0.9414 -0.2825
vn -0.1286 0.9480 -0.2912
vn -0.0775 0.9156 -0.3945
vn 0.1292 0.9391 -0.3184
vn 0.1312 0.9454 -0.2984
vn -0.1199 0.9301 -0.3473
vn -0.0012 0.9143 -0.4050
vn 0.1785 0.9302 -0.3206
vn 0.1530 0.9334 -0.3247
vn -0.0328 0.9090 -0.4154
vn -0.0482 0.9425 -0.3306
vn 0.1902 0.9469 -0.2591
vn 0.1956 0.9316 -0.3065
vn -0.0022 0.9293 -0.3694
vn -0.1106 0.9456 -0.3058
vn 0.1822 0.9604 -0.2107
vn 0.1496 0.9691 -0.1961
vn -0.1316 0.9320 -0.3378
vn -0.0408 0.9225 -0.3839
vn 0.1336 0.9248 -0.3562
vn 0.1243 0.9907 -0.0554
vn 0.1140 0.9858 -0.1231
vn 0.2994 0.9004 -0.3156
vn 0.2360 0.9711 0.0368
vn 0.4488 0.8901 0.0793
vn 0.4276 0.8326 -0.3520
vn -0.0951 0.8426 -0.5300
vn -0.0883 0.8954 -0.4365
vn -0.2875 0.8464 -0.4483
vn -0.2729 0.7988 -0.5361
vn -0.3200 0.8771 -0.3582
vn -0.1400 0.9249 -0.3536
vn -0.2049 0.9316 -0.3003
vn -0.3861 0.8758 -0.2897
vn -0.4447 0.8498 -0.2829
vn -0.2613 0.9201 -0.2917
vn -0.2719 0.9119 -0.3075
vn -0.4501 0.8317 -0.3251
vn -0.4325 0.8278 -0.3572
vn -0.2568 0.9025 -0.3457
vn -0.2329 0.8843 -0.4048
vn -0.4186 0.8145 -0.4017
vn -0.3750 0.7871 -0.4898
vn -0.1934 0.8651 -0.4628
vn -0.8525 0.2898 -0.4351
vn -0.5864 0.7075 -0.3944
vn -0.5612 0.6534 -0.5081
vn -0.8021 0.2979 -0.5176
vn -0.4995 0.6540 -0.5682
vn -0.7344 0.3947 -0.5521
vn -0.6746 0.6823 -0.2818
vn -0.6376 0.7097 -0.2997
vn -0.9023 0.2763 -0.3310
vn -0.9123 0.2663 -0.3111
vn -0.6064 0.6741 -0.4217
vn -0.6653 0.6586 -0.3516
vn -0.8616 0.3064 -0.4048
vn -0.7913 0.3364 -0.5105
vn -0.6059 0.6856 -0.4034
vn -0.6813 0.6359 -0.3627
vn -0.5383 0.7770 -0.3263
vn -0.7492 0.5270 -0.4011
vn -0.7253 0.5966 -0.3434
vn -0.8003 0.4462 -0.4005
vn -0.5639 0.7925 -0.2323
vn -0.6438 0.7510 -0.1465
vn -0.8664 0.4428 -0.2308
vn -0.7796 0.5462 -0.3064
vn -0.6904 0.7128 -0.1239
vn -0.7836 0.5797 -0.2233
vn -0.9118 0.2863 -0.2945
vn -0.8952 0.3859 -0.2231
vn -0.7729 0.4598 -0.4373
vn -0.6971 0.3654 -0.6168
vn -0.8012 0.1178 -0.5867
vn -0.8681 0.1973 -0.4556
vn -0.5979 0.3324 -0.7294
vn -0.5132 0.3288 -0.7928
vn -0.6895 0.1355 -0.7115
vn -0.7483 0.0991 -0.6559
vn -0.4526 0.3694 -0.8116
vn -0.4422 0.4263 -0.7891
vn -0.6209 0.2306 -0.7492
vn -0.6292 0.1999 -0.7511
vn -0.5194 0.4475 -0.7280
vn -0.4679 0.4505 -0.7603
vn -0.6702 0.2265 -0.7068
vn -0.6435 0.2236 -0.7320
vn -0.6722 0.2880 -0.6821
vn -0.6851 0.2658 -0.6783
vn -0.5584 0.4493 -0.6974
vn -0.5415 0.4471 -0.7120
vn -0.4853 0.3986 -0.7782
vn -0.4133 0.3092 -0.8565
vn -0.5455 0.1325 -0.8276
vn -0.6111 0.2435 -0.7532
vn -0.3361 0.2425 -0.9101
vn -0.3133 0.2567 -0.9143
vn -0.5393 -0.0568 -0.8402
vn -0.5217 0.0102 -0.8531
vn -0.8548 0.3128 -0.4140
vn -0.8434 0.3906 -0.3689
vn -0.8875 0.2821 -0.3644
vn -0.8876 0.2131 -0.4084
vn -0.9451 0.1644 -0.2825
vn -0.9355 0.0919 -0.3413
vn -0.9595 0.0042 -0.2815
vn -0.9520 -0.0370 -0.3037
vn -0.9183 0.0314 -0.3946
vn -0.9450 -0.0476 -0.3235
vn -0.9466 -0.0316 -0.3208
vn -0.9586 0.1099 -0.2627
vn -0.9437 0.0921 -0.3178
vn -0.9050 -0.0836 -0.4170
vn -0.9080 -0.0517 -0.4158
vn -0.8755 -0.0275 -0.4824
vn -0.8534 -0.0682 -0.5168
vn -0.8905 0.0679 -0.4499
vn -0.8197 0.0392 -0.5715
vn -0.7877 0.0373 -0.6150
vn -0.7664 0.0641 -0.6392
vn -0.8028 0.0157 -0.5961
vn -0.8224 -0.0116 -0.5687
vn -0.7178 0.0634 -0.6933
vn -0.7367 0.0828 -0.6711
vn -0.7597 -0.0209 -0.6500
vn -0.7846 -0.0014 -0.6200
vn -0.7558 -0.0411 -0.6535
vn -0.7390 -0.0343 -0.6728
vn -0.7317 0.0334 -0.6808
vn -0.7650 0.0313 -0.6433
vn -0.8266 -0.0760 -0.5576
vn -0.7943 -0.0560 -0.6049
vn -0.7906 0.0557 -0.6098
vn -0.7955 0.0689 -0.6020
vn -0.7325 -0.1376 -0.6668
vn -0.8228 -0.1009 -0.5593
vn -0.7473 0.0377 -0.6635
vn -0.6355 -0.0506 -0.7705
vn -0.7488 0.4466 -0.4898
vn -0.5636 0.5701 -0.5978
vn -0.1666 0.8412 -0.5145
vn -0.8288 0.3852 -0.4058
vn -0.6982 0.5878 -0.4087
vn -0.8127 0.4166 -0.4074
vn -0.8314 0.2879 -0.4752
vn -0.8212 0.4184 -0.3879
vn -0.8213 0.3989 -0.4078
vn -0.8812 0.1486 -0.4488
vn 0.0091 -0.8919 0.4521
vn -0.1823 -0.8194 0.5435
vn -0.1931 -0.7719 0.6058
vn 0.0612 -0.8390 0.5406
vn -0.1702 -0.8466 0.5043
vn -0.2031 -0.8138 0.5445
vn -0.5573 -0.7617 0.3304
vn -0.2065 -0.7478 0.6310
vn -0.1482 -0.8909 0.4294
vn -0.3228 -0.8992 0.2953
vn 0.1274 -0.9209 0.3684
vn 0.2201 -0.9300 0.2944
vn 0.0683 -0.9395 0.3358
vn -0.1963 -0.8875 0.4169
vn 0.2263 -0.8352 0.5012
vn 0.3012 -0.8421 0.4475
vn 0.1990 -0.8861 0.4187
vn 0.1663 -0.7765 0.6078
vn 0.1643 -0.9016 0.4001
vn 0.2749 -0.8911 0.3610
vn -0.6019 -0.7042 0.3766
vn -0.4193 -0.8144 0.4011
vn -0.0351 -0.7125 0.7008
vn -0.1172 -0.7232 0.6806
vn -0.0020 -0.9417 0.3364
vn 0.1028 -0.9558 0.2755
vn -0.1381 -0.9537 0.2673
vn -0.2583 -0.8873 0.3820
vn -0.2194 -0.7018 0.6778
vn -0.0077 -0.7775 0.6289
vn 0.0946 -0.6797 0.7274
vn -0.0188 -0.6439 0.7649
vn -0.0920 -0.8756 0.4741
vn -0.3112 -0.8007 0.5119
vn -0.4575 -0.8525 0.2527
vn -0.5545 -0.7287 0.4019
vn -0.7938 -0.5630 0.2302
vn -0.8176 -0.4515 0.3574
vn -0.4437 -0.4933 0.7482
vn -0.1485 -0.6747 0.7230
vn -0.3329 -0.8364 0.4355
vn -0.6040 -0.5536 0.5733
vn -0.7002 -0.3878 0.5994
vn -0.4580 -0.5880 0.6667
vn -0.2546 -0.5741 0.7782
vn -0.5466 -0.4101 0.7301
vn -0.5594 -0.6477 0.5172
vn -0.7867 -0.4100 0.4615
vn -0.5587 0.2960 0.7747
vn -0.6429 -0.0927 0.7603
vn -0.6848 -0.0183 0.7285
vn -0.6137 0.4902 0.6189
vn -0.3838 0.4686 0.7957
vn -0.2822 0.6066 0.7432
vn -0.9586 -0.1247 0.2560
vn -0.9688 -0.1599 0.1896
vn -0.9666 0.2503 0.0553
vn -0.9340 0.3206 0.1577
vn -0.8158 0.5164 0.2604
vn -0.8914 0.0391 0.4516
vn -0.8292 0.0209 0.5586
vn -0.8359 0.4689 0.2852
vn -0.9257 -0.0398 0.3761
vn -0.8074 0.4786 0.3451
vn -0.0458 0.7362 0.6752
vn 0.1506 0.8074 0.5704
vn -0.1390 0.9287 0.3437
vn -0.3967 0.7927 0.4629
vn -0.4829 0.8723 -0.0767
vn -0.5305 0.8116 -0.2445
vn -0.7965 0.5950 -0.1079
vn -0.7400 0.6701 0.0573
vn -0.4564 0.8893 -0.0281
vn -0.6960 0.7153 0.0621
vn -0.6622 0.7414 0.1082
vn -0.5155 0.8568 -0.0093
vn -0.5670 0.7655 0.3043
vn -0.4060 0.9026 0.1429
vn -0.0603 0.9925 0.1060
vn -0.1676 0.9597 0.2255
vn -0.4739 0.8792 -0.0502
vn -0.5301 0.8307 -0.1701
vn 0.1954 0.9434 0.2681
vn 0.1353 0.8865 0.4425
vn 0.1034 0.9126 -0.3957
vn 0.1470 0.8573 -0.4934
vn -0.1872 0.8995 -0.3948
vn -0.1973 0.9482 -0.2490
vn 0.2278 0.8347 0.5014
vn 0.0954 0.9469 0.3070
vn 0.1882 0.9689 -0.1604
vn 0.2505 0.9204 -0.3001
vn -0.1983 0.8998 -0.3887
vn 0.0785 0.9687 -0.2355
vn 0.1480 0.9886 -0.0275
vn -0.6383 0.6168 -0.4606
vn -0.7434 0.5201 -0.4205
vn 0.2844 0.8409 -0.4605
vn 0.3429 0.7965 -0.4980
vn 0.1042 0.8122 -0.5740
vn 0.2627 0.8889 -0.3753
vn 0.0618 0.9464 -0.3171
vn -0.2941 0.7359 -0.6098
vn -0.1996 0.9726 -0.1194
vn -0.2422 0.9627 -0.1204
vn -0.1414 0.9899 -0.0069
vn -0.8087 0.4766 -0.3448
vn -0.8305 0.4947 -0.2559
vn -0.7279 0.6653 -0.1658
vn -0.8161 0.5296 -0.2313
vn -0.7370 0.6491 -0.1883
vn -0.7476 0.6073 -0.2689
vn -0.8931 0.3153 -0.3208
vn -0.6758 0.6267 -0.3880
vn -0.5892 0.6339 -0.5010
vn -0.7638 0.4549 -0.4580
vn -0.7205 0.6428 -0.2602
vn -0.9333 0.1999 -0.2984
vn -0.9420 0.1605 -0.2949
vn -0.7388 0.6504 -0.1766
vn -0.7421 0.6692 -0.0383
vn -0.9202 0.2830 -0.2703
vn -0.7848 0.6198 -0.0003
vn -0.7009 0.7080 0.0867
vn -0.6396 0.7575 0.1304
vn -0.6542 0.7479 -0.1129
vn -0.5997 0.7867 -0.1465
vn -0.6248 0.7785 0.0601
vn -0.5885 0.7925 -0.1598
vn -0.6737 0.7098 -0.2058
vn -0.8927 0.3753 -0.2493
vn -0.9256 0.3111 -0.2158
vn -0.8437 0.5125 -0.1598
vn -0.8621 0.3503 -0.3661
vn -0.7680 0.5361 -0.3503
vn -0.9104 0.1194 -0.3961
vn -0.8204 0.4791 -0.3122
vn -0.8999 0.2446 -0.3611
vn -0.8571 0.2558 -0.4471
vn -0.9153 0.1572 -0.3707
vn -0.8921 0.4216 -0.1628
vn -0.8078 0.5523 -0.2060
vn -0.9131 -0.1941 0.3585
vn -0.8385 -0.0684 0.5406
vn -0.9128 0.2244 0.3411
vn -0.9236 0.1234 0.3630
vn -0.6479 -0.7176 0.2554
vn -0.8309 -0.4292 0.3540
vn -0.9289 -0.0348 0.3688
vn -0.9170 -0.3023 0.2604
vn -0.7753 -0.6313 0.0199
vn -0.6005 -0.7791 -0.1802
vn -0.2594 -0.9652 -0.0342
vn -0.3892 -0.9172 0.0849
vn -0.7413 -0.6656 -0.0859
vn -0.8724 -0.4621 0.1594
vn -0.6873 -0.6531 0.3179
vn -0.4735 -0.8748 0.1028
vn -0.9259 -0.3092 0.2171
vn -0.9488 -0.2509 0.1920
vn -0.7867 -0.5706 0.2355
vn -0.7776 -0.5381 0.3252
vn -0.9226 -0.3538 0.1537
vn -0.8436 -0.5357 0.0377
vn -0.5896 -0.8061 0.0503
vn -0.7038 -0.6988 0.1278
vn -0.7768 -0.6262 -0.0674
vn -0.8583 -0.5117 -0.0380
vn -0.6873 -0.6991 0.1974
vn -0.5977 -0.7985 0.0715
vn -0.9778 -0.2084 -0.0214
vn -0.9488 -0.3153 -0.0167
vn -0.7598 -0.5690 0.3147
vn -0.7772 -0.5231 0.3498
vn -0.9421 -0.3353 -0.0026
vn -0.9711 -0.2385 0.0035
vn -0.7652 -0.5306 0.3645
vn -0.7342 -0.5804 0.3522
vn -0.9043 -0.4232 -0.0562
vn -0.8608 -0.4661 -0.2043
vn -0.7193 -0.6258 0.3015
vn -0.7132 -0.6712 0.2021
vn -0.7952 -0.2737 -0.5410
vn -0.8064 -0.4115 -0.4248
vn -0.6927 -0.7190 0.0574
vn -0.7210 -0.6831 -0.1161
vn -0.2606 -0.8850 0.3857
vn -0.2044 -0.8698 0.4490
vn -0.2575 -0.9302 0.2616
vn 0.1699 -0.9509 0.2588
vn 0.2969 -0.8969 0.3279
vn 0.3153 -0.8669 0.3861
vn -0.2264 -0.9646 0.1354
vn -0.2600 -0.9607 0.0969
vn -0.1259 -0.9780 0.1663
vn 0.0098 -0.9817 0.1901
vn -0.3531 -0.9194 0.1732
vn -0.4125 -0.8446 0.3412
vn -0.2468 -0.8938 0.3744
vn -0.2112 -0.9483 0.2368
vn -0.4074 -0.7583 0.5089
vn -0.2460 -0.8129 0.5279
vn -0.3857 -0.7005 0.6004
vn -0.2132 -0.7393 0.6388
vn -0.3309 -0.6922 0.6414
vn -0.3783 -0.6704 0.6383
vn -0.1339 -0.7081 0.6933
vn -0.0030 -0.7198 0.6941
vn -0.1401 -0.7282 0.6709
vn -0.2572 -0.7119 0.6535
vn 0.2601 -0.6418 0.7215
vn 0.1455 -0.7031 0.6961
vn -0.1070 -0.8122 0.5734
vn -0.0385 -0.7574 0.6518
vn 0.3092 -0.5882 0.7472
vn 0.2702 -0.5867 0.7634
vn -0.8440 0.1568 -0.5129
vn -0.7284 0.4702 -0.4983
vn -0.7809 0.3570 -0.5126
vn -0.8661 0.1132 -0.4870
vn -0.5830 -0.7854 -0.2077
vn -0.2836 -0.9583 -0.0347
vn -0.1310 -0.9715 -0.1977
vn -0.4581 -0.7815 -0.4236
vn 0.1933 -0.9810 -0.0161
vn 0.1749 -0.9779 0.1147
vn -0.7736 -0.2245 -0.5926
vn -0.6512 -0.4957 -0.5746
vn -0.7911 -0.5123 -0.3342
vn -0.8748 -0.2230 -0.4302
vn -0.8700 -0.2778 -0.4073
vn -0.4387 0.2750 -0.8555
vn -0.7036 0.3887 -0.5949
vn -0.8346 0.2773 -0.4759
vn -0.2134 0.4711 -0.8559
vn -0.6008 0.0800 -0.7954
vn -0.8161 0.0773 -0.5728
vn -0.6063 0.4209 -0.6747
vn 0.6362 0.0234 -0.7712
vn 0.0163 -0.5357 -0.8442
vn -0.3304 -0.1625 -0.9297
vn 0.2240 0.2969 -0.9283
vn 0.6335 -0.7734 -0.0229
vn 0.4456 -0.7902 -0.4207
vn 0.9207 -0.2238 -0.3198
vn 0.9252 -0.3787 -0.0221
vn 0.3626 -0.9245 0.1178
vn 0.0951 -0.9908 -0.0958
vn 0.3416 -0.8853 -0.3156
vn 0.6423 -0.7660 -0.0262
vn -0.1673 -0.6171 -0.7689
vn -0.4431 -0.8017 -0.4011
vn -0.6805 -0.1790 -0.7106
vn -0.4491 0.0317 -0.8929
vn -0.6307 0.2760 -0.7253
vn -0.7199 -0.0009 -0.6940
vn -0.7823 -0.0271 -0.6223
vn -0.8349 -0.1463 -0.5305
vn -0.7637 0.1860 -0.6182
vn -0.8621 -0.0523 -0.5041
vn -0.8893 -0.2700 -0.3691
vn -0.8547 -0.2489 -0.4556
vn -0.8328 -0.5203 -0.1889
vn -0.8132 -0.5703 -0.1161
vn -0.3871 -0.8401 0.3800
vn -0.3692 -0.8198 0.4378
vn 0.0765 -0.7189 0.6908
vn 0.1447 -0.6642 0.7335
vn 0.6485 -0.7264 0.2273
vn 0.2506 -0.8065 0.5355
vn -0.1066 -0.9513 0.2893
vn 0.5155 -0.8513 -0.0975
vn -0.6406 -0.7396 -0.2066
vn -0.0179 -0.8559 -0.5169
vn -0.6968 -0.3203 -0.6418
vn 0.1019 -0.4431 -0.8907
vn -0.5978 -0.0367 -0.8008
vn 0.1769 -0.1047 -0.9786
vn 0.7834 -0.1680 -0.5984
vn 0.7341 -0.4956 -0.4642
vn 0.8846 -0.4601 -0.0764
vn 0.9345 -0.2156 -0.2833
vn 0.3287 0.4673 -0.8207
vn 0.2855 0.2537 -0.9242
vn -0.4589 0.2831 -0.8422
vn -0.3021 0.4579 -0.8361
vn 0.6698 -0.5848 0.4576
vn 0.3403 -0.6898 0.6390
vn 0.2099 -0.6551 0.7258
vn 0.5900 -0.5080 0.6276
vn 0.7876 0.3021 -0.5371
vn 0.8231 0.1246 -0.5540
vn 0.9824 -0.0405 -0.1823
vn 0.9868 0.0813 -0.1398
vn 0.9382 -0.3132 0.1475
vn 0.9468 -0.1766 0.2692
vn -0.1709 -0.9852 0.0150
vn -0.2742 -0.9345 0.2268
vn -0.6300 -0.7670 0.1220
vn -0.5415 -0.8376 -0.0722
vn 0.3368 -0.8260 0.4521
vn 0.3350 -0.8390 0.4288
vn 0.1104 -0.8989 0.4239
vn 0.1140 -0.8909 0.4397
vn 0.1453 -0.9288 0.3409
vn 0.1243 -0.9194 0.3732
vn 0.3365 -0.8661 0.3698
vn 0.3105 -0.8888 0.3372
vn -0.9661 -0.2534 0.0499
vn -0.9422 -0.2904 -0.1672
vn -0.8769 0.4511 -0.1661
vn -0.9153 0.3980 -0.0620
vn -0.3246 -0.8765 0.3555
vn -0.2914 -0.8979 0.3298
vn -0.7480 -0.6449 0.1565
vn -0.6806 -0.6941 0.2347
vn -0.2635 -0.9223 0.2826
vn -0.2514 -0.9455 0.2071
vn -0.7203 -0.6924 -0.0419
vn -0.7797 -0.6236 0.0568
vn -0.9818 -0.1543 0.1111
vn -0.9417 0.3254 -0.0859
vn -0.9976 -0.0529 -0.0449
vn -0.9525 0.2277 -0.2024
vn -0.9092 0.3246 -0.2606
vn -0.8578 0.4501 -0.2481
vn -0.9076 0.0520 -0.4166
vn -0.9112 -0.0689 -0.4062
vn -0.9101 -0.1327 -0.3925
vn -0.9724 -0.0084 -0.2333
vn -0.9135 0.1841 -0.3627
vn -0.8245 0.1629 -0.5419
vn -0.7863 -0.4926 -0.3730
vn -0.7719 -0.4770 -0.4202
vn -0.2598 -0.9603 -0.1016
vn -0.4207 -0.9044 -0.0709
vn -0.9390 0.0538 -0.3396
vn -0.9319 0.1851 -0.3120
vn -0.8976 -0.1571 -0.4120
vn -0.8867 -0.2172 -0.4081
vn -0.8133 0.0524 -0.5795
vn -0.8980 0.0125 -0.4398
vn -0.8456 -0.2309 -0.4813
vn -0.7597 -0.2142 -0.6139
vn 0.1068 -0.9490 0.2967
vn 0.2522 -0.9349 0.2496
vn -0.0202 -0.9306 0.3656
vn 0.2220 -0.9333 0.2824
vn -0.8105 -0.4475 -0.3780
vn -0.8011 -0.4803 -0.3571
vn -0.5346 -0.8329 -0.1432
vn -0.5954 -0.7711 -0.2258
vn -0.6443 -0.4157 -0.6419
vn -0.7594 -0.4232 -0.4941
vn -0.5459 -0.7067 -0.4500
vn -0.4260 -0.6490 -0.6304
vn -0.4529 -0.8915 0.0086
vn -0.7400 -0.6608 -0.1251
vn -0.6102 -0.7676 0.1960
vn -0.7503 -0.6513 0.1136
vn -0.0422 -0.9790 0.1997
vn -0.1337 -0.9908 0.0196
vn -0.2638 -0.9623 0.0663
vn -0.2000 -0.9343 0.2952
vn -0.2842 -0.7978 -0.5317
vn -0.1704 -0.9428 -0.2864
vn -0.6007 -0.6447 -0.4729
vn -0.3640 -0.8954 -0.2566
vn -0.6806 -0.7308 -0.0530
vn -0.6607 -0.7356 0.1498
vn -0.7286 -0.6779 0.0978
vn -0.7272 -0.6838 -0.0596
vn -0.7053 -0.6578 -0.2644
vn -0.7342 -0.6478 -0.2031
vn -0.7800 -0.5015 -0.3742
vn -0.7588 -0.5784 -0.2994
vn -0.9980 0.0605 -0.0196
vn -0.8847 -0.4572 0.0910
vn -0.9798 -0.0232 0.1984
vn -0.7358 -0.6098 0.2947
vn -0.9129 -0.3922 -0.1133
vn -0.9337 0.1734 -0.3132
vn -0.8686 -0.3205 -0.3778
vn -0.8227 0.2348 -0.5177
vn -0.7451 -0.2538 -0.6168
vn -0.8286 0.1730 -0.5325
vn -0.8758 -0.2652 -0.4032
vn -0.7038 -0.4584 -0.5427
vn -0.7388 -0.5921 -0.3218
vn -0.8840 -0.4037 -0.2358
vn -0.7017 -0.7002 -0.1315
vn -0.8449 -0.5297 -0.0751
vn -0.8865 0.1090 -0.4498
vn -0.6887 -0.2130 -0.6930
vn -0.7561 -0.1301 -0.6414
vn -0.9131 0.1480 -0.3798
vn -0.9599 -0.0147 -0.2800
vn -0.9398 0.1951 -0.2806
vn -0.6224 -0.3801 -0.6842
vn -0.8250 -0.1724 -0.5383
vn -0.7774 -0.0907 -0.6224
vn -0.5824 -0.3043 -0.7538
vn -0.8684 -0.1019 -0.4852
vn -0.9784 0.0145 -0.2064
vn -0.9706 -0.1820 -0.1573
vn -0.7885 -0.2377 -0.5672
vn -0.6119 -0.2049 -0.7639
vn -0.7514 0.0013 -0.6599
vn -0.7873 0.1013 -0.6082
vn -0.7191 -0.0866 -0.6895
vn -0.8398 0.1188 -0.5297
vn -0.9205 0.2253 -0.3191
vn -0.8629 0.3211 -0.3902
vn -0.8096 0.2335 -0.5386
vn -0.9906 0.1015 0.0921
vn -0.9620 -0.2730 -0.0087
vn -0.9321 -0.3293 0.1506
vn -0.9737 0.0683 0.2175
vn -0.7961 -0.6013 0.0688
vn -0.7827 -0.5987 0.1700
vn -0.9213 -0.3082 0.2373
vn -0.9611 0.0549 0.2706
vn -0.9714 0.1910 -0.1409
vn -0.9588 -0.0551 -0.2786
vn -0.9742 -0.1618 -0.1571
vn -0.9885 0.1446 -0.0445
vn -0.9213 0.3221 -0.2177
vn -0.9008 0.0965 -0.4233
vn -0.9297 0.0278 -0.3673
vn -0.9490 0.2341 -0.2113
vn -0.8584 0.2817 -0.4287
vn -0.8685 0.1897 -0.4580
vn -0.9051 0.3861 -0.1780
vn -0.9110 0.3883 -0.1389
vn -0.8376 0.5010 0.2177
vn -0.8142 0.5467 0.1956
vn -0.5564 0.8229 0.1155
vn -0.5834 0.8038 0.1162
vn -0.5401 0.8309 0.1338
vn -0.7992 0.5800 0.1575
vn -0.8008 0.5864 0.1218
vn -0.5450 0.8193 0.1782
vn -0.5476 0.7988 0.2492
vn -0.8117 0.5728 0.1140
vn -0.8083 0.5796 0.1035
vn -0.5574 0.7705 0.3093
vn -0.5568 0.7299 0.3965
vn -0.7850 0.6070 0.1239
vn -0.5731 0.6330 0.5204
vn -0.7961 0.5613 0.2263
vn -0.6074 0.3944 0.6896
vn -0.8371 0.4142 0.3574
vn -0.5572 0.1295 0.8202
vn -0.8799 0.1783 0.4405
vn -0.3928 -0.1822 0.9014
vn -0.8277 -0.1057 0.5511
vn -0.9895 0.1342 -0.0541
vn -0.9541 0.2801 -0.1060
vn -0.6393 -0.4553 0.6197
vn -0.4466 -0.7530 0.4833
vn -0.2024 -0.5409 0.8164
vn -0.1041 -0.8223 0.5595
vn -0.9059 -0.3635 0.2174
vn -0.9902 -0.0836 0.1116
vn -0.0872 -0.9572 0.2759
vn -0.3681 -0.8890 0.2725
vn -0.0864 -0.9904 0.1083
vn -0.3657 -0.9164 0.1627
vn -0.8477 -0.4744 0.2374
vn -0.8550 -0.4782 0.2007
vn -0.1040 -0.9945 -0.0149
vn -0.3430 -0.9352 0.0881
vn -0.3635 -0.9315 -0.0103
vn -0.1843 -0.9719 -0.1465
vn -0.7393 -0.6360 0.2210
vn -0.8006 -0.5328 0.2742
vn -0.5188 -0.8431 -0.1412
vn -0.4251 -0.8389 -0.3400
vn -0.7741 -0.4593 -0.4357
vn -0.8534 -0.4647 -0.2359
vn -0.8703 -0.4912 0.0353
vn -0.7062 -0.6965 0.1272
vn -0.9815 -0.0078 -0.1915
vn -0.9980 -0.0289 0.0571
vn -0.9210 0.0197 -0.3891
vn -0.8501 0.4388 -0.2912
vn -0.9093 0.3995 -0.1169
vn -0.9398 0.3362 0.0618
vn -0.7293 0.6839 0.0220
vn -0.8050 0.5672 0.1742
vn -0.6650 0.7339 -0.1385
vn -0.6272 0.7685 0.1266
vn -0.5024 0.8642 -0.0271
vn -0.7656 0.5612 0.3145
vn -0.4677 0.8833 0.0317
vn -0.6776 0.7158 0.1690
vn -0.7752 0.5981 0.2034
vn -0.5336 0.8397 0.1009
vn -0.9313 0.2161 0.2932
vn -0.8569 0.3922 0.3345
vn -0.8273 0.5109 0.2336
vn -0.5833 0.8018 0.1302
vn -0.9500 0.0961 0.2971
vn -0.0237 -0.4363 0.8995
vn -0.1848 -0.0419 0.9819
vn -0.1062 0.1415 0.9842
vn -0.0080 -0.2777 0.9606
vn 0.0074 -0.7668 0.6419
vn 0.0234 -0.8106 0.5851
vn -0.0108 -0.9586 0.2847
vn 0.0064 -0.9530 0.3028
vn -0.0237 -0.9938 0.1085
vn -0.0411 -0.9931 0.1098
vn -0.0824 -0.9962 -0.0267
vn -0.0837 -0.9962 -0.0241
vn -0.1716 -0.9657 -0.1950
vn -0.2135 -0.9499 -0.2282
vn -0.4155 -0.8137 -0.4066
vn -0.4731 -0.7610 -0.4439
vn -0.6868 -0.3625 -0.6300
vn -0.7005 -0.4216 -0.5758
vn -0.8269 0.0343 -0.5613
vn -0.7555 0.0938 -0.6484
vn -0.7030 0.4908 -0.5147
vn -0.7836 0.4434 -0.4352
vn -0.6039 0.7547 -0.2564
vn -0.5371 0.7835 -0.3126
vn -0.3815 0.9130 -0.1445
vn -0.4331 0.8946 -0.1098
vn -0.2750 0.9614 -0.0036
vn -0.3630 0.9313 0.0306
vn -0.3748 0.9264 0.0354
vn -0.2730 0.9619 -0.0135
vn -0.3573 0.9334 0.0342
vn -0.2717 0.9623 -0.0076
vn -0.2909 0.9561 -0.0348
vn -0.3531 0.9355 -0.0152
vn -0.2176 -0.6302 0.7453
vn -0.1275 -0.9114 0.3913
vn -0.5251 -0.3565 0.7727
vn -0.4481 -0.7421 0.4985
vn -0.0914 -0.9864 0.1365
vn -0.4454 -0.8635 0.2366
vn -0.5080 -0.8611 0.0189
vn -0.1570 -0.9873 -0.0260
vn -0.7265 -0.6531 -0.2136
vn -0.3907 -0.8818 -0.2642
vn -0.6205 -0.6273 -0.4705
vn -0.8232 -0.4083 -0.3944
vn -0.8716 -0.0138 -0.4900
vn -0.7552 -0.2240 -0.6160
vn -0.6136 0.7080 -0.3496
vn -0.6383 0.5993 -0.4832
vn -0.7464 0.2251 -0.6263
vn -0.7861 0.3723 -0.4934
vn -0.4662 0.8368 -0.2871
vn -0.4355 0.8782 -0.1978
vn -0.3240 0.9429 -0.0769
vn -0.3333 0.9342 -0.1270
vn -0.2711 0.9622 -0.0247
vn -0.2622 0.9644 -0.0351
vn -0.2479 0.9685 -0.0227
vn -0.2683 0.9631 -0.0194
vn -0.3549 0.9291 0.1042
vn -0.3812 0.9074 0.1770
vn -0.2963 0.9509 0.0892
vn -0.3155 0.9294 0.1915
vn -0.3461 0.8996 0.2662
vn -0.4119 0.8755 0.2526
vn -0.8370 0.5282 0.1431
vn -0.4021 0.9148 0.0386
vn -0.3485 0.9373 0.0017
vn -0.4271 0.9042 0.0082
vn -0.9452 0.2675 -0.1871
vn -0.9774 -0.0781 -0.1964
vn -0.9872 -0.1590 -0.0132
vn -0.3644 0.8696 0.3331
vn -0.4209 0.8374 0.3487
vn -0.3551 0.8282 0.4336
vn -0.4355 0.7797 0.4498
vn -0.9011 -0.3103 0.3029
vn -0.8195 -0.3734 0.4348
vn -0.8701 0.0844 0.4855
vn -0.8636 -0.4879 0.1268
vn -0.6536 0.7456 -0.1296
vn -0.8316 0.4841 -0.2721
vn -0.4855 0.8683 -0.1015
vn -0.2589 0.9658 -0.0135
vn -0.2485 0.9684 -0.0209
vn -0.2599 0.9655 0.0155
vn -0.2498 0.9683 -0.0005
vn -0.3692 0.9290 0.0251
vn -0.3407 0.9401 0.0144
vn -0.5203 0.7952 0.3113
vn -0.7499 0.4425 0.4918
vn -0.4822 0.2447 0.8412
vn -0.3178 0.7726 0.5496
vn -0.3578 0.9327 0.0452
vn -0.2874 0.9575 0.0237
vn -0.2926 0.9482 0.1234
vn -0.3161 0.9097 0.2692
vn -0.2745 0.9353 0.2233
vn -0.3040 0.8913 0.3364
vn -0.2644 0.9628 0.0552
vn -0.2511 0.9617 0.1095
vn -0.3168 0.7325 0.6026
vn -0.4659 0.6695 0.5786
vn -0.4365 0.4743 0.7645
vn -0.2620 0.6279 0.7329
vn -0.1767 0.4251 0.8877
vn -0.3305 0.2473 0.9108
vn -0.2551 0.9146 0.3138
vn -0.2613 0.8519 0.4538
vn -0.2058 0.7791 0.5921
vn -0.1740 0.4288 0.8865
vn -0.1383 0.6025 0.7860
vn -0.1957 -0.0773 0.9776
vn -0.2848 0.9460 0.1546
vn -0.5342 -0.8356 0.1281
vn -0.6269 -0.7788 0.0212
vn -0.9346 -0.2207 0.2790
vn -0.8053 -0.5539 0.2113
vn -0.9489 -0.0813 0.3050
vn -0.8219 -0.4793 0.3078
vn -0.7983 -0.3227 0.5086
vn -0.9019 0.0846 0.4236
vn -0.8323 0.2919 0.4713
vn -0.7770 -0.0553 0.6271
vn -0.8023 0.1523 0.5771
vn -0.8515 0.3815 0.3597
vn -0.9356 0.2412 0.2580
vn -0.8330 0.1623 0.5289
vn -0.8700 -0.0762 0.4872
vn -0.9702 -0.0689 0.2323
vn -0.8719 -0.4158 0.2585
vn -0.8714 -0.2821 0.4014
vn -0.7182 -0.0125 0.6957
vn -0.6917 -0.2161 0.6891
vn -0.7493 0.2018 0.6307
vn -0.9316 -0.2064 0.2993
vn -0.8774 -0.3843 0.2873
vn -0.9433 -0.1766 0.2809
vn -0.9679 0.0719 0.2408
vn -0.9311 0.2731 0.2419
vn -0.9517 -0.0492 0.3031
vn -0.9801 0.0015 0.1984
vn -0.9310 0.3485 0.1084
vn -0.9357 0.3275 -0.1310
vn -0.9986 -0.0191 0.0496
vn -0.9942 0.0320 -0.1025
vn -0.8643 0.3321 -0.3778
vn -0.8779 0.2865 -0.3838
vn -0.9065 0.2237 -0.3581
vn -0.7813 0.3043 -0.5449
vn -0.8123 0.2241 -0.5385
vn -0.7537 0.1274 -0.6448
vn -0.7411 0.2698 -0.6148
vn -0.8092 0.3396 -0.4793
vn -0.9540 0.1503 -0.2593
vn -0.7056 0.4225 -0.5689
vn -0.7299 0.4659 -0.5002
vn -0.5480 0.6070 -0.5756
vn -0.5463 0.5654 -0.6179
vn -0.6621 0.4307 -0.6133
vn -0.5571 0.5308 -0.6387
vn -0.6466 0.4454 -0.6193
vn -0.5692 0.5218 -0.6354
vn -0.4795 0.5796 -0.6589
vn -0.5029 0.6209 -0.6013
vn -0.6140 0.5180 -0.5955
vn -0.5205 0.5483 -0.6546
vn -0.5430 0.5732 -0.6136
vn -0.5038 0.5768 -0.6431
vn -0.5213 0.5928 -0.6139
vn -0.5267 0.6253 -0.5759
vn -0.6287 0.5610 -0.5385
vn -0.6367 0.5003 -0.5868
vn -0.9452 0.3236 -0.0435
vn -0.7220 0.5153 -0.4617
vn -0.7434 0.5958 -0.3041
vn -0.8274 0.5615 0.0077
vn -0.9045 0.3989 0.1506
vn -0.9662 0.1889 0.1756
vn -0.9687 0.1675 0.1833
vn -0.9791 0.1734 0.1065
vn -0.9077 0.1289 0.3994
vn -0.9632 0.1327 0.2339
vn -0.8748 0.4030 0.2689
vn -0.7908 0.0125 0.6119
vn -0.8049 0.5172 0.2910
vn -0.9348 0.2926 0.2013
vn -0.7521 0.6032 0.2655
vn -0.8639 0.4617 0.2015
vn -0.9138 0.3904 0.1124
vn -0.9899 0.1071 0.0934
vn -0.9941 0.0645 -0.0875
vn -0.9748 0.2142 -0.0618
vn -0.7612 0.6210 0.1869
vn -0.7920 0.5983 0.1214
vn -0.8737 -0.2456 -0.4200
vn -0.8733 0.0314 -0.4862
vn -0.6601 -0.2149 -0.7198
vn -0.6936 0.2740 -0.6662
vn -0.7988 0.5936 0.0982
vn -0.8286 0.5460 0.1235
vn -0.9505 0.1446 -0.2752
vn -0.9672 0.1955 -0.1620
vn -0.8981 0.1944 -0.3945
vn -0.8694 0.4693 0.1548
vn -0.8598 0.4883 0.1493
vn -0.8450 0.5338 0.0327
vn -0.4476 -0.3024 -0.8415
vn -0.5436 -0.4602 -0.7019
vn 0.0384 -0.5351 -0.8439
vn -0.2263 -0.4530 -0.8623
vn -0.7339 -0.4023 -0.5473
vn -0.4962 -0.4266 -0.7562
vn -0.0494 -0.2925 -0.9550
vn 0.2163 -0.5139 -0.8301
vn 0.2383 -0.4874 -0.8400
vn 0.3461 -0.4165 -0.8407
vn -0.4946 0.3039 -0.8143
vn -0.7860 0.5413 -0.2986
vn -0.8782 0.2913 -0.3793
vn -0.5894 0.0997 -0.8017
vn -0.0644 -0.0121 -0.9978
vn 0.0011 0.1694 -0.9855
vn -0.4823 0.3454 -0.8050
vn -0.5499 0.2015 -0.8106
vn -0.9308 0.2107 -0.2988
vn -0.9685 0.2146 -0.1262
vn -0.7633 0.5002 -0.4089
vn -0.5372 0.4204 -0.7312
vn -0.9027 0.4075 -0.1382
vn -0.9757 0.1804 -0.1241
vn -0.4049 -0.1742 -0.8976
vn -0.5001 0.1151 -0.8583
vn -0.9242 0.0767 -0.3741
vn -0.8196 -0.1957 -0.5385
vn -0.7287 -0.2676 -0.6304
vn -0.5394 -0.0289 -0.8415
vn -0.9825 0.1699 -0.0758
vn -0.9825 0.1317 -0.1318
vn -0.9797 0.1806 -0.0875
vn -0.9842 0.1470 -0.0984
vn -0.9595 -0.2054 -0.1926
vn -0.9115 -0.2414 -0.3330
vn -0.8341 -0.3726 -0.4067
vn -0.9050 -0.3398 -0.2560
vn -0.9408 0.3319 -0.0690
vn -0.9282 0.3602 -0.0937
vn -0.9817 0.1487 -0.1187
vn -0.9849 0.1345 -0.1094
vn -0.9796 0.1802 -0.0894
vn -0.9789 0.1813 -0.0945
vn -0.9838 0.1215 -0.1321
vn -0.9850 0.1376 -0.1041
vn -0.9837 0.1430 -0.1087
vn -0.9846 0.1419 -0.1025
vn -0.9759 0.1299 -0.1756
vn -0.9232 0.3585 -0.1381
vn -0.9401 0.3314 -0.0794
vn -0.9841 0.1318 -0.1193
vn -0.9869 -0.1150 -0.1132
vn -0.9833 -0.1545 -0.0966
vn -0.9692 -0.1913 -0.1551
vn -0.9574 0.0592 -0.2825
vn -0.8828 0.4185 -0.2132
vn -0.9511 0.1586 -0.2652
vn -0.6095 0.4501 -0.6526
vn -0.6549 0.4154 -0.6313
vn -0.6836 0.1507 -0.7142
vn -0.8458 0.1491 -0.5122
vn -0.9813 0.1136 -0.1551
vn -0.9809 0.1665 -0.1008
vn -0.9863 0.1373 -0.0914
vn -0.9919 0.0626 -0.1104
vn -0.8151 0.2882 -0.5025
vn -0.9485 -0.0058 -0.3166
vn -0.9573 0.0359 -0.2868
vn -0.9797 0.0114 -0.2001
vn -0.6776 -0.0106 -0.7353
vn -0.8839 0.1537 -0.4418
vn -0.9488 0.1146 -0.2945
vn -0.9780 0.1139 -0.1749
vn -0.9847 0.1311 -0.1147
vn -0.5261 -0.5767 0.6250
vn -0.8545 -0.2363 0.4625
vn -0.7673 -0.4536 0.4533
vn -0.5891 -0.6374 0.4966
vn -0.0256 -0.8508 0.5249
vn -0.2075 -0.7881 0.5795
vn -0.2399 -0.8298 0.5039
vn -0.0258 -0.8571 0.5144
vn -0.4283 -0.8875 0.1699
vn -0.4626 -0.8580 0.2233
vn -0.3927 -0.9148 0.0941
vn -0.3344 -0.9281 0.1640
vn -0.3048 -0.8768 0.3719
vn -0.5468 -0.6904 0.4736
vn -0.5958 -0.4114 0.6898
vn -0.3133 -0.7144 0.6257
vn -0.6232 -0.1325 0.7708
vn -0.6251 -0.0155 0.7804
vn -0.3235 -0.4187 0.8486
vn -0.6375 0.1107 0.7625
vn -0.4166 -0.8241 0.3838
vn -0.6100 -0.7365 0.2922
vn -0.0963 -0.9455 0.3110
vn -0.2916 -0.9283 0.2305
vn 0.1035 -0.8888 0.4464
vn -0.0745 -0.9072 0.4140
vn 0.1353 -0.9210 0.3654
vn 0.2297 -0.8790 0.4179
vn -0.0496 -0.9523 0.3010
vn 0.2716 -0.9203 0.2817
vn 0.0605 -0.9112 0.4076
vn 0.1498 -0.9414 0.3022
vn 0.0860 -0.7489 0.6571
vn 0.3536 -0.8629 0.3610
vn 0.1376 -0.8549 0.5002
vn 0.1429 -0.8368 0.5285
vn 0.2181 -0.8307 0.5122
vn 0.2311 -0.8436 0.4847
vn 0.1893 -0.8265 0.5302
vn 0.2501 -0.7983 0.5479
vn 0.2886 -0.8471 0.4462
vn 0.2383 -0.8460 0.4769
vn 0.4483 -0.7433 0.4965
vn 0.3414 -0.7601 0.5530
vn 0.3868 -0.8353 0.3907
vn 0.4706 -0.8066 0.3577
vn 0.6211 -0.7288 0.2882
vn 0.6057 -0.7381 0.2971
vn 0.6217 -0.7517 0.2200
vn 0.6217 -0.7317 0.2794
vn 0.6083 -0.7625 0.2203
vn 0.5914 -0.7379 0.3251
vn 0.5926 -0.6927 0.4111
vn 0.6223 -0.7173 0.3136
vn 0.4787 -0.6057 0.6356
vn 0.5734 -0.6867 0.4469
vn 0.3811 -0.6187 0.6870
vn 0.2621 -0.5062 0.8216
vn 0.5024 -0.7521 0.4265
vn 0.2796 -0.4798 0.8316
vn 0.3617 -0.5086 0.7813
vn 0.5253 -0.6176 0.5853
vn 0.4436 -0.5843 0.6796
vn 0.1441 -0.4451 0.8838
vn 0.1747 -0.4454 0.8781
vn 0.3714 -0.6417 0.6710
vn 0.2694 -0.6683 0.6934
vn 0.1757 -0.5401 0.8230
vn 0.2371 -0.5160 0.8231
vn 0.1291 -0.4596 0.8787
vn 0.0960 -0.4663 0.8794
vn 0.0471 -0.5512 0.8331
vn -0.3694 -0.1878 0.9101
vn -0.1777 -0.0817 0.9807
vn 0.0519 -0.4564 0.8883
vn 0.5448 -0.7267 0.4185
vn 0.5103 -0.7366 0.4439
vn 0.5172 -0.7816 0.3488
vn 0.5536 -0.7699 0.3175
vn 0.5714 -0.7263 0.3821
vn 0.5860 -0.7661 0.2639
vn 0.5472 -0.8038 0.2334
vn 0.5511 -0.8195 0.1574
vn 0.4521 -0.8542 0.2568
vn 0.3881 -0.8777 0.2813
vn 0.2937 -0.8726 0.3902
vn 0.5126 -0.8284 0.2258
vn 0.4815 -0.8338 0.2701
vn 0.5393 -0.8255 0.1666
vn 0.2388 -0.8045 0.5438
vn 0.2735 -0.8251 0.4943
vn 0.3124 -0.8050 0.5044
vn 0.3339 -0.8576 0.3913
vn 0.2890 -0.8677 0.4045
vn 0.2639 -0.9035 0.3377
vn 0.3241 -0.8931 0.3121
vn 0.3861 -0.8673 0.3141
vn 0.3716 -0.8510 0.3710
vn 0.3580 -0.8229 0.4411
vn 0.2408 -0.8380 0.4896
vn -0.1074 0.8655 -0.4893
vn -0.1296 0.9209 -0.3676
vn -0.4286 0.8425 -0.3263
vn -0.4414 0.7948 -0.4164
vn -0.4752 0.8338 -0.2810
vn -0.1214 0.9203 -0.3719
vn -0.5006 0.8029 -0.3236
vn -0.1236 0.9012 -0.4154
vn -0.1309 0.8877 -0.4415
vn -0.4910 0.7860 -0.3757
vn -0.4501 0.7893 -0.4176
vn -0.1316 0.8892 -0.4382
vn -0.1517 0.8898 -0.4304
vn -0.4269 0.7962 -0.4288
vn -0.4250 0.8288 -0.3640
vn -0.1596 0.9257 -0.3428
vn -0.3806 0.8739 -0.3024
vn -0.1824 0.9532 -0.2411
vn -0.1283 0.7572 -0.6405
vn -0.4714 0.7798 -0.4119
vn 0.3060 0.8424 -0.4436
vn 0.2792 0.7267 -0.6277
vn 0.4839 0.6934 -0.5338
vn 0.5614 0.7378 -0.3749
vn 0.5691 0.7308 -0.3769
vn 0.3005 0.8674 -0.3967
vn 0.3356 0.8460 -0.4144
vn 0.5089 0.7809 -0.3623
vn 0.3380 0.8607 -0.3807
vn 0.2595 0.8655 -0.4285
vn 0.3048 0.8485 -0.4326
vn 0.4255 0.8200 -0.3828
vn 0.1642 0.9405 -0.2975
vn 0.1522 0.9239 -0.3510
vn 0.2090 0.8958 -0.3922
vn 0.2352 0.9014 -0.3635
vn -0.1136 0.9815 -0.1540
vn 0.0563 0.9591 -0.2775
vn 0.0119 0.9709 -0.2393
vn -0.1866 0.9753 -0.1182
vn 0.3490 0.8314 -0.4324
vn 0.1772 0.9209 -0.3473
vn -0.2321 0.9259 -0.2980
vn 0.1172 0.9356 -0.3331
vn 0.1667 0.9222 -0.3489
vn -0.2482 0.9197 -0.3041
vn -0.4157 0.8670 -0.2749
vn -0.4141 0.8674 -0.2760
vn -0.3060 0.9174 -0.2544
vn -0.0556 0.9568 -0.2855
vn 0.0502 0.9451 -0.3230
vn -0.2329 0.9286 -0.2890
vn -0.4764 0.8505 -0.2229
vn -0.4340 0.8592 -0.2711
vn -0.4044 0.8911 -0.2059
vn -0.1970 0.9546 -0.2236
vn -0.3424 0.9258 -0.1603
vn -0.4667 0.8626 -0.1951
vn -0.5088 0.8293 -0.2310
vn -0.5245 0.8305 -0.1876
vn -0.4195 0.8490 -0.3212
vn -0.3541 0.8723 -0.3372
vn -0.3578 0.8885 -0.2874
vn -0.4106 0.8725 -0.2650
vn -0.3107 0.9157 -0.2549
vn -0.3580 0.9114 -0.2029
vn -0.2784 0.9460 -0.1660
vn -0.2651 0.9342 -0.2389
vn -0.3077 0.8967 -0.3183
vn -0.2803 0.9148 -0.2908
vn -0.2326 0.9450 -0.2298
vn -0.2431 0.9535 -0.1780
vn -0.2375 0.9500 -0.2025
vn -0.2308 0.9618 -0.1473
vn -0.3449 0.9004 -0.2653
vn -0.3746 0.9113 -0.1707
vn -0.2727 0.9340 -0.2310
vn -0.2788 0.9547 -0.1036
vn -0.4377 0.8991 -0.0104
vn -0.2646 0.9642 0.0185
vn -0.3251 0.9383 0.1182
vn -0.5500 0.8291 0.1007
vn -0.3384 0.9226 0.1850
vn -0.3075 0.9492 0.0671
vn -0.6276 0.7677 0.1297
vn -0.3585 0.9182 0.1687
vn -0.4041 0.8471 0.3452
vn -0.7169 0.6479 0.2575
vn -0.6866 0.3137 0.6559
vn -0.3857 0.5085 0.7698
vn -0.4122 0.7956 0.4440
vn -0.3777 0.8948 0.2379
vn 0.0246 -0.4145 0.9097
vn -0.1244 -0.1632 0.9787
vn -0.3405 0.3908 0.8552
vn -0.5702 -0.0296 -0.8209
vn -0.8064 -0.4658 -0.3643
vn -0.5617 -0.7199 -0.4077
vn -0.4578 -0.5365 -0.7089
vn -0.3273 -0.4381 -0.8372
vn -0.5687 -0.7049 -0.4239
vn -0.8026 -0.5930 0.0642
vn -0.7486 -0.6586 -0.0765
vn -0.8284 -0.5570 -0.0601
vn -0.8700 -0.4929 -0.0106
vn -0.7664 -0.6382 -0.0729
vn -0.7869 -0.6163 0.0309
vn -0.8484 -0.5258 -0.0615
vn -0.8307 -0.5436 -0.1205
vn -0.7817 -0.5730 -0.2462
vn -0.7700 -0.6165 -0.1643
vn -0.8291 -0.5329 -0.1690
vn -0.7957 -0.5453 -0.2635
vn -0.2288 0.6990 -0.6775
vn 0.1868 0.6406 -0.7448
vn 0.5931 0.5754 -0.5631
vn 0.2502 0.6786 -0.6906
vn 0.5882 0.5114 -0.6265
vn 0.7883 0.4736 -0.3927
vn 0.9112 0.3122 -0.2687
vn 0.8513 0.2798 -0.4438
vn -0.1350 -0.2092 -0.9685
vn -0.5182 -0.7161 -0.4676
vn -0.3106 -0.8198 -0.4811
vn 0.2219 0.0406 -0.9742
vn -0.8736 -0.4835 -0.0548
vn -0.9058 -0.4180 -0.0696
vn -0.8859 -0.4637 -0.0151
vn -0.8544 -0.5174 0.0479
vn -0.8799 -0.4628 -0.1080
vn -0.8698 -0.4694 -0.1516
vn -0.8607 -0.5026 -0.0811
vn -0.8328 -0.5419 -0.1133
vn -0.7531 -0.5935 -0.2840
vn -0.8440 -0.4956 -0.2052
vn -0.6198 -0.7391 -0.2638
vn -0.7432 -0.6479 -0.1670
vn -0.4717 -0.8810 -0.0366
vn -0.4757 -0.8579 -0.1944
vn -0.5903 -0.7922 -0.1551
vn -0.5421 -0.8389 0.0481
vn -0.4506 -0.8925 -0.0204
vn -0.4779 -0.8686 -0.1309
vn -0.5061 -0.7906 -0.3448
vn -0.5629 -0.7650 -0.3129
vn -0.4740 -0.8795 0.0424
vn -0.5656 -0.8227 -0.0562
vn -0.6880 -0.7256 -0.0151
vn -0.5353 -0.8396 0.0922
vn -0.6154 -0.7739 0.1498
vn -0.7554 -0.6540 0.0408
vn -0.7907 -0.5977 0.1328
vn -0.6749 -0.6968 0.2430
vn 0.9517 -0.3022 0.0544
vn 0.6897 -0.7105 0.1399
vn 0.6816 -0.7155 0.1533
vn 0.9576 -0.2881 -0.0015
vn 0.9911 0.0679 -0.1149
vn 0.9914 -0.0122 -0.1301
vn 0.8448 -0.5345 -0.0244
vn 0.5331 -0.8382 0.1151
vn 0.9545 0.1710 -0.2442
vn 0.8608 0.0825 -0.5023
vn 0.3064 -0.9339 -0.1843
vn 0.9403 -0.2612 -0.2181
vn 0.6068 0.1082 -0.7874
vn -0.0292 -0.8904 -0.4543
vn -0.6490 -0.7265 0.2260
vn -0.7850 -0.6015 0.1481
vn 0.6665 -0.7245 -0.1757
vn 0.8586 -0.4882 -0.1563
vn 0.7698 -0.6128 -0.1783
vn 0.7909 -0.5893 -0.1650
vn 0.2742 0.3275 -0.9042
vn -0.1459 0.2503 -0.9571
vn 0.1962 -0.3380 -0.9205
vn 0.7086 -0.1046 -0.6978
vn 0.5892 -0.6853 -0.4280
vn 0.8321 -0.4401 -0.3375
vn 0.7533 0.2624 -0.6031
vn 0.9898 0.1165 -0.0817
vn 0.9368 0.1128 -0.3311
vn 0.9964 0.0521 0.0665
vn 0.9143 -0.0762 0.3977
vn 0.9313 -0.0811 0.3551
vn 0.5803 -0.4068 0.7055
vn 0.6328 -0.3561 0.6876
vn 0.1918 -0.6070 0.7712
vn 0.2777 -0.5502 0.7875
vn 0.2955 -0.6108 0.7346
vn 0.4940 -0.5107 0.7037
vn 0.2874 -0.6658 0.6885
vn 0.4325 -0.6007 0.6724
vn 0.4079 -0.6800 0.6093
vn 0.2163 -0.7423 0.6342
vn 0.2714 -0.7120 0.6476
vn 0.4169 -0.6529 0.6324
vn 0.1325 -0.7704 0.6237
vn 0.3903 -0.7166 0.5781
vn 0.3617 -0.7753 0.5178
vn 0.0329 -0.8157 0.5775
vn 0.3156 -0.8370 0.4471
vn -0.0386 -0.8659 0.4988
vn -0.0588 -0.9218 0.3831
vn 0.2642 -0.8840 0.3857
vn 0.2507 -0.8978 0.3620
vn -0.0341 -0.9540 0.2979
vn 0.0528 -0.9543 0.2942
vn 0.2766 -0.8750 0.3974
vn 0.3333 -0.8083 0.4854
vn 0.2077 -0.9147 0.3467
vn 0.4790 -0.7092 0.5173
vn 0.4263 -0.8328 0.3532
vn -0.2963 -0.9285 0.2238
vn 0.4887 -0.8725 0.0037
vn 0.3977 -0.9168 0.0359
vn -0.1427 -0.9698 0.1978
vn -0.5907 -0.7178 0.3686
vn -0.5967 -0.7133 0.3677
vn -0.5326 -0.7639 0.3644
vn -0.5935 -0.7349 0.3281
vn -0.4723 -0.8554 0.2126
vn -0.5145 -0.8101 0.2813
vn -0.5303 -0.8199 0.2156
vn -0.4851 -0.8613 0.1510
vn -0.3906 -0.9152 0.0989
vn -0.4411 -0.8835 0.1577
vn -0.4620 -0.8806 0.1055
vn -0.4315 -0.9001 0.0601
vn -0.4379 -0.8859 0.1532
vn -0.4156 -0.9076 0.0595
vn -0.3469 -0.9348 0.0768
vn -0.3432 -0.9301 0.1305
vn 0.1704 -0.9847 -0.0374
vn 0.5305 -0.8424 -0.0947
vn 0.9213 -0.3084 -0.2370
vn 0.7643 -0.6072 -0.2173
vn 0.9905 -0.1100 -0.0829
vn 0.9856 -0.1030 0.1343
vn 0.7090 -0.7004 -0.0816
vn 0.7748 -0.6296 0.0577
vn 0.7268 -0.6285 0.2770
vn 0.9216 -0.1698 0.3491
vn 0.8218 -0.2551 0.5095
vn 0.6482 -0.6113 0.4539
vn 0.6084 -0.5977 0.5221
vn 0.7396 -0.3553 0.5716
vn 0.6754 -0.4382 0.5932
vn 0.5827 -0.5846 0.5646
vn 0.5684 -0.6051 0.5575
vn 0.6452 -0.4732 0.5998
vn 0.6173 -0.5448 0.5676
vn 0.5668 -0.6872 0.4545
vn 0.4542 -0.8333 0.3152
vn 0.5351 -0.7194 0.4429
vn 0.5684 -0.6306 0.5284
vn 0.5236 -0.7624 0.3802
vn 0.3742 -0.8905 0.2587
vn 0.4553 -0.8393 0.2970
vn 0.5013 -0.7931 0.3460
vn 0.3865 -0.8819 0.2699
vn 0.3553 -0.8567 0.3739
vn 0.3763 -0.8420 0.3866
vn 0.4020 -0.8536 0.3314
vn 0.3737 -0.8762 0.3042
vn 0.2850 -0.7569 0.5881
vn 0.2815 -0.7111 0.6443
vn 0.3183 -0.7999 0.5088
vn 0.3424 -0.8209 0.4570
vn 0.3177 -0.8192 0.4775
vn 0.2574 -0.7196 0.6449
vn 0.3233 -0.8692 0.3741
vn 0.0069 -0.9769 0.2135
vn 0.1277 -0.9533 0.2738
vn 0.1085 -0.9639 0.2432
vn 0.1417 -0.9606 0.2392
vn 0.2015 -0.9303 0.3065
vn 0.3037 -0.9015 0.3083
vn 0.0728 -0.9387 0.3371
vn 0.0514 -0.9685 0.2438
vn 0.1698 -0.9429 0.2864
vn 0.1798 -0.9013 0.3942
vn 0.2289 -0.9404 0.2516
vn 0.2598 -0.9128 0.3150
vn 0.1037 -0.8471 0.5213
vn 0.0793 -0.8816 0.4653
vn 0.1733 -0.8357 0.5211
vn 0.1750 -0.8156 0.5516
vn 0.2578 -0.8512 0.4571
vn 0.2379 -0.8030 0.5464
vn 0.1087 -0.9019 0.4180
vn 0.1134 -0.8643 0.4900
vn 0.1764 -0.8576 0.4832
vn 0.1715 -0.9140 0.3677
vn 0.1669 -0.8488 0.5017
vn 0.2008 -0.8067 0.5559
vn 0.1739 -0.9733 0.1500
vn 0.1269 -0.9869 -0.0999
vn -0.0263 -0.9951 0.0955
vn 0.0847 -0.9583 0.2729
vn 0.0238 -0.9398 0.3409
vn 0.1231 -0.9011 0.4157
vn -0.3911 -0.9198 -0.0323
vn -0.1976 -0.9802 -0.0080
vn -0.0161 -0.9826 -0.1850
vn -0.2246 -0.9624 -0.1528
vn -0.0926 -0.9549 0.2822
vn -0.2118 -0.9424 0.2590
vn -0.6077 -0.7877 0.1010
vn -0.5316 -0.8468 -0.0206
vn -0.4374 -0.8984 -0.0396
vn -0.6049 -0.7811 0.1548
vn -0.2969 -0.9339 0.1991
vn -0.3027 -0.9258 0.2263
vn -0.6527 -0.6990 0.2922
vn -0.5614 -0.7476 0.3547
vn -0.3875 -0.8521 0.3518
vn -0.5292 -0.8054 0.2670
vn -0.1597 -0.9170 0.3656
vn -0.0571 -0.8990 0.4343
vn -0.4513 -0.8292 0.3298
vn -0.3998 -0.8691 0.2913
vn -0.2728 -0.8799 0.3890
vn -0.2971 -0.8735 0.3856
vn -0.0511 -0.8668 0.4960
vn -0.0788 -0.8491 0.5224
vn -0.3710 -0.8940 0.2511
vn -0.3452 -0.9182 0.1943
vn -0.2652 -0.9085 0.3229
vn -0.2698 -0.8918 0.3630
vn -0.0965 -0.8539 0.5115
vn -0.0953 -0.8702 0.4833
vn -0.3173 -0.9396 0.1287
vn -0.3350 -0.9358 0.1101
vn -0.2647 -0.9248 0.2732
vn -0.3194 -0.9122 0.2568
vn -0.0929 -0.8775 0.4705
vn -0.1425 -0.8373 0.5278
vn -0.6984 -0.5780 -0.4221
vn -0.6482 -0.6515 -0.3941
vn -0.6311 -0.6590 -0.4091
vn -0.6623 -0.5045 -0.5539
vn -0.6415 -0.4838 -0.5953
vn -0.6363 -0.6384 -0.4331
vn -0.5708 -0.6500 -0.5017
vn -0.6078 -0.7254 -0.3230
vn -0.4203 0.2849 -0.8615
vn -0.5331 0.2189 -0.8173
vn -0.7146 -0.1464 -0.6840
vn -0.6325 -0.0904 -0.7693
vn -0.4264 0.0784 -0.9011
vn -0.2362 0.2248 -0.9453
vn -0.0954 0.1772 -0.9795
vn -0.2653 0.0926 -0.9597
vn -0.0469 0.1508 -0.9875
vn -0.2430 0.0144 -0.9699
vn -0.5019 -0.2368 -0.8319
vn -0.5888 -0.3687 -0.7193
vn -0.5786 -0.3483 -0.7375
vn -0.4804 -0.1137 -0.8697
vn -0.5131 -0.3832 -0.7680
vn -0.5471 -0.5138 -0.6609
vn -0.4207 0.0803 -0.9036
vn -0.4348 -0.0947 -0.8955
vn -0.4282 0.0118 -0.9036
vn -0.4435 0.1394 -0.8854
vn -0.4699 -0.1554 -0.8690
vn -0.4744 -0.2666 -0.8390
vn -0.5304 0.0902 -0.8429
vn -0.4874 0.0430 -0.8721
vn -0.5679 -0.0068 -0.8231
vn -0.6312 -0.0098 -0.7755
vn -0.5009 -0.0256 -0.8651
vn -0.4836 -0.0676 -0.8727
vn -0.6745 -0.0732 -0.7346
vn -0.6012 -0.0779 -0.7953
vn -0.5486 -0.0822 -0.8320
vn -0.6414 -0.0556 -0.7652
vn -0.4681 -0.0820 -0.8799
vn -0.5023 -0.0398 -0.8638
vn -0.5515 0.0047 -0.8342
vn -0.4249 -0.0026 -0.9052
vn -0.3896 -0.0781 -0.9177
vn -0.6005 0.0176 -0.7994
vn -0.4378 0.1852 -0.8798
vn -0.5330 0.0996 -0.8402
vn -0.6733 -0.1123 -0.7308
vn -0.6497 0.1333 -0.7484
vn -0.5469 0.2413 -0.8017
vn -0.4783 0.2701 -0.8356
vn -0.5705 0.1283 -0.8112
vn -0.4619 0.2791 -0.8419
vn -0.4873 0.2833 -0.8260
vn -0.3008 0.1484 -0.9421
vn -0.2752 0.1821 -0.9440
vn -0.3140 0.0766 -0.9463
vn -0.7118 -0.1797 -0.6790
vn -0.5436 0.1275 -0.8296
vn -0.7651 -0.2783 -0.5806
vn -0.7395 -0.2961 -0.6045
vn -0.7376 -0.1662 -0.6545
vn -0.7604 -0.1208 -0.6381
vn -0.7620 -0.2234 -0.6078
vn -0.6779 -0.2551 -0.6895
vn -0.6744 -0.0309 -0.7377
vn -0.7192 -0.0488 -0.6931
vn -0.7002 -0.0808 -0.7094
vn -0.5619 -0.1229 -0.8180
vn -0.7366 -0.0167 -0.6761
vn -0.5562 0.1599 -0.8155
vn -0.4703 0.2219 -0.8541
vn -0.6631 0.0597 -0.7461
vn -0.7233 -0.0252 -0.6901
vn -0.7365 -0.3457 -0.5814
vn -0.6549 -0.4583 -0.6009
vn -0.7317 -0.5435 -0.4114
vn -0.7847 -0.4718 -0.4021
vn 0.0827 -0.1100 -0.9905
vn 0.1151 0.1119 -0.9870
vn 0.4643 0.1026 -0.8797
vn 0.4332 -0.3283 -0.8394
vn 0.1252 0.2537 -0.9591
vn 0.3963 0.4106 -0.8212
vn -0.6131 -0.6104 -0.5015
vn -0.8278 -0.3859 -0.4072
vn -0.5866 -0.8073 -0.0641
vn -0.3285 -0.9269 -0.1812
vn -0.6736 -0.1958 -0.7127
vn -0.8130 0.0652 -0.5786
vn 0.1823 -0.9314 0.3150
vn -0.2100 -0.9597 0.1869
vn -0.0759 -0.9873 0.1398
vn 0.2220 -0.9458 0.2372
vn 0.2761 -0.9157 0.2921
vn 0.2846 -0.9334 0.2185
vn 0.1405 -0.9898 0.0217
vn 0.3582 -0.9256 0.1224
vn 0.4509 -0.8919 0.0353
vn 0.2790 -0.9589 -0.0519
vn 0.3598 -0.9317 0.0500
vn 0.2952 -0.9466 0.1293
vn 0.1047 -0.9892 0.1024
vn 0.1848 -0.9825 0.0214
vn 0.2089 -0.9770 -0.0433
vn 0.0343 -0.9977 -0.0579
vn 0.3888 -0.9112 -0.1362
vn 0.2371 -0.9516 -0.1956
vn 0.3611 -0.8790 -0.3115
vn 0.5057 -0.8138 -0.2863
vn 0.1228 -0.8448 -0.5208
vn 0.0061 -0.9184 -0.3955
vn 0.5845 -0.3485 -0.7327
vn 0.4592 -0.7348 -0.4992
vn 0.6027 -0.6081 -0.5166
vn 0.6405 -0.1657 -0.7498
vn 0.2370 -0.7072 -0.6661
vn 0.5615 0.1790 -0.8079
vn 0.3960 0.5415 -0.7416
vn 0.5389 0.3382 -0.7715
vn 0.4384 0.6305 -0.6405
vn 0.4434 0.7619 -0.4721
vn 0.6006 0.7995 -0.0034
vn 0.6922 0.6905 -0.2098
vn 0.8355 0.5495 0.0029
vn 0.6563 0.7442 0.1245
vn 0.7422 0.4774 -0.4702
vn 0.7679 0.1142 -0.6303
vn 0.9375 0.1784 -0.2987
vn 0.9265 0.3544 -0.1262
vn -0.8096 -0.2225 -0.5431
vn -0.8006 -0.2527 -0.5433
vn -0.8108 -0.3803 -0.4450
vn -0.7856 -0.3659 -0.4989
vn -0.6798 -0.1419 -0.7196
vn -0.6089 -0.2504 -0.7527
vn -0.5126 0.0523 -0.8571
vn -0.5661 0.1564 -0.8093
vn -0.4481 0.2162 -0.8675
vn -0.4752 0.2826 -0.8333
vn -0.7616 -0.0250 -0.6475
vn -0.6932 0.0524 -0.7189
vn -0.7612 -0.1146 -0.6384
vn -0.7890 -0.1159 -0.6033
vn -0.5803 0.2225 -0.7834
vn -0.4874 0.2728 -0.8295
vn -0.4080 0.0727 -0.9101
vn -0.5654 0.0325 -0.8242
vn -0.3091 -0.4595 -0.8327
vn -0.3413 -0.5776 -0.7416
vn -0.5474 -0.1531 -0.8228
vn -0.1027 -0.3771 -0.9205
vn -0.7542 0.0494 -0.6548
vn -0.6571 -0.1995 -0.7269
vn -0.6244 -0.0900 -0.7759
vn -0.5688 -0.1943 -0.7992
vn -0.5098 -0.3537 -0.7842
vn -0.5329 -0.4103 -0.7400
vn -0.4092 -0.5882 -0.6975
vn -0.5616 -0.4089 -0.7193
vn -0.5580 -0.5660 -0.6068
vn -0.7378 -0.2992 -0.6051
vn -0.6554 -0.2251 -0.7210
vn -0.5402 -0.2854 -0.7917
vn -0.5686 -0.1995 -0.7980
vn -0.6707 -0.1238 -0.7313
vn -0.7671 -0.1348 -0.6272
vn -0.7531 -0.0271 -0.6574
vn -0.6794 0.1065 -0.7260
vn -0.6487 0.0117 -0.7610
vn -0.5890 -0.1114 -0.8004
vn -0.9711 0.0073 -0.2387
vn -0.8973 -0.3683 -0.2434
vn -0.8989 -0.3730 -0.2298
vn -0.9728 -0.0568 -0.2245
vn -0.5685 0.8221 0.0295
vn -0.8756 0.4620 -0.1411
vn -0.9290 0.3565 -0.0990
vn -0.6691 0.7357 0.1053
vn 0.1132 0.9479 0.2977
vn -0.1921 0.9475 0.2557
vn -0.0564 0.9849 0.1638
vn 0.1229 0.9729 0.1960
vn 0.4368 0.8886 0.1403
vn 0.1577 0.9521 0.2621
vn 0.1113 0.9783 0.1749
vn 0.4147 0.9043 0.1013
vn 0.7533 -0.5884 -0.2938
vn 0.9309 -0.3006 -0.2075
vn 0.9676 -0.0539 -0.2466
vn 0.7873 -0.3167 -0.5290
vn 0.4427 -0.8894 -0.1140
vn 0.7596 -0.6279 -0.1696
vn 0.5776 -0.8079 -0.1169
vn 0.3189 -0.9465 -0.0504
vn 0.9759 0.1925 -0.1029
vn 0.7952 0.6060 -0.0182
vn 0.7400 0.6722 -0.0226
vn 0.9208 0.3743 -0.1099
vn 0.9847 -0.0755 -0.1569
vn 0.9776 0.1405 -0.1564
vn 0.9444 0.2743 -0.1815
vn 0.7906 0.6108 -0.0436
vn 0.7972 0.6034 -0.0173
vn 0.9649 0.2402 -0.1063
vn 0.3622 -0.9321 -0.0064
vn 0.2135 -0.9764 -0.0313
vn 0.2548 -0.9642 -0.0735
vn 0.3809 -0.9239 -0.0364
vn 0.9042 -0.4016 -0.1452
vn 0.9714 -0.1972 -0.1322
vn 0.6078 -0.7824 -0.1359
vn 0.7323 -0.6598 -0.1684
vn 0.7532 -0.6086 -0.2494
vn 0.9779 -0.1149 -0.1749
vn 0.7143 -0.5944 -0.3694
vn 0.9550 -0.0867 -0.2838
vn 0.5196 -0.8544 0.0029
vn 0.5127 -0.8583 -0.0221
vn 0.3225 -0.9388 -0.1210
vn 0.4038 -0.9099 -0.0950
vn 0.3910 -0.9042 -0.1717
vn 0.4370 -0.8866 -0.1516
vn 0.4266 -0.8699 -0.2476
vn 0.4318 -0.8274 -0.3591
vn 0.5047 -0.8333 -0.2255
vn 0.5242 -0.7703 -0.3630
vn -0.2673 -0.9359 -0.2295
vn -0.2248 -0.9607 -0.1627
vn -0.4640 -0.8522 -0.2419
vn -0.4311 -0.8554 -0.2870
vn -0.6625 -0.7012 -0.2636
vn -0.5842 -0.7520 -0.3053
vn -0.0661 -0.9949 -0.0768
vn -0.0541 -0.9897 -0.1323
vn 0.2812 -0.9509 -0.1295
vn 0.5237 -0.8481 -0.0802
vn 0.5412 -0.8289 -0.1414
vn 0.2729 -0.9380 -0.2138
vn 0.2332 -0.9042 -0.3577
vn 0.5405 -0.8023 -0.2532
vn 0.4723 -0.7660 -0.4361
vn 0.1772 -0.8231 -0.5396
vn -0.9799 -0.1004 -0.1726
vn -0.8809 -0.4019 -0.2499
vn -0.7321 -0.5930 -0.3353
vn -0.8666 -0.3774 -0.3266
vn -0.3348 -0.8929 -0.3012
vn -0.0658 -0.9759 -0.2080
vn -0.1002 -0.9464 -0.3070
vn -0.3871 -0.8315 -0.3984
vn -0.4584 -0.8057 -0.3751
vn -0.5136 -0.7165 -0.4720
vn -0.4054 -0.7596 -0.5086
vn -0.1320 -0.8817 -0.4530
vn -0.1405 -0.7919 -0.5942
vn -0.3936 -0.7150 -0.5778
vn -0.7766 -0.4646 -0.4254
vn -0.5257 -0.6681 -0.5266
vn -0.5146 -0.6749 -0.5289
vn -0.7332 -0.5479 -0.4029
vn -0.7493 0.6239 0.2218
vn -0.9705 0.2409 0.0110
vn -0.9946 0.0980 -0.0327
vn -0.8080 0.5578 0.1899
vn -0.3433 0.8806 0.3266
vn 0.0632 0.9397 0.3362
vn -0.0163 0.9524 0.3044
vn -0.4289 0.8549 0.2920
vn -0.8611 0.4946 0.1176
vn -0.9921 -0.0304 -0.1214
vn -0.9837 -0.1093 -0.1429
vn -0.8912 0.4495 0.0605
vn 0.2172 0.9300 0.2964
vn 0.4764 0.8672 0.1449
vn 0.5199 0.8485 0.0988
vn 0.2363 0.9365 0.2592
vn -0.5001 0.8354 0.2282
vn -0.5565 0.8135 0.1690
vn -0.0888 0.9632 0.2535
vn -0.1525 0.9677 0.2008
vn 0.7870 0.6098 -0.0937
vn 0.9158 0.2890 -0.2788
vn 0.8917 0.2748 -0.3596
vn 0.7946 0.5866 -0.1567
vn 0.5967 0.8012 -0.0460
vn 0.2310 0.9629 0.1395
vn 0.2352 0.9494 0.2082
vn 0.5590 0.8285 0.0332
vn 0.5907 -0.5096 -0.6256
vn 0.8480 -0.0632 -0.5262
vn 0.9097 -0.0383 -0.4136
vn 0.6669 -0.5455 -0.5076
vn 0.3069 -0.7611 -0.5714
vn 0.2955 -0.7641 -0.5735
vn 0.3801 -0.7923 -0.4772
vn 0.4295 -0.7472 -0.5071
vn 0.8771 0.1737 -0.4479
vn 0.8162 0.5158 -0.2602
vn 0.8075 0.5505 -0.2120
vn 0.8773 0.2383 -0.4166
vn 0.0867 -0.7608 -0.6432
vn 0.3118 -0.7477 -0.5863
vn 0.1590 -0.7664 -0.6223
vn 0.0166 -0.7722 -0.6352
vn 0.7606 -0.1798 -0.6238
vn 0.4191 -0.5920 -0.6883
vn 0.2085 -0.7356 -0.6445
vn 0.6835 -0.3599 -0.6351
vn 0.0282 -0.7988 -0.6009
vn 0.1525 -0.7786 -0.6087
vn -0.3462 -0.7307 -0.5884
vn -0.1414 -0.7505 -0.6456
vn -0.1271 -0.7781 -0.6151
vn -0.2654 -0.7800 -0.5667
vn -0.6534 -0.6386 -0.4065
vn -0.4482 -0.7340 -0.5102
vn -0.3391 -0.7918 -0.5080
vn -0.5022 -0.7321 -0.4602
vn -0.1248 -0.8152 -0.5656
vn -0.0803 -0.8109 -0.5797
vn -0.2831 -0.8101 -0.5134
vn -0.1804 -0.8276 -0.5316
vn 0.1472 -0.7773 -0.6117
vn 0.0666 -0.7936 -0.6048
vn 0.6176 -0.4313 -0.6577
vn 0.5667 -0.4528 -0.6884
vn 0.8178 0.0893 -0.5685
vn 0.8512 0.1203 -0.5108
vn -0.0226 -0.7797 -0.6257
vn 0.4773 -0.4459 -0.7572
vn -0.2766 -0.5889 -0.7594
vn 0.1492 -0.2032 -0.9677
vn 0.6094 0.1845 -0.7711
vn 0.7668 0.0965 -0.6346
vn 0.8120 0.4809 -0.3307
vn 0.7898 0.4552 -0.4110
vn 0.6257 0.7666 -0.1445
vn 0.6078 0.7561 -0.2428
vn 0.2366 0.9701 -0.0542
vn 0.2464 0.9679 0.0490
vn -0.1674 0.9730 0.1588
vn -0.1417 0.9848 0.1006
vn -0.5542 -0.6624 -0.5041
vn -0.8261 -0.3871 -0.4095
vn -0.9300 0.2534 -0.2661
vn -0.8134 -0.2260 -0.5360
vn -0.9231 0.3811 -0.0511
vn -0.9478 -0.2164 -0.2340
vn -0.5549 0.8319 -0.0031
vn -0.5966 0.7953 0.1078
vn -0.0582 0.9864 -0.1534
vn 0.4851 0.8051 -0.3414
vn 0.1911 0.8645 -0.4650
vn -0.5532 0.7432 -0.3763
vn -0.4442 0.3577 -0.8214
vn 0.4142 0.5678 -0.7114
vn 0.7190 0.4928 -0.4901
vn -0.5252 0.7218 -0.4508
vn -0.7296 0.3661 -0.5776
vn -0.5943 0.3771 -0.7103
vn -0.3936 0.7267 -0.5630
vn -0.8115 0.0447 -0.5827
vn -0.8503 0.0239 -0.5257
vn -0.7882 -0.0486 -0.6135
vn -0.7992 -0.0754 -0.5963
vn -0.6449 0.1142 -0.7557
vn -0.6525 0.1702 -0.7384
vn -0.1467 0.8609 -0.4872
vn -0.2901 0.7788 -0.5562
vn -0.2033 0.8108 -0.5490
vn -0.1188 0.8784 -0.4630
vn -0.2314 0.6919 -0.6839
vn -0.1652 0.5950 -0.7866
vn -0.0359 0.6276 -0.7777
vn -0.1034 0.7153 -0.6911
vn -0.2441 0.5044 -0.8282
vn -0.2837 0.4859 -0.8267
vn -0.1230 0.9080 -0.4006
vn -0.1258 0.8717 -0.4736
vn -0.0243 0.9178 -0.3963
vn -0.1368 0.9315 -0.3370
vn -0.7721 -0.0592 -0.6327
vn -0.7433 -0.0446 -0.6674
vn -0.6220 0.1993 -0.7573
vn -0.6486 0.2067 -0.7325
vn 0.0162 0.7813 -0.6239
vn 0.0269 0.6940 -0.7195
vn 0.0997 0.7216 -0.6851
vn 0.1716 0.8214 -0.5439
vn -0.2035 0.5599 -0.8032
vn -0.2312 0.5519 -0.8012
vn 0.1283 0.9343 -0.3325
vn -0.1458 0.9454 -0.2916
vn 0.3868 0.8570 -0.3405
vn -0.0322 0.9430 -0.3313
vn -0.7587 -0.0455 -0.6498
vn -0.7971 -0.0464 -0.6021
vn -0.7099 0.1400 -0.6902
vn -0.6406 0.1636 -0.7502
vn 0.1830 0.7143 -0.6755
vn 0.3605 0.8190 -0.4464
vn 0.4873 0.7693 -0.4131
vn 0.1688 0.7346 -0.6572
vn -0.2072 0.5263 -0.8247
vn -0.3164 0.5210 -0.7927
vn 0.1680 0.9162 -0.3638
vn 0.3041 0.8889 -0.3426
vn 0.4935 0.8377 -0.2339
vn 0.4290 0.8919 -0.1433
vn 0.0109 0.8202 -0.5720
vn 0.4097 0.8549 -0.3184
vn 0.2290 0.9442 -0.2368
vn -0.1579 0.8580 -0.4888
vn 0.0830 0.9018 -0.4241
vn 0.2332 0.6739 -0.7011
vn 0.2856 0.7386 -0.6106
vn 0.3135 0.8372 -0.4482
vn 0.2779 0.9455 -0.1699
vn 0.3603 0.8690 -0.3392
vn -0.2752 0.8359 -0.4749
vn 0.0156 0.9656 -0.2594
vn -0.1665 0.8979 -0.4076
vn -0.3170 0.7947 -0.5177
vn -0.8155 -0.0427 -0.5772
vn -0.7725 -0.0477 -0.6332
vn -0.7489 0.1608 -0.6429
vn -0.7636 0.1455 -0.6291
vn -0.4731 0.5452 -0.6920
vn -0.5600 0.5507 -0.6190
vn 0.0954 0.4145 -0.9050
vn -0.0919 0.5965 -0.7973
vn -0.2575 0.1845 -0.9485
vn -0.1952 0.1019 -0.9754
vn -0.5658 -0.2477 -0.7864
vn -0.6595 -0.2808 -0.6973
vn -0.5854 -0.2407 -0.7742
vn -0.5201 -0.1994 -0.8305
vn -0.3385 0.6157 -0.7116
vn -0.4666 0.5310 -0.7073
vn -0.5191 0.1513 -0.8412
vn -0.4109 0.2625 -0.8731
vn -0.4320 -0.1319 -0.8922
vn -0.4171 -0.0774 -0.9056
vn -0.4522 0.0115 -0.8918
vn -0.5263 -0.0838 -0.8462
vn -0.5959 -0.1739 -0.7840
vn -0.6466 -0.0576 -0.7607
vn -0.6520 0.1678 -0.7394
vn -0.5759 -0.1643 -0.8008
vn -0.5587 0.5334 -0.6351
vn -0.5146 -0.7256 0.4569
vn -0.3630 -0.6055 0.7082
vn 0.1178 -0.8540 0.5067
vn -0.0112 -0.9162 0.4005
vn -0.3519 -0.8881 0.2957
vn -0.0979 -0.9762 0.1935
vn 0.3074 -0.9437 0.1220
vn 0.1326 -0.9715 0.1966
vn 0.3249 -0.9173 0.2301
vn 0.4612 -0.8838 0.0787
vn 0.0974 -0.9902 0.1005
vn 0.1094 -0.9910 0.0765
vn 0.4174 -0.9051 0.0808
vn 0.3364 -0.9141 0.2263
vn -0.1201 -0.9367 0.3289
vn 0.2502 -0.8761 0.4122
vn 0.6329 -0.7348 0.2439
vn 0.4910 -0.7938 0.3589
vn 0.4492 -0.8507 0.2730
vn 0.6117 -0.7387 0.2832
vn 0.5921 -0.6913 0.4141
vn 0.3030 -0.7055 0.6407
vn 0.5142 -0.8521 0.0979
vn 0.0493 0.9097 -0.4123
vn -0.0561 0.8106 -0.5830
vn -0.1126 0.7264 -0.6780
vn -0.1808 0.6458 -0.7418
vn -0.3359 0.4004 -0.8526
vn -0.3495 0.3644 -0.8632
vn -0.4055 0.3671 -0.8371
vn -0.3835 0.3370 -0.8599
vn -0.4580 0.4848 -0.7451
vn -0.4217 0.3823 -0.8222
vn -0.5725 0.5855 -0.5740
vn -0.5337 0.3870 -0.7519
vn -0.4417 0.4252 -0.7900
vn -0.4734 0.6223 -0.6234
vn -0.3648 -0.1504 0.9189
vn -0.3315 -0.1332 0.9340
vn -0.0617 -0.3322 0.9412
vn 0.7775 0.6170 0.1219
vn 0.7811 0.5978 0.1802
vn 0.7251 0.5850 0.3632
vn 0.7150 0.6126 0.3368
vn 0.7625 0.5309 0.3698
vn 0.8003 0.5609 0.2121
vn 0.7056 0.4851 0.5166
vn 0.6502 0.5388 0.5356
vn 0.6202 0.5575 0.5518
vn 0.7933 0.5918 0.1429
vn 0.8102 0.5696 0.1383
vn 0.7814 0.6045 0.1548
vn 0.7528 0.6054 0.2584
vn 0.7814 0.5974 0.1804
vn 0.8003 0.5903 0.1050
vn 0.7626 0.6308 0.1436
vn 0.7721 0.6348 0.0309
vn 0.7319 0.6387 0.2373
vn 0.7109 0.6892 0.1403
vn 0.7320 0.6799 0.0433
vn 0.7268 0.6826 -0.0763
vn 0.6703 0.7207 -0.1768
vn 0.6551 0.7112 -0.2550
vn 0.6680 0.7369 -0.1037
vn 0.5487 0.7199 -0.4249
vn 0.5402 0.6898 -0.4820
vn 0.5177 0.6767 -0.5235
vn 0.3621 0.5895 -0.7221
vn 0.3590 0.5887 -0.7243
vn 0.3667 0.6533 -0.6624
vn 0.1642 0.5642 -0.8092
vn 0.1448 0.4358 -0.8883
vn 0.2200 0.4630 -0.8586
vn 0.0079 0.2552 -0.9669
vn -0.0460 0.2652 -0.9631
vn -0.1175 0.2249 -0.9673
vn -0.1280 0.1147 -0.9851
vn -0.0502 0.4580 -0.8875
vn -0.1439 0.4266 -0.8929
vn -0.0955 0.1358 -0.9861
vn -0.1211 0.2693 -0.9554
vn -0.0833 0.3206 -0.9435
vn -0.0729 0.1895 -0.9792
vn -0.1658 0.4461 -0.8795
vn -0.1708 0.4550 -0.8739
vn -0.1999 0.1544 -0.9676
vn -0.1403 0.2741 -0.9514
vn -0.3836 0.0457 -0.9224
vn -0.4381 -0.0089 -0.8989
vn -0.2444 0.3319 -0.9111
vn -0.4361 0.0345 -0.8992
vn -0.5972 -0.1742 -0.7829
vn -0.5804 -0.1935 -0.7910
vn -0.6630 -0.3457 -0.6640
vn -0.6808 -0.2955 -0.6702
vn -0.5934 -0.2462 -0.7663
vn -0.6512 -0.4081 -0.6398
vn -0.7519 -0.4479 -0.4839
vn -0.7304 -0.3894 -0.5612
vn -0.7008 -0.4505 -0.5531
vn -0.7150 -0.5010 -0.4877
vn -0.6746 -0.4946 -0.5480
vn -0.6877 -0.5135 -0.5132
vn -0.7588 -0.4605 -0.4606
vn -0.7560 -0.4683 -0.4574
vn -0.7206 -0.4980 -0.4823
vn -0.7262 -0.4602 -0.5108
vn -0.6979 -0.4752 -0.5358
vn -0.7089 -0.4103 -0.5737
vn -0.7956 -0.3576 -0.4890
vn -0.7664 -0.4192 -0.4868
vn -0.7274 -0.3898 -0.5647
vn -0.7311 -0.3340 -0.5949
vn -0.7095 -0.3319 -0.6216
vn -0.7217 -0.3015 -0.6231
vn -0.8516 -0.5240 -0.0174
vn -0.8603 -0.4177 -0.2924
vn -0.8078 -0.4494 -0.3814
vn -0.8186 -0.5691 -0.0778
vn -0.7914 -0.4508 -0.4129
vn -0.8028 -0.5806 -0.1355
vn -0.6912 -0.5743 0.4387
vn -0.8084 -0.5621 0.1747
vn -0.7912 -0.6029 0.1023
vn -0.6976 -0.6158 0.3663
vn -0.7936 -0.6084 0.0045
vn -0.7125 -0.6501 0.2640
vn -0.0490 -0.0000 0.9988
vn 0.1065 0.0196 0.9941
vn -0.0422 -0.1331 0.9902
vn -0.2776 -0.1823 0.9432
vn 0.2015 -0.0218 0.9792
vn 0.3124 0.0999 0.9447
vn 0.1590 -0.1180 0.9802
vn -0.1238 -0.2410 0.9626
vn -0.3092 -0.2317 0.9223
vn 0.2085 -0.1542 0.9658
vn 0.1623 -0.1200 0.9794
vn 0.4730 0.0042 0.8811
vn 0.6160 0.2839 0.7348
vn 0.7233 0.4683 0.5075
vn 0.3185 0.1807 0.9305
vn 0.6461 0.4194 0.6377
vn 0.5915 0.3159 0.7419
vn 0.6835 0.2496 0.6859
vn 0.5940 0.2116 0.7761
vn 0.4347 0.1680 0.8848
vn 0.2958 0.0254 0.9549
vn 0.3474 0.3371 0.8750
vn 0.4153 0.3511 0.8392
vn 0.2605 0.1906 0.9465
vn 0.1436 0.1678 0.9753
vn 0.4180 0.2118 0.8834
vn 0.5106 0.3046 0.8041
vn 0.5529 0.4614 0.6938
vn 0.6209 0.4079 0.6694
vn 0.5183 0.4751 0.7111
vn -0.6829 -0.6829 0.2593
vn -0.4829 -0.5886 0.6483
vn -0.2635 -0.4313 0.8629
vn -0.7669 -0.6362 -0.0848
vn -0.6270 -0.6270 0.4623
vn -0.8080 -0.5878 0.0395
vn -0.8222 -0.5686 -0.0249
vn -0.7837 -0.6076 0.1289
vn -0.6540 -0.5978 0.4637
vn 0.1686 -0.1537 0.9736
vn 0.3698 -0.0266 0.9287
vn -0.0630 -0.3031 0.9509
vn -0.3698 -0.6165 0.6951
vn -0.3627 -0.5534 0.7498
vn -0.0692 -0.4866 0.8709
vn 0.0089 -0.4646 0.8855
vn -0.2822 -0.5286 0.8006
vn -0.3821 -0.5135 0.7684
vn -0.7045 -0.6726 0.2265
vn -0.5853 -0.7343 0.3438
vn -0.5665 -0.6159 0.5475
vn 0.1613 0.0473 0.9858
vn 0.0644 -0.0809 0.9946
vn 0.7002 0.3305 0.6329
vn 0.6350 0.2022 0.7456
vn -0.4456 -0.3280 0.8330
vn -0.3925 -0.2140 0.8945
vn -0.3027 -0.2725 0.9133
vn -0.2300 -0.1730 0.9577
vn -0.4224 -0.3405 0.8400
vn -0.4773 -0.4146 0.7748
vn -0.3763 -0.2460 0.8933
vn -0.1723 -0.0802 0.9818
vn -0.4542 -0.4011 0.7955
vn -0.5321 -0.4751 0.7008
vn -0.1692 -0.5986 0.7829
vn -0.5445 -0.7103 0.4462
vn -0.6292 -0.6940 0.3499
vn -0.3192 -0.6370 0.7017
vn -0.7733 -0.6340 0.0113
vn -0.7302 -0.6786 0.0802
vn -0.8361 -0.5482 0.0193
vn -0.7029 -0.6283 0.3333
vn -0.3937 -0.6406 0.6592
vn 0.5808 0.1975 0.7897
vn 0.5397 0.0668 0.8392
vn 0.2035 -0.1135 0.9725
vn 0.1285 -0.1928 0.9728
vn -0.7492 -0.5222 0.4075
vn -0.2220 -0.3930 0.8923
vn -0.3144 -0.4153 0.8536
vn -0.7837 -0.4722 0.4036
vn -0.1248 -0.0146 0.9921
vn 0.0826 0.1582 0.9839
vn 0.0590 0.0997 0.9933
vn 0.3543 0.2990 0.8861
vn 0.3318 0.3346 0.8820
vn -0.3104 -0.1445 0.9396
vn 0.5064 0.4582 0.7305
vn 0.5184 0.4141 0.7482
vn 0.6231 0.5082 0.5946
vn 0.6159 0.5441 0.5698
vn -0.9094 -0.4152 -0.0262
vn -0.8752 -0.4774 0.0779
vn -0.8359 -0.5414 0.0906
vn -0.8268 -0.5460 0.1348
vn -0.4039 -0.6072 0.6842
vn -0.4819 -0.5986 0.6398
vn -0.0468 -0.5145 0.8562
vn 0.7348 0.6028 0.3111
vn 0.7740 0.5736 0.2682
vn 0.8206 0.5642 0.0915
vn 0.7888 0.6081 0.0895
vn 0.7717 0.6109 0.1768
vn 0.7715 0.5971 0.2199
vn 0.7006 0.6087 0.3723
vn 0.7207 0.6116 0.3264
vn 0.7012 0.6407 0.3127
vn 0.6818 0.6334 0.3660
vn 0.6653 0.6924 0.2792
vn 0.6845 0.6965 0.2153
vn 0.6487 0.7599 -0.0418
vn 0.6320 0.7744 0.0294
vn 0.5381 0.8119 -0.2265
vn 0.5442 0.7679 -0.3380
vn 0.6421 0.6840 0.3462
vn 0.6095 0.7835 0.1211
vn 0.5721 0.7958 0.1983
vn 0.6181 0.6790 0.3960
vn 0.4915 0.8701 0.0372
vn 0.5238 0.8466 -0.0941
vn 0.4045 0.8379 -0.3665
vn 0.3905 0.7531 -0.5295
vn 0.2110 0.8089 -0.5488
vn 0.1944 0.7167 -0.6698
vn 0.4090 0.8897 -0.2029
vn 0.3894 0.9192 -0.0589
vn 0.1850 0.8724 -0.4525
vn 0.2070 0.8530 -0.4791
vn 0.0026 0.6588 -0.7523
vn -0.0329 0.6087 -0.7927
vn -0.1320 0.5203 -0.8437
vn -0.1656 0.5196 -0.8382
vn 0.0111 0.6333 -0.7738
vn -0.0891 0.4495 -0.8888
vn -0.0123 0.5806 -0.8141
vn -0.0881 0.3740 -0.9232
vn -0.1662 0.4778 -0.8626
vn -0.1783 0.5129 -0.8397
vn -0.2373 0.3763 -0.8956
vn -0.2070 0.4626 -0.8621
vn -0.1131 0.3721 -0.9213
vn -0.1837 0.2817 -0.9418
vn -0.0944 0.2939 -0.9512
vn -0.1033 0.2690 -0.9576
vn -0.3682 0.1775 -0.9126
vn -0.3436 0.2602 -0.9024
vn -0.5123 -0.0415 -0.8578
vn -0.5046 -0.0290 -0.8629
vn -0.3275 0.1570 -0.9317
vn -0.4957 -0.0070 -0.8685
vn -0.2003 0.2351 -0.9511
vn -0.4010 0.0857 -0.9121
vn -0.6355 -0.2545 -0.7290
vn -0.6125 -0.2715 -0.7424
vn -0.6975 -0.4032 -0.5924
vn -0.6622 -0.4276 -0.6153
vn -0.6469 -0.2243 -0.7289
vn -0.6118 -0.1323 -0.7799
vn -0.7239 -0.2785 -0.6312
vn -0.7188 -0.3569 -0.5966
vn -0.7125 -0.4311 -0.5537
vn -0.6786 -0.4867 -0.5501
vn -0.7150 -0.3850 -0.5835
vn -0.6938 -0.4630 -0.5516
vn -0.7418 -0.3511 -0.5714
vn -0.7496 -0.2729 -0.6031
vn -0.7482 -0.1984 -0.6331
vn -0.7454 -0.2832 -0.6035
vn -0.7182 -0.3200 -0.6179
vn -0.7040 -0.4017 -0.5857
vn -0.7057 -0.3317 -0.6261
vn -0.7163 -0.2332 -0.6577
vn -0.7433 -0.1976 -0.6391
vn -0.7347 -0.1197 -0.6678
vn -0.7391 -0.1161 -0.6635
vn -0.7463 -0.0786 -0.6610
vn -0.7183 -0.1608 -0.6769
vn -0.7074 -0.2578 -0.6581
vn -0.7367 -0.2540 -0.6266
vn -0.7560 -0.2213 -0.6161
vn -0.7444 -0.1367 -0.6536
vn -0.7829 -0.3362 -0.5235
vn -0.7857 -0.1669 -0.5956
vn -0.8284 -0.3341 -0.4495
vn -0.8033 -0.4505 -0.3896
vn -0.8089 -0.4267 -0.4045
vn -0.8109 -0.5651 -0.1522
vn -0.7812 -0.6034 -0.1603
vn -0.7830 -0.5355 -0.3164
vn -0.7766 -0.6060 -0.1722
vn -0.8505 -0.4363 -0.2938
vn -0.8495 -0.5038 -0.1566
vn -0.7571 -0.6509 -0.0557
vn -0.7877 -0.6149 -0.0371
vn -0.7188 -0.6748 0.1671
vn -0.7808 -0.6168 -0.0990
vn -0.8447 -0.5287 -0.0831
vn -0.4466 -0.6776 0.5842
vn 0.8008 0.5989 -0.0047
vn 0.8283 0.5531 0.0897
vn 0.8250 0.5650 -0.0152
vn 0.7808 0.6093 -0.1382
vn 0.8472 0.5134 0.1368
vn 0.8304 0.5213 0.1966
vn 0.7000 0.6880 -0.1913
vn 0.7567 0.6467 -0.0960
vn 0.7205 0.6521 -0.2359
vn 0.6541 0.6890 -0.3121
vn 0.4817 0.6746 -0.5594
vn 0.6265 0.7097 -0.3222
vn 0.5845 0.7096 -0.3935
vn 0.4660 0.6738 -0.5734
vn 0.2192 0.5194 -0.8259
vn 0.3188 0.5897 -0.7421
vn 0.3285 0.5740 -0.7500
vn 0.2267 0.4908 -0.8413
vn -0.0706 0.1944 -0.9784
vn 0.0652 0.3688 -0.9272
vn 0.1256 0.3969 -0.9092
vn 0.0113 0.2647 -0.9643
vn -0.1184 0.1209 -0.9856
vn -0.1627 0.1096 -0.9806
vn -0.1091 0.1468 -0.9831
vn -0.2292 0.0715 -0.9707
vn -0.2865 0.0606 -0.9562
vn -0.4584 -0.0655 -0.8863
vn -0.3442 0.0054 -0.9389
vn -0.4578 -0.1048 -0.8829
vn -0.5915 -0.1990 -0.7814
vn -0.6756 -0.2982 -0.6743
vn -0.6253 -0.3692 -0.6875
vn -0.5569 -0.2496 -0.7922
vn -0.7297 -0.3799 -0.5685
vn -0.7560 -0.4317 -0.4920
vn -0.7082 -0.4868 -0.5114
vn -0.6764 -0.4455 -0.5865
vn -0.7685 -0.4532 -0.4517
vn -0.7832 -0.4574 -0.4211
vn -0.7657 -0.5262 -0.3699
vn -0.7333 -0.5121 -0.4472
vn -0.8061 -0.4482 -0.3863
vn -0.8401 -0.4330 -0.3268
vn -0.8310 -0.5068 -0.2293
vn -0.8013 -0.5229 -0.2905
vn -0.8773 -0.4349 -0.2030
vn -0.8747 -0.4847 -0.0032
vn -0.8476 -0.5306 -0.0048
vn -0.8492 -0.5056 -0.1523
vn -0.8184 -0.5327 0.2155
vn -0.6888 -0.5411 0.4825
vn -0.6694 -0.5502 0.4992
vn -0.7998 -0.5590 0.2187
vn -0.4188 -0.4773 0.7725
vn -0.4762 -0.5473 0.6882
vn -0.6012 -0.5805 0.5492
vn -0.4229 -0.4805 0.7683
vn -0.7052 -0.5932 0.3884
vn -0.7650 -0.6279 0.1431
vn -0.7647 -0.6114 0.2037
vn -0.8108 -0.5470 0.2081
vn -0.5158 -0.5510 0.6560
vn -0.0316 -0.3233 0.9458
vn -0.4121 -0.4460 0.7945
vn 0.0693 -0.1937 0.9786
vn 0.6621 0.1811 0.7272
vn 0.4712 0.0018 0.8820
vn 0.5293 0.0671 0.8458
vn 0.6904 0.2203 0.6891
vn 0.6542 0.1754 0.7357
vn 0.6445 0.2109 0.7350
vn 0.5207 0.0989 0.8480
vn 0.5292 0.1323 0.8381
vn 0.6204 0.2875 0.7297
vn 0.5187 0.1797 0.8358
vn 0.5500 0.2178 0.8063
vn 0.6633 0.3105 0.6809
vn 0.3725 0.0827 0.9243
vn 0.3854 0.0785 0.9194
vn 0.7593 0.4355 0.4836
vn 0.6959 0.3733 0.6135
vn 0.7244 0.3587 0.5887
vn 0.7853 0.4056 0.4678
vn 0.8056 0.4858 0.3391
vn 0.8343 0.4562 0.3097
vn 0.2808 0.0078 0.9597
vn 0.2797 0.0099 0.9600
vn 0.3183 0.0203 0.9478
vn 0.2719 -0.0131 0.9622
vn 0.3579 0.0219 0.9335
vn 0.4073 0.0621 0.9112
vn 0.8456 0.5299 0.0650
vn 0.8429 0.4683 0.2649
vn 0.8544 0.4740 0.2128
vn 0.8456 0.5337 -0.0136
vn 0.8111 0.4039 0.4230
vn 0.7956 0.3975 0.4572
vn -0.5905 -0.5957 0.5445
vn -0.3082 -0.4625 0.8313
vn -0.2676 -0.5147 0.8145
vn -0.5727 -0.6316 0.5225
vn 0.1218 -0.1582 0.9799
vn 0.0284 -0.2181 0.9755
vn 0.1193 -0.1195 0.9856
vn -0.3168 -0.5470 0.7748
vn -0.5627 -0.7005 0.4389
vn 0.3933 0.1192 0.9117
vn 0.3433 0.0711 0.9365
vn 0.3986 0.0533 0.9156
vn 0.4472 0.0875 0.8901
vn 0.4284 0.0684 0.9010
vn 0.3835 0.0707 0.9208
vn 0.6942 0.6960 -0.1836
vn 0.8132 0.5708 -0.1132
vn 0.7369 0.6050 -0.3015
vn 0.6409 0.6769 -0.3619
vn 0.7921 0.5733 -0.2094
vn 0.7106 0.5919 -0.3803
vn 0.6490 0.6001 -0.4676
vn 0.5720 0.6434 -0.5087
vn 0.7287 0.5784 0.3665
vn 0.8168 0.4299 0.3848
vn 0.8482 0.5034 0.1648
vn 0.7333 0.6711 0.1089
vn 0.8129 0.5718 -0.1105
vn 0.7503 0.6050 -0.2663
vn 0.5787 0.5933 -0.5596
vn 0.5311 0.6194 -0.5782
vn 0.6314 0.6050 -0.4851
vn 0.5692 0.6213 -0.5386
vn 0.5335 0.5909 -0.6052
vn 0.5194 0.5987 -0.6097
vn 0.6766 0.6352 -0.3725
vn 0.6084 0.6640 -0.4346
vn 0.5236 0.6026 -0.6023
vn 0.5412 0.5906 -0.5986
vn 0.5321 0.6417 -0.5524
vn 0.5024 0.6357 -0.5861
vn 0.5351 0.6071 -0.5875
vn 0.5696 0.5830 -0.5793
vn 0.5506 0.6856 -0.4762
vn 0.4782 0.6599 -0.5795
vn 0.4582 0.5300 -0.7136
vn 0.4878 0.4993 -0.7161
vn 0.4108 0.5460 -0.7301
vn 0.2678 0.4134 -0.8703
vn 0.2931 0.3863 -0.8746
vn 0.3142 0.3573 -0.8796
vn 0.3709 0.5601 -0.7408
vn 0.2468 0.4468 -0.8600
vn 0.1559 0.3205 -0.9343
vn 0.1680 0.2834 -0.9442
vn -0.0000 0.2019 -0.9794
vn -0.0071 0.1533 -0.9882
vn 0.1770 0.2612 -0.9489
vn -0.0010 0.1322 -0.9912
vn 0.1441 0.3643 -0.9201
vn 0.0084 0.2544 -0.9671
vn -0.1792 0.0781 -0.9807
vn -0.2040 0.0226 -0.9787
vn -0.2892 0.0158 -0.9571
vn -0.2929 -0.0226 -0.9559
vn -0.2994 -0.0630 -0.9520
vn -0.2039 -0.0148 -0.9789
vn -0.1515 0.1376 -0.9788
vn -0.2783 0.0583 -0.9587
vn -0.3358 -0.0154 -0.9418
vn -0.3200 -0.0351 -0.9468
vn -0.3948 -0.0948 -0.9139
vn -0.4089 -0.0752 -0.9095
vn -0.3709 -0.0731 -0.9258
vn -0.3171 -0.0516 -0.9470
vn -0.3493 0.0022 -0.9370
vn -0.4167 -0.0896 -0.9046
vn -0.5285 -0.1851 -0.8285
vn -0.5103 -0.1810 -0.8407
vn -0.6059 -0.2627 -0.7509
vn -0.6281 -0.2938 -0.7205
vn -0.5613 -0.2457 -0.7903
vn -0.4775 -0.1544 -0.8650
vn -0.5078 -0.2293 -0.8304
vn -0.5980 -0.3665 -0.7128
vn -0.6769 -0.3832 -0.6285
vn -0.6617 -0.3381 -0.6692
vn -0.7068 -0.4084 -0.5776
vn -0.6989 -0.4598 -0.5479
vn -0.6544 -0.3866 -0.6498
vn -0.6137 -0.3136 -0.7246
vn -0.6494 -0.4753 -0.5936
vn -0.6646 -0.5372 -0.5193
vn -0.7226 -0.5371 -0.4352
vn -0.7484 -0.4711 -0.4669
vn -0.7772 -0.5347 -0.3318
vn -0.7399 -0.6064 -0.2913
vn -0.7240 -0.5297 -0.4420
vn -0.6920 -0.4624 -0.5544
vn -0.6836 -0.5855 -0.4357
vn -0.7169 -0.6162 -0.3262
vn -0.7426 -0.6396 -0.1989
vn -0.7808 -0.5841 -0.2216
vn -0.7603 -0.6048 -0.2368
vn -0.7437 -0.6298 -0.2241
vn -0.7486 -0.6120 -0.2550
vn -0.7447 -0.5909 -0.3102
vn -0.7506 -0.6175 -0.2352
vn -0.7734 -0.5964 -0.2147
vn -0.7400 -0.6431 -0.1969
vn -0.7527 -0.6245 -0.2084
vn -0.7470 -0.6648 0.0045
vn -0.7279 -0.6857 0.0038
vn -0.7524 -0.6539 -0.0796
vn -0.7429 -0.6185 -0.2562
vn -0.7783 -0.6039 -0.1721
vn -0.7757 -0.6308 -0.0162
vn -0.6694 -0.6812 0.2965
vn -0.6771 -0.6721 0.2997
vn -0.5419 -0.6318 0.5543
vn -0.5542 -0.6013 0.5756
vn -0.5837 -0.6895 0.4289
vn -0.7052 -0.6822 0.1931
vn -0.7397 -0.6302 0.2361
vn -0.6166 -0.5757 0.5370
vn -0.4511 -0.5311 0.7172
vn -0.4369 -0.6077 0.6632
vn -0.5978 -0.6835 0.4188
vn -0.6242 -0.6448 0.4412
vn -0.4954 -0.7835 0.3752
vn -0.4563 -0.7111 0.5349
vn -0.4393 -0.5001 0.7463
vn -0.6072 -0.6332 0.4800
vn -0.7182 -0.6640 0.2080
vn -0.7191 -0.6580 0.2236
vn -0.6373 -0.7432 0.2040
vn -0.7329 -0.6587 0.1701
vn -0.6368 -0.5745 0.5143
vn 0.4244 0.1436 0.8940
vn 0.3750 0.2629 0.8890
vn 0.6303 0.3148 0.7096
vn 0.4901 0.3898 0.7796
vn 0.4297 0.3955 0.8118
vn 0.4150 0.3135 0.8541
vn -0.3492 -0.4101 0.8426
vn 0.0458 -0.2060 0.9775
vn 0.5065 0.0794 0.8586
vn 0.6957 0.2503 0.6733
vn 0.5303 0.2759 0.8016
vn 0.3829 0.2341 0.8936
vn 0.6255 0.2816 0.7277
vn 0.5547 0.1811 0.8121
vn 0.5121 0.1431 0.8469
vn 0.4197 0.1130 0.9006
vn 0.6596 0.2312 0.7152
vn 0.5577 0.1623 0.8140
vn 0.5109 0.1395 0.8483
vn 0.5037 0.0733 0.8608
vn 0.6341 0.1987 0.7472
vn 0.6098 0.2686 0.7457
vn 0.5894 0.1902 0.7851
vn 0.6971 0.2763 0.6616
vn 0.7198 0.2859 0.6326
vn 0.6716 0.3862 0.6324
vn 0.4239 0.0063 0.9057
vn 0.4208 0.0188 0.9070
vn 0.4179 0.0103 0.9084
vn 0.4379 0.0256 0.8987
vn 0.5465 0.2176 0.8087
vn 0.6679 0.2982 0.6819
vn 0.7746 0.3541 0.5240
vn 0.7123 0.4942 0.4983
vn 0.7544 0.3331 0.5656
vn 0.7317 0.3431 0.5889
vn 0.4713 0.0675 0.8794
vn 0.4337 0.0495 0.8997
vn 0.4782 0.1025 0.8722
vn 0.4553 0.1010 0.8846
vn -0.1341 -0.3162 0.9392
vn -0.1985 -0.3058 0.9312
vn 0.4696 -0.0050 0.8829
vn 0.4189 0.0173 0.9079
vn 0.0792 -0.3042 0.9493
vn -0.1925 -0.1454 0.9705
vn 0.0004 -0.1777 0.9841
vn 0.2903 -0.2018 0.9354
vn -0.2648 -0.5125 0.8168
vn -0.3893 -0.5983 0.7004
vn -0.5152 -0.6543 0.5536
vn 0.5272 0.0348 0.8490
vn 0.0601 -0.2001 0.9779
vn 0.0184 -0.2129 0.9769
vn 0.4940 -0.0150 0.8693
vn -0.1077 -0.3556 0.9284
vn 0.4203 -0.0766 0.9041
vn 0.2235 -0.0783 0.9716
vn 0.4019 0.2167 0.8897
vn 0.3826 0.2514 0.8891
vn 0.0568 0.0463 0.9973
vn 0.0469 -0.0106 0.9988
vn -0.8336 -0.4306 0.3459
vn -0.3910 -0.3855 0.8358
vn -0.5136 -0.3921 0.7632
vn -0.8899 -0.3994 0.2203
vn -0.6668 -0.4688 0.5793
vn -0.7555 -0.5001 0.4232
vn -0.9266 -0.3629 0.0989
vn -0.9323 -0.3503 0.0904
vn -0.9636 -0.2668 0.0164
vn -0.9692 -0.2462 -0.0094
vn -0.9195 -0.3733 0.1233
vn -0.9460 -0.3204 0.0499
vn -0.9824 -0.1772 -0.0598
vn -0.7674 -0.5315 0.3587
vn -0.6561 -0.6074 0.4479
vn -0.8127 -0.5499 0.1929
vn -0.9294 -0.3474 -0.1250
vn -0.9506 -0.2609 -0.1680
vn -0.8828 -0.4025 0.2422
vn -0.9791 -0.1985 -0.0438
vn -0.9431 -0.2694 0.1950
vn -0.4084 -0.5909 0.6957
vn -0.3740 -0.6304 0.6802
vn -0.7114 -0.3861 0.5872
vn -0.7447 -0.3405 0.5740
vn -0.6378 -0.3051 0.7072
vn -0.6201 -0.3473 0.7035
vn -0.6292 -0.2617 0.7318
vn -0.7348 -0.2845 0.6157
vn -0.4450 -0.1804 0.8772
vn -0.4152 -0.1917 0.8893
vn -0.3910 -0.2208 0.8935
vn -0.6397 -0.4454 0.6265
vn -0.5625 -0.3928 0.7275
vn -0.3590 -0.2717 0.8929
vn -0.7239 -0.2687 0.6354
vn -0.7180 -0.2690 0.6419
vn -0.7143 -0.2702 0.6456
vn -0.7043 -0.3132 0.6371
vn -0.5951 -0.3514 0.7228
vn -0.4403 -0.1283 0.8886
vn -0.4836 -0.1663 0.8594
vn -0.6252 -0.2295 0.7460
vn -0.6383 -0.2186 0.7381
vn -0.6707 -0.2199 0.7084
vn -0.3986 -0.3258 0.8573
vn -0.8691 -0.4237 0.2552
vn -0.6304 -0.6228 0.4633
vn -0.6994 -0.5629 0.4404
vn -0.6139 -0.5877 0.5270
vn -0.6457 -0.4894 0.5862
vn -0.5291 -0.5742 0.6248
vn -0.8114 -0.5204 0.2660
vn -0.8341 -0.5300 0.1532
vn -0.9003 -0.3986 -0.1750
vn -0.9010 -0.4339 -0.0024
vn -0.9118 -0.2887 -0.2920
vn -0.8903 -0.4553 -0.0102
vn -0.9100 -0.3742 -0.1786
vn -0.9037 -0.4224 -0.0693
vn -0.9057 -0.3657 -0.2144
vn -0.8764 -0.2934 -0.3818
vn -0.8800 -0.4726 0.0483
vn -0.7573 -0.5633 0.3303
vn -0.8507 -0.3204 -0.4167
vn -0.8067 -0.2349 -0.5423
vn -0.7811 -0.2850 -0.5555
vn -0.7205 -0.2691 -0.6392
vn -0.7240 -0.3170 -0.6127
vn -0.7677 -0.2842 -0.5744
vn -0.7488 -0.2333 -0.6204
vn -0.7718 -0.3168 -0.5514
vn -0.7505 -0.2638 -0.6060
vn -0.8471 -0.2578 -0.4648
vn -0.7566 -0.3137 -0.5737
vn -0.8076 -0.1270 -0.5759
vn -0.7261 -0.1678 -0.6668
vn -0.7381 -0.0082 -0.6747
vn -0.7832 -0.0588 -0.6190
vn -0.7334 0.0284 -0.6792
vn -0.7248 0.0249 -0.6885
vn -0.8500 -0.2043 -0.4855
vn -0.8816 -0.2975 -0.3665
vn -0.7167 0.1861 -0.6721
vn -0.6141 0.4305 -0.6615
vn -0.7558 0.2602 -0.6009
vn -0.7454 0.0788 -0.6619
vn -0.7159 0.0343 -0.6973
vn -0.7085 -0.0053 -0.7057
vn -0.7628 -0.1379 -0.6317
vn -0.7475 -0.0647 -0.6611
vn -0.7445 -0.0494 -0.6658
vn -0.7135 -0.0747 -0.6967
vn -0.1628 0.6054 -0.7791
vn -0.0584 0.8483 -0.5263
vn -0.3511 0.6924 -0.6303
vn -0.5315 0.3869 -0.7536
vn -0.5107 0.1373 -0.8487
vn -0.6802 0.0386 -0.7320
vn -0.6308 -0.1377 -0.7636
vn -0.7474 -0.1877 -0.6373
vn -0.3768 0.0170 -0.9261
vn -0.5601 -0.0210 -0.8282
vn -0.1950 0.6875 -0.6995
vn -0.0792 0.4791 -0.8742
vn -0.2119 0.0541 -0.9758
vn -0.1854 -0.0175 -0.9825
vn -0.2520 0.1556 -0.9551
vn -0.2347 0.2422 -0.9414
vn -0.4312 0.0172 -0.9021
vn -0.2734 0.0791 -0.9586
vn -0.1961 0.2710 -0.9424
vn -0.1837 0.0853 -0.9793
vn -0.3354 0.1619 -0.9281
vn -0.3025 0.1047 -0.9474
vn -0.1868 -0.0134 -0.9823
vn -0.1824 0.1205 -0.9758
vn -0.1953 -0.0171 -0.9806
vn -0.1256 0.3292 -0.9359
vn -0.1299 0.3635 -0.9225
vn -0.1841 0.4075 -0.8944
vn -0.1840 0.4144 -0.8913
vn -0.1791 0.1951 -0.9643
vn -0.3049 0.2505 -0.9188
vn -0.2110 0.2958 -0.9317
vn -0.2756 0.2718 -0.9220
vn -0.1502 0.3240 -0.9341
vn -0.1642 0.4200 -0.8925
vn -0.1156 0.3556 -0.9275
vn -0.1272 0.2990 -0.9457
vn -0.1854 0.3545 -0.9165
vn -0.1591 0.3875 -0.9080
vn -0.2570 0.4335 -0.8637
vn -0.3296 0.3662 -0.8702
vn -0.3142 0.2837 -0.9060
vn -0.2414 0.3544 -0.9034
vn -0.2048 0.4316 -0.8785
vn -0.2070 0.3992 -0.8932
vn -0.0983 0.5383 -0.8370
vn -0.0546 0.5437 -0.8375
vn 0.1575 0.8792 -0.4496
vn 0.1201 0.8830 -0.4538
vn 0.0182 0.9134 -0.4067
vn 0.0527 0.9317 -0.3594
vn -0.2401 0.6035 -0.7604
vn -0.2186 0.5896 -0.7776
vn 0.0596 0.8935 -0.4450
vn -0.1567 0.5618 -0.8123
vn 0.4439 0.8829 0.1530
vn 0.3643 0.9303 0.0432
vn 0.3262 0.9405 0.0947
vn 0.3830 0.8921 0.2398
vn 0.2670 0.9408 0.2087
vn 0.1668 0.9833 0.0734
vn 0.2285 0.9732 0.0251
vn 0.2647 0.9596 0.0954
vn 0.1512 0.9881 -0.0273
vn 0.0756 0.9971 0.0045
vn 0.3287 0.9059 0.2670
vn 0.2898 0.9507 0.1102
vn 0.5050 0.7235 0.4706
vn 0.4125 0.8601 0.3000
vn 0.5086 0.8250 0.2463
vn 0.5796 0.6944 0.4264
vn 0.3072 0.8960 0.3207
vn 0.3811 0.7510 0.5392
vn 0.3449 0.7686 0.5388
vn 0.2204 0.9486 0.2270
vn 0.3220 0.6745 0.6643
vn 0.1146 0.9847 0.1309
vn 0.3966 0.4625 0.7930
vn 0.1975 0.9426 0.2691
vn 0.3861 0.2205 0.8957
vn 0.4079 0.2145 0.8875
vn 0.0345 -0.0317 0.9989
vn 0.0200 0.0058 0.9998
vn 0.6783 0.3943 0.6200
vn 0.6470 0.4386 0.6237
vn 0.5416 0.3586 0.7603
vn 0.5617 0.3192 0.7633
vn 0.8859 0.4638 0.0054
vn 0.8610 0.5042 0.0661
vn 0.8201 0.5296 0.2167
vn 0.8500 0.5011 0.1623
vn 0.6923 0.5843 0.4235
vn 0.6607 0.6277 0.4117
vn 0.6583 0.5954 0.4607
vn 0.7119 0.4815 0.5112
vn 0.7888 0.5343 0.3037
vn 0.8192 0.4231 0.3872
vn 0.5525 0.7069 0.4416
vn 0.5885 0.5921 0.5505
vn 0.6314 0.5835 0.5107
vn 0.6136 0.5435 0.5728
vn 0.2171 0.8759 0.4309
vn 0.4031 0.8109 0.4242
vn -0.0030 0.9890 -0.1478
vn -0.1127 0.9732 -0.2003
vn 0.4314 0.7479 0.5045
vn 0.4600 0.7260 0.5112
vn 0.3636 0.8526 0.3753
vn 0.1917 0.9110 0.3651
vn 0.1639 0.8850 0.4357
vn 0.4753 0.2094 0.8545
vn 0.5048 0.4773 0.7193
vn 0.4293 0.1244 0.8945
vn 0.5089 0.5855 0.6311
vn 0.0779 0.2253 0.9712
vn 0.1758 0.2522 0.9516
vn -0.1714 0.0240 0.9849
vn -0.1748 0.0282 0.9842
vn -0.0795 0.0522 0.9955
vn 0.2575 0.2832 0.9238
vn 0.3341 0.2630 0.9051
vn -0.0125 0.0527 0.9985
vn 0.5312 0.3362 0.7777
vn 0.5670 0.3239 0.7574
vn 0.6928 0.4150 0.5897
vn 0.6588 0.4368 0.6125
vn 0.3651 0.3810 0.8494
vn 0.3107 0.3476 0.8847
vn 0.3514 0.3963 0.8482
vn 0.4073 0.4028 0.8197
vn 0.2672 0.3334 0.9041
vn 0.4465 0.3635 0.8176
vn 0.4796 0.4568 0.7492
vn 0.7486 0.6273 0.2145
vn 0.8485 0.5232 0.0791
vn 0.7285 0.6239 0.2829
vn -0.1111 0.5797 0.8072
vn -0.5873 0.5814 0.5631
vn 0.4534 0.4351 0.7779
vn 0.3423 0.5371 0.7709
vn 0.4824 0.1118 0.8688
vn 0.6014 0.2594 0.7557
vn 0.0767 -0.3476 0.9345
vn -0.2635 -0.6996 0.6642
vn -0.4439 -0.8355 0.3238
vn -0.4541 -0.8780 0.1517
vn -0.3913 -0.8838 0.2565
vn -0.4609 -0.8207 0.3377
vn -0.5944 -0.7700 0.2320
vn -0.6864 -0.7271 0.0151
vn -0.6956 -0.6852 -0.2158
vn -0.6766 -0.6800 -0.2826
vn -0.6630 -0.6703 -0.3334
vn -0.6346 -0.6072 -0.4782
vn -0.6082 -0.5213 -0.5986
vn -0.5872 -0.4188 -0.6926
vn -0.5768 -0.3247 -0.7496
vn -0.5655 -0.2303 -0.7919
vn -0.5167 -0.1311 -0.8461
vn -0.4502 -0.0711 -0.8901
vn -0.3872 -0.0571 -0.9202
vn -0.3490 -0.0773 -0.9339
vn -0.3091 -0.0739 -0.9481
vn -0.1618 0.0313 -0.9863
vn 0.0270 0.1780 -0.9837
vn 0.1611 0.2785 -0.9468
vn 0.2735 0.3479 -0.8968
vn 0.4469 0.4638 -0.7649
vn 0.5886 0.5817 -0.5614
vn 0.5890 0.6376 -0.4966
vn 0.5386 0.6725 -0.5075
vn 0.5024 0.6915 -0.5191
vn 0.5032 0.7073 -0.4966
vn 0.5472 0.7392 -0.3926
vn 0.6030 0.7764 -0.1835
vn 0.6166 0.7862 0.0423
vn 0.6190 0.7349 0.2770
vn 0.6315 0.6417 0.4352
vn 0.6105 0.5330 0.5859
vn 0.5685 0.3669 0.7363
vn 0.4836 0.1584 0.8608
vn 0.4481 0.0280 0.8935
vn 0.4836 -0.0081 0.8752
vn 0.4956 -0.0372 0.8677
vn 0.5244 0.0358 0.8507
vn 0.5179 0.1707 0.8382
vn -0.1718 0.1417 0.9749
vn -0.1067 0.3431 0.9332
vn -0.3325 -0.0629 0.9410
vn 0.3442 0.7132 0.6107
vn 0.0907 0.8856 0.4555
vn -0.5347 0.3657 0.7618
vn -0.5564 0.7833 0.2771
vn 0.3595 0.6033 0.7119
vn -0.4430 -0.1488 0.8841
vn -0.9233 -0.1196 0.3649
vn -0.8474 -0.3301 0.4159
vn -0.9648 0.0472 0.2588
vn -0.0654 -0.2344 0.9699
vn -0.0383 -0.3890 0.9205
vn -0.0449 -0.3745 0.9261
vn -0.0529 -0.3949 0.9172
vn -0.3032 0.4499 0.8400
s 1
usemtl _17174_Tiamat_v1default.001
f 1//1 2//2 3//3 4//4
f 5//5 6//6 3//3 2//2
f 7//7 8//8 3//3 6//6
f 4//4 3//3 8//8 9//9
f 10//10 11//11 12//12 13//13
f 8//8 12//12 11//11 9//9
f 14//14 12//12 8//8 7//7
f 13//13 12//12 14//14 15//15
f 16//16 4//4 9//9 17//17
f 18//18 19//19 16//16 17//17
f 20//20 21//21 16//16 19//19
f 4//4 16//16 21//21 1//1
f 22//22 23//23 18//18 17//17
f 9//9 11//11 22//22 17//17
f 10//10 24//24 22//22 11//11
f 23//23 22//22 24//24 25//25
f 25//25 24//24 26//26 27//27
f 13//13 26//26 24//24 10//10
f 15//15 28//28 26//26 13//13
f 27//27 26//26 28//28 29//29
f 5//5 30//30 31//31 32//32
f 33//33 31//31 30//30 34//34
f 35//35 36//36 31//31 33//33
f 32//32 31//31 36//36 37//37
f 7//7 6//6 38//38 39//39
f 32//32 38//38 6//6 5//5
f 37//37 40//40 38//38 32//32
f 39//39 38//38 40//40 41//41
f 42//42 14//14 7//7
f 43//43 42//42 39//39 41//41
f 44//44 45//45 42//42 43//43
f 14//14 42//42 45//45 15//15
f 46//46 47//47 45//45 44//44
f 48//48 47//47 46//46 49//49
f 47//47 48//48 29//29
f 28//28 15//15 45//45
f 50//50 51//51 52//52 53//53
f 23//23 50//50 53//53 18//18
f 25//25 54//54 50//50 23//23
f 51//51 50//50 54//54 55//55
f 56//56 57//57 55//55
f 27//27 56//56 54//54 25//25
f 29//29 58//58 56//56 27//27
f 58//58 59//59 57//57
f 58//58 60//60 61//61 59//59
f 58//58 29//29 48//48
f 48//48 49//49 62//62
f 60//60 62//62 63//63
f 63//63 62//62 64//64 65//65
f 62//62 49//49 66//66
f 67//67 64//64 66//66 68//68
f 65//65 64//64 67//67 69//69
f 69//69 67//67 70//70 71//71
f 70//70 67//67 68//68 72//72
f 73//73 74//74 70//70 72//72
f 75//75 71//71 70//70 74//74
f 76//76 77//77 78//78 79//79
f 74//74 78//78 77//77 75//75
f 80//80 78//78 74//74 73//73
f 79//79 78//78 80//80 81//81
f 82//82 83//83 84//84 85//85
f 86//86 87//87 84//84 83//83
f 88//88 84//84 87//87 89//89
f 85//85 84//84 88//88 35//35
f 37//37 36//36 90//90 91//91
f 88//88 90//90 36//36 35//35
f 89//89 92//92 90//90 88//88
f 91//91 90//90 92//92 93//93
f 94//94 95//95 41//41
f 91//91 94//94 40//40 37//37
f 93//93 96//96 94//94 91//91
f 95//95 94//94 96//96 97//97
f 41//41 95//95 98//98 43//43
f 99//99 98//98 95//95 97//97
f 100//100 101//101 98//98 99//99
f 43//43 98//98 101//101 44//44
f 44//44 101//101 102//102 46//46
f 103//103 102//102 101//101 100//100
f 102//102 103//103 104//104 105//105
f 46//46 102//102 105//105 49//49
f 68//68 66//66 106//106 107//107
f 105//105 106//106 66//66 49//49
f 104//104 108//108 106//106 105//105
f 107//107 106//106 108//108 109//109
f 72//72 110//110 111//111 73//73
f 107//107 110//110 72//72 68//68
f 109//109 112//112 110//110 107//107
f 111//111 110//110 112//112 113//113
f 73//73 111//111 114//114 80//80
f 113//113 115//115 114//114 111//111
f 116//116 114//114 115//115 117//117
f 81//81 80//80 114//114 116//116
f 86//86 118//118 119//119 87//87
f 120//120 119//119 118//118 121//121
f 122//122 123//123 119//119 120//120
f 87//87 119//119 123//123 89//89
f 123//123 124//124 92//92 89//89
f 125//125 124//124 123//123 122//122
f 126//126 127//127 124//124 125//125
f 93//93 92//92 124//124 127//127
f 128//128 129//129 130//130 131//131
f 97//97 96//96 130//130 129//129
f 127//127 130//130 96//96 93//93
f 131//131 130//130 127//127 126//126
f 131//131 132//132 133//133 128//128
f 134//134 132//132 131//131 126//126
f 132//132 134//134 135//135
f 97//97 129//129 136//136 99//99
f 137//137 136//136 129//129 128//128
f 138//138 139//139 136//136 137//137
f 99//99 136//136 139//139 100//100
f 104//104 103//103 140//140 141//141
f 140//140 103//103 100//100 139//139
f 142//142 140//140 139//139 138//138
f 143//143 141//141 140//140 142//142
f 109//109 108//108 144//144 145//145
f 141//141 144//144 108//108 104//104
f 146//146 144//144 141//141 143//143
f 147//147 145//145 144//144 146//146
f 148//148 149//149 150//150 151//151
f 113//113 112//112 150//150 149//149
f 145//145 150//150 112//112 109//109
f 151//151 150//150 145//145 147//147
f 152//152 153//153 154//154 155//155
f 153//153 55//55 57//57
f 59//59 156//156 154//154 57//57
f 155//155 154//154 156//156 157//157
f 158//158 159//159 160//160 161//161
f 155//155 160//160 159//159 152//152
f 157//157 162//162 160//160 155//155
f 161//161 160//160 162//162 163//163
f 157//157 156//156 164//164 165//165
f 61//61 164//164 156//156 59//59
f 63//63 166//166 164//164 61//61
f 165//165 164//164 166//166 167//167
f 163//163 162//162 168//168 169//169
f 165//165 168//168 162//162 157//157
f 167//167 170//170 168//168 165//165
f 169//169 168//168 170//170 171//171
f 172//172 173//173 174//174 175//175
f 169//169 174//174 173//173 163//163
f 171//171 176//176 174//174 169//169
f 175//175 174//174 176//176 177//177
f 167//167 166//166 178//178 179//179
f 65//65 178//178 166//166 63//63
f 69//69 180//180 178//178 65//65
f 179//179 178//178 180//180 181//181
f 182//182 183//183 184//184 185//185
f 186//186 184//184 183//183 187//187
f 177//177 176//176 184//184 186//186
f 185//185 184//184 176//176 171//171
f 171//171 170//170 188//188 185//185
f 179//179 188//188 170//170 167//167
f 181//181 189//189 188//188 179//179
f 185//185 188//188 189//189 182//182
f 190//190 191//191 181//181
f 71//71 190//190 180//180 69//69
f 75//75 192//192 190//190 71//71
f 192//192 193//193 191//191
f 194//194 195//195 193//193
f 77//77 194//194 192//192 75//75
f 76//76 196//196 194//194 77//77
f 195//195 194//194 196//196 197//197
f 182//182 189//189 198//198 199//199
f 191//191 198//198 189//189 181//181
f 193//193 200//200 198//198 191//191
f 199//199 198//198 200//200 201//201
f 187//187 183//183 202//202 203//203
f 199//199 202//202 183//183 182//182
f 201//201 204//204 202//202 199//199
f 203//203 202//202 204//204 205//205
f 201//201 200//200 206//206 207//207
f 195//195 206//206 200//200 193//193
f 197//197 208//208 206//206 195//195
f 207//207 206//206 208//208 209//209
f 205//205 204//204 210//210 211//211
f 207//207 210//210 204//204 201//201
f 209//209 212//212 210//210 207//207
f 211//211 210//210 212//212 213//213
f 209//209 208//208 214//214 215//215
f 216//216 214//214 208//208 197//197
f 217//217 218//218 214//214 216//216
f 215//215 214//214 218//218 219//219
f 213//213 212//212 220//220 221//221
f 215//215 220//220 212//212 209//209
f 219//219 222//222 220//220 215//215
f 221//221 220//220 222//222 223//223
f 223//223 222//222 224//224 225//225
f 226//226 224//224 222//222 219//219
f 227//227 228//228 224//224 226//226
f 225//225 224//224 228//228 229//229
f 230//230 231//231 232//232 233//233
f 234//234 232//232 231//231 235//235
f 229//229 228//228 232//232 234//234
f 233//233 232//232 228//228 227//227
f 235//235 231//231 236//236 237//237
f 238//238 236//236 231//231 230//230
f 239//239 240//240 236//236 238//238
f 237//237 236//236 240//240 241//241
f 135//135 242//242 243//243 133//133
f 244//244 243//243 242//242 245//245
f 246//246 247//247 243//243 244//244
f 133//133 243//243 247//247 128//128
f 247//247 248//248 137//137 128//128
f 249//249 248//248 247//247 246//246
f 250//250 251//251 248//248 249//249
f 137//137 248//248 251//251 138//138
f 138//138 251//251 252//252 142//142
f 253//253 252//252 251//251 250//250
f 254//254 255//255 252//252 253//253
f 142//142 252//252 255//255 143//143
f 143//143 255//255 256//256 146//146
f 257//257 256//256 255//255 254//254
f 258//258 259//259 256//256 257//257
f 146//146 256//256 259//259 147//147
f 254//254 260//260 261//261 257//257
f 262//262 261//261 260//260 263//263
f 264//264 265//265 261//261 262//262
f 257//257 261//261 265//265 258//258
f 266//266 267//267 268//268 269//269
f 175//175 268//268 267//267 172//172
f 177//177 270//270 268//268 175//175
f 269//269 268//268 270//270 271//271
f 271//271 270//270 272//272 273//273
f 186//186 272//272 270//270 177//177
f 187//187 274//274 272//272 186//186
f 273//273 272//272 274//274 275//275
f 275//275 274//274 276//276 277//277
f 203//203 276//276 274//274 187//187
f 205//205 278//278 276//276 203//203
f 277//277 276//276 278//278 279//279
f 279//279 278//278 280//280 281//281
f 211//211 280//280 278//278 205//205
f 213//213 282//282 280//280 211//211
f 281//281 280//280 282//282 283//283
f 283//283 282//282 284//284 285//285
f 221//221 284//284 282//282 213//213
f 223//223 286//286 284//284 221//221
f 285//285 284//284 286//286 287//287
f 287//287 286//286 288//288 289//289
f 225//225 288//288 286//286 223//223
f 229//229 290//290 288//288 225//225
f 289//289 288//288 290//290 291//291
f 291//291 290//290 292//292 293//293
f 234//234 292//292 290//290 229//229
f 235//235 294//294 292//292 234//234
f 293//293 292//292 294//294 295//295
f 295//295 294//294 296//296 297//297
f 237//237 296//296 294//294 235//235
f 241//241 298//298 296//296 237//237
f 297//297 296//296 298//298 299//299
f 300//300 301//301 302//302 303//303
f 304//304 302//302 301//301 305//305
f 266//266 306//306 302//302 304//304
f 303//303 302//302 306//306 307//307
f 307//307 306//306 308//308 309//309
f 269//269 308//308 306//306 266//266
f 271//271 310//310 308//308 269//269
f 309//309 308//308 310//310 311//311
f 311//311 310//310 312//312 313//313
f 273//273 312//312 310//310 271//271
f 275//275 314//314 312//312 273//273
f 313//313 312//312 314//314 315//315
f 315//315 314//314 316//316 317//317
f 277//277 316//316 314//314 275//275
f 279//279 318//318 316//316 277//277
f 317//317 316//316 318//318 319//319
f 319//319 318//318 320//320 321//321
f 281//281 320//320 318//318 279//279
f 283//283 322//322 320//320 281//281
f 321//321 320//320 322//322 323//323
f 323//323 322//322 324//324 325//325
f 285//285 324//324 322//322 283//283
f 287//287 326//326 324//324 285//285
f 325//325 324//324 326//326 327//327
f 327//327 326//326 328//328 329//329
f 289//289 328//328 326//326 287//287
f 291//291 330//330 328//328 289//289
f 329//329 328//328 330//330 331//331
f 331//331 330//330 332//332 333//333
f 293//293 332//332 330//330 291//291
f 295//295 334//334 332//332 293//293
f 333//333 332//332 334//334 335//335
f 336//336 337//337 338//338 339//339
f 340//340 338//338 337//337 341//341
f 300//300 342//342 338//338 340//340
f 339//339 338//338 342//342 343//343
f 343//343 342//342 344//344 345//345
f 303//303 344//344 342//342 300//300
f 307//307 346//346 344//344 303//303
f 345//345 344//344 346//346 347//347
f 347//347 346//346 348//348 349//349
f 309//309 348//348 346//346 307//307
f 311//311 350//350 348//348 309//309
f 349//349 348//348 350//350 351//351
f 351//351 350//350 352//352 353//353
f 313//313 352//352 350//350 311//311
f 315//315 354//354 352//352 313//313
f 353//353 352//352 354//354 355//355
f 355//355 354//354 356//356 357//357
f 317//317 356//356 354//354 315//315
f 319//319 358//358 356//356 317//317
f 357//357 356//356 358//358 359//359
f 359//359 358//358 360//360 361//361
f 321//321 360//360 358//358 319//319
f 323//323 362//362 360//360 321//321
f 361//361 360//360 362//362 363//363
f 363//363 362//362 364//364 365//365
f 325//325 364//364 362//362 323//323
f 327//327 366//366 364//364 325//325
f 365//365 364//364 366//366 367//367
f 367//367 366//366 368//368 369//369
f 329//329 368//368 366//366 327//327
f 331//331 370//370 368//368 329//329
f 369//369 368//368 370//370 371//371
f 371//371 370//370 372//372 373//373
f 333//333 372//372 370//370 331//331
f 335//335 374//374 372//372 333//333
f 373//373 372//372 374//374 375//375
f 376//376 377//377 378//378 379//379
f 85//85 377//377 376//376 82//82
f 35//35 380//380 377//377 85//85
f 378//378 377//377 380//380 381//381
f 382//382 383//383 34//34
f 30//30 5//5 2//2
f 1//1 384//384 382//382 2//2
f 383//383 382//382 384//384 385//385
f 1//1 21//21 386//386 384//384
f 21//21 20//20 387//387
f 388//388 389//389 386//386 387//387
f 384//384 386//386 389//389 385//385
f 388//388 390//390 391//391 389//389
f 392//392 391//391 390//390 393//393
f 394//394 395//395 391//391 392//392
f 395//395 385//385 389//389
f 381//381 380//380 396//396 397//397
f 33//33 396//396 380//380 35//35
f 34//34 383//383 396//396 33//33
f 397//397 396//396 383//383 385//385
f 398//398 395//395 394//394
f 399//399 381//381 397//397
f 397//397 385//385 395//395
f 400//400 401//401 402//402 403//403
f 404//404 402//402 401//401 405//405
f 406//406 407//407 402//402 404//404
f 403//403 402//402 407//407 408//408
f 408//408 407//407 409//409 410//410
f 411//411 409//409 407//407 406//406
f 412//412 413//413 409//409 411//411
f 410//410 409//409 413//413 414//414
f 414//414 413//413 415//415 416//416
f 417//417 415//415 413//413 412//412
f 418//418 419//419 415//415 417//417
f 416//416 415//415 419//419 420//420
f 420//420 419//419 421//421 422//422
f 423//423 421//421 419//419 418//418
f 424//424 425//425 421//421 423//423
f 422//422 421//421 425//425 426//426
f 427//427 428//428 429//429 430//430
f 431//431 429//429 428//428 426//426
f 432//432 433//433 429//429 431//431
f 430//430 429//429 433//433 434//434
f 435//435 436//436 437//437 438//438
f 436//436 432//432 431//431
f 426//426 425//425 437//437 431//431
f 438//438 437//437 425//425 424//424
f 439//439 440//440 441//441 442//442
f 376//376 441//441 440//440 82//82
f 379//379 443//443 441//441 376//376
f 442//442 441//441 443//443 444//444
f 445//445 446//446 447//447 448//448
f 83//83 447//447 446//446 86//86
f 82//82 440//440 447//447 83//83
f 448//448 447//447 440//440 439//439
f 121//121 449//449 450//450 120//120
f 451//451 450//450 449//449 452//452
f 453//453 454//454 450//450 451//451
f 120//120 450//450 454//454 122//122
f 122//122 454//454 455//455 125//125
f 456//456 455//455 454//454 453//453
f 457//457 455//455 456//456 458//458
f 125//125 455//455 457//457 126//126
f 245//245 242//242 459//459 460//460
f 134//134 459//459 242//242 135//135
f 126//126 457//457 459//459 134//134
f 460//460 459//459 457//457 458//458
f 121//121 118//118 461//461 462//462
f 446//446 461//461 118//118 86//86
f 445//445 463//463 461//461 446//446
f 463//463 464//464 462//462
f 465//465 466//466 467//467
f 442//442 465//465 468//468 439//439
f 444//444 469//469 465//465 442//442
f 466//466 465//465 469//469 470//470
f 464//464 463//463 471//471 472//472
f 448//448 471//471 463//463 445//445
f 439//439 468//468 471//471 448//448
f 468//468 467//467 472//472
f 452//452 449//449 473//473 474//474
f 462//462 473//473 449//449 121//121
f 462//462 464//464 474//474
f 452//452 475//475 476//476 451//451
f 477//477 476//476 475//475 478//478
f 479//479 480//480 476//476 477//477
f 451//451 476//476 480//480 453//453
f 464//464 481//481 482//482 474//474
f 483//483 482//482 481//481 484//484
f 478//478 475//475 482//482 483//483
f 474//474 482//482 475//475 452//452
f 485//485 486//486 484//484
f 481//481 464//464 472//472
f 485//485 472//472 467//467
f 487//487 488//488 486//486
f 489//489 490//490 488//488
f 467//467 491//491 489//489 487//487
f 490//490 489//489 491//491 492//492
f 493//493 494//494 492//492
f 466//466 493//493 491//491 467//467
f 470//470 495//495 493//493 466//466
f 495//495 496//496 494//494
f 497//497 498//498 499//499 500//500
f 490//490 499//499 498//498 488//488
f 492//492 501//501 499//499 490//490
f 501//501 502//502 500//500
f 503//503 504//504 505//505 506//506
f 486//486 505//505 504//504 484//484
f 488//488 498//498 505//505 486//486
f 506//506 505//505 498//498 497//497
f 507//507 508//508 509//509 510//510
f 483//483 509//509 508//508 478//478
f 484//484 504//504 509//509 483//483
f 510//510 509//509 504//504 503//503
f 511//511 512//512 513//513 514//514
f 479//479 477//477 512//512 511//511
f 478//478 508//508 512//512 477//477
f 513//513 512//512 508//508 507//507
f 515//515 516//516 517//517 518//518
f 495//495 517//517 516//516 496//496
f 519//519 517//517 495//495 470//470
f 518//518 517//517 519//519 520//520
f 405//405 521//521 522//522 404//404
f 523//523 522//522 521//521 524//524
f 525//525 526//526 522//522 523//523
f 404//404 522//522 526//526 406//406
f 527//527 528//528 529//529 530//530
f 518//518 529//529 528//528 515//515
f 520//520 531//531 529//529 518//518
f 530//530 529//529 531//531 532//532
f 524//524 533//533 534//534 523//523
f 530//530 534//534 533//533 527//527
f 532//532 535//535 534//534 530//530
f 523//523 534//534 535//535 525//525
f 470//470 469//469 536//536 519//519
f 537//537 536//536 469//469 444//444
f 538//538 539//539 536//536 537//537
f 519//519 536//536 539//539 520//520
f 406//406 526//526 540//540 411//411
f 541//541 540//540 526//526 525//525
f 542//542 543//543 540//540 541//541
f 411//411 540//540 543//543 412//412
f 520//520 539//539 544//544 531//531
f 545//545 544//544 539//539 538//538
f 546//546 547//547 544//544 545//545
f 531//531 544//544 547//547 532//532
f 542//542 541//541 548//548 549//549
f 535//535 548//548 541//541 525//525
f 532//532 547//547 548//548 535//535
f 549//549 548//548 547//547 546//546
f 444//444 443//443 550//550 537//537
f 551//551 550//550 443//443 379//379
f 550//550 551//551 552//552
f 553//553 538//538 537//537
f 412//412 543//543 554//554 417//417
f 555//555 554//554 543//543 542//542
f 556//556 557//557 554//554 555//555
f 417//417 554//554 557//557 418//418
f 558//558 545//545 538//538
f 553//553 552//552 559//559
f 560//560 561//561 558//558 559//559
f 545//545 558//558 561//561 546//546
f 556//556 555//555 562//562 563//563
f 549//549 562//562 555//555 542//542
f 546//546 561//561 562//562 549//549
f 563//563 562//562 561//561 560//560
f 556//556 564//564 565//565 557//557
f 566//566 565//565 564//564 567//567
f 423//423 565//565 566//566 424//424
f 418//418 557//557 565//565 423//423
f 379//379 378//378 568//568 551//551
f 569//569 568//568 378//378 381//381
f 568//568 569//569 570//570
f 571//571 552//552 551//551
f 552//552 571//571 572//572 559//559
f 573//573 572//572 571//571 570//570
f 574//574 575//575 572//572 573//573
f 559//559 572//572 575//575 560//560
f 567//567 564//564 576//576 577//577
f 563//563 576//576 564//564 556//556
f 560//560 575//575 576//576 563//563
f 577//577 576//576 575//575 574//574
f 438//438 578//578 579//579 435//435
f 424//424 566//566 578//578 438//438
f 567//567 580//580 578//578 566//566
f 579//579 578//578 580//580 581//581
f 582//582 583//583 584//584
f 569//569 582//582 585//585 570//570
f 582//582 569//569 381//381
f 583//583 582//582 399//399 394//394
f 581//581 580//580 586//586 587//587
f 577//577 586//586 580//580 567//567
f 586//586 577//577 574//574
f 587//587 586//586 588//588 589//589
f 589//589 588//588 590//590 591//591
f 573//573 590//590 588//588 574//574
f 570//570 585//585 590//590 573//573
f 591//591 590//590 585//585 584//584
f 305//305 301//301 592//592 593//593
f 340//340 592//592 301//301 300//300
f 341//341 594//594 592//592 340//340
f 593//593 592//592 594//594 595//595
f 596//596 597//597 598//598
f 51//51 596//596 599//599 52//52
f 596//596 51//51 55//55
f 597//597 596//596 153//153 152//152
f 593//593 600//600 601//601 305//305
f 595//595 602//602 600//600 593//593
f 603//603 600//600 602//602 604//604
f 605//605 601//601 600//600 603//603
f 606//606 607//607 173//173 172//172
f 608//608 607//607 606//606 605//605
f 158//158 161//161 607//607 608//608
f 163//163 173//173 607//607 161//161
f 605//605 609//609 610//610 608//608
f 597//597 610//610 609//609 598//598
f 152//152 159//159 610//610 597//597
f 608//608 610//610 159//159 158//158
f 604//604 611//611 612//612 603//603
f 598//598 609//609 612//612 611//611
f 603//603 612//612 609//609 605//605
f 172//172 267//267 613//613 606//606
f 304//304 613//613 267//267 266//266
f 305//305 601//601 613//613 304//304
f 606//606 613//613 601//601 605//605
f 453//453 480//480 614//614 456//456
f 480//480 479//479 615//615
f 616//616 617//617 614//614 615//615
f 456//456 614//614 617//617 458//458
f 615//615 618//618 619//619 616//616
f 511//511 618//618 615//615 479//479
f 514//514 620//620 618//618 511//511
f 621//621 619//619 618//618 620//620
f 622//622 621//621 620//620
f 623//623 624//624 620//620 514//514
f 623//623 625//625 622//622
f 507//507 626//626 627//627 513//513
f 626//626 628//628 629//629
f 627//627 629//629 625//625
f 514//514 513//513 627//627 623//623
f 503//503 630//630 631//631 510//510
f 632//632 631//631 630//630 633//633
f 628//628 626//626 631//631 632//632
f 510//510 631//631 626//626 507//507
f 633//633 630//630 634//634 635//635
f 506//506 634//634 630//630 503//503
f 497//497 636//636 634//634 506//506
f 635//635 634//634 636//636 637//637
f 637//637 636//636 638//638 639//639
f 500//500 638//638 636//636 497//497
f 502//502 640//640 638//638 500//500
f 639//639 638//638 640//640 641//641
f 642//642 643//643 644//644 645//645
f 639//639 643//643 642//642 637//637
f 641//641 644//644 643//643 639//639
f 646//646 647//647 648//648 649//649
f 635//635 648//648 647//647 633//633
f 637//637 642//642 648//648 635//635
f 649//649 648//648 642//642 645//645
f 650//650 651//651 652//652 653//653
f 632//632 652//652 651//651 628//628
f 633//633 647//647 652//652 632//632
f 653//653 652//652 647//647 646//646
f 629//629 654//654 655//655 625//625
f 628//628 651//651 654//654 629//629
f 650//650 656//656 654//654 651//651
f 655//655 654//654 656//656 657//657
f 658//658 659//659 660//660
f 621//621 622//622 661//661 660//660
f 625//625 655//655 661//661 622//622
f 657//657 658//658 661//661 655//655
f 616//616 619//619 662//662 663//663
f 660//660 662//662 619//619 621//621
f 662//662 660//660 659//659
f 664//664 665//665 663//663
f 663//663 666//666 617//617 616//616
f 665//665 667//667 666//666 663//663
f 666//666 667//667 668//668
f 617//617 666//666 669//669 458//458
f 670//670 460//460 458//458
f 669//669 668//668 671//671
f 672//672 673//673 670//670 671//671
f 673//673 245//245 460//460
f 245//245 673//673 674//674 244//244
f 675//675 674//674 673//673 672//672
f 676//676 677//677 674//674 675//675
f 244//244 674//674 677//677 246//246
f 246//246 677//677 678//678 249//249
f 679//679 678//678 677//677 676//676
f 678//678 679//679 680//680
f 249//249 678//678 681//681 250//250
f 263//263 260//260 682//682 683//683
f 253//253 682//682 260//260 254//254
f 250//250 681//681 682//682 253//253
f 683//683 682//682 681//681 680//680
f 684//684 685//685 686//686
f 687//687 688//688 686//686 689//689
f 690//690 684//684 688//688 687//687
f 680//680 691//691 692//692 683//683
f 693//693 692//692 691//691 685//685
f 694//694 695//695 692//692 693//693
f 683//683 692//692 695//695 263//263
f 263//263 695//695 696//696 262//262
f 697//697 696//696 695//695 694//694
f 698//698 699//699 696//696 697//697
f 262//262 696//696 699//699 264//264
f 264//264 699//699 700//700 701//701
f 702//702 700//700 699//699 698//698
f 703//703 704//704 700//700 702//702
f 701//701 700//700 704//704 705//705
f 706//706 707//707 705//705
f 706//706 704//704 703//703
f 708//708 706//706 709//709 710//710
f 706//706 708//708 711//711 707//707
f 147//147 259//259 712//712 151//151
f 713//713 712//712 259//259 258//258
f 714//714 715//715 712//712 713//713
f 151//151 712//712 715//715 148//148
f 258//258 265//265 716//716 713//713
f 265//265 264//264 701//701
f 716//716 701//701 705//705
f 713//713 716//716 717//717 714//714
f 714//714 717//717 718//718 719//719
f 707//707 718//718 717//717 705//705
f 711//711 720//720 718//718 707//707
f 719//719 718//718 720//720 721//721
f 722//722 115//115 113//113 149//149
f 723//723 722//722 149//149 148//148
f 724//724 725//725 722//722 723//723
f 117//117 115//115 722//722 725//725
f 148//148 715//715 726//726 723//723
f 719//719 726//726 715//715 714//714
f 721//721 727//727 726//726 719//719
f 723//723 726//726 727//727 724//724
f 721//721 728//728 729//729 727//727
f 730//730 731//731 729//729 728//728
f 724//724 727//727 729//729 731//731
f 711//711 732//732 733//733 720//720
f 734//734 733//733 732//732 735//735
f 730//730 728//728 733//733 734//734
f 720//720 733//733 728//728 721//721
f 736//736 693//693 685//685
f 684//684 690//690 737//737
f 738//738 739//739 736//736 737//737
f 693//693 736//736 739//739 694//694
f 740//740 741//741 742//742 743//743
f 744//744 742//742 741//741 745//745
f 746//746 747//747 742//742 744//744
f 743//743 742//742 747//747 690//690
f 738//738 737//737 748//748 749//749
f 737//737 690//690 747//747
f 749//749 748//748 747//747 746//746
f 694//694 739//739 750//750 697//697
f 751//751 750//750 739//739 738//738
f 752//752 753//753 750//750 751//751
f 697//697 750//750 753//753 698//698
f 752//752 751//751 754//754 755//755
f 754//754 751//751 738//738 749//749
f 746//746 756//756 754//754 749//749
f 755//755 754//754 756//756 757//757
f 757//757 756//756 758//758 759//759
f 744//744 758//758 756//756 746//746
f 745//745 760//760 758//758 744//744
f 759//759 758//758 760//760 761//761
f 762//762 702//702 698//698
f 763//763 762//762 753//753 752//752
f 764//764 762//762 763//763 765//765
f 703//703 702//702 762//762 764//764
f 765//765 763//763 766//766 767//767
f 755//755 766//766 763//763 752//752
f 757//757 768//768 766//766 755//755
f 767//767 766//766 768//768 769//769
f 769//769 768//768 770//770 771//771
f 759//759 770//770 768//768 757//757
f 761//761 772//772 770//770 759//759
f 771//771 770//770 772//772 773//773
f 774//774 775//775 741//741 740//740
f 776//776 775//775 774//774 777//777
f 778//778 779//779 775//775 776//776
f 745//745 741//741 775//775 779//779
f 779//779 780//780 760//760 745//745
f 781//781 780//780 779//779 778//778
f 782//782 783//783 780//780 781//781
f 760//760 780//780 783//783 761//761
f 761//761 783//783 784//784 772//772
f 785//785 784//784 783//783 782//782
f 786//786 787//787 784//784 785//785
f 772//772 784//784 787//787 773//773
f 773//773 787//787 788//788 789//789
f 790//790 788//788 787//787 786//786
f 791//791 792//792 788//788 790//790
f 789//789 788//788 792//792 793//793
f 786//786 794//794 795//795 790//790
f 796//796 795//795 794//794 797//797
f 798//798 799//799 795//795 796//796
f 790//790 795//795 799//799 791//791
f 800//800 689//689 801//801
f 801//801 802//802 803//803
f 804//804 800//800 805//805 803//803
f 689//689 800//800 806//806 687//687
f 807//807 806//806 800//800 804//804
f 808//808 809//809 806//806 807//807
f 687//687 806//806 809//809 690//690
f 777//777 774//774 810//810 811//811
f 743//743 810//810 774//774 740//740
f 690//690 809//809 810//810 743//743
f 811//811 810//810 809//809 808//808
f 811//811 812//812 813//813 777//777
f 814//814 812//812 811//811 808//808
f 815//815 813//813 812//812 814//814
f 777//777 813//813 816//816 776//776
f 817//817 816//816 813//813 815//815
f 818//818 819//819 816//816 817//817
f 776//776 816//816 819//819 778//778
f 778//778 819//819 820//820 781//781
f 821//821 820//820 819//819 818//818
f 822//822 823//823 820//820 821//821
f 781//781 820//820 823//823 782//782
f 797//797 794//794 824//824 825//825
f 785//785 824//824 794//794 786//786
f 782//782 823//823 824//824 785//785
f 825//825 824//824 823//823 822//822
f 802//802 826//826 827//827 803//803
f 828//828 827//827 826//826 829//829
f 830//830 831//831 827//827 828//828
f 803//803 827//827 831//831 804//804
f 804//804 831//831 832//832 807//807
f 833//833 832//832 831//831 830//830
f 834//834 835//835 832//832 833//833
f 807//807 832//832 835//835 808//808
f 836//836 837//837 838//838 839//839
f 840//840 836//836 839//839 841//841
f 840//840 834//834 833//833
f 830//830 837//837 836//836 833//833
f 808//808 835//835 842//842 814//814
f 843//843 842//842 835//835 834//834
f 844//844 845//845 842//842 843//843
f 814//814 842//842 845//845 815//815
f 843//843 846//846 847//847 844//844
f 834//834 840//840 846//846 843//843
f 841//841 848//848 846//846 840//840
f 847//847 846//846 848//848 849//849
f 815//815 845//845 850//850 817//817
f 851//851 850//850 845//845 844//844
f 852//852 853//853 850//850 851//851
f 817//817 850//850 853//853 818//818
f 854//854 855//855 856//856 857//857
f 851//851 856//856 855//855 852//852
f 844//844 847//847 856//856 851//851
f 857//857 856//856 847//847 849//849
f 818//818 853//853 858//858 821//821
f 859//859 858//858 853//853 852//852
f 858//858 859//859 860//860 861//861
f 821//821 858//858 861//861 822//822
f 862//862 863//863 864//864 865//865
f 859//859 864//864 863//863 860//860
f 852//852 855//855 864//864 859//859
f 855//855 854//854 865//865
f 866//866 867//867 868//868 869//869
f 870//870 868//868 867//867 871//871
f 872//872 873//873 868//868 870//870
f 869//869 868//868 873//873 874//874
f 875//875 876//876 877//877 878//878
f 879//879 877//877 876//876 880//880
f 881//881 882//882 877//877 879//879
f 878//878 877//877 882//882 883//883
f 884//884 885//885 886//886 887//887
f 878//878 886//886 885//885 875//875
f 883//883 888//888 886//886 878//878
f 887//887 886//886 888//888 889//889
f 889//889 890//890 891//891 887//887
f 869//869 891//891 890//890 866//866
f 874//874 892//892 891//891 869//869
f 887//887 891//891 892//892 884//884
f 880//880 876//876 893//893 894//894
f 895//895 893//893 876//876 875//875
f 896//896 897//897 893//893 895//895
f 894//894 893//893 897//897 898//898
f 899//899 900//900 901//901 902//902
f 895//895 901//901 900//900 896//896
f 875//875 885//885 901//901 895//895
f 902//902 901//901 885//885 884//884
f 884//884 892//892 903//903 902//902
f 892//892 874//874 904//904
f 905//905 906//906 903//903 904//904
f 902//902 903//903 906//906 899//899
f 898//898 897//897 907//907 908//908
f 909//909 907//907 897//897 896//896
f 910//910 911//911 907//907 909//909
f 908//908 907//907 911//911 912//912
f 829//829 826//826 913//913 914//914
f 915//915 913//913 826//826 802//802
f 916//916 917//917 913//913 915//915
f 914//914 913//913 917//917 918//918
f 912//912 911//911 919//919 920//920
f 921//921 919//919 911//911 910//910
f 922//922 923//923 919//919 921//921
f 920//920 919//919 923//923 924//924
f 925//925 926//926 927//927 928//928
f 909//909 927//927 926//926 910//910
f 896//896 900//900 927//927 909//909
f 928//928 927//927 900//900 899//899
f 922//922 921//921 929//929 930//930
f 910//910 926//926 929//929 921//921
f 929//929 926//926 925//925
f 899//899 906//906 931//931 928//928
f 932//932 931//931 906//906 905//905
f 931//931 932//932 933//933
f 928//928 931//931 934//934 925//925
f 935//935 930//930 925//925
f 934//934 933//933 936//936
f 937//937 938//938 935//935 936//936
f 938//938 922//922 930//930
f 918//918 917//917 939//939 940//940
f 941//941 939//939 917//917 916//916
f 924//924 923//923 939//939 941//941
f 940//940 939//939 923//923 922//922
f 874//874 873//873 942//942 904//904
f 943//943 942//942 873//873 872//872
f 944//944 945//945 942//942 943//943
f 904//904 942//942 945//945 905//905
f 905//905 945//945 946//946 932//932
f 947//947 946//946 945//945 944//944
f 948//948 949//949 946//946 947//947
f 932//932 946//946 949//949 933//933
f 948//948 947//947 950//950 951//951
f 947//947 944//944 952//952
f 950//950 952//952 953//953
f 951//951 950//950 954//954 955//955
f 956//956 957//957 958//958 959//959
f 940//940 958//958 957//957 918//918
f 922//922 938//938 958//958 940//940
f 959//959 958//958 938//938 937//937
f 937//937 936//936 960//960 959//959
f 949//949 960//960 936//936 933//933
f 948//948 961//961 960//960 949//949
f 959//959 960//960 961//961 956//956
f 829//829 962//962 963//963 828//828
f 964//964 963//963 962//962 965//965
f 838//838 837//837 963//963 964//964
f 828//828 963//963 837//837 830//830
f 966//966 967//967 968//968 969//969
f 967//967 956//956 961//961
f 951//951 968//968 961//961 948//948
f 951//951 955//955 969//969
f 965//965 962//962 970//970 971//971
f 962//962 829//829 914//914
f 970//970 914//914 918//918
f 971//971 970//970 957//957 956//956
f 971//971 972//972 973//973 965//965
f 956//956 967//967 972//972 971//971
f 966//966 973//973 972//972 967//967
f 974//974 975//975 976//976 977//977
f 339//339 976//976 975//975 336//336
f 343//343 978//978 976//976 339//339
f 977//977 976//976 978//978 979//979
f 979//979 978//978 980//980 981//981
f 345//345 980//980 978//978 343//343
f 347//347 982//982 980//980 345//345
f 981//981 980//980 982//982 983//983
f 984//984 985//985 986//986 987//987
f 982//982 986//986 985//985 983//983
f 349//349 986//986 982//982 347//347
f 351//351 987//987 986//986 349//349
f 984//984 987//987 988//988 989//989
f 353//353 988//988 987//987 351//351
f 355//355 990//990 988//988 353//353
f 989//989 988//988 990//990 991//991
f 991//991 990//990 992//992 993//993
f 357//357 992//992 990//990 355//355
f 359//359 994//994 992//992 357//357
f 993//993 992//992 994//994 995//995
f 995//995 994//994 996//996 997//997
f 361//361 996//996 994//994 359//359
f 363//363 998//998 996//996 361//361
f 997//997 996//996 998//998 999//999
f 999//999 998//998 1000//1000 1001//1001
f 365//365 1000//1000 998//998 363//363
f 367//367 1002//1002 1000//1000 365//365
f 1001//1001 1000//1000 1002//1002 1003//1003
f 1003//1003 1002//1002 1004//1004 1005//1005
f 369//369 1004//1004 1002//1002 367//367
f 371//371 1006//1006 1004//1004 369//369
f 1005//1005 1004//1004 1006//1006 1007//1007
f 1008//1008 1009//1009 1010//1010 1011//1011
f 1006//1006 1010//1010 1009//1009 1007//1007
f 373//373 1010//1010 1006//1006 371//371
f 375//375 1011//1011 1010//1010 373//373
f 1012//1012 1013//1013 1014//1014 1015//1015
f 1009//1009 1013//1013 1012//1012 1007//1007
f 1016//1016 1013//1013 1009//1009 1008//1008
f 1017//1017 1014//1014 1013//1013 1016//1016
f 1018//1018 1019//1019 1020//1020 1021//1021
f 1022//1022 1020//1020 1019//1019 1023//1023
f 974//974 977//977 1020//1020 1022//1022
f 1021//1021 1020//1020 977//977 979//979
f 1024//1024 1025//1025 1026//1026 1027//1027
f 1021//1021 1026//1026 1025//1025 1018//1018
f 979//979 981//981 1026//1026 1021//1021
f 1027//1027 1026//1026 981//981 983//983
f 1028//1028 1029//1029 1030//1030 1031//1031
f 1027//1027 1030//1030 1029//1029 1024//1024
f 983//983 985//985 1030//1030 1027//1027
f 1031//1031 1030//1030 985//985 984//984
f 1032//1032 1033//1033 1034//1034 1035//1035
f 1031//1031 1034//1034 1033//1033 1028//1028
f 984//984 989//989 1034//1034 1031//1031
f 1034//1034 989//989 991//991 1035//1035
f 1036//1036 1037//1037 1038//1038 1039//1039
f 1035//1035 1038//1038 1037//1037 1032//1032
f 993//993 1038//1038 1035//1035 991//991
f 995//995 1039//1039 1038//1038 993//993
f 1040//1040 1041//1041 1042//1042 1043//1043
f 1039//1039 1042//1042 1041//1041 1036//1036
f 997//997 1042//1042 1039//1039 995//995
f 999//999 1043//1043 1042//1042 997//997
f 1040//1040 1043//1043 1044//1044 1045//1045
f 1001//1001 1044//1044 1043//1043 999//999
f 1003//1003 1046//1046 1044//1044 1001//1001
f 1045//1045 1044//1044 1046//1046 1047//1047
f 1048//1048 1049//1049 1050//1050
f 1047//1047 1046//1046 1051//1051 1050//1050
f 1005//1005 1051//1051 1046//1046 1003//1003
f 1048//1048 1051//1051 1005//1005 1007//1007
f 1049//1049 1048//1048 1052//1052 1053//1053
f 1012//1012 1052//1052 1048//1048 1007//1007
f 1015//1015 1054//1054 1052//1052 1012//1012
f 1053//1053 1052//1052 1054//1054 1055//1055
f 1023//1023 1019//1019 1056//1056 1057//1057
f 1058//1058 1056//1056 1019//1019 1018//1018
f 1059//1059 1060//1060 1056//1056 1058//1058
f 1057//1057 1056//1056 1060//1060 1061//1061
f 1018//1018 1025//1025 1062//1062 1058//1058
f 1063//1063 1062//1062 1025//1025 1024//1024
f 1064//1064 1065//1065 1062//1062 1063//1063
f 1058//1058 1062//1062 1065//1065 1059//1059
f 1024//1024 1029//1029 1066//1066 1063//1063
f 1067//1067 1066//1066 1029//1029 1028//1028
f 1068//1068 1069//1069 1066//1066 1067//1067
f 1063//1063 1066//1066 1069//1069 1064//1064
f 1028//1028 1033//1033 1070//1070 1067//1067
f 1071//1071 1070//1070 1033//1033 1032//1032
f 1072//1072 1073//1073 1070//1070 1071//1071
f 1067//1067 1070//1070 1073//1073 1068//1068
f 1074//1074 1075//1075 1076//1076 1077//1077
f 1078//1078 1076//1076 1075//1075 1079//1079
f 1061//1061 1060//1060 1076//1076 1078//1078
f 1077//1077 1076//1076 1060//1060 1059//1059
f 1080//1080 1081//1081 1082//1082 1083//1083
f 1077//1077 1081//1081 1080//1080 1074//1074
f 1059//1059 1065//1065 1081//1081 1077//1077
f 1082//1082 1081//1081 1065//1065 1064//1064
f 1084//1084 1085//1085 1086//1086 1087//1087
f 1083//1083 1082//1082 1085//1085 1084//1084
f 1064//1064 1069//1069 1085//1085 1082//1082
f 1086//1086 1085//1085 1069//1069 1068//1068
f 1088//1088 1089//1089 1090//1090 1091//1091
f 1092//1092 1093//1093 1088//1088 1091//1091
f 1094//1094 1088//1088 1093//1093 1095//1095
f 1089//1089 1088//1088 1094//1094 1096//1096
f 1096//1096 1094//1094 1097//1097 1098//1098
f 1099//1099 1097//1097 1094//1094 1095//1095
f 1100//1100 1101//1101 1097//1097 1099//1099
f 1098//1098 1097//1097 1101//1101 1102//1102
f 1102//1102 1101//1101 1103//1103 1104//1104
f 1105//1105 1103//1103 1101//1101 1100//1100
f 1106//1106 1107//1107 1103//1103 1105//1105
f 1104//1104 1103//1103 1107//1107 1108//1108
f 1108//1108 1107//1107 1109//1109 1110//1110
f 1111//1111 1109//1109 1107//1107 1106//1106
f 1112//1112 1113//1113 1109//1109 1111//1111
f 1110//1110 1109//1109 1113//1113 1114//1114
f 1114//1114 1113//1113 1115//1115 1116//1116
f 1117//1117 1115//1115 1113//1113 1112//1112
f 1118//1118 1119//1119 1115//1115 1117//1117
f 1116//1116 1115//1115 1119//1119 1120//1120
f 1120//1120 1119//1119 1121//1121 1122//1122
f 1123//1123 1121//1121 1119//1119 1118//1118
f 1124//1124 1125//1125 1121//1121 1123//1123
f 1121//1121 1125//1125 1126//1126 1122//1122
f 1127//1127 1128//1128 1129//1129 1130//1130
f 1127//1127 1130//1130 1126//1126 1125//1125
f 1131//1131 1127//1127 1125//1125 1124//1124
f 1132//1132 1128//1128 1127//1127 1131//1131
f 1129//1129 1128//1128 1133//1133 1134//1134
f 1135//1135 1133//1133 1128//1128 1132//1132
f 1136//1136 1137//1137 1133//1133 1135//1135
f 1133//1133 1137//1137 1138//1138 1134//1134
f 1139//1139 1140//1140 1141//1141 1142//1142
f 1137//1137 1141//1141 1140//1140 1138//1138
f 1143//1143 1141//1141 1137//1137 1136//1136
f 1144//1144 1142//1142 1141//1141 1143//1143
f 1142//1142 1145//1145 1146//1146 1139//1139
f 1147//1147 1145//1145 1142//1142 1144//1144
f 1148//1148 1149//1149 1145//1145 1147//1147
f 1146//1146 1145//1145 1149//1149 1150//1150
f 1151//1151 1152//1152 1153//1153 1154//1154
f 1153//1153 1152//1152 1155//1155 1156//1156
f 1099//1099 1153//1153 1156//1156 1100//1100
f 1154//1154 1153//1153 1099//1099 1095//1095
f 1155//1155 1157//1157 1158//1158 1159//1159
f 1080//1080 1158//1158 1157//1157 1074//1074
f 1083//1083 1160//1160 1158//1158 1080//1080
f 1159//1159 1158//1158 1160//1160 1161//1161
f 1161//1161 1162//1162 1163//1163 1159//1159
f 1105//1105 1163//1163 1162//1162 1106//1106
f 1100//1100 1156//1156 1163//1163 1105//1105
f 1159//1159 1163//1163 1156//1156 1155//1155
f 1161//1161 1160//1160 1164//1164 1165//1165
f 1084//1084 1164//1164 1160//1160 1083//1083
f 1087//1087 1166//1166 1164//1164 1084//1084
f 1165//1165 1164//1164 1166//1166 1167//1167
f 1167//1167 1168//1168 1169//1169 1165//1165
f 1111//1111 1169//1169 1168//1168 1112//1112
f 1106//1106 1162//1162 1169//1169 1111//1111
f 1165//1165 1169//1169 1162//1162 1161//1161
f 1170//1170 1171//1171 1172//1172 1173//1173
f 1117//1117 1172//1172 1171//1171 1118//1118
f 1112//1112 1168//1168 1172//1172 1117//1117
f 1173//1173 1172//1172 1168//1168 1167//1167
f 1123//1123 1174//1174 1175//1175 1124//1124
f 1118//1118 1171//1171 1174//1174 1123//1123
f 1176//1176 1174//1174 1171//1171 1170//1170
f 1177//1177 1175//1175 1174//1174 1176//1176
f 1178//1178 1179//1179 1180//1180 1181//1181
f 1131//1131 1180//1180 1179//1179 1132//1132
f 1124//1124 1175//1175 1180//1180 1131//1131
f 1181//1181 1180//1180 1175//1175 1177//1177
f 1182//1182 1183//1183 1184//1184 1185//1185
f 1135//1135 1184//1184 1183//1183 1136//1136
f 1132//1132 1179//1179 1184//1184 1135//1135
f 1185//1185 1184//1184 1179//1179 1178//1178
f 1186//1186 1187//1187 1188//1188 1189//1189
f 1143//1143 1188//1188 1187//1187 1144//1144
f 1136//1136 1183//1183 1188//1188 1143//1143
f 1189//1189 1188//1188 1183//1183 1182//1182
f 1190//1190 1191//1191 1192//1192
f 1193//1193 1190//1190 1194//1194 1079//1079
f 1151//1151 1195//1195 1190//1190 1193//1193
f 1191//1191 1190//1190 1195//1195 1196//1196
f 1095//1095 1093//1093 1197//1197 1154//1154
f 1198//1198 1197//1197 1093//1093 1092//1092
f 1196//1196 1195//1195 1197//1197 1198//1198
f 1154//1154 1197//1197 1195//1195 1151//1151
f 1079//1079 1075//1075 1199//1199 1193//1193
f 1157//1157 1199//1199 1075//1075 1074//1074
f 1155//1155 1152//1152 1199//1199 1157//1157
f 1193//1193 1199//1199 1152//1152 1151//1151
f 393//393 390//390 1200//1200 1201//1201
f 387//387 1200//1200 390//390 388//388
f 20//20 1202//1202 1200//1200 387//387
f 1201//1201 1200//1200 1202//1202 1203//1203
f 1202//1202 1204//1204 1205//1205 1203//1203
f 19//19 1204//1204 1202//1202 20//20
f 18//18 53//53 1204//1204 19//19
f 1205//1205 1204//1204 53//53 52//52
f 1206//1206 584//584 583//583
f 392//392 1207//1207 583//583 394//394
f 393//393 1208//1208 1207//1207 392//392
f 1209//1209 1206//1206 1207//1207 1208//1208
f 1210//1210 1211//1211 1212//1212
f 1212//1212 1203//1203 1205//1205
f 52//52 599//599 1213//1213 1205//1205
f 599//599 598//598 1210//1210
f 1214//1214 1215//1215 1216//1216 1217//1217
f 1215//1215 1209//1209 1208//1208
f 393//393 1201//1201 1216//1216 1208//1208
f 1217//1217 1216//1216 1201//1201 1203//1203
f 1217//1217 1218//1218 1219//1219 1214//1214
f 1203//1203 1212//1212 1218//1218 1217//1217
f 1211//1211 1219//1219 1218//1218 1212//1212
f 584//584 1206//1206 1220//1220 591//591
f 1206//1206 1209//1209 1221//1221
f 1222//1222 1223//1223 1220//1220 1221//1221
f 591//591 1220//1220 1223//1223 589//589
f 1211//1211 1210//1210 1224//1224 1225//1225
f 611//611 1224//1224 1210//1210 598//598
f 604//604 1226//1226 1224//1224 611//611
f 1225//1225 1224//1224 1226//1226 1227//1227
f 1228//1228 1229//1229 1230//1230 1231//1231
f 1221//1221 1230//1230 1229//1229 1222//1222
f 1209//1209 1215//1215 1230//1230 1221//1221
f 1231//1231 1230//1230 1215//1215 1214//1214
f 1214//1214 1219//1219 1232//1232 1231//1231
f 1225//1225 1232//1232 1219//1219 1211//1211
f 1227//1227 1233//1233 1232//1232 1225//1225
f 1231//1231 1232//1232 1233//1233 1228//1228
f 1234//1234 1226//1226 604//604 602//602
f 1235//1235 1234//1234 602//602 595//595
f 1236//1236 1234//1234 1235//1235 1237//1237
f 1227//1227 1226//1226 1234//1234 1236//1236
f 1238//1238 1239//1239 1240//1240 1241//1241
f 587//587 1240//1240 1239//1239 581//581
f 589//589 1223//1223 1240//1240 587//587
f 1241//1241 1240//1240 1223//1223 1222//1222
f 1222//1222 1229//1229 1242//1242 1241//1241
f 1243//1243 1242//1242 1229//1229 1228//1228
f 1244//1244 1245//1245 1242//1242 1243//1243
f 1241//1241 1242//1242 1245//1245 1238//1238
f 1228//1228 1233//1233 1246//1246 1243//1243
f 1236//1236 1246//1246 1233//1233 1227//1227
f 1237//1237 1247//1247 1246//1246 1236//1236
f 1243//1243 1246//1246 1247//1247 1244//1244
f 435//435 579//579 1248//1248 1249//1249
f 579//579 581//581 1239//1239
f 1238//1238 1250//1250 1248//1248 1239//1239
f 1249//1249 1248//1248 1250//1250 1251//1251
f 1251//1251 1252//1252 1253//1253 1249//1249
f 432//432 436//436 1253//1253 1252//1252
f 1249//1249 1253//1253 436//436 435//435
f 1237//1237 1235//1235 1254//1254 1255//1255
f 1254//1254 1235//1235 595//595
f 1256//1256 1254//1254 594//594 341//341
f 1255//1255 1254//1254 1256//1256 1257//1257
f 1258//1258 1259//1259 1260//1260 1261//1261
f 1250//1250 1260//1260 1259//1259 1251//1251
f 1238//1238 1245//1245 1260//1260 1250//1250
f 1261//1261 1260//1260 1245//1245 1244//1244
f 1244//1244 1247//1247 1262//1262 1261//1261
f 1255//1255 1262//1262 1247//1247 1237//1237
f 1257//1257 1263//1263 1262//1262 1255//1255
f 1263//1263 1258//1258 1261//1261
f 432//432 1252//1252 1264//1264 433//433
f 1265//1265 1264//1264 1252//1252 1251//1251
f 1266//1266 1267//1267 1264//1264 1265//1265
f 433//433 1264//1264 1267//1267 434//434
f 1268//1268 1269//1269 1270//1270 1271//1271
f 1256//1256 1270//1270 1269//1269 1257//1257
f 341//341 337//337 1270//1270 1256//1256
f 1271//1271 1270//1270 337//337 336//336
f 1266//1266 1265//1265 1272//1272 1273//1273
f 1259//1259 1272//1272 1265//1265 1251//1251
f 1272//1272 1259//1259 1258//1258 1274//1274
f 1273//1273 1272//1272 1274//1274 1275//1275
f 1258//1258 1263//1263 1276//1276 1274//1274
f 1276//1276 1263//1263 1257//1257 1269//1269
f 1277//1277 1276//1276 1269//1269 1268//1268
f 1274//1274 1276//1276 1277//1277 1275//1275
f 1278//1278 1279//1279 1280//1280 1281//1281
f 430//430 1279//1279 1278//1278 427//427
f 434//434 1282//1282 1279//1279 430//430
f 1283//1283 1280//1280 1279//1279 1282//1282
f 1284//1284 1285//1285 1286//1286 1287//1287
f 1271//1271 1286//1286 1285//1285 1268//1268
f 336//336 975//975 1286//1286 1271//1271
f 1287//1287 1286//1286 975//975 974//974
f 434//434 1267//1267 1288//1288 1282//1282
f 1266//1266 1289//1289 1288//1288 1267//1267
f 1282//1282 1288//1288 1289//1289 1283//1283
f 1290//1290 1291//1291 1281//1281
f 1292//1292 1290//1290 1280//1280 1283//1283
f 1293//1293 1294//1294 1290//1290 1292//1292
f 1291//1291 1290//1290 1294//1294 1192//1192
f 1196//1196 1295//1295 1296//1296 1191//1191
f 1295//1295 1281//1281 1291//1291
f 1296//1296 1291//1291 1192//1192 1191//1191
f 1287//1287 1297//1297 1298//1298 1284//1284
f 974//974 1022//1022 1297//1297 1287//1287
f 1023//1023 1299//1299 1297//1297 1022//1022
f 1298//1298 1297//1297 1299//1299 1192//1192
f 1300//1300 1301//1301 1294//1294 1293//1293
f 1284//1284 1298//1298 1301//1301 1300//1300
f 1294//1294 1301//1301 1298//1298 1192//1192
f 1023//1023 1057//1057 1302//1302 1299//1299
f 1078//1078 1302//1302 1057//1057 1061//1061
f 1079//1079 1194//1194 1302//1302 1078//1078
f 1194//1194 1192//1192 1299//1299
f 1268//1268 1285//1285 1303//1303 1277//1277
f 1300//1300 1303//1303 1285//1285 1284//1284
f 1293//1293 1304//1304 1303//1303 1300//1300
f 1277//1277 1303//1303 1304//1304 1275//1275
f 1283//1283 1289//1289 1305//1305 1292//1292
f 1273//1273 1305//1305 1289//1289 1266//1266
f 1275//1275 1304//1304 1305//1305 1273//1273
f 1292//1292 1305//1305 1304//1304 1293//1293
f 1306//1306 1307//1307 1281//1281
f 1198//1198 1306//1306 1295//1295 1196//1196
f 1092//1092 1308//1308 1306//1306 1198//1198
f 1307//1307 1306//1306 1308//1308 1309//1309
f 1091//1091 1310//1310 1308//1308 1092//1092
f 1311//1311 1310//1310 1091//1091 1090//1090
f 1312//1312 1313//1313 1310//1310 1311//1311
f 1308//1308 1310//1310 1313//1313 1309//1309
f 1314//1314 1315//1315 1316//1316 1317//1317
f 400//400 403//403 1315//1315 1314//1314
f 408//408 1318//1318 1315//1315 403//403
f 1316//1316 1315//1315 1318//1318 1319//1319
f 1319//1319 1318//1318 1320//1320 1321//1321
f 410//410 1320//1320 1318//1318 408//408
f 414//414 1322//1322 1320//1320 410//410
f 1321//1321 1320//1320 1322//1322 1323//1323
f 420//420 1324//1324 1325//1325 416//416
f 1326//1326 1325//1325 1324//1324 1327//1327
f 1323//1323 1322//1322 1325//1325 1326//1326
f 416//416 1325//1325 1322//1322 414//414
f 426//426 428//428 1328//1328 422//422
f 1329//1329 1328//1328 428//428 427//427
f 1327//1327 1324//1324 1328//1328 1329//1329
f 422//422 1328//1328 1324//1324 420//420
f 427//427 1278//1278 1330//1330 1329//1329
f 1307//1307 1330//1330 1278//1278 1281//1281
f 1309//1309 1331//1331 1330//1330 1307//1307
f 1329//1329 1330//1330 1331//1331 1327//1327
f 1332//1332 1333//1333 1334//1334 1335//1335
f 1326//1326 1334//1334 1333//1333 1323//1323
f 1334//1334 1326//1326 1327//1327
f 1335//1335 1334//1334 1336//1336 1337//1337
f 1331//1331 1338//1338 1336//1336 1327//1327
f 1339//1339 1338//1338 1331//1331 1309//1309
f 1337//1337 1336//1336 1338//1338 1339//1339
f 1340//1340 1341//1341 1342//1342 1343//1343
f 1339//1339 1342//1342 1341//1341 1337//1337
f 1342//1342 1339//1339 1309//1309
f 1313//1313 1312//1312 1343//1343
f 1337//1337 1341//1341 1344//1344 1335//1335
f 1341//1341 1340//1340 1345//1345
f 1346//1346 1347//1347 1344//1344 1345//1345
f 1335//1335 1344//1344 1347//1347 1332//1332
f 1348//1348 1349//1349 1350//1350 1351//1351
f 870//870 1350//1350 1349//1349 872//872
f 871//871 1352//1352 1350//1350 870//870
f 1351//1351 1350//1350 1352//1352 1353//1353
f 1354//1354 1355//1355 1356//1356 1357//1357
f 943//943 1356//1356 1355//1355 944//944
f 872//872 1349//1349 1356//1356 943//943
f 1357//1357 1356//1356 1349//1349 1348//1348
f 944//944 1355//1355 1358//1358 952//952
f 1359//1359 1358//1358 1355//1355 1354//1354
f 1360//1360 1361//1361 1358//1358 1359//1359
f 952//952 1358//1358 1361//1361 953//953
f 953//953 1361//1361 1362//1362 954//954
f 1361//1361 1360//1360 1363//1363
f 1364//1364 1365//1365 1362//1362 1363//1363
f 954//954 1362//1362 1365//1365 955//955
f 955//955 1365//1365 1366//1366 969//969
f 1367//1367 1366//1366 1365//1365 1364//1364
f 1368//1368 1369//1369 1366//1366 1367//1367
f 969//969 1366//1366 1369//1369 966//966
f 1370//1370 1371//1371 1372//1372
f 973//973 1370//1370 1373//1373 965//965
f 966//966 1369//1369 1370//1370 973//973
f 1371//1371 1370//1370 1369//1369 1368//1368
f 1373//1373 1374//1374 964//964 965//965
f 1375//1375 1374//1374 1373//1373 1372//1372
f 1376//1376 1377//1377 1374//1374 1375//1375
f 838//838 964//964 1374//1374 1377//1377
f 1376//1376 1378//1378 1379//1379 1377//1377
f 1380//1380 1379//1379 1378//1378 1381//1381
f 841//841 839//839 1379//1379 1380//1380
f 839//839 838//838 1377//1377
f 849//849 848//848 1382//1382 1383//1383
f 1380//1380 1382//1382 848//848 841//841
f 1381//1381 1384//1384 1382//1382 1380//1380
f 1383//1383 1382//1382 1384//1384 1385//1385
f 849//849 1383//1383 1386//1386 857//857
f 1385//1385 1387//1387 1386//1386 1383//1383
f 1388//1388 1386//1386 1387//1387 1389//1389
f 857//857 1386//1386 1388//1388 854//854
f 862//862 865//865 1390//1390 1391//1391
f 854//854 1388//1388 1390//1390 865//865
f 1389//1389 1392//1392 1390//1390 1388//1388
f 1391//1391 1390//1390 1392//1392 1393//1393
f 1364//1364 1394//1394 1395//1395 1367//1367
f 1396//1396 1395//1395 1394//1394 1397//1397
f 1398//1398 1399//1399 1395//1395 1396//1396
f 1367//1367 1395//1395 1399//1399 1368//1368
f 1368//1368 1399//1399 1400//1400 1371//1371
f 1401//1401 1400//1400 1399//1399 1398//1398
f 1402//1402 1403//1403 1400//1400 1401//1401
f 1371//1371 1400//1400 1403//1403 1372//1372
f 1372//1372 1403//1403 1404//1404 1375//1375
f 1405//1405 1404//1404 1403//1403 1402//1402
f 1406//1406 1407//1407 1404//1404 1405//1405
f 1375//1375 1404//1404 1407//1407 1376//1376
f 1376//1376 1407//1407 1408//1408 1378//1378
f 1409//1409 1408//1408 1407//1407 1406//1406
f 1410//1410 1408//1408 1409//1409 1411//1411
f 1381//1381 1378//1378 1408//1408 1410//1410
f 1385//1385 1384//1384 1412//1412 1413//1413
f 1410//1410 1412//1412 1384//1384 1381//1381
f 1411//1411 1414//1414 1412//1412 1410//1410
f 1413//1413 1412//1412 1414//1414 1415//1415
f 1389//1389 1387//1387 1416//1416 1417//1417
f 1413//1413 1416//1416 1387//1387 1385//1385
f 1415//1415 1418//1418 1416//1416 1413//1413
f 1418//1418 1419//1419 1417//1417
f 1393//1393 1392//1392 1420//1420 1421//1421
f 1417//1417 1420//1420 1392//1392 1389//1389
f 1419//1419 1422//1422 1420//1420 1417//1417
f 1421//1421 1420//1420 1422//1422 1423//1423
f 773//773 789//789 1424//1424 771//771
f 1425//1425 1424//1424 789//789 793//793
f 1426//1426 1427//1427 1424//1424 1425//1425
f 771//771 1424//1424 1427//1427 769//769
f 791//791 799//799 1428//1428 1429//1429
f 1430//1430 1428//1428 799//799 798//798
f 1431//1431 1432//1432 1428//1428 1430//1430
f 1429//1429 1428//1428 1432//1432 1433//1433
f 1434//1434 1435//1435 1436//1436 1437//1437
f 792//792 1436//1436 1435//1435 793//793
f 1429//1429 1436//1436 792//792 791//791
f 1436//1436 1429//1429 1433//1433 1437//1437
f 1438//1438 765//765 767//767
f 769//769 1427//1427 1439//1439 767//767
f 1440//1440 1439//1439 1427//1427 1426//1426
f 1439//1439 1440//1440 1441//1441
f 1442//1442 1443//1443 1444//1444 1445//1445
f 1425//1425 1444//1444 1443//1443 1426//1426
f 793//793 1435//1435 1444//1444 1425//1425
f 1434//1434 1445//1445 1444//1444 1435//1435
f 1446//1446 1447//1447 1448//1448 1449//1449
f 1445//1445 1448//1448 1447//1447 1442//1442
f 1437//1437 1448//1448 1445//1445 1434//1434
f 1433//1433 1449//1449 1448//1448 1437//1437
f 1433//1433 1432//1432 1450//1450 1449//1449
f 1432//1432 1431//1431 1451//1451
f 1452//1452 1450//1450 1451//1451 1453//1453
f 1446//1446 1449//1449 1450//1450 1452//1452
f 797//797 825//825 1454//1454 1455//1455
f 825//825 822//822 1456//1456
f 1454//1454 1456//1456 1457//1457
f 1455//1455 1454//1454 1458//1458 1459//1459
f 1460//1460 1461//1461 1457//1457
f 1456//1456 822//822 861//861
f 860//860 1462//1462 1460//1460 861//861
f 1462//1462 1463//1463 1461//1461
f 1464//1464 1465//1465 1463//1463
f 863//863 1464//1464 1462//1462 860//860
f 862//862 1466//1466 1464//1464 863//863
f 1465//1465 1464//1464 1466//1466 1467//1467
f 1467//1467 1466//1466 1468//1468 1469//1469
f 1391//1391 1468//1468 1466//1466 862//862
f 1393//1393 1470//1470 1468//1468 1391//1391
f 1469//1469 1468//1468 1470//1470 1471//1471
f 1393//1393 1421//1421 1472//1472
f 1473//1473 1472//1472 1421//1421 1423//1423
f 1474//1474 1475//1475 1472//1472 1473//1473
f 1471//1471 1470//1470 1472//1472 1475//1475
f 1471//1471 1475//1475 1476//1476 1477//1477
f 1478//1478 1476//1476 1475//1475 1474//1474
f 1479//1479 1480//1480 1476//1476 1478//1478
f 1476//1476 1480//1480 1481//1481
f 1482//1482 1477//1477 1481//1481
f 1483//1483 1482//1482 1484//1484 1485//1485
f 1469//1469 1482//1482 1483//1483 1467//1467
f 1471//1471 1477//1477 1482//1482 1469//1469
f 1485//1485 1484//1484 1486//1486 1487//1487
f 1480//1480 1486//1486 1484//1484 1481//1481
f 1479//1479 1488//1488 1486//1486 1480//1480
f 1487//1487 1486//1486 1488//1488 1489//1489
f 1467//1467 1483//1483 1490//1490 1465//1465
f 1491//1491 1490//1490 1483//1483 1485//1485
f 1492//1492 1493//1493 1490//1490 1491//1491
f 1465//1465 1490//1490 1493//1493 1463//1463
f 1479//1479 1478//1478 1494//1494 1495//1495
f 1474//1474 1496//1496 1494//1494 1478//1478
f 1495//1495 1494//1494 1496//1496 1497//1497
f 1492//1492 1491//1491 1498//1498 1499//1499
f 1487//1487 1498//1498 1491//1491 1485//1485
f 1489//1489 1500//1500 1498//1498 1487//1487
f 1499//1499 1498//1498 1500//1500 1501//1501
f 1489//1489 1488//1488 1502//1502 1500//1500
f 1495//1495 1502//1502 1488//1488 1479//1479
f 1497//1497 1503//1503 1502//1502 1495//1495
f 1501//1501 1500//1500 1502//1502 1503//1503
f 197//197 196//196 1504//1504 216//216
f 1505//1505 1504//1504 196//196 76//76
f 1506//1506 1507//1507 1504//1504 1505//1505
f 216//216 1504//1504 1507//1507 217//217
f 219//219 218//218 1508//1508 226//226
f 1509//1509 1508//1508 218//218 217//217
f 1510//1510 1511//1511 1508//1508 1509//1509
f 226//226 1508//1508 1511//1511 227//227
f 1512//1512 1513//1513 1514//1514 1515//1515
f 233//233 1514//1514 1513//1513 230//230
f 227//227 1511//1511 1514//1514 233//233
f 1515//1515 1514//1514 1511//1511 1510//1510
f 81//81 1516//1516 1517//1517 79//79
f 1518//1518 1517//1517 1516//1516 1519//1519
f 1505//1505 1517//1517 1518//1518 1506//1506
f 76//76 79//79 1517//1517 1505//1505
f 217//217 1507//1507 1520//1520 1509//1509
f 1521//1521 1520//1520 1507//1507 1506//1506
f 1522//1522 1523//1523 1520//1520 1521//1521
f 1509//1509 1520//1520 1523//1523 1510//1510
f 1510//1510 1523//1523 1524//1524 1515//1515
f 1525//1525 1524//1524 1523//1523 1522//1522
f 1526//1526 1527//1527 1524//1524 1525//1525
f 1515//1515 1524//1524 1527//1527 1512//1512
f 1519//1519 1528//1528 1529//1529 1518//1518
f 1530//1530 1529//1529 1528//1528 1531//1531
f 1529//1529 1530//1530 1522//1522
f 1518//1518 1529//1529 1521//1521 1506//1506
f 1519//1519 1516//1516 1532//1532 1533//1533
f 116//116 1532//1532 1516//1516 81//81
f 117//117 1534//1534 1532//1532 116//116
f 1533//1533 1532//1532 1534//1534 1535//1535
f 1526//1526 1525//1525 1536//1536 1537//1537
f 1530//1530 1536//1536 1525//1525 1522//1522
f 1531//1531 1538//1538 1536//1536 1530//1530
f 1537//1537 1536//1536 1538//1538 1539//1539
f 1540//1540 1541//1541 725//725 724//724
f 1542//1542 1541//1541 1540//1540 1543//1543
f 1535//1535 1534//1534 1541//1541 1542//1542
f 725//725 1541//1541 1534//1534 117//117
f 1531//1531 1528//1528 1544//1544 1545//1545
f 1528//1528 1519//1519 1533//1533
f 1535//1535 1546//1546 1544//1544 1533//1533
f 1545//1545 1544//1544 1546//1546 1547//1547
f 1539//1539 1538//1538 1548//1548 1549//1549
f 1545//1545 1548//1548 1538//1538 1531//1531
f 1547//1547 1550//1550 1548//1548 1545//1545
f 1549//1549 1548//1548 1550//1550 1551//1551
f 730//730 1552//1552 1553//1553 731//731
f 1553//1553 1552//1552 1554//1554 1555//1555
f 1543//1543 1540//1540 1553//1553 1555//1555
f 731//731 1553//1553 1540//1540 724//724
f 1547//1547 1546//1546 1556//1556 1557//1557
f 1542//1542 1556//1556 1546//1546 1535//1535
f 1543//1543 1558//1558 1556//1556 1542//1542
f 1557//1557 1556//1556 1558//1558 1559//1559
f 1559//1559 1560//1560 1561//1561 1557//1557
f 1562//1562 1561//1561 1560//1560 1563//1563
f 1551//1551 1550//1550 1561//1561 1562//1562
f 1557//1557 1561//1561 1550//1550 1547//1547
f 1564//1564 1565//1565 1554//1554
f 734//734 1564//1564 1552//1552 730//730
f 735//735 1566//1566 1564//1564 734//734
f 1565//1565 1564//1564 1566//1566 1567//1567
f 1568//1568 1558//1558 1543//1543
f 1569//1569 1568//1568 1555//1555 1554//1554
f 1570//1570 1571//1571 1568//1568 1569//1569
f 1559//1559 1558//1558 1568//1568 1571//1571
f 1563//1563 1560//1560 1572//1572 1573//1573
f 1571//1571 1572//1572 1560//1560 1559//1559
f 1572//1572 1571//1571 1570//1570
f 1574//1574 1575//1575 1573//1573
f 1570//1570 1569//1569 1576//1576 1577//1577
f 1565//1565 1576//1576 1569//1569 1554//1554
f 1567//1567 1578//1578 1576//1576 1565//1565
f 1577//1577 1576//1576 1578//1578 1579//1579
f 1580//1580 1581//1581 1575//1575
f 1577//1577 1580//1580 1574//1574 1570//1570
f 1579//1579 1582//1582 1580//1580 1577//1577
f 1581//1581 1580//1580 1582//1582 1583//1583
f 1584//1584 1585//1585 502//502
f 501//501 492//492 1586//1586
f 1584//1584 1586//1586 1587//1587
f 1585//1585 1584//1584 1588//1588 1589//1589
f 1590//1590 1587//1587 1586//1586
f 494//494 1591//1591 1586//1586 492//492
f 496//496 1592//1592 1591//1591 494//494
f 1591//1591 1592//1592 1593//1593
f 1587//1587 1590//1590 1594//1594 1595//1595
f 1596//1596 1594//1594 1590//1590 1593//1593
f 1597//1597 1598//1598 1594//1594 1596//1596
f 1595//1595 1594//1594 1598//1598 1599//1599
f 496//496 516//516 1600//1600 1592//1592
f 1601//1601 1600//1600 516//516 515//515
f 1602//1602 1603//1603 1600//1600 1601//1601
f 1592//1592 1600//1600 1603//1603 1593//1593
f 1602//1602 1601//1601 1604//1604 1605//1605
f 515//515 528//528 1604//1604 1601//1601
f 1605//1605 1604//1604 528//528 527//527
f 1593//1593 1603//1603 1606//1606 1596//1596
f 1607//1607 1606//1606 1603//1603 1602//1602
f 1608//1608 1609//1609 1606//1606 1607//1607
f 1596//1596 1606//1606 1609//1609 1597//1597
f 1610//1610 1611//1611 1612//1612 1613//1613
f 1605//1605 1612//1612 1611//1611 1602//1602
f 527//527 533//533 1612//1612 1605//1605
f 1613//1613 1612//1612 533//533 524//524
f 1602//1602 1611//1611 1614//1614 1607//1607
f 1611//1611 1610//1610 1615//1615
f 1616//1616 1617//1617 1614//1614 1615//1615
f 1607//1607 1614//1614 1617//1617 1608//1608
f 1610//1610 1613//1613 1618//1618 1619//1619
f 524//524 521//521 1618//1618 1613//1613
f 405//405 1620//1620 1618//1618 521//521
f 1619//1619 1618//1618 1620//1620 1621//1621
f 1622//1622 1623//1623 1624//1624 1625//1625
f 1626//1626 1624//1624 1623//1623 1627//1627
f 1628//1628 1629//1629 1624//1624 1626//1626
f 1625//1625 1624//1624 1629//1629 1599//1599
f 1630//1630 1631//1631 1632//1632 1633//1633
f 1625//1625 1632//1632 1631//1631 1622//1622
f 1599//1599 1598//1598 1632//1632 1625//1625
f 1633//1633 1632//1632 1598//1598 1597//1597
f 1634//1634 1635//1635 1636//1636 1637//1637
f 1633//1633 1636//1636 1635//1635 1630//1630
f 1597//1597 1609//1609 1636//1636 1633//1633
f 1637//1637 1636//1636 1609//1609 1608//1608
f 1638//1638 1639//1639 1640//1640 1641//1641
f 1639//1639 1638//1638 1634//1634 1637//1637
f 1608//1608 1617//1617 1639//1639 1637//1637
f 1616//1616 1640//1640 1639//1639 1617//1617
f 1627//1627 1623//1623 1642//1642 1643//1643
f 1644//1644 1642//1642 1623//1623 1622//1622
f 1645//1645 1646//1646 1642//1642 1644//1644
f 1643//1643 1642//1642 1646//1646 1647//1647
f 1622//1622 1631//1631 1648//1648 1644//1644
f 1630//1630 1649//1649 1648//1648 1631//1631
f 1650//1650 1651//1651 1648//1648 1649//1649
f 1644//1644 1648//1648 1651//1651 1645//1645
f 1630//1630 1635//1635 1652//1652 1649//1649
f 1634//1634 1653//1653 1652//1652 1635//1635
f 1654//1654 1655//1655 1652//1652 1653//1653
f 1650//1650 1649//1649 1652//1652 1655//1655
f 1641//1641 1656//1656 1657//1657 1638//1638
f 1658//1658 1659//1659 1657//1657 1656//1656
f 1654//1654 1653//1653 1657//1657 1659//1659
f 1638//1638 1657//1657 1653//1653 1634//1634
f 1658//1658 1656//1656 1660//1660 1661//1661
f 1662//1662 1660//1660 1656//1656 1641//1641
f 1663//1663 1664//1664 1660//1660 1662//1662
f 1661//1661 1660//1660 1664//1664 1665//1665
f 1666//1666 1667//1667 1665//1665
f 1664//1664 1663//1663 1668//1668
f 1666//1666 1668//1668 1669//1669
f 1667//1667 1666//1666 1670//1670 1671//1671
f 1672//1672 1673//1673 1674//1674 1675//1675
f 1674//1674 1673//1673 1676//1676 1677//1677
f 1671//1671 1670//1670 1674//1674 1677//1677
f 1675//1675 1674//1674 1670//1670 1669//1669
f 1676//1676 1673//1673 1678//1678 1679//1679
f 1680//1680 1678//1678 1673//1673 1672//1672
f 1681//1681 1682//1682 1678//1678 1680//1680
f 1679//1679 1678//1678 1682//1682 1683//1683
f 1684//1684 1685//1685 1686//1686
f 1683//1683 1682//1682 1684//1684 1687//1687
f 1688//1688 1684//1684 1682//1682 1681//1681
f 1689//1689 1685//1685 1684//1684 1688//1688
f 1690//1690 1685//1685 1689//1689
f 1691//1691 1690//1690 1692//1692 1693//1693
f 1694//1694 1695//1695 1690//1690 1691//1691
f 1695//1695 1686//1686 1685//1685
f 1696//1696 1697//1697 1691//1691 1693//1693
f 1698//1698 1699//1699 1697//1697 1696//1696
f 1700//1700 1697//1697 1699//1699 1701//1701
f 1691//1691 1697//1697 1700//1700 1694//1694
f 1701//1701 1699//1699 1702//1702 1703//1703
f 1704//1704 1702//1702 1699//1699 1698//1698
f 1705//1705 1706//1706 1702//1702 1704//1704
f 1703//1703 1702//1702 1706//1706 1707//1707
f 1708//1708 1709//1709 1706//1706 1705//1705
f 1643//1643 1709//1709 1708//1708 1627//1627
f 1647//1647 1710//1710 1709//1709 1643//1643
f 1707//1707 1706//1706 1709//1709 1710//1710
f 1711//1711 1712//1712 1713//1713
f 1714//1714 1665//1665 1667//1667
f 1671//1671 1715//1715 1711//1711 1667//1667
f 1711//1711 1715//1715 1716//1716 1712//1712
f 1671//1671 1677//1677 1717//1717 1715//1715
f 1718//1718 1717//1717 1677//1677 1676//1676
f 1719//1719 1720//1720 1717//1717 1718//1718
f 1715//1715 1717//1717 1720//1720 1716//1716
f 1719//1719 1718//1718 1721//1721 1722//1722
f 1679//1679 1721//1721 1718//1718 1676//1676
f 1683//1683 1723//1723 1721//1721 1679//1679
f 1721//1721 1723//1723 1724//1724 1722//1722
f 1683//1683 1687//1687 1725//1725 1723//1723
f 1726//1726 1725//1725 1687//1687 1686//1686
f 1727//1727 1728//1728 1725//1725 1726//1726
f 1723//1723 1725//1725 1728//1728 1724//1724
f 1686//1686 1695//1695 1729//1729 1726//1726
f 1730//1730 1729//1729 1695//1695 1694//1694
f 1731//1731 1732//1732 1729//1729 1730//1730
f 1726//1726 1729//1729 1732//1732 1727//1727
f 1694//1694 1700//1700 1733//1733 1730//1730
f 1734//1734 1733//1733 1700//1700 1701//1701
f 1735//1735 1736//1736 1733//1733 1734//1734
f 1730//1730 1733//1733 1736//1736 1731//1731
f 1710//1710 1737//1737 1738//1738 1707//1707
f 1739//1739 1737//1737 1710//1710 1647//1647
f 1740//1740 1741//1741 1737//1737 1739//1739
f 1742//1742 1738//1738 1737//1737 1741//1741
f 1735//1735 1734//1734 1743//1743 1744//1744
f 1703//1703 1743//1743 1734//1734 1701//1701
f 1707//1707 1738//1738 1743//1743 1703//1703
f 1744//1744 1743//1743 1738//1738 1742//1742
f 1716//1716 1720//1720 1745//1745 1746//1746
f 1747//1747 1745//1745 1720//1720 1719//1719
f 1748//1748 1745//1745 1747//1747 1749//1749
f 1745//1745 1748//1748 1750//1750
f 1749//1749 1747//1747 1751//1751 1752//1752
f 1722//1722 1751//1751 1747//1747 1719//1719
f 1724//1724 1753//1753 1751//1751 1722//1722
f 1753//1753 1754//1754 1752//1752
f 1724//1724 1728//1728 1755//1755 1753//1753
f 1756//1756 1755//1755 1728//1728 1727//1727
f 1757//1757 1758//1758 1755//1755 1756//1756
f 1753//1753 1755//1755 1758//1758 1754//1754
f 1727//1727 1732//1732 1759//1759 1756//1756
f 1760//1760 1759//1759 1732//1732 1731//1731
f 1761//1761 1762//1762 1759//1759 1760//1760
f 1756//1756 1759//1759 1762//1762 1757//1757
f 1731//1731 1736//1736 1763//1763 1760//1760
f 1764//1764 1763//1763 1736//1736 1735//1735
f 1765//1765 1766//1766 1763//1763 1764//1764
f 1760//1760 1763//1763 1766//1766 1761//1761
f 1765//1765 1764//1764 1767//1767 1768//1768
f 1744//1744 1767//1767 1764//1764 1735//1735
f 1742//1742 1769//1769 1767//1767 1744//1744
f 1768//1768 1767//1767 1769//1769 1770//1770
f 1651//1651 1771//1771 1772//1772 1645//1645
f 1650//1650 1773//1773 1771//1771 1651//1651
f 1774//1774 1775//1775 1771//1771 1773//1773
f 1771//1771 1775//1775 1776//1776 1772//1772
f 1777//1777 1778//1778 1779//1779 1780//1780
f 1765//1765 1768//1768 1779//1779 1778//1778
f 1770//1770 1780//1780 1779//1779 1768//1768
f 1777//1777 1781//1781 1782//1782 1783//1783
f 1754//1754 1758//1758 1782//1782 1781//1781
f 1757//1757 1783//1783 1782//1782 1758//1758
f 1774//1774 1773//1773 1784//1784 1785//1785
f 1650//1650 1655//1655 1784//1784 1773//1773
f 1654//1654 1786//1786 1784//1784 1655//1655
f 1787//1787 1785//1785 1784//1784 1786//1786
f 1788//1788 1789//1789 1790//1790 1777//1777
f 1750//1750 1748//1748 1789//1789 1788//1788
f 1749//1749 1790//1790 1789//1789 1748//1748
f 1781//1781 1777//1777 1790//1790
f 1749//1749 1752//1752 1791//1791 1790//1790
f 1754//1754 1781//1781 1791//1791 1752//1752
f 1777//1777 1783//1783 1792//1792 1793//1793
f 1757//1757 1762//1762 1792//1792 1783//1783
f 1761//1761 1793//1793 1792//1792 1762//1762
f 1777//1777 1793//1793 1794//1794 1778//1778
f 1761//1761 1766//1766 1794//1794 1793//1793
f 1765//1765 1778//1778 1794//1794 1766//1766
f 1769//1769 1795//1795 1796//1796 1770//1770
f 1741//1741 1795//1795 1769//1769 1742//1742
f 1797//1797 1795//1795 1741//1741 1740//1740
f 1798//1798 1796//1796 1795//1795 1797//1797
f 1777//1777 1780//1780 1799//1799 1800//1800
f 1770//1770 1796//1796 1799//1799 1780//1780
f 1798//1798 1800//1800 1799//1799 1796//1796
f 1801//1801 1802//1802 1803//1803 1804//1804
f 1750//1750 1788//1788 1802//1802 1801//1801
f 1788//1788 1777//1777 1803//1803
f 1647//1647 1646//1646 1805//1805 1739//1739
f 1772//1772 1805//1805 1646//1646 1645//1645
f 1776//1776 1806//1806 1805//1805 1772//1772
f 1739//1739 1805//1805 1806//1806 1740//1740
f 1776//1776 1775//1775 1807//1807 1808//1808
f 1774//1774 1785//1785 1807//1807 1775//1775
f 1787//1787 1809//1809 1807//1807 1785//1785
f 1810//1810 1808//1808 1807//1807 1809//1809
f 1810//1810 1811//1811 1812//1812 1808//1808
f 1797//1797 1812//1812 1811//1811 1798//1798
f 1740//1740 1806//1806 1812//1812 1797//1797
f 1808//1808 1812//1812 1806//1806 1776//1776
f 1787//1787 1786//1786 1813//1813 1814//1814
f 1654//1654 1659//1659 1813//1813 1786//1786
f 1658//1658 1815//1815 1813//1813 1659//1659
f 1814//1814 1813//1813 1815//1815 1816//1816
f 1817//1817 1816//1816 1815//1815
f 1661//1661 1818//1818 1815//1815 1658//1658
f 1818//1818 1661//1661 1665//1665
f 1714//1714 1713//1713 1817//1817
f 1810//1810 1809//1809 1819//1819 1820//1820
f 1787//1787 1814//1814 1819//1819 1809//1809
f 1816//1816 1821//1821 1819//1819 1814//1814
f 1820//1820 1819//1819 1821//1821 1804//1804
f 1817//1817 1822//1822 1821//1821 1816//1816
f 1713//1713 1823//1823 1822//1822 1817//1817
f 1804//1804 1821//1821 1822//1822 1823//1823
f 1801//1801 1804//1804 1823//1823
f 1823//1823 1713//1713 1712//1712
f 1746//1746 1824//1824 1712//1712 1716//1716
f 1801//1801 1824//1824 1746//1746 1750//1750
f 1804//1804 1803//1803 1825//1825 1820//1820
f 1800//1800 1825//1825 1803//1803 1777//1777
f 1798//1798 1811//1811 1825//1825 1800//1800
f 1820//1820 1825//1825 1811//1811 1810//1810
f 1589//1589 1588//1588 1826//1826 1827//1827
f 1595//1595 1826//1826 1588//1588 1587//1587
f 1599//1599 1629//1629 1826//1826 1595//1595
f 1827//1827 1826//1826 1629//1629 1628//1628
f 1627//1627 1708//1708 1828//1828 1626//1626
f 1705//1705 1829//1829 1828//1828 1708//1708
f 1830//1830 1828//1828 1829//1829 1831//1831
f 1626//1626 1828//1828 1830//1830 1628//1628
f 1831//1831 1829//1829 1832//1832 1833//1833
f 1704//1704 1832//1832 1829//1829 1705//1705
f 1698//1698 1834//1834 1832//1832 1704//1704
f 1833//1833 1832//1832 1834//1834 1835//1835
f 1835//1835 1834//1834 1836//1836 1837//1837
f 1696//1696 1836//1836 1834//1834 1698//1698
f 1693//1693 1838//1838 1836//1836 1696//1696
f 1837//1837 1836//1836 1838//1838 1839//1839
f 1838//1838 1840//1840 1841//1841 1839//1839
f 1692//1692 1840//1840 1838//1838 1693//1693
f 1840//1840 1692//1692 1689//1689
f 1841//1841 1840//1840 1842//1842 1843//1843
f 1844//1844 1845//1845 1846//1846 1847//1847
f 1848//1848 1845//1845 1844//1844 1849//1849
f 1841//1841 1845//1845 1848//1848 1839//1839
f 1846//1846 1845//1845 1841//1841 1843//1843
f 1688//1688 1850//1850 1842//1842 1689//1689
f 1850//1850 1688//1688 1681//1681
f 1851//1851 1850//1850 1852//1852 1853//1853
f 1842//1842 1850//1850 1851//1851 1843//1843
f 1853//1853 1852//1852 1854//1854 1855//1855
f 1680//1680 1854//1854 1852//1852 1681//1681
f 1672//1672 1856//1856 1854//1854 1680//1680
f 1855//1855 1854//1854 1856//1856 1857//1857
f 1857//1857 1856//1856 1858//1858 1859//1859
f 1675//1675 1858//1858 1856//1856 1672//1672
f 1669//1669 1860//1860 1858//1858 1675//1675
f 1859//1859 1858//1858 1860//1860 1861//1861
f 1641//1641 1640//1640 1862//1862 1662//1662
f 1863//1863 1862//1862 1640//1640 1616//1616
f 1864//1864 1865//1865 1862//1862 1863//1863
f 1662//1662 1862//1862 1865//1865 1663//1663
f 1621//1621 1866//1866 1867//1867 1619//1619
f 1863//1863 1867//1867 1866//1866 1864//1864
f 1616//1616 1615//1615 1867//1867 1863//1863
f 1619//1619 1867//1867 1615//1615 1610//1610
f 1861//1861 1860//1860 1868//1868 1869//1869
f 1668//1668 1868//1868 1860//1860 1669//1669
f 1663//1663 1865//1865 1868//1868 1668//1668
f 1869//1869 1868//1868 1865//1865 1864//1864
f 400//400 1870//1870 1871//1871 401//401
f 1872//1872 1871//1871 1870//1870 1873//1873
f 1621//1621 1620//1620 1871//1871 1872//1872
f 401//401 1871//1871 1620//1620 405//405
f 1864//1864 1866//1866 1874//1874 1875//1875
f 1872//1872 1874//1874 1866//1866 1621//1621
f 1873//1873 1876//1876 1874//1874 1872//1872
f 1875//1875 1874//1874 1876//1876 1877//1877
f 1873//1873 1870//1870 1878//1878 1879//1879
f 1314//1314 1878//1878 1870//1870 400//400
f 1317//1317 1880//1880 1878//1878 1314//1314
f 1879//1879 1878//1878 1880//1880 1881//1881
f 1877//1877 1876//1876 1882//1882 1883//1883
f 1879//1879 1882//1882 1876//1876 1873//1873
f 1881//1881 1884//1884 1882//1882 1879//1879
f 1883//1883 1882//1882 1884//1884 1885//1885
f 1861//1861 1869//1869 1886//1886 1887//1887
f 1875//1875 1886//1886 1869//1869 1864//1864
f 1877//1877 1883//1883 1886//1886 1875//1875
f 1887//1887 1886//1886 1883//1883 1885//1885
f 1888//1888 1859//1859 1861//1861 1887//1887
f 1889//1889 1888//1888 1887//1887 1885//1885
f 1888//1888 1889//1889 1890//1890
f 1859//1859 1888//1888 1891//1891 1857//1857
f 1892//1892 1893//1893 1894//1894
f 1895//1895 1853//1853 1855//1855
f 1857//1857 1891//1891 1892//1892 1855//1855
f 1891//1891 1890//1890 1893//1893
f 1851//1851 1896//1896 1897//1897 1843//1843
f 1896//1896 1851//1851 1853//1853
f 1898//1898 1896//1896 1895//1895 1894//1894
f 1897//1897 1896//1896 1898//1898 1899//1899
f 1900//1900 1901//1901 1897//1897 1899//1899
f 1847//1847 1846//1846 1901//1901 1900//1900
f 1843//1843 1897//1897 1901//1901 1846//1846
f 1894//1894 1902//1902 1903//1903 1898//1898
f 1904//1904 1903//1903 1902//1902 1905//1905
f 1906//1906 1907//1907 1903//1903 1904//1904
f 1898//1898 1903//1903 1907//1907 1899//1899
f 1905//1905 1902//1902 1908//1908 1909//1909
f 1893//1893 1908//1908 1902//1902 1894//1894
f 1890//1890 1910//1910 1908//1908 1893//1893
f 1909//1909 1908//1908 1910//1910 1911//1911
f 1905//1905 1909//1909 1912//1912 1904//1904
f 1913//1913 1912//1912 1909//1909 1911//1911
f 1912//1912 1913//1913 1914//1914 1915//1915
f 1904//1904 1912//1912 1915//1915 1906//1906
f 1910//1910 1890//1890 1889//1889
f 1889//1889 1885//1885 1916//1916
f 1916//1916 1917//1917 1918//1918
f 1911//1911 1910//1910 1919//1919 1918//1918
f 1914//1914 1913//1913 1920//1920 1921//1921
f 1922//1922 1920//1920 1913//1913 1911//1911
f 1923//1923 1924//1924 1920//1920 1922//1922
f 1921//1921 1920//1920 1924//1924 1925//1925
f 1926//1926 1927//1927 1924//1924 1923//1923
f 1927//1927 1926//1926 1928//1928
f 1929//1929 1930//1930 1927//1927 1931//1931
f 1925//1925 1924//1924 1927//1927 1930//1930
f 1923//1923 1932//1932 1933//1933 1926//1926
f 1934//1934 1933//1933 1932//1932 1935//1935
f 1936//1936 1937//1937 1933//1933 1934//1934
f 1926//1926 1933//1933 1937//1937 1928//1928
f 1923//1923 1922//1922 1938//1938 1932//1932
f 1918//1918 1938//1938 1922//1922 1911//1911
f 1938//1938 1918//1918 1917//1917
f 1939//1939 1935//1935 1932//1932
f 1940//1940 1941//1941 1934//1934 1935//1935
f 1934//1934 1941//1941 1944//1942
f 1940//1940 1945//1943 1946//1944 1942//1945
f 1947//1946 1945//1943 1940//1940 1935//1935
f 1948//1947 1949//1948 1945//1943 1947//1946
f 1946//1944 1945//1943 1949//1948 1950//1949
f 1951//1950 1952//1951 1953//1952 1954//1953
f 1953//1952 1952//1951 1332//1332 1347//1347
f 1346//1346 1955//1954 1953//1952 1347//1347
f 1954//1953 1953//1952 1955//1954 1956//1955
f 1957//1956 1958//1957 1959//1958
f 1957//1956 1960//1959 1956//1955
f 1961//1960 1962//1961 1957//1956 1963//1962
f 1958//1957 1957//1956 1962//1961 1964//1963
f 1951//1950 1954//1953 1965//1964 1966//1965
f 1960//1959 1965//1964 1954//1953 1956//1955
f 1959//1958 1967//1966 1965//1964 1960//1959
f 1966//1965 1965//1964 1967//1966 1968//1967
f 1951//1950 1966//1965 1969//1968 1952//1951
f 1968//1967 1970//1969 1969//1968 1966//1965
f 1333//1333 1969//1968 1970//1969 1323//1323
f 1333//1333 1332//1332 1952//1951
f 1959//1958 1958//1957 1971//1970 1967//1966
f 1964//1963 1972//1971 1971//1970 1958//1957
f 1973//1972 1974//1973 1971//1970 1972//1971
f 1967//1966 1971//1970 1974//1973 1968//1967
f 1975//1974 1976//1975 1977//1976 1978//1977
f 1321//1321 1977//1976 1976//1975 1319//1319
f 1323//1323 1970//1969 1977//1976 1321//1321
f 1978//1977 1977//1976 1970//1969 1968//1967
f 1979//1978 1980//1979 1981//1980 1982//1981
f 1964//1963 1962//1961 1980//1979 1979//1978
f 1983//1982 1980//1979 1962//1961 1961//1960
f 1981//1980 1980//1979 1983//1982 1984//1983
f 1985//1984 1986//1985 1987//1986 1988//1987
f 1978//1977 1987//1986 1986//1985 1975//1974
f 1968//1967 1974//1973 1987//1986 1978//1977
f 1988//1987 1987//1986 1974//1973 1973//1972
f 1973//1972 1972//1971 1989//1988 1988//1987
f 1979//1978 1989//1988 1972//1971 1964//1963
f 1982//1981 1990//1989 1989//1988 1979//1978
f 1988//1987 1989//1988 1990//1989 1985//1984
f 1991//1990 1992//1991 1993//1992 1994//1993
f 1981//1980 1993//1992 1992//1991 1982//1981
f 1984//1983 1995//1994 1993//1992 1981//1980
f 1994//1993 1993//1992 1995//1994 1996//1995
f 1997//1996 1998//1997 1999//1998 2000//1999
f 1998//1997 1317//1317 1316//1316
f 1319//1319 1976//1975 1999//1998 1316//1316
f 2000//1999 1999//1998 1976//1975 1975//1974
f 1996//1995 2001//2000 2002//2001 1994//1993
f 1949//1948 2002//2001 2001//2000 1950//1949
f 2002//2001 1949//1948 1948//1947 2003//2002
f 1994//1993 2002//2001 2003//2002 1991//1990
f 2004//2003 2005//2004 1917//1917
f 1885//1885 1884//1884 2004//2003 1916//1916
f 2006//2005 2004//2003 1884//1884 1881//1881
f 2005//2004 2004//2003 2006//2005 2007//2006
f 2008//2007 2009//2008 2010//2009 2011//2010
f 2000//1999 2010//2009 2009//2008 1997//1996
f 1975//1974 1986//1985 2010//2009 2000//1999
f 2011//2010 2010//2009 1986//1985 1985//1984
f 1880//1880 1317//1317 1998//1997
f 1998//1997 1997//1996 2012//2011
f 2013//2012 2012//2011 2007//2006
f 1881//1881 1880//1880 2013//2012 2006//2005
f 2012//2011 2014//2013 2015//2014 2007//2006
f 1997//1996 2009//2008 2014//2013 2012//2011
f 2008//2007 2015//2014 2014//2013 2009//2008
f 2016//2015 1947//1946 1935//1935
f 2005//2004 2016//2015 1939//1939 1917//1917
f 2007//2006 2017//2016 2016//2015 2005//2004
f 1947//1946 2016//2015 2017//2016 1948//1947
f 2018//2017 2019//2018 2015//2014 2008//2007
f 2003//2002 2019//2018 2018//2017 1991//1990
f 1948//1947 2017//2016 2019//2018 2003//2002
f 2019//2018 2017//2016 2007//2006 2015//2014
f 1985//1984 1990//1989 2020//2019 2011//2010
f 1992//1991 2020//2019 1990//1989 1982//1981
f 1991//1990 2018//2017 2020//2019 1992//1991
f 2011//2010 2020//2019 2018//2017 2008//2007
f 641//641 640//640 2021//2020 2022//2021
f 1585//1585 2021//2020 640//640 502//502
f 2021//2020 1585//1585 1589//1589
f 2022//2021 2021//2020 2023//2022 2024//2023
f 645//645 644//644 2025//2024 2026//2025
f 2022//2021 2025//2024 644//644 641//641
f 2024//2023 2027//2026 2025//2024 2022//2021
f 2026//2025 2025//2024 2027//2026 2028//2027
f 2029//2028 1589//1589 1827//1827
f 1628//1628 1830//1830 2030//2029 1827//1827
f 1831//1831 2031//2030 2030//2029 1830//1830
f 2029//2028 2030//2029 2031//2030 2032//2031
f 2032//2031 2031//2030 2033//2032 2034//2033
f 1833//1833 2033//2032 2031//2030 1831//1831
f 1835//1835 2035//2034 2033//2032 1833//1833
f 2034//2033 2033//2032 2035//2034 2036//2035
f 2036//2035 2035//2034 2037//2036 2038//2037
f 1837//1837 2037//2036 2035//2034 1835//1835
f 1839//1839 2039//2038 2037//2036 1837//1837
f 2038//2037 2037//2036 2039//2038 2040//2039
f 2039//2038 2041//2040 2042//2041 2040//2039
f 1848//1848 2041//2040 2039//2038 1839//1839
f 1849//1849 2042//2041 2041//2040 1848//1848
f 2024//2023 2023//2022 2043//2042 2044//2043
f 2029//2028 2043//2042 2023//2022 1589//1589
f 2043//2042 2029//2028 2032//2031
f 2045//2044 2046//2045 2044//2043
f 2027//2026 2047//2046 2048//2047 2028//2027
f 2044//2043 2047//2046 2027//2026 2024//2023
f 2047//2046 2044//2043 2046//2045
f 2048//2047 2047//2046 2049//2048 2050//2049
f 2051//2050 2052//2051 2046//2045
f 2034//2033 2051//2050 2045//2044 2032//2031
f 2036//2035 2053//2052 2051//2050 2034//2033
f 2054//2053 2052//2051 2051//2050 2053//2052
f 2055//2054 2056//2055 2057//2056 2058//2057
f 2053//2052 2057//2056 2056//2055 2054//2053
f 2057//2056 2053//2052 2036//2035
f 2058//2057 2057//2056 2038//2037 2040//2039
f 2028//2027 2048//2047 2059//2058 2026//2025
f 2060//2059 2059//2058 2048//2047 2050//2049
f 2061//2060 2062//2061 2059//2058 2060//2059
f 2026//2025 2059//2058 2062//2061 645//645
f 645//645 2062//2061 2063//2062 649//649
f 2064//2063 2063//2062 2062//2061 2061//2060
f 2065//2064 2066//2065 2063//2062 2064//2063
f 649//649 2063//2062 2066//2065 646//646
f 650//650 653//653 2067//2066 2068//2067
f 2067//2066 653//653 646//646
f 2065//2064 2069//2068 2067//2066 2066//2065
f 2068//2067 2067//2066 2069//2068 2070//2069
f 665//665 664//664 2071//2070 2072//2071
f 2073//2072 2071//2070 664//664 659//659
f 2074//2073 2075//2074 2071//2070 2073//2072
f 2072//2071 2071//2070 2075//2074 2076//2075
f 668//668 667//667 2077//2076 2078//2077
f 2072//2071 2077//2076 667//667 665//665
f 2076//2075 2079//2078 2077//2076 2072//2071
f 2078//2077 2077//2076 2079//2078 2080//2079
f 2081//2080 2082//2081 2083//2082 2084//2083
f 2084//2083 2080//2079 2079//2078
f 2085//2084 2081//2080 2079//2078 2076//2075
f 2086//2085 2082//2081 2081//2080 2085//2084
f 668//668 2078//2077 2087//2086 671//671
f 2078//2077 2080//2079 2088//2087
f 2089//2088 2090//2089 2087//2086 2088//2087
f 671//671 2087//2086 2090//2089 672//672
f 2088//2087 2091//2090 2092//2091 2089//2088
f 2080//2079 2084//2083 2091//2090 2088//2087
f 2091//2090 2084//2083 2083//2082 2093//2092
f 2094//2093 2092//2091 2091//2090 2093//2092
f 672//672 2090//2089 2095//2094 675//675
f 2096//2095 2095//2094 2090//2089 2089//2088
f 2097//2096 2098//2097 2095//2094 2096//2095
f 675//675 2095//2094 2098//2097 676//676
f 2089//2088 2092//2091 2099//2098 2096//2095
f 2100//2099 2099//2098 2092//2091 2094//2093
f 2101//2100 2102//2101 2099//2098 2100//2099
f 2096//2095 2099//2098 2102//2101 2097//2096
f 2103//2102 679//679 676//676
f 2104//2103 2103//2102 2098//2097 2097//2096
f 2105//2104 2106//2105 2103//2102 2104//2103
f 2106//2105 680//680 679//679
f 657//657 656//656 2107//2106 2108//2107
f 2068//2067 2107//2106 656//656 650//650
f 2070//2069 2109//2108 2107//2106 2068//2067
f 2108//2107 2107//2106 2109//2108 2110//2109
f 659//659 658//658 2111//2110 2073//2072
f 2108//2107 2111//2110 658//658 657//657
f 2110//2109 2112//2111 2111//2110 2108//2107
f 2073//2072 2111//2110 2112//2111 2074//2073
f 2076//2075 2075//2074 2113//2112 2085//2084
f 2114//2113 2113//2112 2075//2074 2074//2073
f 2115//2114 2116//2115 2113//2112 2114//2113
f 2085//2084 2113//2112 2116//2115 2086//2085
f 2117//2116 2118//2117 2119//2118 2120//2119
f 2121//2120 2119//2118 2118//2117 2122//2121
f 2070//2069 2069//2068 2119//2118 2121//2120
f 2120//2119 2119//2118 2069//2068 2065//2064
f 2110//2109 2109//2108 2123//2122 2124//2123
f 2121//2120 2123//2122 2109//2108 2070//2069
f 2122//2121 2125//2124 2123//2122 2121//2120
f 2124//2123 2123//2122 2125//2124 2126//2125
f 2074//2073 2112//2111 2127//2126 2114//2113
f 2124//2123 2127//2126 2112//2111 2110//2109
f 2126//2125 2128//2127 2127//2126 2124//2123
f 2114//2113 2127//2126 2128//2127 2115//2114
f 2061//2060 2060//2059 2129//2128 2130//2129
f 2131//2130 2129//2128 2060//2059 2050//2049
f 2132//2131 2133//2132 2129//2128 2131//2130
f 2130//2129 2129//2128 2133//2132 2134//2133
f 2050//2049 2049//2048 2135//2134 2131//2130
f 2052//2051 2135//2134 2049//2048 2046//2045
f 2136//2135 2135//2134 2052//2051 2054//2053
f 2131//2130 2135//2134 2136//2135 2132//2131
f 2054//2053 2056//2055 2137//2136 2136//2135
f 2138//2137 2137//2136 2056//2055 2055//2054
f 2139//2138 2140//2139 2137//2136 2138//2137
f 2136//2135 2137//2136 2140//2139 2132//2131
f 2132//2131 2140//2139 2141//2140 2133//2132
f 2139//2138 2142//2141 2141//2140 2140//2139
f 2133//2132 2141//2140 2142//2141 2134//2133
f 2143//2142 2064//2063 2061//2060 2130//2129
f 2144//2143 2143//2142 2130//2129 2134//2133
f 2143//2142 2144//2143 2117//2116 2120//2119
f 2064//2063 2143//2142 2120//2119 2065//2064
f 2145//2144 2146//2145 2147//2146 2148//2147
f 894//894 2147//2146 2146//2145 880//880
f 898//898 2149//2148 2147//2146 894//894
f 2148//2147 2147//2146 2149//2148 2150//2149
f 908//908 2151//2150 2149//2148 898//898
f 2152//2151 2151//2150 908//908 912//912
f 2153//2152 2154//2153 2151//2150 2152//2151
f 2149//2148 2151//2150 2154//2153 2150//2149
f 912//912 920//920 2155//2154 2152//2151
f 2156//2155 2155//2154 920//920 924//924
f 2157//2156 2158//2157 2155//2154 2156//2155
f 2152//2151 2155//2154 2158//2157 2153//2152
f 924//924 941//941 2159//2158 2156//2155
f 916//916 2160//2159 2159//2158 941//941
f 2161//2160 2159//2158 2160//2159 2162//2161
f 2156//2155 2159//2158 2161//2160 2157//2156
f 2163//2162 2164//2163 2165//2164 2166//2165
f 879//879 2165//2164 2164//2163 881//881
f 880//880 2146//2145 2165//2164 879//879
f 2166//2165 2165//2164 2146//2145 2145//2144
f 2167//2166 2163//2162 2166//2165
f 2168//2167 2166//2165 2145//2144
f 2169//2168 2168//2167 2170//2169 2171//2170
f 2167//2166 2168//2167 2169//2168 2172//2171
f 2171//2170 2170//2169 2173//2172 2174//2173
f 2148//2147 2173//2172 2170//2169 2145//2144
f 2150//2149 2175//2174 2173//2172 2148//2147
f 2174//2173 2173//2172 2175//2174 2176//2175
f 2177//2176 2178//2177 2179//2178 2180//2179
f 2179//2178 2178//2177 2176//2175 2175//2174
f 2154//2153 2179//2178 2175//2174 2150//2149
f 2180//2179 2179//2178 2154//2153 2153//2152
f 2181//2180 2182//2181 2183//2182 2184//2183
f 2180//2179 2183//2182 2182//2181 2177//2176
f 2153//2152 2158//2157 2183//2182 2180//2179
f 2184//2183 2183//2182 2158//2157 2157//2156
f 2185//2184 2186//2185 2187//2186 2188//2187
f 2184//2183 2186//2185 2185//2184 2181//2180
f 2157//2156 2161//2160 2186//2185 2184//2183
f 2162//2161 2187//2186 2186//2185 2161//2160
f 2172//2171 2169//2168 2189//2188 2190//2189
f 2174//2173 2189//2188 2169//2168 2171//2170
f 2176//2175 2191//2190 2189//2188 2174//2173
f 2190//2189 2189//2188 2191//2190 2192//2191
f 2193//2192 2194//2193 2195//2194 2196//2195
f 2191//2190 2195//2194 2194//2193 2192//2191
f 2176//2175 2178//2177 2195//2194 2191//2190
f 2196//2195 2195//2194 2178//2177 2177//2176
f 2197//2196 2198//2197 2199//2198 2200//2199
f 2194//2193 2199//2198 2198//2197 2192//2191
f 2199//2198 2194//2193 2193//2192 2200//2199
f 2201//2200 2202//2201 2203//2202 2204//2203
f 2196//2195 2203//2202 2202//2201 2193//2192
f 2177//2176 2182//2181 2203//2202 2196//2195
f 2204//2203 2203//2202 2182//2181 2181//2180
f 2205//2204 2206//2205 2207//2206 2208//2207
f 2200//2199 2207//2206 2206//2205 2197//2196
f 2193//2192 2202//2201 2207//2206 2200//2199
f 2208//2207 2207//2206 2202//2201 2201//2200
f 2204//2203 2209//2208 2210//2209 2201//2200
f 2181//2180 2185//2184 2209//2208 2204//2203
f 2188//2187 2211//2210 2209//2208 2185//2184
f 2210//2209 2209//2208 2211//2210 2212//2211
f 2213//2212 2214//2213 2215//2214 2216//2215
f 2208//2207 2214//2213 2213//2212 2205//2204
f 2201//2200 2210//2209 2214//2213 2208//2207
f 2212//2211 2215//2214 2214//2213 2210//2209
f 2216//2215 2215//2214 2217//2216 2218//2217
f 2219//2218 2217//2216 2215//2214 2212//2211
f 2220//2219 2221//2220 2217//2216 2219//2218
f 2218//2217 2217//2216 2221//2220 2222//2221
f 2223//2222 2224//2223 2211//2210 2188//2187
f 2225//2224 2224//2223 2223//2222 2226//2225
f 2220//2219 2219//2218 2224//2223 2225//2224
f 2212//2211 2211//2210 2224//2223 2219//2218
f 2222//2221 2221//2220 2227//2226 2228//2227
f 2225//2224 2227//2226 2221//2220 2220//2219
f 2226//2225 2229//2228 2227//2226 2225//2224
f 2228//2227 2227//2226 2229//2228 2230//2229
f 2226//2225 2223//2222 2231//2230 2232//2231
f 2187//2186 2231//2230 2223//2222 2188//2187
f 2233//2232 2231//2230 2187//2186 2162//2161
f 2232//2231 2231//2230 2233//2232 2234//2233
f 2162//2161 2160//2159 2235//2234 2233//2232
f 915//915 2235//2234 2160//2159 916//916
f 802//802 2236//2235 2235//2234 915//915
f 2233//2232 2235//2234 2236//2235 2234//2233
f 2230//2229 2229//2228 2237//2236 2238//2237
f 2232//2231 2237//2236 2229//2228 2226//2225
f 2234//2233 2239//2238 2237//2236 2232//2231
f 2238//2237 2237//2236 2239//2238 2240//2239
f 802//802 801//801 2241//2240 2236//2235
f 2242//2241 2241//2240 801//801 689//689
f 2243//2242 2244//2243 2241//2240 2242//2241
f 2236//2235 2241//2240 2244//2243 2234//2233
f 2245//2244 2246//2245 2247//2246 2248//2247
f 2247//2246 2246//2245 2240//2239 2239//2238
f 2244//2243 2247//2246 2239//2238 2234//2233
f 2248//2247 2247//2246 2244//2243 2243//2242
f 689//689 686//686 2249//2248 2242//2241
f 2250//2249 2249//2248 686//686 685//685
f 2251//2250 2252//2251 2249//2248 2250//2249
f 2242//2241 2249//2248 2252//2251 2243//2242
f 685//685 691//691 2253//2252 2250//2249
f 2106//2105 2253//2252 691//691 680//680
f 2105//2104 2254//2253 2253//2252 2106//2105
f 2250//2249 2253//2252 2254//2253 2251//2250
f 2243//2242 2252//2251 2255//2254 2248//2247
f 2256//2255 2255//2254 2252//2251 2251//2250
f 2257//2256 2258//2257 2255//2254 2256//2255
f 2248//2247 2255//2254 2258//2257 2245//2244
f 2097//2096 2102//2101 2259//2258 2104//2103
f 2260//2259 2259//2258 2102//2101 2101//2100
f 2259//2258 2260//2259 2261//2260 2262//2261
f 2104//2103 2259//2258 2262//2261 2105//2104
f 2251//2250 2254//2253 2263//2262 2256//2255
f 2262//2261 2263//2262 2254//2253 2105//2104
f 2261//2260 2264//2263 2263//2262 2262//2261
f 2256//2255 2263//2262 2264//2263 2257//2256
f 710//710 709//709 2265//2264 2266//2265
f 764//764 2265//2264 709//709 703//703
f 765//765 1438//1438 2265//2264 764//764
f 1438//1438 1441//1441 2266//2265
f 735//735 732//732 2267//2266 2268//2267
f 732//732 711//711 708//708
f 2267//2266 708//708 710//710
f 2268//2267 2267//2266 2269//2268 2270//2269
f 1567//1567 1566//1566 2271//2270 2272//2271
f 2268//2267 2271//2270 1566//1566 735//735
f 2270//2269 2273//2272 2271//2270 2268//2267
f 2272//2271 2271//2270 2273//2272 2274//2273
f 1579//1579 1578//1578 2275//2274 2276//2275
f 2272//2271 2275//2274 1578//1578 1567//1567
f 2274//2273 2277//2276 2275//2274 2272//2271
f 2276//2275 2275//2274 2277//2276 2278//2277
f 1583//1583 1582//1582 2279//2278 2280//2279
f 2276//2275 2279//2278 1582//1582 1579//1579
f 2278//2277 2281//2280 2279//2278 2276//2275
f 2280//2279 2279//2278 2281//2280 2282//2281
f 2283//2282 2284//2283 2285//2284
f 2286//2285 1441//1441 1440//1440
f 2283//2282 1440//1440 1426//1426
f 1443//1443 1442//1442 2284//2283
f 1442//1442 1447//1447 2287//2286 2284//2283
f 2287//2286 1447//1447 1446//1446 2288//2287
f 2289//2288 2290//2289 2287//2286 2288//2287
f 2284//2283 2287//2286 2290//2289 2285//2284
f 2291//2290 2292//2291 2270//2269
f 2269//2268 710//710 2266//2265
f 2291//2290 2266//2265 1441//1441
f 2293//2292 2294//2293 2292//2291
f 2292//2291 2295//2294 2273//2272 2270//2269
f 2296//2295 2295//2294 2292//2291 2294//2293
f 2297//2296 2298//2297 2295//2294 2296//2295
f 2274//2273 2273//2272 2295//2294 2298//2297
f 2298//2297 2299//2298 2277//2276 2274//2273
f 2300//2299 2299//2298 2298//2297 2297//2296
f 2301//2300 2299//2298 2300//2299 2302//2301
f 2278//2277 2277//2276 2299//2298 2301//2300
f 2282//2281 2281//2280 2303//2302 2304//2303
f 2301//2300 2303//2302 2281//2280 2278//2277
f 2302//2301 2305//2304 2303//2302 2301//2300
f 2306//2305 2304//2303 2303//2302 2305//2304
f 2307//2306 2308//2307 2309//2308 2310//2309
f 2311//2310 2309//2308 2308//2307 2312//2311
f 2306//2305 2313//2312 2309//2308 2311//2310
f 2310//2309 2309//2308 2313//2312 2314//2313
f 2314//2313 2313//2312 2315//2314 2316//2315
f 2305//2304 2315//2314 2313//2312 2306//2305
f 2315//2314 2305//2304 2302//2301 2317//2316
f 2316//2315 2315//2314 2317//2316 2318//2317
f 2297//2296 2319//2318 2320//2319 2300//2299
f 2321//2320 2320//2319 2319//2318 2322//2321
f 2318//2317 2317//2316 2320//2319 2321//2320
f 2300//2299 2320//2319 2317//2316 2302//2301
f 1453//1453 1451//1451 2323//2322 2324//2323
f 1430//1430 2323//2322 1451//1451 1431//1431
f 798//798 2325//2324 2323//2322 1430//1430
f 2324//2323 2323//2322 2325//2324 2326//2325
f 2289//2288 2288//2287 2327//2326 2328//2327
f 1452//1452 2327//2326 2288//2287 1446//1446
f 1453//1453 2324//2323 2327//2326 1452//1452
f 2328//2327 2327//2326 2324//2323 2326//2325
f 2329//2328 2330//2329 2326//2325
f 796//796 2329//2328 2325//2324 798//798
f 2329//2328 796//796 797//797 1455//1455
f 2329//2328 1455//1455 1459//1459
f 2331//2330 2332//2331 2285//2284
f 2328//2327 2331//2330 2290//2289 2289//2288
f 2331//2330 2328//2327 2326//2325
f 2333//2332 2334//2333 2332//2331
f 2335//2334 2336//2335 2294//2293
f 2293//2292 1441//1441 2286//2285
f 2335//2334 2286//2285 2285//2284
f 2332//2331 2334//2333 2336//2335
f 2322//2321 2319//2318 2337//2336 2338//2337
f 2296//2295 2337//2336 2319//2318 2297//2296
f 2294//2293 2336//2335 2337//2336 2296//2295
f 2336//2335 2334//2333 2338//2337
f 2334//2333 2333//2332 2339//2338 2340//2339
f 2333//2332 2326//2325 2330//2329
f 2339//2338 2330//2329 1459//1459
f 2340//2339 2339//2338 2341//2340 2342//2341
f 2343//2342 2344//2343 2345//2344 2346//2345
f 2343//2342 1457//1457 1461//1461
f 2344//2343 1461//1461 1463//1463
f 2345//2344 2344//2343 1493//1493 1492//1492
f 2347//2346 2341//2340 1459//1459
f 1458//1458 1457//1457 2343//2342
f 2346//2345 2348//2347 2347//2346 2343//2342
f 2341//2340 2347//2346 2348//2347 2342//2341
f 2349//2348 2350//2349 2346//2345
f 1499//1499 2349//2348 2345//2344 1492//1492
f 1501//1501 2351//2350 2349//2348 1499//1499
f 2350//2349 2349//2348 2351//2350 2352//2351
f 2352//2351 2351//2350 2353//2352 2354//2353
f 1503//1503 2353//2352 2351//2350 1501//1501
f 2353//2352 1503//1503 1497//1497 2355//2354
f 2354//2353 2353//2352 2355//2354 2356//2355
f 1497//1497 1496//1496 2357//2356 2355//2354
f 1473//1473 2357//2356 1496//1496 1474//1474
f 1423//1423 2358//2357 2357//2356 1473//1473
f 2355//2354 2357//2356 2358//2357 2356//2355
f 1422//1422 2359//2358 2358//2357 1423//1423
f 2360//2359 2359//2358 1422//1422 1419//1419
f 2361//2360 2359//2358 2360//2359 2362//2361
f 2356//2355 2358//2357 2359//2358 2361//2360
f 1419//1419 1418//1418 2363//2362 2360//2359
f 2364//2363 2363//2362 1418//1418 1415//1415
f 2365//2364 2366//2365 2363//2362 2364//2363
f 2363//2362 2366//2365 2362//2361 2360//2359
f 1415//1415 1414//1414 2367//2366 2364//2363
f 1414//1414 1411//1411 2368//2367
f 2369//2368 2370//2369 2367//2366 2368//2367
f 2364//2363 2367//2366 2370//2369 2365//2364
f 2368//2367 2371//2370 2372//2371 2369//2368
f 1411//1411 1409//1409 2371//2370 2368//2367
f 1406//1406 2373//2372 2371//2370 1409//1409
f 2372//2371 2371//2370 2373//2372 2374//2373
f 2374//2373 2373//2372 2375//2374 2376//2375
f 1405//1405 2375//2374 2373//2372 1406//1406
f 1402//1402 2377//2376 2375//2374 1405//1405
f 2376//2375 2375//2374 2377//2376 2378//2377
f 2378//2377 2377//2376 2379//2378 2380//2379
f 1401//1401 2379//2378 2377//2376 1402//1402
f 2379//2378 1401//1401 1398//1398
f 2381//2380 2382//2381 2380//2379
f 2383//2382 2384//2383 2385//2384 2386//2385
f 2384//2383 2334//2333 2340//2339
f 2342//2341 2386//2385 2385//2384 2340//2339
f 2387//2386 2388//2387 2389//2388 2390//2389
f 2338//2337 2389//2388 2388//2387 2322//2321
f 2334//2333 2384//2383 2389//2388 2338//2337
f 2390//2389 2389//2388 2384//2383 2383//2382
f 2391//2390 2392//2391 2393//2392 2394//2393
f 2321//2320 2393//2392 2392//2391 2318//2317
f 2322//2321 2388//2387 2393//2392 2321//2320
f 2394//2393 2393//2392 2388//2387 2387//2386
f 2395//2394 2396//2395 2397//2396 2398//2397
f 2316//2315 2397//2396 2396//2395 2314//2313
f 2318//2317 2392//2391 2397//2396 2316//2315
f 2398//2397 2397//2396 2392//2391 2391//2390
f 2310//2309 2399//2398 2400//2399 2307//2306
f 2314//2313 2396//2395 2399//2398 2310//2309
f 2401//2400 2399//2398 2396//2395 2395//2394
f 2402//2401 2400//2399 2399//2398 2401//2400
f 2342//2341 2348//2347 2403//2402 2386//2385
f 2348//2347 2346//2345 2404//2403
f 2404//2403 2405//2404 2406//2405
f 2406//2405 2383//2382 2386//2385
f 2407//2406 2408//2407 2405//2404
f 2404//2403 2346//2345 2350//2349
f 2352//2351 2409//2408 2407//2406 2350//2349
f 2408//2407 2407//2406 2409//2408 2410//2409
f 2410//2409 2409//2408 2411//2410 2412//2411
f 2354//2353 2411//2410 2409//2408 2352//2351
f 2356//2355 2413//2412 2411//2410 2354//2353
f 2412//2411 2411//2410 2413//2412 2414//2413
f 2414//2413 2413//2412 2415//2414 2416//2415
f 2361//2360 2415//2414 2413//2412 2356//2355
f 2362//2361 2417//2416 2415//2414 2361//2360
f 2416//2415 2415//2414 2417//2416 2418//2417
f 2418//2417 2417//2416 2419//2418 2420//2419
f 2366//2365 2419//2418 2417//2416 2362//2361
f 2421//2420 2419//2418 2366//2365 2365//2364
f 2419//2418 2421//2420 2422//2421 2420//2419
f 2423//2422 2424//2423 2425//2424 2426//2425
f 2421//2420 2425//2424 2424//2423 2422//2421
f 2365//2364 2370//2369 2425//2424 2421//2420
f 2426//2425 2425//2424 2370//2369 2369//2368
f 2427//2426 2428//2427 2429//2428 2430//2429
f 2426//2425 2429//2428 2428//2427 2423//2422
f 2369//2368 2372//2371 2429//2428 2426//2425
f 2430//2429 2429//2428 2372//2371 2374//2373
f 2431//2430 2432//2431 2433//2432 2434//2433
f 2430//2429 2433//2432 2432//2431 2427//2426
f 2374//2373 2376//2375 2433//2432 2430//2429
f 2434//2433 2433//2432 2376//2375 2378//2377
f 2435//2434 2436//2435 2437//2436 2438//2437
f 2434//2433 2437//2436 2436//2435 2431//2430
f 2378//2377 2380//2379 2437//2436 2434//2433
f 2438//2437 2437//2436 2380//2379 2382//2381
f 2439//2438 2440//2439 2441//2440 2442//2441
f 2431//2430 2436//2435 2440//2439 2439//2438
f 2435//2434 2443//2442 2440//2439 2436//2435
f 2441//2440 2440//2439 2443//2442 2444//2443
f 2445//2444 2446//2445 2447//2446 2448//2447
f 2428//2427 2447//2446 2446//2445 2423//2422
f 2449//2448 2447//2446 2428//2427 2427//2426
f 2448//2447 2447//2446 2449//2448 2450//2449
f 2427//2426 2432//2431 2451//2450 2449//2448
f 2439//2438 2451//2450 2432//2431 2431//2430
f 2442//2441 2452//2451 2451//2450 2439//2438
f 2449//2448 2451//2450 2452//2451 2450//2449
f 2453//2452 2454//2453 2455//2454 2456//2455
f 2424//2423 2455//2454 2454//2453 2422//2421
f 2423//2422 2446//2445 2455//2454 2424//2423
f 2456//2455 2455//2454 2446//2445 2445//2444
f 2445//2444 2448//2447 2457//2456 2456//2455
f 2458//2457 2457//2456 2448//2447 2450//2449
f 2459//2458 2460//2459 2457//2456 2458//2457
f 2456//2455 2457//2456 2460//2459 2453//2452
f 2461//2460 2462//2461 2463//2462 2464//2463
f 2420//2419 2463//2462 2462//2461 2418//2417
f 2422//2421 2454//2453 2463//2462 2420//2419
f 2464//2463 2463//2462 2454//2453 2453//2452
f 2453//2452 2460//2459 2465//2464 2464//2463
f 2466//2465 2465//2464 2460//2459 2459//2458
f 2465//2464 2466//2465 2467//2466 2468//2467
f 2464//2463 2465//2464 2468//2467 2461//2460
f 2469//2468 2470//2469 2471//2470 2472//2471
f 2416//2415 2471//2470 2470//2469 2414//2413
f 2418//2417 2462//2461 2471//2470 2416//2415
f 2472//2471 2471//2470 2462//2461 2461//2460
f 2469//2468 2472//2471 2473//2472 2474//2473
f 2468//2467 2473//2472 2472//2471 2461//2460
f 2467//2466 2475//2474 2473//2472 2468//2467
f 2474//2473 2473//2472 2475//2474 2476//2475
f 2414//2413 2470//2469 2477//2476 2412//2411
f 2478//2477 2477//2476 2470//2469 2469//2468
f 2479//2478 2480//2479 2477//2476 2478//2477
f 2412//2411 2477//2476 2480//2479 2410//2409
f 2479//2478 2478//2477 2481//2480 2482//2481
f 2474//2473 2481//2480 2478//2477 2469//2468
f 2476//2475 2483//2482 2481//2480 2474//2473
f 2482//2481 2481//2480 2483//2482 2484//2483
f 2485//2484 2486//2485 2487//2486
f 2408//2407 2485//2484 2488//2487 2405//2404
f 2410//2409 2480//2479 2485//2484 2408//2407
f 2480//2479 2479//2478 2486//2485
f 2487//2486 2486//2485 2489//2488
f 2486//2485 2479//2478 2482//2481
f 2484//2483 2490//2489 2489//2488 2482//2481
f 2491//2490 2489//2488 2490//2489 2492//2491
f 2493//2492 2494//2493 2495//2494 2496//2495
f 2406//2405 2495//2494 2494//2493 2383//2382
f 2405//2404 2488//2487 2495//2494 2406//2405
f 2496//2495 2495//2494 2488//2487 2487//2486
f 2487//2486 2491//2490 2497//2496 2496//2495
f 2498//2497 2497//2496 2491//2490 2492//2491
f 2499//2498 2500//2499 2497//2496 2498//2497
f 2496//2495 2497//2496 2500//2499 2493//2492
f 2383//2382 2494//2493 2501//2500 2390//2389
f 2502//2501 2501//2500 2494//2493 2493//2492
f 2503//2502 2504//2503 2501//2500 2502//2501
f 2390//2389 2501//2500 2504//2503 2387//2386
f 2505//2504 2502//2501 2493//2492
f 2506//2505 2505//2504 2500//2499 2499//2498
f 2507//2506 2508//2507 2505//2504 2506//2505
f 2502//2501 2505//2504 2508//2507 2503//2502
f 2387//2386 2504//2503 2509//2508 2394//2393
f 2510//2509 2509//2508 2504//2503 2503//2502
f 2511//2510 2512//2511 2509//2508 2510//2509
f 2394//2393 2509//2508 2512//2511 2391//2390
f 2503//2502 2508//2507 2513//2512 2510//2509
f 2514//2513 2513//2512 2508//2507 2507//2506
f 2515//2514 2516//2515 2513//2512 2514//2513
f 2510//2509 2513//2512 2516//2515 2511//2510
f 2391//2390 2512//2511 2517//2516 2398//2397
f 2518//2517 2517//2516 2512//2511 2511//2510
f 2519//2518 2520//2519 2517//2516 2518//2517
f 2398//2397 2517//2516 2520//2519 2395//2394
f 2511//2510 2516//2515 2521//2520 2518//2517
f 2522//2521 2521//2520 2516//2515 2515//2514
f 2523//2522 2524//2523 2521//2520 2522//2521
f 2518//2517 2521//2520 2524//2523 2519//2518
f 2395//2394 2520//2519 2525//2524 2401//2400
f 2526//2525 2525//2524 2520//2519 2519//2518
f 2527//2526 2528//2527 2525//2524 2526//2525
f 2401//2400 2525//2524 2528//2527 2402//2401
f 2519//2518 2524//2523 2529//2528 2526//2525
f 2530//2529 2529//2528 2524//2523 2523//2522
f 2531//2530 2532//2531 2529//2528 2530//2529
f 2526//2525 2529//2528 2532//2531 2527//2526
f 2282//2281 2304//2303 2533//2532 2534//2533
f 2311//2310 2533//2532 2304//2303 2306//2305
f 2312//2311 2535//2534 2533//2532 2311//2310
f 2534//2533 2533//2532 2535//2534 2536//2535
f 2536//2535 2535//2534 2537//2536 2538//2537
f 2539//2538 2537//2536 2535//2534 2312//2311
f 2540//2539 2538//2537 2537//2536 2539//2538
f 1150//1150 1149//1149 2541//2540 2542//2541
f 2543//2542 2541//2540 1149//1149 1148//1148
f 2544//2543 2545//2544 2541//2540 2543//2542
f 2541//2540 2545//2544 2546//2545 2542//2541
f 2547//2546 2548//2547 2549//2548 2550//2549
f 2551//2550 2549//2548 2548//2547 2552//2551
f 2553//2552 2554//2553 2549//2548 2551//2550
f 2550//2549 2549//2548 2554//2553 2555//2554
f 2556//2555 2557//2556 2558//2557 2559//2558
f 2536//2535 2538//2537 2557//2556 2556//2555
f 2560//2559 2557//2556 2538//2537 2540//2539
f 2561//2560 2558//2557 2557//2556 2560//2559
f 2562//2561 2563//2562 2564//2563 2565//2564
f 2566//2565 2564//2563 2563//2562 2567//2566
f 2559//2558 2558//2557 2564//2563 2566//2565
f 2565//2564 2564//2563 2558//2557 2561//2560
f 2568//2567 2569//2568 2570//2569 2571//2570
f 2572//2571 2570//2569 2569//2568 2573//2572
f 2567//2566 2563//2562 2570//2569 2572//2571
f 2571//2570 2570//2569 2563//2562 2562//2561
f 2573//2572 2569//2568 2574//2573 2575//2574
f 2576//2575 2574//2573 2569//2568 2568//2567
f 2577//2576 2578//2577 2574//2573 2576//2575
f 2575//2574 2574//2573 2578//2577 2579//2578
f 2579//2578 2578//2577 2580//2579 2581//2580
f 2582//2581 2580//2579 2578//2577 2577//2576
f 2580//2579 2582//2581 2552//2551
f 2581//2580 2580//2579 2548//2547 2547//2546
f 2583//2582 2547//2546 2550//2549
f 2555//2554 2584//2583 2585//2584 2550//2549
f 2586//2585 2585//2584 2584//2583 2587//2586
f 2585//2584 2586//2585 2588//2587 2583//2582
f 2589//2588 2590//2589 2591//2590 2592//2591
f 2593//2592 2591//2590 2590//2589 2594//2593
f 2595//2594 2596//2595 2591//2590 2593//2592
f 2592//2591 2591//2590 2596//2595 2597//2596
f 2545//2544 2598//2597 2599//2598 2546//2545
f 2600//2599 2598//2597 2545//2544 2544//2543
f 2588//2587 2586//2585 2598//2597 2600//2599
f 2587//2586 2599//2598 2598//2597 2586//2585
f 2544//2543 2601//2600 2602//2601 2600//2599
f 2603//2602 2602//2601 2601//2600 2604//2603
f 2605//2604 2606//2605 2602//2601 2603//2602
f 2600//2599 2602//2601 2606//2605 2588//2587
f 2588//2587 2606//2605 2607//2606 2583//2582
f 2608//2607 2607//2606 2606//2605 2605//2604
f 2581//2580 2607//2606 2608//2607 2579//2578
f 2547//2546 2583//2582 2607//2606 2581//2580
f 2604//2603 2609//2608 2610//2609 2603//2602
f 2590//2589 2610//2609 2609//2608 2594//2593
f 2611//2610 2610//2609 2590//2589 2589//2588
f 2603//2602 2610//2609 2611//2610 2605//2604
f 2597//2596 2612//2611 2613//2612 2592//2591
f 2572//2571 2613//2612 2612//2611 2567//2566
f 2573//2572 2614//2613 2613//2612 2572//2571
f 2592//2591 2613//2612 2614//2613 2589//2588
f 2575//2574 2615//2614 2614//2613 2573//2572
f 2579//2578 2608//2607 2615//2614 2575//2574
f 2605//2604 2611//2610 2615//2614 2608//2607
f 2589//2588 2614//2613 2615//2614 2611//2610
f 2616//2615 2617//2616 2618//2617 2619//2618
f 2280//2279 2618//2617 2617//2616 1583//1583
f 2282//2281 2534//2533 2618//2617 2280//2279
f 2618//2617 2534//2533 2536//2535 2619//2618
f 2620//2619 2621//2620 2595//2594 2593//2592
f 2594//2593 2622//2621 2620//2619 2593//2592
f 2623//2622 2620//2619 2622//2621 2624//2623
f 2621//2620 2620//2619 2623//2622 2625//2624
f 2626//2625 2627//2626 2628//2627 2629//2628
f 2626//2625 1526//1526 1537//1537
f 1539//1539 2630//2629 2627//2626 1537//1537
f 2630//2629 2631//2630 2628//2627
f 1512//1512 1527//1527 2632//2631 2633//2632
f 2626//2625 2632//2631 1527//1527 1526//1526
f 2634//2633 2632//2631 2626//2625 2629//2628
f 2633//2632 2632//2631 2634//2633 2635//2634
f 230//230 1513//1513 2636//2635 238//238
f 2633//2632 2636//2635 1513//1513 1512//1512
f 2635//2634 2637//2636 2636//2635 2633//2632
f 238//238 2636//2635 2637//2636 239//239
f 239//239 2637//2636 2638//2637 2639//2638
f 2640//2639 2638//2637 2637//2636 2635//2634
f 2641//2640 2642//2641 2638//2637 2640//2639
f 2639//2638 2638//2637 2642//2641 2643//2642
f 2635//2634 2634//2633 2644//2643 2640//2639
f 2634//2633 2629//2628 2645//2644
f 2646//2645 2647//2646 2644//2643 2645//2644
f 2640//2639 2644//2643 2647//2646 2641//2640
f 2646//2645 2645//2644 2648//2647 2649//2648
f 2650//2649 2648//2647 2645//2644 2629//2628
f 2651//2650 2652//2651 2648//2647 2650//2649
f 2649//2648 2648//2647 2652//2651 2653//2652
f 2654//2653 2655//2654 2652//2651 2651//2650
f 2656//2655 2655//2654 2654//2653 2625//2624
f 2657//2656 2655//2654 2656//2655 2658//2657
f 2653//2652 2652//2651 2655//2654 2657//2656
f 2624//2623 2659//2658 2660//2659 2623//2622
f 2661//2660 2660//2659 2659//2658 2662//2661
f 2658//2657 2656//2655 2660//2659 2661//2660
f 2623//2622 2660//2659 2656//2655 2625//2624
f 1055//1055 1054//1054 2663//2662 2664//2663
f 2665//2664 2663//2662 1054//1054 1015//1015
f 2666//2665 2667//2666 2663//2662 2665//2664
f 2664//2663 2663//2662 2667//2666 2662//2661
f 2668//2667 2669//2668 2670//2669 2671//2670
f 2661//2660 2670//2669 2669//2668 2658//2657
f 2662//2661 2667//2666 2670//2669 2661//2660
f 2667//2666 2666//2665 2671//2670
f 2672//2671 2673//2672 2674//2673 2675//2674
f 1581//1581 2674//2673 2673//2672 1575//1575
f 1583//1583 2617//2616 2674//2673 1581//1581
f 2675//2674 2674//2673 2617//2616 2616//2615
f 2559//2558 2676//2675 2677//2676 2556//2555
f 2678//2677 2677//2676 2676//2675 2679//2678
f 2619//2618 2677//2676 2678//2677 2616//2615
f 2556//2555 2677//2676 2619//2618 2536//2535
f 2567//2566 2612//2611 2680//2679 2566//2565
f 2681//2680 2680//2679 2612//2611 2597//2596
f 2679//2678 2676//2675 2680//2679 2681//2680
f 2566//2565 2680//2679 2676//2675 2559//2558
f 2682//2681 2683//2682 2684//2683 2685//2684
f 2675//2674 2684//2683 2683//2682 2672//2671
f 2616//2615 2678//2677 2684//2683 2675//2674
f 2685//2684 2684//2683 2678//2677 2679//2678
f 2686//2685 2687//2686 2596//2595 2595//2594
f 2688//2687 2687//2686 2686//2685 2689//2688
f 2681//2680 2687//2686 2688//2687 2679//2678
f 2597//2596 2596//2595 2687//2686 2681//2680
f 2651//2650 2650//2649 2690//2689 2691//2690
f 2629//2628 2628//2627 2690//2689 2650//2649
f 2631//2630 2692//2691 2690//2689 2628//2627
f 2691//2690 2690//2689 2692//2691 2689//2688
f 2625//2624 2654//2653 2693//2692 2621//2620
f 2691//2690 2693//2692 2654//2653 2651//2650
f 2689//2688 2686//2685 2693//2692 2691//2690
f 2621//2620 2693//2692 2686//2685 2595//2594
f 2694//2693 2695//2694 2631//2630
f 1549//1549 2694//2693 2630//2629 1539//1539
f 1551//1551 2696//2695 2694//2693 1549//1549
f 2695//2694 2694//2693 2696//2695 2697//2696
f 2697//2696 2696//2695 2698//2697 2699//2698
f 1562//1562 2698//2697 2696//2695 1551//1551
f 1563//1563 2700//2699 2698//2697 1562//1562
f 2699//2698 2698//2697 2700//2699 2701//2700
f 2702//2701 2703//2702 2701//2700
f 1573//1573 2702//2701 2700//2699 1563//1563
f 2702//2701 1573//1573 1575//1575
f 2703//2702 2702//2701 2673//2672 2672//2671
f 2704//2703 2705//2704 2706//2705 2707//2706
f 2697//2696 2699//2698 2705//2704 2704//2703
f 2701//2700 2706//2705 2705//2704 2699//2698
f 2672//2671 2683//2682 2708//2707 2703//2702
f 2709//2708 2708//2707 2683//2682 2682//2681
f 2707//2706 2706//2705 2708//2707 2709//2708
f 2703//2702 2708//2707 2706//2705 2701//2700
f 2682//2681 2685//2684 2710//2709 2709//2708
f 2688//2687 2710//2709 2685//2684 2679//2678
f 2689//2688 2711//2710 2710//2709 2688//2687
f 2709//2708 2710//2709 2711//2710 2707//2706
f 2707//2706 2711//2710 2712//2711 2704//2703
f 2692//2691 2712//2711 2711//2710 2689//2688
f 2695//2694 2712//2711 2692//2691 2631//2630
f 2704//2703 2712//2711 2695//2694 2697//2696
f 335//335 334//334 2713//2712 2714//2713
f 297//297 2713//2712 334//334 295//295
f 299//299 2715//2714 2713//2712 297//297
f 2714//2713 2713//2712 2715//2714 2716//2715
f 375//375 374//374 2717//2716 2718//2717
f 2714//2713 2717//2716 374//374 335//335
f 2716//2715 2719//2718 2717//2716 2714//2713
f 2718//2717 2717//2716 2719//2718 2720//2719
f 2721//2720 2722//2721 2723//2722 2724//2723
f 1011//1011 2723//2722 2722//2721 1008//1008
f 375//375 2718//2717 2723//2722 1011//1011
f 2724//2723 2723//2722 2718//2717 2720//2719
f 2725//2724 2726//2725 2727//2726 2728//2727
f 1016//1016 2727//2726 2726//2725 1017//1017
f 1008//1008 2722//2721 2727//2726 1016//1016
f 2728//2727 2727//2726 2722//2721 2721//2720
f 2729//2728 2730//2729 2731//2730
f 2730//2729 2653//2652 2657//2656
f 2731//2730 2657//2656 2658//2657
f 2668//2667 2732//2731 2731//2730 2669//2668
f 2733//2732 2734//2733 2735//2734 2736//2735
f 2649//2648 2735//2734 2734//2733 2646//2645
f 2735//2734 2649//2648 2653//2652
f 2730//2729 2729//2728 2736//2735
f 2737//2736 2738//2737 2739//2738 2740//2739
f 2665//2664 2739//2738 2738//2737 2666//2665
f 1015//1015 1014//1014 2739//2738 2665//2664
f 2740//2739 2739//2738 1014//1014 1017//1017
f 2729//2728 2732//2731 2741//2740 2742//2741
f 2671//2670 2741//2740 2732//2731 2668//2667
f 2666//2665 2738//2737 2741//2740 2671//2670
f 2742//2741 2741//2740 2738//2737 2737//2736
f 2743//2742 2744//2743 2745//2744 2746//2745
f 2740//2739 2745//2744 2744//2743 2737//2736
f 1017//1017 2726//2725 2745//2744 2740//2739
f 2746//2745 2745//2744 2726//2725 2725//2724
f 2641//2640 2647//2646 2747//2746 2748//2747
f 2734//2733 2747//2746 2647//2646 2646//2645
f 2733//2732 2749//2748 2747//2746 2734//2733
f 2748//2747 2747//2746 2749//2748 2750//2749
f 2751//2750 2752//2751 2733//2732
f 2736//2735 2729//2728 2742//2741
f 2737//2736 2753//2752 2751//2750 2742//2741
f 2752//2751 2751//2750 2753//2752 2754//2753
f 2754//2753 2753//2752 2755//2754 2756//2755
f 2744//2743 2755//2754 2753//2752 2737//2736
f 2757//2756 2755//2754 2744//2743 2743//2742
f 2758//2757 2756//2755 2755//2754 2757//2756
f 2748//2747 2759//2758 2642//2641 2641//2640
f 2750//2749 2760//2759 2759//2758 2748//2747
f 2642//2641 2759//2758 2760//2759 2643//2642
f 2752//2751 2761//2760 2749//2748 2733//2732
f 2754//2753 2762//2761 2761//2760 2752//2751
f 2763//2762 2761//2760 2762//2761 2764//2763
f 2750//2749 2749//2748 2761//2760 2763//2762
f 2764//2763 2762//2761 2765//2764 2766//2765
f 2756//2755 2765//2764 2762//2761 2754//2753
f 2767//2766 2765//2764 2756//2755 2758//2757
f 2766//2765 2765//2764 2767//2766 2768//2767
f 2769//2768 2770//2769 2771//2770 2772//2771
f 2773//2772 2771//2770 2770//2769 2774//2773
f 299//299 298//298 2771//2770 2773//2772
f 2772//2771 2771//2770 298//298 241//241
f 241//241 240//240 2775//2774 2772//2771
f 2639//2638 2775//2774 240//240 239//239
f 2643//2642 2776//2775 2775//2774 2639//2638
f 2772//2771 2775//2774 2776//2775 2769//2768
f 2643//2642 2760//2759 2777//2776 2778//2777
f 2763//2762 2777//2776 2760//2759 2750//2749
f 2764//2763 2779//2778 2777//2776 2763//2762
f 2778//2777 2777//2776 2779//2778 2780//2779
f 2780//2779 2779//2778 2781//2780 2782//2781
f 2766//2765 2781//2780 2779//2778 2764//2763
f 2768//2767 2783//2782 2781//2780 2766//2765
f 2782//2781 2781//2780 2783//2782 2784//2783
f 2716//2715 2715//2714 2785//2784 2786//2785
f 2773//2772 2785//2784 2715//2714 299//299
f 2774//2773 2787//2786 2785//2784 2773//2772
f 2786//2785 2785//2784 2787//2786 2788//2787
f 2769//2768 2776//2775 2789//2788 2790//2789
f 2778//2777 2789//2788 2776//2775 2643//2642
f 2780//2779 2791//2790 2789//2788 2778//2777
f 2790//2789 2789//2788 2791//2790 2792//2791
f 2774//2773 2770//2769 2793//2792 2787//2786
f 2790//2789 2793//2792 2770//2769 2769//2768
f 2792//2791 2794//2793 2793//2792 2790//2789
f 2787//2786 2793//2792 2794//2793 2788//2787
f 2792//2791 2791//2790 2795//2794 2796//2795
f 2782//2781 2795//2794 2791//2790 2780//2779
f 2784//2783 2797//2796 2795//2794 2782//2781
f 2796//2795 2795//2794 2797//2796 2798//2797
f 2788//2787 2794//2793 2799//2798 2800//2799
f 2796//2795 2799//2798 2794//2793 2792//2791
f 2798//2797 2801//2800 2799//2798 2796//2795
f 2800//2799 2799//2798 2801//2800 2802//2801
f 2720//2719 2719//2718 2803//2802 2804//2803
f 2786//2785 2803//2802 2719//2718 2716//2715
f 2788//2787 2805//2804 2803//2802 2786//2785
f 2804//2803 2803//2802 2805//2804 2806//2805
f 2804//2803 2807//2806 2724//2723 2720//2719
f 2806//2805 2808//2807 2807//2806 2804//2803
f 2809//2808 2810//2809 2807//2806 2808//2807
f 2724//2723 2807//2806 2810//2809 2721//2720
f 2806//2805 2805//2804 2811//2810 2812//2811
f 2800//2799 2811//2810 2805//2804 2788//2787
f 2802//2801 2813//2812 2811//2810 2800//2799
f 2812//2811 2811//2810 2813//2812 2814//2813
f 2721//2720 2810//2809 2815//2814 2728//2727
f 2816//2815 2815//2814 2810//2809 2809//2808
f 2817//2816 2818//2817 2815//2814 2816//2815
f 2728//2727 2815//2814 2818//2817 2725//2724
f 2808//2807 2819//2818 2820//2819 2809//2808
f 2812//2811 2819//2818 2808//2807 2806//2805
f 2814//2813 2821//2820 2819//2818 2812//2811
f 2822//2821 2820//2819 2819//2818 2821//2820
f 2725//2724 2818//2817 2823//2822 2746//2745
f 2824//2823 2823//2822 2818//2817 2817//2816
f 2825//2824 2826//2825 2823//2822 2824//2823
f 2746//2745 2823//2822 2826//2825 2743//2742
f 2827//2826 2828//2827 2829//2828 2830//2829
f 2816//2815 2829//2828 2828//2827 2817//2816
f 2809//2808 2820//2819 2829//2828 2816//2815
f 2830//2829 2829//2828 2820//2819 2822//2821
f 2831//2830 2832//2831 2833//2832 2834//2833
f 2757//2756 2833//2832 2832//2831 2758//2757
f 2743//2742 2826//2825 2833//2832 2757//2756
f 2834//2833 2833//2832 2826//2825 2825//2824
f 2835//2834 2836//2835 2837//2836 2838//2837
f 2768//2767 2767//2766 2837//2836 2836//2835
f 2758//2757 2832//2831 2837//2836 2767//2766
f 2838//2837 2837//2836 2832//2831 2831//2830
f 2817//2816 2828//2827 2839//2838 2824//2823
f 2840//2839 2839//2838 2828//2827 2827//2826
f 2841//2840 2842//2841 2839//2838 2840//2839
f 2824//2823 2839//2838 2842//2841 2825//2824
f 2784//2783 2783//2782 2843//2842 2844//2843
f 2836//2835 2843//2842 2783//2782 2768//2767
f 2835//2834 2845//2844 2843//2842 2836//2835
f 2844//2843 2843//2842 2845//2844 2846//2845
f 2847//2846 2848//2847 2849//2848
f 2834//2833 2847//2846 2850//2849 2831//2830
f 2825//2824 2842//2841 2847//2846 2834//2833
f 2848//2847 2847//2846 2842//2841 2841//2840
f 2846//2845 2845//2844 2851//2850 2852//2851
f 2838//2837 2851//2850 2845//2844 2835//2834
f 2831//2830 2850//2849 2851//2850 2838//2837
f 2852//2851 2851//2850 2850//2849 2849//2848
f 2798//2797 2797//2796 2853//2852 2854//2853
f 2844//2843 2853//2852 2797//2796 2784//2783
f 2846//2845 2855//2854 2853//2852 2844//2843
f 2854//2853 2853//2852 2855//2854 2856//2855
f 2802//2801 2801//2800 2857//2856 2858//2857
f 2854//2853 2857//2856 2801//2800 2798//2797
f 2856//2855 2859//2858 2857//2856 2854//2853
f 2858//2857 2857//2856 2859//2858 2860//2859
f 2856//2855 2855//2854 2861//2860 2862//2861
f 2852//2851 2861//2860 2855//2854 2846//2845
f 2862//2861 2861//2860 2852//2851 2849//2848
f 2860//2859 2859//2858 2863//2862 2864//2863
f 2862//2861 2863//2862 2859//2858 2856//2855
f 2849//2848 2865//2864 2863//2862 2862//2861
f 2864//2863 2863//2862 2865//2864 2866//2865
f 2848//2847 2867//2866 2865//2864 2849//2848
f 2868//2867 2867//2866 2848//2847 2841//2840
f 2869//2868 2870//2869 2867//2866 2868//2867
f 2866//2865 2865//2864 2867//2866 2870//2869
f 2870//2869 2871//2870 2872//2871 2866//2865
f 2873//2872 2871//2870 2870//2869 2869//2868
f 2874//2873 2875//2874 2871//2870 2873//2872
f 2876//2875 2872//2871 2871//2870 2875//2874
f 2841//2840 2840//2839 2877//2876 2868//2867
f 2827//2826 2878//2877 2877//2876 2840//2839
f 2879//2878 2877//2876 2878//2877 2880//2879
f 2868//2867 2877//2876 2879//2878 2869//2868
f 2880//2879 2878//2877 2881//2880 2882//2881
f 2830//2829 2881//2880 2878//2877 2827//2826
f 2822//2821 2883//2882 2881//2880 2830//2829
f 2882//2881 2881//2880 2883//2882 2884//2883
f 2885//2884 2886//2885 2887//2886
f 2864//2863 2885//2884 2888//2887 2860//2859
f 2866//2865 2872//2871 2885//2884 2864//2863
f 2876//2875 2886//2885 2885//2884
f 2814//2813 2813//2812 2889//2888 2890//2889
f 2858//2857 2889//2888 2813//2812 2802//2801
f 2860//2859 2888//2887 2889//2888 2858//2857
f 2890//2889 2889//2888 2888//2887 2887//2886
f 2884//2883 2883//2882 2891//2890 2892//2891
f 2821//2820 2891//2890 2883//2882 2822//2821
f 2890//2889 2891//2890 2821//2820 2814//2813
f 2891//2890 2890//2889 2887//2886 2892//2891
f 2893//2892 2894//2893 2895//2894
f 2882//2881 2893//2892 2896//2895 2880//2879
f 2884//2883 2892//2891 2893//2892 2882//2881
f 2892//2891 2887//2886 2894//2893
f 2876//2875 2875//2874 2897//2896 2886//2885
f 2898//2897 2897//2896 2875//2874 2874//2873
f 2894//2893 2897//2896 2898//2897 2895//2894
f 2886//2885 2897//2896 2894//2893 2887//2886
f 2874//2873 2873//2872 2899//2898 2898//2897
f 2879//2878 2899//2898 2873//2872 2869//2868
f 2880//2879 2896//2895 2899//2898 2879//2878
f 2895//2894 2898//2897 2899//2898 2896//2895
f 2900//2899 2901//2900 2902//2901
f 1086//1086 2900//2899 2903//2902 1087//1087
f 1068//1068 1073//1073 2900//2899 1086//1086
f 2901//2900 2900//2899 1073//1073 1072//1072
f 1170//1170 1173//1173 2904//2903 2905//2904
f 1167//1167 1166//1166 2904//2903 1173//1173
f 2903//2902 2904//2903 1166//1166 1087//1087
f 2905//2904 2904//2903 2903//2902 2902//2901
f 2906//2905 2907//2906 1177//1177 1176//1176
f 2905//2904 2906//2905 1176//1176 1170//1170
f 2905//2904 2902//2901 2908//2907
f 2907//2906 2906//2905 2908//2907 2909//2908
f 1032//1032 1037//1037 2910//2909 1071//1071
f 2911//2910 2910//2909 1037//1037 1036//1036
f 2912//2911 2913//2912 2910//2909 2911//2910
f 1071//1071 2910//2909 2913//2912 1072//1072
f 1072//1072 2913//2912 2914//2913 2901//2900
f 2915//2914 2914//2913 2913//2912 2912//2911
f 2916//2915 2917//2916 2914//2913 2915//2914
f 2901//2900 2914//2913 2917//2916 2902//2901
f 2909//2908 2908//2907 2918//2917 2919//2918
f 2918//2917 2908//2907 2902//2901
f 2919//2918 2918//2917 2917//2916 2916//2915
f 1036//1036 1041//1041 2920//2919 2911//2910
f 2921//2920 2920//2919 1041//1041 1040//1040
f 2922//2921 2923//2922 2920//2919 2921//2920
f 2911//2910 2920//2919 2923//2922 2912//2911
f 1177//1177 2907//2906 2924//2923 1181//1181
f 2909//2908 2925//2924 2924//2923 2907//2906
f 2926//2925 2927//2926 2924//2923 2925//2924
f 1181//1181 2924//2923 2927//2926 1178//1178
f 2912//2911 2923//2922 2928//2927 2915//2914
f 2923//2922 2922//2921 2929//2928
f 2930//2929 2931//2930 2928//2927 2929//2928
f 2915//2914 2928//2927 2931//2930 2916//2915
f 2926//2925 2925//2924 2932//2931 2933//2932
f 2919//2918 2932//2931 2925//2924 2909//2908
f 2916//2915 2931//2930 2932//2931 2919//2918
f 2933//2932 2932//2931 2931//2930 2930//2929
f 2921//2920 2934//2933 2935//2934 2922//2921
f 1045//1045 2934//2933 2921//2920 1040//1040
f 1047//1047 2936//2935 2934//2933 1045//1045
f 2936//2935 2937//2936 2935//2934
f 1178//1178 2927//2926 2938//2937 1185//1185
f 2939//2938 2938//2937 2927//2926 2926//2925
f 2940//2939 2941//2940 2938//2937 2939//2938
f 1185//1185 2938//2937 2941//2940 1182//1182
f 2929//2928 2942//2941 2943//2942 2930//2929
f 2942//2941 2929//2928 2922//2921
f 2942//2941 2935//2934 2937//2936
f 2943//2942 2942//2941 2944//2943 2945//2944
f 2926//2925 2933//2932 2946//2945 2939//2938
f 2930//2929 2943//2942 2946//2945 2933//2932
f 2945//2944 2947//2946 2946//2945 2943//2942
f 2939//2938 2946//2945 2947//2946 2940//2939
f 2948//2947 2949//2948 2937//2936
f 1050//1050 2948//2947 2936//2935 1047//1047
f 1049//1049 2950//2949 2948//2947 1050//1050
f 2949//2948 2948//2947 2950//2949 2951//2950
f 2945//2944 2944//2943 2952//2951 2953//2952
f 2949//2948 2952//2951 2944//2943 2937//2936
f 2951//2950 2954//2953 2952//2951 2949//2948
f 2953//2952 2952//2951 2954//2953 2955//2954
f 2956//2955 2957//2956 2958//2957 2959//2958
f 2664//2663 2958//2957 2957//2956 1055//1055
f 2662//2661 2659//2658 2958//2957 2664//2663
f 2959//2958 2958//2957 2659//2658 2624//2623
f 2951//2950 2950//2949 2960//2959 2961//2960
f 1053//1053 2960//2959 2950//2949 1049//1049
f 1055//1055 2957//2956 2960//2959 1053//1053
f 2957//2956 2956//2955 2961//2960
f 2955//2954 2954//2953 2962//2961 2963//2962
f 2961//2960 2962//2961 2954//2953 2951//2950
f 2962//2961 2961//2960 2956//2955
f 2963//2962 2962//2961 2964//2963 2965//2964
f 1182//1182 2941//2940 2966//2965 1189//1189
f 2967//2966 2966//2965 2941//2940 2940//2939
f 2968//2967 2969//2968 2966//2965 2967//2966
f 1189//1189 2966//2965 2969//2968 1186//1186
f 2940//2939 2947//2946 2970//2969 2967//2966
f 2953//2952 2970//2969 2947//2946 2945//2944
f 2955//2954 2971//2970 2970//2969 2953//2952
f 2967//2966 2970//2969 2971//2970 2968//2967
f 2624//2623 2622//2621 2972//2971 2959//2958
f 2973//2972 2972//2971 2622//2621 2594//2593
f 2974//2973 2975//2974 2972//2971 2973//2972
f 2959//2958 2972//2971 2975//2974 2956//2955
f 2604//2603 2601//2600 2976//2975 2977//2976
f 2543//2542 2976//2975 2601//2600 2544//2543
f 1148//1148 2978//2977 2976//2975 2543//2542
f 2977//2976 2976//2975 2978//2977 2979//2978
f 2980//2979 2981//2980 2965//2964
f 2964//2963 2956//2955 2975//2974
f 2974//2973 2982//2981 2980//2979
f 2982//2981 2983//2982 2981//2980
f 2984//2983 2985//2984 2977//2976 2979//2978
f 2973//2972 2985//2984 2984//2983 2974//2973
f 2594//2593 2609//2608 2985//2984 2973//2972
f 2977//2976 2985//2984 2609//2608 2604//2603
f 2983//2982 2982//2981 2986//2985 2987//2986
f 2974//2973 2984//2983 2986//2985 2982//2981
f 2987//2986 2986//2985 2984//2983 2979//2978
f 1186//1186 2969//2968 2988//2987 2989//2988
f 2990//2989 2988//2987 2969//2968 2968//2967
f 2983//2982 2987//2986 2988//2987 2990//2989
f 2989//2988 2988//2987 2987//2986 2979//2978
f 1144//1144 1187//1187 2991//2990 1147//1147
f 2989//2988 2991//2990 1187//1187 1186//1186
f 2979//2978 2978//2977 2991//2990 2989//2988
f 1147//1147 2991//2990 2978//2977 1148//1148
f 2968//2967 2971//2970 2992//2991 2990//2989
f 2963//2962 2992//2991 2971//2970 2955//2954
f 2965//2964 2981//2980 2992//2991 2963//2962
f 2990//2989 2992//2991 2981//2980 2983//2982
f 1351//1351 2993//2992 2994//2993 1348//1348
f 2995//2994 2993//2992 1351//1351 1353//1353
f 2996//2995 2997//2996 2993//2992 2995//2994
f 2994//2993 2993//2992 2997//2996 2998//2997
f 2999//2998 1357//1357 1348//1348
f 2998//2997 3000//2999 2999//2998 2994//2993
f 3001//3000 3002//3001 2999//2998 3000//2999
f 3002//3001 1354//1354 1357//1357
f 2998//2997 2997//2996 3003//3002 3000//2999
f 3004//3003 3003//3002 2997//2996 2996//2995
f 3005//3004 3006//3005 3003//3002 3004//3003
f 3000//2999 3003//3002 3006//3005 3001//3000
f 1359//1359 3007//3006 3008//3007 1360//1360
f 3007//3006 1359//1359 1354//1354
f 3009//3008 3007//3006 3002//3001 3001//3000
f 3008//3007 3007//3006 3009//3008 3010//3009
f 1364//1364 1363//1363 3011//3010 1394//1394
f 1363//1363 1360//1360 3008//3007
f 3010//3009 3012//3011 3011//3010 3008//3007
f 1394//1394 3011//3010 3012//3011 1397//1397
f 1397//1397 3012//3011 3013//3012 3014//3013
f 3015//3014 3013//3012 3012//3011 3010//3009
f 3016//3015 3017//3016 3013//3012 3015//3014
f 3017//3016 3018//3017 3014//3013
f 3019//3018 3020//3019 2382//2381
f 1396//1396 3019//3018 2381//2380 1398//1398
f 1397//1397 3014//3013 3019//3018 1396//1396
f 3020//3019 3019//3018 3014//3013 3018//3017
f 2444//2443 2443//2442 3021//3020 3022//3021
f 2438//2437 3021//3020 2443//2442 2435//2434
f 2382//2381 3020//3019 3021//3020 2438//2437
f 3022//3021 3021//3020 3020//3019 3018//3017
f 3001//3000 3006//3005 3023//3022 3009//3008
f 3024//3023 3023//3022 3006//3005 3005//3004
f 3023//3022 3024//3023 3016//3015 3015//3014
f 3010//3009 3009//3008 3023//3022 3015//3014
f 3025//3024 3026//3025 3027//3026 3028//3027
f 3029//3028 3027//3026 3026//3025 3030//3029
f 3031//3030 3032//3031 3027//3026 3029//3028
f 3033//3032 3028//3027 3027//3026 3032//3031
f 3034//3033 3035//3034 3036//3035 3037//3036
f 3035//3034 3038//3037 3039//3038
f 3029//3028 3036//3035 3039//3038 3031//3030
f 3036//3035 3029//3028 3030//3029 3037//3036
f 3040//3039 3041//3040 3042//3041 3043//3042
f 3044//3043 3045//3044 3042//3041 3041//3040
f 3042//3041 3045//3044 3030//3029 3026//3025
f 3043//3042 3042//3041 3026//3025 3025//3024
f 3034//3033 3037//3036 3046//3045 3047//3046
f 3030//3029 3045//3044 3046//3045 3037//3036
f 3046//3045 3045//3044 3044//3043 3048//3047
f 3047//3046 3046//3045 3048//3047 3049//3048
f 3049//3048 3050//3049 3051//3050 3047//3046
f 3052//3051 3051//3050 3050//3049 3053//3052
f 3038//3037 3035//3034 3051//3050 3052//3051
f 3047//3046 3051//3050 3035//3034 3034//3033
f 3033//3032 3054//3053 3055//3054 3056//3055
f 3057//3056 3055//3054 3054//3053 3058//3057
f 3059//3058 3060//3059 3055//3054 3057//3056
f 3056//3055 3055//3054 3060//3059 3061//3060
f 3031//3030 3062//3061 3063//3062 3032//3031
f 3064//3063 3063//3062 3062//3061 3065//3064
f 3058//3057 3054//3053 3063//3062 3064//3063
f 3032//3031 3063//3062 3054//3053 3033//3032
f 3066//3065 3062//3061 3031//3030
f 3067//3066 3066//3065 3039//3038 3038//3037
f 3068//3067 3069//3068 3066//3065 3067//3066
f 3062//3061 3066//3065 3069//3068 3065//3064
f 3070//3069 3052//3051 3053//3052
f 3071//3070 3072//3071 3073//3072
f 3067//3066 3070//3069 3073//3072 3068//3067
f 3067//3066 3038//3037 3052//3051
f 3074//3073 3075//3074 3076//3075 3077//3076
f 3078//3077 3074//3073 3077//3076 3079//3078
f 3049//3048 3048//3047 3074//3073 3078//3077
f 3075//3074 3074//3073 3048//3047 3044//3043
f 3053//3052 3050//3049 3080//3079 3081//3080
f 3078//3077 3080//3079 3050//3049 3049//3048
f 3080//3079 3078//3077 3079//3078
f 3082//3081 3083//3082 3081//3080
f 3084//3083 3072//3071 3071//3070
f 3071//3070 3053//3052 3081//3080
f 3085//3084 3086//3085 3081//3080 3083//3082
f 3087//3086 3084//3083 3086//3085 3085//3084
f 3087//3086 3088//3087 3089//3088 3084//3083
f 3088//3087 3090//3089 3091//3090
f 3092//3091 3089//3088 3091//3090 3093//3092
f 3084//3083 3089//3088 3092//3091 3072//3071
f 3090//3089 3094//3093 3095//3094 3091//3090
f 3096//3095 3097//3096 3095//3094 3094//3093
f 3098//3097 3099//3098 3095//3094 3097//3096
f 3091//3090 3095//3094 3099//3098 3093//3092
f 3100//3099 3101//3100 3102//3101 3103//3102
f 3104//3103 3102//3101 3101//3100 3105//3104
f 3097//3096 3102//3101 3104//3103 3098//3097
f 3103//3102 3102//3101 3097//3096 3096//3095
f 3106//3105 3107//3106 3108//3107 3109//3108
f 3110//3109 3108//3107 3107//3106 3059//3058
f 3111//3110 3108//3107 3110//3109 3112//3111
f 3113//3112 3109//3108 3108//3107 3111//3110
f 3058//3057 3114//3113 3115//3114 3057//3056
f 3116//3115 3115//3114 3114//3113 3117//3116
f 3112//3111 3110//3109 3115//3114 3116//3115
f 3057//3056 3115//3114 3110//3109 3059//3058
f 3118//3117 3064//3063 3065//3064
f 3119//3118 3118//3117 3120//3119 3121//3120
f 3117//3116 3114//3113 3118//3117 3119//3118
f 3064//3063 3118//3117 3114//3113 3058//3057
f 3065//3064 3069//3068 3122//3121 3120//3119
f 3123//3122 3122//3121 3069//3068 3068//3067
f 3124//3123 3125//3124 3122//3121 3123//3122
f 3120//3119 3122//3121 3125//3124 3121//3120
f 3068//3067 3073//3072 3126//3125 3123//3122
f 3127//3126 3126//3125 3073//3072 3072//3071
f 3126//3125 3127//3126 3128//3127 3129//3128
f 3123//3122 3126//3125 3129//3128 3124//3123
f 3093//3092 3130//3129 3131//3130 3092//3091
f 3132//3131 3131//3130 3130//3129 3133//3132
f 3128//3127 3127//3126 3131//3130 3132//3131
f 3092//3091 3131//3130 3127//3126 3072//3071
f 3134//3133 3135//3134 3099//3098 3098//3097
f 3136//3135 3135//3134 3134//3133 3137//3136
f 3133//3132 3130//3129 3135//3134 3136//3135
f 3099//3098 3135//3134 3130//3129 3093//3092
f 3098//3097 3104//3103 3138//3137 3134//3133
f 3105//3104 3139//3138 3138//3137 3104//3103
f 3140//3139 3138//3137 3139//3138 3141//3140
f 3137//3136 3134//3133 3138//3137 3140//3139
f 3113//3112 3111//3110 3142//3141 3143//3142
f 3144//3143 3142//3141 3111//3110 3112//3111
f 3145//3144 3146//3145 3142//3141 3144//3143
f 3143//3142 3142//3141 3146//3145 3147//3146
f 3116//3115 3148//3147 3144//3143 3112//3111
f 3117//3116 3149//3148 3148//3147 3116//3115
f 3150//3149 3151//3150 3148//3147 3149//3148
f 3144//3143 3148//3147 3151//3150 3145//3144
f 3152//3151 3153//3152 3154//3153 3155//3154
f 3149//3148 3154//3153 3153//3152 3150//3149
f 3119//3118 3154//3153 3149//3148 3117//3116
f 3121//3120 3155//3154 3154//3153 3119//3118
f 3156//3155 3157//3156 3153//3152 3152//3151
f 3157//3156 3156//3155 3158//3157
f 3153//3152 3157//3156 3159//3158 3150//3149
f 3160//3159 3161//3160 3162//3161 3163//3162
f 3155//3154 3162//3161 3161//3160 3152//3151
f 3121//3120 3125//3124 3162//3161 3155//3154
f 3163//3162 3162//3161 3125//3124 3124//3123
f 3128//3127 3164//3163 3165//3164 3129//3128
f 3166//3165 3167//3166 3165//3164 3164//3163
f 3163//3162 3165//3164 3167//3166 3160//3159
f 3129//3128 3165//3164 3163//3162 3124//3123
f 3133//3132 3168//3167 3169//3168 3132//3131
f 3170//3169 3171//3170 3169//3168 3168//3167
f 3169//3168 3171//3170 3166//3165 3164//3163
f 3132//3131 3169//3168 3164//3163 3128//3127
f 3172//3171 3173//3172 3174//3173 3175//3174
f 3168//3167 3174//3173 3173//3172 3170//3169
f 3136//3135 3174//3173 3168//3167 3133//3132
f 3137//3136 3175//3174 3174//3173 3136//3135
f 3176//3175 3177//3176 3178//3177 3179//3178
f 3180//3179 3178//3177 3177//3176 3181//3180
f 3083//3082 3082//3081 3178//3177 3180//3179
f 3082//3081 3079//3078 3179//3178
f 3182//3181 3183//3182 3184//3183 3185//3184
f 3186//3185 3184//3183 3183//3182 3187//3186
f 3181//3180 3177//3176 3184//3183 3186//3185
f 3185//3184 3184//3183 3177//3176 3176//3175
f 3181//3180 3188//3187 3189//3188 3180//3179
f 3190//3189 3189//3188 3188//3187 3191//3190
f 3087//3086 3085//3084 3189//3188 3190//3189
f 3180//3179 3189//3188 3085//3084 3083//3082
f 3187//3186 3192//3191 3193//3192 3186//3185
f 3194//3193 3193//3192 3192//3191 3195//3194
f 3191//3190 3188//3187 3193//3192 3194//3193
f 3186//3185 3193//3192 3188//3187 3181//3180
f 3196//3195 3197//3196 3198//3197 3199//3198
f 3200//3199 3198//3197 3197//3196 3201//3200
f 3195//3194 3192//3191 3198//3197 3200//3199
f 3199//3198 3198//3197 3192//3191 3187//3186
f 3191//3190 3202//3201 3203//3202 3190//3189
f 3204//3203 3203//3202 3202//3201 3205//3204
f 3090//3089 3088//3087 3203//3202 3204//3203
f 3190//3189 3203//3202 3088//3087 3087//3086
f 3206//3205 3207//3206 3208//3207 3209//3208
f 3200//3199 3208//3207 3207//3206 3195//3194
f 3201//3200 3210//3209 3208//3207 3200//3199
f 3209//3208 3208//3207 3210//3209 3211//3210
f 3195//3194 3207//3206 3212//3211 3194//3193
f 3213//3212 3212//3211 3207//3206 3206//3205
f 3205//3204 3202//3201 3212//3211 3213//3212
f 3194//3193 3212//3211 3202//3201 3191//3190
f 3205//3204 3214//3213 3215//3214 3204//3203
f 3214//3213 3216//3215 3217//3216
f 3096//3095 3094//3093 3215//3214 3217//3216
f 3204//3203 3215//3214 3094//3093 3090//3089
f 3218//3217 3217//3216 3216//3215
f 3219//3218 3218//3217 3220//3219 3221//3220
f 3100//3099 3103//3102 3218//3217 3219//3218
f 3217//3216 3218//3217 3103//3102 3096//3095
f 3206//3205 3222//3221 3223//3222 3213//3212
f 3224//3223 3223//3222 3222//3221 3225//3224
f 3216//3215 3214//3213 3223//3222 3224//3223
f 3213//3212 3223//3222 3214//3213 3205//3204
f 3211//3210 3226//3225 3227//3226 3209//3208
f 3228//3227 3227//3226 3226//3225 3229//3228
f 3225//3224 3222//3221 3227//3226 3228//3227
f 3209//3208 3227//3226 3222//3221 3206//3205
f 3225//3224 3230//3229 3231//3230 3224//3223
f 3232//3231 3231//3230 3230//3229 3233//3232
f 3221//3220 3220//3219 3231//3230 3232//3231
f 3224//3223 3231//3230 3220//3219 3216//3215
f 3229//3228 3234//3233 3235//3234 3228//3227
f 3236//3235 3235//3234 3234//3233 3237//3236
f 3233//3232 3230//3229 3235//3234 3236//3235
f 3228//3227 3235//3234 3230//3229 3225//3224
f 3233//3232 3238//3237 3239//3238 3232//3231
f 3240//3239 3239//3238 3238//3237 3241//3240
f 3242//3241 3243//3242 3239//3238 3240//3239
f 3232//3231 3239//3238 3243//3242 3221//3220
f 3237//3236 3244//3243 3245//3244 3236//3235
f 3246//3245 3245//3244 3244//3243 3247//3246
f 3241//3240 3238//3237 3245//3244 3246//3245
f 3236//3235 3245//3244 3238//3237 3233//3232
f 3247//3246 3248//3247 3249//3248 3246//3245
f 3250//3249 3249//3248 3248//3247 3251//3250
f 3252//3251 3253//3252 3249//3248 3250//3249
f 3246//3245 3249//3248 3253//3252 3241//3240
f 3254//3253 3255//3254 3256//3255 3257//3256
f 3250//3249 3256//3255 3255//3254 3252//3251
f 3251//3250 3258//3257 3256//3255 3250//3249
f 3257//3256 3256//3255 3258//3257 3259//3258
f 3259//3258 3260//3259 3261//3260 3257//3256
f 3262//3261 3261//3260 3260//3259 3263//3262
f 3264//3263 3265//3264 3261//3260 3262//3261
f 3257//3256 3261//3260 3265//3264 3254//3253
f 3158//3157 3156//3155 3266//3265 3267//3266
f 3268//3267 3266//3265 3156//3155 3152//3151
f 3269//3268 3270//3269 3266//3265 3268//3267
f 3267//3266 3266//3265 3270//3269 3271//3270
f 3161//3160 3272//3271 3268//3267 3152//3151
f 3273//3272 3272//3271 3161//3160 3160//3159
f 3274//3273 3275//3274 3272//3271 3273//3272
f 3268//3267 3272//3271 3275//3274 3269//3268
f 3160//3159 3167//3166 3276//3275 3273//3272
f 3277//3276 3276//3275 3167//3166 3166//3165
f 3278//3277 3279//3278 3276//3275 3277//3276
f 3273//3272 3276//3275 3279//3278 3274//3273
f 3166//3165 3171//3170 3280//3279 3277//3276
f 3281//3280 3280//3279 3171//3170 3170//3169
f 3282//3281 3283//3282 3280//3279 3281//3280
f 3277//3276 3280//3279 3283//3282 3278//3277
f 3278//3277 3283//3282 3284//3283 3285//3284
f 3286//3285 3284//3283 3283//3282 3282//3281
f 3287//3286 3288//3287 3284//3283 3286//3285
f 3285//3284 3284//3283 3288//3287 3289//3288
f 3290//3289 3291//3290 3292//3291 3293//3292
f 3294//3293 3292//3291 3291//3290 3295//3294
f 3201//3200 3197//3196 3292//3291 3294//3293
f 3293//3292 3292//3291 3197//3196 3196//3195
f 3295//3294 3296//3295 3297//3296 3294//3293
f 3298//3297 3297//3296 3296//3295 3299//3298
f 3211//3210 3210//3209 3297//3296 3298//3297
f 3294//3293 3297//3296 3210//3209 3201//3200
f 3299//3298 3300//3299 3301//3300 3298//3297
f 3302//3301 3301//3300 3300//3299 3303//3302
f 3229//3228 3226//3225 3301//3300 3302//3301
f 3298//3297 3301//3300 3226//3225 3211//3210
f 3303//3302 3304//3303 3305//3304 3302//3301
f 3306//3305 3305//3304 3304//3303 3307//3306
f 3237//3236 3234//3233 3305//3304 3306//3305
f 3302//3301 3305//3304 3234//3233 3229//3228
f 3307//3306 3308//3307 3309//3308 3306//3305
f 3310//3309 3309//3308 3308//3307 3311//3310
f 3247//3246 3244//3243 3309//3308 3310//3309
f 3306//3305 3309//3308 3244//3243 3237//3236
f 3311//3310 3312//3311 3313//3312 3310//3309
f 3314//3313 3313//3312 3312//3311 3315//3314
f 3251//3250 3248//3247 3313//3312 3314//3313
f 3310//3309 3313//3312 3248//3247 3247//3246
f 3315//3314 3316//3315 3317//3316 3314//3313
f 3318//3317 3317//3316 3316//3315 3319//3318
f 3259//3258 3258//3257 3317//3316 3318//3317
f 3314//3313 3317//3316 3258//3257 3251//3250
f 3319//3318 3320//3319 3321//3320 3318//3317
f 3322//3321 3321//3320 3320//3319 3323//3322
f 3263//3262 3260//3259 3321//3320 3322//3321
f 3318//3317 3321//3320 3260//3259 3259//3258
f 3324//3323 3325//3324 3326//3325 3327//3326
f 3328//3327 3326//3325 3325//3324 3329//3328
f 3290//3289 3330//3329 3326//3325 3328//3327
f 3327//3326 3326//3325 3330//3329 3331//3330
f 3329//3328 3332//3331 3333//3332 3328//3327
f 3334//3333 3333//3332 3332//3331 3335//3334
f 3295//3294 3291//3290 3333//3332 3334//3333
f 3328//3327 3333//3332 3291//3290 3290//3289
f 3335//3334 3336//3335 3337//3336 3334//3333
f 3338//3337 3337//3336 3336//3335 3339//3338
f 3299//3298 3296//3295 3337//3336 3338//3337
f 3334//3333 3337//3336 3296//3295 3295//3294
f 3339//3338 3340//3339 3341//3340 3338//3337
f 3342//3341 3341//3340 3340//3339 3343//3342
f 3303//3302 3300//3299 3341//3340 3342//3341
f 3338//3337 3341//3340 3300//3299 3299//3298
f 3343//3342 3344//3343 3345//3344 3342//3341
f 3346//3345 3345//3344 3344//3343 3347//3346
f 3307//3306 3304//3303 3345//3344 3346//3345
f 3342//3341 3345//3344 3304//3303 3303//3302
f 3347//3346 3348//3347 3349//3348 3346//3345
f 3350//3349 3349//3348 3348//3347 3351//3350
f 3311//3310 3308//3307 3349//3348 3350//3349
f 3346//3345 3349//3348 3308//3307 3307//3306
f 3351//3350 3352//3351 3353//3352 3350//3349
f 3354//3353 3353//3352 3352//3351 3355//3354
f 3315//3314 3312//3311 3353//3352 3354//3353
f 3350//3349 3353//3352 3312//3311 3311//3310
f 3355//3354 3356//3355 3357//3356 3354//3353
f 3358//3357 3357//3356 3356//3355 3359//3358
f 3319//3318 3316//3315 3357//3356 3358//3357
f 3354//3353 3357//3356 3316//3315 3315//3314
f 3360//3359 3361//3360 3362//3361 3363//3362
f 3364//3363 3362//3361 3361//3360 3365//3364
f 3324//3323 3366//3365 3362//3361 3364//3363
f 3363//3362 3362//3361 3366//3365 3367//3366
f 3365//3364 3368//3367 3369//3368 3364//3363
f 3370//3369 3369//3368 3368//3367 3371//3370
f 3329//3328 3325//3324 3369//3368 3370//3369
f 3364//3363 3369//3368 3325//3324 3324//3323
f 3371//3370 3372//3371 3373//3372 3370//3369
f 3374//3373 3373//3372 3372//3371 3375//3374
f 3335//3334 3332//3331 3373//3372 3374//3373
f 3370//3369 3373//3372 3332//3331 3329//3328
f 3375//3374 3376//3375 3377//3376 3374//3373
f 3378//3377 3377//3376 3376//3375 3379//3378
f 3339//3338 3336//3335 3377//3376 3378//3377
f 3374//3373 3377//3376 3336//3335 3335//3334
f 3379//3378 3380//3379 3381//3380 3378//3377
f 3382//3381 3381//3380 3380//3379 3383//3382
f 3343//3342 3340//3339 3381//3380 3382//3381
f 3378//3377 3381//3380 3340//3339 3339//3338
f 3383//3382 3384//3383 3385//3384 3382//3381
f 3386//3385 3385//3384 3384//3383 3387//3386
f 3347//3346 3344//3343 3385//3384 3386//3385
f 3382//3381 3385//3384 3344//3343 3343//3342
f 3387//3386 3388//3387 3389//3388 3386//3385
f 3390//3389 3389//3388 3388//3387 3391//3390
f 3351//3350 3348//3347 3389//3388 3390//3389
f 3386//3385 3389//3388 3348//3347 3347//3346
f 3391//3390 3392//3391 3393//3392 3390//3389
f 3394//3393 3393//3392 3392//3391 3395//3394
f 3355//3354 3352//3351 3393//3392 3394//3393
f 3390//3389 3393//3392 3352//3351 3351//3350
f 3395//3394 3396//3395 3397//3396 3394//3393
f 3398//3397 3397//3396 3396//3395 3399//3398
f 3359//3358 3356//3355 3397//3396 3398//3397
f 3394//3393 3397//3396 3356//3355 3355//3354
f 3400//3399 3401//3400 3402//3401 3403//3402
f 3404//3403 3401//3400 3400//3399 3405//3404
f 3059//3058 3107//3106 3401//3400 3404//3403
f 3402//3401 3401//3400 3107//3106 3106//3105
f 3406//3405 3056//3055 3061//3060
f 3407//3406 3406//3405 3408//3407 3409//3408
f 3025//3024 3028//3027 3406//3405 3407//3406
f 3028//3027 3033//3032 3056//3055
f 3025//3024 3407//3406 3410//3409 3043//3042
f 3411//3410 3410//3409 3407//3406 3409//3408
f 3412//3411 3413//3412 3410//3409 3411//3410
f 3043//3042 3410//3409 3413//3412 3040//3039
f 3412//3411 3411//3410 3414//3413 3415//3414
f 3411//3410 3409//3408 3416//3415
f 3417//3416 3418//3417 3414//3413 3416//3415
f 3415//3414 3414//3413 3418//3417 3419//3418
f 3405//3404 3420//3419 3421//3420 3404//3403
f 3408//3407 3421//3420 3420//3419 3409//3408
f 3061//3060 3060//3059 3421//3420 3408//3407
f 3404//3403 3421//3420 3060//3059 3059//3058
f 3422//3421 3423//3422 3417//3416
f 3416//3415 3409//3408 3420//3419
f 3420//3419 3405//3404 3423//3422
f 3424//3423 3425//3424 3426//3425 3427//3426
f 3428//3427 3426//3425 3425//3424 3429//3428
f 3430//3429 3431//3430 3426//3425 3428//3427
f 3427//3426 3426//3425 3431//3430 3432//3431
f 3429//3428 3433//3432 3434//3433 3428//3427
f 3435//3434 3434//3433 3433//3432 3436//3435
f 3437//3436 3438//3437 3434//3433 3435//3434
f 3428//3427 3434//3433 3438//3437 3430//3429
f 3439//3438 3440//3439 3441//3440 3442//3441
f 3435//3434 3441//3440 3440//3439 3437//3436
f 3436//3435 3443//3442 3441//3440 3435//3434
f 3442//3441 3441//3440 3443//3442 3444//3443
f 3444//3443 3445//3444 3446//3445 3442//3441
f 3447//3446 3446//3445 3445//3444 3448//3447
f 3449//3448 3450//3449 3446//3445 3447//3446
f 3442//3441 3446//3445 3450//3449 3439//3438
f 3451//3450 3452//3451 3453//3452 3454//3453
f 3455//3454 3453//3452 3452//3451 3456//3455
f 3457//3456 3458//3457 3453//3452 3455//3454
f 3454//3453 3453//3452 3458//3457 3448//3447
f 3459//3458 3460//3459 3461//3460 3462//3461
f 3447//3446 3461//3460 3460//3459 3449//3448
f 3448//3447 3458//3457 3461//3460 3447//3446
f 3458//3457 3457//3456 3462//3461
f 3463//3462 3464//3463 3465//3464 3466//3465
f 3467//3466 3465//3464 3464//3463 3468//3467
f 3403//3402 3402//3401 3465//3464 3467//3466
f 3466//3465 3465//3464 3402//3401 3106//3105
f 3469//3468 3470//3469 3471//3470 3472//3471
f 3466//3465 3471//3470 3470//3469 3463//3462
f 3106//3105 3109//3108 3471//3470 3466//3465
f 3472//3471 3471//3470 3109//3108 3113//3112
f 3147//3146 3146//3145 3473//3472 3474//3473
f 3475//3474 3473//3472 3146//3145 3145//3144
f 3476//3475 3477//3476 3473//3472 3475//3474
f 3474//3473 3473//3472 3477//3476 3478//3477
f 3145//3144 3151//3150 3479//3478 3475//3474
f 3480//3479 3479//3478 3151//3150 3150//3149
f 3481//3480 3479//3478 3480//3479 3482//3481
f 3475//3474 3479//3478 3481//3480 3476//3475
f 3271//3270 3483//3482 3484//3483 3267//3266
f 3480//3479 3484//3483 3483//3482 3482//3481
f 3150//3149 3159//3158 3484//3483 3480//3479
f 3267//3266 3484//3483 3159//3158 3158//3157
f 3147//3146 3485//3484 3486//3485 3143//3142
f 3485//3484 3487//3486 3488//3487
f 3469//3468 3472//3471 3486//3485 3488//3487
f 3143//3142 3486//3485 3472//3471 3113//3112
f 3489//3488 3490//3489 3491//3490
f 3492//3491 3489//3488 3493//3492 3494//3493
f 3468//3467 3464//3463 3489//3488 3492//3491
f 3490//3489 3489//3488 3464//3463 3463//3462
f 3487//3486 3495//3494 3496//3495 3488//3487
f 3495//3494 3491//3490 3490//3489
f 3463//3462 3470//3469 3496//3495 3490//3489
f 3488//3487 3496//3495 3470//3469 3469//3468
f 3478//3477 3497//3496 3498//3497 3474//3473
f 3497//3496 3487//3486 3485//3484
f 3474//3473 3498//3497 3485//3484 3147//3146
f 3499//3498 3500//3499 3501//3500 3502//3501
f 3503//3502 3501//3500 3500//3499 3504//3503
f 3478//3477 3477//3476 3501//3500 3503//3502
f 3502//3501 3501//3500 3477//3476 3476//3475
f 3504//3503 3505//3504 3506//3505 3503//3502
f 3507//3506 3506//3505 3505//3504 3508//3507
f 3487//3486 3497//3496 3506//3505 3507//3506
f 3503//3502 3506//3505 3497//3496 3478//3477
f 3509//3508 3507//3506 3508//3507
f 3510//3509 3511//3510 3512//3511
f 3509//3508 3512//3511 3491//3490
f 3495//3494 3487//3486 3507//3506
f 3513//3512 3512//3511 3511//3510
f 3514//3513 3513//3512 3515//3514 3516//3515
f 3491//3490 3512//3511 3513//3512 3514//3513
f 3517//3516 3514//3513 3516//3515
f 3518//3517 3519//3518 3520//3519
f 3494//3493 3493//3492 3517//3516 3520//3519
f 3514//3513 3517//3516 3493//3492 3491//3490
f 3521//3520 3522//3521 3523//3522 3524//3523
f 3522//3521 3525//3524 3526//3525
f 3523//3522 3526//3525 3516//3515
f 3524//3523 3523//3522 3515//3514 3511//3510
f 3527//3526 3528//3527 3529//3528 3530//3529
f 3524//3523 3529//3528 3528//3527 3521//3520
f 3511//3510 3510//3509 3529//3528 3524//3523
f 3530//3529 3529//3528 3510//3509 3508//3507
f 3531//3530 3532//3531 3533//3532 3534//3533
f 3530//3529 3533//3532 3532//3531 3527//3526
f 3508//3507 3505//3504 3533//3532 3530//3529
f 3534//3533 3533//3532 3505//3504 3504//3503
f 3535//3534 3536//3535 3537//3536 3538//3537
f 3534//3533 3536//3535 3535//3534 3531//3530
f 3504//3503 3500//3499 3536//3535 3534//3533
f 3499//3498 3537//3536 3536//3535 3500//3499
f 3539//3538 3540//3539 3541//3540 3542//3541
f 3543//3542 3541//3540 3540//3539 3544//3543
f 3520//3519 3541//3540 3543//3542 3494//3493
f 3542//3541 3541//3540 3520//3519 3519//3518
f 3432//3431 3431//3430 3545//3544 3546//3545
f 3547//3546 3545//3544 3431//3430 3430//3429
f 3548//3547 3549//3548 3545//3544 3547//3546
f 3546//3545 3545//3544 3549//3548 3550//3549
f 3551//3550 3552//3551 3553//3552 3554//3553
f 3555//3554 3553//3552 3552//3551 3556//3555
f 3544//3543 3540//3539 3553//3552 3555//3554
f 3554//3553 3553//3552 3540//3539 3539//3538
f 3550//3549 3549//3548 3557//3556 3558//3557
f 3559//3558 3557//3556 3549//3548 3548//3547
f 3556//3555 3552//3551 3557//3556 3559//3558
f 3558//3557 3557//3556 3552//3551 3551//3550
f 3494//3493 3543//3542 3560//3559 3492//3491
f 3561//3560 3560//3559 3543//3542 3544//3543
f 3562//3561 3563//3562 3560//3559 3561//3560
f 3492//3491 3560//3559 3563//3562 3468//3467
f 3564//3563 3565//3564 3566//3565 3567//3566
f 3547//3546 3566//3565 3565//3564 3548//3547
f 3430//3429 3438//3437 3566//3565 3547//3546
f 3567//3566 3566//3565 3438//3437 3437//3436
f 3544//3543 3555//3554 3568//3567 3561//3560
f 3569//3568 3568//3567 3555//3554 3556//3555
f 3570//3569 3571//3570 3568//3567 3569//3568
f 3561//3560 3568//3567 3571//3570 3562//3561
f 3564//3563 3572//3571 3573//3572 3565//3564
f 3569//3568 3573//3572 3572//3571 3570//3569
f 3556//3555 3559//3558 3573//3572 3569//3568
f 3565//3564 3573//3572 3559//3558 3548//3547
f 3468//3467 3563//3562 3574//3573 3467//3466
f 3563//3562 3562//3561 3575//3574
f 3574//3573 3575//3574 3576//3575
f 3467//3466 3574//3573 3577//3576 3403//3402
f 3437//3436 3440//3439 3578//3577 3567//3566
f 3579//3578 3578//3577 3440//3439 3439//3438
f 3580//3579 3581//3580 3578//3577 3579//3578
f 3567//3566 3578//3577 3581//3580 3564//3563
f 3582//3581 3575//3574 3562//3561
f 3583//3582 3582//3581 3571//3570 3570//3569
f 3584//3583 3585//3584 3582//3581 3583//3582
f 3585//3584 3576//3575 3575//3574
f 3580//3579 3586//3585 3587//3586 3581//3580
f 3583//3582 3587//3586 3586//3585 3584//3583
f 3570//3569 3572//3571 3587//3586 3583//3582
f 3581//3580 3587//3586 3572//3571 3564//3563
f 3588//3587 3589//3588 3450//3449 3449//3448
f 3590//3589 3589//3588 3588//3587 3591//3590
f 3580//3579 3579//3578 3589//3588 3590//3589
f 3439//3438 3450//3449 3589//3588 3579//3578
f 3403//3402 3577//3576 3592//3591 3400//3399
f 3577//3576 3576//3575 3593//3592
f 3592//3591 3593//3592 3594//3593
f 3400//3399 3592//3591 3595//3594 3405//3404
f 3576//3575 3585//3584 3596//3595 3593//3592
f 3597//3596 3596//3595 3585//3584 3584//3583
f 3598//3597 3599//3598 3596//3595 3597//3596
f 3593//3592 3596//3595 3599//3598 3594//3593
f 3591//3590 3600//3599 3601//3600 3590//3589
f 3597//3596 3601//3600 3600//3599 3598//3597
f 3584//3583 3586//3585 3601//3600 3597//3596
f 3590//3589 3601//3600 3586//3585 3580//3579
f 3602//3601 3603//3602 3460//3459 3459//3458
f 3604//3603 3603//3602 3602//3601 3605//3604
f 3591//3590 3588//3587 3603//3602 3604//3603
f 3449//3448 3460//3459 3603//3602 3588//3587
f 3606//3605 3607//3606 3608//3607
f 3423//3422 3606//3605 3609//3608 3417//3416
f 3606//3605 3423//3422 3405//3404
f 3607//3606 3606//3605 3595//3594 3594//3593
f 3605//3604 3610//3609 3611//3610 3604//3603
f 3612//3611 3611//3610 3610//3609 3613//3612
f 3611//3610 3612//3611 3598//3597
f 3604//3603 3611//3610 3600//3599 3591//3590
f 3613//3612 3614//3613 3615//3614 3612//3611
f 3607//3606 3615//3614 3614//3613 3608//3607
f 3594//3593 3599//3598 3615//3614 3607//3606
f 3612//3611 3615//3614 3599//3598 3598//3597
f 3331//3330 3616//3615 3617//3616 3327//3326
f 3618//3617 3617//3616 3616//3615 3619//3618
f 3367//3366 3366//3365 3617//3616 3618//3617
f 3327//3326 3617//3616 3366//3365 3324//3323
f 3620//3619 3621//3620 3622//3621
f 3179//3178 3620//3619 3623//3622 3176//3175
f 3620//3619 3179//3178 3079//3078
f 3621//3620 3620//3619 3077//3076 3076//3075
f 3624//3623 3625//3624 3616//3615 3331//3330
f 3626//3625 3627//3626 3625//3624 3624//3623
f 3628//3627 3625//3624 3627//3626 3629//3628
f 3619//3618 3616//3615 3625//3624 3628//3627
f 3182//3181 3630//3629 3631//3630 3183//3182
f 3632//3631 3631//3630 3630//3629 3626//3625
f 3199//3198 3631//3630 3632//3631 3196//3195
f 3187//3186 3183//3182 3631//3630 3199//3198
f 3626//3625 3630//3629 3633//3632 3634//3633
f 3185//3184 3633//3632 3630//3629 3182//3181
f 3176//3175 3623//3622 3633//3632 3185//3184
f 3634//3633 3633//3632 3623//3622 3622//3621
f 3629//3628 3627//3626 3635//3634 3636//3635
f 3634//3633 3635//3634 3627//3626 3626//3625
f 3622//3621 3636//3635 3635//3634 3634//3633
f 3196//3195 3632//3631 3637//3636 3293//3292
f 3624//3623 3637//3636 3632//3631 3626//3625
f 3331//3330 3330//3329 3637//3636 3624//3623
f 3293//3292 3637//3636 3330//3329 3290//3289
f 3476//3475 3481//3480 3638//3637 3502//3501
f 3639//3638 3638//3637 3481//3480 3482//3481
f 3640//3639 3641//3640 3638//3637 3639//3638
f 3641//3640 3499//3498 3502//3501
f 3642//3641 3643//3642 3641//3640 3640//3639
f 3644//3643 3645//3644 3643//3642 3642//3641
f 3538//3537 3537//3536 3643//3642 3645//3644
f 3641//3640 3643//3642 3537//3536 3499//3498
f 3645//3644 3644//3643 3646//3645
f 3647//3646 3646//3645 3648//3647
f 3645//3644 3647//3646 3649//3648 3538//3537
f 3650//3649 3649//3648 3648//3647
f 3651//3650 3652//3651 3653//3652
f 3531//3530 3535//3534 3650//3649 3653//3652
f 3538//3537 3649//3648 3650//3649 3535//3534
f 3652//3651 3654//3653 3655//3654 3653//3652
f 3656//3655 3655//3654 3654//3653 3657//3656
f 3527//3526 3532//3531 3655//3654 3656//3655
f 3653//3652 3655//3654 3532//3531 3531//3530
f 3657//3656 3658//3657 3659//3658 3656//3655
f 3660//3659 3659//3658 3658//3657 3661//3660
f 3521//3520 3528//3527 3659//3658 3660//3659
f 3656//3655 3659//3658 3528//3527 3527//3526
f 3661//3660 3662//3661 3663//3662 3660//3659
f 3664//3663 3663//3662 3662//3661 3665//3664
f 3525//3524 3522//3521 3663//3662 3664//3663
f 3660//3659 3663//3662 3522//3521 3521//3520
f 3666//3665 3667//3666 3668//3667 3669//3668
f 3665//3664 3662//3661 3667//3666 3666//3665
f 3668//3667 3667//3666 3662//3661 3661//3660
f 3670//3669 3671//3670 3672//3671 3673//3672
f 3668//3667 3672//3671 3671//3670 3669//3668
f 3661//3660 3658//3657 3672//3671 3668//3667
f 3673//3672 3672//3671 3658//3657 3657//3656
f 3674//3673 3675//3674 3676//3675 3677//3676
f 3673//3672 3676//3675 3675//3674 3670//3669
f 3657//3656 3654//3653 3676//3675 3673//3672
f 3677//3676 3676//3675 3654//3653 3652//3651
f 3678//3677 3679//3678 3651//3650 3648//3647
f 3680//3679 3679//3678 3678//3677 3681//3680
f 3674//3673 3677//3676 3679//3678 3680//3679
f 3652//3651 3651//3650 3679//3678 3677//3676
f 3682//3681 3683//3682 3684//3683
f 3681//3680 3678//3677 3685//3684 3684//3683
f 3648//3647 3646//3645 3685//3684 3678//3677
f 3644//3643 3682//3681 3685//3684 3646//3645
f 3640//3639 3686//3685 3687//3686 3642//3641
f 3686//3685 3688//3687 3689//3688
f 3687//3686 3689//3688 3683//3682
f 3642//3641 3687//3686 3682//3681 3644//3643
f 3690//3689 3691//3690 3692//3691
f 3688//3687 3686//3685 3690//3689 3693//3692
f 3639//3638 3690//3689 3686//3685 3640//3639
f 3691//3690 3690//3689 3639//3638 3482//3481
f 3694//3693 3691//3690 3482//3481
f 3483//3482 3271//3270 3695//3694
f 3696//3695 3697//3696 3694//3693 3695//3694
f 3697//3696 3692//3691 3691//3690
f 3271//3270 3270//3269 3698//3697 3695//3694
f 3699//3698 3698//3697 3270//3269 3269//3268
f 3700//3699 3701//3700 3698//3697 3699//3698
f 3695//3694 3698//3697 3701//3700 3696//3695
f 3269//3268 3275//3274 3702//3701 3699//3698
f 3703//3702 3702//3701 3275//3274 3274//3273
f 3702//3701 3703//3702 3704//3703
f 3699//3698 3702//3701 3705//3704 3700//3699
f 3289//3288 3706//3705 3707//3706 3285//3284
f 3703//3702 3707//3706 3706//3705 3704//3703
f 3274//3273 3279//3278 3707//3706 3703//3702
f 3285//3284 3707//3706 3279//3278 3278//3277
f 3708//3707 3709//3708 3710//3709
f 3711//3710 3712//3711 3713//3712 3710//3709
f 3708//3707 3713//3712 3712//3711 3714//3713
f 3704//3703 3706//3705 3715//3714 3716//3715
f 3717//3716 3715//3714 3706//3705 3289//3288
f 3718//3717 3719//3718 3715//3714 3717//3716
f 3716//3715 3715//3714 3719//3718 3709//3708
f 3289//3288 3288//3287 3720//3719 3717//3716
f 3721//3720 3720//3719 3288//3287 3287//3286
f 3722//3721 3723//3722 3720//3719 3721//3720
f 3717//3716 3720//3719 3723//3722 3718//3717
f 3287//3286 3724//3723 3725//3724 3721//3720
f 3726//3725 3725//3724 3724//3723 3727//3726
f 3728//3727 3729//3728 3725//3724 3726//3725
f 3721//3720 3725//3724 3729//3728 3722//3721
f 3730//3729 3726//3725 3727//3726
f 3730//3729 3731//3730 3732//3731 3733//3732
f 3734//3733 3730//3729 3733//3732 3735//3734
f 3730//3729 3734//3733 3728//3727
f 3736//3735 3737//3736 3738//3737 3739//3738
f 3281//3280 3738//3737 3737//3736 3282//3281
f 3170//3169 3173//3172 3738//3737 3281//3280
f 3739//3738 3738//3737 3173//3172 3172//3171
f 3282//3281 3737//3736 3740//3739 3286//3285
f 3741//3740 3740//3739 3737//3736 3736//3735
f 3740//3739 3741//3740 3727//3726
f 3724//3723 3287//3286 3286//3285
f 3736//3735 3742//3741 3743//3742 3741//3740
f 3744//3743 3743//3742 3742//3741 3745//3744
f 3732//3731 3731//3730 3743//3742 3744//3743
f 3741//3740 3743//3742 3731//3730 3727//3726
f 3746//3745 3175//3174 3137//3136 3140//3139
f 3141//3140 3747//3746 3746//3745 3140//3139
f 3748//3747 3749//3748 3746//3745 3747//3746
f 3175//3174 3746//3745 3749//3748 3172//3171
f 3172//3171 3749//3748 3750//3749 3739//3738
f 3751//3750 3750//3749 3749//3748 3748//3747
f 3745//3744 3742//3741 3750//3749 3751//3750
f 3739//3738 3750//3749 3742//3741 3736//3735
f 3745//3744 3751//3750 3752//3751 3753//3752
f 3748//3747 3754//3753 3752//3751 3751//3750
f 3755//3754 3753//3752 3752//3751 3754//3753
f 3732//3731 3744//3743 3756//3755 3757//3756
f 3753//3752 3756//3755 3744//3743 3745//3744
f 3755//3754 3758//3757 3756//3755 3753//3752
f 3757//3756 3756//3755 3758//3757 3759//3758
f 3760//3759 3710//3709 3709//3708
f 3761//3760 3760//3759 3719//3718 3718//3717
f 3762//3761 3763//3762 3760//3759 3761//3760
f 3763//3762 3711//3710 3710//3709
f 3764//3763 3765//3764 3766//3765 3767//3766
f 3768//3767 3766//3765 3765//3764 3711//3710
f 3769//3768 3770//3769 3766//3765 3768//3767
f 3767//3766 3766//3765 3770//3769 3771//3770
f 3762//3761 3772//3771 3773//3772 3763//3762
f 3768//3767 3773//3772 3772//3771 3769//3768
f 3768//3767 3711//3710 3763//3762
f 3718//3717 3723//3722 3774//3773 3761//3760
f 3775//3774 3774//3773 3723//3722 3722//3721
f 3776//3775 3777//3776 3774//3773 3775//3774
f 3761//3760 3774//3773 3777//3776 3762//3761
f 3776//3775 3778//3777 3779//3778 3777//3776
f 3780//3779 3779//3778 3778//3777 3781//3780
f 3769//3768 3772//3771 3779//3778 3780//3779
f 3777//3776 3779//3778 3772//3771 3762//3761
f 3781//3780 3782//3781 3783//3782 3780//3779
f 3784//3783 3783//3782 3782//3781 3785//3784
f 3771//3770 3770//3769 3783//3782 3784//3783
f 3780//3779 3783//3782 3770//3769 3769//3768
f 3786//3785 3775//3774 3722//3721
f 3728//3727 3787//3786 3786//3785 3729//3728
f 3788//3787 3786//3785 3787//3786 3789//3788
f 3775//3774 3786//3785 3788//3787 3776//3775
f 3789//3788 3790//3789 3791//3790 3788//3787
f 3792//3791 3791//3790 3790//3789 3793//3792
f 3781//3780 3778//3777 3791//3790 3792//3791
f 3788//3787 3791//3790 3778//3777 3776//3775
f 3793//3792 3794//3793 3795//3794 3792//3791
f 3796//3795 3795//3794 3794//3793 3797//3796
f 3785//3784 3782//3781 3795//3794 3796//3795
f 3792//3791 3795//3794 3782//3781 3781//3780
f 3764//3763 3767//3766 3798//3797 3799//3798
f 3771//3770 3800//3799 3798//3797 3767//3766
f 3801//3800 3802//3801 3798//3797 3800//3799
f 3799//3798 3798//3797 3802//3801 3803//3802
f 3784//3783 3804//3803 3800//3799 3771//3770
f 3805//3804 3804//3803 3784//3783 3785//3784
f 3806//3805 3807//3806 3804//3803 3805//3804
f 3800//3799 3804//3803 3807//3806 3801//3800
f 3785//3784 3796//3795 3808//3807 3805//3804
f 3809//3808 3808//3807 3796//3795 3797//3796
f 3810//3809 3811//3810 3808//3807 3809//3808
f 3805//3804 3808//3807 3811//3810 3806//3805
f 3797//3796 3812//3811 3813//3812 3809//3808
f 3814//3813 3813//3812 3812//3811 3815//3814
f 3816//3815 3817//3816 3813//3812 3814//3813
f 3809//3808 3813//3812 3817//3816 3810//3809
f 3810//3809 3817//3816 3818//3817 3819//3818
f 3820//3819 3818//3817 3817//3816 3816//3815
f 3821//3820 3822//3821 3818//3817 3820//3819
f 3819//3818 3818//3817 3822//3821 3823//3822
f 3824//3823 3714//3713 3825//3824
f 3826//3825 3827//3826 3828//3827 3825//3824
f 3827//3826 3829//3828 3824//3823
f 3714//3713 3712//3711 3830//3829 3825//3824
f 3831//3830 3830//3829 3712//3711 3711//3710
f 3832//3831 3833//3832 3830//3829 3831//3830
f 3825//3824 3830//3829 3833//3832 3826//3825
f 3803//3802 3834//3833 3835//3834 3799//3798
f 3831//3830 3835//3834 3834//3833 3832//3831
f 3711//3710 3765//3764 3835//3834 3831//3830
f 3799//3798 3835//3834 3765//3764 3764//3763
f 3836//3835 3837//3836 3834//3833 3803//3802
f 3838//3837 3839//3838 3837//3836 3836//3835
f 3834//3833 3837//3836 3839//3838 3832//3831
f 3803//3802 3802//3801 3840//3839 3836//3835
f 3841//3840 3840//3839 3802//3801 3801//3800
f 3842//3841 3843//3842 3840//3839 3841//3840
f 3836//3835 3840//3839 3843//3842 3838//3837
f 3801//3800 3807//3806 3844//3843 3841//3840
f 3845//3844 3844//3843 3807//3806 3806//3805
f 3846//3845 3847//3846 3844//3843 3845//3844
f 3841//3840 3844//3843 3847//3846 3842//3841
f 3823//3822 3848//3847 3849//3848 3819//3818
f 3845//3844 3849//3848 3848//3847 3846//3845
f 3806//3805 3811//3810 3849//3848 3845//3844
f 3819//3818 3849//3848 3811//3810 3810//3809
f 3829//3828 3827//3826 3850//3849 3851//3850
f 3852//3851 3850//3849 3827//3826 3826//3825
f 3853//3852 3854//3853 3850//3849 3852//3851
f 3851//3850 3850//3849 3854//3853 3855//3854
f 3826//3825 3833//3832 3856//3855 3852//3851
f 3857//3856 3856//3855 3833//3832 3832//3831
f 3858//3857 3859//3858 3856//3855 3857//3856
f 3852//3851 3856//3855 3859//3858 3853//3852
f 3860//3859 3861//3860 3862//3861 3863//3862
f 3853//3852 3859//3858 3860//3859 3863//3862
f 3859//3858 3858//3857 3864//3863
f 3861//3860 3860//3859 3864//3863 3865//3864
f 3832//3831 3839//3838 3866//3865 3857//3856
f 3867//3866 3866//3865 3839//3838 3838//3837
f 3868//3867 3869//3868 3866//3865 3867//3866
f 3857//3856 3866//3865 3869//3868 3858//3857
f 3870//3869 3871//3870 3869//3868 3868//3867
f 3872//3871 3871//3870 3870//3869 3873//3872
f 3865//3864 3864//3863 3871//3870 3872//3871
f 3858//3857 3869//3868 3871//3870 3864//3863
f 3838//3837 3843//3842 3874//3873 3867//3866
f 3875//3874 3874//3873 3843//3842 3842//3841
f 3876//3875 3877//3876 3874//3873 3875//3874
f 3867//3866 3874//3873 3877//3876 3868//3867
f 3878//3877 3879//3878 3880//3879 3881//3880
f 3870//3869 3880//3879 3879//3878 3873//3872
f 3868//3867 3877//3876 3880//3879 3870//3869
f 3881//3880 3880//3879 3877//3876 3876//3875
f 3842//3841 3847//3846 3882//3881 3875//3874
f 3883//3882 3882//3881 3847//3846 3846//3845
f 3882//3881 3883//3882 3884//3883 3885//3884
f 3875//3874 3882//3881 3885//3884 3876//3875
f 3886//3885 3887//3886 3888//3887 3889//3888
f 3887//3886 3878//3877 3881//3880
f 3876//3875 3885//3884 3888//3887 3881//3880
f 3889//3888 3888//3887 3885//3884 3884//3883
f 866//866 3890//3889 3891//3890 867//867
f 3892//3891 3891//3890 3890//3889 3893//3892
f 3894//3893 3895//3894 3891//3890 3892//3891
f 867//867 3891//3890 3895//3894 871//871
f 3896//3895 3897//3896 3898//3897 3899//3898
f 882//882 3898//3897 3897//3896 883//883
f 881//881 3900//3899 3898//3897 882//882
f 3899//3898 3898//3897 3900//3899 3901//3900
f 3902//3901 3903//3902 3904//3903 3905//3904
f 888//888 3904//3903 3903//3902 889//889
f 883//883 3897//3896 3904//3903 888//888
f 3905//3904 3904//3903 3897//3896 3896//3895
f 889//889 3903//3902 3906//3905 890//890
f 3907//3906 3906//3905 3903//3902 3902//3901
f 3893//3892 3890//3889 3906//3905 3907//3906
f 890//890 3906//3905 3890//3889 866//866
f 3901//3900 3908//3907 3909//3908 3899//3898
f 3910//3909 3909//3908 3908//3907 3911//3910
f 3912//3911 3913//3912 3909//3908 3910//3909
f 3899//3898 3909//3908 3913//3912 3896//3895
f 3914//3913 3915//3914 3916//3915 3917//3916
f 3905//3904 3916//3915 3915//3914 3902//3901
f 3896//3895 3913//3912 3916//3915 3905//3904
f 3917//3916 3916//3915 3913//3912 3912//3911
f 3902//3901 3915//3914 3918//3917 3907//3906
f 3919//3918 3918//3917 3915//3914 3914//3913
f 3920//3919 3921//3920 3918//3917 3919//3918
f 3921//3920 3893//3892 3907//3906
f 3911//3910 3922//3921 3923//3922 3910//3909
f 3924//3923 3923//3922 3922//3921 3925//3924
f 3926//3925 3927//3926 3923//3922 3924//3923
f 3910//3909 3923//3922 3927//3926 3912//3911
f 3855//3854 3928//3927 3929//3928 3851//3850
f 3930//3929 3929//3928 3928//3927 3931//3930
f 3932//3931 3933//3932 3929//3928 3930//3929
f 3851//3850 3929//3928 3933//3932 3829//3828
f 3925//3924 3934//3933 3935//3934 3924//3923
f 3936//3935 3935//3934 3934//3933 3937//3936
f 3938//3937 3939//3938 3935//3934 3936//3935
f 3924//3923 3935//3934 3939//3938 3926//3925
f 3940//3939 3941//3940 3942//3941 3943//3942
f 3917//3916 3942//3941 3941//3940 3914//3913
f 3912//3911 3927//3926 3942//3941 3917//3916
f 3943//3942 3942//3941 3927//3926 3926//3925
f 3938//3937 3944//3943 3945//3944 3939//3938
f 3945//3944 3944//3943 3940//3939
f 3926//3925 3939//3938 3945//3944 3943//3942
f 3914//3913 3941//3940 3946//3945 3919//3918
f 3947//3946 3946//3945 3941//3940 3940//3939
f 3946//3945 3947//3946 3948//3947
f 3919//3918 3946//3945 3949//3948 3920//3919
f 3950//3949 3947//3946 3940//3939
f 3944//3943 3938//3937 3951//3950
f 3952//3951 3953//3952 3950//3949 3951//3950
f 3953//3952 3948//3947 3947//3946
f 3931//3930 3954//3953 3955//3954 3930//3929
f 3936//3935 3955//3954 3954//3953 3938//3937
f 3937//3936 3956//3955 3955//3954 3936//3935
f 3930//3929 3955//3954 3956//3955 3932//3931
f 3893//3892 3921//3920 3957//3956 3892//3891
f 3958//3957 3957//3956 3921//3920 3920//3919
f 3959//3958 3960//3959 3957//3956 3958//3957
f 3892//3891 3957//3956 3960//3959 3894//3893
f 3920//3919 3949//3948 3961//3960 3958//3957
f 3962//3961 3961//3960 3949//3948 3948//3947
f 3963//3962 3964//3963 3961//3960 3962//3961
f 3964//3963 3959//3958 3958//3957
f 3963//3962 3965//3964 3966//3965 3964//3963
f 3967//3966 3966//3965 3965//3964 3968//3967
f 3969//3968 3970//3969 3966//3965 3967//3966
f 3970//3969 3959//3958 3964//3963
f 3971//3970 3972//3971 3973//3972 3974//3973
f 3951//3950 3973//3972 3972//3971 3952//3951
f 3938//3937 3954//3953 3973//3972 3951//3950
f 3974//3973 3973//3972 3954//3953 3931//3930
f 3952//3951 3972//3971 3975//3974 3953//3952
f 3976//3975 3975//3974 3972//3971 3971//3970
f 3963//3962 3962//3961 3975//3974 3976//3975
f 3953//3952 3975//3974 3962//3961 3948//3947
f 3862//3861 3977//3976 3978//3977 3863//3862
f 3979//3978 3978//3977 3977//3976 3980//3979
f 3855//3854 3854//3853 3978//3977 3979//3978
f 3863//3862 3978//3977 3854//3853 3853//3852
f 3981//3980 3982//3981 3983//3982 3984//3983
f 3982//3981 3968//3967 3965//3964
f 3976//3975 3983//3982 3965//3964 3963//3962
f 3976//3975 3971//3970 3984//3983
f 3980//3979 3985//3984 3986//3985 3979//3978
f 3974//3973 3986//3985 3985//3984 3971//3970
f 3931//3930 3928//3927 3986//3985 3974//3973
f 3928//3927 3855//3854 3979//3978
f 3987//3986 3988//3987 3985//3984 3980//3979
f 3981//3980 3984//3983 3988//3987 3987//3986
f 3971//3970 3985//3984 3988//3987 3984//3983
f 3989//3988 3990//3989 3991//3990 3992//3991
f 3993//3992 3991//3990 3990//3989 3994//3993
f 3365//3364 3361//3360 3991//3990 3993//3992
f 3992//3991 3991//3990 3361//3360 3360//3359
f 3994//3993 3995//3994 3996//3995 3993//3992
f 3997//3996 3996//3995 3995//3994 3998//3997
f 3371//3370 3368//3367 3996//3995 3997//3996
f 3993//3992 3996//3995 3368//3367 3365//3364
f 3999//3998 4000//3999 4001//4000 4002//4001
f 3375//3374 3372//3371 4000//3999 3999//3998
f 3997//3996 4000//3999 3372//3371 3371//3370
f 4001//4000 4000//3999 3997//3996 3998//3997
f 4002//4001 4003//4002 4004//4003 3999//3998
f 4005//4004 4004//4003 4003//4002 4006//4005
f 3379//3378 3376//3375 4004//4003 4005//4004
f 3999//3998 4004//4003 3376//3375 3375//3374
f 4006//4005 4007//4006 4008//4007 4005//4004
f 4009//4008 4008//4007 4007//4006 4010//4009
f 3383//3382 3380//3379 4008//4007 4009//4008
f 4005//4004 4008//4007 3380//3379 3379//3378
f 4010//4009 4011//4010 4012//4011 4009//4008
f 4013//4012 4012//4011 4011//4010 4014//4013
f 3387//3386 3384//3383 4012//4011 4013//4012
f 4009//4008 4012//4011 3384//3383 3383//3382
f 4014//4013 4015//4014 4016//4015 4013//4012
f 4017//4016 4016//4015 4015//4014 4018//4017
f 3391//3390 3388//3387 4016//4015 4017//4016
f 4013//4012 4016//4015 3388//3387 3387//3386
f 4018//4017 4019//4018 4020//4019 4017//4016
f 4021//4020 4020//4019 4019//4018 4022//4021
f 3395//3394 3392//3391 4020//4019 4021//4020
f 4017//4016 4020//4019 3392//3391 3391//3390
f 4023//4022 4024//4023 4025//4024 4026//4025
f 3399//3398 3396//3395 4025//4024 4024//4023
f 4021//4020 4025//4024 3396//3395 3395//3394
f 4026//4025 4025//4024 4021//4020 4022//4021
f 4027//4026 4028//4027 4029//4028 4030//4029
f 4031//4030 4032//4031 4028//4027 4027//4026
f 4026//4025 4028//4027 4032//4031 4023//4022
f 4029//4028 4028//4027 4026//4025 4022//4021
f 4033//4032 4034//4033 4035//4034 4036//4035
f 3990//3989 4035//4034 4034//4033 3994//3993
f 3989//3988 4037//4036 4035//4034 3990//3989
f 4036//4035 4035//4034 4037//4036 4038//4037
f 4039//4038 4040//4039 4041//4040 4042//4041
f 3995//3994 4041//4040 4040//4039 3998//3997
f 3994//3993 4034//4033 4041//4040 3995//3994
f 4042//4041 4041//4040 4034//4033 4033//4032
f 4043//4042 4044//4043 4045//4044 4046//4045
f 4001//4000 4045//4044 4044//4043 4002//4001
f 3998//3997 4040//4039 4045//4044 4001//4000
f 4046//4045 4045//4044 4040//4039 4039//4038
f 4047//4046 4048//4047 4049//4048 4050//4049
f 4006//4005 4003//4002 4049//4048 4048//4047
f 4002//4001 4044//4043 4049//4048 4003//4002
f 4050//4049 4049//4048 4044//4043 4043//4042
f 4051//4050 4052//4051 4053//4052 4054//4053
f 4010//4009 4007//4006 4053//4052 4052//4051
f 4048//4047 4053//4052 4007//4006 4006//4005
f 4054//4053 4053//4052 4048//4047 4047//4046
f 4055//4054 4056//4055 4057//4056 4058//4057
f 4014//4013 4011//4010 4057//4056 4056//4055
f 4052//4051 4057//4056 4011//4010 4010//4009
f 4058//4057 4057//4056 4052//4051 4051//4050
f 4055//4054 4059//4058 4060//4059 4056//4055
f 4061//4060 4060//4059 4059//4058 4062//4061
f 4018//4017 4015//4014 4060//4059 4061//4060
f 4056//4055 4060//4059 4015//4014 4014//4013
f 4063//4062 4064//4063 4065//4064
f 4019//4018 4066//4065 4065//4064 4022//4021
f 4061//4060 4066//4065 4019//4018 4018//4017
f 4062//4061 4063//4062 4066//4065 4061//4060
f 4064//4063 4067//4066 4068//4067 4065//4064
f 4069//4068 4068//4067 4067//4066 4070//4069
f 4030//4029 4029//4028 4068//4067 4069//4068
f 4065//4064 4068//4067 4029//4028 4022//4021
f 4038//4037 4071//4070 4072//4071 4036//4035
f 4073//4072 4072//4071 4071//4070 4074//4073
f 4075//4074 4076//4075 4072//4071 4073//4072
f 4036//4035 4072//4071 4076//4075 4033//4032
f 4033//4032 4076//4075 4077//4076 4042//4041
f 4078//4077 4077//4076 4076//4075 4075//4074
f 4079//4078 4080//4079 4077//4076 4078//4077
f 4042//4041 4077//4076 4080//4079 4039//4038
f 4039//4038 4080//4079 4081//4080 4046//4045
f 4082//4081 4081//4080 4080//4079 4079//4078
f 4083//4082 4084//4083 4081//4080 4082//4081
f 4046//4045 4081//4080 4084//4083 4043//4042
f 4043//4042 4084//4083 4085//4084 4050//4049
f 4086//4085 4085//4084 4084//4083 4083//4082
f 4087//4086 4088//4087 4085//4084 4086//4085
f 4050//4049 4085//4084 4088//4087 4047//4046
f 4089//4088 4090//4089 4091//4090 4092//4091
f 4073//4072 4091//4090 4090//4089 4075//4074
f 4074//4073 4093//4092 4091//4090 4073//4072
f 4092//4091 4091//4090 4093//4092 4094//4093
f 4095//4094 4096//4095 4097//4096 4098//4097
f 4078//4077 4096//4095 4095//4094 4079//4078
f 4075//4074 4090//4089 4096//4095 4078//4077
f 4097//4096 4096//4095 4090//4089 4089//4088
f 4099//4098 4100//4099 4101//4100 4102//4101
f 4082//4081 4100//4099 4099//4098 4083//4082
f 4079//4078 4095//4094 4100//4099 4082//4081
f 4098//4097 4101//4100 4100//4099 4095//4094
f 4103//4102 4104//4103 1090//1090 1089//1089
f 4105//4104 4103//4102 1089//1089 1096//1096
f 4106//4105 4103//4102 4105//4104 4107//4106
f 4108//4107 4104//4103 4103//4102 4106//4105
f 1096//1096 1098//1098 4109//4108 4105//4104
f 4110//4109 4109//4108 1098//1098 1102//1102
f 4111//4110 4112//4111 4109//4108 4110//4109
f 4105//4104 4109//4108 4112//4111 4107//4106
f 1102//1102 1104//1104 4113//4112 4110//4109
f 4114//4113 4113//4112 1104//1104 1108//1108
f 4115//4114 4116//4115 4113//4112 4114//4113
f 4110//4109 4113//4112 4116//4115 4111//4110
f 1108//1108 1110//1110 4117//4116 4114//4113
f 4118//4117 4117//4116 1110//1110 1114//1114
f 4119//4118 4120//4119 4117//4116 4118//4117
f 4114//4113 4117//4116 4120//4119 4115//4114
f 1114//1114 1116//1116 4121//4120 4118//4117
f 4122//4121 4121//4120 1116//1116 1120//1120
f 4123//4122 4124//4123 4121//4120 4122//4121
f 4118//4117 4121//4120 4124//4123 4119//4118
f 1120//1120 1122//1122 4125//4124 4122//4121
f 4126//4125 4125//4124 1122//1122 1126//1126
f 4127//4126 4128//4127 4125//4124 4126//4125
f 4122//4121 4125//4124 4128//4127 4123//4122
f 4129//4128 4130//4129 1130//1130 1129//1129
f 4131//4130 4132//4131 4130//4129 4129//4128
f 4126//4125 4130//4129 4132//4131 4127//4126
f 4130//4129 4126//4125 1126//1126 1130//1130
f 4133//4132 4134//4133 4135//4134 4136//4135
f 4129//4128 4135//4134 4134//4133 4131//4130
f 1129//1129 1134//1134 4135//4134 4129//4128
f 4136//4135 4135//4134 1134//1134 1138//1138
f 4137//4136 1140//1140 1139//1139 4138//4137
f 4139//4138 4140//4139 4137//4136 4138//4137
f 4136//4135 4137//4136 4140//4139 4133//4132
f 4137//4136 4136//4135 1138//1138 1140//1140
f 1139//1139 1146//1146 4141//4140 4138//4137
f 4142//4141 4141//4140 1146//1146 1150//1150
f 4143//4142 4144//4143 4141//4140 4142//4141
f 4138//4137 4141//4140 4144//4143 4139//4138
f 4145//4144 4146//4145 4147//4146 4148//4147
f 4112//4111 4147//4146 4146//4145 4107//4106
f 4149//4148 4147//4146 4112//4111 4111//4110
f 4147//4146 4149//4148 4150//4149 4148//4147
f 4150//4149 4151//4150 4152//4151 4153//4152
f 4154//4153 4152//4151 4151//4150 4155//4154
f 4098//4097 4097//4096 4152//4151 4154//4153
f 4153//4152 4152//4151 4097//4096 4089//4088
f 4155//4154 4151//4150 4156//4155 4157//4156
f 4149//4148 4156//4155 4151//4150 4150//4149
f 4111//4110 4116//4115 4156//4155 4149//4148
f 4157//4156 4156//4155 4116//4115 4115//4114
f 4155//4154 4158//4157 4159//4158 4154//4153
f 4160//4159 4159//4158 4158//4157 4161//4160
f 4102//4101 4101//4100 4159//4158 4160//4159
f 4154//4153 4159//4158 4101//4100 4098//4097
f 4161//4160 4158//4157 4162//4161 4163//4162
f 4157//4156 4162//4161 4158//4157 4155//4154
f 4115//4114 4120//4119 4162//4161 4157//4156
f 4163//4162 4162//4161 4120//4119 4119//4118
f 4119//4118 4124//4123 4164//4163 4163//4162
f 4165//4164 4164//4163 4124//4123 4123//4122
f 4166//4165 4167//4166 4164//4163 4165//4164
f 4163//4162 4164//4163 4167//4166 4161//4160
f 4168//4167 4169//4168 4128//4127 4127//4126
f 4170//4169 4171//4170 4169//4168 4168//4167
f 4165//4164 4169//4168 4171//4170 4166//4165
f 4123//4122 4128//4127 4169//4168 4165//4164
f 4172//4171 4173//4172 4174//4173 4175//4174
f 4168//4167 4174//4173 4173//4172 4170//4169
f 4127//4126 4132//4131 4174//4173 4168//4167
f 4175//4174 4174//4173 4132//4131 4131//4130
f 4176//4175 4177//4176 4178//4177 4179//4178
f 4175//4174 4178//4177 4177//4176 4172//4171
f 4131//4130 4134//4133 4178//4177 4175//4174
f 4179//4178 4178//4177 4134//4133 4133//4132
f 4180//4179 4181//4180 4182//4181 4183//4182
f 4179//4178 4182//4181 4181//4180 4176//4175
f 4133//4132 4140//4139 4182//4181 4179//4178
f 4183//4182 4182//4181 4140//4139 4139//4138
f 4184//4183 4185//4184 4186//4185
f 4187//4186 4184//4183 4188//4187 4189//4188
f 4145//4144 4190//4189 4184//4183 4187//4186
f 4185//4184 4184//4183 4190//4189 4094//4093
f 4107//4106 4146//4145 4191//4190 4106//4105
f 4187//4186 4191//4190 4146//4145 4145//4144
f 4189//4188 4192//4191 4191//4190 4187//4186
f 4106//4105 4191//4190 4192//4191 4108//4107
f 4094//4093 4190//4189 4193//4192 4092//4091
f 4148//4147 4193//4192 4190//4189 4145//4144
f 4150//4149 4153//4152 4193//4192 4148//4147
f 4092//4091 4193//4192 4153//4152 4089//4088
f 3419//3418 4194//4193 4195//4194 3415//3414
f 4196//4195 4195//4194 4194//4193 4197//4196
f 3040//3039 3413//3412 4195//4194 4196//4195
f 3415//3414 4195//4194 3413//3412 3412//3411
f 4198//4197 4199//4198 4196//4195 4197//4196
f 3075//3074 4199//4198 4198//4197 3076//3075
f 3044//3043 3041//3040 4199//4198 3075//3074
f 4196//4195 4199//4198 3041//3040 3040//3039
f 3609//3608 3608//3607 4200//4199
f 4201//4200 4202//4201 4203//4202 4200//4199
f 3419//3418 3418//3417 4203//4202 4202//4201
f 3609//3608 4203//4202 3418//3417 3417//3416
f 4204//4203 4205//4204 4206//4205
f 4206//4205 3622//3621 3621//3620
f 3076//3075 4198//4197 4207//4206 3621//3620
f 4198//4197 4197//4196 4204//4203
f 4208//4207 4209//4208 4210//4209 4211//4210
f 4194//4193 4210//4209 4209//4208 4197//4196
f 3419//3418 4202//4201 4210//4209 4194//4193
f 4202//4201 4201//4200 4211//4210
f 4212//4211 4213//4212 4209//4208 4208//4207
f 4205//4204 4204//4203 4213//4212 4212//4211
f 4197//4196 4209//4208 4213//4212 4204//4203
f 3608//3607 3614//3613 4214//4213 4200//4199
f 4215//4214 4214//4213 3614//3613 3613//3612
f 4216//4215 4217//4216 4214//4213 4215//4214
f 4217//4216 4201//4200 4200//4199
f 4205//4204 4218//4217 4219//4218 4206//4205
f 4220//4219 4219//4218 4218//4217 4221//4220
f 3629//3628 3636//3635 4219//4218 4220//4219
f 4206//4205 4219//4218 3636//3635 3622//3621
f 4222//4221 4223//4222 4224//4223 4225//4224
f 4211//4210 4224//4223 4223//4222 4208//4207
f 4201//4200 4217//4216 4224//4223 4211//4210
f 4225//4224 4224//4223 4217//4216 4216//4215
f 4208//4207 4223//4222 4226//4225 4212//4211
f 4227//4226 4226//4225 4223//4222 4222//4221
f 4221//4220 4218//4217 4226//4225 4227//4226
f 4212//4211 4226//4225 4218//4217 4205//4204
f 4228//4227 3628//3627 3629//3628 4220//4219
f 4221//4220 4229//4228 4228//4227 4220//4219
f 4230//4229 4228//4227 4229//4228 4231//4230
f 3628//3627 4228//4227 4230//4229 3619//3618
f 4232//4231 4233//4232 4234//4233 4235//4234
f 4215//4214 4234//4233 4233//4232 4216//4215
f 3613//3612 3610//3609 4234//4233 4215//4214
f 4235//4234 4234//4233 3610//3609 3605//3604
f 4236//4235 4237//4236 4238//4237 4239//4238
f 4225//4224 4238//4237 4237//4236 4222//4221
f 4216//4215 4233//4232 4238//4237 4225//4224
f 4239//4238 4238//4237 4233//4232 4232//4231
f 4231//4230 4229//4228 4240//4239 4241//4240
f 4227//4226 4240//4239 4229//4228 4221//4220
f 4222//4221 4237//4236 4240//4239 4227//4226
f 4241//4240 4240//4239 4237//4236 4236//4235
f 3459//3458 4242//4241 4243//4242 3602//3601
f 4244//4243 4243//4242 4242//4241 4245//4244
f 4232//4231 4235//4234 4243//4242 4244//4243
f 4235//4234 3605//3604 3602//3601
f 4245//4244 4242//4241 4246//4245 4247//4246
f 3462//3461 4246//4245 4242//4241 3459//3458
f 3457//3456 4247//4246 4246//4245 3462//3461
f 4231//4230 4248//4247 4249//4248 4230//4229
f 4250//4249 4249//4248 4248//4247 4251//4250
f 3618//3617 4249//4248 4250//4249 3367//3366
f 4249//4248 3618//3617 3619//3618
f 4252//4251 4253//4252 4254//4253 4255//4254
f 4239//4238 4254//4253 4253//4252 4236//4235
f 4232//4231 4244//4243 4254//4253 4239//4238
f 4255//4254 4254//4253 4244//4243 4245//4244
f 4236//4235 4253//4252 4256//4255 4241//4240
f 4253//4252 4252//4251 4257//4256
f 4251//4250 4248//4247 4256//4255 4257//4256
f 4241//4240 4256//4255 4248//4247 4231//4230
f 3457//3456 3455//3454 4258//4257 4247//4246
f 4259//4258 4258//4257 3455//3454 3456//3455
f 4260//4259 4261//4260 4258//4257 4259//4258
f 4247//4246 4258//4257 4261//4260 4245//4244
f 4262//4261 4263//4262 4264//4263 4265//4264
f 3363//3362 4264//4263 4263//4262 3360//3359
f 3367//3366 4250//4249 4264//4263 3363//3362
f 4265//4264 4264//4263 4250//4249 4251//4250
f 4260//4259 4266//4265 4267//4266 4261//4260
f 4268//4267 4267//4266 4266//4265 4269//4268
f 4255//4254 4267//4266 4268//4267 4252//4251
f 4261//4260 4267//4266 4255//4254 4245//4244
f 4252//4251 4268//4267 4270//4269 4257//4256
f 4271//4270 4270//4269 4268//4267 4269//4268
f 4265//4264 4270//4269 4271//4270 4262//4261
f 4270//4269 4265//4264 4251//4250 4257//4256
f 4272//4271 4273//4272 4274//4273 4275//4274
f 4276//4275 4277//4276 4273//4272 4272//4271
f 3456//3455 3452//3451 4273//4272 4277//4276
f 4274//4273 4273//4272 3452//3451 3451//3450
f 4278//4277 4279//4278 4280//4279 4281//4280
f 3992//3991 4280//4279 4279//4278 3989//3988
f 3360//3359 4263//4262 4280//4279 3992//3991
f 4281//4280 4280//4279 4263//4262 4262//4261
f 3456//3455 4277//4276 4282//4281 4259//4258
f 4283//4282 4282//4281 4277//4276 4276//4275
f 4260//4259 4259//4258 4282//4281 4283//4282
f 4284//4283 4272//4271 4275//4274
f 4285//4284 4284//4283 4286//4285 4186//4185
f 4287//4286 4288//4287 4284//4283 4285//4284
f 4272//4271 4284//4283 4288//4287 4276//4275
f 4189//4188 4188//4187 4289//4288 4290//4289
f 4289//4288 4188//4187 4186//4185 4286//4285
f 4286//4285 4275//4274 4290//4289
f 4291//4290 4292//4291 4279//4278 4278//4277
f 4293//4292 4292//4291 4291//4290 4186//4185
f 4038//4037 4037//4036 4292//4291 4293//4292
f 3989//3988 4279//4278 4292//4291 4037//4036
f 4285//4284 4294//4293 4295//4294 4287//4286
f 4291//4290 4294//4293 4285//4284 4186//4185
f 4278//4277 4295//4294 4294//4293 4291//4290
f 4038//4037 4293//4292 4296//4295 4071//4070
f 4293//4292 4186//4185 4185//4184
f 4094//4093 4093//4092 4296//4295 4185//4184
f 4071//4070 4296//4295 4093//4092 4074//4073
f 4262//4261 4271//4270 4297//4296 4281//4280
f 4298//4297 4297//4296 4271//4270 4269//4268
f 4287//4286 4295//4294 4297//4296 4298//4297
f 4281//4280 4297//4296 4295//4294 4278//4277
f 4276//4275 4288//4287 4299//4298 4283//4282
f 4298//4297 4299//4298 4288//4287 4287//4286
f 4269//4268 4266//4265 4299//4298 4298//4297
f 4283//4282 4299//4298 4266//4265 4260//4259
f 4300//4299 4290//4289 4275//4274
f 4301//4300 4300//4299 4302//4301 4303//4302
f 4108//4107 4192//4191 4300//4299 4301//4300
f 4290//4289 4300//4299 4192//4191 4189//4188
f 1312//1312 1311//1311 4304//4303 4305//4304
f 4104//4103 4304//4303 1311//1311 1090//1090
f 4301//4300 4304//4303 4104//4103 4108//4107
f 4305//4304 4304//4303 4301//4300 4303//4302
f 4306//4305 4307//4306 4308//4307 4309//4308
f 4310//4309 4307//4306 4306//4305 4311//4310
f 3429//3428 3425//3424 4307//4306 4310//4309
f 3424//3423 4308//4307 4307//4306 3425//3424
f 4311//4310 4312//4311 4313//4312 4310//4309
f 4314//4313 4313//4312 4312//4311 4315//4314
f 3436//3435 3433//3432 4313//4312 4314//4313
f 4310//4309 4313//4312 3433//3432 3429//3428
f 4315//4314 4316//4315 4317//4316 4314//4313
f 4318//4317 4317//4316 4316//4315 4319//4318
f 3444//3443 3443//3442 4317//4316 4318//4317
f 4314//4313 4317//4316 3443//3442 3436//3435
f 4319//4318 4320//4319 4321//4320 4318//4317
f 3454//3453 4321//4320 4320//4319 3451//3450
f 3448//3447 3445//3444 4321//4320 3454//3453
f 4318//4317 4321//4320 3445//3444 3444//3443
f 3451//3450 4320//4319 4322//4321 4274//4273
f 4323//4322 4322//4321 4320//4319 4319//4318
f 4303//4302 4302//4301 4322//4321 4323//4322
f 4274//4273 4322//4321 4302//4301 4275//4274
f 4324//4323 4325//4324 4326//4325 4327//4326
f 4328//4327 4326//4325 4325//4324 4329//4328
f 4326//4325 4328//4327 4319//4318
f 4327//4326 4326//4325 4316//4315 4315//4314
f 4328//4327 4330//4329 4323//4322 4319//4318
f 4329//4328 4331//4330 4330//4329 4328//4327
f 4323//4322 4330//4329 4331//4330 4303//4302
f 4332//4331 4305//4304 4303//4302
f 4333//4332 4332//4331 4331//4330 4329//4328
f 1340//1340 1343//1343 4332//4331 4333//4332
f 1343//1343 1312//1312 4305//4304
f 4329//4328 4325//4324 4334//4333 4333//4332
f 4335//4334 4334//4333 4325//4324 4324//4323
f 1346//1346 1345//1345 4334//4333 4335//4334
f 1345//1345 1340//1340 4333//4332
f 4336//4335 4337//4336 4338//4337 4339//4338
f 1352//1352 4338//4337 4337//4336 1353//1353
f 871//871 3895//3894 4338//4337 1352//1352
f 4339//4338 4338//4337 3895//3894 3894//3893
f 4340//4339 4341//4340 4342//4341 4343//4342
f 4339//4338 4342//4341 4341//4340 4336//4335
f 3894//3893 3960//3959 4342//4341 4339//4338
f 4343//4342 4342//4341 3960//3959 3959//3958
f 3959//3958 3970//3969 4344//4343 4343//4342
f 4345//4344 4344//4343 3970//3969 3969//3968
f 4346//4345 4347//4346 4344//4343 4345//4344
f 4343//4342 4344//4343 4347//4346 4340//4339
f 3969//3968 3967//3966 4348//4347 4345//4344
f 4349//4348 4348//4347 3967//3966 3968//3967
f 4350//4349 4351//4350 4348//4347 4349//4348
f 4351//4350 4346//4345 4345//4344
f 3968//3967 3982//3981 4352//4351 4349//4348
f 4353//4352 4352//4351 3982//3981 3981//3980
f 4354//4353 4355//4354 4352//4351 4353//4352
f 4349//4348 4352//4351 4355//4354 4350//4349
f 4356//4355 4357//4356 4358//4357
f 4353//4352 4356//4355 4359//4358 4354//4353
f 3981//3980 3987//3986 4356//4355 4353//4352
f 4357//4356 4356//4355 3987//3986 3980//3979
f 3977//3976 4360//4359 4357//4356 3980//3979
f 3862//3861 4361//4360 4360//4359 3977//3976
f 4362//4361 4363//4362 4360//4359 4361//4360
f 4357//4356 4360//4359 4363//4362 4358//4357
f 3865//3864 4364//4363 4365//4364 3861//3860
f 4366//4365 4365//4364 4364//4363 4367//4366
f 4362//4361 4361//4360 4365//4364 4366//4365
f 3861//3860 4365//4364 4361//4360 3862//3861
f 3873//3872 4368//4367 4369//4368 3872//3871
f 4370//4369 4369//4368 4368//4367 4371//4370
f 4367//4366 4364//4363 4369//4368 4370//4369
f 3872//3871 4369//4368 4364//4363 3865//3864
f 3873//3872 3879//3878 4372//4371 4368//4367
f 4373//4372 4372//4371 3879//3878 3878//3877
f 4374//4373 4372//4371 4373//4372 4375//4374
f 4371//4370 4368//4367 4372//4371 4374//4373
f 3886//3885 4376//4375 4377//4376 3887//3886
f 4378//4377 4377//4376 4376//4375 4379//4378
f 4375//4374 4373//4372 4377//4376 4378//4377
f 3878//3877 3887//3886 4377//4376 4373//4372
f 4350//4349 4355//4354 4380//4379 4381//4380
f 4382//4381 4380//4379 4355//4354 4354//4353
f 4383//4382 4384//4383 4380//4379 4382//4381
f 4381//4380 4380//4379 4384//4383 4385//4384
f 4354//4353 4359//4358 4386//4385 4382//4381
f 4387//4386 4386//4385 4359//4358 4358//4357
f 4388//4387 4389//4388 4386//4385 4387//4386
f 4382//4381 4386//4385 4389//4388 4383//4382
f 4358//4357 4363//4362 4390//4389 4387//4386
f 4391//4390 4390//4389 4363//4362 4362//4361
f 4392//4391 4393//4392 4390//4389 4391//4390
f 4387//4386 4390//4389 4393//4392 4388//4387
f 4391//4390 4394//4393 4395//4394 4392//4391
f 4362//4361 4366//4365 4394//4393 4391//4390
f 4367//4366 4396//4395 4394//4393 4366//4365
f 4395//4394 4394//4393 4396//4395 4397//4396
f 4371//4370 4398//4397 4399//4398 4370//4369
f 4400//4399 4399//4398 4398//4397 4401//4400
f 4397//4396 4396//4395 4399//4398 4400//4399
f 4370//4369 4399//4398 4396//4395 4367//4366
f 4375//4374 4402//4401 4403//4402 4374//4373
f 4402//4401 4404//4403 4405//4404
f 4401//4400 4398//4397 4403//4402 4405//4404
f 4374//4373 4403//4402 4398//4397 4371//4370
f 4379//4378 4406//4405 4407//4406 4378//4377
f 4408//4407 4407//4406 4406//4405 4409//4408
f 4404//4403 4402//4401 4407//4406 4408//4407
f 4378//4377 4407//4406 4402//4401 4375//4374
f 3797//3796 3794//3793 4410//4409 3812//3811
f 4411//4410 4410//4409 3794//3793 3793//3792
f 4412//4411 4413//4412 4410//4409 4411//4410
f 3812//3811 4410//4409 4413//4412 3815//3814
f 3816//3815 4414//4413 4415//4414 3820//3819
f 4416//4415 4415//4414 4414//4413 4417//4416
f 4418//4417 4419//4418 4415//4414 4416//4415
f 3820//3819 4415//4414 4419//4418 3821//3820
f 4420//4419 4421//4420 4422//4421 4423//4422
f 4422//4421 4421//4420 4417//4416 4414//4413
f 3814//3813 4422//4421 4414//4413 3816//3815
f 4423//4422 4422//4421 3814//3813 3815//3814
f 3790//3789 3789//3788 4424//4423
f 4425//4424 4426//4425 4427//4426
f 4411//4410 4427//4426 4426//4425 4412//4411
f 3793//3792 3790//3789 4427//4426 4411//4410
f 4428//4427 4429//4428 4430//4429 4431//4430
f 4420//4419 4423//4422 4430//4429 4429//4428
f 3815//3814 4413//4412 4430//4429 4423//4422
f 4431//4430 4430//4429 4413//4412 4412//4411
f 4432//4431 4433//4432 4434//4433 4435//4434
f 4417//4416 4421//4420 4434//4433 4433//4432
f 4429//4428 4434//4433 4421//4420 4420//4419
f 4435//4434 4434//4433 4429//4428 4428//4427
f 4436//4435 4437//4436 4438//4437 4439//4438
f 4436//4435 4418//4417 4416//4415
f 4417//4416 4433//4432 4437//4436 4416//4415
f 4432//4431 4438//4437 4437//4436 4433//4432
f 3823//3822 4440//4439 4441//4440 3848//3847
f 4442//4441 4441//4440 4440//4439 4443//4442
f 4441//4440 4442//4441 4444//4443
f 4445//4444 3846//3845 3848//3847
f 4446//4445 4445//4444 4444//4443
f 4447//4446 4448//4447 4449//4448
f 3884//3883 3883//3882 4446//4445 4449//4448
f 3883//3882 3846//3845 4445//4444
f 3886//3885 3889//3888 4450//4449 4451//4450
f 4449//4448 4450//4449 3889//3888 3884//3883
f 4450//4449 4449//4448 4448//4447
f 4451//4450 4450//4449 4452//4451 4453//4452
f 4453//4452 4454//4453 4455//4454 4451//4450
f 4456//4455 4455//4454 4454//4453 4457//4456
f 4379//4378 4376//4375 4455//4454 4456//4455
f 4451//4450 4455//4454 4376//4375 3886//3885
f 4406//4405 4379//4378 4456//4455
f 4457//4456 4458//4457 4459//4458 4456//4455
f 4460//4459 4461//4460 4459//4458 4458//4457
f 4406//4405 4459//4458 4461//4460 4409//4408
f 4462//4461 4463//4462 4464//4463 4465//4464
f 4458//4457 4464//4463 4463//4462 4460//4459
f 4457//4456 4466//4465 4464//4463 4458//4457
f 4464//4463 4466//4465 4467//4466
f 4467//4466 4466//4465 4468//4467 4469//4468
f 4457//4456 4454//4453 4468//4467 4466//4465
f 4470//4469 4468//4467 4454//4453 4453//4452
f 4471//4470 4469//4468 4468//4467 4470//4469
f 4471//4470 4472//4471 4473//4472 4469//4468
f 4474//4473 4473//4472 4472//4471 4475//4474
f 4462//4461 4465//4464 4473//4472 4474//4473
f 4469//4468 4473//4472 4465//4464 4467//4466
f 4476//4475 4477//4476 4478//4477 4479//4478
f 4470//4469 4478//4477 4477//4476 4471//4470
f 4453//4452 4452//4451 4478//4477 4470//4469
f 4479//4478 4478//4477 4452//4451 4448//4447
f 4462//4461 4480//4479 4481//4480 4463//4462
f 4482//4481 4481//4480 4480//4479 4483//4482
f 4460//4459 4463//4462 4481//4480 4482//4481
f 4476//4475 4484//4483 4485//4484 4477//4476
f 4486//4485 4485//4484 4484//4483 4487//4486
f 4475//4474 4472//4471 4485//4484 4486//4485
f 4477//4476 4485//4484 4472//4471 4471//4470
f 4475//4474 4486//4485 4488//4487 4474//4473
f 4487//4486 4489//4488 4488//4487 4486//4485
f 4483//4482 4480//4479 4488//4487 4489//4488
f 4474//4473 4488//4487 4480//4479 4462//4461
f 3221//3220 3243//3242 4490//4489 3219//3218
f 4491//4490 4490//4489 3243//3242 3242//3241
f 4492//4491 4493//4492 4490//4489 4491//4490
f 3219//3218 4490//4489 4493//4492 3100//3099
f 3241//3240 3253//3252 4494//4493 3240//3239
f 4495//4494 4494//4493 3253//3252 3252//3251
f 4496//4495 4497//4496 4494//4493 4495//4494
f 3240//3239 4494//4493 4497//4496 3242//3241
f 4498//4497 4499//4498 4500//4499 4501//4500
f 4495//4494 4500//4499 4499//4498 4496//4495
f 3252//3251 3255//3254 4500//4499 4495//4494
f 4501//4500 4500//4499 3255//3254 3254//3253
f 4502//4501 4503//4502 4493//4492 4492//4491
f 4504//4503 4503//4502 4502//4501 4505//4504
f 3105//3104 3101//3100 4503//4502 4504//4503
f 4503//4502 3101//3100 3100//3099 4493//4492
f 3242//3241 4497//4496 4506//4505 4491//4490
f 4507//4506 4506//4505 4497//4496 4496//4495
f 4508//4507 4509//4508 4506//4505 4507//4506
f 4491//4490 4506//4505 4509//4508 4492//4491
f 4496//4495 4499//4498 4510//4509 4507//4506
f 4511//4510 4510//4509 4499//4498 4498//4497
f 4512//4511 4513//4512 4510//4509 4511//4510
f 4507//4506 4510//4509 4513//4512 4508//4507
f 4514//4513 4509//4508 4508//4507
f 4515//4514 4514//4513 4516//4515 4517//4516
f 4505//4504 4502//4501 4514//4513 4515//4514
f 4509//4508 4514//4513 4502//4501 4492//4491
f 4505//4504 4518//4517 4519//4518 4504//4503
f 4520//4519 4519//4518 4518//4517 4521//4520
f 3141//3140 3139//3138 4519//4518 4520//4519
f 4504//4503 4519//4518 3139//3138 3105//3104
f 4512//4511 4522//4521 4523//4522 4513//4512
f 4524//4523 4523//4522 4522//4521 4525//4524
f 4517//4516 4516//4515 4523//4522 4524//4523
f 4513//4512 4523//4522 4516//4515 4508//4507
f 4521//4520 4526//4525 4527//4526 4520//4519
f 4528//4527 4527//4526 4526//4525 4529//4528
f 3747//3746 4527//4526 4528//4527 3748//3747
f 4520//4519 4527//4526 3747//3746 3141//3140
f 4517//4516 4530//4529 4531//4530 4515//4514
f 4532//4531 4531//4530 4530//4529 4533//4532
f 4521//4520 4518//4517 4531//4530 4532//4531
f 4518//4517 4505//4504 4515//4514
f 4525//4524 4534//4533 4535//4534 4524//4523
f 4536//4535 4535//4534 4534//4533 4537//4536
f 4533//4532 4530//4529 4535//4534 4536//4535
f 4524//4523 4535//4534 4530//4529 4517//4516
f 4529//4528 4538//4537 4539//4538 4528//4527
f 4539//4538 4538//4537 4540//4539 4541//4540
f 3755//3754 3754//3753 4539//4538 4541//4540
f 4528//4527 4539//4538 3754//3753 3748//3747
f 4533//4532 4542//4541 4543//4542 4532//4531
f 4544//4543 4543//4542 4542//4541 4545//4544
f 4529//4528 4526//4525 4543//4542 4544//4543
f 4532//4531 4543//4542 4526//4525 4521//4520
f 4537//4536 4546//4545 4547//4546 4536//4535
f 4548//4547 4547//4546 4546//4545 4549//4548
f 4545//4544 4542//4541 4547//4546 4548//4547
f 4536//4535 4547//4546 4542//4541 4533//4532
f 4550//4549 4541//4540 4540//4539
f 4551//4550 4550//4549 4552//4551 4553//4552
f 3759//3758 3758//3757 4550//4549 4551//4550
f 4541//4540 4550//4549 3758//3757 3755//3754
f 4554//4553 4538//4537 4529//4528
f 4545//4544 4555//4554 4554//4553 4544//4543
f 4556//4555 4557//4556 4554//4553 4555//4554
f 4538//4537 4554//4553 4557//4556 4540//4539
f 4549//4548 4558//4557 4559//4558 4548//4547
f 4558//4557 4560//4559 4561//4560
f 4556//4555 4555//4554 4559//4558 4561//4560
f 4548//4547 4559//4558 4555//4554 4545//4544
f 4556//4555 4562//4561 4563//4562 4557//4556
f 4564//4563 4563//4562 4562//4561 4565//4564
f 4553//4552 4552//4551 4563//4562 4564//4563
f 4557//4556 4563//4562 4552//4551 4540//4539
f 4566//4565 4561//4560 4560//4559
f 4567//4566 4566//4565 4568//4567 4569//4568
f 4565//4564 4562//4561 4566//4565 4567//4566
f 4561//4560 4566//4565 4562//4561 4556//4555
f 4570//4569 3526//3525 3525//3524
f 4571//4570 4570//4569 4572//4571 4573//4572
f 4574//4573 4575//4574 4570//4569 4571//4570
f 4575//4574 3516//3515 3526//3525
f 4575//4574 4574//4573 4576//4575
f 4577//4576 4576//4575 4578//4577
f 3519//3518 3518//3517 4577//4576 4579//4578
f 4575//4574 4577//4576 3518//3517 3516//3515
f 4580//4579 4581//4580 4582//4581 4583//4582
f 4576//4575 4582//4581 4581//4580 4578//4577
f 4574//4573 4584//4583 4582//4581 4576//4575
f 4583//4582 4582//4581 4584//4583 4585//4584
f 3519//3518 4579//4578 4586//4585 3542//3541
f 4587//4586 4586//4585 4579//4578 4578//4577
f 4588//4587 4589//4588 4586//4585 4587//4586
f 3542//3541 4586//4585 4589//4588 3539//3538
f 4588//4587 4590//4589 4591//4590 4589//4588
f 3551//3550 3554//3553 4591//4590 4590//4589
f 3539//3538 4589//4588 4591//4590 3554//3553
f 4578//4577 4581//4580 4592//4591 4587//4586
f 4593//4592 4592//4591 4581//4580 4580//4579
f 4594//4593 4595//4594 4592//4591 4593//4592
f 4587//4586 4592//4591 4595//4594 4588//4587
f 4596//4595 4597//4596 4598//4597 4599//4598
f 3558//3557 4598//4597 4597//4596 3550//3549
f 3551//3550 4590//4589 4598//4597 3558//3557
f 4599//4598 4598//4597 4590//4589 4588//4587
f 4588//4587 4595//4594 4600//4599 4599//4598
f 4601//4600 4600//4599 4595//4594 4594//4593
f 4602//4601 4603//4602 4600//4599 4601//4600
f 4603//4602 4596//4595 4599//4598
f 4596//4595 4604//4603 4605//4604 4597//4596
f 4606//4605 4605//4604 4604//4603 4607//4606
f 3432//3431 3546//3545 4605//4604 4606//4605
f 3550//3549 4597//4596 4605//4604 3546//3545
f 4608//4607 4609//4608 4610//4609 4611//4610
f 4612//4611 4610//4609 4609//4608 4585//4584
f 4613//4612 4614//4613 4610//4609 4612//4611
f 4611//4610 4610//4609 4614//4613 4615//4614
f 4616//4615 4617//4616 4618//4617 4619//4618
f 4583//4582 4618//4617 4617//4616 4580//4579
f 4585//4584 4609//4608 4618//4617 4583//4582
f 4619//4618 4618//4617 4609//4608 4608//4607
f 4620//4619 4621//4620 4622//4621 4623//4622
f 4593//4592 4622//4621 4621//4620 4594//4593
f 4580//4579 4617//4616 4622//4621 4593//4592
f 4623//4622 4622//4621 4617//4616 4616//4615
f 4624//4623 4625//4624 4626//4625 4627//4626
f 4602//4601 4601//4600 4625//4624 4624//4623
f 4594//4593 4621//4620 4625//4624 4601//4600
f 4625//4624 4621//4620 4620//4619 4626//4625
f 4615//4614 4628//4627 4629//4628 4611//4610
f 4630//4629 4629//4628 4628//4627 4631//4630
f 4632//4631 4633//4632 4629//4628 4630//4629
f 4611//4610 4629//4628 4633//4632 4608//4607
f 4608//4607 4633//4632 4634//4633 4619//4618
f 4635//4634 4634//4633 4633//4632 4632//4631
f 4636//4635 4637//4636 4634//4633 4635//4634
f 4619//4618 4634//4633 4637//4636 4616//4615
f 4616//4615 4637//4636 4638//4637 4623//4622
f 4636//4635 4639//4638 4638//4637 4637//4636
f 4640//4639 4641//4640 4638//4637 4639//4638
f 4620//4619 4623//4622 4638//4637 4641//4640
f 4640//4639 4642//4641 4643//4642 4641//4640
f 4643//4642 4642//4641 4644//4643 4645//4644
f 4627//4626 4626//4625 4643//4642 4645//4644
f 4620//4619 4641//4640 4643//4642 4626//4625
f 4644//4643 4646//4645 4647//4646 4645//4644
f 4646//4645 4648//4647 4649//4648
f 4650//4649 4651//4650 4647//4646 4649//4648
f 4645//4644 4647//4646 4651//4650 4627//4626
f 4652//4651 4649//4648 4648//4647
f 4653//4652 4652//4651 4654//4653 4655//4654
f 4652//4651 4653//4652 4656//4655
f 4657//4656 4650//4649 4649//4648
f 4658//4657 4659//4658 4653//4652 4655//4654
f 4659//4658 4658//4657 4660//4659 4661//4660
f 4662//4661 4663//4662 4659//4658 4661//4660
f 4653//4652 4659//4658 4663//4662 4656//4655
f 4660//4659 4664//4663 4665//4664 4661//4660
f 4666//4665 4665//4664 4664//4663 4667//4666
f 4668//4667 4669//4668 4665//4664 4666//4665
f 4661//4660 4665//4664 4669//4668 4662//4661
f 4670//4669 4671//4670 4672//4671
f 4670//4669 4673//4672 4674//4673
f 4666//4665 4670//4669 4675//4674 4668//4667
f 4667//4666 4671//4670 4670//4669 4666//4665
f 4676//4675 4677//4676 4674//4673
f 4673//4672 4672//4671 4678//4677
f 4679//4678 4680//4679 4676//4675 4678//4677
f 4677//4676 4676//4675 4680//4679 4681//4680
f 4680//4679 4682//4681 4683//4682 4681//4680
f 4684//4683 4682//4681 4680//4679 4679//4678
f 4685//4684 4682//4681 4684//4683 4686//4685
f 4687//4686 4683//4682 4682//4681 4685//4684
f 4686//4685 4688//4687 4689//4688 4685//4684
f 4690//4689 4689//4688 4688//4687 4691//4690
f 4692//4691 4693//4692 4689//4688 4690//4689
f 4685//4684 4689//4688 4693//4692 4687//4686
f 4631//4630 4628//4627 4694//4693 4695//4694
f 4696//4695 4694//4693 4628//4627 4615//4614
f 4690//4689 4694//4693 4696//4695 4692//4691
f 4691//4690 4695//4694 4694//4693 4690//4689
f 4697//4696 4698//4697 4699//4698
f 4697//4696 4700//4699 4701//4700 4702//4701
f 4655//4654 4654//4653 4697//4696 4702//4701
f 4654//4653 4648//4647 4698//4697
f 4655//4654 4702//4701 4703//4702 4658//4657
f 4704//4703 4703//4702 4702//4701 4701//4700
f 4705//4704 4706//4705 4703//4702 4704//4703
f 4658//4657 4703//4702 4706//4705 4660//4659
f 4705//4704 4707//4706 4708//4707 4706//4705
f 4709//4708 4708//4707 4707//4706 4710//4709
f 4667//4666 4664//4663 4708//4707 4709//4708
f 4706//4705 4708//4707 4664//4663 4660//4659
f 4667//4666 4709//4708 4711//4710 4671//4670
f 4712//4711 4711//4710 4709//4708 4710//4709
f 4713//4712 4714//4713 4711//4710 4712//4711
f 4671//4670 4711//4710 4714//4713 4672//4671
f 4672//4671 4714//4713 4715//4714 4678//4677
f 4716//4715 4715//4714 4714//4713 4713//4712
f 4717//4716 4718//4717 4715//4714 4716//4715
f 4678//4677 4715//4714 4718//4717 4679//4678
f 4679//4678 4718//4717 4719//4718 4684//4683
f 4720//4719 4719//4718 4718//4717 4717//4716
f 4721//4720 4722//4721 4719//4718 4720//4719
f 4684//4683 4719//4718 4722//4721 4686//4685
f 4723//4722 4724//4723 4725//4724 4726//4725
f 4695//4694 4725//4724 4724//4723 4631//4630
f 4727//4726 4725//4724 4695//4694 4691//4690
f 4728//4727 4726//4725 4725//4724 4727//4726
f 4721//4720 4729//4728 4730//4729 4722//4721
f 4727//4726 4730//4729 4729//4728 4728//4727
f 4691//4690 4688//4687 4730//4729 4727//4726
f 4722//4721 4730//4729 4688//4687 4686//4685
f 4701//4700 4731//4730 4732//4731 4704//4703
f 4733//4732 4734//4733 4732//4731
f 4735//4734 4732//4731 4734//4733 4736//4735
f 4704//4703 4732//4731 4735//4734 4705//4704
f 4736//4735 4737//4736 4738//4737 4735//4734
f 4737//4736 4739//4738 4740//4739
f 4710//4709 4707//4706 4738//4737 4740//4739
f 4735//4734 4738//4737 4707//4706 4705//4704
f 4710//4709 4740//4739 4741//4740 4712//4711
f 4742//4741 4741//4740 4740//4739 4739//4738
f 4743//4742 4744//4743 4741//4740 4742//4741
f 4712//4711 4741//4740 4744//4743 4713//4712
f 4745//4744 4746//4745 4747//4746 4748//4747
f 4716//4715 4747//4746 4746//4745 4717//4716
f 4713//4712 4744//4743 4747//4746 4716//4715
f 4748//4747 4747//4746 4744//4743 4743//4742
f 4717//4716 4746//4745 4749//4748 4720//4719
f 4750//4749 4749//4748 4746//4745 4745//4744
f 4751//4750 4752//4751 4749//4748 4750//4749
f 4720//4719 4749//4748 4752//4751 4721//4720
f 4751//4750 4753//4752 4754//4753 4752//4751
f 4755//4754 4754//4753 4753//4752 4756//4755
f 4728//4727 4729//4728 4754//4753 4755//4754
f 4752//4751 4754//4753 4729//4728 4721//4720
f 4632//4631 4757//4756 4758//4757 4635//4634
f 4759//4758 4760//4759 4758//4757 4757//4756
f 4761//4760 4762//4761 4758//4757 4760//4759
f 4636//4635 4635//4634 4758//4757 4762//4761
f 4763//4762 4764//4763 4765//4764 4766//4765
f 4756//4755 4753//4752 4765//4764 4764//4763
f 4765//4764 4753//4752 4751//4750 4766//4765
f 4763//4762 4767//4766 4768//4767 4769//4768
f 4743//4742 4742//4741 4768//4767 4767//4766
f 4739//4738 4769//4768 4768//4767 4742//4741
f 4761//4760 4770//4769 4771//4770 4762//4761
f 4772//4771 4773//4772 4771//4770 4770//4769
f 4640//4639 4639//4638 4771//4770 4773//4772
f 4636//4635 4762//4761 4771//4770 4639//4638
f 4774//4773 4775//4774 4776//4775 4763//4762
f 4736//4735 4734//4733 4775//4774 4774//4773
f 4733//4732 4776//4775 4775//4774 4734//4733
f 4769//4768 4777//4776 4774//4773 4763//4762
f 4739//4738 4737//4736 4777//4776 4769//4768
f 4736//4735 4774//4773 4777//4776 4737//4736
f 4763//4762 4778//4777 4779//4778 4767//4766
f 4745//4744 4748//4747 4779//4778 4778//4777
f 4743//4742 4767//4766 4779//4778 4748//4747
f 4763//4762 4766//4765 4780//4779 4778//4777
f 4751//4750 4750//4749 4780//4779 4766//4765
f 4745//4744 4778//4777 4780//4779 4750//4749
f 4781//4780 4782//4781 4755//4754 4756//4755
f 4783//4782 4784//4783 4782//4781 4781//4780
f 4726//4725 4782//4781 4784//4783 4723//4722
f 4755//4754 4782//4781 4726//4725 4728//4727
f 4763//4762 4785//4784 4786//4785 4764//4763
f 4783//4782 4781//4780 4786//4785 4785//4784
f 4756//4755 4764//4763 4786//4785 4781//4780
f 4787//4786 4788//4787 4789//4788 4790//4789
f 4787//4786 4763//4762 4776//4775
f 4733//4732 4789//4788 4788//4787 4776//4775
f 4631//4630 4724//4723 4791//4790 4630//4629
f 4792//4791 4791//4790 4724//4723 4723//4722
f 4759//4758 4757//4756 4791//4790 4792//4791
f 4630//4629 4791//4790 4757//4756 4632//4631
f 4793//4792 4794//4793 4760//4759 4759//4758
f 4795//4794 4796//4795 4794//4793 4793//4792
f 4772//4771 4770//4769 4794//4793 4796//4795
f 4761//4760 4760//4759 4794//4793 4770//4769
f 4795//4794 4793//4792 4797//4796 4798//4797
f 4792//4791 4797//4796 4793//4792 4759//4758
f 4723//4722 4784//4783 4797//4796 4792//4791
f 4798//4797 4797//4796 4784//4783 4783//4782
f 4772//4771 4799//4798 4800//4799 4773//4772
f 4801//4800 4800//4799 4799//4798 4802//4801
f 4642//4641 4800//4799 4801//4800 4644//4643
f 4640//4639 4773//4772 4800//4799 4642//4641
f 4802//4801 4803//4802 4804//4803 4801//4800
f 4803//4802 4699//4698 4698//4697
f 4804//4803 4698//4697 4648//4647
f 4801//4800 4804//4803 4646//4645 4644//4643
f 4795//4794 4805//4804 4806//4805 4796//4795
f 4807//4806 4806//4805 4805//4804 4790//4789
f 4802//4801 4799//4798 4806//4805 4807//4806
f 4806//4805 4799//4798 4772//4771 4796//4795
f 4803//4802 4802//4801 4807//4806
f 4790//4789 4808//4807 4809//4808 4807//4806
f 4699//4698 4803//4802 4809//4808 4808//4807
f 4808//4807 4790//4789 4789//4788
f 4789//4788 4733//4732 4731//4730
f 4700//4699 4810//4809 4731//4730 4701//4700
f 4700//4699 4699//4698 4808//4807
f 4790//4789 4805//4804 4811//4810 4787//4786
f 4798//4797 4811//4810 4805//4804 4795//4794
f 4783//4782 4785//4784 4811//4810 4798//4797
f 4787//4786 4811//4810 4785//4784 4763//4762
f 4573//4572 4812//4811 4813//4812 4571//4570
f 4612//4611 4813//4812 4812//4811 4613//4612
f 4585//4584 4584//4583 4813//4812 4612//4611
f 4571//4570 4813//4812 4584//4583 4574//4573
f 4615//4614 4614//4613 4814//4813 4696//4695
f 4815//4814 4814//4813 4614//4613 4613//4612
f 4816//4815 4814//4813 4815//4814 4817//4816
f 4692//4691 4696//4695 4814//4813 4816//4815
f 4817//4816 4818//4817 4819//4818 4816//4815
f 4820//4819 4819//4818 4818//4817 4821//4820
f 4687//4686 4693//4692 4819//4818 4820//4819
f 4816//4815 4819//4818 4693//4692 4692//4691
f 4821//4820 4822//4821 4823//4822 4820//4819
f 4824//4823 4823//4822 4822//4821 4825//4824
f 4681//4680 4683//4682 4823//4822 4824//4823
f 4820//4819 4823//4822 4683//4682 4687//4686
f 4826//4825 4827//4826 4824//4823 4825//4824
f 4828//4827 4827//4826 4826//4825 4829//4828
f 4827//4826 4828//4827 4674//4673
f 4824//4823 4827//4826 4677//4676 4681//4680
f 4830//4829 1844//1844 1847//1847 4831//4830
f 4826//4825 4830//4829 4831//4830 4829//4828
f 4832//4831 4830//4829 4826//4825 4825//4824
f 1844//1844 4830//4829 4832//4831 1849//1849
f 4833//4832 4834//4833 4835//4834 4836//4835
f 4668//4667 4675//4674 4834//4833 4833//4832
f 4828//4827 4834//4833 4675//4674 4674//4673
f 4835//4834 4834//4833 4828//4827 4829//4828
f 4836//4835 4837//4836 4838//4837 4833//4832
f 4839//4838 4838//4837 4837//4836 4840//4839
f 4662//4661 4669//4668 4838//4837 4839//4838
f 4833//4832 4838//4837 4669//4668 4668//4667
f 4840//4839 4841//4840 4842//4841 4839//4838
f 4843//4842 4842//4841 4841//4840 4844//4843
f 4656//4655 4663//4662 4842//4841 4843//4842
f 4839//4838 4842//4841 4663//4662 4662//4661
f 4627//4626 4651//4650 4845//4844 4624//4623
f 4846//4845 4845//4844 4651//4650 4650//4649
f 4847//4846 4848//4847 4845//4844 4846//4845
f 4624//4623 4845//4844 4848//4847 4602//4601
f 4602//4601 4848//4847 4849//4848 4603//4602
f 4850//4849 4849//4848 4848//4847 4847//4846
f 4607//4606 4604//4603 4849//4848 4850//4849
f 4603//4602 4849//4848 4604//4603 4596//4595
f 4844//4843 4851//4850 4852//4851 4843//4842
f 4846//4845 4852//4851 4851//4850 4847//4846
f 4650//4649 4657//4656 4852//4851 4846//4845
f 4843//4842 4852//4851 4657//4656 4656//4655
f 4607//4606 4853//4852 4854//4853 4606//4605
f 4855//4854 4854//4853 4853//4852 4856//4855
f 3424//3423 3427//3426 4854//4853 4855//4854
f 4606//4605 4854//4853 3427//3426 3432//3431
f 4856//4855 4853//4852 4857//4856 4858//4857
f 4850//4849 4857//4856 4853//4852 4607//4606
f 4847//4846 4859//4858 4857//4856 4850//4849
f 4858//4857 4857//4856 4859//4858 4860//4859
f 4856//4855 4861//4860 4862//4861 4855//4854
f 4863//4862 4862//4861 4861//4860 4864//4863
f 4309//4308 4308//4307 4862//4861 4863//4862
f 4855//4854 4862//4861 4308//4307 3424//3423
f 4860//4859 4865//4864 4866//4865 4858//4857
f 4867//4866 4866//4865 4865//4864 4868//4867
f 4864//4863 4861//4860 4866//4865 4867//4866
f 4858//4857 4866//4865 4861//4860 4856//4855
f 4844//4843 4869//4868 4870//4869 4851//4850
f 4865//4864 4870//4869 4869//4868 4868//4867
f 4860//4859 4859//4858 4870//4869 4865//4864
f 4851//4850 4870//4869 4859//4858 4847//4846
f 4871//4870 4872//4871 4873//4872 4874//4873
f 4869//4868 4873//4872 4872//4871 4868//4867
f 4873//4872 4869//4868 4844//4843 4841//4840
f 4874//4873 4873//4872 4841//4840 4840//4839
f 4875//4874 4876//4875 4877//4876
f 4878//4877 4871//4870 4874//4873
f 4840//4839 4837//4836 4875//4874 4874//4873
f 4837//4836 4836//4835 4876//4875
f 4879//4878 4880//4879 4835//4834 4829//4828
f 4881//4880 4880//4879 4879//4878 1899//1899
f 4876//4875 4880//4879 4881//4880 4877//4876
f 4880//4879 4876//4875 4836//4835
f 4879//4878 4882//4881 1900//1900 1899//1899
f 4829//4828 4831//4830 4882//4881 4879//4878
f 1847//1847 1900//1900 4882//4881 4831//4830
f 4877//4876 4881//4880 4883//4882 4884//4883
f 1907//1907 4883//4882 4881//4880 1899//1899
f 1906//1906 4885//4884 4883//4882 1907//1907
f 4884//4883 4883//4882 4885//4884 4886//4885
f 4886//4885 4887//4886 4888//4887 4884//4883
f 4889//4888 4888//4887 4887//4886 4890//4889
f 4871//4870 4878//4877 4888//4887 4889//4888
f 4884//4883 4888//4887 4878//4877 4877//4876
f 4891//4890 1915//1915 1914//1914 4892//4891
f 4887//4886 4891//4890 4892//4891 4890//4889
f 4886//4885 4885//4884 4891//4890 4887//4886
f 1915//1915 4891//4890 4885//4884 1906//1906
f 4872//4871 4871//4870 4889//4888
f 4890//4889 4893//4892 4894//4893 4889//4888
f 4893//4892 4895//4894 4896//4895
f 4896//4895 4868//4867 4872//4871
f 1914//1914 1921//1921 4897//4896 4892//4891
f 4898//4897 4897//4896 1921//1921 1925//1925
f 4899//4898 4900//4899 4897//4896 4898//4897
f 4892//4891 4897//4896 4900//4899 4890//4889
f 4901//4900 4902//4901 4903//4902 1928//1928
f 4898//4897 4902//4901 4901//4900 4899//4898
f 1925//1925 4903//4902 4902//4901 4898//4897
f 4904//4903 4903//4902 1925//1925
f 1929//1929 1931//1931 4904//4903 1930//1930
f 1931//1931 1928//1928 4903//4902
f 4899//4898 4901//4900 4905//4904 4906//4905
f 1937//1937 4905//4904 4901//4900 1928//1928
f 1936//1936 4907//4906 4905//4904 1937//1937
f 4906//4905 4905//4904 4907//4906 4908//4907
f 4899//4898 4906//4905 4909//4908 4900//4899
f 4906//4905 4908//4907 4910//4909
f 4909//4908 4910//4909 4895//4894
f 4900//4899 4909//4908 4893//4892 4890//4889
f 1942//1945 4911//4910 4912//4911 4913//4912
f 4908//4907 4907//4906 4912//4911 4911//4910
f 1936//1936 4913//4912 4912//4911 4907//4906
f 1936//1936 1944//1942 4914//4913 4913//4912
f 1946//1944 4915//4914 4911//4910 1942//1945
f 4916//4915 4915//4914 1946//1944 1950//1949
f 4917//4916 4918//4917 4915//4914 4916//4915
f 4911//4910 4915//4914 4918//4917 4908//4907
f 4919//4918 4920//4919 4921//4920 4922//4921
f 1955//1954 4921//4920 4920//4919 1956//1955
f 4921//4920 1955//1954 1346//1346
f 4921//4920 4335//4334 4324//4323 4922//4921
f 4923//4922 4924//4923 4925//4924 4926//4925
f 4927//4926 4925//4924 4924//4923 4928//4927
f 1961//1960 1963//1962 4925//4924 4927//4926
f 4925//4924 1963//1962 1956//1955
f 4919//4918 4929//4928 4930//4929 4920//4919
f 4931//4930 4930//4929 4929//4928 4932//4931
f 4923//4922 4926//4925 4930//4929 4931//4930
f 4920//4919 4930//4929 4926//4925 1956//1955
f 4933//4932 4934//4933 4327//4326 4315//4314
f 4932//4931 4929//4928 4934//4933 4933//4932
f 4919//4918 4922//4921 4934//4933 4929//4928
f 4922//4921 4324//4323 4327//4326
f 4923//4922 4931//4930 4935//4934 4924//4923
f 4936//4935 4935//4934 4931//4930 4932//4931
f 4937//4936 4938//4937 4935//4934 4936//4935
f 4928//4927 4924//4923 4935//4934 4938//4937
f 4939//4938 4940//4939 4941//4940 4942//4941
f 4933//4932 4941//4940 4940//4939 4932//4931
f 4315//4314 4312//4311 4941//4940 4933//4932
f 4942//4941 4941//4940 4312//4311 4311//4310
f 4943//4942 4944//4943 4945//4944 4946//4945
f 1983//1982 4944//4943 4943//4942 1984//1983
f 4927//4926 4944//4943 1983//1982 1961//1960
f 4928//4927 4945//4944 4944//4943 4927//4926
f 4947//4946 4948//4947 4949//4948 4950//4949
f 4936//4935 4949//4948 4948//4947 4937//4936
f 4932//4931 4940//4939 4949//4948 4936//4935
f 4950//4949 4949//4948 4940//4939 4939//4938
f 4937//4936 4948//4947 4951//4950 4938//4937
f 4952//4951 4951//4950 4948//4947 4947//4946
f 4946//4945 4945//4944 4951//4950 4952//4951
f 4938//4937 4951//4950 4945//4944 4928//4927
f 4953//4952 4954//4953 4955//4954 4956//4955
f 1995//1994 4955//4954 4954//4953 1996//1995
f 1984//1983 4943//4942 4955//4954 1995//1994
f 4956//4955 4955//4954 4943//4942 4946//4945
f 4957//4956 4958//4957 4959//4958 4960//4959
f 4942//4941 4959//4958 4958//4957 4939//4938
f 4311//4310 4306//4305 4959//4958 4942//4941
f 4306//4305 4309//4308 4960//4959
f 1996//1995 4954//4953 4961//4960 2001//2000
f 4962//4961 4961//4960 4954//4953 4953//4952
f 4961//4960 4962//4961 4917//4916 4916//4915
f 2001//2000 4961//4960 4916//4915 1950//1949
f 4963//4962 4896//4895 4895//4894
f 4964//4963 4963//4962 4965//4964 4966//4965
f 4867//4866 4963//4962 4964//4963 4864//4863
f 4868//4867 4896//4895 4963//4962 4867//4866
f 4967//4966 4968//4967 4969//4968 4970//4969
f 4950//4949 4969//4968 4968//4967 4947//4946
f 4939//4938 4958//4957 4969//4968 4950//4949
f 4970//4969 4969//4968 4958//4957 4957//4956
f 4960//4959 4309//4308 4863//4862
f 4864//4863 4964//4963 4971//4970 4863//4862
f 4971//4970 4964//4963 4966//4965
f 4972//4971 4957//4956 4960//4959
f 4973//4972 4974//4973 4972//4971 4966//4965
f 4967//4966 4970//4969 4974//4973 4973//4972
f 4957//4956 4972//4971 4974//4973 4970//4969
f 4975//4974 4910//4909 4908//4907
f 4976//4975 4975//4974 4918//4917 4917//4916
f 4966//4965 4965//4964 4975//4974 4976//4975
f 4965//4964 4895//4894 4910//4909
f 4973//4972 4977//4976 4978//4977 4967//4966
f 4977//4976 4973//4972 4966//4965 4976//4975
f 4917//4916 4962//4961 4977//4976 4976//4975
f 4978//4977 4977//4976 4962//4961 4953//4952
f 4947//4946 4968//4967 4979//4978 4952//4951
f 4978//4977 4979//4978 4968//4967 4967//4966
f 4953//4952 4956//4955 4979//4978 4978//4977
f 4952//4951 4979//4978 4956//4955 4946//4945
f 3665//3664 4980//4979 4981//4980 3664//3663
f 4982//4981 4981//4980 4980//4979 4983//4982
f 4981//4980 4982//4981 4573//4572
f 3664//3663 4981//4980 4572//4571 3525//3524
f 3669//3668 4984//4983 4985//4984 3666//3665
f 4986//4985 4985//4984 4984//4983 4987//4986
f 4983//4982 4980//4979 4985//4984 4986//4985
f 3666//3665 4985//4984 4980//4979 3665//3664
f 4812//4811 4573//4572 4988//4987
f 4989//4988 4990//4989 4988//4987 4991//4990
f 4817//4816 4815//4814 4990//4989 4989//4988
f 4613//4612 4812//4811 4990//4989 4815//4814
f 4991//4990 4992//4991 4993//4992 4989//4988
f 4994//4993 4993//4992 4992//4991 4995//4994
f 4821//4820 4818//4817 4993//4992 4994//4993
f 4989//4988 4993//4992 4818//4817 4817//4816
f 4825//4824 4822//4821 4996//4995 4997//4996
f 4994//4993 4996//4995 4822//4821 4821//4820
f 4995//4994 4998//4997 4996//4995 4994//4993
f 4997//4996 4996//4995 4998//4997 2040//2039
f 2042//2041 4999//4998 4997//4996 2040//2039
f 1849//1849 4832//4831 4999//4998 2042//2041
f 4997//4996 4999//4998 4832//4831 4825//4824
f 4983//4982 5000//4999 5001//5000 4982//4981
f 5000//4999 5002//5001 5003//5002
f 5001//5000 5003//5002 4991//4990
f 4982//4981 5001//5000 4988//4987 4573//4572
f 5004//5003 5005//5004 4986//4985 4987//4986
f 5006//5005 5005//5004 5004//5003 5007//5006
f 5005//5004 5006//5005 5002//5001
f 4986//4985 5005//5004 5000//4999 4983//4982
f 5008//5007 5003//5002 5002//5001
f 5009//5008 5010//5009 5008//5007 5011//5010
f 4995//4994 4992//4991 5008//5007 5010//5009
f 5003//5002 5008//5007 4992//4991 4991//4990
f 2055//2054 2058//2057 5012//5011 5013//5012
f 4998//4997 5012//5011 2058//2057 2040//2039
f 5012//5011 4998//4997 4995//4994
f 5013//5012 5012//5011 5010//5009 5009//5008
f 4987//4986 4984//4983 5014//5013 5004//5003
f 5015//5014 5014//5013 4984//4983 3669//3668
f 5016//5015 5017//5016 5014//5013 5015//5014
f 5004//5003 5014//5013 5017//5016 5007//5006
f 3669//3668 3671//3670 5018//5017 5015//5014
f 5019//5018 5018//5017 3671//3670 3670//3669
f 5020//5019 5021//5020 5018//5017 5019//5018
f 5015//5014 5018//5017 5021//5020 5016//5015
f 3674//3673 5022//5021 5023//5022 3675//3674
f 5024//5023 5023//5022 5022//5021 5025//5024
f 5020//5019 5019//5018 5023//5022 5024//5023
f 3670//3669 3675//3674 5023//5022 5019//5018
f 3688//3687 5026//5025 5027//5026 3689//3688
f 5028//5027 5027//5026 5026//5025 5029//5028
f 5030//5029 5031//5030 5027//5026 5028//5027
f 3689//3688 5027//5026 5031//5030 3683//3682
f 3692//3691 5032//5031 5033//5032 3693//3692
f 5033//5032 5032//5031 5034//5033 5035//5034
f 5029//5028 5026//5025 5033//5032 5035//5034
f 3693//3692 5033//5032 5026//5025 3688//3687
f 5036//5035 5037//5036 2083//2082 2082//2081
f 2086//2085 5038//5037 5036//5035 2082//2081
f 5035//5034 5036//5035 5038//5037 5029//5028
f 5035//5034 5034//5033 5037//5036
f 5039//5038 5040//5039 5041//5040 5042//5041
f 5040//5039 5034//5033 5032//5031
f 3692//3691 3697//3696 5041//5040 5032//5031
f 5042//5041 5041//5040 3697//3696 3696//3695
f 5043//5042 5044//5043 5040//5039 5039//5038
f 2094//2093 2093//2092 5044//5043 5043//5042
f 5044//5043 2093//2092 2083//2082 5037//5036
f 5034//5033 5040//5039 5044//5043 5037//5036
f 3696//3695 3701//3700 5045//5044 5042//5041
f 5046//5045 5045//5044 3701//3700 3700//3699
f 5047//5046 5048//5047 5045//5044 5046//5045
f 5042//5041 5045//5044 5048//5047 5039//5038
f 5039//5038 5048//5047 5049//5048 5043//5042
f 5050//5049 5049//5048 5048//5047 5047//5046
f 2101//2100 2100//2099 5049//5048 5050//5049
f 5043//5042 5049//5048 2100//2099 2094//2093
f 5051//5050 5046//5045 3700//3699
f 3705//3704 3704//3703 5052//5051
f 5053//5052 5054//5053 5051//5050 5052//5051
f 5046//5045 5051//5050 5054//5053 5047//5046
f 3681//3680 5055//5054 5056//5055 3680//3679
f 5057//5056 5056//5055 5055//5054 5058//5057
f 5025//5024 5022//5021 5056//5055 5057//5056
f 3680//3679 5056//5055 5022//5021 3674//3673
f 3683//3682 5031//5030 5059//5058 3684//3683
f 5060//5059 5059//5058 5031//5030 5030//5029
f 5058//5057 5055//5054 5059//5058 5060//5059
f 3684//3683 5059//5058 5055//5054 3681//3680
f 5029//5028 5038//5037 5061//5060 5028//5027
f 2116//2115 5061//5060 5038//5037 2086//2085
f 2115//2114 5062//5061 5061//5060 2116//2115
f 5028//5027 5061//5060 5062//5061 5030//5029
f 5025//5024 5063//5062 5064//5063 5024//5023
f 2118//2117 5064//5063 5063//5062 2122//2121
f 2117//2116 5065//5064 5064//5063 2118//2117
f 5024//5023 5064//5063 5065//5064 5020//5019
f 5058//5057 5066//5065 5067//5066 5057//5056
f 2125//2124 5067//5066 5066//5065 2126//2125
f 2122//2121 5063//5062 5067//5066 2125//2124
f 5057//5056 5067//5066 5063//5062 5025//5024
f 5030//5029 5062//5061 5068//5067 5060//5059
f 2128//2127 5068//5067 5062//5061 2115//2114
f 2126//2125 5066//5065 5068//5067 2128//2127
f 5060//5059 5068//5067 5066//5065 5058//5057
f 5016//5015 5069//5068 5070//5069 5017//5016
f 5071//5070 5070//5069 5069//5068 2134//2133
f 5072//5071 5073//5072 5070//5069 5071//5070
f 5017//5016 5070//5069 5073//5072 5007//5006
f 5007//5006 5073//5072 5074//5073 5006//5005
f 5075//5074 5074//5073 5073//5072 5072//5071
f 5011//5010 5074//5073 5075//5074 5009//5008
f 5006//5005 5074//5073 5011//5010 5002//5001
f 5009//5008 5075//5074 5076//5075 5013//5012
f 5077//5076 5076//5075 5075//5074 5072//5071
f 2139//2138 2138//2137 5076//5075 5077//5076
f 5013//5012 5076//5075 2138//2137 2055//2054
f 5072//5071 5071//5070 5078//5077 5077//5076
f 2142//2141 5078//5077 5071//5070 2134//2133
f 2139//2138 5077//5076 5078//5077 2142//2141
f 5079//5078 5065//5064 2117//2116 2144//2143
f 5069//5068 5079//5078 2144//2143 2134//2133
f 5079//5078 5069//5068 5016//5015 5021//5020
f 5065//5064 5079//5078 5021//5020 5020//5019
f 5080//5079 5081//5080 5082//5081 5083//5082
f 5084//5083 5082//5081 5081//5080 5085//5084
f 3911//3910 3908//3907 5082//5081 5084//5083
f 5083//5082 5082//5081 3908//3907 3901//3900
f 5084//5083 5086//5085 3922//3921 3911//3910
f 5086//5085 5084//5083 5085//5084 5087//5086
f 5088//5087 5089//5088 5086//5085 5087//5086
f 3922//3921 5086//5085 5089//5088 3925//3924
f 3925//3924 5089//5088 5090//5089 3934//3933
f 5091//5090 5090//5089 5089//5088 5088//5087
f 5092//5091 5093//5092 5090//5089 5091//5090
f 3934//3933 5090//5089 5093//5092 3937//3936
f 3937//3936 5093//5092 5094//5093 3956//3955
f 5095//5094 5094//5093 5093//5092 5092//5091
f 5096//5095 5094//5093 5095//5094 5097//5096
f 3932//3931 3956//3955 5094//5093 5096//5095
f 2163//2162 5098//5097 5099//5098 2164//2163
f 5083//5082 5099//5098 5098//5097 5080//5079
f 3901//3900 3900//3899 5099//5098 5083//5082
f 2164//2163 5099//5098 3900//3899 881//881
f 5100//5099 5101//5100 5102//5101 5103//5102
f 5101//5100 5100//5099 5080//5079
f 5098//5097 2163//2162 2167//2166
f 5102//5101 5101//5100 2167//2166 2172//2171
f 5103//5102 5104//5103 5105//5104 5100//5099
f 5106//5105 5105//5104 5104//5103 5107//5106
f 5085//5084 5081//5080 5105//5104 5106//5105
f 5100//5099 5105//5104 5081//5080 5080//5079
f 5108//5107 5109//5108 5110//5109 5111//5110
f 5087//5086 5110//5109 5109//5108 5088//5087
f 5106//5105 5110//5109 5087//5086 5085//5084
f 5110//5109 5106//5105 5107//5106 5111//5110
f 5112//5111 5113//5112 5114//5113 5115//5114
f 5091//5090 5114//5113 5113//5112 5092//5091
f 5088//5087 5109//5108 5114//5113 5091//5090
f 5115//5114 5114//5113 5109//5108 5108//5107
f 5116//5115 5117//5116 5118//5117 5119//5118
f 5097//5096 5095//5094 5117//5116 5116//5115
f 5092//5091 5113//5112 5117//5116 5095//5094
f 5118//5117 5117//5116 5113//5112 5112//5111
f 2172//2171 2190//2189 5120//5119 5102//5101
f 5121//5120 5120//5119 2190//2189 2192//2191
f 5107//5106 5104//5103 5120//5119 5121//5120
f 5102//5101 5120//5119 5104//5103 5103//5102
f 5122//5121 5123//5122 5124//5123 5125//5124
f 5111//5110 5124//5123 5123//5122 5108//5107
f 5107//5106 5121//5120 5124//5123 5111//5110
f 5125//5124 5124//5123 5121//5120 2192//2191
f 2197//2196 5126//5125 5127//5126 2198//2197
f 5127//5126 5126//5125 5122//5121 5125//5124
f 2198//2197 5127//5126 5125//5124 2192//2191
f 5128//5127 5129//5128 5130//5129 5131//5130
f 5115//5114 5130//5129 5129//5128 5112//5111
f 5108//5107 5123//5122 5130//5129 5115//5114
f 5131//5130 5130//5129 5123//5122 5122//5121
f 2205//2204 5132//5131 5133//5132 2206//2205
f 5131//5130 5133//5132 5132//5131 5128//5127
f 5122//5121 5126//5125 5133//5132 5131//5130
f 2206//2205 5133//5132 5126//5125 2197//2196
f 5134//5133 5135//5134 5129//5128 5128//5127
f 5136//5135 5135//5134 5134//5133 5137//5136
f 5119//5118 5118//5117 5135//5134 5136//5135
f 5112//5111 5129//5128 5135//5134 5118//5117
f 5138//5137 5139//5138 2213//2212 2216//2215
f 5137//5136 5134//5133 5139//5138 5138//5137
f 5128//5127 5132//5131 5139//5138 5134//5133
f 2213//2212 5139//5138 5132//5131 2205//2204
f 2216//2215 2218//2217 5140//5139 5138//5137
f 5141//5140 5140//5139 2218//2217 2222//2221
f 5142//5141 5143//5142 5140//5139 5141//5140
f 5138//5137 5140//5139 5143//5142 5137//5136
f 5142//5141 5144//5143 5145//5144 5143//5142
f 5146//5145 5145//5144 5144//5143 5147//5146
f 5136//5135 5145//5144 5146//5145 5119//5118
f 5137//5136 5143//5142 5145//5144 5136//5135
f 2222//2221 2228//2227 5148//5147 5141//5140
f 5149//5148 5148//5147 2228//2227 2230//2229
f 5147//5146 5144//5143 5148//5147 5149//5148
f 5141//5140 5148//5147 5144//5143 5142//5141
f 5147//5146 5150//5149 5151//5150 5146//5145
f 5152//5151 5151//5150 5150//5149 5153//5152
f 5116//5115 5151//5150 5152//5151 5097//5096
f 5146//5145 5151//5150 5116//5115 5119//5118
f 5097//5096 5152//5151 5154//5153 5096//5095
f 5155//5154 5154//5153 5152//5151 5153//5152
f 3829//3828 3933//3932 5154//5153 5155//5154
f 5096//5095 5154//5153 3933//3932 3932//3931
f 2230//2229 2238//2237 5156//5155 5149//5148
f 5157//5156 5156//5155 2238//2237 2240//2239
f 5153//5152 5150//5149 5156//5155 5157//5156
f 5149//5148 5156//5155 5150//5149 5147//5146
f 3829//3828 5155//5154 5158//5157 3824//3823
f 5159//5158 5158//5157 5155//5154 5153//5152
f 5160//5159 5161//5160 5158//5157 5159//5158
f 3824//3823 5158//5157 5161//5160 3714//3713
f 2245//2244 5162//5161 5163//5162 2246//2245
f 5159//5158 5163//5162 5162//5161 5160//5159
f 5157//5156 5163//5162 5159//5158 5153//5152
f 5163//5162 5157//5156 2240//2239 2246//2245
f 3714//3713 5161//5160 5164//5163 3708//3707
f 5165//5164 5164//5163 5161//5160 5160//5159
f 5166//5165 5167//5166 5164//5163 5165//5164
f 3708//3707 5164//5163 5167//5166 3709//3708
f 3709//3708 5167//5166 5168//5167 3716//3715
f 5169//5168 5168//5167 5167//5166 5166//5165
f 5053//5052 5052//5051 5168//5167 5169//5168
f 3716//3715 5168//5167 5052//5051 3704//3703
f 2257//2256 5170//5169 5171//5170 2258//2257
f 5165//5164 5171//5170 5170//5169 5166//5165
f 5160//5159 5162//5161 5171//5170 5165//5164
f 2258//2257 5171//5170 5162//5161 2245//2244
f 5172//5171 5173//5172 2261//2260 2260//2259
f 5050//5049 5172//5171 2260//2259 2101//2100
f 5047//5046 5054//5053 5172//5171 5050//5049
f 5173//5172 5172//5171 5054//5053 5053//5052
f 5166//5165 5170//5169 5174//5173 5169//5168
f 2264//2263 5174//5173 5170//5169 2257//2256
f 2261//2260 5173//5172 5174//5173 2264//2263
f 5169//5168 5174//5173 5173//5172 5053//5052
f 3735//3734 5175//5174 5176//5175 3734//3733
f 5175//5174 4425//4424 4424//4423
f 3789//3788 3787//3786 5176//5175 4424//4423
f 3734//3733 5176//5175 3787//3786 3728//3727
f 3759//3758 5177//5176 5178//5177 3757//3756
f 5179//5178 5178//5177 5177//5176 5180//5179
f 5178//5177 5179//5178 3735//3734
f 3733//3732 3732//3731 3757//3756
f 4553//4552 5181//5180 5182//5181 4551//4550
f 5183//5182 5182//5181 5181//5180 5184//5183
f 5180//5179 5177//5176 5182//5181 5183//5182
f 4551//4550 5182//5181 5177//5176 3759//3758
f 4565//4564 5185//5184 5186//5185 4564//4563
f 5187//5186 5186//5185 5185//5184 5188//5187
f 5184//5183 5181//5180 5186//5185 5187//5186
f 4564//4563 5186//5185 5181//5180 4553//4552
f 4569//4568 5189//5188 5190//5189 4567//4566
f 5191//5190 5190//5189 5189//5188 5192//5191
f 5188//5187 5185//5184 5190//5189 5191//5190
f 4567//4566 5190//5189 5185//5184 4565//4564
f 5193//5192 5194//5193 5195//5194
f 5196//5195 4428//4427 4431//4430
f 5193//5192 4431//4430 4412//4411
f 4426//4425 4425//4424 5194//5193
f 4428//4427 5196//5195 5197//5196 4435//4434
f 5198//5197 5197//5196 5196//5195 5195//5194
f 5199//5198 5200//5199 5197//5196 5198//5197
f 4435//4434 5197//5196 5200//5199 4432//4431
f 5201//5200 5179//5178 5180//5179
f 5202//5201 5203//5202 5204//5203
f 5201//5200 5204//5203 4425//4424
f 5175//5174 3735//3734 5179//5178
f 5183//5182 5205//5204 5202//5201 5180//5179
f 5184//5183 5206//5205 5205//5204 5183//5182
f 5207//5206 5208//5207 5205//5204 5206//5205
f 5202//5201 5205//5204 5208//5207 5203//5202
f 5187//5186 5209//5208 5206//5205 5184//5183
f 5188//5187 5210//5209 5209//5208 5187//5186
f 5211//5210 5209//5208 5210//5209 5212//5211
f 5206//5205 5209//5208 5211//5210 5207//5206
f 5192//5191 5213//5212 5214//5213 5191//5190
f 5215//5214 5216//5215 5214//5213 5213//5212
f 5212//5211 5210//5209 5214//5213 5216//5215
f 5191//5190 5214//5213 5210//5209 5188//5187
f 5217//5216 5218//5217 5219//5218 5220//5219
f 5221//5220 5222//5221 5218//5217 5217//5216
f 5215//5214 5223//5222 5218//5217 5222//5221
f 5224//5223 5219//5218 5218//5217 5223//5222
f 5221//5220 5225//5224 5226//5225 5222//5221
f 5227//5226 5226//5225 5225//5224 5228//5227
f 5212//5211 5216//5215 5226//5225 5227//5226
f 5222//5221 5226//5225 5216//5215 5215//5214
f 5228//5227 5229//5228 5230//5229 5227//5226
f 5231//5230 5230//5229 5229//5228 5232//5231
f 5207//5206 5211//5210 5230//5229 5231//5230
f 5227//5226 5230//5229 5211//5210 5212//5211
f 4439//4438 5233//5232 5234//5233 4436//4435
f 5235//5234 5234//5233 5233//5232 5236//5235
f 3821//3820 4419//4418 5234//5233 5235//5234
f 4436//4435 5234//5233 4419//4418 4418//4417
f 5199//5198 5237//5236 5238//5237 5200//5199
f 5233//5232 5238//5237 5237//5236 5236//5235
f 4439//4438 4438//4437 5238//5237 5233//5232
f 5200//5199 5238//5237 4438//4437 4432//4431
f 5236//5235 5239//5238 5240//5239
f 5240//5239 5239//5238 4443//4442
f 5240//5239 4440//4439 3823//3822 3822//3821
f 5235//5234 5240//5239 3822//3821 3821//3820
f 5241//5240 5198//5197 5195//5194
f 5242//5241 5243//5242 5244//5243
f 5236//5235 5237//5236 5241//5240 5244//5243
f 5237//5236 5199//5198 5198//5197
f 5245//5244 5204//5203 5203//5202
f 5246//5245 5243//5242 5242//5241
f 5245//5244 5242//5241 5195//5194
f 5194//5193 4425//4424 5204//5203
f 5232//5231 5247//5246 5248//5247 5231//5230
f 5246//5245 5248//5247 5247//5246 5243//5242
f 5203//5202 5208//5207 5248//5247 5246//5245
f 5231//5230 5248//5247 5208//5207 5207//5206
f 5243//5242 5249//5248 5250//5249 5244//5243
f 5251//5250 5250//5249 5249//5248 5252//5251
f 5250//5249 5251//5250 4443//4442
f 5239//5238 5236//5235 5244//5243
f 5253//5252 5254//5253 5255//5254 5256//5255
f 4479//4478 5254//5253 5253//5252 4476//4475
f 5254//5253 4479//4478 4448//4447
f 4447//4446 4444//4443 5255//5254
f 5257//5256 4442//4441 4443//4442
f 5258//5257 5257//5256 5251//5250 5252//5251
f 5256//5255 5255//5254 5257//5256 5258//5257
f 5255//5254 4444//4443 4442//4441
f 5259//5258 5253//5252 5256//5255
f 5260//5259 5259//5258 5261//5260 5262//5261
f 4487//4486 4484//4483 5259//5258 5260//5259
f 5253//5252 5259//5258 4484//4483 4476//4475
f 5262//5261 5263//5262 5264//5263 5260//5259
f 5265//5264 5264//5263 5263//5262 5266//5265
f 5264//5263 5265//5264 4483//4482 4489//4488
f 5260//5259 5264//5263 4489//4488 4487//4486
f 4483//4482 5265//5264 5267//5266 4482//4481
f 5268//5267 5267//5266 5265//5264 5266//5265
f 4409//4408 4461//4460 5267//5266 5268//5267
f 4482//4481 5267//5266 4461//4460 4460//4459
f 5268//5267 5269//5268 4408//4407 4409//4408
f 5266//5265 5270//5269 5269//5268 5268//5267
f 5271//5270 5269//5268 5270//5269 5272//5271
f 4408//4407 5269//5268 5271//5270 4404//4403
f 5273//5272 5274//5273 5275//5274 5276//5275
f 4405//4404 5275//5274 5274//5273 4401//4400
f 4404//4403 5271//5270 5275//5274 4405//4404
f 5276//5275 5275//5274 5271//5270 5272//5271
f 4401//4400 5274//5273 5277//5276 4400//4399
f 5278//5277 5277//5276 5274//5273 5273//5272
f 5279//5278 5280//5279 5277//5276 5278//5277
f 5280//5279 4397//4396 4400//4399
f 5281//5280 5282//5281 5280//5279 5279//5278
f 5283//5282 5282//5281 5281//5280 5284//5283
f 4392//4391 4395//4394 5282//5281 5283//5282
f 4397//4396 5280//5279 5282//5281 4395//4394
f 5284//5283 5285//5284 5286//5285 5283//5282
f 5287//5286 5286//5285 5285//5284 5288//5287
f 4388//4387 4393//4392 5286//5285 5287//5286
f 5283//5282 5286//5285 4393//4392 4392//4391
f 5288//5287 5289//5288 5290//5289 5287//5286
f 5289//5288 5291//5290 5292//5291
f 5290//5289 5292//5291 4383//4382
f 5287//5286 5290//5289 4389//4388 4388//4387
f 5293//5292 5294//5293 5295//5294 5296//5295
f 5252//5251 5249//5248 5295//5294 5294//5293
f 5249//5248 5243//5242 5296//5295
f 5297//5296 5298//5297 5299//5298 5300//5299
f 5296//5295 5299//5298 5298//5297 5293//5292
f 5243//5242 5247//5246 5299//5298 5296//5295
f 5300//5299 5299//5298 5247//5246 5232//5231
f 5301//5300 5302//5301 5303//5302 5304//5303
f 5300//5299 5303//5302 5302//5301 5297//5296
f 5232//5231 5229//5228 5303//5302 5300//5299
f 5304//5303 5303//5302 5229//5228 5228//5227
f 5305//5304 5306//5305 5307//5306 5308//5307
f 5304//5303 5307//5306 5306//5305 5301//5300
f 5228//5227 5225//5224 5307//5306 5304//5303
f 5308//5307 5307//5306 5225//5224 5221//5220
f 5220//5219 5309//5308 5310//5309 5217//5216
f 5311//5310 5310//5309 5309//5308 5312//5311
f 5305//5304 5308//5307 5310//5309 5311//5310
f 5217//5216 5310//5309 5308//5307 5221//5220
f 5313//5312 5314//5313 5315//5314
f 5315//5314 5256//5255 5258//5257
f 5316//5315 5258//5257 5252//5251
f 5294//5293 5293//5292 5313//5312
f 5317//5316 5315//5314 5314//5313
f 5318//5317 5317//5316 5319//5318 5320//5319
f 5262//5261 5261//5260 5317//5316 5318//5317
f 5261//5260 5256//5255 5315//5314
f 5320//5319 5321//5320 5322//5321 5318//5317
f 5323//5322 5322//5321 5321//5320 5324//5323
f 5266//5265 5263//5262 5322//5321 5323//5322
f 5318//5317 5322//5321 5263//5262 5262//5261
f 5324//5323 5325//5324 5326//5325 5323//5322
f 5327//5326 5326//5325 5325//5324 5328//5327
f 5272//5271 5270//5269 5326//5325 5327//5326
f 5323//5322 5326//5325 5270//5269 5266//5265
f 5328//5327 5329//5328 5330//5329 5327//5326
f 5331//5330 5330//5329 5329//5328 5332//5331
f 5276//5275 5330//5329 5331//5330 5273//5272
f 5327//5326 5330//5329 5276//5275 5272//5271
f 5333//5332 5334//5333 5335//5334 5336//5335
f 5278//5277 5335//5334 5334//5333 5279//5278
f 5273//5272 5331//5330 5335//5334 5278//5277
f 5336//5335 5335//5334 5331//5330 5332//5331
f 5337//5336 5338//5337 5339//5338 5340//5339
f 5281//5280 5339//5338 5338//5337 5284//5283
f 5279//5278 5334//5333 5339//5338 5281//5280
f 5340//5339 5339//5338 5334//5333 5333//5332
f 5341//5340 5342//5341 5343//5342 5344//5343
f 5285//5284 5343//5342 5342//5341 5288//5287
f 5284//5283 5338//5337 5343//5342 5285//5284
f 5344//5343 5343//5342 5338//5337 5337//5336
f 5345//5344 5346//5345 5347//5346 5348//5347
f 5289//5288 5347//5346 5346//5345 5291//5290
f 5288//5287 5342//5341 5347//5346 5289//5288
f 5348//5347 5347//5346 5342//5341 5341//5340
f 5345//5344 5348//5347 5349//5348 5350//5349
f 5341//5340 5351//5350 5349//5348 5348//5347
f 2441//2440 5349//5348 5351//5350 2442//2441
f 5350//5349 5349//5348 2441//2440 2444//2443
f 5352//5351 5353//5352 5354//5353 5355//5354
f 5356//5355 5354//5353 5353//5352 2450//2449
f 5340//5339 5354//5353 5356//5355 5337//5336
f 5355//5354 5354//5353 5340//5339 5333//5332
f 5337//5336 5356//5355 5357//5356 5344//5343
f 2452//2451 5357//5356 5356//5355 2450//2449
f 2442//2441 5351//5350 5357//5356 2452//2451
f 5344//5343 5357//5356 5351//5350 5341//5340
f 5358//5357 5359//5358 5360//5359 5361//5360
f 5355//5354 5360//5359 5359//5358 5352//5351
f 5333//5332 5336//5335 5360//5359 5355//5354
f 5361//5360 5360//5359 5336//5335 5332//5331
f 5352//5351 5359//5358 5362//5361 5353//5352
f 5363//5362 5362//5361 5359//5358 5358//5357
f 2459//2458 2458//2457 5362//5361 5363//5362
f 5353//5352 5362//5361 2458//2457 2450//2449
f 5364//5363 5365//5364 5366//5365 5367//5366
f 5361//5360 5366//5365 5365//5364 5358//5357
f 5332//5331 5329//5328 5366//5365 5361//5360
f 5367//5366 5366//5365 5329//5328 5328//5327
f 5368//5367 5369//5368 2467//2466 2466//2465
f 5363//5362 5368//5367 2466//2465 2459//2458
f 5358//5357 5365//5364 5368//5367 5363//5362
f 5369//5368 5368//5367 5365//5364 5364//5363
f 5370//5369 5371//5370 5372//5371 5373//5372
f 5367//5366 5372//5371 5371//5370 5364//5363
f 5328//5327 5325//5324 5372//5371 5367//5366
f 5373//5372 5372//5371 5325//5324 5324//5323
f 5370//5369 5374//5373 5375//5374 5371//5370
f 2475//2474 5375//5374 5374//5373 2476//2475
f 2467//2466 5369//5368 5375//5374 2475//2474
f 5371//5370 5375//5374 5369//5368 5364//5363
f 5376//5375 5377//5376 5378//5377
f 5373//5372 5376//5375 5379//5378 5370//5369
f 5324//5323 5321//5320 5376//5375 5373//5372
f 5377//5376 5376//5375 5321//5320 5320//5319
f 5378//5377 5380//5379 5381//5380 5379//5378
f 2483//2482 5381//5380 5380//5379 2484//2483
f 2476//2475 5374//5373 5381//5380 2483//2482
f 5379//5378 5381//5380 5374//5373 5370//5369
f 5382//5381 5383//5382 5384//5383 5385//5384
f 5383//5382 5378//5377 5377//5376
f 5320//5319 5319//5318 5384//5383 5377//5376
f 5319//5318 5314//5313 5385//5384
f 5386//5385 5383//5382 5382//5381 5387//5386
f 2490//2489 5386//5385 5387//5386 2492//2491
f 2484//2483 5380//5379 5386//5385 2490//2489
f 5380//5379 5378//5377 5383//5382
f 5388//5387 5389//5388 5390//5389 5391//5390
f 5385//5384 5390//5389 5389//5388 5382//5381
f 5314//5313 5313//5312 5390//5389 5385//5384
f 5391//5390 5390//5389 5313//5312 5293//5292
f 5382//5381 5389//5388 5392//5391 5387//5386
f 5393//5392 5392//5391 5389//5388 5388//5387
f 2499//2498 2498//2497 5392//5391 5393//5392
f 5387//5386 5392//5391 2498//2497 2492//2491
f 5293//5292 5298//5297 5394//5393 5391//5390
f 5395//5394 5394//5393 5298//5297 5297//5296
f 5396//5395 5397//5396 5394//5393 5395//5394
f 5391//5390 5394//5393 5397//5396 5388//5387
f 5398//5397 5393//5392 5388//5387
f 5399//5398 5398//5397 5397//5396 5396//5395
f 2507//2506 2506//2505 5398//5397 5399//5398
f 2506//2505 2499//2498 5393//5392
f 5297//5296 5302//5301 5400//5399 5395//5394
f 5401//5400 5400//5399 5302//5301 5301//5300
f 5402//5401 5403//5402 5400//5399 5401//5400
f 5395//5394 5400//5399 5403//5402 5396//5395
f 5396//5395 5403//5402 5404//5403 5399//5398
f 5405//5404 5404//5403 5403//5402 5402//5401
f 2515//2514 2514//2513 5404//5403 5405//5404
f 5399//5398 5404//5403 2514//2513 2507//2506
f 5301//5300 5306//5305 5406//5405 5401//5400
f 5407//5406 5406//5405 5306//5305 5305//5304
f 5408//5407 5409//5408 5406//5405 5407//5406
f 5401//5400 5406//5405 5409//5408 5402//5401
f 5402//5401 5409//5408 5410//5409 5405//5404
f 5411//5410 5410//5409 5409//5408 5408//5407
f 2522//2521 5410//5409 5411//5410 2523//2522
f 5405//5404 5410//5409 2522//2521 2515//2514
f 5305//5304 5311//5310 5412//5411 5407//5406
f 5312//5311 5413//5412 5412//5411 5311//5310
f 5414//5413 5412//5411 5413//5412 5415//5414
f 5407//5406 5412//5411 5414//5413 5408//5407
f 5408//5407 5414//5413 5416//5415 5411//5410
f 5415//5414 5417//5416 5416//5415 5414//5413
f 2530//2529 5416//5415 5417//5416 2531//2530
f 2523//2522 5411//5410 5416//5415 2530//2529
f 5192//5191 5418//5417 5419//5418 5213//5212
f 5420//5419 5419//5418 5418//5417 5421//5420
f 5223//5222 5419//5418 5420//5419 5224//5223
f 5213//5212 5419//5418 5223//5222 5215//5214
f 5421//5420 5422//5421 5423//5422 5420//5419
f 5424//5423 5425//5424 5423//5422 5422//5421
f 5420//5419 5423//5422 5425//5424 5224//5223
f 1150//1150 2542//2541 5426//5425 4142//4141
f 5427//5426 5426//5425 2542//2541 2546//2545
f 5428//5427 5429//5428 5426//5425 5427//5426
f 4142//4141 5426//5425 5429//5428 4143//4142
f 5430//5429 5431//5430 5432//5431 5433//5432
f 2554//2553 5432//5431 5431//5430 2555//2554
f 2553//2552 5434//5433 5432//5431 2554//2553
f 5433//5432 5432//5431 5434//5433 5435//5434
f 5436//5435 5437//5436 5438//5437 5439//5438
f 5440//5439 5441//5440 5437//5436 5436//5435
f 5422//5421 5437//5436 5441//5440 5424//5423
f 5421//5420 5438//5437 5437//5436 5422//5421
f 5439//5438 5442//5441 5443//5442 5436//5435
f 5444//5443 5443//5442 5442//5441 5445//5444
f 5446//5445 5447//5446 5443//5442 5444//5443
f 5436//5435 5443//5442 5447//5446 5440//5439
f 5445//5444 5448//5447 5449//5448 5444//5443
f 5450//5449 5449//5448 5448//5447 5451//5450
f 5452//5451 5453//5452 5449//5448 5450//5449
f 5444//5443 5449//5448 5453//5452 5446//5445
f 5451//5450 5454//5453 5455//5454 5450//5449
f 5456//5455 5455//5454 5454//5453 5457//5456
f 5458//5457 5459//5458 5455//5454 5456//5455
f 5450//5449 5455//5454 5459//5458 5452//5451
f 5457//5456 5460//5459 5461//5460 5456//5455
f 5433//5432 5461//5460 5460//5459 5430//5429
f 5435//5434 5462//5461 5461//5460 5433//5432
f 5456//5455 5461//5460 5462//5461 5458//5457
f 5430//5429 5463//5462 5464//5463 5431//5430
f 5465//5464 5464//5463 5463//5462 5466//5465
f 2587//2586 2584//2583 5464//5463 5465//5464
f 5431//5430 5464//5463 2584//2583 2555//2554
f 5467//5466 5468//5467 5469//5468 5470//5469
f 5471//5470 5469//5468 5468//5467 5472//5471
f 5473//5472 5474//5473 5469//5468 5471//5470
f 5470//5469 5469//5468 5474//5473 5475//5474
f 5466//5465 5476//5475 5477//5476 5465//5464
f 5427//5426 5477//5476 5476//5475 5428//5427
f 2546//2545 2599//2598 5477//5476 5427//5426
f 5465//5464 5477//5476 2599//2598 2587//2586
f 5428//5427 5476//5475 5478//5477 5479//5478
f 5480//5479 5478//5477 5476//5475 5466//5465
f 5481//5480 5482//5481 5478//5477 5480//5479
f 5479//5478 5478//5477 5482//5481 5483//5482
f 5466//5465 5463//5462 5484//5483 5480//5479
f 5460//5459 5484//5483 5463//5462 5430//5429
f 5457//5456 5485//5484 5484//5483 5460//5459
f 5480//5479 5484//5483 5485//5484 5481//5480
f 5483//5482 5482//5481 5486//5485 5487//5486
f 5488//5487 5486//5485 5482//5481 5481//5480
f 5467//5466 5470//5469 5486//5485 5488//5487
f 5487//5486 5486//5485 5470//5469 5475//5474
f 5472//5471 5468//5467 5489//5488 5490//5489
f 5491//5490 5489//5488 5468//5467 5467//5466
f 5451//5450 5448//5447 5489//5488 5491//5490
f 5490//5489 5489//5488 5448//5447 5445//5444
f 5491//5490 5492//5491 5454//5453 5451//5450
f 5488//5487 5492//5491 5491//5490 5467//5466
f 5481//5480 5485//5484 5492//5491 5488//5487
f 5492//5491 5485//5484 5457//5456 5454//5453
f 5493//5492 5494//5493 5495//5494 5496//5495
f 5418//5417 5495//5494 5494//5493 5421//5420
f 5192//5191 5189//5188 5495//5494 5418//5417
f 5496//5495 5495//5494 5189//5188 4569//4568
f 5473//5472 5497//5496 5498//5497 5474//5473
f 5499//5498 5498//5497 5497//5496 5500//5499
f 5501//5500 5498//5497 5499//5498 5502//5501
f 5475//5474 5474//5473 5498//5497 5501//5500
f 5503//5502 5504//5503 5505//5504 5506//5505
f 5503//5502 5507//5506 5508//5507
f 4525//4524 4522//4521 5504//5503 5508//5507
f 4522//4521 4512//4511 5505//5504
f 4498//4497 5509//5508 5510//5509 4511//4510
f 5511//5510 5510//5509 5509//5508 5512//5511
f 5505//5504 5510//5509 5511//5510 5506//5505
f 4511//4510 5510//5509 5505//5504 4512//4511
f 3254//3253 3265//3264 5513//5512 4501//4500
f 5514//5513 5513//5512 3265//3264 3264//3263
f 5512//5511 5509//5508 5513//5512 5514//5513
f 4501//4500 5513//5512 5509//5508 4498//4497
f 3264//3263 5515//5514 5516//5515 5514//5513
f 5517//5516 5516//5515 5515//5514 5518//5517
f 5519//5518 5520//5519 5516//5515 5517//5516
f 5514//5513 5516//5515 5520//5519 5512//5511
f 5512//5511 5520//5519 5521//5520 5511//5510
f 5522//5521 5521//5520 5520//5519 5519//5518
f 5523//5522 5524//5523 5521//5520 5522//5521
f 5524//5523 5506//5505 5511//5510
f 5523//5522 5525//5524 5526//5525 5524//5523
f 5527//5526 5526//5525 5525//5524 5528//5527
f 5529//5528 5530//5529 5526//5525 5527//5526
f 5524//5523 5526//5525 5530//5529 5506//5505
f 5531//5530 5532//5531 5533//5532 5534//5533
f 5535//5534 5532//5531 5531//5530 5500//5499
f 5532//5531 5535//5534 5529//5528 5527//5526
f 5528//5527 5533//5532 5532//5531 5527//5526
f 5502//5501 5499//5498 5536//5535 5537//5536
f 5531//5530 5536//5535 5499//5498 5500//5499
f 5534//5533 5538//5537 5536//5535 5531//5530
f 5537//5536 5536//5535 5538//5537 5539//5538
f 4070//4069 5540//5539 5541//5540 4069//4068
f 5542//5541 5541//5540 5540//5539 5539//5538
f 5543//5542 5544//5543 5541//5540 5542//5541
f 4069//4068 5541//5540 5544//5543 4030//4029
f 5545//5544 5546//5545 5547//5546
f 5548//5547 5543//5542 5542//5541
f 5539//5538 5538//5537 5545//5544 5542//5541
f 5546//5545 5545//5544 5538//5537 5534//5533
f 5549//5548 5550//5549 5551//5550 5552//5551
f 5496//5495 5551//5550 5550//5549 5493//5492
f 4569//4568 4568//4567 5551//5550 5496//5495
f 5552//5551 5551//5550 4568//4567 4560//4559
f 5553//5552 5554//5553 5494//5493 5493//5492
f 5555//5554 5554//5553 5553//5552 5556//5555
f 5439//5438 5438//5437 5554//5553 5555//5554
f 5494//5493 5554//5553 5438//5437 5421//5420
f 5445//5444 5442//5441 5557//5556 5490//5489
f 5555//5554 5557//5556 5442//5441 5439//5438
f 5558//5557 5557//5556 5555//5554 5556//5555
f 5490//5489 5557//5556 5558//5557 5472//5471
f 5559//5558 5560//5559 5561//5560 5562//5561
f 5553//5552 5561//5560 5560//5559 5556//5555
f 5493//5492 5550//5549 5561//5560 5553//5552
f 5562//5561 5561//5560 5550//5549 5549//5548
f 5556//5555 5563//5562 5564//5563 5558//5557
f 5565//5564 5564//5563 5563//5562 5566//5565
f 5473//5472 5471//5470 5564//5563 5565//5564
f 5472//5471 5558//5557 5564//5563 5471//5470
f 5529//5528 5567//5566 5568//5567 5530//5529
f 5569//5568 5568//5567 5567//5566 5566//5565
f 5507//5506 5503//5502 5568//5567 5569//5568
f 5506//5505 5530//5529 5568//5567 5503//5502
f 5500//5499 5497//5496 5570//5569 5535//5534
f 5565//5564 5570//5569 5497//5496 5473//5472
f 5566//5565 5567//5566 5570//5569 5565//5564
f 5535//5534 5570//5569 5567//5566 5529//5528
f 5571//5570 5508//5507 5507//5506
f 5572//5571 5571//5570 5573//5572 5574//5573
f 4537//4536 4534//4533 5571//5570 5572//5571
f 5508//5507 5571//5570 4534//4533 4525//4524
f 5574//5573 5575//5574 5576//5575 5572//5571
f 5577//5576 5576//5575 5575//5574 5578//5577
f 4549//4548 4546//4545 5576//5575 5577//5576
f 5572//5571 5576//5575 4546//4545 4537//4536
f 5579//5578 5577//5576 5578//5577
f 5552//5551 5579//5578 5580//5579 5549//5548
f 5579//5578 5552//5551 4560//4559
f 5577//5576 5579//5578 4558//4557 4549//4548
f 5581//5580 5582//5581 5583//5582 5584//5583
f 5578//5577 5575//5574 5582//5581 5581//5580
f 5574//5573 5583//5582 5582//5581 5575//5574
f 5549//5548 5580//5579 5585//5584 5562//5561
f 5581//5580 5585//5584 5580//5579 5578//5577
f 5584//5583 5586//5585 5585//5584 5581//5580
f 5562//5561 5585//5584 5586//5585 5559//5558
f 5559//5558 5586//5585 5587//5586 5560//5559
f 5588//5587 5587//5586 5586//5585 5584//5583
f 5566//5565 5563//5562 5587//5586 5588//5587
f 5560//5559 5587//5586 5563//5562 5556//5555
f 5584//5583 5583//5582 5589//5588 5588//5587
f 5573//5572 5589//5588 5583//5582 5574//5573
f 5569//5568 5589//5588 5573//5572 5507//5506
f 5588//5587 5589//5588 5569//5568 5566//5565
f 3359//3358 5590//5589 5591//5590 3358//3357
f 5592//5591 5591//5590 5590//5589 5593//5592
f 3323//3322 3320//3319 5591//5590 5592//5591
f 3358//3357 5591//5590 3320//3319 3319//3318
f 3399//3398 5594//5593 5595//5594 3398//3397
f 5596//5595 5595//5594 5594//5593 5597//5596
f 5593//5592 5590//5589 5595//5594 5596//5595
f 3398//3397 5595//5594 5590//5589 3359//3358
f 5598//5597 5599//5598 5600//5599 5601//5600
f 5594//5593 5600//5599 5599//5598 5597//5596
f 3399//3398 4024//4023 5600//5599 5594//5593
f 5601//5600 5600//5599 4024//4023 4023//4022
f 5602//5601 5603//5602 5604//5603 5605//5604
f 5601//5600 5604//5603 5603//5602 5598//5597
f 4023//4022 4032//4031 5604//5603 5601//5600
f 5605//5604 5604//5603 4032//4031 4031//4030
f 5606//5605 5607//5606 5608//5607
f 5609//5608 5608//5607 5547//5546
f 5609//5608 5546//5545 5534//5533
f 5533//5532 5528//5527 5606//5605
f 5610//5609 5611//5610 5612//5611 5613//5612
f 5611//5610 5607//5606 5606//5605
f 5612//5611 5606//5605 5528//5527
f 5613//5612 5612//5611 5525//5524 5523//5522
f 5614//5613 5615//5614 5616//5615 5617//5616
f 4027//4026 5616//5615 5615//5614 4031//4030
f 4030//4029 5544//5543 5616//5615 4027//4026
f 5617//5616 5616//5615 5544//5543 5543//5542
f 5607//5606 5618//5617 5619//5618 5608//5607
f 5617//5616 5619//5618 5618//5617 5614//5613
f 5543//5542 5548//5547 5619//5618 5617//5616
f 5608//5607 5619//5618 5548//5547 5547//5546
f 5620//5619 5621//5620 5622//5621 5623//5622
f 5605//5604 5622//5621 5621//5620 5602//5601
f 4031//4030 5615//5614 5622//5621 5605//5604
f 5623//5622 5622//5621 5615//5614 5614//5613
f 5519//5518 5624//5623 5625//5624 5522//5521
f 5626//5625 5625//5624 5624//5623 5627//5626
f 5610//5609 5613//5612 5625//5624 5626//5625
f 5522//5521 5625//5624 5613//5612 5523//5522
f 5628//5627 5611//5610 5610//5609
f 5629//5628 5628//5627 5630//5629 5631//5630
f 5614//5613 5618//5617 5628//5627 5629//5628
f 5618//5617 5607//5606 5611//5610
f 5631//5630 5632//5631 5633//5632 5629//5628
f 5634//5633 5635//5634 5633//5632 5632//5631
f 5623//5622 5633//5632 5635//5634 5620//5619
f 5629//5628 5633//5632 5623//5622 5614//5613
f 5517//5516 5636//5635 5624//5623 5519//5518
f 5637//5636 5636//5635 5517//5516 5518//5517
f 5627//5626 5624//5623 5636//5635 5637//5636
f 5626//5625 5638//5637 5630//5629 5610//5609
f 5627//5626 5639//5638 5638//5637 5626//5625
f 5640//5639 5638//5637 5639//5638 5641//5640
f 5631//5630 5630//5629 5638//5637 5640//5639
f 5632//5631 5642//5641 5643//5642 5634//5633
f 5640//5639 5642//5641 5632//5631 5631//5630
f 5641//5640 5644//5643 5642//5641 5640//5639
f 5643//5642 5642//5641 5644//5643 5645//5644
f 5646//5645 5647//5646 5648//5647 5649//5648
f 3322//3321 5648//5647 5647//5646 3263//3262
f 3323//3322 5650//5649 5648//5647 3322//3321
f 5649//5648 5648//5647 5650//5649 5651//5650
f 3263//3262 5647//5646 5652//5651 3262//3261
f 5653//5652 5652//5651 5647//5646 5646//5645
f 5518//5517 5515//5514 5652//5651 5653//5652
f 3262//3261 5652//5651 5515//5514 3264//3263
f 5518//5517 5654//5653 5655//5654 5637//5636
f 5656//5655 5655//5654 5654//5653 5657//5656
f 5641//5640 5639//5638 5655//5654 5656//5655
f 5637//5636 5655//5654 5639//5638 5627//5626
f 5657//5656 5658//5657 5659//5658 5656//5655
f 5660//5659 5659//5658 5658//5657 5661//5660
f 5645//5644 5644//5643 5659//5658 5660//5659
f 5656//5655 5659//5658 5644//5643 5641//5640
f 5593//5592 5662//5661 5663//5662 5592//5591
f 5664//5663 5663//5662 5662//5661 5665//5664
f 5651//5650 5650//5649 5663//5662 5664//5663
f 5592//5591 5663//5662 5650//5649 3323//3322
f 5646//5645 5666//5665 5667//5666 5653//5652
f 5668//5667 5667//5666 5666//5665 5669//5668
f 5657//5656 5654//5653 5667//5666 5668//5667
f 5653//5652 5667//5666 5654//5653 5518//5517
f 5651//5650 5664//5663 5670//5669 5649//5648
f 5671//5670 5670//5669 5664//5663 5665//5664
f 5669//5668 5666//5665 5670//5669 5671//5670
f 5649//5648 5670//5669 5666//5665 5646//5645
f 5669//5668 5672//5671 5673//5672 5668//5667
f 5674//5673 5673//5672 5672//5671 5675//5674
f 5661//5660 5658//5657 5673//5672 5674//5673
f 5668//5667 5673//5672 5658//5657 5657//5656
f 5665//5664 5676//5675 5677//5676 5671//5670
f 5678//5677 5677//5676 5676//5675 5679//5678
f 5675//5674 5672//5671 5677//5676 5678//5677
f 5671//5670 5677//5676 5672//5671 5669//5668
f 5597//5596 5680//5679 5681//5680 5596//5595
f 5682//5681 5681//5680 5680//5679 5683//5682
f 5665//5664 5662//5661 5681//5680 5682//5681
f 5596//5595 5681//5680 5662//5661 5593//5592
f 5599//5598 5684//5683 5680//5679 5597//5596
f 5685//5684 5684//5683 5599//5598 5598//5597
f 5686//5685 5687//5686 5684//5683 5685//5684
f 5683//5682 5680//5679 5684//5683 5687//5686
f 5683//5682 5688//5687 5689//5688 5682//5681
f 5690//5689 5689//5688 5688//5687 5691//5690
f 5679//5678 5676//5675 5689//5688 5690//5689
f 5682//5681 5689//5688 5676//5675 5665//5664
f 5598//5597 5603//5602 5692//5691 5685//5684
f 5693//5692 5692//5691 5603//5602 5602//5601
f 5694//5693 5695//5694 5692//5691 5693//5692
f 5685//5684 5692//5691 5695//5694 5686//5685
f 5691//5690 5688//5687 5696//5695 5697//5696
f 5687//5686 5696//5695 5688//5687 5683//5682
f 5698//5697 5696//5695 5687//5686 5686//5685
f 5699//5698 5697//5696 5696//5695 5698//5697
f 5602//5601 5621//5620 5700//5699 5693//5692
f 5701//5700 5700//5699 5621//5620 5620//5619
f 5702//5701 5703//5702 5700//5699 5701//5700
f 5693//5692 5700//5699 5703//5702 5694//5693
f 5704//5703 5705//5704 5706//5705 5707//5706
f 5698//5697 5706//5705 5705//5704 5699//5698
f 5686//5685 5695//5694 5706//5705 5698//5697
f 5707//5706 5706//5705 5695//5694 5694//5693
f 5708//5707 5709//5708 5710//5709 5711//5710
f 5701//5700 5710//5709 5709//5708 5702//5701
f 5620//5619 5635//5634 5710//5709 5701//5700
f 5711//5710 5710//5709 5635//5634 5634//5633
f 5712//5711 5713//5712 5714//5713 5715//5714
f 5711//5710 5714//5713 5713//5712 5708//5707
f 5634//5633 5643//5642 5714//5713 5711//5710
f 5645//5644 5715//5714 5714//5713 5643//5642
f 5716//5715 5717//5716 5718//5717 5719//5718
f 5707//5706 5718//5717 5717//5716 5704//5703
f 5694//5693 5703//5702 5718//5717 5707//5706
f 5719//5718 5718//5717 5703//5702 5702//5701
f 5661//5660 5720//5719 5721//5720 5660//5659
f 5722//5721 5721//5720 5720//5719 5723//5722
f 5712//5711 5715//5714 5721//5720 5722//5721
f 5660//5659 5721//5720 5715//5714 5645//5644
f 5724//5723 5725//5724 5726//5725
f 5719//5718 5724//5723 5727//5726 5716//5715
f 5702//5701 5709//5708 5724//5723 5719//5718
f 5725//5724 5724//5723 5709//5708 5708//5707
f 5723//5722 5728//5727 5729//5728 5722//5721
f 5725//5724 5729//5728 5728//5727 5726//5725
f 5708//5707 5713//5712 5729//5728 5725//5724
f 5722//5721 5729//5728 5713//5712 5712//5711
f 5675//5674 5730//5729 5731//5730 5674//5673
f 5732//5731 5731//5730 5730//5729 5733//5732
f 5723//5722 5720//5719 5731//5730 5732//5731
f 5674//5673 5731//5730 5720//5719 5661//5660
f 5679//5678 5734//5733 5735//5734 5678//5677
f 5736//5735 5735//5734 5734//5733 5737//5736
f 5733//5732 5730//5729 5735//5734 5736//5735
f 5678//5677 5735//5734 5730//5729 5675//5674
f 5733//5732 5738//5737 5739//5738 5732//5731
f 5728//5727 5739//5738 5738//5737 5726//5725
f 5732//5731 5739//5738 5728//5727 5723//5722
f 5737//5736 5740//5739 5741//5740 5736//5735
f 5742//5741 5741//5740 5740//5739 5743//5742
f 5726//5725 5738//5737 5741//5740 5742//5741
f 5736//5735 5741//5740 5738//5737 5733//5732
f 5742//5741 5744//5743 5727//5726 5726//5725
f 5743//5742 5745//5744 5744//5743 5742//5741
f 5746//5745 5747//5746 5744//5743 5745//5744
f 5727//5726 5744//5743 5747//5746 5716//5715
f 5748//5747 5749//5748 5745//5744 5743//5742
f 5750//5749 5751//5750 5749//5748 5748//5747
f 5752//5751 5753//5752 5749//5748 5751//5750
f 5745//5744 5749//5748 5753//5752 5746//5745
f 5716//5715 5747//5746 5754//5753 5717//5716
f 5755//5754 5754//5753 5747//5746 5746//5745
f 5756//5755 5754//5753 5755//5754 5757//5756
f 5704//5703 5717//5716 5754//5753 5756//5755
f 5757//5756 5758//5757 5759//5758 5756//5755
f 5760//5759 5759//5758 5758//5757 5761//5760
f 5699//5698 5705//5704 5759//5758 5760//5759
f 5756//5755 5759//5758 5705//5704 5704//5703
f 5762//5761 5763//5762 5764//5763
f 5762//5761 5765//5764 5750//5749
f 5743//5742 5740//5739 5762//5761 5748//5747
f 5763//5762 5762//5761 5740//5739 5737//5736
f 5691//5690 5766//5765 5767//5766 5690//5689
f 5763//5762 5767//5766 5766//5765 5764//5763
f 5737//5736 5734//5733 5767//5766 5763//5762
f 5690//5689 5767//5766 5734//5733 5679//5678
f 5761//5760 5768//5767 5769//5768 5760//5759
f 5764//5763 5766//5765 5769//5768 5768//5767
f 5697//5696 5769//5768 5766//5765 5691//5690
f 5760//5759 5769//5768 5697//5696 5699//5698
f 5770//5769 5771//5770 5772//5771
f 5773//5772 5764//5763 5768//5767
f 5761//5760 5758//5757 5770//5769 5768//5767
f 5771//5770 5770//5769 5758//5757 5757//5756
f 5750//5749 5765//5764 5774//5773 5751//5750
f 5773//5772 5774//5773 5765//5764 5764//5763
f 5774//5773 5773//5772 5772//5771
f 5751//5750 5774//5773 5775//5774 5752//5751
f 5752//5751 5775//5774 5776//5775 5753//5752
f 5776//5775 5775//5774 5772//5771 5771//5770
f 5757//5756 5755//5754 5776//5775 5771//5770
f 5753//5752 5776//5775 5755//5754 5746//5745
f 5777//5776 5778//5777 5779//5778
f 4086//4085 5777//5776 5780//5779 4087//4086
f 4083//4082 4099//4098 5777//5776 4086//4085
f 5778//5777 5777//5776 4099//4098 4102//4101
f 5781//5780 5782//5781 4167//4166 4166//4165
f 5778//5777 5782//5781 5781//5780 5779//5778
f 4160//4159 5782//5781 5778//5777 4102//4101
f 4161//4160 4167//4166 5782//5781 4160//4159
f 5783//5782 4171//4170 4170//4169 5784//5783
f 5785//5784 5783//5782 5784//5783 5786//5785
f 5779//5778 5781//5780 5783//5782
f 4171//4170 5783//5782 5781//5780 4166//4165
f 4047//4046 4088//4087 5787//5786 4054//4053
f 5788//5787 5787//5786 4088//4087 4087//4086
f 5789//5788 5790//5789 5787//5786 5788//5787
f 4054//4053 5787//5786 5790//5789 4051//4050
f 4087//4086 5780//5779 5791//5790 5788//5787
f 5792//5791 5791//5790 5780//5779 5779//5778
f 5793//5792 5794//5793 5791//5790 5792//5791
f 5788//5787 5791//5790 5794//5793 5789//5788
f 5786//5785 5795//5794 5796//5795 5785//5784
f 5792//5791 5796//5795 5795//5794 5793//5792
f 5796//5795 5792//5791 5779//5778
f 4051//4050 5790//5789 5797//5796 4058//4057
f 5798//5797 5797//5796 5790//5789 5789//5788
f 5799//5798 5800//5799 5797//5796 5798//5797
f 4058//4057 5797//5796 5800//5799 4055//4054
f 4170//4169 4173//4172 5801//5800 5784//5783
f 5802//5801 5801//5800 4173//4172 4172//4171
f 5803//5802 5804//5803 5801//5800 5802//5801
f 5801//5800 5804//5803 5786//5785 5784//5783
f 5789//5788 5794//5793 5805//5804 5798//5797
f 5806//5805 5805//5804 5794//5793 5793//5792
f 5807//5806 5808//5807 5805//5804 5806//5805
f 5808//5807 5799//5798 5798//5797
f 5803//5802 5809//5808 5810//5809 5804//5803
f 5806//5805 5810//5809 5809//5808 5807//5806
f 5793//5792 5795//5794 5810//5809 5806//5805
f 5804//5803 5810//5809 5795//5794 5786//5785
f 5811//5810 5812//5811 5800//5799 5799//5798
f 5811//5810 5813//5812 5814//5813
f 4062//4061 4059//4058 5812//5811 5814//5813
f 5812//5811 4059//4058 4055//4054 5800//5799
f 4172//4171 4177//4176 5815//5814 5802//5801
f 5816//5815 5815//5814 4177//4176 4176//4175
f 5817//5816 5818//5817 5815//5814 5816//5815
f 5802//5801 5815//5814 5818//5817 5803//5802
f 5819//5818 5820//5819 5808//5807 5807//5806
f 5821//5820 5820//5819 5819//5818 5822//5821
f 5820//5819 5821//5820 5813//5812
f 5820//5819 5811//5810 5799//5798
f 5803//5802 5818//5817 5823//5822 5809//5808
f 5824//5823 5823//5822 5818//5817 5817//5816
f 5822//5821 5819//5818 5823//5822 5824//5823
f 5807//5806 5809//5808 5823//5822 5819//5818
f 5825//5824 5814//5813 5813//5812
f 5826//5825 5825//5824 5827//5826 5828//5827
f 4064//4063 4063//4062 5825//5824 5826//5825
f 5814//5813 5825//5824 4063//4062 4062//4061
f 5822//5821 5829//5828 5830//5829 5821//5820
f 5831//5830 5830//5829 5829//5828 5832//5831
f 5828//5827 5827//5826 5830//5829 5831//5830
f 5821//5820 5830//5829 5827//5826 5813//5812
f 5833//5832 5834//5833 5835//5834 5836//5835
f 5537//5536 5835//5834 5834//5833 5502//5501
f 5539//5538 5540//5539 5835//5834 5537//5536
f 5836//5835 5835//5834 5540//5539 4070//4069
f 5828//5827 5837//5836 5838//5837 5826//5825
f 5837//5836 5833//5832 5836//5835
f 4070//4069 4067//4066 5838//5837 5836//5835
f 5826//5825 5838//5837 4067//4066 4064//4063
f 5832//5831 5839//5838 5840//5839 5831//5830
f 5841//5840 5840//5839 5839//5838 5842//5841
f 5840//5839 5841//5840 5833//5832
f 5831//5830 5840//5839 5837//5836 5828//5827
f 4176//4175 4181//4180 5843//5842 5816//5815
f 5844//5843 5843//5842 4181//4180 4180//4179
f 5845//5844 5846//5845 5843//5842 5844//5843
f 5816//5815 5843//5842 5846//5845 5817//5816
f 5817//5816 5846//5845 5847//5846 5824//5823
f 5848//5847 5847//5846 5846//5845 5845//5844
f 5832//5831 5829//5828 5847//5846 5848//5847
f 5824//5823 5847//5846 5829//5828 5822//5821
f 5502//5501 5834//5833 5849//5848 5501//5500
f 5850//5849 5849//5848 5834//5833 5833//5832
f 5851//5850 5852//5851 5849//5848 5850//5849
f 5501//5500 5849//5848 5852//5851 5475//5474
f 5483//5482 5853//5852 5854//5853 5479//5478
f 5855//5854 5854//5853 5853//5852 5856//5855
f 4143//4142 5429//5428 5854//5853 5855//5854
f 5479//5478 5854//5853 5429//5428 5428//5427
f 5857//5856 5841//5840 5842//5841
f 5858//5857 5859//5858 5860//5859
f 5860//5859 5851//5850 5850//5849
f 5850//5849 5833//5832 5841//5840
f 5856//5855 5853//5852 5861//5860 5862//5861
f 5487//5486 5861//5860 5853//5852 5483//5482
f 5475//5474 5852//5851 5861//5860 5487//5486
f 5862//5861 5861//5860 5852//5851 5851//5850
f 5863//5862 5860//5859 5859//5858 5864//5863
f 5862//5861 5863//5862 5864//5863 5856//5855
f 5851//5850 5860//5859 5863//5862 5862//5861
f 4180//4179 5865//5864 5866//5865 5844//5843
f 5864//5863 5866//5865 5865//5864 5856//5855
f 5859//5858 5867//5866 5866//5865 5864//5863
f 5844//5843 5866//5865 5867//5866 5845//5844
f 4139//4138 4144//4143 5868//5867 4183//4182
f 5855//5854 5868//5867 4144//4143 4143//4142
f 5856//5855 5865//5864 5868//5867 5855//5854
f 4183//4182 5868//5867 5865//5864 4180//4179
f 5845//5844 5867//5866 5869//5868 5848//5847
f 5858//5857 5869//5868 5867//5866 5859//5858
f 5842//5841 5839//5838 5869//5868 5858//5857
f 5848//5847 5869//5868 5839//5838 5832//5831
f 5870//5869 5871//5870 4337//4336 4336//4335
f 5872//5871 5871//5870 5870//5869 5873//5872
f 2996//2995 2995//2994 5871//5870 5872//5871
f 4337//4336 5871//5870 2995//2994 1353//1353
f 5874//5873 5870//5869 4336//4335
f 4341//4340 4340//4339 5875//5874
f 5876//5875 5877//5876 5874//5873 5875//5874
f 5873//5872 5870//5869 5874//5873 5877//5876
f 5873//5872 5877//5876 5878//5877 5872//5871
f 5879//5878 5878//5877 5877//5876 5876//5875
f 3005//3004 3004//3003 5878//5877 5879//5878
f 5872//5871 5878//5877 3004//3003 2996//2995
f 5880//5879 5881//5880 4347//4346 4346//4345
f 5882//5881 5881//5880 5880//5879 5883//5882
f 5881//5880 5882//5881 5876//5875 5875//5874
f 4340//4339 4347//4346 5881//5880 5875//5874
f 4350//4349 4381//4380 5884//5883 4351//4350
f 5885//5884 5884//5883 4381//4380 4385//4384
f 5883//5882 5880//5879 5884//5883 5885//5884
f 5880//5879 4346//4345 4351//4350
f 4385//4384 5886//5885 5887//5886 5885//5884
f 5886//5885 3018//3017 3017//3016
f 3016//3015 5888//5887 5887//5886 3017//3016
f 5885//5884 5887//5886 5888//5887 5883//5882
f 5889//5888 5292//5291 5291//5290
f 5886//5885 5889//5888 5890//5889 3018//3017
f 4385//4384 4384//4383 5889//5888 5886//5885
f 5292//5291 5889//5888 4384//4383 4383//4382
f 2444//2443 3022//3021 5891//5890 5350//5349
f 5890//5889 5891//5890 3022//3021 3018//3017
f 5291//5290 5346//5345 5891//5890 5890//5889
f 5350//5349 5891//5890 5346//5345 5345//5344
f 5876//5875 5882//5881 5892//5891 5879//5878
f 5883//5882 5888//5887 5892//5891 5882//5881
f 5892//5891 5888//5887 3016//3015 3024//3023
f 5879//5878 5892//5891 3024//3023 3005//3004
f 5900//5892 5899//5893 5901//5894 5902//5895
f 5902//5895 5901//5894 5903//5896 5904//5897
f 5904//5897 5903//5896 5906//5898 5907//5899
f 5907//5899 5906//5898 5908//5900 5909//5901
f 5910//5902 5911//5903 5912//5904
f 5909//5901 5908//5900 5913//5905 5912//5904
f 5915//5906 5916//5907 5917//5908
f 5920//5909 5921//5910 5922//5911 5923//5912
f 5924//5913 5922//5911 5921//5910 5925//5914
f 5926//5915 5927//5916 5922//5911 5924//5913
f 5923//5912 5922//5911 5927//5916 5928//5917
f 5925//5914 5921//5910 5929//5918 5930//5919
f 5931//5920 5929//5918 5921//5910 5920//5909
f 5932//5921 5933//5922 5929//5918 5931//5920
f 5930//5919 5929//5918 5933//5922 5934//5923
f 5934//5923 5933//5922 5935//5924 5936//5925
f 5937//5926 5935//5924 5933//5922 5932//5921
f 5938//5927 5939//5928 5935//5924 5937//5926
f 5936//5925 5935//5924 5939//5928 5940//5929
f 5940//5929 5939//5928 5941//5930 5942//5931
f 5943//5932 5941//5930 5939//5928 5938//5927
f 5944//5933 5945//5934 5941//5930 5943//5932
f 5942//5931 5941//5930 5945//5934 5946//5935
f 5946//5935 5945//5934 5947//5936 5948//5937
f 5949//5938 5947//5936 5945//5934 5944//5933
f 5950//5939 5951//5940 5947//5936 5949//5938
f 5948//5937 5947//5936 5951//5940 5952//5941
f 5953//5942 5954//5943 5955//5944 5956//5945
f 5952//5941 5951//5940 5954//5943 5953//5942
f 5957//5946 5954//5943 5951//5940 5950//5939
f 5958//5947 5955//5944 5954//5943 5957//5946
f 5959//5948 5960//5949 5961//5950 5962//5951
f 5956//5945 5955//5944 5960//5949 5959//5948
f 5963//5952 5960//5949 5955//5944 5958//5947
f 5964//5953 5961//5950 5960//5949 5963//5952
f 5965//5954 5966//5955 5967//5956 5968//5957
f 5962//5951 5961//5950 5966//5955 5965//5954
f 5969//5958 5966//5955 5961//5950 5964//5953
f 5970//5959 5967//5956 5966//5955 5969//5958
f 5971//5960 5972//5961 5973//5962 5974//5963
f 5968//5957 5967//5956 5972//5961 5971//5960
f 5975//5964 5972//5961 5967//5956 5970//5959
f 5976//5965 5973//5962 5972//5961 5975//5964
f 5977//5966 5978//5967 5979//5968 5980//5969
f 5979//5968 5978//5967 5974//5963 5973//5962
f 5981//5970 5979//5968 5973//5962 5976//5965
f 5980//5969 5979//5968 5981//5970 5982//5971
f 5983//5972 5984//5973 5985//5974 5986//5975
f 5980//5969 5985//5974 5984//5973 5977//5966
f 5982//5971 5987//5976 5985//5974 5980//5969
f 5986//5975 5985//5974 5987//5976 5988//5977
f 5989//5978 5990//5979 5991//5980 5992//5981
f 5986//5975 5991//5980 5990//5979 5983//5972
f 5988//5977 5993//5982 5991//5980 5986//5975
f 5992//5981 5991//5980 5993//5982 5994//5983
f 5995//5984 5996//5985 5997//5986 5998//5987
f 5997//5986 5996//5985 5989//5978 5992//5981
f 5999//5988 5997//5986 5992//5981 5994//5983
f 5998//5987 5997//5986 5999//5988 6000//5989
f 6001//5990 6002//5991 6003//5992 6004//5993
f 5998//5987 6003//5992 6002//5991 5995//5984
f 6000//5989 6005//5994 6003//5992 5998//5987
f 6004//5993 6003//5992 6005//5994 6006//5995
f 6007//5996 6008//5997 6009//5998 6010//5999
f 6011//6000 6009//5998 6008//5997 6012//6001
f 6009//5998 6011//6000 6013//6002
f 6014//6003 6015//6004 6010//5999
f 6013//6002 6016//6005 6017//6006
f 6017//6006 6016//6005 6018//6007
f 6019//6008 6020//6009 6021//6010
f 6014//6003 6017//6006 6021//6010 6015//6004
f 6020//6009 6019//6008 6022//6011 6023//6012
f 6019//6008 6018//6007 6024//6013
f 6025//6014 6026//6015 6022//6011 6024//6013
f 6026//6015 6027//6016 6023//6012
f 6028//6017 6029//6018 6030//6019 6031//6020
f 6032//6021 6030//6019 6029//6018 6033//6022
f 6012//6001 6008//5997 6030//6019 6032//6021
f 6031//6020 6030//6019 6008//5997 6007//5996
f 6033//6022 6029//6018 6034//6023 6035//6024
f 6036//6025 6034//6023 6029//6018 6028//6017
f 5928//5917 5927//5916 6034//6023 6036//6025
f 6035//6024 6034//6023 5927//5916 5926//5915
f 6037//6026 6038//6027 6039//6028
f 6040//6029 6037//6026 6041//6030 6042//6031
f 6043//6032 6044//6033 6037//6026 6040//6029
f 6038//6027 6037//6026 6044//6033 6045//6034
f 6046//6035 6047//6036 6039//6028
f 6038//6027 6045//6034 6048//6037
f 6027//6016 6026//6015 6046//6035 6048//6037
f 6047//6036 6046//6035 6026//6015 6025//6014
f 6006//5995 6049//6038 6050//6039 6004//5993
f 6051//6040 6050//6039 6049//6038 6052//6041
f 6053//6042 6054//6043 6050//6039 6051//6040
f 6004//5993 6050//6039 6054//6043 6001//5990
f 6055//6044 6056//6045 6040//6029 6042//6031
f 6055//6044 6053//6042 6051//6040
f 6052//6041 6057//6046 6056//6045 6051//6040
f 6056//6045 6057//6046 6043//6032
f 6058//6047 6021//6010 6020//6009
f 6059//6048 6058//6047 6060//6049 6061//6050
f 6062//6051 6063//6052 6058//6047 6059//6048
f 6058//6047 6063//6052 6015//6004 6021//6010
f 6064//6053 6065//6054 6066//6055 6067//6056
f 6068//6057 6066//6055 6065//6054 6069//6058
f 6062//6051 6070//6059 6066//6055 6068//6057
f 6067//6056 6066//6055 6070//6059 6071//6060
f 6072//6061 6073//6062 6074//6063 6075//6064
f 6076//6065 6074//6063 6073//6062 6077//6066
f 6078//6067 6079//6068 6074//6063 6076//6065
f 6075//6064 6074//6063 6079//6068 6080//6069
f 6061//6050 6060//6049 6081//6070 6082//6071
f 6023//6012 6081//6070 6060//6049 6020//6009
f 6027//6016 6083//6072 6081//6070 6023//6012
f 6082//6071 6081//6070 6083//6072 6084//6073
f 6045//6034 6085//6074 6086//6075 6048//6037
f 6087//6076 6086//6075 6085//6074 6088//6077
f 6084//6073 6083//6072 6086//6075 6087//6076
f 6048//6037 6086//6075 6083//6072 6027//6016
f 6007//5996 6089//6078 6090//6079 6031//6020
f 6091//6080 6090//6079 6089//6078 6069//6058
f 6092//6081 6093//6082 6090//6079 6091//6080
f 6031//6020 6090//6079 6093//6082 6028//6017
f 6015//6004 6063//6052 6094//6083 6010//5999
f 6068//6057 6094//6083 6063//6052 6062//6051
f 6069//6058 6089//6078 6094//6083 6068//6057
f 6010//5999 6094//6083 6089//6078 6007//5996
f 6028//6017 6093//6082 6095//6084 6036//6025
f 6096//6085 6095//6084 6093//6082 6092//6081
f 6097//6086 6098//6087 6095//6084 6096//6085
f 6036//6025 6095//6084 6098//6087 5928//5917
f 6099//6088 6100//6089 6101//6090 6102//6091
f 6088//6077 6085//6074 6100//6089 6099//6088
f 6045//6034 6044//6033 6100//6089 6085//6074
f 6101//6090 6100//6089 6044//6033 6043//6032
f 6072//6061 6103//6092 6104//6093 6105//6094
f 6103//6092 6102//6091 6101//6090
f 6104//6093 6101//6090 6043//6032
f 6105//6094 6104//6093 6057//6046 6052//6041
f 5928//5917 6098//6087 6106//6095 5923//5912
f 6107//6096 6106//6095 6098//6087 6097//6086
f 6108//6097 6109//6098 6106//6095 6107//6096
f 5923//5912 6106//6095 6109//6098 5920//5909
f 5920//5909 6109//6098 6110//6099 5931//5920
f 6111//6100 6110//6099 6109//6098 6108//6097
f 6112//6101 6113//6102 6110//6099 6111//6100
f 5931//5920 6110//6099 6113//6102 5932//5921
f 5932//5921 6113//6102 6114//6103 5937//5926
f 6115//6104 6114//6103 6113//6102 6112//6101
f 6116//6105 6117//6106 6114//6103 6115//6104
f 5937//5926 6114//6103 6117//6106 5938//5927
f 5938//5927 6117//6106 6118//6107 5943//5932
f 6119//6108 6118//6107 6117//6106 6116//6105
f 6120//6109 6121//6110 6118//6107 6119//6108
f 5943//5932 6118//6107 6121//6110 5944//5933
f 6116//6105 6122//6111 6123//6112 6119//6108
f 6124//6113 6123//6112 6122//6111 6125//6114
f 6126//6115 6127//6116 6123//6112 6124//6113
f 6119//6108 6123//6112 6127//6116 6120//6109
f 6128//6117 6129//6118 6121//6110 6120//6109
f 6130//6119 6131//6120 6129//6118 6128//6117
f 5949//5938 6129//6118 6131//6120 5950//5939
f 5944//5933 6121//6110 6129//6118 5949//5938
f 6120//6109 6127//6116 6132//6121 6128//6117
f 6133//6122 6132//6121 6127//6116 6126//6115
f 6134//6123 6135//6124 6132//6121 6133//6122
f 6128//6117 6132//6121 6135//6124 6130//6119
f 6136//6125 6137//6126 6131//6120 6130//6119
f 6138//6127 6139//6128 6137//6126 6136//6125
f 5957//5946 6137//6126 6139//6128 5958//5947
f 5950//5939 6131//6120 6137//6126 5957//5946
f 6136//6125 6140//6129 6141//6130 6138//6127
f 6130//6119 6135//6124 6140//6129 6136//6125
f 6142//6131 6140//6129 6135//6124 6134//6123
f 6143//6132 6141//6130 6140//6129 6142//6131
f 6144//6133 6145//6134 6139//6128 6138//6127
f 6146//6135 6147//6136 6145//6134 6144//6133
f 5963//5952 6145//6134 6147//6136 5964//5953
f 5958//5947 6139//6128 6145//6134 5963//5952
f 6144//6133 6148//6137 6149//6138 6146//6135
f 6138//6127 6141//6130 6148//6137 6144//6133
f 6150//6139 6148//6137 6141//6130 6143//6132
f 6151//6140 6149//6138 6148//6137 6150//6139
f 6152//6141 6153//6142 6147//6136 6146//6135
f 6154//6143 6155//6144 6153//6142 6152//6141
f 5969//5958 6153//6142 6155//6144 5970//5959
f 5964//5953 6147//6136 6153//6142 5969//5958
f 6152//6141 6156//6145 6157//6146 6154//6143
f 6146//6135 6149//6138 6156//6145 6152//6141
f 6158//6147 6156//6145 6149//6138 6151//6140
f 6159//6148 6157//6146 6156//6145 6158//6147
f 6160//6149 6161//6150 6155//6144 6154//6143
f 6162//6151 6163//6152 6161//6150 6160//6149
f 5975//5964 6161//6150 6163//6152 5976//5965
f 5970//5959 6155//6144 6161//6150 5975//5964
f 6154//6143 6157//6146 6164//6153 6160//6149
f 6165//6154 6164//6153 6157//6146 6159//6148
f 6166//6155 6167//6156 6164//6153 6165//6154
f 6160//6149 6164//6153 6167//6156 6162//6151
f 6168//6157 6169//6158 6163//6152 6162//6151
f 6170//6159 6171//6160 6169//6158 6168//6157
f 5981//5970 6169//6158 6171//6160 5982//5971
f 5976//5965 6163//6152 6169//6158 5981//5970
f 6162//6151 6167//6156 6172//6161 6168//6157
f 6173//6162 6172//6161 6167//6156 6166//6155
f 6174//6163 6175//6164 6172//6161 6173//6162
f 6168//6157 6172//6161 6175//6164 6170//6159
f 6176//6165 6177//6166 6171//6160 6170//6159
f 6178//6167 6177//6166 6176//6165 6179//6168
f 5988//5977 5987//5976 6177//6166 6178//6167
f 6171//6160 6177//6166 5987//5976 5982//5971
f 6179//6168 6176//6165 6180//6169 6181//6170
f 6170//6159 6175//6164 6180//6169 6176//6165
f 6182//6171 6180//6169 6175//6164 6174//6163
f 6183//6172 6181//6170 6180//6169 6182//6171
f 6179//6168 6184//6173 6185//6174 6178//6167
f 6186//6175 6185//6174 6184//6173 6187//6176
f 5994//5983 5993//5982 6185//6174 6186//6175
f 6178//6167 6185//6174 5993//5982 5988//5977
f 6187//6176 6184//6173 6188//6177 6189//6178
f 6181//6170 6188//6177 6184//6173 6179//6168
f 6190//6179 6188//6177 6181//6170 6183//6172
f 6189//6178 6188//6177 6190//6179 6191//6180
f 6187//6176 6192//6181 6193//6182 6186//6175
f 6194//6183 6193//6182 6192//6181 6195//6184
f 6000//5989 5999//5988 6193//6182 6194//6183
f 5994//5983 6186//6175 6193//6182 5999//5988
f 6195//6184 6192//6181 6196//6185 6197//6186
f 6189//6178 6196//6185 6192//6181 6187//6176
f 6191//6180 6198//6187 6196//6185 6189//6178
f 6197//6186 6196//6185 6198//6187 6199//6188
f 6195//6184 6200//6189 6201//6190 6194//6183
f 6202//6191 6201//6190 6200//6189 6077//6066
f 6006//5995 6005//5994 6201//6190 6202//6191
f 6194//6183 6201//6190 6005//5994 6000//5989
f 6077//6066 6200//6189 6203//6192 6076//6065
f 6197//6186 6203//6192 6200//6189 6195//6184
f 6199//6188 6204//6193 6203//6192 6197//6186
f 6076//6065 6203//6192 6204//6193 6078//6067
f 6077//6066 6073//6062 6205//6194 6202//6191
f 6105//6094 6205//6194 6073//6062 6072//6061
f 6052//6041 6049//6038 6205//6194 6105//6094
f 6202//6191 6205//6194 6049//6038 6006//5995
f 5934//5923 6206//6195 6207//6196 5930//5919
f 6208//6197 6207//6196 6206//6195 6209//6198
f 6210//6199 6211//6200 6207//6196 6208//6197
f 5930//5919 6207//6196 6211//6200 5925//5914
f 5940//5929 6212//6201 6213//6202 5936//5925
f 6214//6203 6213//6202 6212//6201 6215//6204
f 6209//6198 6206//6195 6213//6202 6214//6203
f 5936//5925 6213//6202 6206//6195 5934//5923
f 5946//5935 6216//6205 6217//6206 5942//5931
f 6218//6207 6217//6206 6216//6205 6219//6208
f 6215//6204 6212//6201 6217//6206 6218//6207
f 5942//5931 6217//6206 6212//6201 5940//5929
f 5952//5941 6220//6209 6221//6210 5948//5937
f 6222//6211 6221//6210 6220//6209 6223//6212
f 6219//6208 6216//6205 6221//6210 6222//6211
f 5948//5937 6221//6210 6216//6205 5946//5935
f 5956//5945 6224//6213 6225//6214 5953//5942
f 6226//6215 6225//6214 6224//6213 6227//6216
f 6223//6212 6220//6209 6225//6214 6226//6215
f 5953//5942 6225//6214 6220//6209 5952//5941
f 5959//5948 6228//6217 6224//6213 5956//5945
f 5962//5951 6229//6218 6228//6217 5959//5948
f 6230//6219 6228//6217 6229//6218 6231//6220
f 6227//6216 6224//6213 6228//6217 6230//6219
f 5965//5954 6232//6221 6229//6218 5962//5951
f 5968//5957 6233//6222 6232//6221 5965//5954
f 6234//6223 6232//6221 6233//6222 6235//6224
f 6231//6220 6229//6218 6232//6221 6234//6223
f 5971//5960 6236//6225 6233//6222 5968//5957
f 5974//5963 6237//6226 6236//6225 5971//5960
f 6236//6225 6237//6226 6238//6227 6239//6228
f 6235//6224 6233//6222 6236//6225 6239//6228
f 5974//5963 5978//5967 6240//6229 6237//6226
f 6241//6230 6240//6229 5978//5967 5977//5966
f 6242//6231 6243//6232 6240//6229 6241//6230
f 6237//6226 6240//6229 6243//6232 6238//6227
f 5977//5966 5984//5973 6244//6233 6241//6230
f 6245//6234 6244//6233 5984//5973 5983//5972
f 6246//6235 6247//6236 6244//6233 6245//6234
f 6241//6230 6244//6233 6247//6236 6242//6231
f 5983//5972 5990//5979 6248//6237 6245//6234
f 6249//6238 6248//6237 5990//5979 5989//5978
f 6250//6239 6251//6240 6248//6237 6249//6238
f 6245//6234 6248//6237 6251//6240 6246//6235
f 5989//5978 5996//5985 6252//6241 6249//6238
f 6253//6242 6252//6241 5996//5985 5995//5984
f 6254//6243 6255//6244 6252//6241 6253//6242
f 6249//6238 6252//6241 6255//6244 6250//6239
f 5995//5984 6002//5991 6256//6245 6253//6242
f 6257//6246 6256//6245 6002//5991 6001//5990
f 6258//6247 6259//6248 6256//6245 6257//6246
f 6253//6242 6256//6245 6259//6248 6254//6243
f 6001//5990 6054//6043 6260//6249 6257//6246
f 6261//6250 6260//6249 6054//6043 6053//6042
f 6262//6251 6263//6252 6260//6249 6261//6250
f 6257//6246 6260//6249 6263//6252 6258//6247
f 6264//6253 6265//6254 6266//6255 6267//6256
f 6265//6254 6262//6251 6261//6250
f 6266//6255 6261//6250 6053//6042
f 6042//6031 6267//6256 6266//6255
f 6042//6031 6041//6030 6268//6257 6267//6256
f 6041//6030 6039//6028 6269//6258
f 6270//6259 6268//6257 6269//6258 6271//6260
f 6270//6259 6264//6253 6267//6256
f 6025//6014 6272//6261 6273//6262 6047//6036
f 6274//6263 6273//6262 6272//6261 6275//6264
f 6271//6260 6269//6258 6273//6262 6274//6263
f 6047//6036 6273//6262 6269//6258 6039//6028
f 6275//6264 6272//6261 6276//6265 6277//6266
f 6024//6013 6276//6265 6272//6261 6025//6014
f 6018//6007 6278//6267 6276//6265 6024//6013
f 6277//6266 6276//6265 6278//6267 6279//6268
f 6033//6022 6280//6269 6281//6270 6032//6021
f 6282//6271 6281//6270 6280//6269 6283//6272
f 6284//6273 6285//6274 6281//6270 6282//6271
f 6032//6021 6281//6270 6285//6274 6012//6001
f 5926//5915 6286//6275 6287//6276 6035//6024
f 6288//6277 6287//6276 6286//6275 6289//6278
f 6283//6272 6280//6269 6287//6276 6288//6277
f 6035//6024 6287//6276 6280//6269 6033//6022
f 6289//6278 6286//6275 6290//6279 6291//6280
f 5924//5913 6290//6279 6286//6275 5926//5915
f 5925//5914 6211//6200 6290//6279 5924//5913
f 6291//6280 6290//6279 6211//6200 6210//6199
f 6012//6001 6285//6274 6292//6281 6011//6000
f 6293//6282 6292//6281 6285//6274 6284//6273
f 6294//6283 6295//6284 6292//6281 6293//6282
f 6011//6000 6292//6281 6295//6284 6013//6002
f 6013//6002 6295//6284 6296//6285 6016//6005
f 6297//6286 6296//6285 6295//6284 6294//6283
f 6279//6268 6278//6267 6296//6285 6297//6286
f 6278//6267 6018//6007 6016//6005
f 6210//6199 6298//6287 6299//6288 6291//6280
f 6300//6289 6299//6288 6298//6287 6301//6290
f 6302//6291 6303//6292 6299//6288 6300//6289
f 6291//6280 6299//6288 6303//6292 6289//6278
f 6304//6293 6305//6294 6306//6295 6307//6296
f 6308//6297 6306//6295 6305//6294 6309//6298
f 6310//6299 6311//6300 6306//6295 6308//6297
f 6307//6296 6306//6295 6311//6300 6312//6301
f 6284//6273 6313//6302 6314//6303 6293//6282
f 6315//6304 6314//6303 6313//6302 6316//6305
f 6317//6306 6318//6307 6314//6303 6315//6304
f 6293//6282 6314//6303 6318//6307 6294//6283
f 6319//6308 6320//6309 6321//6310 6322//6311
f 6323//6312 6321//6310 6320//6309 6301//6290
f 6324//6313 6325//6314 6321//6310 6323//6312
f 6322//6311 6321//6310 6325//6314 6326//6315
f 6327//6316 6328//6317 6329//6318 6330//6319
f 6300//6289 6329//6318 6328//6317 6302//6291
f 6301//6290 6320//6309 6329//6318 6300//6289
f 6330//6319 6329//6318 6320//6309 6319//6308
f 6301//6290 6298//6287 6331//6320 6323//6312
f 6208//6197 6331//6320 6298//6287 6210//6199
f 6209//6198 6332//6321 6331//6320 6208//6197
f 6323//6312 6331//6320 6332//6321 6324//6313
f 6326//6315 6325//6314 6333//6322 6334//6323
f 6335//6324 6333//6322 6325//6314 6324//6313
f 6336//6325 6337//6326 6333//6322 6335//6324
f 6334//6323 6333//6322 6337//6326 6338//6327
f 6324//6313 6332//6321 6339//6328 6335//6324
f 6214//6203 6339//6328 6332//6321 6209//6198
f 6215//6204 6340//6329 6339//6328 6214//6203
f 6335//6324 6339//6328 6340//6329 6336//6325
f 6338//6327 6337//6326 6341//6330 6342//6331
f 6343//6332 6341//6330 6337//6326 6336//6325
f 6344//6333 6345//6334 6341//6330 6343//6332
f 6342//6331 6341//6330 6345//6334 6346//6335
f 6336//6325 6340//6329 6347//6336 6343//6332
f 6218//6207 6347//6336 6340//6329 6215//6204
f 6219//6208 6348//6337 6347//6336 6218//6207
f 6343//6332 6347//6336 6348//6337 6344//6333
f 6346//6335 6345//6334 6349//6338 6350//6339
f 6351//6340 6349//6338 6345//6334 6344//6333
f 6352//6341 6353//6342 6349//6338 6351//6340
f 6350//6339 6349//6338 6353//6342 6354//6343
f 6344//6333 6348//6337 6355//6344 6351//6340
f 6222//6211 6355//6344 6348//6337 6219//6208
f 6223//6212 6356//6345 6355//6344 6222//6211
f 6351//6340 6355//6344 6356//6345 6352//6341
f 6357//6346 6358//6347 6353//6342 6352//6341
f 6359//6348 6360//6349 6358//6347 6357//6346
f 6361//6350 6358//6347 6360//6349 6362//6351
f 6354//6343 6353//6342 6358//6347 6361//6350
f 6357//6346 6363//6352 6364//6353 6359//6348
f 6352//6341 6356//6345 6363//6352 6357//6346
f 6226//6215 6363//6352 6356//6345 6223//6212
f 6227//6216 6364//6353 6363//6352 6226//6215
f 6365//6354 6366//6355 6360//6349 6359//6348
f 6367//6356 6368//6357 6366//6355 6365//6354
f 6369//6358 6370//6359 6366//6355 6368//6357
f 6362//6351 6360//6349 6366//6355 6370//6359
f 6365//6354 6371//6360 6372//6361 6367//6356
f 6359//6348 6364//6353 6371//6360 6365//6354
f 6230//6219 6371//6360 6364//6353 6227//6216
f 6231//6220 6372//6361 6371//6360 6230//6219
f 6367//6356 6373//6362 6374//6363 6368//6357
f 6375//6364 6374//6363 6373//6362 6376//6365
f 6377//6366 6378//6367 6374//6363 6375//6364
f 6368//6357 6374//6363 6378//6367 6369//6358
f 6373//6362 6379//6368 6380//6369 6376//6365
f 6367//6356 6372//6361 6379//6368 6373//6362
f 6234//6223 6379//6368 6372//6361 6231//6220
f 6235//6224 6380//6369 6379//6368 6234//6223
f 6376//6365 6381//6370 6382//6371 6375//6364
f 6383//6372 6382//6371 6381//6370 6384//6373
f 6385//6374 6386//6375 6382//6371 6383//6372
f 6375//6364 6382//6371 6386//6375 6377//6366
f 6384//6373 6381//6370 6387//6376 6388//6377
f 6380//6369 6387//6376 6381//6370 6376//6365
f 6239//6228 6387//6376 6380//6369 6235//6224
f 6238//6227 6388//6377 6387//6376 6239//6228
f 6384//6373 6389//6378 6390//6379 6383//6372
f 6391//6380 6390//6379 6389//6378 6392//6381
f 6393//6382 6394//6383 6390//6379 6391//6380
f 6383//6372 6390//6379 6394//6383 6385//6374
f 6392//6381 6389//6378 6395//6384 6396//6385
f 6388//6377 6395//6384 6389//6378 6384//6373
f 6238//6227 6243//6232 6395//6384 6388//6377
f 6396//6385 6395//6384 6243//6232 6242//6231
f 6392//6381 6397//6386 6398//6387 6391//6380
f 6399//6388 6398//6387 6397//6386 6400//6389
f 6401//6390 6402//6391 6398//6387 6399//6388
f 6391//6380 6398//6387 6402//6391 6393//6382
f 6400//6389 6397//6386 6403//6392 6404//6393
f 6396//6385 6403//6392 6397//6386 6392//6381
f 6242//6231 6247//6236 6403//6392 6396//6385
f 6404//6393 6403//6392 6247//6236 6246//6235
f 6400//6389 6405//6394 6406//6395 6399//6388
f 6407//6396 6406//6395 6405//6394 6408//6397
f 6409//6398 6410//6399 6406//6395 6407//6396
f 6399//6388 6406//6395 6410//6399 6401//6390
f 6408//6397 6405//6394 6411//6400 6412//6401
f 6404//6393 6411//6400 6405//6394 6400//6389
f 6246//6235 6251//6240 6411//6400 6404//6393
f 6412//6401 6411//6400 6251//6240 6250//6239
f 6408//6397 6413//6402 6414//6403 6407//6396
f 6415//6404 6414//6403 6413//6402 6416//6405
f 6417//6406 6418//6407 6414//6403 6415//6404
f 6407//6396 6414//6403 6418//6407 6409//6398
f 6416//6405 6413//6402 6419//6408 6420//6409
f 6412//6401 6419//6408 6413//6402 6408//6397
f 6250//6239 6255//6244 6419//6408 6412//6401
f 6420//6409 6419//6408 6255//6244 6254//6243
f 6416//6405 6421//6410 6422//6411 6415//6404
f 6423//6412 6422//6411 6421//6410 6424//6413
f 6425//6414 6426//6415 6422//6411 6423//6412
f 6415//6404 6422//6411 6426//6415 6417//6406
f 6424//6413 6421//6410 6427//6416 6428//6417
f 6420//6409 6427//6416 6421//6410 6416//6405
f 6254//6243 6259//6248 6427//6416 6420//6409
f 6428//6417 6427//6416 6259//6248 6258//6247
f 6424//6413 6429//6418 6430//6419 6423//6412
f 6431//6420 6430//6419 6429//6418 6432//6421
f 6433//6422 6434//6423 6430//6419 6431//6420
f 6423//6412 6430//6419 6434//6423 6425//6414
f 6432//6421 6429//6418 6435//6424 6436//6425
f 6428//6417 6435//6424 6429//6418 6424//6413
f 6258//6247 6263//6252 6435//6424 6428//6417
f 6436//6425 6435//6424 6263//6252 6262//6251
f 6432//6421 6437//6426 6438//6427 6431//6420
f 6307//6296 6438//6427 6437//6426 6304//6293
f 6312//6301 6439//6428 6438//6427 6307//6296
f 6431//6420 6438//6427 6439//6428 6433//6422
f 6304//6293 6437//6426 6440//6429 6441//6430
f 6436//6425 6440//6429 6437//6426 6432//6421
f 6262//6251 6265//6254 6440//6429 6436//6425
f 6441//6430 6440//6429 6265//6254 6264//6253
f 6309//6298 6442//6431 6443//6432 6308//6297
f 6443//6432 6442//6431 6444//6433 6445//6434
f 6446//6435 6447//6436 6443//6432 6445//6434
f 6308//6297 6443//6432 6447//6436 6310//6299
f 6264//6253 6270//6259 6448//6437 6441//6430
f 6449//6438 6448//6437 6270//6259 6271//6260
f 6309//6298 6305//6294 6448//6437 6449//6438
f 6441//6430 6448//6437 6305//6294 6304//6293
f 6449//6438 6450//6439 6442//6431 6309//6298
f 6274//6263 6450//6439 6449//6438 6271//6260
f 6275//6264 6451//6440 6450//6439 6274//6263
f 6442//6431 6450//6439 6451//6440 6444//6433
f 6445//6434 6452//6441 6453//6442 6446//6435
f 6454//6443 6452//6441 6445//6434 6444//6433
f 6455//6444 6456//6445 6452//6441 6454//6443
f 6457//6446 6453//6442 6452//6441 6456//6445
f 6444//6433 6451//6440 6458//6447 6454//6443
f 6277//6266 6458//6447 6451//6440 6275//6264
f 6279//6268 6459//6448 6458//6447 6277//6266
f 6454//6443 6458//6447 6459//6448 6455//6444
f 6460//6449 6461//6450 6462//6451 6463//6452
f 6464//6453 6462//6451 6461//6450 6316//6305
f 6465//6454 6466//6455 6462//6451 6464//6453
f 6463//6452 6462//6451 6466//6455 6467//6456
f 6468//6457 6469//6458 6470//6459 6471//6460
f 6315//6304 6468//6457 6471//6460 6317//6306
f 6316//6305 6461//6450 6468//6457 6315//6304
f 6469//6458 6468//6457 6461//6450 6460//6449
f 6316//6305 6313//6302 6472//6461 6464//6453
f 6282//6271 6472//6461 6313//6302 6284//6273
f 6283//6272 6473//6462 6472//6461 6282//6271
f 6464//6453 6472//6461 6473//6462 6465//6454
f 6467//6456 6466//6455 6474//6463 6475//6464
f 6476//6465 6474//6463 6466//6455 6465//6454
f 6302//6291 6328//6317 6474//6463 6476//6465
f 6475//6464 6474//6463 6328//6317 6327//6316
f 6465//6454 6473//6462 6477//6466 6476//6465
f 6288//6277 6477//6466 6473//6462 6283//6272
f 6289//6278 6303//6292 6477//6466 6288//6277
f 6476//6465 6477//6466 6303//6292 6302//6291
f 6456//6445 6478//6467 6479//6468 6457//6446
f 6480//6469 6478//6467 6456//6445 6455//6444
f 6317//6306 6471//6460 6478//6467 6480//6469
f 6470//6459 6479//6468 6478//6467 6471//6460
f 6294//6283 6318//6307 6481//6470 6297//6286
f 6480//6469 6481//6470 6318//6307 6317//6306
f 6455//6444 6459//6448 6481//6470 6480//6469
f 6297//6286 6481//6470 6459//6448 6279//6268
f 6482//6471 6059//6048 6061//6050
f 6483//6472 6482//6471 6484//6473 6485//6474
f 6071//6060 6070//6059 6482//6471 6483//6472
f 6059//6048 6482//6471 6070//6059 6062//6051
f 6486//6475 5917//5908 5916//5907
f 6487//6476 6488//6477 6489//6478
f 6486//6475 6489//6478 6490//6479
f 6491//6480 5918//6481 5917//5908
f 6061//6050 6082//6071 6492//6482 6484//6473
f 6493//6483 6492//6482 6082//6071 6084//6073
f 6494//6484 6495//6485 6492//6482 6493//6483
f 6484//6473 6492//6482 6495//6485 6485//6474
f 6494//6484 6496//6486 6497//6487 6495//6485
f 6496//6486 6490//6479 6489//6478
f 6488//6477 6498//6488 6497//6487 6489//6478
f 6485//6474 6495//6485 6497//6487 6498//6488
f 6499//6489 6500//6490 6501//6491 6502//6492
f 6091//6080 6501//6491 6500//6490 6092//6081
f 6069//6058 6065//6054 6501//6491 6091//6080
f 6502//6492 6501//6491 6065//6054 6064//6053
f 6088//6077 6503//6493 6504//6494 6087//6076
f 6505//6495 6504//6494 6503//6493 6506//6496
f 6494//6484 6493//6483 6504//6494 6505//6495
f 6087//6076 6504//6494 6493//6483 6084//6073
f 6507//6497 6505//6495 6506//6496
f 6508//6498 6507//6497 6509//6499 6510//6500
f 6490//6479 6496//6486 6507//6497 6508//6498
f 6496//6486 6494//6484 6505//6495
f 6512//6501 6511//6502 6513//6503 6510//6500
f 6514//6504 6515//6505 6511//6502 6512//6501
f 5918//6481 6491//6480 6516//6506 5919//6507
f 6508//6498 6516//6506 6491//6480 6490//6479
f 6510//6500 6513//6503 6516//6506 6508//6498
f 6102//6091 6517//6508 6518//6509 6099//6088
f 6519//6510 6518//6509 6517//6508 6520//6511
f 6506//6496 6503//6493 6518//6509 6519//6510
f 6099//6088 6518//6509 6503//6493 6088//6077
f 6521//6512 6519//6510 6520//6511
f 6512//6501 6521//6512 6522//6513 6514//6504
f 6510//6500 6509//6499 6521//6512 6512//6501
f 6519//6510 6521//6512 6509//6499 6506//6496
f 6080//6069 6523//6514 6524//6515 6075//6064
f 6517//6508 6524//6515 6523//6514 6520//6511
f 6102//6091 6103//6092 6524//6515 6517//6508
f 6075//6064 6524//6515 6103//6092 6072//6061
f 6525//6516 6526//6517 6527//6518 6528//6519
f 6529//6520 6527//6518 6526//6517 6530//6521
f 6531//6522 6532//6523 6527//6518 6529//6520
f 6528//6519 6527//6518 6532//6523 6533//6524
f 6071//6060 6534//6525 6535//6526 6067//6056
f 6528//6519 6535//6526 6534//6525 6525//6516
f 6533//6524 6536//6527 6535//6526 6528//6519
f 6067//6056 6535//6526 6536//6527 6064//6053
f 6539//6528 6538//6529 6537//6530 6530//6521
f 5916//5907 5915//5906 6538//6529 6539//6528
f 6530//6521 6526//6517 6540//6531 6539//6528
f 6541//6532 6540//6531 6526//6517 6525//6516
f 6488//6477 6487//6476 6540//6531 6541//6532
f 6539//6528 6540//6531 6487//6476 5916//5907
f 5896//6533 6542//6534 6543//6535 5894//6536
f 6529//6520 6543//6535 6542//6534 6531//6522
f 6530//6521 6537//6530 6543//6535 6529//6520
f 5894//6536 6543//6535 6537//6530 5893//6537
f 6544//6538 6483//6472 6485//6474
f 6498//6488 6488//6477 6541//6532
f 6525//6516 6534//6525 6544//6538 6541//6532
f 6483//6472 6544//6538 6534//6525 6071//6060
f 6545//6539 6515//6505 6514//6504
f 6546//6540 6545//6539 6547//6541 6548//6542
f 6548//6542 6547//6541 6549//6543 6550//6544
f 6522//6513 6549//6543 6547//6541 6514//6504
f 6549//6543 6522//6513 6520//6511
f 6550//6544 6549//6543 6523//6514 6080//6069
f 6548//6542 6553//6545 6554//6546 6546//6540
f 6555//6547 6554//6546 6553//6545 6556//6548
f 6552//6549 6551//6550 6554//6546 6555//6547
f 6557//6551 6558//6552 6559//6553 6560//6554
f 6561//6555 6558//6552 6557//6551 6556//6548
f 6078//6067 6204//6193 6558//6552 6561//6555
f 6559//6553 6558//6552 6204//6193 6199//6188
f 6556//6548 6553//6545 6562//6556 6561//6555
f 6550//6544 6562//6556 6553//6545 6548//6542
f 6080//6069 6079//6068 6562//6556 6550//6544
f 6561//6555 6562//6556 6079//6068 6078//6067
f 6556//6548 6557//6551 6566//6557 6555//6547
f 6566//6557 6557//6551 6560//6554
f 6563//6558 6566//6557 6567//6559 6564//6560
f 6563//6558 6552//6549 6555//6547
f 6564//6560 6570//6561 6571//6562 6565//6563
f 6568//6564 6571//6562 6570//6561 6569//6565
f 6572//6566 6573//6567 6567//6559 6560//6554
f 6574//6568 6575//6569 6573//6567 6572//6566
f 6570//6561 6573//6567 6575//6569 6569//6565
f 6564//6560 6567//6559 6573//6567 6570//6561
f 6183//6172 6576//6570 6577//6571 6190//6179
f 6578//6572 6577//6571 6576//6570 6579//6573
f 6574//6568 6580//6574 6577//6571 6578//6572
f 6190//6179 6577//6571 6580//6574 6191//6180
f 6572//6566 6581//6575 6580//6574 6574//6568
f 6560//6554 6559//6553 6581//6575 6572//6566
f 6198//6187 6581//6575 6559//6553 6199//6188
f 6191//6180 6580//6574 6581//6575 6198//6187
f 6582//6576 6583//6577 6584//6578 6585//6579
f 6579//6573 6586//6580 6587//6581 6578//6572
f 6585//6579 6587//6581 6586//6580 6582//6576
f 6569//6565 6575//6569 6587//6581 6585//6579
f 6578//6572 6587//6581 6575//6569 6574//6568
f 6174//6163 6588//6582 6589//6583 6182//6171
f 6590//6584 6589//6583 6588//6582 6591//6585
f 6579//6573 6576//6570 6589//6583 6590//6584
f 6182//6171 6589//6583 6576//6570 6183//6172
f 6592//6586 6593//6587 6594//6588 6595//6589
f 6583//6577 6582//6576 6595//6589
f 6591//6585 6596//6590 6597//6591 6590//6584
f 6596//6590 6592//6586 6595//6589
f 6582//6576 6586//6580 6597//6591 6595//6589
f 6590//6584 6597//6591 6586//6580 6579//6573
f 6166//6155 6598//6592 6599//6593 6173//6162
f 6598//6592 6600//6594 6601//6595
f 6591//6585 6588//6582 6599//6593 6601//6595
f 6173//6162 6599//6593 6588//6582 6174//6163
f 6602//6596 6603//6597 6604//6598
f 6603//6597 6602//6596 6593//6587 6592//6586
f 6600//6594 6605//6599 6606//6600 6601//6595
f 6603//6597 6606//6600 6605//6599 6604//6598
f 6606//6600 6603//6597 6592//6586
f 6596//6590 6591//6585 6601//6595
f 6159//6148 6607//6601 6608//6602 6165//6154
f 6609//6603 6608//6602 6607//6601 6610//6604
f 6600//6594 6598//6592 6608//6602 6609//6603
f 6598//6592 6166//6155 6165//6154
f 6613//6605 6614//6606 6612//6607 6611//6608
f 6610//6604 6615//6609 6616//6610 6609//6603
f 6611//6608 6616//6610 6615//6609 6613//6605
f 6604//6598 6605//6599 6616//6610 6611//6608
f 6609//6603 6616//6610 6605//6599 6600//6594
f 6151//6140 6617//6611 6618//6612 6158//6147
f 6619//6613 6618//6612 6617//6611 6620//6614
f 6610//6604 6607//6601 6618//6612 6619//6613
f 6158//6147 6618//6612 6607//6601 6159//6148
f 6621//6615 6622//6616 6614//6606 6613//6605
f 6623//6617 6624//6618 6622//6616 6621//6615
f 5912//5904 6622//6616 6624//6618 5909//5901
f 5911//5903 6614//6606 6622//6616 5912//5904
f 6619//6613 6625//6619 6615//6609 6610//6604
f 6620//6614 6626//6620 6625//6619 6619//6613
f 6626//6620 6623//6617 6621//6615
f 6613//6605 6615//6609 6625//6619 6621//6615
f 6143//6132 6627//6621 6628//6622 6150//6139
f 6629//6623 6628//6622 6627//6621 6630//6624
f 6620//6614 6617//6611 6628//6622 6629//6623
f 6150//6139 6628//6622 6617//6611 6151//6140
f 6631//6625 6632//6626 6633//6627 6634//6628
f 5907//5899 6633//6627 6632//6626 5904//5897
f 5909//5901 6624//6618 6633//6627 5907//5899
f 6634//6628 6633//6627 6624//6618 6623//6617
f 6630//6624 6635//6629 6636//6630 6629//6623
f 6634//6628 6636//6630 6635//6629 6631//6625
f 6623//6617 6626//6620 6636//6630 6634//6628
f 6629//6623 6636//6630 6626//6620 6620//6614
f 6637//6631 6638//6632 6639//6633 6640//6634
f 6630//6624 6627//6621 6638//6632 6637//6631
f 6142//6131 6638//6632 6627//6621 6143//6132
f 6134//6123 6639//6633 6638//6632 6142//6131
f 6641//6635 6642//6636 6643//6637 6644//6638
f 5902//5895 6643//6637 6642//6636 5900//5892
f 5904//5897 6632//6626 6643//6637 5902//5895
f 6644//6638 6643//6637 6632//6626 6631//6625
f 6640//6634 6645//6639 6646//6640 6637//6631
f 6644//6638 6646//6640 6645//6639 6641//6635
f 6631//6625 6635//6629 6646//6640 6644//6638
f 6637//6631 6646//6640 6635//6629 6630//6624
f 6126//6115 6647//6641 6648//6642 6133//6122
f 6649//6643 6648//6642 6647//6641 6650//6644
f 6640//6634 6639//6633 6648//6642 6649//6643
f 6133//6122 6648//6642 6639//6633 6134//6123
f 6651//6645 6652//6646 6653//6647 6654//6648
f 5898//6649 6653//6647 6652//6646 5897//6650
f 5900//5892 6642//6636 6653//6647 5898//6649
f 6654//6648 6653//6647 6642//6636 6641//6635
f 6650//6644 6655//6651 6656//6652 6649//6643
f 6654//6648 6656//6652 6655//6651 6651//6645
f 6641//6635 6645//6639 6656//6652 6654//6648
f 6649//6643 6656//6652 6645//6639 6640//6634
f 6657//6653 6658//6654 6659//6655 6660//6656
f 6650//6644 6647//6641 6659//6655 6658//6654
f 6124//6113 6659//6655 6647//6641 6126//6115
f 6660//6656 6659//6655 6124//6113 6125//6114
f 6658//6654 6661//6657 6655//6651 6650//6644
f 6662//6658 6661//6657 6658//6654 6657//6653
f 6663//6659 6664//6660 6661//6657 6662//6658
f 6651//6645 6655//6651 6661//6657 6664//6660
f 6663//6659 6667//6661 6668//6662 6664//6660
f 6667//6661 6666//6663 6665//6664
f 5897//6650 6652//6646 6668//6662 6665//6664
f 6664//6660 6668//6662 6652//6646 6651//6645
f 6672//6665 6673//6666 6674//6667 6675//6668
f 6502//6492 6674//6667 6673//6666 6499//6489
f 6064//6053 6536//6527 6674//6667 6502//6492
f 6675//6668 6674//6667 6536//6527 6533//6524
f 6676//6669 6677//6670 6678//6671 6679//6672
f 6096//6085 6678//6671 6677//6670 6097//6086
f 6092//6081 6500//6490 6678//6671 6096//6085
f 6679//6672 6678//6671 6500//6490 6499//6489
f 6680//6673 6681//6674 6682//6675 6683//6676
f 6107//6096 6682//6675 6681//6674 6108//6097
f 6097//6086 6677//6670 6682//6675 6107//6096
f 6683//6676 6682//6675 6677//6670 6676//6669
f 6112//6101 6684//6677 6685//6678 6115//6104
f 6686//6679 6685//6678 6684//6677 6687//6680
f 6125//6114 6122//6111 6685//6678 6686//6679
f 6115//6104 6685//6678 6122//6111 6116//6105
f 6687//6680 6684//6677 6688//6681 6689//6682
f 6111//6100 6688//6681 6684//6677 6112//6101
f 6108//6097 6681//6674 6688//6681 6111//6100
f 6689//6682 6688//6681 6681//6674 6680//6673
f 6690//6683 6691//6684 6692//6685 6693//6686
f 6660//6656 6692//6685 6691//6684 6657//6653
f 6125//6114 6686//6679 6692//6685 6660//6656
f 6693//6686 6692//6685 6686//6679 6687//6680
f 6670//6687 6694//6688 6695//6689 6671//6690
f 6695//6689 6694//6688 6696//6691
f 6699//6692 6698//6693 6697//6694 6696//6691
f 6690//6683 6700//6695 6698//6693 6699//6692
f 6701//6696 6667//6661 6663//6659
f 6702//6697 6696//6691 6694//6688
f 6670//6687 6669//6698 6701//6696 6694//6688
f 6667//6661 6701//6696 6669//6698 6666//6663
f 6657//6653 6691//6684 6703//6699 6662//6658
f 6699//6692 6703//6699 6691//6684 6690//6683
f 6696//6691 6702//6697 6703//6699 6699//6692
f 6662//6658 6703//6699 6702//6697 6663//6659
f 6704//6700 6705//6701 6706//6702 6707//6703
f 6708//6704 6706//6702 6705//6701 6709//6705
f 6531//6522 6542//6534 6706//6702 6708//6704
f 6707//6703 6706//6702 6542//6534 5896//6533
f 6709//6705 6710//6706 6711//6707 6708//6704
f 6675//6668 6711//6707 6710//6706 6672//6665
f 6533//6524 6532//6523 6711//6707 6675//6668
f 6708//6704 6711//6707 6532//6523 6531//6522
f 6712//6708 6713//6709 6673//6666 6672//6665
f 6714//6710 6713//6709 6712//6708 6715//6711
f 6679//6672 6713//6709 6714//6710 6676//6669
f 6499//6489 6673//6666 6713//6709 6679//6672
f 6719//6712 6717//6713 6716//6714 6720//6715
f 6709//6705 6705//6701 6717//6713 6719//6712
f 6718//6716 6717//6713 6705//6701 6704//6700
f 6709//6705 6719//6712 6721//6717 6710//6706
f 6722//6718 6721//6717 6719//6712 6720//6715
f 6715//6711 6712//6708 6721//6717 6722//6718
f 6710//6706 6721//6717 6712//6708 6672//6665
f 6715//6711 6723//6719 6724//6720 6714//6710
f 6725//6721 6724//6720 6723//6719 6726//6722
f 6683//6676 6724//6720 6725//6721 6680//6673
f 6676//6669 6714//6710 6724//6720 6683//6676
f 6728//6723 6726//6722 6723//6719
f 6723//6719 6715//6711 6722//6718
f 6720//6715 6727//6724 6729//6725 6722//6718
f 2527//2526 2532//2531 6730//6726 6731//6727
f 6732//6728 6730//6726 2532//2531 2531//2530
f 6730//6726 6732//6728 6310//6299
f 6731//6727 6730//6726 6447//6436 6446//6435
f 2531//2530 5417//5416 6733//6729 6732//6728
f 6734//6730 6733//6729 5417//5416 5415//5414
f 6312//6301 6311//6300 6733//6729 6734//6730
f 6732//6728 6733//6729 6311//6300 6310//6299
f 5415//5414 5413//5412 6735//6731 6734//6730
f 6736//6732 6735//6731 5413//5412 5312//5311
f 6433//6422 6439//6428 6735//6731 6736//6732
f 6734//6730 6735//6731 6439//6428 6312//6301
f 5312//5311 5309//5308 6737//6733 6736//6732
f 6738//6734 6737//6733 5309//5308 5220//5219
f 6425//6414 6434//6423 6737//6733 6738//6734
f 6736//6732 6737//6733 6434//6423 6433//6422
f 5220//5219 5219//5218 6739//6735 6738//6734
f 6740//6736 6739//6735 5219//5218 5224//5223
f 6417//6406 6426//6415 6739//6735 6740//6736
f 6738//6734 6739//6735 6426//6415 6425//6414
f 5224//5223 5425//5424 6741//6737 6740//6736
f 6742//6738 6741//6737 5425//5424 5424//5423
f 6409//6398 6418//6407 6741//6737 6742//6738
f 6740//6736 6741//6737 6418//6407 6417//6406
f 5424//5423 5441//5440 6743//6739 6742//6738
f 6744//6740 6743//6739 5441//5440 5440//5439
f 6401//6390 6410//6399 6743//6739 6744//6740
f 6742//6738 6743//6739 6410//6399 6409//6398
f 5440//5439 5447//5446 6745//6741 6744//6740
f 6746//6742 6745//6741 5447//5446 5446//5445
f 6393//6382 6402//6391 6745//6741 6746//6742
f 6744//6740 6745//6741 6402//6391 6401//6390
f 6747//6743 6746//6742 5446//5445
f 6748//6744 6747//6743 5453//5452 5452//5451
f 6385//6374 6394//6383 6747//6743 6748//6744
f 6746//6742 6747//6743 6394//6383 6393//6382
f 5452//5451 5459//5458 6749//6745 6748//6744
f 6750//6746 6749//6745 5459//5458 5458//5457
f 6377//6366 6386//6375 6749//6745 6750//6746
f 6748//6744 6749//6745 6386//6375 6385//6374
f 5458//5457 5462//5461 6751//6747 6750//6746
f 6752//6748 6751//6747 5462//5461 5435//5434
f 6369//6358 6378//6367 6751//6747 6752//6748
f 6750//6746 6751//6747 6378//6367 6377//6366
f 5435//5434 5434//5433 6753//6749 6752//6748
f 6754//6750 6753//6749 5434//5433 2553//2552
f 6362//6351 6370//6359 6753//6749 6754//6750
f 6752//6748 6753//6749 6370//6359 6369//6358
f 6755//6751 6754//6750 2553//2552 2551//2550
f 2552//2551 6756//6752 6755//6751 2551//2550
f 6361//6350 6755//6751 6756//6752 6354//6343
f 6362//6351 6754//6750 6755//6751 6361//6350
f 2582//2581 6757//6753 6756//6752 2552//2551
f 2577//2576 6758//6754 6757//6753 2582//2581
f 6350//6339 6757//6753 6758//6754 6346//6335
f 6354//6343 6756//6752 6757//6753 6350//6339
f 2576//2575 6759//6755 6758//6754 2577//2576
f 2568//2567 6760//6756 6759//6755 2576//2575
f 6342//6331 6759//6755 6760//6756 6338//6327
f 6346//6335 6758//6754 6759//6755 6342//6331
f 2571//2570 6761//6757 6760//6756 2568//2567
f 2562//2561 6762//6758 6761//6757 2571//2570
f 6334//6323 6761//6757 6762//6758 6326//6315
f 6338//6327 6760//6756 6761//6757 6334//6323
f 2565//2564 6763//6759 6762//6758 2562//2561
f 2561//2560 6764//6760 6763//6759 2565//2564
f 6322//6311 6763//6759 6764//6760 6319//6308
f 6326//6315 6762//6758 6763//6759 6322//6311
f 2560//2559 6765//6761 6764//6760 2561//2560
f 2540//2539 6766//6762 6765//6761 2560//2559
f 6330//6319 6765//6761 6766//6762 6327//6316
f 6319//6308 6764//6760 6765//6761 6330//6319
f 2539//2538 6767//6763 6766//6762 2540//2539
f 2312//2311 6768//6764 6767//6763 2539//2538
f 6475//6464 6767//6763 6768//6764 6467//6456
f 6327//6316 6766//6762 6767//6763 6475//6464
f 2308//2307 6769//6765 6768//6764 2312//2311
f 6770//6766 6769//6765 2308//2307 2307//2306
f 6463//6452 6769//6765 6770//6766 6460//6449
f 6467//6456 6768//6764 6769//6765 6463//6452
f 2307//2306 2400//2399 6771//6767 6770//6766
f 6772//6768 6771//6767 2400//2399 2402//2401
f 6470//6459 6469//6458 6771//6767 6772//6768
f 6770//6766 6771//6767 6469//6458 6460//6449
f 2402//2401 2528//2527 6773//6769 6772//6768
f 6774//6770 6773//6769 2528//2527 2527//2526
f 6457//6446 6479//6468 6773//6769 6774//6770
f 6772//6768 6773//6769 6479//6468 6470//6459
f 2527//2526 6731//6727 6775//6771 6774//6770
f 6446//6435 6453//6442 6775//6771 6731//6727
f 6774//6770 6775//6771 6453//6442 6457//6446
f 6707//6703 6780//6772 6781//6773 6704//6700
f 5896//6533 5895//6774 6780//6772 6707//6703
f 6700//6695 6690//6683 6693//6686
f 6783//6775 6784//6776 6693//6686 6687//6680
f 6783//6775 6785//6777 6782//6778
f 6786//6779 6787//6780 6785//6777
f 6689//6682 6786//6779 6783//6775 6687//6680
f 6680//6673 6725//6721 6786//6779 6689//6682
f 6725//6721 6726//6722 6787//6780
f 6789//6781 6788//6782 6787//6780 6726//6722
f 6728//6723 6790//6783 6789//6781 6726//6722
f 7//7 39//39 42//42
f 29//29 28//28 47//47
f 45//45 47//47 28//28
f 55//55 54//54 56//56
f 57//57 56//56 58//58
f 48//48 60//60 58//58
f 62//62 60//60 48//48
f 63//63 61//61 60//60
f 66//66 64//64 62//62
f 41//41 40//40 94//94
f 135//135 133//133 132//132
f 57//57 154//154 153//153
f 181//181 180//180 190//190
f 191//191 190//190 192//192
f 193//193 192//192 194//194
f 34//34 30//30 382//382
f 2//2 382//382 30//30
f 387//387 386//386 21//21
f 389//389 391//391 395//395
f 394//394 399//399 398//398
f 397//397 398//398 399//399
f 395//395 398//398 397//397
f 431//431 437//437 436//436
f 462//462 461//461 463//463
f 467//467 468//468 465//465
f 472//472 471//471 468//468
f 474//474 473//473 462//462
f 484//484 481//481 485//485
f 472//472 485//485 481//481
f 467//467 487//487 485//485
f 486//486 485//485 487//487
f 488//488 487//487 489//489
f 492//492 491//491 493//493
f 494//494 493//493 495//495
f 500//500 499//499 501//501
f 552//552 553//553 550//550
f 537//537 550//550 553//553
f 538//538 553//553 558//558
f 559//559 558//558 553//553
f 570//570 571//571 568//568
f 551//551 568//568 571//571
f 584//584 585//585 582//582
f 381//381 399//399 582//582
f 574//574 588//588 586//586
f 598//598 599//599 596//596
f 55//55 153//153 596//596
f 615//615 614//614 480//480
f 620//620 624//624 622//622
f 622//622 624//624 623//623
f 629//629 627//627 626//626
f 625//625 623//623 627//627
f 660//660 661//661 658//658
f 659//659 664//664 662//662
f 663//663 662//662 664//664
f 668//668 669//669 666//666
f 458//458 669//669 670//670
f 671//671 670//670 669//669
f 460//460 670//670 673//673
f 680//680 681//681 678//678
f 686//686 688//688 684//684
f 705//705 704//704 706//706
f 703//703 709//709 706//706
f 701//701 716//716 265//265
f 705//705 717//717 716//716
f 685//685 684//684 736//736
f 737//737 736//736 684//684
f 747//747 748//748 737//737
f 698//698 753//753 762//762
f 801//801 805//805 800//800
f 803//803 805//805 801//801
f 833//833 836//836 840//840
f 865//865 864//864 855//855
f 904//904 903//903 892//892
f 925//925 930//930 929//929
f 933//933 934//934 931//931
f 925//925 934//934 935//935
f 936//936 935//935 934//934
f 930//930 935//935 938//938
f 952//952 950//950 947//947
f 953//953 954//954 950//950
f 961//961 968//968 967//967
f 969//969 968//968 951//951
f 914//914 970//970 962//962
f 918//918 957//957 970//970
f 1050//1050 1051//1051 1048//1048
f 1192//1192 1194//1194 1190//1190
f 583//583 1207//1207 1206//1206
f 1212//1212 1213//1213 1210//1210
f 1205//1205 1213//1213 1212//1212
f 1210//1210 1213//1213 599//599
f 1208//1208 1216//1216 1215//1215
f 1221//1221 1220//1220 1206//1206
f 1239//1239 1248//1248 579//579
f 595//595 594//594 1254//1254
f 1261//1261 1262//1262 1263//1263
f 1281//1281 1280//1280 1290//1290
f 1291//1291 1296//1296 1295//1295
f 1299//1299 1302//1302 1194//1194
f 1281//1281 1295//1295 1306//1306
f 1327//1327 1336//1336 1334//1334
f 1309//1309 1313//1313 1342//1342
f 1343//1343 1342//1342 1313//1313
f 1345//1345 1344//1344 1341//1341
f 1363//1363 1362//1362 1361//1361
f 1372//1372 1373//1373 1370//1370
f 1377//1377 1379//1379 839//839
f 1417//1417 1416//1416 1418//1418
f 767//767 1439//1439 1438//1438
f 1441//1441 1438//1438 1439//1439
f 1451//1451 1450//1450 1432//1432
f 1456//1456 1454//1454 825//825
f 1457//1457 1458//1458 1454//1454
f 1457//1457 1456//1456 1460//1460
f 861//861 1460//1460 1456//1456
f 1461//1461 1460//1460 1462//1462
f 1463//1463 1462//1462 1464//1464
f 1472//1472 1470//1470 1393//1393
f 1481//1481 1477//1477 1476//1476
f 1481//1481 1484//1484 1482//1482
f 1522//1522 1521//1521 1529//1529
f 1533//1533 1544//1544 1528//1528
f 1554//1554 1552//1552 1564//1564
f 1543//1543 1555//1555 1568//1568
f 1570//1570 1574//1574 1572//1572
f 1573//1573 1572//1572 1574//1574
f 1575//1575 1574//1574 1580//1580
f 502//502 501//501 1584//1584
f 1586//1586 1584//1584 501//501
f 1587//1587 1588//1588 1584//1584
f 1586//1586 1591//1591 1590//1590
f 1593//1593 1590//1590 1591//1591
f 1615//1615 1614//1614 1611//1611
f 1665//1665 1664//1664 1666//1666
f 1668//1668 1666//1666 1664//1664
f 1669//1669 1670//1670 1666//1666
f 1686//1686 1687//1687 1684//1684
f 1689//1689 1692//1692 1690//1690
f 1685//1685 1690//1690 1695//1695
f 1713//1713 1714//1714 1711//1711
f 1667//1667 1711//1711 1714//1714
f 1750//1750 1746//1746 1745//1745
f 1752//1752 1751//1751 1753//1753
f 1790//1790 1791//1791 1781//1781
f 1803//1803 1802//1802 1788//1788
f 1815//1815 1818//1818 1817//1817
f 1665//1665 1714//1714 1818//1818
f 1817//1817 1818//1818 1714//1714
f 1823//1823 1824//1824 1801//1801
f 1712//1712 1824//1824 1823//1823
f 1689//1689 1842//1842 1840//1840
f 1681//1681 1852//1852 1850//1850
f 1890//1890 1891//1891 1888//1888
f 1894//1894 1895//1895 1892//1892
f 1855//1855 1892//1892 1895//1895
f 1893//1893 1892//1892 1891//1891
f 1853//1853 1895//1895 1896//1896
f 1889//1889 1919//1919 1910//1910
f 1916//1916 1919//1919 1889//1889
f 1918//1918 1919//1919 1916//1916
f 1928//1928 1931//1931 1927//1927
f 1917//1917 1939//1939 1938//1938
f 1932//1932 1938//1938 1939//1939
f 1944//1942 1936//1936 1934//1934
f 1959//1958 1960//1959 1957//1956
f 1956//1955 1963//1962 1957//1956
f 1952//1951 1969//1968 1333//1333
f 1316//1316 1999//1998 1998//1997
f 1917//1917 1916//1916 2004//2003
f 1998//1997 2013//2012 1880//1880
f 2012//2011 2013//2012 1998//1997
f 2007//2006 2006//2005 2013//2012
f 1935//1935 1939//1939 2016//2015
f 1589//1589 2023//2022 2021//2020
f 1827//1827 2030//2029 2029//2028
f 2032//2031 2045//2044 2043//2042
f 2044//2043 2043//2042 2045//2044
f 2046//2045 2049//2048 2047//2046
f 2046//2045 2045//2044 2051//2050
f 2036//2035 2038//2037 2057//2056
f 646//646 2066//2065 2067//2066
f 2079//2078 2081//2080 2084//2083
f 2088//2087 2087//2086 2078//2077
f 676//676 2098//2097 2103//2102
f 679//679 2103//2102 2106//2105
f 2166//2165 2168//2167 2167//2166
f 2145//2144 2170//2169 2168//2167
f 2266//2265 2265//2264 1438//1438
f 708//708 2267//2266 732//732
f 710//710 2269//2268 2267//2266
f 2285//2284 2286//2285 2283//2282
f 1440//1440 2283//2282 2286//2285
f 1426//1426 1443//1443 2283//2282
f 2284//2283 2283//2282 1443//1443
f 2270//2269 2269//2268 2291//2290
f 2266//2265 2291//2290 2269//2268
f 1441//1441 2293//2292 2291//2290
f 2292//2291 2291//2290 2293//2292
f 2326//2325 2325//2324 2329//2328
f 1459//1459 2330//2329 2329//2328
f 2285//2284 2290//2289 2331//2330
f 2326//2325 2333//2332 2331//2330
f 2332//2331 2331//2330 2333//2332
f 2294//2293 2293//2292 2335//2334
f 2286//2285 2335//2334 2293//2292
f 2285//2284 2332//2331 2335//2334
f 2336//2335 2335//2334 2332//2331
f 2338//2337 2337//2336 2336//2335
f 2330//2329 2339//2338 2333//2332
f 1459//1459 2341//2340 2339//2338
f 1461//1461 2344//2343 2343//2342
f 1463//1463 1493//1493 2344//2343
f 1459//1459 1458//1458 2347//2346
f 2343//2342 2347//2346 1458//1458
f 2346//2345 2345//2344 2349//2348
f 2368//2367 2367//2366 1414//1414
f 1398//1398 2381//2380 2379//2378
f 2380//2379 2379//2378 2381//2380
f 2340//2339 2385//2384 2384//2383
f 2404//2403 2403//2402 2348//2347
f 2406//2405 2403//2402 2404//2403
f 2386//2385 2403//2402 2406//2405
f 2405//2404 2404//2403 2407//2406
f 2350//2349 2407//2406 2404//2403
f 2487//2486 2488//2487 2485//2484
f 2486//2485 2485//2484 2480//2479
f 2489//2488 2491//2490 2487//2486
f 2482//2481 2489//2488 2486//2485
f 2493//2492 2500//2499 2505//2504
f 2552//2551 2548//2547 2580//2579
f 2550//2549 2585//2584 2583//2582
f 1537//1537 2627//2626 2626//2625
f 2628//2627 2627//2626 2630//2629
f 2645//2644 2644//2643 2634//2633
f 2671//2670 2670//2669 2667//2666
f 2631//2630 2630//2629 2694//2693
f 2701//2700 2700//2699 2702//2701
f 1575//1575 2673//2672 2702//2701
f 2731//2730 2732//2731 2729//2728
f 2657//2656 2731//2730 2730//2729
f 2658//2657 2669//2668 2731//2730
f 2653//2652 2730//2729 2735//2734
f 2736//2735 2735//2734 2730//2729
f 2733//2732 2736//2735 2751//2750
f 2742//2741 2751//2750 2736//2735
f 2849//2848 2850//2849 2847//2846
f 2887//2886 2888//2887 2885//2884
f 2885//2884 2872//2871 2876//2875
f 2895//2894 2896//2895 2893//2892
f 2894//2893 2893//2892 2892//2891
f 2902//2901 2903//2902 2900//2899
f 2908//2907 2906//2905 2905//2904
f 2902//2901 2917//2916 2918//2917
f 2929//2928 2928//2927 2923//2922
f 2935//2934 2934//2933 2936//2935
f 2922//2921 2935//2934 2942//2941
f 2937//2936 2944//2943 2942//2941
f 2937//2936 2936//2935 2948//2947
f 2961//2960 2960//2959 2957//2956
f 2956//2955 2964//2963 2962//2961
f 2965//2964 2964//2963 2980//2979
f 2975//2974 2980//2979 2964//2963
f 2980//2979 2975//2974 2974//2973
f 2981//2980 2980//2979 2982//2981
f 1348//1348 2994//2993 2999//2998
f 1357//1357 2999//2998 3002//3001
f 1354//1354 3002//3001 3007//3006
f 3008//3007 3011//3010 1363//1363
f 3014//3013 3013//3012 3017//3016
f 2382//2381 2381//2380 3019//3018
f 3039//3038 3036//3035 3035//3034
f 3031//3030 3039//3038 3066//3065
f 3053//3052 3071//3070 3070//3069
f 3073//3072 3070//3069 3071//3070
f 3052//3051 3070//3069 3067//3066
f 3079//3078 3082//3081 3080//3079
f 3081//3080 3080//3079 3082//3081
f 3071//3070 3086//3085 3084//3083
f 3081//3080 3086//3085 3071//3070
f 3091//3090 3089//3088 3088//3087
f 3065//3064 3120//3119 3118//3117
f 3158//3157 3159//3158 3157//3156
f 3179//3178 3178//3177 3082//3081
f 3217//3216 3215//3214 3214//3213
f 3216//3215 3220//3219 3218//3217
f 3061//3060 3408//3407 3406//3405
f 3056//3055 3406//3405 3028//3027
f 3416//3415 3414//3413 3411//3410
f 3417//3416 3416//3415 3422//3421
f 3420//3419 3422//3421 3416//3415
f 3423//3422 3422//3421 3420//3419
f 3462//3461 3461//3460 3458//3457
f 3488//3487 3486//3485 3485//3484
f 3491//3490 3493//3492 3489//3488
f 3490//3489 3496//3495 3495//3494
f 3485//3484 3498//3497 3497//3496
f 3508//3507 3510//3509 3509//3508
f 3512//3511 3509//3508 3510//3509
f 3491//3490 3495//3494 3509//3508
f 3507//3506 3509//3508 3495//3494
f 3511//3510 3515//3514 3513//3512
f 3516//3515 3518//3517 3517//3516
f 3520//3519 3517//3516 3518//3517
f 3526//3525 3523//3522 3522//3521
f 3516//3515 3515//3514 3523//3522
f 3575//3574 3574//3573 3563//3562
f 3576//3575 3577//3576 3574//3573
f 3562//3561 3571//3570 3582//3581
f 3575//3574 3582//3581 3585//3584
f 3593//3592 3592//3591 3577//3576
f 3594//3593 3595//3594 3592//3591
f 3608//3607 3609//3608 3606//3605
f 3405//3404 3595//3594 3606//3605
f 3598//3597 3600//3599 3611//3610
f 3622//3621 3623//3622 3620//3619
f 3079//3078 3077//3076 3620//3619
f 3502//3501 3638//3637 3641//3640
f 3646//3645 3647//3646 3645//3644
f 3648//3647 3649//3648 3647//3646
f 3648//3647 3651//3650 3650//3649
f 3653//3652 3650//3649 3651//3650
f 3684//3683 3685//3684 3682//3681
f 3689//3688 3687//3686 3686//3685
f 3683//3682 3682//3681 3687//3686
f 3692//3691 3693//3692 3690//3689
f 3482//3481 3483//3482 3694//3693
f 3695//3694 3694//3693 3483//3482
f 3691//3690 3694//3693 3697//3696
f 3704//3703 3705//3704 3702//3701
f 3710//3709 3713//3712 3708//3707
f 3727//3726 3731//3730 3730//3729
f 3728//3727 3726//3725 3730//3729
f 3727//3726 3724//3723 3740//3739
f 3286//3285 3740//3739 3724//3723
f 3709//3708 3719//3718 3760//3759
f 3710//3709 3760//3759 3763//3762
f 3763//3762 3773//3772 3768//3767
f 3722//3721 3729//3728 3786//3785
f 3825//3824 3828//3827 3824//3823
f 3824//3823 3828//3827 3827//3826
f 3864//3863 3860//3859 3859//3858
f 3881//3880 3888//3887 3887//3886
f 3907//3906 3918//3917 3921//3920
f 3940//3939 3943//3942 3945//3944
f 3948//3947 3949//3948 3946//3945
f 3940//3939 3944//3943 3950//3949
f 3951//3950 3950//3949 3944//3943
f 3947//3946 3950//3949 3953//3952
f 3958//3957 3961//3960 3964//3963
f 3964//3963 3966//3965 3970//3969
f 3965//3964 3983//3982 3982//3981
f 3984//3983 3983//3982 3976//3975
f 3979//3978 3986//3985 3928//3927
f 4065//4064 4066//4065 4063//4062
f 4186//4185 4188//4187 4184//4183
f 4200//4199 4203//4202 3609//3608
f 4206//4205 4207//4206 4204//4203
f 3621//3620 4207//4206 4206//4205
f 4204//4203 4207//4206 4198//4197
f 4211//4210 4210//4209 4202//4201
f 4200//4199 4214//4213 4217//4216
f 3602//3601 4243//4242 4235//4234
f 3619//3618 4230//4229 4249//4248
f 4257//4256 4256//4255 4253//4252
f 4275//4274 4286//4285 4284//4283
f 4290//4289 4289//4288 4286//4285
f 4185//4184 4296//4295 4293//4292
f 4275//4274 4302//4301 4300//4299
f 4319//4318 4316//4315 4326//4325
f 4303//4302 4331//4330 4332//4331
f 4305//4304 4332//4331 1343//1343
f 4333//4332 4334//4333 1345//1345
f 4345//4344 4348//4347 4351//4350
f 4358//4357 4359//4358 4356//4355
f 4405//4404 4403//4402 4402//4401
f 4424//4423 4427//4426 3790//3789
f 4427//4426 4424//4423 4425//4424
f 4416//4415 4437//4436 4436//4435
f 4444//4443 4445//4444 4441//4440
f 3848//3847 4441//4440 4445//4444
f 4444//4443 4447//4446 4446//4445
f 4449//4448 4446//4445 4447//4446
f 4445//4444 4446//4445 3883//3882
f 4448//4447 4452//4451 4450//4449
f 4456//4455 4459//4458 4406//4405
f 4467//4466 4465//4464 4464//4463
f 4508//4507 4516//4515 4514//4513
f 4515//4514 4531//4530 4518//4517
f 4540//4539 4552//4551 4550//4549
f 4529//4528 4544//4543 4554//4553
f 4561//4560 4559//4558 4558//4557
f 4560//4559 4568//4567 4566//4565
f 3525//3524 4572//4571 4570//4569
f 3526//3525 4570//4569 4575//4574
f 4576//4575 4577//4576 4575//4574
f 4578//4577 4579//4578 4577//4576
f 4599//4598 4600//4599 4603//4602
f 4649//4648 4647//4646 4646//4645
f 4648//4647 4654//4653 4652//4651
f 4656//4655 4657//4656 4652//4651
f 4649//4648 4652//4651 4657//4656
f 4672//4671 4673//4672 4670//4669
f 4674//4673 4675//4674 4670//4669
f 4674//4673 4673//4672 4676//4675
f 4678//4677 4676//4675 4673//4672
f 4699//4698 4700//4699 4697//4696
f 4698//4697 4697//4696 4654//4653
f 4732//4731 4731//4730 4733//4732
f 4740//4739 4738//4737 4737//4736
f 4776//4775 4788//4787 4787//4786
f 4698//4697 4804//4803 4803//4802
f 4648//4647 4646//4645 4804//4803
f 4807//4806 4809//4808 4803//4802
f 4789//4788 4810//4809 4808//4807
f 4731//4730 4810//4809 4789//4788
f 4808//4807 4810//4809 4700//4699
f 4674//4673 4677//4676 4827//4826
f 4877//4876 4878//4877 4875//4874
f 4874//4873 4875//4874 4878//4877
f 4876//4875 4875//4874 4837//4836
f 4836//4835 4835//4834 4880//4879
f 4889//4888 4894//4893 4872//4871
f 4896//4895 4894//4893 4893//4892
f 4872//4871 4894//4893 4896//4895
f 1925//1925 1930//1930 4904//4903
f 4903//4902 4904//4903 1931//1931
f 4910//4909 4909//4908 4906//4905
f 4895//4894 4893//4892 4909//4908
f 1346//1346 4335//4334 4921//4920
f 1956//1955 4926//4925 4925//4924
f 4327//4326 4934//4933 4922//4921
f 4960//4959 4959//4958 4306//4305
f 4895//4894 4965//4964 4963//4962
f 4863//4862 4971//4970 4960//4959
f 4966//4965 4972//4971 4971//4970
f 4960//4959 4971//4970 4972//4971
f 4908//4907 4918//4917 4975//4974
f 4910//4909 4975//4974 4965//4964
f 4573//4572 4572//4571 4981//4980
f 4988//4987 4990//4989 4812//4811
f 5003//5002 5001//5000 5000//4999
f 4991//4990 4988//4987 5001//5000
f 5002//5001 5000//4999 5005//5004
f 5002//5001 5011//5010 5008//5007
f 4995//4994 5010//5009 5012//5011
f 5037//5036 5036//5035 5035//5034
f 5032//5031 5041//5040 5040//5039
f 3700//3699 3705//3704 5051//5050
f 5052//5051 5051//5050 3705//3704
f 5080//5079 5098//5097 5101//5100
f 2167//2166 5101//5100 5098//5097
f 4424//4423 5176//5175 5175//5174
f 3735//3734 3733//3732 5178//5177
f 3757//3756 5178//5177 3733//3732
f 5195//5194 5196//5195 5193//5192
f 4431//4430 5193//5192 5196//5195
f 4412//4411 4426//4425 5193//5192
f 5194//5193 5193//5192 4426//4425
f 5180//5179 5202//5201 5201//5200
f 5204//5203 5201//5200 5202//5201
f 4425//4424 5175//5174 5201//5200
f 5179//5178 5201//5200 5175//5174
f 5240//5239 5235//5234 5236//5235
f 4443//4442 4440//4439 5240//5239
f 5195//5194 5242//5241 5241//5240
f 5244//5243 5241//5240 5242//5241
f 5198//5197 5241//5240 5237//5236
f 5203//5202 5246//5245 5245//5244
f 5242//5241 5245//5244 5246//5245
f 5195//5194 5194//5193 5245//5244
f 5204//5203 5245//5244 5194//5193
f 4443//4442 5239//5238 5250//5249
f 5244//5243 5250//5249 5239//5238
f 4448//4447 4447//4446 5254//5253
f 5255//5254 5254//5253 4447//4446
f 4443//4442 5251//5250 5257//5256
f 4442//4441 5257//5256 5255//5254
f 5256//5255 5261//5260 5259//5258
f 4400//4399 5277//5276 5280//5279
f 5292//5291 5290//5289 5289//5288
f 4383//4382 4389//4388 5290//5289
f 5296//5295 5295//5294 5249//5248
f 5315//5314 5316//5315 5313//5312
f 5258//5257 5316//5315 5315//5314
f 5252//5251 5294//5293 5316//5315
f 5313//5312 5316//5315 5294//5293
f 5314//5313 5319//5318 5317//5316
f 5315//5314 5317//5316 5261//5260
f 5378//5377 5379//5378 5376//5375
f 5377//5376 5384//5383 5383//5382
f 5385//5384 5384//5383 5319//5318
f 5383//5382 5386//5385 5380//5379
f 5388//5387 5397//5396 5398//5397
f 5393//5392 5398//5397 2506//2505
f 5508//5507 5504//5503 5503//5502
f 5505//5504 5504//5503 4522//4521
f 5511//5510 5521//5520 5524//5523
f 5547//5546 5548//5547 5545//5544
f 5542//5541 5545//5544 5548//5547
f 5507//5506 5573//5572 5571//5570
f 5578//5577 5580//5579 5579//5578
f 4560//4559 4558//4557 5579//5578
f 5608//5607 5609//5608 5606//5605
f 5547//5546 5546//5545 5609//5608
f 5534//5533 5533//5532 5609//5608
f 5606//5605 5609//5608 5533//5532
f 5606//5605 5612//5611 5611//5610
f 5528//5527 5525//5524 5612//5611
f 5610//5609 5630//5629 5628//5627
f 5611//5610 5628//5627 5618//5617
f 5726//5725 5727//5726 5724//5723
f 5764//5763 5765//5764 5762//5761
f 5750//5749 5748//5747 5762//5761
f 5772//5771 5773//5772 5770//5769
f 5768//5767 5770//5769 5773//5772
f 5772//5771 5775//5774 5774//5773
f 5779//5778 5780//5779 5777//5776
f 5783//5782 5785//5784 5779//5778
f 5779//5778 5785//5784 5796//5795
f 5798//5797 5805//5804 5808//5807
f 5814//5813 5812//5811 5811//5810
f 5813//5812 5811//5810 5820//5819
f 5799//5798 5808//5807 5820//5819
f 5813//5812 5827//5826 5825//5824
f 5836//5835 5838//5837 5837//5836
f 5833//5832 5837//5836 5840//5839
f 5842//5841 5858//5857 5857//5856
f 5860//5859 5857//5856 5858//5857
f 5850//5849 5857//5856 5860//5859
f 5841//5840 5857//5856 5850//5849
f 4336//4335 4341//4340 5874//5873
f 5875//5874 5874//5873 4341//4340
f 4351//4350 5884//5883 5880//5879
f 3017//3016 5887//5886 5886//5885
f 5291//5290 5890//5889 5889//5888
f 5912//5904 5913//5905 5910//5902
f 5917//5908 5914//6784 5915//5906
f 6013//6002 6014//6003 6009//5998
f 6010//5999 6009//5998 6014//6003
f 6017//6006 6014//6003 6013//6002
f 6018//6007 6019//6008 6017//6006
f 6021//6010 6017//6006 6019//6008
f 6024//6013 6022//6011 6019//6008
f 6023//6012 6022//6011 6026//6015
f 6039//6028 6041//6030 6037//6026
f 6039//6028 6038//6027 6046//6035
f 6048//6037 6046//6035 6038//6027
f 6051//6040 6056//6045 6055//6044
f 6043//6032 6040//6029 6056//6045
f 6020//6009 6060//6049 6058//6047
f 6101//6090 6104//6093 6103//6092
f 6043//6032 6057//6046 6104//6093
f 6261//6250 6266//6255 6265//6254
f 6053//6042 6055//6044 6266//6255
f 6266//6255 6055//6044 6042//6031
f 6269//6258 6268//6257 6041//6030
f 6267//6256 6268//6257 6270//6259
f 6016//6005 6296//6285 6278//6267
f 6061//6050 6484//6473 6482//6471
f 5916//5907 6487//6476 6486//6475
f 6489//6478 6486//6475 6487//6476
f 6490//6479 6491//6480 6486//6475
f 5917//5908 6486//6475 6491//6480
f 6489//6478 6497//6487 6496//6486
f 6506//6496 6509//6499 6507//6497
f 6505//6495 6507//6497 6496//6486
f 6520//6511 6522//6513 6521//6512
f 6485//6474 6498//6488 6544//6538
f 6541//6532 6544//6538 6498//6488
f 6514//6504 6547//6541 6545//6539
f 6520//6511 6523//6514 6549//6543
f 6546//6540 6554//6546 6551//6550
f 6560//6554 6567//6559 6566//6557
f 6555//6547 6566//6557 6563//6558
f 6595//6589 6594//6588 6583//6577
f 6595//6589 6597//6591 6596//6590
f 6601//6595 6599//6593 6598//6592
f 6592//6586 6596//6590 6606//6600
f 6601//6595 6606//6600 6596//6590
f 6165//6154 6608//6602 6598//6592
f 6621//6615 6625//6619 6626//6620
f 6665//6664 6668//6662 6667//6661
f 6696//6691 6697//6694 6695//6689
f 6663//6659 6702//6697 6701//6696
f 6694//6688 6701//6696 6702//6697
f 6723//6719 6729//6725 6728//6723
f 6722//6718 6729//6725 6723//6719
f 6310//6299 6447//6436 6730//6726
f 5446//5445 5453//5452 6747//6743
f 6778//6785 6777//6786 6779//6787
f 6778//6788 6781//6773 6780//6772
f 6700//6695 6784//6776 6782//6778
f 6693//6686 6784//6776 6700//6695
f 6782//6778 6784//6776 6783//6775
f 6785//6777 6783//6775 6786//6779
f 6787//6780 6786//6779 6725//6721
l 5905 6593
l 1943 1944
l 6776 6779
