# 3ds Max Wavefront OBJ Exporter v0.99 - (c)2007 guruware
# File Created: 15.10.2024 17:52:04

mtllib columnas_metas.mtl

#
# object pole_001
#

v  -1.3692 0.5408 0.0899
v  -1.3647 0.5408 0.1184
v  -1.3706 0.5408 0.1197
v  -1.3717 0.5408 0.0905
v  -1.3679 0.5408 0.0890
v  -1.3592 0.5408 0.1145
v  -1.3669 0.5408 0.0876
v  -1.3545 0.5408 0.1085
v  -1.3660 0.5408 0.0858
v  -1.3508 0.5408 0.1005
v  -1.3655 0.5408 0.0837
v  -1.3486 0.5408 0.0913
v  -1.3652 0.5408 0.0795
v  -1.3478 0.5408 0.0814
v  -1.3717 0.5408 -0.0905
v  -1.3706 0.5408 -0.1197
v  -1.3647 0.5408 -0.1184
v  -1.3692 0.5408 -0.0899
v  -1.3592 0.5408 -0.1145
v  -1.3679 0.5408 -0.0890
v  -1.3545 0.5408 -0.1085
v  -1.3669 0.5408 -0.0876
v  -1.3508 0.5408 -0.1005
v  -1.3660 0.5408 -0.0858
v  -1.3486 0.5408 -0.0913
v  -1.3655 0.5408 -0.0837
v  -1.3478 0.5408 -0.0814
v  -1.3652 0.5408 -0.0795
v  -1.4728 0.5408 -0.0795
v  -1.4902 0.5408 -0.0814
v  -1.4894 0.5408 -0.0913
v  -1.4725 0.5408 -0.0837
v  -1.4871 0.5408 -0.1005
v  -1.4719 0.5408 -0.0858
v  -1.4835 0.5408 -0.1085
v  -1.4711 0.5408 -0.0876
v  -1.4788 0.5408 -0.1145
v  -1.4700 0.5408 -0.0890
v  -1.4733 0.5408 -0.1184
v  -1.4688 0.5408 -0.0899
v  -1.4674 0.5408 -0.1197
v  -1.4663 0.5408 -0.0905
v  -1.4663 0.5408 0.0905
v  -1.4674 0.5408 0.1197
v  -1.4733 0.5408 0.1184
v  -1.4688 0.5408 0.0899
v  -1.4788 0.5408 0.1145
v  -1.4700 0.5408 0.0890
v  -1.4835 0.5408 0.1085
v  -1.4711 0.5408 0.0876
v  -1.4871 0.5408 0.1005
v  -1.4719 0.5408 0.0858
v  -1.4894 0.5408 0.0913
v  -1.4725 0.5408 0.0837
v  -1.4902 0.5408 0.0814
v  -1.4728 0.5408 0.0795
v  -1.4674 0.5603 0.1197
v  -1.3706 0.5603 0.1197
v  -1.3706 0.5631 0.1197
v  -1.4674 0.5631 0.1197
v  -1.3647 0.5603 0.1184
v  -1.3592 0.5603 0.1145
v  -1.3592 0.5631 0.1145
v  -1.3647 0.5631 0.1184
v  -1.3669 0.5631 0.0876
v  -1.3660 0.5631 0.0858
v  -1.3545 0.5603 0.1085
v  -1.3545 0.5631 0.1085
v  -1.3655 0.5631 0.0837
v  -1.3508 0.5603 0.1005
v  -1.3508 0.5631 0.1005
v  -1.3652 0.5631 0.0795
v  -1.3486 0.5603 0.0913
v  -1.3486 0.5631 0.0913
v  -1.3692 0.5631 -0.0899
v  -1.3717 0.5631 -0.0905
v  -1.3478 0.5603 0.0814
v  -1.3478 0.5631 0.0814
v  -1.3679 0.5631 -0.0890
v  -1.3647 0.5603 -0.1184
v  -1.3706 0.5603 -0.1197
v  -1.3706 0.5631 -0.1197
v  -1.3647 0.5631 -0.1184
v  -1.3669 0.5631 -0.0876
v  -1.3592 0.5603 -0.1145
v  -1.3592 0.5631 -0.1145
v  -1.3660 0.5631 -0.0858
v  -1.3545 0.5603 -0.1085
v  -1.3545 0.5631 -0.1085
v  -1.3655 0.5631 -0.0837
v  -1.3508 0.5603 -0.1005
v  -1.3508 0.5631 -0.1005
v  -1.3652 0.5631 -0.0795
v  -1.3486 0.5603 -0.0913
v  -1.3486 0.5631 -0.0913
v  -1.4725 0.5631 -0.0837
v  -1.4728 0.5631 -0.0795
v  -1.3478 0.5603 -0.0814
v  -1.3478 0.5631 -0.0814
v  -1.4719 0.5631 -0.0858
v  -1.4894 0.5603 -0.0913
v  -1.4902 0.5603 -0.0814
v  -1.4902 0.5631 -0.0814
v  -1.4894 0.5631 -0.0913
v  -1.4711 0.5631 -0.0876
v  -1.4871 0.5603 -0.1005
v  -1.4871 0.5631 -0.1005
v  -1.4700 0.5631 -0.0890
v  -1.4835 0.5603 -0.1085
v  -1.4835 0.5631 -0.1085
v  -1.4688 0.5631 -0.0899
v  -1.4788 0.5603 -0.1145
v  -1.4788 0.5631 -0.1145
v  -1.4663 0.5631 -0.0905
v  -1.4733 0.5603 -0.1184
v  -1.4733 0.5631 -0.1184
v  -1.4688 0.5631 0.0899
v  -1.4663 0.5631 0.0905
v  -1.4674 0.5603 -0.1197
v  -1.4674 0.5631 -0.1197
v  -1.4700 0.5631 0.0890
v  -1.4733 0.5603 0.1184
v  -1.4733 0.5631 0.1184
v  -1.4711 0.5631 0.0876
v  -1.4788 0.5603 0.1145
v  -1.4788 0.5631 0.1145
v  -1.4719 0.5631 0.0858
v  -1.4835 0.5603 0.1085
v  -1.4835 0.5631 0.1085
v  -1.4725 0.5631 0.0837
v  -1.4871 0.5603 0.1005
v  -1.4871 0.5631 0.1005
v  -1.4728 0.5631 0.0795
v  -1.4894 0.5603 0.0913
v  -1.4894 0.5631 0.0913
v  -1.4902 0.5603 0.0814
v  -1.4902 0.5631 0.0814
v  -1.3717 0.5631 0.0905
v  -1.3692 0.5631 0.0899
v  -1.3679 0.5631 0.0890
v  -1.4727 0.3449 0.1003
v  -1.4727 0.3449 0.1035
v  -1.3803 0.5428 0.1035
v  -1.3803 0.5428 0.1003
v  -1.4543 0.3449 0.1035
v  -1.3650 0.5428 0.1035
v  -1.4543 0.3449 0.1003
v  -1.3650 0.5428 0.1003
v  -1.4879 0.3470 0.0903
v  -1.4886 0.3470 0.0809
v  -1.4900 0.3470 0.0810
v  -1.4892 0.3470 0.0909
v  -1.4857 0.3470 0.0990
v  -1.4869 0.3470 0.1002
v  -1.4823 0.3470 0.1065
v  -1.4833 0.3470 0.1081
v  -1.4779 0.3470 0.1122
v  -1.4786 0.3470 0.1142
v  -1.4727 0.3470 0.1158
v  -1.4731 0.3470 0.1180
v  -1.4671 0.3470 0.1170
v  -1.4672 0.3470 0.1193
v  -1.3489 0.3470 0.0809
v  -1.3497 0.3470 0.0903
v  -1.3484 0.3470 0.0909
v  -1.3476 0.3470 0.0810
v  -1.3518 0.3470 0.0990
v  -1.3506 0.3470 0.1002
v  -1.3552 0.3470 0.1065
v  -1.3543 0.3470 0.1081
v  -1.3596 0.3470 0.1122
v  -1.3590 0.3470 0.1142
v  -1.3648 0.3470 0.1158
v  -1.3645 0.3470 0.1180
v  -1.3704 0.3470 0.1170
v  -1.3704 0.3470 0.1193
v  -1.3704 0.3470 -0.1178
v  -1.3648 0.3470 -0.1165
v  -1.3645 0.3470 -0.1187
v  -1.3704 0.3470 -0.1200
v  -1.3596 0.3470 -0.1129
v  -1.3590 0.3470 -0.1149
v  -1.3552 0.3470 -0.1072
v  -1.3543 0.3470 -0.1088
v  -1.3518 0.3470 -0.0998
v  -1.3506 0.3470 -0.1009
v  -1.3497 0.3470 -0.0911
v  -1.3484 0.3470 -0.0917
v  -1.3489 0.3470 -0.0816
v  -1.3476 0.3470 -0.0818
v  -1.4886 0.3470 -0.0816
v  -1.4879 0.3470 -0.0911
v  -1.4892 0.3470 -0.0917
v  -1.4900 0.3470 -0.0818
v  -1.4857 0.3470 -0.0998
v  -1.4869 0.3470 -0.1009
v  -1.4823 0.3470 -0.1072
v  -1.4833 0.3470 -0.1088
v  -1.4779 0.3470 -0.1129
v  -1.4786 0.3470 -0.1149
v  -1.4727 0.3470 -0.1165
v  -1.4731 0.3470 -0.1187
v  -1.4671 0.3470 -0.1178
v  -1.4672 0.3470 -0.1200
v  -1.4900 0.3440 -0.0818
v  -1.4900 0.3440 0.0810
v  -1.4892 0.3440 0.0909
v  -1.4869 0.3440 0.1001
v  -1.4698 0.3021 0.0883
v  -1.4709 0.3021 0.0869
v  -1.4709 0.3470 0.0873
v  -1.4698 0.3470 0.0887
v  -1.4833 0.3440 0.1081
v  -1.4686 0.3021 0.0892
v  -1.4686 0.3470 0.0895
v  -1.4786 0.3440 0.1141
v  -1.4661 0.3021 0.0898
v  -1.4661 0.3470 0.0901
v  -1.4731 0.3440 0.1180
v  -1.3650 0.3021 0.0788
v  -1.3653 0.3021 0.0830
v  -1.3653 0.3470 0.0833
v  -1.3650 0.3470 0.0791
v  -1.4672 0.3440 0.1193
v  -1.3658 0.3021 0.0851
v  -1.3658 0.3470 0.0854
v  -1.3484 0.3440 0.0909
v  -1.3476 0.3440 0.0810
v  -1.3666 0.3021 0.0869
v  -1.3666 0.3470 0.0873
v  -1.3506 0.3440 0.1001
v  -1.3677 0.3021 0.0883
v  -1.3677 0.3470 0.0887
v  -1.3543 0.3440 0.1081
v  -1.3690 0.3021 0.0892
v  -1.3690 0.3470 0.0895
v  -1.3590 0.3440 0.1141
v  -1.3715 0.3021 0.0898
v  -1.3715 0.3470 0.0901
v  -1.3645 0.3440 0.1180
v  -1.3715 0.3021 -0.0911
v  -1.3690 0.3021 -0.0906
v  -1.3690 0.3470 -0.0903
v  -1.3715 0.3470 -0.0908
v  -1.3704 0.3440 0.1193
v  -1.3677 0.3021 -0.0897
v  -1.3677 0.3470 -0.0894
v  -1.3645 0.3440 -0.1188
v  -1.3704 0.3440 -0.1201
v  -1.3666 0.3021 -0.0883
v  -1.3666 0.3470 -0.0880
v  -1.3590 0.3440 -0.1150
v  -1.3658 0.3021 -0.0865
v  -1.3658 0.3470 -0.0862
v  -1.3543 0.3440 -0.1089
v  -1.3653 0.3021 -0.0844
v  -1.3653 0.3470 -0.0840
v  -1.3506 0.3440 -0.1009
v  -1.3650 0.3021 -0.0802
v  -1.3650 0.3470 -0.0799
v  -1.3484 0.3440 -0.0917
v  -1.4726 0.3021 -0.0802
v  -1.4723 0.3021 -0.0844
v  -1.4723 0.3470 -0.0840
v  -1.4726 0.3470 -0.0799
v  -1.3476 0.3440 -0.0818
v  -1.4717 0.3021 -0.0865
v  -1.4717 0.3470 -0.0862
v  -1.4892 0.3440 -0.0917
v  -1.4709 0.3021 -0.0883
v  -1.4709 0.3470 -0.0880
v  -1.4869 0.3440 -0.1009
v  -1.4698 0.3021 -0.0897
v  -1.4698 0.3470 -0.0894
v  -1.4833 0.3440 -0.1089
v  -1.4686 0.3021 -0.0906
v  -1.4686 0.3470 -0.0903
v  -1.4786 0.3440 -0.1150
v  -1.4661 0.3021 -0.0911
v  -1.4661 0.3470 -0.0908
v  -1.4731 0.3440 -0.1188
v  -1.4672 0.3440 -0.1201
v  -1.4723 0.3021 0.0830
v  -1.4726 0.3021 0.0788
v  -1.4726 0.3470 0.0791
v  -1.4723 0.3470 0.0833
v  -1.4717 0.3021 0.0851
v  -1.4717 0.3470 0.0854
v  -1.4709 0.3246 0.1005
v  -1.4710 0.3246 0.0990
v  -1.4716 0.5592 0.0990
v  -1.4715 0.5592 0.1005
v  -1.4712 0.3246 0.0975
v  -1.4718 0.5592 0.0975
v  -1.4716 0.3246 0.0962
v  -1.4723 0.5592 0.0962
v  -1.4722 0.3246 0.0951
v  -1.4728 0.5592 0.0951
v  -1.4729 0.3246 0.0941
v  -1.4735 0.5592 0.0941
v  -1.4737 0.3246 0.0934
v  -1.4743 0.5592 0.0934
v  -1.4745 0.3246 0.0930
v  -1.4752 0.5592 0.0930
v  -1.4754 0.3246 0.0928
v  -1.4761 0.5592 0.0928
v  -1.4763 0.3246 0.0930
v  -1.4769 0.5592 0.0930
v  -1.4772 0.3246 0.0934
v  -1.4778 0.5592 0.0934
v  -1.4780 0.3246 0.0941
v  -1.4786 0.5592 0.0941
v  -1.4787 0.3246 0.0951
v  -1.4793 0.5592 0.0951
v  -1.4792 0.3246 0.0962
v  -1.4799 0.5592 0.0962
v  -1.4797 0.3246 0.0975
v  -1.4803 0.5592 0.0975
v  -1.4799 0.3246 0.0990
v  -1.4805 0.5592 0.0990
v  -1.4800 0.3246 0.1005
v  -1.4806 0.5592 0.1005
v  -1.4799 0.3246 0.1020
v  -1.4805 0.5592 0.1020
v  -1.4797 0.3246 0.1034
v  -1.4803 0.5592 0.1034
v  -1.4792 0.3246 0.1047
v  -1.4799 0.5592 0.1047
v  -1.4787 0.3246 0.1059
v  -1.4793 0.5592 0.1059
v  -1.4780 0.3246 0.1069
v  -1.4786 0.5592 0.1069
v  -1.4772 0.3246 0.1076
v  -1.4778 0.5592 0.1076
v  -1.4763 0.3246 0.1080
v  -1.4769 0.5592 0.1080
v  -1.4754 0.3246 0.1081
v  -1.4761 0.5592 0.1081
v  -1.4745 0.3246 0.1080
v  -1.4752 0.5592 0.1080
v  -1.4737 0.3246 0.1076
v  -1.4743 0.5592 0.1076
v  -1.4729 0.3246 0.1069
v  -1.4735 0.5592 0.1069
v  -1.4722 0.3246 0.1059
v  -1.4728 0.5592 0.1059
v  -1.4716 0.3246 0.1047
v  -1.4723 0.5592 0.1047
v  -1.4712 0.3246 0.1034
v  -1.4718 0.5592 0.1034
v  -1.4716 0.5592 0.1020
v  -1.4710 0.3246 0.1020
v  -1.4709 0.3246 -0.1017
v  -1.4710 0.3246 -0.1032
v  -1.4716 0.5592 -0.1032
v  -1.4715 0.5592 -0.1017
v  -1.4712 0.3246 -0.1046
v  -1.4718 0.5592 -0.1046
v  -1.4716 0.3246 -0.1059
v  -1.4723 0.5592 -0.1059
v  -1.4722 0.3246 -0.1071
v  -1.4728 0.5592 -0.1071
v  -1.4729 0.3246 -0.1080
v  -1.4735 0.5592 -0.1080
v  -1.4737 0.3246 -0.1088
v  -1.4743 0.5592 -0.1088
v  -1.4745 0.3246 -0.1092
v  -1.4752 0.5592 -0.1092
v  -1.4754 0.3246 -0.1093
v  -1.4761 0.5592 -0.1093
v  -1.4763 0.3246 -0.1092
v  -1.4769 0.5592 -0.1092
v  -1.4772 0.3246 -0.1088
v  -1.4778 0.5592 -0.1088
v  -1.4780 0.3246 -0.1080
v  -1.4786 0.5592 -0.1080
v  -1.4787 0.3246 -0.1071
v  -1.4793 0.5592 -0.1071
v  -1.4792 0.3246 -0.1059
v  -1.4799 0.5592 -0.1059
v  -1.4797 0.3246 -0.1046
v  -1.4803 0.5592 -0.1046
v  -1.4799 0.3246 -0.1032
v  -1.4805 0.5592 -0.1032
v  -1.4800 0.3246 -0.1017
v  -1.4806 0.5592 -0.1017
v  -1.4799 0.3246 -0.1002
v  -1.4805 0.5592 -0.1002
v  -1.4797 0.3246 -0.0987
v  -1.4803 0.5592 -0.0987
v  -1.4792 0.3246 -0.0974
v  -1.4799 0.5592 -0.0974
v  -1.4787 0.3246 -0.0962
v  -1.4793 0.5592 -0.0962
v  -1.4780 0.3246 -0.0953
v  -1.4786 0.5592 -0.0953
v  -1.4772 0.3246 -0.0946
v  -1.4778 0.5592 -0.0946
v  -1.4763 0.3246 -0.0941
v  -1.4769 0.5592 -0.0941
v  -1.4754 0.3246 -0.0940
v  -1.4761 0.5592 -0.0940
v  -1.4745 0.3246 -0.0941
v  -1.4752 0.5592 -0.0941
v  -1.4737 0.3246 -0.0946
v  -1.4743 0.5592 -0.0946
v  -1.4729 0.3246 -0.0953
v  -1.4735 0.5592 -0.0953
v  -1.4722 0.3246 -0.0962
v  -1.4728 0.5592 -0.0962
v  -1.4716 0.3246 -0.0974
v  -1.4723 0.5592 -0.0974
v  -1.4712 0.3246 -0.0987
v  -1.4718 0.5592 -0.0987
v  -1.4716 0.5592 -0.1002
v  -1.4710 0.3246 -0.1002
v  -1.3563 0.3246 -0.1017
v  -1.3564 0.3246 -0.1032
v  -1.3570 0.5592 -0.1032
v  -1.3570 0.5592 -0.1017
v  -1.3567 0.3246 -0.1046
v  -1.3573 0.5592 -0.1046
v  -1.3571 0.3246 -0.1059
v  -1.3577 0.5592 -0.1059
v  -1.3577 0.3246 -0.1071
v  -1.3583 0.5592 -0.1071
v  -1.3584 0.3246 -0.1080
v  -1.3590 0.5592 -0.1080
v  -1.3591 0.3246 -0.1088
v  -1.3598 0.5592 -0.1088
v  -1.3600 0.3246 -0.1092
v  -1.3606 0.5592 -0.1092
v  -1.3609 0.3246 -0.1093
v  -1.3615 0.5592 -0.1093
v  -1.3618 0.3246 -0.1092
v  -1.3624 0.5592 -0.1092
v  -1.3626 0.3246 -0.1088
v  -1.3633 0.5592 -0.1088
v  -1.3634 0.3246 -0.1080
v  -1.3641 0.5592 -0.1080
v  -1.3641 0.3246 -0.1071
v  -1.3647 0.5592 -0.1071
v  -1.3647 0.3246 -0.1059
v  -1.3653 0.5592 -0.1059
v  -1.3651 0.3246 -0.1046
v  -1.3657 0.5592 -0.1046
v  -1.3654 0.3246 -0.1032
v  -1.3660 0.5592 -0.1032
v  -1.3655 0.3246 -0.1017
v  -1.3661 0.5592 -0.1017
v  -1.3654 0.3246 -0.1002
v  -1.3660 0.5592 -0.1002
v  -1.3651 0.3246 -0.0987
v  -1.3657 0.5592 -0.0987
v  -1.3647 0.3246 -0.0974
v  -1.3653 0.5592 -0.0974
v  -1.3641 0.3246 -0.0962
v  -1.3647 0.5592 -0.0962
v  -1.3634 0.3246 -0.0953
v  -1.3641 0.5592 -0.0953
v  -1.3626 0.3246 -0.0946
v  -1.3633 0.5592 -0.0946
v  -1.3618 0.3246 -0.0941
v  -1.3624 0.5592 -0.0941
v  -1.3609 0.3246 -0.0940
v  -1.3615 0.5592 -0.0940
v  -1.3600 0.3246 -0.0941
v  -1.3606 0.5592 -0.0941
v  -1.3591 0.3246 -0.0946
v  -1.3598 0.5592 -0.0946
v  -1.3584 0.3246 -0.0953
v  -1.3590 0.5592 -0.0953
v  -1.3577 0.3246 -0.0962
v  -1.3583 0.5592 -0.0962
v  -1.3571 0.3246 -0.0974
v  -1.3577 0.5592 -0.0974
v  -1.3567 0.3246 -0.0987
v  -1.3573 0.5592 -0.0987
v  -1.3570 0.5592 -0.1002
v  -1.3564 0.3246 -0.1002
v  -1.3563 0.3246 0.1008
v  -1.3564 0.3246 0.0993
v  -1.3570 0.5592 0.0993
v  -1.3570 0.5592 0.1008
v  -1.3567 0.3246 0.0978
v  -1.3573 0.5592 0.0978
v  -1.3571 0.3246 0.0965
v  -1.3577 0.5592 0.0965
v  -1.3577 0.3246 0.0953
v  -1.3583 0.5592 0.0953
v  -1.3584 0.3246 0.0944
v  -1.3590 0.5592 0.0944
v  -1.3591 0.3246 0.0937
v  -1.3598 0.5592 0.0937
v  -1.3600 0.3246 0.0932
v  -1.3606 0.5592 0.0932
v  -1.3609 0.3246 0.0931
v  -1.3615 0.5592 0.0931
v  -1.3618 0.3246 0.0932
v  -1.3624 0.5592 0.0932
v  -1.3626 0.3246 0.0937
v  -1.3633 0.5592 0.0937
v  -1.3634 0.3246 0.0944
v  -1.3641 0.5592 0.0944
v  -1.3641 0.3246 0.0953
v  -1.3647 0.5592 0.0953
v  -1.3647 0.3246 0.0965
v  -1.3653 0.5592 0.0965
v  -1.3651 0.3246 0.0978
v  -1.3657 0.5592 0.0978
v  -1.3654 0.3246 0.0993
v  -1.3660 0.5592 0.0993
v  -1.3655 0.3246 0.1008
v  -1.3661 0.5592 0.1008
v  -1.3654 0.3246 0.1023
v  -1.3660 0.5592 0.1023
v  -1.3651 0.3246 0.1037
v  -1.3657 0.5592 0.1037
v  -1.3647 0.3246 0.1050
v  -1.3653 0.5592 0.1050
v  -1.3641 0.3246 0.1062
v  -1.3647 0.5592 0.1062
v  -1.3634 0.3246 0.1071
v  -1.3641 0.5592 0.1071
v  -1.3626 0.3246 0.1078
v  -1.3633 0.5592 0.1078
v  -1.3618 0.3246 0.1083
v  -1.3624 0.5592 0.1083
v  -1.3609 0.3246 0.1084
v  -1.3615 0.5592 0.1084
v  -1.3600 0.3246 0.1083
v  -1.3606 0.5592 0.1083
v  -1.3591 0.3246 0.1078
v  -1.3598 0.5592 0.1078
v  -1.3584 0.3246 0.1071
v  -1.3590 0.5592 0.1071
v  -1.3577 0.3246 0.1062
v  -1.3583 0.5592 0.1062
v  -1.3571 0.3246 0.1050
v  -1.3577 0.5592 0.1050
v  -1.3567 0.3246 0.1037
v  -1.3573 0.5592 0.1037
v  -1.3570 0.5592 0.1023
v  -1.3564 0.3246 0.1023
v  -1.4793 0.3449 0.0928
v  -1.4775 0.3449 0.0928
v  -1.4781 0.5428 -0.0654
v  -1.4800 0.5428 -0.0654
v  -1.4775 0.3449 0.0599
v  -1.4781 0.5428 -0.0983
v  -1.4793 0.3449 0.0599
v  -1.4800 0.5428 -0.0983
v  -1.3578 0.3449 -0.0973
v  -1.3597 0.3449 -0.0973
v  -1.3603 0.5428 0.0609
v  -1.3584 0.5428 0.0609
v  -1.3597 0.3449 -0.0644
v  -1.3603 0.5428 0.0939
v  -1.3578 0.3449 -0.0644
v  -1.3584 0.5428 0.0939
v  -1.3646 0.3449 -0.1027
v  -1.3646 0.3449 -0.1059
v  -1.4582 0.5428 -0.1059
v  -1.4582 0.5428 -0.1027
v  -1.3830 0.3449 -0.1059
v  -1.4735 0.5428 -0.1059
v  -1.3830 0.3449 -0.1027
v  -1.4735 0.5428 -0.1027
v  -1.3476 0.3021 -0.0821
v  -1.3484 0.3021 -0.0920
v  -1.3653 0.2991 -0.0844
v  -1.3484 0.2991 -0.0920
v  -1.3476 0.2991 -0.0821
v  -1.3650 0.2991 -0.0802
v  -1.3658 0.2991 -0.0865
v  -1.3506 0.2991 -0.1012
v  -1.3666 0.2991 -0.0883
v  -1.3543 0.2991 -0.1092
v  -1.3677 0.2991 -0.0897
v  -1.3590 0.2991 -0.1152
v  -1.3690 0.2991 -0.0906
v  -1.3645 0.2991 -0.1191
v  -1.3715 0.2991 -0.0911
v  -1.3704 0.2991 -0.1204
v  -1.4726 0.2991 -0.0802
v  -1.4900 0.2991 -0.0821
v  -1.4892 0.2991 -0.0920
v  -1.4723 0.2991 -0.0844
v  -1.4869 0.2991 -0.1012
v  -1.4717 0.2991 -0.0865
v  -1.4833 0.2991 -0.1092
v  -1.4709 0.2991 -0.0883
v  -1.4786 0.2991 -0.1152
v  -1.4698 0.2991 -0.0897
v  -1.4731 0.2991 -0.1191
v  -1.4686 0.2991 -0.0906
v  -1.4672 0.2991 -0.1204
v  -1.4661 0.2991 -0.0911
v  -1.4661 0.2991 0.0898
v  -1.4672 0.2991 0.1190
v  -1.4731 0.2991 0.1177
v  -1.4686 0.2991 0.0892
v  -1.4786 0.2991 0.1139
v  -1.4698 0.2991 0.0883
v  -1.4833 0.2991 0.1078
v  -1.4709 0.2991 0.0869
v  -1.4869 0.2991 0.0998
v  -1.4717 0.2991 0.0851
v  -1.4892 0.2991 0.0906
v  -1.4723 0.2991 0.0830
v  -1.4900 0.2991 0.0807
v  -1.4726 0.2991 0.0788
v  -1.3650 0.2991 0.0788
v  -1.3476 0.2991 0.0807
v  -1.3484 0.2991 0.0906
v  -1.3653 0.2991 0.0830
v  -1.3506 0.2991 0.0998
v  -1.3658 0.2991 0.0851
v  -1.3543 0.2991 0.1078
v  -1.3666 0.2991 0.0869
v  -1.3590 0.2991 0.1139
v  -1.3677 0.2991 0.0883
v  -1.3645 0.2991 0.1177
v  -1.3690 0.2991 0.0892
v  -1.3704 0.2991 0.1190
v  -1.3715 0.2991 0.0898
v  -1.3506 0.3021 -0.1012
v  -1.3543 0.3021 -0.1092
v  -1.3590 0.3021 -0.1152
v  -1.3645 0.3021 -0.1191
v  -1.3704 0.3021 -0.1204
v  -1.4892 0.3021 -0.0920
v  -1.4900 0.3021 -0.0821
v  -1.4869 0.3021 -0.1012
v  -1.4833 0.3021 -0.1092
v  -1.4786 0.3021 -0.1152
v  -1.4731 0.3021 -0.1191
v  -1.4672 0.3021 -0.1204
v  -1.4731 0.3021 0.1177
v  -1.4672 0.3021 0.1190
v  -1.4786 0.3021 0.1139
v  -1.4833 0.3021 0.1078
v  -1.4869 0.3021 0.0998
v  -1.4892 0.3021 0.0906
v  -1.4900 0.3021 0.0807
v  -1.3484 0.3021 0.0906
v  -1.3476 0.3021 0.0807
v  -1.3506 0.3021 0.0998
v  -1.3543 0.3021 0.1078
v  -1.3590 0.3021 0.1139
v  -1.3645 0.3021 0.1177
v  -1.3704 0.3021 0.1190
v  -1.3591 0.1032 0.0906
v  -1.3572 0.1032 0.0906
v  -1.3572 0.3010 -0.0657
v  -1.3591 0.3010 -0.0657
v  -1.3572 0.1032 0.0596
v  -1.3572 0.3010 -0.0914
v  -1.3591 0.1032 0.0596
v  -1.3591 0.3010 -0.0914
v  -1.3651 0.1053 0.1160
v  -1.3707 0.1053 0.1173
v  -1.3706 0.1053 0.1197
v  -1.3647 0.1053 0.1184
v  -1.3599 0.1053 0.1124
v  -1.3592 0.1053 0.1145
v  -1.3555 0.1053 0.1067
v  -1.3545 0.1053 0.1085
v  -1.3521 0.1053 0.0993
v  -1.3509 0.1053 0.1005
v  -1.3500 0.1053 0.0907
v  -1.3486 0.1053 0.0913
v  -1.3492 0.1053 0.0812
v  -1.3478 0.1053 0.0814
v  -1.3707 0.1053 -0.1173
v  -1.3651 0.1053 -0.1160
v  -1.3647 0.1053 -0.1184
v  -1.3706 0.1053 -0.1197
v  -1.3599 0.1053 -0.1124
v  -1.3592 0.1053 -0.1145
v  -1.3555 0.1053 -0.1067
v  -1.3545 0.1053 -0.1085
v  -1.3521 0.1053 -0.0993
v  -1.3509 0.1053 -0.1005
v  -1.3500 0.1053 -0.0907
v  -1.3486 0.1053 -0.0913
v  -1.3492 0.1053 -0.0812
v  -1.3478 0.1053 -0.0814
v  -1.4887 0.1053 -0.0812
v  -1.4880 0.1053 -0.0907
v  -1.4894 0.1053 -0.0913
v  -1.4902 0.1053 -0.0814
v  -1.4859 0.1053 -0.0993
v  -1.4871 0.1053 -0.1005
v  -1.4825 0.1053 -0.1067
v  -1.4835 0.1053 -0.1085
v  -1.4781 0.1053 -0.1124
v  -1.4788 0.1053 -0.1145
v  -1.4729 0.1053 -0.1160
v  -1.4733 0.1053 -0.1184
v  -1.4673 0.1053 -0.1173
v  -1.4674 0.1053 -0.1197
v  -1.4673 0.1053 0.1173
v  -1.4729 0.1053 0.1160
v  -1.4733 0.1053 0.1184
v  -1.4674 0.1053 0.1197
v  -1.4781 0.1053 0.1124
v  -1.4788 0.1053 0.1145
v  -1.4825 0.1053 0.1067
v  -1.4835 0.1053 0.1085
v  -1.4859 0.1053 0.0993
v  -1.4871 0.1053 0.1005
v  -1.4880 0.1053 0.0907
v  -1.4894 0.1053 0.0913
v  -1.4887 0.1053 0.0812
v  -1.4902 0.1053 0.0814
v  -1.4674 0.1007 0.1197
v  -1.3706 0.1007 0.1197
v  -1.3647 0.1007 0.1184
v  -1.3592 0.1007 0.1145
v  -1.3660 0.0796 0.0858
v  -1.3669 0.0796 0.0876
v  -1.3669 0.1053 0.0876
v  -1.3660 0.1053 0.0858
v  -1.3545 0.1007 0.1085
v  -1.3655 0.0796 0.0837
v  -1.3655 0.1053 0.0837
v  -1.3509 0.1007 0.1005
v  -1.3652 0.0796 0.0795
v  -1.3652 0.1053 0.0795
v  -1.3486 0.1007 0.0913
v  -1.3717 0.0796 -0.0905
v  -1.3692 0.0796 -0.0899
v  -1.3692 0.1053 -0.0899
v  -1.3717 0.1053 -0.0905
v  -1.3478 0.1007 0.0814
v  -1.3680 0.0796 -0.0890
v  -1.3680 0.1053 -0.0890
v  -1.3647 0.1007 -0.1184
v  -1.3706 0.1007 -0.1197
v  -1.3669 0.0796 -0.0876
v  -1.3669 0.1053 -0.0876
v  -1.3592 0.1007 -0.1145
v  -1.3660 0.0796 -0.0858
v  -1.3660 0.1053 -0.0858
v  -1.3545 0.1007 -0.1085
v  -1.3655 0.0796 -0.0837
v  -1.3655 0.1053 -0.0837
v  -1.3509 0.1007 -0.1005
v  -1.3652 0.0796 -0.0795
v  -1.3652 0.1053 -0.0795
v  -1.3486 0.1007 -0.0913
v  -1.4728 0.0796 -0.0795
v  -1.4725 0.0796 -0.0837
v  -1.4725 0.1053 -0.0837
v  -1.4728 0.1053 -0.0795
v  -1.3478 0.1007 -0.0814
v  -1.4720 0.0796 -0.0858
v  -1.4720 0.1053 -0.0858
v  -1.4894 0.1007 -0.0913
v  -1.4902 0.1007 -0.0814
v  -1.4711 0.0796 -0.0876
v  -1.4711 0.1053 -0.0876
v  -1.4871 0.1007 -0.1005
v  -1.4700 0.0796 -0.0890
v  -1.4700 0.1053 -0.0890
v  -1.4835 0.1007 -0.1085
v  -1.4688 0.0796 -0.0899
v  -1.4688 0.1053 -0.0899
v  -1.4788 0.1007 -0.1145
v  -1.4663 0.0796 -0.0905
v  -1.4663 0.1053 -0.0905
v  -1.4733 0.1007 -0.1184
v  -1.4663 0.0796 0.0905
v  -1.4688 0.0796 0.0899
v  -1.4688 0.1053 0.0899
v  -1.4663 0.1053 0.0905
v  -1.4674 0.1007 -0.1197
v  -1.4700 0.0796 0.0890
v  -1.4700 0.1053 0.0890
v  -1.4733 0.1007 0.1184
v  -1.4711 0.0796 0.0876
v  -1.4711 0.1053 0.0876
v  -1.4788 0.1007 0.1145
v  -1.4720 0.0796 0.0858
v  -1.4720 0.1053 0.0858
v  -1.4835 0.1007 0.1085
v  -1.4725 0.0796 0.0837
v  -1.4725 0.1053 0.0837
v  -1.4871 0.1007 0.1005
v  -1.4728 0.0796 0.0795
v  -1.4728 0.1053 0.0795
v  -1.4894 0.1007 0.0913
v  -1.4902 0.1007 0.0814
v  -1.3692 0.0796 0.0899
v  -1.3717 0.0796 0.0905
v  -1.3717 0.1053 0.0905
v  -1.3692 0.1053 0.0899
v  -1.3680 0.0796 0.0890
v  -1.3680 0.1053 0.0890
v  -1.3590 0.0829 0.0876
v  -1.3599 0.0829 0.0877
v  -1.3599 0.3174 0.0877
v  -1.3590 0.3174 0.0876
v  -1.3607 0.0829 0.0882
v  -1.3607 0.3174 0.0882
v  -1.3615 0.0829 0.0889
v  -1.3615 0.3174 0.0889
v  -1.3622 0.0829 0.0898
v  -1.3622 0.3174 0.0898
v  -1.3628 0.0829 0.0910
v  -1.3628 0.3174 0.0910
v  -1.3632 0.0829 0.0923
v  -1.3632 0.3174 0.0923
v  -1.3635 0.0829 0.0937
v  -1.3635 0.3174 0.0937
v  -1.3636 0.0829 0.0952
v  -1.3636 0.3174 0.0952
v  -1.3635 0.0829 0.0967
v  -1.3635 0.3174 0.0967
v  -1.3632 0.0829 0.0982
v  -1.3632 0.3174 0.0982
v  -1.3628 0.0829 0.0995
v  -1.3628 0.3174 0.0995
v  -1.3622 0.0829 0.1007
v  -1.3622 0.3174 0.1007
v  -1.3615 0.0829 0.1016
v  -1.3615 0.3174 0.1016
v  -1.3607 0.0829 0.1023
v  -1.3607 0.3174 0.1023
v  -1.3599 0.0829 0.1028
v  -1.3599 0.3174 0.1028
v  -1.3590 0.0829 0.1029
v  -1.3590 0.3174 0.1029
v  -1.3581 0.0829 0.1028
v  -1.3581 0.3174 0.1028
v  -1.3573 0.0829 0.1023
v  -1.3573 0.3174 0.1023
v  -1.3565 0.0829 0.1016
v  -1.3565 0.3174 0.1016
v  -1.3558 0.0829 0.1007
v  -1.3558 0.3174 0.1007
v  -1.3552 0.0829 0.0995
v  -1.3552 0.3174 0.0995
v  -1.3548 0.0829 0.0982
v  -1.3548 0.3174 0.0982
v  -1.3545 0.0829 0.0967
v  -1.3545 0.3174 0.0967
v  -1.3544 0.0829 0.0952
v  -1.3544 0.3174 0.0952
v  -1.3545 0.0829 0.0937
v  -1.3545 0.3174 0.0937
v  -1.3548 0.0829 0.0923
v  -1.3548 0.3174 0.0923
v  -1.3552 0.0829 0.0910
v  -1.3552 0.3174 0.0910
v  -1.3558 0.0829 0.0898
v  -1.3558 0.3174 0.0898
v  -1.3565 0.0829 0.0889
v  -1.3565 0.3174 0.0889
v  -1.3573 0.0829 0.0882
v  -1.3573 0.3174 0.0882
v  -1.3581 0.3174 0.0877
v  -1.3581 0.0829 0.0877
v  -1.4793 0.0829 0.0876
v  -1.4801 0.0829 0.0877
v  -1.4801 0.3174 0.0877
v  -1.4793 0.3174 0.0876
v  -1.4810 0.0829 0.0882
v  -1.4810 0.3174 0.0882
v  -1.4818 0.0829 0.0889
v  -1.4818 0.3174 0.0889
v  -1.4825 0.0829 0.0898
v  -1.4825 0.3174 0.0898
v  -1.4831 0.0829 0.0910
v  -1.4831 0.3174 0.0910
v  -1.4835 0.0829 0.0923
v  -1.4835 0.3174 0.0923
v  -1.4837 0.0829 0.0937
v  -1.4837 0.3174 0.0937
v  -1.4838 0.0829 0.0952
v  -1.4838 0.3174 0.0952
v  -1.4837 0.0829 0.0967
v  -1.4837 0.3174 0.0967
v  -1.4835 0.0829 0.0982
v  -1.4835 0.3174 0.0982
v  -1.4831 0.0829 0.0995
v  -1.4831 0.3174 0.0995
v  -1.4825 0.0829 0.1007
v  -1.4825 0.3174 0.1007
v  -1.4818 0.0829 0.1016
v  -1.4818 0.3174 0.1016
v  -1.4810 0.0829 0.1023
v  -1.4810 0.3174 0.1023
v  -1.4801 0.0829 0.1028
v  -1.4801 0.3174 0.1028
v  -1.4793 0.0829 0.1029
v  -1.4793 0.3174 0.1029
v  -1.4784 0.0829 0.1028
v  -1.4784 0.3174 0.1028
v  -1.4775 0.0829 0.1023
v  -1.4775 0.3174 0.1023
v  -1.4767 0.0829 0.1016
v  -1.4767 0.3174 0.1016
v  -1.4760 0.0829 0.1007
v  -1.4760 0.3174 0.1007
v  -1.4755 0.0829 0.0995
v  -1.4755 0.3174 0.0995
v  -1.4750 0.0829 0.0982
v  -1.4750 0.3174 0.0982
v  -1.4748 0.0829 0.0967
v  -1.4748 0.3174 0.0967
v  -1.4747 0.0829 0.0952
v  -1.4747 0.3174 0.0952
v  -1.4748 0.0829 0.0937
v  -1.4748 0.3174 0.0937
v  -1.4750 0.0829 0.0923
v  -1.4750 0.3174 0.0923
v  -1.4755 0.0829 0.0910
v  -1.4755 0.3174 0.0910
v  -1.4760 0.0829 0.0898
v  -1.4760 0.3174 0.0898
v  -1.4767 0.0829 0.0889
v  -1.4767 0.3174 0.0889
v  -1.4775 0.0829 0.0882
v  -1.4775 0.3174 0.0882
v  -1.4784 0.3174 0.0877
v  -1.4784 0.0829 0.0877
v  -1.4793 0.0829 -0.1050
v  -1.4801 0.0829 -0.1048
v  -1.4801 0.3174 -0.1048
v  -1.4793 0.3174 -0.1050
v  -1.4810 0.0829 -0.1044
v  -1.4810 0.3174 -0.1044
v  -1.4818 0.0829 -0.1037
v  -1.4818 0.3174 -0.1037
v  -1.4825 0.0829 -0.1027
v  -1.4825 0.3174 -0.1027
v  -1.4831 0.0829 -0.1016
v  -1.4831 0.3174 -0.1016
v  -1.4835 0.0829 -0.1002
v  -1.4835 0.3174 -0.1002
v  -1.4837 0.0829 -0.0988
v  -1.4837 0.3174 -0.0988
v  -1.4838 0.0829 -0.0973
v  -1.4838 0.3174 -0.0973
v  -1.4837 0.0829 -0.0958
v  -1.4837 0.3174 -0.0958
v  -1.4835 0.0829 -0.0944
v  -1.4835 0.3174 -0.0944
v  -1.4831 0.0829 -0.0930
v  -1.4831 0.3174 -0.0930
v  -1.4825 0.0829 -0.0919
v  -1.4825 0.3174 -0.0919
v  -1.4818 0.0829 -0.0909
v  -1.4818 0.3174 -0.0909
v  -1.4810 0.0829 -0.0902
v  -1.4810 0.3174 -0.0902
v  -1.4801 0.0829 -0.0898
v  -1.4801 0.3174 -0.0898
v  -1.4793 0.0829 -0.0896
v  -1.4793 0.3174 -0.0896
v  -1.4784 0.0829 -0.0898
v  -1.4784 0.3174 -0.0898
v  -1.4775 0.0829 -0.0902
v  -1.4775 0.3174 -0.0902
v  -1.4767 0.0829 -0.0909
v  -1.4767 0.3174 -0.0909
v  -1.4760 0.0829 -0.0919
v  -1.4760 0.3174 -0.0919
v  -1.4755 0.0829 -0.0930
v  -1.4755 0.3174 -0.0930
v  -1.4750 0.0829 -0.0944
v  -1.4750 0.3174 -0.0944
v  -1.4748 0.0829 -0.0958
v  -1.4748 0.3174 -0.0958
v  -1.4747 0.0829 -0.0973
v  -1.4747 0.3174 -0.0973
v  -1.4748 0.0829 -0.0988
v  -1.4748 0.3174 -0.0988
v  -1.4750 0.0829 -0.1002
v  -1.4750 0.3174 -0.1002
v  -1.4755 0.0829 -0.1016
v  -1.4755 0.3174 -0.1016
v  -1.4760 0.0829 -0.1027
v  -1.4760 0.3174 -0.1027
v  -1.4767 0.0829 -0.1037
v  -1.4767 0.3174 -0.1037
v  -1.4775 0.0829 -0.1044
v  -1.4775 0.3174 -0.1044
v  -1.4784 0.3174 -0.1048
v  -1.4784 0.0829 -0.1048
v  -1.3588 0.0829 -0.1050
v  -1.3597 0.0829 -0.1048
v  -1.3597 0.3174 -0.1048
v  -1.3588 0.3174 -0.1050
v  -1.3606 0.0829 -0.1044
v  -1.3606 0.3174 -0.1044
v  -1.3614 0.0829 -0.1037
v  -1.3614 0.3174 -0.1037
v  -1.3621 0.0829 -0.1027
v  -1.3621 0.3174 -0.1027
v  -1.3626 0.0829 -0.1016
v  -1.3626 0.3174 -0.1016
v  -1.3630 0.0829 -0.1002
v  -1.3630 0.3174 -0.1002
v  -1.3633 0.0829 -0.0988
v  -1.3633 0.3174 -0.0988
v  -1.3634 0.0829 -0.0973
v  -1.3634 0.3174 -0.0973
v  -1.3633 0.0829 -0.0958
v  -1.3633 0.3174 -0.0958
v  -1.3630 0.0829 -0.0944
v  -1.3630 0.3174 -0.0944
v  -1.3626 0.0829 -0.0930
v  -1.3626 0.3174 -0.0930
v  -1.3621 0.0829 -0.0919
v  -1.3621 0.3174 -0.0919
v  -1.3614 0.0829 -0.0909
v  -1.3614 0.3174 -0.0909
v  -1.3606 0.0829 -0.0902
v  -1.3606 0.3174 -0.0902
v  -1.3597 0.0829 -0.0898
v  -1.3597 0.3174 -0.0898
v  -1.3588 0.0829 -0.0896
v  -1.3588 0.3174 -0.0896
v  -1.3579 0.0829 -0.0898
v  -1.3579 0.3174 -0.0898
v  -1.3571 0.0829 -0.0902
v  -1.3571 0.3174 -0.0902
v  -1.3563 0.0829 -0.0909
v  -1.3563 0.3174 -0.0909
v  -1.3556 0.0829 -0.0919
v  -1.3556 0.3174 -0.0919
v  -1.3550 0.0829 -0.0930
v  -1.3550 0.3174 -0.0930
v  -1.3546 0.0829 -0.0944
v  -1.3546 0.3174 -0.0944
v  -1.3544 0.0829 -0.0958
v  -1.3544 0.3174 -0.0958
v  -1.3543 0.0829 -0.0973
v  -1.3543 0.3174 -0.0973
v  -1.3544 0.0829 -0.0988
v  -1.3544 0.3174 -0.0988
v  -1.3546 0.0829 -0.1002
v  -1.3546 0.3174 -0.1002
v  -1.3550 0.0829 -0.1016
v  -1.3550 0.3174 -0.1016
v  -1.3556 0.0829 -0.1027
v  -1.3556 0.3174 -0.1027
v  -1.3563 0.0829 -0.1037
v  -1.3563 0.3174 -0.1037
v  -1.3571 0.0829 -0.1044
v  -1.3571 0.3174 -0.1044
v  -1.3579 0.3174 -0.1048
v  -1.3579 0.0829 -0.1048
v  -1.3636 0.1032 0.1018
v  -1.3636 0.1032 0.0986
v  -1.4577 0.3010 0.0986
v  -1.4577 0.3010 0.1018
v  -1.3832 0.1032 0.0986
v  -1.4773 0.3010 0.0986
v  -1.3832 0.1032 0.1018
v  -1.4773 0.3010 0.1018
v  -1.4766 0.1032 -0.1025
v  -1.4766 0.1032 -0.0993
v  -1.3825 0.3010 -0.0993
v  -1.3825 0.3010 -0.1025
v  -1.4571 0.1032 -0.0993
v  -1.3629 0.3010 -0.0993
v  -1.4571 0.1032 -0.1025
v  -1.3629 0.3010 -0.1025
v  -1.4799 0.1032 -0.0911
v  -1.4818 0.1032 -0.0911
v  -1.4818 0.3010 0.0652
v  -1.4799 0.3010 0.0652
v  -1.4818 0.1032 -0.0601
v  -1.4818 0.3010 0.0909
v  -1.4799 0.1032 -0.0601
v  -1.4799 0.3010 0.0909
v  -1.4741 0.3470 -0.0800
v  -1.4741 0.3470 0.0793
v  -1.3714 0.3470 -0.0934
v  -1.4662 0.3470 -0.0934
v  -1.3634 0.3470 0.0793
v  -1.3634 0.3470 -0.0800
v  -1.4662 0.3470 0.0927
v  -1.3714 0.3470 0.0927
v  -1.4690 0.3470 -0.0928
v  -1.4706 0.3470 -0.0917
v  -1.4720 0.3470 -0.0899
v  -1.4731 0.3470 -0.0875
v  -1.4738 0.3470 -0.0847
v  -1.3638 0.3470 -0.0847
v  -1.3645 0.3470 -0.0875
v  -1.3655 0.3470 -0.0899
v  -1.3669 0.3470 -0.0917
v  -1.3686 0.3470 -0.0928
v  -1.3686 0.3470 0.0921
v  -1.3669 0.3470 0.0909
v  -1.3655 0.3470 0.0891
v  -1.3645 0.3470 0.0867
v  -1.3638 0.3470 0.0840
v  -1.4690 0.3470 0.0921
v  -1.4706 0.3470 0.0909
v  -1.4720 0.3470 0.0891
v  -1.4731 0.3470 0.0867
v  -1.4738 0.3470 0.0840
v  -1.3706 0.0828 0.1197
v  -1.3647 0.0828 0.1184
v  -1.4902 0.0828 -0.0814
v  -1.4902 0.0828 0.0814
v  -1.3706 0.0828 -0.1197
v  -1.4674 0.0828 -0.1197
v  -1.3478 0.0828 0.0814
v  -1.3478 0.0828 -0.0814
v  -1.4894 0.0828 0.0913
v  -1.4871 0.0828 0.1005
v  -1.4835 0.0828 0.1085
v  -1.4788 0.0828 0.1145
v  -1.4733 0.0828 0.1184
v  -1.4674 0.0828 0.1197
v  -1.4733 0.0828 -0.1184
v  -1.4788 0.0828 -0.1145
v  -1.4835 0.0828 -0.1085
v  -1.4871 0.0828 -0.1005
v  -1.4894 0.0828 -0.0913
v  -1.3486 0.0828 -0.0913
v  -1.3509 0.0828 -0.1005
v  -1.3545 0.0828 -0.1085
v  -1.3592 0.0828 -0.1145
v  -1.3647 0.0828 -0.1184
v  -1.3486 0.0828 0.0913
v  -1.3509 0.0828 0.1005
v  -1.3545 0.0828 0.1085
v  -1.3592 0.0828 0.1145
v  -1.4674 0.0796 0.1197
v  -1.3706 0.0796 0.1197
v  -1.3647 0.0796 0.1184
v  -1.3592 0.0796 0.1145
v  -1.3545 0.0796 0.1085
v  -1.3509 0.0796 0.1005
v  -1.3486 0.0796 0.0913
v  -1.3478 0.0796 0.0814
v  -1.3647 0.0796 -0.1184
v  -1.3706 0.0796 -0.1197
v  -1.3592 0.0796 -0.1145
v  -1.3545 0.0796 -0.1085
v  -1.3509 0.0796 -0.1005
v  -1.3486 0.0796 -0.0913
v  -1.3478 0.0796 -0.0814
v  -1.4894 0.0796 -0.0913
v  -1.4902 0.0796 -0.0814
v  -1.4871 0.0796 -0.1005
v  -1.4835 0.0796 -0.1085
v  -1.4788 0.0796 -0.1145
v  -1.4733 0.0796 -0.1184
v  -1.4674 0.0796 -0.1197
v  -1.4733 0.0796 0.1184
v  -1.4788 0.0796 0.1145
v  -1.4835 0.0796 0.1085
v  -1.4871 0.0796 0.1005
v  -1.4894 0.0796 0.0913
v  -1.4902 0.0796 0.0814
v  -1.3715 0.1053 0.0947
v  -1.4664 0.1053 0.0947
v  -1.4753 0.1053 0.0798
v  -1.4753 0.1053 -0.0798
v  -1.4664 0.1053 -0.0947
v  -1.3715 0.1053 -0.0947
v  -1.3627 0.1053 -0.0798
v  -1.3627 0.1053 0.0798
v  -1.4749 0.1053 0.0848
v  -1.4741 0.1053 0.0879
v  -1.4729 0.1053 0.0906
v  -1.4713 0.1053 0.0927
v  -1.4694 0.1053 0.0940
v  -1.4694 0.1053 -0.0940
v  -1.4713 0.1053 -0.0927
v  -1.4729 0.1053 -0.0906
v  -1.4741 0.1053 -0.0879
v  -1.4749 0.1053 -0.0848
v  -1.3631 0.1053 -0.0848
v  -1.3638 0.1053 -0.0879
v  -1.3651 0.1053 -0.0906
v  -1.3667 0.1053 -0.0927
v  -1.3686 0.1053 -0.0940
v  -1.3631 0.1053 0.0848
v  -1.3638 0.1053 0.0879
v  -1.3651 0.1053 0.0906
v  -1.3667 0.1053 0.0927
v  -1.3686 0.1053 0.0940
v  -1.3706 0.5437 0.1197
v  -1.3647 0.5437 0.1184
v  -1.4902 0.5437 -0.0814
v  -1.4902 0.5437 0.0814
v  -1.3706 0.5437 -0.1197
v  -1.4674 0.5437 -0.1197
v  -1.3478 0.5437 0.0814
v  -1.3478 0.5437 -0.0814
v  -1.4894 0.5437 0.0913
v  -1.4871 0.5437 0.1005
v  -1.4835 0.5437 0.1085
v  -1.4788 0.5437 0.1145
v  -1.4733 0.5437 0.1184
v  -1.4674 0.5437 0.1197
v  -1.4733 0.5437 -0.1184
v  -1.4788 0.5437 -0.1145
v  -1.4835 0.5437 -0.1085
v  -1.4871 0.5437 -0.1005
v  -1.4894 0.5437 -0.0913
v  -1.3486 0.5437 -0.0913
v  -1.3508 0.5437 -0.1005
v  -1.3545 0.5437 -0.1085
v  -1.3592 0.5437 -0.1145
v  -1.3647 0.5437 -0.1184
v  -1.3486 0.5437 0.0913
v  -1.3508 0.5437 0.1005
v  -1.3545 0.5437 0.1085
v  -1.3592 0.5437 0.1145
v  -1.3692 1.0243 0.0899
v  -1.3647 1.0243 0.1184
v  -1.3706 1.0243 0.1197
v  -1.3717 1.0243 0.0905
v  -1.3679 1.0243 0.0890
v  -1.3592 1.0243 0.1145
v  -1.3669 1.0243 0.0876
v  -1.3545 1.0243 0.1085
v  -1.3660 1.0243 0.0858
v  -1.3508 1.0243 0.1005
v  -1.3655 1.0243 0.0837
v  -1.3486 1.0243 0.0913
v  -1.3652 1.0243 0.0795
v  -1.3478 1.0243 0.0814
v  -1.3717 1.0243 -0.0905
v  -1.3706 1.0243 -0.1197
v  -1.3647 1.0243 -0.1184
v  -1.3692 1.0243 -0.0899
v  -1.3592 1.0243 -0.1145
v  -1.3679 1.0243 -0.0890
v  -1.3545 1.0243 -0.1085
v  -1.3669 1.0243 -0.0876
v  -1.3508 1.0243 -0.1005
v  -1.3660 1.0243 -0.0858
v  -1.3486 1.0243 -0.0913
v  -1.3655 1.0243 -0.0837
v  -1.3478 1.0243 -0.0814
v  -1.3652 1.0243 -0.0795
v  -1.4728 1.0243 -0.0795
v  -1.4902 1.0243 -0.0814
v  -1.4894 1.0243 -0.0913
v  -1.4725 1.0243 -0.0837
v  -1.4871 1.0243 -0.1005
v  -1.4719 1.0243 -0.0858
v  -1.4835 1.0243 -0.1085
v  -1.4711 1.0243 -0.0876
v  -1.4788 1.0243 -0.1145
v  -1.4700 1.0243 -0.0890
v  -1.4733 1.0243 -0.1184
v  -1.4688 1.0243 -0.0899
v  -1.4674 1.0243 -0.1197
v  -1.4663 1.0243 -0.0905
v  -1.4663 1.0243 0.0905
v  -1.4674 1.0243 0.1197
v  -1.4733 1.0243 0.1184
v  -1.4688 1.0243 0.0899
v  -1.4788 1.0243 0.1145
v  -1.4700 1.0243 0.0890
v  -1.4835 1.0243 0.1085
v  -1.4711 1.0243 0.0876
v  -1.4871 1.0243 0.1005
v  -1.4719 1.0243 0.0858
v  -1.4894 1.0243 0.0913
v  -1.4725 1.0243 0.0837
v  -1.4902 1.0243 0.0814
v  -1.4728 1.0243 0.0795
v  -1.4674 1.0438 0.1197
v  -1.3706 1.0438 0.1197
v  -1.3706 1.0465 0.1197
v  -1.4674 1.0465 0.1197
v  -1.3647 1.0438 0.1184
v  -1.3592 1.0438 0.1145
v  -1.3592 1.0465 0.1145
v  -1.3647 1.0465 0.1184
v  -1.3669 1.0465 0.0876
v  -1.3660 1.0465 0.0858
v  -1.3545 1.0438 0.1085
v  -1.3545 1.0465 0.1085
v  -1.3655 1.0465 0.0837
v  -1.3508 1.0438 0.1005
v  -1.3508 1.0465 0.1005
v  -1.3652 1.0465 0.0795
v  -1.3486 1.0438 0.0913
v  -1.3486 1.0465 0.0913
v  -1.3692 1.0465 -0.0899
v  -1.3717 1.0465 -0.0905
v  -1.3478 1.0438 0.0814
v  -1.3478 1.0465 0.0814
v  -1.3679 1.0465 -0.0890
v  -1.3647 1.0438 -0.1184
v  -1.3706 1.0438 -0.1197
v  -1.3706 1.0465 -0.1197
v  -1.3647 1.0465 -0.1184
v  -1.3669 1.0465 -0.0876
v  -1.3592 1.0438 -0.1145
v  -1.3592 1.0465 -0.1145
v  -1.3660 1.0465 -0.0858
v  -1.3545 1.0438 -0.1085
v  -1.3545 1.0465 -0.1085
v  -1.3655 1.0465 -0.0837
v  -1.3508 1.0438 -0.1005
v  -1.3508 1.0465 -0.1005
v  -1.3652 1.0465 -0.0795
v  -1.3486 1.0438 -0.0913
v  -1.3486 1.0465 -0.0913
v  -1.4725 1.0465 -0.0837
v  -1.4728 1.0465 -0.0795
v  -1.3478 1.0438 -0.0814
v  -1.3478 1.0465 -0.0814
v  -1.4719 1.0465 -0.0858
v  -1.4894 1.0438 -0.0913
v  -1.4902 1.0438 -0.0814
v  -1.4902 1.0465 -0.0814
v  -1.4894 1.0465 -0.0913
v  -1.4711 1.0465 -0.0876
v  -1.4871 1.0438 -0.1005
v  -1.4871 1.0465 -0.1005
v  -1.4700 1.0465 -0.0890
v  -1.4835 1.0438 -0.1085
v  -1.4835 1.0465 -0.1085
v  -1.4688 1.0465 -0.0899
v  -1.4788 1.0438 -0.1145
v  -1.4788 1.0465 -0.1145
v  -1.4663 1.0465 -0.0905
v  -1.4733 1.0438 -0.1184
v  -1.4733 1.0465 -0.1184
v  -1.4688 1.0465 0.0899
v  -1.4663 1.0465 0.0905
v  -1.4674 1.0438 -0.1197
v  -1.4674 1.0465 -0.1197
v  -1.4700 1.0465 0.0890
v  -1.4733 1.0438 0.1184
v  -1.4733 1.0465 0.1184
v  -1.4711 1.0465 0.0876
v  -1.4788 1.0438 0.1145
v  -1.4788 1.0465 0.1145
v  -1.4719 1.0465 0.0858
v  -1.4835 1.0438 0.1085
v  -1.4835 1.0465 0.1085
v  -1.4725 1.0465 0.0837
v  -1.4871 1.0438 0.1005
v  -1.4871 1.0465 0.1005
v  -1.4728 1.0465 0.0795
v  -1.4894 1.0438 0.0913
v  -1.4894 1.0465 0.0913
v  -1.4902 1.0438 0.0814
v  -1.4902 1.0465 0.0814
v  -1.3717 1.0465 0.0905
v  -1.3692 1.0465 0.0899
v  -1.3679 1.0465 0.0890
v  -1.4727 0.8284 0.1003
v  -1.4727 0.8284 0.1035
v  -1.3803 1.0262 0.1035
v  -1.3803 1.0262 0.1003
v  -1.4543 0.8284 0.1035
v  -1.3650 1.0262 0.1035
v  -1.4543 0.8284 0.1003
v  -1.3650 1.0262 0.1003
v  -1.4879 0.8305 0.0903
v  -1.4886 0.8305 0.0809
v  -1.4900 0.8305 0.0810
v  -1.4892 0.8305 0.0909
v  -1.4857 0.8305 0.0990
v  -1.4869 0.8305 0.1002
v  -1.4823 0.8305 0.1065
v  -1.4833 0.8305 0.1081
v  -1.4779 0.8305 0.1122
v  -1.4786 0.8305 0.1142
v  -1.4727 0.8305 0.1158
v  -1.4731 0.8305 0.1180
v  -1.4671 0.8305 0.1170
v  -1.4672 0.8305 0.1193
v  -1.3489 0.8305 0.0809
v  -1.3497 0.8305 0.0903
v  -1.3484 0.8305 0.0909
v  -1.3476 0.8305 0.0810
v  -1.3518 0.8305 0.0990
v  -1.3506 0.8305 0.1002
v  -1.3552 0.8305 0.1065
v  -1.3543 0.8305 0.1081
v  -1.3596 0.8305 0.1122
v  -1.3590 0.8305 0.1142
v  -1.3648 0.8305 0.1158
v  -1.3645 0.8305 0.1180
v  -1.3704 0.8305 0.1170
v  -1.3704 0.8305 0.1193
v  -1.3704 0.8305 -0.1178
v  -1.3648 0.8305 -0.1165
v  -1.3645 0.8305 -0.1187
v  -1.3704 0.8305 -0.1200
v  -1.3596 0.8305 -0.1129
v  -1.3590 0.8305 -0.1149
v  -1.3552 0.8305 -0.1072
v  -1.3543 0.8305 -0.1088
v  -1.3518 0.8305 -0.0998
v  -1.3506 0.8305 -0.1009
v  -1.3497 0.8305 -0.0911
v  -1.3484 0.8305 -0.0917
v  -1.3489 0.8305 -0.0816
v  -1.3476 0.8305 -0.0818
v  -1.4886 0.8305 -0.0816
v  -1.4879 0.8305 -0.0911
v  -1.4892 0.8305 -0.0917
v  -1.4900 0.8305 -0.0818
v  -1.4857 0.8305 -0.0998
v  -1.4869 0.8305 -0.1009
v  -1.4823 0.8305 -0.1072
v  -1.4833 0.8305 -0.1088
v  -1.4779 0.8305 -0.1129
v  -1.4786 0.8305 -0.1149
v  -1.4727 0.8305 -0.1165
v  -1.4731 0.8305 -0.1187
v  -1.4671 0.8305 -0.1178
v  -1.4672 0.8305 -0.1200
v  -1.4900 0.8275 -0.0818
v  -1.4900 0.8275 0.0810
v  -1.4892 0.8275 0.0909
v  -1.4869 0.8275 0.1001
v  -1.4698 0.7856 0.0883
v  -1.4709 0.7856 0.0869
v  -1.4709 0.8305 0.0873
v  -1.4698 0.8305 0.0887
v  -1.4833 0.8275 0.1081
v  -1.4686 0.7856 0.0892
v  -1.4686 0.8305 0.0895
v  -1.4786 0.8275 0.1141
v  -1.4661 0.7856 0.0898
v  -1.4661 0.8305 0.0901
v  -1.4731 0.8275 0.1180
v  -1.3650 0.7856 0.0788
v  -1.3653 0.7856 0.0830
v  -1.3653 0.8305 0.0833
v  -1.3650 0.8305 0.0791
v  -1.4672 0.8275 0.1193
v  -1.3658 0.7856 0.0851
v  -1.3658 0.8305 0.0854
v  -1.3484 0.8275 0.0909
v  -1.3476 0.8275 0.0810
v  -1.3666 0.7856 0.0869
v  -1.3666 0.8305 0.0873
v  -1.3506 0.8275 0.1001
v  -1.3677 0.7856 0.0883
v  -1.3677 0.8305 0.0887
v  -1.3543 0.8275 0.1081
v  -1.3690 0.7856 0.0892
v  -1.3690 0.8305 0.0895
v  -1.3590 0.8275 0.1141
v  -1.3715 0.7856 0.0898
v  -1.3715 0.8305 0.0901
v  -1.3645 0.8275 0.1180
v  -1.3715 0.7856 -0.0911
v  -1.3690 0.7856 -0.0906
v  -1.3690 0.8305 -0.0903
v  -1.3715 0.8305 -0.0908
v  -1.3704 0.8275 0.1193
v  -1.3677 0.7856 -0.0897
v  -1.3677 0.8305 -0.0894
v  -1.3645 0.8275 -0.1188
v  -1.3704 0.8275 -0.1201
v  -1.3666 0.7856 -0.0883
v  -1.3666 0.8305 -0.0880
v  -1.3590 0.8275 -0.1150
v  -1.3658 0.7856 -0.0865
v  -1.3658 0.8305 -0.0862
v  -1.3543 0.8275 -0.1089
v  -1.3653 0.7856 -0.0844
v  -1.3653 0.8305 -0.0840
v  -1.3506 0.8275 -0.1009
v  -1.3650 0.7856 -0.0802
v  -1.3650 0.8305 -0.0799
v  -1.3484 0.8275 -0.0917
v  -1.4726 0.7856 -0.0802
v  -1.4723 0.7856 -0.0844
v  -1.4723 0.8305 -0.0840
v  -1.4726 0.8305 -0.0799
v  -1.3476 0.8275 -0.0818
v  -1.4717 0.7856 -0.0865
v  -1.4717 0.8305 -0.0862
v  -1.4892 0.8275 -0.0917
v  -1.4709 0.7856 -0.0883
v  -1.4709 0.8305 -0.0880
v  -1.4869 0.8275 -0.1009
v  -1.4698 0.7856 -0.0897
v  -1.4698 0.8305 -0.0894
v  -1.4833 0.8275 -0.1089
v  -1.4686 0.7856 -0.0906
v  -1.4686 0.8305 -0.0903
v  -1.4786 0.8275 -0.1150
v  -1.4661 0.7856 -0.0911
v  -1.4661 0.8305 -0.0908
v  -1.4731 0.8275 -0.1188
v  -1.4672 0.8275 -0.1201
v  -1.4723 0.7856 0.0830
v  -1.4726 0.7856 0.0788
v  -1.4726 0.8305 0.0791
v  -1.4723 0.8305 0.0833
v  -1.4717 0.7856 0.0851
v  -1.4717 0.8305 0.0854
v  -1.4709 0.8080 0.1005
v  -1.4710 0.8080 0.0990
v  -1.4716 1.0426 0.0990
v  -1.4715 1.0426 0.1005
v  -1.4712 0.8080 0.0975
v  -1.4718 1.0426 0.0975
v  -1.4716 0.8080 0.0962
v  -1.4723 1.0426 0.0962
v  -1.4722 0.8080 0.0951
v  -1.4728 1.0426 0.0951
v  -1.4729 0.8080 0.0941
v  -1.4735 1.0426 0.0941
v  -1.4737 0.8080 0.0934
v  -1.4743 1.0426 0.0934
v  -1.4745 0.8080 0.0930
v  -1.4752 1.0426 0.0930
v  -1.4754 0.8080 0.0928
v  -1.4761 1.0426 0.0928
v  -1.4763 0.8080 0.0930
v  -1.4769 1.0426 0.0930
v  -1.4772 0.8080 0.0934
v  -1.4778 1.0426 0.0934
v  -1.4780 0.8080 0.0941
v  -1.4786 1.0426 0.0941
v  -1.4787 0.8080 0.0951
v  -1.4793 1.0426 0.0951
v  -1.4792 0.8080 0.0962
v  -1.4799 1.0426 0.0962
v  -1.4797 0.8080 0.0975
v  -1.4803 1.0426 0.0975
v  -1.4799 0.8080 0.0990
v  -1.4805 1.0426 0.0990
v  -1.4800 0.8080 0.1005
v  -1.4806 1.0426 0.1005
v  -1.4799 0.8080 0.1020
v  -1.4805 1.0426 0.1020
v  -1.4797 0.8080 0.1034
v  -1.4803 1.0426 0.1034
v  -1.4792 0.8080 0.1047
v  -1.4799 1.0426 0.1047
v  -1.4787 0.8080 0.1059
v  -1.4793 1.0426 0.1059
v  -1.4780 0.8080 0.1069
v  -1.4786 1.0426 0.1069
v  -1.4772 0.8080 0.1076
v  -1.4778 1.0426 0.1076
v  -1.4763 0.8080 0.1080
v  -1.4769 1.0426 0.1080
v  -1.4754 0.8080 0.1081
v  -1.4761 1.0426 0.1081
v  -1.4745 0.8080 0.1080
v  -1.4752 1.0426 0.1080
v  -1.4737 0.8080 0.1076
v  -1.4743 1.0426 0.1076
v  -1.4729 0.8080 0.1069
v  -1.4735 1.0426 0.1069
v  -1.4722 0.8080 0.1059
v  -1.4728 1.0426 0.1059
v  -1.4716 0.8080 0.1047
v  -1.4723 1.0426 0.1047
v  -1.4712 0.8080 0.1034
v  -1.4718 1.0426 0.1034
v  -1.4716 1.0426 0.1020
v  -1.4710 0.8080 0.1020
v  -1.4709 0.8080 -0.1017
v  -1.4710 0.8080 -0.1032
v  -1.4716 1.0426 -0.1032
v  -1.4715 1.0426 -0.1017
v  -1.4712 0.8080 -0.1046
v  -1.4718 1.0426 -0.1046
v  -1.4716 0.8080 -0.1059
v  -1.4723 1.0426 -0.1059
v  -1.4722 0.8080 -0.1071
v  -1.4728 1.0426 -0.1071
v  -1.4729 0.8080 -0.1080
v  -1.4735 1.0426 -0.1080
v  -1.4737 0.8080 -0.1088
v  -1.4743 1.0426 -0.1088
v  -1.4745 0.8080 -0.1092
v  -1.4752 1.0426 -0.1092
v  -1.4754 0.8080 -0.1093
v  -1.4761 1.0426 -0.1093
v  -1.4763 0.8080 -0.1092
v  -1.4769 1.0426 -0.1092
v  -1.4772 0.8080 -0.1088
v  -1.4778 1.0426 -0.1088
v  -1.4780 0.8080 -0.1080
v  -1.4786 1.0426 -0.1080
v  -1.4787 0.8080 -0.1071
v  -1.4793 1.0426 -0.1071
v  -1.4792 0.8080 -0.1059
v  -1.4799 1.0426 -0.1059
v  -1.4797 0.8080 -0.1046
v  -1.4803 1.0426 -0.1046
v  -1.4799 0.8080 -0.1032
v  -1.4805 1.0426 -0.1032
v  -1.4800 0.8080 -0.1017
v  -1.4806 1.0426 -0.1017
v  -1.4799 0.8080 -0.1002
v  -1.4805 1.0426 -0.1002
v  -1.4797 0.8080 -0.0987
v  -1.4803 1.0426 -0.0987
v  -1.4792 0.8080 -0.0974
v  -1.4799 1.0426 -0.0974
v  -1.4787 0.8080 -0.0962
v  -1.4793 1.0426 -0.0962
v  -1.4780 0.8080 -0.0953
v  -1.4786 1.0426 -0.0953
v  -1.4772 0.8080 -0.0946
v  -1.4778 1.0426 -0.0946
v  -1.4763 0.8080 -0.0941
v  -1.4769 1.0426 -0.0941
v  -1.4754 0.8080 -0.0940
v  -1.4761 1.0426 -0.0940
v  -1.4745 0.8080 -0.0941
v  -1.4752 1.0426 -0.0941
v  -1.4737 0.8080 -0.0946
v  -1.4743 1.0426 -0.0946
v  -1.4729 0.8080 -0.0953
v  -1.4735 1.0426 -0.0953
v  -1.4722 0.8080 -0.0962
v  -1.4728 1.0426 -0.0962
v  -1.4716 0.8080 -0.0974
v  -1.4723 1.0426 -0.0974
v  -1.4712 0.8080 -0.0987
v  -1.4718 1.0426 -0.0987
v  -1.4716 1.0426 -0.1002
v  -1.4710 0.8080 -0.1002
v  -1.3563 0.8080 -0.1017
v  -1.3564 0.8080 -0.1032
v  -1.3570 1.0426 -0.1032
v  -1.3570 1.0426 -0.1017
v  -1.3567 0.8080 -0.1046
v  -1.3573 1.0426 -0.1046
v  -1.3571 0.8080 -0.1059
v  -1.3577 1.0426 -0.1059
v  -1.3577 0.8080 -0.1071
v  -1.3583 1.0426 -0.1071
v  -1.3584 0.8080 -0.1080
v  -1.3590 1.0426 -0.1080
v  -1.3591 0.8080 -0.1088
v  -1.3598 1.0426 -0.1088
v  -1.3600 0.8080 -0.1092
v  -1.3606 1.0426 -0.1092
v  -1.3609 0.8080 -0.1093
v  -1.3615 1.0426 -0.1093
v  -1.3618 0.8080 -0.1092
v  -1.3624 1.0426 -0.1092
v  -1.3626 0.8080 -0.1088
v  -1.3633 1.0426 -0.1088
v  -1.3634 0.8080 -0.1080
v  -1.3641 1.0426 -0.1080
v  -1.3641 0.8080 -0.1071
v  -1.3647 1.0426 -0.1071
v  -1.3647 0.8080 -0.1059
v  -1.3653 1.0426 -0.1059
v  -1.3651 0.8080 -0.1046
v  -1.3657 1.0426 -0.1046
v  -1.3654 0.8080 -0.1032
v  -1.3660 1.0426 -0.1032
v  -1.3655 0.8080 -0.1017
v  -1.3661 1.0426 -0.1017
v  -1.3654 0.8080 -0.1002
v  -1.3660 1.0426 -0.1002
v  -1.3651 0.8080 -0.0987
v  -1.3657 1.0426 -0.0987
v  -1.3647 0.8080 -0.0974
v  -1.3653 1.0426 -0.0974
v  -1.3641 0.8080 -0.0962
v  -1.3647 1.0426 -0.0962
v  -1.3634 0.8080 -0.0953
v  -1.3641 1.0426 -0.0953
v  -1.3626 0.8080 -0.0946
v  -1.3633 1.0426 -0.0946
v  -1.3618 0.8080 -0.0941
v  -1.3624 1.0426 -0.0941
v  -1.3609 0.8080 -0.0940
v  -1.3615 1.0426 -0.0940
v  -1.3600 0.8080 -0.0941
v  -1.3606 1.0426 -0.0941
v  -1.3591 0.8080 -0.0946
v  -1.3598 1.0426 -0.0946
v  -1.3584 0.8080 -0.0953
v  -1.3590 1.0426 -0.0953
v  -1.3577 0.8080 -0.0962
v  -1.3583 1.0426 -0.0962
v  -1.3571 0.8080 -0.0974
v  -1.3577 1.0426 -0.0974
v  -1.3567 0.8080 -0.0987
v  -1.3573 1.0426 -0.0987
v  -1.3570 1.0426 -0.1002
v  -1.3564 0.8080 -0.1002
v  -1.3563 0.8080 0.1008
v  -1.3564 0.8080 0.0993
v  -1.3570 1.0426 0.0993
v  -1.3570 1.0426 0.1008
v  -1.3567 0.8080 0.0978
v  -1.3573 1.0426 0.0978
v  -1.3571 0.8080 0.0965
v  -1.3577 1.0426 0.0965
v  -1.3577 0.8080 0.0953
v  -1.3583 1.0426 0.0953
v  -1.3584 0.8080 0.0944
v  -1.3590 1.0426 0.0944
v  -1.3591 0.8080 0.0937
v  -1.3598 1.0426 0.0937
v  -1.3600 0.8080 0.0932
v  -1.3606 1.0426 0.0932
v  -1.3609 0.8080 0.0931
v  -1.3615 1.0426 0.0931
v  -1.3618 0.8080 0.0932
v  -1.3624 1.0426 0.0932
v  -1.3626 0.8080 0.0937
v  -1.3633 1.0426 0.0937
v  -1.3634 0.8080 0.0944
v  -1.3641 1.0426 0.0944
v  -1.3641 0.8080 0.0953
v  -1.3647 1.0426 0.0953
v  -1.3647 0.8080 0.0965
v  -1.3653 1.0426 0.0965
v  -1.3651 0.8080 0.0978
v  -1.3657 1.0426 0.0978
v  -1.3654 0.8080 0.0993
v  -1.3660 1.0426 0.0993
v  -1.3655 0.8080 0.1008
v  -1.3661 1.0426 0.1008
v  -1.3654 0.8080 0.1023
v  -1.3660 1.0426 0.1023
v  -1.3651 0.8080 0.1037
v  -1.3657 1.0426 0.1037
v  -1.3647 0.8080 0.1050
v  -1.3653 1.0426 0.1050
v  -1.3641 0.8080 0.1062
v  -1.3647 1.0426 0.1062
v  -1.3634 0.8080 0.1071
v  -1.3641 1.0426 0.1071
v  -1.3626 0.8080 0.1078
v  -1.3633 1.0426 0.1078
v  -1.3618 0.8080 0.1083
v  -1.3624 1.0426 0.1083
v  -1.3609 0.8080 0.1084
v  -1.3615 1.0426 0.1084
v  -1.3600 0.8080 0.1083
v  -1.3606 1.0426 0.1083
v  -1.3591 0.8080 0.1078
v  -1.3598 1.0426 0.1078
v  -1.3584 0.8080 0.1071
v  -1.3590 1.0426 0.1071
v  -1.3577 0.8080 0.1062
v  -1.3583 1.0426 0.1062
v  -1.3571 0.8080 0.1050
v  -1.3577 1.0426 0.1050
v  -1.3567 0.8080 0.1037
v  -1.3573 1.0426 0.1037
v  -1.3570 1.0426 0.1023
v  -1.3564 0.8080 0.1023
v  -1.4793 0.8284 0.0928
v  -1.4775 0.8284 0.0928
v  -1.4781 1.0262 -0.0654
v  -1.4800 1.0262 -0.0654
v  -1.4775 0.8284 0.0599
v  -1.4781 1.0262 -0.0983
v  -1.4793 0.8284 0.0599
v  -1.4800 1.0262 -0.0983
v  -1.3578 0.8284 -0.0973
v  -1.3597 0.8284 -0.0973
v  -1.3603 1.0262 0.0609
v  -1.3584 1.0262 0.0609
v  -1.3597 0.8284 -0.0644
v  -1.3603 1.0262 0.0939
v  -1.3578 0.8284 -0.0644
v  -1.3584 1.0262 0.0939
v  -1.3646 0.8284 -0.1027
v  -1.3646 0.8284 -0.1059
v  -1.4582 1.0262 -0.1059
v  -1.4582 1.0262 -0.1027
v  -1.3830 0.8284 -0.1059
v  -1.4735 1.0262 -0.1059
v  -1.3830 0.8284 -0.1027
v  -1.4735 1.0262 -0.1027
v  -1.3476 0.7856 -0.0821
v  -1.3484 0.7856 -0.0920
v  -1.3653 0.7826 -0.0844
v  -1.3484 0.7826 -0.0920
v  -1.3476 0.7826 -0.0821
v  -1.3650 0.7826 -0.0802
v  -1.3658 0.7826 -0.0865
v  -1.3506 0.7826 -0.1012
v  -1.3666 0.7826 -0.0883
v  -1.3543 0.7826 -0.1092
v  -1.3677 0.7826 -0.0897
v  -1.3590 0.7826 -0.1152
v  -1.3690 0.7826 -0.0906
v  -1.3645 0.7826 -0.1191
v  -1.3715 0.7826 -0.0911
v  -1.3704 0.7826 -0.1204
v  -1.4726 0.7826 -0.0802
v  -1.4900 0.7826 -0.0821
v  -1.4892 0.7826 -0.0920
v  -1.4723 0.7826 -0.0844
v  -1.4869 0.7826 -0.1012
v  -1.4717 0.7826 -0.0865
v  -1.4833 0.7826 -0.1092
v  -1.4709 0.7826 -0.0883
v  -1.4786 0.7826 -0.1152
v  -1.4698 0.7826 -0.0897
v  -1.4731 0.7826 -0.1191
v  -1.4686 0.7826 -0.0906
v  -1.4672 0.7826 -0.1204
v  -1.4661 0.7826 -0.0911
v  -1.4661 0.7826 0.0898
v  -1.4672 0.7826 0.1190
v  -1.4731 0.7826 0.1177
v  -1.4686 0.7826 0.0892
v  -1.4786 0.7826 0.1139
v  -1.4698 0.7826 0.0883
v  -1.4833 0.7826 0.1078
v  -1.4709 0.7826 0.0869
v  -1.4869 0.7826 0.0998
v  -1.4717 0.7826 0.0851
v  -1.4892 0.7826 0.0906
v  -1.4723 0.7826 0.0830
v  -1.4900 0.7826 0.0807
v  -1.4726 0.7826 0.0788
v  -1.3650 0.7826 0.0788
v  -1.3476 0.7826 0.0807
v  -1.3484 0.7826 0.0906
v  -1.3653 0.7826 0.0830
v  -1.3506 0.7826 0.0998
v  -1.3658 0.7826 0.0851
v  -1.3543 0.7826 0.1078
v  -1.3666 0.7826 0.0869
v  -1.3590 0.7826 0.1139
v  -1.3677 0.7826 0.0883
v  -1.3645 0.7826 0.1177
v  -1.3690 0.7826 0.0892
v  -1.3704 0.7826 0.1190
v  -1.3715 0.7826 0.0898
v  -1.3506 0.7856 -0.1012
v  -1.3543 0.7856 -0.1092
v  -1.3590 0.7856 -0.1152
v  -1.3645 0.7856 -0.1191
v  -1.3704 0.7856 -0.1204
v  -1.4892 0.7856 -0.0920
v  -1.4900 0.7856 -0.0821
v  -1.4869 0.7856 -0.1012
v  -1.4833 0.7856 -0.1092
v  -1.4786 0.7856 -0.1152
v  -1.4731 0.7856 -0.1191
v  -1.4672 0.7856 -0.1204
v  -1.4731 0.7856 0.1177
v  -1.4672 0.7856 0.1190
v  -1.4786 0.7856 0.1139
v  -1.4833 0.7856 0.1078
v  -1.4869 0.7856 0.0998
v  -1.4892 0.7856 0.0906
v  -1.4900 0.7856 0.0807
v  -1.3484 0.7856 0.0906
v  -1.3476 0.7856 0.0807
v  -1.3506 0.7856 0.0998
v  -1.3543 0.7856 0.1078
v  -1.3590 0.7856 0.1139
v  -1.3645 0.7856 0.1177
v  -1.3704 0.7856 0.1190
v  -1.3591 0.5867 0.0906
v  -1.3572 0.5867 0.0906
v  -1.3572 0.7845 -0.0657
v  -1.3591 0.7845 -0.0657
v  -1.3572 0.5867 0.0596
v  -1.3572 0.7845 -0.0914
v  -1.3591 0.5867 0.0596
v  -1.3591 0.7845 -0.0914
v  -1.3651 0.5887 0.1160
v  -1.3707 0.5887 0.1173
v  -1.3706 0.5887 0.1197
v  -1.3647 0.5887 0.1184
v  -1.3599 0.5887 0.1124
v  -1.3592 0.5887 0.1145
v  -1.3555 0.5887 0.1067
v  -1.3545 0.5887 0.1085
v  -1.3521 0.5887 0.0993
v  -1.3509 0.5887 0.1005
v  -1.3500 0.5887 0.0907
v  -1.3486 0.5887 0.0913
v  -1.3492 0.5887 0.0812
v  -1.3478 0.5887 0.0814
v  -1.3707 0.5887 -0.1173
v  -1.3651 0.5887 -0.1160
v  -1.3647 0.5887 -0.1184
v  -1.3706 0.5887 -0.1197
v  -1.3599 0.5887 -0.1124
v  -1.3592 0.5887 -0.1145
v  -1.3555 0.5887 -0.1067
v  -1.3545 0.5887 -0.1085
v  -1.3521 0.5887 -0.0993
v  -1.3509 0.5887 -0.1005
v  -1.3500 0.5887 -0.0907
v  -1.3486 0.5887 -0.0913
v  -1.3492 0.5887 -0.0812
v  -1.3478 0.5887 -0.0814
v  -1.4887 0.5887 -0.0812
v  -1.4880 0.5887 -0.0907
v  -1.4894 0.5887 -0.0913
v  -1.4902 0.5887 -0.0814
v  -1.4859 0.5887 -0.0993
v  -1.4871 0.5887 -0.1005
v  -1.4825 0.5887 -0.1067
v  -1.4835 0.5887 -0.1085
v  -1.4781 0.5887 -0.1124
v  -1.4788 0.5887 -0.1145
v  -1.4729 0.5887 -0.1160
v  -1.4733 0.5887 -0.1184
v  -1.4673 0.5887 -0.1173
v  -1.4674 0.5887 -0.1197
v  -1.4673 0.5887 0.1173
v  -1.4729 0.5887 0.1160
v  -1.4733 0.5887 0.1184
v  -1.4674 0.5887 0.1197
v  -1.4781 0.5887 0.1124
v  -1.4788 0.5887 0.1145
v  -1.4825 0.5887 0.1067
v  -1.4835 0.5887 0.1085
v  -1.4859 0.5887 0.0993
v  -1.4871 0.5887 0.1005
v  -1.4880 0.5887 0.0907
v  -1.4894 0.5887 0.0913
v  -1.4887 0.5887 0.0812
v  -1.4902 0.5887 0.0814
v  -1.4674 0.5842 0.1197
v  -1.3706 0.5842 0.1197
v  -1.3647 0.5842 0.1184
v  -1.3592 0.5842 0.1145
v  -1.3669 0.5887 0.0876
v  -1.3660 0.5887 0.0858
v  -1.3545 0.5842 0.1085
v  -1.3655 0.5887 0.0837
v  -1.3509 0.5842 0.1005
v  -1.3652 0.5887 0.0795
v  -1.3486 0.5842 0.0913
v  -1.3692 0.5887 -0.0899
v  -1.3717 0.5887 -0.0905
v  -1.3478 0.5842 0.0814
v  -1.3680 0.5631 -0.0890
v  -1.3680 0.5887 -0.0890
v  -1.3647 0.5842 -0.1184
v  -1.3706 0.5842 -0.1197
v  -1.3669 0.5887 -0.0876
v  -1.3592 0.5842 -0.1145
v  -1.3660 0.5887 -0.0858
v  -1.3545 0.5842 -0.1085
v  -1.3655 0.5887 -0.0837
v  -1.3509 0.5842 -0.1005
v  -1.3652 0.5887 -0.0795
v  -1.3486 0.5842 -0.0913
v  -1.4725 0.5887 -0.0837
v  -1.4728 0.5887 -0.0795
v  -1.3478 0.5842 -0.0814
v  -1.4720 0.5631 -0.0858
v  -1.4720 0.5887 -0.0858
v  -1.4894 0.5842 -0.0913
v  -1.4902 0.5842 -0.0814
v  -1.4711 0.5887 -0.0876
v  -1.4871 0.5842 -0.1005
v  -1.4700 0.5887 -0.0890
v  -1.4835 0.5842 -0.1085
v  -1.4688 0.5887 -0.0899
v  -1.4788 0.5842 -0.1145
v  -1.4663 0.5887 -0.0905
v  -1.4733 0.5842 -0.1184
v  -1.4688 0.5887 0.0899
v  -1.4663 0.5887 0.0905
v  -1.4674 0.5842 -0.1197
v  -1.4700 0.5887 0.0890
v  -1.4733 0.5842 0.1184
v  -1.4711 0.5887 0.0876
v  -1.4788 0.5842 0.1145
v  -1.4720 0.5631 0.0858
v  -1.4720 0.5887 0.0858
v  -1.4835 0.5842 0.1085
v  -1.4725 0.5887 0.0837
v  -1.4871 0.5842 0.1005
v  -1.4728 0.5887 0.0795
v  -1.4894 0.5842 0.0913
v  -1.4902 0.5842 0.0814
v  -1.3717 0.5887 0.0905
v  -1.3692 0.5887 0.0899
v  -1.3680 0.5631 0.0890
v  -1.3680 0.5887 0.0890
v  -1.3590 0.5663 0.0876
v  -1.3599 0.5663 0.0877
v  -1.3599 0.8009 0.0877
v  -1.3590 0.8009 0.0876
v  -1.3607 0.5663 0.0882
v  -1.3607 0.8009 0.0882
v  -1.3615 0.5663 0.0889
v  -1.3615 0.8009 0.0889
v  -1.3622 0.5663 0.0898
v  -1.3622 0.8009 0.0898
v  -1.3628 0.5663 0.0910
v  -1.3628 0.8009 0.0910
v  -1.3632 0.5663 0.0923
v  -1.3632 0.8009 0.0923
v  -1.3635 0.5663 0.0937
v  -1.3635 0.8009 0.0937
v  -1.3636 0.5663 0.0952
v  -1.3636 0.8009 0.0952
v  -1.3635 0.5663 0.0967
v  -1.3635 0.8009 0.0967
v  -1.3632 0.5663 0.0982
v  -1.3632 0.8009 0.0982
v  -1.3628 0.5663 0.0995
v  -1.3628 0.8009 0.0995
v  -1.3622 0.5663 0.1007
v  -1.3622 0.8009 0.1007
v  -1.3615 0.5663 0.1016
v  -1.3615 0.8009 0.1016
v  -1.3607 0.5663 0.1023
v  -1.3607 0.8009 0.1023
v  -1.3599 0.5663 0.1028
v  -1.3599 0.8009 0.1028
v  -1.3590 0.5663 0.1029
v  -1.3590 0.8009 0.1029
v  -1.3581 0.5663 0.1028
v  -1.3581 0.8009 0.1028
v  -1.3573 0.5663 0.1023
v  -1.3573 0.8009 0.1023
v  -1.3565 0.5663 0.1016
v  -1.3565 0.8009 0.1016
v  -1.3558 0.5663 0.1007
v  -1.3558 0.8009 0.1007
v  -1.3552 0.5663 0.0995
v  -1.3552 0.8009 0.0995
v  -1.3548 0.5663 0.0982
v  -1.3548 0.8009 0.0982
v  -1.3545 0.5663 0.0967
v  -1.3545 0.8009 0.0967
v  -1.3544 0.5663 0.0952
v  -1.3544 0.8009 0.0952
v  -1.3545 0.5663 0.0937
v  -1.3545 0.8009 0.0937
v  -1.3548 0.5663 0.0923
v  -1.3548 0.8009 0.0923
v  -1.3552 0.5663 0.0910
v  -1.3552 0.8009 0.0910
v  -1.3558 0.5663 0.0898
v  -1.3558 0.8009 0.0898
v  -1.3565 0.5663 0.0889
v  -1.3565 0.8009 0.0889
v  -1.3573 0.5663 0.0882
v  -1.3573 0.8009 0.0882
v  -1.3581 0.8009 0.0877
v  -1.3581 0.5663 0.0877
v  -1.4793 0.5663 0.0876
v  -1.4801 0.5663 0.0877
v  -1.4801 0.8009 0.0877
v  -1.4793 0.8009 0.0876
v  -1.4810 0.5663 0.0882
v  -1.4810 0.8009 0.0882
v  -1.4818 0.5663 0.0889
v  -1.4818 0.8009 0.0889
v  -1.4825 0.5663 0.0898
v  -1.4825 0.8009 0.0898
v  -1.4831 0.5663 0.0910
v  -1.4831 0.8009 0.0910
v  -1.4835 0.5663 0.0923
v  -1.4835 0.8009 0.0923
v  -1.4837 0.5663 0.0937
v  -1.4837 0.8009 0.0937
v  -1.4838 0.5663 0.0952
v  -1.4838 0.8009 0.0952
v  -1.4837 0.5663 0.0967
v  -1.4837 0.8009 0.0967
v  -1.4835 0.5663 0.0982
v  -1.4835 0.8009 0.0982
v  -1.4831 0.5663 0.0995
v  -1.4831 0.8009 0.0995
v  -1.4825 0.5663 0.1007
v  -1.4825 0.8009 0.1007
v  -1.4818 0.5663 0.1016
v  -1.4818 0.8009 0.1016
v  -1.4810 0.5663 0.1023
v  -1.4810 0.8009 0.1023
v  -1.4801 0.5663 0.1028
v  -1.4801 0.8009 0.1028
v  -1.4793 0.5663 0.1029
v  -1.4793 0.8009 0.1029
v  -1.4784 0.5663 0.1028
v  -1.4784 0.8009 0.1028
v  -1.4775 0.5663 0.1023
v  -1.4775 0.8009 0.1023
v  -1.4767 0.5663 0.1016
v  -1.4767 0.8009 0.1016
v  -1.4760 0.5663 0.1007
v  -1.4760 0.8009 0.1007
v  -1.4755 0.5663 0.0995
v  -1.4755 0.8009 0.0995
v  -1.4750 0.5663 0.0982
v  -1.4750 0.8009 0.0982
v  -1.4748 0.5663 0.0967
v  -1.4748 0.8009 0.0967
v  -1.4747 0.5663 0.0952
v  -1.4747 0.8009 0.0952
v  -1.4748 0.5663 0.0937
v  -1.4748 0.8009 0.0937
v  -1.4750 0.5663 0.0923
v  -1.4750 0.8009 0.0923
v  -1.4755 0.5663 0.0910
v  -1.4755 0.8009 0.0910
v  -1.4760 0.5663 0.0898
v  -1.4760 0.8009 0.0898
v  -1.4767 0.5663 0.0889
v  -1.4767 0.8009 0.0889
v  -1.4775 0.5663 0.0882
v  -1.4775 0.8009 0.0882
v  -1.4784 0.8009 0.0877
v  -1.4784 0.5663 0.0877
v  -1.4793 0.5663 -0.1050
v  -1.4801 0.5663 -0.1048
v  -1.4801 0.8009 -0.1048
v  -1.4793 0.8009 -0.1050
v  -1.4810 0.5663 -0.1044
v  -1.4810 0.8009 -0.1044
v  -1.4818 0.5663 -0.1037
v  -1.4818 0.8009 -0.1037
v  -1.4825 0.5663 -0.1027
v  -1.4825 0.8009 -0.1027
v  -1.4831 0.5663 -0.1016
v  -1.4831 0.8009 -0.1016
v  -1.4835 0.5663 -0.1002
v  -1.4835 0.8009 -0.1002
v  -1.4837 0.5663 -0.0988
v  -1.4837 0.8009 -0.0988
v  -1.4838 0.5663 -0.0973
v  -1.4838 0.8009 -0.0973
v  -1.4837 0.5663 -0.0958
v  -1.4837 0.8009 -0.0958
v  -1.4835 0.5663 -0.0944
v  -1.4835 0.8009 -0.0944
v  -1.4831 0.5663 -0.0930
v  -1.4831 0.8009 -0.0930
v  -1.4825 0.5663 -0.0919
v  -1.4825 0.8009 -0.0919
v  -1.4818 0.5663 -0.0909
v  -1.4818 0.8009 -0.0909
v  -1.4810 0.5663 -0.0902
v  -1.4810 0.8009 -0.0902
v  -1.4801 0.5663 -0.0898
v  -1.4801 0.8009 -0.0898
v  -1.4793 0.5663 -0.0896
v  -1.4793 0.8009 -0.0896
v  -1.4784 0.5663 -0.0898
v  -1.4784 0.8009 -0.0898
v  -1.4775 0.5663 -0.0902
v  -1.4775 0.8009 -0.0902
v  -1.4767 0.5663 -0.0909
v  -1.4767 0.8009 -0.0909
v  -1.4760 0.5663 -0.0919
v  -1.4760 0.8009 -0.0919
v  -1.4755 0.5663 -0.0930
v  -1.4755 0.8009 -0.0930
v  -1.4750 0.5663 -0.0944
v  -1.4750 0.8009 -0.0944
v  -1.4748 0.5663 -0.0958
v  -1.4748 0.8009 -0.0958
v  -1.4747 0.5663 -0.0973
v  -1.4747 0.8009 -0.0973
v  -1.4748 0.5663 -0.0988
v  -1.4748 0.8009 -0.0988
v  -1.4750 0.5663 -0.1002
v  -1.4750 0.8009 -0.1002
v  -1.4755 0.5663 -0.1016
v  -1.4755 0.8009 -0.1016
v  -1.4760 0.5663 -0.1027
v  -1.4760 0.8009 -0.1027
v  -1.4767 0.5663 -0.1037
v  -1.4767 0.8009 -0.1037
v  -1.4775 0.5663 -0.1044
v  -1.4775 0.8009 -0.1044
v  -1.4784 0.8009 -0.1048
v  -1.4784 0.5663 -0.1048
v  -1.3588 0.5663 -0.1050
v  -1.3597 0.5663 -0.1048
v  -1.3597 0.8009 -0.1048
v  -1.3588 0.8009 -0.1050
v  -1.3606 0.5663 -0.1044
v  -1.3606 0.8009 -0.1044
v  -1.3614 0.5663 -0.1037
v  -1.3614 0.8009 -0.1037
v  -1.3621 0.5663 -0.1027
v  -1.3621 0.8009 -0.1027
v  -1.3626 0.5663 -0.1016
v  -1.3626 0.8009 -0.1016
v  -1.3630 0.5663 -0.1002
v  -1.3630 0.8009 -0.1002
v  -1.3633 0.5663 -0.0988
v  -1.3633 0.8009 -0.0988
v  -1.3634 0.5663 -0.0973
v  -1.3634 0.8009 -0.0973
v  -1.3633 0.5663 -0.0958
v  -1.3633 0.8009 -0.0958
v  -1.3630 0.5663 -0.0944
v  -1.3630 0.8009 -0.0944
v  -1.3626 0.5663 -0.0930
v  -1.3626 0.8009 -0.0930
v  -1.3621 0.5663 -0.0919
v  -1.3621 0.8009 -0.0919
v  -1.3614 0.5663 -0.0909
v  -1.3614 0.8009 -0.0909
v  -1.3606 0.5663 -0.0902
v  -1.3606 0.8009 -0.0902
v  -1.3597 0.5663 -0.0898
v  -1.3597 0.8009 -0.0898
v  -1.3588 0.5663 -0.0896
v  -1.3588 0.8009 -0.0896
v  -1.3579 0.5663 -0.0898
v  -1.3579 0.8009 -0.0898
v  -1.3571 0.5663 -0.0902
v  -1.3571 0.8009 -0.0902
v  -1.3563 0.5663 -0.0909
v  -1.3563 0.8009 -0.0909
v  -1.3556 0.5663 -0.0919
v  -1.3556 0.8009 -0.0919
v  -1.3550 0.5663 -0.0930
v  -1.3550 0.8009 -0.0930
v  -1.3546 0.5663 -0.0944
v  -1.3546 0.8009 -0.0944
v  -1.3544 0.5663 -0.0958
v  -1.3544 0.8009 -0.0958
v  -1.3543 0.5663 -0.0973
v  -1.3543 0.8009 -0.0973
v  -1.3544 0.5663 -0.0988
v  -1.3544 0.8009 -0.0988
v  -1.3546 0.5663 -0.1002
v  -1.3546 0.8009 -0.1002
v  -1.3550 0.5663 -0.1016
v  -1.3550 0.8009 -0.1016
v  -1.3556 0.5663 -0.1027
v  -1.3556 0.8009 -0.1027
v  -1.3563 0.5663 -0.1037
v  -1.3563 0.8009 -0.1037
v  -1.3571 0.5663 -0.1044
v  -1.3571 0.8009 -0.1044
v  -1.3579 0.8009 -0.1048
v  -1.3579 0.5663 -0.1048
v  -1.3636 0.5867 0.1018
v  -1.3636 0.5867 0.0986
v  -1.4577 0.7845 0.0986
v  -1.4577 0.7845 0.1018
v  -1.3832 0.5867 0.0986
v  -1.4773 0.7845 0.0986
v  -1.3832 0.5867 0.1018
v  -1.4773 0.7845 0.1018
v  -1.4766 0.5867 -0.1025
v  -1.4766 0.5867 -0.0993
v  -1.3825 0.7845 -0.0993
v  -1.3825 0.7845 -0.1025
v  -1.4571 0.5867 -0.0993
v  -1.3629 0.7845 -0.0993
v  -1.4571 0.5867 -0.1025
v  -1.3629 0.7845 -0.1025
v  -1.4799 0.5867 -0.0911
v  -1.4818 0.5867 -0.0911
v  -1.4818 0.7845 0.0652
v  -1.4799 0.7845 0.0652
v  -1.4818 0.5867 -0.0601
v  -1.4818 0.7845 0.0909
v  -1.4799 0.5867 -0.0601
v  -1.4799 0.7845 0.0909
v  -1.4741 0.8305 -0.0800
v  -1.4741 0.8305 0.0793
v  -1.3714 0.8305 -0.0934
v  -1.4662 0.8305 -0.0934
v  -1.3634 0.8305 0.0793
v  -1.3634 0.8305 -0.0800
v  -1.4662 0.8305 0.0927
v  -1.3714 0.8305 0.0927
v  -1.4690 0.8305 -0.0928
v  -1.4706 0.8305 -0.0917
v  -1.4720 0.8305 -0.0899
v  -1.4731 0.8305 -0.0875
v  -1.4738 0.8305 -0.0847
v  -1.3638 0.8305 -0.0847
v  -1.3645 0.8305 -0.0875
v  -1.3655 0.8305 -0.0899
v  -1.3669 0.8305 -0.0917
v  -1.3686 0.8305 -0.0928
v  -1.3686 0.8305 0.0921
v  -1.3669 0.8305 0.0909
v  -1.3655 0.8305 0.0891
v  -1.3645 0.8305 0.0867
v  -1.3638 0.8305 0.0840
v  -1.4690 0.8305 0.0921
v  -1.4706 0.8305 0.0909
v  -1.4720 0.8305 0.0891
v  -1.4731 0.8305 0.0867
v  -1.4738 0.8305 0.0840
v  -1.3706 0.5663 0.1197
v  -1.3647 0.5663 0.1184
v  -1.4902 0.5663 -0.0814
v  -1.4902 0.5663 0.0814
v  -1.3706 0.5663 -0.1197
v  -1.4674 0.5663 -0.1197
v  -1.3478 0.5663 0.0814
v  -1.3478 0.5663 -0.0814
v  -1.4894 0.5663 0.0913
v  -1.4871 0.5663 0.1005
v  -1.4835 0.5663 0.1085
v  -1.4788 0.5663 0.1145
v  -1.4733 0.5663 0.1184
v  -1.4674 0.5663 0.1197
v  -1.4733 0.5663 -0.1184
v  -1.4788 0.5663 -0.1145
v  -1.4835 0.5663 -0.1085
v  -1.4871 0.5663 -0.1005
v  -1.4894 0.5663 -0.0913
v  -1.3486 0.5663 -0.0913
v  -1.3509 0.5663 -0.1005
v  -1.3545 0.5663 -0.1085
v  -1.3592 0.5663 -0.1145
v  -1.3647 0.5663 -0.1184
v  -1.3486 0.5663 0.0913
v  -1.3509 0.5663 0.1005
v  -1.3545 0.5663 0.1085
v  -1.3592 0.5663 0.1145
v  -1.3509 0.5631 0.1005
v  -1.3509 0.5631 -0.1005
v  -1.3715 0.5887 0.0947
v  -1.4664 0.5887 0.0947
v  -1.4753 0.5887 0.0798
v  -1.4753 0.5887 -0.0798
v  -1.4664 0.5887 -0.0947
v  -1.3715 0.5887 -0.0947
v  -1.3627 0.5887 -0.0798
v  -1.3627 0.5887 0.0798
v  -1.4749 0.5887 0.0848
v  -1.4741 0.5887 0.0879
v  -1.4729 0.5887 0.0906
v  -1.4713 0.5887 0.0927
v  -1.4694 0.5887 0.0940
v  -1.4694 0.5887 -0.0940
v  -1.4713 0.5887 -0.0927
v  -1.4729 0.5887 -0.0906
v  -1.4741 0.5887 -0.0879
v  -1.4749 0.5887 -0.0848
v  -1.3631 0.5887 -0.0848
v  -1.3638 0.5887 -0.0879
v  -1.3651 0.5887 -0.0906
v  -1.3667 0.5887 -0.0927
v  -1.3686 0.5887 -0.0940
v  -1.3631 0.5887 0.0848
v  -1.3638 0.5887 0.0879
v  -1.3651 0.5887 0.0906
v  -1.3667 0.5887 0.0927
v  -1.3686 0.5887 0.0940
v  -1.3706 1.0271 0.1197
v  -1.3647 1.0271 0.1184
v  -1.4902 1.0271 -0.0814
v  -1.4902 1.0271 0.0814
v  -1.3706 1.0271 -0.1197
v  -1.4674 1.0271 -0.1197
v  -1.3478 1.0271 0.0814
v  -1.3478 1.0271 -0.0814
v  -1.4894 1.0271 0.0913
v  -1.4871 1.0271 0.1005
v  -1.4835 1.0271 0.1085
v  -1.4788 1.0271 0.1145
v  -1.4733 1.0271 0.1184
v  -1.4674 1.0271 0.1197
v  -1.4733 1.0271 -0.1184
v  -1.4788 1.0271 -0.1145
v  -1.4835 1.0271 -0.1085
v  -1.4871 1.0271 -0.1005
v  -1.4894 1.0271 -0.0913
v  -1.3486 1.0271 -0.0913
v  -1.3508 1.0271 -0.1005
v  -1.3545 1.0271 -0.1085
v  -1.3592 1.0271 -0.1145
v  -1.3647 1.0271 -0.1184
v  -1.3486 1.0271 0.0913
v  -1.3508 1.0271 0.1005
v  -1.3545 1.0271 0.1085
v  -1.3592 1.0271 0.1145
v  -1.3692 1.5078 0.0899
v  -1.3647 1.5078 0.1184
v  -1.3706 1.5078 0.1197
v  -1.3717 1.5078 0.0905
v  -1.3679 1.5078 0.0890
v  -1.3592 1.5078 0.1145
v  -1.3669 1.5078 0.0876
v  -1.3545 1.5078 0.1085
v  -1.3660 1.5078 0.0858
v  -1.3508 1.5078 0.1005
v  -1.3655 1.5078 0.0837
v  -1.3486 1.5078 0.0913
v  -1.3652 1.5078 0.0795
v  -1.3478 1.5078 0.0814
v  -1.3717 1.5078 -0.0905
v  -1.3706 1.5078 -0.1197
v  -1.3647 1.5078 -0.1184
v  -1.3692 1.5078 -0.0899
v  -1.3592 1.5078 -0.1145
v  -1.3679 1.5078 -0.0890
v  -1.3545 1.5078 -0.1085
v  -1.3669 1.5078 -0.0876
v  -1.3508 1.5078 -0.1005
v  -1.3660 1.5078 -0.0858
v  -1.3486 1.5078 -0.0913
v  -1.3655 1.5078 -0.0837
v  -1.3478 1.5078 -0.0814
v  -1.3652 1.5078 -0.0795
v  -1.4728 1.5078 -0.0795
v  -1.4902 1.5078 -0.0814
v  -1.4894 1.5078 -0.0913
v  -1.4725 1.5078 -0.0837
v  -1.4871 1.5078 -0.1005
v  -1.4719 1.5078 -0.0858
v  -1.4835 1.5078 -0.1085
v  -1.4711 1.5078 -0.0876
v  -1.4788 1.5078 -0.1145
v  -1.4700 1.5078 -0.0890
v  -1.4733 1.5078 -0.1184
v  -1.4688 1.5078 -0.0899
v  -1.4674 1.5078 -0.1197
v  -1.4663 1.5078 -0.0905
v  -1.4663 1.5078 0.0905
v  -1.4674 1.5078 0.1197
v  -1.4733 1.5078 0.1184
v  -1.4688 1.5078 0.0899
v  -1.4788 1.5078 0.1145
v  -1.4700 1.5078 0.0890
v  -1.4835 1.5078 0.1085
v  -1.4711 1.5078 0.0876
v  -1.4871 1.5078 0.1005
v  -1.4719 1.5078 0.0858
v  -1.4894 1.5078 0.0913
v  -1.4725 1.5078 0.0837
v  -1.4902 1.5078 0.0814
v  -1.4728 1.5078 0.0795
v  -1.4674 1.5272 0.1197
v  -1.3706 1.5272 0.1197
v  -1.3706 1.5300 0.1197
v  -1.4674 1.5300 0.1197
v  -1.3647 1.5272 0.1184
v  -1.3592 1.5272 0.1145
v  -1.3592 1.5300 0.1145
v  -1.3647 1.5300 0.1184
v  -1.3669 1.5300 0.0876
v  -1.3660 1.5300 0.0858
v  -1.3545 1.5272 0.1085
v  -1.3545 1.5300 0.1085
v  -1.3655 1.5300 0.0837
v  -1.3508 1.5272 0.1005
v  -1.3508 1.5300 0.1005
v  -1.3652 1.5300 0.0795
v  -1.3486 1.5272 0.0913
v  -1.3486 1.5300 0.0913
v  -1.3692 1.5300 -0.0899
v  -1.3717 1.5300 -0.0905
v  -1.3478 1.5272 0.0814
v  -1.3478 1.5300 0.0814
v  -1.3679 1.5300 -0.0890
v  -1.3647 1.5272 -0.1184
v  -1.3706 1.5272 -0.1197
v  -1.3706 1.5300 -0.1197
v  -1.3647 1.5300 -0.1184
v  -1.3669 1.5300 -0.0876
v  -1.3592 1.5272 -0.1145
v  -1.3592 1.5300 -0.1145
v  -1.3660 1.5300 -0.0858
v  -1.3545 1.5272 -0.1085
v  -1.3545 1.5300 -0.1085
v  -1.3655 1.5300 -0.0837
v  -1.3508 1.5272 -0.1005
v  -1.3508 1.5300 -0.1005
v  -1.3652 1.5300 -0.0795
v  -1.3486 1.5272 -0.0913
v  -1.3486 1.5300 -0.0913
v  -1.4725 1.5300 -0.0837
v  -1.4728 1.5300 -0.0795
v  -1.3478 1.5272 -0.0814
v  -1.3478 1.5300 -0.0814
v  -1.4719 1.5300 -0.0858
v  -1.4894 1.5272 -0.0913
v  -1.4902 1.5272 -0.0814
v  -1.4902 1.5300 -0.0814
v  -1.4894 1.5300 -0.0913
v  -1.4711 1.5300 -0.0876
v  -1.4871 1.5272 -0.1005
v  -1.4871 1.5300 -0.1005
v  -1.4700 1.5300 -0.0890
v  -1.4835 1.5272 -0.1085
v  -1.4835 1.5300 -0.1085
v  -1.4688 1.5300 -0.0899
v  -1.4788 1.5272 -0.1145
v  -1.4788 1.5300 -0.1145
v  -1.4663 1.5300 -0.0905
v  -1.4733 1.5272 -0.1184
v  -1.4733 1.5300 -0.1184
v  -1.4688 1.5300 0.0899
v  -1.4663 1.5300 0.0905
v  -1.4674 1.5272 -0.1197
v  -1.4674 1.5300 -0.1197
v  -1.4700 1.5300 0.0890
v  -1.4733 1.5272 0.1184
v  -1.4733 1.5300 0.1184
v  -1.4711 1.5300 0.0876
v  -1.4788 1.5272 0.1145
v  -1.4788 1.5300 0.1145
v  -1.4719 1.5300 0.0858
v  -1.4835 1.5272 0.1085
v  -1.4835 1.5300 0.1085
v  -1.4725 1.5300 0.0837
v  -1.4871 1.5272 0.1005
v  -1.4871 1.5300 0.1005
v  -1.4728 1.5300 0.0795
v  -1.4894 1.5272 0.0913
v  -1.4894 1.5300 0.0913
v  -1.4902 1.5272 0.0814
v  -1.4902 1.5300 0.0814
v  -1.3717 1.5300 0.0905
v  -1.3692 1.5300 0.0899
v  -1.3679 1.5300 0.0890
v  -1.4727 1.3118 0.1003
v  -1.4727 1.3118 0.1035
v  -1.3803 1.5097 0.1035
v  -1.3803 1.5097 0.1003
v  -1.4543 1.3118 0.1035
v  -1.3650 1.5097 0.1035
v  -1.4543 1.3118 0.1003
v  -1.3650 1.5097 0.1003
v  -1.4879 1.3139 0.0903
v  -1.4886 1.3139 0.0809
v  -1.4900 1.3139 0.0810
v  -1.4892 1.3139 0.0909
v  -1.4857 1.3139 0.0990
v  -1.4869 1.3139 0.1002
v  -1.4823 1.3139 0.1065
v  -1.4833 1.3139 0.1081
v  -1.4779 1.3139 0.1122
v  -1.4786 1.3139 0.1142
v  -1.4727 1.3139 0.1158
v  -1.4731 1.3139 0.1180
v  -1.4671 1.3139 0.1170
v  -1.4672 1.3139 0.1193
v  -1.3489 1.3139 0.0809
v  -1.3497 1.3139 0.0903
v  -1.3484 1.3139 0.0909
v  -1.3476 1.3139 0.0810
v  -1.3518 1.3139 0.0990
v  -1.3506 1.3139 0.1002
v  -1.3552 1.3139 0.1065
v  -1.3543 1.3139 0.1081
v  -1.3596 1.3139 0.1122
v  -1.3590 1.3139 0.1142
v  -1.3648 1.3139 0.1158
v  -1.3645 1.3139 0.1180
v  -1.3704 1.3139 0.1170
v  -1.3704 1.3139 0.1193
v  -1.3704 1.3139 -0.1178
v  -1.3648 1.3139 -0.1165
v  -1.3645 1.3139 -0.1187
v  -1.3704 1.3139 -0.1200
v  -1.3596 1.3139 -0.1129
v  -1.3590 1.3139 -0.1149
v  -1.3552 1.3139 -0.1072
v  -1.3543 1.3139 -0.1088
v  -1.3518 1.3139 -0.0998
v  -1.3506 1.3139 -0.1009
v  -1.3497 1.3139 -0.0911
v  -1.3484 1.3139 -0.0917
v  -1.3489 1.3139 -0.0816
v  -1.3476 1.3139 -0.0818
v  -1.4886 1.3139 -0.0816
v  -1.4879 1.3139 -0.0911
v  -1.4892 1.3139 -0.0917
v  -1.4900 1.3139 -0.0818
v  -1.4857 1.3139 -0.0998
v  -1.4869 1.3139 -0.1009
v  -1.4823 1.3139 -0.1072
v  -1.4833 1.3139 -0.1088
v  -1.4779 1.3139 -0.1129
v  -1.4786 1.3139 -0.1149
v  -1.4727 1.3139 -0.1165
v  -1.4731 1.3139 -0.1187
v  -1.4671 1.3139 -0.1178
v  -1.4672 1.3139 -0.1200
v  -1.4900 1.3109 -0.0818
v  -1.4900 1.3109 0.0810
v  -1.4892 1.3109 0.0909
v  -1.4869 1.3109 0.1001
v  -1.4698 1.2690 0.0883
v  -1.4709 1.2690 0.0869
v  -1.4709 1.3139 0.0873
v  -1.4698 1.3139 0.0887
v  -1.4833 1.3109 0.1081
v  -1.4686 1.2690 0.0892
v  -1.4686 1.3139 0.0895
v  -1.4786 1.3109 0.1141
v  -1.4661 1.2690 0.0898
v  -1.4661 1.3139 0.0901
v  -1.4731 1.3109 0.1180
v  -1.3650 1.2690 0.0788
v  -1.3653 1.2690 0.0830
v  -1.3653 1.3139 0.0833
v  -1.3650 1.3139 0.0791
v  -1.4672 1.3109 0.1193
v  -1.3658 1.2690 0.0851
v  -1.3658 1.3139 0.0854
v  -1.3484 1.3109 0.0909
v  -1.3476 1.3109 0.0810
v  -1.3666 1.2690 0.0869
v  -1.3666 1.3139 0.0873
v  -1.3506 1.3109 0.1001
v  -1.3677 1.2690 0.0883
v  -1.3677 1.3139 0.0887
v  -1.3543 1.3109 0.1081
v  -1.3690 1.2690 0.0892
v  -1.3690 1.3139 0.0895
v  -1.3590 1.3109 0.1141
v  -1.3715 1.2690 0.0898
v  -1.3715 1.3139 0.0901
v  -1.3645 1.3109 0.1180
v  -1.3715 1.2690 -0.0911
v  -1.3690 1.2690 -0.0906
v  -1.3690 1.3139 -0.0903
v  -1.3715 1.3139 -0.0908
v  -1.3704 1.3109 0.1193
v  -1.3677 1.2690 -0.0897
v  -1.3677 1.3139 -0.0894
v  -1.3645 1.3109 -0.1188
v  -1.3704 1.3109 -0.1201
v  -1.3666 1.2690 -0.0883
v  -1.3666 1.3139 -0.0880
v  -1.3590 1.3109 -0.1150
v  -1.3658 1.2690 -0.0865
v  -1.3658 1.3139 -0.0862
v  -1.3543 1.3109 -0.1089
v  -1.3653 1.2690 -0.0844
v  -1.3653 1.3139 -0.0840
v  -1.3506 1.3109 -0.1009
v  -1.3650 1.2690 -0.0802
v  -1.3650 1.3139 -0.0799
v  -1.3484 1.3109 -0.0917
v  -1.4726 1.2690 -0.0802
v  -1.4723 1.2690 -0.0844
v  -1.4723 1.3139 -0.0840
v  -1.4726 1.3139 -0.0799
v  -1.3476 1.3109 -0.0818
v  -1.4717 1.2690 -0.0865
v  -1.4717 1.3139 -0.0862
v  -1.4892 1.3109 -0.0917
v  -1.4709 1.2690 -0.0883
v  -1.4709 1.3139 -0.0880
v  -1.4869 1.3109 -0.1009
v  -1.4698 1.2690 -0.0897
v  -1.4698 1.3139 -0.0894
v  -1.4833 1.3109 -0.1089
v  -1.4686 1.2690 -0.0906
v  -1.4686 1.3139 -0.0903
v  -1.4786 1.3109 -0.1150
v  -1.4661 1.2690 -0.0911
v  -1.4661 1.3139 -0.0908
v  -1.4731 1.3109 -0.1188
v  -1.4672 1.3109 -0.1201
v  -1.4723 1.2690 0.0830
v  -1.4726 1.2690 0.0788
v  -1.4726 1.3139 0.0791
v  -1.4723 1.3139 0.0833
v  -1.4717 1.2690 0.0851
v  -1.4717 1.3139 0.0854
v  -1.4709 1.2915 0.1005
v  -1.4710 1.2915 0.0990
v  -1.4716 1.5261 0.0990
v  -1.4715 1.5261 0.1005
v  -1.4712 1.2915 0.0975
v  -1.4718 1.5261 0.0975
v  -1.4716 1.2915 0.0962
v  -1.4723 1.5261 0.0962
v  -1.4722 1.2915 0.0951
v  -1.4728 1.5261 0.0951
v  -1.4729 1.2915 0.0941
v  -1.4735 1.5261 0.0941
v  -1.4737 1.2915 0.0934
v  -1.4743 1.5261 0.0934
v  -1.4745 1.2915 0.0930
v  -1.4752 1.5261 0.0930
v  -1.4754 1.2915 0.0928
v  -1.4761 1.5261 0.0928
v  -1.4763 1.2915 0.0930
v  -1.4769 1.5261 0.0930
v  -1.4772 1.2915 0.0934
v  -1.4778 1.5261 0.0934
v  -1.4780 1.2915 0.0941
v  -1.4786 1.5261 0.0941
v  -1.4787 1.2915 0.0951
v  -1.4793 1.5261 0.0951
v  -1.4792 1.2915 0.0962
v  -1.4799 1.5261 0.0962
v  -1.4797 1.2915 0.0975
v  -1.4803 1.5261 0.0975
v  -1.4799 1.2915 0.0990
v  -1.4805 1.5261 0.0990
v  -1.4800 1.2915 0.1005
v  -1.4806 1.5261 0.1005
v  -1.4799 1.2915 0.1020
v  -1.4805 1.5261 0.1020
v  -1.4797 1.2915 0.1034
v  -1.4803 1.5261 0.1034
v  -1.4792 1.2915 0.1047
v  -1.4799 1.5261 0.1047
v  -1.4787 1.2915 0.1059
v  -1.4793 1.5261 0.1059
v  -1.4780 1.2915 0.1069
v  -1.4786 1.5261 0.1069
v  -1.4772 1.2915 0.1076
v  -1.4778 1.5261 0.1076
v  -1.4763 1.2915 0.1080
v  -1.4769 1.5261 0.1080
v  -1.4754 1.2915 0.1081
v  -1.4761 1.5261 0.1081
v  -1.4745 1.2915 0.1080
v  -1.4752 1.5261 0.1080
v  -1.4737 1.2915 0.1076
v  -1.4743 1.5261 0.1076
v  -1.4729 1.2915 0.1069
v  -1.4735 1.5261 0.1069
v  -1.4722 1.2915 0.1059
v  -1.4728 1.5261 0.1059
v  -1.4716 1.2915 0.1047
v  -1.4723 1.5261 0.1047
v  -1.4712 1.2915 0.1034
v  -1.4718 1.5261 0.1034
v  -1.4716 1.5261 0.1020
v  -1.4710 1.2915 0.1020
v  -1.4709 1.2915 -0.1017
v  -1.4710 1.2915 -0.1032
v  -1.4716 1.5261 -0.1032
v  -1.4715 1.5261 -0.1017
v  -1.4712 1.2915 -0.1046
v  -1.4718 1.5261 -0.1046
v  -1.4716 1.2915 -0.1059
v  -1.4723 1.5261 -0.1059
v  -1.4722 1.2915 -0.1071
v  -1.4728 1.5261 -0.1071
v  -1.4729 1.2915 -0.1080
v  -1.4735 1.5261 -0.1080
v  -1.4737 1.2915 -0.1088
v  -1.4743 1.5261 -0.1088
v  -1.4745 1.2915 -0.1092
v  -1.4752 1.5261 -0.1092
v  -1.4754 1.2915 -0.1093
v  -1.4761 1.5261 -0.1093
v  -1.4763 1.2915 -0.1092
v  -1.4769 1.5261 -0.1092
v  -1.4772 1.2915 -0.1088
v  -1.4778 1.5261 -0.1088
v  -1.4780 1.2915 -0.1080
v  -1.4786 1.5261 -0.1080
v  -1.4787 1.2915 -0.1071
v  -1.4793 1.5261 -0.1071
v  -1.4792 1.2915 -0.1059
v  -1.4799 1.5261 -0.1059
v  -1.4797 1.2915 -0.1046
v  -1.4803 1.5261 -0.1046
v  -1.4799 1.2915 -0.1032
v  -1.4805 1.5261 -0.1032
v  -1.4800 1.2915 -0.1017
v  -1.4806 1.5261 -0.1017
v  -1.4799 1.2915 -0.1002
v  -1.4805 1.5261 -0.1002
v  -1.4797 1.2915 -0.0987
v  -1.4803 1.5261 -0.0987
v  -1.4792 1.2915 -0.0974
v  -1.4799 1.5261 -0.0974
v  -1.4787 1.2915 -0.0962
v  -1.4793 1.5261 -0.0962
v  -1.4780 1.2915 -0.0953
v  -1.4786 1.5261 -0.0953
v  -1.4772 1.2915 -0.0946
v  -1.4778 1.5261 -0.0946
v  -1.4763 1.2915 -0.0941
v  -1.4769 1.5261 -0.0941
v  -1.4754 1.2915 -0.0940
v  -1.4761 1.5261 -0.0940
v  -1.4745 1.2915 -0.0941
v  -1.4752 1.5261 -0.0941
v  -1.4737 1.2915 -0.0946
v  -1.4743 1.5261 -0.0946
v  -1.4729 1.2915 -0.0953
v  -1.4735 1.5261 -0.0953
v  -1.4722 1.2915 -0.0962
v  -1.4728 1.5261 -0.0962
v  -1.4716 1.2915 -0.0974
v  -1.4723 1.5261 -0.0974
v  -1.4712 1.2915 -0.0987
v  -1.4718 1.5261 -0.0987
v  -1.4716 1.5261 -0.1002
v  -1.4710 1.2915 -0.1002
v  -1.3563 1.2915 -0.1017
v  -1.3564 1.2915 -0.1032
v  -1.3570 1.5261 -0.1032
v  -1.3570 1.5261 -0.1017
v  -1.3567 1.2915 -0.1046
v  -1.3573 1.5261 -0.1046
v  -1.3571 1.2915 -0.1059
v  -1.3577 1.5261 -0.1059
v  -1.3577 1.2915 -0.1071
v  -1.3583 1.5261 -0.1071
v  -1.3584 1.2915 -0.1080
v  -1.3590 1.5261 -0.1080
v  -1.3591 1.2915 -0.1088
v  -1.3598 1.5261 -0.1088
v  -1.3600 1.2915 -0.1092
v  -1.3606 1.5261 -0.1092
v  -1.3609 1.2915 -0.1093
v  -1.3615 1.5261 -0.1093
v  -1.3618 1.2915 -0.1092
v  -1.3624 1.5261 -0.1092
v  -1.3626 1.2915 -0.1088
v  -1.3633 1.5261 -0.1088
v  -1.3634 1.2915 -0.1080
v  -1.3641 1.5261 -0.1080
v  -1.3641 1.2915 -0.1071
v  -1.3647 1.5261 -0.1071
v  -1.3647 1.2915 -0.1059
v  -1.3653 1.5261 -0.1059
v  -1.3651 1.2915 -0.1046
v  -1.3657 1.5261 -0.1046
v  -1.3654 1.2915 -0.1032
v  -1.3660 1.5261 -0.1032
v  -1.3655 1.2915 -0.1017
v  -1.3661 1.5261 -0.1017
v  -1.3654 1.2915 -0.1002
v  -1.3660 1.5261 -0.1002
v  -1.3651 1.2915 -0.0987
v  -1.3657 1.5261 -0.0987
v  -1.3647 1.2915 -0.0974
v  -1.3653 1.5261 -0.0974
v  -1.3641 1.2915 -0.0962
v  -1.3647 1.5261 -0.0962
v  -1.3634 1.2915 -0.0953
v  -1.3641 1.5261 -0.0953
v  -1.3626 1.2915 -0.0946
v  -1.3633 1.5261 -0.0946
v  -1.3618 1.2915 -0.0941
v  -1.3624 1.5261 -0.0941
v  -1.3609 1.2915 -0.0940
v  -1.3615 1.5261 -0.0940
v  -1.3600 1.2915 -0.0941
v  -1.3606 1.5261 -0.0941
v  -1.3591 1.2915 -0.0946
v  -1.3598 1.5261 -0.0946
v  -1.3584 1.2915 -0.0953
v  -1.3590 1.5261 -0.0953
v  -1.3577 1.2915 -0.0962
v  -1.3583 1.5261 -0.0962
v  -1.3571 1.2915 -0.0974
v  -1.3577 1.5261 -0.0974
v  -1.3567 1.2915 -0.0987
v  -1.3573 1.5261 -0.0987
v  -1.3570 1.5261 -0.1002
v  -1.3564 1.2915 -0.1002
v  -1.3563 1.2915 0.1008
v  -1.3564 1.2915 0.0993
v  -1.3570 1.5261 0.0993
v  -1.3570 1.5261 0.1008
v  -1.3567 1.2915 0.0978
v  -1.3573 1.5261 0.0978
v  -1.3571 1.2915 0.0965
v  -1.3577 1.5261 0.0965
v  -1.3577 1.2915 0.0953
v  -1.3583 1.5261 0.0953
v  -1.3584 1.2915 0.0944
v  -1.3590 1.5261 0.0944
v  -1.3591 1.2915 0.0937
v  -1.3598 1.5261 0.0937
v  -1.3600 1.2915 0.0932
v  -1.3606 1.5261 0.0932
v  -1.3609 1.2915 0.0931
v  -1.3615 1.5261 0.0931
v  -1.3618 1.2915 0.0932
v  -1.3624 1.5261 0.0932
v  -1.3626 1.2915 0.0937
v  -1.3633 1.5261 0.0937
v  -1.3634 1.2915 0.0944
v  -1.3641 1.5261 0.0944
v  -1.3641 1.2915 0.0953
v  -1.3647 1.5261 0.0953
v  -1.3647 1.2915 0.0965
v  -1.3653 1.5261 0.0965
v  -1.3651 1.2915 0.0978
v  -1.3657 1.5261 0.0978
v  -1.3654 1.2915 0.0993
v  -1.3660 1.5261 0.0993
v  -1.3655 1.2915 0.1008
v  -1.3661 1.5261 0.1008
v  -1.3654 1.2915 0.1023
v  -1.3660 1.5261 0.1023
v  -1.3651 1.2915 0.1037
v  -1.3657 1.5261 0.1037
v  -1.3647 1.2915 0.1050
v  -1.3653 1.5261 0.1050
v  -1.3641 1.2915 0.1062
v  -1.3647 1.5261 0.1062
v  -1.3634 1.2915 0.1071
v  -1.3641 1.5261 0.1071
v  -1.3626 1.2915 0.1078
v  -1.3633 1.5261 0.1078
v  -1.3618 1.2915 0.1083
v  -1.3624 1.5261 0.1083
v  -1.3609 1.2915 0.1084
v  -1.3615 1.5261 0.1084
v  -1.3600 1.2915 0.1083
v  -1.3606 1.5261 0.1083
v  -1.3591 1.2915 0.1078
v  -1.3598 1.5261 0.1078
v  -1.3584 1.2915 0.1071
v  -1.3590 1.5261 0.1071
v  -1.3577 1.2915 0.1062
v  -1.3583 1.5261 0.1062
v  -1.3571 1.2915 0.1050
v  -1.3577 1.5261 0.1050
v  -1.3567 1.2915 0.1037
v  -1.3573 1.5261 0.1037
v  -1.3570 1.5261 0.1023
v  -1.3564 1.2915 0.1023
v  -1.4793 1.3118 0.0928
v  -1.4775 1.3118 0.0928
v  -1.4781 1.5097 -0.0654
v  -1.4800 1.5097 -0.0654
v  -1.4775 1.3118 0.0599
v  -1.4781 1.5097 -0.0983
v  -1.4793 1.3118 0.0599
v  -1.4800 1.5097 -0.0983
v  -1.3578 1.3118 -0.0973
v  -1.3597 1.3118 -0.0973
v  -1.3603 1.5097 0.0609
v  -1.3584 1.5097 0.0609
v  -1.3597 1.3118 -0.0644
v  -1.3603 1.5097 0.0939
v  -1.3578 1.3118 -0.0644
v  -1.3584 1.5097 0.0939
v  -1.3646 1.3118 -0.1027
v  -1.3646 1.3118 -0.1059
v  -1.4582 1.5097 -0.1059
v  -1.4582 1.5097 -0.1027
v  -1.3830 1.3118 -0.1059
v  -1.4735 1.5097 -0.1059
v  -1.3830 1.3118 -0.1027
v  -1.4735 1.5097 -0.1027
v  -1.3476 1.2690 -0.0821
v  -1.3484 1.2690 -0.0920
v  -1.3653 1.2660 -0.0844
v  -1.3484 1.2660 -0.0920
v  -1.3476 1.2660 -0.0821
v  -1.3650 1.2660 -0.0802
v  -1.3658 1.2660 -0.0865
v  -1.3506 1.2660 -0.1012
v  -1.3666 1.2660 -0.0883
v  -1.3543 1.2660 -0.1092
v  -1.3677 1.2660 -0.0897
v  -1.3590 1.2660 -0.1152
v  -1.3690 1.2660 -0.0906
v  -1.3645 1.2660 -0.1191
v  -1.3715 1.2660 -0.0911
v  -1.3704 1.2660 -0.1204
v  -1.4726 1.2660 -0.0802
v  -1.4900 1.2660 -0.0821
v  -1.4892 1.2660 -0.0920
v  -1.4723 1.2660 -0.0844
v  -1.4869 1.2660 -0.1012
v  -1.4717 1.2660 -0.0865
v  -1.4833 1.2660 -0.1092
v  -1.4709 1.2660 -0.0883
v  -1.4786 1.2660 -0.1152
v  -1.4698 1.2660 -0.0897
v  -1.4731 1.2660 -0.1191
v  -1.4686 1.2660 -0.0906
v  -1.4672 1.2660 -0.1204
v  -1.4661 1.2660 -0.0911
v  -1.4661 1.2660 0.0898
v  -1.4672 1.2660 0.1190
v  -1.4731 1.2660 0.1177
v  -1.4686 1.2660 0.0892
v  -1.4786 1.2660 0.1139
v  -1.4698 1.2660 0.0883
v  -1.4833 1.2660 0.1078
v  -1.4709 1.2660 0.0869
v  -1.4869 1.2660 0.0998
v  -1.4717 1.2660 0.0851
v  -1.4892 1.2660 0.0906
v  -1.4723 1.2660 0.0830
v  -1.4900 1.2660 0.0807
v  -1.4726 1.2660 0.0788
v  -1.3650 1.2660 0.0788
v  -1.3476 1.2660 0.0807
v  -1.3484 1.2660 0.0906
v  -1.3653 1.2660 0.0830
v  -1.3506 1.2660 0.0998
v  -1.3658 1.2660 0.0851
v  -1.3543 1.2660 0.1078
v  -1.3666 1.2660 0.0869
v  -1.3590 1.2660 0.1139
v  -1.3677 1.2660 0.0883
v  -1.3645 1.2660 0.1177
v  -1.3690 1.2660 0.0892
v  -1.3704 1.2660 0.1190
v  -1.3715 1.2660 0.0898
v  -1.3506 1.2690 -0.1012
v  -1.3543 1.2690 -0.1092
v  -1.3590 1.2690 -0.1152
v  -1.3645 1.2690 -0.1191
v  -1.3704 1.2690 -0.1204
v  -1.4892 1.2690 -0.0920
v  -1.4900 1.2690 -0.0821
v  -1.4869 1.2690 -0.1012
v  -1.4833 1.2690 -0.1092
v  -1.4786 1.2690 -0.1152
v  -1.4731 1.2690 -0.1191
v  -1.4672 1.2690 -0.1204
v  -1.4731 1.2690 0.1177
v  -1.4672 1.2690 0.1190
v  -1.4786 1.2690 0.1139
v  -1.4833 1.2690 0.1078
v  -1.4869 1.2690 0.0998
v  -1.4892 1.2690 0.0906
v  -1.4900 1.2690 0.0807
v  -1.3484 1.2690 0.0906
v  -1.3476 1.2690 0.0807
v  -1.3506 1.2690 0.0998
v  -1.3543 1.2690 0.1078
v  -1.3590 1.2690 0.1139
v  -1.3645 1.2690 0.1177
v  -1.3704 1.2690 0.1190
v  -1.3591 1.0701 0.0906
v  -1.3572 1.0701 0.0906
v  -1.3572 1.2679 -0.0657
v  -1.3591 1.2679 -0.0657
v  -1.3572 1.0701 0.0596
v  -1.3572 1.2679 -0.0914
v  -1.3591 1.0701 0.0596
v  -1.3591 1.2679 -0.0914
v  -1.3651 1.0722 0.1160
v  -1.3707 1.0722 0.1173
v  -1.3706 1.0722 0.1197
v  -1.3647 1.0722 0.1184
v  -1.3599 1.0722 0.1124
v  -1.3592 1.0722 0.1145
v  -1.3555 1.0722 0.1067
v  -1.3545 1.0722 0.1085
v  -1.3521 1.0722 0.0993
v  -1.3509 1.0722 0.1005
v  -1.3500 1.0722 0.0907
v  -1.3486 1.0722 0.0913
v  -1.3492 1.0722 0.0812
v  -1.3478 1.0722 0.0814
v  -1.3707 1.0722 -0.1173
v  -1.3651 1.0722 -0.1160
v  -1.3647 1.0722 -0.1184
v  -1.3706 1.0722 -0.1197
v  -1.3599 1.0722 -0.1124
v  -1.3592 1.0722 -0.1145
v  -1.3555 1.0722 -0.1067
v  -1.3545 1.0722 -0.1085
v  -1.3521 1.0722 -0.0993
v  -1.3509 1.0722 -0.1005
v  -1.3500 1.0722 -0.0907
v  -1.3486 1.0722 -0.0913
v  -1.3492 1.0722 -0.0812
v  -1.3478 1.0722 -0.0814
v  -1.4887 1.0722 -0.0812
v  -1.4880 1.0722 -0.0907
v  -1.4894 1.0722 -0.0913
v  -1.4902 1.0722 -0.0814
v  -1.4859 1.0722 -0.0993
v  -1.4871 1.0722 -0.1005
v  -1.4825 1.0722 -0.1067
v  -1.4835 1.0722 -0.1085
v  -1.4781 1.0722 -0.1124
v  -1.4788 1.0722 -0.1145
v  -1.4729 1.0722 -0.1160
v  -1.4733 1.0722 -0.1184
v  -1.4673 1.0722 -0.1173
v  -1.4674 1.0722 -0.1197
v  -1.4673 1.0722 0.1173
v  -1.4729 1.0722 0.1160
v  -1.4733 1.0722 0.1184
v  -1.4674 1.0722 0.1197
v  -1.4781 1.0722 0.1124
v  -1.4788 1.0722 0.1145
v  -1.4825 1.0722 0.1067
v  -1.4835 1.0722 0.1085
v  -1.4859 1.0722 0.0993
v  -1.4871 1.0722 0.1005
v  -1.4880 1.0722 0.0907
v  -1.4894 1.0722 0.0913
v  -1.4887 1.0722 0.0812
v  -1.4902 1.0722 0.0814
v  -1.4674 1.0676 0.1197
v  -1.3706 1.0676 0.1197
v  -1.3647 1.0676 0.1184
v  -1.3592 1.0676 0.1145
v  -1.3669 1.0722 0.0876
v  -1.3660 1.0722 0.0858
v  -1.3545 1.0676 0.1085
v  -1.3655 1.0722 0.0837
v  -1.3509 1.0676 0.1005
v  -1.3652 1.0722 0.0795
v  -1.3486 1.0676 0.0913
v  -1.3692 1.0722 -0.0899
v  -1.3717 1.0722 -0.0905
v  -1.3478 1.0676 0.0814
v  -1.3680 1.0465 -0.0890
v  -1.3680 1.0722 -0.0890
v  -1.3647 1.0676 -0.1184
v  -1.3706 1.0676 -0.1197
v  -1.3669 1.0722 -0.0876
v  -1.3592 1.0676 -0.1145
v  -1.3660 1.0722 -0.0858
v  -1.3545 1.0676 -0.1085
v  -1.3655 1.0722 -0.0837
v  -1.3509 1.0676 -0.1005
v  -1.3652 1.0722 -0.0795
v  -1.3486 1.0676 -0.0913
v  -1.4725 1.0722 -0.0837
v  -1.4728 1.0722 -0.0795
v  -1.3478 1.0676 -0.0814
v  -1.4720 1.0465 -0.0858
v  -1.4720 1.0722 -0.0858
v  -1.4894 1.0676 -0.0913
v  -1.4902 1.0676 -0.0814
v  -1.4711 1.0722 -0.0876
v  -1.4871 1.0676 -0.1005
v  -1.4700 1.0722 -0.0890
v  -1.4835 1.0676 -0.1085
v  -1.4688 1.0722 -0.0899
v  -1.4788 1.0676 -0.1145
v  -1.4663 1.0722 -0.0905
v  -1.4733 1.0676 -0.1184
v  -1.4688 1.0722 0.0899
v  -1.4663 1.0722 0.0905
v  -1.4674 1.0676 -0.1197
v  -1.4700 1.0722 0.0890
v  -1.4733 1.0676 0.1184
v  -1.4711 1.0722 0.0876
v  -1.4788 1.0676 0.1145
v  -1.4720 1.0465 0.0858
v  -1.4720 1.0722 0.0858
v  -1.4835 1.0676 0.1085
v  -1.4725 1.0722 0.0837
v  -1.4871 1.0676 0.1005
v  -1.4728 1.0722 0.0795
v  -1.4894 1.0676 0.0913
v  -1.4902 1.0676 0.0814
v  -1.3717 1.0722 0.0905
v  -1.3692 1.0722 0.0899
v  -1.3680 1.0465 0.0890
v  -1.3680 1.0722 0.0890
v  -1.3590 1.0498 0.0876
v  -1.3599 1.0498 0.0877
v  -1.3599 1.2843 0.0877
v  -1.3590 1.2843 0.0876
v  -1.3607 1.0498 0.0882
v  -1.3607 1.2843 0.0882
v  -1.3615 1.0498 0.0889
v  -1.3615 1.2843 0.0889
v  -1.3622 1.0498 0.0898
v  -1.3622 1.2843 0.0898
v  -1.3628 1.0498 0.0910
v  -1.3628 1.2843 0.0910
v  -1.3632 1.0498 0.0923
v  -1.3632 1.2843 0.0923
v  -1.3635 1.0498 0.0937
v  -1.3635 1.2843 0.0937
v  -1.3636 1.0498 0.0952
v  -1.3636 1.2843 0.0952
v  -1.3635 1.0498 0.0967
v  -1.3635 1.2843 0.0967
v  -1.3632 1.0498 0.0982
v  -1.3632 1.2843 0.0982
v  -1.3628 1.0498 0.0995
v  -1.3628 1.2843 0.0995
v  -1.3622 1.0498 0.1007
v  -1.3622 1.2843 0.1007
v  -1.3615 1.0498 0.1016
v  -1.3615 1.2843 0.1016
v  -1.3607 1.0498 0.1023
v  -1.3607 1.2843 0.1023
v  -1.3599 1.0498 0.1028
v  -1.3599 1.2843 0.1028
v  -1.3590 1.0498 0.1029
v  -1.3590 1.2843 0.1029
v  -1.3581 1.0498 0.1028
v  -1.3581 1.2843 0.1028
v  -1.3573 1.0498 0.1023
v  -1.3573 1.2843 0.1023
v  -1.3565 1.0498 0.1016
v  -1.3565 1.2843 0.1016
v  -1.3558 1.0498 0.1007
v  -1.3558 1.2843 0.1007
v  -1.3552 1.0498 0.0995
v  -1.3552 1.2843 0.0995
v  -1.3548 1.0498 0.0982
v  -1.3548 1.2843 0.0982
v  -1.3545 1.0498 0.0967
v  -1.3545 1.2843 0.0967
v  -1.3544 1.0498 0.0952
v  -1.3544 1.2843 0.0952
v  -1.3545 1.0498 0.0937
v  -1.3545 1.2843 0.0937
v  -1.3548 1.0498 0.0923
v  -1.3548 1.2843 0.0923
v  -1.3552 1.0498 0.0910
v  -1.3552 1.2843 0.0910
v  -1.3558 1.0498 0.0898
v  -1.3558 1.2843 0.0898
v  -1.3565 1.0498 0.0889
v  -1.3565 1.2843 0.0889
v  -1.3573 1.0498 0.0882
v  -1.3573 1.2843 0.0882
v  -1.3581 1.2843 0.0877
v  -1.3581 1.0498 0.0877
v  -1.4793 1.0498 0.0876
v  -1.4801 1.0498 0.0877
v  -1.4801 1.2843 0.0877
v  -1.4793 1.2843 0.0876
v  -1.4810 1.0498 0.0882
v  -1.4810 1.2843 0.0882
v  -1.4818 1.0498 0.0889
v  -1.4818 1.2843 0.0889
v  -1.4825 1.0498 0.0898
v  -1.4825 1.2843 0.0898
v  -1.4831 1.0498 0.0910
v  -1.4831 1.2843 0.0910
v  -1.4835 1.0498 0.0923
v  -1.4835 1.2843 0.0923
v  -1.4837 1.0498 0.0937
v  -1.4837 1.2843 0.0937
v  -1.4838 1.0498 0.0952
v  -1.4838 1.2843 0.0952
v  -1.4837 1.0498 0.0967
v  -1.4837 1.2843 0.0967
v  -1.4835 1.0498 0.0982
v  -1.4835 1.2843 0.0982
v  -1.4831 1.0498 0.0995
v  -1.4831 1.2843 0.0995
v  -1.4825 1.0498 0.1007
v  -1.4825 1.2843 0.1007
v  -1.4818 1.0498 0.1016
v  -1.4818 1.2843 0.1016
v  -1.4810 1.0498 0.1023
v  -1.4810 1.2843 0.1023
v  -1.4801 1.0498 0.1028
v  -1.4801 1.2843 0.1028
v  -1.4793 1.0498 0.1029
v  -1.4793 1.2843 0.1029
v  -1.4784 1.0498 0.1028
v  -1.4784 1.2843 0.1028
v  -1.4775 1.0498 0.1023
v  -1.4775 1.2843 0.1023
v  -1.4767 1.0498 0.1016
v  -1.4767 1.2843 0.1016
v  -1.4760 1.0498 0.1007
v  -1.4760 1.2843 0.1007
v  -1.4755 1.0498 0.0995
v  -1.4755 1.2843 0.0995
v  -1.4750 1.0498 0.0982
v  -1.4750 1.2843 0.0982
v  -1.4748 1.0498 0.0967
v  -1.4748 1.2843 0.0967
v  -1.4747 1.0498 0.0952
v  -1.4747 1.2843 0.0952
v  -1.4748 1.0498 0.0937
v  -1.4748 1.2843 0.0937
v  -1.4750 1.0498 0.0923
v  -1.4750 1.2843 0.0923
v  -1.4755 1.0498 0.0910
v  -1.4755 1.2843 0.0910
v  -1.4760 1.0498 0.0898
v  -1.4760 1.2843 0.0898
v  -1.4767 1.0498 0.0889
v  -1.4767 1.2843 0.0889
v  -1.4775 1.0498 0.0882
v  -1.4775 1.2843 0.0882
v  -1.4784 1.2843 0.0877
v  -1.4784 1.0498 0.0877
v  -1.4793 1.0498 -0.1050
v  -1.4801 1.0498 -0.1048
v  -1.4801 1.2843 -0.1048
v  -1.4793 1.2843 -0.1050
v  -1.4810 1.0498 -0.1044
v  -1.4810 1.2843 -0.1044
v  -1.4818 1.0498 -0.1037
v  -1.4818 1.2843 -0.1037
v  -1.4825 1.0498 -0.1027
v  -1.4825 1.2843 -0.1027
v  -1.4831 1.0498 -0.1016
v  -1.4831 1.2843 -0.1016
v  -1.4835 1.0498 -0.1002
v  -1.4835 1.2843 -0.1002
v  -1.4837 1.0498 -0.0988
v  -1.4837 1.2843 -0.0988
v  -1.4838 1.0498 -0.0973
v  -1.4838 1.2843 -0.0973
v  -1.4837 1.0498 -0.0958
v  -1.4837 1.2843 -0.0958
v  -1.4835 1.0498 -0.0944
v  -1.4835 1.2843 -0.0944
v  -1.4831 1.0498 -0.0930
v  -1.4831 1.2843 -0.0930
v  -1.4825 1.0498 -0.0919
v  -1.4825 1.2843 -0.0919
v  -1.4818 1.0498 -0.0909
v  -1.4818 1.2843 -0.0909
v  -1.4810 1.0498 -0.0902
v  -1.4810 1.2843 -0.0902
v  -1.4801 1.0498 -0.0898
v  -1.4801 1.2843 -0.0898
v  -1.4793 1.0498 -0.0896
v  -1.4793 1.2843 -0.0896
v  -1.4784 1.0498 -0.0898
v  -1.4784 1.2843 -0.0898
v  -1.4775 1.0498 -0.0902
v  -1.4775 1.2843 -0.0902
v  -1.4767 1.0498 -0.0909
v  -1.4767 1.2843 -0.0909
v  -1.4760 1.0498 -0.0919
v  -1.4760 1.2843 -0.0919
v  -1.4755 1.0498 -0.0930
v  -1.4755 1.2843 -0.0930
v  -1.4750 1.0498 -0.0944
v  -1.4750 1.2843 -0.0944
v  -1.4748 1.0498 -0.0958
v  -1.4748 1.2843 -0.0958
v  -1.4747 1.0498 -0.0973
v  -1.4747 1.2843 -0.0973
v  -1.4748 1.0498 -0.0988
v  -1.4748 1.2843 -0.0988
v  -1.4750 1.0498 -0.1002
v  -1.4750 1.2843 -0.1002
v  -1.4755 1.0498 -0.1016
v  -1.4755 1.2843 -0.1016
v  -1.4760 1.0498 -0.1027
v  -1.4760 1.2843 -0.1027
v  -1.4767 1.0498 -0.1037
v  -1.4767 1.2843 -0.1037
v  -1.4775 1.0498 -0.1044
v  -1.4775 1.2843 -0.1044
v  -1.4784 1.2843 -0.1048
v  -1.4784 1.0498 -0.1048
v  -1.3588 1.0498 -0.1050
v  -1.3597 1.0498 -0.1048
v  -1.3597 1.2843 -0.1048
v  -1.3588 1.2843 -0.1050
v  -1.3606 1.0498 -0.1044
v  -1.3606 1.2843 -0.1044
v  -1.3614 1.0498 -0.1037
v  -1.3614 1.2843 -0.1037
v  -1.3621 1.0498 -0.1027
v  -1.3621 1.2843 -0.1027
v  -1.3626 1.0498 -0.1016
v  -1.3626 1.2843 -0.1016
v  -1.3630 1.0498 -0.1002
v  -1.3630 1.2843 -0.1002
v  -1.3633 1.0498 -0.0988
v  -1.3633 1.2843 -0.0988
v  -1.3634 1.0498 -0.0973
v  -1.3634 1.2843 -0.0973
v  -1.3633 1.0498 -0.0958
v  -1.3633 1.2843 -0.0958
v  -1.3630 1.0498 -0.0944
v  -1.3630 1.2843 -0.0944
v  -1.3626 1.0498 -0.0930
v  -1.3626 1.2843 -0.0930
v  -1.3621 1.0498 -0.0919
v  -1.3621 1.2843 -0.0919
v  -1.3614 1.0498 -0.0909
v  -1.3614 1.2843 -0.0909
v  -1.3606 1.0498 -0.0902
v  -1.3606 1.2843 -0.0902
v  -1.3597 1.0498 -0.0898
v  -1.3597 1.2843 -0.0898
v  -1.3588 1.0498 -0.0896
v  -1.3588 1.2843 -0.0896
v  -1.3579 1.0498 -0.0898
v  -1.3579 1.2843 -0.0898
v  -1.3571 1.0498 -0.0902
v  -1.3571 1.2843 -0.0902
v  -1.3563 1.0498 -0.0909
v  -1.3563 1.2843 -0.0909
v  -1.3556 1.0498 -0.0919
v  -1.3556 1.2843 -0.0919
v  -1.3550 1.0498 -0.0930
v  -1.3550 1.2843 -0.0930
v  -1.3546 1.0498 -0.0944
v  -1.3546 1.2843 -0.0944
v  -1.3544 1.0498 -0.0958
v  -1.3544 1.2843 -0.0958
v  -1.3543 1.0498 -0.0973
v  -1.3543 1.2843 -0.0973
v  -1.3544 1.0498 -0.0988
v  -1.3544 1.2843 -0.0988
v  -1.3546 1.0498 -0.1002
v  -1.3546 1.2843 -0.1002
v  -1.3550 1.0498 -0.1016
v  -1.3550 1.2843 -0.1016
v  -1.3556 1.0498 -0.1027
v  -1.3556 1.2843 -0.1027
v  -1.3563 1.0498 -0.1037
v  -1.3563 1.2843 -0.1037
v  -1.3571 1.0498 -0.1044
v  -1.3571 1.2843 -0.1044
v  -1.3579 1.2843 -0.1048
v  -1.3579 1.0498 -0.1048
v  -1.3636 1.0701 0.1018
v  -1.3636 1.0701 0.0986
v  -1.4577 1.2679 0.0986
v  -1.4577 1.2679 0.1018
v  -1.3832 1.0701 0.0986
v  -1.4773 1.2679 0.0986
v  -1.3832 1.0701 0.1018
v  -1.4773 1.2679 0.1018
v  -1.4766 1.0701 -0.1025
v  -1.4766 1.0701 -0.0993
v  -1.3825 1.2679 -0.0993
v  -1.3825 1.2679 -0.1025
v  -1.4571 1.0701 -0.0993
v  -1.3629 1.2679 -0.0993
v  -1.4571 1.0701 -0.1025
v  -1.3629 1.2679 -0.1025
v  -1.4799 1.0701 -0.0911
v  -1.4818 1.0701 -0.0911
v  -1.4818 1.2679 0.0652
v  -1.4799 1.2679 0.0652
v  -1.4818 1.0701 -0.0601
v  -1.4818 1.2679 0.0909
v  -1.4799 1.0701 -0.0601
v  -1.4799 1.2679 0.0909
v  -1.4741 1.3139 -0.0800
v  -1.4741 1.3139 0.0793
v  -1.3714 1.3139 -0.0934
v  -1.4662 1.3139 -0.0934
v  -1.3634 1.3139 0.0793
v  -1.3634 1.3139 -0.0800
v  -1.4662 1.3139 0.0927
v  -1.3714 1.3139 0.0927
v  -1.4690 1.3139 -0.0928
v  -1.4706 1.3139 -0.0917
v  -1.4720 1.3139 -0.0899
v  -1.4731 1.3139 -0.0875
v  -1.4738 1.3139 -0.0847
v  -1.3638 1.3139 -0.0847
v  -1.3645 1.3139 -0.0875
v  -1.3655 1.3139 -0.0899
v  -1.3669 1.3139 -0.0917
v  -1.3686 1.3139 -0.0928
v  -1.3686 1.3139 0.0921
v  -1.3669 1.3139 0.0909
v  -1.3655 1.3139 0.0891
v  -1.3645 1.3139 0.0867
v  -1.3638 1.3139 0.0840
v  -1.4690 1.3139 0.0921
v  -1.4706 1.3139 0.0909
v  -1.4720 1.3139 0.0891
v  -1.4731 1.3139 0.0867
v  -1.4738 1.3139 0.0840
v  -1.3706 1.0498 0.1197
v  -1.3647 1.0498 0.1184
v  -1.4902 1.0498 -0.0814
v  -1.4902 1.0498 0.0814
v  -1.3706 1.0498 -0.1197
v  -1.4674 1.0498 -0.1197
v  -1.3478 1.0498 0.0814
v  -1.3478 1.0498 -0.0814
v  -1.4894 1.0498 0.0913
v  -1.4871 1.0498 0.1005
v  -1.4835 1.0498 0.1085
v  -1.4788 1.0498 0.1145
v  -1.4733 1.0498 0.1184
v  -1.4674 1.0498 0.1197
v  -1.4733 1.0498 -0.1184
v  -1.4788 1.0498 -0.1145
v  -1.4835 1.0498 -0.1085
v  -1.4871 1.0498 -0.1005
v  -1.4894 1.0498 -0.0913
v  -1.3486 1.0498 -0.0913
v  -1.3509 1.0498 -0.1005
v  -1.3545 1.0498 -0.1085
v  -1.3592 1.0498 -0.1145
v  -1.3647 1.0498 -0.1184
v  -1.3486 1.0498 0.0913
v  -1.3509 1.0498 0.1005
v  -1.3545 1.0498 0.1085
v  -1.3592 1.0498 0.1145
v  -1.3509 1.0465 0.1005
v  -1.3509 1.0465 -0.1005
v  -1.3715 1.0722 0.0947
v  -1.4664 1.0722 0.0947
v  -1.4753 1.0722 0.0798
v  -1.4753 1.0722 -0.0798
v  -1.4664 1.0722 -0.0947
v  -1.3715 1.0722 -0.0947
v  -1.3627 1.0722 -0.0798
v  -1.3627 1.0722 0.0798
v  -1.4749 1.0722 0.0848
v  -1.4741 1.0722 0.0879
v  -1.4729 1.0722 0.0906
v  -1.4713 1.0722 0.0927
v  -1.4694 1.0722 0.0940
v  -1.4694 1.0722 -0.0940
v  -1.4713 1.0722 -0.0927
v  -1.4729 1.0722 -0.0906
v  -1.4741 1.0722 -0.0879
v  -1.4749 1.0722 -0.0848
v  -1.3631 1.0722 -0.0848
v  -1.3638 1.0722 -0.0879
v  -1.3651 1.0722 -0.0906
v  -1.3667 1.0722 -0.0927
v  -1.3686 1.0722 -0.0940
v  -1.3631 1.0722 0.0848
v  -1.3638 1.0722 0.0879
v  -1.3651 1.0722 0.0906
v  -1.3667 1.0722 0.0927
v  -1.3686 1.0722 0.0940
v  -1.3706 1.5106 0.1197
v  -1.3647 1.5106 0.1184
v  -1.4902 1.5106 -0.0814
v  -1.4902 1.5106 0.0814
v  -1.3706 1.5106 -0.1197
v  -1.4674 1.5106 -0.1197
v  -1.3478 1.5106 0.0814
v  -1.3478 1.5106 -0.0814
v  -1.4894 1.5106 0.0913
v  -1.4871 1.5106 0.1005
v  -1.4835 1.5106 0.1085
v  -1.4788 1.5106 0.1145
v  -1.4733 1.5106 0.1184
v  -1.4674 1.5106 0.1197
v  -1.4733 1.5106 -0.1184
v  -1.4788 1.5106 -0.1145
v  -1.4835 1.5106 -0.1085
v  -1.4871 1.5106 -0.1005
v  -1.4894 1.5106 -0.0913
v  -1.3486 1.5106 -0.0913
v  -1.3508 1.5106 -0.1005
v  -1.3545 1.5106 -0.1085
v  -1.3592 1.5106 -0.1145
v  -1.3647 1.5106 -0.1184
v  -1.3486 1.5106 0.0913
v  -1.3508 1.5106 0.1005
v  -1.3545 1.5106 0.1085
v  -1.3592 1.5106 0.1145
v  -1.3692 1.9912 0.0899
v  -1.3647 1.9912 0.1184
v  -1.3706 1.9912 0.1197
v  -1.3717 1.9912 0.0905
v  -1.3679 1.9912 0.0890
v  -1.3592 1.9912 0.1145
v  -1.3669 1.9912 0.0876
v  -1.3545 1.9912 0.1085
v  -1.3660 1.9912 0.0858
v  -1.3508 1.9912 0.1005
v  -1.3655 1.9912 0.0837
v  -1.3486 1.9912 0.0913
v  -1.3652 1.9912 0.0795
v  -1.3478 1.9912 0.0814
v  -1.3717 1.9912 -0.0905
v  -1.3706 1.9912 -0.1197
v  -1.3647 1.9912 -0.1184
v  -1.3692 1.9912 -0.0899
v  -1.3592 1.9912 -0.1145
v  -1.3679 1.9912 -0.0890
v  -1.3545 1.9912 -0.1085
v  -1.3669 1.9912 -0.0876
v  -1.3508 1.9912 -0.1005
v  -1.3660 1.9912 -0.0858
v  -1.3486 1.9912 -0.0913
v  -1.3655 1.9912 -0.0837
v  -1.3478 1.9912 -0.0814
v  -1.3652 1.9912 -0.0795
v  -1.4728 1.9912 -0.0795
v  -1.4902 1.9912 -0.0814
v  -1.4894 1.9912 -0.0913
v  -1.4725 1.9912 -0.0837
v  -1.4871 1.9912 -0.1005
v  -1.4719 1.9912 -0.0858
v  -1.4835 1.9912 -0.1085
v  -1.4711 1.9912 -0.0876
v  -1.4788 1.9912 -0.1145
v  -1.4700 1.9912 -0.0890
v  -1.4733 1.9912 -0.1184
v  -1.4688 1.9912 -0.0899
v  -1.4674 1.9912 -0.1197
v  -1.4663 1.9912 -0.0905
v  -1.4663 1.9912 0.0905
v  -1.4674 1.9912 0.1197
v  -1.4733 1.9912 0.1184
v  -1.4688 1.9912 0.0899
v  -1.4788 1.9912 0.1145
v  -1.4700 1.9912 0.0890
v  -1.4835 1.9912 0.1085
v  -1.4711 1.9912 0.0876
v  -1.4871 1.9912 0.1005
v  -1.4719 1.9912 0.0858
v  -1.4894 1.9912 0.0913
v  -1.4725 1.9912 0.0837
v  -1.4902 1.9912 0.0814
v  -1.4728 1.9912 0.0795
v  -1.4674 2.0107 0.1197
v  -1.3706 2.0107 0.1197
v  -1.3706 2.0134 0.1197
v  -1.4674 2.0134 0.1197
v  -1.3647 2.0107 0.1184
v  -1.3592 2.0107 0.1145
v  -1.3592 2.0134 0.1145
v  -1.3647 2.0134 0.1184
v  -1.3669 2.0134 0.0876
v  -1.3660 2.0134 0.0858
v  -1.3545 2.0107 0.1085
v  -1.3545 2.0134 0.1085
v  -1.3655 2.0134 0.0837
v  -1.3508 2.0107 0.1005
v  -1.3508 2.0134 0.1005
v  -1.3652 2.0134 0.0795
v  -1.3486 2.0107 0.0913
v  -1.3486 2.0134 0.0913
v  -1.3692 2.0134 -0.0899
v  -1.3717 2.0134 -0.0905
v  -1.3478 2.0107 0.0814
v  -1.3478 2.0134 0.0814
v  -1.3679 2.0134 -0.0890
v  -1.3647 2.0107 -0.1184
v  -1.3706 2.0107 -0.1197
v  -1.3706 2.0134 -0.1197
v  -1.3647 2.0134 -0.1184
v  -1.3669 2.0134 -0.0876
v  -1.3592 2.0107 -0.1145
v  -1.3592 2.0134 -0.1145
v  -1.3660 2.0134 -0.0858
v  -1.3545 2.0107 -0.1085
v  -1.3545 2.0134 -0.1085
v  -1.3655 2.0134 -0.0837
v  -1.3508 2.0107 -0.1005
v  -1.3508 2.0134 -0.1005
v  -1.3652 2.0134 -0.0795
v  -1.3486 2.0107 -0.0913
v  -1.3486 2.0134 -0.0913
v  -1.4725 2.0134 -0.0837
v  -1.4728 2.0134 -0.0795
v  -1.3478 2.0107 -0.0814
v  -1.3478 2.0134 -0.0814
v  -1.4719 2.0134 -0.0858
v  -1.4894 2.0107 -0.0913
v  -1.4902 2.0107 -0.0814
v  -1.4902 2.0134 -0.0814
v  -1.4894 2.0134 -0.0913
v  -1.4711 2.0134 -0.0876
v  -1.4871 2.0107 -0.1005
v  -1.4871 2.0134 -0.1005
v  -1.4700 2.0134 -0.0890
v  -1.4835 2.0107 -0.1085
v  -1.4835 2.0134 -0.1085
v  -1.4688 2.0134 -0.0899
v  -1.4788 2.0107 -0.1145
v  -1.4788 2.0134 -0.1145
v  -1.4663 2.0134 -0.0905
v  -1.4733 2.0107 -0.1184
v  -1.4733 2.0134 -0.1184
v  -1.4688 2.0134 0.0899
v  -1.4663 2.0134 0.0905
v  -1.4674 2.0107 -0.1197
v  -1.4674 2.0134 -0.1197
v  -1.4700 2.0134 0.0890
v  -1.4733 2.0107 0.1184
v  -1.4733 2.0134 0.1184
v  -1.4711 2.0134 0.0876
v  -1.4788 2.0107 0.1145
v  -1.4788 2.0134 0.1145
v  -1.4719 2.0134 0.0858
v  -1.4835 2.0107 0.1085
v  -1.4835 2.0134 0.1085
v  -1.4725 2.0134 0.0837
v  -1.4871 2.0107 0.1005
v  -1.4871 2.0134 0.1005
v  -1.4728 2.0134 0.0795
v  -1.4894 2.0107 0.0913
v  -1.4894 2.0134 0.0913
v  -1.4902 2.0107 0.0814
v  -1.4902 2.0134 0.0814
v  -1.3717 2.0134 0.0905
v  -1.3692 2.0134 0.0899
v  -1.3679 2.0134 0.0890
v  -1.4727 1.7953 0.1003
v  -1.4727 1.7953 0.1035
v  -1.3803 1.9931 0.1035
v  -1.3803 1.9931 0.1003
v  -1.4543 1.7953 0.1035
v  -1.3650 1.9931 0.1035
v  -1.4543 1.7953 0.1003
v  -1.3650 1.9931 0.1003
v  -1.4879 1.7974 0.0903
v  -1.4886 1.7974 0.0809
v  -1.4900 1.7974 0.0810
v  -1.4892 1.7974 0.0909
v  -1.4857 1.7974 0.0990
v  -1.4869 1.7974 0.1002
v  -1.4823 1.7974 0.1065
v  -1.4833 1.7974 0.1081
v  -1.4779 1.7974 0.1122
v  -1.4786 1.7974 0.1142
v  -1.4727 1.7974 0.1158
v  -1.4731 1.7974 0.1180
v  -1.4671 1.7974 0.1170
v  -1.4672 1.7974 0.1193
v  -1.3489 1.7974 0.0809
v  -1.3497 1.7974 0.0903
v  -1.3484 1.7974 0.0909
v  -1.3476 1.7974 0.0810
v  -1.3518 1.7974 0.0990
v  -1.3506 1.7974 0.1002
v  -1.3552 1.7974 0.1065
v  -1.3543 1.7974 0.1081
v  -1.3596 1.7974 0.1122
v  -1.3590 1.7974 0.1142
v  -1.3648 1.7974 0.1158
v  -1.3645 1.7974 0.1180
v  -1.3704 1.7974 0.1170
v  -1.3704 1.7974 0.1193
v  -1.3704 1.7974 -0.1178
v  -1.3648 1.7974 -0.1165
v  -1.3645 1.7974 -0.1187
v  -1.3704 1.7974 -0.1200
v  -1.3596 1.7974 -0.1129
v  -1.3590 1.7974 -0.1149
v  -1.3552 1.7974 -0.1072
v  -1.3543 1.7974 -0.1088
v  -1.3518 1.7974 -0.0998
v  -1.3506 1.7974 -0.1009
v  -1.3497 1.7974 -0.0911
v  -1.3484 1.7974 -0.0917
v  -1.3489 1.7974 -0.0816
v  -1.3476 1.7974 -0.0818
v  -1.4886 1.7974 -0.0816
v  -1.4879 1.7974 -0.0911
v  -1.4892 1.7974 -0.0917
v  -1.4900 1.7974 -0.0818
v  -1.4857 1.7974 -0.0998
v  -1.4869 1.7974 -0.1009
v  -1.4823 1.7974 -0.1072
v  -1.4833 1.7974 -0.1088
v  -1.4779 1.7974 -0.1129
v  -1.4786 1.7974 -0.1149
v  -1.4727 1.7974 -0.1165
v  -1.4731 1.7974 -0.1187
v  -1.4671 1.7974 -0.1178
v  -1.4672 1.7974 -0.1200
v  -1.4900 1.7944 -0.0818
v  -1.4900 1.7944 0.0810
v  -1.4892 1.7944 0.0909
v  -1.4869 1.7944 0.1001
v  -1.4698 1.7525 0.0883
v  -1.4709 1.7525 0.0869
v  -1.4709 1.7974 0.0873
v  -1.4698 1.7974 0.0887
v  -1.4833 1.7944 0.1081
v  -1.4686 1.7525 0.0892
v  -1.4686 1.7974 0.0895
v  -1.4786 1.7944 0.1141
v  -1.4661 1.7525 0.0898
v  -1.4661 1.7974 0.0901
v  -1.4731 1.7944 0.1180
v  -1.3650 1.7525 0.0788
v  -1.3653 1.7525 0.0830
v  -1.3653 1.7974 0.0833
v  -1.3650 1.7974 0.0791
v  -1.4672 1.7944 0.1193
v  -1.3658 1.7525 0.0851
v  -1.3658 1.7974 0.0854
v  -1.3484 1.7944 0.0909
v  -1.3476 1.7944 0.0810
v  -1.3666 1.7525 0.0869
v  -1.3666 1.7974 0.0873
v  -1.3506 1.7944 0.1001
v  -1.3677 1.7525 0.0883
v  -1.3677 1.7974 0.0887
v  -1.3543 1.7944 0.1081
v  -1.3690 1.7525 0.0892
v  -1.3690 1.7974 0.0895
v  -1.3590 1.7944 0.1141
v  -1.3715 1.7525 0.0898
v  -1.3715 1.7974 0.0901
v  -1.3645 1.7944 0.1180
v  -1.3715 1.7525 -0.0911
v  -1.3690 1.7525 -0.0906
v  -1.3690 1.7974 -0.0903
v  -1.3715 1.7974 -0.0908
v  -1.3704 1.7944 0.1193
v  -1.3677 1.7525 -0.0897
v  -1.3677 1.7974 -0.0894
v  -1.3645 1.7944 -0.1188
v  -1.3704 1.7944 -0.1201
v  -1.3666 1.7525 -0.0883
v  -1.3666 1.7974 -0.0880
v  -1.3590 1.7944 -0.1150
v  -1.3658 1.7525 -0.0865
v  -1.3658 1.7974 -0.0862
v  -1.3543 1.7944 -0.1089
v  -1.3653 1.7525 -0.0844
v  -1.3653 1.7974 -0.0840
v  -1.3506 1.7944 -0.1009
v  -1.3650 1.7525 -0.0802
v  -1.3650 1.7974 -0.0799
v  -1.3484 1.7944 -0.0917
v  -1.4726 1.7525 -0.0802
v  -1.4723 1.7525 -0.0844
v  -1.4723 1.7974 -0.0840
v  -1.4726 1.7974 -0.0799
v  -1.3476 1.7944 -0.0818
v  -1.4717 1.7525 -0.0865
v  -1.4717 1.7974 -0.0862
v  -1.4892 1.7944 -0.0917
v  -1.4709 1.7525 -0.0883
v  -1.4709 1.7974 -0.0880
v  -1.4869 1.7944 -0.1009
v  -1.4698 1.7525 -0.0897
v  -1.4698 1.7974 -0.0894
v  -1.4833 1.7944 -0.1089
v  -1.4686 1.7525 -0.0906
v  -1.4686 1.7974 -0.0903
v  -1.4786 1.7944 -0.1150
v  -1.4661 1.7525 -0.0911
v  -1.4661 1.7974 -0.0908
v  -1.4731 1.7944 -0.1188
v  -1.4672 1.7944 -0.1201
v  -1.4723 1.7525 0.0830
v  -1.4726 1.7525 0.0788
v  -1.4726 1.7974 0.0791
v  -1.4723 1.7974 0.0833
v  -1.4717 1.7525 0.0851
v  -1.4717 1.7974 0.0854
v  -1.4709 1.7749 0.1005
v  -1.4710 1.7749 0.0990
v  -1.4716 2.0095 0.0990
v  -1.4715 2.0095 0.1005
v  -1.4712 1.7749 0.0975
v  -1.4718 2.0095 0.0975
v  -1.4716 1.7749 0.0962
v  -1.4723 2.0095 0.0962
v  -1.4722 1.7749 0.0951
v  -1.4728 2.0095 0.0951
v  -1.4729 1.7749 0.0941
v  -1.4735 2.0095 0.0941
v  -1.4737 1.7749 0.0934
v  -1.4743 2.0095 0.0934
v  -1.4745 1.7749 0.0930
v  -1.4752 2.0095 0.0930
v  -1.4754 1.7749 0.0928
v  -1.4761 2.0095 0.0928
v  -1.4763 1.7749 0.0930
v  -1.4769 2.0095 0.0930
v  -1.4772 1.7749 0.0934
v  -1.4778 2.0095 0.0934
v  -1.4780 1.7749 0.0941
v  -1.4786 2.0095 0.0941
v  -1.4787 1.7749 0.0951
v  -1.4793 2.0095 0.0951
v  -1.4792 1.7749 0.0962
v  -1.4799 2.0095 0.0962
v  -1.4797 1.7749 0.0975
v  -1.4803 2.0095 0.0975
v  -1.4799 1.7749 0.0990
v  -1.4805 2.0095 0.0990
v  -1.4800 1.7749 0.1005
v  -1.4806 2.0095 0.1005
v  -1.4799 1.7749 0.1020
v  -1.4805 2.0095 0.1020
v  -1.4797 1.7749 0.1034
v  -1.4803 2.0095 0.1034
v  -1.4792 1.7749 0.1047
v  -1.4799 2.0095 0.1047
v  -1.4787 1.7749 0.1059
v  -1.4793 2.0095 0.1059
v  -1.4780 1.7749 0.1069
v  -1.4786 2.0095 0.1069
v  -1.4772 1.7749 0.1076
v  -1.4778 2.0095 0.1076
v  -1.4763 1.7749 0.1080
v  -1.4769 2.0095 0.1080
v  -1.4754 1.7749 0.1081
v  -1.4761 2.0095 0.1081
v  -1.4745 1.7749 0.1080
v  -1.4752 2.0095 0.1080
v  -1.4737 1.7749 0.1076
v  -1.4743 2.0095 0.1076
v  -1.4729 1.7749 0.1069
v  -1.4735 2.0095 0.1069
v  -1.4722 1.7749 0.1059
v  -1.4728 2.0095 0.1059
v  -1.4716 1.7749 0.1047
v  -1.4723 2.0095 0.1047
v  -1.4712 1.7749 0.1034
v  -1.4718 2.0095 0.1034
v  -1.4716 2.0095 0.1020
v  -1.4710 1.7749 0.1020
v  -1.4709 1.7749 -0.1017
v  -1.4710 1.7749 -0.1032
v  -1.4716 2.0095 -0.1032
v  -1.4715 2.0095 -0.1017
v  -1.4712 1.7749 -0.1046
v  -1.4718 2.0095 -0.1046
v  -1.4716 1.7749 -0.1059
v  -1.4723 2.0095 -0.1059
v  -1.4722 1.7749 -0.1071
v  -1.4728 2.0095 -0.1071
v  -1.4729 1.7749 -0.1080
v  -1.4735 2.0095 -0.1080
v  -1.4737 1.7749 -0.1088
v  -1.4743 2.0095 -0.1088
v  -1.4745 1.7749 -0.1092
v  -1.4752 2.0095 -0.1092
v  -1.4754 1.7749 -0.1093
v  -1.4761 2.0095 -0.1093
v  -1.4763 1.7749 -0.1092
v  -1.4769 2.0095 -0.1092
v  -1.4772 1.7749 -0.1088
v  -1.4778 2.0095 -0.1088
v  -1.4780 1.7749 -0.1080
v  -1.4786 2.0095 -0.1080
v  -1.4787 1.7749 -0.1071
v  -1.4793 2.0095 -0.1071
v  -1.4792 1.7749 -0.1059
v  -1.4799 2.0095 -0.1059
v  -1.4797 1.7749 -0.1046
v  -1.4803 2.0095 -0.1046
v  -1.4799 1.7749 -0.1032
v  -1.4805 2.0095 -0.1032
v  -1.4800 1.7749 -0.1017
v  -1.4806 2.0095 -0.1017
v  -1.4799 1.7749 -0.1002
v  -1.4805 2.0095 -0.1002
v  -1.4797 1.7749 -0.0987
v  -1.4803 2.0095 -0.0987
v  -1.4792 1.7749 -0.0974
v  -1.4799 2.0095 -0.0974
v  -1.4787 1.7749 -0.0962
v  -1.4793 2.0095 -0.0962
v  -1.4780 1.7749 -0.0953
v  -1.4786 2.0095 -0.0953
v  -1.4772 1.7749 -0.0946
v  -1.4778 2.0095 -0.0946
v  -1.4763 1.7749 -0.0941
v  -1.4769 2.0095 -0.0941
v  -1.4754 1.7749 -0.0940
v  -1.4761 2.0095 -0.0940
v  -1.4745 1.7749 -0.0941
v  -1.4752 2.0095 -0.0941
v  -1.4737 1.7749 -0.0946
v  -1.4743 2.0095 -0.0946
v  -1.4729 1.7749 -0.0953
v  -1.4735 2.0095 -0.0953
v  -1.4722 1.7749 -0.0962
v  -1.4728 2.0095 -0.0962
v  -1.4716 1.7749 -0.0974
v  -1.4723 2.0095 -0.0974
v  -1.4712 1.7749 -0.0987
v  -1.4718 2.0095 -0.0987
v  -1.4716 2.0095 -0.1002
v  -1.4710 1.7749 -0.1002
v  -1.3563 1.7749 -0.1017
v  -1.3564 1.7749 -0.1032
v  -1.3570 2.0095 -0.1032
v  -1.3570 2.0095 -0.1017
v  -1.3567 1.7749 -0.1046
v  -1.3573 2.0095 -0.1046
v  -1.3571 1.7749 -0.1059
v  -1.3577 2.0095 -0.1059
v  -1.3577 1.7749 -0.1071
v  -1.3583 2.0095 -0.1071
v  -1.3584 1.7749 -0.1080
v  -1.3590 2.0095 -0.1080
v  -1.3591 1.7749 -0.1088
v  -1.3598 2.0095 -0.1088
v  -1.3600 1.7749 -0.1092
v  -1.3606 2.0095 -0.1092
v  -1.3609 1.7749 -0.1093
v  -1.3615 2.0095 -0.1093
v  -1.3618 1.7749 -0.1092
v  -1.3624 2.0095 -0.1092
v  -1.3626 1.7749 -0.1088
v  -1.3633 2.0095 -0.1088
v  -1.3634 1.7749 -0.1080
v  -1.3641 2.0095 -0.1080
v  -1.3641 1.7749 -0.1071
v  -1.3647 2.0095 -0.1071
v  -1.3647 1.7749 -0.1059
v  -1.3653 2.0095 -0.1059
v  -1.3651 1.7749 -0.1046
v  -1.3657 2.0095 -0.1046
v  -1.3654 1.7749 -0.1032
v  -1.3660 2.0095 -0.1032
v  -1.3655 1.7749 -0.1017
v  -1.3661 2.0095 -0.1017
v  -1.3654 1.7749 -0.1002
v  -1.3660 2.0095 -0.1002
v  -1.3651 1.7749 -0.0987
v  -1.3657 2.0095 -0.0987
v  -1.3647 1.7749 -0.0974
v  -1.3653 2.0095 -0.0974
v  -1.3641 1.7749 -0.0962
v  -1.3647 2.0095 -0.0962
v  -1.3634 1.7749 -0.0953
v  -1.3641 2.0095 -0.0953
v  -1.3626 1.7749 -0.0946
v  -1.3633 2.0095 -0.0946
v  -1.3618 1.7749 -0.0941
v  -1.3624 2.0095 -0.0941
v  -1.3609 1.7749 -0.0940
v  -1.3615 2.0095 -0.0940
v  -1.3600 1.7749 -0.0941
v  -1.3606 2.0095 -0.0941
v  -1.3591 1.7749 -0.0946
v  -1.3598 2.0095 -0.0946
v  -1.3584 1.7749 -0.0953
v  -1.3590 2.0095 -0.0953
v  -1.3577 1.7749 -0.0962
v  -1.3583 2.0095 -0.0962
v  -1.3571 1.7749 -0.0974
v  -1.3577 2.0095 -0.0974
v  -1.3567 1.7749 -0.0987
v  -1.3573 2.0095 -0.0987
v  -1.3570 2.0095 -0.1002
v  -1.3564 1.7749 -0.1002
v  -1.3563 1.7749 0.1008
v  -1.3564 1.7749 0.0993
v  -1.3570 2.0095 0.0993
v  -1.3570 2.0095 0.1008
v  -1.3567 1.7749 0.0978
v  -1.3573 2.0095 0.0978
v  -1.3571 1.7749 0.0965
v  -1.3577 2.0095 0.0965
v  -1.3577 1.7749 0.0953
v  -1.3583 2.0095 0.0953
v  -1.3584 1.7749 0.0944
v  -1.3590 2.0095 0.0944
v  -1.3591 1.7749 0.0937
v  -1.3598 2.0095 0.0937
v  -1.3600 1.7749 0.0932
v  -1.3606 2.0095 0.0932
v  -1.3609 1.7749 0.0931
v  -1.3615 2.0095 0.0931
v  -1.3618 1.7749 0.0932
v  -1.3624 2.0095 0.0932
v  -1.3626 1.7749 0.0937
v  -1.3633 2.0095 0.0937
v  -1.3634 1.7749 0.0944
v  -1.3641 2.0095 0.0944
v  -1.3641 1.7749 0.0953
v  -1.3647 2.0095 0.0953
v  -1.3647 1.7749 0.0965
v  -1.3653 2.0095 0.0965
v  -1.3651 1.7749 0.0978
v  -1.3657 2.0095 0.0978
v  -1.3654 1.7749 0.0993
v  -1.3660 2.0095 0.0993
v  -1.3655 1.7749 0.1008
v  -1.3661 2.0095 0.1008
v  -1.3654 1.7749 0.1023
v  -1.3660 2.0095 0.1023
v  -1.3651 1.7749 0.1037
v  -1.3657 2.0095 0.1037
v  -1.3647 1.7749 0.1050
v  -1.3653 2.0095 0.1050
v  -1.3641 1.7749 0.1062
v  -1.3647 2.0095 0.1062
v  -1.3634 1.7749 0.1071
v  -1.3641 2.0095 0.1071
v  -1.3626 1.7749 0.1078
v  -1.3633 2.0095 0.1078
v  -1.3618 1.7749 0.1083
v  -1.3624 2.0095 0.1083
v  -1.3609 1.7749 0.1084
v  -1.3615 2.0095 0.1084
v  -1.3600 1.7749 0.1083
v  -1.3606 2.0095 0.1083
v  -1.3591 1.7749 0.1078
v  -1.3598 2.0095 0.1078
v  -1.3584 1.7749 0.1071
v  -1.3590 2.0095 0.1071
v  -1.3577 1.7749 0.1062
v  -1.3583 2.0095 0.1062
v  -1.3571 1.7749 0.1050
v  -1.3577 2.0095 0.1050
v  -1.3567 1.7749 0.1037
v  -1.3573 2.0095 0.1037
v  -1.3570 2.0095 0.1023
v  -1.3564 1.7749 0.1023
v  -1.4793 1.7953 0.0928
v  -1.4775 1.7953 0.0928
v  -1.4781 1.9931 -0.0654
v  -1.4800 1.9931 -0.0654
v  -1.4775 1.7953 0.0599
v  -1.4781 1.9931 -0.0983
v  -1.4793 1.7953 0.0599
v  -1.4800 1.9931 -0.0983
v  -1.3578 1.7953 -0.0973
v  -1.3597 1.7953 -0.0973
v  -1.3603 1.9931 0.0609
v  -1.3584 1.9931 0.0609
v  -1.3597 1.7953 -0.0644
v  -1.3603 1.9931 0.0939
v  -1.3578 1.7953 -0.0644
v  -1.3584 1.9931 0.0939
v  -1.3646 1.7953 -0.1027
v  -1.3646 1.7953 -0.1059
v  -1.4582 1.9931 -0.1059
v  -1.4582 1.9931 -0.1027
v  -1.3830 1.7953 -0.1059
v  -1.4735 1.9931 -0.1059
v  -1.3830 1.7953 -0.1027
v  -1.4735 1.9931 -0.1027
v  -1.3476 1.7525 -0.0821
v  -1.3484 1.7525 -0.0920
v  -1.3653 1.7495 -0.0844
v  -1.3484 1.7495 -0.0920
v  -1.3476 1.7495 -0.0821
v  -1.3650 1.7495 -0.0802
v  -1.3658 1.7495 -0.0865
v  -1.3506 1.7495 -0.1012
v  -1.3666 1.7495 -0.0883
v  -1.3543 1.7495 -0.1092
v  -1.3677 1.7495 -0.0897
v  -1.3590 1.7495 -0.1152
v  -1.3690 1.7495 -0.0906
v  -1.3645 1.7495 -0.1191
v  -1.3715 1.7495 -0.0911
v  -1.3704 1.7495 -0.1204
v  -1.4726 1.7495 -0.0802
v  -1.4900 1.7495 -0.0821
v  -1.4892 1.7495 -0.0920
v  -1.4723 1.7495 -0.0844
v  -1.4869 1.7495 -0.1012
v  -1.4717 1.7495 -0.0865
v  -1.4833 1.7495 -0.1092
v  -1.4709 1.7495 -0.0883
v  -1.4786 1.7495 -0.1152
v  -1.4698 1.7495 -0.0897
v  -1.4731 1.7495 -0.1191
v  -1.4686 1.7495 -0.0906
v  -1.4672 1.7495 -0.1204
v  -1.4661 1.7495 -0.0911
v  -1.4661 1.7495 0.0898
v  -1.4672 1.7495 0.1190
v  -1.4731 1.7495 0.1177
v  -1.4686 1.7495 0.0892
v  -1.4786 1.7495 0.1139
v  -1.4698 1.7495 0.0883
v  -1.4833 1.7495 0.1078
v  -1.4709 1.7495 0.0869
v  -1.4869 1.7495 0.0998
v  -1.4717 1.7495 0.0851
v  -1.4892 1.7495 0.0906
v  -1.4723 1.7495 0.0830
v  -1.4900 1.7495 0.0807
v  -1.4726 1.7495 0.0788
v  -1.3650 1.7495 0.0788
v  -1.3476 1.7495 0.0807
v  -1.3484 1.7495 0.0906
v  -1.3653 1.7495 0.0830
v  -1.3506 1.7495 0.0998
v  -1.3658 1.7495 0.0851
v  -1.3543 1.7495 0.1078
v  -1.3666 1.7495 0.0869
v  -1.3590 1.7495 0.1139
v  -1.3677 1.7495 0.0883
v  -1.3645 1.7495 0.1177
v  -1.3690 1.7495 0.0892
v  -1.3704 1.7495 0.1190
v  -1.3715 1.7495 0.0898
v  -1.3506 1.7525 -0.1012
v  -1.3543 1.7525 -0.1092
v  -1.3590 1.7525 -0.1152
v  -1.3645 1.7525 -0.1191
v  -1.3704 1.7525 -0.1204
v  -1.4892 1.7525 -0.0920
v  -1.4900 1.7525 -0.0821
v  -1.4869 1.7525 -0.1012
v  -1.4833 1.7525 -0.1092
v  -1.4786 1.7525 -0.1152
v  -1.4731 1.7525 -0.1191
v  -1.4672 1.7525 -0.1204
v  -1.4731 1.7525 0.1177
v  -1.4672 1.7525 0.1190
v  -1.4786 1.7525 0.1139
v  -1.4833 1.7525 0.1078
v  -1.4869 1.7525 0.0998
v  -1.4892 1.7525 0.0906
v  -1.4900 1.7525 0.0807
v  -1.3484 1.7525 0.0906
v  -1.3476 1.7525 0.0807
v  -1.3506 1.7525 0.0998
v  -1.3543 1.7525 0.1078
v  -1.3590 1.7525 0.1139
v  -1.3645 1.7525 0.1177
v  -1.3704 1.7525 0.1190
v  -1.3591 1.5536 0.0906
v  -1.3572 1.5536 0.0906
v  -1.3572 1.7514 -0.0657
v  -1.3591 1.7514 -0.0657
v  -1.3572 1.5536 0.0596
v  -1.3572 1.7514 -0.0914
v  -1.3591 1.5536 0.0596
v  -1.3591 1.7514 -0.0914
v  -1.3651 1.5557 0.1160
v  -1.3707 1.5557 0.1173
v  -1.3706 1.5557 0.1197
v  -1.3647 1.5557 0.1184
v  -1.3599 1.5557 0.1124
v  -1.3592 1.5557 0.1145
v  -1.3555 1.5557 0.1067
v  -1.3545 1.5557 0.1085
v  -1.3521 1.5557 0.0993
v  -1.3509 1.5557 0.1005
v  -1.3500 1.5557 0.0907
v  -1.3486 1.5557 0.0913
v  -1.3492 1.5557 0.0812
v  -1.3478 1.5557 0.0814
v  -1.3707 1.5557 -0.1173
v  -1.3651 1.5557 -0.1160
v  -1.3647 1.5557 -0.1184
v  -1.3706 1.5557 -0.1197
v  -1.3599 1.5557 -0.1124
v  -1.3592 1.5557 -0.1145
v  -1.3555 1.5557 -0.1067
v  -1.3545 1.5557 -0.1085
v  -1.3521 1.5557 -0.0993
v  -1.3509 1.5557 -0.1005
v  -1.3500 1.5557 -0.0907
v  -1.3486 1.5557 -0.0913
v  -1.3492 1.5557 -0.0812
v  -1.3478 1.5557 -0.0814
v  -1.4887 1.5557 -0.0812
v  -1.4880 1.5557 -0.0907
v  -1.4894 1.5557 -0.0913
v  -1.4902 1.5557 -0.0814
v  -1.4859 1.5557 -0.0993
v  -1.4871 1.5557 -0.1005
v  -1.4825 1.5557 -0.1067
v  -1.4835 1.5557 -0.1085
v  -1.4781 1.5557 -0.1124
v  -1.4788 1.5557 -0.1145
v  -1.4729 1.5557 -0.1160
v  -1.4733 1.5557 -0.1184
v  -1.4673 1.5557 -0.1173
v  -1.4674 1.5557 -0.1197
v  -1.4673 1.5557 0.1173
v  -1.4729 1.5557 0.1160
v  -1.4733 1.5557 0.1184
v  -1.4674 1.5557 0.1197
v  -1.4781 1.5557 0.1124
v  -1.4788 1.5557 0.1145
v  -1.4825 1.5557 0.1067
v  -1.4835 1.5557 0.1085
v  -1.4859 1.5557 0.0993
v  -1.4871 1.5557 0.1005
v  -1.4880 1.5557 0.0907
v  -1.4894 1.5557 0.0913
v  -1.4887 1.5557 0.0812
v  -1.4902 1.5557 0.0814
v  -1.4674 1.5511 0.1197
v  -1.3706 1.5511 0.1197
v  -1.3647 1.5511 0.1184
v  -1.3592 1.5511 0.1145
v  -1.3669 1.5557 0.0876
v  -1.3660 1.5557 0.0858
v  -1.3545 1.5511 0.1085
v  -1.3655 1.5557 0.0837
v  -1.3509 1.5511 0.1005
v  -1.3652 1.5557 0.0795
v  -1.3486 1.5511 0.0913
v  -1.3692 1.5557 -0.0899
v  -1.3717 1.5557 -0.0905
v  -1.3478 1.5511 0.0814
v  -1.3680 1.5300 -0.0890
v  -1.3680 1.5557 -0.0890
v  -1.3647 1.5511 -0.1184
v  -1.3706 1.5511 -0.1197
v  -1.3669 1.5557 -0.0876
v  -1.3592 1.5511 -0.1145
v  -1.3660 1.5557 -0.0858
v  -1.3545 1.5511 -0.1085
v  -1.3655 1.5557 -0.0837
v  -1.3509 1.5511 -0.1005
v  -1.3652 1.5557 -0.0795
v  -1.3486 1.5511 -0.0913
v  -1.4725 1.5557 -0.0837
v  -1.4728 1.5557 -0.0795
v  -1.3478 1.5511 -0.0814
v  -1.4720 1.5300 -0.0858
v  -1.4720 1.5557 -0.0858
v  -1.4894 1.5511 -0.0913
v  -1.4902 1.5511 -0.0814
v  -1.4711 1.5557 -0.0876
v  -1.4871 1.5511 -0.1005
v  -1.4700 1.5557 -0.0890
v  -1.4835 1.5511 -0.1085
v  -1.4688 1.5557 -0.0899
v  -1.4788 1.5511 -0.1145
v  -1.4663 1.5557 -0.0905
v  -1.4733 1.5511 -0.1184
v  -1.4688 1.5557 0.0899
v  -1.4663 1.5557 0.0905
v  -1.4674 1.5511 -0.1197
v  -1.4700 1.5557 0.0890
v  -1.4733 1.5511 0.1184
v  -1.4711 1.5557 0.0876
v  -1.4788 1.5511 0.1145
v  -1.4720 1.5300 0.0858
v  -1.4720 1.5557 0.0858
v  -1.4835 1.5511 0.1085
v  -1.4725 1.5557 0.0837
v  -1.4871 1.5511 0.1005
v  -1.4728 1.5557 0.0795
v  -1.4894 1.5511 0.0913
v  -1.4902 1.5511 0.0814
v  -1.3717 1.5557 0.0905
v  -1.3692 1.5557 0.0899
v  -1.3680 1.5300 0.0890
v  -1.3680 1.5557 0.0890
v  -1.3590 1.5332 0.0876
v  -1.3599 1.5332 0.0877
v  -1.3599 1.7678 0.0877
v  -1.3590 1.7678 0.0876
v  -1.3607 1.5332 0.0882
v  -1.3607 1.7678 0.0882
v  -1.3615 1.5332 0.0889
v  -1.3615 1.7678 0.0889
v  -1.3622 1.5332 0.0898
v  -1.3622 1.7678 0.0898
v  -1.3628 1.5332 0.0910
v  -1.3628 1.7678 0.0910
v  -1.3632 1.5332 0.0923
v  -1.3632 1.7678 0.0923
v  -1.3635 1.5332 0.0937
v  -1.3635 1.7678 0.0937
v  -1.3636 1.5332 0.0952
v  -1.3636 1.7678 0.0952
v  -1.3635 1.5332 0.0967
v  -1.3635 1.7678 0.0967
v  -1.3632 1.5332 0.0982
v  -1.3632 1.7678 0.0982
v  -1.3628 1.5332 0.0995
v  -1.3628 1.7678 0.0995
v  -1.3622 1.5332 0.1007
v  -1.3622 1.7678 0.1007
v  -1.3615 1.5332 0.1016
v  -1.3615 1.7678 0.1016
v  -1.3607 1.5332 0.1023
v  -1.3607 1.7678 0.1023
v  -1.3599 1.5332 0.1028
v  -1.3599 1.7678 0.1028
v  -1.3590 1.5332 0.1029
v  -1.3590 1.7678 0.1029
v  -1.3581 1.5332 0.1028
v  -1.3581 1.7678 0.1028
v  -1.3573 1.5332 0.1023
v  -1.3573 1.7678 0.1023
v  -1.3565 1.5332 0.1016
v  -1.3565 1.7678 0.1016
v  -1.3558 1.5332 0.1007
v  -1.3558 1.7678 0.1007
v  -1.3552 1.5332 0.0995
v  -1.3552 1.7678 0.0995
v  -1.3548 1.5332 0.0982
v  -1.3548 1.7678 0.0982
v  -1.3545 1.5332 0.0967
v  -1.3545 1.7678 0.0967
v  -1.3544 1.5332 0.0952
v  -1.3544 1.7678 0.0952
v  -1.3545 1.5332 0.0937
v  -1.3545 1.7678 0.0937
v  -1.3548 1.5332 0.0923
v  -1.3548 1.7678 0.0923
v  -1.3552 1.5332 0.0910
v  -1.3552 1.7678 0.0910
v  -1.3558 1.5332 0.0898
v  -1.3558 1.7678 0.0898
v  -1.3565 1.5332 0.0889
v  -1.3565 1.7678 0.0889
v  -1.3573 1.5332 0.0882
v  -1.3573 1.7678 0.0882
v  -1.3581 1.7678 0.0877
v  -1.3581 1.5332 0.0877
v  -1.4793 1.5332 0.0876
v  -1.4801 1.5332 0.0877
v  -1.4801 1.7678 0.0877
v  -1.4793 1.7678 0.0876
v  -1.4810 1.5332 0.0882
v  -1.4810 1.7678 0.0882
v  -1.4818 1.5332 0.0889
v  -1.4818 1.7678 0.0889
v  -1.4825 1.5332 0.0898
v  -1.4825 1.7678 0.0898
v  -1.4831 1.5332 0.0910
v  -1.4831 1.7678 0.0910
v  -1.4835 1.5332 0.0923
v  -1.4835 1.7678 0.0923
v  -1.4837 1.5332 0.0937
v  -1.4837 1.7678 0.0937
v  -1.4838 1.5332 0.0952
v  -1.4838 1.7678 0.0952
v  -1.4837 1.5332 0.0967
v  -1.4837 1.7678 0.0967
v  -1.4835 1.5332 0.0982
v  -1.4835 1.7678 0.0982
v  -1.4831 1.5332 0.0995
v  -1.4831 1.7678 0.0995
v  -1.4825 1.5332 0.1007
v  -1.4825 1.7678 0.1007
v  -1.4818 1.5332 0.1016
v  -1.4818 1.7678 0.1016
v  -1.4810 1.5332 0.1023
v  -1.4810 1.7678 0.1023
v  -1.4801 1.5332 0.1028
v  -1.4801 1.7678 0.1028
v  -1.4793 1.5332 0.1029
v  -1.4793 1.7678 0.1029
v  -1.4784 1.5332 0.1028
v  -1.4784 1.7678 0.1028
v  -1.4775 1.5332 0.1023
v  -1.4775 1.7678 0.1023
v  -1.4767 1.5332 0.1016
v  -1.4767 1.7678 0.1016
v  -1.4760 1.5332 0.1007
v  -1.4760 1.7678 0.1007
v  -1.4755 1.5332 0.0995
v  -1.4755 1.7678 0.0995
v  -1.4750 1.5332 0.0982
v  -1.4750 1.7678 0.0982
v  -1.4748 1.5332 0.0967
v  -1.4748 1.7678 0.0967
v  -1.4747 1.5332 0.0952
v  -1.4747 1.7678 0.0952
v  -1.4748 1.5332 0.0937
v  -1.4748 1.7678 0.0937
v  -1.4750 1.5332 0.0923
v  -1.4750 1.7678 0.0923
v  -1.4755 1.5332 0.0910
v  -1.4755 1.7678 0.0910
v  -1.4760 1.5332 0.0898
v  -1.4760 1.7678 0.0898
v  -1.4767 1.5332 0.0889
v  -1.4767 1.7678 0.0889
v  -1.4775 1.5332 0.0882
v  -1.4775 1.7678 0.0882
v  -1.4784 1.7678 0.0877
v  -1.4784 1.5332 0.0877
v  -1.4793 1.5332 -0.1050
v  -1.4801 1.5332 -0.1048
v  -1.4801 1.7678 -0.1048
v  -1.4793 1.7678 -0.1050
v  -1.4810 1.5332 -0.1044
v  -1.4810 1.7678 -0.1044
v  -1.4818 1.5332 -0.1037
v  -1.4818 1.7678 -0.1037
v  -1.4825 1.5332 -0.1027
v  -1.4825 1.7678 -0.1027
v  -1.4831 1.5332 -0.1016
v  -1.4831 1.7678 -0.1016
v  -1.4835 1.5332 -0.1002
v  -1.4835 1.7678 -0.1002
v  -1.4837 1.5332 -0.0988
v  -1.4837 1.7678 -0.0988
v  -1.4838 1.5332 -0.0973
v  -1.4838 1.7678 -0.0973
v  -1.4837 1.5332 -0.0958
v  -1.4837 1.7678 -0.0958
v  -1.4835 1.5332 -0.0944
v  -1.4835 1.7678 -0.0944
v  -1.4831 1.5332 -0.0930
v  -1.4831 1.7678 -0.0930
v  -1.4825 1.5332 -0.0919
v  -1.4825 1.7678 -0.0919
v  -1.4818 1.5332 -0.0909
v  -1.4818 1.7678 -0.0909
v  -1.4810 1.5332 -0.0902
v  -1.4810 1.7678 -0.0902
v  -1.4801 1.5332 -0.0898
v  -1.4801 1.7678 -0.0898
v  -1.4793 1.5332 -0.0896
v  -1.4793 1.7678 -0.0896
v  -1.4784 1.5332 -0.0898
v  -1.4784 1.7678 -0.0898
v  -1.4775 1.5332 -0.0902
v  -1.4775 1.7678 -0.0902
v  -1.4767 1.5332 -0.0909
v  -1.4767 1.7678 -0.0909
v  -1.4760 1.5332 -0.0919
v  -1.4760 1.7678 -0.0919
v  -1.4755 1.5332 -0.0930
v  -1.4755 1.7678 -0.0930
v  -1.4750 1.5332 -0.0944
v  -1.4750 1.7678 -0.0944
v  -1.4748 1.5332 -0.0958
v  -1.4748 1.7678 -0.0958
v  -1.4747 1.5332 -0.0973
v  -1.4747 1.7678 -0.0973
v  -1.4748 1.5332 -0.0988
v  -1.4748 1.7678 -0.0988
v  -1.4750 1.5332 -0.1002
v  -1.4750 1.7678 -0.1002
v  -1.4755 1.5332 -0.1016
v  -1.4755 1.7678 -0.1016
v  -1.4760 1.5332 -0.1027
v  -1.4760 1.7678 -0.1027
v  -1.4767 1.5332 -0.1037
v  -1.4767 1.7678 -0.1037
v  -1.4775 1.5332 -0.1044
v  -1.4775 1.7678 -0.1044
v  -1.4784 1.7678 -0.1048
v  -1.4784 1.5332 -0.1048
v  -1.3588 1.5332 -0.1050
v  -1.3597 1.5332 -0.1048
v  -1.3597 1.7678 -0.1048
v  -1.3588 1.7678 -0.1050
v  -1.3606 1.5332 -0.1044
v  -1.3606 1.7678 -0.1044
v  -1.3614 1.5332 -0.1037
v  -1.3614 1.7678 -0.1037
v  -1.3621 1.5332 -0.1027
v  -1.3621 1.7678 -0.1027
v  -1.3626 1.5332 -0.1016
v  -1.3626 1.7678 -0.1016
v  -1.3630 1.5332 -0.1002
v  -1.3630 1.7678 -0.1002
v  -1.3633 1.5332 -0.0988
v  -1.3633 1.7678 -0.0988
v  -1.3634 1.5332 -0.0973
v  -1.3634 1.7678 -0.0973
v  -1.3633 1.5332 -0.0958
v  -1.3633 1.7678 -0.0958
v  -1.3630 1.5332 -0.0944
v  -1.3630 1.7678 -0.0944
v  -1.3626 1.5332 -0.0930
v  -1.3626 1.7678 -0.0930
v  -1.3621 1.5332 -0.0919
v  -1.3621 1.7678 -0.0919
v  -1.3614 1.5332 -0.0909
v  -1.3614 1.7678 -0.0909
v  -1.3606 1.5332 -0.0902
v  -1.3606 1.7678 -0.0902
v  -1.3597 1.5332 -0.0898
v  -1.3597 1.7678 -0.0898
v  -1.3588 1.5332 -0.0896
v  -1.3588 1.7678 -0.0896
v  -1.3579 1.5332 -0.0898
v  -1.3579 1.7678 -0.0898
v  -1.3571 1.5332 -0.0902
v  -1.3571 1.7678 -0.0902
v  -1.3563 1.5332 -0.0909
v  -1.3563 1.7678 -0.0909
v  -1.3556 1.5332 -0.0919
v  -1.3556 1.7678 -0.0919
v  -1.3550 1.5332 -0.0930
v  -1.3550 1.7678 -0.0930
v  -1.3546 1.5332 -0.0944
v  -1.3546 1.7678 -0.0944
v  -1.3544 1.5332 -0.0958
v  -1.3544 1.7678 -0.0958
v  -1.3543 1.5332 -0.0973
v  -1.3543 1.7678 -0.0973
v  -1.3544 1.5332 -0.0988
v  -1.3544 1.7678 -0.0988
v  -1.3546 1.5332 -0.1002
v  -1.3546 1.7678 -0.1002
v  -1.3550 1.5332 -0.1016
v  -1.3550 1.7678 -0.1016
v  -1.3556 1.5332 -0.1027
v  -1.3556 1.7678 -0.1027
v  -1.3563 1.5332 -0.1037
v  -1.3563 1.7678 -0.1037
v  -1.3571 1.5332 -0.1044
v  -1.3571 1.7678 -0.1044
v  -1.3579 1.7678 -0.1048
v  -1.3579 1.5332 -0.1048
v  -1.3636 1.5536 0.1018
v  -1.3636 1.5536 0.0986
v  -1.4577 1.7514 0.0986
v  -1.4577 1.7514 0.1018
v  -1.3832 1.5536 0.0986
v  -1.4773 1.7514 0.0986
v  -1.3832 1.5536 0.1018
v  -1.4773 1.7514 0.1018
v  -1.4766 1.5536 -0.1025
v  -1.4766 1.5536 -0.0993
v  -1.3825 1.7514 -0.0993
v  -1.3825 1.7514 -0.1025
v  -1.4571 1.5536 -0.0993
v  -1.3629 1.7514 -0.0993
v  -1.4571 1.5536 -0.1025
v  -1.3629 1.7514 -0.1025
v  -1.4799 1.5536 -0.0911
v  -1.4818 1.5536 -0.0911
v  -1.4818 1.7514 0.0652
v  -1.4799 1.7514 0.0652
v  -1.4818 1.5536 -0.0601
v  -1.4818 1.7514 0.0909
v  -1.4799 1.5536 -0.0601
v  -1.4799 1.7514 0.0909
v  -1.4741 1.7974 -0.0800
v  -1.4741 1.7974 0.0793
v  -1.3714 1.7974 -0.0934
v  -1.4662 1.7974 -0.0934
v  -1.3634 1.7974 0.0793
v  -1.3634 1.7974 -0.0800
v  -1.4662 1.7974 0.0927
v  -1.3714 1.7974 0.0927
v  -1.4690 1.7974 -0.0928
v  -1.4706 1.7974 -0.0917
v  -1.4720 1.7974 -0.0899
v  -1.4731 1.7974 -0.0875
v  -1.4738 1.7974 -0.0847
v  -1.3638 1.7974 -0.0847
v  -1.3645 1.7974 -0.0875
v  -1.3655 1.7974 -0.0899
v  -1.3669 1.7974 -0.0917
v  -1.3686 1.7974 -0.0928
v  -1.3686 1.7974 0.0921
v  -1.3669 1.7974 0.0909
v  -1.3655 1.7974 0.0891
v  -1.3645 1.7974 0.0867
v  -1.3638 1.7974 0.0840
v  -1.4690 1.7974 0.0921
v  -1.4706 1.7974 0.0909
v  -1.4720 1.7974 0.0891
v  -1.4731 1.7974 0.0867
v  -1.4738 1.7974 0.0840
v  -1.3706 1.5332 0.1197
v  -1.3647 1.5332 0.1184
v  -1.4902 1.5332 -0.0814
v  -1.4902 1.5332 0.0814
v  -1.3706 1.5332 -0.1197
v  -1.4674 1.5332 -0.1197
v  -1.3478 1.5332 0.0814
v  -1.3478 1.5332 -0.0814
v  -1.4894 1.5332 0.0913
v  -1.4871 1.5332 0.1005
v  -1.4835 1.5332 0.1085
v  -1.4788 1.5332 0.1145
v  -1.4733 1.5332 0.1184
v  -1.4674 1.5332 0.1197
v  -1.4733 1.5332 -0.1184
v  -1.4788 1.5332 -0.1145
v  -1.4835 1.5332 -0.1085
v  -1.4871 1.5332 -0.1005
v  -1.4894 1.5332 -0.0913
v  -1.3486 1.5332 -0.0913
v  -1.3509 1.5332 -0.1005
v  -1.3545 1.5332 -0.1085
v  -1.3592 1.5332 -0.1145
v  -1.3647 1.5332 -0.1184
v  -1.3486 1.5332 0.0913
v  -1.3509 1.5332 0.1005
v  -1.3545 1.5332 0.1085
v  -1.3592 1.5332 0.1145
v  -1.3509 1.5300 0.1005
v  -1.3509 1.5300 -0.1005
v  -1.3715 1.5557 0.0947
v  -1.4664 1.5557 0.0947
v  -1.4753 1.5557 0.0798
v  -1.4753 1.5557 -0.0798
v  -1.4664 1.5557 -0.0947
v  -1.3715 1.5557 -0.0947
v  -1.3627 1.5557 -0.0798
v  -1.3627 1.5557 0.0798
v  -1.4749 1.5557 0.0848
v  -1.4741 1.5557 0.0879
v  -1.4729 1.5557 0.0906
v  -1.4713 1.5557 0.0927
v  -1.4694 1.5557 0.0940
v  -1.4694 1.5557 -0.0940
v  -1.4713 1.5557 -0.0927
v  -1.4729 1.5557 -0.0906
v  -1.4741 1.5557 -0.0879
v  -1.4749 1.5557 -0.0848
v  -1.3631 1.5557 -0.0848
v  -1.3638 1.5557 -0.0879
v  -1.3651 1.5557 -0.0906
v  -1.3667 1.5557 -0.0927
v  -1.3686 1.5557 -0.0940
v  -1.3631 1.5557 0.0848
v  -1.3638 1.5557 0.0879
v  -1.3651 1.5557 0.0906
v  -1.3667 1.5557 0.0927
v  -1.3686 1.5557 0.0940
v  -1.3706 1.9940 0.1197
v  -1.3647 1.9940 0.1184
v  -1.4902 1.9940 -0.0814
v  -1.4902 1.9940 0.0814
v  -1.3706 1.9940 -0.1197
v  -1.4674 1.9940 -0.1197
v  -1.3478 1.9940 0.0814
v  -1.3478 1.9940 -0.0814
v  -1.4894 1.9940 0.0913
v  -1.4871 1.9940 0.1005
v  -1.4835 1.9940 0.1085
v  -1.4788 1.9940 0.1145
v  -1.4733 1.9940 0.1184
v  -1.4674 1.9940 0.1197
v  -1.4733 1.9940 -0.1184
v  -1.4788 1.9940 -0.1145
v  -1.4835 1.9940 -0.1085
v  -1.4871 1.9940 -0.1005
v  -1.4894 1.9940 -0.0913
v  -1.3486 1.9940 -0.0913
v  -1.3508 1.9940 -0.1005
v  -1.3545 1.9940 -0.1085
v  -1.3592 1.9940 -0.1145
v  -1.3647 1.9940 -0.1184
v  -1.3486 1.9940 0.0913
v  -1.3508 1.9940 0.1005
v  -1.3545 1.9940 0.1085
v  -1.3592 1.9940 0.1145
# 4730 vertices

vn -0.1747 -0.6521 0.7377
vn 0.1900 0.7092 0.6789
vn 0.0472 0.7197 0.6927
vn -0.0452 -0.6903 0.7221
vn -0.3376 -0.5847 0.7377
vn 0.3671 0.6359 0.6789
vn -0.4774 -0.4774 0.7377
vn 0.5192 0.5192 0.6789
vn -0.5847 -0.3376 0.7377
vn 0.6359 0.3671 0.6789
vn -0.6521 -0.1747 0.7377
vn 0.7092 0.1900 0.6789
vn -0.6903 -0.0452 0.7221
vn 0.7197 0.0472 0.6927
vn -0.0452 0.6903 0.7221
vn 0.0472 -0.7197 0.6927
vn 0.1900 -0.7092 0.6789
vn -0.1747 0.6521 0.7377
vn 0.3671 -0.6359 0.6789
vn -0.3376 0.5847 0.7377
vn 0.5192 -0.5192 0.6789
vn -0.4774 0.4774 0.7377
vn 0.6359 -0.3671 0.6789
vn -0.5847 0.3376 0.7377
vn 0.7092 -0.1900 0.6789
vn -0.6521 0.1747 0.7377
vn 0.7197 -0.0472 0.6927
vn -0.6903 0.0452 0.7221
vn 0.6903 0.0453 0.7221
vn -0.7197 -0.0472 0.6927
vn -0.7092 -0.1900 0.6789
vn 0.6521 0.1747 0.7377
vn -0.6359 -0.3671 0.6789
vn 0.5847 0.3376 0.7377
vn -0.5192 -0.5192 0.6789
vn 0.4774 0.4774 0.7377
vn -0.3671 -0.6359 0.6789
vn 0.3376 0.5847 0.7377
vn -0.1900 -0.7092 0.6789
vn 0.1747 0.6521 0.7377
vn -0.0472 -0.7197 0.6927
vn 0.0452 0.6903 0.7221
vn 0.0452 -0.6903 0.7221
vn -0.0472 0.7197 0.6927
vn -0.1900 0.7092 0.6789
vn 0.1747 -0.6521 0.7377
vn -0.3671 0.6359 0.6789
vn 0.3376 -0.5847 0.7377
vn -0.5192 0.5192 0.6789
vn 0.4774 -0.4774 0.7377
vn -0.6359 0.3671 0.6789
vn 0.5847 -0.3376 0.7377
vn -0.7092 0.1900 0.6789
vn 0.6521 -0.1748 0.7377
vn -0.7197 0.0472 0.6927
vn 0.6903 -0.0453 0.7221
vn -0.0654 0.9979 -0.0000
vn 0.0654 0.9979 -0.0000
vn 0.2588 0.9659 -0.0000
vn 0.5000 0.8660 -0.0000
vn -0.7071 -0.7071 -0.0000
vn -0.8660 -0.5000 -0.0000
vn 0.7071 0.7071 -0.0000
vn -0.9659 -0.2588 -0.0000
vn 0.8660 0.5000 -0.0000
vn -0.9979 -0.0654 -0.0000
vn 0.9659 0.2588 -0.0000
vn -0.2588 0.9659 -0.0000
vn 0.9979 0.0654 -0.0000
vn -0.5000 0.8660 -0.0000
vn 0.2588 -0.9659 -0.0000
vn 0.0654 -0.9979 -0.0000
vn -0.7071 0.7071 -0.0000
vn 0.5000 -0.8660 -0.0000
vn -0.8660 0.5000 -0.0000
vn 0.7071 -0.7071 -0.0000
vn -0.9659 0.2588 -0.0000
vn 0.8660 -0.5000 -0.0000
vn -0.9979 0.0654 -0.0000
vn 0.9659 -0.2588 -0.0000
vn 0.9979 -0.0654 -0.0000
vn -0.5000 -0.8660 -0.0000
vn -0.2588 -0.9659 -0.0000
vn -0.0654 -0.9979 -0.0000
vn -0.7924 -0.5442 0.2756
vn -0.7924 0.5442 0.2756
vn -0.2524 0.6401 -0.7257
vn -0.2524 -0.6401 -0.7257
vn 0.2589 0.6386 0.7246
vn 0.7898 0.5446 -0.2822
vn 0.2589 -0.6386 0.7246
vn 0.7898 -0.5446 -0.2822
vn -0.0000 0.0000 -1.0000
vn -0.7201 0.0478 -0.6922
vn -0.7106 0.1916 -0.6769
vn 0.0000 0.0000 -1.0000
vn -0.6383 0.3698 -0.6752
vn -0.5220 0.5232 -0.6736
vn -0.3695 0.6413 -0.6724
vn -0.1914 0.7157 -0.6717
vn -0.0476 0.7266 -0.6854
vn 0.7107 0.1917 -0.6769
vn 0.7201 0.0478 -0.6922
vn 0.6383 0.3698 -0.6751
vn 0.5220 0.5232 -0.6736
vn 0.3695 0.6413 -0.6724
vn 0.1914 0.7157 -0.6717
vn 0.0476 0.7266 -0.6854
vn 0.1886 -0.7027 -0.6860
vn 0.0468 -0.7127 -0.6999
vn 0.3647 -0.6304 -0.6853
vn 0.5164 -0.5151 -0.6841
vn 0.6335 -0.3645 -0.6825
vn 0.7078 -0.1884 -0.6808
vn 0.7193 -0.0465 -0.6931
vn -0.7078 -0.1884 -0.6808
vn -0.7193 -0.0465 -0.6931
vn -0.6334 -0.3645 -0.6826
vn -0.5164 -0.5151 -0.6841
vn -0.3647 -0.6304 -0.6853
vn -0.1886 -0.7027 -0.6860
vn -0.0468 -0.7127 -0.6999
vn -0.9978 -0.0656 -0.0010
vn -0.9979 0.0652 0.0010
vn -0.9660 0.2585 0.0040
vn -0.8662 0.4997 0.0078
vn 0.4381 -0.7584 -0.4827
vn 0.6197 -0.6193 -0.4821
vn 0.4749 -0.4756 -0.7404
vn 0.3354 -0.5816 -0.7411
vn -0.7073 0.7069 0.0110
vn 0.2267 -0.8457 -0.4831
vn 0.1735 -0.6482 -0.7414
vn -0.5001 0.8658 0.0135
vn 0.0579 -0.8825 -0.4667
vn 0.0450 -0.6861 -0.7261
vn -0.2589 0.9658 0.0151
vn -0.8845 -0.0578 -0.4630
vn -0.8473 -0.2266 -0.4804
vn -0.6509 -0.1751 -0.7387
vn -0.6900 -0.0456 -0.7224
vn -0.0654 0.9977 0.0156
vn -0.7593 -0.4379 -0.4813
vn -0.5826 -0.3370 -0.7397
vn 0.9660 0.2585 0.0041
vn 0.9979 0.0652 0.0010
vn -0.6197 -0.6193 -0.4821
vn -0.4749 -0.4756 -0.7404
vn 0.8662 0.4997 0.0078
vn -0.4381 -0.7583 -0.4827
vn -0.3355 -0.5816 -0.7411
vn 0.7073 0.7069 0.0110
vn -0.2267 -0.8457 -0.4831
vn -0.1735 -0.6482 -0.7414
vn 0.5001 0.8658 0.0135
vn -0.0579 -0.8825 -0.4667
vn -0.0449 -0.6861 -0.7261
vn 0.2589 0.9658 0.0151
vn -0.0581 0.8867 -0.4588
vn -0.2275 0.8496 -0.4758
vn -0.1760 0.6560 -0.7339
vn -0.0455 0.6944 -0.7181
vn 0.0654 0.9977 0.0156
vn -0.4395 0.7616 -0.4762
vn -0.3397 0.5877 -0.7343
vn 0.2587 -0.9658 -0.0151
vn 0.0654 -0.9977 -0.0156
vn -0.6213 0.6218 -0.4768
vn -0.4798 0.4792 -0.7350
vn 0.4998 -0.8660 -0.0135
vn -0.7607 0.4396 -0.4776
vn -0.5868 0.3381 -0.7357
vn 0.7069 -0.7073 -0.0110
vn -0.8481 0.2277 -0.4785
vn -0.6533 0.1744 -0.7367
vn 0.8658 -0.5003 -0.0078
vn -0.8847 0.0582 -0.4625
vn -0.6906 0.0449 -0.7219
vn 0.9658 -0.2592 -0.0040
vn 0.8847 0.0582 -0.4625
vn 0.8481 0.2277 -0.4785
vn 0.6533 0.1744 -0.7367
vn 0.6906 0.0449 -0.7219
vn 0.9978 -0.0656 -0.0010
vn 0.7607 0.4396 -0.4776
vn 0.5868 0.3381 -0.7358
vn -0.9658 -0.2592 -0.0041
vn 0.6213 0.6218 -0.4768
vn 0.4798 0.4792 -0.7349
vn -0.8658 -0.5003 -0.0078
vn 0.4395 0.7616 -0.4762
vn 0.3397 0.5877 -0.7343
vn -0.7069 -0.7073 -0.0110
vn 0.2275 0.8496 -0.4758
vn 0.1760 0.6560 -0.7339
vn -0.4998 -0.8660 -0.0135
vn 0.0581 0.8867 -0.4588
vn 0.0455 0.6944 -0.7181
vn -0.2587 -0.9658 -0.0151
vn -0.0654 -0.9977 -0.0156
vn 0.8473 -0.2266 -0.4804
vn 0.8845 -0.0577 -0.4630
vn 0.6900 -0.0455 -0.7224
vn 0.6509 -0.1750 -0.7387
vn 0.7593 -0.4380 -0.4813
vn 0.5825 -0.3370 -0.7396
vn 0.7303 0.0000 0.6831
vn 0.7163 -0.1424 0.6831
vn 0.7115 -0.1416 -0.6883
vn 0.7254 0.0000 -0.6883
vn 0.6746 -0.2793 0.6833
vn 0.6703 -0.2778 -0.6881
vn 0.6070 -0.4054 0.6835
vn 0.6034 -0.4034 -0.6879
vn 0.5161 -0.5158 0.6839
vn 0.5133 -0.5136 -0.6875
vn 0.4054 -0.6062 0.6842
vn 0.4034 -0.6042 -0.6871
vn 0.2792 -0.6732 0.6847
vn 0.2779 -0.6717 -0.6867
vn 0.1424 -0.7143 0.6852
vn 0.1416 -0.7135 -0.6862
vn 0.0003 -0.7279 0.6857
vn -0.0003 -0.7279 -0.6857
vn -0.1416 -0.7135 0.6862
vn -0.1424 -0.7143 -0.6852
vn -0.2779 -0.6717 0.6867
vn -0.2792 -0.6732 -0.6847
vn -0.4034 -0.6042 0.6871
vn -0.4054 -0.6062 -0.6842
vn -0.5133 -0.5136 0.6875
vn -0.5161 -0.5158 -0.6839
vn -0.6034 -0.4034 0.6879
vn -0.6070 -0.4054 -0.6835
vn -0.6703 -0.2778 0.6881
vn -0.6746 -0.2793 -0.6833
vn -0.7115 -0.1416 0.6882
vn -0.7163 -0.1424 -0.6831
vn -0.7254 -0.0000 0.6883
vn -0.7303 -0.0000 -0.6831
vn -0.7115 0.1416 0.6882
vn -0.7163 0.1424 -0.6831
vn -0.6703 0.2778 0.6881
vn -0.6746 0.2793 -0.6833
vn -0.6034 0.4034 0.6879
vn -0.6070 0.4054 -0.6835
vn -0.5133 0.5136 0.6875
vn -0.5161 0.5157 -0.6838
vn -0.4034 0.6042 0.6871
vn -0.4054 0.6062 -0.6842
vn -0.2779 0.6717 0.6867
vn -0.2792 0.6732 -0.6847
vn -0.1416 0.7135 0.6862
vn -0.1424 0.7143 -0.6852
vn 0.0003 0.7279 0.6857
vn -0.0003 0.7279 -0.6857
vn 0.1424 0.7143 0.6852
vn 0.1416 0.7135 -0.6862
vn 0.2792 0.6732 0.6847
vn 0.2779 0.6717 -0.6867
vn 0.4054 0.6062 0.6842
vn 0.4034 0.6042 -0.6871
vn 0.5161 0.5158 0.6839
vn 0.5133 0.5136 -0.6875
vn 0.6070 0.4054 0.6835
vn 0.6034 0.4034 -0.6879
vn 0.6746 0.2793 0.6833
vn 0.6703 0.2778 -0.6881
vn 0.7115 0.1416 -0.6883
vn 0.7163 0.1424 0.6831
vn 0.7304 -0.0000 0.6831
vn 0.7254 -0.0000 -0.6883
vn 0.5161 -0.5157 0.6838
vn -0.5133 -0.5136 0.6876
vn -0.7115 -0.1416 0.6883
vn -0.7254 0.0000 0.6883
vn -0.7304 0.0000 -0.6831
vn -0.7115 0.1416 0.6883
vn -0.5133 0.5136 0.6876
vn -0.5161 0.5158 -0.6839
vn 0.5161 0.5157 0.6839
vn 0.7303 -0.0000 0.6831
vn -0.5161 -0.5157 -0.6838
vn -0.6070 -0.4053 -0.6835
vn -0.7303 0.0000 -0.6831
vn -0.6070 0.4053 -0.6835
vn 0.5133 0.5136 -0.6876
vn 0.7163 -0.1425 0.6831
vn 0.7115 -0.1416 -0.6882
vn 0.6070 -0.4053 0.6835
vn -0.5161 -0.5158 -0.6838
vn -0.5161 0.5158 -0.6838
vn 0.5161 0.5157 0.6838
vn 0.6070 0.4053 0.6835
vn 0.7163 0.1425 0.6831
vn -0.5427 0.7945 0.2726
vn 0.5453 0.7931 0.2714
vn 0.6377 0.2485 -0.7291
vn -0.6441 0.2493 -0.7232
vn 0.6441 -0.2493 0.7232
vn 0.5427 -0.7945 -0.2726
vn -0.6377 -0.2485 0.7291
vn -0.5453 -0.7931 -0.2714
vn 0.5453 -0.7931 0.2714
vn -0.5427 -0.7945 0.2726
vn -0.6441 -0.2493 -0.7232
vn 0.6377 -0.2485 -0.7291
vn -0.6377 0.2485 0.7291
vn -0.5453 0.7931 -0.2714
vn 0.6441 0.2493 0.7232
vn 0.5427 0.7945 -0.2726
vn 0.7934 0.5441 0.2731
vn 0.7934 -0.5441 0.2731
vn 0.2499 -0.6407 -0.7260
vn 0.2499 0.6407 -0.7260
vn -0.2563 -0.6392 0.7251
vn -0.7909 -0.5444 -0.2795
vn -0.2563 0.6392 0.7251
vn -0.7909 0.5444 -0.2795
vn 0.8994 -0.0592 -0.4331
vn 0.8762 -0.2352 -0.4207
vn -0.6903 0.0453 0.7221
vn -0.5847 0.3375 0.7377
vn 0.6903 0.0452 0.7221
vn 0.6521 -0.1747 0.7377
vn 0.6903 -0.0452 0.7221
vn -0.6903 -0.0453 0.7221
vn -0.5847 -0.3375 0.7377
vn 0.7851 -0.4537 -0.4217
vn 0.6406 -0.6411 -0.4226
vn 0.4528 -0.7847 -0.4233
vn 0.2343 -0.8750 -0.4237
vn 0.0588 -0.8976 -0.4370
vn -0.8762 -0.2352 -0.4207
vn -0.8994 -0.0592 -0.4331
vn -0.7851 -0.4537 -0.4217
vn -0.6406 -0.6411 -0.4226
vn -0.4528 -0.7847 -0.4233
vn -0.2343 -0.8750 -0.4237
vn -0.0588 -0.8976 -0.4370
vn -0.2355 0.8786 -0.4155
vn -0.0591 0.9015 -0.4288
vn -0.4549 0.7875 -0.4159
vn -0.6430 0.6426 -0.4166
vn -0.7871 0.4540 -0.4175
vn -0.8774 0.2347 -0.4185
vn -0.8997 0.0588 -0.4326
vn 0.8774 0.2347 -0.4185
vn 0.8997 0.0588 -0.4326
vn 0.7871 0.4540 -0.4175
vn 0.6430 0.6426 -0.4166
vn 0.4549 0.7875 -0.4159
vn 0.2355 0.8786 -0.4155
vn 0.0591 0.9015 -0.4288
vn -0.5441 0.7929 0.2743
vn 0.5441 0.7929 0.2743
vn 0.6404 0.2511 -0.7258
vn -0.6404 0.2511 -0.7258
vn 0.6389 -0.2576 0.7249
vn 0.5445 -0.7903 -0.2809
vn -0.6389 -0.2576 0.7249
vn -0.5445 -0.7903 -0.2809
vn 0.0472 0.7197 -0.6927
vn 0.1900 0.7092 -0.6789
vn 0.3671 0.6359 -0.6789
vn 0.5192 0.5192 -0.6789
vn 0.6359 0.3671 -0.6789
vn 0.7092 0.1900 -0.6789
vn 0.7197 0.0472 -0.6927
vn 0.1900 -0.7092 -0.6789
vn 0.0472 -0.7197 -0.6927
vn 0.3671 -0.6359 -0.6789
vn 0.5192 -0.5192 -0.6789
vn 0.6359 -0.3671 -0.6789
vn 0.7092 -0.1900 -0.6789
vn 0.7197 -0.0472 -0.6927
vn -0.7092 -0.1900 -0.6789
vn -0.7197 -0.0472 -0.6927
vn -0.6359 -0.3671 -0.6789
vn -0.5192 -0.5192 -0.6789
vn -0.3671 -0.6359 -0.6789
vn -0.1900 -0.7092 -0.6789
vn -0.0472 -0.7197 -0.6927
vn -0.1900 0.7092 -0.6789
vn -0.0472 0.7197 -0.6927
vn -0.3671 0.6359 -0.6789
vn -0.5192 0.5192 -0.6789
vn -0.6359 0.3671 -0.6789
vn -0.7092 0.1900 -0.6789
vn -0.7197 0.0472 -0.6927
vn -0.4774 -0.4774 -0.7377
vn -0.5847 -0.3376 -0.7377
vn -0.6521 -0.1747 -0.7377
vn -0.6903 -0.0452 -0.7221
vn -0.1747 0.6521 -0.7377
vn -0.0452 0.6903 -0.7221
vn -0.3376 0.5847 -0.7377
vn -0.4774 0.4774 -0.7377
vn -0.5847 0.3376 -0.7377
vn -0.6521 0.1747 -0.7377
vn -0.6903 0.0452 -0.7221
vn 0.6521 0.1748 -0.7377
vn 0.6903 0.0452 -0.7221
vn 0.5847 0.3376 -0.7377
vn 0.4774 0.4774 -0.7377
vn 0.3376 0.5847 -0.7377
vn 0.1747 0.6521 -0.7377
vn 0.0452 0.6903 -0.7221
vn 0.1747 -0.6521 -0.7377
vn 0.0452 -0.6903 -0.7221
vn 0.3376 -0.5847 -0.7377
vn 0.4774 -0.4774 -0.7377
vn 0.5847 -0.3376 -0.7377
vn 0.6521 -0.1747 -0.7377
vn 0.6903 -0.0452 -0.7221
vn -0.0452 -0.6903 -0.7221
vn -0.1747 -0.6521 -0.7377
vn -0.3376 -0.5847 -0.7377
vn -0.0000 -0.7279 0.6857
vn -0.1420 -0.7139 0.6857
vn -0.1420 -0.7139 -0.6857
vn -0.0000 -0.7279 -0.6857
vn -0.2786 -0.6725 0.6857
vn -0.2786 -0.6725 -0.6857
vn -0.4044 -0.6052 0.6857
vn -0.4044 -0.6052 -0.6857
vn -0.5147 -0.5147 0.6857
vn -0.5147 -0.5147 -0.6857
vn -0.6052 -0.4044 0.6857
vn -0.6052 -0.4044 -0.6857
vn -0.6725 -0.2786 0.6857
vn -0.6725 -0.2786 -0.6857
vn -0.7139 -0.1420 0.6857
vn -0.7139 -0.1420 -0.6857
vn -0.7279 0.0000 0.6857
vn -0.7279 0.0000 -0.6857
vn -0.7139 0.1420 0.6857
vn -0.7139 0.1420 -0.6857
vn -0.6725 0.2786 0.6857
vn -0.6725 0.2786 -0.6857
vn -0.6052 0.4044 0.6857
vn -0.6052 0.4044 -0.6857
vn -0.5147 0.5147 0.6857
vn -0.5147 0.5147 -0.6857
vn -0.4044 0.6052 0.6857
vn -0.4044 0.6052 -0.6857
vn -0.2785 0.6725 0.6857
vn -0.2785 0.6725 -0.6857
vn -0.1420 0.7139 0.6857
vn -0.1420 0.7139 -0.6857
vn -0.0000 0.7279 0.6857
vn -0.0000 0.7279 -0.6857
vn 0.1420 0.7139 0.6857
vn 0.1420 0.7139 -0.6857
vn 0.2785 0.6725 0.6857
vn 0.2785 0.6725 -0.6857
vn 0.4044 0.6052 0.6857
vn 0.4044 0.6052 -0.6857
vn 0.5147 0.5147 0.6857
vn 0.5147 0.5147 -0.6857
vn 0.6052 0.4044 0.6857
vn 0.6052 0.4044 -0.6857
vn 0.6725 0.2786 0.6857
vn 0.6725 0.2786 -0.6857
vn 0.7139 0.1420 0.6857
vn 0.7139 0.1420 -0.6857
vn 0.7279 0.0000 0.6857
vn 0.7279 0.0000 -0.6857
vn 0.7139 -0.1420 0.6857
vn 0.7139 -0.1420 -0.6857
vn 0.6725 -0.2786 0.6857
vn 0.6725 -0.2786 -0.6857
vn 0.6052 -0.4044 0.6857
vn 0.6052 -0.4044 -0.6857
vn 0.5147 -0.5147 0.6857
vn 0.5147 -0.5147 -0.6857
vn 0.4044 -0.6052 0.6857
vn 0.4044 -0.6052 -0.6857
vn 0.2786 -0.6725 0.6857
vn 0.2786 -0.6725 -0.6857
vn 0.1420 -0.7139 -0.6857
vn 0.1420 -0.7139 0.6857
vn -0.6725 -0.2785 0.6857
vn -0.6725 -0.2785 -0.6857
vn -0.6725 0.2785 0.6857
vn -0.6725 0.2785 -0.6857
vn -0.2786 0.6725 0.6857
vn -0.2786 0.6725 -0.6857
vn 0.2786 0.6725 0.6857
vn 0.2786 0.6725 -0.6857
vn -0.2785 -0.6725 0.6857
vn -0.2785 -0.6725 -0.6857
vn 0.6725 0.2785 0.6857
vn 0.6725 0.2785 -0.6857
vn 0.6725 -0.2785 0.6857
vn 0.6725 -0.2785 -0.6857
vn 0.0000 -0.7279 0.6857
vn 0.0000 -0.7279 -0.6857
vn 0.2785 -0.6725 0.6857
vn 0.2785 -0.6725 -0.6857
vn 0.7938 0.5440 0.2720
vn 0.7938 -0.5440 0.2720
vn 0.2489 -0.6409 -0.7262
vn 0.2489 0.6409 -0.7262
vn -0.2489 -0.6409 0.7262
vn -0.7938 -0.5440 -0.2720
vn -0.2489 0.6409 0.7262
vn -0.7938 0.5440 -0.2720
vn -0.7938 -0.5440 0.2720
vn -0.7938 0.5440 0.2720
vn -0.2489 0.6409 -0.7262
vn -0.2489 -0.6409 -0.7262
vn 0.2489 0.6409 0.7262
vn 0.7938 0.5440 -0.2720
vn 0.2489 -0.6409 0.7262
vn 0.7938 -0.5440 -0.2720
vn 0.5441 -0.7929 0.2743
vn -0.5441 -0.7929 0.2743
vn -0.6404 -0.2511 -0.7258
vn 0.6404 -0.2511 -0.7258
vn -0.6389 0.2576 0.7249
vn -0.5445 0.7903 -0.2809
vn 0.6389 0.2576 0.7249
vn 0.5445 0.7903 -0.2809
vn -0.6335 -0.3645 -0.6826
vn -0.5001 0.8659 0.0135
vn 0.0449 -0.6861 -0.7261
vn 0.4034 -0.6042 -0.6872
vn -0.5453 -0.7930 -0.2714
vn -0.3375 0.5847 -0.7377
vn -0.7106 0.1916 -0.6770
vn 0.0467 -0.7127 -0.6999
vn -0.7193 -0.0465 -0.6932
vn -0.0467 -0.7127 -0.6999
vn -0.5826 -0.3370 -0.7396
vn -0.4750 -0.4756 -0.7404
vn -0.4381 -0.7584 -0.4827
vn -0.7069 -0.7072 -0.0110
vn 0.5453 0.7930 0.2714
vn -0.5453 0.7930 -0.2714
vn 0.6521 0.1747 -0.7377
vn -0.2488 0.6409 -0.7262
vn -0.2488 -0.6409 -0.7262
vn 0.6335 -0.3645 -0.6826
vn 0.4381 -0.7583 -0.4827
vn -0.5825 -0.3370 -0.7397
vn -0.1759 0.6560 -0.7339
vn -0.5868 0.3381 -0.7358
vn 0.5426 -0.7945 -0.2726
vn -0.5454 -0.7930 -0.2714
vn 0.6407 -0.6411 -0.4226
vn 0.0000 0.7279 -0.6857
# 552 vertex normals

vt 0.1639 0.7176 0.0000
vt 0.1546 0.7486 0.0000
vt 0.1650 0.7500 0.0000
vt 0.1684 0.7181 0.0000
vt 0.1617 0.7167 0.0000
vt 0.1450 0.7446 0.0000
vt 0.1598 0.7152 0.0000
vt 0.1367 0.7383 0.0000
vt 0.1583 0.7133 0.0000
vt 0.1304 0.7300 0.0000
vt 0.1575 0.7110 0.0000
vt 0.1264 0.7204 0.0000
vt 0.1570 0.7065 0.0000
vt 0.1250 0.7100 0.0000
vt 0.2252 0.4667 0.0000
vt 0.1650 0.5000 0.0000
vt 0.3015 0.3535 0.0000
vt 0.2288 0.4581 0.0000
vt 0.2983 0.3484 0.0000
vt 0.2298 0.4552 0.0000
vt 0.2956 0.3372 0.0000
vt 0.2291 0.4548 0.0000
vt 0.2935 0.3267 0.0000
vt 0.2268 0.4573 0.0000
vt 0.2921 0.3235 0.0000
vt 0.2230 0.4624 0.0000
vt 0.1250 0.5400 0.0000
vt 0.2146 0.4752 0.0000
vt 0.3488 0.5378 0.0000
vt 0.3750 0.5400 0.0000
vt 0.3745 0.5296 0.0000
vt 0.3487 0.5329 0.0000
vt 0.3732 0.5200 0.0000
vt 0.3481 0.5304 0.0000
vt 0.3711 0.5039 0.0000
vt 0.3469 0.5281 0.0000
vt 0.3683 0.4885 0.0000
vt 0.3451 0.5265 0.0000
vt 0.3651 0.4807 0.0000
vt 0.3429 0.5255 0.0000
vt 0.3350 0.5000 0.0000
vt 0.3383 0.5251 0.0000
vt 0.3378 0.7224 0.0000
vt 0.3350 0.7500 0.0000
vt 0.3651 0.7693 0.0000
vt 0.3425 0.7222 0.0000
vt 0.3683 0.7615 0.0000
vt 0.3447 0.7212 0.0000
vt 0.3711 0.7461 0.0000
vt 0.3464 0.7196 0.0000
vt 0.3732 0.7300 0.0000
vt 0.3477 0.7174 0.0000
vt 0.3745 0.7204 0.0000
vt 0.3483 0.7148 0.0000
vt 0.3750 0.7100 0.0000
vt 0.3484 0.7098 0.0000
vt 0.3750 0.0000 0.0000
vt 0.3750 0.2500 0.0000
vt 0.6250 0.2500 0.0000
vt 0.6250 0.0000 0.0000
vt 0.3750 0.5000 0.0000
vt 0.6250 0.5000 0.0000
vt 0.3750 0.7500 0.0000
vt 0.6250 0.7500 0.0000
vt 0.3750 1.0000 0.0000
vt 0.6250 1.0000 0.0000
vt 0.1250 0.5000 0.0000
vt 0.1250 0.7500 0.0000
vt 0.8750 0.7500 0.0000
vt 0.8750 0.5000 0.0000
vt 0.1553 0.7462 0.0000
vt 0.1652 0.7475 0.0000
vt 0.1463 0.7425 0.0000
vt 0.1385 0.7365 0.0000
vt 0.1325 0.7287 0.0000
vt 0.1288 0.7196 0.0000
vt 0.1275 0.7098 0.0000
vt 0.1696 0.4974 0.0000
vt 0.2959 0.3616 0.0000
vt 0.2930 0.3567 0.0000
vt 0.2904 0.3463 0.0000
vt 0.2883 0.3368 0.0000
vt 0.2868 0.3342 0.0000
vt 0.1319 0.5350 0.0000
vt 0.3730 0.5398 0.0000
vt 0.3725 0.5299 0.0000
vt 0.3713 0.5208 0.0000
vt 0.3692 0.5058 0.0000
vt 0.3665 0.4914 0.0000
vt 0.3634 0.4842 0.0000
vt 0.3353 0.5019 0.0000
vt 0.3352 0.7479 0.0000
vt 0.3634 0.7657 0.0000
vt 0.3665 0.7584 0.0000
vt 0.3692 0.7440 0.0000
vt 0.3712 0.7290 0.0000
vt 0.3725 0.7199 0.0000
vt 0.3729 0.7100 0.0000
vt 1.0000 0.5000 0.0000
vt 0.9688 0.5000 0.0000
vt 0.9688 1.0000 0.0000
vt 1.0000 1.0000 0.0000
vt 0.9375 0.5000 0.0000
vt 0.9375 1.0000 0.0000
vt 0.9062 0.5000 0.0000
vt 0.9062 1.0000 0.0000
vt 0.8750 1.0000 0.0000
vt 0.8438 0.5000 0.0000
vt 0.8438 1.0000 0.0000
vt 0.8125 0.5000 0.0000
vt 0.8125 1.0000 0.0000
vt 0.7812 0.5000 0.0000
vt 0.7812 1.0000 0.0000
vt 0.7500 0.5000 0.0000
vt 0.7500 1.0000 0.0000
vt 0.7188 0.5000 0.0000
vt 0.7188 1.0000 0.0000
vt 0.6875 0.5000 0.0000
vt 0.6875 1.0000 0.0000
vt 0.6562 0.5000 0.0000
vt 0.6562 1.0000 0.0000
vt 0.5938 0.5000 0.0000
vt 0.5938 1.0000 0.0000
vt 0.5625 0.5000 0.0000
vt 0.5625 1.0000 0.0000
vt 0.5312 0.5000 0.0000
vt 0.5312 1.0000 0.0000
vt 0.5000 0.5000 0.0000
vt 0.5000 1.0000 0.0000
vt 0.4688 0.5000 0.0000
vt 0.4688 1.0000 0.0000
vt 0.4375 0.5000 0.0000
vt 0.4375 1.0000 0.0000
vt 0.4062 0.5000 0.0000
vt 0.4062 1.0000 0.0000
vt 0.3438 0.5000 0.0000
vt 0.3438 1.0000 0.0000
vt 0.3125 0.5000 0.0000
vt 0.3125 1.0000 0.0000
vt 0.2812 0.5000 0.0000
vt 0.2812 1.0000 0.0000
vt 0.2500 0.5000 0.0000
vt 0.2500 1.0000 0.0000
vt 0.2188 0.5000 0.0000
vt 0.2188 1.0000 0.0000
vt 0.1875 0.5000 0.0000
vt 0.1875 1.0000 0.0000
vt 0.1562 0.5000 0.0000
vt 0.1562 1.0000 0.0000
vt 0.1250 1.0000 0.0000
vt 0.0938 0.5000 0.0000
vt 0.0938 1.0000 0.0000
vt 0.0625 0.5000 0.0000
vt 0.0625 1.0000 0.0000
vt 0.2968 0.4854 0.0000
vt 0.3418 0.4717 0.0000
vt 0.3833 0.4496 0.0000
vt 0.4197 0.4197 0.0000
vt 0.4496 0.3833 0.0000
vt 0.4717 0.3418 0.0000
vt 0.4854 0.2968 0.0000
vt 0.4900 0.2500 0.0000
vt 0.4854 0.2032 0.0000
vt 0.4717 0.1582 0.0000
vt 0.4496 0.1167 0.0000
vt 0.4197 0.0803 0.0000
vt 0.3833 0.0504 0.0000
vt 0.3418 0.0283 0.0000
vt 0.2968 0.0146 0.0000
vt 0.2500 0.0100 0.0000
vt 0.2032 0.0146 0.0000
vt 0.1582 0.0283 0.0000
vt 0.1167 0.0504 0.0000
vt 0.0803 0.0803 0.0000
vt 0.0504 0.1167 0.0000
vt 0.0283 0.1582 0.0000
vt 0.0146 0.2032 0.0000
vt 0.0100 0.2500 0.0000
vt 0.0146 0.2968 0.0000
vt 0.0283 0.3418 0.0000
vt 0.0504 0.3833 0.0000
vt 0.0803 0.4197 0.0000
vt 0.1167 0.4496 0.0000
vt 0.1582 0.4717 0.0000
vt 0.2032 0.4854 0.0000
vt 0.2500 0.4900 0.0000
vt 0.0312 0.5000 0.0000
vt 0.0312 1.0000 0.0000
vt 0.0000 0.5000 0.0000
vt 0.0000 1.0000 0.0000
vt 0.7500 0.4900 0.0000
vt 0.7032 0.4854 0.0000
vt 0.6582 0.4717 0.0000
vt 0.6167 0.4496 0.0000
vt 0.5803 0.4197 0.0000
vt 0.5504 0.3833 0.0000
vt 0.5283 0.3418 0.0000
vt 0.5146 0.2968 0.0000
vt 0.5100 0.2500 0.0000
vt 0.5146 0.2032 0.0000
vt 0.5283 0.1582 0.0000
vt 0.5504 0.1167 0.0000
vt 0.5803 0.0803 0.0000
vt 0.6167 0.0504 0.0000
vt 0.6582 0.0283 0.0000
vt 0.7032 0.0146 0.0000
vt 0.7500 0.0100 0.0000
vt 0.7968 0.0146 0.0000
vt 0.8418 0.0283 0.0000
vt 0.8833 0.0504 0.0000
vt 0.9197 0.0803 0.0000
vt 0.9496 0.1167 0.0000
vt 0.9717 0.1582 0.0000
vt 0.9854 0.2032 0.0000
vt 0.9900 0.2500 0.0000
vt 0.9854 0.2968 0.0000
vt 0.9717 0.3418 0.0000
vt 0.9496 0.3833 0.0000
vt 0.9197 0.4197 0.0000
vt 0.8833 0.4496 0.0000
vt 0.8418 0.4717 0.0000
vt 0.7968 0.4854 0.0000
vt 0.1554 0.7461 0.0000
vt 0.1653 0.7474 0.0000
vt 0.1464 0.7423 0.0000
vt 0.1386 0.7364 0.0000
vt 0.1327 0.7286 0.0000
vt 0.1289 0.7196 0.0000
vt 0.1277 0.7097 0.0000
vt 0.1700 0.4972 0.0000
vt 0.2955 0.3622 0.0000
vt 0.2927 0.3573 0.0000
vt 0.2901 0.3470 0.0000
vt 0.2879 0.3375 0.0000
vt 0.2864 0.3350 0.0000
vt 0.1324 0.5346 0.0000
vt 0.3728 0.5398 0.0000
vt 0.3724 0.5299 0.0000
vt 0.3711 0.5208 0.0000
vt 0.3691 0.5059 0.0000
vt 0.3664 0.4916 0.0000
vt 0.3633 0.4844 0.0000
vt 0.3353 0.5021 0.0000
vt 0.3353 0.7477 0.0000
vt 0.3632 0.7654 0.0000
vt 0.3664 0.7582 0.0000
vt 0.3691 0.7439 0.0000
vt 0.3711 0.7290 0.0000
vt 0.3724 0.7199 0.0000
vt 0.3728 0.7100 0.0000
vt 0.3376 0.7248 0.0000
vt 0.1681 0.7210 0.0000
vt 0.3511 0.5380 0.0000
vt 0.3507 0.7098 0.0000
vt 0.2198 0.4697 0.0000
vt 0.3380 0.5228 0.0000
vt 0.1541 0.7068 0.0000
vt 0.2066 0.4810 0.0000
vt 0.3506 0.7153 0.0000
vt 0.3499 0.7185 0.0000
vt 0.3486 0.7220 0.0000
vt 0.3468 0.7248 0.0000
vt 0.3445 0.7264 0.0000
vt 0.3449 0.5215 0.0000
vt 0.3472 0.5231 0.0000
vt 0.3490 0.5260 0.0000
vt 0.3503 0.5294 0.0000
vt 0.3510 0.5326 0.0000
vt 0.2292 0.4500 0.0000
vt 0.2328 0.4456 0.0000
vt 0.2351 0.4443 0.0000
vt 0.2359 0.4457 0.0000
vt 0.2353 0.4488 0.0000
vt 0.1547 0.7119 0.0000
vt 0.1558 0.7148 0.0000
vt 0.1577 0.7173 0.0000
vt 0.1602 0.7192 0.0000
vt 0.1631 0.7204 0.0000
vt 0.1679 0.7227 0.0000
vt 0.3374 0.7263 0.0000
vt 0.3522 0.7098 0.0000
vt 0.3526 0.5381 0.0000
vt 0.3379 0.5215 0.0000
vt 0.2165 0.4715 0.0000
vt 0.2017 0.4845 0.0000
vt 0.1524 0.7070 0.0000
vt 0.3521 0.7156 0.0000
vt 0.3513 0.7192 0.0000
vt 0.3500 0.7234 0.0000
vt 0.3481 0.7270 0.0000
vt 0.3457 0.7289 0.0000
vt 0.3461 0.5190 0.0000
vt 0.3485 0.5210 0.0000
vt 0.3503 0.5247 0.0000
vt 0.3517 0.5289 0.0000
vt 0.3524 0.5324 0.0000
vt 0.2330 0.4424 0.0000
vt 0.2364 0.4385 0.0000
vt 0.2387 0.4379 0.0000
vt 0.2396 0.4398 0.0000
vt 0.2393 0.4431 0.0000
vt 0.1530 0.7124 0.0000
vt 0.1543 0.7157 0.0000
vt 0.1565 0.7185 0.0000
vt 0.1593 0.7207 0.0000
vt 0.1626 0.7221 0.0000
# 306 texture coords

o pole_001
g pole_001
usemtl Metal
s off
f 1/1/1 2/2/2 3/3/3 4/4/4 
f 5/5/5 6/6/6 2/2/2 1/1/1 
f 7/7/7 8/8/8 6/6/6 5/5/5 
f 9/9/9 10/10/10 8/8/8 7/7/7 
f 11/11/11 12/12/12 10/10/10 9/9/9 
f 13/13/13 14/14/14 12/12/12 11/11/11 
f 15/15/15 16/16/16 17/17/17 18/18/18 
f 18/18/18 17/17/17 19/19/19 20/20/20 
f 20/20/20 19/19/19 21/21/21 22/22/22 
f 22/22/22 21/21/21 23/23/23 24/24/24 
f 24/24/24 23/23/23 25/25/25 26/26/26 
f 26/26/26 25/25/25 27/27/27 28/28/28 
f 29/29/29 30/30/30 31/31/31 32/32/32 
f 32/32/32 31/31/31 33/33/33 34/34/34 
f 34/34/34 33/33/33 35/35/35 36/36/36 
f 36/36/36 35/35/35 37/37/37 38/38/38 
f 38/38/38 37/37/37 39/39/39 40/40/40 
f 40/40/40 39/39/39 41/41/41 42/42/42 
f 43/43/43 44/44/44 45/45/45 46/46/46 
f 46/46/46 45/45/45 47/47/47 48/48/48 
f 48/48/48 47/47/47 49/49/49 50/50/50 
f 50/50/50 49/49/49 51/51/51 52/52/52 
f 52/52/52 51/51/51 53/53/53 54/54/54 
f 54/54/54 53/53/53 55/55/55 56/56/56 
f 28/28/28 27/27/27 14/14/14 13/13/13 
f 42/42/42 41/41/41 16/16/16 15/15/15 
f 56/56/56 55/55/55 30/30/30 29/29/29 
f 4/4/4 3/3/3 44/44/44 43/43/43 
f 57/44/57 58/3/58 59/3/58 60/44/57 
f 61/2/59 62/6/60 63/6/60 64/2/59 
f 9/9/9 7/7/7 65/7/61 66/9/62 
f 62/6/60 67/8/63 68/8/63 63/6/60 
f 11/11/11 9/9/9 66/9/62 69/11/64 
f 67/8/63 70/10/65 71/10/65 68/8/63 
f 13/13/13 11/11/11 69/11/64 72/13/66 
f 70/10/65 73/12/67 74/12/67 71/10/65 
f 15/15/15 18/18/18 75/18/68 76/15/57 
f 73/12/67 77/14/69 78/14/69 74/12/67 
f 18/18/18 20/20/20 79/20/70 75/18/68 
f 80/17/71 81/16/72 82/16/72 83/17/71 
f 20/20/20 22/22/22 84/22/73 79/20/70 
f 85/19/74 80/17/71 83/17/71 86/19/74 
f 22/22/22 24/24/24 87/24/75 84/22/73 
f 88/21/76 85/19/74 86/19/74 89/21/76 
f 24/24/24 26/26/26 90/26/77 87/24/75 
f 91/23/78 88/21/76 89/21/76 92/23/78 
f 26/26/26 28/28/28 93/28/79 90/26/77 
f 94/25/80 91/23/78 92/23/78 95/25/80 
f 29/29/29 32/32/32 96/32/67 97/29/69 
f 98/27/81 94/25/80 95/25/80 99/27/81 
f 32/32/32 34/34/34 100/34/65 96/32/67 
f 101/31/64 102/30/66 103/30/66 104/31/64 
f 34/34/34 36/36/36 105/36/63 100/34/65 
f 106/33/62 101/31/64 104/31/64 107/33/62 
f 36/36/36 38/38/38 108/38/60 105/36/63 
f 109/35/61 106/33/62 107/33/62 110/35/61 
f 38/38/38 40/40/40 111/40/59 108/38/60 
f 112/37/82 109/35/61 110/35/61 113/37/82 
f 40/40/40 42/42/42 114/42/58 111/40/59 
f 115/39/83 112/37/82 113/37/82 116/39/83 
f 43/43/43 46/46/46 117/46/71 118/43/72 
f 119/41/84 115/39/83 116/39/83 120/41/84 
f 46/46/46 48/48/48 121/48/74 117/46/71 
f 122/45/68 57/44/57 60/44/57 123/45/68 
f 48/48/48 50/50/50 124/50/76 121/48/74 
f 125/47/70 122/45/68 123/45/68 126/47/70 
f 50/50/50 52/52/52 127/52/78 124/50/76 
f 128/49/73 125/47/70 126/47/70 129/49/73 
f 52/52/52 54/54/54 130/54/80 127/52/78 
f 131/51/75 128/49/73 129/49/73 132/51/75 
f 54/54/54 56/56/56 133/56/81 130/54/80 
f 134/53/77 131/51/75 132/51/75 135/53/77 
f 28/28/28 13/13/13 72/13/66 93/28/79 
f 136/55/79 134/53/77 135/53/77 137/55/79 
f 42/42/42 15/15/15 76/15/57 114/42/58 
f 77/14/69 98/27/81 99/27/81 78/14/69 
f 56/56/56 29/29/29 97/29/69 133/56/81 
f 1/1/1 4/4/4 138/4/84 139/1/83 
f 81/16/72 119/41/84 120/41/84 82/16/72 
f 4/4/4 43/43/43 118/43/72 138/4/84 
f 5/5/5 1/1/1 139/1/83 140/5/82 
f 102/30/66 136/55/79 137/55/79 103/30/66 
f 58/3/58 61/2/59 64/2/59 59/3/58 
f 7/7/7 5/5/5 140/5/82 65/7/61 
f 141/57/85 142/58/86 143/59/87 144/60/88 
f 142/58/86 145/61/89 146/62/90 143/59/87 
f 145/61/89 147/63/91 148/64/92 146/62/90 
f 147/63/91 141/65/85 144/66/88 148/64/92 
f 142/67/86 141/68/85 147/63/91 145/61/89 
f 146/62/90 148/64/92 144/69/88 143/70/87 
f 149/71/93 150/72/93 151/3/94 152/2/95 
f 153/73/96 149/71/93 152/2/95 154/6/97 
f 155/74/96 153/73/96 154/6/97 156/8/98 
f 157/75/96 155/74/96 156/8/98 158/10/99 
f 159/76/96 157/75/96 158/10/99 160/12/100 
f 161/77/93 159/76/96 160/12/100 162/14/101 
f 163/78/96 164/79/96 165/17/102 166/16/103 
f 164/79/96 167/80/96 168/19/104 165/17/102 
f 167/80/96 169/81/96 170/21/105 168/19/104 
f 169/81/96 171/82/93 172/23/106 170/21/105 
f 171/82/93 173/83/93 174/25/107 172/23/106 
f 173/83/93 175/84/93 176/27/108 174/25/107 
f 177/85/93 178/86/96 179/31/109 180/30/110 
f 178/86/96 181/87/96 182/33/111 179/31/109 
f 181/87/96 183/88/93 184/35/112 182/33/111 
f 183/88/93 185/89/93 186/37/113 184/35/112 
f 185/89/93 187/90/93 188/39/114 186/37/113 
f 187/90/93 189/91/96 190/41/115 188/39/114 
f 191/92/93 192/93/96 193/45/116 194/44/117 
f 192/93/96 195/94/96 196/47/118 193/45/116 
f 195/94/96 197/95/96 198/49/119 196/47/118 
f 197/95/96 199/96/93 200/51/120 198/49/119 
f 199/96/93 201/97/93 202/53/121 200/51/120 
f 201/97/93 203/98/96 204/55/122 202/53/121 
f 175/84/93 161/77/93 162/14/101 176/27/108 
f 189/91/96 163/78/96 166/16/103 190/41/115 
f 203/98/96 177/85/93 180/30/110 204/55/122 
f 150/72/93 191/92/93 194/44/117 151/3/94 
f 205/44/123 206/3/124 151/3/94 194/44/117 
f 207/2/125 208/6/126 154/6/97 152/2/95 
f 209/9/127 210/7/128 211/7/129 212/9/130 
f 208/6/126 213/8/131 156/8/98 154/6/97 
f 214/11/132 209/9/127 212/9/130 215/11/133 
f 213/8/131 216/10/134 158/10/99 156/8/98 
f 217/13/135 214/11/132 215/11/133 218/13/136 
f 216/10/134 219/12/137 160/12/100 158/10/99 
f 220/15/138 221/18/139 222/18/140 223/15/141 
f 219/12/137 224/14/142 162/14/101 160/12/100 
f 221/18/139 225/20/143 226/20/144 222/18/140 
f 227/17/145 228/16/146 166/16/103 165/17/102 
f 225/20/143 229/22/147 230/22/148 226/20/144 
f 231/19/149 227/17/145 165/17/102 168/19/104 
f 229/22/147 232/24/150 233/24/151 230/22/148 
f 234/21/152 231/19/149 168/19/104 170/21/105 
f 232/24/150 235/26/153 236/26/154 233/24/151 
f 237/23/155 234/21/152 170/21/105 172/23/106 
f 235/26/153 238/28/156 239/28/157 236/26/154 
f 240/25/158 237/23/155 172/23/106 174/25/107 
f 241/29/159 242/32/160 243/32/161 244/29/162 
f 245/27/163 240/25/158 174/25/107 176/27/108 
f 242/32/160 246/34/164 247/34/165 243/32/161 
f 248/31/166 249/30/167 180/30/110 179/31/109 
f 246/34/164 250/36/168 251/36/169 247/34/165 
f 252/33/170 248/31/166 179/31/109 182/33/111 
f 250/36/168 253/38/171 254/38/172 251/36/169 
f 255/35/173 252/33/170 182/33/111 184/35/112 
f 253/38/171 256/40/174 257/40/175 254/38/172 
f 258/37/176 255/35/173 184/35/112 186/37/113 
f 256/40/174 259/42/177 260/42/178 257/40/175 
f 261/39/179 258/37/176 186/37/113 188/39/114 
f 262/43/180 263/46/181 264/46/182 265/43/183 
f 266/41/184 261/39/179 188/39/114 190/41/115 
f 263/46/181 267/48/185 268/48/186 264/46/182 
f 269/45/187 205/44/123 194/44/117 193/45/116 
f 267/48/185 270/50/188 271/50/189 268/48/186 
f 272/47/190 269/45/187 193/45/116 196/47/118 
f 270/50/188 273/52/191 274/52/192 271/50/189 
f 275/49/193 272/47/190 196/47/118 198/49/119 
f 273/52/191 276/54/194 277/54/195 274/52/192 
f 278/51/196 275/49/193 198/49/119 200/51/120 
f 276/54/194 279/56/197 280/56/198 277/54/195 
f 281/53/199 278/51/196 200/51/120 202/53/121 
f 238/28/156 217/13/135 218/13/136 239/28/157 
f 282/55/200 281/53/199 202/53/121 204/55/122 
f 259/42/177 220/15/138 223/15/141 260/42/178 
f 224/14/142 245/27/163 176/27/108 162/14/101 
f 279/56/197 241/29/159 244/29/162 280/56/198 
f 283/1/201 284/4/202 285/4/203 286/1/204 
f 228/16/146 266/41/184 190/41/115 166/16/103 
f 284/4/202 262/43/180 265/43/183 285/4/203 
f 287/5/205 283/1/201 286/1/204 288/5/206 
f 249/30/167 282/55/200 204/55/122 180/30/110 
f 206/3/124 207/2/125 152/2/95 151/3/94 
f 210/7/128 287/5/205 288/5/206 211/7/129 
f 289/99/207 290/100/208 291/101/209 292/102/210 
f 290/100/208 293/103/211 294/104/212 291/101/209 
f 293/103/211 295/105/213 296/106/214 294/104/212 
f 295/105/213 297/70/215 298/107/216 296/106/214 
f 297/70/215 299/108/217 300/109/218 298/107/216 
f 299/108/217 301/110/219 302/111/220 300/109/218 
f 301/110/219 303/112/221 304/113/222 302/111/220 
f 303/112/221 305/114/223 306/115/224 304/113/222 
f 305/114/223 307/116/225 308/117/226 306/115/224 
f 307/116/225 309/118/227 310/119/228 308/117/226 
f 309/118/227 311/120/229 312/121/230 310/119/228 
f 311/120/229 313/62/231 314/66/232 312/121/230 
f 313/62/231 315/122/233 316/123/234 314/66/232 
f 315/122/233 317/124/235 318/125/236 316/123/234 
f 317/124/235 319/126/237 320/127/238 318/125/236 
f 319/126/237 321/128/239 322/129/240 320/127/238 
f 321/128/239 323/130/241 324/131/242 322/129/240 
f 323/130/241 325/132/243 326/133/244 324/131/242 
f 325/132/243 327/134/245 328/135/246 326/133/244 
f 327/134/245 329/61/247 330/65/248 328/135/246 
f 329/61/247 331/136/249 332/137/250 330/65/248 
f 331/136/249 333/138/251 334/139/252 332/137/250 
f 333/138/251 335/140/253 336/141/254 334/139/252 
f 335/140/253 337/142/255 338/143/256 336/141/254 
f 337/142/255 339/144/257 340/145/258 338/143/256 
f 339/144/257 341/146/259 342/147/260 340/145/258 
f 341/146/259 343/148/261 344/149/262 342/147/260 
f 343/148/261 345/67/263 346/150/264 344/149/262 
f 345/67/263 347/151/265 348/152/266 346/150/264 
f 347/151/265 349/153/267 350/154/268 348/152/266 
f 291/155/209 294/156/212 296/157/214 298/158/216 300/159/218 302/160/220 304/161/222 306/162/224 308/163/226 310/164/228 312/165/230 314/166/232 316/167/234 318/168/236 320/169/238 322/170/240 324/171/242 326/172/244 328/173/246 330/174/248 332/175/250 334/176/252 336/177/254 338/178/256 340/179/258 342/180/260 344/181/262 346/182/264 348/183/266 350/184/268 351/185/269 292/186/210 
f 349/153/267 352/187/270 351/188/269 350/154/268 
f 352/187/270 289/189/207 292/190/210 351/188/269 
f 289/191/207 352/192/270 349/193/267 347/194/265 345/195/263 343/196/261 341/197/259 339/198/257 337/199/255 335/200/253 333/201/251 331/202/249 329/203/247 327/204/245 325/205/243 323/206/241 321/207/239 319/208/237 317/209/235 315/210/233 313/211/231 311/212/229 309/213/227 307/214/225 305/215/223 303/216/221 301/217/219 299/218/217 297/219/215 295/220/213 293/221/211 290/222/208 
f 353/99/271 354/100/208 355/101/209 356/102/272 
f 354/100/208 357/103/211 358/104/212 355/101/209 
f 357/103/211 359/105/213 360/106/214 358/104/212 
f 359/105/213 361/70/273 362/107/216 360/106/214 
f 361/70/273 363/108/217 364/109/218 362/107/216 
f 363/108/217 365/110/219 366/111/220 364/109/218 
f 365/110/219 367/112/221 368/113/222 366/111/220 
f 367/112/221 369/114/223 370/115/224 368/113/222 
f 369/114/223 371/116/225 372/117/226 370/115/224 
f 371/116/225 373/118/227 374/119/228 372/117/226 
f 373/118/227 375/120/229 376/121/230 374/119/228 
f 375/120/229 377/62/274 378/66/232 376/121/230 
f 377/62/274 379/122/233 380/123/234 378/66/232 
f 379/122/233 381/124/235 382/125/236 380/123/234 
f 381/124/235 383/126/275 384/127/238 382/125/236 
f 383/126/275 385/128/276 386/129/277 384/127/238 
f 385/128/276 387/130/278 388/131/242 386/129/277 
f 387/130/278 389/132/243 390/133/244 388/131/242 
f 389/132/243 391/134/245 392/135/246 390/133/244 
f 391/134/245 393/61/279 394/65/280 392/135/246 
f 393/61/279 395/136/249 396/137/250 394/65/280 
f 395/136/249 397/138/251 398/139/252 396/137/250 
f 397/138/251 399/140/253 400/141/254 398/139/252 
f 399/140/253 401/142/255 402/143/256 400/141/254 
f 401/142/255 403/144/257 404/145/258 402/143/256 
f 403/144/257 405/146/259 406/147/260 404/145/258 
f 405/146/259 407/148/261 408/149/262 406/147/260 
f 407/148/261 409/67/281 410/150/264 408/149/262 
f 409/67/281 411/151/265 412/152/266 410/150/264 
f 411/151/265 413/153/267 414/154/268 412/152/266 
f 355/155/209 358/156/212 360/157/214 362/158/216 364/159/218 366/160/220 368/161/222 370/162/224 372/163/226 374/164/228 376/165/230 378/166/232 380/167/234 382/168/236 384/169/238 386/170/277 388/171/242 390/172/244 392/173/246 394/174/280 396/175/250 398/176/252 400/177/254 402/178/256 404/179/258 406/180/260 408/181/262 410/182/264 412/183/266 414/184/268 415/185/269 356/186/272 
f 413/153/267 416/187/270 415/188/269 414/154/268 
f 416/187/270 353/189/271 356/190/272 415/188/269 
f 353/191/271 416/192/270 413/193/267 411/194/265 409/195/281 407/196/261 405/197/259 403/198/257 401/199/255 399/200/253 397/201/251 395/202/249 393/203/279 391/204/245 389/205/243 387/206/278 385/207/276 383/208/275 381/209/235 379/210/233 377/211/274 375/212/229 373/213/227 371/214/225 369/215/223 367/216/221 365/217/219 363/218/217 361/219/273 359/220/213 357/221/211 354/222/208 
f 417/99/282 418/100/208 419/101/209 420/102/272 
f 418/100/208 421/103/211 422/104/212 419/101/209 
f 421/103/211 423/105/213 424/106/214 422/104/212 
f 423/105/213 425/70/215 426/107/216 424/106/214 
f 425/70/215 427/108/217 428/109/218 426/107/216 
f 427/108/217 429/110/219 430/111/220 428/109/218 
f 429/110/219 431/112/221 432/113/222 430/111/220 
f 431/112/221 433/114/223 434/115/224 432/113/222 
f 433/114/223 435/116/225 436/117/226 434/115/224 
f 435/116/225 437/118/227 438/119/228 436/117/226 
f 437/118/227 439/120/229 440/121/230 438/119/228 
f 439/120/229 441/62/231 442/66/283 440/121/230 
f 441/62/231 443/122/233 444/123/284 442/66/283 
f 443/122/233 445/124/235 446/125/236 444/123/284 
f 445/124/235 447/126/275 448/127/238 446/125/236 
f 447/126/275 449/128/276 450/129/285 448/127/238 
f 449/128/276 451/130/278 452/131/242 450/129/285 
f 451/130/278 453/132/243 454/133/244 452/131/242 
f 453/132/243 455/134/245 456/135/286 454/133/244 
f 455/134/245 457/61/247 458/65/248 456/135/286 
f 457/61/247 459/136/249 460/137/250 458/65/248 
f 459/136/249 461/138/251 462/139/252 460/137/250 
f 461/138/251 463/140/253 464/141/254 462/139/252 
f 463/140/253 465/142/255 466/143/256 464/141/254 
f 465/142/255 467/144/257 468/145/258 466/143/256 
f 467/144/257 469/146/259 470/147/260 468/145/258 
f 469/146/259 471/148/261 472/149/262 470/147/260 
f 471/148/261 473/67/263 474/150/287 472/149/262 
f 473/67/263 475/151/265 476/152/266 474/150/287 
f 475/151/265 477/153/267 478/154/268 476/152/266 
f 419/155/209 422/156/212 424/157/214 426/158/216 428/159/218 430/160/220 432/161/222 434/162/224 436/163/226 438/164/228 440/165/230 442/166/283 444/167/284 446/168/236 448/169/238 450/170/285 452/171/242 454/172/244 456/173/286 458/174/248 460/175/250 462/176/252 464/177/254 466/178/256 468/179/258 470/180/260 472/181/262 474/182/287 476/183/266 478/184/268 479/185/269 420/186/272 
f 477/153/267 480/187/270 479/188/269 478/154/268 
f 480/187/270 417/189/282 420/190/272 479/188/269 
f 417/191/282 480/192/270 477/193/267 475/194/265 473/195/263 471/196/261 469/197/259 467/198/257 465/199/255 463/200/253 461/201/251 459/202/249 457/203/247 455/204/245 453/205/243 451/206/278 449/207/276 447/208/275 445/209/235 443/210/233 441/211/231 439/212/229 437/213/227 435/214/225 433/215/223 431/216/221 429/217/219 427/218/217 425/219/215 423/220/213 421/221/211 418/222/208 
f 481/99/207 482/100/288 483/101/289 484/102/210 
f 482/100/288 485/103/211 486/104/212 483/101/289 
f 485/103/211 487/105/290 488/106/214 486/104/212 
f 487/105/290 489/70/273 490/107/216 488/106/214 
f 489/70/273 491/108/217 492/109/218 490/107/216 
f 491/108/217 493/110/219 494/111/220 492/109/218 
f 493/110/219 495/112/221 496/113/222 494/111/220 
f 495/112/221 497/114/223 498/115/224 496/113/222 
f 497/114/223 499/116/225 500/117/226 498/115/224 
f 499/116/225 501/118/227 502/119/228 500/117/226 
f 501/118/227 503/120/229 504/121/230 502/119/228 
f 503/120/229 505/62/231 506/66/291 504/121/230 
f 505/62/231 507/122/233 508/123/234 506/66/291 
f 507/122/233 509/124/235 510/125/236 508/123/234 
f 509/124/235 511/126/275 512/127/238 510/125/236 
f 511/126/275 513/128/276 514/129/277 512/127/238 
f 513/128/276 515/130/278 516/131/242 514/129/277 
f 515/130/278 517/132/243 518/133/244 516/131/242 
f 517/132/243 519/134/245 520/135/246 518/133/244 
f 519/134/245 521/61/247 522/65/292 520/135/246 
f 521/61/247 523/136/249 524/137/250 522/65/292 
f 523/136/249 525/138/251 526/139/252 524/137/250 
f 525/138/251 527/140/253 528/141/254 526/139/252 
f 527/140/253 529/142/255 530/143/256 528/141/254 
f 529/142/255 531/144/257 532/145/258 530/143/256 
f 531/144/257 533/146/259 534/147/260 532/145/258 
f 533/146/259 535/148/261 536/149/262 534/147/260 
f 535/148/261 537/67/293 538/150/264 536/149/262 
f 537/67/293 539/151/294 540/152/266 538/150/264 
f 539/151/294 541/153/267 542/154/268 540/152/266 
f 483/155/289 486/156/212 488/157/214 490/158/216 492/159/218 494/160/220 496/161/222 498/162/224 500/163/226 502/164/228 504/165/230 506/166/291 508/167/234 510/168/236 512/169/238 514/170/277 516/171/242 518/172/244 520/173/246 522/174/292 524/175/250 526/176/252 528/177/254 530/178/256 532/179/258 534/180/260 536/181/262 538/182/264 540/183/266 542/184/268 543/185/269 484/186/210 
f 541/153/267 544/187/295 543/188/269 542/154/268 
f 544/187/295 481/189/207 484/190/210 543/188/269 
f 481/191/207 544/192/295 541/193/267 539/194/294 537/195/293 535/196/261 533/197/259 531/198/257 529/199/255 527/200/253 525/201/251 523/202/249 521/203/247 519/204/245 517/205/243 515/206/278 513/207/276 511/208/275 509/209/235 507/210/233 505/211/231 503/212/229 501/213/227 499/214/225 497/215/223 495/216/221 493/217/219 491/218/217 489/219/273 487/220/290 485/221/211 482/222/288 
f 545/57/296 546/58/297 547/59/298 548/60/299 
f 546/58/297 549/61/300 550/62/301 547/59/298 
f 549/61/300 551/63/302 552/64/303 550/62/301 
f 551/63/302 545/65/296 548/66/299 552/64/303 
f 546/67/297 545/68/296 551/63/302 549/61/300 
f 550/62/301 552/64/303 548/69/299 547/70/298 
f 553/57/304 554/58/305 555/59/306 556/60/307 
f 554/58/305 557/61/308 558/62/309 555/59/306 
f 557/61/308 559/63/310 560/64/311 558/62/309 
f 559/63/310 553/65/304 556/66/307 560/64/311 
f 554/67/305 553/68/304 559/63/310 557/61/308 
f 558/62/309 560/64/311 556/69/307 555/70/306 
f 561/57/312 562/58/313 563/59/314 564/60/315 
f 562/58/313 565/61/316 566/62/317 563/59/314 
f 565/61/316 567/63/318 568/64/319 566/62/317 
f 567/63/318 561/65/312 564/66/315 568/64/319 
f 562/67/313 561/68/312 567/63/318 565/61/316 
f 566/62/317 568/64/319 564/69/315 563/70/314 
f 256/1/174 259/4/177 569/3/320 570/2/321 
f 571/1/26 572/2/25 573/3/27 574/4/322 
f 575/5/323 576/6/23 572/2/25 571/1/26 
f 577/7/22 578/8/21 576/6/23 575/5/323 
f 579/9/20 580/10/19 578/8/21 577/7/22 
f 581/11/18 582/12/17 580/10/19 579/9/20 
f 583/13/15 584/14/16 582/12/17 581/11/18 
f 585/15/324 586/16/30 587/17/31 588/18/32 
f 588/18/32 587/17/31 589/19/33 590/20/34 
f 590/20/34 589/19/33 591/21/35 592/22/36 
f 592/22/36 591/21/35 593/23/37 594/24/38 
f 594/24/38 593/23/37 595/25/39 596/26/40 
f 596/26/40 595/25/39 597/27/41 598/28/42 
f 599/29/43 600/30/44 601/31/45 602/32/46 
f 602/32/46 601/31/45 603/33/47 604/34/48 
f 604/34/48 603/33/47 605/35/49 606/36/50 
f 606/36/50 605/35/49 607/37/51 608/38/52 
f 608/38/52 607/37/51 609/39/53 610/40/325 
f 610/40/325 609/39/53 611/41/55 612/42/326 
f 613/43/327 614/44/14 615/45/12 616/46/11 
f 616/46/11 615/45/12 617/47/10 618/48/328 
f 618/48/328 617/47/10 619/49/8 620/50/7 
f 620/50/7 619/49/8 621/51/6 622/52/5 
f 622/52/5 621/51/6 623/53/2 624/54/1 
f 624/54/1 623/53/2 625/55/3 626/56/4 
f 598/28/42 597/27/41 584/14/16 583/13/15 
f 612/42/326 611/41/55 586/16/30 585/15/324 
f 626/56/4 625/55/3 600/30/44 599/29/43 
f 574/4/322 573/3/27 614/44/14 613/43/327 
f 253/5/171 256/1/174 570/2/321 627/6/329 
f 250/7/168 253/5/171 627/6/329 628/8/330 
f 246/9/164 250/7/168 628/8/330 629/10/331 
f 242/11/160 246/9/164 629/10/331 630/12/332 
f 241/13/159 242/11/160 630/12/332 631/14/333 
f 262/15/180 263/18/181 632/17/334 633/16/335 
f 263/18/181 267/20/185 634/19/336 632/17/334 
f 267/20/185 270/22/188 635/21/337 634/19/336 
f 270/22/188 273/24/191 636/23/338 635/21/337 
f 273/24/191 276/26/194 637/25/339 636/23/338 
f 276/26/194 279/28/197 638/27/340 637/25/339 
f 217/29/135 214/32/132 639/31/341 640/30/342 
f 214/32/132 209/34/127 641/33/343 639/31/341 
f 209/34/127 210/36/128 642/35/344 641/33/343 
f 210/36/128 287/38/205 643/37/345 642/35/344 
f 287/38/205 283/40/201 644/39/346 643/37/345 
f 283/40/201 284/42/202 645/41/347 644/39/346 
f 220/43/138 221/46/139 646/45/348 647/44/349 
f 221/46/139 225/48/143 648/47/350 646/45/348 
f 225/48/143 229/50/147 649/49/351 648/47/350 
f 229/50/147 232/52/150 650/51/352 649/49/351 
f 232/52/150 235/54/153 651/53/353 650/51/352 
f 235/54/153 238/56/156 652/55/354 651/53/353 
f 279/28/197 241/13/159 631/14/333 638/27/340 
f 284/42/202 262/15/180 633/16/335 645/41/347 
f 238/56/156 217/29/135 640/30/342 652/55/354 
f 259/4/177 220/43/138 647/44/349 569/3/320 
f 614/44/14 573/3/27 569/3/320 647/44/349 
f 572/2/25 576/6/23 627/6/329 570/2/321 
f 579/9/20 577/7/22 250/7/168 246/9/164 
f 576/6/23 578/8/21 628/8/330 627/6/329 
f 581/11/18 579/9/20 246/9/164 242/11/160 
f 578/8/21 580/10/19 629/10/331 628/8/330 
f 583/13/15 581/11/18 242/11/160 241/13/159 
f 580/10/19 582/12/17 630/12/332 629/10/331 
f 585/15/324 588/18/32 263/18/181 262/15/180 
f 582/12/17 584/14/16 631/14/333 630/12/332 
f 588/18/32 590/20/34 267/20/185 263/18/181 
f 587/17/31 586/16/30 633/16/335 632/17/334 
f 590/20/34 592/22/36 270/22/188 267/20/185 
f 589/19/33 587/17/31 632/17/334 634/19/336 
f 592/22/36 594/24/38 273/24/191 270/22/188 
f 591/21/35 589/19/33 634/19/336 635/21/337 
f 594/24/38 596/26/40 276/26/194 273/24/191 
f 593/23/37 591/21/35 635/21/337 636/23/338 
f 596/26/40 598/28/42 279/28/197 276/26/194 
f 595/25/39 593/23/37 636/23/338 637/25/339 
f 599/29/43 602/32/46 214/32/132 217/29/135 
f 597/27/41 595/25/39 637/25/339 638/27/340 
f 602/32/46 604/34/48 209/34/127 214/32/132 
f 601/31/45 600/30/44 640/30/342 639/31/341 
f 604/34/48 606/36/50 210/36/128 209/34/127 
f 603/33/47 601/31/45 639/31/341 641/33/343 
f 606/36/50 608/38/52 287/38/205 210/36/128 
f 605/35/49 603/33/47 641/33/343 642/35/344 
f 608/38/52 610/40/325 283/40/201 287/38/205 
f 607/37/51 605/35/49 642/35/344 643/37/345 
f 610/40/325 612/42/326 284/42/202 283/40/201 
f 609/39/53 607/37/51 643/37/345 644/39/346 
f 613/43/327 616/46/11 221/46/139 220/43/138 
f 611/41/55 609/39/53 644/39/346 645/41/347 
f 616/46/11 618/48/328 225/48/143 221/46/139 
f 615/45/12 614/44/14 647/44/349 646/45/348 
f 618/48/328 620/50/7 229/50/147 225/48/143 
f 617/47/10 615/45/12 646/45/348 648/47/350 
f 620/50/7 622/52/5 232/52/150 229/50/147 
f 619/49/8 617/47/10 648/47/350 649/49/351 
f 622/52/5 624/54/1 235/54/153 232/52/150 
f 621/51/6 619/49/8 649/49/351 650/51/352 
f 624/54/1 626/56/4 238/56/156 235/54/153 
f 623/53/2 621/51/6 650/51/352 651/53/353 
f 598/28/42 583/13/15 241/13/159 279/28/197 
f 625/55/3 623/53/2 651/53/353 652/55/354 
f 612/42/326 585/15/324 262/15/180 284/42/202 
f 584/14/16 597/27/41 638/27/340 631/14/333 
f 626/56/4 599/29/43 217/29/135 238/56/156 
f 571/1/26 574/4/322 259/4/177 256/1/174 
f 586/16/30 611/41/55 645/41/347 633/16/335 
f 574/4/322 613/43/327 220/43/138 259/4/177 
f 575/5/323 571/1/26 256/1/174 253/5/171 
f 600/30/44 625/55/3 652/55/354 640/30/342 
f 573/3/27 572/2/25 570/2/321 569/3/320 
f 577/7/22 575/5/323 253/5/171 250/7/168 
f 653/57/355 654/58/356 655/59/357 656/60/358 
f 654/58/356 657/61/359 658/62/360 655/59/357 
f 657/61/359 659/63/361 660/64/362 658/62/360 
f 659/63/361 653/65/355 656/66/358 660/64/362 
f 654/67/356 653/68/355 659/63/361 657/61/359 
f 658/62/360 660/64/362 656/69/358 655/70/357 
f 661/223/96 662/224/93 663/3/363 664/2/364 
f 665/225/96 661/223/96 664/2/364 666/6/365 
f 667/226/96 665/225/96 666/6/365 668/8/366 
f 669/227/96 667/226/96 668/8/366 670/10/367 
f 671/228/93 669/227/96 670/10/367 672/12/368 
f 673/229/93 671/228/93 672/12/368 674/14/369 
f 675/230/96 676/231/96 677/17/370 678/16/371 
f 676/231/96 679/232/93 680/19/372 677/17/370 
f 679/232/93 681/233/96 682/21/373 680/19/372 
f 681/233/96 683/234/96 684/23/374 682/21/373 
f 683/234/96 685/235/96 686/25/375 684/23/374 
f 685/235/96 687/236/93 688/27/376 686/25/375 
f 689/237/96 690/238/96 691/31/377 692/30/378 
f 690/238/96 693/239/96 694/33/379 691/31/377 
f 693/239/96 695/240/93 696/35/380 694/33/379 
f 695/240/93 697/241/93 698/37/381 696/35/380 
f 697/241/93 699/242/93 700/39/382 698/37/381 
f 699/242/93 701/243/96 702/41/383 700/39/382 
f 703/244/96 704/245/96 705/45/384 706/44/385 
f 704/245/96 707/246/96 708/47/386 705/45/384 
f 707/246/96 709/247/96 710/49/387 708/47/386 
f 709/247/96 711/248/93 712/51/388 710/49/387 
f 711/248/93 713/249/93 714/53/389 712/51/388 
f 713/249/93 715/250/96 716/55/390 714/53/389 
f 687/236/93 673/229/93 674/14/369 688/27/376 
f 701/243/96 675/230/96 678/16/371 702/41/383 
f 715/250/96 689/237/96 692/30/378 716/55/390 
f 662/224/93 703/244/96 706/44/385 663/3/363 
f 717/44/57 718/3/58 663/3/363 706/44/385 
f 719/2/59 720/6/60 666/6/365 664/2/364 
f 721/9/62 722/7/61 723/7/391 724/9/392 
f 720/6/60 725/8/63 668/8/366 666/6/365 
f 726/11/64 721/9/62 724/9/392 727/11/393 
f 725/8/63 728/10/65 670/10/367 668/8/366 
f 729/13/66 726/11/64 727/11/393 730/13/394 
f 728/10/65 731/12/67 672/12/368 670/10/367 
f 732/15/57 733/18/68 734/18/395 735/15/396 
f 731/12/67 736/14/69 674/14/369 672/12/368 
f 733/18/68 737/20/70 738/20/397 734/18/395 
f 739/17/71 740/16/72 678/16/371 677/17/370 
f 737/20/70 741/22/73 742/22/398 738/20/397 
f 743/19/74 739/17/71 677/17/370 680/19/372 
f 741/22/73 744/24/75 745/24/399 742/22/398 
f 746/21/76 743/19/74 680/19/372 682/21/373 
f 744/24/75 747/26/77 748/26/400 745/24/399 
f 749/23/78 746/21/76 682/21/373 684/23/374 
f 747/26/77 750/28/79 751/28/401 748/26/400 
f 752/25/80 749/23/78 684/23/374 686/25/375 
f 753/29/69 754/32/67 755/32/402 756/29/403 
f 757/27/81 752/25/80 686/25/375 688/27/376 
f 754/32/67 758/34/65 759/34/404 755/32/402 
f 760/31/64 761/30/66 692/30/378 691/31/377 
f 758/34/65 762/36/63 763/36/405 759/34/404 
f 764/33/62 760/31/64 691/31/377 694/33/379 
f 762/36/63 765/38/60 766/38/406 763/36/405 
f 767/35/61 764/33/62 694/33/379 696/35/380 
f 765/38/60 768/40/59 769/40/407 766/38/406 
f 770/37/82 767/35/61 696/35/380 698/37/381 
f 768/40/59 771/42/58 772/42/408 769/40/407 
f 773/39/83 770/37/82 698/37/381 700/39/382 
f 774/43/72 775/46/71 776/46/409 777/43/410 
f 778/41/84 773/39/83 700/39/382 702/41/383 
f 775/46/71 779/48/74 780/48/411 776/46/409 
f 781/45/68 717/44/57 706/44/385 705/45/384 
f 779/48/74 782/50/76 783/50/412 780/48/411 
f 784/47/70 781/45/68 705/45/384 708/47/386 
f 782/50/76 785/52/78 786/52/413 783/50/412 
f 787/49/73 784/47/70 708/47/386 710/49/387 
f 785/52/78 788/54/80 789/54/414 786/52/413 
f 790/51/75 787/49/73 710/49/387 712/51/388 
f 788/54/80 791/56/81 792/56/415 789/54/414 
f 793/53/77 790/51/75 712/51/388 714/53/389 
f 750/28/79 729/13/66 730/13/394 751/28/401 
f 794/55/79 793/53/77 714/53/389 716/55/390 
f 771/42/58 732/15/57 735/15/396 772/42/408 
f 736/14/69 757/27/81 688/27/376 674/14/369 
f 791/56/81 753/29/69 756/29/403 792/56/415 
f 795/1/83 796/4/84 797/4/416 798/1/417 
f 740/16/72 778/41/84 702/41/383 678/16/371 
f 796/4/84 774/43/72 777/43/410 797/4/416 
f 799/5/82 795/1/83 798/1/417 800/5/418 
f 761/30/66 794/55/79 716/55/390 692/30/378 
f 718/3/58 719/2/59 664/2/364 663/3/363 
f 722/7/61 799/5/82 800/5/418 723/7/391 
f 801/99/419 802/100/420 803/101/421 804/102/422 
f 802/100/420 805/103/423 806/104/424 803/101/421 
f 805/103/423 807/105/425 808/106/426 806/104/424 
f 807/105/425 809/70/427 810/107/428 808/106/426 
f 809/70/427 811/108/429 812/109/430 810/107/428 
f 811/108/429 813/110/431 814/111/432 812/109/430 
f 813/110/431 815/112/433 816/113/434 814/111/432 
f 815/112/433 817/114/435 818/115/436 816/113/434 
f 817/114/435 819/116/437 820/117/438 818/115/436 
f 819/116/437 821/118/439 822/119/440 820/117/438 
f 821/118/439 823/120/441 824/121/442 822/119/440 
f 823/120/441 825/62/443 826/66/444 824/121/442 
f 825/62/443 827/122/445 828/123/446 826/66/444 
f 827/122/445 829/124/447 830/125/448 828/123/446 
f 829/124/447 831/126/449 832/127/450 830/125/448 
f 831/126/449 833/128/451 834/129/452 832/127/450 
f 833/128/451 835/130/453 836/131/454 834/129/452 
f 835/130/453 837/132/455 838/133/456 836/131/454 
f 837/132/455 839/134/457 840/135/458 838/133/456 
f 839/134/457 841/61/459 842/65/460 840/135/458 
f 841/61/459 843/136/461 844/137/462 842/65/460 
f 843/136/461 845/138/463 846/139/464 844/137/462 
f 845/138/463 847/140/465 848/141/466 846/139/464 
f 847/140/465 849/142/467 850/143/468 848/141/466 
f 849/142/467 851/144/469 852/145/470 850/143/468 
f 851/144/469 853/146/471 854/147/472 852/145/470 
f 853/146/471 855/148/473 856/149/474 854/147/472 
f 855/148/473 857/67/475 858/150/476 856/149/474 
f 857/67/475 859/151/477 860/152/478 858/150/476 
f 859/151/477 861/153/479 862/154/480 860/152/478 
f 803/155/421 806/156/424 808/157/426 810/158/428 812/159/430 814/160/432 816/161/434 818/162/436 820/163/438 822/164/440 824/165/442 826/166/444 828/167/446 830/168/448 832/169/450 834/170/452 836/171/454 838/172/456 840/173/458 842/174/460 844/175/462 846/176/464 848/177/466 850/178/468 852/179/470 854/180/472 856/181/474 858/182/476 860/183/478 862/184/480 863/185/481 804/186/422 
f 861/153/479 864/187/482 863/188/481 862/154/480 
f 864/187/482 801/189/419 804/190/422 863/188/481 
f 801/191/419 864/192/482 861/193/479 859/194/477 857/195/475 855/196/473 853/197/471 851/198/469 849/199/467 847/200/465 845/201/463 843/202/461 841/203/459 839/204/457 837/205/455 835/206/453 833/207/451 831/208/449 829/209/447 827/210/445 825/211/443 823/212/441 821/213/439 819/214/437 817/215/435 815/216/433 813/217/431 811/218/429 809/219/427 807/220/425 805/221/423 802/222/420 
f 865/99/419 866/100/420 867/101/421 868/102/422 
f 866/100/420 869/103/423 870/104/424 867/101/421 
f 869/103/423 871/105/425 872/106/426 870/104/424 
f 871/105/425 873/70/427 874/107/428 872/106/426 
f 873/70/427 875/108/429 876/109/430 874/107/428 
f 875/108/429 877/110/483 878/111/484 876/109/430 
f 877/110/483 879/112/433 880/113/434 878/111/484 
f 879/112/433 881/114/435 882/115/436 880/113/434 
f 881/114/435 883/116/437 884/117/438 882/115/436 
f 883/116/437 885/118/485 886/119/486 884/117/438 
f 885/118/485 887/120/441 888/121/442 886/119/486 
f 887/120/441 889/62/443 890/66/444 888/121/442 
f 889/62/443 891/122/445 892/123/446 890/66/444 
f 891/122/445 893/124/487 894/125/488 892/123/446 
f 893/124/487 895/126/449 896/127/450 894/125/488 
f 895/126/449 897/128/451 898/129/452 896/127/450 
f 897/128/451 899/130/453 900/131/454 898/129/452 
f 899/130/453 901/132/489 902/133/490 900/131/454 
f 901/132/489 903/134/457 904/135/458 902/133/490 
f 903/134/457 905/61/459 906/65/460 904/135/458 
f 905/61/459 907/136/461 908/137/462 906/65/460 
f 907/136/461 909/138/463 910/139/464 908/137/462 
f 909/138/463 911/140/465 912/141/466 910/139/464 
f 911/140/465 913/142/467 914/143/468 912/141/466 
f 913/142/467 915/144/469 916/145/470 914/143/468 
f 915/144/469 917/146/471 918/147/472 916/145/470 
f 917/146/471 919/148/473 920/149/474 918/147/472 
f 919/148/473 921/67/475 922/150/476 920/149/474 
f 921/67/475 923/151/477 924/152/478 922/150/476 
f 923/151/477 925/153/479 926/154/480 924/152/478 
f 867/155/421 870/156/424 872/157/426 874/158/428 876/159/430 878/160/484 880/161/434 882/162/436 884/163/438 886/164/486 888/165/442 890/166/444 892/167/446 894/168/488 896/169/450 898/170/452 900/171/454 902/172/490 904/173/458 906/174/460 908/175/462 910/176/464 912/177/466 914/178/468 916/179/470 918/180/472 920/181/474 922/182/476 924/183/478 926/184/480 927/185/481 868/186/422 
f 925/153/479 928/187/482 927/188/481 926/154/480 
f 928/187/482 865/189/419 868/190/422 927/188/481 
f 865/191/419 928/192/482 925/193/479 923/194/477 921/195/475 919/196/473 917/197/471 915/198/469 913/199/467 911/200/465 909/201/463 907/202/461 905/203/459 903/204/457 901/205/489 899/206/453 897/207/451 895/208/449 893/209/487 891/210/445 889/211/443 887/212/441 885/213/485 883/214/437 881/215/435 879/216/433 877/217/483 875/218/429 873/219/427 871/220/425 869/221/423 866/222/420 
f 929/99/419 930/100/420 931/101/421 932/102/422 
f 930/100/420 933/103/491 934/104/492 931/101/421 
f 933/103/491 935/105/425 936/106/426 934/104/492 
f 935/105/425 937/70/427 938/107/428 936/106/426 
f 937/70/427 939/108/429 940/109/430 938/107/428 
f 939/108/429 941/110/431 942/111/432 940/109/430 
f 941/110/431 943/112/433 944/113/434 942/111/432 
f 943/112/433 945/114/435 946/115/436 944/113/434 
f 945/114/435 947/116/437 948/117/438 946/115/436 
f 947/116/437 949/118/439 950/119/440 948/117/438 
f 949/118/439 951/120/441 952/121/442 950/119/440 
f 951/120/441 953/62/443 954/66/444 952/121/442 
f 953/62/443 955/122/445 956/123/446 954/66/444 
f 955/122/445 957/124/447 958/125/448 956/123/446 
f 957/124/447 959/126/449 960/127/450 958/125/448 
f 959/126/449 961/128/451 962/129/452 960/127/450 
f 961/128/451 963/130/453 964/131/454 962/129/452 
f 963/130/453 965/132/489 966/133/490 964/131/454 
f 965/132/489 967/134/457 968/135/458 966/133/490 
f 967/134/457 969/61/459 970/65/460 968/135/458 
f 969/61/459 971/136/461 972/137/462 970/65/460 
f 971/136/461 973/138/493 974/139/494 972/137/462 
f 973/138/493 975/140/465 976/141/466 974/139/494 
f 975/140/465 977/142/467 978/143/468 976/141/466 
f 977/142/467 979/144/469 980/145/470 978/143/468 
f 979/144/469 981/146/495 982/147/496 980/145/470 
f 981/146/495 983/148/473 984/149/474 982/147/496 
f 983/148/473 985/67/475 986/150/476 984/149/474 
f 985/67/475 987/151/477 988/152/478 986/150/476 
f 987/151/477 989/153/479 990/154/480 988/152/478 
f 931/155/421 934/156/492 936/157/426 938/158/428 940/159/430 942/160/432 944/161/434 946/162/436 948/163/438 950/164/440 952/165/442 954/166/444 956/167/446 958/168/448 960/169/450 962/170/452 964/171/454 966/172/490 968/173/458 970/174/460 972/175/462 974/176/494 976/177/466 978/178/468 980/179/470 982/180/496 984/181/474 986/182/476 988/183/478 990/184/480 991/185/481 932/186/422 
f 989/153/479 992/187/482 991/188/481 990/154/480 
f 992/187/482 929/189/419 932/190/422 991/188/481 
f 929/191/419 992/192/482 989/193/479 987/194/477 985/195/475 983/196/473 981/197/495 979/198/469 977/199/467 975/200/465 973/201/493 971/202/461 969/203/459 967/204/457 965/205/489 963/206/453 961/207/451 959/208/449 957/209/447 955/210/445 953/211/443 951/212/441 949/213/439 947/214/437 945/215/435 943/216/433 941/217/431 939/218/429 937/219/427 935/220/425 933/221/491 930/222/420 
f 993/99/497 994/100/420 995/101/421 996/102/498 
f 994/100/420 997/103/423 998/104/424 995/101/421 
f 997/103/423 999/105/425 1000/106/426 998/104/424 
f 999/105/425 1001/70/427 1002/107/428 1000/106/426 
f 1001/70/427 1003/108/429 1004/109/430 1002/107/428 
f 1003/108/429 1005/110/431 1006/111/432 1004/109/430 
f 1005/110/431 1007/112/433 1008/113/434 1006/111/432 
f 1007/112/433 1009/114/435 1010/115/436 1008/113/434 
f 1009/114/435 1011/116/437 1012/117/438 1010/115/436 
f 1011/116/437 1013/118/439 1014/119/440 1012/117/438 
f 1013/118/439 1015/120/441 1016/121/442 1014/119/440 
f 1015/120/441 1017/62/443 1018/66/444 1016/121/442 
f 1017/62/443 1019/122/445 1020/123/446 1018/66/444 
f 1019/122/445 1021/124/487 1022/125/488 1020/123/446 
f 1021/124/487 1023/126/449 1024/127/450 1022/125/488 
f 1023/126/449 1025/128/451 1026/129/452 1024/127/450 
f 1025/128/451 1027/130/453 1028/131/454 1026/129/452 
f 1027/130/453 1029/132/489 1030/133/490 1028/131/454 
f 1029/132/489 1031/134/457 1032/135/458 1030/133/490 
f 1031/134/457 1033/61/459 1034/65/460 1032/135/458 
f 1033/61/459 1035/136/461 1036/137/462 1034/65/460 
f 1035/136/461 1037/138/463 1038/139/464 1036/137/462 
f 1037/138/463 1039/140/465 1040/141/466 1038/139/464 
f 1039/140/465 1041/142/467 1042/143/468 1040/141/466 
f 1041/142/467 1043/144/469 1044/145/470 1042/143/468 
f 1043/144/469 1045/146/471 1046/147/472 1044/145/470 
f 1045/146/471 1047/148/473 1048/149/474 1046/147/472 
f 1047/148/473 1049/67/475 1050/150/476 1048/149/474 
f 1049/67/475 1051/151/477 1052/152/478 1050/150/476 
f 1051/151/477 1053/153/499 1054/154/500 1052/152/478 
f 995/155/421 998/156/424 1000/157/426 1002/158/428 1004/159/430 1006/160/432 1008/161/434 1010/162/436 1012/163/438 1014/164/440 1016/165/442 1018/166/444 1020/167/446 1022/168/488 1024/169/450 1026/170/452 1028/171/454 1030/172/490 1032/173/458 1034/174/460 1036/175/462 1038/176/464 1040/177/466 1042/178/468 1044/179/470 1046/180/472 1048/181/474 1050/182/476 1052/183/478 1054/184/500 1055/185/481 996/186/498 
f 1053/153/499 1056/187/482 1055/188/481 1054/154/500 
f 1056/187/482 993/189/497 996/190/498 1055/188/481 
f 993/191/497 1056/192/482 1053/193/499 1051/194/477 1049/195/475 1047/196/473 1045/197/471 1043/198/469 1041/199/467 1039/200/465 1037/201/463 1035/202/461 1033/203/459 1031/204/457 1029/205/489 1027/206/453 1025/207/451 1023/208/449 1021/209/487 1019/210/445 1017/211/443 1015/212/441 1013/213/439 1011/214/437 1009/215/435 1007/216/433 1005/217/431 1003/218/429 1001/219/427 999/220/425 997/221/423 994/222/420 
f 1057/57/501 1058/58/502 1059/59/503 1060/60/504 
f 1058/58/502 1061/61/505 1062/62/506 1059/59/503 
f 1061/61/505 1063/63/507 1064/64/508 1062/62/506 
f 1063/63/507 1057/65/501 1060/66/504 1064/64/508 
f 1058/67/502 1057/68/501 1063/63/507 1061/61/505 
f 1062/62/506 1064/64/508 1060/69/504 1059/70/503 
f 1065/57/509 1066/58/510 1067/59/511 1068/60/512 
f 1066/58/510 1069/61/513 1070/62/514 1067/59/511 
f 1069/61/513 1071/63/515 1072/64/516 1070/62/514 
f 1071/63/515 1065/65/509 1068/66/512 1072/64/516 
f 1066/67/510 1065/68/509 1071/63/515 1069/61/513 
f 1070/62/514 1072/64/516 1068/69/512 1067/70/511 
f 1073/57/517 1074/58/518 1075/59/519 1076/60/520 
f 1074/58/518 1077/61/521 1078/62/522 1075/59/519 
f 1077/61/521 1079/63/523 1080/64/524 1078/62/522 
f 1079/63/523 1073/65/517 1076/66/520 1080/64/524 
f 1074/67/518 1073/68/517 1079/63/523 1077/61/521 
f 1078/62/522 1080/64/524 1076/69/520 1075/70/519 
f 645/3/347 644/2/346 207/2/125 206/3/124 
f 631/30/333 638/55/340 282/55/200 249/30/167 
f 647/16/349 569/41/320 266/41/184 228/16/146 
f 640/14/342 652/27/354 245/27/163 224/14/142 
f 638/55/340 637/53/339 281/53/199 282/55/200 
f 637/53/339 636/51/338 278/51/196 281/53/199 
f 636/51/338 635/49/337 275/49/193 278/51/196 
f 635/49/337 634/47/336 272/47/190 275/49/193 
f 634/47/336 632/45/334 269/45/187 272/47/190 
f 632/45/334 633/44/335 205/44/123 269/45/187 
f 569/41/320 570/39/321 261/39/179 266/41/184 
f 570/39/321 627/37/329 258/37/176 261/39/179 
f 627/37/329 628/35/330 255/35/173 258/37/176 
f 628/35/330 629/33/331 252/33/170 255/35/173 
f 629/33/331 630/31/332 248/31/166 252/33/170 
f 630/31/332 631/30/333 249/30/167 248/31/166 
f 652/27/354 651/25/353 240/25/158 245/27/163 
f 651/25/353 650/23/352 237/23/155 240/25/158 
f 650/23/352 649/21/351 234/21/152 237/23/155 
f 649/21/351 648/19/350 231/19/149 234/21/152 
f 648/19/350 646/17/348 227/17/145 231/19/149 
f 646/17/348 647/16/349 228/16/146 227/17/145 
f 639/12/341 640/14/342 224/14/142 219/12/137 
f 641/10/343 639/12/341 219/12/137 216/10/134 
f 642/8/344 641/10/343 216/10/134 213/8/131 
f 643/6/345 642/8/344 213/8/131 208/6/126 
f 644/2/346 643/6/345 208/6/126 207/2/125 
f 633/44/335 645/3/347 206/3/124 205/44/123 
f 285/4/203 265/43/183 1081/251/93 1082/252/96 
f 280/56/198 244/29/162 1083/253/93 1084/254/96 
f 260/42/178 223/15/141 1085/255/96 1086/256/93 
f 239/28/157 218/13/136 1087/257/93 1088/258/93 
f 277/54/195 280/56/198 1084/254/96 1089/259/96 
f 274/52/192 277/54/195 1089/259/96 1090/260/93 
f 271/50/189 274/52/192 1090/260/93 1091/261/93 
f 268/48/186 271/50/189 1091/261/93 1092/262/93 
f 264/46/182 268/48/186 1092/262/93 1093/263/93 
f 265/43/183 264/46/182 1093/263/93 1081/251/93 
f 257/40/175 260/42/178 1086/256/93 1094/264/93 
f 254/38/172 257/40/175 1094/264/93 1095/265/96 
f 251/36/169 254/38/172 1095/265/96 1096/266/96 
f 247/34/165 251/36/169 1096/266/96 1097/267/96 
f 243/32/161 247/34/165 1097/267/96 1098/268/93 
f 244/29/162 243/32/161 1098/268/93 1083/253/93 
f 236/26/154 239/28/157 1088/258/93 1099/269/93 
f 233/24/151 236/26/154 1099/269/93 1100/270/93 
f 230/22/148 233/24/151 1100/270/93 1101/271/96 
f 226/20/144 230/22/148 1101/271/96 1102/272/96 
f 222/18/140 226/20/144 1102/272/96 1103/273/96 
f 223/15/141 222/18/140 1103/273/96 1085/255/96 
f 218/13/136 215/11/133 1104/274/93 1087/257/93 
f 215/11/133 212/9/130 1105/275/93 1104/274/93 
f 212/9/130 211/7/129 1106/276/93 1105/275/93 
f 211/7/129 288/5/206 1107/277/93 1106/276/93 
f 288/5/206 286/1/204 1108/278/96 1107/277/93 
f 286/1/204 285/4/203 1082/252/96 1108/278/96 
f 1082/252/96 1081/251/93 191/92/93 150/72/93 
f 1084/254/96 1083/253/93 177/85/93 203/98/96 
f 1086/256/93 1085/255/96 163/78/96 189/91/96 
f 1088/258/93 1087/257/93 161/77/93 175/84/93 
f 1089/259/96 1084/254/96 203/98/96 201/97/93 
f 1090/260/93 1089/259/96 201/97/93 199/96/93 
f 1091/261/93 1090/260/93 199/96/93 197/95/96 
f 1092/262/93 1091/261/93 197/95/96 195/94/96 
f 1093/263/93 1092/262/93 195/94/96 192/93/96 
f 1081/251/93 1093/263/93 192/93/96 191/92/93 
f 1094/264/93 1086/256/93 189/91/96 187/90/93 
f 1095/265/96 1094/264/93 187/90/93 185/89/93 
f 1096/266/96 1095/265/96 185/89/93 183/88/93 
f 1097/267/96 1096/266/96 183/88/93 181/87/96 
f 1098/268/93 1097/267/96 181/87/96 178/86/96 
f 1083/253/93 1098/268/93 178/86/96 177/85/93 
f 1099/269/93 1088/258/93 175/84/93 173/83/93 
f 1100/270/93 1099/269/93 173/83/93 171/82/93 
f 1101/271/96 1100/270/93 171/82/93 169/81/96 
f 1102/272/96 1101/271/96 169/81/96 167/80/96 
f 1103/273/96 1102/272/96 167/80/96 164/79/96 
f 1085/255/96 1103/273/96 164/79/96 163/78/96 
f 1087/257/93 1104/274/93 159/76/96 161/77/93 
f 1104/274/93 1105/275/93 157/75/96 159/76/96 
f 1105/275/93 1106/276/93 155/74/96 157/75/96 
f 1106/276/93 1107/277/93 153/73/96 155/74/96 
f 1107/277/93 1108/278/96 149/71/93 153/73/96 
f 1108/278/96 1082/252/96 150/72/93 149/71/93 
f 1109/3/58 1110/2/59 719/2/59 718/3/58 
f 1111/30/66 1112/55/79 794/55/79 761/30/66 
f 1113/16/72 1114/41/84 778/41/84 740/16/72 
f 1115/14/69 1116/27/81 757/27/81 736/14/69 
f 1112/55/79 1117/53/77 793/53/77 794/55/79 
f 1117/53/77 1118/51/75 790/51/75 793/53/77 
f 1118/51/75 1119/49/73 787/49/73 790/51/75 
f 1119/49/73 1120/47/70 784/47/70 787/49/73 
f 1120/47/70 1121/45/68 781/45/68 784/47/70 
f 1121/45/68 1122/44/57 717/44/57 781/45/68 
f 1114/41/84 1123/39/83 773/39/83 778/41/84 
f 1123/39/83 1124/37/82 770/37/82 773/39/83 
f 1124/37/82 1125/35/61 767/35/61 770/37/82 
f 1125/35/61 1126/33/62 764/33/62 767/35/61 
f 1126/33/62 1127/31/64 760/31/64 764/33/62 
f 1127/31/64 1111/30/66 761/30/66 760/31/64 
f 1116/27/81 1128/25/80 752/25/80 757/27/81 
f 1128/25/80 1129/23/78 749/23/78 752/25/80 
f 1129/23/78 1130/21/76 746/21/76 749/23/78 
f 1130/21/76 1131/19/74 743/19/74 746/21/76 
f 1131/19/74 1132/17/71 739/17/71 743/19/74 
f 1132/17/71 1113/16/72 740/16/72 739/17/71 
f 1133/12/67 1115/14/69 736/14/69 731/12/67 
f 1134/10/65 1133/12/67 731/12/67 728/10/65 
f 1135/8/63 1134/10/65 728/10/65 725/8/63 
f 1136/6/60 1135/8/63 725/8/63 720/6/60 
f 1110/2/59 1136/6/60 720/6/60 719/2/59 
f 1122/44/57 1109/3/58 718/3/58 717/44/57 
f 1137/44/57 1138/3/58 1109/3/58 1122/44/57 
f 1139/2/59 1140/6/60 1136/6/60 1110/2/59 
f 1140/6/60 1141/8/63 1135/8/63 1136/6/60 
f 1141/8/63 1142/10/65 1134/10/65 1135/8/63 
f 1142/10/65 1143/12/67 1133/12/67 1134/10/65 
f 1143/12/67 1144/14/69 1115/14/69 1133/12/67 
f 1145/17/71 1146/16/72 1113/16/72 1132/17/71 
f 1147/19/74 1145/17/71 1132/17/71 1131/19/74 
f 1148/21/76 1147/19/74 1131/19/74 1130/21/76 
f 1149/23/78 1148/21/76 1130/21/76 1129/23/78 
f 1150/25/80 1149/23/78 1129/23/78 1128/25/80 
f 1151/27/81 1150/25/80 1128/25/80 1116/27/81 
f 1152/31/64 1153/30/66 1111/30/66 1127/31/64 
f 1154/33/62 1152/31/64 1127/31/64 1126/33/62 
f 1155/35/61 1154/33/62 1126/33/62 1125/35/61 
f 1156/37/82 1155/35/61 1125/35/61 1124/37/82 
f 1157/39/83 1156/37/82 1124/37/82 1123/39/83 
f 1158/41/84 1157/39/83 1123/39/83 1114/41/84 
f 1159/45/68 1137/44/57 1122/44/57 1121/45/68 
f 1160/47/70 1159/45/68 1121/45/68 1120/47/70 
f 1161/49/73 1160/47/70 1120/47/70 1119/49/73 
f 1162/51/75 1161/49/73 1119/49/73 1118/51/75 
f 1163/53/77 1162/51/75 1118/51/75 1117/53/77 
f 1164/55/79 1163/53/77 1117/53/77 1112/55/79 
f 1144/14/69 1151/27/81 1116/27/81 1115/14/69 
f 1146/16/72 1158/41/84 1114/41/84 1113/16/72 
f 1153/30/66 1164/55/79 1112/55/79 1111/30/66 
f 1138/3/58 1139/2/59 1110/2/59 1109/3/58 
f 1165/279/93 1166/280/96 703/244/96 662/224/93 
f 1167/281/96 1168/282/96 689/237/96 715/250/96 
f 1169/283/93 1170/284/96 675/230/96 701/243/96 
f 1171/285/93 1172/286/96 673/229/93 687/236/93 
f 1173/287/93 1167/281/96 715/250/96 713/249/93 
f 1174/288/93 1173/287/93 713/249/93 711/248/93 
f 1175/289/96 1174/288/93 711/248/93 709/247/96 
f 1176/290/96 1175/289/96 709/247/96 707/246/96 
f 1177/291/96 1176/290/96 707/246/96 704/245/96 
f 1166/280/96 1177/291/96 704/245/96 703/244/96 
f 1178/292/93 1169/283/93 701/243/96 699/242/93 
f 1179/293/93 1178/292/93 699/242/93 697/241/93 
f 1180/294/96 1179/293/93 697/241/93 695/240/93 
f 1181/295/93 1180/294/96 695/240/93 693/239/96 
f 1182/296/93 1181/295/93 693/239/96 690/238/96 
f 1168/282/96 1182/296/93 690/238/96 689/237/96 
f 1183/297/93 1171/285/93 687/236/93 685/235/96 
f 1184/298/96 1183/297/93 685/235/96 683/234/96 
f 1185/299/96 1184/298/96 683/234/96 681/233/96 
f 1186/300/93 1185/299/96 681/233/96 679/232/93 
f 1187/301/93 1186/300/93 679/232/93 676/231/96 
f 1170/284/96 1187/301/93 676/231/96 675/230/96 
f 1172/286/96 1188/302/96 671/228/93 673/229/93 
f 1188/302/96 1189/303/96 669/227/96 671/228/93 
f 1189/303/96 1190/304/96 667/226/96 669/227/96 
f 1190/304/96 1191/305/96 665/225/96 667/226/96 
f 1191/305/96 1192/306/93 661/223/96 665/225/96 
f 1192/306/93 1165/279/93 662/224/93 661/223/96 
f 798/1/417 797/4/416 1165/279/93 1192/306/93 
f 800/5/418 798/1/417 1192/306/93 1191/305/96 
f 723/7/391 800/5/418 1191/305/96 1190/304/96 
f 724/9/392 723/7/391 1190/304/96 1189/303/96 
f 727/11/393 724/9/392 1189/303/96 1188/302/96 
f 730/13/394 727/11/393 1188/302/96 1172/286/96 
f 735/15/396 734/18/395 1187/301/93 1170/284/96 
f 734/18/395 738/20/397 1186/300/93 1187/301/93 
f 738/20/397 742/22/398 1185/299/96 1186/300/93 
f 742/22/398 745/24/399 1184/298/96 1185/299/96 
f 745/24/399 748/26/400 1183/297/93 1184/298/96 
f 748/26/400 751/28/401 1171/285/93 1183/297/93 
f 756/29/403 755/32/402 1182/296/93 1168/282/96 
f 755/32/402 759/34/404 1181/295/93 1182/296/93 
f 759/34/404 763/36/405 1180/294/96 1181/295/93 
f 763/36/405 766/38/406 1179/293/93 1180/294/96 
f 766/38/406 769/40/407 1178/292/93 1179/293/93 
f 769/40/407 772/42/408 1169/283/93 1178/292/93 
f 777/43/410 776/46/409 1177/291/96 1166/280/96 
f 776/46/409 780/48/411 1176/290/96 1177/291/96 
f 780/48/411 783/50/412 1175/289/96 1176/290/96 
f 783/50/412 786/52/413 1174/288/93 1175/289/96 
f 786/52/413 789/54/414 1173/287/93 1174/288/93 
f 789/54/414 792/56/415 1167/281/96 1173/287/93 
f 751/28/401 730/13/394 1172/286/96 1171/285/93 
f 772/42/408 735/15/396 1170/284/96 1169/283/93 
f 792/56/415 756/29/403 1168/282/96 1167/281/96 
f 797/4/416 777/43/410 1166/280/96 1165/279/93 
f 1193/3/58 1194/2/59 61/2/59 58/3/58 
f 1195/30/66 1196/55/79 136/55/79 102/30/66 
f 1197/16/72 1198/41/84 119/41/84 81/16/72 
f 1199/14/69 1200/27/81 98/27/81 77/14/69 
f 1196/55/79 1201/53/77 134/53/77 136/55/79 
f 1201/53/77 1202/51/75 131/51/75 134/53/77 
f 1202/51/75 1203/49/73 128/49/73 131/51/75 
f 1203/49/73 1204/47/70 125/47/70 128/49/73 
f 1204/47/70 1205/45/68 122/45/68 125/47/70 
f 1205/45/68 1206/44/57 57/44/57 122/45/68 
f 1198/41/84 1207/39/83 115/39/83 119/41/84 
f 1207/39/83 1208/37/82 112/37/82 115/39/83 
f 1208/37/82 1209/35/61 109/35/61 112/37/82 
f 1209/35/61 1210/33/62 106/33/62 109/35/61 
f 1210/33/62 1211/31/64 101/31/64 106/33/62 
f 1211/31/64 1195/30/66 102/30/66 101/31/64 
f 1200/27/81 1212/25/80 94/25/80 98/27/81 
f 1212/25/80 1213/23/78 91/23/78 94/25/80 
f 1213/23/78 1214/21/76 88/21/76 91/23/78 
f 1214/21/76 1215/19/74 85/19/74 88/21/76 
f 1215/19/74 1216/17/71 80/17/71 85/19/74 
f 1216/17/71 1197/16/72 81/16/72 80/17/71 
f 1217/12/67 1199/14/69 77/14/69 73/12/67 
f 1218/10/65 1217/12/67 73/12/67 70/10/65 
f 1219/8/63 1218/10/65 70/10/65 67/8/63 
f 1220/6/60 1219/8/63 67/8/63 62/6/60 
f 1194/2/59 1220/6/60 62/6/60 61/2/59 
f 1206/44/57 1193/3/58 58/3/58 57/44/57 
f 44/44/44 3/3/3 1193/3/58 1206/44/57 
f 2/2/2 6/6/6 1220/6/60 1194/2/59 
f 6/6/6 8/8/8 1219/8/63 1220/6/60 
f 8/8/8 10/10/10 1218/10/65 1219/8/63 
f 10/10/10 12/12/12 1217/12/67 1218/10/65 
f 12/12/12 14/14/14 1199/14/69 1217/12/67 
f 17/17/17 16/16/16 1197/16/72 1216/17/71 
f 19/19/19 17/17/17 1216/17/71 1215/19/74 
f 21/21/21 19/19/19 1215/19/74 1214/21/76 
f 23/23/23 21/21/21 1214/21/76 1213/23/78 
f 25/25/25 23/23/23 1213/23/78 1212/25/80 
f 27/27/27 25/25/25 1212/25/80 1200/27/81 
f 31/31/31 30/30/30 1195/30/66 1211/31/64 
f 33/33/33 31/31/31 1211/31/64 1210/33/62 
f 35/35/35 33/33/33 1210/33/62 1209/35/61 
f 37/37/37 35/35/35 1209/35/61 1208/37/82 
f 39/39/39 37/37/37 1208/37/82 1207/39/83 
f 41/41/41 39/39/39 1207/39/83 1198/41/84 
f 45/45/45 44/44/44 1206/44/57 1205/45/68 
f 47/47/47 45/45/45 1205/45/68 1204/47/70 
f 49/49/49 47/47/47 1204/47/70 1203/49/73 
f 51/51/51 49/49/49 1203/49/73 1202/51/75 
f 53/53/53 51/51/51 1202/51/75 1201/53/77 
f 55/55/55 53/53/53 1201/53/77 1196/55/79 
f 14/14/14 27/27/27 1200/27/81 1199/14/69 
f 16/16/16 41/41/41 1198/41/84 1197/16/72 
f 30/30/30 55/55/55 1196/55/79 1195/30/66 
f 3/3/3 2/2/2 1194/2/59 1193/3/58 
f 1221/1/1 1222/2/2 1223/3/3 1224/4/4 
f 1225/5/5 1226/6/6 1222/2/2 1221/1/1 
f 1227/7/7 1228/8/8 1226/6/6 1225/5/5 
f 1229/9/9 1230/10/10 1228/8/8 1227/7/7 
f 1231/11/11 1232/12/12 1230/10/10 1229/9/9 
f 1233/13/13 1234/14/14 1232/12/12 1231/11/11 
f 1235/15/15 1236/16/16 1237/17/17 1238/18/18 
f 1238/18/18 1237/17/17 1239/19/19 1240/20/20 
f 1240/20/20 1239/19/19 1241/21/21 1242/22/22 
f 1242/22/22 1241/21/21 1243/23/23 1244/24/24 
f 1244/24/24 1243/23/23 1245/25/25 1246/26/26 
f 1246/26/26 1245/25/25 1247/27/27 1248/28/28 
f 1249/29/29 1250/30/30 1251/31/31 1252/32/32 
f 1252/32/32 1251/31/31 1253/33/33 1254/34/34 
f 1254/34/34 1253/33/33 1255/35/35 1256/36/36 
f 1256/36/36 1255/35/35 1257/37/37 1258/38/38 
f 1258/38/38 1257/37/37 1259/39/39 1260/40/40 
f 1260/40/40 1259/39/39 1261/41/41 1262/42/42 
f 1263/43/43 1264/44/44 1265/45/45 1266/46/46 
f 1266/46/46 1265/45/45 1267/47/47 1268/48/48 
f 1268/48/48 1267/47/47 1269/49/49 1270/50/50 
f 1270/50/50 1269/49/49 1271/51/51 1272/52/52 
f 1272/52/52 1271/51/51 1273/53/53 1274/54/54 
f 1274/54/54 1273/53/53 1275/55/55 1276/56/56 
f 1248/28/28 1247/27/27 1234/14/14 1233/13/13 
f 1262/42/42 1261/41/41 1236/16/16 1235/15/15 
f 1276/56/56 1275/55/55 1250/30/30 1249/29/29 
f 1224/4/4 1223/3/3 1264/44/44 1263/43/43 
f 1277/44/57 1278/3/58 1279/3/58 1280/44/57 
f 1281/2/59 1282/6/60 1283/6/60 1284/2/59 
f 1229/9/9 1227/7/7 1285/7/61 1286/9/62 
f 1282/6/60 1287/8/63 1288/8/63 1283/6/60 
f 1231/11/11 1229/9/9 1286/9/62 1289/11/64 
f 1287/8/63 1290/10/65 1291/10/65 1288/8/63 
f 1233/13/13 1231/11/11 1289/11/64 1292/13/66 
f 1290/10/65 1293/12/67 1294/12/67 1291/10/65 
f 1235/15/15 1238/18/18 1295/18/68 1296/15/57 
f 1293/12/67 1297/14/69 1298/14/69 1294/12/67 
f 1238/18/18 1240/20/20 1299/20/70 1295/18/68 
f 1300/17/71 1301/16/72 1302/16/72 1303/17/71 
f 1240/20/20 1242/22/22 1304/22/73 1299/20/70 
f 1305/19/74 1300/17/71 1303/17/71 1306/19/74 
f 1242/22/22 1244/24/24 1307/24/75 1304/22/73 
f 1308/21/76 1305/19/74 1306/19/74 1309/21/76 
f 1244/24/24 1246/26/26 1310/26/77 1307/24/75 
f 1311/23/78 1308/21/76 1309/21/76 1312/23/78 
f 1246/26/26 1248/28/28 1313/28/79 1310/26/77 
f 1314/25/80 1311/23/78 1312/23/78 1315/25/80 
f 1249/29/29 1252/32/32 1316/32/67 1317/29/69 
f 1318/27/81 1314/25/80 1315/25/80 1319/27/81 
f 1252/32/32 1254/34/34 1320/34/65 1316/32/67 
f 1321/31/64 1322/30/66 1323/30/66 1324/31/64 
f 1254/34/34 1256/36/36 1325/36/63 1320/34/65 
f 1326/33/62 1321/31/64 1324/31/64 1327/33/62 
f 1256/36/36 1258/38/38 1328/38/60 1325/36/63 
f 1329/35/61 1326/33/62 1327/33/62 1330/35/61 
f 1258/38/38 1260/40/40 1331/40/59 1328/38/60 
f 1332/37/82 1329/35/61 1330/35/61 1333/37/82 
f 1260/40/40 1262/42/42 1334/42/58 1331/40/59 
f 1335/39/83 1332/37/82 1333/37/82 1336/39/83 
f 1263/43/43 1266/46/46 1337/46/71 1338/43/72 
f 1339/41/84 1335/39/83 1336/39/83 1340/41/84 
f 1266/46/46 1268/48/48 1341/48/74 1337/46/71 
f 1342/45/68 1277/44/57 1280/44/57 1343/45/68 
f 1268/48/48 1270/50/50 1344/50/76 1341/48/74 
f 1345/47/70 1342/45/68 1343/45/68 1346/47/70 
f 1270/50/50 1272/52/52 1347/52/78 1344/50/76 
f 1348/49/73 1345/47/70 1346/47/70 1349/49/73 
f 1272/52/52 1274/54/54 1350/54/80 1347/52/78 
f 1351/51/75 1348/49/73 1349/49/73 1352/51/75 
f 1274/54/54 1276/56/56 1353/56/81 1350/54/80 
f 1354/53/77 1351/51/75 1352/51/75 1355/53/77 
f 1248/28/28 1233/13/13 1292/13/66 1313/28/79 
f 1356/55/79 1354/53/77 1355/53/77 1357/55/79 
f 1262/42/42 1235/15/15 1296/15/57 1334/42/58 
f 1297/14/69 1318/27/81 1319/27/81 1298/14/69 
f 1276/56/56 1249/29/29 1317/29/69 1353/56/81 
f 1221/1/1 1224/4/4 1358/4/84 1359/1/83 
f 1301/16/72 1339/41/84 1340/41/84 1302/16/72 
f 1224/4/4 1263/43/43 1338/43/72 1358/4/84 
f 1225/5/5 1221/1/1 1359/1/83 1360/5/82 
f 1322/30/66 1356/55/79 1357/55/79 1323/30/66 
f 1278/3/58 1281/2/59 1284/2/59 1279/3/58 
f 1227/7/7 1225/5/5 1360/5/82 1285/7/61 
f 1361/57/85 1362/58/86 1363/59/87 1364/60/88 
f 1362/58/86 1365/61/89 1366/62/90 1363/59/87 
f 1365/61/89 1367/63/91 1368/64/92 1366/62/90 
f 1367/63/91 1361/65/85 1364/66/88 1368/64/92 
f 1362/67/86 1361/68/85 1367/63/91 1365/61/89 
f 1366/62/90 1368/64/92 1364/69/88 1363/70/87 
f 1369/71/96 1370/72/93 1371/3/94 1372/2/95 
f 1373/73/96 1369/71/96 1372/2/95 1374/6/97 
f 1375/74/96 1373/73/96 1374/6/97 1376/8/98 
f 1377/75/93 1375/74/96 1376/8/98 1378/10/99 
f 1379/76/93 1377/75/93 1378/10/99 1380/12/100 
f 1381/77/96 1379/76/93 1380/12/100 1382/14/101 
f 1383/78/96 1384/79/96 1385/17/102 1386/16/103 
f 1384/79/96 1387/80/96 1388/19/104 1385/17/102 
f 1387/80/96 1389/81/96 1390/21/105 1388/19/104 
f 1389/81/96 1391/82/96 1392/23/106 1390/21/105 
f 1391/82/96 1393/83/93 1394/25/107 1392/23/106 
f 1393/83/93 1395/84/93 1396/27/108 1394/25/107 
f 1397/85/93 1398/86/93 1399/31/109 1400/30/110 
f 1398/86/93 1401/87/93 1402/33/111 1399/31/109 
f 1401/87/93 1403/88/93 1404/35/112 1402/33/111 
f 1403/88/93 1405/89/93 1406/37/113 1404/35/112 
f 1405/89/93 1407/90/96 1408/39/114 1406/37/113 
f 1407/90/96 1409/91/96 1410/41/115 1408/39/114 
f 1411/92/93 1412/93/93 1413/45/116 1414/44/117 
f 1412/93/93 1415/94/93 1416/47/525 1413/45/116 
f 1415/94/93 1417/95/93 1418/49/119 1416/47/525 
f 1417/95/93 1419/96/96 1420/51/120 1418/49/119 
f 1419/96/96 1421/97/96 1422/53/121 1420/51/120 
f 1421/97/96 1423/98/96 1424/55/122 1422/53/121 
f 1395/84/93 1381/77/96 1382/14/101 1396/27/108 
f 1409/91/96 1383/78/96 1386/16/103 1410/41/115 
f 1423/98/96 1397/85/93 1400/30/110 1424/55/122 
f 1370/72/93 1411/92/93 1414/44/117 1371/3/94 
f 1425/44/123 1426/3/124 1371/3/94 1414/44/117 
f 1427/2/125 1428/6/126 1374/6/97 1372/2/95 
f 1429/9/127 1430/7/128 1431/7/129 1432/9/130 
f 1428/6/126 1433/8/131 1376/8/98 1374/6/97 
f 1434/11/132 1429/9/127 1432/9/130 1435/11/133 
f 1433/8/131 1436/10/526 1378/10/99 1376/8/98 
f 1437/13/135 1434/11/132 1435/11/133 1438/13/527 
f 1436/10/526 1439/12/137 1380/12/100 1378/10/99 
f 1440/15/138 1441/18/139 1442/18/140 1443/15/141 
f 1439/12/137 1444/14/142 1382/14/101 1380/12/100 
f 1441/18/139 1445/20/143 1446/20/144 1442/18/140 
f 1447/17/145 1448/16/146 1386/16/103 1385/17/102 
f 1445/20/143 1449/22/147 1450/22/148 1446/20/144 
f 1451/19/149 1447/17/145 1385/17/102 1388/19/104 
f 1449/22/147 1452/24/150 1453/24/151 1450/22/148 
f 1454/21/152 1451/19/149 1388/19/104 1390/21/105 
f 1452/24/150 1455/26/153 1456/26/154 1453/24/151 
f 1457/23/155 1454/21/152 1390/21/105 1392/23/106 
f 1455/26/153 1458/28/156 1459/28/157 1456/26/154 
f 1460/25/158 1457/23/155 1392/23/106 1394/25/107 
f 1461/29/159 1462/32/160 1463/32/161 1464/29/162 
f 1465/27/163 1460/25/158 1394/25/107 1396/27/108 
f 1462/32/160 1466/34/164 1467/34/165 1463/32/161 
f 1468/31/166 1469/30/167 1400/30/110 1399/31/109 
f 1466/34/164 1470/36/168 1471/36/169 1467/34/165 
f 1472/33/170 1468/31/166 1399/31/109 1402/33/111 
f 1470/36/168 1473/38/171 1474/38/172 1471/36/169 
f 1475/35/173 1472/33/170 1402/33/111 1404/35/112 
f 1473/38/171 1476/40/174 1477/40/175 1474/38/172 
f 1478/37/176 1475/35/173 1404/35/112 1406/37/113 
f 1476/40/174 1479/42/177 1480/42/178 1477/40/175 
f 1481/39/179 1478/37/176 1406/37/113 1408/39/114 
f 1482/43/180 1483/46/181 1484/46/182 1485/43/183 
f 1486/41/184 1481/39/179 1408/39/114 1410/41/115 
f 1483/46/181 1487/48/185 1488/48/186 1484/46/182 
f 1489/45/187 1425/44/123 1414/44/117 1413/45/116 
f 1487/48/185 1490/50/188 1491/50/189 1488/48/186 
f 1492/47/190 1489/45/187 1413/45/116 1416/47/525 
f 1490/50/188 1493/52/191 1494/52/192 1491/50/189 
f 1495/49/193 1492/47/190 1416/47/525 1418/49/119 
f 1493/52/191 1496/54/194 1497/54/195 1494/52/192 
f 1498/51/196 1495/49/193 1418/49/119 1420/51/120 
f 1496/54/194 1499/56/197 1500/56/198 1497/54/195 
f 1501/53/199 1498/51/196 1420/51/120 1422/53/121 
f 1458/28/156 1437/13/135 1438/13/527 1459/28/157 
f 1502/55/200 1501/53/199 1422/53/121 1424/55/122 
f 1479/42/177 1440/15/138 1443/15/141 1480/42/178 
f 1444/14/142 1465/27/163 1396/27/108 1382/14/101 
f 1499/56/197 1461/29/159 1464/29/162 1500/56/198 
f 1503/1/201 1504/4/202 1505/4/203 1506/1/204 
f 1448/16/146 1486/41/184 1410/41/115 1386/16/103 
f 1504/4/202 1482/43/180 1485/43/183 1505/4/203 
f 1507/5/205 1503/1/201 1506/1/204 1508/5/206 
f 1469/30/167 1502/55/200 1424/55/122 1400/30/110 
f 1426/3/124 1427/2/125 1372/2/95 1371/3/94 
f 1430/7/128 1507/5/205 1508/5/206 1431/7/129 
f 1509/99/207 1510/100/208 1511/101/209 1512/102/210 
f 1510/100/208 1513/103/211 1514/104/212 1511/101/209 
f 1513/103/211 1515/105/213 1516/106/214 1514/104/212 
f 1515/105/213 1517/70/215 1518/107/216 1516/106/214 
f 1517/70/215 1519/108/217 1520/109/528 1518/107/216 
f 1519/108/217 1521/110/219 1522/111/220 1520/109/528 
f 1521/110/219 1523/112/221 1524/113/222 1522/111/220 
f 1523/112/221 1525/114/223 1526/115/224 1524/113/222 
f 1525/114/223 1527/116/225 1528/117/226 1526/115/224 
f 1527/116/225 1529/118/227 1530/119/228 1528/117/226 
f 1529/118/227 1531/120/229 1532/121/230 1530/119/228 
f 1531/120/229 1533/62/231 1534/66/232 1532/121/230 
f 1533/62/231 1535/122/233 1536/123/234 1534/66/232 
f 1535/122/233 1537/124/235 1538/125/236 1536/123/234 
f 1537/124/235 1539/126/237 1540/127/238 1538/125/236 
f 1539/126/237 1541/128/239 1542/129/240 1540/127/238 
f 1541/128/239 1543/130/241 1544/131/242 1542/129/240 
f 1543/130/241 1545/132/243 1546/133/244 1544/131/242 
f 1545/132/243 1547/134/245 1548/135/246 1546/133/244 
f 1547/134/245 1549/61/247 1550/65/248 1548/135/246 
f 1549/61/247 1551/136/249 1552/137/250 1550/65/248 
f 1551/136/249 1553/138/251 1554/139/252 1552/137/250 
f 1553/138/251 1555/140/253 1556/141/254 1554/139/252 
f 1555/140/253 1557/142/255 1558/143/256 1556/141/254 
f 1557/142/255 1559/144/257 1560/145/258 1558/143/256 
f 1559/144/257 1561/146/259 1562/147/260 1560/145/258 
f 1561/146/259 1563/148/261 1564/149/262 1562/147/260 
f 1563/148/261 1565/67/263 1566/150/264 1564/149/262 
f 1565/67/263 1567/151/265 1568/152/266 1566/150/264 
f 1567/151/265 1569/153/267 1570/154/268 1568/152/266 
f 1511/155/209 1514/156/212 1516/157/214 1518/158/216 1520/159/528 1522/160/220 1524/161/222 1526/162/224 1528/163/226 1530/164/228 1532/165/230 1534/166/232 1536/167/234 1538/168/236 1540/169/238 1542/170/240 1544/171/242 1546/172/244 1548/173/246 1550/174/248 1552/175/250 1554/176/252 1556/177/254 1558/178/256 1560/179/258 1562/180/260 1564/181/262 1566/182/264 1568/183/266 1570/184/268 1571/185/269 1512/186/210 
f 1569/153/267 1572/187/270 1571/188/269 1570/154/268 
f 1572/187/270 1509/189/207 1512/190/210 1571/188/269 
f 1509/191/207 1572/192/270 1569/193/267 1567/194/265 1565/195/263 1563/196/261 1561/197/259 1559/198/257 1557/199/255 1555/200/253 1553/201/251 1551/202/249 1549/203/247 1547/204/245 1545/205/243 1543/206/241 1541/207/239 1539/208/237 1537/209/235 1535/210/233 1533/211/231 1531/212/229 1529/213/227 1527/214/225 1525/215/223 1523/216/221 1521/217/219 1519/218/217 1517/219/215 1515/220/213 1513/221/211 1510/222/208 
f 1573/99/271 1574/100/208 1575/101/209 1576/102/272 
f 1574/100/208 1577/103/211 1578/104/212 1575/101/209 
f 1577/103/211 1579/105/213 1580/106/214 1578/104/212 
f 1579/105/213 1581/70/273 1582/107/216 1580/106/214 
f 1581/70/273 1583/108/217 1584/109/218 1582/107/216 
f 1583/108/217 1585/110/219 1586/111/220 1584/109/218 
f 1585/110/219 1587/112/221 1588/113/222 1586/111/220 
f 1587/112/221 1589/114/223 1590/115/224 1588/113/222 
f 1589/114/223 1591/116/225 1592/117/226 1590/115/224 
f 1591/116/225 1593/118/227 1594/119/228 1592/117/226 
f 1593/118/227 1595/120/229 1596/121/230 1594/119/228 
f 1595/120/229 1597/62/274 1598/66/232 1596/121/230 
f 1597/62/274 1599/122/233 1600/123/234 1598/66/232 
f 1599/122/233 1601/124/235 1602/125/236 1600/123/234 
f 1601/124/235 1603/126/275 1604/127/238 1602/125/236 
f 1603/126/275 1605/128/276 1606/129/277 1604/127/238 
f 1605/128/276 1607/130/278 1608/131/242 1606/129/277 
f 1607/130/278 1609/132/243 1610/133/244 1608/131/242 
f 1609/132/243 1611/134/245 1612/135/246 1610/133/244 
f 1611/134/245 1613/61/279 1614/65/280 1612/135/246 
f 1613/61/279 1615/136/249 1616/137/250 1614/65/280 
f 1615/136/249 1617/138/251 1618/139/252 1616/137/250 
f 1617/138/251 1619/140/253 1620/141/254 1618/139/252 
f 1619/140/253 1621/142/255 1622/143/256 1620/141/254 
f 1621/142/255 1623/144/257 1624/145/258 1622/143/256 
f 1623/144/257 1625/146/259 1626/147/260 1624/145/258 
f 1625/146/259 1627/148/261 1628/149/262 1626/147/260 
f 1627/148/261 1629/67/281 1630/150/264 1628/149/262 
f 1629/67/281 1631/151/265 1632/152/266 1630/150/264 
f 1631/151/265 1633/153/267 1634/154/268 1632/152/266 
f 1575/155/209 1578/156/212 1580/157/214 1582/158/216 1584/159/218 1586/160/220 1588/161/222 1590/162/224 1592/163/226 1594/164/228 1596/165/230 1598/166/232 1600/167/234 1602/168/236 1604/169/238 1606/170/277 1608/171/242 1610/172/244 1612/173/246 1614/174/280 1616/175/250 1618/176/252 1620/177/254 1622/178/256 1624/179/258 1626/180/260 1628/181/262 1630/182/264 1632/183/266 1634/184/268 1635/185/269 1576/186/272 
f 1633/153/267 1636/187/270 1635/188/269 1634/154/268 
f 1636/187/270 1573/189/271 1576/190/272 1635/188/269 
f 1573/191/271 1636/192/270 1633/193/267 1631/194/265 1629/195/281 1627/196/261 1625/197/259 1623/198/257 1621/199/255 1619/200/253 1617/201/251 1615/202/249 1613/203/279 1611/204/245 1609/205/243 1607/206/278 1605/207/276 1603/208/275 1601/209/235 1599/210/233 1597/211/274 1595/212/229 1593/213/227 1591/214/225 1589/215/223 1587/216/221 1585/217/219 1583/218/217 1581/219/273 1579/220/213 1577/221/211 1574/222/208 
f 1637/99/282 1638/100/208 1639/101/209 1640/102/272 
f 1638/100/208 1641/103/211 1642/104/212 1639/101/209 
f 1641/103/211 1643/105/213 1644/106/214 1642/104/212 
f 1643/105/213 1645/70/215 1646/107/216 1644/106/214 
f 1645/70/215 1647/108/217 1648/109/528 1646/107/216 
f 1647/108/217 1649/110/219 1650/111/220 1648/109/528 
f 1649/110/219 1651/112/221 1652/113/222 1650/111/220 
f 1651/112/221 1653/114/223 1654/115/224 1652/113/222 
f 1653/114/223 1655/116/225 1656/117/226 1654/115/224 
f 1655/116/225 1657/118/227 1658/119/228 1656/117/226 
f 1657/118/227 1659/120/229 1660/121/230 1658/119/228 
f 1659/120/229 1661/62/231 1662/66/283 1660/121/230 
f 1661/62/231 1663/122/233 1664/123/284 1662/66/283 
f 1663/122/233 1665/124/235 1666/125/236 1664/123/284 
f 1665/124/235 1667/126/275 1668/127/238 1666/125/236 
f 1667/126/275 1669/128/276 1670/129/285 1668/127/238 
f 1669/128/276 1671/130/278 1672/131/242 1670/129/285 
f 1671/130/278 1673/132/243 1674/133/244 1672/131/242 
f 1673/132/243 1675/134/245 1676/135/286 1674/133/244 
f 1675/134/245 1677/61/247 1678/65/248 1676/135/286 
f 1677/61/247 1679/136/249 1680/137/250 1678/65/248 
f 1679/136/249 1681/138/251 1682/139/252 1680/137/250 
f 1681/138/251 1683/140/253 1684/141/254 1682/139/252 
f 1683/140/253 1685/142/255 1686/143/256 1684/141/254 
f 1685/142/255 1687/144/257 1688/145/258 1686/143/256 
f 1687/144/257 1689/146/259 1690/147/260 1688/145/258 
f 1689/146/259 1691/148/261 1692/149/262 1690/147/260 
f 1691/148/261 1693/67/263 1694/150/287 1692/149/262 
f 1693/67/263 1695/151/265 1696/152/266 1694/150/287 
f 1695/151/265 1697/153/267 1698/154/268 1696/152/266 
f 1639/155/209 1642/156/212 1644/157/214 1646/158/216 1648/159/528 1650/160/220 1652/161/222 1654/162/224 1656/163/226 1658/164/228 1660/165/230 1662/166/283 1664/167/284 1666/168/236 1668/169/238 1670/170/285 1672/171/242 1674/172/244 1676/173/286 1678/174/248 1680/175/250 1682/176/252 1684/177/254 1686/178/256 1688/179/258 1690/180/260 1692/181/262 1694/182/287 1696/183/266 1698/184/268 1699/185/269 1640/186/272 
f 1697/153/267 1700/187/270 1699/188/269 1698/154/268 
f 1700/187/270 1637/189/282 1640/190/272 1699/188/269 
f 1637/191/282 1700/192/270 1697/193/267 1695/194/265 1693/195/263 1691/196/261 1689/197/259 1687/198/257 1685/199/255 1683/200/253 1681/201/251 1679/202/249 1677/203/247 1675/204/245 1673/205/243 1671/206/278 1669/207/276 1667/208/275 1665/209/235 1663/210/233 1661/211/231 1659/212/229 1657/213/227 1655/214/225 1653/215/223 1651/216/221 1649/217/219 1647/218/217 1645/219/215 1643/220/213 1641/221/211 1638/222/208 
f 1701/99/207 1702/100/288 1703/101/289 1704/102/210 
f 1702/100/288 1705/103/211 1706/104/212 1703/101/289 
f 1705/103/211 1707/105/290 1708/106/214 1706/104/212 
f 1707/105/290 1709/70/273 1710/107/216 1708/106/214 
f 1709/70/273 1711/108/217 1712/109/218 1710/107/216 
f 1711/108/217 1713/110/219 1714/111/220 1712/109/218 
f 1713/110/219 1715/112/221 1716/113/222 1714/111/220 
f 1715/112/221 1717/114/223 1718/115/224 1716/113/222 
f 1717/114/223 1719/116/225 1720/117/226 1718/115/224 
f 1719/116/225 1721/118/227 1722/119/228 1720/117/226 
f 1721/118/227 1723/120/229 1724/121/230 1722/119/228 
f 1723/120/229 1725/62/231 1726/66/291 1724/121/230 
f 1725/62/231 1727/122/233 1728/123/234 1726/66/291 
f 1727/122/233 1729/124/235 1730/125/236 1728/123/234 
f 1729/124/235 1731/126/275 1732/127/238 1730/125/236 
f 1731/126/275 1733/128/276 1734/129/277 1732/127/238 
f 1733/128/276 1735/130/278 1736/131/242 1734/129/277 
f 1735/130/278 1737/132/243 1738/133/244 1736/131/242 
f 1737/132/243 1739/134/245 1740/135/246 1738/133/244 
f 1739/134/245 1741/61/247 1742/65/292 1740/135/246 
f 1741/61/247 1743/136/249 1744/137/250 1742/65/292 
f 1743/136/249 1745/138/251 1746/139/252 1744/137/250 
f 1745/138/251 1747/140/253 1748/141/254 1746/139/252 
f 1747/140/253 1749/142/255 1750/143/256 1748/141/254 
f 1749/142/255 1751/144/257 1752/145/258 1750/143/256 
f 1751/144/257 1753/146/259 1754/147/260 1752/145/258 
f 1753/146/259 1755/148/261 1756/149/262 1754/147/260 
f 1755/148/261 1757/67/293 1758/150/264 1756/149/262 
f 1757/67/293 1759/151/294 1760/152/266 1758/150/264 
f 1759/151/294 1761/153/267 1762/154/268 1760/152/266 
f 1703/155/289 1706/156/212 1708/157/214 1710/158/216 1712/159/218 1714/160/220 1716/161/222 1718/162/224 1720/163/226 1722/164/228 1724/165/230 1726/166/291 1728/167/234 1730/168/236 1732/169/238 1734/170/277 1736/171/242 1738/172/244 1740/173/246 1742/174/292 1744/175/250 1746/176/252 1748/177/254 1750/178/256 1752/179/258 1754/180/260 1756/181/262 1758/182/264 1760/183/266 1762/184/268 1763/185/269 1704/186/210 
f 1761/153/267 1764/187/295 1763/188/269 1762/154/268 
f 1764/187/295 1701/189/207 1704/190/210 1763/188/269 
f 1701/191/207 1764/192/295 1761/193/267 1759/194/294 1757/195/293 1755/196/261 1753/197/259 1751/198/257 1749/199/255 1747/200/253 1745/201/251 1743/202/249 1741/203/247 1739/204/245 1737/205/243 1735/206/278 1733/207/276 1731/208/275 1729/209/235 1727/210/233 1725/211/231 1723/212/229 1721/213/227 1719/214/225 1717/215/223 1715/216/221 1713/217/219 1711/218/217 1709/219/273 1707/220/290 1705/221/211 1702/222/288 
f 1765/57/296 1766/58/297 1767/59/298 1768/60/299 
f 1766/58/297 1769/61/300 1770/62/301 1767/59/298 
f 1769/61/300 1771/63/302 1772/64/529 1770/62/301 
f 1771/63/302 1765/65/296 1768/66/299 1772/64/529 
f 1766/67/297 1765/68/296 1771/63/302 1769/61/300 
f 1770/62/301 1772/64/529 1768/69/299 1767/70/298 
f 1773/57/304 1774/58/305 1775/59/306 1776/60/307 
f 1774/58/305 1777/61/308 1778/62/309 1775/59/306 
f 1777/61/308 1779/63/310 1780/64/311 1778/62/309 
f 1779/63/310 1773/65/304 1776/66/307 1780/64/311 
f 1774/67/305 1773/68/304 1779/63/310 1777/61/308 
f 1778/62/309 1780/64/311 1776/69/307 1775/70/306 
f 1781/57/312 1782/58/313 1783/59/314 1784/60/315 
f 1782/58/313 1785/61/316 1786/62/317 1783/59/314 
f 1785/61/316 1787/63/318 1788/64/319 1786/62/317 
f 1787/63/318 1781/65/312 1784/66/315 1788/64/319 
f 1782/67/313 1781/68/312 1787/63/318 1785/61/316 
f 1786/62/317 1788/64/319 1784/69/315 1783/70/314 
f 1476/1/174 1479/4/177 1789/3/320 1790/2/321 
f 1791/1/26 1792/2/25 1793/3/27 1794/4/322 
f 1795/5/323 1796/6/23 1792/2/25 1791/1/26 
f 1797/7/22 1798/8/21 1796/6/23 1795/5/323 
f 1799/9/20 1800/10/19 1798/8/21 1797/7/22 
f 1801/11/18 1802/12/17 1800/10/19 1799/9/20 
f 1803/13/15 1804/14/16 1802/12/17 1801/11/18 
f 1805/15/324 1806/16/30 1807/17/31 1808/18/32 
f 1808/18/32 1807/17/31 1809/19/33 1810/20/34 
f 1810/20/34 1809/19/33 1811/21/35 1812/22/36 
f 1812/22/36 1811/21/35 1813/23/37 1814/24/38 
f 1814/24/38 1813/23/37 1815/25/39 1816/26/40 
f 1816/26/40 1815/25/39 1817/27/41 1818/28/42 
f 1819/29/43 1820/30/44 1821/31/45 1822/32/46 
f 1822/32/46 1821/31/45 1823/33/47 1824/34/48 
f 1824/34/48 1823/33/47 1825/35/49 1826/36/50 
f 1826/36/50 1825/35/49 1827/37/51 1828/38/52 
f 1828/38/52 1827/37/51 1829/39/53 1830/40/325 
f 1830/40/325 1829/39/53 1831/41/55 1832/42/326 
f 1833/43/327 1834/44/14 1835/45/12 1836/46/11 
f 1836/46/11 1835/45/12 1837/47/10 1838/48/328 
f 1838/48/328 1837/47/10 1839/49/8 1840/50/7 
f 1840/50/7 1839/49/8 1841/51/6 1842/52/5 
f 1842/52/5 1841/51/6 1843/53/2 1844/54/1 
f 1844/54/1 1843/53/2 1845/55/3 1846/56/4 
f 1818/28/42 1817/27/41 1804/14/16 1803/13/15 
f 1832/42/326 1831/41/55 1806/16/30 1805/15/324 
f 1846/56/4 1845/55/3 1820/30/44 1819/29/43 
f 1794/4/322 1793/3/27 1834/44/14 1833/43/327 
f 1473/5/171 1476/1/174 1790/2/321 1847/6/329 
f 1470/7/168 1473/5/171 1847/6/329 1848/8/330 
f 1466/9/164 1470/7/168 1848/8/330 1849/10/331 
f 1462/11/160 1466/9/164 1849/10/331 1850/12/332 
f 1461/13/159 1462/11/160 1850/12/332 1851/14/333 
f 1482/15/180 1483/18/181 1852/17/334 1853/16/335 
f 1483/18/181 1487/20/185 1854/19/336 1852/17/334 
f 1487/20/185 1490/22/188 1855/21/337 1854/19/336 
f 1490/22/188 1493/24/191 1856/23/338 1855/21/337 
f 1493/24/191 1496/26/194 1857/25/339 1856/23/338 
f 1496/26/194 1499/28/197 1858/27/340 1857/25/339 
f 1437/29/135 1434/32/132 1859/31/341 1860/30/342 
f 1434/32/132 1429/34/127 1861/33/343 1859/31/341 
f 1429/34/127 1430/36/128 1862/35/344 1861/33/343 
f 1430/36/128 1507/38/205 1863/37/345 1862/35/344 
f 1507/38/205 1503/40/201 1864/39/346 1863/37/345 
f 1503/40/201 1504/42/202 1865/41/347 1864/39/346 
f 1440/43/138 1441/46/139 1866/45/348 1867/44/349 
f 1441/46/139 1445/48/143 1868/47/350 1866/45/348 
f 1445/48/143 1449/50/147 1869/49/351 1868/47/350 
f 1449/50/147 1452/52/150 1870/51/352 1869/49/351 
f 1452/52/150 1455/54/153 1871/53/353 1870/51/352 
f 1455/54/153 1458/56/156 1872/55/354 1871/53/353 
f 1499/28/197 1461/13/159 1851/14/333 1858/27/340 
f 1504/42/202 1482/15/180 1853/16/335 1865/41/347 
f 1458/56/156 1437/29/135 1860/30/342 1872/55/354 
f 1479/4/177 1440/43/138 1867/44/349 1789/3/320 
f 1834/44/14 1793/3/27 1789/3/320 1867/44/349 
f 1792/2/25 1796/6/23 1847/6/329 1790/2/321 
f 1799/9/20 1797/7/22 1470/7/168 1466/9/164 
f 1796/6/23 1798/8/21 1848/8/330 1847/6/329 
f 1801/11/18 1799/9/20 1466/9/164 1462/11/160 
f 1798/8/21 1800/10/19 1849/10/331 1848/8/330 
f 1803/13/15 1801/11/18 1462/11/160 1461/13/159 
f 1800/10/19 1802/12/17 1850/12/332 1849/10/331 
f 1805/15/324 1808/18/32 1483/18/181 1482/15/180 
f 1802/12/17 1804/14/16 1851/14/333 1850/12/332 
f 1808/18/32 1810/20/34 1487/20/185 1483/18/181 
f 1807/17/31 1806/16/30 1853/16/335 1852/17/334 
f 1810/20/34 1812/22/36 1490/22/188 1487/20/185 
f 1809/19/33 1807/17/31 1852/17/334 1854/19/336 
f 1812/22/36 1814/24/38 1493/24/191 1490/22/188 
f 1811/21/35 1809/19/33 1854/19/336 1855/21/337 
f 1814/24/38 1816/26/40 1496/26/194 1493/24/191 
f 1813/23/37 1811/21/35 1855/21/337 1856/23/338 
f 1816/26/40 1818/28/42 1499/28/197 1496/26/194 
f 1815/25/39 1813/23/37 1856/23/338 1857/25/339 
f 1819/29/43 1822/32/46 1434/32/132 1437/29/135 
f 1817/27/41 1815/25/39 1857/25/339 1858/27/340 
f 1822/32/46 1824/34/48 1429/34/127 1434/32/132 
f 1821/31/45 1820/30/44 1860/30/342 1859/31/341 
f 1824/34/48 1826/36/50 1430/36/128 1429/34/127 
f 1823/33/47 1821/31/45 1859/31/341 1861/33/343 
f 1826/36/50 1828/38/52 1507/38/205 1430/36/128 
f 1825/35/49 1823/33/47 1861/33/343 1862/35/344 
f 1828/38/52 1830/40/325 1503/40/201 1507/38/205 
f 1827/37/51 1825/35/49 1862/35/344 1863/37/345 
f 1830/40/325 1832/42/326 1504/42/202 1503/40/201 
f 1829/39/53 1827/37/51 1863/37/345 1864/39/346 
f 1833/43/327 1836/46/11 1441/46/139 1440/43/138 
f 1831/41/55 1829/39/53 1864/39/346 1865/41/347 
f 1836/46/11 1838/48/328 1445/48/143 1441/46/139 
f 1835/45/12 1834/44/14 1867/44/349 1866/45/348 
f 1838/48/328 1840/50/7 1449/50/147 1445/48/143 
f 1837/47/10 1835/45/12 1866/45/348 1868/47/350 
f 1840/50/7 1842/52/5 1452/52/150 1449/50/147 
f 1839/49/8 1837/47/10 1868/47/350 1869/49/351 
f 1842/52/5 1844/54/1 1455/54/153 1452/52/150 
f 1841/51/6 1839/49/8 1869/49/351 1870/51/352 
f 1844/54/1 1846/56/4 1458/56/156 1455/54/153 
f 1843/53/2 1841/51/6 1870/51/352 1871/53/353 
f 1818/28/42 1803/13/15 1461/13/159 1499/28/197 
f 1845/55/3 1843/53/2 1871/53/353 1872/55/354 
f 1832/42/326 1805/15/324 1482/15/180 1504/42/202 
f 1804/14/16 1817/27/41 1858/27/340 1851/14/333 
f 1846/56/4 1819/29/43 1437/29/135 1458/56/156 
f 1791/1/26 1794/4/322 1479/4/177 1476/1/174 
f 1806/16/30 1831/41/55 1865/41/347 1853/16/335 
f 1794/4/322 1833/43/327 1440/43/138 1479/4/177 
f 1795/5/323 1791/1/26 1476/1/174 1473/5/171 
f 1820/30/44 1845/55/3 1872/55/354 1860/30/342 
f 1793/3/27 1792/2/25 1790/2/321 1789/3/320 
f 1797/7/22 1795/5/323 1473/5/171 1470/7/168 
f 1873/57/355 1874/58/356 1875/59/357 1876/60/358 
f 1874/58/356 1877/61/359 1878/62/360 1875/59/357 
f 1877/61/359 1879/63/361 1880/64/362 1878/62/360 
f 1879/63/361 1873/65/355 1876/66/358 1880/64/362 
f 1874/67/356 1873/68/355 1879/63/361 1877/61/359 
f 1878/62/360 1880/64/362 1876/69/358 1875/70/357 
f 1881/223/96 1882/224/96 1883/3/363 1884/2/364 
f 1885/225/93 1881/223/96 1884/2/364 1886/6/365 
f 1887/226/96 1885/225/93 1886/6/365 1888/8/366 
f 1889/227/96 1887/226/96 1888/8/366 1890/10/367 
f 1891/228/96 1889/227/96 1890/10/367 1892/12/368 
f 1893/229/93 1891/228/96 1892/12/368 1894/14/369 
f 1895/230/96 1896/231/96 1897/17/370 1898/16/371 
f 1896/231/96 1899/232/93 1900/19/372 1897/17/370 
f 1899/232/93 1901/233/93 1902/21/373 1900/19/372 
f 1901/233/93 1903/234/96 1904/23/374 1902/21/373 
f 1903/234/96 1905/235/96 1906/25/375 1904/23/374 
f 1905/235/96 1907/236/93 1908/27/376 1906/25/375 
f 1909/237/96 1910/238/93 1911/31/377 1912/30/378 
f 1910/238/93 1913/239/96 1914/33/379 1911/31/377 
f 1913/239/96 1915/240/93 1916/35/380 1914/33/379 
f 1915/240/93 1917/241/96 1918/37/381 1916/35/380 
f 1917/241/96 1919/242/96 1920/39/382 1918/37/381 
f 1919/242/96 1921/243/93 1922/41/383 1920/39/382 
f 1923/244/93 1924/245/96 1925/45/384 1926/44/385 
f 1924/245/96 1927/246/96 1928/47/386 1925/45/384 
f 1927/246/96 1929/247/96 1930/49/387 1928/47/386 
f 1929/247/96 1931/248/96 1932/51/388 1930/49/387 
f 1931/248/96 1933/249/96 1934/53/389 1932/51/388 
f 1933/249/96 1935/250/96 1936/55/390 1934/53/389 
f 1907/236/93 1893/229/93 1894/14/369 1908/27/376 
f 1921/243/93 1895/230/96 1898/16/371 1922/41/383 
f 1935/250/96 1909/237/96 1912/30/378 1936/55/390 
f 1882/224/96 1923/244/93 1926/44/385 1883/3/363 
f 1937/44/57 1938/3/58 1883/3/363 1926/44/385 
f 1939/2/59 1940/6/60 1886/6/365 1884/2/364 
f 66/9/62 65/7/61 1941/7/391 1942/9/392 
f 1940/6/60 1943/8/63 1888/8/366 1886/6/365 
f 69/11/64 66/9/62 1942/9/392 1944/11/393 
f 1943/8/63 1945/10/65 1890/10/367 1888/8/366 
f 72/13/66 69/11/64 1944/11/393 1946/13/394 
f 1945/10/65 1947/12/67 1892/12/368 1890/10/367 
f 76/15/57 75/18/68 1948/18/395 1949/15/396 
f 1947/12/67 1950/14/69 1894/14/369 1892/12/368 
f 75/18/68 1951/20/70 1952/20/530 1948/18/395 
f 1953/17/71 1954/16/72 1898/16/371 1897/17/370 
f 1951/20/70 84/22/73 1955/22/398 1952/20/530 
f 1956/19/74 1953/17/71 1897/17/370 1900/19/372 
f 84/22/73 87/24/75 1957/24/399 1955/22/398 
f 1958/21/76 1956/19/74 1900/19/372 1902/21/373 
f 87/24/75 90/26/77 1959/26/400 1957/24/399 
f 1960/23/78 1958/21/76 1902/21/373 1904/23/374 
f 90/26/77 93/28/79 1961/28/401 1959/26/400 
f 1962/25/80 1960/23/78 1904/23/374 1906/25/375 
f 97/29/69 96/32/67 1963/32/402 1964/29/403 
f 1965/27/81 1962/25/80 1906/25/375 1908/27/376 
f 96/32/67 1966/34/65 1967/34/404 1963/32/402 
f 1968/31/64 1969/30/66 1912/30/378 1911/31/377 
f 1966/34/65 105/36/63 1970/36/405 1967/34/404 
f 1971/33/62 1968/31/64 1911/31/377 1914/33/379 
f 105/36/63 108/38/60 1972/38/406 1970/36/405 
f 1973/35/61 1971/33/62 1914/33/379 1916/35/380 
f 108/38/60 111/40/59 1974/40/407 1972/38/406 
f 1975/37/82 1973/35/61 1916/35/380 1918/37/381 
f 111/40/59 114/42/58 1976/42/408 1974/40/407 
f 1977/39/83 1975/37/82 1918/37/381 1920/39/382 
f 118/43/72 117/46/71 1978/46/409 1979/43/410 
f 1980/41/84 1977/39/83 1920/39/382 1922/41/383 
f 117/46/71 121/48/74 1981/48/411 1978/46/409 
f 1982/45/68 1937/44/57 1926/44/385 1925/45/384 
f 121/48/74 124/50/76 1983/50/412 1981/48/411 
f 1984/47/70 1982/45/68 1925/45/384 1928/47/386 
f 124/50/76 1985/52/78 1986/52/413 1983/50/412 
f 1987/49/73 1984/47/70 1928/47/386 1930/49/387 
f 1985/52/78 130/54/80 1988/54/414 1986/52/413 
f 1989/51/75 1987/49/73 1930/49/387 1932/51/388 
f 130/54/80 133/56/81 1990/56/415 1988/54/414 
f 1991/53/77 1989/51/75 1932/51/388 1934/53/389 
f 93/28/79 72/13/66 1946/13/394 1961/28/401 
f 1992/55/79 1991/53/77 1934/53/389 1936/55/390 
f 114/42/58 76/15/57 1949/15/396 1976/42/408 
f 1950/14/69 1965/27/81 1908/27/376 1894/14/369 
f 133/56/81 97/29/69 1964/29/403 1990/56/415 
f 139/1/83 138/4/84 1993/4/416 1994/1/417 
f 1954/16/72 1980/41/84 1922/41/383 1898/16/371 
f 138/4/84 118/43/72 1979/43/410 1993/4/416 
f 1995/5/82 139/1/83 1994/1/417 1996/5/418 
f 1969/30/66 1992/55/79 1936/55/390 1912/30/378 
f 1938/3/58 1939/2/59 1884/2/364 1883/3/363 
f 65/7/61 1995/5/82 1996/5/418 1941/7/391 
f 1997/99/419 1998/100/420 1999/101/421 2000/102/422 
f 1998/100/420 2001/103/423 2002/104/424 1999/101/421 
f 2001/103/423 2003/105/425 2004/106/426 2002/104/424 
f 2003/105/425 2005/70/427 2006/107/428 2004/106/426 
f 2005/70/427 2007/108/429 2008/109/430 2006/107/428 
f 2007/108/429 2009/110/431 2010/111/432 2008/109/430 
f 2009/110/431 2011/112/433 2012/113/434 2010/111/432 
f 2011/112/433 2013/114/435 2014/115/436 2012/113/434 
f 2013/114/435 2015/116/437 2016/117/438 2014/115/436 
f 2015/116/437 2017/118/439 2018/119/440 2016/117/438 
f 2017/118/439 2019/120/441 2020/121/442 2018/119/440 
f 2019/120/441 2021/62/443 2022/66/444 2020/121/442 
f 2021/62/443 2023/122/445 2024/123/446 2022/66/444 
f 2023/122/445 2025/124/447 2026/125/448 2024/123/446 
f 2025/124/447 2027/126/449 2028/127/450 2026/125/448 
f 2027/126/449 2029/128/451 2030/129/452 2028/127/450 
f 2029/128/451 2031/130/453 2032/131/454 2030/129/452 
f 2031/130/453 2033/132/455 2034/133/456 2032/131/454 
f 2033/132/455 2035/134/457 2036/135/458 2034/133/456 
f 2035/134/457 2037/61/459 2038/65/460 2036/135/458 
f 2037/61/459 2039/136/461 2040/137/462 2038/65/460 
f 2039/136/461 2041/138/463 2042/139/464 2040/137/462 
f 2041/138/463 2043/140/465 2044/141/466 2042/139/464 
f 2043/140/465 2045/142/467 2046/143/468 2044/141/466 
f 2045/142/467 2047/144/469 2048/145/470 2046/143/468 
f 2047/144/469 2049/146/471 2050/147/472 2048/145/470 
f 2049/146/471 2051/148/473 2052/149/474 2050/147/472 
f 2051/148/473 2053/67/475 2054/150/476 2052/149/474 
f 2053/67/475 2055/151/477 2056/152/478 2054/150/476 
f 2055/151/477 2057/153/479 2058/154/480 2056/152/478 
f 1999/155/421 2002/156/424 2004/157/426 2006/158/428 2008/159/430 2010/160/432 2012/161/434 2014/162/436 2016/163/438 2018/164/440 2020/165/442 2022/166/444 2024/167/446 2026/168/448 2028/169/450 2030/170/452 2032/171/454 2034/172/456 2036/173/458 2038/174/460 2040/175/462 2042/176/464 2044/177/466 2046/178/468 2048/179/470 2050/180/472 2052/181/474 2054/182/476 2056/183/478 2058/184/480 2059/185/481 2000/186/422 
f 2057/153/479 2060/187/482 2059/188/481 2058/154/480 
f 2060/187/482 1997/189/419 2000/190/422 2059/188/481 
f 1997/191/419 2060/192/482 2057/193/479 2055/194/477 2053/195/475 2051/196/473 2049/197/471 2047/198/469 2045/199/467 2043/200/465 2041/201/463 2039/202/461 2037/203/459 2035/204/457 2033/205/455 2031/206/453 2029/207/451 2027/208/449 2025/209/447 2023/210/445 2021/211/443 2019/212/441 2017/213/439 2015/214/437 2013/215/435 2011/216/433 2009/217/431 2007/218/429 2005/219/427 2003/220/425 2001/221/423 1998/222/420 
f 2061/99/419 2062/100/420 2063/101/421 2064/102/422 
f 2062/100/420 2065/103/423 2066/104/424 2063/101/421 
f 2065/103/423 2067/105/425 2068/106/426 2066/104/424 
f 2067/105/425 2069/70/427 2070/107/428 2068/106/426 
f 2069/70/427 2071/108/429 2072/109/430 2070/107/428 
f 2071/108/429 2073/110/483 2074/111/484 2072/109/430 
f 2073/110/483 2075/112/433 2076/113/434 2074/111/484 
f 2075/112/433 2077/114/435 2078/115/436 2076/113/434 
f 2077/114/435 2079/116/437 2080/117/438 2078/115/436 
f 2079/116/437 2081/118/485 2082/119/486 2080/117/438 
f 2081/118/485 2083/120/441 2084/121/442 2082/119/486 
f 2083/120/441 2085/62/443 2086/66/444 2084/121/442 
f 2085/62/443 2087/122/445 2088/123/446 2086/66/444 
f 2087/122/445 2089/124/487 2090/125/488 2088/123/446 
f 2089/124/487 2091/126/449 2092/127/450 2090/125/488 
f 2091/126/449 2093/128/451 2094/129/452 2092/127/450 
f 2093/128/451 2095/130/453 2096/131/454 2094/129/452 
f 2095/130/453 2097/132/489 2098/133/490 2096/131/454 
f 2097/132/489 2099/134/457 2100/135/458 2098/133/490 
f 2099/134/457 2101/61/459 2102/65/460 2100/135/458 
f 2101/61/459 2103/136/461 2104/137/462 2102/65/460 
f 2103/136/461 2105/138/463 2106/139/464 2104/137/462 
f 2105/138/463 2107/140/465 2108/141/466 2106/139/464 
f 2107/140/465 2109/142/467 2110/143/468 2108/141/466 
f 2109/142/467 2111/144/469 2112/145/470 2110/143/468 
f 2111/144/469 2113/146/471 2114/147/472 2112/145/470 
f 2113/146/471 2115/148/473 2116/149/474 2114/147/472 
f 2115/148/473 2117/67/475 2118/150/476 2116/149/474 
f 2117/67/475 2119/151/477 2120/152/478 2118/150/476 
f 2119/151/477 2121/153/479 2122/154/480 2120/152/478 
f 2063/155/421 2066/156/424 2068/157/426 2070/158/428 2072/159/430 2074/160/484 2076/161/434 2078/162/436 2080/163/438 2082/164/486 2084/165/442 2086/166/444 2088/167/446 2090/168/488 2092/169/450 2094/170/452 2096/171/454 2098/172/490 2100/173/458 2102/174/460 2104/175/462 2106/176/464 2108/177/466 2110/178/468 2112/179/470 2114/180/472 2116/181/474 2118/182/476 2120/183/478 2122/184/480 2123/185/481 2064/186/422 
f 2121/153/479 2124/187/482 2123/188/481 2122/154/480 
f 2124/187/482 2061/189/419 2064/190/422 2123/188/481 
f 2061/191/419 2124/192/482 2121/193/479 2119/194/477 2117/195/475 2115/196/473 2113/197/471 2111/198/469 2109/199/467 2107/200/465 2105/201/463 2103/202/461 2101/203/459 2099/204/457 2097/205/489 2095/206/453 2093/207/451 2091/208/449 2089/209/487 2087/210/445 2085/211/443 2083/212/441 2081/213/485 2079/214/437 2077/215/435 2075/216/433 2073/217/483 2071/218/429 2069/219/427 2067/220/425 2065/221/423 2062/222/420 
f 2125/99/419 2126/100/420 2127/101/421 2128/102/422 
f 2126/100/420 2129/103/491 2130/104/492 2127/101/421 
f 2129/103/491 2131/105/425 2132/106/426 2130/104/492 
f 2131/105/425 2133/70/427 2134/107/428 2132/106/426 
f 2133/70/427 2135/108/429 2136/109/430 2134/107/428 
f 2135/108/429 2137/110/431 2138/111/432 2136/109/430 
f 2137/110/431 2139/112/433 2140/113/434 2138/111/432 
f 2139/112/433 2141/114/435 2142/115/436 2140/113/434 
f 2141/114/435 2143/116/437 2144/117/438 2142/115/436 
f 2143/116/437 2145/118/439 2146/119/440 2144/117/438 
f 2145/118/439 2147/120/441 2148/121/442 2146/119/440 
f 2147/120/441 2149/62/443 2150/66/444 2148/121/442 
f 2149/62/443 2151/122/445 2152/123/446 2150/66/444 
f 2151/122/445 2153/124/447 2154/125/448 2152/123/446 
f 2153/124/447 2155/126/449 2156/127/450 2154/125/448 
f 2155/126/449 2157/128/451 2158/129/452 2156/127/450 
f 2157/128/451 2159/130/453 2160/131/454 2158/129/452 
f 2159/130/453 2161/132/489 2162/133/490 2160/131/454 
f 2161/132/489 2163/134/457 2164/135/458 2162/133/490 
f 2163/134/457 2165/61/459 2166/65/460 2164/135/458 
f 2165/61/459 2167/136/461 2168/137/462 2166/65/460 
f 2167/136/461 2169/138/493 2170/139/494 2168/137/462 
f 2169/138/493 2171/140/465 2172/141/466 2170/139/494 
f 2171/140/465 2173/142/467 2174/143/468 2172/141/466 
f 2173/142/467 2175/144/469 2176/145/470 2174/143/468 
f 2175/144/469 2177/146/495 2178/147/496 2176/145/470 
f 2177/146/495 2179/148/473 2180/149/474 2178/147/496 
f 2179/148/473 2181/67/475 2182/150/476 2180/149/474 
f 2181/67/475 2183/151/477 2184/152/478 2182/150/476 
f 2183/151/477 2185/153/479 2186/154/480 2184/152/478 
f 2127/155/421 2130/156/492 2132/157/426 2134/158/428 2136/159/430 2138/160/432 2140/161/434 2142/162/436 2144/163/438 2146/164/440 2148/165/442 2150/166/444 2152/167/446 2154/168/448 2156/169/450 2158/170/452 2160/171/454 2162/172/490 2164/173/458 2166/174/460 2168/175/462 2170/176/494 2172/177/466 2174/178/468 2176/179/470 2178/180/496 2180/181/474 2182/182/476 2184/183/478 2186/184/480 2187/185/481 2128/186/422 
f 2185/153/479 2188/187/482 2187/188/481 2186/154/480 
f 2188/187/482 2125/189/419 2128/190/422 2187/188/481 
f 2125/191/419 2188/192/482 2185/193/479 2183/194/477 2181/195/475 2179/196/473 2177/197/495 2175/198/469 2173/199/467 2171/200/465 2169/201/493 2167/202/461 2165/203/459 2163/204/457 2161/205/489 2159/206/453 2157/207/451 2155/208/449 2153/209/447 2151/210/445 2149/211/443 2147/212/441 2145/213/439 2143/214/437 2141/215/435 2139/216/433 2137/217/431 2135/218/429 2133/219/427 2131/220/425 2129/221/491 2126/222/420 
f 2189/99/497 2190/100/420 2191/101/421 2192/102/498 
f 2190/100/420 2193/103/423 2194/104/424 2191/101/421 
f 2193/103/423 2195/105/425 2196/106/426 2194/104/424 
f 2195/105/425 2197/70/427 2198/107/428 2196/106/426 
f 2197/70/427 2199/108/429 2200/109/430 2198/107/428 
f 2199/108/429 2201/110/431 2202/111/432 2200/109/430 
f 2201/110/431 2203/112/433 2204/113/434 2202/111/432 
f 2203/112/433 2205/114/435 2206/115/436 2204/113/434 
f 2205/114/435 2207/116/437 2208/117/438 2206/115/436 
f 2207/116/437 2209/118/439 2210/119/440 2208/117/438 
f 2209/118/439 2211/120/441 2212/121/442 2210/119/440 
f 2211/120/441 2213/62/443 2214/66/444 2212/121/442 
f 2213/62/443 2215/122/445 2216/123/446 2214/66/444 
f 2215/122/445 2217/124/487 2218/125/488 2216/123/446 
f 2217/124/487 2219/126/449 2220/127/450 2218/125/488 
f 2219/126/449 2221/128/451 2222/129/452 2220/127/450 
f 2221/128/451 2223/130/453 2224/131/454 2222/129/452 
f 2223/130/453 2225/132/489 2226/133/456 2224/131/454 
f 2225/132/489 2227/134/457 2228/135/458 2226/133/456 
f 2227/134/457 2229/61/459 2230/65/460 2228/135/458 
f 2229/61/459 2231/136/461 2232/137/462 2230/65/460 
f 2231/136/461 2233/138/463 2234/139/464 2232/137/462 
f 2233/138/463 2235/140/465 2236/141/466 2234/139/464 
f 2235/140/465 2237/142/467 2238/143/468 2236/141/466 
f 2237/142/467 2239/144/469 2240/145/470 2238/143/468 
f 2239/144/469 2241/146/471 2242/147/472 2240/145/470 
f 2241/146/471 2243/148/473 2244/149/474 2242/147/472 
f 2243/148/473 2245/67/475 2246/150/476 2244/149/474 
f 2245/67/475 2247/151/477 2248/152/478 2246/150/476 
f 2247/151/477 2249/153/499 2250/154/500 2248/152/478 
f 2191/155/421 2194/156/424 2196/157/426 2198/158/428 2200/159/430 2202/160/432 2204/161/434 2206/162/436 2208/163/438 2210/164/440 2212/165/442 2214/166/444 2216/167/446 2218/168/488 2220/169/450 2222/170/452 2224/171/454 2226/172/456 2228/173/458 2230/174/460 2232/175/462 2234/176/464 2236/177/466 2238/178/468 2240/179/470 2242/180/472 2244/181/474 2246/182/476 2248/183/478 2250/184/500 2251/185/481 2192/186/498 
f 2249/153/499 2252/187/482 2251/188/481 2250/154/500 
f 2252/187/482 2189/189/497 2192/190/498 2251/188/481 
f 2189/191/497 2252/192/482 2249/193/499 2247/194/477 2245/195/475 2243/196/473 2241/197/471 2239/198/469 2237/199/467 2235/200/465 2233/201/463 2231/202/461 2229/203/459 2227/204/457 2225/205/489 2223/206/453 2221/207/451 2219/208/449 2217/209/487 2215/210/445 2213/211/443 2211/212/441 2209/213/439 2207/214/437 2205/215/435 2203/216/433 2201/217/431 2199/218/429 2197/219/427 2195/220/425 2193/221/423 2190/222/420 
f 2253/57/501 2254/58/502 2255/59/503 2256/60/504 
f 2254/58/502 2257/61/505 2258/62/506 2255/59/503 
f 2257/61/505 2259/63/507 2260/64/508 2258/62/506 
f 2259/63/507 2253/65/501 2256/66/504 2260/64/508 
f 2254/67/502 2253/68/501 2259/63/507 2257/61/505 
f 2258/62/506 2260/64/508 2256/69/504 2255/70/503 
f 2261/57/509 2262/58/510 2263/59/511 2264/60/512 
f 2262/58/510 2265/61/513 2266/62/514 2263/59/511 
f 2265/61/513 2267/63/515 2268/64/516 2266/62/514 
f 2267/63/515 2261/65/509 2264/66/512 2268/64/516 
f 2262/67/510 2261/68/509 2267/63/515 2265/61/513 
f 2266/62/514 2268/64/516 2264/69/512 2263/70/511 
f 2269/57/517 2270/58/518 2271/59/519 2272/60/520 
f 2270/58/518 2273/61/521 2274/62/522 2271/59/519 
f 2273/61/521 2275/63/523 2276/64/524 2274/62/522 
f 2275/63/523 2269/65/517 2272/66/520 2276/64/524 
f 2270/67/518 2269/68/517 2275/63/523 2273/61/521 
f 2274/62/522 2276/64/524 2272/69/520 2271/70/519 
f 1865/3/347 1864/2/346 1427/2/125 1426/3/124 
f 1851/30/333 1858/55/340 1502/55/200 1469/30/167 
f 1867/16/349 1789/41/320 1486/41/184 1448/16/146 
f 1860/14/342 1872/27/354 1465/27/163 1444/14/142 
f 1858/55/340 1857/53/339 1501/53/199 1502/55/200 
f 1857/53/339 1856/51/338 1498/51/196 1501/53/199 
f 1856/51/338 1855/49/337 1495/49/193 1498/51/196 
f 1855/49/337 1854/47/336 1492/47/190 1495/49/193 
f 1854/47/336 1852/45/334 1489/45/187 1492/47/190 
f 1852/45/334 1853/44/335 1425/44/123 1489/45/187 
f 1789/41/320 1790/39/321 1481/39/179 1486/41/184 
f 1790/39/321 1847/37/329 1478/37/176 1481/39/179 
f 1847/37/329 1848/35/330 1475/35/173 1478/37/176 
f 1848/35/330 1849/33/331 1472/33/170 1475/35/173 
f 1849/33/331 1850/31/332 1468/31/166 1472/33/170 
f 1850/31/332 1851/30/333 1469/30/167 1468/31/166 
f 1872/27/354 1871/25/353 1460/25/158 1465/27/163 
f 1871/25/353 1870/23/352 1457/23/155 1460/25/158 
f 1870/23/352 1869/21/351 1454/21/152 1457/23/155 
f 1869/21/351 1868/19/350 1451/19/149 1454/21/152 
f 1868/19/350 1866/17/348 1447/17/145 1451/19/149 
f 1866/17/348 1867/16/349 1448/16/146 1447/17/145 
f 1859/12/341 1860/14/342 1444/14/142 1439/12/137 
f 1861/10/343 1859/12/341 1439/12/137 1436/10/526 
f 1862/8/344 1861/10/343 1436/10/526 1433/8/131 
f 1863/6/345 1862/8/344 1433/8/131 1428/6/126 
f 1864/2/346 1863/6/345 1428/6/126 1427/2/125 
f 1853/44/335 1865/3/347 1426/3/124 1425/44/123 
f 1505/4/203 1485/43/183 2277/251/93 2278/252/93 
f 1500/56/198 1464/29/162 2279/253/96 2280/254/93 
f 1480/42/178 1443/15/141 2281/255/96 2282/256/96 
f 1459/28/157 1438/13/527 2283/257/93 2284/258/93 
f 1497/54/195 1500/56/198 2280/254/93 2285/259/96 
f 1494/52/192 1497/54/195 2285/259/96 2286/260/96 
f 1491/50/189 1494/52/192 2286/260/96 2287/261/93 
f 1488/48/186 1491/50/189 2287/261/93 2288/262/93 
f 1484/46/182 1488/48/186 2288/262/93 2289/263/93 
f 1485/43/183 1484/46/182 2289/263/93 2277/251/93 
f 1477/40/175 1480/42/178 2282/256/96 2290/264/96 
f 1474/38/172 1477/40/175 2290/264/96 2291/265/96 
f 1471/36/169 1474/38/172 2291/265/96 2292/266/96 
f 1467/34/165 1471/36/169 2292/266/96 2293/267/96 
f 1463/32/161 1467/34/165 2293/267/96 2294/268/96 
f 1464/29/162 1463/32/161 2294/268/96 2279/253/96 
f 1456/26/154 1459/28/157 2284/258/93 2295/269/93 
f 1453/24/151 1456/26/154 2295/269/93 2296/270/93 
f 1450/22/148 1453/24/151 2296/270/93 2297/271/96 
f 1446/20/144 1450/22/148 2297/271/96 2298/272/96 
f 1442/18/140 1446/20/144 2298/272/96 2299/273/96 
f 1443/15/141 1442/18/140 2299/273/96 2281/255/96 
f 1438/13/527 1435/11/133 2300/274/96 2283/257/93 
f 1435/11/133 1432/9/130 2301/275/96 2300/274/96 
f 1432/9/130 1431/7/129 2302/276/96 2301/275/96 
f 1431/7/129 1508/5/206 2303/277/96 2302/276/96 
f 1508/5/206 1506/1/204 2304/278/93 2303/277/96 
f 1506/1/204 1505/4/203 2278/252/93 2304/278/93 
f 2278/252/93 2277/251/93 1411/92/93 1370/72/93 
f 2280/254/93 2279/253/96 1397/85/93 1423/98/96 
f 2282/256/96 2281/255/96 1383/78/96 1409/91/96 
f 2284/258/93 2283/257/93 1381/77/96 1395/84/93 
f 2285/259/96 2280/254/93 1423/98/96 1421/97/96 
f 2286/260/96 2285/259/96 1421/97/96 1419/96/96 
f 2287/261/93 2286/260/96 1419/96/96 1417/95/93 
f 2288/262/93 2287/261/93 1417/95/93 1415/94/93 
f 2289/263/93 2288/262/93 1415/94/93 1412/93/93 
f 2277/251/93 2289/263/93 1412/93/93 1411/92/93 
f 2290/264/96 2282/256/96 1409/91/96 1407/90/96 
f 2291/265/96 2290/264/96 1407/90/96 1405/89/93 
f 2292/266/96 2291/265/96 1405/89/93 1403/88/93 
f 2293/267/96 2292/266/96 1403/88/93 1401/87/93 
f 2294/268/96 2293/267/96 1401/87/93 1398/86/93 
f 2279/253/96 2294/268/96 1398/86/93 1397/85/93 
f 2295/269/93 2284/258/93 1395/84/93 1393/83/93 
f 2296/270/93 2295/269/93 1393/83/93 1391/82/96 
f 2297/271/96 2296/270/93 1391/82/96 1389/81/96 
f 2298/272/96 2297/271/96 1389/81/96 1387/80/96 
f 2299/273/96 2298/272/96 1387/80/96 1384/79/96 
f 2281/255/96 2299/273/96 1384/79/96 1383/78/96 
f 2283/257/93 2300/274/96 1379/76/93 1381/77/96 
f 2300/274/96 2301/275/96 1377/75/93 1379/76/93 
f 2301/275/96 2302/276/96 1375/74/96 1377/75/93 
f 2302/276/96 2303/277/96 1373/73/96 1375/74/96 
f 2303/277/96 2304/278/93 1369/71/96 1373/73/96 
f 2304/278/93 2278/252/93 1370/72/93 1369/71/96 
f 2305/3/58 2306/2/59 1939/2/59 1938/3/58 
f 2307/30/66 2308/55/79 1992/55/79 1969/30/66 
f 2309/16/72 2310/41/84 1980/41/84 1954/16/72 
f 2311/14/69 2312/27/81 1965/27/81 1950/14/69 
f 2308/55/79 2313/53/77 1991/53/77 1992/55/79 
f 2313/53/77 2314/51/75 1989/51/75 1991/53/77 
f 2314/51/75 2315/49/73 1987/49/73 1989/51/75 
f 2315/49/73 2316/47/70 1984/47/70 1987/49/73 
f 2316/47/70 2317/45/68 1982/45/68 1984/47/70 
f 2317/45/68 2318/44/57 1937/44/57 1982/45/68 
f 2310/41/84 2319/39/83 1977/39/83 1980/41/84 
f 2319/39/83 2320/37/82 1975/37/82 1977/39/83 
f 2320/37/82 2321/35/61 1973/35/61 1975/37/82 
f 2321/35/61 2322/33/62 1971/33/62 1973/35/61 
f 2322/33/62 2323/31/64 1968/31/64 1971/33/62 
f 2323/31/64 2307/30/66 1969/30/66 1968/31/64 
f 2312/27/81 2324/25/80 1962/25/80 1965/27/81 
f 2324/25/80 2325/23/78 1960/23/78 1962/25/80 
f 2325/23/78 2326/21/76 1958/21/76 1960/23/78 
f 2326/21/76 2327/19/74 1956/19/74 1958/21/76 
f 2327/19/74 2328/17/71 1953/17/71 1956/19/74 
f 2328/17/71 2309/16/72 1954/16/72 1953/17/71 
f 2329/12/67 2311/14/69 1950/14/69 1947/12/67 
f 2330/10/65 2329/12/67 1947/12/67 1945/10/65 
f 2331/8/63 2330/10/65 1945/10/65 1943/8/63 
f 2332/6/60 2331/8/63 1943/8/63 1940/6/60 
f 2306/2/59 2332/6/60 1940/6/60 1939/2/59 
f 2318/44/57 2305/3/58 1938/3/58 1937/44/57 
f 60/44/57 59/3/58 2305/3/58 2318/44/57 
f 64/2/59 63/6/60 2332/6/60 2306/2/59 
f 63/6/60 68/8/63 2331/8/63 2332/6/60 
f 68/8/63 2333/10/65 2330/10/65 2331/8/63 
f 2333/10/65 74/12/67 2329/12/67 2330/10/65 
f 74/12/67 78/14/69 2311/14/69 2329/12/67 
f 83/17/71 82/16/72 2309/16/72 2328/17/71 
f 86/19/74 83/17/71 2328/17/71 2327/19/74 
f 89/21/76 86/19/74 2327/19/74 2326/21/76 
f 2334/23/78 89/21/76 2326/21/76 2325/23/78 
f 95/25/80 2334/23/78 2325/23/78 2324/25/80 
f 99/27/81 95/25/80 2324/25/80 2312/27/81 
f 104/31/64 103/30/66 2307/30/66 2323/31/64 
f 107/33/62 104/31/64 2323/31/64 2322/33/62 
f 110/35/61 107/33/62 2322/33/62 2321/35/61 
f 113/37/82 110/35/61 2321/35/61 2320/37/82 
f 116/39/83 113/37/82 2320/37/82 2319/39/83 
f 120/41/84 116/39/83 2319/39/83 2310/41/84 
f 123/45/68 60/44/57 2318/44/57 2317/45/68 
f 126/47/70 123/45/68 2317/45/68 2316/47/70 
f 129/49/73 126/47/70 2316/47/70 2315/49/73 
f 132/51/75 129/49/73 2315/49/73 2314/51/75 
f 135/53/77 132/51/75 2314/51/75 2313/53/77 
f 137/55/79 135/53/77 2313/53/77 2308/55/79 
f 78/14/69 99/27/81 2312/27/81 2311/14/69 
f 82/16/72 120/41/84 2310/41/84 2309/16/72 
f 103/30/66 137/55/79 2308/55/79 2307/30/66 
f 59/3/58 64/2/59 2306/2/59 2305/3/58 
f 2335/279/96 2336/280/93 1923/244/93 1882/224/96 
f 2337/281/96 2338/282/93 1909/237/96 1935/250/96 
f 2339/283/96 2340/284/93 1895/230/96 1921/243/93 
f 2341/285/93 2342/286/96 1893/229/93 1907/236/93 
f 2343/287/96 2337/281/96 1935/250/96 1933/249/96 
f 2344/288/96 2343/287/96 1933/249/96 1931/248/96 
f 2345/289/96 2344/288/96 1931/248/96 1929/247/96 
f 2346/290/96 2345/289/96 1929/247/96 1927/246/96 
f 2347/291/96 2346/290/96 1927/246/96 1924/245/96 
f 2336/280/93 2347/291/96 1924/245/96 1923/244/93 
f 2348/292/96 2339/283/96 1921/243/93 1919/242/96 
f 2349/293/96 2348/292/96 1919/242/96 1917/241/96 
f 2350/294/93 2349/293/96 1917/241/96 1915/240/93 
f 2351/295/96 2350/294/93 1915/240/93 1913/239/96 
f 2352/296/93 2351/295/96 1913/239/96 1910/238/93 
f 2338/282/93 2352/296/93 1910/238/93 1909/237/96 
f 2353/297/93 2341/285/93 1907/236/93 1905/235/96 
f 2354/298/96 2353/297/93 1905/235/96 1903/234/96 
f 2355/299/96 2354/298/96 1903/234/96 1901/233/93 
f 2356/300/96 2355/299/96 1901/233/93 1899/232/93 
f 2357/301/93 2356/300/96 1899/232/93 1896/231/96 
f 2340/284/93 2357/301/93 1896/231/96 1895/230/96 
f 2342/286/96 2358/302/96 1891/228/96 1893/229/93 
f 2358/302/96 2359/303/96 1889/227/96 1891/228/96 
f 2359/303/96 2360/304/96 1887/226/96 1889/227/96 
f 2360/304/96 2361/305/93 1885/225/93 1887/226/96 
f 2361/305/93 2362/306/93 1881/223/96 1885/225/93 
f 2362/306/93 2335/279/96 1882/224/96 1881/223/96 
f 1994/1/417 1993/4/416 2335/279/96 2362/306/93 
f 1996/5/418 1994/1/417 2362/306/93 2361/305/93 
f 1941/7/391 1996/5/418 2361/305/93 2360/304/96 
f 1942/9/392 1941/7/391 2360/304/96 2359/303/96 
f 1944/11/393 1942/9/392 2359/303/96 2358/302/96 
f 1946/13/394 1944/11/393 2358/302/96 2342/286/96 
f 1949/15/396 1948/18/395 2357/301/93 2340/284/93 
f 1948/18/395 1952/20/530 2356/300/96 2357/301/93 
f 1952/20/530 1955/22/398 2355/299/96 2356/300/96 
f 1955/22/398 1957/24/399 2354/298/96 2355/299/96 
f 1957/24/399 1959/26/400 2353/297/93 2354/298/96 
f 1959/26/400 1961/28/401 2341/285/93 2353/297/93 
f 1964/29/403 1963/32/402 2352/296/93 2338/282/93 
f 1963/32/402 1967/34/404 2351/295/96 2352/296/93 
f 1967/34/404 1970/36/405 2350/294/93 2351/295/96 
f 1970/36/405 1972/38/406 2349/293/96 2350/294/93 
f 1972/38/406 1974/40/407 2348/292/96 2349/293/96 
f 1974/40/407 1976/42/408 2339/283/96 2348/292/96 
f 1979/43/410 1978/46/409 2347/291/96 2336/280/93 
f 1978/46/409 1981/48/411 2346/290/96 2347/291/96 
f 1981/48/411 1983/50/412 2345/289/96 2346/290/96 
f 1983/50/412 1986/52/413 2344/288/96 2345/289/96 
f 1986/52/413 1988/54/414 2343/287/96 2344/288/96 
f 1988/54/414 1990/56/415 2337/281/96 2343/287/96 
f 1961/28/401 1946/13/394 2342/286/96 2341/285/93 
f 1976/42/408 1949/15/396 2340/284/93 2339/283/96 
f 1990/56/415 1964/29/403 2338/282/93 2337/281/96 
f 1993/4/416 1979/43/410 2336/280/93 2335/279/96 
f 2363/3/58 2364/2/59 1281/2/59 1278/3/58 
f 2365/30/66 2366/55/79 1356/55/79 1322/30/66 
f 2367/16/72 2368/41/84 1339/41/84 1301/16/72 
f 2369/14/69 2370/27/81 1318/27/81 1297/14/69 
f 2366/55/79 2371/53/77 1354/53/77 1356/55/79 
f 2371/53/77 2372/51/75 1351/51/75 1354/53/77 
f 2372/51/75 2373/49/73 1348/49/73 1351/51/75 
f 2373/49/73 2374/47/70 1345/47/70 1348/49/73 
f 2374/47/70 2375/45/68 1342/45/68 1345/47/70 
f 2375/45/68 2376/44/57 1277/44/57 1342/45/68 
f 2368/41/84 2377/39/83 1335/39/83 1339/41/84 
f 2377/39/83 2378/37/82 1332/37/82 1335/39/83 
f 2378/37/82 2379/35/61 1329/35/61 1332/37/82 
f 2379/35/61 2380/33/62 1326/33/62 1329/35/61 
f 2380/33/62 2381/31/64 1321/31/64 1326/33/62 
f 2381/31/64 2365/30/66 1322/30/66 1321/31/64 
f 2370/27/81 2382/25/80 1314/25/80 1318/27/81 
f 2382/25/80 2383/23/78 1311/23/78 1314/25/80 
f 2383/23/78 2384/21/76 1308/21/76 1311/23/78 
f 2384/21/76 2385/19/74 1305/19/74 1308/21/76 
f 2385/19/74 2386/17/71 1300/17/71 1305/19/74 
f 2386/17/71 2367/16/72 1301/16/72 1300/17/71 
f 2387/12/67 2369/14/69 1297/14/69 1293/12/67 
f 2388/10/65 2387/12/67 1293/12/67 1290/10/65 
f 2389/8/63 2388/10/65 1290/10/65 1287/8/63 
f 2390/6/60 2389/8/63 1287/8/63 1282/6/60 
f 2364/2/59 2390/6/60 1282/6/60 1281/2/59 
f 2376/44/57 2363/3/58 1278/3/58 1277/44/57 
f 1264/44/44 1223/3/3 2363/3/58 2376/44/57 
f 1222/2/2 1226/6/6 2390/6/60 2364/2/59 
f 1226/6/6 1228/8/8 2389/8/63 2390/6/60 
f 1228/8/8 1230/10/10 2388/10/65 2389/8/63 
f 1230/10/10 1232/12/12 2387/12/67 2388/10/65 
f 1232/12/12 1234/14/14 2369/14/69 2387/12/67 
f 1237/17/17 1236/16/16 2367/16/72 2386/17/71 
f 1239/19/19 1237/17/17 2386/17/71 2385/19/74 
f 1241/21/21 1239/19/19 2385/19/74 2384/21/76 
f 1243/23/23 1241/21/21 2384/21/76 2383/23/78 
f 1245/25/25 1243/23/23 2383/23/78 2382/25/80 
f 1247/27/27 1245/25/25 2382/25/80 2370/27/81 
f 1251/31/31 1250/30/30 2365/30/66 2381/31/64 
f 1253/33/33 1251/31/31 2381/31/64 2380/33/62 
f 1255/35/35 1253/33/33 2380/33/62 2379/35/61 
f 1257/37/37 1255/35/35 2379/35/61 2378/37/82 
f 1259/39/39 1257/37/37 2378/37/82 2377/39/83 
f 1261/41/41 1259/39/39 2377/39/83 2368/41/84 
f 1265/45/45 1264/44/44 2376/44/57 2375/45/68 
f 1267/47/47 1265/45/45 2375/45/68 2374/47/70 
f 1269/49/49 1267/47/47 2374/47/70 2373/49/73 
f 1271/51/51 1269/49/49 2373/49/73 2372/51/75 
f 1273/53/53 1271/51/51 2372/51/75 2371/53/77 
f 1275/55/55 1273/53/53 2371/53/77 2366/55/79 
f 1234/14/14 1247/27/27 2370/27/81 2369/14/69 
f 1236/16/16 1261/41/41 2368/41/84 2367/16/72 
f 1250/30/30 1275/55/55 2366/55/79 2365/30/66 
f 1223/3/3 1222/2/2 2364/2/59 2363/3/58 
f 2391/1/1 2392/2/2 2393/3/3 2394/4/4 
f 2395/5/5 2396/6/6 2392/2/2 2391/1/1 
f 2397/7/7 2398/8/8 2396/6/6 2395/5/5 
f 2399/9/9 2400/10/10 2398/8/8 2397/7/7 
f 2401/11/11 2402/12/12 2400/10/10 2399/9/9 
f 2403/13/13 2404/14/14 2402/12/12 2401/11/11 
f 2405/15/15 2406/16/16 2407/17/17 2408/18/18 
f 2408/18/18 2407/17/17 2409/19/19 2410/20/20 
f 2410/20/20 2409/19/19 2411/21/21 2412/22/22 
f 2412/22/22 2411/21/21 2413/23/23 2414/24/24 
f 2414/24/24 2413/23/23 2415/25/25 2416/26/26 
f 2416/26/26 2415/25/25 2417/27/27 2418/28/28 
f 2419/29/29 2420/30/30 2421/31/31 2422/32/32 
f 2422/32/32 2421/31/31 2423/33/33 2424/34/34 
f 2424/34/34 2423/33/33 2425/35/35 2426/36/36 
f 2426/36/36 2425/35/35 2427/37/37 2428/38/38 
f 2428/38/38 2427/37/37 2429/39/39 2430/40/40 
f 2430/40/40 2429/39/39 2431/41/41 2432/42/42 
f 2433/43/43 2434/44/44 2435/45/45 2436/46/46 
f 2436/46/46 2435/45/45 2437/47/47 2438/48/48 
f 2438/48/48 2437/47/47 2439/49/49 2440/50/50 
f 2440/50/50 2439/49/49 2441/51/51 2442/52/52 
f 2442/52/52 2441/51/51 2443/53/53 2444/54/54 
f 2444/54/54 2443/53/53 2445/55/55 2446/56/56 
f 2418/28/28 2417/27/27 2404/14/14 2403/13/13 
f 2432/42/42 2431/41/41 2406/16/16 2405/15/15 
f 2446/56/56 2445/55/55 2420/30/30 2419/29/29 
f 2394/4/4 2393/3/3 2434/44/44 2433/43/43 
f 2447/44/57 2448/3/58 2449/3/58 2450/44/57 
f 2451/2/59 2452/6/60 2453/6/60 2454/2/59 
f 2399/9/9 2397/7/7 2455/7/61 2456/9/62 
f 2452/6/60 2457/8/63 2458/8/63 2453/6/60 
f 2401/11/11 2399/9/9 2456/9/62 2459/11/64 
f 2457/8/63 2460/10/65 2461/10/65 2458/8/63 
f 2403/13/13 2401/11/11 2459/11/64 2462/13/66 
f 2460/10/65 2463/12/67 2464/12/67 2461/10/65 
f 2405/15/15 2408/18/18 2465/18/68 2466/15/57 
f 2463/12/67 2467/14/69 2468/14/69 2464/12/67 
f 2408/18/18 2410/20/20 2469/20/70 2465/18/68 
f 2470/17/71 2471/16/72 2472/16/72 2473/17/71 
f 2410/20/20 2412/22/22 2474/22/73 2469/20/70 
f 2475/19/74 2470/17/71 2473/17/71 2476/19/74 
f 2412/22/22 2414/24/24 2477/24/75 2474/22/73 
f 2478/21/76 2475/19/74 2476/19/74 2479/21/76 
f 2414/24/24 2416/26/26 2480/26/77 2477/24/75 
f 2481/23/78 2478/21/76 2479/21/76 2482/23/78 
f 2416/26/26 2418/28/28 2483/28/79 2480/26/77 
f 2484/25/80 2481/23/78 2482/23/78 2485/25/80 
f 2419/29/29 2422/32/32 2486/32/67 2487/29/69 
f 2488/27/81 2484/25/80 2485/25/80 2489/27/81 
f 2422/32/32 2424/34/34 2490/34/65 2486/32/67 
f 2491/31/64 2492/30/66 2493/30/66 2494/31/64 
f 2424/34/34 2426/36/36 2495/36/63 2490/34/65 
f 2496/33/62 2491/31/64 2494/31/64 2497/33/62 
f 2426/36/36 2428/38/38 2498/38/60 2495/36/63 
f 2499/35/61 2496/33/62 2497/33/62 2500/35/61 
f 2428/38/38 2430/40/40 2501/40/59 2498/38/60 
f 2502/37/82 2499/35/61 2500/35/61 2503/37/82 
f 2430/40/40 2432/42/42 2504/42/58 2501/40/59 
f 2505/39/83 2502/37/82 2503/37/82 2506/39/83 
f 2433/43/43 2436/46/46 2507/46/71 2508/43/72 
f 2509/41/84 2505/39/83 2506/39/83 2510/41/84 
f 2436/46/46 2438/48/48 2511/48/74 2507/46/71 
f 2512/45/68 2447/44/57 2450/44/57 2513/45/68 
f 2438/48/48 2440/50/50 2514/50/76 2511/48/74 
f 2515/47/70 2512/45/68 2513/45/68 2516/47/70 
f 2440/50/50 2442/52/52 2517/52/78 2514/50/76 
f 2518/49/73 2515/47/70 2516/47/70 2519/49/73 
f 2442/52/52 2444/54/54 2520/54/80 2517/52/78 
f 2521/51/75 2518/49/73 2519/49/73 2522/51/75 
f 2444/54/54 2446/56/56 2523/56/81 2520/54/80 
f 2524/53/77 2521/51/75 2522/51/75 2525/53/77 
f 2418/28/28 2403/13/13 2462/13/66 2483/28/79 
f 2526/55/79 2524/53/77 2525/53/77 2527/55/79 
f 2432/42/42 2405/15/15 2466/15/57 2504/42/58 
f 2467/14/69 2488/27/81 2489/27/81 2468/14/69 
f 2446/56/56 2419/29/29 2487/29/69 2523/56/81 
f 2391/1/1 2394/4/4 2528/4/84 2529/1/83 
f 2471/16/72 2509/41/84 2510/41/84 2472/16/72 
f 2394/4/4 2433/43/43 2508/43/72 2528/4/84 
f 2395/5/5 2391/1/1 2529/1/83 2530/5/82 
f 2492/30/66 2526/55/79 2527/55/79 2493/30/66 
f 2448/3/58 2451/2/59 2454/2/59 2449/3/58 
f 2397/7/7 2395/5/5 2530/5/82 2455/7/61 
f 2531/57/85 2532/58/86 2533/59/87 2534/60/88 
f 2532/58/86 2535/61/89 2536/62/90 2533/59/87 
f 2535/61/89 2537/63/91 2538/64/92 2536/62/90 
f 2537/63/91 2531/65/85 2534/66/88 2538/64/92 
f 2532/67/86 2531/68/85 2537/63/91 2535/61/89 
f 2536/62/90 2538/64/92 2534/69/88 2533/70/87 
f 2539/71/96 2540/72/96 2541/3/94 2542/2/531 
f 2543/73/96 2539/71/96 2542/2/531 2544/6/97 
f 2545/74/96 2543/73/96 2544/6/97 2546/8/98 
f 2547/75/93 2545/74/96 2546/8/98 2548/10/99 
f 2549/76/96 2547/75/93 2548/10/99 2550/12/100 
f 2551/77/96 2549/76/96 2550/12/100 2552/14/101 
f 2553/78/96 2554/79/93 2555/17/102 2556/16/103 
f 2554/79/93 2557/80/96 2558/19/104 2555/17/102 
f 2557/80/96 2559/81/93 2560/21/105 2558/19/104 
f 2559/81/93 2561/82/93 2562/23/106 2560/21/105 
f 2561/82/93 2563/83/93 2564/25/107 2562/23/106 
f 2563/83/93 2565/84/93 2566/27/108 2564/25/107 
f 2567/85/93 2568/86/93 2569/31/109 2570/30/532 
f 2568/86/93 2571/87/93 2572/33/111 2569/31/109 
f 2571/87/93 2573/88/93 2574/35/112 2572/33/111 
f 2573/88/93 2575/89/93 2576/37/113 2574/35/112 
f 2575/89/93 2577/90/93 2578/39/114 2576/37/113 
f 2577/90/93 2579/91/96 2580/41/115 2578/39/114 
f 2581/92/96 2582/93/96 2583/45/116 2584/44/533 
f 2582/93/96 2585/94/96 2586/47/118 2583/45/116 
f 2585/94/96 2587/95/96 2588/49/119 2586/47/118 
f 2587/95/96 2589/96/96 2590/51/120 2588/49/119 
f 2589/96/96 2591/97/93 2592/53/121 2590/51/120 
f 2591/97/93 2593/98/96 2594/55/534 2592/53/121 
f 2565/84/93 2551/77/96 2552/14/101 2566/27/108 
f 2579/91/96 2553/78/96 2556/16/103 2580/41/115 
f 2593/98/96 2567/85/93 2570/30/532 2594/55/534 
f 2540/72/96 2581/92/96 2584/44/533 2541/3/94 
f 2595/44/123 2596/3/124 2541/3/94 2584/44/533 
f 2597/2/125 2598/6/126 2544/6/97 2542/2/531 
f 2599/9/127 2600/7/128 2601/7/129 2602/9/130 
f 2598/6/126 2603/8/131 2546/8/98 2544/6/97 
f 2604/11/132 2599/9/127 2602/9/130 2605/11/133 
f 2603/8/131 2606/10/526 2548/10/99 2546/8/98 
f 2607/13/135 2604/11/132 2605/11/133 2608/13/136 
f 2606/10/526 2609/12/137 2550/12/100 2548/10/99 
f 2610/15/138 2611/18/139 2612/18/140 2613/15/141 
f 2609/12/137 2614/14/142 2552/14/101 2550/12/100 
f 2611/18/139 2615/20/143 2616/20/535 2612/18/140 
f 2617/17/145 2618/16/146 2556/16/103 2555/17/102 
f 2615/20/143 2619/22/147 2620/22/536 2616/20/535 
f 2621/19/149 2617/17/145 2555/17/102 2558/19/104 
f 2619/22/147 2622/24/537 2623/24/151 2620/22/536 
f 2624/21/152 2621/19/149 2558/19/104 2560/21/105 
f 2622/24/537 2625/26/153 2626/26/154 2623/24/151 
f 2627/23/155 2624/21/152 2560/21/105 2562/23/106 
f 2625/26/153 2628/28/156 2629/28/157 2626/26/154 
f 2630/25/158 2627/23/155 2562/23/106 2564/25/107 
f 2631/29/159 2632/32/160 2633/32/161 2634/29/162 
f 2635/27/163 2630/25/158 2564/25/107 2566/27/108 
f 2632/32/160 2636/34/164 2637/34/165 2633/32/161 
f 2638/31/166 2639/30/167 2570/30/532 2569/31/109 
f 2636/34/164 2640/36/168 2641/36/169 2637/34/165 
f 2642/33/170 2638/31/166 2569/31/109 2572/33/111 
f 2640/36/168 2643/38/171 2644/38/172 2641/36/169 
f 2645/35/173 2642/33/170 2572/33/111 2574/35/112 
f 2643/38/171 2646/40/174 2647/40/175 2644/38/172 
f 2648/37/176 2645/35/173 2574/35/112 2576/37/113 
f 2646/40/174 2649/42/177 2650/42/178 2647/40/175 
f 2651/39/179 2648/37/176 2576/37/113 2578/39/114 
f 2652/43/180 2653/46/181 2654/46/182 2655/43/183 
f 2656/41/184 2651/39/179 2578/39/114 2580/41/115 
f 2653/46/181 2657/48/185 2658/48/186 2654/46/182 
f 2659/45/187 2595/44/123 2584/44/533 2583/45/116 
f 2657/48/185 2660/50/188 2661/50/189 2658/48/186 
f 2662/47/190 2659/45/187 2583/45/116 2586/47/118 
f 2660/50/188 2663/52/191 2664/52/192 2661/50/189 
f 2665/49/538 2662/47/190 2586/47/118 2588/49/119 
f 2663/52/191 2666/54/194 2667/54/195 2664/52/192 
f 2668/51/196 2665/49/538 2588/49/119 2590/51/120 
f 2666/54/194 2669/56/197 2670/56/198 2667/54/195 
f 2671/53/199 2668/51/196 2590/51/120 2592/53/121 
f 2628/28/156 2607/13/135 2608/13/136 2629/28/157 
f 2672/55/200 2671/53/199 2592/53/121 2594/55/534 
f 2649/42/177 2610/15/138 2613/15/141 2650/42/178 
f 2614/14/142 2635/27/163 2566/27/108 2552/14/101 
f 2669/56/197 2631/29/159 2634/29/162 2670/56/198 
f 2673/1/201 2674/4/202 2675/4/203 2676/1/204 
f 2618/16/146 2656/41/184 2580/41/115 2556/16/103 
f 2674/4/202 2652/43/180 2655/43/183 2675/4/203 
f 2677/5/205 2673/1/201 2676/1/204 2678/5/206 
f 2639/30/167 2672/55/200 2594/55/534 2570/30/532 
f 2596/3/124 2597/2/125 2542/2/531 2541/3/94 
f 2600/7/128 2677/5/205 2678/5/206 2601/7/129 
f 2679/99/207 2680/100/208 2681/101/209 2682/102/210 
f 2680/100/208 2683/103/211 2684/104/212 2681/101/209 
f 2683/103/211 2685/105/213 2686/106/214 2684/104/212 
f 2685/105/213 2687/70/215 2688/107/216 2686/106/214 
f 2687/70/215 2689/108/217 2690/109/218 2688/107/216 
f 2689/108/217 2691/110/219 2692/111/220 2690/109/218 
f 2691/110/219 2693/112/221 2694/113/222 2692/111/220 
f 2693/112/221 2695/114/223 2696/115/224 2694/113/222 
f 2695/114/223 2697/116/225 2698/117/226 2696/115/224 
f 2697/116/225 2699/118/227 2700/119/228 2698/117/226 
f 2699/118/227 2701/120/229 2702/121/230 2700/119/228 
f 2701/120/229 2703/62/231 2704/66/232 2702/121/230 
f 2703/62/231 2705/122/233 2706/123/234 2704/66/232 
f 2705/122/233 2707/124/235 2708/125/236 2706/123/234 
f 2707/124/235 2709/126/275 2710/127/238 2708/125/236 
f 2709/126/275 2711/128/239 2712/129/240 2710/127/238 
f 2711/128/239 2713/130/278 2714/131/242 2712/129/240 
f 2713/130/278 2715/132/243 2716/133/244 2714/131/242 
f 2715/132/243 2717/134/245 2718/135/246 2716/133/244 
f 2717/134/245 2719/61/247 2720/65/248 2718/135/246 
f 2719/61/247 2721/136/249 2722/137/250 2720/65/248 
f 2721/136/249 2723/138/251 2724/139/252 2722/137/250 
f 2723/138/251 2725/140/253 2726/141/254 2724/139/252 
f 2725/140/253 2727/142/255 2728/143/256 2726/141/254 
f 2727/142/255 2729/144/257 2730/145/258 2728/143/256 
f 2729/144/257 2731/146/259 2732/147/260 2730/145/258 
f 2731/146/259 2733/148/261 2734/149/262 2732/147/260 
f 2733/148/261 2735/67/263 2736/150/264 2734/149/262 
f 2735/67/263 2737/151/265 2738/152/266 2736/150/264 
f 2737/151/265 2739/153/267 2740/154/268 2738/152/266 
f 2681/155/209 2684/156/212 2686/157/214 2688/158/216 2690/159/218 2692/160/220 2694/161/222 2696/162/224 2698/163/226 2700/164/228 2702/165/230 2704/166/232 2706/167/234 2708/168/236 2710/169/238 2712/170/240 2714/171/242 2716/172/244 2718/173/246 2720/174/248 2722/175/250 2724/176/252 2726/177/254 2728/178/256 2730/179/258 2732/180/260 2734/181/262 2736/182/264 2738/183/266 2740/184/268 2741/185/269 2682/186/210 
f 2739/153/267 2742/187/270 2741/188/269 2740/154/268 
f 2742/187/270 2679/189/207 2682/190/210 2741/188/269 
f 2679/191/207 2742/192/270 2739/193/267 2737/194/265 2735/195/263 2733/196/261 2731/197/259 2729/198/257 2727/199/255 2725/200/253 2723/201/251 2721/202/249 2719/203/247 2717/204/245 2715/205/243 2713/206/278 2711/207/239 2709/208/275 2707/209/235 2705/210/233 2703/211/231 2701/212/229 2699/213/227 2697/214/225 2695/215/223 2693/216/221 2691/217/219 2689/218/217 2687/219/215 2685/220/213 2683/221/211 2680/222/208 
f 2743/99/271 2744/100/208 2745/101/209 2746/102/272 
f 2744/100/208 2747/103/211 2748/104/212 2745/101/209 
f 2747/103/211 2749/105/213 2750/106/214 2748/104/212 
f 2749/105/213 2751/70/273 2752/107/216 2750/106/214 
f 2751/70/273 2753/108/217 2754/109/218 2752/107/216 
f 2753/108/217 2755/110/219 2756/111/220 2754/109/218 
f 2755/110/219 2757/112/221 2758/113/222 2756/111/220 
f 2757/112/221 2759/114/223 2760/115/224 2758/113/222 
f 2759/114/223 2761/116/225 2762/117/226 2760/115/224 
f 2761/116/225 2763/118/227 2764/119/228 2762/117/226 
f 2763/118/227 2765/120/229 2766/121/230 2764/119/228 
f 2765/120/229 2767/62/274 2768/66/232 2766/121/230 
f 2767/62/274 2769/122/233 2770/123/234 2768/66/232 
f 2769/122/233 2771/124/235 2772/125/236 2770/123/234 
f 2771/124/235 2773/126/275 2774/127/238 2772/125/236 
f 2773/126/275 2775/128/276 2776/129/277 2774/127/238 
f 2775/128/276 2777/130/278 2778/131/242 2776/129/277 
f 2777/130/278 2779/132/243 2780/133/244 2778/131/242 
f 2779/132/243 2781/134/245 2782/135/246 2780/133/244 
f 2781/134/245 2783/61/279 2784/65/280 2782/135/246 
f 2783/61/279 2785/136/249 2786/137/250 2784/65/280 
f 2785/136/249 2787/138/251 2788/139/252 2786/137/250 
f 2787/138/251 2789/140/253 2790/141/254 2788/139/252 
f 2789/140/253 2791/142/255 2792/143/256 2790/141/254 
f 2791/142/255 2793/144/257 2794/145/258 2792/143/256 
f 2793/144/257 2795/146/259 2796/147/260 2794/145/258 
f 2795/146/259 2797/148/261 2798/149/262 2796/147/260 
f 2797/148/261 2799/67/281 2800/150/264 2798/149/262 
f 2799/67/281 2801/151/265 2802/152/266 2800/150/264 
f 2801/151/265 2803/153/267 2804/154/268 2802/152/266 
f 2745/155/209 2748/156/212 2750/157/214 2752/158/216 2754/159/218 2756/160/220 2758/161/222 2760/162/224 2762/163/226 2764/164/228 2766/165/230 2768/166/232 2770/167/234 2772/168/236 2774/169/238 2776/170/277 2778/171/242 2780/172/244 2782/173/246 2784/174/280 2786/175/250 2788/176/252 2790/177/254 2792/178/256 2794/179/258 2796/180/260 2798/181/262 2800/182/264 2802/183/266 2804/184/268 2805/185/269 2746/186/272 
f 2803/153/267 2806/187/270 2805/188/269 2804/154/268 
f 2806/187/270 2743/189/271 2746/190/272 2805/188/269 
f 2743/191/271 2806/192/270 2803/193/267 2801/194/265 2799/195/281 2797/196/261 2795/197/259 2793/198/257 2791/199/255 2789/200/253 2787/201/251 2785/202/249 2783/203/279 2781/204/245 2779/205/243 2777/206/278 2775/207/276 2773/208/275 2771/209/235 2769/210/233 2767/211/274 2765/212/229 2763/213/227 2761/214/225 2759/215/223 2757/216/221 2755/217/219 2753/218/217 2751/219/273 2749/220/213 2747/221/211 2744/222/208 
f 2807/99/282 2808/100/208 2809/101/209 2810/102/272 
f 2808/100/208 2811/103/211 2812/104/212 2809/101/209 
f 2811/103/211 2813/105/213 2814/106/214 2812/104/212 
f 2813/105/213 2815/70/215 2816/107/216 2814/106/214 
f 2815/70/215 2817/108/217 2818/109/218 2816/107/216 
f 2817/108/217 2819/110/219 2820/111/220 2818/109/218 
f 2819/110/219 2821/112/221 2822/113/222 2820/111/220 
f 2821/112/221 2823/114/223 2824/115/224 2822/113/222 
f 2823/114/223 2825/116/225 2826/117/226 2824/115/224 
f 2825/116/225 2827/118/227 2828/119/228 2826/117/226 
f 2827/118/227 2829/120/229 2830/121/230 2828/119/228 
f 2829/120/229 2831/62/231 2832/66/283 2830/121/230 
f 2831/62/231 2833/122/233 2834/123/284 2832/66/283 
f 2833/122/233 2835/124/235 2836/125/236 2834/123/284 
f 2835/124/235 2837/126/275 2838/127/238 2836/125/236 
f 2837/126/275 2839/128/276 2840/129/285 2838/127/238 
f 2839/128/276 2841/130/278 2842/131/242 2840/129/285 
f 2841/130/278 2843/132/243 2844/133/244 2842/131/242 
f 2843/132/243 2845/134/245 2846/135/286 2844/133/244 
f 2845/134/245 2847/61/247 2848/65/248 2846/135/286 
f 2847/61/247 2849/136/249 2850/137/250 2848/65/248 
f 2849/136/249 2851/138/251 2852/139/252 2850/137/250 
f 2851/138/251 2853/140/253 2854/141/254 2852/139/252 
f 2853/140/253 2855/142/255 2856/143/256 2854/141/254 
f 2855/142/255 2857/144/257 2858/145/258 2856/143/256 
f 2857/144/257 2859/146/259 2860/147/260 2858/145/258 
f 2859/146/259 2861/148/261 2862/149/262 2860/147/260 
f 2861/148/261 2863/67/263 2864/150/287 2862/149/262 
f 2863/67/263 2865/151/265 2866/152/266 2864/150/287 
f 2865/151/265 2867/153/267 2868/154/268 2866/152/266 
f 2809/155/209 2812/156/212 2814/157/214 2816/158/216 2818/159/218 2820/160/220 2822/161/222 2824/162/224 2826/163/226 2828/164/228 2830/165/230 2832/166/283 2834/167/284 2836/168/236 2838/169/238 2840/170/285 2842/171/242 2844/172/244 2846/173/286 2848/174/248 2850/175/250 2852/176/252 2854/177/254 2856/178/256 2858/179/258 2860/180/260 2862/181/262 2864/182/287 2866/183/266 2868/184/268 2869/185/269 2810/186/272 
f 2867/153/267 2870/187/270 2869/188/269 2868/154/268 
f 2870/187/270 2807/189/282 2810/190/272 2869/188/269 
f 2807/191/282 2870/192/270 2867/193/267 2865/194/265 2863/195/263 2861/196/261 2859/197/259 2857/198/257 2855/199/255 2853/200/253 2851/201/251 2849/202/249 2847/203/247 2845/204/245 2843/205/243 2841/206/278 2839/207/276 2837/208/275 2835/209/235 2833/210/233 2831/211/231 2829/212/229 2827/213/227 2825/214/225 2823/215/223 2821/216/221 2819/217/219 2817/218/217 2815/219/215 2813/220/213 2811/221/211 2808/222/208 
f 2871/99/207 2872/100/288 2873/101/289 2874/102/210 
f 2872/100/288 2875/103/211 2876/104/212 2873/101/289 
f 2875/103/211 2877/105/290 2878/106/214 2876/104/212 
f 2877/105/290 2879/70/273 2880/107/216 2878/106/214 
f 2879/70/273 2881/108/217 2882/109/218 2880/107/216 
f 2881/108/217 2883/110/219 2884/111/220 2882/109/218 
f 2883/110/219 2885/112/221 2886/113/222 2884/111/220 
f 2885/112/221 2887/114/223 2888/115/224 2886/113/222 
f 2887/114/223 2889/116/225 2890/117/226 2888/115/224 
f 2889/116/225 2891/118/227 2892/119/228 2890/117/226 
f 2891/118/227 2893/120/229 2894/121/230 2892/119/228 
f 2893/120/229 2895/62/231 2896/66/291 2894/121/230 
f 2895/62/231 2897/122/233 2898/123/234 2896/66/291 
f 2897/122/233 2899/124/235 2900/125/236 2898/123/234 
f 2899/124/235 2901/126/275 2902/127/238 2900/125/236 
f 2901/126/275 2903/128/276 2904/129/277 2902/127/238 
f 2903/128/276 2905/130/278 2906/131/242 2904/129/277 
f 2905/130/278 2907/132/243 2908/133/244 2906/131/242 
f 2907/132/243 2909/134/245 2910/135/246 2908/133/244 
f 2909/134/245 2911/61/247 2912/65/292 2910/135/246 
f 2911/61/247 2913/136/249 2914/137/250 2912/65/292 
f 2913/136/249 2915/138/251 2916/139/252 2914/137/250 
f 2915/138/251 2917/140/253 2918/141/254 2916/139/252 
f 2917/140/253 2919/142/255 2920/143/256 2918/141/254 
f 2919/142/255 2921/144/257 2922/145/258 2920/143/256 
f 2921/144/257 2923/146/259 2924/147/260 2922/145/258 
f 2923/146/259 2925/148/261 2926/149/262 2924/147/260 
f 2925/148/261 2927/67/293 2928/150/264 2926/149/262 
f 2927/67/293 2929/151/294 2930/152/266 2928/150/264 
f 2929/151/294 2931/153/267 2932/154/268 2930/152/266 
f 2873/155/289 2876/156/212 2878/157/214 2880/158/216 2882/159/218 2884/160/220 2886/161/222 2888/162/224 2890/163/226 2892/164/228 2894/165/230 2896/166/291 2898/167/234 2900/168/236 2902/169/238 2904/170/277 2906/171/242 2908/172/244 2910/173/246 2912/174/292 2914/175/250 2916/176/252 2918/177/254 2920/178/256 2922/179/258 2924/180/260 2926/181/262 2928/182/264 2930/183/266 2932/184/268 2933/185/269 2874/186/210 
f 2931/153/267 2934/187/295 2933/188/269 2932/154/268 
f 2934/187/295 2871/189/207 2874/190/210 2933/188/269 
f 2871/191/207 2934/192/295 2931/193/267 2929/194/294 2927/195/293 2925/196/261 2923/197/259 2921/198/257 2919/199/255 2917/200/253 2915/201/251 2913/202/249 2911/203/247 2909/204/245 2907/205/243 2905/206/278 2903/207/276 2901/208/275 2899/209/235 2897/210/233 2895/211/231 2893/212/229 2891/213/227 2889/214/225 2887/215/223 2885/216/221 2883/217/219 2881/218/217 2879/219/273 2877/220/290 2875/221/211 2872/222/288 
f 2935/57/296 2936/58/539 2937/59/298 2938/60/299 
f 2936/58/539 2939/61/300 2940/62/301 2937/59/298 
f 2939/61/300 2941/63/302 2942/64/529 2940/62/301 
f 2941/63/302 2935/65/296 2938/66/299 2942/64/529 
f 2936/67/539 2935/68/296 2941/63/302 2939/61/300 
f 2940/62/301 2942/64/529 2938/69/299 2937/70/298 
f 2943/57/304 2944/58/305 2945/59/306 2946/60/307 
f 2944/58/305 2947/61/308 2948/62/540 2945/59/306 
f 2947/61/308 2949/63/310 2950/64/311 2948/62/540 
f 2949/63/310 2943/65/304 2946/66/307 2950/64/311 
f 2944/67/305 2943/68/304 2949/63/310 2947/61/308 
f 2948/62/540 2950/64/311 2946/69/307 2945/70/306 
f 2951/57/312 2952/58/313 2953/59/314 2954/60/315 
f 2952/58/313 2955/61/316 2956/62/317 2953/59/314 
f 2955/61/316 2957/63/318 2958/64/319 2956/62/317 
f 2957/63/318 2951/65/312 2954/66/315 2958/64/319 
f 2952/67/313 2951/68/312 2957/63/318 2955/61/316 
f 2956/62/317 2958/64/319 2954/69/315 2953/70/314 
f 2646/1/174 2649/4/177 2959/3/320 2960/2/321 
f 2961/1/26 2962/2/25 2963/3/27 2964/4/322 
f 2965/5/323 2966/6/23 2962/2/25 2961/1/26 
f 2967/7/22 2968/8/21 2966/6/23 2965/5/323 
f 2969/9/20 2970/10/19 2968/8/21 2967/7/22 
f 2971/11/18 2972/12/17 2970/10/19 2969/9/20 
f 2973/13/15 2974/14/16 2972/12/17 2971/11/18 
f 2975/15/324 2976/16/30 2977/17/31 2978/18/32 
f 2978/18/32 2977/17/31 2979/19/33 2980/20/34 
f 2980/20/34 2979/19/33 2981/21/35 2982/22/36 
f 2982/22/36 2981/21/35 2983/23/37 2984/24/38 
f 2984/24/38 2983/23/37 2985/25/39 2986/26/40 
f 2986/26/40 2985/25/39 2987/27/41 2988/28/42 
f 2989/29/43 2990/30/44 2991/31/45 2992/32/46 
f 2992/32/46 2991/31/45 2993/33/47 2994/34/48 
f 2994/34/48 2993/33/47 2995/35/49 2996/36/50 
f 2996/36/50 2995/35/49 2997/37/51 2998/38/52 
f 2998/38/52 2997/37/51 2999/39/53 3000/40/325 
f 3000/40/325 2999/39/53 3001/41/55 3002/42/326 
f 3003/43/327 3004/44/14 3005/45/12 3006/46/11 
f 3006/46/11 3005/45/12 3007/47/10 3008/48/328 
f 3008/48/328 3007/47/10 3009/49/8 3010/50/7 
f 3010/50/7 3009/49/8 3011/51/6 3012/52/5 
f 3012/52/5 3011/51/6 3013/53/2 3014/54/1 
f 3014/54/1 3013/53/2 3015/55/3 3016/56/4 
f 2988/28/42 2987/27/41 2974/14/16 2973/13/15 
f 3002/42/326 3001/41/55 2976/16/30 2975/15/324 
f 3016/56/4 3015/55/3 2990/30/44 2989/29/43 
f 2964/4/322 2963/3/27 3004/44/14 3003/43/327 
f 2643/5/171 2646/1/174 2960/2/321 3017/6/329 
f 2640/7/168 2643/5/171 3017/6/329 3018/8/330 
f 2636/9/164 2640/7/168 3018/8/330 3019/10/331 
f 2632/11/160 2636/9/164 3019/10/331 3020/12/332 
f 2631/13/159 2632/11/160 3020/12/332 3021/14/333 
f 2652/15/180 2653/18/181 3022/17/334 3023/16/335 
f 2653/18/181 2657/20/185 3024/19/336 3022/17/334 
f 2657/20/185 2660/22/188 3025/21/337 3024/19/336 
f 2660/22/188 2663/24/191 3026/23/338 3025/21/337 
f 2663/24/191 2666/26/194 3027/25/339 3026/23/338 
f 2666/26/194 2669/28/197 3028/27/340 3027/25/339 
f 2607/29/135 2604/32/132 3029/31/341 3030/30/342 
f 2604/32/132 2599/34/127 3031/33/343 3029/31/341 
f 2599/34/127 2600/36/128 3032/35/344 3031/33/343 
f 2600/36/128 2677/38/205 3033/37/345 3032/35/344 
f 2677/38/205 2673/40/201 3034/39/346 3033/37/345 
f 2673/40/201 2674/42/202 3035/41/347 3034/39/346 
f 2610/43/138 2611/46/139 3036/45/348 3037/44/349 
f 2611/46/139 2615/48/143 3038/47/350 3036/45/348 
f 2615/48/143 2619/50/147 3039/49/351 3038/47/350 
f 2619/50/147 2622/52/537 3040/51/352 3039/49/351 
f 2622/52/537 2625/54/153 3041/53/353 3040/51/352 
f 2625/54/153 2628/56/156 3042/55/354 3041/53/353 
f 2669/28/197 2631/13/159 3021/14/333 3028/27/340 
f 2674/42/202 2652/15/180 3023/16/335 3035/41/347 
f 2628/56/156 2607/29/135 3030/30/342 3042/55/354 
f 2649/4/177 2610/43/138 3037/44/349 2959/3/320 
f 3004/44/14 2963/3/27 2959/3/320 3037/44/349 
f 2962/2/25 2966/6/23 3017/6/329 2960/2/321 
f 2969/9/20 2967/7/22 2640/7/168 2636/9/164 
f 2966/6/23 2968/8/21 3018/8/330 3017/6/329 
f 2971/11/18 2969/9/20 2636/9/164 2632/11/160 
f 2968/8/21 2970/10/19 3019/10/331 3018/8/330 
f 2973/13/15 2971/11/18 2632/11/160 2631/13/159 
f 2970/10/19 2972/12/17 3020/12/332 3019/10/331 
f 2975/15/324 2978/18/32 2653/18/181 2652/15/180 
f 2972/12/17 2974/14/16 3021/14/333 3020/12/332 
f 2978/18/32 2980/20/34 2657/20/185 2653/18/181 
f 2977/17/31 2976/16/30 3023/16/335 3022/17/334 
f 2980/20/34 2982/22/36 2660/22/188 2657/20/185 
f 2979/19/33 2977/17/31 3022/17/334 3024/19/336 
f 2982/22/36 2984/24/38 2663/24/191 2660/22/188 
f 2981/21/35 2979/19/33 3024/19/336 3025/21/337 
f 2984/24/38 2986/26/40 2666/26/194 2663/24/191 
f 2983/23/37 2981/21/35 3025/21/337 3026/23/338 
f 2986/26/40 2988/28/42 2669/28/197 2666/26/194 
f 2985/25/39 2983/23/37 3026/23/338 3027/25/339 
f 2989/29/43 2992/32/46 2604/32/132 2607/29/135 
f 2987/27/41 2985/25/39 3027/25/339 3028/27/340 
f 2992/32/46 2994/34/48 2599/34/127 2604/32/132 
f 2991/31/45 2990/30/44 3030/30/342 3029/31/341 
f 2994/34/48 2996/36/50 2600/36/128 2599/34/127 
f 2993/33/47 2991/31/45 3029/31/341 3031/33/343 
f 2996/36/50 2998/38/52 2677/38/205 2600/36/128 
f 2995/35/49 2993/33/47 3031/33/343 3032/35/344 
f 2998/38/52 3000/40/325 2673/40/201 2677/38/205 
f 2997/37/51 2995/35/49 3032/35/344 3033/37/345 
f 3000/40/325 3002/42/326 2674/42/202 2673/40/201 
f 2999/39/53 2997/37/51 3033/37/345 3034/39/346 
f 3003/43/327 3006/46/11 2611/46/139 2610/43/138 
f 3001/41/55 2999/39/53 3034/39/346 3035/41/347 
f 3006/46/11 3008/48/328 2615/48/143 2611/46/139 
f 3005/45/12 3004/44/14 3037/44/349 3036/45/348 
f 3008/48/328 3010/50/7 2619/50/147 2615/48/143 
f 3007/47/10 3005/45/12 3036/45/348 3038/47/350 
f 3010/50/7 3012/52/5 2622/52/537 2619/50/147 
f 3009/49/8 3007/47/10 3038/47/350 3039/49/351 
f 3012/52/5 3014/54/1 2625/54/153 2622/52/537 
f 3011/51/6 3009/49/8 3039/49/351 3040/51/352 
f 3014/54/1 3016/56/4 2628/56/156 2625/54/153 
f 3013/53/2 3011/51/6 3040/51/352 3041/53/353 
f 2988/28/42 2973/13/15 2631/13/159 2669/28/197 
f 3015/55/3 3013/53/2 3041/53/353 3042/55/354 
f 3002/42/326 2975/15/324 2652/15/180 2674/42/202 
f 2974/14/16 2987/27/41 3028/27/340 3021/14/333 
f 3016/56/4 2989/29/43 2607/29/135 2628/56/156 
f 2961/1/26 2964/4/322 2649/4/177 2646/1/174 
f 2976/16/30 3001/41/55 3035/41/347 3023/16/335 
f 2964/4/322 3003/43/327 2610/43/138 2649/4/177 
f 2965/5/323 2961/1/26 2646/1/174 2643/5/171 
f 2990/30/44 3015/55/3 3042/55/354 3030/30/342 
f 2963/3/27 2962/2/25 2960/2/321 2959/3/320 
f 2967/7/22 2965/5/323 2643/5/171 2640/7/168 
f 3043/57/355 3044/58/356 3045/59/357 3046/60/358 
f 3044/58/356 3047/61/359 3048/62/360 3045/59/357 
f 3047/61/359 3049/63/361 3050/64/362 3048/62/360 
f 3049/63/361 3043/65/355 3046/66/358 3050/64/362 
f 3044/67/356 3043/68/355 3049/63/361 3047/61/359 
f 3048/62/360 3050/64/362 3046/69/358 3045/70/357 
f 3051/223/93 3052/224/93 3053/3/363 3054/2/364 
f 3055/225/96 3051/223/93 3054/2/364 3056/6/365 
f 3057/226/96 3055/225/96 3056/6/365 3058/8/366 
f 3059/227/93 3057/226/96 3058/8/366 3060/10/367 
f 3061/228/96 3059/227/93 3060/10/367 3062/12/368 
f 3063/229/96 3061/228/96 3062/12/368 3064/14/369 
f 3065/230/93 3066/231/96 3067/17/370 3068/16/371 
f 3066/231/96 3069/232/96 3070/19/372 3067/17/370 
f 3069/232/96 3071/233/93 3072/21/373 3070/19/372 
f 3071/233/93 3073/234/96 3074/23/374 3072/21/373 
f 3073/234/96 3075/235/96 3076/25/375 3074/23/374 
f 3075/235/96 3077/236/96 3078/27/376 3076/25/375 
f 3079/237/93 3080/238/93 3081/31/377 3082/30/378 
f 3080/238/93 3083/239/93 3084/33/379 3081/31/377 
f 3083/239/93 3085/240/93 3086/35/380 3084/33/379 
f 3085/240/93 3087/241/96 3088/37/381 3086/35/380 
f 3087/241/96 3089/242/96 3090/39/382 3088/37/381 
f 3089/242/96 3091/243/96 3092/41/383 3090/39/382 
f 3093/244/96 3094/245/96 3095/45/384 3096/44/385 
f 3094/245/96 3097/246/96 3098/47/386 3095/45/384 
f 3097/246/96 3099/247/96 3100/49/387 3098/47/386 
f 3099/247/96 3101/248/93 3102/51/388 3100/49/387 
f 3101/248/93 3103/249/96 3104/53/389 3102/51/388 
f 3103/249/96 3105/250/93 3106/55/390 3104/53/389 
f 3077/236/96 3063/229/96 3064/14/369 3078/27/376 
f 3091/243/96 3065/230/93 3068/16/371 3092/41/383 
f 3105/250/93 3079/237/93 3082/30/378 3106/55/390 
f 3052/224/93 3093/244/96 3096/44/385 3053/3/363 
f 3107/44/57 3108/3/58 3053/3/363 3096/44/385 
f 3109/2/59 3110/6/60 3056/6/365 3054/2/364 
f 1286/9/62 1285/7/61 3111/7/391 3112/9/392 
f 3110/6/60 3113/8/63 3058/8/366 3056/6/365 
f 1289/11/64 1286/9/62 3112/9/392 3114/11/393 
f 3113/8/63 3115/10/65 3060/10/367 3058/8/366 
f 1292/13/66 1289/11/64 3114/11/393 3116/13/394 
f 3115/10/65 3117/12/67 3062/12/368 3060/10/367 
f 1296/15/57 1295/18/68 3118/18/395 3119/15/396 
f 3117/12/67 3120/14/69 3064/14/369 3062/12/368 
f 1295/18/68 3121/20/70 3122/20/397 3118/18/395 
f 3123/17/71 3124/16/72 3068/16/371 3067/17/370 
f 3121/20/70 1304/22/73 3125/22/398 3122/20/397 
f 3126/19/74 3123/17/71 3067/17/370 3070/19/372 
f 1304/22/73 1307/24/75 3127/24/399 3125/22/398 
f 3128/21/76 3126/19/74 3070/19/372 3072/21/373 
f 1307/24/75 1310/26/77 3129/26/400 3127/24/399 
f 3130/23/78 3128/21/76 3072/21/373 3074/23/374 
f 1310/26/77 1313/28/79 3131/28/401 3129/26/400 
f 3132/25/80 3130/23/78 3074/23/374 3076/25/375 
f 1317/29/69 1316/32/67 3133/32/541 3134/29/403 
f 3135/27/81 3132/25/80 3076/25/375 3078/27/376 
f 1316/32/67 3136/34/65 3137/34/404 3133/32/541 
f 3138/31/64 3139/30/66 3082/30/378 3081/31/377 
f 3136/34/65 1325/36/63 3140/36/405 3137/34/404 
f 3141/33/62 3138/31/64 3081/31/377 3084/33/379 
f 1325/36/63 1328/38/60 3142/38/406 3140/36/405 
f 3143/35/61 3141/33/62 3084/33/379 3086/35/380 
f 1328/38/60 1331/40/59 3144/40/407 3142/38/406 
f 3145/37/82 3143/35/61 3086/35/380 3088/37/381 
f 1331/40/59 1334/42/58 3146/42/408 3144/40/407 
f 3147/39/83 3145/37/82 3088/37/381 3090/39/382 
f 1338/43/72 1337/46/71 3148/46/409 3149/43/410 
f 3150/41/84 3147/39/83 3090/39/382 3092/41/383 
f 1337/46/71 1341/48/74 3151/48/411 3148/46/409 
f 3152/45/68 3107/44/57 3096/44/385 3095/45/384 
f 1341/48/74 1344/50/76 3153/50/412 3151/48/411 
f 3154/47/70 3152/45/68 3095/45/384 3098/47/386 
f 1344/50/76 3155/52/78 3156/52/413 3153/50/412 
f 3157/49/73 3154/47/70 3098/47/386 3100/49/387 
f 3155/52/78 1350/54/80 3158/54/414 3156/52/413 
f 3159/51/75 3157/49/73 3100/49/387 3102/51/388 
f 1350/54/80 1353/56/81 3160/56/415 3158/54/414 
f 3161/53/77 3159/51/75 3102/51/388 3104/53/389 
f 1313/28/79 1292/13/66 3116/13/394 3131/28/401 
f 3162/55/79 3161/53/77 3104/53/389 3106/55/390 
f 1334/42/58 1296/15/57 3119/15/396 3146/42/408 
f 3120/14/69 3135/27/81 3078/27/376 3064/14/369 
f 1353/56/81 1317/29/69 3134/29/403 3160/56/415 
f 1359/1/83 1358/4/84 3163/4/416 3164/1/417 
f 3124/16/72 3150/41/84 3092/41/383 3068/16/371 
f 1358/4/84 1338/43/72 3149/43/410 3163/4/416 
f 3165/5/82 1359/1/83 3164/1/417 3166/5/418 
f 3139/30/66 3162/55/79 3106/55/390 3082/30/378 
f 3108/3/58 3109/2/59 3054/2/364 3053/3/363 
f 1285/7/61 3165/5/82 3166/5/418 3111/7/391 
f 3167/99/419 3168/100/420 3169/101/421 3170/102/422 
f 3168/100/420 3171/103/423 3172/104/424 3169/101/421 
f 3171/103/423 3173/105/425 3174/106/426 3172/104/424 
f 3173/105/425 3175/70/427 3176/107/428 3174/106/426 
f 3175/70/427 3177/108/429 3178/109/430 3176/107/428 
f 3177/108/429 3179/110/431 3180/111/432 3178/109/430 
f 3179/110/431 3181/112/433 3182/113/434 3180/111/432 
f 3181/112/433 3183/114/435 3184/115/436 3182/113/434 
f 3183/114/435 3185/116/437 3186/117/438 3184/115/436 
f 3185/116/437 3187/118/439 3188/119/440 3186/117/438 
f 3187/118/439 3189/120/441 3190/121/442 3188/119/440 
f 3189/120/441 3191/62/443 3192/66/444 3190/121/442 
f 3191/62/443 3193/122/445 3194/123/446 3192/66/444 
f 3193/122/445 3195/124/447 3196/125/448 3194/123/446 
f 3195/124/447 3197/126/449 3198/127/450 3196/125/448 
f 3197/126/449 3199/128/451 3200/129/452 3198/127/450 
f 3199/128/451 3201/130/453 3202/131/454 3200/129/452 
f 3201/130/453 3203/132/455 3204/133/456 3202/131/454 
f 3203/132/455 3205/134/457 3206/135/458 3204/133/456 
f 3205/134/457 3207/61/459 3208/65/460 3206/135/458 
f 3207/61/459 3209/136/461 3210/137/462 3208/65/460 
f 3209/136/461 3211/138/463 3212/139/464 3210/137/462 
f 3211/138/463 3213/140/465 3214/141/466 3212/139/464 
f 3213/140/465 3215/142/467 3216/143/468 3214/141/466 
f 3215/142/467 3217/144/469 3218/145/470 3216/143/468 
f 3217/144/469 3219/146/471 3220/147/472 3218/145/470 
f 3219/146/471 3221/148/473 3222/149/474 3220/147/472 
f 3221/148/473 3223/67/475 3224/150/476 3222/149/474 
f 3223/67/475 3225/151/477 3226/152/478 3224/150/476 
f 3225/151/477 3227/153/479 3228/154/480 3226/152/478 
f 3169/155/421 3172/156/424 3174/157/426 3176/158/428 3178/159/430 3180/160/432 3182/161/434 3184/162/436 3186/163/438 3188/164/440 3190/165/442 3192/166/444 3194/167/446 3196/168/448 3198/169/450 3200/170/452 3202/171/454 3204/172/456 3206/173/458 3208/174/460 3210/175/462 3212/176/464 3214/177/466 3216/178/468 3218/179/470 3220/180/472 3222/181/474 3224/182/476 3226/183/478 3228/184/480 3229/185/481 3170/186/422 
f 3227/153/479 3230/187/482 3229/188/481 3228/154/480 
f 3230/187/482 3167/189/419 3170/190/422 3229/188/481 
f 3167/191/419 3230/192/482 3227/193/479 3225/194/477 3223/195/475 3221/196/473 3219/197/471 3217/198/469 3215/199/467 3213/200/465 3211/201/463 3209/202/461 3207/203/459 3205/204/457 3203/205/455 3201/206/453 3199/207/451 3197/208/449 3195/209/447 3193/210/445 3191/211/443 3189/212/441 3187/213/439 3185/214/437 3183/215/435 3181/216/433 3179/217/431 3177/218/429 3175/219/427 3173/220/425 3171/221/423 3168/222/420 
f 3231/99/419 3232/100/420 3233/101/421 3234/102/422 
f 3232/100/420 3235/103/423 3236/104/424 3233/101/421 
f 3235/103/423 3237/105/425 3238/106/426 3236/104/424 
f 3237/105/425 3239/70/427 3240/107/428 3238/106/426 
f 3239/70/427 3241/108/429 3242/109/430 3240/107/428 
f 3241/108/429 3243/110/483 3244/111/484 3242/109/430 
f 3243/110/483 3245/112/433 3246/113/434 3244/111/484 
f 3245/112/433 3247/114/435 3248/115/436 3246/113/434 
f 3247/114/435 3249/116/437 3250/117/438 3248/115/436 
f 3249/116/437 3251/118/485 3252/119/486 3250/117/438 
f 3251/118/485 3253/120/441 3254/121/442 3252/119/486 
f 3253/120/441 3255/62/443 3256/66/444 3254/121/442 
f 3255/62/443 3257/122/445 3258/123/446 3256/66/444 
f 3257/122/445 3259/124/487 3260/125/488 3258/123/446 
f 3259/124/487 3261/126/449 3262/127/450 3260/125/488 
f 3261/126/449 3263/128/451 3264/129/452 3262/127/450 
f 3263/128/451 3265/130/453 3266/131/454 3264/129/452 
f 3265/130/453 3267/132/489 3268/133/490 3266/131/454 
f 3267/132/489 3269/134/457 3270/135/458 3268/133/490 
f 3269/134/457 3271/61/459 3272/65/460 3270/135/458 
f 3271/61/459 3273/136/461 3274/137/462 3272/65/460 
f 3273/136/461 3275/138/463 3276/139/464 3274/137/462 
f 3275/138/463 3277/140/465 3278/141/466 3276/139/464 
f 3277/140/465 3279/142/467 3280/143/468 3278/141/466 
f 3279/142/467 3281/144/469 3282/145/470 3280/143/468 
f 3281/144/469 3283/146/471 3284/147/472 3282/145/470 
f 3283/146/471 3285/148/473 3286/149/474 3284/147/472 
f 3285/148/473 3287/67/475 3288/150/476 3286/149/474 
f 3287/67/475 3289/151/477 3290/152/478 3288/150/476 
f 3289/151/477 3291/153/479 3292/154/480 3290/152/478 
f 3233/155/421 3236/156/424 3238/157/426 3240/158/428 3242/159/430 3244/160/484 3246/161/434 3248/162/436 3250/163/438 3252/164/486 3254/165/442 3256/166/444 3258/167/446 3260/168/488 3262/169/450 3264/170/452 3266/171/454 3268/172/490 3270/173/458 3272/174/460 3274/175/462 3276/176/464 3278/177/466 3280/178/468 3282/179/470 3284/180/472 3286/181/474 3288/182/476 3290/183/478 3292/184/480 3293/185/481 3234/186/422 
f 3291/153/479 3294/187/482 3293/188/481 3292/154/480 
f 3294/187/482 3231/189/419 3234/190/422 3293/188/481 
f 3231/191/419 3294/192/482 3291/193/479 3289/194/477 3287/195/475 3285/196/473 3283/197/471 3281/198/469 3279/199/467 3277/200/465 3275/201/463 3273/202/461 3271/203/459 3269/204/457 3267/205/489 3265/206/453 3263/207/451 3261/208/449 3259/209/487 3257/210/445 3255/211/443 3253/212/441 3251/213/485 3249/214/437 3247/215/435 3245/216/433 3243/217/483 3241/218/429 3239/219/427 3237/220/425 3235/221/423 3232/222/420 
f 3295/99/419 3296/100/420 3297/101/421 3298/102/422 
f 3296/100/420 3299/103/491 3300/104/492 3297/101/421 
f 3299/103/491 3301/105/425 3302/106/426 3300/104/492 
f 3301/105/425 3303/70/427 3304/107/428 3302/106/426 
f 3303/70/427 3305/108/429 3306/109/430 3304/107/428 
f 3305/108/429 3307/110/431 3308/111/432 3306/109/430 
f 3307/110/431 3309/112/433 3310/113/434 3308/111/432 
f 3309/112/433 3311/114/435 3312/115/436 3310/113/434 
f 3311/114/435 3313/116/437 3314/117/438 3312/115/436 
f 3313/116/437 3315/118/439 3316/119/440 3314/117/438 
f 3315/118/439 3317/120/441 3318/121/442 3316/119/440 
f 3317/120/441 3319/62/443 3320/66/444 3318/121/442 
f 3319/62/443 3321/122/445 3322/123/446 3320/66/444 
f 3321/122/445 3323/124/447 3324/125/448 3322/123/446 
f 3323/124/447 3325/126/449 3326/127/450 3324/125/448 
f 3325/126/449 3327/128/451 3328/129/452 3326/127/450 
f 3327/128/451 3329/130/453 3330/131/454 3328/129/452 
f 3329/130/453 3331/132/489 3332/133/490 3330/131/454 
f 3331/132/489 3333/134/457 3334/135/458 3332/133/490 
f 3333/134/457 3335/61/459 3336/65/460 3334/135/458 
f 3335/61/459 3337/136/461 3338/137/462 3336/65/460 
f 3337/136/461 3339/138/493 3340/139/494 3338/137/462 
f 3339/138/493 3341/140/465 3342/141/466 3340/139/494 
f 3341/140/465 3343/142/467 3344/143/468 3342/141/466 
f 3343/142/467 3345/144/469 3346/145/470 3344/143/468 
f 3345/144/469 3347/146/495 3348/147/496 3346/145/470 
f 3347/146/495 3349/148/473 3350/149/474 3348/147/496 
f 3349/148/473 3351/67/475 3352/150/476 3350/149/474 
f 3351/67/475 3353/151/477 3354/152/478 3352/150/476 
f 3353/151/477 3355/153/479 3356/154/480 3354/152/478 
f 3297/155/421 3300/156/492 3302/157/426 3304/158/428 3306/159/430 3308/160/432 3310/161/434 3312/162/436 3314/163/438 3316/164/440 3318/165/442 3320/166/444 3322/167/446 3324/168/448 3326/169/450 3328/170/452 3330/171/454 3332/172/490 3334/173/458 3336/174/460 3338/175/462 3340/176/494 3342/177/466 3344/178/468 3346/179/470 3348/180/496 3350/181/474 3352/182/476 3354/183/478 3356/184/480 3357/185/481 3298/186/422 
f 3355/153/479 3358/187/482 3357/188/481 3356/154/480 
f 3358/187/482 3295/189/419 3298/190/422 3357/188/481 
f 3295/191/419 3358/192/482 3355/193/479 3353/194/477 3351/195/475 3349/196/473 3347/197/495 3345/198/469 3343/199/467 3341/200/465 3339/201/493 3337/202/461 3335/203/459 3333/204/457 3331/205/489 3329/206/453 3327/207/451 3325/208/449 3323/209/447 3321/210/445 3319/211/443 3317/212/441 3315/213/439 3313/214/437 3311/215/435 3309/216/433 3307/217/431 3305/218/429 3303/219/427 3301/220/425 3299/221/491 3296/222/420 
f 3359/99/419 3360/100/420 3361/101/421 3362/102/498 
f 3360/100/420 3363/103/423 3364/104/424 3361/101/421 
f 3363/103/423 3365/105/425 3366/106/426 3364/104/424 
f 3365/105/425 3367/70/427 3368/107/428 3366/106/426 
f 3367/70/427 3369/108/429 3370/109/430 3368/107/428 
f 3369/108/429 3371/110/431 3372/111/432 3370/109/430 
f 3371/110/431 3373/112/433 3374/113/434 3372/111/432 
f 3373/112/433 3375/114/435 3376/115/436 3374/113/434 
f 3375/114/435 3377/116/437 3378/117/438 3376/115/436 
f 3377/116/437 3379/118/439 3380/119/440 3378/117/438 
f 3379/118/439 3381/120/441 3382/121/442 3380/119/440 
f 3381/120/441 3383/62/443 3384/66/444 3382/121/442 
f 3383/62/443 3385/122/445 3386/123/446 3384/66/444 
f 3385/122/445 3387/124/487 3388/125/488 3386/123/446 
f 3387/124/487 3389/126/449 3390/127/450 3388/125/488 
f 3389/126/449 3391/128/451 3392/129/452 3390/127/450 
f 3391/128/451 3393/130/453 3394/131/454 3392/129/452 
f 3393/130/453 3395/132/455 3396/133/456 3394/131/454 
f 3395/132/455 3397/134/457 3398/135/458 3396/133/456 
f 3397/134/457 3399/61/459 3400/65/460 3398/135/458 
f 3399/61/459 3401/136/461 3402/137/462 3400/65/460 
f 3401/136/461 3403/138/463 3404/139/464 3402/137/462 
f 3403/138/463 3405/140/465 3406/141/466 3404/139/464 
f 3405/140/465 3407/142/467 3408/143/468 3406/141/466 
f 3407/142/467 3409/144/469 3410/145/470 3408/143/468 
f 3409/144/469 3411/146/471 3412/147/472 3410/145/470 
f 3411/146/471 3413/148/473 3414/149/474 3412/147/472 
f 3413/148/473 3415/67/475 3416/150/476 3414/149/474 
f 3415/67/475 3417/151/477 3418/152/478 3416/150/476 
f 3417/151/477 3419/153/499 3420/154/500 3418/152/478 
f 3361/155/421 3364/156/424 3366/157/426 3368/158/428 3370/159/430 3372/160/432 3374/161/434 3376/162/436 3378/163/438 3380/164/440 3382/165/442 3384/166/444 3386/167/446 3388/168/488 3390/169/450 3392/170/452 3394/171/454 3396/172/456 3398/173/458 3400/174/460 3402/175/462 3404/176/464 3406/177/466 3408/178/468 3410/179/470 3412/180/472 3414/181/474 3416/182/476 3418/183/478 3420/184/500 3421/185/481 3362/186/498 
f 3419/153/499 3422/187/482 3421/188/481 3420/154/500 
f 3422/187/482 3359/189/419 3362/190/498 3421/188/481 
f 3359/191/419 3422/192/482 3419/193/499 3417/194/477 3415/195/475 3413/196/473 3411/197/471 3409/198/469 3407/199/467 3405/200/465 3403/201/463 3401/202/461 3399/203/459 3397/204/457 3395/205/455 3393/206/453 3391/207/451 3389/208/449 3387/209/487 3385/210/445 3383/211/443 3381/212/441 3379/213/439 3377/214/437 3375/215/435 3373/216/433 3371/217/431 3369/218/429 3367/219/427 3365/220/425 3363/221/423 3360/222/420 
f 3423/57/501 3424/58/502 3425/59/503 3426/60/504 
f 3424/58/502 3427/61/505 3428/62/506 3425/59/503 
f 3427/61/505 3429/63/507 3430/64/508 3428/62/506 
f 3429/63/507 3423/65/501 3426/66/504 3430/64/508 
f 3424/67/502 3423/68/501 3429/63/507 3427/61/505 
f 3428/62/506 3430/64/508 3426/69/504 3425/70/503 
f 3431/57/509 3432/58/510 3433/59/542 3434/60/543 
f 3432/58/510 3435/61/513 3436/62/514 3433/59/542 
f 3435/61/513 3437/63/515 3438/64/516 3436/62/514 
f 3437/63/515 3431/65/509 3434/66/543 3438/64/516 
f 3432/67/510 3431/68/509 3437/63/515 3435/61/513 
f 3436/62/514 3438/64/516 3434/69/543 3433/70/542 
f 3439/57/517 3440/58/518 3441/59/519 3442/60/520 
f 3440/58/518 3443/61/521 3444/62/522 3441/59/519 
f 3443/61/521 3445/63/523 3446/64/524 3444/62/522 
f 3445/63/523 3439/65/517 3442/66/520 3446/64/524 
f 3440/67/518 3439/68/517 3445/63/523 3443/61/521 
f 3444/62/522 3446/64/524 3442/69/520 3441/70/519 
f 3035/3/347 3034/2/346 2597/2/125 2596/3/124 
f 3021/30/333 3028/55/340 2672/55/200 2639/30/167 
f 3037/16/349 2959/41/320 2656/41/184 2618/16/146 
f 3030/14/342 3042/27/354 2635/27/163 2614/14/142 
f 3028/55/340 3027/53/339 2671/53/199 2672/55/200 
f 3027/53/339 3026/51/338 2668/51/196 2671/53/199 
f 3026/51/338 3025/49/337 2665/49/538 2668/51/196 
f 3025/49/337 3024/47/336 2662/47/190 2665/49/538 
f 3024/47/336 3022/45/334 2659/45/187 2662/47/190 
f 3022/45/334 3023/44/335 2595/44/123 2659/45/187 
f 2959/41/320 2960/39/321 2651/39/179 2656/41/184 
f 2960/39/321 3017/37/329 2648/37/176 2651/39/179 
f 3017/37/329 3018/35/330 2645/35/173 2648/37/176 
f 3018/35/330 3019/33/331 2642/33/170 2645/35/173 
f 3019/33/331 3020/31/332 2638/31/166 2642/33/170 
f 3020/31/332 3021/30/333 2639/30/167 2638/31/166 
f 3042/27/354 3041/25/353 2630/25/158 2635/27/163 
f 3041/25/353 3040/23/352 2627/23/155 2630/25/158 
f 3040/23/352 3039/21/351 2624/21/152 2627/23/155 
f 3039/21/351 3038/19/350 2621/19/149 2624/21/152 
f 3038/19/350 3036/17/348 2617/17/145 2621/19/149 
f 3036/17/348 3037/16/349 2618/16/146 2617/17/145 
f 3029/12/341 3030/14/342 2614/14/142 2609/12/137 
f 3031/10/343 3029/12/341 2609/12/137 2606/10/526 
f 3032/8/344 3031/10/343 2606/10/526 2603/8/131 
f 3033/6/345 3032/8/344 2603/8/131 2598/6/126 
f 3034/2/346 3033/6/345 2598/6/126 2597/2/125 
f 3023/44/335 3035/3/347 2596/3/124 2595/44/123 
f 2675/4/203 2655/43/183 3447/251/93 3448/252/93 
f 2670/56/198 2634/29/162 3449/253/96 3450/254/93 
f 2650/42/178 2613/15/141 3451/255/93 3452/256/93 
f 2629/28/157 2608/13/136 3453/257/96 3454/258/96 
f 2667/54/195 2670/56/198 3450/254/93 3455/259/96 
f 2664/52/192 2667/54/195 3455/259/96 3456/260/96 
f 2661/50/189 2664/52/192 3456/260/96 3457/261/93 
f 2658/48/186 2661/50/189 3457/261/93 3458/262/96 
f 2654/46/182 2658/48/186 3458/262/96 3459/263/96 
f 2655/43/183 2654/46/182 3459/263/96 3447/251/93 
f 2647/40/175 2650/42/178 3452/256/93 3460/264/96 
f 2644/38/172 2647/40/175 3460/264/96 3461/265/93 
f 2641/36/169 2644/38/172 3461/265/93 3462/266/93 
f 2637/34/165 2641/36/169 3462/266/93 3463/267/96 
f 2633/32/161 2637/34/165 3463/267/96 3464/268/93 
f 2634/29/162 2633/32/161 3464/268/93 3449/253/96 
f 2626/26/154 2629/28/157 3454/258/96 3465/269/96 
f 2623/24/151 2626/26/154 3465/269/96 3466/270/93 
f 2620/22/536 2623/24/151 3466/270/93 3467/271/93 
f 2616/20/535 2620/22/536 3467/271/93 3468/272/93 
f 2612/18/140 2616/20/535 3468/272/93 3469/273/93 
f 2613/15/141 2612/18/140 3469/273/93 3451/255/93 
f 2608/13/136 2605/11/133 3470/274/96 3453/257/96 
f 2605/11/133 2602/9/130 3471/275/93 3470/274/96 
f 2602/9/130 2601/7/129 3472/276/93 3471/275/93 
f 2601/7/129 2678/5/206 3473/277/93 3472/276/93 
f 2678/5/206 2676/1/204 3474/278/96 3473/277/93 
f 2676/1/204 2675/4/203 3448/252/93 3474/278/96 
f 3448/252/93 3447/251/93 2581/92/96 2540/72/96 
f 3450/254/93 3449/253/96 2567/85/93 2593/98/96 
f 3452/256/93 3451/255/93 2553/78/96 2579/91/96 
f 3454/258/96 3453/257/96 2551/77/96 2565/84/93 
f 3455/259/96 3450/254/93 2593/98/96 2591/97/93 
f 3456/260/96 3455/259/96 2591/97/93 2589/96/96 
f 3457/261/93 3456/260/96 2589/96/96 2587/95/96 
f 3458/262/96 3457/261/93 2587/95/96 2585/94/96 
f 3459/263/96 3458/262/96 2585/94/96 2582/93/96 
f 3447/251/93 3459/263/96 2582/93/96 2581/92/96 
f 3460/264/96 3452/256/93 2579/91/96 2577/90/93 
f 3461/265/93 3460/264/96 2577/90/93 2575/89/93 
f 3462/266/93 3461/265/93 2575/89/93 2573/88/93 
f 3463/267/96 3462/266/93 2573/88/93 2571/87/93 
f 3464/268/93 3463/267/96 2571/87/93 2568/86/93 
f 3449/253/96 3464/268/93 2568/86/93 2567/85/93 
f 3465/269/96 3454/258/96 2565/84/93 2563/83/93 
f 3466/270/93 3465/269/96 2563/83/93 2561/82/93 
f 3467/271/93 3466/270/93 2561/82/93 2559/81/93 
f 3468/272/93 3467/271/93 2559/81/93 2557/80/96 
f 3469/273/93 3468/272/93 2557/80/96 2554/79/93 
f 3451/255/93 3469/273/93 2554/79/93 2553/78/96 
f 3453/257/96 3470/274/96 2549/76/96 2551/77/96 
f 3470/274/96 3471/275/93 2547/75/93 2549/76/96 
f 3471/275/93 3472/276/93 2545/74/96 2547/75/93 
f 3472/276/93 3473/277/93 2543/73/96 2545/74/96 
f 3473/277/93 3474/278/96 2539/71/96 2543/73/96 
f 3474/278/96 3448/252/93 2540/72/96 2539/71/96 
f 3475/3/58 3476/2/59 3109/2/59 3108/3/58 
f 3477/30/66 3478/55/79 3162/55/79 3139/30/66 
f 3479/16/72 3480/41/84 3150/41/84 3124/16/72 
f 3481/14/69 3482/27/81 3135/27/81 3120/14/69 
f 3478/55/79 3483/53/77 3161/53/77 3162/55/79 
f 3483/53/77 3484/51/75 3159/51/75 3161/53/77 
f 3484/51/75 3485/49/73 3157/49/73 3159/51/75 
f 3485/49/73 3486/47/70 3154/47/70 3157/49/73 
f 3486/47/70 3487/45/68 3152/45/68 3154/47/70 
f 3487/45/68 3488/44/57 3107/44/57 3152/45/68 
f 3480/41/84 3489/39/83 3147/39/83 3150/41/84 
f 3489/39/83 3490/37/82 3145/37/82 3147/39/83 
f 3490/37/82 3491/35/61 3143/35/61 3145/37/82 
f 3491/35/61 3492/33/62 3141/33/62 3143/35/61 
f 3492/33/62 3493/31/64 3138/31/64 3141/33/62 
f 3493/31/64 3477/30/66 3139/30/66 3138/31/64 
f 3482/27/81 3494/25/80 3132/25/80 3135/27/81 
f 3494/25/80 3495/23/78 3130/23/78 3132/25/80 
f 3495/23/78 3496/21/76 3128/21/76 3130/23/78 
f 3496/21/76 3497/19/74 3126/19/74 3128/21/76 
f 3497/19/74 3498/17/71 3123/17/71 3126/19/74 
f 3498/17/71 3479/16/72 3124/16/72 3123/17/71 
f 3499/12/67 3481/14/69 3120/14/69 3117/12/67 
f 3500/10/65 3499/12/67 3117/12/67 3115/10/65 
f 3501/8/63 3500/10/65 3115/10/65 3113/8/63 
f 3502/6/60 3501/8/63 3113/8/63 3110/6/60 
f 3476/2/59 3502/6/60 3110/6/60 3109/2/59 
f 3488/44/57 3475/3/58 3108/3/58 3107/44/57 
f 1280/44/57 1279/3/58 3475/3/58 3488/44/57 
f 1284/2/59 1283/6/60 3502/6/60 3476/2/59 
f 1283/6/60 1288/8/63 3501/8/63 3502/6/60 
f 1288/8/63 3503/10/65 3500/10/65 3501/8/63 
f 3503/10/65 1294/12/67 3499/12/67 3500/10/65 
f 1294/12/67 1298/14/69 3481/14/69 3499/12/67 
f 1303/17/71 1302/16/72 3479/16/72 3498/17/71 
f 1306/19/74 1303/17/71 3498/17/71 3497/19/74 
f 1309/21/76 1306/19/74 3497/19/74 3496/21/76 
f 3504/23/78 1309/21/76 3496/21/76 3495/23/78 
f 1315/25/80 3504/23/78 3495/23/78 3494/25/80 
f 1319/27/81 1315/25/80 3494/25/80 3482/27/81 
f 1324/31/64 1323/30/66 3477/30/66 3493/31/64 
f 1327/33/62 1324/31/64 3493/31/64 3492/33/62 
f 1330/35/61 1327/33/62 3492/33/62 3491/35/61 
f 1333/37/82 1330/35/61 3491/35/61 3490/37/82 
f 1336/39/83 1333/37/82 3490/37/82 3489/39/83 
f 1340/41/84 1336/39/83 3489/39/83 3480/41/84 
f 1343/45/68 1280/44/57 3488/44/57 3487/45/68 
f 1346/47/70 1343/45/68 3487/45/68 3486/47/70 
f 1349/49/73 1346/47/70 3486/47/70 3485/49/73 
f 1352/51/75 1349/49/73 3485/49/73 3484/51/75 
f 1355/53/77 1352/51/75 3484/51/75 3483/53/77 
f 1357/55/79 1355/53/77 3483/53/77 3478/55/79 
f 1298/14/69 1319/27/81 3482/27/81 3481/14/69 
f 1302/16/72 1340/41/84 3480/41/84 3479/16/72 
f 1323/30/66 1357/55/79 3478/55/79 3477/30/66 
f 1279/3/58 1284/2/59 3476/2/59 3475/3/58 
f 3505/279/93 3506/280/96 3093/244/96 3052/224/93 
f 3507/281/93 3508/282/96 3079/237/93 3105/250/93 
f 3509/283/93 3510/284/93 3065/230/93 3091/243/96 
f 3511/285/96 3512/286/96 3063/229/96 3077/236/96 
f 3513/287/96 3507/281/93 3105/250/93 3103/249/96 
f 3514/288/93 3513/287/96 3103/249/96 3101/248/93 
f 3515/289/93 3514/288/93 3101/248/93 3099/247/96 
f 3516/290/96 3515/289/93 3099/247/96 3097/246/96 
f 3517/291/96 3516/290/96 3097/246/96 3094/245/96 
f 3506/280/96 3517/291/96 3094/245/96 3093/244/96 
f 3518/292/93 3509/283/93 3091/243/96 3089/242/96 
f 3519/293/96 3518/292/93 3089/242/96 3087/241/96 
f 3520/294/93 3519/293/96 3087/241/96 3085/240/93 
f 3521/295/93 3520/294/93 3085/240/93 3083/239/93 
f 3522/296/96 3521/295/93 3083/239/93 3080/238/93 
f 3508/282/96 3522/296/96 3080/238/93 3079/237/93 
f 3523/297/96 3511/285/96 3077/236/96 3075/235/96 
f 3524/298/96 3523/297/96 3075/235/96 3073/234/96 
f 3525/299/93 3524/298/96 3073/234/96 3071/233/93 
f 3526/300/93 3525/299/93 3071/233/93 3069/232/96 
f 3527/301/93 3526/300/93 3069/232/96 3066/231/96 
f 3510/284/93 3527/301/93 3066/231/96 3065/230/93 
f 3512/286/96 3528/302/93 3061/228/96 3063/229/96 
f 3528/302/93 3529/303/96 3059/227/93 3061/228/96 
f 3529/303/96 3530/304/96 3057/226/96 3059/227/93 
f 3530/304/96 3531/305/93 3055/225/96 3057/226/96 
f 3531/305/93 3532/306/93 3051/223/93 3055/225/96 
f 3532/306/93 3505/279/93 3052/224/93 3051/223/93 
f 3164/1/417 3163/4/416 3505/279/93 3532/306/93 
f 3166/5/418 3164/1/417 3532/306/93 3531/305/93 
f 3111/7/391 3166/5/418 3531/305/93 3530/304/96 
f 3112/9/392 3111/7/391 3530/304/96 3529/303/96 
f 3114/11/393 3112/9/392 3529/303/96 3528/302/93 
f 3116/13/394 3114/11/393 3528/302/93 3512/286/96 
f 3119/15/396 3118/18/395 3527/301/93 3510/284/93 
f 3118/18/395 3122/20/397 3526/300/93 3527/301/93 
f 3122/20/397 3125/22/398 3525/299/93 3526/300/93 
f 3125/22/398 3127/24/399 3524/298/96 3525/299/93 
f 3127/24/399 3129/26/400 3523/297/96 3524/298/96 
f 3129/26/400 3131/28/401 3511/285/96 3523/297/96 
f 3134/29/403 3133/32/541 3522/296/96 3508/282/96 
f 3133/32/541 3137/34/404 3521/295/93 3522/296/96 
f 3137/34/404 3140/36/405 3520/294/93 3521/295/93 
f 3140/36/405 3142/38/406 3519/293/96 3520/294/93 
f 3142/38/406 3144/40/407 3518/292/93 3519/293/96 
f 3144/40/407 3146/42/408 3509/283/93 3518/292/93 
f 3149/43/410 3148/46/409 3517/291/96 3506/280/96 
f 3148/46/409 3151/48/411 3516/290/96 3517/291/96 
f 3151/48/411 3153/50/412 3515/289/93 3516/290/96 
f 3153/50/412 3156/52/413 3514/288/93 3515/289/93 
f 3156/52/413 3158/54/414 3513/287/96 3514/288/93 
f 3158/54/414 3160/56/415 3507/281/93 3513/287/96 
f 3131/28/401 3116/13/394 3512/286/96 3511/285/96 
f 3146/42/408 3119/15/396 3510/284/93 3509/283/93 
f 3160/56/415 3134/29/403 3508/282/96 3507/281/93 
f 3163/4/416 3149/43/410 3506/280/96 3505/279/93 
f 3533/3/58 3534/2/59 2451/2/59 2448/3/58 
f 3535/30/66 3536/55/79 2526/55/79 2492/30/66 
f 3537/16/72 3538/41/84 2509/41/84 2471/16/72 
f 3539/14/69 3540/27/81 2488/27/81 2467/14/69 
f 3536/55/79 3541/53/77 2524/53/77 2526/55/79 
f 3541/53/77 3542/51/75 2521/51/75 2524/53/77 
f 3542/51/75 3543/49/73 2518/49/73 2521/51/75 
f 3543/49/73 3544/47/70 2515/47/70 2518/49/73 
f 3544/47/70 3545/45/68 2512/45/68 2515/47/70 
f 3545/45/68 3546/44/57 2447/44/57 2512/45/68 
f 3538/41/84 3547/39/83 2505/39/83 2509/41/84 
f 3547/39/83 3548/37/82 2502/37/82 2505/39/83 
f 3548/37/82 3549/35/61 2499/35/61 2502/37/82 
f 3549/35/61 3550/33/62 2496/33/62 2499/35/61 
f 3550/33/62 3551/31/64 2491/31/64 2496/33/62 
f 3551/31/64 3535/30/66 2492/30/66 2491/31/64 
f 3540/27/81 3552/25/80 2484/25/80 2488/27/81 
f 3552/25/80 3553/23/78 2481/23/78 2484/25/80 
f 3553/23/78 3554/21/76 2478/21/76 2481/23/78 
f 3554/21/76 3555/19/74 2475/19/74 2478/21/76 
f 3555/19/74 3556/17/71 2470/17/71 2475/19/74 
f 3556/17/71 3537/16/72 2471/16/72 2470/17/71 
f 3557/12/67 3539/14/69 2467/14/69 2463/12/67 
f 3558/10/65 3557/12/67 2463/12/67 2460/10/65 
f 3559/8/63 3558/10/65 2460/10/65 2457/8/63 
f 3560/6/60 3559/8/63 2457/8/63 2452/6/60 
f 3534/2/59 3560/6/60 2452/6/60 2451/2/59 
f 3546/44/57 3533/3/58 2448/3/58 2447/44/57 
f 2434/44/44 2393/3/3 3533/3/58 3546/44/57 
f 2392/2/2 2396/6/6 3560/6/60 3534/2/59 
f 2396/6/6 2398/8/8 3559/8/63 3560/6/60 
f 2398/8/8 2400/10/10 3558/10/65 3559/8/63 
f 2400/10/10 2402/12/12 3557/12/67 3558/10/65 
f 2402/12/12 2404/14/14 3539/14/69 3557/12/67 
f 2407/17/17 2406/16/16 3537/16/72 3556/17/71 
f 2409/19/19 2407/17/17 3556/17/71 3555/19/74 
f 2411/21/21 2409/19/19 3555/19/74 3554/21/76 
f 2413/23/23 2411/21/21 3554/21/76 3553/23/78 
f 2415/25/25 2413/23/23 3553/23/78 3552/25/80 
f 2417/27/27 2415/25/25 3552/25/80 3540/27/81 
f 2421/31/31 2420/30/30 3535/30/66 3551/31/64 
f 2423/33/33 2421/31/31 3551/31/64 3550/33/62 
f 2425/35/35 2423/33/33 3550/33/62 3549/35/61 
f 2427/37/37 2425/35/35 3549/35/61 3548/37/82 
f 2429/39/39 2427/37/37 3548/37/82 3547/39/83 
f 2431/41/41 2429/39/39 3547/39/83 3538/41/84 
f 2435/45/45 2434/44/44 3546/44/57 3545/45/68 
f 2437/47/47 2435/45/45 3545/45/68 3544/47/70 
f 2439/49/49 2437/47/47 3544/47/70 3543/49/73 
f 2441/51/51 2439/49/49 3543/49/73 3542/51/75 
f 2443/53/53 2441/51/51 3542/51/75 3541/53/77 
f 2445/55/55 2443/53/53 3541/53/77 3536/55/79 
f 2404/14/14 2417/27/27 3540/27/81 3539/14/69 
f 2406/16/16 2431/41/41 3538/41/84 3537/16/72 
f 2420/30/30 2445/55/55 3536/55/79 3535/30/66 
f 2393/3/3 2392/2/2 3534/2/59 3533/3/58 
f 3561/1/1 3562/2/2 3563/3/3 3564/4/4 
f 3565/5/5 3566/6/6 3562/2/2 3561/1/1 
f 3567/7/7 3568/8/8 3566/6/6 3565/5/5 
f 3569/9/9 3570/10/10 3568/8/8 3567/7/7 
f 3571/11/11 3572/12/12 3570/10/10 3569/9/9 
f 3573/13/13 3574/14/14 3572/12/12 3571/11/11 
f 3575/15/15 3576/16/16 3577/17/17 3578/18/18 
f 3578/18/18 3577/17/17 3579/19/19 3580/20/20 
f 3580/20/20 3579/19/19 3581/21/21 3582/22/22 
f 3582/22/22 3581/21/21 3583/23/23 3584/24/24 
f 3584/24/24 3583/23/23 3585/25/25 3586/26/26 
f 3586/26/26 3585/25/25 3587/27/27 3588/28/28 
f 3589/29/29 3590/30/30 3591/31/31 3592/32/32 
f 3592/32/32 3591/31/31 3593/33/33 3594/34/34 
f 3594/34/34 3593/33/33 3595/35/35 3596/36/36 
f 3596/36/36 3595/35/35 3597/37/37 3598/38/38 
f 3598/38/38 3597/37/37 3599/39/39 3600/40/40 
f 3600/40/40 3599/39/39 3601/41/41 3602/42/42 
f 3603/43/43 3604/44/44 3605/45/45 3606/46/46 
f 3606/46/46 3605/45/45 3607/47/47 3608/48/48 
f 3608/48/48 3607/47/47 3609/49/49 3610/50/50 
f 3610/50/50 3609/49/49 3611/51/51 3612/52/52 
f 3612/52/52 3611/51/51 3613/53/53 3614/54/54 
f 3614/54/54 3613/53/53 3615/55/55 3616/56/56 
f 3588/28/28 3587/27/27 3574/14/14 3573/13/13 
f 3602/42/42 3601/41/41 3576/16/16 3575/15/15 
f 3616/56/56 3615/55/55 3590/30/30 3589/29/29 
f 3564/4/4 3563/3/3 3604/44/44 3603/43/43 
f 3617/44/57 3618/3/58 3619/3/58 3620/44/57 
f 3621/2/59 3622/6/60 3623/6/60 3624/2/59 
f 3569/9/9 3567/7/7 3625/7/61 3626/9/62 
f 3622/6/60 3627/8/63 3628/8/63 3623/6/60 
f 3571/11/11 3569/9/9 3626/9/62 3629/11/64 
f 3627/8/63 3630/10/65 3631/10/65 3628/8/63 
f 3573/13/13 3571/11/11 3629/11/64 3632/13/66 
f 3630/10/65 3633/12/67 3634/12/67 3631/10/65 
f 3575/15/15 3578/18/18 3635/18/68 3636/15/57 
f 3633/12/67 3637/14/69 3638/14/69 3634/12/67 
f 3578/18/18 3580/20/20 3639/20/70 3635/18/68 
f 3640/17/71 3641/16/72 3642/16/72 3643/17/71 
f 3580/20/20 3582/22/22 3644/22/73 3639/20/70 
f 3645/19/74 3640/17/71 3643/17/71 3646/19/74 
f 3582/22/22 3584/24/24 3647/24/75 3644/22/73 
f 3648/21/76 3645/19/74 3646/19/74 3649/21/76 
f 3584/24/24 3586/26/26 3650/26/77 3647/24/75 
f 3651/23/78 3648/21/76 3649/21/76 3652/23/78 
f 3586/26/26 3588/28/28 3653/28/79 3650/26/77 
f 3654/25/80 3651/23/78 3652/23/78 3655/25/80 
f 3589/29/29 3592/32/32 3656/32/67 3657/29/69 
f 3658/27/81 3654/25/80 3655/25/80 3659/27/81 
f 3592/32/32 3594/34/34 3660/34/65 3656/32/67 
f 3661/31/64 3662/30/66 3663/30/66 3664/31/64 
f 3594/34/34 3596/36/36 3665/36/63 3660/34/65 
f 3666/33/62 3661/31/64 3664/31/64 3667/33/62 
f 3596/36/36 3598/38/38 3668/38/60 3665/36/63 
f 3669/35/61 3666/33/62 3667/33/62 3670/35/61 
f 3598/38/38 3600/40/40 3671/40/59 3668/38/60 
f 3672/37/82 3669/35/61 3670/35/61 3673/37/82 
f 3600/40/40 3602/42/42 3674/42/58 3671/40/59 
f 3675/39/83 3672/37/82 3673/37/82 3676/39/83 
f 3603/43/43 3606/46/46 3677/46/71 3678/43/72 
f 3679/41/84 3675/39/83 3676/39/83 3680/41/84 
f 3606/46/46 3608/48/48 3681/48/74 3677/46/71 
f 3682/45/68 3617/44/57 3620/44/57 3683/45/68 
f 3608/48/48 3610/50/50 3684/50/76 3681/48/74 
f 3685/47/70 3682/45/68 3683/45/68 3686/47/70 
f 3610/50/50 3612/52/52 3687/52/78 3684/50/76 
f 3688/49/73 3685/47/70 3686/47/70 3689/49/73 
f 3612/52/52 3614/54/54 3690/54/80 3687/52/78 
f 3691/51/75 3688/49/73 3689/49/73 3692/51/75 
f 3614/54/54 3616/56/56 3693/56/81 3690/54/80 
f 3694/53/77 3691/51/75 3692/51/75 3695/53/77 
f 3588/28/28 3573/13/13 3632/13/66 3653/28/79 
f 3696/55/79 3694/53/77 3695/53/77 3697/55/79 
f 3602/42/42 3575/15/15 3636/15/57 3674/42/58 
f 3637/14/69 3658/27/81 3659/27/81 3638/14/69 
f 3616/56/56 3589/29/29 3657/29/69 3693/56/81 
f 3561/1/1 3564/4/4 3698/4/84 3699/1/83 
f 3641/16/72 3679/41/84 3680/41/84 3642/16/72 
f 3564/4/4 3603/43/43 3678/43/72 3698/4/84 
f 3565/5/5 3561/1/1 3699/1/83 3700/5/82 
f 3662/30/66 3696/55/79 3697/55/79 3663/30/66 
f 3618/3/58 3621/2/59 3624/2/59 3619/3/58 
f 3567/7/7 3565/5/5 3700/5/82 3625/7/61 
f 3701/57/85 3702/58/86 3703/59/87 3704/60/88 
f 3702/58/86 3705/61/89 3706/62/90 3703/59/87 
f 3705/61/89 3707/63/91 3708/64/92 3706/62/90 
f 3707/63/91 3701/65/85 3704/66/88 3708/64/92 
f 3702/67/86 3701/68/85 3707/63/91 3705/61/89 
f 3706/62/90 3708/64/92 3704/69/88 3703/70/87 
f 3709/71/96 3710/72/93 3711/3/94 3712/2/95 
f 3713/73/96 3709/71/96 3712/2/95 3714/6/97 
f 3715/74/93 3713/73/96 3714/6/97 3716/8/98 
f 3717/75/96 3715/74/93 3716/8/98 3718/10/99 
f 3719/76/96 3717/75/96 3718/10/99 3720/12/100 
f 3721/77/96 3719/76/96 3720/12/100 3722/14/101 
f 3723/78/96 3724/79/93 3725/17/102 3726/16/103 
f 3724/79/93 3727/80/96 3728/19/104 3725/17/102 
f 3727/80/96 3729/81/96 3730/21/105 3728/19/104 
f 3729/81/96 3731/82/96 3732/23/106 3730/21/105 
f 3731/82/96 3733/83/93 3734/25/107 3732/23/106 
f 3733/83/93 3735/84/93 3736/27/108 3734/25/107 
f 3737/85/93 3738/86/93 3739/31/109 3740/30/532 
f 3738/86/93 3741/87/93 3742/33/111 3739/31/109 
f 3741/87/93 3743/88/96 3744/35/112 3742/33/111 
f 3743/88/96 3745/89/93 3746/37/544 3744/35/112 
f 3745/89/93 3747/90/93 3748/39/114 3746/37/544 
f 3747/90/93 3749/91/96 3750/41/115 3748/39/114 
f 3751/92/93 3752/93/96 3753/45/116 3754/44/117 
f 3752/93/96 3755/94/96 3756/47/118 3753/45/116 
f 3755/94/96 3757/95/93 3758/49/119 3756/47/118 
f 3757/95/93 3759/96/96 3760/51/120 3758/49/119 
f 3759/96/96 3761/97/96 3762/53/121 3760/51/120 
f 3761/97/96 3763/98/93 3764/55/534 3762/53/121 
f 3735/84/93 3721/77/96 3722/14/101 3736/27/108 
f 3749/91/96 3723/78/96 3726/16/103 3750/41/115 
f 3763/98/93 3737/85/93 3740/30/532 3764/55/534 
f 3710/72/93 3751/92/93 3754/44/117 3711/3/94 
f 3765/44/123 3766/3/124 3711/3/94 3754/44/117 
f 3767/2/125 3768/6/126 3714/6/97 3712/2/95 
f 3769/9/545 3770/7/128 3771/7/129 3772/9/130 
f 3768/6/126 3773/8/131 3716/8/98 3714/6/97 
f 3774/11/132 3769/9/545 3772/9/130 3775/11/133 
f 3773/8/131 3776/10/134 3718/10/99 3716/8/98 
f 3777/13/135 3774/11/132 3775/11/133 3778/13/527 
f 3776/10/134 3779/12/137 3720/12/100 3718/10/99 
f 3780/15/138 3781/18/139 3782/18/140 3783/15/141 
f 3779/12/137 3784/14/142 3722/14/101 3720/12/100 
f 3781/18/139 3785/20/143 3786/20/546 3782/18/140 
f 3787/17/145 3788/16/146 3726/16/103 3725/17/102 
f 3785/20/143 3789/22/147 3790/22/148 3786/20/546 
f 3791/19/149 3787/17/145 3725/17/102 3728/19/104 
f 3789/22/147 3792/24/150 3793/24/151 3790/22/148 
f 3794/21/152 3791/19/149 3728/19/104 3730/21/105 
f 3792/24/150 3795/26/153 3796/26/154 3793/24/151 
f 3797/23/155 3794/21/152 3730/21/105 3732/23/106 
f 3795/26/153 3798/28/156 3799/28/157 3796/26/154 
f 3800/25/158 3797/23/155 3732/23/106 3734/25/107 
f 3801/29/159 3802/32/160 3803/32/547 3804/29/162 
f 3805/27/163 3800/25/158 3734/25/107 3736/27/108 
f 3802/32/160 3806/34/164 3807/34/165 3803/32/547 
f 3808/31/166 3809/30/167 3740/30/532 3739/31/109 
f 3806/34/164 3810/36/168 3811/36/169 3807/34/165 
f 3812/33/170 3808/31/166 3739/31/109 3742/33/111 
f 3810/36/168 3813/38/171 3814/38/548 3811/36/169 
f 3815/35/173 3812/33/170 3742/33/111 3744/35/112 
f 3813/38/171 3816/40/174 3817/40/175 3814/38/548 
f 3818/37/176 3815/35/173 3744/35/112 3746/37/544 
f 3816/40/174 3819/42/177 3820/42/178 3817/40/175 
f 3821/39/179 3818/37/176 3746/37/544 3748/39/114 
f 3822/43/180 3823/46/181 3824/46/182 3825/43/183 
f 3826/41/184 3821/39/179 3748/39/114 3750/41/115 
f 3823/46/181 3827/48/185 3828/48/186 3824/46/182 
f 3829/45/187 3765/44/123 3754/44/117 3753/45/116 
f 3827/48/185 3830/50/188 3831/50/189 3828/48/186 
f 3832/47/190 3829/45/187 3753/45/116 3756/47/118 
f 3830/50/188 3833/52/191 3834/52/192 3831/50/189 
f 3835/49/193 3832/47/190 3756/47/118 3758/49/119 
f 3833/52/191 3836/54/194 3837/54/195 3834/52/192 
f 3838/51/196 3835/49/193 3758/49/119 3760/51/120 
f 3836/54/194 3839/56/197 3840/56/198 3837/54/195 
f 3841/53/199 3838/51/196 3760/51/120 3762/53/121 
f 3798/28/156 3777/13/135 3778/13/527 3799/28/157 
f 3842/55/200 3841/53/199 3762/53/121 3764/55/534 
f 3819/42/177 3780/15/138 3783/15/141 3820/42/178 
f 3784/14/142 3805/27/163 3736/27/108 3722/14/101 
f 3839/56/197 3801/29/159 3804/29/162 3840/56/198 
f 3843/1/201 3844/4/202 3845/4/203 3846/1/204 
f 3788/16/146 3826/41/184 3750/41/115 3726/16/103 
f 3844/4/202 3822/43/180 3825/43/183 3845/4/203 
f 3847/5/205 3843/1/201 3846/1/204 3848/5/206 
f 3809/30/167 3842/55/200 3764/55/534 3740/30/532 
f 3766/3/124 3767/2/125 3712/2/95 3711/3/94 
f 3770/7/128 3847/5/205 3848/5/206 3771/7/129 
f 3849/99/207 3850/100/208 3851/101/209 3852/102/210 
f 3850/100/208 3853/103/211 3854/104/212 3851/101/209 
f 3853/103/211 3855/105/213 3856/106/214 3854/104/212 
f 3855/105/213 3857/70/215 3858/107/216 3856/106/214 
f 3857/70/215 3859/108/217 3860/109/218 3858/107/216 
f 3859/108/217 3861/110/219 3862/111/220 3860/109/218 
f 3861/110/219 3863/112/221 3864/113/222 3862/111/220 
f 3863/112/221 3865/114/223 3866/115/224 3864/113/222 
f 3865/114/223 3867/116/225 3868/117/226 3866/115/224 
f 3867/116/225 3869/118/227 3870/119/228 3868/117/226 
f 3869/118/227 3871/120/229 3872/121/230 3870/119/228 
f 3871/120/229 3873/62/231 3874/66/232 3872/121/230 
f 3873/62/231 3875/122/233 3876/123/234 3874/66/232 
f 3875/122/233 3877/124/235 3878/125/236 3876/123/234 
f 3877/124/235 3879/126/275 3880/127/238 3878/125/236 
f 3879/126/275 3881/128/239 3882/129/240 3880/127/238 
f 3881/128/239 3883/130/278 3884/131/242 3882/129/240 
f 3883/130/278 3885/132/243 3886/133/244 3884/131/242 
f 3885/132/243 3887/134/245 3888/135/246 3886/133/244 
f 3887/134/245 3889/61/247 3890/65/248 3888/135/246 
f 3889/61/247 3891/136/249 3892/137/250 3890/65/248 
f 3891/136/249 3893/138/251 3894/139/252 3892/137/250 
f 3893/138/251 3895/140/253 3896/141/254 3894/139/252 
f 3895/140/253 3897/142/255 3898/143/256 3896/141/254 
f 3897/142/255 3899/144/257 3900/145/258 3898/143/256 
f 3899/144/257 3901/146/259 3902/147/260 3900/145/258 
f 3901/146/259 3903/148/261 3904/149/262 3902/147/260 
f 3903/148/261 3905/67/263 3906/150/264 3904/149/262 
f 3905/67/263 3907/151/265 3908/152/266 3906/150/264 
f 3907/151/265 3909/153/267 3910/154/268 3908/152/266 
f 3851/155/209 3854/156/212 3856/157/214 3858/158/216 3860/159/218 3862/160/220 3864/161/222 3866/162/224 3868/163/226 3870/164/228 3872/165/230 3874/166/232 3876/167/234 3878/168/236 3880/169/238 3882/170/240 3884/171/242 3886/172/244 3888/173/246 3890/174/248 3892/175/250 3894/176/252 3896/177/254 3898/178/256 3900/179/258 3902/180/260 3904/181/262 3906/182/264 3908/183/266 3910/184/268 3911/185/269 3852/186/210 
f 3909/153/267 3912/187/270 3911/188/269 3910/154/268 
f 3912/187/270 3849/189/207 3852/190/210 3911/188/269 
f 3849/191/207 3912/192/270 3909/193/267 3907/194/265 3905/195/263 3903/196/261 3901/197/259 3899/198/257 3897/199/255 3895/200/253 3893/201/251 3891/202/249 3889/203/247 3887/204/245 3885/205/243 3883/206/278 3881/207/239 3879/208/275 3877/209/235 3875/210/233 3873/211/231 3871/212/229 3869/213/227 3867/214/225 3865/215/223 3863/216/221 3861/217/219 3859/218/217 3857/219/215 3855/220/213 3853/221/211 3850/222/208 
f 3913/99/271 3914/100/208 3915/101/209 3916/102/272 
f 3914/100/208 3917/103/211 3918/104/212 3915/101/209 
f 3917/103/211 3919/105/213 3920/106/214 3918/104/212 
f 3919/105/213 3921/70/273 3922/107/216 3920/106/214 
f 3921/70/273 3923/108/217 3924/109/218 3922/107/216 
f 3923/108/217 3925/110/219 3926/111/220 3924/109/218 
f 3925/110/219 3927/112/221 3928/113/222 3926/111/220 
f 3927/112/221 3929/114/223 3930/115/224 3928/113/222 
f 3929/114/223 3931/116/225 3932/117/226 3930/115/224 
f 3931/116/225 3933/118/227 3934/119/228 3932/117/226 
f 3933/118/227 3935/120/229 3936/121/230 3934/119/228 
f 3935/120/229 3937/62/274 3938/66/232 3936/121/230 
f 3937/62/274 3939/122/233 3940/123/234 3938/66/232 
f 3939/122/233 3941/124/235 3942/125/236 3940/123/234 
f 3941/124/235 3943/126/275 3944/127/238 3942/125/236 
f 3943/126/275 3945/128/276 3946/129/277 3944/127/238 
f 3945/128/276 3947/130/278 3948/131/242 3946/129/277 
f 3947/130/278 3949/132/243 3950/133/244 3948/131/242 
f 3949/132/243 3951/134/245 3952/135/246 3950/133/244 
f 3951/134/245 3953/61/279 3954/65/280 3952/135/246 
f 3953/61/279 3955/136/249 3956/137/250 3954/65/280 
f 3955/136/249 3957/138/251 3958/139/252 3956/137/250 
f 3957/138/251 3959/140/253 3960/141/254 3958/139/252 
f 3959/140/253 3961/142/255 3962/143/256 3960/141/254 
f 3961/142/255 3963/144/257 3964/145/258 3962/143/256 
f 3963/144/257 3965/146/259 3966/147/260 3964/145/258 
f 3965/146/259 3967/148/261 3968/149/262 3966/147/260 
f 3967/148/261 3969/67/281 3970/150/287 3968/149/262 
f 3969/67/281 3971/151/265 3972/152/266 3970/150/287 
f 3971/151/265 3973/153/267 3974/154/268 3972/152/266 
f 3915/155/209 3918/156/212 3920/157/214 3922/158/216 3924/159/218 3926/160/220 3928/161/222 3930/162/224 3932/163/226 3934/164/228 3936/165/230 3938/166/232 3940/167/234 3942/168/236 3944/169/238 3946/170/277 3948/171/242 3950/172/244 3952/173/246 3954/174/280 3956/175/250 3958/176/252 3960/177/254 3962/178/256 3964/179/258 3966/180/260 3968/181/262 3970/182/287 3972/183/266 3974/184/268 3975/185/269 3916/186/272 
f 3973/153/267 3976/187/270 3975/188/269 3974/154/268 
f 3976/187/270 3913/189/271 3916/190/272 3975/188/269 
f 3913/191/271 3976/192/270 3973/193/267 3971/194/265 3969/195/281 3967/196/261 3965/197/259 3963/198/257 3961/199/255 3959/200/253 3957/201/251 3955/202/249 3953/203/279 3951/204/245 3949/205/243 3947/206/278 3945/207/276 3943/208/275 3941/209/235 3939/210/233 3937/211/274 3935/212/229 3933/213/227 3931/214/225 3929/215/223 3927/216/221 3925/217/219 3923/218/217 3921/219/273 3919/220/213 3917/221/211 3914/222/208 
f 3977/99/282 3978/100/208 3979/101/209 3980/102/272 
f 3978/100/208 3981/103/211 3982/104/212 3979/101/209 
f 3981/103/211 3983/105/213 3984/106/214 3982/104/212 
f 3983/105/213 3985/70/215 3986/107/216 3984/106/214 
f 3985/70/215 3987/108/217 3988/109/218 3986/107/216 
f 3987/108/217 3989/110/219 3990/111/220 3988/109/218 
f 3989/110/219 3991/112/221 3992/113/222 3990/111/220 
f 3991/112/221 3993/114/223 3994/115/224 3992/113/222 
f 3993/114/223 3995/116/225 3996/117/226 3994/115/224 
f 3995/116/225 3997/118/227 3998/119/228 3996/117/226 
f 3997/118/227 3999/120/229 4000/121/230 3998/119/228 
f 3999/120/229 4001/62/231 4002/66/283 4000/121/230 
f 4001/62/231 4003/122/233 4004/123/284 4002/66/283 
f 4003/122/233 4005/124/235 4006/125/236 4004/123/284 
f 4005/124/235 4007/126/275 4008/127/238 4006/125/236 
f 4007/126/275 4009/128/276 4010/129/285 4008/127/238 
f 4009/128/276 4011/130/278 4012/131/242 4010/129/285 
f 4011/130/278 4013/132/243 4014/133/244 4012/131/242 
f 4013/132/243 4015/134/245 4016/135/286 4014/133/244 
f 4015/134/245 4017/61/247 4018/65/248 4016/135/286 
f 4017/61/247 4019/136/249 4020/137/250 4018/65/248 
f 4019/136/249 4021/138/251 4022/139/252 4020/137/250 
f 4021/138/251 4023/140/253 4024/141/254 4022/139/252 
f 4023/140/253 4025/142/255 4026/143/256 4024/141/254 
f 4025/142/255 4027/144/257 4028/145/258 4026/143/256 
f 4027/144/257 4029/146/259 4030/147/260 4028/145/258 
f 4029/146/259 4031/148/261 4032/149/262 4030/147/260 
f 4031/148/261 4033/67/263 4034/150/287 4032/149/262 
f 4033/67/263 4035/151/265 4036/152/266 4034/150/287 
f 4035/151/265 4037/153/267 4038/154/268 4036/152/266 
f 3979/155/209 3982/156/212 3984/157/214 3986/158/216 3988/159/218 3990/160/220 3992/161/222 3994/162/224 3996/163/226 3998/164/228 4000/165/230 4002/166/283 4004/167/284 4006/168/236 4008/169/238 4010/170/285 4012/171/242 4014/172/244 4016/173/286 4018/174/248 4020/175/250 4022/176/252 4024/177/254 4026/178/256 4028/179/258 4030/180/260 4032/181/262 4034/182/287 4036/183/266 4038/184/268 4039/185/269 3980/186/272 
f 4037/153/267 4040/187/270 4039/188/269 4038/154/268 
f 4040/187/270 3977/189/282 3980/190/272 4039/188/269 
f 3977/191/282 4040/192/270 4037/193/267 4035/194/265 4033/195/263 4031/196/261 4029/197/259 4027/198/257 4025/199/255 4023/200/253 4021/201/251 4019/202/249 4017/203/247 4015/204/245 4013/205/243 4011/206/278 4009/207/276 4007/208/275 4005/209/235 4003/210/233 4001/211/231 3999/212/229 3997/213/227 3995/214/225 3993/215/223 3991/216/221 3989/217/219 3987/218/217 3985/219/215 3983/220/213 3981/221/211 3978/222/208 
f 4041/99/207 4042/100/288 4043/101/289 4044/102/210 
f 4042/100/288 4045/103/211 4046/104/212 4043/101/289 
f 4045/103/211 4047/105/290 4048/106/214 4046/104/212 
f 4047/105/290 4049/70/273 4050/107/216 4048/106/214 
f 4049/70/273 4051/108/217 4052/109/218 4050/107/216 
f 4051/108/217 4053/110/219 4054/111/220 4052/109/218 
f 4053/110/219 4055/112/221 4056/113/222 4054/111/220 
f 4055/112/221 4057/114/223 4058/115/224 4056/113/222 
f 4057/114/223 4059/116/225 4060/117/226 4058/115/224 
f 4059/116/225 4061/118/227 4062/119/228 4060/117/226 
f 4061/118/227 4063/120/229 4064/121/230 4062/119/228 
f 4063/120/229 4065/62/231 4066/66/291 4064/121/230 
f 4065/62/231 4067/122/233 4068/123/234 4066/66/291 
f 4067/122/233 4069/124/235 4070/125/236 4068/123/234 
f 4069/124/235 4071/126/275 4072/127/238 4070/125/236 
f 4071/126/275 4073/128/276 4074/129/277 4072/127/238 
f 4073/128/276 4075/130/278 4076/131/242 4074/129/277 
f 4075/130/278 4077/132/243 4078/133/244 4076/131/242 
f 4077/132/243 4079/134/245 4080/135/246 4078/133/244 
f 4079/134/245 4081/61/247 4082/65/292 4080/135/246 
f 4081/61/247 4083/136/249 4084/137/250 4082/65/292 
f 4083/136/249 4085/138/251 4086/139/252 4084/137/250 
f 4085/138/251 4087/140/253 4088/141/254 4086/139/252 
f 4087/140/253 4089/142/255 4090/143/256 4088/141/254 
f 4089/142/255 4091/144/257 4092/145/258 4090/143/256 
f 4091/144/257 4093/146/259 4094/147/260 4092/145/258 
f 4093/146/259 4095/148/261 4096/149/262 4094/147/260 
f 4095/148/261 4097/67/293 4098/150/264 4096/149/262 
f 4097/67/293 4099/151/294 4100/152/266 4098/150/264 
f 4099/151/294 4101/153/267 4102/154/268 4100/152/266 
f 4043/155/289 4046/156/212 4048/157/214 4050/158/216 4052/159/218 4054/160/220 4056/161/222 4058/162/224 4060/163/226 4062/164/228 4064/165/230 4066/166/291 4068/167/234 4070/168/236 4072/169/238 4074/170/277 4076/171/242 4078/172/244 4080/173/246 4082/174/292 4084/175/250 4086/176/252 4088/177/254 4090/178/256 4092/179/258 4094/180/260 4096/181/262 4098/182/264 4100/183/266 4102/184/268 4103/185/269 4044/186/210 
f 4101/153/267 4104/187/295 4103/188/269 4102/154/268 
f 4104/187/295 4041/189/207 4044/190/210 4103/188/269 
f 4041/191/207 4104/192/295 4101/193/267 4099/194/294 4097/195/293 4095/196/261 4093/197/259 4091/198/257 4089/199/255 4087/200/253 4085/201/251 4083/202/249 4081/203/247 4079/204/245 4077/205/243 4075/206/278 4073/207/276 4071/208/275 4069/209/235 4067/210/233 4065/211/231 4063/212/229 4061/213/227 4059/214/225 4057/215/223 4055/216/221 4053/217/219 4051/218/217 4049/219/273 4047/220/290 4045/221/211 4042/222/288 
f 4105/57/296 4106/58/297 4107/59/298 4108/60/299 
f 4106/58/297 4109/61/300 4110/62/549 4107/59/298 
f 4109/61/300 4111/63/302 4112/64/550 4110/62/549 
f 4111/63/302 4105/65/296 4108/66/299 4112/64/550 
f 4106/67/297 4105/68/296 4111/63/302 4109/61/300 
f 4110/62/549 4112/64/550 4108/69/299 4107/70/298 
f 4113/57/304 4114/58/305 4115/59/306 4116/60/307 
f 4114/58/305 4117/61/308 4118/62/309 4115/59/306 
f 4117/61/308 4119/63/310 4120/64/311 4118/62/309 
f 4119/63/310 4113/65/304 4116/66/307 4120/64/311 
f 4114/67/305 4113/68/304 4119/63/310 4117/61/308 
f 4118/62/309 4120/64/311 4116/69/307 4115/70/306 
f 4121/57/312 4122/58/313 4123/59/314 4124/60/315 
f 4122/58/313 4125/61/316 4126/62/317 4123/59/314 
f 4125/61/316 4127/63/318 4128/64/319 4126/62/317 
f 4127/63/318 4121/65/312 4124/66/315 4128/64/319 
f 4122/67/313 4121/68/312 4127/63/318 4125/61/316 
f 4126/62/317 4128/64/319 4124/69/315 4123/70/314 
f 3816/1/174 3819/4/177 4129/3/320 4130/2/321 
f 4131/1/26 4132/2/25 4133/3/27 4134/4/322 
f 4135/5/323 4136/6/23 4132/2/25 4131/1/26 
f 4137/7/22 4138/8/21 4136/6/23 4135/5/323 
f 4139/9/20 4140/10/19 4138/8/21 4137/7/22 
f 4141/11/18 4142/12/17 4140/10/19 4139/9/20 
f 4143/13/15 4144/14/16 4142/12/17 4141/11/18 
f 4145/15/324 4146/16/30 4147/17/31 4148/18/32 
f 4148/18/32 4147/17/31 4149/19/33 4150/20/34 
f 4150/20/34 4149/19/33 4151/21/35 4152/22/36 
f 4152/22/36 4151/21/35 4153/23/37 4154/24/38 
f 4154/24/38 4153/23/37 4155/25/39 4156/26/40 
f 4156/26/40 4155/25/39 4157/27/41 4158/28/42 
f 4159/29/43 4160/30/44 4161/31/45 4162/32/46 
f 4162/32/46 4161/31/45 4163/33/47 4164/34/48 
f 4164/34/48 4163/33/47 4165/35/49 4166/36/50 
f 4166/36/50 4165/35/49 4167/37/51 4168/38/52 
f 4168/38/52 4167/37/51 4169/39/53 4170/40/325 
f 4170/40/325 4169/39/53 4171/41/55 4172/42/326 
f 4173/43/327 4174/44/14 4175/45/12 4176/46/11 
f 4176/46/11 4175/45/12 4177/47/10 4178/48/328 
f 4178/48/328 4177/47/10 4179/49/8 4180/50/7 
f 4180/50/7 4179/49/8 4181/51/6 4182/52/5 
f 4182/52/5 4181/51/6 4183/53/2 4184/54/1 
f 4184/54/1 4183/53/2 4185/55/3 4186/56/4 
f 4158/28/42 4157/27/41 4144/14/16 4143/13/15 
f 4172/42/326 4171/41/55 4146/16/30 4145/15/324 
f 4186/56/4 4185/55/3 4160/30/44 4159/29/43 
f 4134/4/322 4133/3/27 4174/44/14 4173/43/327 
f 3813/5/171 3816/1/174 4130/2/321 4187/6/329 
f 3810/7/168 3813/5/171 4187/6/329 4188/8/551 
f 3806/9/164 3810/7/168 4188/8/551 4189/10/331 
f 3802/11/160 3806/9/164 4189/10/331 4190/12/332 
f 3801/13/159 3802/11/160 4190/12/332 4191/14/333 
f 3822/15/180 3823/18/181 4192/17/334 4193/16/335 
f 3823/18/181 3827/20/185 4194/19/336 4192/17/334 
f 3827/20/185 3830/22/188 4195/21/337 4194/19/336 
f 3830/22/188 3833/24/191 4196/23/338 4195/21/337 
f 3833/24/191 3836/26/194 4197/25/339 4196/23/338 
f 3836/26/194 3839/28/197 4198/27/340 4197/25/339 
f 3777/29/135 3774/32/132 4199/31/341 4200/30/342 
f 3774/32/132 3769/34/545 4201/33/343 4199/31/341 
f 3769/34/545 3770/36/128 4202/35/344 4201/33/343 
f 3770/36/128 3847/38/205 4203/37/345 4202/35/344 
f 3847/38/205 3843/40/201 4204/39/346 4203/37/345 
f 3843/40/201 3844/42/202 4205/41/347 4204/39/346 
f 3780/43/138 3781/46/139 4206/45/348 4207/44/349 
f 3781/46/139 3785/48/143 4208/47/350 4206/45/348 
f 3785/48/143 3789/50/147 4209/49/351 4208/47/350 
f 3789/50/147 3792/52/150 4210/51/352 4209/49/351 
f 3792/52/150 3795/54/153 4211/53/353 4210/51/352 
f 3795/54/153 3798/56/156 4212/55/354 4211/53/353 
f 3839/28/197 3801/13/159 4191/14/333 4198/27/340 
f 3844/42/202 3822/15/180 4193/16/335 4205/41/347 
f 3798/56/156 3777/29/135 4200/30/342 4212/55/354 
f 3819/4/177 3780/43/138 4207/44/349 4129/3/320 
f 4174/44/14 4133/3/27 4129/3/320 4207/44/349 
f 4132/2/25 4136/6/23 4187/6/329 4130/2/321 
f 4139/9/20 4137/7/22 3810/7/168 3806/9/164 
f 4136/6/23 4138/8/21 4188/8/551 4187/6/329 
f 4141/11/18 4139/9/20 3806/9/164 3802/11/160 
f 4138/8/21 4140/10/19 4189/10/331 4188/8/551 
f 4143/13/15 4141/11/18 3802/11/160 3801/13/159 
f 4140/10/19 4142/12/17 4190/12/332 4189/10/331 
f 4145/15/324 4148/18/32 3823/18/181 3822/15/180 
f 4142/12/17 4144/14/16 4191/14/333 4190/12/332 
f 4148/18/32 4150/20/34 3827/20/185 3823/18/181 
f 4147/17/31 4146/16/30 4193/16/335 4192/17/334 
f 4150/20/34 4152/22/36 3830/22/188 3827/20/185 
f 4149/19/33 4147/17/31 4192/17/334 4194/19/336 
f 4152/22/36 4154/24/38 3833/24/191 3830/22/188 
f 4151/21/35 4149/19/33 4194/19/336 4195/21/337 
f 4154/24/38 4156/26/40 3836/26/194 3833/24/191 
f 4153/23/37 4151/21/35 4195/21/337 4196/23/338 
f 4156/26/40 4158/28/42 3839/28/197 3836/26/194 
f 4155/25/39 4153/23/37 4196/23/338 4197/25/339 
f 4159/29/43 4162/32/46 3774/32/132 3777/29/135 
f 4157/27/41 4155/25/39 4197/25/339 4198/27/340 
f 4162/32/46 4164/34/48 3769/34/545 3774/32/132 
f 4161/31/45 4160/30/44 4200/30/342 4199/31/341 
f 4164/34/48 4166/36/50 3770/36/128 3769/34/545 
f 4163/33/47 4161/31/45 4199/31/341 4201/33/343 
f 4166/36/50 4168/38/52 3847/38/205 3770/36/128 
f 4165/35/49 4163/33/47 4201/33/343 4202/35/344 
f 4168/38/52 4170/40/325 3843/40/201 3847/38/205 
f 4167/37/51 4165/35/49 4202/35/344 4203/37/345 
f 4170/40/325 4172/42/326 3844/42/202 3843/40/201 
f 4169/39/53 4167/37/51 4203/37/345 4204/39/346 
f 4173/43/327 4176/46/11 3781/46/139 3780/43/138 
f 4171/41/55 4169/39/53 4204/39/346 4205/41/347 
f 4176/46/11 4178/48/328 3785/48/143 3781/46/139 
f 4175/45/12 4174/44/14 4207/44/349 4206/45/348 
f 4178/48/328 4180/50/7 3789/50/147 3785/48/143 
f 4177/47/10 4175/45/12 4206/45/348 4208/47/350 
f 4180/50/7 4182/52/5 3792/52/150 3789/50/147 
f 4179/49/8 4177/47/10 4208/47/350 4209/49/351 
f 4182/52/5 4184/54/1 3795/54/153 3792/52/150 
f 4181/51/6 4179/49/8 4209/49/351 4210/51/352 
f 4184/54/1 4186/56/4 3798/56/156 3795/54/153 
f 4183/53/2 4181/51/6 4210/51/352 4211/53/353 
f 4158/28/42 4143/13/15 3801/13/159 3839/28/197 
f 4185/55/3 4183/53/2 4211/53/353 4212/55/354 
f 4172/42/326 4145/15/324 3822/15/180 3844/42/202 
f 4144/14/16 4157/27/41 4198/27/340 4191/14/333 
f 4186/56/4 4159/29/43 3777/29/135 3798/56/156 
f 4131/1/26 4134/4/322 3819/4/177 3816/1/174 
f 4146/16/30 4171/41/55 4205/41/347 4193/16/335 
f 4134/4/322 4173/43/327 3780/43/138 3819/4/177 
f 4135/5/323 4131/1/26 3816/1/174 3813/5/171 
f 4160/30/44 4185/55/3 4212/55/354 4200/30/342 
f 4133/3/27 4132/2/25 4130/2/321 4129/3/320 
f 4137/7/22 4135/5/323 3813/5/171 3810/7/168 
f 4213/57/355 4214/58/356 4215/59/357 4216/60/358 
f 4214/58/356 4217/61/359 4218/62/360 4215/59/357 
f 4217/61/359 4219/63/361 4220/64/362 4218/62/360 
f 4219/63/361 4213/65/355 4216/66/358 4220/64/362 
f 4214/67/356 4213/68/355 4219/63/361 4217/61/359 
f 4218/62/360 4220/64/362 4216/69/358 4215/70/357 
f 4221/223/93 4222/224/93 4223/3/363 4224/2/364 
f 4225/225/93 4221/223/93 4224/2/364 4226/6/365 
f 4227/226/96 4225/225/93 4226/6/365 4228/8/366 
f 4229/227/96 4227/226/96 4228/8/366 4230/10/367 
f 4231/228/93 4229/227/96 4230/10/367 4232/12/368 
f 4233/229/93 4231/228/93 4232/12/368 4234/14/369 
f 4235/230/96 4236/231/96 4237/17/370 4238/16/371 
f 4236/231/96 4239/232/96 4240/19/372 4237/17/370 
f 4239/232/96 4241/233/96 4242/21/373 4240/19/372 
f 4241/233/96 4243/234/93 4244/23/374 4242/21/373 
f 4243/234/93 4245/235/93 4246/25/375 4244/23/374 
f 4245/235/93 4247/236/93 4248/27/376 4246/25/375 
f 4249/237/96 4250/238/93 4251/31/377 4252/30/378 
f 4250/238/93 4253/239/93 4254/33/379 4251/31/377 
f 4253/239/93 4255/240/93 4256/35/380 4254/33/379 
f 4255/240/93 4257/241/96 4258/37/381 4256/35/380 
f 4257/241/96 4259/242/93 4260/39/382 4258/37/381 
f 4259/242/93 4261/243/93 4262/41/383 4260/39/382 
f 4263/244/96 4264/245/96 4265/45/384 4266/44/385 
f 4264/245/96 4267/246/96 4268/47/386 4265/45/384 
f 4267/246/96 4269/247/93 4270/49/387 4268/47/386 
f 4269/247/93 4271/248/96 4272/51/388 4270/49/387 
f 4271/248/96 4273/249/96 4274/53/389 4272/51/388 
f 4273/249/96 4275/250/96 4276/55/390 4274/53/389 
f 4247/236/93 4233/229/93 4234/14/369 4248/27/376 
f 4261/243/93 4235/230/96 4238/16/371 4262/41/383 
f 4275/250/96 4249/237/96 4252/30/378 4276/55/390 
f 4222/224/93 4263/244/96 4266/44/385 4223/3/363 
f 4277/44/57 4278/3/58 4223/3/363 4266/44/385 
f 4279/2/59 4280/6/60 4226/6/365 4224/2/364 
f 2456/9/62 2455/7/61 4281/7/391 4282/9/392 
f 4280/6/60 4283/8/63 4228/8/366 4226/6/365 
f 2459/11/64 2456/9/62 4282/9/392 4284/11/393 
f 4283/8/63 4285/10/65 4230/10/367 4228/8/366 
f 2462/13/66 2459/11/64 4284/11/393 4286/13/394 
f 4285/10/65 4287/12/67 4232/12/368 4230/10/367 
f 2466/15/57 2465/18/68 4288/18/395 4289/15/396 
f 4287/12/67 4290/14/69 4234/14/369 4232/12/368 
f 2465/18/68 4291/20/70 4292/20/397 4288/18/395 
f 4293/17/71 4294/16/72 4238/16/371 4237/17/370 
f 4291/20/70 2474/22/73 4295/22/398 4292/20/397 
f 4296/19/74 4293/17/71 4237/17/370 4240/19/372 
f 2474/22/73 2477/24/75 4297/24/399 4295/22/398 
f 4298/21/76 4296/19/74 4240/19/372 4242/21/373 
f 2477/24/75 2480/26/77 4299/26/400 4297/24/399 
f 4300/23/78 4298/21/76 4242/21/373 4244/23/374 
f 2480/26/77 2483/28/79 4301/28/401 4299/26/400 
f 4302/25/80 4300/23/78 4244/23/374 4246/25/375 
f 2487/29/69 2486/32/67 4303/32/541 4304/29/403 
f 4305/27/81 4302/25/80 4246/25/375 4248/27/376 
f 2486/32/67 4306/34/65 4307/34/404 4303/32/541 
f 4308/31/64 4309/30/66 4252/30/378 4251/31/377 
f 4306/34/65 2495/36/63 4310/36/405 4307/34/404 
f 4311/33/62 4308/31/64 4251/31/377 4254/33/379 
f 2495/36/63 2498/38/60 4312/38/406 4310/36/405 
f 4313/35/61 4311/33/62 4254/33/379 4256/35/380 
f 2498/38/60 2501/40/59 4314/40/407 4312/38/406 
f 4315/37/82 4313/35/61 4256/35/380 4258/37/381 
f 2501/40/59 2504/42/58 4316/42/408 4314/40/407 
f 4317/39/83 4315/37/82 4258/37/381 4260/39/382 
f 2508/43/72 2507/46/71 4318/46/409 4319/43/410 
f 4320/41/84 4317/39/83 4260/39/382 4262/41/383 
f 2507/46/71 2511/48/74 4321/48/411 4318/46/409 
f 4322/45/68 4277/44/57 4266/44/385 4265/45/384 
f 2511/48/74 2514/50/76 4323/50/412 4321/48/411 
f 4324/47/70 4322/45/68 4265/45/384 4268/47/386 
f 2514/50/76 4325/52/78 4326/52/413 4323/50/412 
f 4327/49/73 4324/47/70 4268/47/386 4270/49/387 
f 4325/52/78 2520/54/80 4328/54/414 4326/52/413 
f 4329/51/75 4327/49/73 4270/49/387 4272/51/388 
f 2520/54/80 2523/56/81 4330/56/415 4328/54/414 
f 4331/53/77 4329/51/75 4272/51/388 4274/53/389 
f 2483/28/79 2462/13/66 4286/13/394 4301/28/401 
f 4332/55/79 4331/53/77 4274/53/389 4276/55/390 
f 2504/42/58 2466/15/57 4289/15/396 4316/42/408 
f 4290/14/69 4305/27/81 4248/27/376 4234/14/369 
f 2523/56/81 2487/29/69 4304/29/403 4330/56/415 
f 2529/1/83 2528/4/84 4333/4/416 4334/1/417 
f 4294/16/72 4320/41/84 4262/41/383 4238/16/371 
f 2528/4/84 2508/43/72 4319/43/410 4333/4/416 
f 4335/5/82 2529/1/83 4334/1/417 4336/5/418 
f 4309/30/66 4332/55/79 4276/55/390 4252/30/378 
f 4278/3/58 4279/2/59 4224/2/364 4223/3/363 
f 2455/7/61 4335/5/82 4336/5/418 4281/7/391 
f 4337/99/497 4338/100/420 4339/101/421 4340/102/422 
f 4338/100/420 4341/103/423 4342/104/424 4339/101/421 
f 4341/103/423 4343/105/425 4344/106/426 4342/104/424 
f 4343/105/425 4345/70/427 4346/107/428 4344/106/426 
f 4345/70/427 4347/108/429 4348/109/430 4346/107/428 
f 4347/108/429 4349/110/431 4350/111/432 4348/109/430 
f 4349/110/431 4351/112/433 4352/113/434 4350/111/432 
f 4351/112/433 4353/114/435 4354/115/436 4352/113/434 
f 4353/114/435 4355/116/437 4356/117/438 4354/115/436 
f 4355/116/437 4357/118/439 4358/119/440 4356/117/438 
f 4357/118/439 4359/120/441 4360/121/442 4358/119/440 
f 4359/120/441 4361/62/443 4362/66/444 4360/121/442 
f 4361/62/443 4363/122/445 4364/123/446 4362/66/444 
f 4363/122/445 4365/124/447 4366/125/448 4364/123/446 
f 4365/124/447 4367/126/449 4368/127/450 4366/125/448 
f 4367/126/449 4369/128/451 4370/129/452 4368/127/450 
f 4369/128/451 4371/130/453 4372/131/454 4370/129/452 
f 4371/130/453 4373/132/489 4374/133/456 4372/131/454 
f 4373/132/489 4375/134/457 4376/135/458 4374/133/456 
f 4375/134/457 4377/61/459 4378/65/460 4376/135/458 
f 4377/61/459 4379/136/461 4380/137/462 4378/65/460 
f 4379/136/461 4381/138/463 4382/139/464 4380/137/462 
f 4381/138/463 4383/140/465 4384/141/466 4382/139/464 
f 4383/140/465 4385/142/467 4386/143/468 4384/141/466 
f 4385/142/467 4387/144/469 4388/145/470 4386/143/468 
f 4387/144/469 4389/146/471 4390/147/472 4388/145/470 
f 4389/146/471 4391/148/473 4392/149/474 4390/147/472 
f 4391/148/473 4393/67/475 4394/150/476 4392/149/474 
f 4393/67/475 4395/151/477 4396/152/478 4394/150/476 
f 4395/151/477 4397/153/479 4398/154/480 4396/152/478 
f 4339/155/421 4342/156/424 4344/157/426 4346/158/428 4348/159/430 4350/160/432 4352/161/434 4354/162/436 4356/163/438 4358/164/440 4360/165/442 4362/166/444 4364/167/446 4366/168/448 4368/169/450 4370/170/452 4372/171/454 4374/172/456 4376/173/458 4378/174/460 4380/175/462 4382/176/464 4384/177/466 4386/178/468 4388/179/470 4390/180/472 4392/181/474 4394/182/476 4396/183/478 4398/184/480 4399/185/481 4340/186/422 
f 4397/153/479 4400/187/482 4399/188/481 4398/154/480 
f 4400/187/482 4337/189/497 4340/190/422 4399/188/481 
f 4337/191/497 4400/192/482 4397/193/479 4395/194/477 4393/195/475 4391/196/473 4389/197/471 4387/198/469 4385/199/467 4383/200/465 4381/201/463 4379/202/461 4377/203/459 4375/204/457 4373/205/489 4371/206/453 4369/207/451 4367/208/449 4365/209/447 4363/210/445 4361/211/443 4359/212/441 4357/213/439 4355/214/437 4353/215/435 4351/216/433 4349/217/431 4347/218/429 4345/219/427 4343/220/425 4341/221/423 4338/222/420 
f 4401/99/497 4402/100/420 4403/101/421 4404/102/498 
f 4402/100/420 4405/103/423 4406/104/492 4403/101/421 
f 4405/103/423 4407/105/425 4408/106/426 4406/104/492 
f 4407/105/425 4409/70/427 4410/107/428 4408/106/426 
f 4409/70/427 4411/108/429 4412/109/430 4410/107/428 
f 4411/108/429 4413/110/483 4414/111/484 4412/109/430 
f 4413/110/483 4415/112/433 4416/113/434 4414/111/484 
f 4415/112/433 4417/114/435 4418/115/436 4416/113/434 
f 4417/114/435 4419/116/437 4420/117/438 4418/115/436 
f 4419/116/437 4421/118/485 4422/119/486 4420/117/438 
f 4421/118/485 4423/120/441 4424/121/442 4422/119/486 
f 4423/120/441 4425/62/443 4426/66/444 4424/121/442 
f 4425/62/443 4427/122/445 4428/123/446 4426/66/444 
f 4427/122/445 4429/124/447 4430/125/448 4428/123/446 
f 4429/124/447 4431/126/449 4432/127/450 4430/125/448 
f 4431/126/449 4433/128/451 4434/129/552 4432/127/450 
f 4433/128/451 4435/130/453 4436/131/454 4434/129/552 
f 4435/130/453 4437/132/489 4438/133/490 4436/131/454 
f 4437/132/489 4439/134/457 4440/135/458 4438/133/490 
f 4439/134/457 4441/61/459 4442/65/460 4440/135/458 
f 4441/61/459 4443/136/461 4444/137/462 4442/65/460 
f 4443/136/461 4445/138/463 4446/139/464 4444/137/462 
f 4445/138/463 4447/140/465 4448/141/466 4446/139/464 
f 4447/140/465 4449/142/467 4450/143/468 4448/141/466 
f 4449/142/467 4451/144/469 4452/145/470 4450/143/468 
f 4451/144/469 4453/146/471 4454/147/472 4452/145/470 
f 4453/146/471 4455/148/473 4456/149/474 4454/147/472 
f 4455/148/473 4457/67/475 4458/150/476 4456/149/474 
f 4457/67/475 4459/151/477 4460/152/478 4458/150/476 
f 4459/151/477 4461/153/479 4462/154/480 4460/152/478 
f 4403/155/421 4406/156/492 4408/157/426 4410/158/428 4412/159/430 4414/160/484 4416/161/434 4418/162/436 4420/163/438 4422/164/486 4424/165/442 4426/166/444 4428/167/446 4430/168/448 4432/169/450 4434/170/552 4436/171/454 4438/172/490 4440/173/458 4442/174/460 4444/175/462 4446/176/464 4448/177/466 4450/178/468 4452/179/470 4454/180/472 4456/181/474 4458/182/476 4460/183/478 4462/184/480 4463/185/481 4404/186/498 
f 4461/153/479 4464/187/482 4463/188/481 4462/154/480 
f 4464/187/482 4401/189/497 4404/190/498 4463/188/481 
f 4401/191/497 4464/192/482 4461/193/479 4459/194/477 4457/195/475 4455/196/473 4453/197/471 4451/198/469 4449/199/467 4447/200/465 4445/201/463 4443/202/461 4441/203/459 4439/204/457 4437/205/489 4435/206/453 4433/207/451 4431/208/449 4429/209/447 4427/210/445 4425/211/443 4423/212/441 4421/213/485 4419/214/437 4417/215/435 4415/216/433 4413/217/483 4411/218/429 4409/219/427 4407/220/425 4405/221/423 4402/222/420 
f 4465/99/419 4466/100/420 4467/101/421 4468/102/422 
f 4466/100/420 4469/103/491 4470/104/492 4467/101/421 
f 4469/103/491 4471/105/425 4472/106/426 4470/104/492 
f 4471/105/425 4473/70/427 4474/107/428 4472/106/426 
f 4473/70/427 4475/108/429 4476/109/430 4474/107/428 
f 4475/108/429 4477/110/431 4478/111/432 4476/109/430 
f 4477/110/431 4479/112/433 4480/113/434 4478/111/432 
f 4479/112/433 4481/114/435 4482/115/436 4480/113/434 
f 4481/114/435 4483/116/437 4484/117/438 4482/115/436 
f 4483/116/437 4485/118/439 4486/119/440 4484/117/438 
f 4485/118/439 4487/120/441 4488/121/442 4486/119/440 
f 4487/120/441 4489/62/443 4490/66/444 4488/121/442 
f 4489/62/443 4491/122/445 4492/123/446 4490/66/444 
f 4491/122/445 4493/124/447 4494/125/448 4492/123/446 
f 4493/124/447 4495/126/449 4496/127/450 4494/125/448 
f 4495/126/449 4497/128/451 4498/129/452 4496/127/450 
f 4497/128/451 4499/130/453 4500/131/454 4498/129/452 
f 4499/130/453 4501/132/489 4502/133/490 4500/131/454 
f 4501/132/489 4503/134/457 4504/135/458 4502/133/490 
f 4503/134/457 4505/61/459 4506/65/460 4504/135/458 
f 4505/61/459 4507/136/461 4508/137/462 4506/65/460 
f 4507/136/461 4509/138/493 4510/139/494 4508/137/462 
f 4509/138/493 4511/140/465 4512/141/466 4510/139/494 
f 4511/140/465 4513/142/467 4514/143/468 4512/141/466 
f 4513/142/467 4515/144/469 4516/145/470 4514/143/468 
f 4515/144/469 4517/146/495 4518/147/496 4516/145/470 
f 4517/146/495 4519/148/473 4520/149/474 4518/147/496 
f 4519/148/473 4521/67/475 4522/150/476 4520/149/474 
f 4521/67/475 4523/151/477 4524/152/478 4522/150/476 
f 4523/151/477 4525/153/479 4526/154/480 4524/152/478 
f 4467/155/421 4470/156/492 4472/157/426 4474/158/428 4476/159/430 4478/160/432 4480/161/434 4482/162/436 4484/163/438 4486/164/440 4488/165/442 4490/166/444 4492/167/446 4494/168/448 4496/169/450 4498/170/452 4500/171/454 4502/172/490 4504/173/458 4506/174/460 4508/175/462 4510/176/494 4512/177/466 4514/178/468 4516/179/470 4518/180/496 4520/181/474 4522/182/476 4524/183/478 4526/184/480 4527/185/481 4468/186/422 
f 4525/153/479 4528/187/482 4527/188/481 4526/154/480 
f 4528/187/482 4465/189/419 4468/190/422 4527/188/481 
f 4465/191/419 4528/192/482 4525/193/479 4523/194/477 4521/195/475 4519/196/473 4517/197/495 4515/198/469 4513/199/467 4511/200/465 4509/201/493 4507/202/461 4505/203/459 4503/204/457 4501/205/489 4499/206/453 4497/207/451 4495/208/449 4493/209/447 4491/210/445 4489/211/443 4487/212/441 4485/213/439 4483/214/437 4481/215/435 4479/216/433 4477/217/431 4475/218/429 4473/219/427 4471/220/425 4469/221/491 4466/222/420 
f 4529/99/497 4530/100/420 4531/101/421 4532/102/422 
f 4530/100/420 4533/103/423 4534/104/424 4531/101/421 
f 4533/103/423 4535/105/425 4536/106/426 4534/104/424 
f 4535/105/425 4537/70/427 4538/107/428 4536/106/426 
f 4537/70/427 4539/108/429 4540/109/430 4538/107/428 
f 4539/108/429 4541/110/431 4542/111/432 4540/109/430 
f 4541/110/431 4543/112/433 4544/113/434 4542/111/432 
f 4543/112/433 4545/114/435 4546/115/436 4544/113/434 
f 4545/114/435 4547/116/437 4548/117/438 4546/115/436 
f 4547/116/437 4549/118/439 4550/119/440 4548/117/438 
f 4549/118/439 4551/120/441 4552/121/442 4550/119/440 
f 4551/120/441 4553/62/443 4554/66/444 4552/121/442 
f 4553/62/443 4555/122/445 4556/123/446 4554/66/444 
f 4555/122/445 4557/124/487 4558/125/488 4556/123/446 
f 4557/124/487 4559/126/449 4560/127/450 4558/125/488 
f 4559/126/449 4561/128/451 4562/129/452 4560/127/450 
f 4561/128/451 4563/130/453 4564/131/454 4562/129/452 
f 4563/130/453 4565/132/489 4566/133/456 4564/131/454 
f 4565/132/489 4567/134/457 4568/135/458 4566/133/456 
f 4567/134/457 4569/61/459 4570/65/460 4568/135/458 
f 4569/61/459 4571/136/461 4572/137/462 4570/65/460 
f 4571/136/461 4573/138/463 4574/139/464 4572/137/462 
f 4573/138/463 4575/140/465 4576/141/466 4574/139/464 
f 4575/140/465 4577/142/467 4578/143/468 4576/141/466 
f 4577/142/467 4579/144/469 4580/145/470 4578/143/468 
f 4579/144/469 4581/146/471 4582/147/472 4580/145/470 
f 4581/146/471 4583/148/473 4584/149/474 4582/147/472 
f 4583/148/473 4585/67/475 4586/150/476 4584/149/474 
f 4585/67/475 4587/151/477 4588/152/478 4586/150/476 
f 4587/151/477 4589/153/499 4590/154/500 4588/152/478 
f 4531/155/421 4534/156/424 4536/157/426 4538/158/428 4540/159/430 4542/160/432 4544/161/434 4546/162/436 4548/163/438 4550/164/440 4552/165/442 4554/166/444 4556/167/446 4558/168/488 4560/169/450 4562/170/452 4564/171/454 4566/172/456 4568/173/458 4570/174/460 4572/175/462 4574/176/464 4576/177/466 4578/178/468 4580/179/470 4582/180/472 4584/181/474 4586/182/476 4588/183/478 4590/184/500 4591/185/481 4532/186/422 
f 4589/153/499 4592/187/482 4591/188/481 4590/154/500 
f 4592/187/482 4529/189/497 4532/190/422 4591/188/481 
f 4529/191/497 4592/192/482 4589/193/499 4587/194/477 4585/195/475 4583/196/473 4581/197/471 4579/198/469 4577/199/467 4575/200/465 4573/201/463 4571/202/461 4569/203/459 4567/204/457 4565/205/489 4563/206/453 4561/207/451 4559/208/449 4557/209/487 4555/210/445 4553/211/443 4551/212/441 4549/213/439 4547/214/437 4545/215/435 4543/216/433 4541/217/431 4539/218/429 4537/219/427 4535/220/425 4533/221/423 4530/222/420 
f 4593/57/501 4594/58/502 4595/59/503 4596/60/504 
f 4594/58/502 4597/61/505 4598/62/506 4595/59/503 
f 4597/61/505 4599/63/507 4600/64/508 4598/62/506 
f 4599/63/507 4593/65/501 4596/66/504 4600/64/508 
f 4594/67/502 4593/68/501 4599/63/507 4597/61/505 
f 4598/62/506 4600/64/508 4596/69/504 4595/70/503 
f 4601/57/509 4602/58/510 4603/59/511 4604/60/512 
f 4602/58/510 4605/61/513 4606/62/514 4603/59/511 
f 4605/61/513 4607/63/515 4608/64/516 4606/62/514 
f 4607/63/515 4601/65/509 4604/66/512 4608/64/516 
f 4602/67/510 4601/68/509 4607/63/515 4605/61/513 
f 4606/62/514 4608/64/516 4604/69/512 4603/70/511 
f 4609/57/517 4610/58/518 4611/59/519 4612/60/520 
f 4610/58/518 4613/61/521 4614/62/522 4611/59/519 
f 4613/61/521 4615/63/523 4616/64/524 4614/62/522 
f 4615/63/523 4609/65/517 4612/66/520 4616/64/524 
f 4610/67/518 4609/68/517 4615/63/523 4613/61/521 
f 4614/62/522 4616/64/524 4612/69/520 4611/70/519 
f 4205/3/347 4204/2/346 3767/2/125 3766/3/124 
f 4191/30/333 4198/55/340 3842/55/200 3809/30/167 
f 4207/16/349 4129/41/320 3826/41/184 3788/16/146 
f 4200/14/342 4212/27/354 3805/27/163 3784/14/142 
f 4198/55/340 4197/53/339 3841/53/199 3842/55/200 
f 4197/53/339 4196/51/338 3838/51/196 3841/53/199 
f 4196/51/338 4195/49/337 3835/49/193 3838/51/196 
f 4195/49/337 4194/47/336 3832/47/190 3835/49/193 
f 4194/47/336 4192/45/334 3829/45/187 3832/47/190 
f 4192/45/334 4193/44/335 3765/44/123 3829/45/187 
f 4129/41/320 4130/39/321 3821/39/179 3826/41/184 
f 4130/39/321 4187/37/329 3818/37/176 3821/39/179 
f 4187/37/329 4188/35/551 3815/35/173 3818/37/176 
f 4188/35/551 4189/33/331 3812/33/170 3815/35/173 
f 4189/33/331 4190/31/332 3808/31/166 3812/33/170 
f 4190/31/332 4191/30/333 3809/30/167 3808/31/166 
f 4212/27/354 4211/25/353 3800/25/158 3805/27/163 
f 4211/25/353 4210/23/352 3797/23/155 3800/25/158 
f 4210/23/352 4209/21/351 3794/21/152 3797/23/155 
f 4209/21/351 4208/19/350 3791/19/149 3794/21/152 
f 4208/19/350 4206/17/348 3787/17/145 3791/19/149 
f 4206/17/348 4207/16/349 3788/16/146 3787/17/145 
f 4199/12/341 4200/14/342 3784/14/142 3779/12/137 
f 4201/10/343 4199/12/341 3779/12/137 3776/10/134 
f 4202/8/344 4201/10/343 3776/10/134 3773/8/131 
f 4203/6/345 4202/8/344 3773/8/131 3768/6/126 
f 4204/2/346 4203/6/345 3768/6/126 3767/2/125 
f 4193/44/335 4205/3/347 3766/3/124 3765/44/123 
f 3845/4/203 3825/43/183 4617/251/96 4618/252/96 
f 3840/56/198 3804/29/162 4619/253/96 4620/254/93 
f 3820/42/178 3783/15/141 4621/255/93 4622/256/93 
f 3799/28/157 3778/13/527 4623/257/93 4624/258/93 
f 3837/54/195 3840/56/198 4620/254/93 4625/259/93 
f 3834/52/192 3837/54/195 4625/259/93 4626/260/96 
f 3831/50/189 3834/52/192 4626/260/96 4627/261/93 
f 3828/48/186 3831/50/189 4627/261/93 4628/262/96 
f 3824/46/182 3828/48/186 4628/262/96 4629/263/96 
f 3825/43/183 3824/46/182 4629/263/96 4617/251/96 
f 3817/40/175 3820/42/178 4622/256/93 4630/264/96 
f 3814/38/548 3817/40/175 4630/264/96 4631/265/96 
f 3811/36/169 3814/38/548 4631/265/96 4632/266/96 
f 3807/34/165 3811/36/169 4632/266/96 4633/267/96 
f 3803/32/547 3807/34/165 4633/267/96 4634/268/96 
f 3804/29/162 3803/32/547 4634/268/96 4619/253/96 
f 3796/26/154 3799/28/157 4624/258/93 4635/269/93 
f 3793/24/151 3796/26/154 4635/269/93 4636/270/93 
f 3790/22/148 3793/24/151 4636/270/93 4637/271/96 
f 3786/20/546 3790/22/148 4637/271/96 4638/272/96 
f 3782/18/140 3786/20/546 4638/272/96 4639/273/96 
f 3783/15/141 3782/18/140 4639/273/96 4621/255/93 
f 3778/13/527 3775/11/133 4640/274/93 4623/257/93 
f 3775/11/133 3772/9/130 4641/275/93 4640/274/93 
f 3772/9/130 3771/7/129 4642/276/93 4641/275/93 
f 3771/7/129 3848/5/206 4643/277/93 4642/276/93 
f 3848/5/206 3846/1/204 4644/278/96 4643/277/93 
f 3846/1/204 3845/4/203 4618/252/96 4644/278/96 
f 4618/252/96 4617/251/96 3751/92/93 3710/72/93 
f 4620/254/93 4619/253/96 3737/85/93 3763/98/93 
f 4622/256/93 4621/255/93 3723/78/96 3749/91/96 
f 4624/258/93 4623/257/93 3721/77/96 3735/84/93 
f 4625/259/93 4620/254/93 3763/98/93 3761/97/96 
f 4626/260/96 4625/259/93 3761/97/96 3759/96/96 
f 4627/261/93 4626/260/96 3759/96/96 3757/95/93 
f 4628/262/96 4627/261/93 3757/95/93 3755/94/96 
f 4629/263/96 4628/262/96 3755/94/96 3752/93/96 
f 4617/251/96 4629/263/96 3752/93/96 3751/92/93 
f 4630/264/96 4622/256/93 3749/91/96 3747/90/93 
f 4631/265/96 4630/264/96 3747/90/93 3745/89/93 
f 4632/266/96 4631/265/96 3745/89/93 3743/88/96 
f 4633/267/96 4632/266/96 3743/88/96 3741/87/93 
f 4634/268/96 4633/267/96 3741/87/93 3738/86/93 
f 4619/253/96 4634/268/96 3738/86/93 3737/85/93 
f 4635/269/93 4624/258/93 3735/84/93 3733/83/93 
f 4636/270/93 4635/269/93 3733/83/93 3731/82/96 
f 4637/271/96 4636/270/93 3731/82/96 3729/81/96 
f 4638/272/96 4637/271/96 3729/81/96 3727/80/96 
f 4639/273/96 4638/272/96 3727/80/96 3724/79/93 
f 4621/255/93 4639/273/96 3724/79/93 3723/78/96 
f 4623/257/93 4640/274/93 3719/76/96 3721/77/96 
f 4640/274/93 4641/275/93 3717/75/96 3719/76/96 
f 4641/275/93 4642/276/93 3715/74/93 3717/75/96 
f 4642/276/93 4643/277/93 3713/73/96 3715/74/93 
f 4643/277/93 4644/278/96 3709/71/96 3713/73/96 
f 4644/278/96 4618/252/96 3710/72/93 3709/71/96 
f 4645/3/58 4646/2/59 4279/2/59 4278/3/58 
f 4647/30/66 4648/55/79 4332/55/79 4309/30/66 
f 4649/16/72 4650/41/84 4320/41/84 4294/16/72 
f 4651/14/69 4652/27/81 4305/27/81 4290/14/69 
f 4648/55/79 4653/53/77 4331/53/77 4332/55/79 
f 4653/53/77 4654/51/75 4329/51/75 4331/53/77 
f 4654/51/75 4655/49/73 4327/49/73 4329/51/75 
f 4655/49/73 4656/47/70 4324/47/70 4327/49/73 
f 4656/47/70 4657/45/68 4322/45/68 4324/47/70 
f 4657/45/68 4658/44/57 4277/44/57 4322/45/68 
f 4650/41/84 4659/39/83 4317/39/83 4320/41/84 
f 4659/39/83 4660/37/82 4315/37/82 4317/39/83 
f 4660/37/82 4661/35/61 4313/35/61 4315/37/82 
f 4661/35/61 4662/33/62 4311/33/62 4313/35/61 
f 4662/33/62 4663/31/64 4308/31/64 4311/33/62 
f 4663/31/64 4647/30/66 4309/30/66 4308/31/64 
f 4652/27/81 4664/25/80 4302/25/80 4305/27/81 
f 4664/25/80 4665/23/78 4300/23/78 4302/25/80 
f 4665/23/78 4666/21/76 4298/21/76 4300/23/78 
f 4666/21/76 4667/19/74 4296/19/74 4298/21/76 
f 4667/19/74 4668/17/71 4293/17/71 4296/19/74 
f 4668/17/71 4649/16/72 4294/16/72 4293/17/71 
f 4669/12/67 4651/14/69 4290/14/69 4287/12/67 
f 4670/10/65 4669/12/67 4287/12/67 4285/10/65 
f 4671/8/63 4670/10/65 4285/10/65 4283/8/63 
f 4672/6/60 4671/8/63 4283/8/63 4280/6/60 
f 4646/2/59 4672/6/60 4280/6/60 4279/2/59 
f 4658/44/57 4645/3/58 4278/3/58 4277/44/57 
f 2450/44/57 2449/3/58 4645/3/58 4658/44/57 
f 2454/2/59 2453/6/60 4672/6/60 4646/2/59 
f 2453/6/60 2458/8/63 4671/8/63 4672/6/60 
f 2458/8/63 4673/10/65 4670/10/65 4671/8/63 
f 4673/10/65 2464/12/67 4669/12/67 4670/10/65 
f 2464/12/67 2468/14/69 4651/14/69 4669/12/67 
f 2473/17/71 2472/16/72 4649/16/72 4668/17/71 
f 2476/19/74 2473/17/71 4668/17/71 4667/19/74 
f 2479/21/76 2476/19/74 4667/19/74 4666/21/76 
f 4674/23/78 2479/21/76 4666/21/76 4665/23/78 
f 2485/25/80 4674/23/78 4665/23/78 4664/25/80 
f 2489/27/81 2485/25/80 4664/25/80 4652/27/81 
f 2494/31/64 2493/30/66 4647/30/66 4663/31/64 
f 2497/33/62 2494/31/64 4663/31/64 4662/33/62 
f 2500/35/61 2497/33/62 4662/33/62 4661/35/61 
f 2503/37/82 2500/35/61 4661/35/61 4660/37/82 
f 2506/39/83 2503/37/82 4660/37/82 4659/39/83 
f 2510/41/84 2506/39/83 4659/39/83 4650/41/84 
f 2513/45/68 2450/44/57 4658/44/57 4657/45/68 
f 2516/47/70 2513/45/68 4657/45/68 4656/47/70 
f 2519/49/73 2516/47/70 4656/47/70 4655/49/73 
f 2522/51/75 2519/49/73 4655/49/73 4654/51/75 
f 2525/53/77 2522/51/75 4654/51/75 4653/53/77 
f 2527/55/79 2525/53/77 4653/53/77 4648/55/79 
f 2468/14/69 2489/27/81 4652/27/81 4651/14/69 
f 2472/16/72 2510/41/84 4650/41/84 4649/16/72 
f 2493/30/66 2527/55/79 4648/55/79 4647/30/66 
f 2449/3/58 2454/2/59 4646/2/59 4645/3/58 
f 4675/279/93 4676/280/96 4263/244/96 4222/224/93 
f 4677/281/96 4678/282/93 4249/237/96 4275/250/96 
f 4679/283/93 4680/284/96 4235/230/96 4261/243/93 
f 4681/285/96 4682/286/96 4233/229/93 4247/236/93 
f 4683/287/96 4677/281/96 4275/250/96 4273/249/96 
f 4684/288/96 4683/287/96 4273/249/96 4271/248/96 
f 4685/289/93 4684/288/96 4271/248/96 4269/247/93 
f 4686/290/96 4685/289/93 4269/247/93 4267/246/96 
f 4687/291/96 4686/290/96 4267/246/96 4264/245/96 
f 4676/280/96 4687/291/96 4264/245/96 4263/244/96 
f 4688/292/96 4679/283/93 4261/243/93 4259/242/93 
f 4689/293/96 4688/292/96 4259/242/93 4257/241/96 
f 4690/294/96 4689/293/96 4257/241/96 4255/240/93 
f 4691/295/96 4690/294/96 4255/240/93 4253/239/93 
f 4692/296/96 4691/295/96 4253/239/93 4250/238/93 
f 4678/282/93 4692/296/96 4250/238/93 4249/237/96 
f 4693/297/96 4681/285/96 4247/236/93 4245/235/93 
f 4694/298/96 4693/297/96 4245/235/93 4243/234/93 
f 4695/299/93 4694/298/96 4243/234/93 4241/233/96 
f 4696/300/93 4695/299/93 4241/233/96 4239/232/96 
f 4697/301/93 4696/300/93 4239/232/96 4236/231/96 
f 4680/284/96 4697/301/93 4236/231/96 4235/230/96 
f 4682/286/96 4698/302/96 4231/228/93 4233/229/93 
f 4698/302/96 4699/303/93 4229/227/96 4231/228/93 
f 4699/303/93 4700/304/96 4227/226/96 4229/227/96 
f 4700/304/96 4701/305/96 4225/225/93 4227/226/96 
f 4701/305/96 4702/306/96 4221/223/93 4225/225/93 
f 4702/306/96 4675/279/93 4222/224/93 4221/223/93 
f 4334/1/417 4333/4/416 4675/279/93 4702/306/96 
f 4336/5/418 4334/1/417 4702/306/96 4701/305/96 
f 4281/7/391 4336/5/418 4701/305/96 4700/304/96 
f 4282/9/392 4281/7/391 4700/304/96 4699/303/93 
f 4284/11/393 4282/9/392 4699/303/93 4698/302/96 
f 4286/13/394 4284/11/393 4698/302/96 4682/286/96 
f 4289/15/396 4288/18/395 4697/301/93 4680/284/96 
f 4288/18/395 4292/20/397 4696/300/93 4697/301/93 
f 4292/20/397 4295/22/398 4695/299/93 4696/300/93 
f 4295/22/398 4297/24/399 4694/298/96 4695/299/93 
f 4297/24/399 4299/26/400 4693/297/96 4694/298/96 
f 4299/26/400 4301/28/401 4681/285/96 4693/297/96 
f 4304/29/403 4303/32/541 4692/296/96 4678/282/93 
f 4303/32/541 4307/34/404 4691/295/96 4692/296/96 
f 4307/34/404 4310/36/405 4690/294/96 4691/295/96 
f 4310/36/405 4312/38/406 4689/293/96 4690/294/96 
f 4312/38/406 4314/40/407 4688/292/96 4689/293/96 
f 4314/40/407 4316/42/408 4679/283/93 4688/292/96 
f 4319/43/410 4318/46/409 4687/291/96 4676/280/96 
f 4318/46/409 4321/48/411 4686/290/96 4687/291/96 
f 4321/48/411 4323/50/412 4685/289/93 4686/290/96 
f 4323/50/412 4326/52/413 4684/288/96 4685/289/93 
f 4326/52/413 4328/54/414 4683/287/96 4684/288/96 
f 4328/54/414 4330/56/415 4677/281/96 4683/287/96 
f 4301/28/401 4286/13/394 4682/286/96 4681/285/96 
f 4316/42/408 4289/15/396 4680/284/96 4679/283/93 
f 4330/56/415 4304/29/403 4678/282/93 4677/281/96 
f 4333/4/416 4319/43/410 4676/280/96 4675/279/93 
f 4703/3/58 4704/2/59 3621/2/59 3618/3/58 
f 4705/30/66 4706/55/79 3696/55/79 3662/30/66 
f 4707/16/72 4708/41/84 3679/41/84 3641/16/72 
f 4709/14/69 4710/27/81 3658/27/81 3637/14/69 
f 4706/55/79 4711/53/77 3694/53/77 3696/55/79 
f 4711/53/77 4712/51/75 3691/51/75 3694/53/77 
f 4712/51/75 4713/49/73 3688/49/73 3691/51/75 
f 4713/49/73 4714/47/70 3685/47/70 3688/49/73 
f 4714/47/70 4715/45/68 3682/45/68 3685/47/70 
f 4715/45/68 4716/44/57 3617/44/57 3682/45/68 
f 4708/41/84 4717/39/83 3675/39/83 3679/41/84 
f 4717/39/83 4718/37/82 3672/37/82 3675/39/83 
f 4718/37/82 4719/35/61 3669/35/61 3672/37/82 
f 4719/35/61 4720/33/62 3666/33/62 3669/35/61 
f 4720/33/62 4721/31/64 3661/31/64 3666/33/62 
f 4721/31/64 4705/30/66 3662/30/66 3661/31/64 
f 4710/27/81 4722/25/80 3654/25/80 3658/27/81 
f 4722/25/80 4723/23/78 3651/23/78 3654/25/80 
f 4723/23/78 4724/21/76 3648/21/76 3651/23/78 
f 4724/21/76 4725/19/74 3645/19/74 3648/21/76 
f 4725/19/74 4726/17/71 3640/17/71 3645/19/74 
f 4726/17/71 4707/16/72 3641/16/72 3640/17/71 
f 4727/12/67 4709/14/69 3637/14/69 3633/12/67 
f 4728/10/65 4727/12/67 3633/12/67 3630/10/65 
f 4729/8/63 4728/10/65 3630/10/65 3627/8/63 
f 4730/6/60 4729/8/63 3627/8/63 3622/6/60 
f 4704/2/59 4730/6/60 3622/6/60 3621/2/59 
f 4716/44/57 4703/3/58 3618/3/58 3617/44/57 
f 3604/44/44 3563/3/3 4703/3/58 4716/44/57 
f 3562/2/2 3566/6/6 4730/6/60 4704/2/59 
f 3566/6/6 3568/8/8 4729/8/63 4730/6/60 
f 3568/8/8 3570/10/10 4728/10/65 4729/8/63 
f 3570/10/10 3572/12/12 4727/12/67 4728/10/65 
f 3572/12/12 3574/14/14 4709/14/69 4727/12/67 
f 3577/17/17 3576/16/16 4707/16/72 4726/17/71 
f 3579/19/19 3577/17/17 4726/17/71 4725/19/74 
f 3581/21/21 3579/19/19 4725/19/74 4724/21/76 
f 3583/23/23 3581/21/21 4724/21/76 4723/23/78 
f 3585/25/25 3583/23/23 4723/23/78 4722/25/80 
f 3587/27/27 3585/25/25 4722/25/80 4710/27/81 
f 3591/31/31 3590/30/30 4705/30/66 4721/31/64 
f 3593/33/33 3591/31/31 4721/31/64 4720/33/62 
f 3595/35/35 3593/33/33 4720/33/62 4719/35/61 
f 3597/37/37 3595/35/35 4719/35/61 4718/37/82 
f 3599/39/39 3597/37/37 4718/37/82 4717/39/83 
f 3601/41/41 3599/39/39 4717/39/83 4708/41/84 
f 3605/45/45 3604/44/44 4716/44/57 4715/45/68 
f 3607/47/47 3605/45/45 4715/45/68 4714/47/70 
f 3609/49/49 3607/47/47 4714/47/70 4713/49/73 
f 3611/51/51 3609/49/49 4713/49/73 4712/51/75 
f 3613/53/53 3611/51/51 4712/51/75 4711/53/77 
f 3615/55/55 3613/53/53 4711/53/77 4706/55/79 
f 3574/14/14 3587/27/27 4710/27/81 4709/14/69 
f 3576/16/16 3601/41/41 4708/41/84 4707/16/72 
f 3590/30/30 3615/55/55 4706/55/79 4705/30/66 
f 3563/3/3 3562/2/2 4704/2/59 4703/3/58 
# 3744 polygons

#
# object matel_tab
#

v  -1.4817 2.0699 0.1556
v  -1.3543 2.0699 0.1556
v  -1.3543 2.0814 0.1556
v  -1.4817 2.0814 0.1556
v  -1.5117 2.0699 -0.1091
v  -1.5117 2.0699 0.1052
v  -1.5117 2.0814 0.1052
v  -1.5117 2.0814 -0.1091
v  -1.5069 2.0814 -0.1085
v  -1.5069 2.0814 0.1047
v  -1.5060 2.0814 0.1161
v  -1.5035 2.0814 0.1263
v  -1.4995 2.0814 0.1351
v  -1.4943 2.0814 0.1418
v  -1.4882 2.0814 0.1460
v  -1.4814 2.0814 0.1475
v  -1.3546 2.0814 0.1475
v  -1.3478 2.0814 0.1460
v  -1.3417 2.0814 0.1418
v  -1.3365 2.0814 0.1351
v  -1.3325 2.0814 0.1263
v  -1.3300 2.0814 0.1161
v  -1.3291 2.0814 0.1047
v  -1.3291 2.0814 -0.1085
v  -1.3300 2.0814 -0.1200
v  -1.3325 2.0814 -0.1302
v  -1.3365 2.0814 -0.1389
v  -1.3417 2.0814 -0.1456
v  -1.3478 2.0814 -0.1499
v  -1.3546 2.0814 -0.1514
v  -1.4814 2.0814 -0.1514
v  -1.4882 2.0814 -0.1499
v  -1.4943 2.0814 -0.1456
v  -1.4995 2.0814 -0.1389
v  -1.5035 2.0814 -0.1302
v  -1.5060 2.0814 -0.1200
v  -1.3243 2.0699 0.1052
v  -1.3243 2.0699 -0.1091
v  -1.3243 2.0814 -0.1091
v  -1.3243 2.0814 0.1052
v  -1.3543 2.0699 -0.1595
v  -1.4817 2.0699 -0.1595
v  -1.4817 2.0814 -0.1595
v  -1.3543 2.0814 -0.1595
v  -1.3465 2.0699 0.1539
v  -1.3465 2.0814 0.1539
v  -1.3393 2.0699 0.1488
v  -1.3393 2.0814 0.1488
v  -1.3331 2.0699 0.1408
v  -1.3331 2.0814 0.1408
v  -1.3283 2.0699 0.1304
v  -1.3283 2.0814 0.1304
v  -1.3253 2.0699 0.1182
v  -1.3253 2.0814 0.1182
v  -1.3543 2.0197 -0.1595
v  -1.3465 2.0197 -0.1577
v  -1.3465 2.0123 -0.1577
v  -1.3543 2.0123 -0.1595
v  -1.3393 2.0197 -0.1527
v  -1.3393 2.0123 -0.1527
v  -1.3331 2.0197 -0.1447
v  -1.3331 2.0123 -0.1447
v  -1.3283 2.0197 -0.1343
v  -1.3283 2.0123 -0.1343
v  -1.3253 2.0197 -0.1221
v  -1.3253 2.0123 -0.1221
v  -1.3243 2.0197 -0.1091
v  -1.3243 2.0123 -0.1091
v  -1.5117 2.0197 -0.1091
v  -1.5107 2.0197 -0.1221
v  -1.5107 2.0123 -0.1221
v  -1.5117 2.0123 -0.1091
v  -1.5077 2.0197 -0.1343
v  -1.5077 2.0123 -0.1343
v  -1.5029 2.0197 -0.1447
v  -1.5029 2.0123 -0.1447
v  -1.4967 2.0197 -0.1527
v  -1.4967 2.0123 -0.1527
v  -1.4895 2.0197 -0.1577
v  -1.4895 2.0123 -0.1577
v  -1.4817 2.0197 -0.1595
v  -1.4817 2.0123 -0.1595
v  -1.4817 2.0197 0.1556
v  -1.4895 2.0197 0.1539
v  -1.4895 2.0123 0.1539
v  -1.4817 2.0123 0.1556
v  -1.4967 2.0197 0.1488
v  -1.4967 2.0123 0.1488
v  -1.5029 2.0197 0.1408
v  -1.5029 2.0123 0.1408
v  -1.5077 2.0197 0.1304
v  -1.5077 2.0123 0.1304
v  -1.5107 2.0197 0.1182
v  -1.5107 2.0123 0.1182
v  -1.5117 2.0197 0.1052
v  -1.5117 2.0123 0.1052
v  -1.3243 2.0123 0.1052
v  -1.3253 2.0123 0.1182
v  -1.3283 2.0123 0.1304
v  -1.3331 2.0123 0.1408
v  -1.3393 2.0123 0.1488
v  -1.3465 2.0123 0.1539
v  -1.3543 2.0123 0.1556
v  -1.3465 2.0814 -0.1577
v  -1.3393 2.0814 -0.1527
v  -1.3331 2.0814 -0.1447
v  -1.3283 2.0814 -0.1343
v  -1.3253 2.0814 -0.1221
v  -1.5107 2.0814 -0.1221
v  -1.5077 2.0814 -0.1343
v  -1.5029 2.0814 -0.1447
v  -1.4967 2.0814 -0.1527
v  -1.4895 2.0814 -0.1577
v  -1.4895 2.0814 0.1539
v  -1.4967 2.0814 0.1488
v  -1.5029 2.0814 0.1408
v  -1.5077 2.0814 0.1304
v  -1.5107 2.0814 0.1182
v  -1.5107 2.0699 0.1182
v  -1.5077 2.0699 0.1304
v  -1.5029 2.0699 0.1408
v  -1.4967 2.0699 0.1488
v  -1.4895 2.0699 0.1539
v  -1.4895 2.0699 -0.1577
v  -1.4967 2.0699 -0.1527
v  -1.5029 2.0699 -0.1447
v  -1.5077 2.0699 -0.1343
v  -1.5107 2.0699 -0.1221
v  -1.3253 2.0699 -0.1221
v  -1.3283 2.0699 -0.1343
v  -1.3331 2.0699 -0.1447
v  -1.3393 2.0699 -0.1527
v  -1.3465 2.0699 -0.1577
v  -1.3253 2.0197 0.1182
v  -1.3243 2.0197 0.1052
v  -1.3283 2.0197 0.1304
v  -1.3331 2.0197 0.1408
v  -1.3393 2.0197 0.1488
v  -1.3465 2.0197 0.1539
v  -1.3543 2.0197 0.1556
# 140 vertices

vn -0.0654 0.9979 -0.0000
vn 0.0654 0.9979 -0.0000
vn 0.0472 0.7197 -0.6927
vn -0.0472 0.7197 -0.6927
vn -0.9979 -0.0654 -0.0000
vn -0.9979 0.0654 -0.0000
vn -0.7197 0.0472 -0.6927
vn -0.7197 -0.0472 -0.6927
vn 0.0000 0.0000 -1.0000
vn -0.0000 0.0000 -1.0000
vn 0.9979 0.0654 -0.0000
vn 0.9979 -0.0654 -0.0000
vn 0.7197 -0.0472 -0.6927
vn 0.7197 0.0472 -0.6927
vn 0.0654 -0.9979 -0.0000
vn -0.0654 -0.9979 -0.0000
vn -0.0472 -0.7197 -0.6927
vn 0.0472 -0.7197 -0.6927
vn 0.2588 0.9659 -0.0000
vn 0.1900 0.7092 -0.6789
vn 0.5000 0.8660 -0.0000
vn 0.3671 0.6359 -0.6789
vn 0.7071 0.7071 -0.0000
vn 0.5192 0.5192 -0.6789
vn 0.8660 0.5000 -0.0000
vn 0.6359 0.3671 -0.6789
vn 0.9659 0.2588 -0.0000
vn 0.7092 0.1900 -0.6789
vn 0.2588 -0.9659 -0.0000
vn 0.1900 -0.7092 0.6789
vn 0.0472 -0.7197 0.6927
vn 0.5000 -0.8660 -0.0000
vn 0.3671 -0.6359 0.6789
vn 0.7071 -0.7071 -0.0000
vn 0.5192 -0.5192 0.6789
vn 0.8660 -0.5000 -0.0000
vn 0.6359 -0.3671 0.6789
vn 0.9659 -0.2588 -0.0000
vn 0.7092 -0.1900 0.6789
vn 0.7197 -0.0472 0.6927
vn -0.9659 -0.2588 -0.0000
vn -0.7092 -0.1900 0.6789
vn -0.7197 -0.0472 0.6927
vn -0.8660 -0.5000 -0.0000
vn -0.6359 -0.3671 0.6789
vn -0.7071 -0.7071 -0.0000
vn -0.5192 -0.5192 0.6789
vn -0.5000 -0.8660 -0.0000
vn -0.3671 -0.6359 0.6789
vn -0.2588 -0.9659 -0.0000
vn -0.1900 -0.7092 0.6789
vn -0.0472 -0.7197 0.6927
vn -0.2588 0.9659 -0.0000
vn -0.1900 0.7092 0.6789
vn -0.0472 0.7197 0.6927
vn -0.5000 0.8660 -0.0000
vn -0.3671 0.6359 0.6789
vn -0.7071 0.7071 -0.0000
vn -0.5192 0.5192 0.6789
vn -0.8660 0.5000 -0.0000
vn -0.6359 0.3671 0.6789
vn -0.9659 0.2588 -0.0000
vn -0.7092 0.1900 0.6789
vn -0.7197 0.0472 0.6927
vn 0.7197 0.0472 0.6927
vn 0.7092 0.1900 0.6789
vn 0.6359 0.3671 0.6789
vn 0.5192 0.5192 0.6789
vn 0.3671 0.6359 0.6789
vn 0.1900 0.7092 0.6789
vn 0.0472 0.7197 0.6927
vn 0.1900 -0.7092 -0.6789
vn 0.3671 -0.6359 -0.6789
vn 0.5192 -0.5192 -0.6789
vn 0.6359 -0.3671 -0.6789
vn 0.7092 -0.1900 -0.6789
vn -0.7092 -0.1900 -0.6789
vn -0.6359 -0.3671 -0.6789
vn -0.5192 -0.5192 -0.6789
vn -0.3671 -0.6359 -0.6789
vn -0.1900 -0.7092 -0.6789
vn -0.1900 0.7092 -0.6789
vn -0.3671 0.6359 -0.6789
vn -0.5192 0.5192 -0.6789
vn -0.6359 0.3671 -0.6789
vn -0.7092 0.1900 -0.6789
# 86 vertex normals

vt 0.5832 0.7900 0.0000
vt 0.5832 0.9600 0.0000
vt 0.6250 0.9600 0.0000
vt 0.6250 0.7900 0.0000
vt 0.5832 0.5400 0.0000
vt 0.5832 0.7100 0.0000
vt 0.6250 0.7100 0.0000
vt 0.6250 0.5400 0.0000
vt 0.6303 0.5395 0.0000
vt 0.6303 0.7099 0.0000
vt 0.6305 0.7193 0.0000
vt 0.6316 0.7290 0.0000
vt 0.6335 0.7410 0.0000
vt 0.6366 0.7519 0.0000
vt 0.6437 0.7555 0.0000
vt 0.6609 0.7478 0.0000
vt 0.8343 0.7433 0.0000
vt 0.8434 0.7421 0.0000
vt 0.8515 0.7388 0.0000
vt 0.8584 0.7334 0.0000
vt 0.8637 0.7265 0.0000
vt 0.8671 0.7184 0.0000
vt 0.8682 0.7092 0.0000
vt 0.8260 0.4890 0.0000
vt 0.7463 0.3845 0.0000
vt 0.7195 0.3542 0.0000
vt 0.7146 0.3571 0.0000
vt 0.7145 0.3671 0.0000
vt 0.7331 0.3943 0.0000
vt 0.7954 0.4659 0.0000
vt 0.6608 0.5015 0.0000
vt 0.6436 0.4939 0.0000
vt 0.6365 0.4975 0.0000
vt 0.6335 0.5085 0.0000
vt 0.6315 0.5205 0.0000
vt 0.6304 0.5301 0.0000
vt 0.5832 0.0400 0.0000
vt 0.5832 0.2100 0.0000
vt 0.6250 0.2100 0.0000
vt 0.6250 0.0400 0.0000
vt 0.5832 0.2900 0.0000
vt 0.5832 0.4600 0.0000
vt 0.6250 0.4600 0.0000
vt 0.6250 0.2900 0.0000
vt 0.5832 0.9704 0.0000
vt 0.6250 0.9704 0.0000
vt 0.5832 0.9800 0.0000
vt 0.6250 0.9800 0.0000
vt 0.5832 1.0000 0.0000
vt 0.6250 1.0000 0.0000
vt 0.5832 0.0000 0.0000
vt 0.5832 0.0200 0.0000
vt 0.6250 0.0200 0.0000
vt 0.6250 0.0000 0.0000
vt 0.5832 0.0296 0.0000
vt 0.6250 0.0296 0.0000
vt 0.4015 0.2900 0.0000
vt 0.3436 0.3535 0.0000
vt 0.3015 0.3535 0.0000
vt 0.3750 0.2900 0.0000
vt 0.3410 0.3484 0.0000
vt 0.2983 0.3484 0.0000
vt 0.3389 0.3372 0.0000
vt 0.2956 0.3372 0.0000
vt 0.3372 0.3267 0.0000
vt 0.2935 0.3267 0.0000
vt 0.3362 0.3235 0.0000
vt 0.2921 0.3235 0.0000
vt 0.4015 0.2100 0.0000
vt 0.3750 0.2100 0.0000
vt 0.4015 0.5400 0.0000
vt 0.4011 0.5296 0.0000
vt 0.3745 0.5296 0.0000
vt 0.3750 0.5400 0.0000
vt 0.4001 0.5200 0.0000
vt 0.3732 0.5200 0.0000
vt 0.3984 0.5039 0.0000
vt 0.3711 0.5039 0.0000
vt 0.3962 0.4885 0.0000
vt 0.3683 0.4885 0.0000
vt 0.3937 0.4807 0.0000
vt 0.3651 0.4807 0.0000
vt 0.4015 0.4600 0.0000
vt 0.3750 0.4600 0.0000
vt 0.4015 0.7900 0.0000
vt 0.3937 0.7693 0.0000
vt 0.3651 0.7693 0.0000
vt 0.3750 0.7900 0.0000
vt 0.3962 0.7615 0.0000
vt 0.3683 0.7615 0.0000
vt 0.3984 0.7461 0.0000
vt 0.3711 0.7461 0.0000
vt 0.4001 0.7300 0.0000
vt 0.3732 0.7300 0.0000
vt 0.4011 0.7204 0.0000
vt 0.3745 0.7204 0.0000
vt 0.4015 0.7100 0.0000
vt 0.3750 0.7100 0.0000
vt 0.1250 0.5400 0.0000
vt 0.1250 0.7100 0.0000
vt 0.1264 0.7204 0.0000
vt 0.1304 0.7300 0.0000
vt 0.1367 0.7383 0.0000
vt 0.1450 0.7446 0.0000
vt 0.1546 0.7486 0.0000
vt 0.1650 0.7500 0.0000
vt 0.3350 0.7500 0.0000
vt 0.3350 0.5000 0.0000
vt 0.1650 0.5000 0.0000
vt 0.8350 0.7500 0.0000
vt 0.8454 0.7486 0.0000
vt 0.8550 0.7446 0.0000
vt 0.8633 0.7383 0.0000
vt 0.8696 0.7300 0.0000
vt 0.8736 0.7204 0.0000
vt 0.8750 0.7100 0.0000
vt 0.6985 0.3535 0.0000
vt 0.8350 0.5000 0.0000
vt 0.7017 0.3484 0.0000
vt 0.7044 0.3372 0.0000
vt 0.7065 0.3267 0.0000
vt 0.7079 0.3235 0.0000
vt 0.8750 0.5400 0.0000
vt 0.6255 0.5296 0.0000
vt 0.6268 0.5200 0.0000
vt 0.6289 0.5039 0.0000
vt 0.6317 0.4885 0.0000
vt 0.6349 0.4807 0.0000
vt 0.6650 0.5000 0.0000
vt 0.6349 0.7693 0.0000
vt 0.6650 0.7500 0.0000
vt 0.6317 0.7615 0.0000
vt 0.6289 0.7461 0.0000
vt 0.6268 0.7300 0.0000
vt 0.6255 0.7204 0.0000
vt 0.5835 0.7204 0.0000
vt 0.5844 0.7300 0.0000
vt 0.5858 0.7461 0.0000
vt 0.5876 0.7615 0.0000
vt 0.5898 0.7693 0.0000
vt 0.5898 0.4807 0.0000
vt 0.5876 0.4885 0.0000
vt 0.5858 0.5039 0.0000
vt 0.5844 0.5200 0.0000
vt 0.5835 0.5296 0.0000
vt 0.6383 0.3235 0.0000
vt 0.6375 0.3267 0.0000
vt 0.6361 0.3372 0.0000
vt 0.6342 0.3484 0.0000
vt 0.6321 0.3535 0.0000
vt 0.4015 0.0296 0.0000
vt 0.4015 0.0400 0.0000
vt 0.4015 0.0200 0.0000
vt 0.4015 0.0000 0.0000
vt 0.4015 0.9800 0.0000
vt 0.4015 1.0000 0.0000
vt 0.4015 0.9704 0.0000
vt 0.4015 0.9600 0.0000
vt 0.3750 0.9600 0.0000
vt 0.3750 0.0400 0.0000
vt 0.3750 0.9704 0.0000
vt 0.3750 0.9800 0.0000
vt 0.3750 1.0000 0.0000
vt 0.3750 0.0000 0.0000
vt 0.3750 0.0200 0.0000
vt 0.3750 0.0296 0.0000
# 166 texture coords

o matel_tab
g matel_tab
usemtl Metal
s off
f 4731/307/553 4732/308/554 4733/309/555 4734/310/556 
f 4735/311/557 4736/312/558 4737/313/559 4738/314/560 
f 4739/315/561 4740/316/562 4741/317/562 4742/318/562 4743/319/561 4744/320/561 4745/321/561 4746/322/562 4747/323/561 4748/324/561 4749/325/561 4750/326/561 4751/327/561 4752/328/561 4753/329/561 4754/330/561 4755/331/561 4756/332/561 4757/333/561 4758/334/562 4759/335/562 4760/336/561 4761/337/562 4762/338/561 4763/339/561 4764/340/562 4765/341/562 4766/342/561 
f 4767/343/563 4768/344/564 4769/345/565 4770/346/566 
f 4771/347/567 4772/348/568 4773/349/569 4774/350/570 
f 4732/308/554 4775/351/571 4776/352/572 4733/309/555 
f 4775/351/571 4777/353/573 4778/354/574 4776/352/572 
f 4777/353/573 4779/355/575 4780/356/576 4778/354/574 
f 4779/357/575 4781/358/577 4782/359/578 4780/360/576 
f 4781/358/577 4783/361/579 4784/362/580 4782/359/578 
f 4783/361/579 4767/343/563 4770/346/566 4784/362/580 
f 4785/363/567 4786/364/581 4787/365/582 4788/366/583 
f 4786/364/581 4789/367/584 4790/368/585 4787/365/582 
f 4789/367/584 4791/369/586 4792/370/587 4790/368/585 
f 4791/369/586 4793/371/588 4794/372/589 4792/370/587 
f 4793/371/588 4795/373/590 4796/374/591 4794/372/589 
f 4795/373/590 4797/375/564 4798/376/592 4796/374/591 
f 4799/377/557 4800/378/593 4801/379/594 4802/380/595 
f 4800/378/593 4803/381/596 4804/382/597 4801/379/594 
f 4803/381/596 4805/383/598 4806/384/599 4804/382/597 
f 4805/383/598 4807/385/600 4808/386/601 4806/384/599 
f 4807/385/600 4809/387/602 4810/388/603 4808/386/601 
f 4809/387/602 4811/389/568 4812/390/604 4810/388/603 
f 4813/391/553 4814/392/605 4815/393/606 4816/394/607 
f 4814/392/605 4817/395/608 4818/396/609 4815/393/606 
f 4817/395/608 4819/397/610 4820/398/611 4818/396/609 
f 4819/397/610 4821/399/612 4822/400/613 4820/398/611 
f 4821/399/612 4823/401/614 4824/402/615 4822/400/613 
f 4823/401/614 4825/403/558 4826/404/616 4824/402/615 
f 4798/405/592 4827/406/617 4828/407/618 4829/408/619 4830/409/620 4831/410/621 4832/411/622 4833/412/623 4816/413/607 4815/393/606 4818/396/609 4820/398/611 4822/400/613 4824/402/615 4826/404/616 4802/380/595 4801/379/594 4804/382/597 4806/384/599 4808/386/601 4810/388/603 4812/414/604 4788/415/583 4787/365/582 4790/368/585 4792/370/587 4794/372/589 4796/374/591 
f 4747/323/561 4733/416/555 4776/417/572 4748/324/561 
f 4748/324/561 4776/417/572 4778/418/574 4749/325/561 
f 4749/325/561 4778/418/574 4780/419/576 4750/326/561 
f 4750/326/561 4780/419/576 4782/420/578 4751/327/561 
f 4751/327/561 4782/420/578 4784/421/580 4752/328/561 
f 4752/328/561 4784/421/580 4770/422/566 4753/329/561 
f 4759/335/562 4834/423/624 4774/424/570 4760/336/561 
f 4758/334/562 4835/425/625 4834/423/624 4759/335/562 
f 4757/333/561 4836/426/626 4835/425/625 4758/334/562 
f 4756/332/561 4837/427/627 4836/426/626 4757/333/561 
f 4755/331/561 4838/428/628 4837/427/627 4756/332/561 
f 4754/330/561 4769/429/565 4838/428/628 4755/331/561 
f 4766/342/561 4839/430/629 4738/314/560 4739/315/561 
f 4765/341/562 4840/431/630 4839/430/629 4766/342/561 
f 4764/340/562 4841/432/631 4840/431/630 4765/341/562 
f 4763/339/561 4842/433/632 4841/432/631 4764/340/562 
f 4762/338/561 4843/434/633 4842/433/632 4763/339/561 
f 4761/337/562 4773/435/569 4843/434/633 4762/338/561 
f 4745/321/561 4844/436/634 4734/437/556 4746/322/562 
f 4744/320/561 4845/438/635 4844/436/634 4745/321/561 
f 4743/319/561 4846/439/636 4845/438/635 4744/320/561 
f 4742/318/562 4847/440/637 4846/439/636 4743/319/561 
f 4741/317/562 4848/441/638 4847/440/637 4742/318/562 
f 4740/316/562 4737/313/559 4848/441/638 4741/317/562 
f 4753/329/561 4770/422/566 4769/429/565 4754/330/561 
f 4746/322/562 4734/437/556 4733/416/555 4747/323/561 
f 4739/315/561 4738/314/560 4737/313/559 4740/316/562 
f 4760/336/561 4774/424/570 4773/435/569 4761/337/562 
f 4848/441/638 4737/313/559 4736/312/558 4849/442/614 
f 4847/440/637 4848/441/638 4849/442/614 4850/443/612 
f 4846/439/636 4847/440/637 4850/443/612 4851/444/610 
f 4845/438/635 4846/439/636 4851/444/610 4852/445/608 
f 4844/436/634 4845/438/635 4852/445/608 4853/446/605 
f 4734/310/556 4844/436/634 4853/446/605 4731/307/553 
f 4843/434/633 4773/349/569 4772/348/568 4854/447/602 
f 4842/433/632 4843/434/633 4854/447/602 4855/448/600 
f 4841/432/631 4842/433/632 4855/448/600 4856/449/598 
f 4840/431/630 4841/432/631 4856/449/598 4857/450/596 
f 4839/430/629 4840/431/630 4857/450/596 4858/451/593 
f 4738/314/560 4839/430/629 4858/451/593 4735/311/557 
f 4838/428/628 4769/345/565 4768/344/564 4859/452/590 
f 4837/427/627 4838/428/628 4859/452/590 4860/453/588 
f 4836/426/626 4837/427/627 4860/453/588 4861/454/586 
f 4835/425/625 4836/426/626 4861/454/586 4862/455/584 
f 4834/423/624 4835/425/625 4862/455/584 4863/456/581 
f 4774/350/570 4834/423/624 4863/456/581 4771/347/567 
f 4864/457/579 4865/458/563 4767/343/563 4783/361/579 
f 4866/459/577 4864/457/579 4783/361/579 4781/358/577 
f 4867/460/575 4866/459/577 4781/358/577 4779/357/575 
f 4868/461/573 4867/462/575 4779/355/575 4777/353/573 
f 4869/463/571 4868/461/573 4777/353/573 4775/351/571 
f 4870/464/554 4869/463/571 4775/351/571 4732/308/554 
f 4785/363/567 4811/389/568 4772/348/568 4771/347/567 
f 4865/458/563 4797/375/564 4768/344/564 4767/343/563 
f 4799/377/557 4825/403/558 4736/312/558 4735/311/557 
f 4813/391/553 4870/464/554 4732/308/554 4731/307/553 
f 4816/394/607 4833/465/623 4870/464/554 4813/391/553 
f 4802/380/595 4826/404/616 4825/403/558 4799/377/557 
f 4827/466/617 4798/376/592 4797/375/564 4865/458/563 
f 4788/366/583 4812/390/604 4811/389/568 4785/363/567 
f 4833/465/623 4832/467/622 4869/463/571 4870/464/554 
f 4832/467/622 4831/468/621 4868/461/573 4869/463/571 
f 4831/468/621 4830/469/620 4867/462/575 4868/461/573 
f 4830/470/620 4829/471/619 4866/459/577 4867/460/575 
f 4829/471/619 4828/472/618 4864/457/579 4866/459/577 
f 4828/472/618 4827/466/617 4865/458/563 4864/457/579 
f 4849/442/614 4736/312/558 4825/403/558 4823/401/614 
f 4850/443/612 4849/442/614 4823/401/614 4821/399/612 
f 4851/444/610 4850/443/612 4821/399/612 4819/397/610 
f 4852/445/608 4851/444/610 4819/397/610 4817/395/608 
f 4853/446/605 4852/445/608 4817/395/608 4814/392/605 
f 4731/307/553 4853/446/605 4814/392/605 4813/391/553 
f 4854/447/602 4772/348/568 4811/389/568 4809/387/602 
f 4855/448/600 4854/447/602 4809/387/602 4807/385/600 
f 4856/449/598 4855/448/600 4807/385/600 4805/383/598 
f 4857/450/596 4856/449/598 4805/383/598 4803/381/596 
f 4858/451/593 4857/450/596 4803/381/596 4800/378/593 
f 4735/311/557 4858/451/593 4800/378/593 4799/377/557 
f 4859/452/590 4768/344/564 4797/375/564 4795/373/590 
f 4860/453/588 4859/452/590 4795/373/590 4793/371/588 
f 4861/454/586 4860/453/588 4793/371/588 4791/369/586 
f 4862/455/584 4861/454/586 4791/369/586 4789/367/584 
f 4863/456/581 4862/455/584 4789/367/584 4786/364/581 
f 4771/347/567 4863/456/581 4786/364/581 4785/363/567 
# 114 polygons

#
# object matel_tab_bottom
#

v  -1.4817 0.0718 0.1556
v  -1.3543 0.0718 0.1556
v  -1.3543 0.0834 0.1556
v  -1.4817 0.0834 0.1556
v  -1.5117 0.0718 -0.1091
v  -1.5117 0.0718 0.1052
v  -1.5117 0.0834 0.1052
v  -1.5117 0.0834 -0.1091
v  -1.5069 0.0834 -0.1085
v  -1.5069 0.0834 0.1047
v  -1.5060 0.0834 0.1161
v  -1.5035 0.0834 0.1263
v  -1.4995 0.0834 0.1351
v  -1.4943 0.0834 0.1418
v  -1.4882 0.0834 0.1460
v  -1.4814 0.0834 0.1475
v  -1.3546 0.0834 0.1475
v  -1.3478 0.0834 0.1460
v  -1.3417 0.0834 0.1418
v  -1.3365 0.0834 0.1351
v  -1.3325 0.0834 0.1263
v  -1.3300 0.0834 0.1161
v  -1.3291 0.0834 0.1047
v  -1.3291 0.0834 -0.1085
v  -1.3300 0.0834 -0.1200
v  -1.3325 0.0834 -0.1302
v  -1.3365 0.0834 -0.1389
v  -1.3417 0.0834 -0.1456
v  -1.3478 0.0834 -0.1499
v  -1.3546 0.0834 -0.1514
v  -1.4814 0.0834 -0.1514
v  -1.4882 0.0834 -0.1499
v  -1.4943 0.0834 -0.1456
v  -1.4995 0.0834 -0.1389
v  -1.5035 0.0834 -0.1302
v  -1.5060 0.0834 -0.1200
v  -1.3243 0.0718 0.1052
v  -1.3243 0.0718 -0.1091
v  -1.3243 0.0834 -0.1091
v  -1.3243 0.0834 0.1052
v  -1.3543 0.0718 -0.1595
v  -1.4817 0.0718 -0.1595
v  -1.4817 0.0834 -0.1595
v  -1.3543 0.0834 -0.1595
v  -1.3465 0.0718 0.1539
v  -1.3465 0.0834 0.1539
v  -1.3393 0.0718 0.1488
v  -1.3393 0.0834 0.1488
v  -1.3331 0.0718 0.1408
v  -1.3331 0.0834 0.1408
v  -1.3283 0.0718 0.1304
v  -1.3283 0.0834 0.1304
v  -1.3253 0.0718 0.1182
v  -1.3253 0.0834 0.1182
v  -1.3543 0.0216 -0.1595
v  -1.3465 0.0216 -0.1577
v  -1.3465 0.0143 -0.1577
v  -1.3543 0.0143 -0.1595
v  -1.3393 0.0216 -0.1527
v  -1.3393 0.0143 -0.1527
v  -1.3331 0.0216 -0.1447
v  -1.3331 0.0143 -0.1447
v  -1.3283 0.0216 -0.1343
v  -1.3283 0.0143 -0.1343
v  -1.3253 0.0216 -0.1221
v  -1.3253 0.0143 -0.1221
v  -1.3243 0.0216 -0.1091
v  -1.3243 0.0143 -0.1091
v  -1.5117 0.0216 -0.1091
v  -1.5107 0.0216 -0.1221
v  -1.5107 0.0143 -0.1221
v  -1.5117 0.0143 -0.1091
v  -1.5077 0.0216 -0.1343
v  -1.5077 0.0143 -0.1343
v  -1.5029 0.0216 -0.1447
v  -1.5029 0.0143 -0.1447
v  -1.4967 0.0216 -0.1527
v  -1.4967 0.0143 -0.1527
v  -1.4895 0.0216 -0.1577
v  -1.4895 0.0143 -0.1577
v  -1.4817 0.0216 -0.1595
v  -1.4817 0.0143 -0.1595
v  -1.4817 0.0216 0.1556
v  -1.4895 0.0216 0.1539
v  -1.4895 0.0143 0.1539
v  -1.4817 0.0143 0.1556
v  -1.4967 0.0216 0.1488
v  -1.4967 0.0143 0.1488
v  -1.5029 0.0216 0.1408
v  -1.5029 0.0143 0.1408
v  -1.5077 0.0216 0.1304
v  -1.5077 0.0143 0.1304
v  -1.5107 0.0216 0.1182
v  -1.5107 0.0143 0.1182
v  -1.5117 0.0216 0.1052
v  -1.5117 0.0143 0.1052
v  -1.3243 0.0143 0.1052
v  -1.3253 0.0143 0.1182
v  -1.3283 0.0143 0.1304
v  -1.3331 0.0143 0.1408
v  -1.3393 0.0143 0.1488
v  -1.3465 0.0143 0.1539
v  -1.3543 0.0143 0.1556
v  -1.3465 0.0834 -0.1577
v  -1.3393 0.0834 -0.1527
v  -1.3331 0.0834 -0.1447
v  -1.3283 0.0834 -0.1343
v  -1.3253 0.0834 -0.1221
v  -1.5107 0.0834 -0.1221
v  -1.5077 0.0834 -0.1343
v  -1.5029 0.0834 -0.1447
v  -1.4967 0.0834 -0.1527
v  -1.4895 0.0834 -0.1577
v  -1.4895 0.0834 0.1539
v  -1.4967 0.0834 0.1488
v  -1.5029 0.0834 0.1408
v  -1.5077 0.0834 0.1304
v  -1.5107 0.0834 0.1182
v  -1.5107 0.0718 0.1182
v  -1.5077 0.0718 0.1304
v  -1.5029 0.0718 0.1408
v  -1.4967 0.0718 0.1488
v  -1.4895 0.0718 0.1539
v  -1.4895 0.0718 -0.1577
v  -1.4967 0.0718 -0.1527
v  -1.5029 0.0718 -0.1447
v  -1.5077 0.0718 -0.1343
v  -1.5107 0.0718 -0.1221
v  -1.3253 0.0718 -0.1221
v  -1.3283 0.0718 -0.1343
v  -1.3331 0.0718 -0.1447
v  -1.3393 0.0718 -0.1527
v  -1.3465 0.0718 -0.1577
v  -1.3253 0.0216 0.1182
v  -1.3243 0.0216 0.1052
v  -1.3283 0.0216 0.1304
v  -1.3331 0.0216 0.1408
v  -1.3393 0.0216 0.1488
v  -1.3465 0.0216 0.1539
v  -1.3543 0.0216 0.1556
# 140 vertices

vn -0.0654 0.9979 -0.0000
vn 0.0654 0.9979 -0.0000
vn 0.0472 0.7197 -0.6927
vn -0.0472 0.7197 -0.6927
vn -0.9979 -0.0654 -0.0000
vn -0.9979 0.0654 -0.0000
vn -0.7197 0.0472 -0.6927
vn -0.7197 -0.0472 -0.6927
vn -0.0000 0.0000 -1.0000
vn 0.0000 0.0000 -1.0000
vn 0.9979 0.0654 -0.0000
vn 0.9979 -0.0654 -0.0000
vn 0.7197 -0.0472 -0.6927
vn 0.7197 0.0472 -0.6927
vn 0.0654 -0.9979 -0.0000
vn -0.0654 -0.9979 -0.0000
vn -0.0472 -0.7197 -0.6927
vn 0.0472 -0.7197 -0.6927
vn 0.2588 0.9659 -0.0000
vn 0.1900 0.7092 -0.6789
vn 0.5000 0.8660 -0.0000
vn 0.3671 0.6359 -0.6789
vn 0.7071 0.7071 -0.0000
vn 0.5192 0.5192 -0.6789
vn 0.8660 0.5000 -0.0000
vn 0.6359 0.3671 -0.6789
vn 0.9659 0.2588 -0.0000
vn 0.7092 0.1900 -0.6789
vn 0.2588 -0.9659 -0.0000
vn 0.1900 -0.7092 0.6789
vn 0.0472 -0.7197 0.6927
vn 0.5000 -0.8660 -0.0000
vn 0.3671 -0.6359 0.6789
vn 0.7071 -0.7071 -0.0000
vn 0.5192 -0.5192 0.6789
vn 0.8660 -0.5000 -0.0000
vn 0.6359 -0.3671 0.6789
vn 0.9659 -0.2588 -0.0000
vn 0.7092 -0.1900 0.6789
vn 0.7197 -0.0472 0.6927
vn -0.9659 -0.2588 -0.0000
vn -0.7092 -0.1900 0.6789
vn -0.7197 -0.0472 0.6927
vn -0.8660 -0.5000 -0.0000
vn -0.6359 -0.3671 0.6789
vn -0.7071 -0.7071 -0.0000
vn -0.5192 -0.5192 0.6789
vn -0.5000 -0.8660 -0.0000
vn -0.3671 -0.6359 0.6789
vn -0.2588 -0.9659 -0.0000
vn -0.1900 -0.7092 0.6789
vn -0.0472 -0.7197 0.6927
vn -0.2588 0.9659 -0.0000
vn -0.1900 0.7092 0.6789
vn -0.0472 0.7197 0.6927
vn -0.5000 0.8660 -0.0000
vn -0.3671 0.6359 0.6789
vn -0.7071 0.7071 -0.0000
vn -0.5192 0.5192 0.6789
vn -0.8660 0.5000 -0.0000
vn -0.6359 0.3671 0.6789
vn -0.9659 0.2588 -0.0000
vn -0.7092 0.1900 0.6789
vn -0.7197 0.0472 0.6927
vn 0.7197 0.0472 0.6927
vn 0.7092 0.1900 0.6789
vn 0.6359 0.3671 0.6789
vn 0.5192 0.5192 0.6789
vn 0.3671 0.6359 0.6789
vn 0.1900 0.7092 0.6789
vn 0.0472 0.7197 0.6927
vn 0.1900 -0.7092 -0.6789
vn 0.3671 -0.6359 -0.6789
vn 0.5192 -0.5192 -0.6789
vn 0.6359 -0.3671 -0.6789
vn 0.7092 -0.1900 -0.6789
vn -0.7092 -0.1900 -0.6789
vn -0.6359 -0.3671 -0.6789
vn -0.5192 -0.5192 -0.6789
vn -0.3671 -0.6359 -0.6789
vn -0.1900 -0.7092 -0.6789
vn -0.1900 0.7092 -0.6789
vn -0.3671 0.6359 -0.6789
vn -0.5192 0.5192 -0.6789
vn -0.6359 0.3671 -0.6789
vn -0.7092 0.1900 -0.6789
# 86 vertex normals

vt 0.5832 0.7900 0.0000
vt 0.5832 0.9600 0.0000
vt 0.6250 0.9600 0.0000
vt 0.6250 0.7900 0.0000
vt 0.5832 0.5400 0.0000
vt 0.5832 0.7100 0.0000
vt 0.6250 0.7100 0.0000
vt 0.6250 0.5400 0.0000
vt 0.6303 0.5395 0.0000
vt 0.6303 0.7099 0.0000
vt 0.6305 0.7193 0.0000
vt 0.6316 0.7290 0.0000
vt 0.6335 0.7410 0.0000
vt 0.6366 0.7519 0.0000
vt 0.6437 0.7555 0.0000
vt 0.6609 0.7478 0.0000
vt 0.8343 0.7433 0.0000
vt 0.8434 0.7421 0.0000
vt 0.8515 0.7388 0.0000
vt 0.8584 0.7334 0.0000
vt 0.8637 0.7265 0.0000
vt 0.8671 0.7184 0.0000
vt 0.8682 0.7092 0.0000
vt 0.8260 0.4890 0.0000
vt 0.7463 0.3845 0.0000
vt 0.7195 0.3542 0.0000
vt 0.7146 0.3571 0.0000
vt 0.7145 0.3671 0.0000
vt 0.7331 0.3943 0.0000
vt 0.7954 0.4659 0.0000
vt 0.6608 0.5015 0.0000
vt 0.6436 0.4939 0.0000
vt 0.6365 0.4975 0.0000
vt 0.6335 0.5085 0.0000
vt 0.6315 0.5205 0.0000
vt 0.6304 0.5301 0.0000
vt 0.5832 0.0400 0.0000
vt 0.5832 0.2100 0.0000
vt 0.6250 0.2100 0.0000
vt 0.6250 0.0400 0.0000
vt 0.5832 0.2900 0.0000
vt 0.5832 0.4600 0.0000
vt 0.6250 0.4600 0.0000
vt 0.6250 0.2900 0.0000
vt 0.5832 0.9704 0.0000
vt 0.6250 0.9704 0.0000
vt 0.5832 0.9800 0.0000
vt 0.6250 0.9800 0.0000
vt 0.5832 1.0000 0.0000
vt 0.6250 1.0000 0.0000
vt 0.5832 0.0000 0.0000
vt 0.5832 0.0200 0.0000
vt 0.6250 0.0200 0.0000
vt 0.6250 0.0000 0.0000
vt 0.5832 0.0296 0.0000
vt 0.6250 0.0296 0.0000
vt 0.4015 0.2900 0.0000
vt 0.3436 0.3535 0.0000
vt 0.3015 0.3535 0.0000
vt 0.3750 0.2900 0.0000
vt 0.3410 0.3484 0.0000
vt 0.2983 0.3484 0.0000
vt 0.3389 0.3372 0.0000
vt 0.2956 0.3372 0.0000
vt 0.3372 0.3267 0.0000
vt 0.2935 0.3267 0.0000
vt 0.3362 0.3235 0.0000
vt 0.2921 0.3235 0.0000
vt 0.4015 0.2100 0.0000
vt 0.3750 0.2100 0.0000
vt 0.4015 0.5400 0.0000
vt 0.4011 0.5296 0.0000
vt 0.3745 0.5296 0.0000
vt 0.3750 0.5400 0.0000
vt 0.4001 0.5200 0.0000
vt 0.3732 0.5200 0.0000
vt 0.3984 0.5039 0.0000
vt 0.3711 0.5039 0.0000
vt 0.3962 0.4885 0.0000
vt 0.3683 0.4885 0.0000
vt 0.3937 0.4807 0.0000
vt 0.3651 0.4807 0.0000
vt 0.4015 0.4600 0.0000
vt 0.3750 0.4600 0.0000
vt 0.4015 0.7900 0.0000
vt 0.3937 0.7693 0.0000
vt 0.3651 0.7693 0.0000
vt 0.3750 0.7900 0.0000
vt 0.3962 0.7615 0.0000
vt 0.3683 0.7615 0.0000
vt 0.3984 0.7461 0.0000
vt 0.3711 0.7461 0.0000
vt 0.4001 0.7300 0.0000
vt 0.3732 0.7300 0.0000
vt 0.4011 0.7204 0.0000
vt 0.3745 0.7204 0.0000
vt 0.4015 0.7100 0.0000
vt 0.3750 0.7100 0.0000
vt 0.1250 0.5400 0.0000
vt 0.1250 0.7100 0.0000
vt 0.1264 0.7204 0.0000
vt 0.1304 0.7300 0.0000
vt 0.1367 0.7383 0.0000
vt 0.1450 0.7446 0.0000
vt 0.1546 0.7486 0.0000
vt 0.1650 0.7500 0.0000
vt 0.3350 0.7500 0.0000
vt 0.3350 0.5000 0.0000
vt 0.1650 0.5000 0.0000
vt 0.8350 0.7500 0.0000
vt 0.8454 0.7486 0.0000
vt 0.8550 0.7446 0.0000
vt 0.8633 0.7383 0.0000
vt 0.8696 0.7300 0.0000
vt 0.8736 0.7204 0.0000
vt 0.8750 0.7100 0.0000
vt 0.6985 0.3535 0.0000
vt 0.8350 0.5000 0.0000
vt 0.7017 0.3484 0.0000
vt 0.7044 0.3372 0.0000
vt 0.7065 0.3267 0.0000
vt 0.7079 0.3235 0.0000
vt 0.8750 0.5400 0.0000
vt 0.6255 0.5296 0.0000
vt 0.6268 0.5200 0.0000
vt 0.6289 0.5039 0.0000
vt 0.6317 0.4885 0.0000
vt 0.6349 0.4807 0.0000
vt 0.6650 0.5000 0.0000
vt 0.6349 0.7693 0.0000
vt 0.6650 0.7500 0.0000
vt 0.6317 0.7615 0.0000
vt 0.6289 0.7461 0.0000
vt 0.6268 0.7300 0.0000
vt 0.6255 0.7204 0.0000
vt 0.5835 0.7204 0.0000
vt 0.5844 0.7300 0.0000
vt 0.5858 0.7461 0.0000
vt 0.5876 0.7615 0.0000
vt 0.5898 0.7693 0.0000
vt 0.5898 0.4807 0.0000
vt 0.5876 0.4885 0.0000
vt 0.5858 0.5039 0.0000
vt 0.5844 0.5200 0.0000
vt 0.5835 0.5296 0.0000
vt 0.6383 0.3235 0.0000
vt 0.6375 0.3267 0.0000
vt 0.6361 0.3372 0.0000
vt 0.6342 0.3484 0.0000
vt 0.6321 0.3535 0.0000
vt 0.4015 0.0296 0.0000
vt 0.4015 0.0400 0.0000
vt 0.4015 0.0200 0.0000
vt 0.4015 0.0000 0.0000
vt 0.4015 0.9800 0.0000
vt 0.4015 1.0000 0.0000
vt 0.4015 0.9704 0.0000
vt 0.4015 0.9600 0.0000
vt 0.3750 0.9600 0.0000
vt 0.3750 0.0400 0.0000
vt 0.3750 0.9704 0.0000
vt 0.3750 0.9800 0.0000
vt 0.3750 1.0000 0.0000
vt 0.3750 0.0000 0.0000
vt 0.3750 0.0200 0.0000
vt 0.3750 0.0296 0.0000
# 166 texture coords

o matel_tab_bottom
g matel_tab_bottom
usemtl Metal
s off
f 4871/473/639 4872/474/640 4873/475/641 4874/476/642 
f 4875/477/643 4876/478/644 4877/479/645 4878/480/646 
f 4879/481/647 4880/482/647 4881/483/647 4882/484/648 4883/485/648 4884/486/647 4885/487/647 4886/488/648 4887/489/648 4888/490/648 4889/491/648 4890/492/647 4891/493/647 4892/494/648 4893/495/648 4894/496/648 4895/497/648 4896/498/647 4897/499/647 4898/500/648 4899/501/648 4900/502/648 4901/503/648 4902/504/648 4903/505/648 4904/506/648 4905/507/648 4906/508/647 
f 4907/509/649 4908/510/650 4909/511/651 4910/512/652 
f 4911/513/653 4912/514/654 4913/515/655 4914/516/656 
f 4872/474/640 4915/517/657 4916/518/658 4873/475/641 
f 4915/517/657 4917/519/659 4918/520/660 4916/518/658 
f 4917/519/659 4919/521/661 4920/522/662 4918/520/660 
f 4919/523/661 4921/524/663 4922/525/664 4920/526/662 
f 4921/524/663 4923/527/665 4924/528/666 4922/525/664 
f 4923/527/665 4907/509/649 4910/512/652 4924/528/666 
f 4925/529/653 4926/530/667 4927/531/668 4928/532/669 
f 4926/530/667 4929/533/670 4930/534/671 4927/531/668 
f 4929/533/670 4931/535/672 4932/536/673 4930/534/671 
f 4931/535/672 4933/537/674 4934/538/675 4932/536/673 
f 4933/537/674 4935/539/676 4936/540/677 4934/538/675 
f 4935/539/676 4937/541/650 4938/542/678 4936/540/677 
f 4939/543/643 4940/544/679 4941/545/680 4942/546/681 
f 4940/544/679 4943/547/682 4944/548/683 4941/545/680 
f 4943/547/682 4945/549/684 4946/550/685 4944/548/683 
f 4945/549/684 4947/551/686 4948/552/687 4946/550/685 
f 4947/551/686 4949/553/688 4950/554/689 4948/552/687 
f 4949/553/688 4951/555/654 4952/556/690 4950/554/689 
f 4953/557/639 4954/558/691 4955/559/692 4956/560/693 
f 4954/558/691 4957/561/694 4958/562/695 4955/559/692 
f 4957/561/694 4959/563/696 4960/564/697 4958/562/695 
f 4959/563/696 4961/565/698 4962/566/699 4960/564/697 
f 4961/565/698 4963/567/700 4964/568/701 4962/566/699 
f 4963/567/700 4965/569/644 4966/570/702 4964/568/701 
f 4938/571/678 4967/572/703 4968/573/704 4969/574/705 4970/575/706 4971/576/707 4972/577/708 4973/578/709 4956/579/693 4955/559/692 4958/562/695 4960/564/697 4962/566/699 4964/568/701 4966/570/702 4942/546/681 4941/545/680 4944/548/683 4946/550/685 4948/552/687 4950/554/689 4952/580/690 4928/581/669 4927/531/668 4930/534/671 4932/536/673 4934/538/675 4936/540/677 
f 4887/489/648 4873/582/641 4916/583/658 4888/490/648 
f 4888/490/648 4916/583/658 4918/584/660 4889/491/648 
f 4889/491/648 4918/584/660 4920/585/662 4890/492/647 
f 4890/492/647 4920/585/662 4922/586/664 4891/493/647 
f 4891/493/647 4922/586/664 4924/587/666 4892/494/648 
f 4892/494/648 4924/587/666 4910/588/652 4893/495/648 
f 4899/501/648 4974/589/710 4914/590/656 4900/502/648 
f 4898/500/648 4975/591/711 4974/589/710 4899/501/648 
f 4897/499/647 4976/592/712 4975/591/711 4898/500/648 
f 4896/498/647 4977/593/713 4976/592/712 4897/499/647 
f 4895/497/648 4978/594/714 4977/593/713 4896/498/647 
f 4894/496/648 4909/595/651 4978/594/714 4895/497/648 
f 4906/508/647 4979/596/715 4878/480/646 4879/481/647 
f 4905/507/648 4980/597/716 4979/596/715 4906/508/647 
f 4904/506/648 4981/598/717 4980/597/716 4905/507/648 
f 4903/505/648 4982/599/718 4981/598/717 4904/506/648 
f 4902/504/648 4983/600/719 4982/599/718 4903/505/648 
f 4901/503/648 4913/601/655 4983/600/719 4902/504/648 
f 4885/487/647 4984/602/720 4874/603/642 4886/488/648 
f 4884/486/647 4985/604/721 4984/602/720 4885/487/647 
f 4883/485/648 4986/605/722 4985/604/721 4884/486/647 
f 4882/484/648 4987/606/723 4986/605/722 4883/485/648 
f 4881/483/647 4988/607/724 4987/606/723 4882/484/648 
f 4880/482/647 4877/479/645 4988/607/724 4881/483/647 
f 4893/495/648 4910/588/652 4909/595/651 4894/496/648 
f 4886/488/648 4874/603/642 4873/582/641 4887/489/648 
f 4879/481/647 4878/480/646 4877/479/645 4880/482/647 
f 4900/502/648 4914/590/656 4913/601/655 4901/503/648 
f 4988/607/724 4877/479/645 4876/478/644 4989/608/700 
f 4987/606/723 4988/607/724 4989/608/700 4990/609/698 
f 4986/605/722 4987/606/723 4990/609/698 4991/610/696 
f 4985/604/721 4986/605/722 4991/610/696 4992/611/694 
f 4984/602/720 4985/604/721 4992/611/694 4993/612/691 
f 4874/476/642 4984/602/720 4993/612/691 4871/473/639 
f 4983/600/719 4913/515/655 4912/514/654 4994/613/688 
f 4982/599/718 4983/600/719 4994/613/688 4995/614/686 
f 4981/598/717 4982/599/718 4995/614/686 4996/615/684 
f 4980/597/716 4981/598/717 4996/615/684 4997/616/682 
f 4979/596/715 4980/597/716 4997/616/682 4998/617/679 
f 4878/480/646 4979/596/715 4998/617/679 4875/477/643 
f 4978/594/714 4909/511/651 4908/510/650 4999/618/676 
f 4977/593/713 4978/594/714 4999/618/676 5000/619/674 
f 4976/592/712 4977/593/713 5000/619/674 5001/620/672 
f 4975/591/711 4976/592/712 5001/620/672 5002/621/670 
f 4974/589/710 4975/591/711 5002/621/670 5003/622/667 
f 4914/516/656 4974/589/710 5003/622/667 4911/513/653 
f 5004/623/665 5005/624/649 4907/509/649 4923/527/665 
f 5006/625/663 5004/623/665 4923/527/665 4921/524/663 
f 5007/626/661 5006/625/663 4921/524/663 4919/523/661 
f 5008/627/659 5007/628/661 4919/521/661 4917/519/659 
f 5009/629/657 5008/627/659 4917/519/659 4915/517/657 
f 5010/630/640 5009/629/657 4915/517/657 4872/474/640 
f 4925/529/653 4951/555/654 4912/514/654 4911/513/653 
f 5005/624/649 4937/541/650 4908/510/650 4907/509/649 
f 4939/543/643 4965/569/644 4876/478/644 4875/477/643 
f 4953/557/639 5010/630/640 4872/474/640 4871/473/639 
f 4956/560/693 4973/631/709 5010/630/640 4953/557/639 
f 4942/546/681 4966/570/702 4965/569/644 4939/543/643 
f 4967/632/703 4938/542/678 4937/541/650 5005/624/649 
f 4928/532/669 4952/556/690 4951/555/654 4925/529/653 
f 4973/631/709 4972/633/708 5009/629/657 5010/630/640 
f 4972/633/708 4971/634/707 5008/627/659 5009/629/657 
f 4971/634/707 4970/635/706 5007/628/661 5008/627/659 
f 4970/636/706 4969/637/705 5006/625/663 5007/626/661 
f 4969/637/705 4968/638/704 5004/623/665 5006/625/663 
f 4968/638/704 4967/632/703 5005/624/649 5004/623/665 
f 4989/608/700 4876/478/644 4965/569/644 4963/567/700 
f 4990/609/698 4989/608/700 4963/567/700 4961/565/698 
f 4991/610/696 4990/609/698 4961/565/698 4959/563/696 
f 4992/611/694 4991/610/696 4959/563/696 4957/561/694 
f 4993/612/691 4992/611/694 4957/561/694 4954/558/691 
f 4871/473/639 4993/612/691 4954/558/691 4953/557/639 
f 4994/613/688 4912/514/654 4951/555/654 4949/553/688 
f 4995/614/686 4994/613/688 4949/553/688 4947/551/686 
f 4996/615/684 4995/614/686 4947/551/686 4945/549/684 
f 4997/616/682 4996/615/684 4945/549/684 4943/547/682 
f 4998/617/679 4997/616/682 4943/547/682 4940/544/679 
f 4875/477/643 4998/617/679 4940/544/679 4939/543/643 
f 4999/618/676 4908/510/650 4937/541/650 4935/539/676 
f 5000/619/674 4999/618/676 4935/539/676 4933/537/674 
f 5001/620/672 5000/619/674 4933/537/674 4931/535/672 
f 5002/621/670 5001/620/672 4931/535/672 4929/533/670 
f 5003/622/667 5002/621/670 4929/533/670 4926/530/667 
f 4911/513/653 5003/622/667 4926/530/667 4925/529/653 
# 114 polygons

#
# object detecha
#

v  1.4786 2.0699 0.1556
v  1.4786 2.0814 0.1556
v  1.3512 2.0814 0.1556
v  1.3512 2.0699 0.1556
v  1.5086 2.0699 -0.1091
v  1.5086 2.0814 -0.1091
v  1.5086 2.0814 0.1052
v  1.5086 2.0699 0.1052
v  1.5038 2.0814 -0.1085
v  1.5029 2.0814 -0.1200
v  1.5004 2.0814 -0.1302
v  1.4964 2.0814 -0.1389
v  1.4912 2.0814 -0.1456
v  1.4851 2.0814 -0.1499
v  1.4783 2.0814 -0.1514
v  1.3515 2.0814 -0.1514
v  1.3447 2.0814 -0.1499
v  1.3386 2.0814 -0.1456
v  1.3334 2.0814 -0.1389
v  1.3294 2.0814 -0.1302
v  1.3269 2.0814 -0.1200
v  1.3260 2.0814 -0.1085
v  1.3260 2.0814 0.1047
v  1.3269 2.0814 0.1161
v  1.3294 2.0814 0.1263
v  1.3334 2.0814 0.1351
v  1.3386 2.0814 0.1418
v  1.3447 2.0814 0.1460
v  1.3515 2.0814 0.1475
v  1.4783 2.0814 0.1475
v  1.4851 2.0814 0.1460
v  1.4912 2.0814 0.1418
v  1.4964 2.0814 0.1351
v  1.5004 2.0814 0.1263
v  1.5029 2.0814 0.1161
v  1.5038 2.0814 0.1047
v  1.3212 2.0699 0.1052
v  1.3212 2.0814 0.1052
v  1.3212 2.0814 -0.1091
v  1.3212 2.0699 -0.1091
v  1.3512 2.0699 -0.1595
v  1.3512 2.0814 -0.1595
v  1.4786 2.0814 -0.1595
v  1.4786 2.0699 -0.1595
v  1.3434 2.0814 0.1539
v  1.3434 2.0699 0.1539
v  1.3362 2.0814 0.1488
v  1.3362 2.0699 0.1488
v  1.3300 2.0814 0.1408
v  1.3300 2.0699 0.1408
v  1.3252 2.0814 0.1304
v  1.3252 2.0699 0.1304
v  1.3222 2.0814 0.1182
v  1.3222 2.0699 0.1182
v  1.3512 2.0197 -0.1595
v  1.3512 2.0123 -0.1595
v  1.3434 2.0123 -0.1577
v  1.3434 2.0197 -0.1577
v  1.3362 2.0123 -0.1527
v  1.3362 2.0197 -0.1527
v  1.3300 2.0123 -0.1447
v  1.3300 2.0197 -0.1447
v  1.3252 2.0123 -0.1343
v  1.3252 2.0197 -0.1343
v  1.3222 2.0123 -0.1221
v  1.3222 2.0197 -0.1221
v  1.3212 2.0123 -0.1091
v  1.3212 2.0197 -0.1091
v  1.5086 2.0197 -0.1091
v  1.5086 2.0123 -0.1091
v  1.5076 2.0123 -0.1221
v  1.5076 2.0197 -0.1221
v  1.5046 2.0123 -0.1343
v  1.5046 2.0197 -0.1343
v  1.4998 2.0123 -0.1447
v  1.4998 2.0197 -0.1447
v  1.4936 2.0123 -0.1527
v  1.4936 2.0197 -0.1527
v  1.4864 2.0123 -0.1577
v  1.4864 2.0197 -0.1577
v  1.4786 2.0123 -0.1595
v  1.4786 2.0197 -0.1595
v  1.4786 2.0197 0.1556
v  1.4786 2.0123 0.1556
v  1.4864 2.0123 0.1539
v  1.4864 2.0197 0.1539
v  1.4936 2.0123 0.1488
v  1.4936 2.0197 0.1488
v  1.4998 2.0123 0.1408
v  1.4998 2.0197 0.1408
v  1.5046 2.0123 0.1304
v  1.5046 2.0197 0.1304
v  1.5076 2.0123 0.1182
v  1.5076 2.0197 0.1182
v  1.5086 2.0123 0.1052
v  1.5086 2.0197 0.1052
v  1.3512 2.0123 0.1556
v  1.3434 2.0123 0.1539
v  1.3362 2.0123 0.1488
v  1.3300 2.0123 0.1408
v  1.3252 2.0123 0.1304
v  1.3222 2.0123 0.1182
v  1.3212 2.0123 0.1052
v  1.3434 2.0814 -0.1577
v  1.3362 2.0814 -0.1527
v  1.3300 2.0814 -0.1447
v  1.3252 2.0814 -0.1343
v  1.3222 2.0814 -0.1221
v  1.5076 2.0814 -0.1221
v  1.5046 2.0814 -0.1343
v  1.4998 2.0814 -0.1447
v  1.4936 2.0814 -0.1527
v  1.4864 2.0814 -0.1577
v  1.4864 2.0814 0.1539
v  1.4936 2.0814 0.1488
v  1.4998 2.0814 0.1408
v  1.5046 2.0814 0.1304
v  1.5076 2.0814 0.1182
v  1.5076 2.0699 0.1182
v  1.5046 2.0699 0.1304
v  1.4998 2.0699 0.1408
v  1.4936 2.0699 0.1488
v  1.4864 2.0699 0.1539
v  1.4864 2.0699 -0.1577
v  1.4936 2.0699 -0.1527
v  1.4998 2.0699 -0.1447
v  1.5046 2.0699 -0.1343
v  1.5076 2.0699 -0.1221
v  1.3222 2.0699 -0.1221
v  1.3252 2.0699 -0.1343
v  1.3300 2.0699 -0.1447
v  1.3362 2.0699 -0.1527
v  1.3434 2.0699 -0.1577
v  1.3222 2.0197 0.1182
v  1.3212 2.0197 0.1052
v  1.3252 2.0197 0.1304
v  1.3300 2.0197 0.1408
v  1.3362 2.0197 0.1488
v  1.3434 2.0197 0.1539
v  1.3512 2.0197 0.1556
# 140 vertices

vn 0.0654 0.9979 -0.0000
vn 0.0472 0.7197 -0.6927
vn -0.0472 0.7197 -0.6927
vn -0.0654 0.9979 -0.0000
vn 0.9979 -0.0654 -0.0000
vn 0.7197 -0.0472 -0.6927
vn 0.7197 0.0472 -0.6927
vn 0.9979 0.0654 -0.0000
vn 0.0000 0.0000 -1.0000
vn -0.0000 0.0000 -1.0000
vn -0.9979 0.0654 -0.0000
vn -0.7197 0.0472 -0.6927
vn -0.7197 -0.0472 -0.6927
vn -0.9979 -0.0654 -0.0000
vn -0.0654 -0.9979 -0.0000
vn -0.0472 -0.7197 -0.6927
vn 0.0472 -0.7197 -0.6927
vn 0.0654 -0.9979 -0.0000
vn -0.1900 0.7092 -0.6789
vn -0.2588 0.9659 -0.0000
vn -0.3671 0.6359 -0.6789
vn -0.5000 0.8660 -0.0000
vn -0.5192 0.5192 -0.6789
vn -0.7071 0.7071 -0.0000
vn -0.6359 0.3671 -0.6789
vn -0.8660 0.5000 -0.0000
vn -0.7092 0.1900 -0.6789
vn -0.9659 0.2588 -0.0000
vn -0.0472 -0.7197 0.6927
vn -0.1900 -0.7092 0.6789
vn -0.2588 -0.9659 -0.0000
vn -0.3671 -0.6359 0.6789
vn -0.5000 -0.8660 -0.0000
vn -0.5192 -0.5192 0.6789
vn -0.7071 -0.7071 -0.0000
vn -0.6359 -0.3671 0.6789
vn -0.8660 -0.5000 -0.0000
vn -0.7092 -0.1900 0.6789
vn -0.9659 -0.2588 -0.0000
vn -0.7197 -0.0472 0.6927
vn 0.7197 -0.0472 0.6927
vn 0.7092 -0.1900 0.6789
vn 0.9659 -0.2588 -0.0000
vn 0.6359 -0.3671 0.6789
vn 0.8660 -0.5000 -0.0000
vn 0.5192 -0.5192 0.6789
vn 0.7071 -0.7071 -0.0000
vn 0.3671 -0.6359 0.6789
vn 0.5000 -0.8660 -0.0000
vn 0.1900 -0.7092 0.6789
vn 0.2588 -0.9659 -0.0000
vn 0.0472 -0.7197 0.6927
vn 0.0472 0.7197 0.6927
vn 0.1900 0.7092 0.6789
vn 0.2588 0.9659 -0.0000
vn 0.3671 0.6359 0.6789
vn 0.5000 0.8660 -0.0000
vn 0.5192 0.5192 0.6789
vn 0.7071 0.7071 -0.0000
vn 0.6359 0.3671 0.6789
vn 0.8660 0.5000 -0.0000
vn 0.7092 0.1900 0.6789
vn 0.9659 0.2588 -0.0000
vn 0.7197 0.0472 0.6927
vn -0.0472 0.7197 0.6927
vn -0.1900 0.7092 0.6789
vn -0.3671 0.6359 0.6789
vn -0.5192 0.5192 0.6789
vn -0.6359 0.3671 0.6789
vn -0.7092 0.1900 0.6789
vn -0.7197 0.0472 0.6927
vn -0.1900 -0.7092 -0.6789
vn -0.3671 -0.6359 -0.6789
vn -0.5192 -0.5192 -0.6789
vn -0.6359 -0.3671 -0.6789
vn -0.7092 -0.1900 -0.6789
vn 0.7092 -0.1900 -0.6789
vn 0.6359 -0.3671 -0.6789
vn 0.5192 -0.5192 -0.6789
vn 0.3671 -0.6359 -0.6789
vn 0.1900 -0.7092 -0.6789
vn 0.1900 0.7092 -0.6789
vn 0.3671 0.6359 -0.6789
vn 0.5192 0.5192 -0.6789
vn 0.6359 0.3671 -0.6789
vn 0.7092 0.1900 -0.6789
# 86 vertex normals

vt 0.5832 0.7900 0.0000
vt 0.6250 0.7900 0.0000
vt 0.6250 0.9600 0.0000
vt 0.5832 0.9600 0.0000
vt 0.5832 0.5400 0.0000
vt 0.6250 0.5400 0.0000
vt 0.6250 0.7100 0.0000
vt 0.5832 0.7100 0.0000
vt 0.6303 0.5395 0.0000
vt 0.6304 0.5301 0.0000
vt 0.6315 0.5205 0.0000
vt 0.6335 0.5085 0.0000
vt 0.6365 0.4975 0.0000
vt 0.6436 0.4939 0.0000
vt 0.6608 0.5015 0.0000
vt 0.7954 0.4659 0.0000
vt 0.7331 0.3943 0.0000
vt 0.7145 0.3671 0.0000
vt 0.7146 0.3571 0.0000
vt 0.7195 0.3542 0.0000
vt 0.7463 0.3845 0.0000
vt 0.8260 0.4890 0.0000
vt 0.8682 0.7092 0.0000
vt 0.8671 0.7184 0.0000
vt 0.8637 0.7265 0.0000
vt 0.8584 0.7334 0.0000
vt 0.8515 0.7388 0.0000
vt 0.8434 0.7421 0.0000
vt 0.8343 0.7433 0.0000
vt 0.6609 0.7478 0.0000
vt 0.6437 0.7555 0.0000
vt 0.6366 0.7519 0.0000
vt 0.6335 0.7410 0.0000
vt 0.6316 0.7290 0.0000
vt 0.6305 0.7193 0.0000
vt 0.6303 0.7099 0.0000
vt 0.5832 0.0400 0.0000
vt 0.6250 0.0400 0.0000
vt 0.6250 0.2100 0.0000
vt 0.5832 0.2100 0.0000
vt 0.5832 0.2900 0.0000
vt 0.6250 0.2900 0.0000
vt 0.6250 0.4600 0.0000
vt 0.5832 0.4600 0.0000
vt 0.6250 0.9704 0.0000
vt 0.5832 0.9704 0.0000
vt 0.6250 0.9800 0.0000
vt 0.5832 0.9800 0.0000
vt 0.6250 1.0000 0.0000
vt 0.5832 1.0000 0.0000
vt 0.5832 0.0000 0.0000
vt 0.6250 0.0000 0.0000
vt 0.6250 0.0200 0.0000
vt 0.5832 0.0200 0.0000
vt 0.6250 0.0296 0.0000
vt 0.5832 0.0296 0.0000
vt 0.4015 0.2900 0.0000
vt 0.3750 0.2900 0.0000
vt 0.3015 0.3535 0.0000
vt 0.3436 0.3535 0.0000
vt 0.2983 0.3484 0.0000
vt 0.3410 0.3484 0.0000
vt 0.2956 0.3372 0.0000
vt 0.3389 0.3372 0.0000
vt 0.2935 0.3267 0.0000
vt 0.3372 0.3267 0.0000
vt 0.2921 0.3235 0.0000
vt 0.3362 0.3235 0.0000
vt 0.3750 0.2100 0.0000
vt 0.4015 0.2100 0.0000
vt 0.4015 0.5400 0.0000
vt 0.3750 0.5400 0.0000
vt 0.3745 0.5296 0.0000
vt 0.4011 0.5296 0.0000
vt 0.3732 0.5200 0.0000
vt 0.4001 0.5200 0.0000
vt 0.3711 0.5039 0.0000
vt 0.3984 0.5039 0.0000
vt 0.3683 0.4885 0.0000
vt 0.3962 0.4885 0.0000
vt 0.3651 0.4807 0.0000
vt 0.3937 0.4807 0.0000
vt 0.3750 0.4600 0.0000
vt 0.4015 0.4600 0.0000
vt 0.4015 0.7900 0.0000
vt 0.3750 0.7900 0.0000
vt 0.3651 0.7693 0.0000
vt 0.3937 0.7693 0.0000
vt 0.3683 0.7615 0.0000
vt 0.3962 0.7615 0.0000
vt 0.3711 0.7461 0.0000
vt 0.3984 0.7461 0.0000
vt 0.3732 0.7300 0.0000
vt 0.4001 0.7300 0.0000
vt 0.3745 0.7204 0.0000
vt 0.4011 0.7204 0.0000
vt 0.3750 0.7100 0.0000
vt 0.4015 0.7100 0.0000
vt 0.1250 0.5400 0.0000
vt 0.1650 0.5000 0.0000
vt 0.3350 0.5000 0.0000
vt 0.3350 0.7500 0.0000
vt 0.1650 0.7500 0.0000
vt 0.1546 0.7486 0.0000
vt 0.1450 0.7446 0.0000
vt 0.1367 0.7383 0.0000
vt 0.1304 0.7300 0.0000
vt 0.1264 0.7204 0.0000
vt 0.1250 0.7100 0.0000
vt 0.8454 0.7486 0.0000
vt 0.8350 0.7500 0.0000
vt 0.8550 0.7446 0.0000
vt 0.8633 0.7383 0.0000
vt 0.8696 0.7300 0.0000
vt 0.8736 0.7204 0.0000
vt 0.8750 0.7100 0.0000
vt 0.8350 0.5000 0.0000
vt 0.6985 0.3535 0.0000
vt 0.7017 0.3484 0.0000
vt 0.7044 0.3372 0.0000
vt 0.7065 0.3267 0.0000
vt 0.7079 0.3235 0.0000
vt 0.8750 0.5400 0.0000
vt 0.6255 0.5296 0.0000
vt 0.6268 0.5200 0.0000
vt 0.6289 0.5039 0.0000
vt 0.6317 0.4885 0.0000
vt 0.6349 0.4807 0.0000
vt 0.6650 0.5000 0.0000
vt 0.6650 0.7500 0.0000
vt 0.6349 0.7693 0.0000
vt 0.6317 0.7615 0.0000
vt 0.6289 0.7461 0.0000
vt 0.6268 0.7300 0.0000
vt 0.6255 0.7204 0.0000
vt 0.5835 0.7204 0.0000
vt 0.5844 0.7300 0.0000
vt 0.5858 0.7461 0.0000
vt 0.5876 0.7615 0.0000
vt 0.5898 0.7693 0.0000
vt 0.5898 0.4807 0.0000
vt 0.5876 0.4885 0.0000
vt 0.5858 0.5039 0.0000
vt 0.5844 0.5200 0.0000
vt 0.5835 0.5296 0.0000
vt 0.6383 0.3235 0.0000
vt 0.6375 0.3267 0.0000
vt 0.6361 0.3372 0.0000
vt 0.6342 0.3484 0.0000
vt 0.6321 0.3535 0.0000
vt 0.4015 0.0296 0.0000
vt 0.4015 0.0400 0.0000
vt 0.4015 0.0200 0.0000
vt 0.4015 0.0000 0.0000
vt 0.4015 0.9800 0.0000
vt 0.4015 1.0000 0.0000
vt 0.4015 0.9704 0.0000
vt 0.4015 0.9600 0.0000
vt 0.3750 0.9600 0.0000
vt 0.3750 0.0400 0.0000
vt 0.3750 0.9704 0.0000
vt 0.3750 0.9800 0.0000
vt 0.3750 1.0000 0.0000
vt 0.3750 0.0000 0.0000
vt 0.3750 0.0200 0.0000
vt 0.3750 0.0296 0.0000
# 166 texture coords

o detecha
g detecha
usemtl Metal
s off
f 5011/639/725 5012/640/726 5013/641/727 5014/642/728 
f 5015/643/729 5016/644/730 5017/645/731 5018/646/732 
f 5019/647/733 5020/648/733 5021/649/733 5022/650/733 5023/651/733 5024/652/733 5025/653/733 5026/654/734 5027/655/734 5028/656/733 5029/657/733 5030/658/733 5031/659/733 5032/660/733 5033/661/734 5034/662/734 5035/663/734 5036/664/733 5037/665/733 5038/666/734 5039/667/734 5040/668/733 5041/669/733 5042/670/734 5043/671/733 5044/672/733 5045/673/733 5046/674/733 
f 5047/675/735 5048/676/736 5049/677/737 5050/678/738 
f 5051/679/739 5052/680/740 5053/681/741 5054/682/742 
f 5014/642/728 5013/641/727 5055/683/743 5056/684/744 
f 5056/684/744 5055/683/743 5057/685/745 5058/686/746 
f 5058/686/746 5057/685/745 5059/687/747 5060/688/748 
f 5060/689/748 5059/690/747 5061/691/749 5062/692/750 
f 5062/692/750 5061/691/749 5063/693/751 5064/694/752 
f 5064/694/752 5063/693/751 5048/676/736 5047/675/735 
f 5065/695/739 5066/696/753 5067/697/754 5068/698/755 
f 5068/698/755 5067/697/754 5069/699/756 5070/700/757 
f 5070/700/757 5069/699/756 5071/701/758 5072/702/759 
f 5072/702/759 5071/701/758 5073/703/760 5074/704/761 
f 5074/704/761 5073/703/760 5075/705/762 5076/706/763 
f 5076/706/763 5075/705/762 5077/707/764 5078/708/738 
f 5079/709/729 5080/710/765 5081/711/766 5082/712/767 
f 5082/712/767 5081/711/766 5083/713/768 5084/714/769 
f 5084/714/769 5083/713/768 5085/715/770 5086/716/771 
f 5086/716/771 5085/715/770 5087/717/772 5088/718/773 
f 5088/718/773 5087/717/772 5089/719/774 5090/720/775 
f 5090/720/775 5089/719/774 5091/721/776 5092/722/742 
f 5093/723/725 5094/724/777 5095/725/778 5096/726/779 
f 5096/726/779 5095/725/778 5097/727/780 5098/728/781 
f 5098/728/781 5097/727/780 5099/729/782 5100/730/783 
f 5100/730/783 5099/729/782 5101/731/784 5102/732/785 
f 5102/732/785 5101/731/784 5103/733/786 5104/734/787 
f 5104/734/787 5103/733/786 5105/735/788 5106/736/732 
f 5077/737/764 5075/705/762 5073/703/760 5071/701/758 5069/699/756 5067/697/754 5066/738/753 5091/739/776 5089/719/774 5087/717/772 5085/715/770 5083/713/768 5081/711/766 5080/710/765 5105/735/788 5103/733/786 5101/731/784 5099/729/782 5097/727/780 5095/725/778 5094/740/777 5107/741/789 5108/742/790 5109/743/791 5110/744/792 5111/745/793 5112/746/794 5113/747/795 
f 5039/667/734 5038/666/734 5055/748/743 5013/749/727 
f 5038/666/734 5037/665/733 5057/750/745 5055/748/743 
f 5037/665/733 5036/664/733 5059/751/747 5057/750/745 
f 5036/664/733 5035/663/734 5061/752/749 5059/751/747 
f 5035/663/734 5034/662/734 5063/753/751 5061/752/749 
f 5034/662/734 5033/661/734 5048/754/736 5063/753/751 
f 5027/655/734 5026/654/734 5052/755/740 5114/756/796 
f 5028/656/733 5027/655/734 5114/756/796 5115/757/797 
f 5029/657/733 5028/656/733 5115/757/797 5116/758/798 
f 5030/658/733 5029/657/733 5116/758/798 5117/759/799 
f 5031/659/733 5030/658/733 5117/759/799 5118/760/800 
f 5032/660/733 5031/659/733 5118/760/800 5049/761/737 
f 5020/648/733 5019/647/733 5016/644/730 5119/762/801 
f 5021/649/733 5020/648/733 5119/762/801 5120/763/802 
f 5022/650/733 5021/649/733 5120/763/802 5121/764/803 
f 5023/651/733 5022/650/733 5121/764/803 5122/765/804 
f 5024/652/733 5023/651/733 5122/765/804 5123/766/805 
f 5025/653/733 5024/652/733 5123/766/805 5053/767/741 
f 5041/669/733 5040/668/733 5012/768/726 5124/769/806 
f 5042/670/734 5041/669/733 5124/769/806 5125/770/807 
f 5043/671/733 5042/670/734 5125/770/807 5126/771/808 
f 5044/672/733 5043/671/733 5126/771/808 5127/772/809 
f 5045/673/733 5044/672/733 5127/772/809 5128/773/810 
f 5046/674/733 5045/673/733 5128/773/810 5017/645/731 
f 5033/661/734 5032/660/733 5049/761/737 5048/754/736 
f 5040/668/733 5039/667/734 5013/749/727 5012/768/726 
f 5019/647/733 5046/674/733 5017/645/731 5016/644/730 
f 5026/654/734 5025/653/733 5053/767/741 5052/755/740 
f 5128/773/810 5129/774/787 5018/646/732 5017/645/731 
f 5127/772/809 5130/775/785 5129/774/787 5128/773/810 
f 5126/771/808 5131/776/783 5130/775/785 5127/772/809 
f 5125/770/807 5132/777/781 5131/776/783 5126/771/808 
f 5124/769/806 5133/778/779 5132/777/781 5125/770/807 
f 5012/640/726 5011/639/725 5133/778/779 5124/769/806 
f 5123/766/805 5134/779/775 5054/682/742 5053/681/741 
f 5122/765/804 5135/780/773 5134/779/775 5123/766/805 
f 5121/764/803 5136/781/771 5135/780/773 5122/765/804 
f 5120/763/802 5137/782/769 5136/781/771 5121/764/803 
f 5119/762/801 5138/783/767 5137/782/769 5120/763/802 
f 5016/644/730 5015/643/729 5138/783/767 5119/762/801 
f 5118/760/800 5139/784/763 5050/678/738 5049/677/737 
f 5117/759/799 5140/785/761 5139/784/763 5118/760/800 
f 5116/758/798 5141/786/759 5140/785/761 5117/759/799 
f 5115/757/797 5142/787/757 5141/786/759 5116/758/798 
f 5114/756/796 5143/788/755 5142/787/757 5115/757/797 
f 5052/680/740 5051/679/739 5143/788/755 5114/756/796 
f 5144/789/752 5064/694/752 5047/675/735 5145/790/735 
f 5146/791/750 5062/692/750 5064/694/752 5144/789/752 
f 5147/792/748 5060/689/748 5062/692/750 5146/791/750 
f 5148/793/746 5058/686/746 5060/688/748 5147/794/748 
f 5149/795/744 5056/684/744 5058/686/746 5148/793/746 
f 5150/796/728 5014/642/728 5056/684/744 5149/795/744 
f 5065/695/739 5051/679/739 5054/682/742 5092/722/742 
f 5145/790/735 5047/675/735 5050/678/738 5078/708/738 
f 5079/709/729 5015/643/729 5018/646/732 5106/736/732 
f 5093/723/725 5011/639/725 5014/642/728 5150/796/728 
f 5094/724/777 5093/723/725 5150/796/728 5107/797/789 
f 5080/710/765 5079/709/729 5106/736/732 5105/735/788 
f 5113/798/795 5145/790/735 5078/708/738 5077/707/764 
f 5066/696/753 5065/695/739 5092/722/742 5091/721/776 
f 5107/797/789 5150/796/728 5149/795/744 5108/799/790 
f 5108/799/790 5149/795/744 5148/793/746 5109/800/791 
f 5109/800/791 5148/793/746 5147/794/748 5110/801/792 
f 5110/802/792 5147/792/748 5146/791/750 5111/803/793 
f 5111/803/793 5146/791/750 5144/789/752 5112/804/794 
f 5112/804/794 5144/789/752 5145/790/735 5113/798/795 
f 5129/774/787 5104/734/787 5106/736/732 5018/646/732 
f 5130/775/785 5102/732/785 5104/734/787 5129/774/787 
f 5131/776/783 5100/730/783 5102/732/785 5130/775/785 
f 5132/777/781 5098/728/781 5100/730/783 5131/776/783 
f 5133/778/779 5096/726/779 5098/728/781 5132/777/781 
f 5011/639/725 5093/723/725 5096/726/779 5133/778/779 
f 5134/779/775 5090/720/775 5092/722/742 5054/682/742 
f 5135/780/773 5088/718/773 5090/720/775 5134/779/775 
f 5136/781/771 5086/716/771 5088/718/773 5135/780/773 
f 5137/782/769 5084/714/769 5086/716/771 5136/781/771 
f 5138/783/767 5082/712/767 5084/714/769 5137/782/769 
f 5015/643/729 5079/709/729 5082/712/767 5138/783/767 
f 5139/784/763 5076/706/763 5078/708/738 5050/678/738 
f 5140/785/761 5074/704/761 5076/706/763 5139/784/763 
f 5141/786/759 5072/702/759 5074/704/761 5140/785/761 
f 5142/787/757 5070/700/757 5072/702/759 5141/786/759 
f 5143/788/755 5068/698/755 5070/700/757 5142/787/757 
f 5051/679/739 5065/695/739 5068/698/755 5143/788/755 
# 114 polygons

#
# object detecha001
#

v  1.4786 0.0718 0.1556
v  1.4786 0.0834 0.1556
v  1.3512 0.0834 0.1556
v  1.3512 0.0718 0.1556
v  1.5086 0.0718 -0.1091
v  1.5086 0.0834 -0.1091
v  1.5086 0.0834 0.1052
v  1.5086 0.0718 0.1052
v  1.5038 0.0834 -0.1085
v  1.5029 0.0834 -0.1200
v  1.5004 0.0834 -0.1302
v  1.4964 0.0834 -0.1389
v  1.4912 0.0834 -0.1456
v  1.4851 0.0834 -0.1499
v  1.4783 0.0834 -0.1514
v  1.3515 0.0834 -0.1514
v  1.3447 0.0834 -0.1499
v  1.3386 0.0834 -0.1456
v  1.3334 0.0834 -0.1389
v  1.3294 0.0834 -0.1302
v  1.3269 0.0834 -0.1200
v  1.3260 0.0834 -0.1085
v  1.3260 0.0834 0.1047
v  1.3269 0.0834 0.1161
v  1.3294 0.0834 0.1263
v  1.3334 0.0834 0.1351
v  1.3386 0.0834 0.1418
v  1.3447 0.0834 0.1460
v  1.3515 0.0834 0.1475
v  1.4783 0.0834 0.1475
v  1.4851 0.0834 0.1460
v  1.4912 0.0834 0.1418
v  1.4964 0.0834 0.1351
v  1.5004 0.0834 0.1263
v  1.5029 0.0834 0.1161
v  1.5038 0.0834 0.1047
v  1.3212 0.0718 0.1052
v  1.3212 0.0834 0.1052
v  1.3212 0.0834 -0.1091
v  1.3212 0.0718 -0.1091
v  1.3512 0.0718 -0.1595
v  1.3512 0.0834 -0.1595
v  1.4786 0.0834 -0.1595
v  1.4786 0.0718 -0.1595
v  1.3434 0.0834 0.1539
v  1.3434 0.0718 0.1539
v  1.3362 0.0834 0.1488
v  1.3362 0.0718 0.1488
v  1.3300 0.0834 0.1408
v  1.3300 0.0718 0.1408
v  1.3252 0.0834 0.1304
v  1.3252 0.0718 0.1304
v  1.3222 0.0834 0.1182
v  1.3222 0.0718 0.1182
v  1.3512 0.0216 -0.1595
v  1.3512 0.0143 -0.1595
v  1.3434 0.0143 -0.1577
v  1.3434 0.0216 -0.1577
v  1.3362 0.0143 -0.1527
v  1.3362 0.0216 -0.1527
v  1.3300 0.0143 -0.1447
v  1.3300 0.0216 -0.1447
v  1.3252 0.0143 -0.1343
v  1.3252 0.0216 -0.1343
v  1.3222 0.0143 -0.1221
v  1.3222 0.0216 -0.1221
v  1.3212 0.0143 -0.1091
v  1.3212 0.0216 -0.1091
v  1.5086 0.0216 -0.1091
v  1.5086 0.0143 -0.1091
v  1.5076 0.0143 -0.1221
v  1.5076 0.0216 -0.1221
v  1.5046 0.0143 -0.1343
v  1.5046 0.0216 -0.1343
v  1.4998 0.0143 -0.1447
v  1.4998 0.0216 -0.1447
v  1.4936 0.0143 -0.1527
v  1.4936 0.0216 -0.1527
v  1.4864 0.0143 -0.1577
v  1.4864 0.0216 -0.1577
v  1.4786 0.0143 -0.1595
v  1.4786 0.0216 -0.1595
v  1.4786 0.0216 0.1556
v  1.4786 0.0143 0.1556
v  1.4864 0.0143 0.1539
v  1.4864 0.0216 0.1539
v  1.4936 0.0143 0.1488
v  1.4936 0.0216 0.1488
v  1.4998 0.0143 0.1408
v  1.4998 0.0216 0.1408
v  1.5046 0.0143 0.1304
v  1.5046 0.0216 0.1304
v  1.5076 0.0143 0.1182
v  1.5076 0.0216 0.1182
v  1.5086 0.0143 0.1052
v  1.5086 0.0216 0.1052
v  1.3512 0.0143 0.1556
v  1.3434 0.0143 0.1539
v  1.3362 0.0143 0.1488
v  1.3300 0.0143 0.1408
v  1.3252 0.0143 0.1304
v  1.3222 0.0143 0.1182
v  1.3212 0.0143 0.1052
v  1.3434 0.0834 -0.1577
v  1.3362 0.0834 -0.1527
v  1.3300 0.0834 -0.1447
v  1.3252 0.0834 -0.1343
v  1.3222 0.0834 -0.1221
v  1.5076 0.0834 -0.1221
v  1.5046 0.0834 -0.1343
v  1.4998 0.0834 -0.1447
v  1.4936 0.0834 -0.1527
v  1.4864 0.0834 -0.1577
v  1.4864 0.0834 0.1539
v  1.4936 0.0834 0.1488
v  1.4998 0.0834 0.1408
v  1.5046 0.0834 0.1304
v  1.5076 0.0834 0.1182
v  1.5076 0.0718 0.1182
v  1.5046 0.0718 0.1304
v  1.4998 0.0718 0.1408
v  1.4936 0.0718 0.1488
v  1.4864 0.0718 0.1539
v  1.4864 0.0718 -0.1577
v  1.4936 0.0718 -0.1527
v  1.4998 0.0718 -0.1447
v  1.5046 0.0718 -0.1343
v  1.5076 0.0718 -0.1221
v  1.3222 0.0718 -0.1221
v  1.3252 0.0718 -0.1343
v  1.3300 0.0718 -0.1447
v  1.3362 0.0718 -0.1527
v  1.3434 0.0718 -0.1577
v  1.3222 0.0216 0.1182
v  1.3212 0.0216 0.1052
v  1.3252 0.0216 0.1304
v  1.3300 0.0216 0.1408
v  1.3362 0.0216 0.1488
v  1.3434 0.0216 0.1539
v  1.3512 0.0216 0.1556
# 140 vertices

vn 0.0654 0.9979 -0.0000
vn 0.0472 0.7197 -0.6927
vn -0.0472 0.7197 -0.6927
vn -0.0654 0.9979 -0.0000
vn 0.9979 -0.0654 -0.0000
vn 0.7197 -0.0472 -0.6927
vn 0.7197 0.0472 -0.6927
vn 0.9979 0.0654 -0.0000
vn 0.0000 0.0000 -1.0000
vn -0.0000 0.0000 -1.0000
vn -0.9979 0.0654 -0.0000
vn -0.7197 0.0472 -0.6927
vn -0.7197 -0.0472 -0.6927
vn -0.9979 -0.0654 -0.0000
vn -0.0654 -0.9979 -0.0000
vn -0.0472 -0.7197 -0.6927
vn 0.0472 -0.7197 -0.6927
vn 0.0654 -0.9979 -0.0000
vn -0.1900 0.7092 -0.6789
vn -0.2588 0.9659 -0.0000
vn -0.3671 0.6359 -0.6789
vn -0.5000 0.8660 -0.0000
vn -0.5192 0.5192 -0.6789
vn -0.7071 0.7071 -0.0000
vn -0.6359 0.3671 -0.6789
vn -0.8660 0.5000 -0.0000
vn -0.7092 0.1900 -0.6789
vn -0.9659 0.2588 -0.0000
vn -0.0472 -0.7197 0.6927
vn -0.1900 -0.7092 0.6789
vn -0.2588 -0.9659 -0.0000
vn -0.3671 -0.6359 0.6789
vn -0.5000 -0.8660 -0.0000
vn -0.5192 -0.5192 0.6789
vn -0.7071 -0.7071 -0.0000
vn -0.6359 -0.3671 0.6789
vn -0.8660 -0.5000 -0.0000
vn -0.7092 -0.1900 0.6789
vn -0.9659 -0.2588 -0.0000
vn -0.7197 -0.0472 0.6927
vn 0.7197 -0.0472 0.6927
vn 0.7092 -0.1900 0.6789
vn 0.9659 -0.2588 -0.0000
vn 0.6359 -0.3671 0.6789
vn 0.8660 -0.5000 -0.0000
vn 0.5192 -0.5192 0.6789
vn 0.7071 -0.7071 -0.0000
vn 0.3671 -0.6359 0.6789
vn 0.5000 -0.8660 -0.0000
vn 0.1900 -0.7092 0.6789
vn 0.2588 -0.9659 -0.0000
vn 0.0472 -0.7197 0.6927
vn 0.0472 0.7197 0.6927
vn 0.1900 0.7092 0.6789
vn 0.2588 0.9659 -0.0000
vn 0.3671 0.6359 0.6789
vn 0.5000 0.8660 -0.0000
vn 0.5192 0.5192 0.6789
vn 0.7071 0.7071 -0.0000
vn 0.6359 0.3671 0.6789
vn 0.8660 0.5000 -0.0000
vn 0.7092 0.1900 0.6789
vn 0.9659 0.2588 -0.0000
vn 0.7197 0.0472 0.6927
vn -0.0472 0.7197 0.6927
vn -0.1900 0.7092 0.6789
vn -0.3671 0.6359 0.6789
vn -0.5192 0.5192 0.6789
vn -0.6359 0.3671 0.6789
vn -0.7092 0.1900 0.6789
vn -0.7197 0.0472 0.6927
vn -0.1900 -0.7092 -0.6789
vn -0.3671 -0.6359 -0.6789
vn -0.5192 -0.5192 -0.6789
vn -0.6359 -0.3671 -0.6789
vn -0.7092 -0.1900 -0.6789
vn 0.7092 -0.1900 -0.6789
vn 0.6359 -0.3671 -0.6789
vn 0.5192 -0.5192 -0.6789
vn 0.3671 -0.6359 -0.6789
vn 0.1900 -0.7092 -0.6789
vn 0.1900 0.7092 -0.6789
vn 0.3671 0.6359 -0.6789
vn 0.5192 0.5192 -0.6789
vn 0.6359 0.3671 -0.6789
vn 0.7092 0.1900 -0.6789
# 86 vertex normals

vt 0.5832 0.7900 0.0000
vt 0.6250 0.7900 0.0000
vt 0.6250 0.9600 0.0000
vt 0.5832 0.9600 0.0000
vt 0.5832 0.5400 0.0000
vt 0.6250 0.5400 0.0000
vt 0.6250 0.7100 0.0000
vt 0.5832 0.7100 0.0000
vt 0.6303 0.5395 0.0000
vt 0.6304 0.5301 0.0000
vt 0.6315 0.5205 0.0000
vt 0.6335 0.5085 0.0000
vt 0.6365 0.4975 0.0000
vt 0.6436 0.4939 0.0000
vt 0.6608 0.5015 0.0000
vt 0.7954 0.4659 0.0000
vt 0.7331 0.3943 0.0000
vt 0.7145 0.3671 0.0000
vt 0.7146 0.3571 0.0000
vt 0.7195 0.3542 0.0000
vt 0.7463 0.3845 0.0000
vt 0.8260 0.4890 0.0000
vt 0.8682 0.7092 0.0000
vt 0.8671 0.7184 0.0000
vt 0.8637 0.7265 0.0000
vt 0.8584 0.7334 0.0000
vt 0.8515 0.7388 0.0000
vt 0.8434 0.7421 0.0000
vt 0.8343 0.7433 0.0000
vt 0.6609 0.7478 0.0000
vt 0.6437 0.7555 0.0000
vt 0.6366 0.7519 0.0000
vt 0.6335 0.7410 0.0000
vt 0.6316 0.7290 0.0000
vt 0.6305 0.7193 0.0000
vt 0.6303 0.7099 0.0000
vt 0.5832 0.0400 0.0000
vt 0.6250 0.0400 0.0000
vt 0.6250 0.2100 0.0000
vt 0.5832 0.2100 0.0000
vt 0.5832 0.2900 0.0000
vt 0.6250 0.2900 0.0000
vt 0.6250 0.4600 0.0000
vt 0.5832 0.4600 0.0000
vt 0.6250 0.9704 0.0000
vt 0.5832 0.9704 0.0000
vt 0.6250 0.9800 0.0000
vt 0.5832 0.9800 0.0000
vt 0.6250 1.0000 0.0000
vt 0.5832 1.0000 0.0000
vt 0.5832 0.0000 0.0000
vt 0.6250 0.0000 0.0000
vt 0.6250 0.0200 0.0000
vt 0.5832 0.0200 0.0000
vt 0.6250 0.0296 0.0000
vt 0.5832 0.0296 0.0000
vt 0.4015 0.2900 0.0000
vt 0.3750 0.2900 0.0000
vt 0.3015 0.3535 0.0000
vt 0.3436 0.3535 0.0000
vt 0.2983 0.3484 0.0000
vt 0.3410 0.3484 0.0000
vt 0.2956 0.3372 0.0000
vt 0.3389 0.3372 0.0000
vt 0.2935 0.3267 0.0000
vt 0.3372 0.3267 0.0000
vt 0.2921 0.3235 0.0000
vt 0.3362 0.3235 0.0000
vt 0.3750 0.2100 0.0000
vt 0.4015 0.2100 0.0000
vt 0.4015 0.5400 0.0000
vt 0.3750 0.5400 0.0000
vt 0.3745 0.5296 0.0000
vt 0.4011 0.5296 0.0000
vt 0.3732 0.5200 0.0000
vt 0.4001 0.5200 0.0000
vt 0.3711 0.5039 0.0000
vt 0.3984 0.5039 0.0000
vt 0.3683 0.4885 0.0000
vt 0.3962 0.4885 0.0000
vt 0.3651 0.4807 0.0000
vt 0.3937 0.4807 0.0000
vt 0.3750 0.4600 0.0000
vt 0.4015 0.4600 0.0000
vt 0.4015 0.7900 0.0000
vt 0.3750 0.7900 0.0000
vt 0.3651 0.7693 0.0000
vt 0.3937 0.7693 0.0000
vt 0.3683 0.7615 0.0000
vt 0.3962 0.7615 0.0000
vt 0.3711 0.7461 0.0000
vt 0.3984 0.7461 0.0000
vt 0.3732 0.7300 0.0000
vt 0.4001 0.7300 0.0000
vt 0.3745 0.7204 0.0000
vt 0.4011 0.7204 0.0000
vt 0.3750 0.7100 0.0000
vt 0.4015 0.7100 0.0000
vt 0.1250 0.5400 0.0000
vt 0.1650 0.5000 0.0000
vt 0.3350 0.5000 0.0000
vt 0.3350 0.7500 0.0000
vt 0.1650 0.7500 0.0000
vt 0.1546 0.7486 0.0000
vt 0.1450 0.7446 0.0000
vt 0.1367 0.7383 0.0000
vt 0.1304 0.7300 0.0000
vt 0.1264 0.7204 0.0000
vt 0.1250 0.7100 0.0000
vt 0.8454 0.7486 0.0000
vt 0.8350 0.7500 0.0000
vt 0.8550 0.7446 0.0000
vt 0.8633 0.7383 0.0000
vt 0.8696 0.7300 0.0000
vt 0.8736 0.7204 0.0000
vt 0.8750 0.7100 0.0000
vt 0.8350 0.5000 0.0000
vt 0.6985 0.3535 0.0000
vt 0.7017 0.3484 0.0000
vt 0.7044 0.3372 0.0000
vt 0.7065 0.3267 0.0000
vt 0.7079 0.3235 0.0000
vt 0.8750 0.5400 0.0000
vt 0.6255 0.5296 0.0000
vt 0.6268 0.5200 0.0000
vt 0.6289 0.5039 0.0000
vt 0.6317 0.4885 0.0000
vt 0.6349 0.4807 0.0000
vt 0.6650 0.5000 0.0000
vt 0.6650 0.7500 0.0000
vt 0.6349 0.7693 0.0000
vt 0.6317 0.7615 0.0000
vt 0.6289 0.7461 0.0000
vt 0.6268 0.7300 0.0000
vt 0.6255 0.7204 0.0000
vt 0.5835 0.7204 0.0000
vt 0.5844 0.7300 0.0000
vt 0.5858 0.7461 0.0000
vt 0.5876 0.7615 0.0000
vt 0.5898 0.7693 0.0000
vt 0.5898 0.4807 0.0000
vt 0.5876 0.4885 0.0000
vt 0.5858 0.5039 0.0000
vt 0.5844 0.5200 0.0000
vt 0.5835 0.5296 0.0000
vt 0.6383 0.3235 0.0000
vt 0.6375 0.3267 0.0000
vt 0.6361 0.3372 0.0000
vt 0.6342 0.3484 0.0000
vt 0.6321 0.3535 0.0000
vt 0.4015 0.0296 0.0000
vt 0.4015 0.0400 0.0000
vt 0.4015 0.0200 0.0000
vt 0.4015 0.0000 0.0000
vt 0.4015 0.9800 0.0000
vt 0.4015 1.0000 0.0000
vt 0.4015 0.9704 0.0000
vt 0.4015 0.9600 0.0000
vt 0.3750 0.9600 0.0000
vt 0.3750 0.0400 0.0000
vt 0.3750 0.9704 0.0000
vt 0.3750 0.9800 0.0000
vt 0.3750 1.0000 0.0000
vt 0.3750 0.0000 0.0000
vt 0.3750 0.0200 0.0000
vt 0.3750 0.0296 0.0000
# 166 texture coords

o detecha001
g detecha001
usemtl Metal
s off
f 5151/805/811 5152/806/812 5153/807/813 5154/808/814 
f 5155/809/815 5156/810/816 5157/811/817 5158/812/818 
f 5159/813/819 5160/814/819 5161/815/819 5162/816/820 5163/817/820 5164/818/819 5165/819/819 5166/820/820 5167/821/820 5168/822/820 5169/823/819 5170/824/819 5171/825/819 5172/826/819 5173/827/819 5174/828/819 5175/829/819 5176/830/819 5177/831/819 5178/832/820 5179/833/820 5180/834/819 5181/835/819 5182/836/819 5183/837/820 5184/838/820 5185/839/819 5186/840/819 
f 5187/841/821 5188/842/822 5189/843/823 5190/844/824 
f 5191/845/825 5192/846/826 5193/847/827 5194/848/828 
f 5154/808/814 5153/807/813 5195/849/829 5196/850/830 
f 5196/850/830 5195/849/829 5197/851/831 5198/852/832 
f 5198/852/832 5197/851/831 5199/853/833 5200/854/834 
f 5200/855/834 5199/856/833 5201/857/835 5202/858/836 
f 5202/858/836 5201/857/835 5203/859/837 5204/860/838 
f 5204/860/838 5203/859/837 5188/842/822 5187/841/821 
f 5205/861/825 5206/862/839 5207/863/840 5208/864/841 
f 5208/864/841 5207/863/840 5209/865/842 5210/866/843 
f 5210/866/843 5209/865/842 5211/867/844 5212/868/845 
f 5212/868/845 5211/867/844 5213/869/846 5214/870/847 
f 5214/870/847 5213/869/846 5215/871/848 5216/872/849 
f 5216/872/849 5215/871/848 5217/873/850 5218/874/824 
f 5219/875/815 5220/876/851 5221/877/852 5222/878/853 
f 5222/878/853 5221/877/852 5223/879/854 5224/880/855 
f 5224/880/855 5223/879/854 5225/881/856 5226/882/857 
f 5226/882/857 5225/881/856 5227/883/858 5228/884/859 
f 5228/884/859 5227/883/858 5229/885/860 5230/886/861 
f 5230/886/861 5229/885/860 5231/887/862 5232/888/828 
f 5233/889/811 5234/890/863 5235/891/864 5236/892/865 
f 5236/892/865 5235/891/864 5237/893/866 5238/894/867 
f 5238/894/867 5237/893/866 5239/895/868 5240/896/869 
f 5240/896/869 5239/895/868 5241/897/870 5242/898/871 
f 5242/898/871 5241/897/870 5243/899/872 5244/900/873 
f 5244/900/873 5243/899/872 5245/901/874 5246/902/818 
f 5217/903/850 5215/871/848 5213/869/846 5211/867/844 5209/865/842 5207/863/840 5206/904/839 5231/905/862 5229/885/860 5227/883/858 5225/881/856 5223/879/854 5221/877/852 5220/876/851 5245/901/874 5243/899/872 5241/897/870 5239/895/868 5237/893/866 5235/891/864 5234/906/863 5247/907/875 5248/908/876 5249/909/877 5250/910/878 5251/911/879 5252/912/880 5253/913/881 
f 5179/833/820 5178/832/820 5195/914/829 5153/915/813 
f 5178/832/820 5177/831/819 5197/916/831 5195/914/829 
f 5177/831/819 5176/830/819 5199/917/833 5197/916/831 
f 5176/830/819 5175/829/819 5201/918/835 5199/917/833 
f 5175/829/819 5174/828/819 5203/919/837 5201/918/835 
f 5174/828/819 5173/827/819 5188/920/822 5203/919/837 
f 5167/821/820 5166/820/820 5192/921/826 5254/922/882 
f 5168/822/820 5167/821/820 5254/922/882 5255/923/883 
f 5169/823/819 5168/822/820 5255/923/883 5256/924/884 
f 5170/824/819 5169/823/819 5256/924/884 5257/925/885 
f 5171/825/819 5170/824/819 5257/925/885 5258/926/886 
f 5172/826/819 5171/825/819 5258/926/886 5189/927/823 
f 5160/814/819 5159/813/819 5156/810/816 5259/928/887 
f 5161/815/819 5160/814/819 5259/928/887 5260/929/888 
f 5162/816/820 5161/815/819 5260/929/888 5261/930/889 
f 5163/817/820 5162/816/820 5261/930/889 5262/931/890 
f 5164/818/819 5163/817/820 5262/931/890 5263/932/891 
f 5165/819/819 5164/818/819 5263/932/891 5193/933/827 
f 5181/835/819 5180/834/819 5152/934/812 5264/935/892 
f 5182/836/819 5181/835/819 5264/935/892 5265/936/893 
f 5183/837/820 5182/836/819 5265/936/893 5266/937/894 
f 5184/838/820 5183/837/820 5266/937/894 5267/938/895 
f 5185/839/819 5184/838/820 5267/938/895 5268/939/896 
f 5186/840/819 5185/839/819 5268/939/896 5157/811/817 
f 5173/827/819 5172/826/819 5189/927/823 5188/920/822 
f 5180/834/819 5179/833/820 5153/915/813 5152/934/812 
f 5159/813/819 5186/840/819 5157/811/817 5156/810/816 
f 5166/820/820 5165/819/819 5193/933/827 5192/921/826 
f 5268/939/896 5269/940/873 5158/812/818 5157/811/817 
f 5267/938/895 5270/941/871 5269/940/873 5268/939/896 
f 5266/937/894 5271/942/869 5270/941/871 5267/938/895 
f 5265/936/893 5272/943/867 5271/942/869 5266/937/894 
f 5264/935/892 5273/944/865 5272/943/867 5265/936/893 
f 5152/806/812 5151/805/811 5273/944/865 5264/935/892 
f 5263/932/891 5274/945/861 5194/848/828 5193/847/827 
f 5262/931/890 5275/946/859 5274/945/861 5263/932/891 
f 5261/930/889 5276/947/857 5275/946/859 5262/931/890 
f 5260/929/888 5277/948/855 5276/947/857 5261/930/889 
f 5259/928/887 5278/949/853 5277/948/855 5260/929/888 
f 5156/810/816 5155/809/815 5278/949/853 5259/928/887 
f 5258/926/886 5279/950/849 5190/844/824 5189/843/823 
f 5257/925/885 5280/951/847 5279/950/849 5258/926/886 
f 5256/924/884 5281/952/845 5280/951/847 5257/925/885 
f 5255/923/883 5282/953/843 5281/952/845 5256/924/884 
f 5254/922/882 5283/954/841 5282/953/843 5255/923/883 
f 5192/846/826 5191/845/825 5283/954/841 5254/922/882 
f 5284/955/838 5204/860/838 5187/841/821 5285/956/821 
f 5286/957/836 5202/858/836 5204/860/838 5284/955/838 
f 5287/958/834 5200/855/834 5202/858/836 5286/957/836 
f 5288/959/832 5198/852/832 5200/854/834 5287/960/834 
f 5289/961/830 5196/850/830 5198/852/832 5288/959/832 
f 5290/962/814 5154/808/814 5196/850/830 5289/961/830 
f 5205/861/825 5191/845/825 5194/848/828 5232/888/828 
f 5285/956/821 5187/841/821 5190/844/824 5218/874/824 
f 5219/875/815 5155/809/815 5158/812/818 5246/902/818 
f 5233/889/811 5151/805/811 5154/808/814 5290/962/814 
f 5234/890/863 5233/889/811 5290/962/814 5247/963/875 
f 5220/876/851 5219/875/815 5246/902/818 5245/901/874 
f 5253/964/881 5285/956/821 5218/874/824 5217/873/850 
f 5206/862/839 5205/861/825 5232/888/828 5231/887/862 
f 5247/963/875 5290/962/814 5289/961/830 5248/965/876 
f 5248/965/876 5289/961/830 5288/959/832 5249/966/877 
f 5249/966/877 5288/959/832 5287/960/834 5250/967/878 
f 5250/968/878 5287/958/834 5286/957/836 5251/969/879 
f 5251/969/879 5286/957/836 5284/955/838 5252/970/880 
f 5252/970/880 5284/955/838 5285/956/821 5253/964/881 
f 5269/940/873 5244/900/873 5246/902/818 5158/812/818 
f 5270/941/871 5242/898/871 5244/900/873 5269/940/873 
f 5271/942/869 5240/896/869 5242/898/871 5270/941/871 
f 5272/943/867 5238/894/867 5240/896/869 5271/942/869 
f 5273/944/865 5236/892/865 5238/894/867 5272/943/867 
f 5151/805/811 5233/889/811 5236/892/865 5273/944/865 
f 5274/945/861 5230/886/861 5232/888/828 5194/848/828 
f 5275/946/859 5228/884/859 5230/886/861 5274/945/861 
f 5276/947/857 5226/882/857 5228/884/859 5275/946/859 
f 5277/948/855 5224/880/855 5226/882/857 5276/947/857 
f 5278/949/853 5222/878/853 5224/880/855 5277/948/855 
f 5155/809/815 5219/875/815 5222/878/853 5278/949/853 
f 5279/950/849 5216/872/849 5218/874/824 5190/844/824 
f 5280/951/847 5214/870/847 5216/872/849 5279/950/849 
f 5281/952/845 5212/868/845 5214/870/847 5280/951/847 
f 5282/953/843 5210/866/843 5212/868/845 5281/952/845 
f 5283/954/841 5208/864/841 5210/866/843 5282/953/843 
f 5191/845/825 5205/861/825 5208/864/841 5283/954/841 
# 114 polygons

#
# object detecha002
#

v  1.3661 0.5408 0.0899
v  1.3686 0.5408 0.0905
v  1.3675 0.5408 0.1197
v  1.3616 0.5408 0.1184
v  1.3649 0.5408 0.0890
v  1.3561 0.5408 0.1145
v  1.3638 0.5408 0.0876
v  1.3514 0.5408 0.1085
v  1.3629 0.5408 0.0858
v  1.3477 0.5408 0.1005
v  1.3624 0.5408 0.0837
v  1.3455 0.5408 0.0913
v  1.3621 0.5408 0.0795
v  1.3447 0.5408 0.0814
v  1.3686 0.5408 -0.0905
v  1.3661 0.5408 -0.0899
v  1.3616 0.5408 -0.1184
v  1.3675 0.5408 -0.1197
v  1.3649 0.5408 -0.0890
v  1.3561 0.5408 -0.1145
v  1.3638 0.5408 -0.0876
v  1.3514 0.5408 -0.1085
v  1.3629 0.5408 -0.0858
v  1.3477 0.5408 -0.1005
v  1.3624 0.5408 -0.0837
v  1.3455 0.5408 -0.0913
v  1.3621 0.5408 -0.0795
v  1.3447 0.5408 -0.0814
v  1.4697 0.5408 -0.0795
v  1.4694 0.5408 -0.0837
v  1.4863 0.5408 -0.0913
v  1.4871 0.5408 -0.0814
v  1.4689 0.5408 -0.0858
v  1.4840 0.5408 -0.1005
v  1.4680 0.5408 -0.0876
v  1.4804 0.5408 -0.1085
v  1.4669 0.5408 -0.0890
v  1.4757 0.5408 -0.1145
v  1.4657 0.5408 -0.0899
v  1.4702 0.5408 -0.1184
v  1.4632 0.5408 -0.0905
v  1.4643 0.5408 -0.1197
v  1.4632 0.5408 0.0905
v  1.4657 0.5408 0.0899
v  1.4702 0.5408 0.1184
v  1.4643 0.5408 0.1197
v  1.4669 0.5408 0.0890
v  1.4757 0.5408 0.1145
v  1.4680 0.5408 0.0876
v  1.4804 0.5408 0.1085
v  1.4689 0.5408 0.0858
v  1.4840 0.5408 0.1005
v  1.4694 0.5408 0.0837
v  1.4863 0.5408 0.0913
v  1.4697 0.5408 0.0795
v  1.4871 0.5408 0.0814
v  1.4643 0.5603 0.1197
v  1.4643 0.5631 0.1197
v  1.3675 0.5631 0.1197
v  1.3675 0.5603 0.1197
v  1.3616 0.5603 0.1184
v  1.3616 0.5631 0.1184
v  1.3561 0.5631 0.1145
v  1.3561 0.5603 0.1145
v  1.3629 0.5631 0.0858
v  1.3638 0.5631 0.0876
v  1.3514 0.5631 0.1085
v  1.3514 0.5603 0.1085
v  1.3624 0.5631 0.0837
v  1.3477 0.5631 0.1005
v  1.3477 0.5603 0.1005
v  1.3621 0.5631 0.0795
v  1.3455 0.5631 0.0913
v  1.3455 0.5603 0.0913
v  1.3686 0.5631 -0.0905
v  1.3661 0.5631 -0.0899
v  1.3447 0.5631 0.0814
v  1.3447 0.5603 0.0814
v  1.3649 0.5631 -0.0890
v  1.3616 0.5603 -0.1184
v  1.3616 0.5631 -0.1184
v  1.3675 0.5631 -0.1197
v  1.3675 0.5603 -0.1197
v  1.3638 0.5631 -0.0876
v  1.3561 0.5603 -0.1145
v  1.3561 0.5631 -0.1145
v  1.3629 0.5631 -0.0858
v  1.3514 0.5603 -0.1085
v  1.3514 0.5631 -0.1085
v  1.3624 0.5631 -0.0837
v  1.3477 0.5603 -0.1005
v  1.3477 0.5631 -0.1005
v  1.3621 0.5631 -0.0795
v  1.3455 0.5603 -0.0913
v  1.3455 0.5631 -0.0913
v  1.4697 0.5631 -0.0795
v  1.4694 0.5631 -0.0837
v  1.3447 0.5603 -0.0814
v  1.3447 0.5631 -0.0814
v  1.4689 0.5631 -0.0858
v  1.4863 0.5603 -0.0913
v  1.4863 0.5631 -0.0913
v  1.4871 0.5631 -0.0814
v  1.4871 0.5603 -0.0814
v  1.4680 0.5631 -0.0876
v  1.4840 0.5603 -0.1005
v  1.4840 0.5631 -0.1005
v  1.4669 0.5631 -0.0890
v  1.4804 0.5603 -0.1085
v  1.4804 0.5631 -0.1085
v  1.4657 0.5631 -0.0899
v  1.4757 0.5603 -0.1145
v  1.4757 0.5631 -0.1145
v  1.4632 0.5631 -0.0905
v  1.4702 0.5603 -0.1184
v  1.4702 0.5631 -0.1184
v  1.4632 0.5631 0.0905
v  1.4657 0.5631 0.0899
v  1.4643 0.5603 -0.1197
v  1.4643 0.5631 -0.1197
v  1.4669 0.5631 0.0890
v  1.4702 0.5603 0.1184
v  1.4702 0.5631 0.1184
v  1.4680 0.5631 0.0876
v  1.4757 0.5603 0.1145
v  1.4757 0.5631 0.1145
v  1.4689 0.5631 0.0858
v  1.4804 0.5603 0.1085
v  1.4804 0.5631 0.1085
v  1.4694 0.5631 0.0837
v  1.4840 0.5603 0.1005
v  1.4840 0.5631 0.1005
v  1.4697 0.5631 0.0795
v  1.4863 0.5603 0.0913
v  1.4863 0.5631 0.0913
v  1.4871 0.5603 0.0814
v  1.4871 0.5631 0.0814
v  1.3661 0.5631 0.0899
v  1.3686 0.5631 0.0905
v  1.3649 0.5631 0.0890
v  1.4696 0.3449 0.1003
v  1.3772 0.5428 0.1003
v  1.3772 0.5428 0.1035
v  1.4696 0.3449 0.1035
v  1.3619 0.5428 0.1035
v  1.4512 0.3449 0.1035
v  1.3619 0.5428 0.1003
v  1.4512 0.3449 0.1003
v  1.4848 0.3470 0.0903
v  1.4861 0.3470 0.0909
v  1.4869 0.3470 0.0810
v  1.4855 0.3470 0.0809
v  1.4826 0.3470 0.0990
v  1.4838 0.3470 0.1002
v  1.4792 0.3470 0.1065
v  1.4802 0.3470 0.1081
v  1.4748 0.3470 0.1122
v  1.4755 0.3470 0.1142
v  1.4696 0.3470 0.1158
v  1.4700 0.3470 0.1180
v  1.4640 0.3470 0.1170
v  1.4641 0.3470 0.1193
v  1.3458 0.3470 0.0809
v  1.3445 0.3470 0.0810
v  1.3453 0.3470 0.0909
v  1.3466 0.3470 0.0903
v  1.3475 0.3470 0.1002
v  1.3487 0.3470 0.0990
v  1.3512 0.3470 0.1081
v  1.3521 0.3470 0.1065
v  1.3559 0.3470 0.1142
v  1.3565 0.3470 0.1122
v  1.3614 0.3470 0.1180
v  1.3617 0.3470 0.1158
v  1.3673 0.3470 0.1193
v  1.3673 0.3470 0.1170
v  1.3673 0.3470 -0.1178
v  1.3673 0.3470 -0.1200
v  1.3614 0.3470 -0.1187
v  1.3617 0.3470 -0.1165
v  1.3559 0.3470 -0.1149
v  1.3566 0.3470 -0.1129
v  1.3512 0.3470 -0.1088
v  1.3521 0.3470 -0.1072
v  1.3475 0.3470 -0.1009
v  1.3487 0.3470 -0.0998
v  1.3453 0.3470 -0.0917
v  1.3466 0.3470 -0.0911
v  1.3445 0.3470 -0.0818
v  1.3458 0.3470 -0.0816
v  1.4855 0.3470 -0.0816
v  1.4869 0.3470 -0.0818
v  1.4861 0.3470 -0.0917
v  1.4848 0.3470 -0.0911
v  1.4838 0.3470 -0.1009
v  1.4826 0.3470 -0.0998
v  1.4802 0.3470 -0.1088
v  1.4792 0.3470 -0.1072
v  1.4755 0.3470 -0.1149
v  1.4748 0.3470 -0.1129
v  1.4700 0.3470 -0.1187
v  1.4696 0.3470 -0.1165
v  1.4641 0.3470 -0.1200
v  1.4640 0.3470 -0.1178
v  1.4869 0.3440 -0.0818
v  1.4869 0.3440 0.0810
v  1.4861 0.3440 0.0909
v  1.4838 0.3440 0.1001
v  1.4667 0.3021 0.0883
v  1.4667 0.3470 0.0887
v  1.4678 0.3470 0.0873
v  1.4678 0.3021 0.0869
v  1.4802 0.3440 0.1081
v  1.4655 0.3021 0.0892
v  1.4655 0.3470 0.0895
v  1.4755 0.3440 0.1141
v  1.4630 0.3021 0.0898
v  1.4630 0.3470 0.0901
v  1.4700 0.3440 0.1180
v  1.3619 0.3021 0.0788
v  1.3619 0.3470 0.0791
v  1.3622 0.3470 0.0833
v  1.3622 0.3021 0.0830
v  1.4641 0.3440 0.1193
v  1.3627 0.3470 0.0854
v  1.3627 0.3021 0.0851
v  1.3453 0.3440 0.0909
v  1.3445 0.3440 0.0810
v  1.3636 0.3470 0.0873
v  1.3636 0.3021 0.0869
v  1.3475 0.3440 0.1001
v  1.3646 0.3470 0.0887
v  1.3646 0.3021 0.0883
v  1.3512 0.3440 0.1081
v  1.3659 0.3470 0.0895
v  1.3659 0.3021 0.0892
v  1.3559 0.3440 0.1141
v  1.3684 0.3470 0.0901
v  1.3684 0.3021 0.0898
v  1.3614 0.3440 0.1180
v  1.3684 0.3021 -0.0911
v  1.3684 0.3470 -0.0908
v  1.3659 0.3470 -0.0903
v  1.3659 0.3021 -0.0906
v  1.3673 0.3440 0.1193
v  1.3646 0.3470 -0.0894
v  1.3646 0.3021 -0.0897
v  1.3614 0.3440 -0.1188
v  1.3673 0.3440 -0.1201
v  1.3636 0.3470 -0.0880
v  1.3636 0.3021 -0.0883
v  1.3559 0.3440 -0.1150
v  1.3627 0.3470 -0.0862
v  1.3627 0.3021 -0.0865
v  1.3512 0.3440 -0.1089
v  1.3622 0.3470 -0.0840
v  1.3622 0.3021 -0.0844
v  1.3475 0.3440 -0.1009
v  1.3619 0.3470 -0.0799
v  1.3619 0.3021 -0.0802
v  1.3453 0.3440 -0.0917
v  1.4695 0.3021 -0.0802
v  1.4695 0.3470 -0.0799
v  1.4692 0.3470 -0.0840
v  1.4692 0.3021 -0.0844
v  1.3445 0.3440 -0.0818
v  1.4686 0.3470 -0.0862
v  1.4686 0.3021 -0.0865
v  1.4861 0.3440 -0.0917
v  1.4678 0.3470 -0.0880
v  1.4678 0.3021 -0.0883
v  1.4838 0.3440 -0.1009
v  1.4667 0.3470 -0.0894
v  1.4667 0.3021 -0.0897
v  1.4802 0.3440 -0.1089
v  1.4655 0.3470 -0.0903
v  1.4655 0.3021 -0.0906
v  1.4755 0.3440 -0.1150
v  1.4630 0.3470 -0.0908
v  1.4630 0.3021 -0.0911
v  1.4700 0.3440 -0.1188
v  1.4641 0.3440 -0.1201
v  1.4692 0.3021 0.0830
v  1.4692 0.3470 0.0833
v  1.4695 0.3470 0.0791
v  1.4695 0.3021 0.0788
v  1.4686 0.3021 0.0851
v  1.4686 0.3470 0.0854
v  1.4678 0.3246 0.1005
v  1.4684 0.5592 0.1005
v  1.4685 0.5592 0.0990
v  1.4679 0.3246 0.0990
v  1.4688 0.5592 0.0975
v  1.4681 0.3246 0.0975
v  1.4692 0.5592 0.0962
v  1.4685 0.3246 0.0962
v  1.4697 0.5592 0.0951
v  1.4691 0.3246 0.0951
v  1.4704 0.5592 0.0941
v  1.4698 0.3246 0.0941
v  1.4712 0.5592 0.0934
v  1.4706 0.3246 0.0934
v  1.4721 0.5592 0.0930
v  1.4715 0.3246 0.0930
v  1.4730 0.5592 0.0928
v  1.4723 0.3246 0.0928
v  1.4739 0.5592 0.0930
v  1.4732 0.3246 0.0930
v  1.4747 0.5592 0.0934
v  1.4741 0.3246 0.0934
v  1.4755 0.5592 0.0941
v  1.4749 0.3246 0.0941
v  1.4762 0.5592 0.0951
v  1.4756 0.3246 0.0951
v  1.4768 0.5592 0.0962
v  1.4761 0.3246 0.0962
v  1.4772 0.5592 0.0975
v  1.4766 0.3246 0.0975
v  1.4774 0.5592 0.0990
v  1.4768 0.3246 0.0990
v  1.4775 0.5592 0.1005
v  1.4769 0.3246 0.1005
v  1.4774 0.5592 0.1020
v  1.4768 0.3246 0.1020
v  1.4772 0.5592 0.1034
v  1.4766 0.3246 0.1034
v  1.4768 0.5592 0.1047
v  1.4761 0.3246 0.1047
v  1.4762 0.5592 0.1059
v  1.4756 0.3246 0.1059
v  1.4755 0.5592 0.1069
v  1.4749 0.3246 0.1069
v  1.4747 0.5592 0.1076
v  1.4741 0.3246 0.1076
v  1.4739 0.5592 0.1080
v  1.4732 0.3246 0.1080
v  1.4730 0.5592 0.1081
v  1.4723 0.3246 0.1081
v  1.4721 0.5592 0.1080
v  1.4715 0.3246 0.1080
v  1.4712 0.5592 0.1076
v  1.4706 0.3246 0.1076
v  1.4704 0.5592 0.1069
v  1.4698 0.3246 0.1069
v  1.4697 0.5592 0.1059
v  1.4691 0.3246 0.1059
v  1.4692 0.5592 0.1047
v  1.4685 0.3246 0.1047
v  1.4688 0.5592 0.1034
v  1.4681 0.3246 0.1034
v  1.4685 0.5592 0.1020
v  1.4679 0.3246 0.1020
v  1.4678 0.3246 -0.1017
v  1.4684 0.5592 -0.1017
v  1.4685 0.5592 -0.1032
v  1.4679 0.3246 -0.1032
v  1.4688 0.5592 -0.1046
v  1.4681 0.3246 -0.1046
v  1.4692 0.5592 -0.1059
v  1.4685 0.3246 -0.1059
v  1.4697 0.5592 -0.1071
v  1.4691 0.3246 -0.1071
v  1.4704 0.5592 -0.1080
v  1.4698 0.3246 -0.1080
v  1.4712 0.5592 -0.1088
v  1.4706 0.3246 -0.1088
v  1.4721 0.5592 -0.1092
v  1.4715 0.3246 -0.1092
v  1.4730 0.5592 -0.1093
v  1.4723 0.3246 -0.1093
v  1.4739 0.5592 -0.1092
v  1.4732 0.3246 -0.1092
v  1.4747 0.5592 -0.1088
v  1.4741 0.3246 -0.1088
v  1.4755 0.5592 -0.1080
v  1.4749 0.3246 -0.1080
v  1.4762 0.5592 -0.1071
v  1.4756 0.3246 -0.1071
v  1.4768 0.5592 -0.1059
v  1.4761 0.3246 -0.1059
v  1.4772 0.5592 -0.1046
v  1.4766 0.3246 -0.1046
v  1.4774 0.5592 -0.1032
v  1.4768 0.3246 -0.1032
v  1.4775 0.5592 -0.1017
v  1.4769 0.3246 -0.1017
v  1.4774 0.5592 -0.1002
v  1.4768 0.3246 -0.1002
v  1.4772 0.5592 -0.0987
v  1.4766 0.3246 -0.0987
v  1.4768 0.5592 -0.0974
v  1.4761 0.3246 -0.0974
v  1.4762 0.5592 -0.0962
v  1.4756 0.3246 -0.0962
v  1.4755 0.5592 -0.0953
v  1.4749 0.3246 -0.0953
v  1.4747 0.5592 -0.0946
v  1.4741 0.3246 -0.0946
v  1.4739 0.5592 -0.0941
v  1.4732 0.3246 -0.0941
v  1.4730 0.5592 -0.0940
v  1.4723 0.3246 -0.0940
v  1.4721 0.5592 -0.0941
v  1.4715 0.3246 -0.0941
v  1.4712 0.5592 -0.0946
v  1.4706 0.3246 -0.0946
v  1.4704 0.5592 -0.0953
v  1.4698 0.3246 -0.0953
v  1.4697 0.5592 -0.0962
v  1.4691 0.3246 -0.0962
v  1.4692 0.5592 -0.0974
v  1.4685 0.3246 -0.0974
v  1.4688 0.5592 -0.0987
v  1.4681 0.3246 -0.0987
v  1.4685 0.5592 -0.1002
v  1.4679 0.3246 -0.1002
v  1.3532 0.3246 -0.1017
v  1.3539 0.5592 -0.1017
v  1.3539 0.5592 -0.1032
v  1.3533 0.3246 -0.1032
v  1.3542 0.5592 -0.1046
v  1.3536 0.3246 -0.1046
v  1.3546 0.5592 -0.1059
v  1.3540 0.3246 -0.1059
v  1.3552 0.5592 -0.1071
v  1.3546 0.3246 -0.1071
v  1.3559 0.5592 -0.1080
v  1.3553 0.3246 -0.1080
v  1.3567 0.5592 -0.1088
v  1.3561 0.3246 -0.1088
v  1.3575 0.5592 -0.1092
v  1.3569 0.3246 -0.1092
v  1.3584 0.5592 -0.1093
v  1.3578 0.3246 -0.1093
v  1.3593 0.5592 -0.1092
v  1.3587 0.3246 -0.1092
v  1.3602 0.5592 -0.1088
v  1.3595 0.3246 -0.1088
v  1.3610 0.5592 -0.1080
v  1.3603 0.3246 -0.1080
v  1.3616 0.5592 -0.1071
v  1.3610 0.3246 -0.1071
v  1.3622 0.5592 -0.1059
v  1.3616 0.3246 -0.1059
v  1.3626 0.5592 -0.1046
v  1.3620 0.3246 -0.1046
v  1.3629 0.5592 -0.1032
v  1.3623 0.3246 -0.1032
v  1.3630 0.5592 -0.1017
v  1.3624 0.3246 -0.1017
v  1.3629 0.5592 -0.1002
v  1.3623 0.3246 -0.1002
v  1.3626 0.5592 -0.0987
v  1.3620 0.3246 -0.0987
v  1.3622 0.5592 -0.0974
v  1.3616 0.3246 -0.0974
v  1.3616 0.5592 -0.0962
v  1.3610 0.3246 -0.0962
v  1.3610 0.5592 -0.0953
v  1.3603 0.3246 -0.0953
v  1.3602 0.5592 -0.0946
v  1.3595 0.3246 -0.0946
v  1.3593 0.5592 -0.0941
v  1.3587 0.3246 -0.0941
v  1.3584 0.5592 -0.0940
v  1.3578 0.3246 -0.0940
v  1.3575 0.5592 -0.0941
v  1.3569 0.3246 -0.0941
v  1.3567 0.5592 -0.0946
v  1.3561 0.3246 -0.0946
v  1.3559 0.5592 -0.0953
v  1.3553 0.3246 -0.0953
v  1.3552 0.5592 -0.0962
v  1.3546 0.3246 -0.0962
v  1.3546 0.5592 -0.0974
v  1.3540 0.3246 -0.0974
v  1.3542 0.5592 -0.0987
v  1.3536 0.3246 -0.0987
v  1.3539 0.5592 -0.1002
v  1.3533 0.3246 -0.1002
v  1.3532 0.3246 0.1008
v  1.3539 0.5592 0.1008
v  1.3539 0.5592 0.0993
v  1.3533 0.3246 0.0993
v  1.3542 0.5592 0.0978
v  1.3536 0.3246 0.0978
v  1.3546 0.5592 0.0965
v  1.3540 0.3246 0.0965
v  1.3552 0.5592 0.0953
v  1.3546 0.3246 0.0953
v  1.3559 0.5592 0.0944
v  1.3553 0.3246 0.0944
v  1.3567 0.5592 0.0937
v  1.3561 0.3246 0.0937
v  1.3575 0.5592 0.0932
v  1.3569 0.3246 0.0932
v  1.3584 0.5592 0.0931
v  1.3578 0.3246 0.0931
v  1.3593 0.5592 0.0932
v  1.3587 0.3246 0.0932
v  1.3602 0.5592 0.0937
v  1.3595 0.3246 0.0937
v  1.3610 0.5592 0.0944
v  1.3603 0.3246 0.0944
v  1.3616 0.5592 0.0953
v  1.3610 0.3246 0.0953
v  1.3622 0.5592 0.0965
v  1.3616 0.3246 0.0965
v  1.3626 0.5592 0.0978
v  1.3620 0.3246 0.0978
v  1.3629 0.5592 0.0993
v  1.3623 0.3246 0.0993
v  1.3630 0.5592 0.1008
v  1.3624 0.3246 0.1008
v  1.3629 0.5592 0.1023
v  1.3623 0.3246 0.1023
v  1.3626 0.5592 0.1037
v  1.3620 0.3246 0.1037
v  1.3622 0.5592 0.1050
v  1.3616 0.3246 0.1050
v  1.3616 0.5592 0.1062
v  1.3610 0.3246 0.1062
v  1.3610 0.5592 0.1071
v  1.3603 0.3246 0.1071
v  1.3602 0.5592 0.1078
v  1.3595 0.3246 0.1078
v  1.3593 0.5592 0.1083
v  1.3587 0.3246 0.1083
v  1.3584 0.5592 0.1084
v  1.3578 0.3246 0.1084
v  1.3575 0.5592 0.1083
v  1.3569 0.3246 0.1083
v  1.3567 0.5592 0.1078
v  1.3561 0.3246 0.1078
v  1.3559 0.5592 0.1071
v  1.3553 0.3246 0.1071
v  1.3552 0.5592 0.1062
v  1.3546 0.3246 0.1062
v  1.3546 0.5592 0.1050
v  1.3540 0.3246 0.1050
v  1.3542 0.5592 0.1037
v  1.3536 0.3246 0.1037
v  1.3539 0.5592 0.1023
v  1.3533 0.3246 0.1023
v  1.4762 0.3449 0.0928
v  1.4769 0.5428 -0.0654
v  1.4750 0.5428 -0.0654
v  1.4744 0.3449 0.0928
v  1.4750 0.5428 -0.0983
v  1.4744 0.3449 0.0599
v  1.4769 0.5428 -0.0983
v  1.4762 0.3449 0.0599
v  1.3547 0.3449 -0.0973
v  1.3553 0.5428 0.0609
v  1.3572 0.5428 0.0609
v  1.3566 0.3449 -0.0973
v  1.3572 0.5428 0.0939
v  1.3566 0.3449 -0.0644
v  1.3553 0.5428 0.0939
v  1.3547 0.3449 -0.0644
v  1.3615 0.3449 -0.1027
v  1.4551 0.5428 -0.1027
v  1.4551 0.5428 -0.1059
v  1.3615 0.3449 -0.1059
v  1.4704 0.5428 -0.1059
v  1.3799 0.3449 -0.1059
v  1.4704 0.5428 -0.1027
v  1.3799 0.3449 -0.1027
v  1.3453 0.3021 -0.0920
v  1.3445 0.3021 -0.0821
v  1.3622 0.2991 -0.0844
v  1.3619 0.2991 -0.0802
v  1.3445 0.2991 -0.0821
v  1.3453 0.2991 -0.0920
v  1.3627 0.2991 -0.0865
v  1.3475 0.2991 -0.1012
v  1.3636 0.2991 -0.0883
v  1.3512 0.2991 -0.1092
v  1.3646 0.2991 -0.0897
v  1.3559 0.2991 -0.1152
v  1.3659 0.2991 -0.0906
v  1.3614 0.2991 -0.1191
v  1.3684 0.2991 -0.0911
v  1.3673 0.2991 -0.1204
v  1.4695 0.2991 -0.0802
v  1.4692 0.2991 -0.0844
v  1.4861 0.2991 -0.0920
v  1.4869 0.2991 -0.0821
v  1.4686 0.2991 -0.0865
v  1.4838 0.2991 -0.1012
v  1.4678 0.2991 -0.0883
v  1.4802 0.2991 -0.1092
v  1.4667 0.2991 -0.0897
v  1.4755 0.2991 -0.1152
v  1.4655 0.2991 -0.0906
v  1.4700 0.2991 -0.1191
v  1.4630 0.2991 -0.0911
v  1.4641 0.2991 -0.1204
v  1.4630 0.2991 0.0898
v  1.4655 0.2991 0.0892
v  1.4700 0.2991 0.1177
v  1.4641 0.2991 0.1190
v  1.4667 0.2991 0.0883
v  1.4755 0.2991 0.1139
v  1.4678 0.2991 0.0869
v  1.4802 0.2991 0.1078
v  1.4686 0.2991 0.0851
v  1.4838 0.2991 0.0998
v  1.4692 0.2991 0.0830
v  1.4861 0.2991 0.0906
v  1.4695 0.2991 0.0788
v  1.4869 0.2991 0.0807
v  1.3619 0.2991 0.0788
v  1.3622 0.2991 0.0830
v  1.3453 0.2991 0.0906
v  1.3445 0.2991 0.0807
v  1.3627 0.2991 0.0851
v  1.3475 0.2991 0.0998
v  1.3636 0.2991 0.0869
v  1.3512 0.2991 0.1078
v  1.3646 0.2991 0.0883
v  1.3559 0.2991 0.1139
v  1.3659 0.2991 0.0892
v  1.3614 0.2991 0.1177
v  1.3684 0.2991 0.0898
v  1.3673 0.2991 0.1190
v  1.3475 0.3021 -0.1012
v  1.3512 0.3021 -0.1092
v  1.3559 0.3021 -0.1152
v  1.3614 0.3021 -0.1191
v  1.3673 0.3021 -0.1204
v  1.4869 0.3021 -0.0821
v  1.4861 0.3021 -0.0920
v  1.4838 0.3021 -0.1012
v  1.4802 0.3021 -0.1092
v  1.4755 0.3021 -0.1152
v  1.4700 0.3021 -0.1191
v  1.4641 0.3021 -0.1204
v  1.4641 0.3021 0.1190
v  1.4700 0.3021 0.1177
v  1.4755 0.3021 0.1139
v  1.4802 0.3021 0.1078
v  1.4838 0.3021 0.0998
v  1.4861 0.3021 0.0906
v  1.4869 0.3021 0.0807
v  1.3445 0.3021 0.0807
v  1.3453 0.3021 0.0906
v  1.3475 0.3021 0.0998
v  1.3512 0.3021 0.1078
v  1.3559 0.3021 0.1139
v  1.3614 0.3021 0.1177
v  1.3673 0.3021 0.1190
v  1.3560 0.1032 0.0906
v  1.3560 0.3010 -0.0657
v  1.3541 0.3010 -0.0657
v  1.3541 0.1032 0.0906
v  1.3541 0.3010 -0.0914
v  1.3541 0.1032 0.0596
v  1.3560 0.3010 -0.0914
v  1.3560 0.1032 0.0596
v  1.3620 0.1053 0.1160
v  1.3616 0.1053 0.1184
v  1.3675 0.1053 0.1197
v  1.3676 0.1053 0.1173
v  1.3568 0.1053 0.1124
v  1.3561 0.1053 0.1145
v  1.3524 0.1053 0.1067
v  1.3514 0.1053 0.1085
v  1.3490 0.1053 0.0993
v  1.3478 0.1053 0.1005
v  1.3469 0.1053 0.0907
v  1.3455 0.1053 0.0913
v  1.3461 0.1053 0.0812
v  1.3447 0.1053 0.0814
v  1.3676 0.1053 -0.1173
v  1.3675 0.1053 -0.1197
v  1.3616 0.1053 -0.1184
v  1.3620 0.1053 -0.1160
v  1.3561 0.1053 -0.1145
v  1.3568 0.1053 -0.1124
v  1.3514 0.1053 -0.1085
v  1.3524 0.1053 -0.1067
v  1.3478 0.1053 -0.1005
v  1.3490 0.1053 -0.0993
v  1.3455 0.1053 -0.0913
v  1.3469 0.1053 -0.0907
v  1.3447 0.1053 -0.0814
v  1.3461 0.1053 -0.0812
v  1.4857 0.1053 -0.0812
v  1.4871 0.1053 -0.0814
v  1.4863 0.1053 -0.0913
v  1.4849 0.1053 -0.0907
v  1.4840 0.1053 -0.1005
v  1.4828 0.1053 -0.0993
v  1.4804 0.1053 -0.1085
v  1.4794 0.1053 -0.1067
v  1.4757 0.1053 -0.1145
v  1.4750 0.1053 -0.1124
v  1.4702 0.1053 -0.1184
v  1.4698 0.1053 -0.1160
v  1.4643 0.1053 -0.1197
v  1.4642 0.1053 -0.1173
v  1.4642 0.1053 0.1173
v  1.4643 0.1053 0.1197
v  1.4702 0.1053 0.1184
v  1.4698 0.1053 0.1160
v  1.4757 0.1053 0.1145
v  1.4750 0.1053 0.1124
v  1.4804 0.1053 0.1085
v  1.4794 0.1053 0.1067
v  1.4840 0.1053 0.1005
v  1.4828 0.1053 0.0993
v  1.4863 0.1053 0.0913
v  1.4849 0.1053 0.0907
v  1.4871 0.1053 0.0814
v  1.4857 0.1053 0.0812
v  1.4643 0.1007 0.1197
v  1.3675 0.1007 0.1197
v  1.3616 0.1007 0.1184
v  1.3561 0.1007 0.1145
v  1.3629 0.0796 0.0858
v  1.3629 0.1053 0.0858
v  1.3638 0.1053 0.0876
v  1.3638 0.0796 0.0876
v  1.3514 0.1007 0.1085
v  1.3624 0.0796 0.0837
v  1.3624 0.1053 0.0837
v  1.3478 0.1007 0.1005
v  1.3621 0.0796 0.0795
v  1.3621 0.1053 0.0795
v  1.3455 0.1007 0.0913
v  1.3686 0.0796 -0.0905
v  1.3686 0.1053 -0.0905
v  1.3661 0.1053 -0.0899
v  1.3661 0.0796 -0.0899
v  1.3447 0.1007 0.0814
v  1.3649 0.1053 -0.0890
v  1.3649 0.0796 -0.0890
v  1.3616 0.1007 -0.1184
v  1.3675 0.1007 -0.1197
v  1.3638 0.1053 -0.0876
v  1.3638 0.0796 -0.0876
v  1.3561 0.1007 -0.1145
v  1.3629 0.1053 -0.0858
v  1.3629 0.0796 -0.0858
v  1.3514 0.1007 -0.1085
v  1.3624 0.1053 -0.0837
v  1.3624 0.0796 -0.0837
v  1.3478 0.1007 -0.1005
v  1.3621 0.1053 -0.0795
v  1.3621 0.0796 -0.0795
v  1.3455 0.1007 -0.0913
v  1.4697 0.0796 -0.0795
v  1.4697 0.1053 -0.0795
v  1.4694 0.1053 -0.0837
v  1.4694 0.0796 -0.0837
v  1.3447 0.1007 -0.0814
v  1.4689 0.1053 -0.0858
v  1.4689 0.0796 -0.0858
v  1.4863 0.1007 -0.0913
v  1.4871 0.1007 -0.0814
v  1.4680 0.1053 -0.0876
v  1.4680 0.0796 -0.0876
v  1.4840 0.1007 -0.1005
v  1.4669 0.1053 -0.0890
v  1.4669 0.0796 -0.0890
v  1.4804 0.1007 -0.1085
v  1.4657 0.1053 -0.0899
v  1.4657 0.0796 -0.0899
v  1.4757 0.1007 -0.1145
v  1.4632 0.1053 -0.0905
v  1.4632 0.0796 -0.0905
v  1.4702 0.1007 -0.1184
v  1.4632 0.0796 0.0905
v  1.4632 0.1053 0.0905
v  1.4657 0.1053 0.0899
v  1.4657 0.0796 0.0899
v  1.4643 0.1007 -0.1197
v  1.4669 0.1053 0.0890
v  1.4669 0.0796 0.0890
v  1.4702 0.1007 0.1184
v  1.4680 0.1053 0.0876
v  1.4680 0.0796 0.0876
v  1.4757 0.1007 0.1145
v  1.4689 0.1053 0.0858
v  1.4689 0.0796 0.0858
v  1.4804 0.1007 0.1085
v  1.4694 0.1053 0.0837
v  1.4694 0.0796 0.0837
v  1.4840 0.1007 0.1005
v  1.4697 0.1053 0.0795
v  1.4697 0.0796 0.0795
v  1.4863 0.1007 0.0913
v  1.4871 0.1007 0.0814
v  1.3661 0.0796 0.0899
v  1.3661 0.1053 0.0899
v  1.3686 0.1053 0.0905
v  1.3686 0.0796 0.0905
v  1.3649 0.0796 0.0890
v  1.3649 0.1053 0.0890
v  1.3559 0.0829 0.0876
v  1.3559 0.3174 0.0876
v  1.3568 0.3174 0.0877
v  1.3568 0.0829 0.0877
v  1.3577 0.3174 0.0882
v  1.3577 0.0829 0.0882
v  1.3584 0.3174 0.0889
v  1.3584 0.0829 0.0889
v  1.3591 0.3174 0.0898
v  1.3591 0.0829 0.0898
v  1.3597 0.3174 0.0910
v  1.3597 0.0829 0.0910
v  1.3601 0.3174 0.0923
v  1.3601 0.0829 0.0923
v  1.3604 0.3174 0.0937
v  1.3604 0.0829 0.0937
v  1.3605 0.3174 0.0952
v  1.3605 0.0829 0.0952
v  1.3604 0.3174 0.0967
v  1.3604 0.0829 0.0967
v  1.3601 0.3174 0.0982
v  1.3601 0.0829 0.0982
v  1.3597 0.3174 0.0995
v  1.3597 0.0829 0.0995
v  1.3591 0.3174 0.1007
v  1.3591 0.0829 0.1007
v  1.3584 0.3174 0.1016
v  1.3584 0.0829 0.1016
v  1.3577 0.3174 0.1023
v  1.3577 0.0829 0.1023
v  1.3568 0.3174 0.1028
v  1.3568 0.0829 0.1028
v  1.3559 0.3174 0.1029
v  1.3559 0.0829 0.1029
v  1.3550 0.3174 0.1028
v  1.3550 0.0829 0.1028
v  1.3542 0.3174 0.1023
v  1.3542 0.0829 0.1023
v  1.3534 0.3174 0.1016
v  1.3534 0.0829 0.1016
v  1.3527 0.3174 0.1007
v  1.3527 0.0829 0.1007
v  1.3521 0.3174 0.0995
v  1.3521 0.0829 0.0995
v  1.3517 0.3174 0.0982
v  1.3517 0.0829 0.0982
v  1.3514 0.3174 0.0967
v  1.3514 0.0829 0.0967
v  1.3513 0.3174 0.0952
v  1.3513 0.0829 0.0952
v  1.3514 0.3174 0.0937
v  1.3514 0.0829 0.0937
v  1.3517 0.3174 0.0923
v  1.3517 0.0829 0.0923
v  1.3521 0.3174 0.0910
v  1.3521 0.0829 0.0910
v  1.3527 0.3174 0.0898
v  1.3527 0.0829 0.0898
v  1.3534 0.3174 0.0889
v  1.3534 0.0829 0.0889
v  1.3542 0.3174 0.0882
v  1.3542 0.0829 0.0882
v  1.3550 0.3174 0.0877
v  1.3550 0.0829 0.0877
v  1.4762 0.0829 0.0876
v  1.4762 0.3174 0.0876
v  1.4771 0.3174 0.0877
v  1.4771 0.0829 0.0877
v  1.4779 0.3174 0.0882
v  1.4779 0.0829 0.0882
v  1.4787 0.3174 0.0889
v  1.4787 0.0829 0.0889
v  1.4794 0.3174 0.0898
v  1.4794 0.0829 0.0898
v  1.4800 0.3174 0.0910
v  1.4800 0.0829 0.0910
v  1.4804 0.3174 0.0923
v  1.4804 0.0829 0.0923
v  1.4806 0.3174 0.0937
v  1.4806 0.0829 0.0937
v  1.4807 0.3174 0.0952
v  1.4807 0.0829 0.0952
v  1.4806 0.3174 0.0967
v  1.4806 0.0829 0.0967
v  1.4804 0.3174 0.0982
v  1.4804 0.0829 0.0982
v  1.4800 0.3174 0.0995
v  1.4800 0.0829 0.0995
v  1.4794 0.3174 0.1007
v  1.4794 0.0829 0.1007
v  1.4787 0.3174 0.1016
v  1.4787 0.0829 0.1016
v  1.4779 0.3174 0.1023
v  1.4779 0.0829 0.1023
v  1.4771 0.3174 0.1028
v  1.4771 0.0829 0.1028
v  1.4762 0.3174 0.1029
v  1.4762 0.0829 0.1029
v  1.4753 0.3174 0.1028
v  1.4753 0.0829 0.1028
v  1.4744 0.3174 0.1023
v  1.4744 0.0829 0.1023
v  1.4736 0.3174 0.1016
v  1.4736 0.0829 0.1016
v  1.4729 0.3174 0.1007
v  1.4729 0.0829 0.1007
v  1.4724 0.3174 0.0995
v  1.4724 0.0829 0.0995
v  1.4719 0.3174 0.0982
v  1.4719 0.0829 0.0982
v  1.4717 0.3174 0.0967
v  1.4717 0.0829 0.0967
v  1.4716 0.3174 0.0952
v  1.4716 0.0829 0.0952
v  1.4717 0.3174 0.0937
v  1.4717 0.0829 0.0937
v  1.4719 0.3174 0.0923
v  1.4719 0.0829 0.0923
v  1.4724 0.3174 0.0910
v  1.4724 0.0829 0.0910
v  1.4729 0.3174 0.0898
v  1.4729 0.0829 0.0898
v  1.4736 0.3174 0.0889
v  1.4736 0.0829 0.0889
v  1.4744 0.3174 0.0882
v  1.4744 0.0829 0.0882
v  1.4753 0.3174 0.0877
v  1.4753 0.0829 0.0877
v  1.4762 0.0829 -0.1050
v  1.4762 0.3174 -0.1050
v  1.4771 0.3174 -0.1048
v  1.4771 0.0829 -0.1048
v  1.4779 0.3174 -0.1044
v  1.4779 0.0829 -0.1044
v  1.4787 0.3174 -0.1037
v  1.4787 0.0829 -0.1037
v  1.4794 0.3174 -0.1027
v  1.4794 0.0829 -0.1027
v  1.4800 0.3174 -0.1016
v  1.4800 0.0829 -0.1016
v  1.4804 0.3174 -0.1002
v  1.4804 0.0829 -0.1002
v  1.4806 0.3174 -0.0988
v  1.4806 0.0829 -0.0988
v  1.4807 0.3174 -0.0973
v  1.4807 0.0829 -0.0973
v  1.4806 0.3174 -0.0958
v  1.4806 0.0829 -0.0958
v  1.4804 0.3174 -0.0944
v  1.4804 0.0829 -0.0944
v  1.4800 0.3174 -0.0930
v  1.4800 0.0829 -0.0930
v  1.4794 0.3174 -0.0919
v  1.4794 0.0829 -0.0919
v  1.4787 0.3174 -0.0909
v  1.4787 0.0829 -0.0909
v  1.4779 0.3174 -0.0902
v  1.4779 0.0829 -0.0902
v  1.4771 0.3174 -0.0898
v  1.4771 0.0829 -0.0898
v  1.4762 0.3174 -0.0896
v  1.4762 0.0829 -0.0896
v  1.4753 0.3174 -0.0898
v  1.4753 0.0829 -0.0898
v  1.4744 0.3174 -0.0902
v  1.4744 0.0829 -0.0902
v  1.4736 0.3174 -0.0909
v  1.4736 0.0829 -0.0909
v  1.4729 0.3174 -0.0919
v  1.4729 0.0829 -0.0919
v  1.4724 0.3174 -0.0930
v  1.4724 0.0829 -0.0930
v  1.4719 0.3174 -0.0944
v  1.4719 0.0829 -0.0944
v  1.4717 0.3174 -0.0958
v  1.4717 0.0829 -0.0958
v  1.4716 0.3174 -0.0973
v  1.4716 0.0829 -0.0973
v  1.4717 0.3174 -0.0988
v  1.4717 0.0829 -0.0988
v  1.4719 0.3174 -0.1002
v  1.4719 0.0829 -0.1002
v  1.4724 0.3174 -0.1016
v  1.4724 0.0829 -0.1016
v  1.4729 0.3174 -0.1027
v  1.4729 0.0829 -0.1027
v  1.4736 0.3174 -0.1037
v  1.4736 0.0829 -0.1037
v  1.4744 0.3174 -0.1044
v  1.4744 0.0829 -0.1044
v  1.4753 0.3174 -0.1048
v  1.4753 0.0829 -0.1048
v  1.3557 0.0829 -0.1050
v  1.3557 0.3174 -0.1050
v  1.3566 0.3174 -0.1048
v  1.3566 0.0829 -0.1048
v  1.3575 0.3174 -0.1044
v  1.3575 0.0829 -0.1044
v  1.3583 0.3174 -0.1037
v  1.3583 0.0829 -0.1037
v  1.3590 0.3174 -0.1027
v  1.3590 0.0829 -0.1027
v  1.3595 0.3174 -0.1016
v  1.3595 0.0829 -0.1016
v  1.3600 0.3174 -0.1002
v  1.3600 0.0829 -0.1002
v  1.3602 0.3174 -0.0988
v  1.3602 0.0829 -0.0988
v  1.3603 0.3174 -0.0973
v  1.3603 0.0829 -0.0973
v  1.3602 0.3174 -0.0958
v  1.3602 0.0829 -0.0958
v  1.3600 0.3174 -0.0944
v  1.3600 0.0829 -0.0944
v  1.3595 0.3174 -0.0930
v  1.3595 0.0829 -0.0930
v  1.3590 0.3174 -0.0919
v  1.3590 0.0829 -0.0919
v  1.3583 0.3174 -0.0909
v  1.3583 0.0829 -0.0909
v  1.3575 0.3174 -0.0902
v  1.3575 0.0829 -0.0902
v  1.3566 0.3174 -0.0898
v  1.3566 0.0829 -0.0898
v  1.3557 0.3174 -0.0896
v  1.3557 0.0829 -0.0896
v  1.3548 0.3174 -0.0898
v  1.3548 0.0829 -0.0898
v  1.3540 0.3174 -0.0902
v  1.3540 0.0829 -0.0902
v  1.3532 0.3174 -0.0909
v  1.3532 0.0829 -0.0909
v  1.3525 0.3174 -0.0919
v  1.3525 0.0829 -0.0919
v  1.3519 0.3174 -0.0930
v  1.3519 0.0829 -0.0930
v  1.3515 0.3174 -0.0944
v  1.3515 0.0829 -0.0944
v  1.3513 0.3174 -0.0958
v  1.3513 0.0829 -0.0958
v  1.3512 0.3174 -0.0973
v  1.3512 0.0829 -0.0973
v  1.3513 0.3174 -0.0988
v  1.3513 0.0829 -0.0988
v  1.3515 0.3174 -0.1002
v  1.3515 0.0829 -0.1002
v  1.3519 0.3174 -0.1016
v  1.3519 0.0829 -0.1016
v  1.3525 0.3174 -0.1027
v  1.3525 0.0829 -0.1027
v  1.3532 0.3174 -0.1037
v  1.3532 0.0829 -0.1037
v  1.3540 0.3174 -0.1044
v  1.3540 0.0829 -0.1044
v  1.3548 0.3174 -0.1048
v  1.3548 0.0829 -0.1048
v  1.3605 0.1032 0.1018
v  1.4546 0.3010 0.1018
v  1.4546 0.3010 0.0986
v  1.3605 0.1032 0.0986
v  1.4742 0.3010 0.0986
v  1.3801 0.1032 0.0986
v  1.4742 0.3010 0.1018
v  1.3801 0.1032 0.1018
v  1.4736 0.1032 -0.1025
v  1.3794 0.3010 -0.1025
v  1.3794 0.3010 -0.0993
v  1.4736 0.1032 -0.0993
v  1.3598 0.3010 -0.0993
v  1.4540 0.1032 -0.0993
v  1.3598 0.3010 -0.1025
v  1.4540 0.1032 -0.1025
v  1.4768 0.1032 -0.0911
v  1.4768 0.3010 0.0652
v  1.4787 0.3010 0.0652
v  1.4787 0.1032 -0.0911
v  1.4787 0.3010 0.0909
v  1.4787 0.1032 -0.0601
v  1.4768 0.3010 0.0909
v  1.4768 0.1032 -0.0601
v  1.4710 0.3470 0.0793
v  1.4710 0.3470 -0.0800
v  1.4631 0.3470 -0.0934
v  1.3683 0.3470 -0.0934
v  1.3603 0.3470 -0.0800
v  1.3603 0.3470 0.0793
v  1.3683 0.3470 0.0927
v  1.4631 0.3470 0.0927
v  1.4659 0.3470 -0.0928
v  1.4675 0.3470 -0.0917
v  1.4689 0.3470 -0.0899
v  1.4700 0.3470 -0.0875
v  1.4707 0.3470 -0.0847
v  1.3607 0.3470 -0.0847
v  1.3614 0.3470 -0.0875
v  1.3624 0.3470 -0.0899
v  1.3639 0.3470 -0.0917
v  1.3655 0.3470 -0.0928
v  1.3655 0.3470 0.0921
v  1.3639 0.3470 0.0909
v  1.3624 0.3470 0.0891
v  1.3614 0.3470 0.0867
v  1.3607 0.3470 0.0840
v  1.4659 0.3470 0.0921
v  1.4675 0.3470 0.0909
v  1.4689 0.3470 0.0891
v  1.4700 0.3470 0.0867
v  1.4707 0.3470 0.0840
v  1.3675 0.0828 0.1197
v  1.3616 0.0828 0.1184
v  1.4871 0.0828 -0.0814
v  1.4871 0.0828 0.0814
v  1.3675 0.0828 -0.1197
v  1.4643 0.0828 -0.1197
v  1.3447 0.0828 0.0814
v  1.3447 0.0828 -0.0814
v  1.4863 0.0828 0.0913
v  1.4840 0.0828 0.1005
v  1.4804 0.0828 0.1085
v  1.4757 0.0828 0.1145
v  1.4702 0.0828 0.1184
v  1.4643 0.0828 0.1197
v  1.4702 0.0828 -0.1184
v  1.4757 0.0828 -0.1145
v  1.4804 0.0828 -0.1085
v  1.4840 0.0828 -0.1005
v  1.4863 0.0828 -0.0913
v  1.3455 0.0828 -0.0913
v  1.3478 0.0828 -0.1005
v  1.3514 0.0828 -0.1085
v  1.3561 0.0828 -0.1145
v  1.3616 0.0828 -0.1184
v  1.3455 0.0828 0.0913
v  1.3478 0.0828 0.1005
v  1.3514 0.0828 0.1085
v  1.3561 0.0828 0.1145
v  1.4643 0.0796 0.1197
v  1.3675 0.0796 0.1197
v  1.3616 0.0796 0.1184
v  1.3561 0.0796 0.1145
v  1.3514 0.0796 0.1085
v  1.3478 0.0796 0.1005
v  1.3455 0.0796 0.0913
v  1.3447 0.0796 0.0814
v  1.3616 0.0796 -0.1184
v  1.3675 0.0796 -0.1197
v  1.3561 0.0796 -0.1145
v  1.3514 0.0796 -0.1085
v  1.3478 0.0796 -0.1005
v  1.3455 0.0796 -0.0913
v  1.3447 0.0796 -0.0814
v  1.4863 0.0796 -0.0913
v  1.4871 0.0796 -0.0814
v  1.4840 0.0796 -0.1005
v  1.4804 0.0796 -0.1085
v  1.4757 0.0796 -0.1145
v  1.4702 0.0796 -0.1184
v  1.4643 0.0796 -0.1197
v  1.4702 0.0796 0.1184
v  1.4757 0.0796 0.1145
v  1.4804 0.0796 0.1085
v  1.4840 0.0796 0.1005
v  1.4863 0.0796 0.0913
v  1.4871 0.0796 0.0814
v  1.3685 0.1053 0.0947
v  1.4633 0.1053 0.0947
v  1.4722 0.1053 0.0798
v  1.4722 0.1053 -0.0798
v  1.4633 0.1053 -0.0947
v  1.3685 0.1053 -0.0947
v  1.3596 0.1053 -0.0798
v  1.3596 0.1053 0.0798
v  1.4718 0.1053 0.0848
v  1.4710 0.1053 0.0879
v  1.4698 0.1053 0.0906
v  1.4682 0.1053 0.0927
v  1.4663 0.1053 0.0940
v  1.4663 0.1053 -0.0940
v  1.4682 0.1053 -0.0927
v  1.4698 0.1053 -0.0906
v  1.4710 0.1053 -0.0879
v  1.4718 0.1053 -0.0848
v  1.3600 0.1053 -0.0848
v  1.3608 0.1053 -0.0879
v  1.3620 0.1053 -0.0906
v  1.3636 0.1053 -0.0927
v  1.3655 0.1053 -0.0940
v  1.3600 0.1053 0.0848
v  1.3608 0.1053 0.0879
v  1.3620 0.1053 0.0906
v  1.3636 0.1053 0.0927
v  1.3655 0.1053 0.0940
v  1.3675 0.5437 0.1197
v  1.3616 0.5437 0.1184
v  1.4871 0.5437 -0.0814
v  1.4871 0.5437 0.0814
v  1.3675 0.5437 -0.1197
v  1.4643 0.5437 -0.1197
v  1.3447 0.5437 0.0814
v  1.3447 0.5437 -0.0814
v  1.4863 0.5437 0.0913
v  1.4840 0.5437 0.1005
v  1.4804 0.5437 0.1085
v  1.4757 0.5437 0.1145
v  1.4702 0.5437 0.1184
v  1.4643 0.5437 0.1197
v  1.4702 0.5437 -0.1184
v  1.4757 0.5437 -0.1145
v  1.4804 0.5437 -0.1085
v  1.4840 0.5437 -0.1005
v  1.4863 0.5437 -0.0913
v  1.3455 0.5437 -0.0913
v  1.3477 0.5437 -0.1005
v  1.3514 0.5437 -0.1085
v  1.3561 0.5437 -0.1145
v  1.3616 0.5437 -0.1184
v  1.3455 0.5437 0.0913
v  1.3477 0.5437 0.1005
v  1.3514 0.5437 0.1085
v  1.3561 0.5437 0.1145
v  1.3661 1.0243 0.0899
v  1.3686 1.0243 0.0905
v  1.3675 1.0243 0.1197
v  1.3616 1.0243 0.1184
v  1.3649 1.0243 0.0890
v  1.3561 1.0243 0.1145
v  1.3638 1.0243 0.0876
v  1.3514 1.0243 0.1085
v  1.3629 1.0243 0.0858
v  1.3477 1.0243 0.1005
v  1.3624 1.0243 0.0837
v  1.3455 1.0243 0.0913
v  1.3621 1.0243 0.0795
v  1.3447 1.0243 0.0814
v  1.3686 1.0243 -0.0905
v  1.3661 1.0243 -0.0899
v  1.3616 1.0243 -0.1184
v  1.3675 1.0243 -0.1197
v  1.3649 1.0243 -0.0890
v  1.3561 1.0243 -0.1145
v  1.3638 1.0243 -0.0876
v  1.3514 1.0243 -0.1085
v  1.3629 1.0243 -0.0858
v  1.3477 1.0243 -0.1005
v  1.3624 1.0243 -0.0837
v  1.3455 1.0243 -0.0913
v  1.3621 1.0243 -0.0795
v  1.3447 1.0243 -0.0814
v  1.4697 1.0243 -0.0795
v  1.4694 1.0243 -0.0837
v  1.4863 1.0243 -0.0913
v  1.4871 1.0243 -0.0814
v  1.4689 1.0243 -0.0858
v  1.4840 1.0243 -0.1005
v  1.4680 1.0243 -0.0876
v  1.4804 1.0243 -0.1085
v  1.4669 1.0243 -0.0890
v  1.4757 1.0243 -0.1145
v  1.4657 1.0243 -0.0899
v  1.4702 1.0243 -0.1184
v  1.4632 1.0243 -0.0905
v  1.4643 1.0243 -0.1197
v  1.4632 1.0243 0.0905
v  1.4657 1.0243 0.0899
v  1.4702 1.0243 0.1184
v  1.4643 1.0243 0.1197
v  1.4669 1.0243 0.0890
v  1.4757 1.0243 0.1145
v  1.4680 1.0243 0.0876
v  1.4804 1.0243 0.1085
v  1.4689 1.0243 0.0858
v  1.4840 1.0243 0.1005
v  1.4694 1.0243 0.0837
v  1.4863 1.0243 0.0913
v  1.4697 1.0243 0.0795
v  1.4871 1.0243 0.0814
v  1.4643 1.0438 0.1197
v  1.4643 1.0465 0.1197
v  1.3675 1.0465 0.1197
v  1.3675 1.0438 0.1197
v  1.3616 1.0438 0.1184
v  1.3616 1.0465 0.1184
v  1.3561 1.0465 0.1145
v  1.3561 1.0438 0.1145
v  1.3629 1.0465 0.0858
v  1.3638 1.0465 0.0876
v  1.3514 1.0465 0.1085
v  1.3514 1.0438 0.1085
v  1.3624 1.0465 0.0837
v  1.3477 1.0465 0.1005
v  1.3477 1.0438 0.1005
v  1.3621 1.0465 0.0795
v  1.3455 1.0465 0.0913
v  1.3455 1.0438 0.0913
v  1.3686 1.0465 -0.0905
v  1.3661 1.0465 -0.0899
v  1.3447 1.0465 0.0814
v  1.3447 1.0438 0.0814
v  1.3649 1.0465 -0.0890
v  1.3616 1.0438 -0.1184
v  1.3616 1.0465 -0.1184
v  1.3675 1.0465 -0.1197
v  1.3675 1.0438 -0.1197
v  1.3638 1.0465 -0.0876
v  1.3561 1.0438 -0.1145
v  1.3561 1.0465 -0.1145
v  1.3629 1.0465 -0.0858
v  1.3514 1.0438 -0.1085
v  1.3514 1.0465 -0.1085
v  1.3624 1.0465 -0.0837
v  1.3477 1.0438 -0.1005
v  1.3477 1.0465 -0.1005
v  1.3621 1.0465 -0.0795
v  1.3455 1.0438 -0.0913
v  1.3455 1.0465 -0.0913
v  1.4697 1.0465 -0.0795
v  1.4694 1.0465 -0.0837
v  1.3447 1.0438 -0.0814
v  1.3447 1.0465 -0.0814
v  1.4689 1.0465 -0.0858
v  1.4863 1.0438 -0.0913
v  1.4863 1.0465 -0.0913
v  1.4871 1.0465 -0.0814
v  1.4871 1.0438 -0.0814
v  1.4680 1.0465 -0.0876
v  1.4840 1.0438 -0.1005
v  1.4840 1.0465 -0.1005
v  1.4669 1.0465 -0.0890
v  1.4804 1.0438 -0.1085
v  1.4804 1.0465 -0.1085
v  1.4657 1.0465 -0.0899
v  1.4757 1.0438 -0.1145
v  1.4757 1.0465 -0.1145
v  1.4632 1.0465 -0.0905
v  1.4702 1.0438 -0.1184
v  1.4702 1.0465 -0.1184
v  1.4632 1.0465 0.0905
v  1.4657 1.0465 0.0899
v  1.4643 1.0438 -0.1197
v  1.4643 1.0465 -0.1197
v  1.4669 1.0465 0.0890
v  1.4702 1.0438 0.1184
v  1.4702 1.0465 0.1184
v  1.4680 1.0465 0.0876
v  1.4757 1.0438 0.1145
v  1.4757 1.0465 0.1145
v  1.4689 1.0465 0.0858
v  1.4804 1.0438 0.1085
v  1.4804 1.0465 0.1085
v  1.4694 1.0465 0.0837
v  1.4840 1.0438 0.1005
v  1.4840 1.0465 0.1005
v  1.4697 1.0465 0.0795
v  1.4863 1.0438 0.0913
v  1.4863 1.0465 0.0913
v  1.4871 1.0438 0.0814
v  1.4871 1.0465 0.0814
v  1.3661 1.0465 0.0899
v  1.3686 1.0465 0.0905
v  1.3649 1.0465 0.0890
v  1.4696 0.8284 0.1003
v  1.3772 1.0262 0.1003
v  1.3772 1.0262 0.1035
v  1.4696 0.8284 0.1035
v  1.3619 1.0262 0.1035
v  1.4512 0.8284 0.1035
v  1.3619 1.0262 0.1003
v  1.4512 0.8284 0.1003
v  1.4848 0.8305 0.0903
v  1.4861 0.8305 0.0909
v  1.4869 0.8305 0.0810
v  1.4855 0.8305 0.0809
v  1.4826 0.8305 0.0990
v  1.4838 0.8305 0.1002
v  1.4792 0.8305 0.1065
v  1.4802 0.8305 0.1081
v  1.4748 0.8305 0.1122
v  1.4755 0.8305 0.1142
v  1.4696 0.8305 0.1158
v  1.4700 0.8305 0.1180
v  1.4640 0.8305 0.1170
v  1.4641 0.8305 0.1193
v  1.3458 0.8305 0.0809
v  1.3445 0.8305 0.0810
v  1.3453 0.8305 0.0909
v  1.3466 0.8305 0.0903
v  1.3475 0.8305 0.1002
v  1.3487 0.8305 0.0990
v  1.3512 0.8305 0.1081
v  1.3521 0.8305 0.1065
v  1.3559 0.8305 0.1142
v  1.3565 0.8305 0.1122
v  1.3614 0.8305 0.1180
v  1.3617 0.8305 0.1158
v  1.3673 0.8305 0.1193
v  1.3673 0.8305 0.1170
v  1.3673 0.8305 -0.1178
v  1.3673 0.8305 -0.1200
v  1.3614 0.8305 -0.1187
v  1.3617 0.8305 -0.1165
v  1.3559 0.8305 -0.1149
v  1.3566 0.8305 -0.1129
v  1.3512 0.8305 -0.1088
v  1.3521 0.8305 -0.1072
v  1.3475 0.8305 -0.1009
v  1.3487 0.8305 -0.0998
v  1.3453 0.8305 -0.0917
v  1.3466 0.8305 -0.0911
v  1.3445 0.8305 -0.0818
v  1.3458 0.8305 -0.0816
v  1.4855 0.8305 -0.0816
v  1.4869 0.8305 -0.0818
v  1.4861 0.8305 -0.0917
v  1.4848 0.8305 -0.0911
v  1.4838 0.8305 -0.1009
v  1.4826 0.8305 -0.0998
v  1.4802 0.8305 -0.1088
v  1.4792 0.8305 -0.1072
v  1.4755 0.8305 -0.1149
v  1.4748 0.8305 -0.1129
v  1.4700 0.8305 -0.1187
v  1.4696 0.8305 -0.1165
v  1.4641 0.8305 -0.1200
v  1.4640 0.8305 -0.1178
v  1.4869 0.8275 -0.0818
v  1.4869 0.8275 0.0810
v  1.4861 0.8275 0.0909
v  1.4838 0.8275 0.1001
v  1.4667 0.7856 0.0883
v  1.4667 0.8305 0.0887
v  1.4678 0.8305 0.0873
v  1.4678 0.7856 0.0869
v  1.4802 0.8275 0.1081
v  1.4655 0.7856 0.0892
v  1.4655 0.8305 0.0895
v  1.4755 0.8275 0.1141
v  1.4630 0.7856 0.0898
v  1.4630 0.8305 0.0901
v  1.4700 0.8275 0.1180
v  1.3619 0.7856 0.0788
v  1.3619 0.8305 0.0791
v  1.3622 0.8305 0.0833
v  1.3622 0.7856 0.0830
v  1.4641 0.8275 0.1193
v  1.3627 0.8305 0.0854
v  1.3627 0.7856 0.0851
v  1.3453 0.8275 0.0909
v  1.3445 0.8275 0.0810
v  1.3636 0.8305 0.0873
v  1.3636 0.7856 0.0869
v  1.3475 0.8275 0.1001
v  1.3646 0.8305 0.0887
v  1.3646 0.7856 0.0883
v  1.3512 0.8275 0.1081
v  1.3659 0.8305 0.0895
v  1.3659 0.7856 0.0892
v  1.3559 0.8275 0.1141
v  1.3684 0.8305 0.0901
v  1.3684 0.7856 0.0898
v  1.3614 0.8275 0.1180
v  1.3684 0.7856 -0.0911
v  1.3684 0.8305 -0.0908
v  1.3659 0.8305 -0.0903
v  1.3659 0.7856 -0.0906
v  1.3673 0.8275 0.1193
v  1.3646 0.8305 -0.0894
v  1.3646 0.7856 -0.0897
v  1.3614 0.8275 -0.1188
v  1.3673 0.8275 -0.1201
v  1.3636 0.8305 -0.0880
v  1.3636 0.7856 -0.0883
v  1.3559 0.8275 -0.1150
v  1.3627 0.8305 -0.0862
v  1.3627 0.7856 -0.0865
v  1.3512 0.8275 -0.1089
v  1.3622 0.8305 -0.0840
v  1.3622 0.7856 -0.0844
v  1.3475 0.8275 -0.1009
v  1.3619 0.8305 -0.0799
v  1.3619 0.7856 -0.0802
v  1.3453 0.8275 -0.0917
v  1.4695 0.7856 -0.0802
v  1.4695 0.8305 -0.0799
v  1.4692 0.8305 -0.0840
v  1.4692 0.7856 -0.0844
v  1.3445 0.8275 -0.0818
v  1.4686 0.8305 -0.0862
v  1.4686 0.7856 -0.0865
v  1.4861 0.8275 -0.0917
v  1.4678 0.8305 -0.0880
v  1.4678 0.7856 -0.0883
v  1.4838 0.8275 -0.1009
v  1.4667 0.8305 -0.0894
v  1.4667 0.7856 -0.0897
v  1.4802 0.8275 -0.1089
v  1.4655 0.8305 -0.0903
v  1.4655 0.7856 -0.0906
v  1.4755 0.8275 -0.1150
v  1.4630 0.8305 -0.0908
v  1.4630 0.7856 -0.0911
v  1.4700 0.8275 -0.1188
v  1.4641 0.8275 -0.1201
v  1.4692 0.7856 0.0830
v  1.4692 0.8305 0.0833
v  1.4695 0.8305 0.0791
v  1.4695 0.7856 0.0788
v  1.4686 0.7856 0.0851
v  1.4686 0.8305 0.0854
v  1.4678 0.8080 0.1005
v  1.4684 1.0426 0.1005
v  1.4685 1.0426 0.0990
v  1.4679 0.8080 0.0990
v  1.4688 1.0426 0.0975
v  1.4681 0.8080 0.0975
v  1.4692 1.0426 0.0962
v  1.4685 0.8080 0.0962
v  1.4697 1.0426 0.0951
v  1.4691 0.8080 0.0951
v  1.4704 1.0426 0.0941
v  1.4698 0.8080 0.0941
v  1.4712 1.0426 0.0934
v  1.4706 0.8080 0.0934
v  1.4721 1.0426 0.0930
v  1.4715 0.8080 0.0930
v  1.4730 1.0426 0.0928
v  1.4723 0.8080 0.0928
v  1.4739 1.0426 0.0930
v  1.4732 0.8080 0.0930
v  1.4747 1.0426 0.0934
v  1.4741 0.8080 0.0934
v  1.4755 1.0426 0.0941
v  1.4749 0.8080 0.0941
v  1.4762 1.0426 0.0951
v  1.4756 0.8080 0.0951
v  1.4768 1.0426 0.0962
v  1.4761 0.8080 0.0962
v  1.4772 1.0426 0.0975
v  1.4766 0.8080 0.0975
v  1.4774 1.0426 0.0990
v  1.4768 0.8080 0.0990
v  1.4775 1.0426 0.1005
v  1.4769 0.8080 0.1005
v  1.4774 1.0426 0.1020
v  1.4768 0.8080 0.1020
v  1.4772 1.0426 0.1034
v  1.4766 0.8080 0.1034
v  1.4768 1.0426 0.1047
v  1.4761 0.8080 0.1047
v  1.4762 1.0426 0.1059
v  1.4756 0.8080 0.1059
v  1.4755 1.0426 0.1069
v  1.4749 0.8080 0.1069
v  1.4747 1.0426 0.1076
v  1.4741 0.8080 0.1076
v  1.4739 1.0426 0.1080
v  1.4732 0.8080 0.1080
v  1.4730 1.0426 0.1081
v  1.4723 0.8080 0.1081
v  1.4721 1.0426 0.1080
v  1.4715 0.8080 0.1080
v  1.4712 1.0426 0.1076
v  1.4706 0.8080 0.1076
v  1.4704 1.0426 0.1069
v  1.4698 0.8080 0.1069
v  1.4697 1.0426 0.1059
v  1.4691 0.8080 0.1059
v  1.4692 1.0426 0.1047
v  1.4685 0.8080 0.1047
v  1.4688 1.0426 0.1034
v  1.4681 0.8080 0.1034
v  1.4685 1.0426 0.1020
v  1.4679 0.8080 0.1020
v  1.4678 0.8080 -0.1017
v  1.4684 1.0426 -0.1017
v  1.4685 1.0426 -0.1032
v  1.4679 0.8080 -0.1032
v  1.4688 1.0426 -0.1046
v  1.4681 0.8080 -0.1046
v  1.4692 1.0426 -0.1059
v  1.4685 0.8080 -0.1059
v  1.4697 1.0426 -0.1071
v  1.4691 0.8080 -0.1071
v  1.4704 1.0426 -0.1080
v  1.4698 0.8080 -0.1080
v  1.4712 1.0426 -0.1088
v  1.4706 0.8080 -0.1088
v  1.4721 1.0426 -0.1092
v  1.4715 0.8080 -0.1092
v  1.4730 1.0426 -0.1093
v  1.4723 0.8080 -0.1093
v  1.4739 1.0426 -0.1092
v  1.4732 0.8080 -0.1092
v  1.4747 1.0426 -0.1088
v  1.4741 0.8080 -0.1088
v  1.4755 1.0426 -0.1080
v  1.4749 0.8080 -0.1080
v  1.4762 1.0426 -0.1071
v  1.4756 0.8080 -0.1071
v  1.4768 1.0426 -0.1059
v  1.4761 0.8080 -0.1059
v  1.4772 1.0426 -0.1046
v  1.4766 0.8080 -0.1046
v  1.4774 1.0426 -0.1032
v  1.4768 0.8080 -0.1032
v  1.4775 1.0426 -0.1017
v  1.4769 0.8080 -0.1017
v  1.4774 1.0426 -0.1002
v  1.4768 0.8080 -0.1002
v  1.4772 1.0426 -0.0987
v  1.4766 0.8080 -0.0987
v  1.4768 1.0426 -0.0974
v  1.4761 0.8080 -0.0974
v  1.4762 1.0426 -0.0962
v  1.4756 0.8080 -0.0962
v  1.4755 1.0426 -0.0953
v  1.4749 0.8080 -0.0953
v  1.4747 1.0426 -0.0946
v  1.4741 0.8080 -0.0946
v  1.4739 1.0426 -0.0941
v  1.4732 0.8080 -0.0941
v  1.4730 1.0426 -0.0940
v  1.4723 0.8080 -0.0940
v  1.4721 1.0426 -0.0941
v  1.4715 0.8080 -0.0941
v  1.4712 1.0426 -0.0946
v  1.4706 0.8080 -0.0946
v  1.4704 1.0426 -0.0953
v  1.4698 0.8080 -0.0953
v  1.4697 1.0426 -0.0962
v  1.4691 0.8080 -0.0962
v  1.4692 1.0426 -0.0974
v  1.4685 0.8080 -0.0974
v  1.4688 1.0426 -0.0987
v  1.4681 0.8080 -0.0987
v  1.4685 1.0426 -0.1002
v  1.4679 0.8080 -0.1002
v  1.3532 0.8080 -0.1017
v  1.3539 1.0426 -0.1017
v  1.3539 1.0426 -0.1032
v  1.3533 0.8080 -0.1032
v  1.3542 1.0426 -0.1046
v  1.3536 0.8080 -0.1046
v  1.3546 1.0426 -0.1059
v  1.3540 0.8080 -0.1059
v  1.3552 1.0426 -0.1071
v  1.3546 0.8080 -0.1071
v  1.3559 1.0426 -0.1080
v  1.3553 0.8080 -0.1080
v  1.3567 1.0426 -0.1088
v  1.3561 0.8080 -0.1088
v  1.3575 1.0426 -0.1092
v  1.3569 0.8080 -0.1092
v  1.3584 1.0426 -0.1093
v  1.3578 0.8080 -0.1093
v  1.3593 1.0426 -0.1092
v  1.3587 0.8080 -0.1092
v  1.3602 1.0426 -0.1088
v  1.3595 0.8080 -0.1088
v  1.3610 1.0426 -0.1080
v  1.3603 0.8080 -0.1080
v  1.3616 1.0426 -0.1071
v  1.3610 0.8080 -0.1071
v  1.3622 1.0426 -0.1059
v  1.3616 0.8080 -0.1059
v  1.3626 1.0426 -0.1046
v  1.3620 0.8080 -0.1046
v  1.3629 1.0426 -0.1032
v  1.3623 0.8080 -0.1032
v  1.3630 1.0426 -0.1017
v  1.3624 0.8080 -0.1017
v  1.3629 1.0426 -0.1002
v  1.3623 0.8080 -0.1002
v  1.3626 1.0426 -0.0987
v  1.3620 0.8080 -0.0987
v  1.3622 1.0426 -0.0974
v  1.3616 0.8080 -0.0974
v  1.3616 1.0426 -0.0962
v  1.3610 0.8080 -0.0962
v  1.3610 1.0426 -0.0953
v  1.3603 0.8080 -0.0953
v  1.3602 1.0426 -0.0946
v  1.3595 0.8080 -0.0946
v  1.3593 1.0426 -0.0941
v  1.3587 0.8080 -0.0941
v  1.3584 1.0426 -0.0940
v  1.3578 0.8080 -0.0940
v  1.3575 1.0426 -0.0941
v  1.3569 0.8080 -0.0941
v  1.3567 1.0426 -0.0946
v  1.3561 0.8080 -0.0946
v  1.3559 1.0426 -0.0953
v  1.3553 0.8080 -0.0953
v  1.3552 1.0426 -0.0962
v  1.3546 0.8080 -0.0962
v  1.3546 1.0426 -0.0974
v  1.3540 0.8080 -0.0974
v  1.3542 1.0426 -0.0987
v  1.3536 0.8080 -0.0987
v  1.3539 1.0426 -0.1002
v  1.3533 0.8080 -0.1002
v  1.3532 0.8080 0.1008
v  1.3539 1.0426 0.1008
v  1.3539 1.0426 0.0993
v  1.3533 0.8080 0.0993
v  1.3542 1.0426 0.0978
v  1.3536 0.8080 0.0978
v  1.3546 1.0426 0.0965
v  1.3540 0.8080 0.0965
v  1.3552 1.0426 0.0953
v  1.3546 0.8080 0.0953
v  1.3559 1.0426 0.0944
v  1.3553 0.8080 0.0944
v  1.3567 1.0426 0.0937
v  1.3561 0.8080 0.0937
v  1.3575 1.0426 0.0932
v  1.3569 0.8080 0.0932
v  1.3584 1.0426 0.0931
v  1.3578 0.8080 0.0931
v  1.3593 1.0426 0.0932
v  1.3587 0.8080 0.0932
v  1.3602 1.0426 0.0937
v  1.3595 0.8080 0.0937
v  1.3610 1.0426 0.0944
v  1.3603 0.8080 0.0944
v  1.3616 1.0426 0.0953
v  1.3610 0.8080 0.0953
v  1.3622 1.0426 0.0965
v  1.3616 0.8080 0.0965
v  1.3626 1.0426 0.0978
v  1.3620 0.8080 0.0978
v  1.3629 1.0426 0.0993
v  1.3623 0.8080 0.0993
v  1.3630 1.0426 0.1008
v  1.3624 0.8080 0.1008
v  1.3629 1.0426 0.1023
v  1.3623 0.8080 0.1023
v  1.3626 1.0426 0.1037
v  1.3620 0.8080 0.1037
v  1.3622 1.0426 0.1050
v  1.3616 0.8080 0.1050
v  1.3616 1.0426 0.1062
v  1.3610 0.8080 0.1062
v  1.3610 1.0426 0.1071
v  1.3603 0.8080 0.1071
v  1.3602 1.0426 0.1078
v  1.3595 0.8080 0.1078
v  1.3593 1.0426 0.1083
v  1.3587 0.8080 0.1083
v  1.3584 1.0426 0.1084
v  1.3578 0.8080 0.1084
v  1.3575 1.0426 0.1083
v  1.3569 0.8080 0.1083
v  1.3567 1.0426 0.1078
v  1.3561 0.8080 0.1078
v  1.3559 1.0426 0.1071
v  1.3553 0.8080 0.1071
v  1.3552 1.0426 0.1062
v  1.3546 0.8080 0.1062
v  1.3546 1.0426 0.1050
v  1.3540 0.8080 0.1050
v  1.3542 1.0426 0.1037
v  1.3536 0.8080 0.1037
v  1.3539 1.0426 0.1023
v  1.3533 0.8080 0.1023
v  1.4762 0.8284 0.0928
v  1.4769 1.0262 -0.0654
v  1.4750 1.0262 -0.0654
v  1.4744 0.8284 0.0928
v  1.4750 1.0262 -0.0983
v  1.4744 0.8284 0.0599
v  1.4769 1.0262 -0.0983
v  1.4762 0.8284 0.0599
v  1.3547 0.8284 -0.0973
v  1.3553 1.0262 0.0609
v  1.3572 1.0262 0.0609
v  1.3566 0.8284 -0.0973
v  1.3572 1.0262 0.0939
v  1.3566 0.8284 -0.0644
v  1.3553 1.0262 0.0939
v  1.3547 0.8284 -0.0644
v  1.3615 0.8284 -0.1027
v  1.4551 1.0262 -0.1027
v  1.4551 1.0262 -0.1059
v  1.3615 0.8284 -0.1059
v  1.4704 1.0262 -0.1059
v  1.3799 0.8284 -0.1059
v  1.4704 1.0262 -0.1027
v  1.3799 0.8284 -0.1027
v  1.3453 0.7856 -0.0920
v  1.3445 0.7856 -0.0821
v  1.3622 0.7826 -0.0844
v  1.3619 0.7826 -0.0802
v  1.3445 0.7826 -0.0821
v  1.3453 0.7826 -0.0920
v  1.3627 0.7826 -0.0865
v  1.3475 0.7826 -0.1012
v  1.3636 0.7826 -0.0883
v  1.3512 0.7826 -0.1092
v  1.3646 0.7826 -0.0897
v  1.3559 0.7826 -0.1152
v  1.3659 0.7826 -0.0906
v  1.3614 0.7826 -0.1191
v  1.3684 0.7826 -0.0911
v  1.3673 0.7826 -0.1204
v  1.4695 0.7826 -0.0802
v  1.4692 0.7826 -0.0844
v  1.4861 0.7826 -0.0920
v  1.4869 0.7826 -0.0821
v  1.4686 0.7826 -0.0865
v  1.4838 0.7826 -0.1012
v  1.4678 0.7826 -0.0883
v  1.4802 0.7826 -0.1092
v  1.4667 0.7826 -0.0897
v  1.4755 0.7826 -0.1152
v  1.4655 0.7826 -0.0906
v  1.4700 0.7826 -0.1191
v  1.4630 0.7826 -0.0911
v  1.4641 0.7826 -0.1204
v  1.4630 0.7826 0.0898
v  1.4655 0.7826 0.0892
v  1.4700 0.7826 0.1177
v  1.4641 0.7826 0.1190
v  1.4667 0.7826 0.0883
v  1.4755 0.7826 0.1139
v  1.4678 0.7826 0.0869
v  1.4802 0.7826 0.1078
v  1.4686 0.7826 0.0851
v  1.4838 0.7826 0.0998
v  1.4692 0.7826 0.0830
v  1.4861 0.7826 0.0906
v  1.4695 0.7826 0.0788
v  1.4869 0.7826 0.0807
v  1.3619 0.7826 0.0788
v  1.3622 0.7826 0.0830
v  1.3453 0.7826 0.0906
v  1.3445 0.7826 0.0807
v  1.3627 0.7826 0.0851
v  1.3475 0.7826 0.0998
v  1.3636 0.7826 0.0869
v  1.3512 0.7826 0.1078
v  1.3646 0.7826 0.0883
v  1.3559 0.7826 0.1139
v  1.3659 0.7826 0.0892
v  1.3614 0.7826 0.1177
v  1.3684 0.7826 0.0898
v  1.3673 0.7826 0.1190
v  1.3475 0.7856 -0.1012
v  1.3512 0.7856 -0.1092
v  1.3559 0.7856 -0.1152
v  1.3614 0.7856 -0.1191
v  1.3673 0.7856 -0.1204
v  1.4869 0.7856 -0.0821
v  1.4861 0.7856 -0.0920
v  1.4838 0.7856 -0.1012
v  1.4802 0.7856 -0.1092
v  1.4755 0.7856 -0.1152
v  1.4700 0.7856 -0.1191
v  1.4641 0.7856 -0.1204
v  1.4641 0.7856 0.1190
v  1.4700 0.7856 0.1177
v  1.4755 0.7856 0.1139
v  1.4802 0.7856 0.1078
v  1.4838 0.7856 0.0998
v  1.4861 0.7856 0.0906
v  1.4869 0.7856 0.0807
v  1.3445 0.7856 0.0807
v  1.3453 0.7856 0.0906
v  1.3475 0.7856 0.0998
v  1.3512 0.7856 0.1078
v  1.3559 0.7856 0.1139
v  1.3614 0.7856 0.1177
v  1.3673 0.7856 0.1190
v  1.3560 0.5867 0.0906
v  1.3560 0.7845 -0.0657
v  1.3541 0.7845 -0.0657
v  1.3541 0.5867 0.0906
v  1.3541 0.7845 -0.0914
v  1.3541 0.5867 0.0596
v  1.3560 0.7845 -0.0914
v  1.3560 0.5867 0.0596
v  1.3620 0.5887 0.1160
v  1.3616 0.5887 0.1184
v  1.3675 0.5887 0.1197
v  1.3676 0.5887 0.1173
v  1.3568 0.5887 0.1124
v  1.3561 0.5887 0.1145
v  1.3524 0.5887 0.1067
v  1.3514 0.5887 0.1085
v  1.3490 0.5887 0.0993
v  1.3478 0.5887 0.1005
v  1.3469 0.5887 0.0907
v  1.3455 0.5887 0.0913
v  1.3461 0.5887 0.0812
v  1.3447 0.5887 0.0814
v  1.3676 0.5887 -0.1173
v  1.3675 0.5887 -0.1197
v  1.3616 0.5887 -0.1184
v  1.3620 0.5887 -0.1160
v  1.3561 0.5887 -0.1145
v  1.3568 0.5887 -0.1124
v  1.3514 0.5887 -0.1085
v  1.3524 0.5887 -0.1067
v  1.3478 0.5887 -0.1005
v  1.3490 0.5887 -0.0993
v  1.3455 0.5887 -0.0913
v  1.3469 0.5887 -0.0907
v  1.3447 0.5887 -0.0814
v  1.3461 0.5887 -0.0812
v  1.4857 0.5887 -0.0812
v  1.4871 0.5887 -0.0814
v  1.4863 0.5887 -0.0913
v  1.4849 0.5887 -0.0907
v  1.4840 0.5887 -0.1005
v  1.4828 0.5887 -0.0993
v  1.4804 0.5887 -0.1085
v  1.4794 0.5887 -0.1067
v  1.4757 0.5887 -0.1145
v  1.4750 0.5887 -0.1124
v  1.4702 0.5887 -0.1184
v  1.4698 0.5887 -0.1160
v  1.4643 0.5887 -0.1197
v  1.4642 0.5887 -0.1173
v  1.4642 0.5887 0.1173
v  1.4643 0.5887 0.1197
v  1.4702 0.5887 0.1184
v  1.4698 0.5887 0.1160
v  1.4757 0.5887 0.1145
v  1.4750 0.5887 0.1124
v  1.4804 0.5887 0.1085
v  1.4794 0.5887 0.1067
v  1.4840 0.5887 0.1005
v  1.4828 0.5887 0.0993
v  1.4863 0.5887 0.0913
v  1.4849 0.5887 0.0907
v  1.4871 0.5887 0.0814
v  1.4857 0.5887 0.0812
v  1.4643 0.5842 0.1197
v  1.3675 0.5842 0.1197
v  1.3616 0.5842 0.1184
v  1.3561 0.5842 0.1145
v  1.3629 0.5887 0.0858
v  1.3638 0.5887 0.0876
v  1.3514 0.5842 0.1085
v  1.3624 0.5887 0.0837
v  1.3478 0.5842 0.1005
v  1.3621 0.5887 0.0795
v  1.3455 0.5842 0.0913
v  1.3686 0.5887 -0.0905
v  1.3661 0.5887 -0.0899
v  1.3447 0.5842 0.0814
v  1.3649 0.5887 -0.0890
v  1.3616 0.5842 -0.1184
v  1.3675 0.5842 -0.1197
v  1.3638 0.5887 -0.0876
v  1.3561 0.5842 -0.1145
v  1.3629 0.5887 -0.0858
v  1.3514 0.5842 -0.1085
v  1.3624 0.5887 -0.0837
v  1.3478 0.5842 -0.1005
v  1.3621 0.5887 -0.0795
v  1.3455 0.5842 -0.0913
v  1.4697 0.5887 -0.0795
v  1.4694 0.5887 -0.0837
v  1.3447 0.5842 -0.0814
v  1.4689 0.5887 -0.0858
v  1.4863 0.5842 -0.0913
v  1.4871 0.5842 -0.0814
v  1.4680 0.5887 -0.0876
v  1.4840 0.5842 -0.1005
v  1.4669 0.5887 -0.0890
v  1.4804 0.5842 -0.1085
v  1.4657 0.5887 -0.0899
v  1.4757 0.5842 -0.1145
v  1.4632 0.5887 -0.0905
v  1.4702 0.5842 -0.1184
v  1.4632 0.5887 0.0905
v  1.4657 0.5887 0.0899
v  1.4643 0.5842 -0.1197
v  1.4669 0.5887 0.0890
v  1.4702 0.5842 0.1184
v  1.4680 0.5887 0.0876
v  1.4757 0.5842 0.1145
v  1.4689 0.5887 0.0858
v  1.4804 0.5842 0.1085
v  1.4694 0.5887 0.0837
v  1.4840 0.5842 0.1005
v  1.4697 0.5887 0.0795
v  1.4863 0.5842 0.0913
v  1.4871 0.5842 0.0814
v  1.3661 0.5887 0.0899
v  1.3686 0.5887 0.0905
v  1.3649 0.5887 0.0890
v  1.3559 0.5663 0.0876
v  1.3559 0.8009 0.0876
v  1.3568 0.8009 0.0877
v  1.3568 0.5663 0.0877
v  1.3577 0.8009 0.0882
v  1.3577 0.5663 0.0882
v  1.3584 0.8009 0.0889
v  1.3584 0.5663 0.0889
v  1.3591 0.8009 0.0898
v  1.3591 0.5663 0.0898
v  1.3597 0.8009 0.0910
v  1.3597 0.5663 0.0910
v  1.3601 0.8009 0.0923
v  1.3601 0.5663 0.0923
v  1.3604 0.8009 0.0937
v  1.3604 0.5663 0.0937
v  1.3605 0.8009 0.0952
v  1.3605 0.5663 0.0952
v  1.3604 0.8009 0.0967
v  1.3604 0.5663 0.0967
v  1.3601 0.8009 0.0982
v  1.3601 0.5663 0.0982
v  1.3597 0.8009 0.0995
v  1.3597 0.5663 0.0995
v  1.3591 0.8009 0.1007
v  1.3591 0.5663 0.1007
v  1.3584 0.8009 0.1016
v  1.3584 0.5663 0.1016
v  1.3577 0.8009 0.1023
v  1.3577 0.5663 0.1023
v  1.3568 0.8009 0.1028
v  1.3568 0.5663 0.1028
v  1.3559 0.8009 0.1029
v  1.3559 0.5663 0.1029
v  1.3550 0.8009 0.1028
v  1.3550 0.5663 0.1028
v  1.3542 0.8009 0.1023
v  1.3542 0.5663 0.1023
v  1.3534 0.8009 0.1016
v  1.3534 0.5663 0.1016
v  1.3527 0.8009 0.1007
v  1.3527 0.5663 0.1007
v  1.3521 0.8009 0.0995
v  1.3521 0.5663 0.0995
v  1.3517 0.8009 0.0982
v  1.3517 0.5663 0.0982
v  1.3514 0.8009 0.0967
v  1.3514 0.5663 0.0967
v  1.3513 0.8009 0.0952
v  1.3513 0.5663 0.0952
v  1.3514 0.8009 0.0937
v  1.3514 0.5663 0.0937
v  1.3517 0.8009 0.0923
v  1.3517 0.5663 0.0923
v  1.3521 0.8009 0.0910
v  1.3521 0.5663 0.0910
v  1.3527 0.8009 0.0898
v  1.3527 0.5663 0.0898
v  1.3534 0.8009 0.0889
v  1.3534 0.5663 0.0889
v  1.3542 0.8009 0.0882
v  1.3542 0.5663 0.0882
v  1.3550 0.8009 0.0877
v  1.3550 0.5663 0.0877
v  1.4762 0.5663 0.0876
v  1.4762 0.8009 0.0876
v  1.4771 0.8009 0.0877
v  1.4771 0.5663 0.0877
v  1.4779 0.8009 0.0882
v  1.4779 0.5663 0.0882
v  1.4787 0.8009 0.0889
v  1.4787 0.5663 0.0889
v  1.4794 0.8009 0.0898
v  1.4794 0.5663 0.0898
v  1.4800 0.8009 0.0910
v  1.4800 0.5663 0.0910
v  1.4804 0.8009 0.0923
v  1.4804 0.5663 0.0923
v  1.4806 0.8009 0.0937
v  1.4806 0.5663 0.0937
v  1.4807 0.8009 0.0952
v  1.4807 0.5663 0.0952
v  1.4806 0.8009 0.0967
v  1.4806 0.5663 0.0967
v  1.4804 0.8009 0.0982
v  1.4804 0.5663 0.0982
v  1.4800 0.8009 0.0995
v  1.4800 0.5663 0.0995
v  1.4794 0.8009 0.1007
v  1.4794 0.5663 0.1007
v  1.4787 0.8009 0.1016
v  1.4787 0.5663 0.1016
v  1.4779 0.8009 0.1023
v  1.4779 0.5663 0.1023
v  1.4771 0.8009 0.1028
v  1.4771 0.5663 0.1028
v  1.4762 0.8009 0.1029
v  1.4762 0.5663 0.1029
v  1.4753 0.8009 0.1028
v  1.4753 0.5663 0.1028
v  1.4744 0.8009 0.1023
v  1.4744 0.5663 0.1023
v  1.4736 0.8009 0.1016
v  1.4736 0.5663 0.1016
v  1.4729 0.8009 0.1007
v  1.4729 0.5663 0.1007
v  1.4724 0.8009 0.0995
v  1.4724 0.5663 0.0995
v  1.4719 0.8009 0.0982
v  1.4719 0.5663 0.0982
v  1.4717 0.8009 0.0967
v  1.4717 0.5663 0.0967
v  1.4716 0.8009 0.0952
v  1.4716 0.5663 0.0952
v  1.4717 0.8009 0.0937
v  1.4717 0.5663 0.0937
v  1.4719 0.8009 0.0923
v  1.4719 0.5663 0.0923
v  1.4724 0.8009 0.0910
v  1.4724 0.5663 0.0910
v  1.4729 0.8009 0.0898
v  1.4729 0.5663 0.0898
v  1.4736 0.8009 0.0889
v  1.4736 0.5663 0.0889
v  1.4744 0.8009 0.0882
v  1.4744 0.5663 0.0882
v  1.4753 0.8009 0.0877
v  1.4753 0.5663 0.0877
v  1.4762 0.5663 -0.1050
v  1.4762 0.8009 -0.1050
v  1.4771 0.8009 -0.1048
v  1.4771 0.5663 -0.1048
v  1.4779 0.8009 -0.1044
v  1.4779 0.5663 -0.1044
v  1.4787 0.8009 -0.1037
v  1.4787 0.5663 -0.1037
v  1.4794 0.8009 -0.1027
v  1.4794 0.5663 -0.1027
v  1.4800 0.8009 -0.1016
v  1.4800 0.5663 -0.1016
v  1.4804 0.8009 -0.1002
v  1.4804 0.5663 -0.1002
v  1.4806 0.8009 -0.0988
v  1.4806 0.5663 -0.0988
v  1.4807 0.8009 -0.0973
v  1.4807 0.5663 -0.0973
v  1.4806 0.8009 -0.0958
v  1.4806 0.5663 -0.0958
v  1.4804 0.8009 -0.0944
v  1.4804 0.5663 -0.0944
v  1.4800 0.8009 -0.0930
v  1.4800 0.5663 -0.0930
v  1.4794 0.8009 -0.0919
v  1.4794 0.5663 -0.0919
v  1.4787 0.8009 -0.0909
v  1.4787 0.5663 -0.0909
v  1.4779 0.8009 -0.0902
v  1.4779 0.5663 -0.0902
v  1.4771 0.8009 -0.0898
v  1.4771 0.5663 -0.0898
v  1.4762 0.8009 -0.0896
v  1.4762 0.5663 -0.0896
v  1.4753 0.8009 -0.0898
v  1.4753 0.5663 -0.0898
v  1.4744 0.8009 -0.0902
v  1.4744 0.5663 -0.0902
v  1.4736 0.8009 -0.0909
v  1.4736 0.5663 -0.0909
v  1.4729 0.8009 -0.0919
v  1.4729 0.5663 -0.0919
v  1.4724 0.8009 -0.0930
v  1.4724 0.5663 -0.0930
v  1.4719 0.8009 -0.0944
v  1.4719 0.5663 -0.0944
v  1.4717 0.8009 -0.0958
v  1.4717 0.5663 -0.0958
v  1.4716 0.8009 -0.0973
v  1.4716 0.5663 -0.0973
v  1.4717 0.8009 -0.0988
v  1.4717 0.5663 -0.0988
v  1.4719 0.8009 -0.1002
v  1.4719 0.5663 -0.1002
v  1.4724 0.8009 -0.1016
v  1.4724 0.5663 -0.1016
v  1.4729 0.8009 -0.1027
v  1.4729 0.5663 -0.1027
v  1.4736 0.8009 -0.1037
v  1.4736 0.5663 -0.1037
v  1.4744 0.8009 -0.1044
v  1.4744 0.5663 -0.1044
v  1.4753 0.8009 -0.1048
v  1.4753 0.5663 -0.1048
v  1.3557 0.5663 -0.1050
v  1.3557 0.8009 -0.1050
v  1.3566 0.8009 -0.1048
v  1.3566 0.5663 -0.1048
v  1.3575 0.8009 -0.1044
v  1.3575 0.5663 -0.1044
v  1.3583 0.8009 -0.1037
v  1.3583 0.5663 -0.1037
v  1.3590 0.8009 -0.1027
v  1.3590 0.5663 -0.1027
v  1.3595 0.8009 -0.1016
v  1.3595 0.5663 -0.1016
v  1.3600 0.8009 -0.1002
v  1.3600 0.5663 -0.1002
v  1.3602 0.8009 -0.0988
v  1.3602 0.5663 -0.0988
v  1.3603 0.8009 -0.0973
v  1.3603 0.5663 -0.0973
v  1.3602 0.8009 -0.0958
v  1.3602 0.5663 -0.0958
v  1.3600 0.8009 -0.0944
v  1.3600 0.5663 -0.0944
v  1.3595 0.8009 -0.0930
v  1.3595 0.5663 -0.0930
v  1.3590 0.8009 -0.0919
v  1.3590 0.5663 -0.0919
v  1.3583 0.8009 -0.0909
v  1.3583 0.5663 -0.0909
v  1.3575 0.8009 -0.0902
v  1.3575 0.5663 -0.0902
v  1.3566 0.8009 -0.0898
v  1.3566 0.5663 -0.0898
v  1.3557 0.8009 -0.0896
v  1.3557 0.5663 -0.0896
v  1.3548 0.8009 -0.0898
v  1.3548 0.5663 -0.0898
v  1.3540 0.8009 -0.0902
v  1.3540 0.5663 -0.0902
v  1.3532 0.8009 -0.0909
v  1.3532 0.5663 -0.0909
v  1.3525 0.8009 -0.0919
v  1.3525 0.5663 -0.0919
v  1.3519 0.8009 -0.0930
v  1.3519 0.5663 -0.0930
v  1.3515 0.8009 -0.0944
v  1.3515 0.5663 -0.0944
v  1.3513 0.8009 -0.0958
v  1.3513 0.5663 -0.0958
v  1.3512 0.8009 -0.0973
v  1.3512 0.5663 -0.0973
v  1.3513 0.8009 -0.0988
v  1.3513 0.5663 -0.0988
v  1.3515 0.8009 -0.1002
v  1.3515 0.5663 -0.1002
v  1.3519 0.8009 -0.1016
v  1.3519 0.5663 -0.1016
v  1.3525 0.8009 -0.1027
v  1.3525 0.5663 -0.1027
v  1.3532 0.8009 -0.1037
v  1.3532 0.5663 -0.1037
v  1.3540 0.8009 -0.1044
v  1.3540 0.5663 -0.1044
v  1.3548 0.8009 -0.1048
v  1.3548 0.5663 -0.1048
v  1.3605 0.5867 0.1018
v  1.4546 0.7845 0.1018
v  1.4546 0.7845 0.0986
v  1.3605 0.5867 0.0986
v  1.4742 0.7845 0.0986
v  1.3801 0.5867 0.0986
v  1.4742 0.7845 0.1018
v  1.3801 0.5867 0.1018
v  1.4736 0.5867 -0.1025
v  1.3794 0.7845 -0.1025
v  1.3794 0.7845 -0.0993
v  1.4736 0.5867 -0.0993
v  1.3598 0.7845 -0.0993
v  1.4540 0.5867 -0.0993
v  1.3598 0.7845 -0.1025
v  1.4540 0.5867 -0.1025
v  1.4768 0.5867 -0.0911
v  1.4768 0.7845 0.0652
v  1.4787 0.7845 0.0652
v  1.4787 0.5867 -0.0911
v  1.4787 0.7845 0.0909
v  1.4787 0.5867 -0.0601
v  1.4768 0.7845 0.0909
v  1.4768 0.5867 -0.0601
v  1.4710 0.8305 0.0793
v  1.4710 0.8305 -0.0800
v  1.4631 0.8305 -0.0934
v  1.3683 0.8305 -0.0934
v  1.3603 0.8305 -0.0800
v  1.3603 0.8305 0.0793
v  1.3683 0.8305 0.0927
v  1.4631 0.8305 0.0927
v  1.4659 0.8305 -0.0928
v  1.4675 0.8305 -0.0917
v  1.4689 0.8305 -0.0899
v  1.4700 0.8305 -0.0875
v  1.4707 0.8305 -0.0847
v  1.3607 0.8305 -0.0847
v  1.3614 0.8305 -0.0875
v  1.3624 0.8305 -0.0899
v  1.3639 0.8305 -0.0917
v  1.3655 0.8305 -0.0928
v  1.3655 0.8305 0.0921
v  1.3639 0.8305 0.0909
v  1.3624 0.8305 0.0891
v  1.3614 0.8305 0.0867
v  1.3607 0.8305 0.0840
v  1.4659 0.8305 0.0921
v  1.4675 0.8305 0.0909
v  1.4689 0.8305 0.0891
v  1.4700 0.8305 0.0867
v  1.4707 0.8305 0.0840
v  1.3675 0.5663 0.1197
v  1.3616 0.5663 0.1184
v  1.4871 0.5663 -0.0814
v  1.4871 0.5663 0.0814
v  1.3675 0.5663 -0.1197
v  1.4643 0.5663 -0.1197
v  1.3447 0.5663 0.0814
v  1.3447 0.5663 -0.0814
v  1.4863 0.5663 0.0913
v  1.4840 0.5663 0.1005
v  1.4804 0.5663 0.1085
v  1.4757 0.5663 0.1145
v  1.4702 0.5663 0.1184
v  1.4643 0.5663 0.1197
v  1.4702 0.5663 -0.1184
v  1.4757 0.5663 -0.1145
v  1.4804 0.5663 -0.1085
v  1.4840 0.5663 -0.1005
v  1.4863 0.5663 -0.0913
v  1.3455 0.5663 -0.0913
v  1.3478 0.5663 -0.1005
v  1.3514 0.5663 -0.1085
v  1.3561 0.5663 -0.1145
v  1.3616 0.5663 -0.1184
v  1.3455 0.5663 0.0913
v  1.3478 0.5663 0.1005
v  1.3514 0.5663 0.1085
v  1.3561 0.5663 0.1145
v  1.3478 0.5631 0.1005
v  1.3478 0.5631 -0.1005
v  1.3685 0.5887 0.0947
v  1.4633 0.5887 0.0947
v  1.4722 0.5887 0.0798
v  1.4722 0.5887 -0.0798
v  1.4633 0.5887 -0.0947
v  1.3685 0.5887 -0.0947
v  1.3596 0.5887 -0.0798
v  1.3596 0.5887 0.0798
v  1.4718 0.5887 0.0848
v  1.4710 0.5887 0.0879
v  1.4698 0.5887 0.0906
v  1.4682 0.5887 0.0927
v  1.4663 0.5887 0.0940
v  1.4663 0.5887 -0.0940
v  1.4682 0.5887 -0.0927
v  1.4698 0.5887 -0.0906
v  1.4710 0.5887 -0.0879
v  1.4718 0.5887 -0.0848
v  1.3600 0.5887 -0.0848
v  1.3608 0.5887 -0.0879
v  1.3620 0.5887 -0.0906
v  1.3636 0.5887 -0.0927
v  1.3655 0.5887 -0.0940
v  1.3600 0.5887 0.0848
v  1.3608 0.5887 0.0879
v  1.3620 0.5887 0.0906
v  1.3636 0.5887 0.0927
v  1.3655 0.5887 0.0940
v  1.3675 1.0271 0.1197
v  1.3616 1.0271 0.1184
v  1.4871 1.0271 -0.0814
v  1.4871 1.0271 0.0814
v  1.3675 1.0271 -0.1197
v  1.4643 1.0271 -0.1197
v  1.3447 1.0271 0.0814
v  1.3447 1.0271 -0.0814
v  1.4863 1.0271 0.0913
v  1.4840 1.0271 0.1005
v  1.4804 1.0271 0.1085
v  1.4757 1.0271 0.1145
v  1.4702 1.0271 0.1184
v  1.4643 1.0271 0.1197
v  1.4702 1.0271 -0.1184
v  1.4757 1.0271 -0.1145
v  1.4804 1.0271 -0.1085
v  1.4840 1.0271 -0.1005
v  1.4863 1.0271 -0.0913
v  1.3455 1.0271 -0.0913
v  1.3477 1.0271 -0.1005
v  1.3514 1.0271 -0.1085
v  1.3561 1.0271 -0.1145
v  1.3616 1.0271 -0.1184
v  1.3455 1.0271 0.0913
v  1.3477 1.0271 0.1005
v  1.3514 1.0271 0.1085
v  1.3561 1.0271 0.1145
v  1.3661 1.5078 0.0899
v  1.3686 1.5078 0.0905
v  1.3675 1.5078 0.1197
v  1.3616 1.5078 0.1184
v  1.3649 1.5078 0.0890
v  1.3561 1.5078 0.1145
v  1.3638 1.5078 0.0876
v  1.3514 1.5078 0.1085
v  1.3629 1.5078 0.0858
v  1.3477 1.5078 0.1005
v  1.3624 1.5078 0.0837
v  1.3455 1.5078 0.0913
v  1.3621 1.5078 0.0795
v  1.3447 1.5078 0.0814
v  1.3686 1.5078 -0.0905
v  1.3661 1.5078 -0.0899
v  1.3616 1.5078 -0.1184
v  1.3675 1.5078 -0.1197
v  1.3649 1.5078 -0.0890
v  1.3561 1.5078 -0.1145
v  1.3638 1.5078 -0.0876
v  1.3514 1.5078 -0.1085
v  1.3629 1.5078 -0.0858
v  1.3477 1.5078 -0.1005
v  1.3624 1.5078 -0.0837
v  1.3455 1.5078 -0.0913
v  1.3621 1.5078 -0.0795
v  1.3447 1.5078 -0.0814
v  1.4697 1.5078 -0.0795
v  1.4694 1.5078 -0.0837
v  1.4863 1.5078 -0.0913
v  1.4871 1.5078 -0.0814
v  1.4689 1.5078 -0.0858
v  1.4840 1.5078 -0.1005
v  1.4680 1.5078 -0.0876
v  1.4804 1.5078 -0.1085
v  1.4669 1.5078 -0.0890
v  1.4757 1.5078 -0.1145
v  1.4657 1.5078 -0.0899
v  1.4702 1.5078 -0.1184
v  1.4632 1.5078 -0.0905
v  1.4643 1.5078 -0.1197
v  1.4632 1.5078 0.0905
v  1.4657 1.5078 0.0899
v  1.4702 1.5078 0.1184
v  1.4643 1.5078 0.1197
v  1.4669 1.5078 0.0890
v  1.4757 1.5078 0.1145
v  1.4680 1.5078 0.0876
v  1.4804 1.5078 0.1085
v  1.4689 1.5078 0.0858
v  1.4840 1.5078 0.1005
v  1.4694 1.5078 0.0837
v  1.4863 1.5078 0.0913
v  1.4697 1.5078 0.0795
v  1.4871 1.5078 0.0814
v  1.4643 1.5272 0.1197
v  1.4643 1.5300 0.1197
v  1.3675 1.5300 0.1197
v  1.3675 1.5272 0.1197
v  1.3616 1.5272 0.1184
v  1.3616 1.5300 0.1184
v  1.3561 1.5300 0.1145
v  1.3561 1.5272 0.1145
v  1.3629 1.5300 0.0858
v  1.3638 1.5300 0.0876
v  1.3514 1.5300 0.1085
v  1.3514 1.5272 0.1085
v  1.3624 1.5300 0.0837
v  1.3477 1.5300 0.1005
v  1.3477 1.5272 0.1005
v  1.3621 1.5300 0.0795
v  1.3455 1.5300 0.0913
v  1.3455 1.5272 0.0913
v  1.3686 1.5300 -0.0905
v  1.3661 1.5300 -0.0899
v  1.3447 1.5300 0.0814
v  1.3447 1.5272 0.0814
v  1.3649 1.5300 -0.0890
v  1.3616 1.5272 -0.1184
v  1.3616 1.5300 -0.1184
v  1.3675 1.5300 -0.1197
v  1.3675 1.5272 -0.1197
v  1.3638 1.5300 -0.0876
v  1.3561 1.5272 -0.1145
v  1.3561 1.5300 -0.1145
v  1.3629 1.5300 -0.0858
v  1.3514 1.5272 -0.1085
v  1.3514 1.5300 -0.1085
v  1.3624 1.5300 -0.0837
v  1.3477 1.5272 -0.1005
v  1.3477 1.5300 -0.1005
v  1.3621 1.5300 -0.0795
v  1.3455 1.5272 -0.0913
v  1.3455 1.5300 -0.0913
v  1.4697 1.5300 -0.0795
v  1.4694 1.5300 -0.0837
v  1.3447 1.5272 -0.0814
v  1.3447 1.5300 -0.0814
v  1.4689 1.5300 -0.0858
v  1.4863 1.5272 -0.0913
v  1.4863 1.5300 -0.0913
v  1.4871 1.5300 -0.0814
v  1.4871 1.5272 -0.0814
v  1.4680 1.5300 -0.0876
v  1.4840 1.5272 -0.1005
v  1.4840 1.5300 -0.1005
v  1.4669 1.5300 -0.0890
v  1.4804 1.5272 -0.1085
v  1.4804 1.5300 -0.1085
v  1.4657 1.5300 -0.0899
v  1.4757 1.5272 -0.1145
v  1.4757 1.5300 -0.1145
v  1.4632 1.5300 -0.0905
v  1.4702 1.5272 -0.1184
v  1.4702 1.5300 -0.1184
v  1.4632 1.5300 0.0905
v  1.4657 1.5300 0.0899
v  1.4643 1.5272 -0.1197
v  1.4643 1.5300 -0.1197
v  1.4669 1.5300 0.0890
v  1.4702 1.5272 0.1184
v  1.4702 1.5300 0.1184
v  1.4680 1.5300 0.0876
v  1.4757 1.5272 0.1145
v  1.4757 1.5300 0.1145
v  1.4689 1.5300 0.0858
v  1.4804 1.5272 0.1085
v  1.4804 1.5300 0.1085
v  1.4694 1.5300 0.0837
v  1.4840 1.5272 0.1005
v  1.4840 1.5300 0.1005
v  1.4697 1.5300 0.0795
v  1.4863 1.5272 0.0913
v  1.4863 1.5300 0.0913
v  1.4871 1.5272 0.0814
v  1.4871 1.5300 0.0814
v  1.3661 1.5300 0.0899
v  1.3686 1.5300 0.0905
v  1.3649 1.5300 0.0890
v  1.4696 1.3118 0.1003
v  1.3772 1.5097 0.1003
v  1.3772 1.5097 0.1035
v  1.4696 1.3118 0.1035
v  1.3619 1.5097 0.1035
v  1.4512 1.3118 0.1035
v  1.3619 1.5097 0.1003
v  1.4512 1.3118 0.1003
v  1.4848 1.3139 0.0903
v  1.4861 1.3139 0.0909
v  1.4869 1.3139 0.0810
v  1.4855 1.3139 0.0809
v  1.4826 1.3139 0.0990
v  1.4838 1.3139 0.1002
v  1.4792 1.3139 0.1065
v  1.4802 1.3139 0.1081
v  1.4748 1.3139 0.1122
v  1.4755 1.3139 0.1142
v  1.4696 1.3139 0.1158
v  1.4700 1.3139 0.1180
v  1.4640 1.3139 0.1170
v  1.4641 1.3139 0.1193
v  1.3458 1.3139 0.0809
v  1.3445 1.3139 0.0810
v  1.3453 1.3139 0.0909
v  1.3466 1.3139 0.0903
v  1.3475 1.3139 0.1002
v  1.3487 1.3139 0.0990
v  1.3512 1.3139 0.1081
v  1.3521 1.3139 0.1065
v  1.3559 1.3139 0.1142
v  1.3565 1.3139 0.1122
v  1.3614 1.3139 0.1180
v  1.3617 1.3139 0.1158
v  1.3673 1.3139 0.1193
v  1.3673 1.3139 0.1170
v  1.3673 1.3139 -0.1178
v  1.3673 1.3139 -0.1200
v  1.3614 1.3139 -0.1187
v  1.3617 1.3139 -0.1165
v  1.3559 1.3139 -0.1149
v  1.3566 1.3139 -0.1129
v  1.3512 1.3139 -0.1088
v  1.3521 1.3139 -0.1072
v  1.3475 1.3139 -0.1009
v  1.3487 1.3139 -0.0998
v  1.3453 1.3139 -0.0917
v  1.3466 1.3139 -0.0911
v  1.3445 1.3139 -0.0818
v  1.3458 1.3139 -0.0816
v  1.4855 1.3139 -0.0816
v  1.4869 1.3139 -0.0818
v  1.4861 1.3139 -0.0917
v  1.4848 1.3139 -0.0911
v  1.4838 1.3139 -0.1009
v  1.4826 1.3139 -0.0998
v  1.4802 1.3139 -0.1088
v  1.4792 1.3139 -0.1072
v  1.4755 1.3139 -0.1149
v  1.4748 1.3139 -0.1129
v  1.4700 1.3139 -0.1187
v  1.4696 1.3139 -0.1165
v  1.4641 1.3139 -0.1200
v  1.4640 1.3139 -0.1178
v  1.4869 1.3109 -0.0818
v  1.4869 1.3109 0.0810
v  1.4861 1.3109 0.0909
v  1.4838 1.3109 0.1001
v  1.4667 1.2690 0.0883
v  1.4667 1.3139 0.0887
v  1.4678 1.3139 0.0873
v  1.4678 1.2690 0.0869
v  1.4802 1.3109 0.1081
v  1.4655 1.2690 0.0892
v  1.4655 1.3139 0.0895
v  1.4755 1.3109 0.1141
v  1.4630 1.2690 0.0898
v  1.4630 1.3139 0.0901
v  1.4700 1.3109 0.1180
v  1.3619 1.2690 0.0788
v  1.3619 1.3139 0.0791
v  1.3622 1.3139 0.0833
v  1.3622 1.2690 0.0830
v  1.4641 1.3109 0.1193
v  1.3627 1.3139 0.0854
v  1.3627 1.2690 0.0851
v  1.3453 1.3109 0.0909
v  1.3445 1.3109 0.0810
v  1.3636 1.3139 0.0873
v  1.3636 1.2690 0.0869
v  1.3475 1.3109 0.1001
v  1.3646 1.3139 0.0887
v  1.3646 1.2690 0.0883
v  1.3512 1.3109 0.1081
v  1.3659 1.3139 0.0895
v  1.3659 1.2690 0.0892
v  1.3559 1.3109 0.1141
v  1.3684 1.3139 0.0901
v  1.3684 1.2690 0.0898
v  1.3614 1.3109 0.1180
v  1.3684 1.2690 -0.0911
v  1.3684 1.3139 -0.0908
v  1.3659 1.3139 -0.0903
v  1.3659 1.2690 -0.0906
v  1.3673 1.3109 0.1193
v  1.3646 1.3139 -0.0894
v  1.3646 1.2690 -0.0897
v  1.3614 1.3109 -0.1188
v  1.3673 1.3109 -0.1201
v  1.3636 1.3139 -0.0880
v  1.3636 1.2690 -0.0883
v  1.3559 1.3109 -0.1150
v  1.3627 1.3139 -0.0862
v  1.3627 1.2690 -0.0865
v  1.3512 1.3109 -0.1089
v  1.3622 1.3139 -0.0840
v  1.3622 1.2690 -0.0844
v  1.3475 1.3109 -0.1009
v  1.3619 1.3139 -0.0799
v  1.3619 1.2690 -0.0802
v  1.3453 1.3109 -0.0917
v  1.4695 1.2690 -0.0802
v  1.4695 1.3139 -0.0799
v  1.4692 1.3139 -0.0840
v  1.4692 1.2690 -0.0844
v  1.3445 1.3109 -0.0818
v  1.4686 1.3139 -0.0862
v  1.4686 1.2690 -0.0865
v  1.4861 1.3109 -0.0917
v  1.4678 1.3139 -0.0880
v  1.4678 1.2690 -0.0883
v  1.4838 1.3109 -0.1009
v  1.4667 1.3139 -0.0894
v  1.4667 1.2690 -0.0897
v  1.4802 1.3109 -0.1089
v  1.4655 1.3139 -0.0903
v  1.4655 1.2690 -0.0906
v  1.4755 1.3109 -0.1150
v  1.4630 1.3139 -0.0908
v  1.4630 1.2690 -0.0911
v  1.4700 1.3109 -0.1188
v  1.4641 1.3109 -0.1201
v  1.4692 1.2690 0.0830
v  1.4692 1.3139 0.0833
v  1.4695 1.3139 0.0791
v  1.4695 1.2690 0.0788
v  1.4686 1.2690 0.0851
v  1.4686 1.3139 0.0854
v  1.4678 1.2915 0.1005
v  1.4684 1.5261 0.1005
v  1.4685 1.5261 0.0990
v  1.4679 1.2915 0.0990
v  1.4688 1.5261 0.0975
v  1.4681 1.2915 0.0975
v  1.4692 1.5261 0.0962
v  1.4685 1.2915 0.0962
v  1.4697 1.5261 0.0951
v  1.4691 1.2915 0.0951
v  1.4704 1.5261 0.0941
v  1.4698 1.2915 0.0941
v  1.4712 1.5261 0.0934
v  1.4706 1.2915 0.0934
v  1.4721 1.5261 0.0930
v  1.4715 1.2915 0.0930
v  1.4730 1.5261 0.0928
v  1.4723 1.2915 0.0928
v  1.4739 1.5261 0.0930
v  1.4732 1.2915 0.0930
v  1.4747 1.5261 0.0934
v  1.4741 1.2915 0.0934
v  1.4755 1.5261 0.0941
v  1.4749 1.2915 0.0941
v  1.4762 1.5261 0.0951
v  1.4756 1.2915 0.0951
v  1.4768 1.5261 0.0962
v  1.4761 1.2915 0.0962
v  1.4772 1.5261 0.0975
v  1.4766 1.2915 0.0975
v  1.4774 1.5261 0.0990
v  1.4768 1.2915 0.0990
v  1.4775 1.5261 0.1005
v  1.4769 1.2915 0.1005
v  1.4774 1.5261 0.1020
v  1.4768 1.2915 0.1020
v  1.4772 1.5261 0.1034
v  1.4766 1.2915 0.1034
v  1.4768 1.5261 0.1047
v  1.4761 1.2915 0.1047
v  1.4762 1.5261 0.1059
v  1.4756 1.2915 0.1059
v  1.4755 1.5261 0.1069
v  1.4749 1.2915 0.1069
v  1.4747 1.5261 0.1076
v  1.4741 1.2915 0.1076
v  1.4739 1.5261 0.1080
v  1.4732 1.2915 0.1080
v  1.4730 1.5261 0.1081
v  1.4723 1.2915 0.1081
v  1.4721 1.5261 0.1080
v  1.4715 1.2915 0.1080
v  1.4712 1.5261 0.1076
v  1.4706 1.2915 0.1076
v  1.4704 1.5261 0.1069
v  1.4698 1.2915 0.1069
v  1.4697 1.5261 0.1059
v  1.4691 1.2915 0.1059
v  1.4692 1.5261 0.1047
v  1.4685 1.2915 0.1047
v  1.4688 1.5261 0.1034
v  1.4681 1.2915 0.1034
v  1.4685 1.5261 0.1020
v  1.4679 1.2915 0.1020
v  1.4678 1.2915 -0.1017
v  1.4684 1.5261 -0.1017
v  1.4685 1.5261 -0.1032
v  1.4679 1.2915 -0.1032
v  1.4688 1.5261 -0.1046
v  1.4681 1.2915 -0.1046
v  1.4692 1.5261 -0.1059
v  1.4685 1.2915 -0.1059
v  1.4697 1.5261 -0.1071
v  1.4691 1.2915 -0.1071
v  1.4704 1.5261 -0.1080
v  1.4698 1.2915 -0.1080
v  1.4712 1.5261 -0.1088
v  1.4706 1.2915 -0.1088
v  1.4721 1.5261 -0.1092
v  1.4715 1.2915 -0.1092
v  1.4730 1.5261 -0.1093
v  1.4723 1.2915 -0.1093
v  1.4739 1.5261 -0.1092
v  1.4732 1.2915 -0.1092
v  1.4747 1.5261 -0.1088
v  1.4741 1.2915 -0.1088
v  1.4755 1.5261 -0.1080
v  1.4749 1.2915 -0.1080
v  1.4762 1.5261 -0.1071
v  1.4756 1.2915 -0.1071
v  1.4768 1.5261 -0.1059
v  1.4761 1.2915 -0.1059
v  1.4772 1.5261 -0.1046
v  1.4766 1.2915 -0.1046
v  1.4774 1.5261 -0.1032
v  1.4768 1.2915 -0.1032
v  1.4775 1.5261 -0.1017
v  1.4769 1.2915 -0.1017
v  1.4774 1.5261 -0.1002
v  1.4768 1.2915 -0.1002
v  1.4772 1.5261 -0.0987
v  1.4766 1.2915 -0.0987
v  1.4768 1.5261 -0.0974
v  1.4761 1.2915 -0.0974
v  1.4762 1.5261 -0.0962
v  1.4756 1.2915 -0.0962
v  1.4755 1.5261 -0.0953
v  1.4749 1.2915 -0.0953
v  1.4747 1.5261 -0.0946
v  1.4741 1.2915 -0.0946
v  1.4739 1.5261 -0.0941
v  1.4732 1.2915 -0.0941
v  1.4730 1.5261 -0.0940
v  1.4723 1.2915 -0.0940
v  1.4721 1.5261 -0.0941
v  1.4715 1.2915 -0.0941
v  1.4712 1.5261 -0.0946
v  1.4706 1.2915 -0.0946
v  1.4704 1.5261 -0.0953
v  1.4698 1.2915 -0.0953
v  1.4697 1.5261 -0.0962
v  1.4691 1.2915 -0.0962
v  1.4692 1.5261 -0.0974
v  1.4685 1.2915 -0.0974
v  1.4688 1.5261 -0.0987
v  1.4681 1.2915 -0.0987
v  1.4685 1.5261 -0.1002
v  1.4679 1.2915 -0.1002
v  1.3532 1.2915 -0.1017
v  1.3539 1.5261 -0.1017
v  1.3539 1.5261 -0.1032
v  1.3533 1.2915 -0.1032
v  1.3542 1.5261 -0.1046
v  1.3536 1.2915 -0.1046
v  1.3546 1.5261 -0.1059
v  1.3540 1.2915 -0.1059
v  1.3552 1.5261 -0.1071
v  1.3546 1.2915 -0.1071
v  1.3559 1.5261 -0.1080
v  1.3553 1.2915 -0.1080
v  1.3567 1.5261 -0.1088
v  1.3561 1.2915 -0.1088
v  1.3575 1.5261 -0.1092
v  1.3569 1.2915 -0.1092
v  1.3584 1.5261 -0.1093
v  1.3578 1.2915 -0.1093
v  1.3593 1.5261 -0.1092
v  1.3587 1.2915 -0.1092
v  1.3602 1.5261 -0.1088
v  1.3595 1.2915 -0.1088
v  1.3610 1.5261 -0.1080
v  1.3603 1.2915 -0.1080
v  1.3616 1.5261 -0.1071
v  1.3610 1.2915 -0.1071
v  1.3622 1.5261 -0.1059
v  1.3616 1.2915 -0.1059
v  1.3626 1.5261 -0.1046
v  1.3620 1.2915 -0.1046
v  1.3629 1.5261 -0.1032
v  1.3623 1.2915 -0.1032
v  1.3630 1.5261 -0.1017
v  1.3624 1.2915 -0.1017
v  1.3629 1.5261 -0.1002
v  1.3623 1.2915 -0.1002
v  1.3626 1.5261 -0.0987
v  1.3620 1.2915 -0.0987
v  1.3622 1.5261 -0.0974
v  1.3616 1.2915 -0.0974
v  1.3616 1.5261 -0.0962
v  1.3610 1.2915 -0.0962
v  1.3610 1.5261 -0.0953
v  1.3603 1.2915 -0.0953
v  1.3602 1.5261 -0.0946
v  1.3595 1.2915 -0.0946
v  1.3593 1.5261 -0.0941
v  1.3587 1.2915 -0.0941
v  1.3584 1.5261 -0.0940
v  1.3578 1.2915 -0.0940
v  1.3575 1.5261 -0.0941
v  1.3569 1.2915 -0.0941
v  1.3567 1.5261 -0.0946
v  1.3561 1.2915 -0.0946
v  1.3559 1.5261 -0.0953
v  1.3553 1.2915 -0.0953
v  1.3552 1.5261 -0.0962
v  1.3546 1.2915 -0.0962
v  1.3546 1.5261 -0.0974
v  1.3540 1.2915 -0.0974
v  1.3542 1.5261 -0.0987
v  1.3536 1.2915 -0.0987
v  1.3539 1.5261 -0.1002
v  1.3533 1.2915 -0.1002
v  1.3532 1.2915 0.1008
v  1.3539 1.5261 0.1008
v  1.3539 1.5261 0.0993
v  1.3533 1.2915 0.0993
v  1.3542 1.5261 0.0978
v  1.3536 1.2915 0.0978
v  1.3546 1.5261 0.0965
v  1.3540 1.2915 0.0965
v  1.3552 1.5261 0.0953
v  1.3546 1.2915 0.0953
v  1.3559 1.5261 0.0944
v  1.3553 1.2915 0.0944
v  1.3567 1.5261 0.0937
v  1.3561 1.2915 0.0937
v  1.3575 1.5261 0.0932
v  1.3569 1.2915 0.0932
v  1.3584 1.5261 0.0931
v  1.3578 1.2915 0.0931
v  1.3593 1.5261 0.0932
v  1.3587 1.2915 0.0932
v  1.3602 1.5261 0.0937
v  1.3595 1.2915 0.0937
v  1.3610 1.5261 0.0944
v  1.3603 1.2915 0.0944
v  1.3616 1.5261 0.0953
v  1.3610 1.2915 0.0953
v  1.3622 1.5261 0.0965
v  1.3616 1.2915 0.0965
v  1.3626 1.5261 0.0978
v  1.3620 1.2915 0.0978
v  1.3629 1.5261 0.0993
v  1.3623 1.2915 0.0993
v  1.3630 1.5261 0.1008
v  1.3624 1.2915 0.1008
v  1.3629 1.5261 0.1023
v  1.3623 1.2915 0.1023
v  1.3626 1.5261 0.1037
v  1.3620 1.2915 0.1037
v  1.3622 1.5261 0.1050
v  1.3616 1.2915 0.1050
v  1.3616 1.5261 0.1062
v  1.3610 1.2915 0.1062
v  1.3610 1.5261 0.1071
v  1.3603 1.2915 0.1071
v  1.3602 1.5261 0.1078
v  1.3595 1.2915 0.1078
v  1.3593 1.5261 0.1083
v  1.3587 1.2915 0.1083
v  1.3584 1.5261 0.1084
v  1.3578 1.2915 0.1084
v  1.3575 1.5261 0.1083
v  1.3569 1.2915 0.1083
v  1.3567 1.5261 0.1078
v  1.3561 1.2915 0.1078
v  1.3559 1.5261 0.1071
v  1.3553 1.2915 0.1071
v  1.3552 1.5261 0.1062
v  1.3546 1.2915 0.1062
v  1.3546 1.5261 0.1050
v  1.3540 1.2915 0.1050
v  1.3542 1.5261 0.1037
v  1.3536 1.2915 0.1037
v  1.3539 1.5261 0.1023
v  1.3533 1.2915 0.1023
v  1.4762 1.3118 0.0928
v  1.4769 1.5097 -0.0654
v  1.4750 1.5097 -0.0654
v  1.4744 1.3118 0.0928
v  1.4750 1.5097 -0.0983
v  1.4744 1.3118 0.0599
v  1.4769 1.5097 -0.0983
v  1.4762 1.3118 0.0599
v  1.3547 1.3118 -0.0973
v  1.3553 1.5097 0.0609
v  1.3572 1.5097 0.0609
v  1.3566 1.3118 -0.0973
v  1.3572 1.5097 0.0939
v  1.3566 1.3118 -0.0644
v  1.3553 1.5097 0.0939
v  1.3547 1.3118 -0.0644
v  1.3615 1.3118 -0.1027
v  1.4551 1.5097 -0.1027
v  1.4551 1.5097 -0.1059
v  1.3615 1.3118 -0.1059
v  1.4704 1.5097 -0.1059
v  1.3799 1.3118 -0.1059
v  1.4704 1.5097 -0.1027
v  1.3799 1.3118 -0.1027
v  1.3453 1.2690 -0.0920
v  1.3445 1.2690 -0.0821
v  1.3622 1.2660 -0.0844
v  1.3619 1.2660 -0.0802
v  1.3445 1.2660 -0.0821
v  1.3453 1.2660 -0.0920
v  1.3627 1.2660 -0.0865
v  1.3475 1.2660 -0.1012
v  1.3636 1.2660 -0.0883
v  1.3512 1.2660 -0.1092
v  1.3646 1.2660 -0.0897
v  1.3559 1.2660 -0.1152
v  1.3659 1.2660 -0.0906
v  1.3614 1.2660 -0.1191
v  1.3684 1.2660 -0.0911
v  1.3673 1.2660 -0.1204
v  1.4695 1.2660 -0.0802
v  1.4692 1.2660 -0.0844
v  1.4861 1.2660 -0.0920
v  1.4869 1.2660 -0.0821
v  1.4686 1.2660 -0.0865
v  1.4838 1.2660 -0.1012
v  1.4678 1.2660 -0.0883
v  1.4802 1.2660 -0.1092
v  1.4667 1.2660 -0.0897
v  1.4755 1.2660 -0.1152
v  1.4655 1.2660 -0.0906
v  1.4700 1.2660 -0.1191
v  1.4630 1.2660 -0.0911
v  1.4641 1.2660 -0.1204
v  1.4630 1.2660 0.0898
v  1.4655 1.2660 0.0892
v  1.4700 1.2660 0.1177
v  1.4641 1.2660 0.1190
v  1.4667 1.2660 0.0883
v  1.4755 1.2660 0.1139
v  1.4678 1.2660 0.0869
v  1.4802 1.2660 0.1078
v  1.4686 1.2660 0.0851
v  1.4838 1.2660 0.0998
v  1.4692 1.2660 0.0830
v  1.4861 1.2660 0.0906
v  1.4695 1.2660 0.0788
v  1.4869 1.2660 0.0807
v  1.3619 1.2660 0.0788
v  1.3622 1.2660 0.0830
v  1.3453 1.2660 0.0906
v  1.3445 1.2660 0.0807
v  1.3627 1.2660 0.0851
v  1.3475 1.2660 0.0998
v  1.3636 1.2660 0.0869
v  1.3512 1.2660 0.1078
v  1.3646 1.2660 0.0883
v  1.3559 1.2660 0.1139
v  1.3659 1.2660 0.0892
v  1.3614 1.2660 0.1177
v  1.3684 1.2660 0.0898
v  1.3673 1.2660 0.1190
v  1.3475 1.2690 -0.1012
v  1.3512 1.2690 -0.1092
v  1.3559 1.2690 -0.1152
v  1.3614 1.2690 -0.1191
v  1.3673 1.2690 -0.1204
v  1.4869 1.2690 -0.0821
v  1.4861 1.2690 -0.0920
v  1.4838 1.2690 -0.1012
v  1.4802 1.2690 -0.1092
v  1.4755 1.2690 -0.1152
v  1.4700 1.2690 -0.1191
v  1.4641 1.2690 -0.1204
v  1.4641 1.2690 0.1190
v  1.4700 1.2690 0.1177
v  1.4755 1.2690 0.1139
v  1.4802 1.2690 0.1078
v  1.4838 1.2690 0.0998
v  1.4861 1.2690 0.0906
v  1.4869 1.2690 0.0807
v  1.3445 1.2690 0.0807
v  1.3453 1.2690 0.0906
v  1.3475 1.2690 0.0998
v  1.3512 1.2690 0.1078
v  1.3559 1.2690 0.1139
v  1.3614 1.2690 0.1177
v  1.3673 1.2690 0.1190
v  1.3560 1.0701 0.0906
v  1.3560 1.2679 -0.0657
v  1.3541 1.2679 -0.0657
v  1.3541 1.0701 0.0906
v  1.3541 1.2679 -0.0914
v  1.3541 1.0701 0.0596
v  1.3560 1.2679 -0.0914
v  1.3560 1.0701 0.0596
v  1.3620 1.0722 0.1160
v  1.3616 1.0722 0.1184
v  1.3675 1.0722 0.1197
v  1.3676 1.0722 0.1173
v  1.3568 1.0722 0.1124
v  1.3561 1.0722 0.1145
v  1.3524 1.0722 0.1067
v  1.3514 1.0722 0.1085
v  1.3490 1.0722 0.0993
v  1.3478 1.0722 0.1005
v  1.3469 1.0722 0.0907
v  1.3455 1.0722 0.0913
v  1.3461 1.0722 0.0812
v  1.3447 1.0722 0.0814
v  1.3676 1.0722 -0.1173
v  1.3675 1.0722 -0.1197
v  1.3616 1.0722 -0.1184
v  1.3620 1.0722 -0.1160
v  1.3561 1.0722 -0.1145
v  1.3568 1.0722 -0.1124
v  1.3514 1.0722 -0.1085
v  1.3524 1.0722 -0.1067
v  1.3478 1.0722 -0.1005
v  1.3490 1.0722 -0.0993
v  1.3455 1.0722 -0.0913
v  1.3469 1.0722 -0.0907
v  1.3447 1.0722 -0.0814
v  1.3461 1.0722 -0.0812
v  1.4857 1.0722 -0.0812
v  1.4871 1.0722 -0.0814
v  1.4863 1.0722 -0.0913
v  1.4849 1.0722 -0.0907
v  1.4840 1.0722 -0.1005
v  1.4828 1.0722 -0.0993
v  1.4804 1.0722 -0.1085
v  1.4794 1.0722 -0.1067
v  1.4757 1.0722 -0.1145
v  1.4750 1.0722 -0.1124
v  1.4702 1.0722 -0.1184
v  1.4698 1.0722 -0.1160
v  1.4643 1.0722 -0.1197
v  1.4642 1.0722 -0.1173
v  1.4642 1.0722 0.1173
v  1.4643 1.0722 0.1197
v  1.4702 1.0722 0.1184
v  1.4698 1.0722 0.1160
v  1.4757 1.0722 0.1145
v  1.4750 1.0722 0.1124
v  1.4804 1.0722 0.1085
v  1.4794 1.0722 0.1067
v  1.4840 1.0722 0.1005
v  1.4828 1.0722 0.0993
v  1.4863 1.0722 0.0913
v  1.4849 1.0722 0.0907
v  1.4871 1.0722 0.0814
v  1.4857 1.0722 0.0812
v  1.4643 1.0676 0.1197
v  1.3675 1.0676 0.1197
v  1.3616 1.0676 0.1184
v  1.3561 1.0676 0.1145
v  1.3629 1.0722 0.0858
v  1.3638 1.0722 0.0876
v  1.3514 1.0676 0.1085
v  1.3624 1.0722 0.0837
v  1.3478 1.0676 0.1005
v  1.3621 1.0722 0.0795
v  1.3455 1.0676 0.0913
v  1.3686 1.0722 -0.0905
v  1.3661 1.0722 -0.0899
v  1.3447 1.0676 0.0814
v  1.3649 1.0722 -0.0890
v  1.3616 1.0676 -0.1184
v  1.3675 1.0676 -0.1197
v  1.3638 1.0722 -0.0876
v  1.3561 1.0676 -0.1145
v  1.3629 1.0722 -0.0858
v  1.3514 1.0676 -0.1085
v  1.3624 1.0722 -0.0837
v  1.3478 1.0676 -0.1005
v  1.3621 1.0722 -0.0795
v  1.3455 1.0676 -0.0913
v  1.4697 1.0722 -0.0795
v  1.4694 1.0722 -0.0837
v  1.3447 1.0676 -0.0814
v  1.4689 1.0722 -0.0858
v  1.4863 1.0676 -0.0913
v  1.4871 1.0676 -0.0814
v  1.4680 1.0722 -0.0876
v  1.4840 1.0676 -0.1005
v  1.4669 1.0722 -0.0890
v  1.4804 1.0676 -0.1085
v  1.4657 1.0722 -0.0899
v  1.4757 1.0676 -0.1145
v  1.4632 1.0722 -0.0905
v  1.4702 1.0676 -0.1184
v  1.4632 1.0722 0.0905
v  1.4657 1.0722 0.0899
v  1.4643 1.0676 -0.1197
v  1.4669 1.0722 0.0890
v  1.4702 1.0676 0.1184
v  1.4680 1.0722 0.0876
v  1.4757 1.0676 0.1145
v  1.4689 1.0722 0.0858
v  1.4804 1.0676 0.1085
v  1.4694 1.0722 0.0837
v  1.4840 1.0676 0.1005
v  1.4697 1.0722 0.0795
v  1.4863 1.0676 0.0913
v  1.4871 1.0676 0.0814
v  1.3661 1.0722 0.0899
v  1.3686 1.0722 0.0905
v  1.3649 1.0722 0.0890
v  1.3559 1.0498 0.0876
v  1.3559 1.2843 0.0876
v  1.3568 1.2843 0.0877
v  1.3568 1.0498 0.0877
v  1.3577 1.2843 0.0882
v  1.3577 1.0498 0.0882
v  1.3584 1.2843 0.0889
v  1.3584 1.0498 0.0889
v  1.3591 1.2843 0.0898
v  1.3591 1.0498 0.0898
v  1.3597 1.2843 0.0910
v  1.3597 1.0498 0.0910
v  1.3601 1.2843 0.0923
v  1.3601 1.0498 0.0923
v  1.3604 1.2843 0.0937
v  1.3604 1.0498 0.0937
v  1.3605 1.2843 0.0952
v  1.3605 1.0498 0.0952
v  1.3604 1.2843 0.0967
v  1.3604 1.0498 0.0967
v  1.3601 1.2843 0.0982
v  1.3601 1.0498 0.0982
v  1.3597 1.2843 0.0995
v  1.3597 1.0498 0.0995
v  1.3591 1.2843 0.1007
v  1.3591 1.0498 0.1007
v  1.3584 1.2843 0.1016
v  1.3584 1.0498 0.1016
v  1.3577 1.2843 0.1023
v  1.3577 1.0498 0.1023
v  1.3568 1.2843 0.1028
v  1.3568 1.0498 0.1028
v  1.3559 1.2843 0.1029
v  1.3559 1.0498 0.1029
v  1.3550 1.2843 0.1028
v  1.3550 1.0498 0.1028
v  1.3542 1.2843 0.1023
v  1.3542 1.0498 0.1023
v  1.3534 1.2843 0.1016
v  1.3534 1.0498 0.1016
v  1.3527 1.2843 0.1007
v  1.3527 1.0498 0.1007
v  1.3521 1.2843 0.0995
v  1.3521 1.0498 0.0995
v  1.3517 1.2843 0.0982
v  1.3517 1.0498 0.0982
v  1.3514 1.2843 0.0967
v  1.3514 1.0498 0.0967
v  1.3513 1.2843 0.0952
v  1.3513 1.0498 0.0952
v  1.3514 1.2843 0.0937
v  1.3514 1.0498 0.0937
v  1.3517 1.2843 0.0923
v  1.3517 1.0498 0.0923
v  1.3521 1.2843 0.0910
v  1.3521 1.0498 0.0910
v  1.3527 1.2843 0.0898
v  1.3527 1.0498 0.0898
v  1.3534 1.2843 0.0889
v  1.3534 1.0498 0.0889
v  1.3542 1.2843 0.0882
v  1.3542 1.0498 0.0882
v  1.3550 1.2843 0.0877
v  1.3550 1.0498 0.0877
v  1.4762 1.0498 0.0876
v  1.4762 1.2843 0.0876
v  1.4771 1.2843 0.0877
v  1.4771 1.0498 0.0877
v  1.4779 1.2843 0.0882
v  1.4779 1.0498 0.0882
v  1.4787 1.2843 0.0889
v  1.4787 1.0498 0.0889
v  1.4794 1.2843 0.0898
v  1.4794 1.0498 0.0898
v  1.4800 1.2843 0.0910
v  1.4800 1.0498 0.0910
v  1.4804 1.2843 0.0923
v  1.4804 1.0498 0.0923
v  1.4806 1.2843 0.0937
v  1.4806 1.0498 0.0937
v  1.4807 1.2843 0.0952
v  1.4807 1.0498 0.0952
v  1.4806 1.2843 0.0967
v  1.4806 1.0498 0.0967
v  1.4804 1.2843 0.0982
v  1.4804 1.0498 0.0982
v  1.4800 1.2843 0.0995
v  1.4800 1.0498 0.0995
v  1.4794 1.2843 0.1007
v  1.4794 1.0498 0.1007
v  1.4787 1.2843 0.1016
v  1.4787 1.0498 0.1016
v  1.4779 1.2843 0.1023
v  1.4779 1.0498 0.1023
v  1.4771 1.2843 0.1028
v  1.4771 1.0498 0.1028
v  1.4762 1.2843 0.1029
v  1.4762 1.0498 0.1029
v  1.4753 1.2843 0.1028
v  1.4753 1.0498 0.1028
v  1.4744 1.2843 0.1023
v  1.4744 1.0498 0.1023
v  1.4736 1.2843 0.1016
v  1.4736 1.0498 0.1016
v  1.4729 1.2843 0.1007
v  1.4729 1.0498 0.1007
v  1.4724 1.2843 0.0995
v  1.4724 1.0498 0.0995
v  1.4719 1.2843 0.0982
v  1.4719 1.0498 0.0982
v  1.4717 1.2843 0.0967
v  1.4717 1.0498 0.0967
v  1.4716 1.2843 0.0952
v  1.4716 1.0498 0.0952
v  1.4717 1.2843 0.0937
v  1.4717 1.0498 0.0937
v  1.4719 1.2843 0.0923
v  1.4719 1.0498 0.0923
v  1.4724 1.2843 0.0910
v  1.4724 1.0498 0.0910
v  1.4729 1.2843 0.0898
v  1.4729 1.0498 0.0898
v  1.4736 1.2843 0.0889
v  1.4736 1.0498 0.0889
v  1.4744 1.2843 0.0882
v  1.4744 1.0498 0.0882
v  1.4753 1.2843 0.0877
v  1.4753 1.0498 0.0877
v  1.4762 1.0498 -0.1050
v  1.4762 1.2843 -0.1050
v  1.4771 1.2843 -0.1048
v  1.4771 1.0498 -0.1048
v  1.4779 1.2843 -0.1044
v  1.4779 1.0498 -0.1044
v  1.4787 1.2843 -0.1037
v  1.4787 1.0498 -0.1037
v  1.4794 1.2843 -0.1027
v  1.4794 1.0498 -0.1027
v  1.4800 1.2843 -0.1016
v  1.4800 1.0498 -0.1016
v  1.4804 1.2843 -0.1002
v  1.4804 1.0498 -0.1002
v  1.4806 1.2843 -0.0988
v  1.4806 1.0498 -0.0988
v  1.4807 1.2843 -0.0973
v  1.4807 1.0498 -0.0973
v  1.4806 1.2843 -0.0958
v  1.4806 1.0498 -0.0958
v  1.4804 1.2843 -0.0944
v  1.4804 1.0498 -0.0944
v  1.4800 1.2843 -0.0930
v  1.4800 1.0498 -0.0930
v  1.4794 1.2843 -0.0919
v  1.4794 1.0498 -0.0919
v  1.4787 1.2843 -0.0909
v  1.4787 1.0498 -0.0909
v  1.4779 1.2843 -0.0902
v  1.4779 1.0498 -0.0902
v  1.4771 1.2843 -0.0898
v  1.4771 1.0498 -0.0898
v  1.4762 1.2843 -0.0896
v  1.4762 1.0498 -0.0896
v  1.4753 1.2843 -0.0898
v  1.4753 1.0498 -0.0898
v  1.4744 1.2843 -0.0902
v  1.4744 1.0498 -0.0902
v  1.4736 1.2843 -0.0909
v  1.4736 1.0498 -0.0909
v  1.4729 1.2843 -0.0919
v  1.4729 1.0498 -0.0919
v  1.4724 1.2843 -0.0930
v  1.4724 1.0498 -0.0930
v  1.4719 1.2843 -0.0944
v  1.4719 1.0498 -0.0944
v  1.4717 1.2843 -0.0958
v  1.4717 1.0498 -0.0958
v  1.4716 1.2843 -0.0973
v  1.4716 1.0498 -0.0973
v  1.4717 1.2843 -0.0988
v  1.4717 1.0498 -0.0988
v  1.4719 1.2843 -0.1002
v  1.4719 1.0498 -0.1002
v  1.4724 1.2843 -0.1016
v  1.4724 1.0498 -0.1016
v  1.4729 1.2843 -0.1027
v  1.4729 1.0498 -0.1027
v  1.4736 1.2843 -0.1037
v  1.4736 1.0498 -0.1037
v  1.4744 1.2843 -0.1044
v  1.4744 1.0498 -0.1044
v  1.4753 1.2843 -0.1048
v  1.4753 1.0498 -0.1048
v  1.3557 1.0498 -0.1050
v  1.3557 1.2843 -0.1050
v  1.3566 1.2843 -0.1048
v  1.3566 1.0498 -0.1048
v  1.3575 1.2843 -0.1044
v  1.3575 1.0498 -0.1044
v  1.3583 1.2843 -0.1037
v  1.3583 1.0498 -0.1037
v  1.3590 1.2843 -0.1027
v  1.3590 1.0498 -0.1027
v  1.3595 1.2843 -0.1016
v  1.3595 1.0498 -0.1016
v  1.3600 1.2843 -0.1002
v  1.3600 1.0498 -0.1002
v  1.3602 1.2843 -0.0988
v  1.3602 1.0498 -0.0988
v  1.3603 1.2843 -0.0973
v  1.3603 1.0498 -0.0973
v  1.3602 1.2843 -0.0958
v  1.3602 1.0498 -0.0958
v  1.3600 1.2843 -0.0944
v  1.3600 1.0498 -0.0944
v  1.3595 1.2843 -0.0930
v  1.3595 1.0498 -0.0930
v  1.3590 1.2843 -0.0919
v  1.3590 1.0498 -0.0919
v  1.3583 1.2843 -0.0909
v  1.3583 1.0498 -0.0909
v  1.3575 1.2843 -0.0902
v  1.3575 1.0498 -0.0902
v  1.3566 1.2843 -0.0898
v  1.3566 1.0498 -0.0898
v  1.3557 1.2843 -0.0896
v  1.3557 1.0498 -0.0896
v  1.3548 1.2843 -0.0898
v  1.3548 1.0498 -0.0898
v  1.3540 1.2843 -0.0902
v  1.3540 1.0498 -0.0902
v  1.3532 1.2843 -0.0909
v  1.3532 1.0498 -0.0909
v  1.3525 1.2843 -0.0919
v  1.3525 1.0498 -0.0919
v  1.3519 1.2843 -0.0930
v  1.3519 1.0498 -0.0930
v  1.3515 1.2843 -0.0944
v  1.3515 1.0498 -0.0944
v  1.3513 1.2843 -0.0958
v  1.3513 1.0498 -0.0958
v  1.3512 1.2843 -0.0973
v  1.3512 1.0498 -0.0973
v  1.3513 1.2843 -0.0988
v  1.3513 1.0498 -0.0988
v  1.3515 1.2843 -0.1002
v  1.3515 1.0498 -0.1002
v  1.3519 1.2843 -0.1016
v  1.3519 1.0498 -0.1016
v  1.3525 1.2843 -0.1027
v  1.3525 1.0498 -0.1027
v  1.3532 1.2843 -0.1037
v  1.3532 1.0498 -0.1037
v  1.3540 1.2843 -0.1044
v  1.3540 1.0498 -0.1044
v  1.3548 1.2843 -0.1048
v  1.3548 1.0498 -0.1048
v  1.3605 1.0701 0.1018
v  1.4546 1.2679 0.1018
v  1.4546 1.2679 0.0986
v  1.3605 1.0701 0.0986
v  1.4742 1.2679 0.0986
v  1.3801 1.0701 0.0986
v  1.4742 1.2679 0.1018
v  1.3801 1.0701 0.1018
v  1.4736 1.0701 -0.1025
v  1.3794 1.2679 -0.1025
v  1.3794 1.2679 -0.0993
v  1.4736 1.0701 -0.0993
v  1.3598 1.2679 -0.0993
v  1.4540 1.0701 -0.0993
v  1.3598 1.2679 -0.1025
v  1.4540 1.0701 -0.1025
v  1.4768 1.0701 -0.0911
v  1.4768 1.2679 0.0652
v  1.4787 1.2679 0.0652
v  1.4787 1.0701 -0.0911
v  1.4787 1.2679 0.0909
v  1.4787 1.0701 -0.0601
v  1.4768 1.2679 0.0909
v  1.4768 1.0701 -0.0601
v  1.4710 1.3139 0.0793
v  1.4710 1.3139 -0.0800
v  1.4631 1.3139 -0.0934
v  1.3683 1.3139 -0.0934
v  1.3603 1.3139 -0.0800
v  1.3603 1.3139 0.0793
v  1.3683 1.3139 0.0927
v  1.4631 1.3139 0.0927
v  1.4659 1.3139 -0.0928
v  1.4675 1.3139 -0.0917
v  1.4689 1.3139 -0.0899
v  1.4700 1.3139 -0.0875
v  1.4707 1.3139 -0.0847
v  1.3607 1.3139 -0.0847
v  1.3614 1.3139 -0.0875
v  1.3624 1.3139 -0.0899
v  1.3639 1.3139 -0.0917
v  1.3655 1.3139 -0.0928
v  1.3655 1.3139 0.0921
v  1.3639 1.3139 0.0909
v  1.3624 1.3139 0.0891
v  1.3614 1.3139 0.0867
v  1.3607 1.3139 0.0840
v  1.4659 1.3139 0.0921
v  1.4675 1.3139 0.0909
v  1.4689 1.3139 0.0891
v  1.4700 1.3139 0.0867
v  1.4707 1.3139 0.0840
v  1.3675 1.0498 0.1197
v  1.3616 1.0498 0.1184
v  1.4871 1.0498 -0.0814
v  1.4871 1.0498 0.0814
v  1.3675 1.0498 -0.1197
v  1.4643 1.0498 -0.1197
v  1.3447 1.0498 0.0814
v  1.3447 1.0498 -0.0814
v  1.4863 1.0498 0.0913
v  1.4840 1.0498 0.1005
v  1.4804 1.0498 0.1085
v  1.4757 1.0498 0.1145
v  1.4702 1.0498 0.1184
v  1.4643 1.0498 0.1197
v  1.4702 1.0498 -0.1184
v  1.4757 1.0498 -0.1145
v  1.4804 1.0498 -0.1085
v  1.4840 1.0498 -0.1005
v  1.4863 1.0498 -0.0913
v  1.3455 1.0498 -0.0913
v  1.3478 1.0498 -0.1005
v  1.3514 1.0498 -0.1085
v  1.3561 1.0498 -0.1145
v  1.3616 1.0498 -0.1184
v  1.3455 1.0498 0.0913
v  1.3478 1.0498 0.1005
v  1.3514 1.0498 0.1085
v  1.3561 1.0498 0.1145
v  1.3478 1.0465 0.1005
v  1.3478 1.0465 -0.1005
v  1.3685 1.0722 0.0947
v  1.4633 1.0722 0.0947
v  1.4722 1.0722 0.0798
v  1.4722 1.0722 -0.0798
v  1.4633 1.0722 -0.0947
v  1.3685 1.0722 -0.0947
v  1.3596 1.0722 -0.0798
v  1.3596 1.0722 0.0798
v  1.4718 1.0722 0.0848
v  1.4710 1.0722 0.0879
v  1.4698 1.0722 0.0906
v  1.4682 1.0722 0.0927
v  1.4663 1.0722 0.0940
v  1.4663 1.0722 -0.0940
v  1.4682 1.0722 -0.0927
v  1.4698 1.0722 -0.0906
v  1.4710 1.0722 -0.0879
v  1.4718 1.0722 -0.0848
v  1.3600 1.0722 -0.0848
v  1.3608 1.0722 -0.0879
v  1.3620 1.0722 -0.0906
v  1.3636 1.0722 -0.0927
v  1.3655 1.0722 -0.0940
v  1.3600 1.0722 0.0848
v  1.3608 1.0722 0.0879
v  1.3620 1.0722 0.0906
v  1.3636 1.0722 0.0927
v  1.3655 1.0722 0.0940
v  1.3675 1.5106 0.1197
v  1.3616 1.5106 0.1184
v  1.4871 1.5106 -0.0814
v  1.4871 1.5106 0.0814
v  1.3675 1.5106 -0.1197
v  1.4643 1.5106 -0.1197
v  1.3447 1.5106 0.0814
v  1.3447 1.5106 -0.0814
v  1.4863 1.5106 0.0913
v  1.4840 1.5106 0.1005
v  1.4804 1.5106 0.1085
v  1.4757 1.5106 0.1145
v  1.4702 1.5106 0.1184
v  1.4643 1.5106 0.1197
v  1.4702 1.5106 -0.1184
v  1.4757 1.5106 -0.1145
v  1.4804 1.5106 -0.1085
v  1.4840 1.5106 -0.1005
v  1.4863 1.5106 -0.0913
v  1.3455 1.5106 -0.0913
v  1.3477 1.5106 -0.1005
v  1.3514 1.5106 -0.1085
v  1.3561 1.5106 -0.1145
v  1.3616 1.5106 -0.1184
v  1.3455 1.5106 0.0913
v  1.3477 1.5106 0.1005
v  1.3514 1.5106 0.1085
v  1.3561 1.5106 0.1145
v  1.3661 1.9912 0.0899
v  1.3686 1.9912 0.0905
v  1.3675 1.9912 0.1197
v  1.3616 1.9912 0.1184
v  1.3649 1.9912 0.0890
v  1.3561 1.9912 0.1145
v  1.3638 1.9912 0.0876
v  1.3514 1.9912 0.1085
v  1.3629 1.9912 0.0858
v  1.3477 1.9912 0.1005
v  1.3624 1.9912 0.0837
v  1.3455 1.9912 0.0913
v  1.3621 1.9912 0.0795
v  1.3447 1.9912 0.0814
v  1.3686 1.9912 -0.0905
v  1.3661 1.9912 -0.0899
v  1.3616 1.9912 -0.1184
v  1.3675 1.9912 -0.1197
v  1.3649 1.9912 -0.0890
v  1.3561 1.9912 -0.1145
v  1.3638 1.9912 -0.0876
v  1.3514 1.9912 -0.1085
v  1.3629 1.9912 -0.0858
v  1.3477 1.9912 -0.1005
v  1.3624 1.9912 -0.0837
v  1.3455 1.9912 -0.0913
v  1.3621 1.9912 -0.0795
v  1.3447 1.9912 -0.0814
v  1.4697 1.9912 -0.0795
v  1.4694 1.9912 -0.0837
v  1.4863 1.9912 -0.0913
v  1.4871 1.9912 -0.0814
v  1.4689 1.9912 -0.0858
v  1.4840 1.9912 -0.1005
v  1.4680 1.9912 -0.0876
v  1.4804 1.9912 -0.1085
v  1.4669 1.9912 -0.0890
v  1.4757 1.9912 -0.1145
v  1.4657 1.9912 -0.0899
v  1.4702 1.9912 -0.1184
v  1.4632 1.9912 -0.0905
v  1.4643 1.9912 -0.1197
v  1.4632 1.9912 0.0905
v  1.4657 1.9912 0.0899
v  1.4702 1.9912 0.1184
v  1.4643 1.9912 0.1197
v  1.4669 1.9912 0.0890
v  1.4757 1.9912 0.1145
v  1.4680 1.9912 0.0876
v  1.4804 1.9912 0.1085
v  1.4689 1.9912 0.0858
v  1.4840 1.9912 0.1005
v  1.4694 1.9912 0.0837
v  1.4863 1.9912 0.0913
v  1.4697 1.9912 0.0795
v  1.4871 1.9912 0.0814
v  1.4643 2.0107 0.1197
v  1.4643 2.0134 0.1197
v  1.3675 2.0134 0.1197
v  1.3675 2.0107 0.1197
v  1.3616 2.0107 0.1184
v  1.3616 2.0134 0.1184
v  1.3561 2.0134 0.1145
v  1.3561 2.0107 0.1145
v  1.3629 2.0134 0.0858
v  1.3638 2.0134 0.0876
v  1.3514 2.0134 0.1085
v  1.3514 2.0107 0.1085
v  1.3624 2.0134 0.0837
v  1.3477 2.0134 0.1005
v  1.3477 2.0107 0.1005
v  1.3621 2.0134 0.0795
v  1.3455 2.0134 0.0913
v  1.3455 2.0107 0.0913
v  1.3686 2.0134 -0.0905
v  1.3661 2.0134 -0.0899
v  1.3447 2.0134 0.0814
v  1.3447 2.0107 0.0814
v  1.3649 2.0134 -0.0890
v  1.3616 2.0107 -0.1184
v  1.3616 2.0134 -0.1184
v  1.3675 2.0134 -0.1197
v  1.3675 2.0107 -0.1197
v  1.3638 2.0134 -0.0876
v  1.3561 2.0107 -0.1145
v  1.3561 2.0134 -0.1145
v  1.3629 2.0134 -0.0858
v  1.3514 2.0107 -0.1085
v  1.3514 2.0134 -0.1085
v  1.3624 2.0134 -0.0837
v  1.3477 2.0107 -0.1005
v  1.3477 2.0134 -0.1005
v  1.3621 2.0134 -0.0795
v  1.3455 2.0107 -0.0913
v  1.3455 2.0134 -0.0913
v  1.4697 2.0134 -0.0795
v  1.4694 2.0134 -0.0837
v  1.3447 2.0107 -0.0814
v  1.3447 2.0134 -0.0814
v  1.4689 2.0134 -0.0858
v  1.4863 2.0107 -0.0913
v  1.4863 2.0134 -0.0913
v  1.4871 2.0134 -0.0814
v  1.4871 2.0107 -0.0814
v  1.4680 2.0134 -0.0876
v  1.4840 2.0107 -0.1005
v  1.4840 2.0134 -0.1005
v  1.4669 2.0134 -0.0890
v  1.4804 2.0107 -0.1085
v  1.4804 2.0134 -0.1085
v  1.4657 2.0134 -0.0899
v  1.4757 2.0107 -0.1145
v  1.4757 2.0134 -0.1145
v  1.4632 2.0134 -0.0905
v  1.4702 2.0107 -0.1184
v  1.4702 2.0134 -0.1184
v  1.4632 2.0134 0.0905
v  1.4657 2.0134 0.0899
v  1.4643 2.0107 -0.1197
v  1.4643 2.0134 -0.1197
v  1.4669 2.0134 0.0890
v  1.4702 2.0107 0.1184
v  1.4702 2.0134 0.1184
v  1.4680 2.0134 0.0876
v  1.4757 2.0107 0.1145
v  1.4757 2.0134 0.1145
v  1.4689 2.0134 0.0858
v  1.4804 2.0107 0.1085
v  1.4804 2.0134 0.1085
v  1.4694 2.0134 0.0837
v  1.4840 2.0107 0.1005
v  1.4840 2.0134 0.1005
v  1.4697 2.0134 0.0795
v  1.4863 2.0107 0.0913
v  1.4863 2.0134 0.0913
v  1.4871 2.0107 0.0814
v  1.4871 2.0134 0.0814
v  1.3661 2.0134 0.0899
v  1.3686 2.0134 0.0905
v  1.3649 2.0134 0.0890
v  1.4696 1.7953 0.1003
v  1.3772 1.9931 0.1003
v  1.3772 1.9931 0.1035
v  1.4696 1.7953 0.1035
v  1.3619 1.9931 0.1035
v  1.4512 1.7953 0.1035
v  1.3619 1.9931 0.1003
v  1.4512 1.7953 0.1003
v  1.4848 1.7974 0.0903
v  1.4861 1.7974 0.0909
v  1.4869 1.7974 0.0810
v  1.4855 1.7974 0.0809
v  1.4826 1.7974 0.0990
v  1.4838 1.7974 0.1002
v  1.4792 1.7974 0.1065
v  1.4802 1.7974 0.1081
v  1.4748 1.7974 0.1122
v  1.4755 1.7974 0.1142
v  1.4696 1.7974 0.1158
v  1.4700 1.7974 0.1180
v  1.4640 1.7974 0.1170
v  1.4641 1.7974 0.1193
v  1.3458 1.7974 0.0809
v  1.3445 1.7974 0.0810
v  1.3453 1.7974 0.0909
v  1.3466 1.7974 0.0903
v  1.3475 1.7974 0.1002
v  1.3487 1.7974 0.0990
v  1.3512 1.7974 0.1081
v  1.3521 1.7974 0.1065
v  1.3559 1.7974 0.1142
v  1.3565 1.7974 0.1122
v  1.3614 1.7974 0.1180
v  1.3617 1.7974 0.1158
v  1.3673 1.7974 0.1193
v  1.3673 1.7974 0.1170
v  1.3673 1.7974 -0.1178
v  1.3673 1.7974 -0.1200
v  1.3614 1.7974 -0.1187
v  1.3617 1.7974 -0.1165
v  1.3559 1.7974 -0.1149
v  1.3566 1.7974 -0.1129
v  1.3512 1.7974 -0.1088
v  1.3521 1.7974 -0.1072
v  1.3475 1.7974 -0.1009
v  1.3487 1.7974 -0.0998
v  1.3453 1.7974 -0.0917
v  1.3466 1.7974 -0.0911
v  1.3445 1.7974 -0.0818
v  1.3458 1.7974 -0.0816
v  1.4855 1.7974 -0.0816
v  1.4869 1.7974 -0.0818
v  1.4861 1.7974 -0.0917
v  1.4848 1.7974 -0.0911
v  1.4838 1.7974 -0.1009
v  1.4826 1.7974 -0.0998
v  1.4802 1.7974 -0.1088
v  1.4792 1.7974 -0.1072
v  1.4755 1.7974 -0.1149
v  1.4748 1.7974 -0.1129
v  1.4700 1.7974 -0.1187
v  1.4696 1.7974 -0.1165
v  1.4641 1.7974 -0.1200
v  1.4640 1.7974 -0.1178
v  1.4869 1.7944 -0.0818
v  1.4869 1.7944 0.0810
v  1.4861 1.7944 0.0909
v  1.4838 1.7944 0.1001
v  1.4667 1.7525 0.0883
v  1.4667 1.7974 0.0887
v  1.4678 1.7974 0.0873
v  1.4678 1.7525 0.0869
v  1.4802 1.7944 0.1081
v  1.4655 1.7525 0.0892
v  1.4655 1.7974 0.0895
v  1.4755 1.7944 0.1141
v  1.4630 1.7525 0.0898
v  1.4630 1.7974 0.0901
v  1.4700 1.7944 0.1180
v  1.3619 1.7525 0.0788
v  1.3619 1.7974 0.0791
v  1.3622 1.7974 0.0833
v  1.3622 1.7525 0.0830
v  1.4641 1.7944 0.1193
v  1.3627 1.7974 0.0854
v  1.3627 1.7525 0.0851
v  1.3453 1.7944 0.0909
v  1.3445 1.7944 0.0810
v  1.3636 1.7974 0.0873
v  1.3636 1.7525 0.0869
v  1.3475 1.7944 0.1001
v  1.3646 1.7974 0.0887
v  1.3646 1.7525 0.0883
v  1.3512 1.7944 0.1081
v  1.3659 1.7974 0.0895
v  1.3659 1.7525 0.0892
v  1.3559 1.7944 0.1141
v  1.3684 1.7974 0.0901
v  1.3684 1.7525 0.0898
v  1.3614 1.7944 0.1180
v  1.3684 1.7525 -0.0911
v  1.3684 1.7974 -0.0908
v  1.3659 1.7974 -0.0903
v  1.3659 1.7525 -0.0906
v  1.3673 1.7944 0.1193
v  1.3646 1.7974 -0.0894
v  1.3646 1.7525 -0.0897
v  1.3614 1.7944 -0.1188
v  1.3673 1.7944 -0.1201
v  1.3636 1.7974 -0.0880
v  1.3636 1.7525 -0.0883
v  1.3559 1.7944 -0.1150
v  1.3627 1.7974 -0.0862
v  1.3627 1.7525 -0.0865
v  1.3512 1.7944 -0.1089
v  1.3622 1.7974 -0.0840
v  1.3622 1.7525 -0.0844
v  1.3475 1.7944 -0.1009
v  1.3619 1.7974 -0.0799
v  1.3619 1.7525 -0.0802
v  1.3453 1.7944 -0.0917
v  1.4695 1.7525 -0.0802
v  1.4695 1.7974 -0.0799
v  1.4692 1.7974 -0.0840
v  1.4692 1.7525 -0.0844
v  1.3445 1.7944 -0.0818
v  1.4686 1.7974 -0.0862
v  1.4686 1.7525 -0.0865
v  1.4861 1.7944 -0.0917
v  1.4678 1.7974 -0.0880
v  1.4678 1.7525 -0.0883
v  1.4838 1.7944 -0.1009
v  1.4667 1.7974 -0.0894
v  1.4667 1.7525 -0.0897
v  1.4802 1.7944 -0.1089
v  1.4655 1.7974 -0.0903
v  1.4655 1.7525 -0.0906
v  1.4755 1.7944 -0.1150
v  1.4630 1.7974 -0.0908
v  1.4630 1.7525 -0.0911
v  1.4700 1.7944 -0.1188
v  1.4641 1.7944 -0.1201
v  1.4692 1.7525 0.0830
v  1.4692 1.7974 0.0833
v  1.4695 1.7974 0.0791
v  1.4695 1.7525 0.0788
v  1.4686 1.7525 0.0851
v  1.4686 1.7974 0.0854
v  1.4678 1.7749 0.1005
v  1.4684 2.0095 0.1005
v  1.4685 2.0095 0.0990
v  1.4679 1.7749 0.0990
v  1.4688 2.0095 0.0975
v  1.4681 1.7749 0.0975
v  1.4692 2.0095 0.0962
v  1.4685 1.7749 0.0962
v  1.4697 2.0095 0.0951
v  1.4691 1.7749 0.0951
v  1.4704 2.0095 0.0941
v  1.4698 1.7749 0.0941
v  1.4712 2.0095 0.0934
v  1.4706 1.7749 0.0934
v  1.4721 2.0095 0.0930
v  1.4715 1.7749 0.0930
v  1.4730 2.0095 0.0928
v  1.4723 1.7749 0.0928
v  1.4739 2.0095 0.0930
v  1.4732 1.7749 0.0930
v  1.4747 2.0095 0.0934
v  1.4741 1.7749 0.0934
v  1.4755 2.0095 0.0941
v  1.4749 1.7749 0.0941
v  1.4762 2.0095 0.0951
v  1.4756 1.7749 0.0951
v  1.4768 2.0095 0.0962
v  1.4761 1.7749 0.0962
v  1.4772 2.0095 0.0975
v  1.4766 1.7749 0.0975
v  1.4774 2.0095 0.0990
v  1.4768 1.7749 0.0990
v  1.4775 2.0095 0.1005
v  1.4769 1.7749 0.1005
v  1.4774 2.0095 0.1020
v  1.4768 1.7749 0.1020
v  1.4772 2.0095 0.1034
v  1.4766 1.7749 0.1034
v  1.4768 2.0095 0.1047
v  1.4761 1.7749 0.1047
v  1.4762 2.0095 0.1059
v  1.4756 1.7749 0.1059
v  1.4755 2.0095 0.1069
v  1.4749 1.7749 0.1069
v  1.4747 2.0095 0.1076
v  1.4741 1.7749 0.1076
v  1.4739 2.0095 0.1080
v  1.4732 1.7749 0.1080
v  1.4730 2.0095 0.1081
v  1.4723 1.7749 0.1081
v  1.4721 2.0095 0.1080
v  1.4715 1.7749 0.1080
v  1.4712 2.0095 0.1076
v  1.4706 1.7749 0.1076
v  1.4704 2.0095 0.1069
v  1.4698 1.7749 0.1069
v  1.4697 2.0095 0.1059
v  1.4691 1.7749 0.1059
v  1.4692 2.0095 0.1047
v  1.4685 1.7749 0.1047
v  1.4688 2.0095 0.1034
v  1.4681 1.7749 0.1034
v  1.4685 2.0095 0.1020
v  1.4679 1.7749 0.1020
v  1.4678 1.7749 -0.1017
v  1.4684 2.0095 -0.1017
v  1.4685 2.0095 -0.1032
v  1.4679 1.7749 -0.1032
v  1.4688 2.0095 -0.1046
v  1.4681 1.7749 -0.1046
v  1.4692 2.0095 -0.1059
v  1.4685 1.7749 -0.1059
v  1.4697 2.0095 -0.1071
v  1.4691 1.7749 -0.1071
v  1.4704 2.0095 -0.1080
v  1.4698 1.7749 -0.1080
v  1.4712 2.0095 -0.1088
v  1.4706 1.7749 -0.1088
v  1.4721 2.0095 -0.1092
v  1.4715 1.7749 -0.1092
v  1.4730 2.0095 -0.1093
v  1.4723 1.7749 -0.1093
v  1.4739 2.0095 -0.1092
v  1.4732 1.7749 -0.1092
v  1.4747 2.0095 -0.1088
v  1.4741 1.7749 -0.1088
v  1.4755 2.0095 -0.1080
v  1.4749 1.7749 -0.1080
v  1.4762 2.0095 -0.1071
v  1.4756 1.7749 -0.1071
v  1.4768 2.0095 -0.1059
v  1.4761 1.7749 -0.1059
v  1.4772 2.0095 -0.1046
v  1.4766 1.7749 -0.1046
v  1.4774 2.0095 -0.1032
v  1.4768 1.7749 -0.1032
v  1.4775 2.0095 -0.1017
v  1.4769 1.7749 -0.1017
v  1.4774 2.0095 -0.1002
v  1.4768 1.7749 -0.1002
v  1.4772 2.0095 -0.0987
v  1.4766 1.7749 -0.0987
v  1.4768 2.0095 -0.0974
v  1.4761 1.7749 -0.0974
v  1.4762 2.0095 -0.0962
v  1.4756 1.7749 -0.0962
v  1.4755 2.0095 -0.0953
v  1.4749 1.7749 -0.0953
v  1.4747 2.0095 -0.0946
v  1.4741 1.7749 -0.0946
v  1.4739 2.0095 -0.0941
v  1.4732 1.7749 -0.0941
v  1.4730 2.0095 -0.0940
v  1.4723 1.7749 -0.0940
v  1.4721 2.0095 -0.0941
v  1.4715 1.7749 -0.0941
v  1.4712 2.0095 -0.0946
v  1.4706 1.7749 -0.0946
v  1.4704 2.0095 -0.0953
v  1.4698 1.7749 -0.0953
v  1.4697 2.0095 -0.0962
v  1.4691 1.7749 -0.0962
v  1.4692 2.0095 -0.0974
v  1.4685 1.7749 -0.0974
v  1.4688 2.0095 -0.0987
v  1.4681 1.7749 -0.0987
v  1.4685 2.0095 -0.1002
v  1.4679 1.7749 -0.1002
v  1.3532 1.7749 -0.1017
v  1.3539 2.0095 -0.1017
v  1.3539 2.0095 -0.1032
v  1.3533 1.7749 -0.1032
v  1.3542 2.0095 -0.1046
v  1.3536 1.7749 -0.1046
v  1.3546 2.0095 -0.1059
v  1.3540 1.7749 -0.1059
v  1.3552 2.0095 -0.1071
v  1.3546 1.7749 -0.1071
v  1.3559 2.0095 -0.1080
v  1.3553 1.7749 -0.1080
v  1.3567 2.0095 -0.1088
v  1.3561 1.7749 -0.1088
v  1.3575 2.0095 -0.1092
v  1.3569 1.7749 -0.1092
v  1.3584 2.0095 -0.1093
v  1.3578 1.7749 -0.1093
v  1.3593 2.0095 -0.1092
v  1.3587 1.7749 -0.1092
v  1.3602 2.0095 -0.1088
v  1.3595 1.7749 -0.1088
v  1.3610 2.0095 -0.1080
v  1.3603 1.7749 -0.1080
v  1.3616 2.0095 -0.1071
v  1.3610 1.7749 -0.1071
v  1.3622 2.0095 -0.1059
v  1.3616 1.7749 -0.1059
v  1.3626 2.0095 -0.1046
v  1.3620 1.7749 -0.1046
v  1.3629 2.0095 -0.1032
v  1.3623 1.7749 -0.1032
v  1.3630 2.0095 -0.1017
v  1.3624 1.7749 -0.1017
v  1.3629 2.0095 -0.1002
v  1.3623 1.7749 -0.1002
v  1.3626 2.0095 -0.0987
v  1.3620 1.7749 -0.0987
v  1.3622 2.0095 -0.0974
v  1.3616 1.7749 -0.0974
v  1.3616 2.0095 -0.0962
v  1.3610 1.7749 -0.0962
v  1.3610 2.0095 -0.0953
v  1.3603 1.7749 -0.0953
v  1.3602 2.0095 -0.0946
v  1.3595 1.7749 -0.0946
v  1.3593 2.0095 -0.0941
v  1.3587 1.7749 -0.0941
v  1.3584 2.0095 -0.0940
v  1.3578 1.7749 -0.0940
v  1.3575 2.0095 -0.0941
v  1.3569 1.7749 -0.0941
v  1.3567 2.0095 -0.0946
v  1.3561 1.7749 -0.0946
v  1.3559 2.0095 -0.0953
v  1.3553 1.7749 -0.0953
v  1.3552 2.0095 -0.0962
v  1.3546 1.7749 -0.0962
v  1.3546 2.0095 -0.0974
v  1.3540 1.7749 -0.0974
v  1.3542 2.0095 -0.0987
v  1.3536 1.7749 -0.0987
v  1.3539 2.0095 -0.1002
v  1.3533 1.7749 -0.1002
v  1.3532 1.7749 0.1008
v  1.3539 2.0095 0.1008
v  1.3539 2.0095 0.0993
v  1.3533 1.7749 0.0993
v  1.3542 2.0095 0.0978
v  1.3536 1.7749 0.0978
v  1.3546 2.0095 0.0965
v  1.3540 1.7749 0.0965
v  1.3552 2.0095 0.0953
v  1.3546 1.7749 0.0953
v  1.3559 2.0095 0.0944
v  1.3553 1.7749 0.0944
v  1.3567 2.0095 0.0937
v  1.3561 1.7749 0.0937
v  1.3575 2.0095 0.0932
v  1.3569 1.7749 0.0932
v  1.3584 2.0095 0.0931
v  1.3578 1.7749 0.0931
v  1.3593 2.0095 0.0932
v  1.3587 1.7749 0.0932
v  1.3602 2.0095 0.0937
v  1.3595 1.7749 0.0937
v  1.3610 2.0095 0.0944
v  1.3603 1.7749 0.0944
v  1.3616 2.0095 0.0953
v  1.3610 1.7749 0.0953
v  1.3622 2.0095 0.0965
v  1.3616 1.7749 0.0965
v  1.3626 2.0095 0.0978
v  1.3620 1.7749 0.0978
v  1.3629 2.0095 0.0993
v  1.3623 1.7749 0.0993
v  1.3630 2.0095 0.1008
v  1.3624 1.7749 0.1008
v  1.3629 2.0095 0.1023
v  1.3623 1.7749 0.1023
v  1.3626 2.0095 0.1037
v  1.3620 1.7749 0.1037
v  1.3622 2.0095 0.1050
v  1.3616 1.7749 0.1050
v  1.3616 2.0095 0.1062
v  1.3610 1.7749 0.1062
v  1.3610 2.0095 0.1071
v  1.3603 1.7749 0.1071
v  1.3602 2.0095 0.1078
v  1.3595 1.7749 0.1078
v  1.3593 2.0095 0.1083
v  1.3587 1.7749 0.1083
v  1.3584 2.0095 0.1084
v  1.3578 1.7749 0.1084
v  1.3575 2.0095 0.1083
v  1.3569 1.7749 0.1083
v  1.3567 2.0095 0.1078
v  1.3561 1.7749 0.1078
v  1.3559 2.0095 0.1071
v  1.3553 1.7749 0.1071
v  1.3552 2.0095 0.1062
v  1.3546 1.7749 0.1062
v  1.3546 2.0095 0.1050
v  1.3540 1.7749 0.1050
v  1.3542 2.0095 0.1037
v  1.3536 1.7749 0.1037
v  1.3539 2.0095 0.1023
v  1.3533 1.7749 0.1023
v  1.4762 1.7953 0.0928
v  1.4769 1.9931 -0.0654
v  1.4750 1.9931 -0.0654
v  1.4744 1.7953 0.0928
v  1.4750 1.9931 -0.0983
v  1.4744 1.7953 0.0599
v  1.4769 1.9931 -0.0983
v  1.4762 1.7953 0.0599
v  1.3547 1.7953 -0.0973
v  1.3553 1.9931 0.0609
v  1.3572 1.9931 0.0609
v  1.3566 1.7953 -0.0973
v  1.3572 1.9931 0.0939
v  1.3566 1.7953 -0.0644
v  1.3553 1.9931 0.0939
v  1.3547 1.7953 -0.0644
v  1.3615 1.7953 -0.1027
v  1.4551 1.9931 -0.1027
v  1.4551 1.9931 -0.1059
v  1.3615 1.7953 -0.1059
v  1.4704 1.9931 -0.1059
v  1.3799 1.7953 -0.1059
v  1.4704 1.9931 -0.1027
v  1.3799 1.7953 -0.1027
v  1.3453 1.7525 -0.0920
v  1.3445 1.7525 -0.0821
v  1.3622 1.7495 -0.0844
v  1.3619 1.7495 -0.0802
v  1.3445 1.7495 -0.0821
v  1.3453 1.7495 -0.0920
v  1.3627 1.7495 -0.0865
v  1.3475 1.7495 -0.1012
v  1.3636 1.7495 -0.0883
v  1.3512 1.7495 -0.1092
v  1.3646 1.7495 -0.0897
v  1.3559 1.7495 -0.1152
v  1.3659 1.7495 -0.0906
v  1.3614 1.7495 -0.1191
v  1.3684 1.7495 -0.0911
v  1.3673 1.7495 -0.1204
v  1.4695 1.7495 -0.0802
v  1.4692 1.7495 -0.0844
v  1.4861 1.7495 -0.0920
v  1.4869 1.7495 -0.0821
v  1.4686 1.7495 -0.0865
v  1.4838 1.7495 -0.1012
v  1.4678 1.7495 -0.0883
v  1.4802 1.7495 -0.1092
v  1.4667 1.7495 -0.0897
v  1.4755 1.7495 -0.1152
v  1.4655 1.7495 -0.0906
v  1.4700 1.7495 -0.1191
v  1.4630 1.7495 -0.0911
v  1.4641 1.7495 -0.1204
v  1.4630 1.7495 0.0898
v  1.4655 1.7495 0.0892
v  1.4700 1.7495 0.1177
v  1.4641 1.7495 0.1190
v  1.4667 1.7495 0.0883
v  1.4755 1.7495 0.1139
v  1.4678 1.7495 0.0869
v  1.4802 1.7495 0.1078
v  1.4686 1.7495 0.0851
v  1.4838 1.7495 0.0998
v  1.4692 1.7495 0.0830
v  1.4861 1.7495 0.0906
v  1.4695 1.7495 0.0788
v  1.4869 1.7495 0.0807
v  1.3619 1.7495 0.0788
v  1.3622 1.7495 0.0830
v  1.3453 1.7495 0.0906
v  1.3445 1.7495 0.0807
v  1.3627 1.7495 0.0851
v  1.3475 1.7495 0.0998
v  1.3636 1.7495 0.0869
v  1.3512 1.7495 0.1078
v  1.3646 1.7495 0.0883
v  1.3559 1.7495 0.1139
v  1.3659 1.7495 0.0892
v  1.3614 1.7495 0.1177
v  1.3684 1.7495 0.0898
v  1.3673 1.7495 0.1190
v  1.3475 1.7525 -0.1012
v  1.3512 1.7525 -0.1092
v  1.3559 1.7525 -0.1152
v  1.3614 1.7525 -0.1191
v  1.3673 1.7525 -0.1204
v  1.4869 1.7525 -0.0821
v  1.4861 1.7525 -0.0920
v  1.4838 1.7525 -0.1012
v  1.4802 1.7525 -0.1092
v  1.4755 1.7525 -0.1152
v  1.4700 1.7525 -0.1191
v  1.4641 1.7525 -0.1204
v  1.4641 1.7525 0.1190
v  1.4700 1.7525 0.1177
v  1.4755 1.7525 0.1139
v  1.4802 1.7525 0.1078
v  1.4838 1.7525 0.0998
v  1.4861 1.7525 0.0906
v  1.4869 1.7525 0.0807
v  1.3445 1.7525 0.0807
v  1.3453 1.7525 0.0906
v  1.3475 1.7525 0.0998
v  1.3512 1.7525 0.1078
v  1.3559 1.7525 0.1139
v  1.3614 1.7525 0.1177
v  1.3673 1.7525 0.1190
v  1.3560 1.5536 0.0906
v  1.3560 1.7514 -0.0657
v  1.3541 1.7514 -0.0657
v  1.3541 1.5536 0.0906
v  1.3541 1.7514 -0.0914
v  1.3541 1.5536 0.0596
v  1.3560 1.7514 -0.0914
v  1.3560 1.5536 0.0596
v  1.3620 1.5557 0.1160
v  1.3616 1.5557 0.1184
v  1.3675 1.5557 0.1197
v  1.3676 1.5557 0.1173
v  1.3568 1.5557 0.1124
v  1.3561 1.5557 0.1145
v  1.3524 1.5557 0.1067
v  1.3514 1.5557 0.1085
v  1.3490 1.5557 0.0993
v  1.3478 1.5557 0.1005
v  1.3469 1.5557 0.0907
v  1.3455 1.5557 0.0913
v  1.3461 1.5557 0.0812
v  1.3447 1.5557 0.0814
v  1.3676 1.5557 -0.1173
v  1.3675 1.5557 -0.1197
v  1.3616 1.5557 -0.1184
v  1.3620 1.5557 -0.1160
v  1.3561 1.5557 -0.1145
v  1.3568 1.5557 -0.1124
v  1.3514 1.5557 -0.1085
v  1.3524 1.5557 -0.1067
v  1.3478 1.5557 -0.1005
v  1.3490 1.5557 -0.0993
v  1.3455 1.5557 -0.0913
v  1.3469 1.5557 -0.0907
v  1.3447 1.5557 -0.0814
v  1.3461 1.5557 -0.0812
v  1.4857 1.5557 -0.0812
v  1.4871 1.5557 -0.0814
v  1.4863 1.5557 -0.0913
v  1.4849 1.5557 -0.0907
v  1.4840 1.5557 -0.1005
v  1.4828 1.5557 -0.0993
v  1.4804 1.5557 -0.1085
v  1.4794 1.5557 -0.1067
v  1.4757 1.5557 -0.1145
v  1.4750 1.5557 -0.1124
v  1.4702 1.5557 -0.1184
v  1.4698 1.5557 -0.1160
v  1.4643 1.5557 -0.1197
v  1.4642 1.5557 -0.1173
v  1.4642 1.5557 0.1173
v  1.4643 1.5557 0.1197
v  1.4702 1.5557 0.1184
v  1.4698 1.5557 0.1160
v  1.4757 1.5557 0.1145
v  1.4750 1.5557 0.1124
v  1.4804 1.5557 0.1085
v  1.4794 1.5557 0.1067
v  1.4840 1.5557 0.1005
v  1.4828 1.5557 0.0993
v  1.4863 1.5557 0.0913
v  1.4849 1.5557 0.0907
v  1.4871 1.5557 0.0814
v  1.4857 1.5557 0.0812
v  1.4643 1.5511 0.1197
v  1.3675 1.5511 0.1197
v  1.3616 1.5511 0.1184
v  1.3561 1.5511 0.1145
v  1.3629 1.5557 0.0858
v  1.3638 1.5557 0.0876
v  1.3514 1.5511 0.1085
v  1.3624 1.5557 0.0837
v  1.3478 1.5511 0.1005
v  1.3621 1.5557 0.0795
v  1.3455 1.5511 0.0913
v  1.3686 1.5557 -0.0905
v  1.3661 1.5557 -0.0899
v  1.3447 1.5511 0.0814
v  1.3649 1.5557 -0.0890
v  1.3616 1.5511 -0.1184
v  1.3675 1.5511 -0.1197
v  1.3638 1.5557 -0.0876
v  1.3561 1.5511 -0.1145
v  1.3629 1.5557 -0.0858
v  1.3514 1.5511 -0.1085
v  1.3624 1.5557 -0.0837
v  1.3478 1.5511 -0.1005
v  1.3621 1.5557 -0.0795
v  1.3455 1.5511 -0.0913
v  1.4697 1.5557 -0.0795
v  1.4694 1.5557 -0.0837
v  1.3447 1.5511 -0.0814
v  1.4689 1.5557 -0.0858
v  1.4863 1.5511 -0.0913
v  1.4871 1.5511 -0.0814
v  1.4680 1.5557 -0.0876
v  1.4840 1.5511 -0.1005
v  1.4669 1.5557 -0.0890
v  1.4804 1.5511 -0.1085
v  1.4657 1.5557 -0.0899
v  1.4757 1.5511 -0.1145
v  1.4632 1.5557 -0.0905
v  1.4702 1.5511 -0.1184
v  1.4632 1.5557 0.0905
v  1.4657 1.5557 0.0899
v  1.4643 1.5511 -0.1197
v  1.4669 1.5557 0.0890
v  1.4702 1.5511 0.1184
v  1.4680 1.5557 0.0876
v  1.4757 1.5511 0.1145
v  1.4689 1.5557 0.0858
v  1.4804 1.5511 0.1085
v  1.4694 1.5557 0.0837
v  1.4840 1.5511 0.1005
v  1.4697 1.5557 0.0795
v  1.4863 1.5511 0.0913
v  1.4871 1.5511 0.0814
v  1.3661 1.5557 0.0899
v  1.3686 1.5557 0.0905
v  1.3649 1.5557 0.0890
v  1.3559 1.5332 0.0876
v  1.3559 1.7678 0.0876
v  1.3568 1.7678 0.0877
v  1.3568 1.5332 0.0877
v  1.3577 1.7678 0.0882
v  1.3577 1.5332 0.0882
v  1.3584 1.7678 0.0889
v  1.3584 1.5332 0.0889
v  1.3591 1.7678 0.0898
v  1.3591 1.5332 0.0898
v  1.3597 1.7678 0.0910
v  1.3597 1.5332 0.0910
v  1.3601 1.7678 0.0923
v  1.3601 1.5332 0.0923
v  1.3604 1.7678 0.0937
v  1.3604 1.5332 0.0937
v  1.3605 1.7678 0.0952
v  1.3605 1.5332 0.0952
v  1.3604 1.7678 0.0967
v  1.3604 1.5332 0.0967
v  1.3601 1.7678 0.0982
v  1.3601 1.5332 0.0982
v  1.3597 1.7678 0.0995
v  1.3597 1.5332 0.0995
v  1.3591 1.7678 0.1007
v  1.3591 1.5332 0.1007
v  1.3584 1.7678 0.1016
v  1.3584 1.5332 0.1016
v  1.3577 1.7678 0.1023
v  1.3577 1.5332 0.1023
v  1.3568 1.7678 0.1028
v  1.3568 1.5332 0.1028
v  1.3559 1.7678 0.1029
v  1.3559 1.5332 0.1029
v  1.3550 1.7678 0.1028
v  1.3550 1.5332 0.1028
v  1.3542 1.7678 0.1023
v  1.3542 1.5332 0.1023
v  1.3534 1.7678 0.1016
v  1.3534 1.5332 0.1016
v  1.3527 1.7678 0.1007
v  1.3527 1.5332 0.1007
v  1.3521 1.7678 0.0995
v  1.3521 1.5332 0.0995
v  1.3517 1.7678 0.0982
v  1.3517 1.5332 0.0982
v  1.3514 1.7678 0.0967
v  1.3514 1.5332 0.0967
v  1.3513 1.7678 0.0952
v  1.3513 1.5332 0.0952
v  1.3514 1.7678 0.0937
v  1.3514 1.5332 0.0937
v  1.3517 1.7678 0.0923
v  1.3517 1.5332 0.0923
v  1.3521 1.7678 0.0910
v  1.3521 1.5332 0.0910
v  1.3527 1.7678 0.0898
v  1.3527 1.5332 0.0898
v  1.3534 1.7678 0.0889
v  1.3534 1.5332 0.0889
v  1.3542 1.7678 0.0882
v  1.3542 1.5332 0.0882
v  1.3550 1.7678 0.0877
v  1.3550 1.5332 0.0877
v  1.4762 1.5332 0.0876
v  1.4762 1.7678 0.0876
v  1.4771 1.7678 0.0877
v  1.4771 1.5332 0.0877
v  1.4779 1.7678 0.0882
v  1.4779 1.5332 0.0882
v  1.4787 1.7678 0.0889
v  1.4787 1.5332 0.0889
v  1.4794 1.7678 0.0898
v  1.4794 1.5332 0.0898
v  1.4800 1.7678 0.0910
v  1.4800 1.5332 0.0910
v  1.4804 1.7678 0.0923
v  1.4804 1.5332 0.0923
v  1.4806 1.7678 0.0937
v  1.4806 1.5332 0.0937
v  1.4807 1.7678 0.0952
v  1.4807 1.5332 0.0952
v  1.4806 1.7678 0.0967
v  1.4806 1.5332 0.0967
v  1.4804 1.7678 0.0982
v  1.4804 1.5332 0.0982
v  1.4800 1.7678 0.0995
v  1.4800 1.5332 0.0995
v  1.4794 1.7678 0.1007
v  1.4794 1.5332 0.1007
v  1.4787 1.7678 0.1016
v  1.4787 1.5332 0.1016
v  1.4779 1.7678 0.1023
v  1.4779 1.5332 0.1023
v  1.4771 1.7678 0.1028
v  1.4771 1.5332 0.1028
v  1.4762 1.7678 0.1029
v  1.4762 1.5332 0.1029
v  1.4753 1.7678 0.1028
v  1.4753 1.5332 0.1028
v  1.4744 1.7678 0.1023
v  1.4744 1.5332 0.1023
v  1.4736 1.7678 0.1016
v  1.4736 1.5332 0.1016
v  1.4729 1.7678 0.1007
v  1.4729 1.5332 0.1007
v  1.4724 1.7678 0.0995
v  1.4724 1.5332 0.0995
v  1.4719 1.7678 0.0982
v  1.4719 1.5332 0.0982
v  1.4717 1.7678 0.0967
v  1.4717 1.5332 0.0967
v  1.4716 1.7678 0.0952
v  1.4716 1.5332 0.0952
v  1.4717 1.7678 0.0937
v  1.4717 1.5332 0.0937
v  1.4719 1.7678 0.0923
v  1.4719 1.5332 0.0923
v  1.4724 1.7678 0.0910
v  1.4724 1.5332 0.0910
v  1.4729 1.7678 0.0898
v  1.4729 1.5332 0.0898
v  1.4736 1.7678 0.0889
v  1.4736 1.5332 0.0889
v  1.4744 1.7678 0.0882
v  1.4744 1.5332 0.0882
v  1.4753 1.7678 0.0877
v  1.4753 1.5332 0.0877
v  1.4762 1.5332 -0.1050
v  1.4762 1.7678 -0.1050
v  1.4771 1.7678 -0.1048
v  1.4771 1.5332 -0.1048
v  1.4779 1.7678 -0.1044
v  1.4779 1.5332 -0.1044
v  1.4787 1.7678 -0.1037
v  1.4787 1.5332 -0.1037
v  1.4794 1.7678 -0.1027
v  1.4794 1.5332 -0.1027
v  1.4800 1.7678 -0.1016
v  1.4800 1.5332 -0.1016
v  1.4804 1.7678 -0.1002
v  1.4804 1.5332 -0.1002
v  1.4806 1.7678 -0.0988
v  1.4806 1.5332 -0.0988
v  1.4807 1.7678 -0.0973
v  1.4807 1.5332 -0.0973
v  1.4806 1.7678 -0.0958
v  1.4806 1.5332 -0.0958
v  1.4804 1.7678 -0.0944
v  1.4804 1.5332 -0.0944
v  1.4800 1.7678 -0.0930
v  1.4800 1.5332 -0.0930
v  1.4794 1.7678 -0.0919
v  1.4794 1.5332 -0.0919
v  1.4787 1.7678 -0.0909
v  1.4787 1.5332 -0.0909
v  1.4779 1.7678 -0.0902
v  1.4779 1.5332 -0.0902
v  1.4771 1.7678 -0.0898
v  1.4771 1.5332 -0.0898
v  1.4762 1.7678 -0.0896
v  1.4762 1.5332 -0.0896
v  1.4753 1.7678 -0.0898
v  1.4753 1.5332 -0.0898
v  1.4744 1.7678 -0.0902
v  1.4744 1.5332 -0.0902
v  1.4736 1.7678 -0.0909
v  1.4736 1.5332 -0.0909
v  1.4729 1.7678 -0.0919
v  1.4729 1.5332 -0.0919
v  1.4724 1.7678 -0.0930
v  1.4724 1.5332 -0.0930
v  1.4719 1.7678 -0.0944
v  1.4719 1.5332 -0.0944
v  1.4717 1.7678 -0.0958
v  1.4717 1.5332 -0.0958
v  1.4716 1.7678 -0.0973
v  1.4716 1.5332 -0.0973
v  1.4717 1.7678 -0.0988
v  1.4717 1.5332 -0.0988
v  1.4719 1.7678 -0.1002
v  1.4719 1.5332 -0.1002
v  1.4724 1.7678 -0.1016
v  1.4724 1.5332 -0.1016
v  1.4729 1.7678 -0.1027
v  1.4729 1.5332 -0.1027
v  1.4736 1.7678 -0.1037
v  1.4736 1.5332 -0.1037
v  1.4744 1.7678 -0.1044
v  1.4744 1.5332 -0.1044
v  1.4753 1.7678 -0.1048
v  1.4753 1.5332 -0.1048
v  1.3557 1.5332 -0.1050
v  1.3557 1.7678 -0.1050
v  1.3566 1.7678 -0.1048
v  1.3566 1.5332 -0.1048
v  1.3575 1.7678 -0.1044
v  1.3575 1.5332 -0.1044
v  1.3583 1.7678 -0.1037
v  1.3583 1.5332 -0.1037
v  1.3590 1.7678 -0.1027
v  1.3590 1.5332 -0.1027
v  1.3595 1.7678 -0.1016
v  1.3595 1.5332 -0.1016
v  1.3600 1.7678 -0.1002
v  1.3600 1.5332 -0.1002
v  1.3602 1.7678 -0.0988
v  1.3602 1.5332 -0.0988
v  1.3603 1.7678 -0.0973
v  1.3603 1.5332 -0.0973
v  1.3602 1.7678 -0.0958
v  1.3602 1.5332 -0.0958
v  1.3600 1.7678 -0.0944
v  1.3600 1.5332 -0.0944
v  1.3595 1.7678 -0.0930
v  1.3595 1.5332 -0.0930
v  1.3590 1.7678 -0.0919
v  1.3590 1.5332 -0.0919
v  1.3583 1.7678 -0.0909
v  1.3583 1.5332 -0.0909
v  1.3575 1.7678 -0.0902
v  1.3575 1.5332 -0.0902
v  1.3566 1.7678 -0.0898
v  1.3566 1.5332 -0.0898
v  1.3557 1.7678 -0.0896
v  1.3557 1.5332 -0.0896
v  1.3548 1.7678 -0.0898
v  1.3548 1.5332 -0.0898
v  1.3540 1.7678 -0.0902
v  1.3540 1.5332 -0.0902
v  1.3532 1.7678 -0.0909
v  1.3532 1.5332 -0.0909
v  1.3525 1.7678 -0.0919
v  1.3525 1.5332 -0.0919
v  1.3519 1.7678 -0.0930
v  1.3519 1.5332 -0.0930
v  1.3515 1.7678 -0.0944
v  1.3515 1.5332 -0.0944
v  1.3513 1.7678 -0.0958
v  1.3513 1.5332 -0.0958
v  1.3512 1.7678 -0.0973
v  1.3512 1.5332 -0.0973
v  1.3513 1.7678 -0.0988
v  1.3513 1.5332 -0.0988
v  1.3515 1.7678 -0.1002
v  1.3515 1.5332 -0.1002
v  1.3519 1.7678 -0.1016
v  1.3519 1.5332 -0.1016
v  1.3525 1.7678 -0.1027
v  1.3525 1.5332 -0.1027
v  1.3532 1.7678 -0.1037
v  1.3532 1.5332 -0.1037
v  1.3540 1.7678 -0.1044
v  1.3540 1.5332 -0.1044
v  1.3548 1.7678 -0.1048
v  1.3548 1.5332 -0.1048
v  1.3605 1.5536 0.1018
v  1.4546 1.7514 0.1018
v  1.4546 1.7514 0.0986
v  1.3605 1.5536 0.0986
v  1.4742 1.7514 0.0986
v  1.3801 1.5536 0.0986
v  1.4742 1.7514 0.1018
v  1.3801 1.5536 0.1018
v  1.4736 1.5536 -0.1025
v  1.3794 1.7514 -0.1025
v  1.3794 1.7514 -0.0993
v  1.4736 1.5536 -0.0993
v  1.3598 1.7514 -0.0993
v  1.4540 1.5536 -0.0993
v  1.3598 1.7514 -0.1025
v  1.4540 1.5536 -0.1025
v  1.4768 1.5536 -0.0911
v  1.4768 1.7514 0.0652
v  1.4787 1.7514 0.0652
v  1.4787 1.5536 -0.0911
v  1.4787 1.7514 0.0909
v  1.4787 1.5536 -0.0601
v  1.4768 1.7514 0.0909
v  1.4768 1.5536 -0.0601
v  1.4710 1.7974 0.0793
v  1.4710 1.7974 -0.0800
v  1.4631 1.7974 -0.0934
v  1.3683 1.7974 -0.0934
v  1.3603 1.7974 -0.0800
v  1.3603 1.7974 0.0793
v  1.3683 1.7974 0.0927
v  1.4631 1.7974 0.0927
v  1.4659 1.7974 -0.0928
v  1.4675 1.7974 -0.0917
v  1.4689 1.7974 -0.0899
v  1.4700 1.7974 -0.0875
v  1.4707 1.7974 -0.0847
v  1.3607 1.7974 -0.0847
v  1.3614 1.7974 -0.0875
v  1.3624 1.7974 -0.0899
v  1.3639 1.7974 -0.0917
v  1.3655 1.7974 -0.0928
v  1.3655 1.7974 0.0921
v  1.3639 1.7974 0.0909
v  1.3624 1.7974 0.0891
v  1.3614 1.7974 0.0867
v  1.3607 1.7974 0.0840
v  1.4659 1.7974 0.0921
v  1.4675 1.7974 0.0909
v  1.4689 1.7974 0.0891
v  1.4700 1.7974 0.0867
v  1.4707 1.7974 0.0840
v  1.3675 1.5332 0.1197
v  1.3616 1.5332 0.1184
v  1.4871 1.5332 -0.0814
v  1.4871 1.5332 0.0814
v  1.3675 1.5332 -0.1197
v  1.4643 1.5332 -0.1197
v  1.3447 1.5332 0.0814
v  1.3447 1.5332 -0.0814
v  1.4863 1.5332 0.0913
v  1.4840 1.5332 0.1005
v  1.4804 1.5332 0.1085
v  1.4757 1.5332 0.1145
v  1.4702 1.5332 0.1184
v  1.4643 1.5332 0.1197
v  1.4702 1.5332 -0.1184
v  1.4757 1.5332 -0.1145
v  1.4804 1.5332 -0.1085
v  1.4840 1.5332 -0.1005
v  1.4863 1.5332 -0.0913
v  1.3455 1.5332 -0.0913
v  1.3478 1.5332 -0.1005
v  1.3514 1.5332 -0.1085
v  1.3561 1.5332 -0.1145
v  1.3616 1.5332 -0.1184
v  1.3455 1.5332 0.0913
v  1.3478 1.5332 0.1005
v  1.3514 1.5332 0.1085
v  1.3561 1.5332 0.1145
v  1.3478 1.5300 0.1005
v  1.3478 1.5300 -0.1005
v  1.3685 1.5557 0.0947
v  1.4633 1.5557 0.0947
v  1.4722 1.5557 0.0798
v  1.4722 1.5557 -0.0798
v  1.4633 1.5557 -0.0947
v  1.3685 1.5557 -0.0947
v  1.3596 1.5557 -0.0798
v  1.3596 1.5557 0.0798
v  1.4718 1.5557 0.0848
v  1.4710 1.5557 0.0879
v  1.4698 1.5557 0.0906
v  1.4682 1.5557 0.0927
v  1.4663 1.5557 0.0940
v  1.4663 1.5557 -0.0940
v  1.4682 1.5557 -0.0927
v  1.4698 1.5557 -0.0906
v  1.4710 1.5557 -0.0879
v  1.4718 1.5557 -0.0848
v  1.3600 1.5557 -0.0848
v  1.3608 1.5557 -0.0879
v  1.3620 1.5557 -0.0906
v  1.3636 1.5557 -0.0927
v  1.3655 1.5557 -0.0940
v  1.3600 1.5557 0.0848
v  1.3608 1.5557 0.0879
v  1.3620 1.5557 0.0906
v  1.3636 1.5557 0.0927
v  1.3655 1.5557 0.0940
v  1.3675 1.9940 0.1197
v  1.3616 1.9940 0.1184
v  1.4871 1.9940 -0.0814
v  1.4871 1.9940 0.0814
v  1.3675 1.9940 -0.1197
v  1.4643 1.9940 -0.1197
v  1.3447 1.9940 0.0814
v  1.3447 1.9940 -0.0814
v  1.4863 1.9940 0.0913
v  1.4840 1.9940 0.1005
v  1.4804 1.9940 0.1085
v  1.4757 1.9940 0.1145
v  1.4702 1.9940 0.1184
v  1.4643 1.9940 0.1197
v  1.4702 1.9940 -0.1184
v  1.4757 1.9940 -0.1145
v  1.4804 1.9940 -0.1085
v  1.4840 1.9940 -0.1005
v  1.4863 1.9940 -0.0913
v  1.3455 1.9940 -0.0913
v  1.3477 1.9940 -0.1005
v  1.3514 1.9940 -0.1085
v  1.3561 1.9940 -0.1145
v  1.3616 1.9940 -0.1184
v  1.3455 1.9940 0.0913
v  1.3477 1.9940 0.1005
v  1.3514 1.9940 0.1085
v  1.3561 1.9940 0.1145
# 4718 vertices

vn 0.1747 -0.6521 0.7377
vn 0.0452 -0.6903 0.7221
vn -0.0472 0.7197 0.6927
vn -0.1900 0.7092 0.6789
vn 0.3376 -0.5847 0.7377
vn -0.3671 0.6359 0.6789
vn 0.4774 -0.4774 0.7377
vn -0.5192 0.5192 0.6789
vn 0.5847 -0.3376 0.7377
vn -0.6359 0.3671 0.6789
vn 0.6521 -0.1747 0.7377
vn -0.7092 0.1900 0.6789
vn 0.6903 -0.0452 0.7221
vn -0.7197 0.0472 0.6927
vn 0.0452 0.6903 0.7221
vn 0.1747 0.6521 0.7377
vn -0.1900 -0.7092 0.6789
vn -0.0472 -0.7197 0.6927
vn 0.3376 0.5847 0.7377
vn -0.3671 -0.6359 0.6789
vn 0.4774 0.4774 0.7377
vn -0.5192 -0.5192 0.6789
vn 0.5847 0.3376 0.7377
vn -0.6359 -0.3671 0.6789
vn 0.6521 0.1747 0.7377
vn -0.7092 -0.1900 0.6789
vn 0.6903 0.0452 0.7221
vn -0.7197 -0.0472 0.6927
vn -0.6903 0.0453 0.7221
vn -0.6521 0.1747 0.7377
vn 0.7092 -0.1900 0.6789
vn 0.7197 -0.0472 0.6927
vn -0.5847 0.3376 0.7377
vn 0.6359 -0.3671 0.6789
vn -0.4774 0.4774 0.7377
vn 0.5192 -0.5192 0.6789
vn -0.3376 0.5847 0.7377
vn 0.3671 -0.6359 0.6789
vn -0.1747 0.6521 0.7377
vn 0.1900 -0.7092 0.6789
vn -0.0452 0.6903 0.7221
vn 0.0472 -0.7197 0.6927
vn -0.0452 -0.6903 0.7221
vn -0.1747 -0.6521 0.7377
vn 0.1900 0.7092 0.6789
vn 0.0472 0.7197 0.6927
vn -0.3376 -0.5847 0.7377
vn 0.3671 0.6359 0.6789
vn -0.4774 -0.4774 0.7377
vn 0.5192 0.5192 0.6789
vn -0.5847 -0.3376 0.7377
vn 0.6359 0.3671 0.6789
vn -0.6521 -0.1748 0.7377
vn 0.7092 0.1900 0.6789
vn -0.6903 -0.0453 0.7221
vn 0.7197 0.0472 0.6927
vn 0.0654 0.9979 -0.0000
vn -0.0654 0.9979 -0.0000
vn -0.2588 0.9659 -0.0000
vn -0.5000 0.8660 -0.0000
vn 0.8660 -0.5000 -0.0000
vn 0.7071 -0.7071 -0.0000
vn -0.7071 0.7071 -0.0000
vn 0.9659 -0.2588 -0.0000
vn -0.8660 0.5000 -0.0000
vn 0.9979 -0.0654 -0.0000
vn -0.9659 0.2588 -0.0000
vn 0.2588 0.9659 -0.0000
vn -0.9979 0.0654 -0.0000
vn 0.5000 0.8660 -0.0000
vn -0.2588 -0.9659 -0.0000
vn -0.0654 -0.9979 -0.0000
vn 0.7071 0.7071 -0.0000
vn -0.5000 -0.8660 -0.0000
vn 0.8660 0.5000 -0.0000
vn -0.7071 -0.7071 -0.0000
vn 0.9659 0.2588 -0.0000
vn -0.8660 -0.5000 -0.0000
vn 0.9979 0.0654 -0.0000
vn -0.9659 -0.2588 -0.0000
vn -0.9979 -0.0654 -0.0000
vn 0.5000 -0.8660 -0.0000
vn 0.2588 -0.9659 -0.0000
vn 0.0654 -0.9979 -0.0000
vn 0.7924 -0.5442 0.2756
vn 0.2524 -0.6401 -0.7257
vn 0.2524 0.6401 -0.7257
vn 0.7924 0.5442 0.2756
vn -0.7898 0.5446 -0.2822
vn -0.2589 0.6386 0.7246
vn -0.7898 -0.5446 -0.2822
vn -0.2589 -0.6386 0.7246
vn 0.0000 0.0000 -1.0000
vn 0.7106 0.1916 -0.6769
vn 0.7201 0.0478 -0.6922
vn -0.0000 0.0000 -1.0000
vn 0.6383 0.3698 -0.6752
vn 0.5220 0.5232 -0.6736
vn 0.3695 0.6413 -0.6724
vn 0.1914 0.7157 -0.6717
vn 0.0476 0.7266 -0.6854
vn -0.7201 0.0478 -0.6922
vn -0.7107 0.1917 -0.6769
vn -0.6383 0.3698 -0.6751
vn -0.5220 0.5232 -0.6736
vn -0.3695 0.6413 -0.6724
vn -0.1914 0.7157 -0.6717
vn -0.0476 0.7266 -0.6854
vn -0.0468 -0.7127 -0.6999
vn -0.1886 -0.7027 -0.6860
vn -0.3647 -0.6304 -0.6853
vn -0.5164 -0.5151 -0.6841
vn -0.6335 -0.3645 -0.6825
vn -0.7078 -0.1884 -0.6808
vn -0.7193 -0.0465 -0.6931
vn 0.7193 -0.0465 -0.6931
vn 0.7078 -0.1884 -0.6808
vn 0.6334 -0.3645 -0.6826
vn 0.5164 -0.5151 -0.6841
vn 0.3647 -0.6304 -0.6853
vn 0.1886 -0.7027 -0.6860
vn 0.0468 -0.7127 -0.6999
vn 0.9978 -0.0656 -0.0010
vn 0.9979 0.0652 0.0010
vn 0.9660 0.2585 0.0040
vn 0.8662 0.4997 0.0078
vn -0.4381 -0.7584 -0.4827
vn -0.3354 -0.5816 -0.7411
vn -0.4749 -0.4756 -0.7404
vn -0.6197 -0.6193 -0.4821
vn 0.7073 0.7069 0.0110
vn -0.2267 -0.8457 -0.4831
vn -0.1735 -0.6482 -0.7414
vn 0.5001 0.8658 0.0135
vn -0.0579 -0.8825 -0.4667
vn -0.0450 -0.6861 -0.7261
vn 0.2589 0.9658 0.0151
vn 0.8845 -0.0578 -0.4630
vn 0.6900 -0.0456 -0.7224
vn 0.6509 -0.1751 -0.7387
vn 0.8473 -0.2266 -0.4804
vn 0.0654 0.9977 0.0156
vn 0.5826 -0.3370 -0.7397
vn 0.7593 -0.4379 -0.4813
vn -0.9660 0.2585 0.0041
vn -0.9979 0.0652 0.0010
vn 0.4749 -0.4756 -0.7404
vn 0.6197 -0.6193 -0.4821
vn -0.8662 0.4997 0.0078
vn 0.3355 -0.5816 -0.7411
vn 0.4381 -0.7583 -0.4827
vn -0.7073 0.7069 0.0110
vn 0.1735 -0.6482 -0.7414
vn 0.2267 -0.8457 -0.4831
vn -0.5001 0.8658 0.0135
vn 0.0449 -0.6861 -0.7261
vn 0.0579 -0.8825 -0.4667
vn -0.2589 0.9658 0.0151
vn 0.0581 0.8867 -0.4588
vn 0.0455 0.6944 -0.7181
vn 0.1760 0.6560 -0.7339
vn 0.2275 0.8496 -0.4758
vn -0.0654 0.9977 0.0156
vn 0.3397 0.5877 -0.7343
vn 0.4395 0.7616 -0.4762
vn -0.2587 -0.9658 -0.0151
vn -0.0654 -0.9977 -0.0156
vn 0.4798 0.4792 -0.7350
vn 0.6213 0.6218 -0.4768
vn -0.4998 -0.8660 -0.0135
vn 0.5868 0.3381 -0.7357
vn 0.7607 0.4396 -0.4776
vn -0.7069 -0.7073 -0.0110
vn 0.6533 0.1744 -0.7367
vn 0.8481 0.2277 -0.4785
vn -0.8658 -0.5003 -0.0078
vn 0.6906 0.0449 -0.7219
vn 0.8847 0.0582 -0.4625
vn -0.9658 -0.2592 -0.0040
vn -0.8847 0.0582 -0.4625
vn -0.6906 0.0449 -0.7219
vn -0.6533 0.1744 -0.7367
vn -0.8481 0.2277 -0.4785
vn -0.9978 -0.0656 -0.0010
vn -0.5868 0.3381 -0.7358
vn -0.7607 0.4396 -0.4776
vn 0.9658 -0.2592 -0.0041
vn -0.4798 0.4792 -0.7349
vn -0.6213 0.6218 -0.4768
vn 0.8658 -0.5003 -0.0078
vn -0.3397 0.5877 -0.7343
vn -0.4395 0.7616 -0.4762
vn 0.7069 -0.7073 -0.0110
vn -0.1760 0.6560 -0.7339
vn -0.2275 0.8496 -0.4758
vn 0.4998 -0.8660 -0.0135
vn -0.0455 0.6944 -0.7181
vn -0.0581 0.8867 -0.4588
vn 0.2587 -0.9658 -0.0151
vn 0.0654 -0.9977 -0.0156
vn -0.8473 -0.2266 -0.4804
vn -0.6509 -0.1750 -0.7387
vn -0.6900 -0.0455 -0.7224
vn -0.8845 -0.0577 -0.4630
vn -0.7593 -0.4380 -0.4813
vn -0.5825 -0.3370 -0.7396
vn -0.7303 0.0000 0.6831
vn -0.7254 0.0000 -0.6883
vn -0.7115 -0.1416 -0.6883
vn -0.7163 -0.1424 0.6831
vn -0.6703 -0.2778 -0.6881
vn -0.6746 -0.2793 0.6833
vn -0.6034 -0.4034 -0.6879
vn -0.6070 -0.4054 0.6835
vn -0.5133 -0.5136 -0.6875
vn -0.5161 -0.5158 0.6839
vn -0.4034 -0.6042 -0.6871
vn -0.4054 -0.6062 0.6842
vn -0.2779 -0.6717 -0.6867
vn -0.2792 -0.6732 0.6847
vn -0.1416 -0.7135 -0.6862
vn -0.1424 -0.7143 0.6852
vn 0.0003 -0.7279 -0.6857
vn -0.0003 -0.7279 0.6857
vn 0.1424 -0.7143 -0.6852
vn 0.1416 -0.7135 0.6862
vn 0.2792 -0.6732 -0.6847
vn 0.2779 -0.6717 0.6867
vn 0.4054 -0.6062 -0.6842
vn 0.4034 -0.6042 0.6871
vn 0.5161 -0.5158 -0.6839
vn 0.5133 -0.5136 0.6875
vn 0.6070 -0.4054 -0.6835
vn 0.6034 -0.4034 0.6879
vn 0.6746 -0.2793 -0.6833
vn 0.6703 -0.2778 0.6881
vn 0.7163 -0.1424 -0.6831
vn 0.7115 -0.1416 0.6882
vn 0.7303 -0.0000 -0.6831
vn 0.7254 -0.0000 0.6883
vn 0.7163 0.1424 -0.6831
vn 0.7115 0.1416 0.6882
vn 0.6746 0.2793 -0.6833
vn 0.6703 0.2778 0.6881
vn 0.6070 0.4054 -0.6835
vn 0.6034 0.4034 0.6879
vn 0.5161 0.5157 -0.6838
vn 0.5133 0.5136 0.6875
vn 0.4054 0.6062 -0.6842
vn 0.4034 0.6042 0.6871
vn 0.2792 0.6732 -0.6847
vn 0.2779 0.6717 0.6867
vn 0.1424 0.7143 -0.6852
vn 0.1416 0.7135 0.6862
vn 0.0003 0.7279 -0.6857
vn -0.0003 0.7279 0.6857
vn -0.1416 0.7135 -0.6862
vn -0.1424 0.7143 0.6852
vn -0.2779 0.6717 -0.6867
vn -0.2792 0.6732 0.6847
vn -0.4034 0.6042 -0.6871
vn -0.4054 0.6062 0.6842
vn -0.5133 0.5136 -0.6875
vn -0.5161 0.5158 0.6839
vn -0.6034 0.4034 -0.6879
vn -0.6070 0.4054 0.6835
vn -0.6703 0.2778 -0.6881
vn -0.6746 0.2793 0.6833
vn -0.7115 0.1416 -0.6883
vn -0.7163 0.1424 0.6831
vn -0.7304 -0.0000 0.6831
vn -0.7254 -0.0000 -0.6883
vn -0.5161 -0.5157 0.6838
vn 0.5133 -0.5136 0.6876
vn 0.7115 -0.1416 0.6883
vn 0.7304 0.0000 -0.6831
vn 0.7254 0.0000 0.6883
vn 0.7115 0.1416 0.6883
vn 0.5161 0.5158 -0.6839
vn 0.5133 0.5136 0.6876
vn -0.5161 0.5157 0.6839
vn -0.7303 -0.0000 0.6831
vn 0.5161 -0.5157 -0.6838
vn 0.6070 -0.4053 -0.6835
vn 0.7303 0.0000 -0.6831
vn 0.6070 0.4053 -0.6835
vn -0.7115 -0.1416 -0.6882
vn -0.7163 -0.1425 0.6831
vn -0.6070 -0.4053 0.6835
vn 0.5161 -0.5158 -0.6838
vn 0.5161 0.5158 -0.6838
vn -0.5161 0.5157 0.6838
vn -0.6070 0.4053 0.6835
vn -0.7163 0.1425 0.6831
vn 0.5427 0.7945 0.2726
vn 0.6441 0.2493 -0.7232
vn -0.6377 0.2485 -0.7291
vn -0.5453 0.7931 0.2714
vn -0.5427 -0.7945 -0.2726
vn -0.6441 -0.2493 0.7232
vn 0.5453 -0.7931 -0.2714
vn 0.6377 -0.2485 0.7291
vn -0.5453 -0.7931 0.2714
vn -0.6377 -0.2485 -0.7291
vn 0.6441 -0.2493 -0.7232
vn 0.5427 -0.7945 0.2726
vn 0.5453 0.7931 -0.2714
vn 0.6377 0.2485 0.7291
vn -0.5427 0.7945 -0.2726
vn -0.6441 0.2493 0.7232
vn -0.7934 0.5441 0.2731
vn -0.2499 0.6407 -0.7260
vn -0.2499 -0.6407 -0.7260
vn -0.7934 -0.5441 0.2731
vn 0.7909 -0.5444 -0.2795
vn 0.2563 -0.6392 0.7251
vn 0.7909 0.5444 -0.2795
vn 0.2563 0.6392 0.7251
vn -0.8762 -0.2352 -0.4207
vn -0.8994 -0.0592 -0.4331
vn 0.6903 0.0453 0.7221
vn 0.5847 0.3375 0.7377
vn -0.6903 0.0452 0.7221
vn -0.6521 -0.1747 0.7377
vn -0.6903 -0.0452 0.7221
vn 0.6903 -0.0453 0.7221
vn 0.5847 -0.3375 0.7377
vn -0.7851 -0.4537 -0.4217
vn -0.6406 -0.6411 -0.4226
vn -0.4528 -0.7847 -0.4233
vn -0.2343 -0.8750 -0.4237
vn -0.0588 -0.8976 -0.4370
vn 0.8994 -0.0592 -0.4331
vn 0.8762 -0.2352 -0.4207
vn 0.7851 -0.4537 -0.4217
vn 0.6406 -0.6411 -0.4226
vn 0.4528 -0.7847 -0.4233
vn 0.2343 -0.8750 -0.4237
vn 0.0588 -0.8976 -0.4370
vn 0.0591 0.9015 -0.4288
vn 0.2355 0.8786 -0.4155
vn 0.4549 0.7875 -0.4159
vn 0.6430 0.6426 -0.4166
vn 0.7871 0.4540 -0.4175
vn 0.8774 0.2347 -0.4185
vn 0.8997 0.0588 -0.4326
vn -0.8997 0.0588 -0.4326
vn -0.8774 0.2347 -0.4185
vn -0.7871 0.4540 -0.4175
vn -0.6430 0.6426 -0.4166
vn -0.4549 0.7875 -0.4159
vn -0.2355 0.8786 -0.4155
vn -0.0591 0.9015 -0.4288
vn 0.5441 0.7929 0.2743
vn 0.6404 0.2511 -0.7258
vn -0.6404 0.2511 -0.7258
vn -0.5441 0.7929 0.2743
vn -0.5445 -0.7903 -0.2809
vn -0.6389 -0.2576 0.7249
vn 0.5445 -0.7903 -0.2809
vn 0.6389 -0.2576 0.7249
vn -0.1900 0.7092 -0.6789
vn -0.0472 0.7197 -0.6927
vn -0.3671 0.6359 -0.6789
vn -0.5192 0.5192 -0.6789
vn -0.6359 0.3671 -0.6789
vn -0.7092 0.1900 -0.6789
vn -0.7197 0.0472 -0.6927
vn -0.0472 -0.7197 -0.6927
vn -0.1900 -0.7092 -0.6789
vn -0.3671 -0.6359 -0.6789
vn -0.5192 -0.5192 -0.6789
vn -0.6359 -0.3671 -0.6789
vn -0.7092 -0.1900 -0.6789
vn -0.7197 -0.0472 -0.6927
vn 0.7197 -0.0472 -0.6927
vn 0.7092 -0.1900 -0.6789
vn 0.6359 -0.3671 -0.6789
vn 0.5192 -0.5192 -0.6789
vn 0.3671 -0.6359 -0.6789
vn 0.1900 -0.7092 -0.6789
vn 0.0472 -0.7197 -0.6927
vn 0.0472 0.7197 -0.6927
vn 0.1900 0.7092 -0.6789
vn 0.3671 0.6359 -0.6789
vn 0.5192 0.5192 -0.6789
vn 0.6359 0.3671 -0.6789
vn 0.7092 0.1900 -0.6789
vn 0.7197 0.0472 -0.6927
vn 0.5847 -0.3376 -0.7377
vn 0.4774 -0.4774 -0.7377
vn 0.6521 -0.1747 -0.7377
vn 0.6903 -0.0452 -0.7221
vn 0.0452 0.6903 -0.7221
vn 0.1747 0.6521 -0.7377
vn 0.3376 0.5847 -0.7377
vn 0.4774 0.4774 -0.7377
vn 0.5847 0.3376 -0.7377
vn 0.6521 0.1747 -0.7377
vn 0.6903 0.0452 -0.7221
vn -0.6903 0.0452 -0.7221
vn -0.6521 0.1748 -0.7377
vn -0.5847 0.3376 -0.7377
vn -0.4774 0.4774 -0.7377
vn -0.3376 0.5847 -0.7377
vn -0.1747 0.6521 -0.7377
vn -0.0452 0.6903 -0.7221
vn -0.0452 -0.6903 -0.7221
vn -0.1747 -0.6521 -0.7377
vn -0.3376 -0.5847 -0.7377
vn -0.4774 -0.4774 -0.7377
vn -0.5847 -0.3376 -0.7377
vn -0.6521 -0.1747 -0.7377
vn -0.6903 -0.0452 -0.7221
vn 0.1747 -0.6521 -0.7377
vn 0.0452 -0.6903 -0.7221
vn 0.3376 -0.5847 -0.7377
vn 0.0000 -0.7279 0.6857
vn 0.0000 -0.7279 -0.6857
vn 0.1420 -0.7139 -0.6857
vn 0.1420 -0.7139 0.6857
vn 0.2786 -0.6725 -0.6857
vn 0.2786 -0.6725 0.6857
vn 0.4044 -0.6052 -0.6857
vn 0.4044 -0.6052 0.6857
vn 0.5147 -0.5147 -0.6857
vn 0.5147 -0.5147 0.6857
vn 0.6052 -0.4044 -0.6857
vn 0.6052 -0.4044 0.6857
vn 0.6725 -0.2786 -0.6857
vn 0.6725 -0.2786 0.6857
vn 0.7139 -0.1420 -0.6857
vn 0.7139 -0.1420 0.6857
vn 0.7279 0.0000 -0.6857
vn 0.7279 0.0000 0.6857
vn 0.7139 0.1420 -0.6857
vn 0.7139 0.1420 0.6857
vn 0.6725 0.2786 -0.6857
vn 0.6725 0.2786 0.6857
vn 0.6052 0.4044 -0.6857
vn 0.6052 0.4044 0.6857
vn 0.5147 0.5147 -0.6857
vn 0.5147 0.5147 0.6857
vn 0.4044 0.6052 -0.6857
vn 0.4044 0.6052 0.6857
vn 0.2785 0.6725 -0.6857
vn 0.2785 0.6725 0.6857
vn 0.1420 0.7139 -0.6857
vn 0.1420 0.7139 0.6857
vn 0.0000 0.7279 -0.6857
vn 0.0000 0.7279 0.6857
vn -0.1420 0.7139 -0.6857
vn -0.1420 0.7139 0.6857
vn -0.2785 0.6725 -0.6857
vn -0.2785 0.6725 0.6857
vn -0.4044 0.6052 -0.6857
vn -0.4044 0.6052 0.6857
vn -0.5147 0.5147 -0.6857
vn -0.5147 0.5147 0.6857
vn -0.6052 0.4044 -0.6857
vn -0.6052 0.4044 0.6857
vn -0.6725 0.2786 -0.6857
vn -0.6725 0.2786 0.6857
vn -0.7139 0.1420 -0.6857
vn -0.7139 0.1420 0.6857
vn -0.7279 0.0000 -0.6857
vn -0.7279 0.0000 0.6857
vn -0.7139 -0.1420 -0.6857
vn -0.7139 -0.1420 0.6857
vn -0.6725 -0.2786 -0.6857
vn -0.6725 -0.2786 0.6857
vn -0.6052 -0.4044 -0.6857
vn -0.6052 -0.4044 0.6857
vn -0.5147 -0.5147 -0.6857
vn -0.5147 -0.5147 0.6857
vn -0.4044 -0.6052 -0.6857
vn -0.4044 -0.6052 0.6857
vn -0.2786 -0.6725 -0.6857
vn -0.2786 -0.6725 0.6857
vn -0.1420 -0.7139 -0.6857
vn -0.1420 -0.7139 0.6857
vn 0.6725 -0.2785 -0.6857
vn 0.6725 -0.2785 0.6857
vn 0.6725 0.2785 -0.6857
vn 0.6725 0.2785 0.6857
vn 0.2786 0.6725 -0.6857
vn 0.2786 0.6725 0.6857
vn -0.2786 0.6725 -0.6857
vn -0.2786 0.6725 0.6857
vn 0.2785 -0.6725 -0.6857
vn 0.2785 -0.6725 0.6857
vn -0.6725 0.2785 -0.6857
vn -0.6725 0.2785 0.6857
vn -0.6725 -0.2785 -0.6857
vn -0.6725 -0.2785 0.6857
vn -0.0000 -0.7279 0.6857
vn -0.0000 -0.7279 -0.6857
vn -0.2785 -0.6725 -0.6857
vn -0.2785 -0.6725 0.6857
vn -0.7938 0.5440 0.2720
vn -0.2489 0.6409 -0.7262
vn -0.2489 -0.6409 -0.7262
vn -0.7938 -0.5440 0.2720
vn 0.7938 -0.5440 -0.2720
vn 0.2489 -0.6409 0.7262
vn 0.7938 0.5440 -0.2720
vn 0.2489 0.6409 0.7262
vn 0.7938 -0.5440 0.2720
vn 0.2489 -0.6409 -0.7262
vn 0.2489 0.6409 -0.7262
vn 0.7938 0.5440 0.2720
vn -0.7938 0.5440 -0.2720
vn -0.2489 0.6409 0.7262
vn -0.7938 -0.5440 -0.2720
vn -0.2489 -0.6409 0.7262
vn -0.5441 -0.7929 0.2743
vn -0.6404 -0.2511 -0.7258
vn 0.6404 -0.2511 -0.7258
vn 0.5441 -0.7929 0.2743
vn 0.5445 0.7903 -0.2809
vn 0.6389 0.2576 0.7249
vn -0.5445 0.7903 -0.2809
vn -0.6389 0.2576 0.7249
vn 0.5001 0.8659 0.0135
vn 0.5826 -0.3370 -0.7396
vn -0.4034 -0.6042 -0.6872
vn -0.5133 0.5136 -0.6876
vn 0.5453 -0.7930 -0.2714
vn 0.3375 0.5847 -0.7377
vn 0.7106 0.1916 -0.6770
vn -0.0467 -0.7127 -0.6999
vn 0.7193 -0.0465 -0.6932
vn 0.0467 -0.7127 -0.6999
vn 0.4381 -0.7584 -0.4827
vn 0.7069 -0.7072 -0.0110
vn 0.5426 0.7945 0.2726
vn -0.5453 0.7930 0.2714
vn 0.5453 0.7930 -0.2714
vn -0.5426 0.7945 -0.2726
vn 0.6407 -0.6411 -0.4226
vn -0.6521 0.1747 -0.7377
vn 0.2488 -0.6409 -0.7262
vn 0.2488 0.6409 -0.7262
vn -0.6335 -0.3645 -0.6826
vn -0.4381 -0.7583 -0.4827
vn -0.0449 -0.6861 -0.7261
vn 0.5825 -0.3370 -0.7397
vn 0.3354 -0.5816 -0.7411
vn 0.1759 0.6560 -0.7339
vn 0.5868 0.3381 -0.7358
vn -0.5825 -0.3370 -0.7397
vn -0.5426 -0.7945 -0.2726
vn 0.5454 -0.7930 -0.2714
vn -0.6407 -0.6411 -0.4226
vn -0.0453 -0.6903 -0.7221
# 555 vertex normals

vt 0.1639 0.7176 0.0000
vt 0.1684 0.7181 0.0000
vt 0.1650 0.7500 0.0000
vt 0.1546 0.7486 0.0000
vt 0.1617 0.7167 0.0000
vt 0.1450 0.7446 0.0000
vt 0.1598 0.7152 0.0000
vt 0.1367 0.7383 0.0000
vt 0.1583 0.7133 0.0000
vt 0.1304 0.7300 0.0000
vt 0.1575 0.7110 0.0000
vt 0.1264 0.7204 0.0000
vt 0.1570 0.7065 0.0000
vt 0.1250 0.7100 0.0000
vt 0.2252 0.4667 0.0000
vt 0.2288 0.4581 0.0000
vt 0.3015 0.3535 0.0000
vt 0.1650 0.5000 0.0000
vt 0.2298 0.4552 0.0000
vt 0.2983 0.3484 0.0000
vt 0.2291 0.4548 0.0000
vt 0.2956 0.3372 0.0000
vt 0.2268 0.4573 0.0000
vt 0.2935 0.3267 0.0000
vt 0.2230 0.4624 0.0000
vt 0.2921 0.3235 0.0000
vt 0.2146 0.4752 0.0000
vt 0.1250 0.5400 0.0000
vt 0.3488 0.5378 0.0000
vt 0.3487 0.5329 0.0000
vt 0.3745 0.5296 0.0000
vt 0.3750 0.5400 0.0000
vt 0.3481 0.5304 0.0000
vt 0.3732 0.5200 0.0000
vt 0.3469 0.5281 0.0000
vt 0.3711 0.5039 0.0000
vt 0.3451 0.5265 0.0000
vt 0.3683 0.4885 0.0000
vt 0.3429 0.5255 0.0000
vt 0.3651 0.4807 0.0000
vt 0.3383 0.5251 0.0000
vt 0.3350 0.5000 0.0000
vt 0.3378 0.7224 0.0000
vt 0.3425 0.7222 0.0000
vt 0.3651 0.7693 0.0000
vt 0.3350 0.7500 0.0000
vt 0.3447 0.7212 0.0000
vt 0.3683 0.7615 0.0000
vt 0.3464 0.7196 0.0000
vt 0.3711 0.7461 0.0000
vt 0.3477 0.7174 0.0000
vt 0.3732 0.7300 0.0000
vt 0.3483 0.7148 0.0000
vt 0.3745 0.7204 0.0000
vt 0.3484 0.7098 0.0000
vt 0.3750 0.7100 0.0000
vt 0.3750 0.0000 0.0000
vt 0.6250 0.0000 0.0000
vt 0.6250 0.2500 0.0000
vt 0.3750 0.2500 0.0000
vt 0.6250 0.5000 0.0000
vt 0.3750 0.5000 0.0000
vt 0.6250 0.7500 0.0000
vt 0.3750 0.7500 0.0000
vt 0.6250 1.0000 0.0000
vt 0.3750 1.0000 0.0000
vt 0.1250 0.5000 0.0000
vt 0.1250 0.7500 0.0000
vt 0.8750 0.5000 0.0000
vt 0.8750 0.7500 0.0000
vt 0.1553 0.7462 0.0000
vt 0.1652 0.7475 0.0000
vt 0.1463 0.7425 0.0000
vt 0.1385 0.7365 0.0000
vt 0.1325 0.7287 0.0000
vt 0.1288 0.7196 0.0000
vt 0.1275 0.7098 0.0000
vt 0.1696 0.4974 0.0000
vt 0.2959 0.3616 0.0000
vt 0.2930 0.3567 0.0000
vt 0.2904 0.3463 0.0000
vt 0.2883 0.3368 0.0000
vt 0.2868 0.3342 0.0000
vt 0.1319 0.5350 0.0000
vt 0.3730 0.5398 0.0000
vt 0.3725 0.5299 0.0000
vt 0.3713 0.5208 0.0000
vt 0.3692 0.5058 0.0000
vt 0.3665 0.4914 0.0000
vt 0.3634 0.4842 0.0000
vt 0.3353 0.5019 0.0000
vt 0.3352 0.7479 0.0000
vt 0.3634 0.7657 0.0000
vt 0.3665 0.7584 0.0000
vt 0.3692 0.7440 0.0000
vt 0.3712 0.7290 0.0000
vt 0.3725 0.7199 0.0000
vt 0.3729 0.7100 0.0000
vt 1.0000 0.5000 0.0000
vt 1.0000 1.0000 0.0000
vt 0.9688 1.0000 0.0000
vt 0.9688 0.5000 0.0000
vt 0.9375 1.0000 0.0000
vt 0.9375 0.5000 0.0000
vt 0.9062 1.0000 0.0000
vt 0.9062 0.5000 0.0000
vt 0.8750 1.0000 0.0000
vt 0.8438 1.0000 0.0000
vt 0.8438 0.5000 0.0000
vt 0.8125 1.0000 0.0000
vt 0.8125 0.5000 0.0000
vt 0.7812 1.0000 0.0000
vt 0.7812 0.5000 0.0000
vt 0.7500 1.0000 0.0000
vt 0.7500 0.5000 0.0000
vt 0.7188 1.0000 0.0000
vt 0.7188 0.5000 0.0000
vt 0.6875 1.0000 0.0000
vt 0.6875 0.5000 0.0000
vt 0.6562 1.0000 0.0000
vt 0.6562 0.5000 0.0000
vt 0.5938 1.0000 0.0000
vt 0.5938 0.5000 0.0000
vt 0.5625 1.0000 0.0000
vt 0.5625 0.5000 0.0000
vt 0.5312 1.0000 0.0000
vt 0.5312 0.5000 0.0000
vt 0.5000 1.0000 0.0000
vt 0.5000 0.5000 0.0000
vt 0.4688 1.0000 0.0000
vt 0.4688 0.5000 0.0000
vt 0.4375 1.0000 0.0000
vt 0.4375 0.5000 0.0000
vt 0.4062 1.0000 0.0000
vt 0.4062 0.5000 0.0000
vt 0.3438 1.0000 0.0000
vt 0.3438 0.5000 0.0000
vt 0.3125 1.0000 0.0000
vt 0.3125 0.5000 0.0000
vt 0.2812 1.0000 0.0000
vt 0.2812 0.5000 0.0000
vt 0.2500 1.0000 0.0000
vt 0.2500 0.5000 0.0000
vt 0.2188 1.0000 0.0000
vt 0.2188 0.5000 0.0000
vt 0.1875 1.0000 0.0000
vt 0.1875 0.5000 0.0000
vt 0.1562 1.0000 0.0000
vt 0.1562 0.5000 0.0000
vt 0.1250 1.0000 0.0000
vt 0.0938 1.0000 0.0000
vt 0.0938 0.5000 0.0000
vt 0.0625 1.0000 0.0000
vt 0.0625 0.5000 0.0000
vt 0.2968 0.4854 0.0000
vt 0.2500 0.4900 0.0000
vt 0.2032 0.4854 0.0000
vt 0.1582 0.4717 0.0000
vt 0.1167 0.4496 0.0000
vt 0.0803 0.4197 0.0000
vt 0.0504 0.3833 0.0000
vt 0.0283 0.3418 0.0000
vt 0.0146 0.2968 0.0000
vt 0.0100 0.2500 0.0000
vt 0.0146 0.2032 0.0000
vt 0.0283 0.1582 0.0000
vt 0.0504 0.1167 0.0000
vt 0.0803 0.0803 0.0000
vt 0.1167 0.0504 0.0000
vt 0.1582 0.0283 0.0000
vt 0.2032 0.0146 0.0000
vt 0.2500 0.0100 0.0000
vt 0.2968 0.0146 0.0000
vt 0.3418 0.0283 0.0000
vt 0.3833 0.0504 0.0000
vt 0.4197 0.0803 0.0000
vt 0.4496 0.1167 0.0000
vt 0.4717 0.1582 0.0000
vt 0.4854 0.2032 0.0000
vt 0.4900 0.2500 0.0000
vt 0.4854 0.2968 0.0000
vt 0.4717 0.3418 0.0000
vt 0.4496 0.3833 0.0000
vt 0.4197 0.4197 0.0000
vt 0.3833 0.4496 0.0000
vt 0.3418 0.4717 0.0000
vt 0.0312 1.0000 0.0000
vt 0.0312 0.5000 0.0000
vt 0.0000 1.0000 0.0000
vt 0.0000 0.5000 0.0000
vt 0.7500 0.4900 0.0000
vt 0.7968 0.4854 0.0000
vt 0.8418 0.4717 0.0000
vt 0.8833 0.4496 0.0000
vt 0.9197 0.4197 0.0000
vt 0.9496 0.3833 0.0000
vt 0.9717 0.3418 0.0000
vt 0.9854 0.2968 0.0000
vt 0.9900 0.2500 0.0000
vt 0.9854 0.2032 0.0000
vt 0.9717 0.1582 0.0000
vt 0.9496 0.1167 0.0000
vt 0.9197 0.0803 0.0000
vt 0.8833 0.0504 0.0000
vt 0.8418 0.0283 0.0000
vt 0.7968 0.0146 0.0000
vt 0.7500 0.0100 0.0000
vt 0.7032 0.0146 0.0000
vt 0.6582 0.0283 0.0000
vt 0.6167 0.0504 0.0000
vt 0.5803 0.0803 0.0000
vt 0.5504 0.1167 0.0000
vt 0.5283 0.1582 0.0000
vt 0.5146 0.2032 0.0000
vt 0.5100 0.2500 0.0000
vt 0.5146 0.2968 0.0000
vt 0.5283 0.3418 0.0000
vt 0.5504 0.3833 0.0000
vt 0.5803 0.4197 0.0000
vt 0.6167 0.4496 0.0000
vt 0.6582 0.4717 0.0000
vt 0.7032 0.4854 0.0000
vt 0.1554 0.7461 0.0000
vt 0.1653 0.7474 0.0000
vt 0.1464 0.7423 0.0000
vt 0.1386 0.7364 0.0000
vt 0.1327 0.7286 0.0000
vt 0.1289 0.7196 0.0000
vt 0.1277 0.7097 0.0000
vt 0.1700 0.4972 0.0000
vt 0.2955 0.3622 0.0000
vt 0.2927 0.3573 0.0000
vt 0.2901 0.3470 0.0000
vt 0.2879 0.3375 0.0000
vt 0.2864 0.3350 0.0000
vt 0.1324 0.5346 0.0000
vt 0.3728 0.5398 0.0000
vt 0.3724 0.5299 0.0000
vt 0.3711 0.5208 0.0000
vt 0.3691 0.5059 0.0000
vt 0.3664 0.4916 0.0000
vt 0.3633 0.4844 0.0000
vt 0.3353 0.5021 0.0000
vt 0.3353 0.7477 0.0000
vt 0.3632 0.7654 0.0000
vt 0.3664 0.7582 0.0000
vt 0.3691 0.7439 0.0000
vt 0.3711 0.7290 0.0000
vt 0.3724 0.7199 0.0000
vt 0.3728 0.7100 0.0000
vt 0.1681 0.7210 0.0000
vt 0.3376 0.7248 0.0000
vt 0.3507 0.7098 0.0000
vt 0.3511 0.5380 0.0000
vt 0.3380 0.5228 0.0000
vt 0.2198 0.4697 0.0000
vt 0.2066 0.4810 0.0000
vt 0.1541 0.7068 0.0000
vt 0.3506 0.7153 0.0000
vt 0.3499 0.7185 0.0000
vt 0.3486 0.7220 0.0000
vt 0.3468 0.7248 0.0000
vt 0.3445 0.7264 0.0000
vt 0.3449 0.5215 0.0000
vt 0.3472 0.5231 0.0000
vt 0.3490 0.5260 0.0000
vt 0.3503 0.5294 0.0000
vt 0.3510 0.5326 0.0000
vt 0.2292 0.4500 0.0000
vt 0.2328 0.4456 0.0000
vt 0.2351 0.4443 0.0000
vt 0.2359 0.4457 0.0000
vt 0.2353 0.4488 0.0000
vt 0.1547 0.7119 0.0000
vt 0.1558 0.7148 0.0000
vt 0.1577 0.7173 0.0000
vt 0.1602 0.7192 0.0000
vt 0.1631 0.7204 0.0000
vt 0.1679 0.7227 0.0000
vt 0.3374 0.7263 0.0000
vt 0.3522 0.7098 0.0000
vt 0.3526 0.5381 0.0000
vt 0.3379 0.5215 0.0000
vt 0.2165 0.4715 0.0000
vt 0.2017 0.4845 0.0000
vt 0.1524 0.7070 0.0000
vt 0.3521 0.7156 0.0000
vt 0.3513 0.7192 0.0000
vt 0.3500 0.7234 0.0000
vt 0.3481 0.7270 0.0000
vt 0.3457 0.7289 0.0000
vt 0.3461 0.5190 0.0000
vt 0.3485 0.5210 0.0000
vt 0.3503 0.5247 0.0000
vt 0.3517 0.5289 0.0000
vt 0.3524 0.5324 0.0000
vt 0.2330 0.4424 0.0000
vt 0.2364 0.4385 0.0000
vt 0.2387 0.4379 0.0000
vt 0.2396 0.4398 0.0000
vt 0.2393 0.4431 0.0000
vt 0.1530 0.7124 0.0000
vt 0.1543 0.7157 0.0000
vt 0.1565 0.7185 0.0000
vt 0.1593 0.7207 0.0000
vt 0.1626 0.7221 0.0000
# 306 texture coords

o detecha002
g detecha002
usemtl Metal
s off
f 5291/971/897 5292/972/898 5293/973/899 5294/974/900 
f 5295/975/901 5291/971/897 5294/974/900 5296/976/902 
f 5297/977/903 5295/975/901 5296/976/902 5298/978/904 
f 5299/979/905 5297/977/903 5298/978/904 5300/980/906 
f 5301/981/907 5299/979/905 5300/980/906 5302/982/908 
f 5303/983/909 5301/981/907 5302/982/908 5304/984/910 
f 5305/985/911 5306/986/912 5307/987/913 5308/988/914 
f 5306/986/912 5309/989/915 5310/990/916 5307/987/913 
f 5309/989/915 5311/991/917 5312/992/918 5310/990/916 
f 5311/991/917 5313/993/919 5314/994/920 5312/992/918 
f 5313/993/919 5315/995/921 5316/996/922 5314/994/920 
f 5315/995/921 5317/997/923 5318/998/924 5316/996/922 
f 5319/999/925 5320/1000/926 5321/1001/927 5322/1002/928 
f 5320/1000/926 5323/1003/929 5324/1004/930 5321/1001/927 
f 5323/1003/929 5325/1005/931 5326/1006/932 5324/1004/930 
f 5325/1005/931 5327/1007/933 5328/1008/934 5326/1006/932 
f 5327/1007/933 5329/1009/935 5330/1010/936 5328/1008/934 
f 5329/1009/935 5331/1011/937 5332/1012/938 5330/1010/936 
f 5333/1013/939 5334/1014/940 5335/1015/941 5336/1016/942 
f 5334/1014/940 5337/1017/943 5338/1018/944 5335/1015/941 
f 5337/1017/943 5339/1019/945 5340/1020/946 5338/1018/944 
f 5339/1019/945 5341/1021/947 5342/1022/948 5340/1020/946 
f 5341/1021/947 5343/1023/949 5344/1024/950 5342/1022/948 
f 5343/1023/949 5345/1025/951 5346/1026/952 5344/1024/950 
f 5317/997/923 5303/983/909 5304/984/910 5318/998/924 
f 5331/1011/937 5305/985/911 5308/988/914 5332/1012/938 
f 5345/1025/951 5319/999/925 5322/1002/928 5346/1026/952 
f 5292/972/898 5333/1013/939 5336/1016/942 5293/973/899 
f 5347/1016/953 5348/1016/953 5349/973/954 5350/973/954 
f 5351/974/955 5352/974/955 5353/976/956 5354/976/956 
f 5299/979/905 5355/979/957 5356/977/958 5297/977/903 
f 5354/976/956 5353/976/956 5357/978/959 5358/978/959 
f 5301/981/907 5359/981/960 5355/979/957 5299/979/905 
f 5358/978/959 5357/978/959 5360/980/961 5361/980/961 
f 5303/983/909 5362/983/962 5359/981/960 5301/981/907 
f 5361/980/961 5360/980/961 5363/982/963 5364/982/963 
f 5305/985/911 5365/985/953 5366/986/964 5306/986/912 
f 5364/982/963 5363/982/963 5367/984/965 5368/984/965 
f 5306/986/912 5366/986/964 5369/989/966 5309/989/915 
f 5370/987/967 5371/987/967 5372/988/968 5373/988/968 
f 5309/989/915 5369/989/966 5374/991/969 5311/991/917 
f 5375/990/970 5376/990/970 5371/987/967 5370/987/967 
f 5311/991/917 5374/991/969 5377/993/971 5313/993/919 
f 5378/992/972 5379/992/972 5376/990/970 5375/990/970 
f 5313/993/919 5377/993/971 5380/995/973 5315/995/921 
f 5381/994/974 5382/994/974 5379/992/972 5378/992/972 
f 5315/995/921 5380/995/973 5383/997/975 5317/997/923 
f 5384/996/976 5385/996/976 5382/994/974 5381/994/974 
f 5319/999/925 5386/999/965 5387/1000/963 5320/1000/926 
f 5388/998/977 5389/998/977 5385/996/976 5384/996/976 
f 5320/1000/926 5387/1000/963 5390/1003/961 5323/1003/929 
f 5391/1001/960 5392/1001/960 5393/1002/962 5394/1002/962 
f 5323/1003/929 5390/1003/961 5395/1005/959 5325/1005/931 
f 5396/1004/957 5397/1004/957 5392/1001/960 5391/1001/960 
f 5325/1005/931 5395/1005/959 5398/1007/956 5327/1007/933 
f 5399/1006/958 5400/1006/958 5397/1004/957 5396/1004/957 
f 5327/1007/933 5398/1007/956 5401/1009/955 5329/1009/935 
f 5402/1008/978 5403/1008/978 5400/1006/958 5399/1006/958 
f 5329/1009/935 5401/1009/955 5404/1011/954 5331/1011/937 
f 5405/1010/979 5406/1010/979 5403/1008/978 5402/1008/978 
f 5333/1013/939 5407/1013/968 5408/1014/967 5334/1014/940 
f 5409/1012/980 5410/1012/980 5406/1010/979 5405/1010/979 
f 5334/1014/940 5408/1014/967 5411/1017/970 5337/1017/943 
f 5412/1015/964 5413/1015/964 5348/1016/953 5347/1016/953 
f 5337/1017/943 5411/1017/970 5414/1019/972 5339/1019/945 
f 5415/1018/966 5416/1018/966 5413/1015/964 5412/1015/964 
f 5339/1019/945 5414/1019/972 5417/1021/974 5341/1021/947 
f 5418/1020/969 5419/1020/969 5416/1018/966 5415/1018/966 
f 5341/1021/947 5417/1021/974 5420/1023/976 5343/1023/949 
f 5421/1022/971 5422/1022/971 5419/1020/969 5418/1020/969 
f 5343/1023/949 5420/1023/976 5423/1025/977 5345/1025/951 
f 5424/1024/973 5425/1024/973 5422/1022/971 5421/1022/971 
f 5317/997/923 5383/997/975 5362/983/962 5303/983/909 
f 5426/1026/975 5427/1026/975 5425/1024/973 5424/1024/973 
f 5331/1011/937 5404/1011/954 5365/985/953 5305/985/911 
f 5368/984/965 5367/984/965 5389/998/977 5388/998/977 
f 5345/1025/951 5423/1025/977 5386/999/965 5319/999/925 
f 5291/971/897 5428/971/979 5429/972/980 5292/972/898 
f 5373/988/968 5372/988/968 5410/1012/980 5409/1012/980 
f 5292/972/898 5429/972/980 5407/1013/968 5333/1013/939 
f 5295/975/901 5430/975/978 5428/971/979 5291/971/897 
f 5394/1002/962 5393/1002/962 5427/1026/975 5426/1026/975 
f 5350/973/954 5349/973/954 5352/974/955 5351/974/955 
f 5297/977/903 5356/977/958 5430/975/978 5295/975/901 
f 5431/1027/981 5432/1028/982 5433/1029/983 5434/1030/984 
f 5434/1030/984 5433/1029/983 5435/1031/985 5436/1032/986 
f 5436/1032/986 5435/1031/985 5437/1033/987 5438/1034/988 
f 5438/1034/988 5437/1033/987 5432/1035/982 5431/1036/981 
f 5434/1037/984 5436/1032/986 5438/1034/988 5431/1038/981 
f 5435/1031/985 5433/1039/983 5432/1040/982 5437/1033/987 
f 5439/1041/989 5440/974/990 5441/973/991 5442/1042/989 
f 5443/1043/992 5444/976/993 5440/974/990 5439/1041/989 
f 5445/1044/992 5446/978/994 5444/976/993 5443/1043/992 
f 5447/1045/992 5448/980/995 5446/978/994 5445/1044/992 
f 5449/1046/992 5450/982/996 5448/980/995 5447/1045/992 
f 5451/1047/989 5452/984/997 5450/982/996 5449/1046/992 
f 5453/1048/992 5454/988/998 5455/987/999 5456/1049/989 
f 5456/1049/989 5455/987/999 5457/990/1000 5458/1050/992 
f 5458/1050/992 5457/990/1000 5459/992/1001 5460/1051/992 
f 5460/1051/992 5459/992/1001 5461/994/1002 5462/1052/989 
f 5462/1052/989 5461/994/1002 5463/996/1003 5464/1053/989 
f 5464/1053/989 5463/996/1003 5465/998/1004 5466/1054/989 
f 5467/1055/989 5468/1002/1005 5469/1001/1006 5470/1056/989 
f 5470/1056/989 5469/1001/1006 5471/1004/1007 5472/1057/992 
f 5472/1057/992 5471/1004/1007 5473/1006/1008 5474/1058/989 
f 5474/1058/989 5473/1006/1008 5475/1008/1009 5476/1059/989 
f 5476/1059/989 5475/1008/1009 5477/1010/1010 5478/1060/992 
f 5478/1060/992 5477/1010/1010 5479/1012/1011 5480/1061/992 
f 5481/1062/989 5482/1016/1012 5483/1015/1013 5484/1063/992 
f 5484/1063/992 5483/1015/1013 5485/1018/1014 5486/1064/992 
f 5486/1064/992 5485/1018/1014 5487/1020/1015 5488/1065/989 
f 5488/1065/989 5487/1020/1015 5489/1022/1016 5490/1066/989 
f 5490/1066/989 5489/1022/1016 5491/1024/1017 5492/1067/989 
f 5492/1067/989 5491/1024/1017 5493/1026/1018 5494/1068/992 
f 5466/1054/989 5465/998/1004 5452/984/997 5451/1047/989 
f 5480/1061/992 5479/1012/1011 5454/988/998 5453/1048/992 
f 5494/1068/992 5493/1026/1018 5468/1002/1005 5467/1055/989 
f 5442/1042/989 5441/973/991 5482/1016/1012 5481/1062/989 
f 5495/1016/1019 5482/1016/1012 5441/973/991 5496/973/1020 
f 5497/974/1021 5440/974/990 5444/976/993 5498/976/1022 
f 5499/979/1023 5500/979/1024 5501/977/1025 5502/977/1026 
f 5498/976/1022 5444/976/993 5446/978/994 5503/978/1027 
f 5504/981/1028 5505/981/1029 5500/979/1024 5499/979/1023 
f 5503/978/1027 5446/978/994 5448/980/995 5506/980/1030 
f 5507/983/1031 5508/983/1032 5505/981/1029 5504/981/1028 
f 5506/980/1030 5448/980/995 5450/982/996 5509/982/1033 
f 5510/985/1034 5511/985/1035 5512/986/1036 5513/986/1037 
f 5509/982/1033 5450/982/996 5452/984/997 5514/984/1038 
f 5513/986/1037 5512/986/1036 5515/989/1039 5516/989/1040 
f 5517/987/1041 5455/987/999 5454/988/998 5518/988/1042 
f 5516/989/1040 5515/989/1039 5519/991/1043 5520/991/1044 
f 5521/990/1045 5457/990/1000 5455/987/999 5517/987/1041 
f 5520/991/1044 5519/991/1043 5522/993/1046 5523/993/1047 
f 5524/992/1048 5459/992/1001 5457/990/1000 5521/990/1045 
f 5523/993/1047 5522/993/1046 5525/995/1049 5526/995/1050 
f 5527/994/1051 5461/994/1002 5459/992/1001 5524/992/1048 
f 5526/995/1050 5525/995/1049 5528/997/1052 5529/997/1053 
f 5530/996/1054 5463/996/1003 5461/994/1002 5527/994/1051 
f 5531/999/1055 5532/999/1056 5533/1000/1057 5534/1000/1058 
f 5535/998/1059 5465/998/1004 5463/996/1003 5530/996/1054 
f 5534/1000/1058 5533/1000/1057 5536/1003/1060 5537/1003/1061 
f 5538/1001/1062 5469/1001/1006 5468/1002/1005 5539/1002/1063 
f 5537/1003/1061 5536/1003/1060 5540/1005/1064 5541/1005/1065 
f 5542/1004/1066 5471/1004/1007 5469/1001/1006 5538/1001/1062 
f 5541/1005/1065 5540/1005/1064 5543/1007/1067 5544/1007/1068 
f 5545/1006/1069 5473/1006/1008 5471/1004/1007 5542/1004/1066 
f 5544/1007/1068 5543/1007/1067 5546/1009/1070 5547/1009/1071 
f 5548/1008/1072 5475/1008/1009 5473/1006/1008 5545/1006/1069 
f 5547/1009/1071 5546/1009/1070 5549/1011/1073 5550/1011/1074 
f 5551/1010/1075 5477/1010/1010 5475/1008/1009 5548/1008/1072 
f 5552/1013/1076 5553/1013/1077 5554/1014/1078 5555/1014/1079 
f 5556/1012/1080 5479/1012/1011 5477/1010/1010 5551/1010/1075 
f 5555/1014/1079 5554/1014/1078 5557/1017/1081 5558/1017/1082 
f 5559/1015/1083 5483/1015/1013 5482/1016/1012 5495/1016/1019 
f 5558/1017/1082 5557/1017/1081 5560/1019/1084 5561/1019/1085 
f 5562/1018/1086 5485/1018/1014 5483/1015/1013 5559/1015/1083 
f 5561/1019/1085 5560/1019/1084 5563/1021/1087 5564/1021/1088 
f 5565/1020/1089 5487/1020/1015 5485/1018/1014 5562/1018/1086 
f 5564/1021/1088 5563/1021/1087 5566/1023/1090 5567/1023/1091 
f 5568/1022/1092 5489/1022/1016 5487/1020/1015 5565/1020/1089 
f 5567/1023/1091 5566/1023/1090 5569/1025/1093 5570/1025/1094 
f 5571/1024/1095 5491/1024/1017 5489/1022/1016 5568/1022/1092 
f 5529/997/1053 5528/997/1052 5508/983/1032 5507/983/1031 
f 5572/1026/1096 5493/1026/1018 5491/1024/1017 5571/1024/1095 
f 5550/1011/1074 5549/1011/1073 5511/985/1035 5510/985/1034 
f 5514/984/1038 5452/984/997 5465/998/1004 5535/998/1059 
f 5570/1025/1094 5569/1025/1093 5532/999/1056 5531/999/1055 
f 5573/971/1097 5574/971/1098 5575/972/1099 5576/972/1100 
f 5518/988/1042 5454/988/998 5479/1012/1011 5556/1012/1080 
f 5576/972/1100 5575/972/1099 5553/1013/1077 5552/1013/1076 
f 5577/975/1101 5578/975/1102 5574/971/1098 5573/971/1097 
f 5539/1002/1063 5468/1002/1005 5493/1026/1018 5572/1026/1096 
f 5496/973/1020 5441/973/991 5440/974/990 5497/974/1021 
f 5502/977/1026 5501/977/1025 5578/975/1102 5577/975/1101 
f 5579/1069/1103 5580/1070/1104 5581/1071/1105 5582/1072/1106 
f 5582/1072/1106 5581/1071/1105 5583/1073/1107 5584/1074/1108 
f 5584/1074/1108 5583/1073/1107 5585/1075/1109 5586/1076/1110 
f 5586/1076/1110 5585/1075/1109 5587/1077/1111 5588/1039/1112 
f 5588/1039/1112 5587/1077/1111 5589/1078/1113 5590/1079/1114 
f 5590/1079/1114 5589/1078/1113 5591/1080/1115 5592/1081/1116 
f 5592/1081/1116 5591/1080/1115 5593/1082/1117 5594/1083/1118 
f 5594/1083/1118 5593/1082/1117 5595/1084/1119 5596/1085/1120 
f 5596/1085/1120 5595/1084/1119 5597/1086/1121 5598/1087/1122 
f 5598/1087/1122 5597/1086/1121 5599/1088/1123 5600/1089/1124 
f 5600/1089/1124 5599/1088/1123 5601/1090/1125 5602/1091/1126 
f 5602/1091/1126 5601/1090/1125 5603/1035/1127 5604/1031/1128 
f 5604/1031/1128 5603/1035/1127 5605/1092/1129 5606/1093/1130 
f 5606/1093/1130 5605/1092/1129 5607/1094/1131 5608/1095/1132 
f 5608/1095/1132 5607/1094/1131 5609/1096/1133 5610/1097/1134 
f 5610/1097/1134 5609/1096/1133 5611/1098/1135 5612/1099/1136 
f 5612/1099/1136 5611/1098/1135 5613/1100/1137 5614/1101/1138 
f 5614/1101/1138 5613/1100/1137 5615/1102/1139 5616/1103/1140 
f 5616/1103/1140 5615/1102/1139 5617/1104/1141 5618/1105/1142 
f 5618/1105/1142 5617/1104/1141 5619/1036/1143 5620/1032/1144 
f 5620/1032/1144 5619/1036/1143 5621/1106/1145 5622/1107/1146 
f 5622/1107/1146 5621/1106/1145 5623/1108/1147 5624/1109/1148 
f 5624/1109/1148 5623/1108/1147 5625/1110/1149 5626/1111/1150 
f 5626/1111/1150 5625/1110/1149 5627/1112/1151 5628/1113/1152 
f 5628/1113/1152 5627/1112/1151 5629/1114/1153 5630/1115/1154 
f 5630/1115/1154 5629/1114/1153 5631/1116/1155 5632/1117/1156 
f 5632/1117/1156 5631/1116/1155 5633/1118/1157 5634/1119/1158 
f 5634/1119/1158 5633/1118/1157 5635/1120/1159 5636/1037/1160 
f 5636/1037/1160 5635/1120/1159 5637/1121/1161 5638/1122/1162 
f 5638/1122/1162 5637/1121/1161 5639/1123/1163 5640/1124/1164 
f 5581/1125/1105 5580/1126/1104 5641/1127/1165 5639/1128/1163 5637/1129/1161 5635/1130/1159 5633/1131/1157 5631/1132/1155 5629/1133/1153 5627/1134/1151 5625/1135/1149 5623/1136/1147 5621/1137/1145 5619/1138/1143 5617/1139/1141 5615/1140/1139 5613/1141/1137 5611/1142/1135 5609/1143/1133 5607/1144/1131 5605/1145/1129 5603/1146/1127 5601/1147/1125 5599/1148/1123 5597/1149/1121 5595/1150/1119 5593/1151/1117 5591/1152/1115 5589/1153/1113 5587/1154/1111 5585/1155/1109 5583/1156/1107 
f 5640/1124/1164 5639/1123/1163 5641/1157/1165 5642/1158/1166 
f 5642/1158/1166 5641/1157/1165 5580/1159/1104 5579/1160/1103 
f 5579/1161/1103 5582/1162/1106 5584/1163/1108 5586/1164/1110 5588/1165/1112 5590/1166/1114 5592/1167/1116 5594/1168/1118 5596/1169/1120 5598/1170/1122 5600/1171/1124 5602/1172/1126 5604/1173/1128 5606/1174/1130 5608/1175/1132 5610/1176/1134 5612/1177/1136 5614/1178/1138 5616/1179/1140 5618/1180/1142 5620/1181/1144 5622/1182/1146 5624/1183/1148 5626/1184/1150 5628/1185/1152 5630/1186/1154 5632/1187/1156 5634/1188/1158 5636/1189/1160 5638/1190/1162 5640/1191/1164 5642/1192/1166 
f 5643/1069/1167 5644/1070/1168 5645/1071/1105 5646/1072/1106 
f 5646/1072/1106 5645/1071/1105 5647/1073/1107 5648/1074/1108 
f 5648/1074/1108 5647/1073/1107 5649/1075/1109 5650/1076/1110 
f 5650/1076/1110 5649/1075/1109 5651/1077/1111 5652/1039/1169 
f 5652/1039/1169 5651/1077/1111 5653/1078/1113 5654/1079/1114 
f 5654/1079/1114 5653/1078/1113 5655/1080/1115 5656/1081/1116 
f 5656/1081/1116 5655/1080/1115 5657/1082/1117 5658/1083/1118 
f 5658/1083/1118 5657/1082/1117 5659/1084/1119 5660/1085/1120 
f 5660/1085/1120 5659/1084/1119 5661/1086/1121 5662/1087/1122 
f 5662/1087/1122 5661/1086/1121 5663/1088/1123 5664/1089/1124 
f 5664/1089/1124 5663/1088/1123 5665/1090/1125 5666/1091/1126 
f 5666/1091/1126 5665/1090/1125 5667/1035/1127 5668/1031/1170 
f 5668/1031/1170 5667/1035/1127 5669/1092/1129 5670/1093/1130 
f 5670/1093/1130 5669/1092/1129 5671/1094/1131 5672/1095/1132 
f 5672/1095/1132 5671/1094/1131 5673/1096/1133 5674/1097/1171 
f 5674/1097/1171 5673/1096/1133 5675/1098/1172 5676/1099/1173 
f 5676/1099/1173 5675/1098/1172 5677/1100/1137 5678/1101/1174 
f 5678/1101/1174 5677/1100/1137 5679/1102/1139 5680/1103/1140 
f 5680/1103/1140 5679/1102/1139 5681/1104/1141 5682/1105/1142 
f 5682/1105/1142 5681/1104/1141 5683/1036/1175 5684/1032/1176 
f 5684/1032/1176 5683/1036/1175 5685/1106/1145 5686/1107/1146 
f 5686/1107/1146 5685/1106/1145 5687/1108/1147 5688/1109/1148 
f 5688/1109/1148 5687/1108/1147 5689/1110/1149 5690/1111/1150 
f 5690/1111/1150 5689/1110/1149 5691/1112/1151 5692/1113/1152 
f 5692/1113/1152 5691/1112/1151 5693/1114/1153 5694/1115/1154 
f 5694/1115/1154 5693/1114/1153 5695/1116/1155 5696/1117/1156 
f 5696/1117/1156 5695/1116/1155 5697/1118/1157 5698/1119/1158 
f 5698/1119/1158 5697/1118/1157 5699/1120/1159 5700/1037/1177 
f 5700/1037/1177 5699/1120/1159 5701/1121/1161 5702/1122/1162 
f 5702/1122/1162 5701/1121/1161 5703/1123/1163 5704/1124/1164 
f 5645/1125/1105 5644/1126/1168 5705/1127/1165 5703/1128/1163 5701/1129/1161 5699/1130/1159 5697/1131/1157 5695/1132/1155 5693/1133/1153 5691/1134/1151 5689/1135/1149 5687/1136/1147 5685/1137/1145 5683/1138/1175 5681/1139/1141 5679/1140/1139 5677/1141/1137 5675/1142/1172 5673/1143/1133 5671/1144/1131 5669/1145/1129 5667/1146/1127 5665/1147/1125 5663/1148/1123 5661/1149/1121 5659/1150/1119 5657/1151/1117 5655/1152/1115 5653/1153/1113 5651/1154/1111 5649/1155/1109 5647/1156/1107 
f 5704/1124/1164 5703/1123/1163 5705/1157/1165 5706/1158/1166 
f 5706/1158/1166 5705/1157/1165 5644/1159/1168 5643/1160/1167 
f 5643/1161/1167 5646/1162/1106 5648/1163/1108 5650/1164/1110 5652/1165/1169 5654/1166/1114 5656/1167/1116 5658/1168/1118 5660/1169/1120 5662/1170/1122 5664/1171/1124 5666/1172/1126 5668/1173/1170 5670/1174/1130 5672/1175/1132 5674/1176/1171 5676/1177/1173 5678/1178/1174 5680/1179/1140 5682/1180/1142 5684/1181/1176 5686/1182/1146 5688/1183/1148 5690/1184/1150 5692/1185/1152 5694/1186/1154 5696/1187/1156 5698/1188/1158 5700/1189/1177 5702/1190/1162 5704/1191/1164 5706/1192/1166 
f 5707/1069/1178 5708/1070/1168 5709/1071/1105 5710/1072/1106 
f 5710/1072/1106 5709/1071/1105 5711/1073/1107 5712/1074/1108 
f 5712/1074/1108 5711/1073/1107 5713/1075/1109 5714/1076/1110 
f 5714/1076/1110 5713/1075/1109 5715/1077/1111 5716/1039/1112 
f 5716/1039/1112 5715/1077/1111 5717/1078/1113 5718/1079/1114 
f 5718/1079/1114 5717/1078/1113 5719/1080/1115 5720/1081/1116 
f 5720/1081/1116 5719/1080/1115 5721/1082/1117 5722/1083/1118 
f 5722/1083/1118 5721/1082/1117 5723/1084/1119 5724/1085/1120 
f 5724/1085/1120 5723/1084/1119 5725/1086/1121 5726/1087/1122 
f 5726/1087/1122 5725/1086/1121 5727/1088/1123 5728/1089/1124 
f 5728/1089/1124 5727/1088/1123 5729/1090/1125 5730/1091/1126 
f 5730/1091/1126 5729/1090/1125 5731/1035/1179 5732/1031/1128 
f 5732/1031/1128 5731/1035/1179 5733/1092/1180 5734/1093/1130 
f 5734/1093/1130 5733/1092/1180 5735/1094/1131 5736/1095/1132 
f 5736/1095/1132 5735/1094/1131 5737/1096/1133 5738/1097/1171 
f 5738/1097/1171 5737/1096/1133 5739/1098/1181 5740/1099/1173 
f 5740/1099/1173 5739/1098/1181 5741/1100/1137 5742/1101/1174 
f 5742/1101/1174 5741/1100/1137 5743/1102/1139 5744/1103/1140 
f 5744/1103/1140 5743/1102/1139 5745/1104/1182 5746/1105/1142 
f 5746/1105/1142 5745/1104/1182 5747/1036/1143 5748/1032/1144 
f 5748/1032/1144 5747/1036/1143 5749/1106/1145 5750/1107/1146 
f 5750/1107/1146 5749/1106/1145 5751/1108/1147 5752/1109/1148 
f 5752/1109/1148 5751/1108/1147 5753/1110/1149 5754/1111/1150 
f 5754/1111/1150 5753/1110/1149 5755/1112/1151 5756/1113/1152 
f 5756/1113/1152 5755/1112/1151 5757/1114/1153 5758/1115/1154 
f 5758/1115/1154 5757/1114/1153 5759/1116/1155 5760/1117/1156 
f 5760/1117/1156 5759/1116/1155 5761/1118/1157 5762/1119/1158 
f 5762/1119/1158 5761/1118/1157 5763/1120/1159 5764/1037/1160 
f 5764/1037/1160 5763/1120/1159 5765/1121/1161 5766/1122/1162 
f 5766/1122/1162 5765/1121/1161 5767/1123/1163 5768/1124/1164 
f 5709/1125/1105 5708/1126/1168 5769/1127/1165 5767/1128/1163 5765/1129/1161 5763/1130/1159 5761/1131/1157 5759/1132/1155 5757/1133/1153 5755/1134/1151 5753/1135/1149 5751/1136/1147 5749/1137/1145 5747/1138/1143 5745/1139/1182 5743/1140/1139 5741/1141/1137 5739/1142/1181 5737/1143/1133 5735/1144/1131 5733/1145/1180 5731/1146/1179 5729/1147/1125 5727/1148/1123 5725/1149/1121 5723/1150/1119 5721/1151/1117 5719/1152/1115 5717/1153/1113 5715/1154/1111 5713/1155/1109 5711/1156/1107 
f 5768/1124/1164 5767/1123/1163 5769/1157/1165 5770/1158/1166 
f 5770/1158/1166 5769/1157/1165 5708/1159/1168 5707/1160/1178 
f 5707/1161/1178 5710/1162/1106 5712/1163/1108 5714/1164/1110 5716/1165/1112 5718/1166/1114 5720/1167/1116 5722/1168/1118 5724/1169/1120 5726/1170/1122 5728/1171/1124 5730/1172/1126 5732/1173/1128 5734/1174/1130 5736/1175/1132 5738/1176/1171 5740/1177/1173 5742/1178/1174 5744/1179/1140 5746/1180/1142 5748/1181/1144 5750/1182/1146 5752/1183/1148 5754/1184/1150 5756/1185/1152 5758/1186/1154 5760/1187/1156 5762/1188/1158 5764/1189/1160 5766/1190/1162 5768/1191/1164 5770/1192/1166 
f 5771/1069/1103 5772/1070/1104 5773/1071/1183 5774/1072/1184 
f 5774/1072/1184 5773/1071/1183 5775/1073/1107 5776/1074/1108 
f 5776/1074/1108 5775/1073/1107 5777/1075/1109 5778/1076/1185 
f 5778/1076/1185 5777/1075/1109 5779/1077/1111 5780/1039/1169 
f 5780/1039/1169 5779/1077/1111 5781/1078/1113 5782/1079/1114 
f 5782/1079/1114 5781/1078/1113 5783/1080/1115 5784/1081/1116 
f 5784/1081/1116 5783/1080/1115 5785/1082/1117 5786/1083/1118 
f 5786/1083/1118 5785/1082/1117 5787/1084/1119 5788/1085/1120 
f 5788/1085/1120 5787/1084/1119 5789/1086/1121 5790/1087/1122 
f 5790/1087/1122 5789/1086/1121 5791/1088/1123 5792/1089/1124 
f 5792/1089/1124 5791/1088/1123 5793/1090/1125 5794/1091/1126 
f 5794/1091/1126 5793/1090/1125 5795/1035/1186 5796/1031/1128 
f 5796/1031/1128 5795/1035/1186 5797/1092/1129 5798/1093/1130 
f 5798/1093/1130 5797/1092/1129 5799/1094/1131 5800/1095/1132 
f 5800/1095/1132 5799/1094/1131 5801/1096/1133 5802/1097/1171 
f 5802/1097/1171 5801/1096/1133 5803/1098/1172 5804/1099/1173 
f 5804/1099/1173 5803/1098/1172 5805/1100/1137 5806/1101/1174 
f 5806/1101/1174 5805/1100/1137 5807/1102/1139 5808/1103/1140 
f 5808/1103/1140 5807/1102/1139 5809/1104/1141 5810/1105/1142 
f 5810/1105/1142 5809/1104/1141 5811/1036/1187 5812/1032/1144 
f 5812/1032/1144 5811/1036/1187 5813/1106/1145 5814/1107/1146 
f 5814/1107/1146 5813/1106/1145 5815/1108/1147 5816/1109/1148 
f 5816/1109/1148 5815/1108/1147 5817/1110/1149 5818/1111/1150 
f 5818/1111/1150 5817/1110/1149 5819/1112/1151 5820/1113/1152 
f 5820/1113/1152 5819/1112/1151 5821/1114/1153 5822/1115/1154 
f 5822/1115/1154 5821/1114/1153 5823/1116/1155 5824/1117/1156 
f 5824/1117/1156 5823/1116/1155 5825/1118/1157 5826/1119/1158 
f 5826/1119/1158 5825/1118/1157 5827/1120/1159 5828/1037/1188 
f 5828/1037/1188 5827/1120/1159 5829/1121/1161 5830/1122/1189 
f 5830/1122/1189 5829/1121/1161 5831/1123/1163 5832/1124/1164 
f 5773/1125/1183 5772/1126/1104 5833/1127/1165 5831/1128/1163 5829/1129/1161 5827/1130/1159 5825/1131/1157 5823/1132/1155 5821/1133/1153 5819/1134/1151 5817/1135/1149 5815/1136/1147 5813/1137/1145 5811/1138/1187 5809/1139/1141 5807/1140/1139 5805/1141/1137 5803/1142/1172 5801/1143/1133 5799/1144/1131 5797/1145/1129 5795/1146/1186 5793/1147/1125 5791/1148/1123 5789/1149/1121 5787/1150/1119 5785/1151/1117 5783/1152/1115 5781/1153/1113 5779/1154/1111 5777/1155/1109 5775/1156/1107 
f 5832/1124/1164 5831/1123/1163 5833/1157/1165 5834/1158/1190 
f 5834/1158/1190 5833/1157/1165 5772/1159/1104 5771/1160/1103 
f 5771/1161/1103 5774/1162/1184 5776/1163/1108 5778/1164/1185 5780/1165/1169 5782/1166/1114 5784/1167/1116 5786/1168/1118 5788/1169/1120 5790/1170/1122 5792/1171/1124 5794/1172/1126 5796/1173/1128 5798/1174/1130 5800/1175/1132 5802/1176/1171 5804/1177/1173 5806/1178/1174 5808/1179/1140 5810/1180/1142 5812/1181/1144 5814/1182/1146 5816/1183/1148 5818/1184/1150 5820/1185/1152 5822/1186/1154 5824/1187/1156 5826/1188/1158 5828/1189/1188 5830/1190/1189 5832/1191/1164 5834/1192/1190 
f 5835/1027/1191 5836/1028/1192 5837/1029/1193 5838/1030/1194 
f 5838/1030/1194 5837/1029/1193 5839/1031/1195 5840/1032/1196 
f 5840/1032/1196 5839/1031/1195 5841/1033/1197 5842/1034/1198 
f 5842/1034/1198 5841/1033/1197 5836/1035/1192 5835/1036/1191 
f 5838/1037/1194 5840/1032/1196 5842/1034/1198 5835/1038/1191 
f 5839/1031/1195 5837/1039/1193 5836/1040/1192 5841/1033/1197 
f 5843/1027/1199 5844/1028/1200 5845/1029/1201 5846/1030/1202 
f 5846/1030/1202 5845/1029/1201 5847/1031/1203 5848/1032/1204 
f 5848/1032/1204 5847/1031/1203 5849/1033/1205 5850/1034/1206 
f 5850/1034/1206 5849/1033/1205 5844/1035/1200 5843/1036/1199 
f 5846/1037/1202 5848/1032/1204 5850/1034/1206 5843/1038/1199 
f 5847/1031/1203 5845/1039/1201 5844/1040/1200 5849/1033/1205 
f 5851/1027/1207 5852/1028/1208 5853/1029/1209 5854/1030/1210 
f 5854/1030/1210 5853/1029/1209 5855/1031/1211 5856/1032/1212 
f 5856/1032/1212 5855/1031/1211 5857/1033/1213 5858/1034/1214 
f 5858/1034/1214 5857/1033/1213 5852/1035/1208 5851/1036/1207 
f 5854/1037/1210 5856/1032/1212 5858/1034/1214 5851/1038/1207 
f 5855/1031/1211 5853/1039/1209 5852/1040/1208 5857/1033/1213 
f 5547/971/1071 5859/974/1215 5860/973/1216 5550/972/1074 
f 5861/971/921 5862/972/1217 5863/973/924 5864/974/922 
f 5865/975/1218 5861/971/921 5864/974/922 5866/976/920 
f 5867/977/917 5865/975/1218 5866/976/920 5868/978/918 
f 5869/979/915 5867/977/917 5868/978/918 5870/980/916 
f 5871/981/912 5869/979/915 5870/980/916 5872/982/913 
f 5873/983/911 5871/981/912 5872/982/913 5874/984/914 
f 5875/985/1219 5876/986/926 5877/987/927 5878/988/928 
f 5876/986/926 5879/989/929 5880/990/930 5877/987/927 
f 5879/989/929 5881/991/931 5882/992/932 5880/990/930 
f 5881/991/931 5883/993/933 5884/994/934 5882/992/932 
f 5883/993/933 5885/995/935 5886/996/936 5884/994/934 
f 5885/995/935 5887/997/937 5888/998/938 5886/996/936 
f 5889/999/939 5890/1000/940 5891/1001/941 5892/1002/942 
f 5890/1000/940 5893/1003/943 5894/1004/944 5891/1001/941 
f 5893/1003/943 5895/1005/945 5896/1006/946 5894/1004/944 
f 5895/1005/945 5897/1007/947 5898/1008/948 5896/1006/946 
f 5897/1007/947 5899/1009/1220 5900/1010/950 5898/1008/948 
f 5899/1009/1220 5901/1011/1221 5902/1012/952 5900/1010/950 
f 5903/1013/1222 5904/1014/907 5905/1015/908 5906/1016/910 
f 5904/1014/907 5907/1017/1223 5908/1018/906 5905/1015/908 
f 5907/1017/1223 5909/1019/903 5910/1020/904 5908/1018/906 
f 5909/1019/903 5911/1021/901 5912/1022/902 5910/1020/904 
f 5911/1021/901 5913/1023/897 5914/1024/900 5912/1022/902 
f 5913/1023/897 5915/1025/898 5916/1026/899 5914/1024/900 
f 5887/997/937 5873/983/911 5874/984/914 5888/998/938 
f 5901/1011/1221 5875/985/1219 5878/988/928 5902/1012/952 
f 5915/1025/898 5889/999/939 5892/1002/942 5916/1026/899 
f 5862/972/1217 5903/1013/1222 5906/1016/910 5863/973/924 
f 5544/975/1068 5917/976/1224 5859/974/1215 5547/971/1071 
f 5541/977/1065 5918/978/1225 5917/976/1224 5544/975/1068 
f 5537/979/1061 5919/980/1226 5918/978/1225 5541/977/1065 
f 5534/981/1058 5920/982/1227 5919/980/1226 5537/979/1061 
f 5531/983/1055 5921/984/1228 5920/982/1227 5534/981/1058 
f 5552/985/1076 5922/988/1229 5923/987/1230 5555/986/1079 
f 5555/986/1079 5923/987/1230 5924/990/1231 5558/989/1082 
f 5558/989/1082 5924/990/1231 5925/992/1232 5561/991/1085 
f 5561/991/1085 5925/992/1232 5926/994/1233 5564/993/1088 
f 5564/993/1088 5926/994/1233 5927/996/1234 5567/995/1091 
f 5567/995/1091 5927/996/1234 5928/998/1235 5570/997/1094 
f 5507/999/1031 5929/1002/1236 5930/1001/1237 5504/1000/1028 
f 5504/1000/1028 5930/1001/1237 5931/1004/1238 5499/1003/1023 
f 5499/1003/1023 5931/1004/1238 5932/1006/1239 5502/1005/1026 
f 5502/1005/1026 5932/1006/1239 5933/1008/1240 5577/1007/1101 
f 5577/1007/1101 5933/1008/1240 5934/1010/1241 5573/1009/1097 
f 5573/1009/1097 5934/1010/1241 5935/1012/1242 5576/1011/1100 
f 5510/1013/1034 5936/1016/1243 5937/1015/1244 5513/1014/1037 
f 5513/1014/1037 5937/1015/1244 5938/1018/1245 5516/1017/1040 
f 5516/1017/1040 5938/1018/1245 5939/1020/1246 5520/1019/1044 
f 5520/1019/1044 5939/1020/1246 5940/1022/1247 5523/1021/1047 
f 5523/1021/1047 5940/1022/1247 5941/1024/1248 5526/1023/1050 
f 5526/1023/1050 5941/1024/1248 5942/1026/1249 5529/1025/1053 
f 5570/997/1094 5928/998/1235 5921/984/1228 5531/983/1055 
f 5576/1011/1100 5935/1012/1242 5922/988/1229 5552/985/1076 
f 5529/1025/1053 5942/1026/1249 5929/1002/1236 5507/999/1031 
f 5550/972/1074 5860/973/1216 5936/1016/1243 5510/1013/1034 
f 5906/1016/910 5936/1016/1243 5860/973/1216 5863/973/924 
f 5864/974/922 5859/974/1215 5917/976/1224 5866/976/920 
f 5869/979/915 5537/979/1061 5541/977/1065 5867/977/917 
f 5866/976/920 5917/976/1224 5918/978/1225 5868/978/918 
f 5871/981/912 5534/981/1058 5537/979/1061 5869/979/915 
f 5868/978/918 5918/978/1225 5919/980/1226 5870/980/916 
f 5873/983/911 5531/983/1055 5534/981/1058 5871/981/912 
f 5870/980/916 5919/980/1226 5920/982/1227 5872/982/913 
f 5875/985/1219 5552/985/1076 5555/986/1079 5876/986/926 
f 5872/982/913 5920/982/1227 5921/984/1228 5874/984/914 
f 5876/986/926 5555/986/1079 5558/989/1082 5879/989/929 
f 5877/987/927 5923/987/1230 5922/988/1229 5878/988/928 
f 5879/989/929 5558/989/1082 5561/991/1085 5881/991/931 
f 5880/990/930 5924/990/1231 5923/987/1230 5877/987/927 
f 5881/991/931 5561/991/1085 5564/993/1088 5883/993/933 
f 5882/992/932 5925/992/1232 5924/990/1231 5880/990/930 
f 5883/993/933 5564/993/1088 5567/995/1091 5885/995/935 
f 5884/994/934 5926/994/1233 5925/992/1232 5882/992/932 
f 5885/995/935 5567/995/1091 5570/997/1094 5887/997/937 
f 5886/996/936 5927/996/1234 5926/994/1233 5884/994/934 
f 5889/999/939 5507/999/1031 5504/1000/1028 5890/1000/940 
f 5888/998/938 5928/998/1235 5927/996/1234 5886/996/936 
f 5890/1000/940 5504/1000/1028 5499/1003/1023 5893/1003/943 
f 5891/1001/941 5930/1001/1237 5929/1002/1236 5892/1002/942 
f 5893/1003/943 5499/1003/1023 5502/1005/1026 5895/1005/945 
f 5894/1004/944 5931/1004/1238 5930/1001/1237 5891/1001/941 
f 5895/1005/945 5502/1005/1026 5577/1007/1101 5897/1007/947 
f 5896/1006/946 5932/1006/1239 5931/1004/1238 5894/1004/944 
f 5897/1007/947 5577/1007/1101 5573/1009/1097 5899/1009/1220 
f 5898/1008/948 5933/1008/1240 5932/1006/1239 5896/1006/946 
f 5899/1009/1220 5573/1009/1097 5576/1011/1100 5901/1011/1221 
f 5900/1010/950 5934/1010/1241 5933/1008/1240 5898/1008/948 
f 5903/1013/1222 5510/1013/1034 5513/1014/1037 5904/1014/907 
f 5902/1012/952 5935/1012/1242 5934/1010/1241 5900/1010/950 
f 5904/1014/907 5513/1014/1037 5516/1017/1040 5907/1017/1223 
f 5905/1015/908 5937/1015/1244 5936/1016/1243 5906/1016/910 
f 5907/1017/1223 5516/1017/1040 5520/1019/1044 5909/1019/903 
f 5908/1018/906 5938/1018/1245 5937/1015/1244 5905/1015/908 
f 5909/1019/903 5520/1019/1044 5523/1021/1047 5911/1021/901 
f 5910/1020/904 5939/1020/1246 5938/1018/1245 5908/1018/906 
f 5911/1021/901 5523/1021/1047 5526/1023/1050 5913/1023/897 
f 5912/1022/902 5940/1022/1247 5939/1020/1246 5910/1020/904 
f 5913/1023/897 5526/1023/1050 5529/1025/1053 5915/1025/898 
f 5914/1024/900 5941/1024/1248 5940/1022/1247 5912/1022/902 
f 5887/997/937 5570/997/1094 5531/983/1055 5873/983/911 
f 5916/1026/899 5942/1026/1249 5941/1024/1248 5914/1024/900 
f 5901/1011/1221 5576/1011/1100 5552/985/1076 5875/985/1219 
f 5874/984/914 5921/984/1228 5928/998/1235 5888/998/938 
f 5915/1025/898 5529/1025/1053 5507/999/1031 5889/999/939 
f 5861/971/921 5547/971/1071 5550/972/1074 5862/972/1217 
f 5878/988/928 5922/988/1229 5935/1012/1242 5902/1012/952 
f 5862/972/1217 5550/972/1074 5510/1013/1034 5903/1013/1222 
f 5865/975/1218 5544/975/1068 5547/971/1071 5861/971/921 
f 5892/1002/942 5929/1002/1236 5942/1026/1249 5916/1026/899 
f 5863/973/924 5860/973/1216 5859/974/1215 5864/974/922 
f 5867/977/917 5541/977/1065 5544/975/1068 5865/975/1218 
f 5943/1027/1250 5944/1028/1251 5945/1029/1252 5946/1030/1253 
f 5946/1030/1253 5945/1029/1252 5947/1031/1254 5948/1032/1255 
f 5948/1032/1255 5947/1031/1254 5949/1033/1256 5950/1034/1257 
f 5950/1034/1257 5949/1033/1256 5944/1035/1251 5943/1036/1250 
f 5946/1037/1253 5948/1032/1255 5950/1034/1257 5943/1038/1250 
f 5947/1031/1254 5945/1039/1252 5944/1040/1251 5949/1033/1256 
f 5951/1193/992 5952/974/1258 5953/973/1259 5954/1194/989 
f 5955/1195/992 5956/976/1260 5952/974/1258 5951/1193/992 
f 5957/1196/992 5958/978/1261 5956/976/1260 5955/1195/992 
f 5959/1197/992 5960/980/1262 5958/978/1261 5957/1196/992 
f 5961/1198/989 5962/982/1263 5960/980/1262 5959/1197/992 
f 5963/1199/989 5964/984/1264 5962/982/1263 5961/1198/989 
f 5965/1200/989 5966/988/1265 5967/987/1266 5968/1201/992 
f 5968/1201/992 5967/987/1266 5969/990/1267 5970/1202/992 
f 5970/1202/992 5969/990/1267 5971/992/1268 5972/1203/992 
f 5972/1203/992 5971/992/1268 5973/994/1269 5974/1204/992 
f 5974/1204/992 5973/994/1269 5975/996/1270 5976/1205/992 
f 5976/1205/992 5975/996/1270 5977/998/1271 5978/1206/989 
f 5979/1207/992 5980/1002/1272 5981/1001/1273 5982/1208/992 
f 5982/1208/992 5981/1001/1273 5983/1004/1274 5984/1209/992 
f 5984/1209/992 5983/1004/1274 5985/1006/1275 5986/1210/989 
f 5986/1210/989 5985/1006/1275 5987/1008/1276 5988/1211/989 
f 5988/1211/989 5987/1008/1276 5989/1010/1277 5990/1212/989 
f 5990/1212/989 5989/1010/1277 5991/1012/1278 5992/1213/989 
f 5993/1214/992 5994/1016/1279 5995/1015/1280 5996/1215/992 
f 5996/1215/992 5995/1015/1280 5997/1018/1281 5998/1216/989 
f 5998/1216/989 5997/1018/1281 5999/1020/1282 6000/1217/989 
f 6000/1217/989 5999/1020/1282 6001/1022/1283 6002/1218/989 
f 6002/1218/989 6001/1022/1283 6003/1024/1284 6004/1219/992 
f 6004/1219/992 6003/1024/1284 6005/1026/1285 6006/1220/992 
f 5978/1206/989 5977/998/1271 5964/984/1264 5963/1199/989 
f 5992/1213/989 5991/1012/1278 5966/988/1265 5965/1200/989 
f 6006/1220/992 6005/1026/1285 5980/1002/1272 5979/1207/992 
f 5954/1194/989 5953/973/1259 5994/1016/1279 5993/1214/992 
f 6007/1016/953 5994/1016/1279 5953/973/1259 6008/973/954 
f 6009/974/955 5952/974/1258 5956/976/1260 6010/976/956 
f 6011/979/957 6012/979/1286 6013/977/1287 6014/977/958 
f 6010/976/956 5956/976/1260 5958/978/1261 6015/978/959 
f 6016/981/960 6017/981/1288 6012/979/1286 6011/979/957 
f 6015/978/959 5958/978/1261 5960/980/1262 6018/980/961 
f 6019/983/962 6020/983/1289 6017/981/1288 6016/981/960 
f 6018/980/961 5960/980/1262 5962/982/1263 6021/982/963 
f 6022/985/953 6023/985/1290 6024/986/1291 6025/986/964 
f 6021/982/963 5962/982/1263 5964/984/1264 6026/984/965 
f 6025/986/964 6024/986/1291 6027/989/1292 6028/989/966 
f 6029/987/967 5967/987/1266 5966/988/1265 6030/988/968 
f 6028/989/966 6027/989/1292 6031/991/1293 6032/991/969 
f 6033/990/970 5969/990/1267 5967/987/1266 6029/987/967 
f 6032/991/969 6031/991/1293 6034/993/1294 6035/993/971 
f 6036/992/972 5971/992/1268 5969/990/1267 6033/990/970 
f 6035/993/971 6034/993/1294 6037/995/1295 6038/995/973 
f 6039/994/974 5973/994/1269 5971/992/1268 6036/992/972 
f 6038/995/973 6037/995/1295 6040/997/1296 6041/997/975 
f 6042/996/976 5975/996/1270 5973/994/1269 6039/994/974 
f 6043/999/965 6044/999/1297 6045/1000/1298 6046/1000/963 
f 6047/998/977 5977/998/1271 5975/996/1270 6042/996/976 
f 6046/1000/963 6045/1000/1298 6048/1003/1299 6049/1003/961 
f 6050/1001/960 5981/1001/1273 5980/1002/1272 6051/1002/962 
f 6049/1003/961 6048/1003/1299 6052/1005/1300 6053/1005/959 
f 6054/1004/957 5983/1004/1274 5981/1001/1273 6050/1001/960 
f 6053/1005/959 6052/1005/1300 6055/1007/1301 6056/1007/956 
f 6057/1006/958 5985/1006/1275 5983/1004/1274 6054/1004/957 
f 6056/1007/956 6055/1007/1301 6058/1009/1302 6059/1009/955 
f 6060/1008/978 5987/1008/1276 5985/1006/1275 6057/1006/958 
f 6059/1009/955 6058/1009/1302 6061/1011/1303 6062/1011/954 
f 6063/1010/979 5989/1010/1277 5987/1008/1276 6060/1008/978 
f 6064/1013/968 6065/1013/1304 6066/1014/1305 6067/1014/967 
f 6068/1012/980 5991/1012/1278 5989/1010/1277 6063/1010/979 
f 6067/1014/967 6066/1014/1305 6069/1017/1306 6070/1017/970 
f 6071/1015/964 5995/1015/1280 5994/1016/1279 6007/1016/953 
f 6070/1017/970 6069/1017/1306 6072/1019/1307 6073/1019/972 
f 6074/1018/966 5997/1018/1281 5995/1015/1280 6071/1015/964 
f 6073/1019/972 6072/1019/1307 6075/1021/1308 6076/1021/974 
f 6077/1020/969 5999/1020/1282 5997/1018/1281 6074/1018/966 
f 6076/1021/974 6075/1021/1308 6078/1023/1309 6079/1023/976 
f 6080/1022/971 6001/1022/1283 5999/1020/1282 6077/1020/969 
f 6079/1023/976 6078/1023/1309 6081/1025/1310 6082/1025/977 
f 6083/1024/973 6003/1024/1284 6001/1022/1283 6080/1022/971 
f 6041/997/975 6040/997/1296 6020/983/1289 6019/983/962 
f 6084/1026/975 6005/1026/1285 6003/1024/1284 6083/1024/973 
f 6062/1011/954 6061/1011/1303 6023/985/1290 6022/985/953 
f 6026/984/965 5964/984/1264 5977/998/1271 6047/998/977 
f 6082/1025/977 6081/1025/1310 6044/999/1297 6043/999/965 
f 6085/971/979 6086/971/1311 6087/972/1312 6088/972/980 
f 6030/988/968 5966/988/1265 5991/1012/1278 6068/1012/980 
f 6088/972/980 6087/972/1312 6065/1013/1304 6064/1013/968 
f 6089/975/978 6090/975/1313 6086/971/1311 6085/971/979 
f 6051/1002/962 5980/1002/1272 6005/1026/1285 6084/1026/975 
f 6008/973/954 5953/973/1259 5952/974/1258 6009/974/955 
f 6014/977/958 6013/977/1287 6090/975/1313 6089/975/978 
f 6091/1069/1314 6092/1070/1315 6093/1071/1316 6094/1072/1317 
f 6094/1072/1317 6093/1071/1316 6095/1073/1318 6096/1074/1319 
f 6096/1074/1319 6095/1073/1318 6097/1075/1320 6098/1076/1321 
f 6098/1076/1321 6097/1075/1320 6099/1077/1322 6100/1039/1323 
f 6100/1039/1323 6099/1077/1322 6101/1078/1324 6102/1079/1325 
f 6102/1079/1325 6101/1078/1324 6103/1080/1326 6104/1081/1327 
f 6104/1081/1327 6103/1080/1326 6105/1082/1328 6106/1083/1329 
f 6106/1083/1329 6105/1082/1328 6107/1084/1330 6108/1085/1331 
f 6108/1085/1331 6107/1084/1330 6109/1086/1332 6110/1087/1333 
f 6110/1087/1333 6109/1086/1332 6111/1088/1334 6112/1089/1335 
f 6112/1089/1335 6111/1088/1334 6113/1090/1336 6114/1091/1337 
f 6114/1091/1337 6113/1090/1336 6115/1035/1338 6116/1031/1339 
f 6116/1031/1339 6115/1035/1338 6117/1092/1340 6118/1093/1341 
f 6118/1093/1341 6117/1092/1340 6119/1094/1342 6120/1095/1343 
f 6120/1095/1343 6119/1094/1342 6121/1096/1344 6122/1097/1345 
f 6122/1097/1345 6121/1096/1344 6123/1098/1346 6124/1099/1347 
f 6124/1099/1347 6123/1098/1346 6125/1100/1348 6126/1101/1349 
f 6126/1101/1349 6125/1100/1348 6127/1102/1350 6128/1103/1351 
f 6128/1103/1351 6127/1102/1350 6129/1104/1352 6130/1105/1353 
f 6130/1105/1353 6129/1104/1352 6131/1036/1354 6132/1032/1355 
f 6132/1032/1355 6131/1036/1354 6133/1106/1356 6134/1107/1357 
f 6134/1107/1357 6133/1106/1356 6135/1108/1358 6136/1109/1359 
f 6136/1109/1359 6135/1108/1358 6137/1110/1360 6138/1111/1361 
f 6138/1111/1361 6137/1110/1360 6139/1112/1362 6140/1113/1363 
f 6140/1113/1363 6139/1112/1362 6141/1114/1364 6142/1115/1365 
f 6142/1115/1365 6141/1114/1364 6143/1116/1366 6144/1117/1367 
f 6144/1117/1367 6143/1116/1366 6145/1118/1368 6146/1119/1369 
f 6146/1119/1369 6145/1118/1368 6147/1120/1370 6148/1037/1371 
f 6148/1037/1371 6147/1120/1370 6149/1121/1372 6150/1122/1373 
f 6150/1122/1373 6149/1121/1372 6151/1123/1374 6152/1124/1375 
f 6093/1125/1316 6092/1126/1315 6153/1127/1376 6151/1128/1374 6149/1129/1372 6147/1130/1370 6145/1131/1368 6143/1132/1366 6141/1133/1364 6139/1134/1362 6137/1135/1360 6135/1136/1358 6133/1137/1356 6131/1138/1354 6129/1139/1352 6127/1140/1350 6125/1141/1348 6123/1142/1346 6121/1143/1344 6119/1144/1342 6117/1145/1340 6115/1146/1338 6113/1147/1336 6111/1148/1334 6109/1149/1332 6107/1150/1330 6105/1151/1328 6103/1152/1326 6101/1153/1324 6099/1154/1322 6097/1155/1320 6095/1156/1318 
f 6152/1124/1375 6151/1123/1374 6153/1157/1376 6154/1158/1377 
f 6154/1158/1377 6153/1157/1376 6092/1159/1315 6091/1160/1314 
f 6091/1161/1314 6094/1162/1317 6096/1163/1319 6098/1164/1321 6100/1165/1323 6102/1166/1325 6104/1167/1327 6106/1168/1329 6108/1169/1331 6110/1170/1333 6112/1171/1335 6114/1172/1337 6116/1173/1339 6118/1174/1341 6120/1175/1343 6122/1176/1345 6124/1177/1347 6126/1178/1349 6128/1179/1351 6130/1180/1353 6132/1181/1355 6134/1182/1357 6136/1183/1359 6138/1184/1361 6140/1185/1363 6142/1186/1365 6144/1187/1367 6146/1188/1369 6148/1189/1371 6150/1190/1373 6152/1191/1375 6154/1192/1377 
f 6155/1069/1314 6156/1070/1315 6157/1071/1316 6158/1072/1317 
f 6158/1072/1317 6157/1071/1316 6159/1073/1318 6160/1074/1319 
f 6160/1074/1319 6159/1073/1318 6161/1075/1320 6162/1076/1321 
f 6162/1076/1321 6161/1075/1320 6163/1077/1322 6164/1039/1323 
f 6164/1039/1323 6163/1077/1322 6165/1078/1324 6166/1079/1325 
f 6166/1079/1325 6165/1078/1324 6167/1080/1378 6168/1081/1379 
f 6168/1081/1379 6167/1080/1378 6169/1082/1328 6170/1083/1329 
f 6170/1083/1329 6169/1082/1328 6171/1084/1330 6172/1085/1331 
f 6172/1085/1331 6171/1084/1330 6173/1086/1332 6174/1087/1333 
f 6174/1087/1333 6173/1086/1332 6175/1088/1380 6176/1089/1381 
f 6176/1089/1381 6175/1088/1380 6177/1090/1336 6178/1091/1337 
f 6178/1091/1337 6177/1090/1336 6179/1035/1338 6180/1031/1339 
f 6180/1031/1339 6179/1035/1338 6181/1092/1340 6182/1093/1341 
f 6182/1093/1341 6181/1092/1340 6183/1094/1382 6184/1095/1383 
f 6184/1095/1383 6183/1094/1382 6185/1096/1344 6186/1097/1345 
f 6186/1097/1345 6185/1096/1344 6187/1098/1346 6188/1099/1347 
f 6188/1099/1347 6187/1098/1346 6189/1100/1348 6190/1101/1349 
f 6190/1101/1349 6189/1100/1348 6191/1102/1384 6192/1103/1385 
f 6192/1103/1385 6191/1102/1384 6193/1104/1352 6194/1105/1353 
f 6194/1105/1353 6193/1104/1352 6195/1036/1354 6196/1032/1355 
f 6196/1032/1355 6195/1036/1354 6197/1106/1356 6198/1107/1357 
f 6198/1107/1357 6197/1106/1356 6199/1108/1358 6200/1109/1359 
f 6200/1109/1359 6199/1108/1358 6201/1110/1360 6202/1111/1361 
f 6202/1111/1361 6201/1110/1360 6203/1112/1362 6204/1113/1363 
f 6204/1113/1363 6203/1112/1362 6205/1114/1364 6206/1115/1365 
f 6206/1115/1365 6205/1114/1364 6207/1116/1366 6208/1117/1367 
f 6208/1117/1367 6207/1116/1366 6209/1118/1368 6210/1119/1369 
f 6210/1119/1369 6209/1118/1368 6211/1120/1370 6212/1037/1371 
f 6212/1037/1371 6211/1120/1370 6213/1121/1372 6214/1122/1373 
f 6214/1122/1373 6213/1121/1372 6215/1123/1374 6216/1124/1375 
f 6157/1125/1316 6156/1126/1315 6217/1127/1376 6215/1128/1374 6213/1129/1372 6211/1130/1370 6209/1131/1368 6207/1132/1366 6205/1133/1364 6203/1134/1362 6201/1135/1360 6199/1136/1358 6197/1137/1356 6195/1138/1354 6193/1139/1352 6191/1140/1384 6189/1141/1348 6187/1142/1346 6185/1143/1344 6183/1144/1382 6181/1145/1340 6179/1146/1338 6177/1147/1336 6175/1148/1380 6173/1149/1332 6171/1150/1330 6169/1151/1328 6167/1152/1378 6165/1153/1324 6163/1154/1322 6161/1155/1320 6159/1156/1318 
f 6216/1124/1375 6215/1123/1374 6217/1157/1376 6218/1158/1377 
f 6218/1158/1377 6217/1157/1376 6156/1159/1315 6155/1160/1314 
f 6155/1161/1314 6158/1162/1317 6160/1163/1319 6162/1164/1321 6164/1165/1323 6166/1166/1325 6168/1167/1379 6170/1168/1329 6172/1169/1331 6174/1170/1333 6176/1171/1381 6178/1172/1337 6180/1173/1339 6182/1174/1341 6184/1175/1383 6186/1176/1345 6188/1177/1347 6190/1178/1349 6192/1179/1385 6194/1180/1353 6196/1181/1355 6198/1182/1357 6200/1183/1359 6202/1184/1361 6204/1185/1363 6206/1186/1365 6208/1187/1367 6210/1188/1369 6212/1189/1371 6214/1190/1373 6216/1191/1375 6218/1192/1377 
f 6219/1069/1314 6220/1070/1315 6221/1071/1316 6222/1072/1317 
f 6222/1072/1317 6221/1071/1316 6223/1073/1386 6224/1074/1387 
f 6224/1074/1387 6223/1073/1386 6225/1075/1320 6226/1076/1321 
f 6226/1076/1321 6225/1075/1320 6227/1077/1322 6228/1039/1323 
f 6228/1039/1323 6227/1077/1322 6229/1078/1324 6230/1079/1325 
f 6230/1079/1325 6229/1078/1324 6231/1080/1326 6232/1081/1327 
f 6232/1081/1327 6231/1080/1326 6233/1082/1328 6234/1083/1329 
f 6234/1083/1329 6233/1082/1328 6235/1084/1330 6236/1085/1331 
f 6236/1085/1331 6235/1084/1330 6237/1086/1332 6238/1087/1333 
f 6238/1087/1333 6237/1086/1332 6239/1088/1334 6240/1089/1335 
f 6240/1089/1335 6239/1088/1334 6241/1090/1336 6242/1091/1337 
f 6242/1091/1337 6241/1090/1336 6243/1035/1338 6244/1031/1339 
f 6244/1031/1339 6243/1035/1338 6245/1092/1340 6246/1093/1341 
f 6246/1093/1341 6245/1092/1340 6247/1094/1342 6248/1095/1343 
f 6248/1095/1343 6247/1094/1342 6249/1096/1344 6250/1097/1345 
f 6250/1097/1345 6249/1096/1344 6251/1098/1346 6252/1099/1347 
f 6252/1099/1347 6251/1098/1346 6253/1100/1348 6254/1101/1349 
f 6254/1101/1349 6253/1100/1348 6255/1102/1384 6256/1103/1385 
f 6256/1103/1385 6255/1102/1384 6257/1104/1352 6258/1105/1353 
f 6258/1105/1353 6257/1104/1352 6259/1036/1354 6260/1032/1355 
f 6260/1032/1355 6259/1036/1354 6261/1106/1356 6262/1107/1357 
f 6262/1107/1357 6261/1106/1356 6263/1108/1388 6264/1109/1389 
f 6264/1109/1389 6263/1108/1388 6265/1110/1360 6266/1111/1361 
f 6266/1111/1361 6265/1110/1360 6267/1112/1362 6268/1113/1363 
f 6268/1113/1363 6267/1112/1362 6269/1114/1364 6270/1115/1365 
f 6270/1115/1365 6269/1114/1364 6271/1116/1390 6272/1117/1391 
f 6272/1117/1391 6271/1116/1390 6273/1118/1368 6274/1119/1369 
f 6274/1119/1369 6273/1118/1368 6275/1120/1370 6276/1037/1371 
f 6276/1037/1371 6275/1120/1370 6277/1121/1372 6278/1122/1373 
f 6278/1122/1373 6277/1121/1372 6279/1123/1374 6280/1124/1375 
f 6221/1125/1316 6220/1126/1315 6281/1127/1376 6279/1128/1374 6277/1129/1372 6275/1130/1370 6273/1131/1368 6271/1132/1390 6269/1133/1364 6267/1134/1362 6265/1135/1360 6263/1136/1388 6261/1137/1356 6259/1138/1354 6257/1139/1352 6255/1140/1384 6253/1141/1348 6251/1142/1346 6249/1143/1344 6247/1144/1342 6245/1145/1340 6243/1146/1338 6241/1147/1336 6239/1148/1334 6237/1149/1332 6235/1150/1330 6233/1151/1328 6231/1152/1326 6229/1153/1324 6227/1154/1322 6225/1155/1320 6223/1156/1386 
f 6280/1124/1375 6279/1123/1374 6281/1157/1376 6282/1158/1377 
f 6282/1158/1377 6281/1157/1376 6220/1159/1315 6219/1160/1314 
f 6219/1161/1314 6222/1162/1317 6224/1163/1387 6226/1164/1321 6228/1165/1323 6230/1166/1325 6232/1167/1327 6234/1168/1329 6236/1169/1331 6238/1170/1333 6240/1171/1335 6242/1172/1337 6244/1173/1339 6246/1174/1341 6248/1175/1343 6250/1176/1345 6252/1177/1347 6254/1178/1349 6256/1179/1385 6258/1180/1353 6260/1181/1355 6262/1182/1357 6264/1183/1389 6266/1184/1361 6268/1185/1363 6270/1186/1365 6272/1187/1391 6274/1188/1369 6276/1189/1371 6278/1190/1373 6280/1191/1375 6282/1192/1377 
f 6283/1069/1392 6284/1070/1393 6285/1071/1316 6286/1072/1317 
f 6286/1072/1317 6285/1071/1316 6287/1073/1318 6288/1074/1319 
f 6288/1074/1319 6287/1073/1318 6289/1075/1320 6290/1076/1321 
f 6290/1076/1321 6289/1075/1320 6291/1077/1322 6292/1039/1323 
f 6292/1039/1323 6291/1077/1322 6293/1078/1324 6294/1079/1325 
f 6294/1079/1325 6293/1078/1324 6295/1080/1326 6296/1081/1327 
f 6296/1081/1327 6295/1080/1326 6297/1082/1328 6298/1083/1329 
f 6298/1083/1329 6297/1082/1328 6299/1084/1330 6300/1085/1331 
f 6300/1085/1331 6299/1084/1330 6301/1086/1332 6302/1087/1333 
f 6302/1087/1333 6301/1086/1332 6303/1088/1334 6304/1089/1335 
f 6304/1089/1335 6303/1088/1334 6305/1090/1336 6306/1091/1337 
f 6306/1091/1337 6305/1090/1336 6307/1035/1338 6308/1031/1339 
f 6308/1031/1339 6307/1035/1338 6309/1092/1340 6310/1093/1341 
f 6310/1093/1341 6309/1092/1340 6311/1094/1382 6312/1095/1383 
f 6312/1095/1383 6311/1094/1382 6313/1096/1344 6314/1097/1345 
f 6314/1097/1345 6313/1096/1344 6315/1098/1346 6316/1099/1347 
f 6316/1099/1347 6315/1098/1346 6317/1100/1348 6318/1101/1349 
f 6318/1101/1349 6317/1100/1348 6319/1102/1384 6320/1103/1385 
f 6320/1103/1385 6319/1102/1384 6321/1104/1352 6322/1105/1353 
f 6322/1105/1353 6321/1104/1352 6323/1036/1354 6324/1032/1355 
f 6324/1032/1355 6323/1036/1354 6325/1106/1356 6326/1107/1357 
f 6326/1107/1357 6325/1106/1356 6327/1108/1358 6328/1109/1359 
f 6328/1109/1359 6327/1108/1358 6329/1110/1360 6330/1111/1361 
f 6330/1111/1361 6329/1110/1360 6331/1112/1362 6332/1113/1363 
f 6332/1113/1363 6331/1112/1362 6333/1114/1364 6334/1115/1365 
f 6334/1115/1365 6333/1114/1364 6335/1116/1366 6336/1117/1367 
f 6336/1117/1367 6335/1116/1366 6337/1118/1368 6338/1119/1369 
f 6338/1119/1369 6337/1118/1368 6339/1120/1370 6340/1037/1371 
f 6340/1037/1371 6339/1120/1370 6341/1121/1372 6342/1122/1373 
f 6342/1122/1373 6341/1121/1372 6343/1123/1394 6344/1124/1395 
f 6285/1125/1316 6284/1126/1393 6345/1127/1376 6343/1128/1394 6341/1129/1372 6339/1130/1370 6337/1131/1368 6335/1132/1366 6333/1133/1364 6331/1134/1362 6329/1135/1360 6327/1136/1358 6325/1137/1356 6323/1138/1354 6321/1139/1352 6319/1140/1384 6317/1141/1348 6315/1142/1346 6313/1143/1344 6311/1144/1382 6309/1145/1340 6307/1146/1338 6305/1147/1336 6303/1148/1334 6301/1149/1332 6299/1150/1330 6297/1151/1328 6295/1152/1326 6293/1153/1324 6291/1154/1322 6289/1155/1320 6287/1156/1318 
f 6344/1124/1395 6343/1123/1394 6345/1157/1376 6346/1158/1377 
f 6346/1158/1377 6345/1157/1376 6284/1159/1393 6283/1160/1392 
f 6283/1161/1392 6286/1162/1317 6288/1163/1319 6290/1164/1321 6292/1165/1323 6294/1166/1325 6296/1167/1327 6298/1168/1329 6300/1169/1331 6302/1170/1333 6304/1171/1335 6306/1172/1337 6308/1173/1339 6310/1174/1341 6312/1175/1383 6314/1176/1345 6316/1177/1347 6318/1178/1349 6320/1179/1385 6322/1180/1353 6324/1181/1355 6326/1182/1357 6328/1183/1359 6330/1184/1361 6332/1185/1363 6334/1186/1365 6336/1187/1367 6338/1188/1369 6340/1189/1371 6342/1190/1373 6344/1191/1395 6346/1192/1377 
f 6347/1027/1396 6348/1028/1397 6349/1029/1398 6350/1030/1399 
f 6350/1030/1399 6349/1029/1398 6351/1031/1400 6352/1032/1401 
f 6352/1032/1401 6351/1031/1400 6353/1033/1402 6354/1034/1403 
f 6354/1034/1403 6353/1033/1402 6348/1035/1397 6347/1036/1396 
f 6350/1037/1399 6352/1032/1401 6354/1034/1403 6347/1038/1396 
f 6351/1031/1400 6349/1039/1398 6348/1040/1397 6353/1033/1402 
f 6355/1027/1404 6356/1028/1405 6357/1029/1406 6358/1030/1407 
f 6358/1030/1407 6357/1029/1406 6359/1031/1408 6360/1032/1409 
f 6360/1032/1409 6359/1031/1408 6361/1033/1410 6362/1034/1411 
f 6362/1034/1411 6361/1033/1410 6356/1035/1405 6355/1036/1404 
f 6358/1037/1407 6360/1032/1409 6362/1034/1411 6355/1038/1404 
f 6359/1031/1408 6357/1039/1406 6356/1040/1405 6361/1033/1410 
f 6363/1027/1412 6364/1028/1413 6365/1029/1414 6366/1030/1415 
f 6366/1030/1415 6365/1029/1414 6367/1031/1416 6368/1032/1417 
f 6368/1032/1417 6367/1031/1416 6369/1033/1418 6370/1034/1419 
f 6370/1034/1419 6369/1033/1418 6364/1035/1413 6363/1036/1412 
f 6366/1037/1415 6368/1032/1417 6370/1034/1419 6363/1038/1412 
f 6367/1031/1416 6365/1039/1414 6364/1040/1413 6369/1033/1418 
f 5935/973/1242 5496/973/1020 5497/974/1021 5934/974/1241 
f 5921/1002/1228 5539/1002/1063 5572/1026/1096 5928/1026/1235 
f 5936/988/1243 5518/988/1042 5556/1012/1080 5860/1012/1216 
f 5929/984/1236 5514/984/1038 5535/998/1059 5942/998/1249 
f 5928/1026/1235 5572/1026/1096 5571/1024/1095 5927/1024/1234 
f 5927/1024/1234 5571/1024/1095 5568/1022/1092 5926/1022/1233 
f 5926/1022/1233 5568/1022/1092 5565/1020/1089 5925/1020/1232 
f 5925/1020/1232 5565/1020/1089 5562/1018/1086 5924/1018/1231 
f 5924/1018/1231 5562/1018/1086 5559/1015/1083 5923/1015/1230 
f 5923/1015/1230 5559/1015/1083 5495/1016/1019 5922/1016/1229 
f 5860/1012/1216 5556/1012/1080 5551/1010/1075 5859/1010/1215 
f 5859/1010/1215 5551/1010/1075 5548/1008/1072 5917/1008/1224 
f 5917/1008/1224 5548/1008/1072 5545/1006/1069 5918/1006/1225 
f 5918/1006/1225 5545/1006/1069 5542/1004/1066 5919/1004/1226 
f 5919/1004/1226 5542/1004/1066 5538/1001/1062 5920/1001/1227 
f 5920/1001/1227 5538/1001/1062 5539/1002/1063 5921/1002/1228 
f 5942/998/1249 5535/998/1059 5530/996/1054 5941/996/1248 
f 5941/996/1248 5530/996/1054 5527/994/1051 5940/994/1247 
f 5940/994/1247 5527/994/1051 5524/992/1048 5939/992/1246 
f 5939/992/1246 5524/992/1048 5521/990/1045 5938/990/1245 
f 5938/990/1245 5521/990/1045 5517/987/1041 5937/987/1244 
f 5937/987/1244 5517/987/1041 5518/988/1042 5936/988/1243 
f 5930/982/1237 5509/982/1033 5514/984/1038 5929/984/1236 
f 5931/980/1238 5506/980/1030 5509/982/1033 5930/982/1237 
f 5932/978/1239 5503/978/1027 5506/980/1030 5931/980/1238 
f 5933/976/1240 5498/976/1022 5503/978/1027 5932/978/1239 
f 5934/974/1241 5497/974/1021 5498/976/1022 5933/976/1240 
f 5922/1016/1229 5495/1016/1019 5496/973/1020 5935/973/1242 
f 5575/972/1099 6371/1221/992 6372/1222/989 5553/1013/1077 
f 5569/1025/1093 6373/1223/992 6374/1224/989 5532/999/1056 
f 5549/1011/1073 6375/1225/989 6376/1226/992 5511/985/1035 
f 5528/997/1052 6377/1227/992 6378/1228/992 5508/983/1032 
f 5566/1023/1090 6379/1229/992 6373/1223/992 5569/1025/1093 
f 5563/1021/1087 6380/1230/989 6379/1229/992 5566/1023/1090 
f 5560/1019/1084 6381/1231/989 6380/1230/989 5563/1021/1087 
f 5557/1017/1081 6382/1232/989 6381/1231/989 5560/1019/1084 
f 5554/1014/1078 6383/1233/989 6382/1232/989 5557/1017/1081 
f 5553/1013/1077 6372/1222/989 6383/1233/989 5554/1014/1078 
f 5546/1009/1070 6384/1234/989 6375/1225/989 5549/1011/1073 
f 5543/1007/1067 6385/1235/992 6384/1234/989 5546/1009/1070 
f 5540/1005/1064 6386/1236/992 6385/1235/992 5543/1007/1067 
f 5536/1003/1060 6387/1237/992 6386/1236/992 5540/1005/1064 
f 5533/1000/1057 6388/1238/992 6387/1237/992 5536/1003/1060 
f 5532/999/1056 6374/1224/989 6388/1238/992 5533/1000/1057 
f 5525/995/1049 6389/1239/989 6377/1227/992 5528/997/1052 
f 5522/993/1046 6390/1240/989 6389/1239/989 5525/995/1049 
f 5519/991/1043 6391/1241/992 6390/1240/989 5522/993/1046 
f 5515/989/1039 6392/1242/992 6391/1241/992 5519/991/1043 
f 5512/986/1036 6393/1243/992 6392/1242/992 5515/989/1039 
f 5511/985/1035 6376/1226/992 6393/1243/992 5512/986/1036 
f 5508/983/1032 6378/1228/992 6394/1244/989 5505/981/1029 
f 5505/981/1029 6394/1244/989 6395/1245/989 5500/979/1024 
f 5500/979/1024 6395/1245/989 6396/1246/989 5501/977/1025 
f 5501/977/1025 6396/1246/989 6397/1247/989 5578/975/1102 
f 5578/975/1102 6397/1247/989 6398/1248/992 5574/971/1098 
f 5574/971/1098 6398/1248/992 6371/1221/992 5575/972/1099 
f 6371/1221/992 5442/1042/989 5481/1062/989 6372/1222/989 
f 6373/1223/992 5494/1068/992 5467/1055/989 6374/1224/989 
f 6375/1225/989 5480/1061/992 5453/1048/992 6376/1226/992 
f 6377/1227/992 5466/1054/989 5451/1047/989 6378/1228/992 
f 6379/1229/992 5492/1067/989 5494/1068/992 6373/1223/992 
f 6380/1230/989 5490/1066/989 5492/1067/989 6379/1229/992 
f 6381/1231/989 5488/1065/989 5490/1066/989 6380/1230/989 
f 6382/1232/989 5486/1064/992 5488/1065/989 6381/1231/989 
f 6383/1233/989 5484/1063/992 5486/1064/992 6382/1232/989 
f 6372/1222/989 5481/1062/989 5484/1063/992 6383/1233/989 
f 6384/1234/989 5478/1060/992 5480/1061/992 6375/1225/989 
f 6385/1235/992 5476/1059/989 5478/1060/992 6384/1234/989 
f 6386/1236/992 5474/1058/989 5476/1059/989 6385/1235/992 
f 6387/1237/992 5472/1057/992 5474/1058/989 6386/1236/992 
f 6388/1238/992 5470/1056/989 5472/1057/992 6387/1237/992 
f 6374/1224/989 5467/1055/989 5470/1056/989 6388/1238/992 
f 6389/1239/989 5464/1053/989 5466/1054/989 6377/1227/992 
f 6390/1240/989 5462/1052/989 5464/1053/989 6389/1239/989 
f 6391/1241/992 5460/1051/992 5462/1052/989 6390/1240/989 
f 6392/1242/992 5458/1050/992 5460/1051/992 6391/1241/992 
f 6393/1243/992 5456/1049/989 5458/1050/992 6392/1242/992 
f 6376/1226/992 5453/1048/992 5456/1049/989 6393/1243/992 
f 6378/1228/992 5451/1047/989 5449/1046/992 6394/1244/989 
f 6394/1244/989 5449/1046/992 5447/1045/992 6395/1245/989 
f 6395/1245/989 5447/1045/992 5445/1044/992 6396/1246/989 
f 6396/1246/989 5445/1044/992 5443/1043/992 6397/1247/989 
f 6397/1247/989 5443/1043/992 5439/1041/989 6398/1248/992 
f 6398/1248/992 5439/1041/989 5442/1042/989 6371/1221/992 
f 6399/973/954 6008/973/954 6009/974/955 6400/974/955 
f 6401/1002/962 6051/1002/962 6084/1026/975 6402/1026/975 
f 6403/988/968 6030/988/968 6068/1012/980 6404/1012/980 
f 6405/984/965 6026/984/965 6047/998/977 6406/998/977 
f 6402/1026/975 6084/1026/975 6083/1024/973 6407/1024/973 
f 6407/1024/973 6083/1024/973 6080/1022/971 6408/1022/971 
f 6408/1022/971 6080/1022/971 6077/1020/969 6409/1020/969 
f 6409/1020/969 6077/1020/969 6074/1018/966 6410/1018/966 
f 6410/1018/966 6074/1018/966 6071/1015/964 6411/1015/964 
f 6411/1015/964 6071/1015/964 6007/1016/953 6412/1016/953 
f 6404/1012/980 6068/1012/980 6063/1010/979 6413/1010/979 
f 6413/1010/979 6063/1010/979 6060/1008/978 6414/1008/978 
f 6414/1008/978 6060/1008/978 6057/1006/958 6415/1006/958 
f 6415/1006/958 6057/1006/958 6054/1004/957 6416/1004/957 
f 6416/1004/957 6054/1004/957 6050/1001/960 6417/1001/960 
f 6417/1001/960 6050/1001/960 6051/1002/962 6401/1002/962 
f 6406/998/977 6047/998/977 6042/996/976 6418/996/976 
f 6418/996/976 6042/996/976 6039/994/974 6419/994/974 
f 6419/994/974 6039/994/974 6036/992/972 6420/992/972 
f 6420/992/972 6036/992/972 6033/990/970 6421/990/970 
f 6421/990/970 6033/990/970 6029/987/967 6422/987/967 
f 6422/987/967 6029/987/967 6030/988/968 6403/988/968 
f 6423/982/963 6021/982/963 6026/984/965 6405/984/965 
f 6424/980/961 6018/980/961 6021/982/963 6423/982/963 
f 6425/978/959 6015/978/959 6018/980/961 6424/980/961 
f 6426/976/956 6010/976/956 6015/978/959 6425/978/959 
f 6400/974/955 6009/974/955 6010/976/956 6426/976/956 
f 6412/1016/953 6007/1016/953 6008/973/954 6399/973/954 
f 6427/1016/953 6412/1016/953 6399/973/954 6428/973/954 
f 6429/974/955 6400/974/955 6426/976/956 6430/976/956 
f 6430/976/956 6426/976/956 6425/978/959 6431/978/959 
f 6431/978/959 6425/978/959 6424/980/961 6432/980/961 
f 6432/980/961 6424/980/961 6423/982/963 6433/982/963 
f 6433/982/963 6423/982/963 6405/984/965 6434/984/965 
f 6435/987/967 6422/987/967 6403/988/968 6436/988/968 
f 6437/990/970 6421/990/970 6422/987/967 6435/987/967 
f 6438/992/972 6420/992/972 6421/990/970 6437/990/970 
f 6439/994/974 6419/994/974 6420/992/972 6438/992/972 
f 6440/996/976 6418/996/976 6419/994/974 6439/994/974 
f 6441/998/977 6406/998/977 6418/996/976 6440/996/976 
f 6442/1001/960 6417/1001/960 6401/1002/962 6443/1002/962 
f 6444/1004/957 6416/1004/957 6417/1001/960 6442/1001/960 
f 6445/1006/958 6415/1006/958 6416/1004/957 6444/1004/957 
f 6446/1008/978 6414/1008/978 6415/1006/958 6445/1006/958 
f 6447/1010/979 6413/1010/979 6414/1008/978 6446/1008/978 
f 6448/1012/980 6404/1012/980 6413/1010/979 6447/1010/979 
f 6449/1015/964 6411/1015/964 6412/1016/953 6427/1016/953 
f 6450/1018/966 6410/1018/966 6411/1015/964 6449/1015/964 
f 6451/1020/969 6409/1020/969 6410/1018/966 6450/1018/966 
f 6452/1022/971 6408/1022/971 6409/1020/969 6451/1020/969 
f 6453/1024/973 6407/1024/973 6408/1022/971 6452/1022/971 
f 6454/1026/975 6402/1026/975 6407/1024/973 6453/1024/973 
f 6434/984/965 6405/984/965 6406/998/977 6441/998/977 
f 6436/988/968 6403/988/968 6404/1012/980 6448/1012/980 
f 6443/1002/962 6401/1002/962 6402/1026/975 6454/1026/975 
f 6428/973/954 6399/973/954 6400/974/955 6429/974/955 
f 6455/1249/989 5954/1194/989 5993/1214/992 6456/1250/992 
f 6457/1251/992 6006/1220/992 5979/1207/992 6458/1252/989 
f 6459/1253/989 5992/1213/989 5965/1200/989 6460/1254/989 
f 6461/1255/989 5978/1206/989 5963/1199/989 6462/1256/992 
f 6463/1257/992 6004/1219/992 6006/1220/992 6457/1251/992 
f 6464/1258/992 6002/1218/989 6004/1219/992 6463/1257/992 
f 6465/1259/992 6000/1217/989 6002/1218/989 6464/1258/992 
f 6466/1260/992 5998/1216/989 6000/1217/989 6465/1259/992 
f 6467/1261/992 5996/1215/992 5998/1216/989 6466/1260/992 
f 6456/1250/992 5993/1214/992 5996/1215/992 6467/1261/992 
f 6468/1262/989 5990/1212/989 5992/1213/989 6459/1253/989 
f 6469/1263/989 5988/1211/989 5990/1212/989 6468/1262/989 
f 6470/1264/989 5986/1210/989 5988/1211/989 6469/1263/989 
f 6471/1265/989 5984/1209/992 5986/1210/989 6470/1264/989 
f 6472/1266/989 5982/1208/992 5984/1209/992 6471/1265/989 
f 6458/1252/989 5979/1207/992 5982/1208/992 6472/1266/989 
f 6473/1267/989 5976/1205/992 5978/1206/989 6461/1255/989 
f 6474/1268/992 5974/1204/992 5976/1205/992 6473/1267/989 
f 6475/1269/989 5972/1203/992 5974/1204/992 6474/1268/992 
f 6476/1270/989 5970/1202/992 5972/1203/992 6475/1269/989 
f 6477/1271/989 5968/1201/992 5970/1202/992 6476/1270/989 
f 6460/1254/989 5965/1200/989 5968/1201/992 6477/1271/989 
f 6462/1256/992 5963/1199/989 5961/1198/989 6478/1272/989 
f 6478/1272/989 5961/1198/989 5959/1197/992 6479/1273/989 
f 6479/1273/989 5959/1197/992 5957/1196/992 6480/1274/992 
f 6480/1274/992 5957/1196/992 5955/1195/992 6481/1275/992 
f 6481/1275/992 5955/1195/992 5951/1193/992 6482/1276/989 
f 6482/1276/989 5951/1193/992 5954/1194/989 6455/1249/989 
f 6086/971/1311 6482/1276/989 6455/1249/989 6087/972/1312 
f 6090/975/1313 6481/1275/992 6482/1276/989 6086/971/1311 
f 6013/977/1287 6480/1274/992 6481/1275/992 6090/975/1313 
f 6012/979/1286 6479/1273/989 6480/1274/992 6013/977/1287 
f 6017/981/1288 6478/1272/989 6479/1273/989 6012/979/1286 
f 6020/983/1289 6462/1256/992 6478/1272/989 6017/981/1288 
f 6023/985/1290 6460/1254/989 6477/1271/989 6024/986/1291 
f 6024/986/1291 6477/1271/989 6476/1270/989 6027/989/1292 
f 6027/989/1292 6476/1270/989 6475/1269/989 6031/991/1293 
f 6031/991/1293 6475/1269/989 6474/1268/992 6034/993/1294 
f 6034/993/1294 6474/1268/992 6473/1267/989 6037/995/1295 
f 6037/995/1295 6473/1267/989 6461/1255/989 6040/997/1296 
f 6044/999/1297 6458/1252/989 6472/1266/989 6045/1000/1298 
f 6045/1000/1298 6472/1266/989 6471/1265/989 6048/1003/1299 
f 6048/1003/1299 6471/1265/989 6470/1264/989 6052/1005/1300 
f 6052/1005/1300 6470/1264/989 6469/1263/989 6055/1007/1301 
f 6055/1007/1301 6469/1263/989 6468/1262/989 6058/1009/1302 
f 6058/1009/1302 6468/1262/989 6459/1253/989 6061/1011/1303 
f 6065/1013/1304 6456/1250/992 6467/1261/992 6066/1014/1305 
f 6066/1014/1305 6467/1261/992 6466/1260/992 6069/1017/1306 
f 6069/1017/1306 6466/1260/992 6465/1259/992 6072/1019/1307 
f 6072/1019/1307 6465/1259/992 6464/1258/992 6075/1021/1308 
f 6075/1021/1308 6464/1258/992 6463/1257/992 6078/1023/1309 
f 6078/1023/1309 6463/1257/992 6457/1251/992 6081/1025/1310 
f 6040/997/1296 6461/1255/989 6462/1256/992 6020/983/1289 
f 6061/1011/1303 6459/1253/989 6460/1254/989 6023/985/1290 
f 6081/1025/1310 6457/1251/992 6458/1252/989 6044/999/1297 
f 6087/972/1312 6455/1249/989 6456/1250/992 6065/1013/1304 
f 6483/973/954 5350/973/954 5351/974/955 6484/974/955 
f 6485/1002/962 5394/1002/962 5426/1026/975 6486/1026/975 
f 6487/988/968 5373/988/968 5409/1012/980 6488/1012/980 
f 6489/984/965 5368/984/965 5388/998/977 6490/998/977 
f 6486/1026/975 5426/1026/975 5424/1024/973 6491/1024/973 
f 6491/1024/973 5424/1024/973 5421/1022/971 6492/1022/971 
f 6492/1022/971 5421/1022/971 5418/1020/969 6493/1020/969 
f 6493/1020/969 5418/1020/969 5415/1018/966 6494/1018/966 
f 6494/1018/966 5415/1018/966 5412/1015/964 6495/1015/964 
f 6495/1015/964 5412/1015/964 5347/1016/953 6496/1016/953 
f 6488/1012/980 5409/1012/980 5405/1010/979 6497/1010/979 
f 6497/1010/979 5405/1010/979 5402/1008/978 6498/1008/978 
f 6498/1008/978 5402/1008/978 5399/1006/958 6499/1006/958 
f 6499/1006/958 5399/1006/958 5396/1004/957 6500/1004/957 
f 6500/1004/957 5396/1004/957 5391/1001/960 6501/1001/960 
f 6501/1001/960 5391/1001/960 5394/1002/962 6485/1002/962 
f 6490/998/977 5388/998/977 5384/996/976 6502/996/976 
f 6502/996/976 5384/996/976 5381/994/974 6503/994/974 
f 6503/994/974 5381/994/974 5378/992/972 6504/992/972 
f 6504/992/972 5378/992/972 5375/990/970 6505/990/970 
f 6505/990/970 5375/990/970 5370/987/967 6506/987/967 
f 6506/987/967 5370/987/967 5373/988/968 6487/988/968 
f 6507/982/963 5364/982/963 5368/984/965 6489/984/965 
f 6508/980/961 5361/980/961 5364/982/963 6507/982/963 
f 6509/978/959 5358/978/959 5361/980/961 6508/980/961 
f 6510/976/956 5354/976/956 5358/978/959 6509/978/959 
f 6484/974/955 5351/974/955 5354/976/956 6510/976/956 
f 6496/1016/953 5347/1016/953 5350/973/954 6483/973/954 
f 5336/1016/942 6496/1016/953 6483/973/954 5293/973/899 
f 5294/974/900 6484/974/955 6510/976/956 5296/976/902 
f 5296/976/902 6510/976/956 6509/978/959 5298/978/904 
f 5298/978/904 6509/978/959 6508/980/961 5300/980/906 
f 5300/980/906 6508/980/961 6507/982/963 5302/982/908 
f 5302/982/908 6507/982/963 6489/984/965 5304/984/910 
f 5307/987/913 6506/987/967 6487/988/968 5308/988/914 
f 5310/990/916 6505/990/970 6506/987/967 5307/987/913 
f 5312/992/918 6504/992/972 6505/990/970 5310/990/916 
f 5314/994/920 6503/994/974 6504/992/972 5312/992/918 
f 5316/996/922 6502/996/976 6503/994/974 5314/994/920 
f 5318/998/924 6490/998/977 6502/996/976 5316/996/922 
f 5321/1001/927 6501/1001/960 6485/1002/962 5322/1002/928 
f 5324/1004/930 6500/1004/957 6501/1001/960 5321/1001/927 
f 5326/1006/932 6499/1006/958 6500/1004/957 5324/1004/930 
f 5328/1008/934 6498/1008/978 6499/1006/958 5326/1006/932 
f 5330/1010/936 6497/1010/979 6498/1008/978 5328/1008/934 
f 5332/1012/938 6488/1012/980 6497/1010/979 5330/1010/936 
f 5335/1015/941 6495/1015/964 6496/1016/953 5336/1016/942 
f 5338/1018/944 6494/1018/966 6495/1015/964 5335/1015/941 
f 5340/1020/946 6493/1020/969 6494/1018/966 5338/1018/944 
f 5342/1022/948 6492/1022/971 6493/1020/969 5340/1020/946 
f 5344/1024/950 6491/1024/973 6492/1022/971 5342/1022/948 
f 5346/1026/952 6486/1026/975 6491/1024/973 5344/1024/950 
f 5304/984/910 6489/984/965 6490/998/977 5318/998/924 
f 5308/988/914 6487/988/968 6488/1012/980 5332/1012/938 
f 5322/1002/928 6485/1002/962 6486/1026/975 5346/1026/952 
f 5293/973/899 6483/973/954 6484/974/955 5294/974/900 
f 6511/971/897 6512/972/898 6513/973/899 6514/974/900 
f 6515/975/901 6511/971/897 6514/974/900 6516/976/902 
f 6517/977/903 6515/975/901 6516/976/902 6518/978/904 
f 6519/979/905 6517/977/903 6518/978/904 6520/980/906 
f 6521/981/907 6519/979/905 6520/980/906 6522/982/908 
f 6523/983/909 6521/981/907 6522/982/908 6524/984/910 
f 6525/985/911 6526/986/912 6527/987/913 6528/988/914 
f 6526/986/912 6529/989/915 6530/990/916 6527/987/913 
f 6529/989/915 6531/991/917 6532/992/918 6530/990/916 
f 6531/991/917 6533/993/919 6534/994/920 6532/992/918 
f 6533/993/919 6535/995/921 6536/996/922 6534/994/920 
f 6535/995/921 6537/997/923 6538/998/924 6536/996/922 
f 6539/999/925 6540/1000/926 6541/1001/927 6542/1002/928 
f 6540/1000/926 6543/1003/929 6544/1004/930 6541/1001/927 
f 6543/1003/929 6545/1005/931 6546/1006/932 6544/1004/930 
f 6545/1005/931 6547/1007/933 6548/1008/934 6546/1006/932 
f 6547/1007/933 6549/1009/935 6550/1010/936 6548/1008/934 
f 6549/1009/935 6551/1011/937 6552/1012/938 6550/1010/936 
f 6553/1013/939 6554/1014/940 6555/1015/941 6556/1016/942 
f 6554/1014/940 6557/1017/943 6558/1018/944 6555/1015/941 
f 6557/1017/943 6559/1019/945 6560/1020/946 6558/1018/944 
f 6559/1019/945 6561/1021/947 6562/1022/948 6560/1020/946 
f 6561/1021/947 6563/1023/949 6564/1024/950 6562/1022/948 
f 6563/1023/949 6565/1025/951 6566/1026/952 6564/1024/950 
f 6537/997/923 6523/983/909 6524/984/910 6538/998/924 
f 6551/1011/937 6525/985/911 6528/988/914 6552/1012/938 
f 6565/1025/951 6539/999/925 6542/1002/928 6566/1026/952 
f 6512/972/898 6553/1013/939 6556/1016/942 6513/973/899 
f 6567/1016/953 6568/1016/953 6569/973/954 6570/973/954 
f 6571/974/955 6572/974/955 6573/976/956 6574/976/956 
f 6519/979/905 6575/979/957 6576/977/958 6517/977/903 
f 6574/976/956 6573/976/956 6577/978/959 6578/978/959 
f 6521/981/907 6579/981/960 6575/979/957 6519/979/905 
f 6578/978/959 6577/978/959 6580/980/961 6581/980/961 
f 6523/983/909 6582/983/962 6579/981/960 6521/981/907 
f 6581/980/961 6580/980/961 6583/982/963 6584/982/963 
f 6525/985/911 6585/985/953 6586/986/964 6526/986/912 
f 6584/982/963 6583/982/963 6587/984/965 6588/984/965 
f 6526/986/912 6586/986/964 6589/989/966 6529/989/915 
f 6590/987/967 6591/987/967 6592/988/968 6593/988/968 
f 6529/989/915 6589/989/966 6594/991/969 6531/991/917 
f 6595/990/970 6596/990/970 6591/987/967 6590/987/967 
f 6531/991/917 6594/991/969 6597/993/971 6533/993/919 
f 6598/992/972 6599/992/972 6596/990/970 6595/990/970 
f 6533/993/919 6597/993/971 6600/995/973 6535/995/921 
f 6601/994/974 6602/994/974 6599/992/972 6598/992/972 
f 6535/995/921 6600/995/973 6603/997/975 6537/997/923 
f 6604/996/976 6605/996/976 6602/994/974 6601/994/974 
f 6539/999/925 6606/999/965 6607/1000/963 6540/1000/926 
f 6608/998/977 6609/998/977 6605/996/976 6604/996/976 
f 6540/1000/926 6607/1000/963 6610/1003/961 6543/1003/929 
f 6611/1001/960 6612/1001/960 6613/1002/962 6614/1002/962 
f 6543/1003/929 6610/1003/961 6615/1005/959 6545/1005/931 
f 6616/1004/957 6617/1004/957 6612/1001/960 6611/1001/960 
f 6545/1005/931 6615/1005/959 6618/1007/956 6547/1007/933 
f 6619/1006/958 6620/1006/958 6617/1004/957 6616/1004/957 
f 6547/1007/933 6618/1007/956 6621/1009/955 6549/1009/935 
f 6622/1008/978 6623/1008/978 6620/1006/958 6619/1006/958 
f 6549/1009/935 6621/1009/955 6624/1011/954 6551/1011/937 
f 6625/1010/979 6626/1010/979 6623/1008/978 6622/1008/978 
f 6553/1013/939 6627/1013/968 6628/1014/967 6554/1014/940 
f 6629/1012/980 6630/1012/980 6626/1010/979 6625/1010/979 
f 6554/1014/940 6628/1014/967 6631/1017/970 6557/1017/943 
f 6632/1015/964 6633/1015/964 6568/1016/953 6567/1016/953 
f 6557/1017/943 6631/1017/970 6634/1019/972 6559/1019/945 
f 6635/1018/966 6636/1018/966 6633/1015/964 6632/1015/964 
f 6559/1019/945 6634/1019/972 6637/1021/974 6561/1021/947 
f 6638/1020/969 6639/1020/969 6636/1018/966 6635/1018/966 
f 6561/1021/947 6637/1021/974 6640/1023/976 6563/1023/949 
f 6641/1022/971 6642/1022/971 6639/1020/969 6638/1020/969 
f 6563/1023/949 6640/1023/976 6643/1025/977 6565/1025/951 
f 6644/1024/973 6645/1024/973 6642/1022/971 6641/1022/971 
f 6537/997/923 6603/997/975 6582/983/962 6523/983/909 
f 6646/1026/975 6647/1026/975 6645/1024/973 6644/1024/973 
f 6551/1011/937 6624/1011/954 6585/985/953 6525/985/911 
f 6588/984/965 6587/984/965 6609/998/977 6608/998/977 
f 6565/1025/951 6643/1025/977 6606/999/965 6539/999/925 
f 6511/971/897 6648/971/979 6649/972/980 6512/972/898 
f 6593/988/968 6592/988/968 6630/1012/980 6629/1012/980 
f 6512/972/898 6649/972/980 6627/1013/968 6553/1013/939 
f 6515/975/901 6650/975/978 6648/971/979 6511/971/897 
f 6614/1002/962 6613/1002/962 6647/1026/975 6646/1026/975 
f 6570/973/954 6569/973/954 6572/974/955 6571/974/955 
f 6517/977/903 6576/977/958 6650/975/978 6515/975/901 
f 6651/1027/981 6652/1028/982 6653/1029/983 6654/1030/984 
f 6654/1030/984 6653/1029/983 6655/1031/985 6656/1032/986 
f 6656/1032/986 6655/1031/985 6657/1033/987 6658/1034/988 
f 6658/1034/988 6657/1033/987 6652/1035/982 6651/1036/981 
f 6654/1037/984 6656/1032/986 6658/1034/988 6651/1038/981 
f 6655/1031/985 6653/1039/983 6652/1040/982 6657/1033/987 
f 6659/1041/992 6660/974/990 6661/973/991 6662/1042/989 
f 6663/1043/992 6664/976/993 6660/974/990 6659/1041/992 
f 6665/1044/989 6666/978/994 6664/976/993 6663/1043/992 
f 6667/1045/989 6668/980/995 6666/978/994 6665/1044/989 
f 6669/1046/989 6670/982/996 6668/980/995 6667/1045/989 
f 6671/1047/989 6672/984/997 6670/982/996 6669/1046/989 
f 6673/1048/992 6674/988/998 6675/987/999 6676/1049/992 
f 6676/1049/992 6675/987/999 6677/990/1000 6678/1050/992 
f 6678/1050/992 6677/990/1000 6679/992/1001 6680/1051/992 
f 6680/1051/992 6679/992/1001 6681/994/1002 6682/1052/992 
f 6682/1052/992 6681/994/1002 6683/996/1003 6684/1053/989 
f 6684/1053/989 6683/996/1003 6685/998/1004 6686/1054/989 
f 6687/1055/989 6688/1002/1005 6689/1001/1006 6690/1056/992 
f 6690/1056/992 6689/1001/1006 6691/1004/1007 6692/1057/989 
f 6692/1057/989 6691/1004/1007 6693/1006/1008 6694/1058/989 
f 6694/1058/989 6693/1006/1008 6695/1008/1009 6696/1059/989 
f 6696/1059/989 6695/1008/1009 6697/1010/1010 6698/1060/989 
f 6698/1060/989 6697/1010/1010 6699/1012/1011 6700/1061/992 
f 6701/1062/989 6702/1016/1012 6703/1015/1013 6704/1063/989 
f 6704/1063/989 6703/1015/1013 6705/1018/1014 6706/1064/989 
f 6706/1064/989 6705/1018/1014 6707/1020/1015 6708/1065/992 
f 6708/1065/992 6707/1020/1015 6709/1022/1016 6710/1066/992 
f 6710/1066/992 6709/1022/1016 6711/1024/1017 6712/1067/992 
f 6712/1067/992 6711/1024/1017 6713/1026/1018 6714/1068/989 
f 6686/1054/989 6685/998/1004 6672/984/997 6671/1047/989 
f 6700/1061/992 6699/1012/1011 6674/988/998 6673/1048/992 
f 6714/1068/989 6713/1026/1018 6688/1002/1005 6687/1055/989 
f 6662/1042/989 6661/973/991 6702/1016/1012 6701/1062/989 
f 6715/1016/1019 6702/1016/1012 6661/973/991 6716/973/1020 
f 6717/974/1021 6660/974/990 6664/976/993 6718/976/1022 
f 6719/979/1023 6720/979/1024 6721/977/1025 6722/977/1026 
f 6718/976/1022 6664/976/993 6666/978/994 6723/978/1027 
f 6724/981/1028 6725/981/1029 6720/979/1024 6719/979/1023 
f 6723/978/1027 6666/978/994 6668/980/995 6726/980/1420 
f 6727/983/1031 6728/983/1032 6725/981/1029 6724/981/1028 
f 6726/980/1420 6668/980/995 6670/982/996 6729/982/1033 
f 6730/985/1034 6731/985/1035 6732/986/1036 6733/986/1037 
f 6729/982/1033 6670/982/996 6672/984/997 6734/984/1038 
f 6733/986/1037 6732/986/1036 6735/989/1421 6736/989/1040 
f 6737/987/1041 6675/987/999 6674/988/998 6738/988/1042 
f 6736/989/1040 6735/989/1421 6739/991/1043 6740/991/1044 
f 6741/990/1045 6677/990/1000 6675/987/999 6737/987/1041 
f 6740/991/1044 6739/991/1043 6742/993/1046 6743/993/1047 
f 6744/992/1048 6679/992/1001 6677/990/1000 6741/990/1045 
f 6743/993/1047 6742/993/1046 6745/995/1049 6746/995/1050 
f 6747/994/1051 6681/994/1002 6679/992/1001 6744/992/1048 
f 6746/995/1050 6745/995/1049 6748/997/1052 6749/997/1053 
f 6750/996/1054 6683/996/1003 6681/994/1002 6747/994/1051 
f 6751/999/1055 6752/999/1056 6753/1000/1057 6754/1000/1058 
f 6755/998/1059 6685/998/1004 6683/996/1003 6750/996/1054 
f 6754/1000/1058 6753/1000/1057 6756/1003/1060 6757/1003/1061 
f 6758/1001/1062 6689/1001/1006 6688/1002/1005 6759/1002/1063 
f 6757/1003/1061 6756/1003/1060 6760/1005/1064 6761/1005/1065 
f 6762/1004/1066 6691/1004/1007 6689/1001/1006 6758/1001/1062 
f 6761/1005/1065 6760/1005/1064 6763/1007/1067 6764/1007/1068 
f 6765/1006/1069 6693/1006/1008 6691/1004/1007 6762/1004/1066 
f 6764/1007/1068 6763/1007/1067 6766/1009/1070 6767/1009/1071 
f 6768/1008/1072 6695/1008/1009 6693/1006/1008 6765/1006/1069 
f 6767/1009/1071 6766/1009/1070 6769/1011/1073 6770/1011/1074 
f 6771/1010/1075 6697/1010/1010 6695/1008/1009 6768/1008/1072 
f 6772/1013/1076 6773/1013/1077 6774/1014/1078 6775/1014/1079 
f 6776/1012/1080 6699/1012/1011 6697/1010/1010 6771/1010/1075 
f 6775/1014/1079 6774/1014/1078 6777/1017/1081 6778/1017/1082 
f 6779/1015/1083 6703/1015/1013 6702/1016/1012 6715/1016/1019 
f 6778/1017/1082 6777/1017/1081 6780/1019/1084 6781/1019/1085 
f 6782/1018/1086 6705/1018/1014 6703/1015/1013 6779/1015/1083 
f 6781/1019/1085 6780/1019/1084 6783/1021/1087 6784/1021/1088 
f 6785/1020/1089 6707/1020/1015 6705/1018/1014 6782/1018/1086 
f 6784/1021/1088 6783/1021/1087 6786/1023/1090 6787/1023/1091 
f 6788/1022/1092 6709/1022/1016 6707/1020/1015 6785/1020/1089 
f 6787/1023/1091 6786/1023/1090 6789/1025/1093 6790/1025/1094 
f 6791/1024/1095 6711/1024/1017 6709/1022/1016 6788/1022/1092 
f 6749/997/1053 6748/997/1052 6728/983/1032 6727/983/1031 
f 6792/1026/1096 6713/1026/1018 6711/1024/1017 6791/1024/1095 
f 6770/1011/1074 6769/1011/1073 6731/985/1035 6730/985/1034 
f 6734/984/1038 6672/984/997 6685/998/1004 6755/998/1059 
f 6790/1025/1094 6789/1025/1093 6752/999/1056 6751/999/1055 
f 6793/971/1097 6794/971/1098 6795/972/1099 6796/972/1100 
f 6738/988/1042 6674/988/998 6699/1012/1011 6776/1012/1080 
f 6796/972/1100 6795/972/1099 6773/1013/1077 6772/1013/1076 
f 6797/975/1101 6798/975/1102 6794/971/1098 6793/971/1097 
f 6759/1002/1063 6688/1002/1005 6713/1026/1018 6792/1026/1096 
f 6716/973/1020 6661/973/991 6660/974/990 6717/974/1021 
f 6722/977/1026 6721/977/1025 6798/975/1102 6797/975/1101 
f 6799/1069/1103 6800/1070/1104 6801/1071/1105 6802/1072/1106 
f 6802/1072/1106 6801/1071/1105 6803/1073/1107 6804/1074/1108 
f 6804/1074/1108 6803/1073/1107 6805/1075/1109 6806/1076/1110 
f 6806/1076/1110 6805/1075/1109 6807/1077/1111 6808/1039/1112 
f 6808/1039/1112 6807/1077/1111 6809/1078/1422 6810/1079/1114 
f 6810/1079/1114 6809/1078/1422 6811/1080/1115 6812/1081/1116 
f 6812/1081/1116 6811/1080/1115 6813/1082/1117 6814/1083/1118 
f 6814/1083/1118 6813/1082/1117 6815/1084/1119 6816/1085/1120 
f 6816/1085/1120 6815/1084/1119 6817/1086/1121 6818/1087/1122 
f 6818/1087/1122 6817/1086/1121 6819/1088/1123 6820/1089/1124 
f 6820/1089/1124 6819/1088/1123 6821/1090/1125 6822/1091/1126 
f 6822/1091/1126 6821/1090/1125 6823/1035/1127 6824/1031/1128 
f 6824/1031/1128 6823/1035/1127 6825/1092/1129 6826/1093/1130 
f 6826/1093/1130 6825/1092/1129 6827/1094/1131 6828/1095/1132 
f 6828/1095/1132 6827/1094/1131 6829/1096/1133 6830/1097/1134 
f 6830/1097/1134 6829/1096/1133 6831/1098/1135 6832/1099/1136 
f 6832/1099/1136 6831/1098/1135 6833/1100/1137 6834/1101/1138 
f 6834/1101/1138 6833/1100/1137 6835/1102/1139 6836/1103/1140 
f 6836/1103/1140 6835/1102/1139 6837/1104/1141 6838/1105/1142 
f 6838/1105/1142 6837/1104/1141 6839/1036/1143 6840/1032/1144 
f 6840/1032/1144 6839/1036/1143 6841/1106/1145 6842/1107/1146 
f 6842/1107/1146 6841/1106/1145 6843/1108/1147 6844/1109/1148 
f 6844/1109/1148 6843/1108/1147 6845/1110/1149 6846/1111/1150 
f 6846/1111/1150 6845/1110/1149 6847/1112/1151 6848/1113/1152 
f 6848/1113/1152 6847/1112/1151 6849/1114/1153 6850/1115/1154 
f 6850/1115/1154 6849/1114/1153 6851/1116/1155 6852/1117/1156 
f 6852/1117/1156 6851/1116/1155 6853/1118/1157 6854/1119/1158 
f 6854/1119/1158 6853/1118/1157 6855/1120/1159 6856/1037/1160 
f 6856/1037/1160 6855/1120/1159 6857/1121/1161 6858/1122/1162 
f 6858/1122/1162 6857/1121/1161 6859/1123/1163 6860/1124/1164 
f 6801/1125/1105 6800/1126/1104 6861/1127/1165 6859/1128/1163 6857/1129/1161 6855/1130/1159 6853/1131/1157 6851/1132/1155 6849/1133/1153 6847/1134/1151 6845/1135/1149 6843/1136/1147 6841/1137/1145 6839/1138/1143 6837/1139/1141 6835/1140/1139 6833/1141/1137 6831/1142/1135 6829/1143/1133 6827/1144/1131 6825/1145/1129 6823/1146/1127 6821/1147/1125 6819/1148/1123 6817/1149/1121 6815/1150/1119 6813/1151/1117 6811/1152/1115 6809/1153/1422 6807/1154/1111 6805/1155/1109 6803/1156/1107 
f 6860/1124/1164 6859/1123/1163 6861/1157/1165 6862/1158/1166 
f 6862/1158/1166 6861/1157/1165 6800/1159/1104 6799/1160/1103 
f 6799/1161/1103 6802/1162/1106 6804/1163/1108 6806/1164/1110 6808/1165/1112 6810/1166/1114 6812/1167/1116 6814/1168/1118 6816/1169/1120 6818/1170/1122 6820/1171/1124 6822/1172/1126 6824/1173/1128 6826/1174/1130 6828/1175/1132 6830/1176/1134 6832/1177/1136 6834/1178/1138 6836/1179/1140 6838/1180/1142 6840/1181/1144 6842/1182/1146 6844/1183/1148 6846/1184/1150 6848/1185/1152 6850/1186/1154 6852/1187/1156 6854/1188/1158 6856/1189/1160 6858/1190/1162 6860/1191/1164 6862/1192/1166 
f 6863/1069/1167 6864/1070/1168 6865/1071/1105 6866/1072/1106 
f 6866/1072/1106 6865/1071/1105 6867/1073/1107 6868/1074/1108 
f 6868/1074/1108 6867/1073/1107 6869/1075/1109 6870/1076/1110 
f 6870/1076/1110 6869/1075/1109 6871/1077/1111 6872/1039/1169 
f 6872/1039/1169 6871/1077/1111 6873/1078/1113 6874/1079/1114 
f 6874/1079/1114 6873/1078/1113 6875/1080/1115 6876/1081/1116 
f 6876/1081/1116 6875/1080/1115 6877/1082/1117 6878/1083/1118 
f 6878/1083/1118 6877/1082/1117 6879/1084/1119 6880/1085/1120 
f 6880/1085/1120 6879/1084/1119 6881/1086/1121 6882/1087/1122 
f 6882/1087/1122 6881/1086/1121 6883/1088/1123 6884/1089/1124 
f 6884/1089/1124 6883/1088/1123 6885/1090/1125 6886/1091/1126 
f 6886/1091/1126 6885/1090/1125 6887/1035/1127 6888/1031/1170 
f 6888/1031/1170 6887/1035/1127 6889/1092/1129 6890/1093/1130 
f 6890/1093/1130 6889/1092/1129 6891/1094/1131 6892/1095/1132 
f 6892/1095/1132 6891/1094/1131 6893/1096/1133 6894/1097/1171 
f 6894/1097/1171 6893/1096/1133 6895/1098/1172 6896/1099/1173 
f 6896/1099/1173 6895/1098/1172 6897/1100/1137 6898/1101/1174 
f 6898/1101/1174 6897/1100/1137 6899/1102/1139 6900/1103/1140 
f 6900/1103/1140 6899/1102/1139 6901/1104/1141 6902/1105/1142 
f 6902/1105/1142 6901/1104/1141 6903/1036/1175 6904/1032/1176 
f 6904/1032/1176 6903/1036/1175 6905/1106/1145 6906/1107/1146 
f 6906/1107/1146 6905/1106/1145 6907/1108/1147 6908/1109/1148 
f 6908/1109/1148 6907/1108/1147 6909/1110/1149 6910/1111/1150 
f 6910/1111/1150 6909/1110/1149 6911/1112/1151 6912/1113/1152 
f 6912/1113/1152 6911/1112/1151 6913/1114/1153 6914/1115/1154 
f 6914/1115/1154 6913/1114/1153 6915/1116/1155 6916/1117/1156 
f 6916/1117/1156 6915/1116/1155 6917/1118/1157 6918/1119/1158 
f 6918/1119/1158 6917/1118/1157 6919/1120/1423 6920/1037/1177 
f 6920/1037/1177 6919/1120/1423 6921/1121/1161 6922/1122/1162 
f 6922/1122/1162 6921/1121/1161 6923/1123/1163 6924/1124/1164 
f 6865/1125/1105 6864/1126/1168 6925/1127/1165 6923/1128/1163 6921/1129/1161 6919/1130/1423 6917/1131/1157 6915/1132/1155 6913/1133/1153 6911/1134/1151 6909/1135/1149 6907/1136/1147 6905/1137/1145 6903/1138/1175 6901/1139/1141 6899/1140/1139 6897/1141/1137 6895/1142/1172 6893/1143/1133 6891/1144/1131 6889/1145/1129 6887/1146/1127 6885/1147/1125 6883/1148/1123 6881/1149/1121 6879/1150/1119 6877/1151/1117 6875/1152/1115 6873/1153/1113 6871/1154/1111 6869/1155/1109 6867/1156/1107 
f 6924/1124/1164 6923/1123/1163 6925/1157/1165 6926/1158/1166 
f 6926/1158/1166 6925/1157/1165 6864/1159/1168 6863/1160/1167 
f 6863/1161/1167 6866/1162/1106 6868/1163/1108 6870/1164/1110 6872/1165/1169 6874/1166/1114 6876/1167/1116 6878/1168/1118 6880/1169/1120 6882/1170/1122 6884/1171/1124 6886/1172/1126 6888/1173/1170 6890/1174/1130 6892/1175/1132 6894/1176/1171 6896/1177/1173 6898/1178/1174 6900/1179/1140 6902/1180/1142 6904/1181/1176 6906/1182/1146 6908/1183/1148 6910/1184/1150 6912/1185/1152 6914/1186/1154 6916/1187/1156 6918/1188/1158 6920/1189/1177 6922/1190/1162 6924/1191/1164 6926/1192/1166 
f 6927/1069/1178 6928/1070/1168 6929/1071/1105 6930/1072/1106 
f 6930/1072/1106 6929/1071/1105 6931/1073/1107 6932/1074/1108 
f 6932/1074/1108 6931/1073/1107 6933/1075/1109 6934/1076/1110 
f 6934/1076/1110 6933/1075/1109 6935/1077/1111 6936/1039/1112 
f 6936/1039/1112 6935/1077/1111 6937/1078/1113 6938/1079/1114 
f 6938/1079/1114 6937/1078/1113 6939/1080/1115 6940/1081/1116 
f 6940/1081/1116 6939/1080/1115 6941/1082/1117 6942/1083/1118 
f 6942/1083/1118 6941/1082/1117 6943/1084/1119 6944/1085/1120 
f 6944/1085/1120 6943/1084/1119 6945/1086/1121 6946/1087/1122 
f 6946/1087/1122 6945/1086/1121 6947/1088/1123 6948/1089/1124 
f 6948/1089/1124 6947/1088/1123 6949/1090/1125 6950/1091/1126 
f 6950/1091/1126 6949/1090/1125 6951/1035/1179 6952/1031/1128 
f 6952/1031/1128 6951/1035/1179 6953/1092/1180 6954/1093/1130 
f 6954/1093/1130 6953/1092/1180 6955/1094/1131 6956/1095/1132 
f 6956/1095/1132 6955/1094/1131 6957/1096/1133 6958/1097/1171 
f 6958/1097/1171 6957/1096/1133 6959/1098/1181 6960/1099/1173 
f 6960/1099/1173 6959/1098/1181 6961/1100/1137 6962/1101/1174 
f 6962/1101/1174 6961/1100/1137 6963/1102/1139 6964/1103/1140 
f 6964/1103/1140 6963/1102/1139 6965/1104/1182 6966/1105/1142 
f 6966/1105/1142 6965/1104/1182 6967/1036/1143 6968/1032/1144 
f 6968/1032/1144 6967/1036/1143 6969/1106/1145 6970/1107/1146 
f 6970/1107/1146 6969/1106/1145 6971/1108/1147 6972/1109/1148 
f 6972/1109/1148 6971/1108/1147 6973/1110/1149 6974/1111/1150 
f 6974/1111/1150 6973/1110/1149 6975/1112/1151 6976/1113/1152 
f 6976/1113/1152 6975/1112/1151 6977/1114/1153 6978/1115/1154 
f 6978/1115/1154 6977/1114/1153 6979/1116/1155 6980/1117/1156 
f 6980/1117/1156 6979/1116/1155 6981/1118/1157 6982/1119/1158 
f 6982/1119/1158 6981/1118/1157 6983/1120/1159 6984/1037/1160 
f 6984/1037/1160 6983/1120/1159 6985/1121/1161 6986/1122/1162 
f 6986/1122/1162 6985/1121/1161 6987/1123/1163 6988/1124/1164 
f 6929/1125/1105 6928/1126/1168 6989/1127/1165 6987/1128/1163 6985/1129/1161 6983/1130/1159 6981/1131/1157 6979/1132/1155 6977/1133/1153 6975/1134/1151 6973/1135/1149 6971/1136/1147 6969/1137/1145 6967/1138/1143 6965/1139/1182 6963/1140/1139 6961/1141/1137 6959/1142/1181 6957/1143/1133 6955/1144/1131 6953/1145/1180 6951/1146/1179 6949/1147/1125 6947/1148/1123 6945/1149/1121 6943/1150/1119 6941/1151/1117 6939/1152/1115 6937/1153/1113 6935/1154/1111 6933/1155/1109 6931/1156/1107 
f 6988/1124/1164 6987/1123/1163 6989/1157/1165 6990/1158/1166 
f 6990/1158/1166 6989/1157/1165 6928/1159/1168 6927/1160/1178 
f 6927/1161/1178 6930/1162/1106 6932/1163/1108 6934/1164/1110 6936/1165/1112 6938/1166/1114 6940/1167/1116 6942/1168/1118 6944/1169/1120 6946/1170/1122 6948/1171/1124 6950/1172/1126 6952/1173/1128 6954/1174/1130 6956/1175/1132 6958/1176/1171 6960/1177/1173 6962/1178/1174 6964/1179/1140 6966/1180/1142 6968/1181/1144 6970/1182/1146 6972/1183/1148 6974/1184/1150 6976/1185/1152 6978/1186/1154 6980/1187/1156 6982/1188/1158 6984/1189/1160 6986/1190/1162 6988/1191/1164 6990/1192/1166 
f 6991/1069/1103 6992/1070/1104 6993/1071/1183 6994/1072/1184 
f 6994/1072/1184 6993/1071/1183 6995/1073/1107 6996/1074/1108 
f 6996/1074/1108 6995/1073/1107 6997/1075/1109 6998/1076/1185 
f 6998/1076/1185 6997/1075/1109 6999/1077/1111 7000/1039/1169 
f 7000/1039/1169 6999/1077/1111 7001/1078/1113 7002/1079/1114 
f 7002/1079/1114 7001/1078/1113 7003/1080/1115 7004/1081/1116 
f 7004/1081/1116 7003/1080/1115 7005/1082/1117 7006/1083/1118 
f 7006/1083/1118 7005/1082/1117 7007/1084/1119 7008/1085/1120 
f 7008/1085/1120 7007/1084/1119 7009/1086/1121 7010/1087/1122 
f 7010/1087/1122 7009/1086/1121 7011/1088/1123 7012/1089/1124 
f 7012/1089/1124 7011/1088/1123 7013/1090/1125 7014/1091/1126 
f 7014/1091/1126 7013/1090/1125 7015/1035/1186 7016/1031/1128 
f 7016/1031/1128 7015/1035/1186 7017/1092/1129 7018/1093/1130 
f 7018/1093/1130 7017/1092/1129 7019/1094/1131 7020/1095/1132 
f 7020/1095/1132 7019/1094/1131 7021/1096/1133 7022/1097/1171 
f 7022/1097/1171 7021/1096/1133 7023/1098/1172 7024/1099/1173 
f 7024/1099/1173 7023/1098/1172 7025/1100/1137 7026/1101/1174 
f 7026/1101/1174 7025/1100/1137 7027/1102/1139 7028/1103/1140 
f 7028/1103/1140 7027/1102/1139 7029/1104/1141 7030/1105/1142 
f 7030/1105/1142 7029/1104/1141 7031/1036/1187 7032/1032/1144 
f 7032/1032/1144 7031/1036/1187 7033/1106/1145 7034/1107/1146 
f 7034/1107/1146 7033/1106/1145 7035/1108/1147 7036/1109/1148 
f 7036/1109/1148 7035/1108/1147 7037/1110/1149 7038/1111/1150 
f 7038/1111/1150 7037/1110/1149 7039/1112/1151 7040/1113/1152 
f 7040/1113/1152 7039/1112/1151 7041/1114/1153 7042/1115/1154 
f 7042/1115/1154 7041/1114/1153 7043/1116/1155 7044/1117/1156 
f 7044/1117/1156 7043/1116/1155 7045/1118/1157 7046/1119/1158 
f 7046/1119/1158 7045/1118/1157 7047/1120/1159 7048/1037/1188 
f 7048/1037/1188 7047/1120/1159 7049/1121/1161 7050/1122/1189 
f 7050/1122/1189 7049/1121/1161 7051/1123/1163 7052/1124/1164 
f 6993/1125/1183 6992/1126/1104 7053/1127/1165 7051/1128/1163 7049/1129/1161 7047/1130/1159 7045/1131/1157 7043/1132/1155 7041/1133/1153 7039/1134/1151 7037/1135/1149 7035/1136/1147 7033/1137/1145 7031/1138/1187 7029/1139/1141 7027/1140/1139 7025/1141/1137 7023/1142/1172 7021/1143/1133 7019/1144/1131 7017/1145/1129 7015/1146/1186 7013/1147/1125 7011/1148/1123 7009/1149/1121 7007/1150/1119 7005/1151/1117 7003/1152/1115 7001/1153/1113 6999/1154/1111 6997/1155/1109 6995/1156/1107 
f 7052/1124/1164 7051/1123/1163 7053/1157/1165 7054/1158/1190 
f 7054/1158/1190 7053/1157/1165 6992/1159/1104 6991/1160/1103 
f 6991/1161/1103 6994/1162/1184 6996/1163/1108 6998/1164/1185 7000/1165/1169 7002/1166/1114 7004/1167/1116 7006/1168/1118 7008/1169/1120 7010/1170/1122 7012/1171/1124 7014/1172/1126 7016/1173/1128 7018/1174/1130 7020/1175/1132 7022/1176/1171 7024/1177/1173 7026/1178/1174 7028/1179/1140 7030/1180/1142 7032/1181/1144 7034/1182/1146 7036/1183/1148 7038/1184/1150 7040/1185/1152 7042/1186/1154 7044/1187/1156 7046/1188/1158 7048/1189/1188 7050/1190/1189 7052/1191/1164 7054/1192/1190 
f 7055/1027/1191 7056/1028/1192 7057/1029/1193 7058/1030/1194 
f 7058/1030/1194 7057/1029/1193 7059/1031/1195 7060/1032/1196 
f 7060/1032/1196 7059/1031/1195 7061/1033/1424 7062/1034/1198 
f 7062/1034/1198 7061/1033/1424 7056/1035/1192 7055/1036/1191 
f 7058/1037/1194 7060/1032/1196 7062/1034/1198 7055/1038/1191 
f 7059/1031/1195 7057/1039/1193 7056/1040/1192 7061/1033/1424 
f 7063/1027/1199 7064/1028/1200 7065/1029/1201 7066/1030/1202 
f 7066/1030/1202 7065/1029/1201 7067/1031/1203 7068/1032/1204 
f 7068/1032/1204 7067/1031/1203 7069/1033/1205 7070/1034/1206 
f 7070/1034/1206 7069/1033/1205 7064/1035/1200 7063/1036/1199 
f 7066/1037/1202 7068/1032/1204 7070/1034/1206 7063/1038/1199 
f 7067/1031/1203 7065/1039/1201 7064/1040/1200 7069/1033/1205 
f 7071/1027/1207 7072/1028/1208 7073/1029/1209 7074/1030/1210 
f 7074/1030/1210 7073/1029/1209 7075/1031/1211 7076/1032/1212 
f 7076/1032/1212 7075/1031/1211 7077/1033/1213 7078/1034/1214 
f 7078/1034/1214 7077/1033/1213 7072/1035/1208 7071/1036/1207 
f 7074/1037/1210 7076/1032/1212 7078/1034/1214 7071/1038/1207 
f 7075/1031/1211 7073/1039/1209 7072/1040/1208 7077/1033/1213 
f 6767/971/1071 7079/974/1215 7080/973/1216 6770/972/1074 
f 7081/971/921 7082/972/1217 7083/973/924 7084/974/922 
f 7085/975/1218 7081/971/921 7084/974/922 7086/976/920 
f 7087/977/917 7085/975/1218 7086/976/920 7088/978/918 
f 7089/979/915 7087/977/917 7088/978/918 7090/980/916 
f 7091/981/912 7089/979/915 7090/980/916 7092/982/913 
f 7093/983/911 7091/981/912 7092/982/913 7094/984/914 
f 7095/985/1219 7096/986/926 7097/987/927 7098/988/928 
f 7096/986/926 7099/989/929 7100/990/930 7097/987/927 
f 7099/989/929 7101/991/931 7102/992/932 7100/990/930 
f 7101/991/931 7103/993/933 7104/994/934 7102/992/932 
f 7103/993/933 7105/995/935 7106/996/936 7104/994/934 
f 7105/995/935 7107/997/937 7108/998/938 7106/996/936 
f 7109/999/939 7110/1000/940 7111/1001/941 7112/1002/942 
f 7110/1000/940 7113/1003/943 7114/1004/944 7111/1001/941 
f 7113/1003/943 7115/1005/945 7116/1006/946 7114/1004/944 
f 7115/1005/945 7117/1007/947 7118/1008/948 7116/1006/946 
f 7117/1007/947 7119/1009/1220 7120/1010/950 7118/1008/948 
f 7119/1009/1220 7121/1011/1221 7122/1012/952 7120/1010/950 
f 7123/1013/1222 7124/1014/907 7125/1015/908 7126/1016/910 
f 7124/1014/907 7127/1017/1223 7128/1018/906 7125/1015/908 
f 7127/1017/1223 7129/1019/903 7130/1020/904 7128/1018/906 
f 7129/1019/903 7131/1021/901 7132/1022/902 7130/1020/904 
f 7131/1021/901 7133/1023/897 7134/1024/900 7132/1022/902 
f 7133/1023/897 7135/1025/898 7136/1026/899 7134/1024/900 
f 7107/997/937 7093/983/911 7094/984/914 7108/998/938 
f 7121/1011/1221 7095/985/1219 7098/988/928 7122/1012/952 
f 7135/1025/898 7109/999/939 7112/1002/942 7136/1026/899 
f 7082/972/1217 7123/1013/1222 7126/1016/910 7083/973/924 
f 6764/975/1068 7137/976/1224 7079/974/1215 6767/971/1071 
f 6761/977/1065 7138/978/1225 7137/976/1224 6764/975/1068 
f 6757/979/1061 7139/980/1226 7138/978/1225 6761/977/1065 
f 6754/981/1058 7140/982/1227 7139/980/1226 6757/979/1061 
f 6751/983/1055 7141/984/1228 7140/982/1227 6754/981/1058 
f 6772/985/1076 7142/988/1229 7143/987/1230 6775/986/1079 
f 6775/986/1079 7143/987/1230 7144/990/1231 6778/989/1082 
f 6778/989/1082 7144/990/1231 7145/992/1232 6781/991/1085 
f 6781/991/1085 7145/992/1232 7146/994/1233 6784/993/1088 
f 6784/993/1088 7146/994/1233 7147/996/1234 6787/995/1091 
f 6787/995/1091 7147/996/1234 7148/998/1235 6790/997/1094 
f 6727/999/1031 7149/1002/1236 7150/1001/1237 6724/1000/1028 
f 6724/1000/1028 7150/1001/1237 7151/1004/1238 6719/1003/1023 
f 6719/1003/1023 7151/1004/1238 7152/1006/1239 6722/1005/1026 
f 6722/1005/1026 7152/1006/1239 7153/1008/1240 6797/1007/1101 
f 6797/1007/1101 7153/1008/1240 7154/1010/1241 6793/1009/1097 
f 6793/1009/1097 7154/1010/1241 7155/1012/1242 6796/1011/1100 
f 6730/1013/1034 7156/1016/1243 7157/1015/1244 6733/1014/1037 
f 6733/1014/1037 7157/1015/1244 7158/1018/1245 6736/1017/1040 
f 6736/1017/1040 7158/1018/1245 7159/1020/1246 6740/1019/1044 
f 6740/1019/1044 7159/1020/1246 7160/1022/1247 6743/1021/1047 
f 6743/1021/1047 7160/1022/1247 7161/1024/1248 6746/1023/1050 
f 6746/1023/1050 7161/1024/1248 7162/1026/1249 6749/1025/1053 
f 6790/997/1094 7148/998/1235 7141/984/1228 6751/983/1055 
f 6796/1011/1100 7155/1012/1242 7142/988/1229 6772/985/1076 
f 6749/1025/1053 7162/1026/1249 7149/1002/1236 6727/999/1031 
f 6770/972/1074 7080/973/1216 7156/1016/1243 6730/1013/1034 
f 7126/1016/910 7156/1016/1243 7080/973/1216 7083/973/924 
f 7084/974/922 7079/974/1215 7137/976/1224 7086/976/920 
f 7089/979/915 6757/979/1061 6761/977/1065 7087/977/917 
f 7086/976/920 7137/976/1224 7138/978/1225 7088/978/918 
f 7091/981/912 6754/981/1058 6757/979/1061 7089/979/915 
f 7088/978/918 7138/978/1225 7139/980/1226 7090/980/916 
f 7093/983/911 6751/983/1055 6754/981/1058 7091/981/912 
f 7090/980/916 7139/980/1226 7140/982/1227 7092/982/913 
f 7095/985/1219 6772/985/1076 6775/986/1079 7096/986/926 
f 7092/982/913 7140/982/1227 7141/984/1228 7094/984/914 
f 7096/986/926 6775/986/1079 6778/989/1082 7099/989/929 
f 7097/987/927 7143/987/1230 7142/988/1229 7098/988/928 
f 7099/989/929 6778/989/1082 6781/991/1085 7101/991/931 
f 7100/990/930 7144/990/1231 7143/987/1230 7097/987/927 
f 7101/991/931 6781/991/1085 6784/993/1088 7103/993/933 
f 7102/992/932 7145/992/1232 7144/990/1231 7100/990/930 
f 7103/993/933 6784/993/1088 6787/995/1091 7105/995/935 
f 7104/994/934 7146/994/1233 7145/992/1232 7102/992/932 
f 7105/995/935 6787/995/1091 6790/997/1094 7107/997/937 
f 7106/996/936 7147/996/1234 7146/994/1233 7104/994/934 
f 7109/999/939 6727/999/1031 6724/1000/1028 7110/1000/940 
f 7108/998/938 7148/998/1235 7147/996/1234 7106/996/936 
f 7110/1000/940 6724/1000/1028 6719/1003/1023 7113/1003/943 
f 7111/1001/941 7150/1001/1237 7149/1002/1236 7112/1002/942 
f 7113/1003/943 6719/1003/1023 6722/1005/1026 7115/1005/945 
f 7114/1004/944 7151/1004/1238 7150/1001/1237 7111/1001/941 
f 7115/1005/945 6722/1005/1026 6797/1007/1101 7117/1007/947 
f 7116/1006/946 7152/1006/1239 7151/1004/1238 7114/1004/944 
f 7117/1007/947 6797/1007/1101 6793/1009/1097 7119/1009/1220 
f 7118/1008/948 7153/1008/1240 7152/1006/1239 7116/1006/946 
f 7119/1009/1220 6793/1009/1097 6796/1011/1100 7121/1011/1221 
f 7120/1010/950 7154/1010/1241 7153/1008/1240 7118/1008/948 
f 7123/1013/1222 6730/1013/1034 6733/1014/1037 7124/1014/907 
f 7122/1012/952 7155/1012/1242 7154/1010/1241 7120/1010/950 
f 7124/1014/907 6733/1014/1037 6736/1017/1040 7127/1017/1223 
f 7125/1015/908 7157/1015/1244 7156/1016/1243 7126/1016/910 
f 7127/1017/1223 6736/1017/1040 6740/1019/1044 7129/1019/903 
f 7128/1018/906 7158/1018/1245 7157/1015/1244 7125/1015/908 
f 7129/1019/903 6740/1019/1044 6743/1021/1047 7131/1021/901 
f 7130/1020/904 7159/1020/1246 7158/1018/1245 7128/1018/906 
f 7131/1021/901 6743/1021/1047 6746/1023/1050 7133/1023/897 
f 7132/1022/902 7160/1022/1247 7159/1020/1246 7130/1020/904 
f 7133/1023/897 6746/1023/1050 6749/1025/1053 7135/1025/898 
f 7134/1024/900 7161/1024/1248 7160/1022/1247 7132/1022/902 
f 7107/997/937 6790/997/1094 6751/983/1055 7093/983/911 
f 7136/1026/899 7162/1026/1249 7161/1024/1248 7134/1024/900 
f 7121/1011/1221 6796/1011/1100 6772/985/1076 7095/985/1219 
f 7094/984/914 7141/984/1228 7148/998/1235 7108/998/938 
f 7135/1025/898 6749/1025/1053 6727/999/1031 7109/999/939 
f 7081/971/921 6767/971/1071 6770/972/1074 7082/972/1217 
f 7098/988/928 7142/988/1229 7155/1012/1242 7122/1012/952 
f 7082/972/1217 6770/972/1074 6730/1013/1034 7123/1013/1222 
f 7085/975/1218 6764/975/1068 6767/971/1071 7081/971/921 
f 7112/1002/942 7149/1002/1236 7162/1026/1249 7136/1026/899 
f 7083/973/924 7080/973/1216 7079/974/1215 7084/974/922 
f 7087/977/917 6761/977/1065 6764/975/1068 7085/975/1218 
f 7163/1027/1250 7164/1028/1251 7165/1029/1252 7166/1030/1253 
f 7166/1030/1253 7165/1029/1252 7167/1031/1254 7168/1032/1255 
f 7168/1032/1255 7167/1031/1254 7169/1033/1256 7170/1034/1257 
f 7170/1034/1257 7169/1033/1256 7164/1035/1251 7163/1036/1250 
f 7166/1037/1253 7168/1032/1255 7170/1034/1257 7163/1038/1250 
f 7167/1031/1254 7165/1039/1252 7164/1040/1251 7169/1033/1256 
f 7171/1193/992 7172/974/1258 7173/973/1259 7174/1194/992 
f 7175/1195/989 7176/976/1260 7172/974/1258 7171/1193/992 
f 7177/1196/989 7178/978/1261 7176/976/1260 7175/1195/989 
f 7179/1197/989 7180/980/1262 7178/978/1261 7177/1196/989 
f 7181/1198/989 7182/982/1263 7180/980/1262 7179/1197/989 
f 7183/1199/989 7184/984/1264 7182/982/1263 7181/1198/989 
f 7185/1200/989 7186/988/1265 7187/987/1266 7188/1201/989 
f 7188/1201/989 7187/987/1266 7189/990/1267 7190/1202/989 
f 7190/1202/989 7189/990/1267 7191/992/1268 7192/1203/989 
f 7192/1203/989 7191/992/1268 7193/994/1269 7194/1204/989 
f 7194/1204/989 7193/994/1269 7195/996/1270 7196/1205/992 
f 7196/1205/992 7195/996/1270 7197/998/1271 7198/1206/989 
f 7199/1207/992 7200/1002/1272 7201/1001/1273 7202/1208/989 
f 7202/1208/989 7201/1001/1273 7203/1004/1274 7204/1209/989 
f 7204/1209/989 7203/1004/1274 7205/1006/1275 7206/1210/989 
f 7206/1210/989 7205/1006/1275 7207/1008/1276 7208/1211/992 
f 7208/1211/992 7207/1008/1276 7209/1010/1277 7210/1212/992 
f 7210/1212/992 7209/1010/1277 7211/1012/1278 7212/1213/989 
f 7213/1214/989 7214/1016/1279 7215/1015/1280 7216/1215/992 
f 7216/1215/992 7215/1015/1280 7217/1018/1281 7218/1216/992 
f 7218/1216/992 7217/1018/1281 7219/1020/1282 7220/1217/992 
f 7220/1217/992 7219/1020/1282 7221/1022/1283 7222/1218/989 
f 7222/1218/989 7221/1022/1283 7223/1024/1284 7224/1219/989 
f 7224/1219/989 7223/1024/1284 7225/1026/1285 7226/1220/992 
f 7198/1206/989 7197/998/1271 7184/984/1264 7183/1199/989 
f 7212/1213/989 7211/1012/1278 7186/988/1265 7185/1200/989 
f 7226/1220/992 7225/1026/1285 7200/1002/1272 7199/1207/992 
f 7174/1194/992 7173/973/1259 7214/1016/1279 7213/1214/989 
f 7227/1016/953 7214/1016/1279 7173/973/1259 7228/973/954 
f 7229/974/955 7172/974/1258 7176/976/1260 7230/976/956 
f 5355/979/957 7231/979/1286 7232/977/1287 5356/977/958 
f 7230/976/956 7176/976/1260 7178/978/1261 7233/978/959 
f 5359/981/960 7234/981/1288 7231/979/1286 5355/979/957 
f 7233/978/959 7178/978/1261 7180/980/1262 7235/980/961 
f 5362/983/962 7236/983/1289 7234/981/1288 5359/981/960 
f 7235/980/961 7180/980/1262 7182/982/1263 7237/982/963 
f 5365/985/953 7238/985/1290 7239/986/1291 5366/986/964 
f 7237/982/963 7182/982/1263 7184/984/1264 7240/984/965 
f 5366/986/964 7239/986/1291 7241/989/1425 5369/989/966 
f 7242/987/967 7187/987/1266 7186/988/1265 7243/988/968 
f 5369/989/966 7241/989/1425 7244/991/1293 5374/991/969 
f 7245/990/970 7189/990/1267 7187/987/1266 7242/987/967 
f 5374/991/969 7244/991/1293 7246/993/1294 5377/993/971 
f 7247/992/972 7191/992/1268 7189/990/1267 7245/990/970 
f 5377/993/971 7246/993/1294 7248/995/1295 5380/995/973 
f 7249/994/974 7193/994/1269 7191/992/1268 7247/992/972 
f 5380/995/973 7248/995/1295 7250/997/1296 5383/997/975 
f 7251/996/976 7195/996/1270 7193/994/1269 7249/994/974 
f 5386/999/965 7252/999/1297 7253/1000/1298 5387/1000/963 
f 7254/998/977 7197/998/1271 7195/996/1270 7251/996/976 
f 5387/1000/963 7253/1000/1298 7255/1003/1299 5390/1003/961 
f 7256/1001/960 7201/1001/1273 7200/1002/1272 7257/1002/962 
f 5390/1003/961 7255/1003/1299 7258/1005/1300 5395/1005/959 
f 7259/1004/957 7203/1004/1274 7201/1001/1273 7256/1001/960 
f 5395/1005/959 7258/1005/1300 7260/1007/1301 5398/1007/956 
f 7261/1006/958 7205/1006/1275 7203/1004/1274 7259/1004/957 
f 5398/1007/956 7260/1007/1301 7262/1009/1302 5401/1009/955 
f 7263/1008/978 7207/1008/1276 7205/1006/1275 7261/1006/958 
f 5401/1009/955 7262/1009/1302 7264/1011/1303 5404/1011/954 
f 7265/1010/979 7209/1010/1277 7207/1008/1276 7263/1008/978 
f 5407/1013/968 7266/1013/1304 7267/1014/1305 5408/1014/967 
f 7268/1012/980 7211/1012/1278 7209/1010/1277 7265/1010/979 
f 5408/1014/967 7267/1014/1305 7269/1017/1306 5411/1017/970 
f 7270/1015/964 7215/1015/1280 7214/1016/1279 7227/1016/953 
f 5411/1017/970 7269/1017/1306 7271/1019/1307 5414/1019/972 
f 7272/1018/966 7217/1018/1281 7215/1015/1280 7270/1015/964 
f 5414/1019/972 7271/1019/1307 7273/1021/1308 5417/1021/974 
f 7274/1020/969 7219/1020/1282 7217/1018/1281 7272/1018/966 
f 5417/1021/974 7273/1021/1308 7275/1023/1309 5420/1023/976 
f 7276/1022/971 7221/1022/1283 7219/1020/1282 7274/1020/969 
f 5420/1023/976 7275/1023/1309 7277/1025/1310 5423/1025/977 
f 7278/1024/973 7223/1024/1284 7221/1022/1283 7276/1022/971 
f 5383/997/975 7250/997/1296 7236/983/1289 5362/983/962 
f 7279/1026/975 7225/1026/1285 7223/1024/1284 7278/1024/973 
f 5404/1011/954 7264/1011/1303 7238/985/1290 5365/985/953 
f 7240/984/965 7184/984/1264 7197/998/1271 7254/998/977 
f 5423/1025/977 7277/1025/1310 7252/999/1297 5386/999/965 
f 5428/971/979 7280/971/1311 7281/972/1312 5429/972/980 
f 7243/988/968 7186/988/1265 7211/1012/1278 7268/1012/980 
f 5429/972/980 7281/972/1312 7266/1013/1304 5407/1013/968 
f 5430/975/978 7282/975/1313 7280/971/1311 5428/971/979 
f 7257/1002/962 7200/1002/1272 7225/1026/1285 7279/1026/975 
f 7228/973/954 7173/973/1259 7172/974/1258 7229/974/955 
f 5356/977/958 7232/977/1287 7282/975/1313 5430/975/978 
f 7283/1069/1314 7284/1070/1315 7285/1071/1316 7286/1072/1317 
f 7286/1072/1317 7285/1071/1316 7287/1073/1318 7288/1074/1319 
f 7288/1074/1319 7287/1073/1318 7289/1075/1320 7290/1076/1321 
f 7290/1076/1321 7289/1075/1320 7291/1077/1322 7292/1039/1323 
f 7292/1039/1323 7291/1077/1322 7293/1078/1324 7294/1079/1325 
f 7294/1079/1325 7293/1078/1324 7295/1080/1326 7296/1081/1327 
f 7296/1081/1327 7295/1080/1326 7297/1082/1328 7298/1083/1329 
f 7298/1083/1329 7297/1082/1328 7299/1084/1330 7300/1085/1331 
f 7300/1085/1331 7299/1084/1330 7301/1086/1332 7302/1087/1333 
f 7302/1087/1333 7301/1086/1332 7303/1088/1334 7304/1089/1335 
f 7304/1089/1335 7303/1088/1334 7305/1090/1336 7306/1091/1337 
f 7306/1091/1337 7305/1090/1336 7307/1035/1338 7308/1031/1339 
f 7308/1031/1339 7307/1035/1338 7309/1092/1340 7310/1093/1341 
f 7310/1093/1341 7309/1092/1340 7311/1094/1342 7312/1095/1343 
f 7312/1095/1343 7311/1094/1342 7313/1096/1344 7314/1097/1345 
f 7314/1097/1345 7313/1096/1344 7315/1098/1346 7316/1099/1347 
f 7316/1099/1347 7315/1098/1346 7317/1100/1348 7318/1101/1349 
f 7318/1101/1349 7317/1100/1348 7319/1102/1350 7320/1103/1351 
f 7320/1103/1351 7319/1102/1350 7321/1104/1352 7322/1105/1353 
f 7322/1105/1353 7321/1104/1352 7323/1036/1354 7324/1032/1355 
f 7324/1032/1355 7323/1036/1354 7325/1106/1356 7326/1107/1357 
f 7326/1107/1357 7325/1106/1356 7327/1108/1358 7328/1109/1359 
f 7328/1109/1359 7327/1108/1358 7329/1110/1360 7330/1111/1361 
f 7330/1111/1361 7329/1110/1360 7331/1112/1362 7332/1113/1363 
f 7332/1113/1363 7331/1112/1362 7333/1114/1364 7334/1115/1365 
f 7334/1115/1365 7333/1114/1364 7335/1116/1366 7336/1117/1367 
f 7336/1117/1367 7335/1116/1366 7337/1118/1368 7338/1119/1369 
f 7338/1119/1369 7337/1118/1368 7339/1120/1370 7340/1037/1371 
f 7340/1037/1371 7339/1120/1370 7341/1121/1372 7342/1122/1373 
f 7342/1122/1373 7341/1121/1372 7343/1123/1374 7344/1124/1375 
f 7285/1125/1316 7284/1126/1315 7345/1127/1376 7343/1128/1374 7341/1129/1372 7339/1130/1370 7337/1131/1368 7335/1132/1366 7333/1133/1364 7331/1134/1362 7329/1135/1360 7327/1136/1358 7325/1137/1356 7323/1138/1354 7321/1139/1352 7319/1140/1350 7317/1141/1348 7315/1142/1346 7313/1143/1344 7311/1144/1342 7309/1145/1340 7307/1146/1338 7305/1147/1336 7303/1148/1334 7301/1149/1332 7299/1150/1330 7297/1151/1328 7295/1152/1326 7293/1153/1324 7291/1154/1322 7289/1155/1320 7287/1156/1318 
f 7344/1124/1375 7343/1123/1374 7345/1157/1376 7346/1158/1377 
f 7346/1158/1377 7345/1157/1376 7284/1159/1315 7283/1160/1314 
f 7283/1161/1314 7286/1162/1317 7288/1163/1319 7290/1164/1321 7292/1165/1323 7294/1166/1325 7296/1167/1327 7298/1168/1329 7300/1169/1331 7302/1170/1333 7304/1171/1335 7306/1172/1337 7308/1173/1339 7310/1174/1341 7312/1175/1343 7314/1176/1345 7316/1177/1347 7318/1178/1349 7320/1179/1351 7322/1180/1353 7324/1181/1355 7326/1182/1357 7328/1183/1359 7330/1184/1361 7332/1185/1363 7334/1186/1365 7336/1187/1367 7338/1188/1369 7340/1189/1371 7342/1190/1373 7344/1191/1375 7346/1192/1377 
f 7347/1069/1314 7348/1070/1315 7349/1071/1316 7350/1072/1317 
f 7350/1072/1317 7349/1071/1316 7351/1073/1318 7352/1074/1319 
f 7352/1074/1319 7351/1073/1318 7353/1075/1320 7354/1076/1321 
f 7354/1076/1321 7353/1075/1320 7355/1077/1322 7356/1039/1323 
f 7356/1039/1323 7355/1077/1322 7357/1078/1324 7358/1079/1325 
f 7358/1079/1325 7357/1078/1324 7359/1080/1378 7360/1081/1379 
f 7360/1081/1379 7359/1080/1378 7361/1082/1328 7362/1083/1329 
f 7362/1083/1329 7361/1082/1328 7363/1084/1330 7364/1085/1331 
f 7364/1085/1331 7363/1084/1330 7365/1086/1332 7366/1087/1333 
f 7366/1087/1333 7365/1086/1332 7367/1088/1380 7368/1089/1381 
f 7368/1089/1381 7367/1088/1380 7369/1090/1336 7370/1091/1337 
f 7370/1091/1337 7369/1090/1336 7371/1035/1338 7372/1031/1339 
f 7372/1031/1339 7371/1035/1338 7373/1092/1340 7374/1093/1341 
f 7374/1093/1341 7373/1092/1340 7375/1094/1342 7376/1095/1383 
f 7376/1095/1383 7375/1094/1342 7377/1096/1344 7378/1097/1345 
f 7378/1097/1345 7377/1096/1344 7379/1098/1346 7380/1099/1347 
f 7380/1099/1347 7379/1098/1346 7381/1100/1348 7382/1101/1349 
f 7382/1101/1349 7381/1100/1348 7383/1102/1384 7384/1103/1385 
f 7384/1103/1385 7383/1102/1384 7385/1104/1352 7386/1105/1353 
f 7386/1105/1353 7385/1104/1352 7387/1036/1354 7388/1032/1355 
f 7388/1032/1355 7387/1036/1354 7389/1106/1356 7390/1107/1357 
f 7390/1107/1357 7389/1106/1356 7391/1108/1358 7392/1109/1359 
f 7392/1109/1359 7391/1108/1358 7393/1110/1360 7394/1111/1361 
f 7394/1111/1361 7393/1110/1360 7395/1112/1362 7396/1113/1363 
f 7396/1113/1363 7395/1112/1362 7397/1114/1364 7398/1115/1365 
f 7398/1115/1365 7397/1114/1364 7399/1116/1366 7400/1117/1367 
f 7400/1117/1367 7399/1116/1366 7401/1118/1368 7402/1119/1369 
f 7402/1119/1369 7401/1118/1368 7403/1120/1370 7404/1037/1371 
f 7404/1037/1371 7403/1120/1370 7405/1121/1372 7406/1122/1373 
f 7406/1122/1373 7405/1121/1372 7407/1123/1374 7408/1124/1375 
f 7349/1125/1316 7348/1126/1315 7409/1127/1376 7407/1128/1374 7405/1129/1372 7403/1130/1370 7401/1131/1368 7399/1132/1366 7397/1133/1364 7395/1134/1362 7393/1135/1360 7391/1136/1358 7389/1137/1356 7387/1138/1354 7385/1139/1352 7383/1140/1384 7381/1141/1348 7379/1142/1346 7377/1143/1344 7375/1144/1342 7373/1145/1340 7371/1146/1338 7369/1147/1336 7367/1148/1380 7365/1149/1332 7363/1150/1330 7361/1151/1328 7359/1152/1378 7357/1153/1324 7355/1154/1322 7353/1155/1320 7351/1156/1318 
f 7408/1124/1375 7407/1123/1374 7409/1157/1376 7410/1158/1377 
f 7410/1158/1377 7409/1157/1376 7348/1159/1315 7347/1160/1314 
f 7347/1161/1314 7350/1162/1317 7352/1163/1319 7354/1164/1321 7356/1165/1323 7358/1166/1325 7360/1167/1379 7362/1168/1329 7364/1169/1331 7366/1170/1333 7368/1171/1381 7370/1172/1337 7372/1173/1339 7374/1174/1341 7376/1175/1383 7378/1176/1345 7380/1177/1347 7382/1178/1349 7384/1179/1385 7386/1180/1353 7388/1181/1355 7390/1182/1357 7392/1183/1359 7394/1184/1361 7396/1185/1363 7398/1186/1365 7400/1187/1367 7402/1188/1369 7404/1189/1371 7406/1190/1373 7408/1191/1375 7410/1192/1377 
f 7411/1069/1314 7412/1070/1315 7413/1071/1316 7414/1072/1317 
f 7414/1072/1317 7413/1071/1316 7415/1073/1386 7416/1074/1387 
f 7416/1074/1387 7415/1073/1386 7417/1075/1320 7418/1076/1321 
f 7418/1076/1321 7417/1075/1320 7419/1077/1322 7420/1039/1323 
f 7420/1039/1323 7419/1077/1322 7421/1078/1324 7422/1079/1325 
f 7422/1079/1325 7421/1078/1324 7423/1080/1326 7424/1081/1327 
f 7424/1081/1327 7423/1080/1326 7425/1082/1328 7426/1083/1329 
f 7426/1083/1329 7425/1082/1328 7427/1084/1330 7428/1085/1331 
f 7428/1085/1331 7427/1084/1330 7429/1086/1332 7430/1087/1333 
f 7430/1087/1333 7429/1086/1332 7431/1088/1334 7432/1089/1335 
f 7432/1089/1335 7431/1088/1334 7433/1090/1336 7434/1091/1337 
f 7434/1091/1337 7433/1090/1336 7435/1035/1338 7436/1031/1339 
f 7436/1031/1339 7435/1035/1338 7437/1092/1340 7438/1093/1341 
f 7438/1093/1341 7437/1092/1340 7439/1094/1342 7440/1095/1343 
f 7440/1095/1343 7439/1094/1342 7441/1096/1344 7442/1097/1345 
f 7442/1097/1345 7441/1096/1344 7443/1098/1346 7444/1099/1347 
f 7444/1099/1347 7443/1098/1346 7445/1100/1348 7446/1101/1349 
f 7446/1101/1349 7445/1100/1348 7447/1102/1384 7448/1103/1385 
f 7448/1103/1385 7447/1102/1384 7449/1104/1352 7450/1105/1353 
f 7450/1105/1353 7449/1104/1352 7451/1036/1354 7452/1032/1355 
f 7452/1032/1355 7451/1036/1354 7453/1106/1356 7454/1107/1357 
f 7454/1107/1357 7453/1106/1356 7455/1108/1388 7456/1109/1389 
f 7456/1109/1389 7455/1108/1388 7457/1110/1360 7458/1111/1361 
f 7458/1111/1361 7457/1110/1360 7459/1112/1362 7460/1113/1363 
f 7460/1113/1363 7459/1112/1362 7461/1114/1364 7462/1115/1365 
f 7462/1115/1365 7461/1114/1364 7463/1116/1390 7464/1117/1391 
f 7464/1117/1391 7463/1116/1390 7465/1118/1368 7466/1119/1369 
f 7466/1119/1369 7465/1118/1368 7467/1120/1370 7468/1037/1371 
f 7468/1037/1371 7467/1120/1370 7469/1121/1372 7470/1122/1373 
f 7470/1122/1373 7469/1121/1372 7471/1123/1374 7472/1124/1375 
f 7413/1125/1316 7412/1126/1315 7473/1127/1376 7471/1128/1374 7469/1129/1372 7467/1130/1370 7465/1131/1368 7463/1132/1390 7461/1133/1364 7459/1134/1362 7457/1135/1360 7455/1136/1388 7453/1137/1356 7451/1138/1354 7449/1139/1352 7447/1140/1384 7445/1141/1348 7443/1142/1346 7441/1143/1344 7439/1144/1342 7437/1145/1340 7435/1146/1338 7433/1147/1336 7431/1148/1334 7429/1149/1332 7427/1150/1330 7425/1151/1328 7423/1152/1326 7421/1153/1324 7419/1154/1322 7417/1155/1320 7415/1156/1386 
f 7472/1124/1375 7471/1123/1374 7473/1157/1376 7474/1158/1377 
f 7474/1158/1377 7473/1157/1376 7412/1159/1315 7411/1160/1314 
f 7411/1161/1314 7414/1162/1317 7416/1163/1387 7418/1164/1321 7420/1165/1323 7422/1166/1325 7424/1167/1327 7426/1168/1329 7428/1169/1331 7430/1170/1333 7432/1171/1335 7434/1172/1337 7436/1173/1339 7438/1174/1341 7440/1175/1343 7442/1176/1345 7444/1177/1347 7446/1178/1349 7448/1179/1385 7450/1180/1353 7452/1181/1355 7454/1182/1357 7456/1183/1389 7458/1184/1361 7460/1185/1363 7462/1186/1365 7464/1187/1391 7466/1188/1369 7468/1189/1371 7470/1190/1373 7472/1191/1375 7474/1192/1377 
f 7475/1069/1392 7476/1070/1393 7477/1071/1316 7478/1072/1317 
f 7478/1072/1317 7477/1071/1316 7479/1073/1318 7480/1074/1319 
f 7480/1074/1319 7479/1073/1318 7481/1075/1320 7482/1076/1321 
f 7482/1076/1321 7481/1075/1320 7483/1077/1322 7484/1039/1323 
f 7484/1039/1323 7483/1077/1322 7485/1078/1324 7486/1079/1325 
f 7486/1079/1325 7485/1078/1324 7487/1080/1326 7488/1081/1327 
f 7488/1081/1327 7487/1080/1326 7489/1082/1328 7490/1083/1329 
f 7490/1083/1329 7489/1082/1328 7491/1084/1330 7492/1085/1331 
f 7492/1085/1331 7491/1084/1330 7493/1086/1332 7494/1087/1333 
f 7494/1087/1333 7493/1086/1332 7495/1088/1334 7496/1089/1335 
f 7496/1089/1335 7495/1088/1334 7497/1090/1336 7498/1091/1337 
f 7498/1091/1337 7497/1090/1336 7499/1035/1338 7500/1031/1339 
f 7500/1031/1339 7499/1035/1338 7501/1092/1340 7502/1093/1341 
f 7502/1093/1341 7501/1092/1340 7503/1094/1382 7504/1095/1383 
f 7504/1095/1383 7503/1094/1382 7505/1096/1344 7506/1097/1345 
f 7506/1097/1345 7505/1096/1344 7507/1098/1346 7508/1099/1347 
f 7508/1099/1347 7507/1098/1346 7509/1100/1348 7510/1101/1349 
f 7510/1101/1349 7509/1100/1348 7511/1102/1350 7512/1103/1385 
f 7512/1103/1385 7511/1102/1350 7513/1104/1352 7514/1105/1353 
f 7514/1105/1353 7513/1104/1352 7515/1036/1354 7516/1032/1355 
f 7516/1032/1355 7515/1036/1354 7517/1106/1356 7518/1107/1357 
f 7518/1107/1357 7517/1106/1356 7519/1108/1358 7520/1109/1359 
f 7520/1109/1359 7519/1108/1358 7521/1110/1360 7522/1111/1361 
f 7522/1111/1361 7521/1110/1360 7523/1112/1362 7524/1113/1363 
f 7524/1113/1363 7523/1112/1362 7525/1114/1364 7526/1115/1365 
f 7526/1115/1365 7525/1114/1364 7527/1116/1366 7528/1117/1367 
f 7528/1117/1367 7527/1116/1366 7529/1118/1368 7530/1119/1369 
f 7530/1119/1369 7529/1118/1368 7531/1120/1370 7532/1037/1371 
f 7532/1037/1371 7531/1120/1370 7533/1121/1372 7534/1122/1373 
f 7534/1122/1373 7533/1121/1372 7535/1123/1394 7536/1124/1395 
f 7477/1125/1316 7476/1126/1393 7537/1127/1376 7535/1128/1394 7533/1129/1372 7531/1130/1370 7529/1131/1368 7527/1132/1366 7525/1133/1364 7523/1134/1362 7521/1135/1360 7519/1136/1358 7517/1137/1356 7515/1138/1354 7513/1139/1352 7511/1140/1350 7509/1141/1348 7507/1142/1346 7505/1143/1344 7503/1144/1382 7501/1145/1340 7499/1146/1338 7497/1147/1336 7495/1148/1334 7493/1149/1332 7491/1150/1330 7489/1151/1328 7487/1152/1326 7485/1153/1324 7483/1154/1322 7481/1155/1320 7479/1156/1318 
f 7536/1124/1395 7535/1123/1394 7537/1157/1376 7538/1158/1377 
f 7538/1158/1377 7537/1157/1376 7476/1159/1393 7475/1160/1392 
f 7475/1161/1392 7478/1162/1317 7480/1163/1319 7482/1164/1321 7484/1165/1323 7486/1166/1325 7488/1167/1327 7490/1168/1329 7492/1169/1331 7494/1170/1333 7496/1171/1335 7498/1172/1337 7500/1173/1339 7502/1174/1341 7504/1175/1383 7506/1176/1345 7508/1177/1347 7510/1178/1349 7512/1179/1385 7514/1180/1353 7516/1181/1355 7518/1182/1357 7520/1183/1359 7522/1184/1361 7524/1185/1363 7526/1186/1365 7528/1187/1367 7530/1188/1369 7532/1189/1371 7534/1190/1373 7536/1191/1395 7538/1192/1377 
f 7539/1027/1396 7540/1028/1397 7541/1029/1398 7542/1030/1399 
f 7542/1030/1399 7541/1029/1398 7543/1031/1400 7544/1032/1401 
f 7544/1032/1401 7543/1031/1400 7545/1033/1402 7546/1034/1403 
f 7546/1034/1403 7545/1033/1402 7540/1035/1397 7539/1036/1396 
f 7542/1037/1399 7544/1032/1401 7546/1034/1403 7539/1038/1396 
f 7543/1031/1400 7541/1039/1398 7540/1040/1397 7545/1033/1402 
f 7547/1027/1404 7548/1028/1405 7549/1029/1406 7550/1030/1407 
f 7550/1030/1407 7549/1029/1406 7551/1031/1408 7552/1032/1409 
f 7552/1032/1409 7551/1031/1408 7553/1033/1410 7554/1034/1411 
f 7554/1034/1411 7553/1033/1410 7548/1035/1405 7547/1036/1404 
f 7550/1037/1407 7552/1032/1409 7554/1034/1411 7547/1038/1404 
f 7551/1031/1408 7549/1039/1406 7548/1040/1405 7553/1033/1410 
f 7555/1027/1412 7556/1028/1413 7557/1029/1414 7558/1030/1415 
f 7558/1030/1415 7557/1029/1414 7559/1031/1416 7560/1032/1417 
f 7560/1032/1417 7559/1031/1416 7561/1033/1418 7562/1034/1419 
f 7562/1034/1419 7561/1033/1418 7556/1035/1413 7555/1036/1412 
f 7558/1037/1415 7560/1032/1417 7562/1034/1419 7555/1038/1412 
f 7559/1031/1416 7557/1039/1414 7556/1040/1413 7561/1033/1418 
f 7155/973/1242 6716/973/1020 6717/974/1021 7154/974/1241 
f 7141/1002/1228 6759/1002/1063 6792/1026/1096 7148/1026/1235 
f 7156/988/1243 6738/988/1042 6776/1012/1080 7080/1012/1216 
f 7149/984/1236 6734/984/1038 6755/998/1059 7162/998/1249 
f 7148/1026/1235 6792/1026/1096 6791/1024/1095 7147/1024/1234 
f 7147/1024/1234 6791/1024/1095 6788/1022/1092 7146/1022/1233 
f 7146/1022/1233 6788/1022/1092 6785/1020/1089 7145/1020/1232 
f 7145/1020/1232 6785/1020/1089 6782/1018/1086 7144/1018/1231 
f 7144/1018/1231 6782/1018/1086 6779/1015/1083 7143/1015/1230 
f 7143/1015/1230 6779/1015/1083 6715/1016/1019 7142/1016/1229 
f 7080/1012/1216 6776/1012/1080 6771/1010/1075 7079/1010/1215 
f 7079/1010/1215 6771/1010/1075 6768/1008/1072 7137/1008/1224 
f 7137/1008/1224 6768/1008/1072 6765/1006/1069 7138/1006/1225 
f 7138/1006/1225 6765/1006/1069 6762/1004/1066 7139/1004/1226 
f 7139/1004/1226 6762/1004/1066 6758/1001/1062 7140/1001/1227 
f 7140/1001/1227 6758/1001/1062 6759/1002/1063 7141/1002/1228 
f 7162/998/1249 6755/998/1059 6750/996/1054 7161/996/1248 
f 7161/996/1248 6750/996/1054 6747/994/1051 7160/994/1247 
f 7160/994/1247 6747/994/1051 6744/992/1048 7159/992/1246 
f 7159/992/1246 6744/992/1048 6741/990/1045 7158/990/1245 
f 7158/990/1245 6741/990/1045 6737/987/1041 7157/987/1244 
f 7157/987/1244 6737/987/1041 6738/988/1042 7156/988/1243 
f 7150/982/1237 6729/982/1033 6734/984/1038 7149/984/1236 
f 7151/980/1238 6726/980/1420 6729/982/1033 7150/982/1237 
f 7152/978/1239 6723/978/1027 6726/980/1420 7151/980/1238 
f 7153/976/1240 6718/976/1022 6723/978/1027 7152/978/1239 
f 7154/974/1241 6717/974/1021 6718/976/1022 7153/976/1240 
f 7142/1016/1229 6715/1016/1019 6716/973/1020 7155/973/1242 
f 6795/972/1099 7563/1221/989 7564/1222/989 6773/1013/1077 
f 6789/1025/1093 7565/1223/989 7566/1224/992 6752/999/1056 
f 6769/1011/1073 7567/1225/992 7568/1226/992 6731/985/1035 
f 6748/997/1052 7569/1227/989 7570/1228/989 6728/983/1032 
f 6786/1023/1090 7571/1229/992 7565/1223/989 6789/1025/1093 
f 6783/1021/1087 7572/1230/992 7571/1229/992 6786/1023/1090 
f 6780/1019/1084 7573/1231/989 7572/1230/992 6783/1021/1087 
f 6777/1017/1081 7574/1232/992 7573/1231/989 6780/1019/1084 
f 6774/1014/1078 7575/1233/989 7574/1232/992 6777/1017/1081 
f 6773/1013/1077 7564/1222/989 7575/1233/989 6774/1014/1078 
f 6766/1009/1070 7576/1234/992 7567/1225/992 6769/1011/1073 
f 6763/1007/1067 7577/1235/992 7576/1234/992 6766/1009/1070 
f 6760/1005/1064 7578/1236/992 7577/1235/992 6763/1007/1067 
f 6756/1003/1060 7579/1237/992 7578/1236/992 6760/1005/1064 
f 6753/1000/1057 7580/1238/992 7579/1237/992 6756/1003/1060 
f 6752/999/1056 7566/1224/992 7580/1238/992 6753/1000/1057 
f 6745/995/1049 7581/1239/989 7569/1227/989 6748/997/1052 
f 6742/993/1046 7582/1240/989 7581/1239/989 6745/995/1049 
f 6739/991/1043 7583/1241/989 7582/1240/989 6742/993/1046 
f 6735/989/1421 7584/1242/989 7583/1241/989 6739/991/1043 
f 6732/986/1036 7585/1243/989 7584/1242/989 6735/989/1421 
f 6731/985/1035 7568/1226/992 7585/1243/989 6732/986/1036 
f 6728/983/1032 7570/1228/989 7586/1244/992 6725/981/1029 
f 6725/981/1029 7586/1244/992 7587/1245/992 6720/979/1024 
f 6720/979/1024 7587/1245/992 7588/1246/992 6721/977/1025 
f 6721/977/1025 7588/1246/992 7589/1247/992 6798/975/1102 
f 6798/975/1102 7589/1247/992 7590/1248/989 6794/971/1098 
f 6794/971/1098 7590/1248/989 7563/1221/989 6795/972/1099 
f 7563/1221/989 6662/1042/989 6701/1062/989 7564/1222/989 
f 7565/1223/989 6714/1068/989 6687/1055/989 7566/1224/992 
f 7567/1225/992 6700/1061/992 6673/1048/992 7568/1226/992 
f 7569/1227/989 6686/1054/989 6671/1047/989 7570/1228/989 
f 7571/1229/992 6712/1067/992 6714/1068/989 7565/1223/989 
f 7572/1230/992 6710/1066/992 6712/1067/992 7571/1229/992 
f 7573/1231/989 6708/1065/992 6710/1066/992 7572/1230/992 
f 7574/1232/992 6706/1064/989 6708/1065/992 7573/1231/989 
f 7575/1233/989 6704/1063/989 6706/1064/989 7574/1232/992 
f 7564/1222/989 6701/1062/989 6704/1063/989 7575/1233/989 
f 7576/1234/992 6698/1060/989 6700/1061/992 7567/1225/992 
f 7577/1235/992 6696/1059/989 6698/1060/989 7576/1234/992 
f 7578/1236/992 6694/1058/989 6696/1059/989 7577/1235/992 
f 7579/1237/992 6692/1057/989 6694/1058/989 7578/1236/992 
f 7580/1238/992 6690/1056/992 6692/1057/989 7579/1237/992 
f 7566/1224/992 6687/1055/989 6690/1056/992 7580/1238/992 
f 7581/1239/989 6684/1053/989 6686/1054/989 7569/1227/989 
f 7582/1240/989 6682/1052/992 6684/1053/989 7581/1239/989 
f 7583/1241/989 6680/1051/992 6682/1052/992 7582/1240/989 
f 7584/1242/989 6678/1050/992 6680/1051/992 7583/1241/989 
f 7585/1243/989 6676/1049/992 6678/1050/992 7584/1242/989 
f 7568/1226/992 6673/1048/992 6676/1049/992 7585/1243/989 
f 7570/1228/989 6671/1047/989 6669/1046/989 7586/1244/992 
f 7586/1244/992 6669/1046/989 6667/1045/989 7587/1245/992 
f 7587/1245/992 6667/1045/989 6665/1044/989 7588/1246/992 
f 7588/1246/992 6665/1044/989 6663/1043/992 7589/1247/992 
f 7589/1247/992 6663/1043/992 6659/1041/992 7590/1248/989 
f 7590/1248/989 6659/1041/992 6662/1042/989 7563/1221/989 
f 7591/973/954 7228/973/954 7229/974/955 7592/974/955 
f 7593/1002/962 7257/1002/962 7279/1026/975 7594/1026/975 
f 7595/988/968 7243/988/968 7268/1012/980 7596/1012/980 
f 7597/984/965 7240/984/965 7254/998/977 7598/998/977 
f 7594/1026/975 7279/1026/975 7278/1024/973 7599/1024/973 
f 7599/1024/973 7278/1024/973 7276/1022/971 7600/1022/971 
f 7600/1022/971 7276/1022/971 7274/1020/969 7601/1020/969 
f 7601/1020/969 7274/1020/969 7272/1018/966 7602/1018/966 
f 7602/1018/966 7272/1018/966 7270/1015/964 7603/1015/964 
f 7603/1015/964 7270/1015/964 7227/1016/953 7604/1016/953 
f 7596/1012/980 7268/1012/980 7265/1010/979 7605/1010/979 
f 7605/1010/979 7265/1010/979 7263/1008/978 7606/1008/978 
f 7606/1008/978 7263/1008/978 7261/1006/958 7607/1006/958 
f 7607/1006/958 7261/1006/958 7259/1004/957 7608/1004/957 
f 7608/1004/957 7259/1004/957 7256/1001/960 7609/1001/960 
f 7609/1001/960 7256/1001/960 7257/1002/962 7593/1002/962 
f 7598/998/977 7254/998/977 7251/996/976 7610/996/976 
f 7610/996/976 7251/996/976 7249/994/974 7611/994/974 
f 7611/994/974 7249/994/974 7247/992/972 7612/992/972 
f 7612/992/972 7247/992/972 7245/990/970 7613/990/970 
f 7613/990/970 7245/990/970 7242/987/967 7614/987/967 
f 7614/987/967 7242/987/967 7243/988/968 7595/988/968 
f 7615/982/963 7237/982/963 7240/984/965 7597/984/965 
f 7616/980/961 7235/980/961 7237/982/963 7615/982/963 
f 7617/978/959 7233/978/959 7235/980/961 7616/980/961 
f 7618/976/956 7230/976/956 7233/978/959 7617/978/959 
f 7592/974/955 7229/974/955 7230/976/956 7618/976/956 
f 7604/1016/953 7227/1016/953 7228/973/954 7591/973/954 
f 5348/1016/953 7604/1016/953 7591/973/954 5349/973/954 
f 5352/974/955 7592/974/955 7618/976/956 5353/976/956 
f 5353/976/956 7618/976/956 7617/978/959 5357/978/959 
f 5357/978/959 7617/978/959 7616/980/961 7619/980/961 
f 7619/980/961 7616/980/961 7615/982/963 5363/982/963 
f 5363/982/963 7615/982/963 7597/984/965 5367/984/965 
f 5371/987/967 7614/987/967 7595/988/968 5372/988/968 
f 5376/990/970 7613/990/970 7614/987/967 5371/987/967 
f 5379/992/972 7612/992/972 7613/990/970 5376/990/970 
f 7620/994/974 7611/994/974 7612/992/972 5379/992/972 
f 5385/996/976 7610/996/976 7611/994/974 7620/994/974 
f 5389/998/977 7598/998/977 7610/996/976 5385/996/976 
f 5392/1001/960 7609/1001/960 7593/1002/962 5393/1002/962 
f 5397/1004/957 7608/1004/957 7609/1001/960 5392/1001/960 
f 5400/1006/958 7607/1006/958 7608/1004/957 5397/1004/957 
f 5403/1008/978 7606/1008/978 7607/1006/958 5400/1006/958 
f 5406/1010/979 7605/1010/979 7606/1008/978 5403/1008/978 
f 5410/1012/980 7596/1012/980 7605/1010/979 5406/1010/979 
f 5413/1015/964 7603/1015/964 7604/1016/953 5348/1016/953 
f 5416/1018/966 7602/1018/966 7603/1015/964 5413/1015/964 
f 5419/1020/969 7601/1020/969 7602/1018/966 5416/1018/966 
f 5422/1022/971 7600/1022/971 7601/1020/969 5419/1020/969 
f 5425/1024/973 7599/1024/973 7600/1022/971 5422/1022/971 
f 5427/1026/975 7594/1026/975 7599/1024/973 5425/1024/973 
f 5367/984/965 7597/984/965 7598/998/977 5389/998/977 
f 5372/988/968 7595/988/968 7596/1012/980 5410/1012/980 
f 5393/1002/962 7593/1002/962 7594/1026/975 5427/1026/975 
f 5349/973/954 7591/973/954 7592/974/955 5352/974/955 
f 7621/1249/989 7174/1194/992 7213/1214/989 7622/1250/989 
f 7623/1251/992 7226/1220/992 7199/1207/992 7624/1252/989 
f 7625/1253/992 7212/1213/989 7185/1200/989 7626/1254/989 
f 7627/1255/989 7198/1206/989 7183/1199/989 7628/1256/992 
f 7629/1257/992 7224/1219/989 7226/1220/992 7623/1251/992 
f 7630/1258/992 7222/1218/989 7224/1219/989 7629/1257/992 
f 7631/1259/992 7220/1217/992 7222/1218/989 7630/1258/992 
f 7632/1260/992 7218/1216/992 7220/1217/992 7631/1259/992 
f 7633/1261/992 7216/1215/992 7218/1216/992 7632/1260/992 
f 7622/1250/989 7213/1214/989 7216/1215/992 7633/1261/992 
f 7634/1262/992 7210/1212/992 7212/1213/989 7625/1253/992 
f 7635/1263/992 7208/1211/992 7210/1212/992 7634/1262/992 
f 7636/1264/989 7206/1210/989 7208/1211/992 7635/1263/992 
f 7637/1265/989 7204/1209/989 7206/1210/989 7636/1264/989 
f 7638/1266/989 7202/1208/989 7204/1209/989 7637/1265/989 
f 7624/1252/989 7199/1207/992 7202/1208/989 7638/1266/989 
f 7639/1267/989 7196/1205/992 7198/1206/989 7627/1255/989 
f 7640/1268/989 7194/1204/989 7196/1205/992 7639/1267/989 
f 7641/1269/992 7192/1203/989 7194/1204/989 7640/1268/989 
f 7642/1270/992 7190/1202/989 7192/1203/989 7641/1269/992 
f 7643/1271/989 7188/1201/989 7190/1202/989 7642/1270/992 
f 7626/1254/989 7185/1200/989 7188/1201/989 7643/1271/989 
f 7628/1256/992 7183/1199/989 7181/1198/989 7644/1272/992 
f 7644/1272/992 7181/1198/989 7179/1197/989 7645/1273/992 
f 7645/1273/992 7179/1197/989 7177/1196/989 7646/1274/992 
f 7646/1274/992 7177/1196/989 7175/1195/989 7647/1275/989 
f 7647/1275/989 7175/1195/989 7171/1193/992 7648/1276/989 
f 7648/1276/989 7171/1193/992 7174/1194/992 7621/1249/989 
f 7280/971/1311 7648/1276/989 7621/1249/989 7281/972/1312 
f 7282/975/1313 7647/1275/989 7648/1276/989 7280/971/1311 
f 7232/977/1287 7646/1274/992 7647/1275/989 7282/975/1313 
f 7231/979/1286 7645/1273/992 7646/1274/992 7232/977/1287 
f 7234/981/1288 7644/1272/992 7645/1273/992 7231/979/1286 
f 7236/983/1289 7628/1256/992 7644/1272/992 7234/981/1288 
f 7238/985/1290 7626/1254/989 7643/1271/989 7239/986/1291 
f 7239/986/1291 7643/1271/989 7642/1270/992 7241/989/1425 
f 7241/989/1425 7642/1270/992 7641/1269/992 7244/991/1293 
f 7244/991/1293 7641/1269/992 7640/1268/989 7246/993/1294 
f 7246/993/1294 7640/1268/989 7639/1267/989 7248/995/1295 
f 7248/995/1295 7639/1267/989 7627/1255/989 7250/997/1296 
f 7252/999/1297 7624/1252/989 7638/1266/989 7253/1000/1298 
f 7253/1000/1298 7638/1266/989 7637/1265/989 7255/1003/1299 
f 7255/1003/1299 7637/1265/989 7636/1264/989 7258/1005/1300 
f 7258/1005/1300 7636/1264/989 7635/1263/992 7260/1007/1301 
f 7260/1007/1301 7635/1263/992 7634/1262/992 7262/1009/1302 
f 7262/1009/1302 7634/1262/992 7625/1253/992 7264/1011/1303 
f 7266/1013/1304 7622/1250/989 7633/1261/992 7267/1014/1305 
f 7267/1014/1305 7633/1261/992 7632/1260/992 7269/1017/1306 
f 7269/1017/1306 7632/1260/992 7631/1259/992 7271/1019/1307 
f 7271/1019/1307 7631/1259/992 7630/1258/992 7273/1021/1308 
f 7273/1021/1308 7630/1258/992 7629/1257/992 7275/1023/1309 
f 7275/1023/1309 7629/1257/992 7623/1251/992 7277/1025/1310 
f 7250/997/1296 7627/1255/989 7628/1256/992 7236/983/1289 
f 7264/1011/1303 7625/1253/992 7626/1254/989 7238/985/1290 
f 7277/1025/1310 7623/1251/992 7624/1252/989 7252/999/1297 
f 7281/972/1312 7621/1249/989 7622/1250/989 7266/1013/1304 
f 7649/973/954 6570/973/954 6571/974/955 7650/974/955 
f 7651/1002/962 6614/1002/962 6646/1026/975 7652/1026/975 
f 7653/988/968 6593/988/968 6629/1012/980 7654/1012/980 
f 7655/984/965 6588/984/965 6608/998/977 7656/998/977 
f 7652/1026/975 6646/1026/975 6644/1024/973 7657/1024/973 
f 7657/1024/973 6644/1024/973 6641/1022/971 7658/1022/971 
f 7658/1022/971 6641/1022/971 6638/1020/969 7659/1020/969 
f 7659/1020/969 6638/1020/969 6635/1018/966 7660/1018/966 
f 7660/1018/966 6635/1018/966 6632/1015/964 7661/1015/964 
f 7661/1015/964 6632/1015/964 6567/1016/953 7662/1016/953 
f 7654/1012/980 6629/1012/980 6625/1010/979 7663/1010/979 
f 7663/1010/979 6625/1010/979 6622/1008/978 7664/1008/978 
f 7664/1008/978 6622/1008/978 6619/1006/958 7665/1006/958 
f 7665/1006/958 6619/1006/958 6616/1004/957 7666/1004/957 
f 7666/1004/957 6616/1004/957 6611/1001/960 7667/1001/960 
f 7667/1001/960 6611/1001/960 6614/1002/962 7651/1002/962 
f 7656/998/977 6608/998/977 6604/996/976 7668/996/976 
f 7668/996/976 6604/996/976 6601/994/974 7669/994/974 
f 7669/994/974 6601/994/974 6598/992/972 7670/992/972 
f 7670/992/972 6598/992/972 6595/990/970 7671/990/970 
f 7671/990/970 6595/990/970 6590/987/967 7672/987/967 
f 7672/987/967 6590/987/967 6593/988/968 7653/988/968 
f 7673/982/963 6584/982/963 6588/984/965 7655/984/965 
f 7674/980/961 6581/980/961 6584/982/963 7673/982/963 
f 7675/978/959 6578/978/959 6581/980/961 7674/980/961 
f 7676/976/956 6574/976/956 6578/978/959 7675/978/959 
f 7650/974/955 6571/974/955 6574/976/956 7676/976/956 
f 7662/1016/953 6567/1016/953 6570/973/954 7649/973/954 
f 6556/1016/942 7662/1016/953 7649/973/954 6513/973/899 
f 6514/974/900 7650/974/955 7676/976/956 6516/976/902 
f 6516/976/902 7676/976/956 7675/978/959 6518/978/904 
f 6518/978/904 7675/978/959 7674/980/961 6520/980/906 
f 6520/980/906 7674/980/961 7673/982/963 6522/982/908 
f 6522/982/908 7673/982/963 7655/984/965 6524/984/910 
f 6527/987/913 7672/987/967 7653/988/968 6528/988/914 
f 6530/990/916 7671/990/970 7672/987/967 6527/987/913 
f 6532/992/918 7670/992/972 7671/990/970 6530/990/916 
f 6534/994/920 7669/994/974 7670/992/972 6532/992/918 
f 6536/996/922 7668/996/976 7669/994/974 6534/994/920 
f 6538/998/924 7656/998/977 7668/996/976 6536/996/922 
f 6541/1001/927 7667/1001/960 7651/1002/962 6542/1002/928 
f 6544/1004/930 7666/1004/957 7667/1001/960 6541/1001/927 
f 6546/1006/932 7665/1006/958 7666/1004/957 6544/1004/930 
f 6548/1008/934 7664/1008/978 7665/1006/958 6546/1006/932 
f 6550/1010/936 7663/1010/979 7664/1008/978 6548/1008/934 
f 6552/1012/938 7654/1012/980 7663/1010/979 6550/1010/936 
f 6555/1015/941 7661/1015/964 7662/1016/953 6556/1016/942 
f 6558/1018/944 7660/1018/966 7661/1015/964 6555/1015/941 
f 6560/1020/946 7659/1020/969 7660/1018/966 6558/1018/944 
f 6562/1022/948 7658/1022/971 7659/1020/969 6560/1020/946 
f 6564/1024/950 7657/1024/973 7658/1022/971 6562/1022/948 
f 6566/1026/952 7652/1026/975 7657/1024/973 6564/1024/950 
f 6524/984/910 7655/984/965 7656/998/977 6538/998/924 
f 6528/988/914 7653/988/968 7654/1012/980 6552/1012/938 
f 6542/1002/928 7651/1002/962 7652/1026/975 6566/1026/952 
f 6513/973/899 7649/973/954 7650/974/955 6514/974/900 
f 7677/971/897 7678/972/898 7679/973/899 7680/974/900 
f 7681/975/901 7677/971/897 7680/974/900 7682/976/902 
f 7683/977/903 7681/975/901 7682/976/902 7684/978/904 
f 7685/979/905 7683/977/903 7684/978/904 7686/980/906 
f 7687/981/907 7685/979/905 7686/980/906 7688/982/908 
f 7689/983/909 7687/981/907 7688/982/908 7690/984/910 
f 7691/985/911 7692/986/912 7693/987/913 7694/988/914 
f 7692/986/912 7695/989/915 7696/990/916 7693/987/913 
f 7695/989/915 7697/991/917 7698/992/918 7696/990/916 
f 7697/991/917 7699/993/919 7700/994/920 7698/992/918 
f 7699/993/919 7701/995/921 7702/996/922 7700/994/920 
f 7701/995/921 7703/997/923 7704/998/924 7702/996/922 
f 7705/999/925 7706/1000/926 7707/1001/927 7708/1002/928 
f 7706/1000/926 7709/1003/929 7710/1004/930 7707/1001/927 
f 7709/1003/929 7711/1005/931 7712/1006/932 7710/1004/930 
f 7711/1005/931 7713/1007/933 7714/1008/934 7712/1006/932 
f 7713/1007/933 7715/1009/935 7716/1010/936 7714/1008/934 
f 7715/1009/935 7717/1011/937 7718/1012/938 7716/1010/936 
f 7719/1013/939 7720/1014/940 7721/1015/941 7722/1016/942 
f 7720/1014/940 7723/1017/943 7724/1018/944 7721/1015/941 
f 7723/1017/943 7725/1019/945 7726/1020/946 7724/1018/944 
f 7725/1019/945 7727/1021/947 7728/1022/948 7726/1020/946 
f 7727/1021/947 7729/1023/949 7730/1024/950 7728/1022/948 
f 7729/1023/949 7731/1025/951 7732/1026/952 7730/1024/950 
f 7703/997/923 7689/983/909 7690/984/910 7704/998/924 
f 7717/1011/937 7691/985/911 7694/988/914 7718/1012/938 
f 7731/1025/951 7705/999/925 7708/1002/928 7732/1026/952 
f 7678/972/898 7719/1013/939 7722/1016/942 7679/973/899 
f 7733/1016/953 7734/1016/953 7735/973/954 7736/973/954 
f 7737/974/955 7738/974/955 7739/976/956 7740/976/956 
f 7685/979/905 7741/979/957 7742/977/958 7683/977/903 
f 7740/976/956 7739/976/956 7743/978/959 7744/978/959 
f 7687/981/907 7745/981/960 7741/979/957 7685/979/905 
f 7744/978/959 7743/978/959 7746/980/961 7747/980/961 
f 7689/983/909 7748/983/962 7745/981/960 7687/981/907 
f 7747/980/961 7746/980/961 7749/982/963 7750/982/963 
f 7691/985/911 7751/985/953 7752/986/964 7692/986/912 
f 7750/982/963 7749/982/963 7753/984/965 7754/984/965 
f 7692/986/912 7752/986/964 7755/989/966 7695/989/915 
f 7756/987/967 7757/987/967 7758/988/968 7759/988/968 
f 7695/989/915 7755/989/966 7760/991/969 7697/991/917 
f 7761/990/970 7762/990/970 7757/987/967 7756/987/967 
f 7697/991/917 7760/991/969 7763/993/971 7699/993/919 
f 7764/992/972 7765/992/972 7762/990/970 7761/990/970 
f 7699/993/919 7763/993/971 7766/995/973 7701/995/921 
f 7767/994/974 7768/994/974 7765/992/972 7764/992/972 
f 7701/995/921 7766/995/973 7769/997/975 7703/997/923 
f 7770/996/976 7771/996/976 7768/994/974 7767/994/974 
f 7705/999/925 7772/999/965 7773/1000/963 7706/1000/926 
f 7774/998/977 7775/998/977 7771/996/976 7770/996/976 
f 7706/1000/926 7773/1000/963 7776/1003/961 7709/1003/929 
f 7777/1001/960 7778/1001/960 7779/1002/962 7780/1002/962 
f 7709/1003/929 7776/1003/961 7781/1005/959 7711/1005/931 
f 7782/1004/957 7783/1004/957 7778/1001/960 7777/1001/960 
f 7711/1005/931 7781/1005/959 7784/1007/956 7713/1007/933 
f 7785/1006/958 7786/1006/958 7783/1004/957 7782/1004/957 
f 7713/1007/933 7784/1007/956 7787/1009/955 7715/1009/935 
f 7788/1008/978 7789/1008/978 7786/1006/958 7785/1006/958 
f 7715/1009/935 7787/1009/955 7790/1011/954 7717/1011/937 
f 7791/1010/979 7792/1010/979 7789/1008/978 7788/1008/978 
f 7719/1013/939 7793/1013/968 7794/1014/967 7720/1014/940 
f 7795/1012/980 7796/1012/980 7792/1010/979 7791/1010/979 
f 7720/1014/940 7794/1014/967 7797/1017/970 7723/1017/943 
f 7798/1015/964 7799/1015/964 7734/1016/953 7733/1016/953 
f 7723/1017/943 7797/1017/970 7800/1019/972 7725/1019/945 
f 7801/1018/966 7802/1018/966 7799/1015/964 7798/1015/964 
f 7725/1019/945 7800/1019/972 7803/1021/974 7727/1021/947 
f 7804/1020/969 7805/1020/969 7802/1018/966 7801/1018/966 
f 7727/1021/947 7803/1021/974 7806/1023/976 7729/1023/949 
f 7807/1022/971 7808/1022/971 7805/1020/969 7804/1020/969 
f 7729/1023/949 7806/1023/976 7809/1025/977 7731/1025/951 
f 7810/1024/973 7811/1024/973 7808/1022/971 7807/1022/971 
f 7703/997/923 7769/997/975 7748/983/962 7689/983/909 
f 7812/1026/975 7813/1026/975 7811/1024/973 7810/1024/973 
f 7717/1011/937 7790/1011/954 7751/985/953 7691/985/911 
f 7754/984/965 7753/984/965 7775/998/977 7774/998/977 
f 7731/1025/951 7809/1025/977 7772/999/965 7705/999/925 
f 7677/971/897 7814/971/979 7815/972/980 7678/972/898 
f 7759/988/968 7758/988/968 7796/1012/980 7795/1012/980 
f 7678/972/898 7815/972/980 7793/1013/968 7719/1013/939 
f 7681/975/901 7816/975/978 7814/971/979 7677/971/897 
f 7780/1002/962 7779/1002/962 7813/1026/975 7812/1026/975 
f 7736/973/954 7735/973/954 7738/974/955 7737/974/955 
f 7683/977/903 7742/977/958 7816/975/978 7681/975/901 
f 7817/1027/981 7818/1028/982 7819/1029/983 7820/1030/984 
f 7820/1030/984 7819/1029/983 7821/1031/985 7822/1032/986 
f 7822/1032/986 7821/1031/985 7823/1033/987 7824/1034/988 
f 7824/1034/988 7823/1033/987 7818/1035/982 7817/1036/981 
f 7820/1037/984 7822/1032/986 7824/1034/988 7817/1038/981 
f 7821/1031/985 7819/1039/983 7818/1040/982 7823/1033/987 
f 7825/1041/992 7826/974/1426 7827/973/991 7828/1042/992 
f 7829/1043/992 7830/976/993 7826/974/1426 7825/1041/992 
f 7831/1044/992 7832/978/994 7830/976/993 7829/1043/992 
f 7833/1045/989 7834/980/995 7832/978/994 7831/1044/992 
f 7835/1046/989 7836/982/996 7834/980/995 7833/1045/989 
f 7837/1047/992 7838/984/997 7836/982/996 7835/1046/989 
f 7839/1048/992 7840/988/998 7841/987/999 7842/1049/992 
f 7842/1049/992 7841/987/999 7843/990/1000 7844/1050/992 
f 7844/1050/992 7843/990/1000 7845/992/1001 7846/1051/989 
f 7846/1051/989 7845/992/1001 7847/994/1002 7848/1052/989 
f 7848/1052/989 7847/994/1002 7849/996/1003 7850/1053/989 
f 7850/1053/989 7849/996/1003 7851/998/1004 7852/1054/989 
f 7853/1055/989 7854/1002/1427 7855/1001/1006 7856/1056/989 
f 7856/1056/989 7855/1001/1006 7857/1004/1007 7858/1057/992 
f 7858/1057/992 7857/1004/1007 7859/1006/1008 7860/1058/989 
f 7860/1058/989 7859/1006/1008 7861/1008/1009 7862/1059/989 
f 7862/1059/989 7861/1008/1009 7863/1010/1010 7864/1060/989 
f 7864/1060/989 7863/1010/1010 7865/1012/1011 7866/1061/992 
f 7867/1062/992 7868/1016/1428 7869/1015/1013 7870/1063/992 
f 7870/1063/992 7869/1015/1013 7871/1018/1014 7872/1064/992 
f 7872/1064/992 7871/1018/1014 7873/1020/1015 7874/1065/989 
f 7874/1065/989 7873/1020/1015 7875/1022/1016 7876/1066/992 
f 7876/1066/992 7875/1022/1016 7877/1024/1017 7878/1067/992 
f 7878/1067/992 7877/1024/1017 7879/1026/1429 7880/1068/992 
f 7852/1054/989 7851/998/1004 7838/984/997 7837/1047/992 
f 7866/1061/992 7865/1012/1011 7840/988/998 7839/1048/992 
f 7880/1068/992 7879/1026/1429 7854/1002/1427 7853/1055/989 
f 7828/1042/992 7827/973/991 7868/1016/1428 7867/1062/992 
f 7881/1016/1019 7868/1016/1428 7827/973/991 7882/973/1020 
f 7883/974/1021 7826/974/1426 7830/976/993 7884/976/1022 
f 7885/979/1023 7886/979/1024 7887/977/1025 7888/977/1026 
f 7884/976/1022 7830/976/993 7832/978/994 7889/978/1027 
f 7890/981/1028 7891/981/1029 7886/979/1024 7885/979/1023 
f 7889/978/1027 7832/978/994 7834/980/995 7892/980/1420 
f 7893/983/1031 7894/983/1032 7891/981/1029 7890/981/1028 
f 7892/980/1420 7834/980/995 7836/982/996 7895/982/1033 
f 7896/985/1034 7897/985/1035 7898/986/1036 7899/986/1037 
f 7895/982/1033 7836/982/996 7838/984/997 7900/984/1038 
f 7899/986/1037 7898/986/1036 7901/989/1421 7902/989/1040 
f 7903/987/1041 7841/987/999 7840/988/998 7904/988/1042 
f 7902/989/1040 7901/989/1421 7905/991/1043 7906/991/1044 
f 7907/990/1045 7843/990/1000 7841/987/999 7903/987/1041 
f 7906/991/1044 7905/991/1043 7908/993/1046 7909/993/1430 
f 7910/992/1048 7845/992/1001 7843/990/1000 7907/990/1045 
f 7909/993/1430 7908/993/1046 7911/995/1049 7912/995/1050 
f 7913/994/1051 7847/994/1002 7845/992/1001 7910/992/1048 
f 7912/995/1050 7911/995/1049 7914/997/1052 7915/997/1053 
f 7916/996/1054 7849/996/1003 7847/994/1002 7913/994/1051 
f 7917/999/1055 7918/999/1056 7919/1000/1057 7920/1000/1058 
f 7921/998/1059 7851/998/1004 7849/996/1003 7916/996/1054 
f 7920/1000/1058 7919/1000/1057 7922/1003/1060 7923/1003/1061 
f 7924/1001/1062 7855/1001/1006 7854/1002/1427 7925/1002/1063 
f 7923/1003/1061 7922/1003/1060 7926/1005/1064 7927/1005/1065 
f 7928/1004/1066 7857/1004/1007 7855/1001/1006 7924/1001/1062 
f 7927/1005/1065 7926/1005/1064 7929/1007/1067 7930/1007/1068 
f 7931/1006/1069 7859/1006/1008 7857/1004/1007 7928/1004/1066 
f 7930/1007/1068 7929/1007/1067 7932/1009/1070 7933/1009/1071 
f 7934/1008/1072 7861/1008/1009 7859/1006/1008 7931/1006/1069 
f 7933/1009/1071 7932/1009/1070 7935/1011/1073 7936/1011/1074 
f 7937/1010/1075 7863/1010/1010 7861/1008/1009 7934/1008/1072 
f 7938/1013/1076 7939/1013/1077 7940/1014/1078 7941/1014/1079 
f 7942/1012/1080 7865/1012/1011 7863/1010/1010 7937/1010/1075 
f 7941/1014/1079 7940/1014/1078 7943/1017/1081 7944/1017/1082 
f 7945/1015/1083 7869/1015/1013 7868/1016/1428 7881/1016/1019 
f 7944/1017/1082 7943/1017/1081 7946/1019/1084 7947/1019/1085 
f 7948/1018/1086 7871/1018/1014 7869/1015/1013 7945/1015/1083 
f 7947/1019/1085 7946/1019/1084 7949/1021/1087 7950/1021/1088 
f 7951/1020/1431 7873/1020/1015 7871/1018/1014 7948/1018/1086 
f 7950/1021/1088 7949/1021/1087 7952/1023/1090 7953/1023/1091 
f 7954/1022/1092 7875/1022/1016 7873/1020/1015 7951/1020/1431 
f 7953/1023/1091 7952/1023/1090 7955/1025/1093 7956/1025/1094 
f 7957/1024/1095 7877/1024/1017 7875/1022/1016 7954/1022/1092 
f 7915/997/1053 7914/997/1052 7894/983/1032 7893/983/1031 
f 7958/1026/1096 7879/1026/1429 7877/1024/1017 7957/1024/1095 
f 7936/1011/1074 7935/1011/1073 7897/985/1035 7896/985/1034 
f 7900/984/1038 7838/984/997 7851/998/1004 7921/998/1059 
f 7956/1025/1094 7955/1025/1093 7918/999/1056 7917/999/1055 
f 7959/971/1097 7960/971/1098 7961/972/1099 7962/972/1100 
f 7904/988/1042 7840/988/998 7865/1012/1011 7942/1012/1080 
f 7962/972/1100 7961/972/1099 7939/1013/1077 7938/1013/1076 
f 7963/975/1101 7964/975/1102 7960/971/1098 7959/971/1097 
f 7925/1002/1063 7854/1002/1427 7879/1026/1429 7958/1026/1096 
f 7882/973/1020 7827/973/991 7826/974/1426 7883/974/1021 
f 7888/977/1026 7887/977/1025 7964/975/1102 7963/975/1101 
f 7965/1069/1103 7966/1070/1104 7967/1071/1105 7968/1072/1106 
f 7968/1072/1106 7967/1071/1105 7969/1073/1107 7970/1074/1108 
f 7970/1074/1108 7969/1073/1107 7971/1075/1109 7972/1076/1110 
f 7972/1076/1110 7971/1075/1109 7973/1077/1111 7974/1039/1112 
f 7974/1039/1112 7973/1077/1111 7975/1078/1113 7976/1079/1114 
f 7976/1079/1114 7975/1078/1113 7977/1080/1115 7978/1081/1116 
f 7978/1081/1116 7977/1080/1115 7979/1082/1117 7980/1083/1118 
f 7980/1083/1118 7979/1082/1117 7981/1084/1119 7982/1085/1120 
f 7982/1085/1120 7981/1084/1119 7983/1086/1121 7984/1087/1122 
f 7984/1087/1122 7983/1086/1121 7985/1088/1123 7986/1089/1124 
f 7986/1089/1124 7985/1088/1123 7987/1090/1125 7988/1091/1126 
f 7988/1091/1126 7987/1090/1125 7989/1035/1127 7990/1031/1128 
f 7990/1031/1128 7989/1035/1127 7991/1092/1129 7992/1093/1130 
f 7992/1093/1130 7991/1092/1129 7993/1094/1131 7994/1095/1132 
f 7994/1095/1132 7993/1094/1131 7995/1096/1133 7996/1097/1171 
f 7996/1097/1171 7995/1096/1133 7997/1098/1135 7998/1099/1136 
f 7998/1099/1136 7997/1098/1135 7999/1100/1137 8000/1101/1174 
f 8000/1101/1174 7999/1100/1137 8001/1102/1139 8002/1103/1140 
f 8002/1103/1140 8001/1102/1139 8003/1104/1141 8004/1105/1142 
f 8004/1105/1142 8003/1104/1141 8005/1036/1143 8006/1032/1144 
f 8006/1032/1144 8005/1036/1143 8007/1106/1145 8008/1107/1146 
f 8008/1107/1146 8007/1106/1145 8009/1108/1147 8010/1109/1148 
f 8010/1109/1148 8009/1108/1147 8011/1110/1149 8012/1111/1150 
f 8012/1111/1150 8011/1110/1149 8013/1112/1151 8014/1113/1152 
f 8014/1113/1152 8013/1112/1151 8015/1114/1153 8016/1115/1154 
f 8016/1115/1154 8015/1114/1153 8017/1116/1155 8018/1117/1156 
f 8018/1117/1156 8017/1116/1155 8019/1118/1157 8020/1119/1158 
f 8020/1119/1158 8019/1118/1157 8021/1120/1159 8022/1037/1160 
f 8022/1037/1160 8021/1120/1159 8023/1121/1161 8024/1122/1162 
f 8024/1122/1162 8023/1121/1161 8025/1123/1163 8026/1124/1164 
f 7967/1125/1105 7966/1126/1104 8027/1127/1165 8025/1128/1163 8023/1129/1161 8021/1130/1159 8019/1131/1157 8017/1132/1155 8015/1133/1153 8013/1134/1151 8011/1135/1149 8009/1136/1147 8007/1137/1145 8005/1138/1143 8003/1139/1141 8001/1140/1139 7999/1141/1137 7997/1142/1135 7995/1143/1133 7993/1144/1131 7991/1145/1129 7989/1146/1127 7987/1147/1125 7985/1148/1123 7983/1149/1121 7981/1150/1119 7979/1151/1117 7977/1152/1115 7975/1153/1113 7973/1154/1111 7971/1155/1109 7969/1156/1107 
f 8026/1124/1164 8025/1123/1163 8027/1157/1165 8028/1158/1166 
f 8028/1158/1166 8027/1157/1165 7966/1159/1104 7965/1160/1103 
f 7965/1161/1103 7968/1162/1106 7970/1163/1108 7972/1164/1110 7974/1165/1112 7976/1166/1114 7978/1167/1116 7980/1168/1118 7982/1169/1120 7984/1170/1122 7986/1171/1124 7988/1172/1126 7990/1173/1128 7992/1174/1130 7994/1175/1132 7996/1176/1171 7998/1177/1136 8000/1178/1174 8002/1179/1140 8004/1180/1142 8006/1181/1144 8008/1182/1146 8010/1183/1148 8012/1184/1150 8014/1185/1152 8016/1186/1154 8018/1187/1156 8020/1188/1158 8022/1189/1160 8024/1190/1162 8026/1191/1164 8028/1192/1166 
f 8029/1069/1167 8030/1070/1168 8031/1071/1105 8032/1072/1106 
f 8032/1072/1106 8031/1071/1105 8033/1073/1107 8034/1074/1108 
f 8034/1074/1108 8033/1073/1107 8035/1075/1109 8036/1076/1110 
f 8036/1076/1110 8035/1075/1109 8037/1077/1111 8038/1039/1169 
f 8038/1039/1169 8037/1077/1111 8039/1078/1113 8040/1079/1114 
f 8040/1079/1114 8039/1078/1113 8041/1080/1115 8042/1081/1116 
f 8042/1081/1116 8041/1080/1115 8043/1082/1117 8044/1083/1118 
f 8044/1083/1118 8043/1082/1117 8045/1084/1119 8046/1085/1120 
f 8046/1085/1120 8045/1084/1119 8047/1086/1121 8048/1087/1122 
f 8048/1087/1122 8047/1086/1121 8049/1088/1123 8050/1089/1124 
f 8050/1089/1124 8049/1088/1123 8051/1090/1125 8052/1091/1126 
f 8052/1091/1126 8051/1090/1125 8053/1035/1127 8054/1031/1170 
f 8054/1031/1170 8053/1035/1127 8055/1092/1129 8056/1093/1130 
f 8056/1093/1130 8055/1092/1129 8057/1094/1131 8058/1095/1132 
f 8058/1095/1132 8057/1094/1131 8059/1096/1133 8060/1097/1171 
f 8060/1097/1171 8059/1096/1133 8061/1098/1172 8062/1099/1173 
f 8062/1099/1173 8061/1098/1172 8063/1100/1137 8064/1101/1174 
f 8064/1101/1174 8063/1100/1137 8065/1102/1139 8066/1103/1140 
f 8066/1103/1140 8065/1102/1139 8067/1104/1141 8068/1105/1142 
f 8068/1105/1142 8067/1104/1141 8069/1036/1175 8070/1032/1176 
f 8070/1032/1176 8069/1036/1175 8071/1106/1145 8072/1107/1146 
f 8072/1107/1146 8071/1106/1145 8073/1108/1147 8074/1109/1148 
f 8074/1109/1148 8073/1108/1147 8075/1110/1149 8076/1111/1150 
f 8076/1111/1150 8075/1110/1149 8077/1112/1151 8078/1113/1152 
f 8078/1113/1152 8077/1112/1151 8079/1114/1153 8080/1115/1154 
f 8080/1115/1154 8079/1114/1153 8081/1116/1155 8082/1117/1156 
f 8082/1117/1156 8081/1116/1155 8083/1118/1157 8084/1119/1158 
f 8084/1119/1158 8083/1118/1157 8085/1120/1159 8086/1037/1177 
f 8086/1037/1177 8085/1120/1159 8087/1121/1161 8088/1122/1162 
f 8088/1122/1162 8087/1121/1161 8089/1123/1163 8090/1124/1164 
f 8031/1125/1105 8030/1126/1168 8091/1127/1165 8089/1128/1163 8087/1129/1161 8085/1130/1159 8083/1131/1157 8081/1132/1155 8079/1133/1153 8077/1134/1151 8075/1135/1149 8073/1136/1147 8071/1137/1145 8069/1138/1175 8067/1139/1141 8065/1140/1139 8063/1141/1137 8061/1142/1172 8059/1143/1133 8057/1144/1131 8055/1145/1129 8053/1146/1127 8051/1147/1125 8049/1148/1123 8047/1149/1121 8045/1150/1119 8043/1151/1117 8041/1152/1115 8039/1153/1113 8037/1154/1111 8035/1155/1109 8033/1156/1107 
f 8090/1124/1164 8089/1123/1163 8091/1157/1165 8092/1158/1166 
f 8092/1158/1166 8091/1157/1165 8030/1159/1168 8029/1160/1167 
f 8029/1161/1167 8032/1162/1106 8034/1163/1108 8036/1164/1110 8038/1165/1169 8040/1166/1114 8042/1167/1116 8044/1168/1118 8046/1169/1120 8048/1170/1122 8050/1171/1124 8052/1172/1126 8054/1173/1170 8056/1174/1130 8058/1175/1132 8060/1176/1171 8062/1177/1173 8064/1178/1174 8066/1179/1140 8068/1180/1142 8070/1181/1176 8072/1182/1146 8074/1183/1148 8076/1184/1150 8078/1185/1152 8080/1186/1154 8082/1187/1156 8084/1188/1158 8086/1189/1177 8088/1190/1162 8090/1191/1164 8092/1192/1166 
f 8093/1069/1178 8094/1070/1168 8095/1071/1105 8096/1072/1106 
f 8096/1072/1106 8095/1071/1105 8097/1073/1107 8098/1074/1108 
f 8098/1074/1108 8097/1073/1107 8099/1075/1109 8100/1076/1110 
f 8100/1076/1110 8099/1075/1109 8101/1077/1111 8102/1039/1112 
f 8102/1039/1112 8101/1077/1111 8103/1078/1113 8104/1079/1114 
f 8104/1079/1114 8103/1078/1113 8105/1080/1115 8106/1081/1116 
f 8106/1081/1116 8105/1080/1115 8107/1082/1117 8108/1083/1118 
f 8108/1083/1118 8107/1082/1117 8109/1084/1119 8110/1085/1120 
f 8110/1085/1120 8109/1084/1119 8111/1086/1121 8112/1087/1122 
f 8112/1087/1122 8111/1086/1121 8113/1088/1123 8114/1089/1124 
f 8114/1089/1124 8113/1088/1123 8115/1090/1125 8116/1091/1126 
f 8116/1091/1126 8115/1090/1125 8117/1035/1179 8118/1031/1128 
f 8118/1031/1128 8117/1035/1179 8119/1092/1180 8120/1093/1130 
f 8120/1093/1130 8119/1092/1180 8121/1094/1131 8122/1095/1132 
f 8122/1095/1132 8121/1094/1131 8123/1096/1133 8124/1097/1171 
f 8124/1097/1171 8123/1096/1133 8125/1098/1181 8126/1099/1173 
f 8126/1099/1173 8125/1098/1181 8127/1100/1137 8128/1101/1174 
f 8128/1101/1174 8127/1100/1137 8129/1102/1139 8130/1103/1140 
f 8130/1103/1140 8129/1102/1139 8131/1104/1182 8132/1105/1142 
f 8132/1105/1142 8131/1104/1182 8133/1036/1143 8134/1032/1144 
f 8134/1032/1144 8133/1036/1143 8135/1106/1145 8136/1107/1146 
f 8136/1107/1146 8135/1106/1145 8137/1108/1147 8138/1109/1148 
f 8138/1109/1148 8137/1108/1147 8139/1110/1149 8140/1111/1150 
f 8140/1111/1150 8139/1110/1149 8141/1112/1151 8142/1113/1152 
f 8142/1113/1152 8141/1112/1151 8143/1114/1153 8144/1115/1154 
f 8144/1115/1154 8143/1114/1153 8145/1116/1155 8146/1117/1156 
f 8146/1117/1156 8145/1116/1155 8147/1118/1157 8148/1119/1158 
f 8148/1119/1158 8147/1118/1157 8149/1120/1423 8150/1037/1160 
f 8150/1037/1160 8149/1120/1423 8151/1121/1161 8152/1122/1162 
f 8152/1122/1162 8151/1121/1161 8153/1123/1163 8154/1124/1164 
f 8095/1125/1105 8094/1126/1168 8155/1127/1165 8153/1128/1163 8151/1129/1161 8149/1130/1423 8147/1131/1157 8145/1132/1155 8143/1133/1153 8141/1134/1151 8139/1135/1149 8137/1136/1147 8135/1137/1145 8133/1138/1143 8131/1139/1182 8129/1140/1139 8127/1141/1137 8125/1142/1181 8123/1143/1133 8121/1144/1131 8119/1145/1180 8117/1146/1179 8115/1147/1125 8113/1148/1123 8111/1149/1121 8109/1150/1119 8107/1151/1117 8105/1152/1115 8103/1153/1113 8101/1154/1111 8099/1155/1109 8097/1156/1107 
f 8154/1124/1164 8153/1123/1163 8155/1157/1165 8156/1158/1166 
f 8156/1158/1166 8155/1157/1165 8094/1159/1168 8093/1160/1178 
f 8093/1161/1178 8096/1162/1106 8098/1163/1108 8100/1164/1110 8102/1165/1112 8104/1166/1114 8106/1167/1116 8108/1168/1118 8110/1169/1120 8112/1170/1122 8114/1171/1124 8116/1172/1126 8118/1173/1128 8120/1174/1130 8122/1175/1132 8124/1176/1171 8126/1177/1173 8128/1178/1174 8130/1179/1140 8132/1180/1142 8134/1181/1144 8136/1182/1146 8138/1183/1148 8140/1184/1150 8142/1185/1152 8144/1186/1154 8146/1187/1156 8148/1188/1158 8150/1189/1160 8152/1190/1162 8154/1191/1164 8156/1192/1166 
f 8157/1069/1103 8158/1070/1104 8159/1071/1183 8160/1072/1184 
f 8160/1072/1184 8159/1071/1183 8161/1073/1107 8162/1074/1108 
f 8162/1074/1108 8161/1073/1107 8163/1075/1109 8164/1076/1185 
f 8164/1076/1185 8163/1075/1109 8165/1077/1111 8166/1039/1169 
f 8166/1039/1169 8165/1077/1111 8167/1078/1113 8168/1079/1114 
f 8168/1079/1114 8167/1078/1113 8169/1080/1115 8170/1081/1116 
f 8170/1081/1116 8169/1080/1115 8171/1082/1117 8172/1083/1118 
f 8172/1083/1118 8171/1082/1117 8173/1084/1119 8174/1085/1120 
f 8174/1085/1120 8173/1084/1119 8175/1086/1121 8176/1087/1122 
f 8176/1087/1122 8175/1086/1121 8177/1088/1123 8178/1089/1124 
f 8178/1089/1124 8177/1088/1123 8179/1090/1125 8180/1091/1126 
f 8180/1091/1126 8179/1090/1125 8181/1035/1186 8182/1031/1128 
f 8182/1031/1128 8181/1035/1186 8183/1092/1129 8184/1093/1130 
f 8184/1093/1130 8183/1092/1129 8185/1094/1131 8186/1095/1132 
f 8186/1095/1132 8185/1094/1131 8187/1096/1133 8188/1097/1171 
f 8188/1097/1171 8187/1096/1133 8189/1098/1172 8190/1099/1173 
f 8190/1099/1173 8189/1098/1172 8191/1100/1137 8192/1101/1174 
f 8192/1101/1174 8191/1100/1137 8193/1102/1139 8194/1103/1140 
f 8194/1103/1140 8193/1102/1139 8195/1104/1141 8196/1105/1142 
f 8196/1105/1142 8195/1104/1141 8197/1036/1187 8198/1032/1144 
f 8198/1032/1144 8197/1036/1187 8199/1106/1145 8200/1107/1146 
f 8200/1107/1146 8199/1106/1145 8201/1108/1147 8202/1109/1148 
f 8202/1109/1148 8201/1108/1147 8203/1110/1149 8204/1111/1150 
f 8204/1111/1150 8203/1110/1149 8205/1112/1151 8206/1113/1152 
f 8206/1113/1152 8205/1112/1151 8207/1114/1153 8208/1115/1154 
f 8208/1115/1154 8207/1114/1153 8209/1116/1155 8210/1117/1156 
f 8210/1117/1156 8209/1116/1155 8211/1118/1157 8212/1119/1158 
f 8212/1119/1158 8211/1118/1157 8213/1120/1159 8214/1037/1188 
f 8214/1037/1188 8213/1120/1159 8215/1121/1161 8216/1122/1189 
f 8216/1122/1189 8215/1121/1161 8217/1123/1163 8218/1124/1164 
f 8159/1125/1183 8158/1126/1104 8219/1127/1165 8217/1128/1163 8215/1129/1161 8213/1130/1159 8211/1131/1157 8209/1132/1155 8207/1133/1153 8205/1134/1151 8203/1135/1149 8201/1136/1147 8199/1137/1145 8197/1138/1187 8195/1139/1141 8193/1140/1139 8191/1141/1137 8189/1142/1172 8187/1143/1133 8185/1144/1131 8183/1145/1129 8181/1146/1186 8179/1147/1125 8177/1148/1123 8175/1149/1121 8173/1150/1119 8171/1151/1117 8169/1152/1115 8167/1153/1113 8165/1154/1111 8163/1155/1109 8161/1156/1107 
f 8218/1124/1164 8217/1123/1163 8219/1157/1165 8220/1158/1190 
f 8220/1158/1190 8219/1157/1165 8158/1159/1104 8157/1160/1103 
f 8157/1161/1103 8160/1162/1184 8162/1163/1108 8164/1164/1185 8166/1165/1169 8168/1166/1114 8170/1167/1116 8172/1168/1118 8174/1169/1120 8176/1170/1122 8178/1171/1124 8180/1172/1126 8182/1173/1128 8184/1174/1130 8186/1175/1132 8188/1176/1171 8190/1177/1173 8192/1178/1174 8194/1179/1140 8196/1180/1142 8198/1181/1144 8200/1182/1146 8202/1183/1148 8204/1184/1150 8206/1185/1152 8208/1186/1154 8210/1187/1156 8212/1188/1158 8214/1189/1188 8216/1190/1189 8218/1191/1164 8220/1192/1190 
f 8221/1027/1432 8222/1028/1192 8223/1029/1193 8224/1030/1433 
f 8224/1030/1433 8223/1029/1193 8225/1031/1195 8226/1032/1196 
f 8226/1032/1196 8225/1031/1195 8227/1033/1424 8228/1034/1198 
f 8228/1034/1198 8227/1033/1424 8222/1035/1192 8221/1036/1432 
f 8224/1037/1433 8226/1032/1196 8228/1034/1198 8221/1038/1432 
f 8225/1031/1195 8223/1039/1193 8222/1040/1192 8227/1033/1424 
f 8229/1027/1199 8230/1028/1200 8231/1029/1201 8232/1030/1202 
f 8232/1030/1202 8231/1029/1201 8233/1031/1434 8234/1032/1204 
f 8234/1032/1204 8233/1031/1434 8235/1033/1435 8236/1034/1206 
f 8236/1034/1206 8235/1033/1435 8230/1035/1200 8229/1036/1199 
f 8232/1037/1202 8234/1032/1204 8236/1034/1206 8229/1038/1199 
f 8233/1031/1434 8231/1039/1201 8230/1040/1200 8235/1033/1435 
f 8237/1027/1207 8238/1028/1208 8239/1029/1209 8240/1030/1210 
f 8240/1030/1210 8239/1029/1209 8241/1031/1211 8242/1032/1212 
f 8242/1032/1212 8241/1031/1211 8243/1033/1213 8244/1034/1214 
f 8244/1034/1214 8243/1033/1213 8238/1035/1208 8237/1036/1207 
f 8240/1037/1210 8242/1032/1212 8244/1034/1214 8237/1038/1207 
f 8241/1031/1211 8239/1039/1209 8238/1040/1208 8243/1033/1213 
f 7933/971/1071 8245/974/1215 8246/973/1216 7936/972/1074 
f 8247/971/921 8248/972/1217 8249/973/924 8250/974/922 
f 8251/975/1218 8247/971/921 8250/974/922 8252/976/920 
f 8253/977/917 8251/975/1218 8252/976/920 8254/978/918 
f 8255/979/915 8253/977/917 8254/978/918 8256/980/916 
f 8257/981/912 8255/979/915 8256/980/916 8258/982/913 
f 8259/983/911 8257/981/912 8258/982/913 8260/984/914 
f 8261/985/1219 8262/986/926 8263/987/927 8264/988/928 
f 8262/986/926 8265/989/929 8266/990/930 8263/987/927 
f 8265/989/929 8267/991/931 8268/992/932 8266/990/930 
f 8267/991/931 8269/993/933 8270/994/934 8268/992/932 
f 8269/993/933 8271/995/935 8272/996/936 8270/994/934 
f 8271/995/935 8273/997/937 8274/998/938 8272/996/936 
f 8275/999/939 8276/1000/940 8277/1001/941 8278/1002/942 
f 8276/1000/940 8279/1003/943 8280/1004/944 8277/1001/941 
f 8279/1003/943 8281/1005/945 8282/1006/946 8280/1004/944 
f 8281/1005/945 8283/1007/947 8284/1008/948 8282/1006/946 
f 8283/1007/947 8285/1009/1220 8286/1010/950 8284/1008/948 
f 8285/1009/1220 8287/1011/1221 8288/1012/952 8286/1010/950 
f 8289/1013/1222 8290/1014/907 8291/1015/908 8292/1016/910 
f 8290/1014/907 8293/1017/1223 8294/1018/906 8291/1015/908 
f 8293/1017/1223 8295/1019/903 8296/1020/904 8294/1018/906 
f 8295/1019/903 8297/1021/901 8298/1022/902 8296/1020/904 
f 8297/1021/901 8299/1023/897 8300/1024/900 8298/1022/902 
f 8299/1023/897 8301/1025/898 8302/1026/899 8300/1024/900 
f 8273/997/937 8259/983/911 8260/984/914 8274/998/938 
f 8287/1011/1221 8261/985/1219 8264/988/928 8288/1012/952 
f 8301/1025/898 8275/999/939 8278/1002/942 8302/1026/899 
f 8248/972/1217 8289/1013/1222 8292/1016/910 8249/973/924 
f 7930/975/1068 8303/976/1224 8245/974/1215 7933/971/1071 
f 7927/977/1065 8304/978/1225 8303/976/1224 7930/975/1068 
f 7923/979/1061 8305/980/1226 8304/978/1225 7927/977/1065 
f 7920/981/1058 8306/982/1227 8305/980/1226 7923/979/1061 
f 7917/983/1055 8307/984/1228 8306/982/1227 7920/981/1058 
f 7938/985/1076 8308/988/1229 8309/987/1230 7941/986/1079 
f 7941/986/1079 8309/987/1230 8310/990/1231 7944/989/1082 
f 7944/989/1082 8310/990/1231 8311/992/1436 7947/991/1085 
f 7947/991/1085 8311/992/1436 8312/994/1233 7950/993/1088 
f 7950/993/1088 8312/994/1233 8313/996/1234 7953/995/1091 
f 7953/995/1091 8313/996/1234 8314/998/1235 7956/997/1094 
f 7893/999/1031 8315/1002/1236 8316/1001/1237 7890/1000/1028 
f 7890/1000/1028 8316/1001/1237 8317/1004/1238 7885/1003/1023 
f 7885/1003/1023 8317/1004/1238 8318/1006/1239 7888/1005/1026 
f 7888/1005/1026 8318/1006/1239 8319/1008/1240 7963/1007/1101 
f 7963/1007/1101 8319/1008/1240 8320/1010/1241 7959/1009/1097 
f 7959/1009/1097 8320/1010/1241 8321/1012/1242 7962/1011/1100 
f 7896/1013/1034 8322/1016/1243 8323/1015/1244 7899/1014/1037 
f 7899/1014/1037 8323/1015/1244 8324/1018/1245 7902/1017/1040 
f 7902/1017/1040 8324/1018/1245 8325/1020/1246 7906/1019/1044 
f 7906/1019/1044 8325/1020/1246 8326/1022/1247 7909/1021/1430 
f 7909/1021/1430 8326/1022/1247 8327/1024/1248 7912/1023/1050 
f 7912/1023/1050 8327/1024/1248 8328/1026/1249 7915/1025/1053 
f 7956/997/1094 8314/998/1235 8307/984/1228 7917/983/1055 
f 7962/1011/1100 8321/1012/1242 8308/988/1229 7938/985/1076 
f 7915/1025/1053 8328/1026/1249 8315/1002/1236 7893/999/1031 
f 7936/972/1074 8246/973/1216 8322/1016/1243 7896/1013/1034 
f 8292/1016/910 8322/1016/1243 8246/973/1216 8249/973/924 
f 8250/974/922 8245/974/1215 8303/976/1224 8252/976/920 
f 8255/979/915 7923/979/1061 7927/977/1065 8253/977/917 
f 8252/976/920 8303/976/1224 8304/978/1225 8254/978/918 
f 8257/981/912 7920/981/1058 7923/979/1061 8255/979/915 
f 8254/978/918 8304/978/1225 8305/980/1226 8256/980/916 
f 8259/983/911 7917/983/1055 7920/981/1058 8257/981/912 
f 8256/980/916 8305/980/1226 8306/982/1227 8258/982/913 
f 8261/985/1219 7938/985/1076 7941/986/1079 8262/986/926 
f 8258/982/913 8306/982/1227 8307/984/1228 8260/984/914 
f 8262/986/926 7941/986/1079 7944/989/1082 8265/989/929 
f 8263/987/927 8309/987/1230 8308/988/1229 8264/988/928 
f 8265/989/929 7944/989/1082 7947/991/1085 8267/991/931 
f 8266/990/930 8310/990/1231 8309/987/1230 8263/987/927 
f 8267/991/931 7947/991/1085 7950/993/1088 8269/993/933 
f 8268/992/932 8311/992/1436 8310/990/1231 8266/990/930 
f 8269/993/933 7950/993/1088 7953/995/1091 8271/995/935 
f 8270/994/934 8312/994/1233 8311/992/1436 8268/992/932 
f 8271/995/935 7953/995/1091 7956/997/1094 8273/997/937 
f 8272/996/936 8313/996/1234 8312/994/1233 8270/994/934 
f 8275/999/939 7893/999/1031 7890/1000/1028 8276/1000/940 
f 8274/998/938 8314/998/1235 8313/996/1234 8272/996/936 
f 8276/1000/940 7890/1000/1028 7885/1003/1023 8279/1003/943 
f 8277/1001/941 8316/1001/1237 8315/1002/1236 8278/1002/942 
f 8279/1003/943 7885/1003/1023 7888/1005/1026 8281/1005/945 
f 8280/1004/944 8317/1004/1238 8316/1001/1237 8277/1001/941 
f 8281/1005/945 7888/1005/1026 7963/1007/1101 8283/1007/947 
f 8282/1006/946 8318/1006/1239 8317/1004/1238 8280/1004/944 
f 8283/1007/947 7963/1007/1101 7959/1009/1097 8285/1009/1220 
f 8284/1008/948 8319/1008/1240 8318/1006/1239 8282/1006/946 
f 8285/1009/1220 7959/1009/1097 7962/1011/1100 8287/1011/1221 
f 8286/1010/950 8320/1010/1241 8319/1008/1240 8284/1008/948 
f 8289/1013/1222 7896/1013/1034 7899/1014/1037 8290/1014/907 
f 8288/1012/952 8321/1012/1242 8320/1010/1241 8286/1010/950 
f 8290/1014/907 7899/1014/1037 7902/1017/1040 8293/1017/1223 
f 8291/1015/908 8323/1015/1244 8322/1016/1243 8292/1016/910 
f 8293/1017/1223 7902/1017/1040 7906/1019/1044 8295/1019/903 
f 8294/1018/906 8324/1018/1245 8323/1015/1244 8291/1015/908 
f 8295/1019/903 7906/1019/1044 7909/1021/1430 8297/1021/901 
f 8296/1020/904 8325/1020/1246 8324/1018/1245 8294/1018/906 
f 8297/1021/901 7909/1021/1430 7912/1023/1050 8299/1023/897 
f 8298/1022/902 8326/1022/1247 8325/1020/1246 8296/1020/904 
f 8299/1023/897 7912/1023/1050 7915/1025/1053 8301/1025/898 
f 8300/1024/900 8327/1024/1248 8326/1022/1247 8298/1022/902 
f 8273/997/937 7956/997/1094 7917/983/1055 8259/983/911 
f 8302/1026/899 8328/1026/1249 8327/1024/1248 8300/1024/900 
f 8287/1011/1221 7962/1011/1100 7938/985/1076 8261/985/1219 
f 8260/984/914 8307/984/1228 8314/998/1235 8274/998/938 
f 8301/1025/898 7915/1025/1053 7893/999/1031 8275/999/939 
f 8247/971/921 7933/971/1071 7936/972/1074 8248/972/1217 
f 8264/988/928 8308/988/1229 8321/1012/1242 8288/1012/952 
f 8248/972/1217 7936/972/1074 7896/1013/1034 8289/1013/1222 
f 8251/975/1218 7930/975/1068 7933/971/1071 8247/971/921 
f 8278/1002/942 8315/1002/1236 8328/1026/1249 8302/1026/899 
f 8249/973/924 8246/973/1216 8245/974/1215 8250/974/922 
f 8253/977/917 7927/977/1065 7930/975/1068 8251/975/1218 
f 8329/1027/1250 8330/1028/1251 8331/1029/1252 8332/1030/1253 
f 8332/1030/1253 8331/1029/1252 8333/1031/1254 8334/1032/1255 
f 8334/1032/1255 8333/1031/1254 8335/1033/1256 8336/1034/1257 
f 8336/1034/1257 8335/1033/1256 8330/1035/1251 8329/1036/1250 
f 8332/1037/1253 8334/1032/1255 8336/1034/1257 8329/1038/1250 
f 8333/1031/1254 8331/1039/1252 8330/1040/1251 8335/1033/1256 
f 8337/1193/989 8338/974/1258 8339/973/1259 8340/1194/989 
f 8341/1195/992 8342/976/1260 8338/974/1258 8337/1193/989 
f 8343/1196/989 8344/978/1261 8342/976/1260 8341/1195/992 
f 8345/1197/989 8346/980/1262 8344/978/1261 8343/1196/989 
f 8347/1198/992 8348/982/1263 8346/980/1262 8345/1197/989 
f 8349/1199/992 8350/984/1264 8348/982/1263 8347/1198/992 
f 8351/1200/989 8352/988/1265 8353/987/1266 8354/1201/992 
f 8354/1201/992 8353/987/1266 8355/990/1267 8356/1202/992 
f 8356/1202/992 8355/990/1267 8357/992/1268 8358/1203/989 
f 8358/1203/989 8357/992/1268 8359/994/1269 8360/1204/992 
f 8360/1204/992 8359/994/1269 8361/996/1270 8362/1205/989 
f 8362/1205/989 8361/996/1270 8363/998/1271 8364/1206/989 
f 8365/1207/989 8366/1002/1272 8367/1001/1273 8368/1208/989 
f 8368/1208/989 8367/1001/1273 8369/1004/1274 8370/1209/992 
f 8370/1209/992 8369/1004/1274 8371/1006/1275 8372/1210/989 
f 8372/1210/989 8371/1006/1275 8373/1008/1276 8374/1211/992 
f 8374/1211/992 8373/1008/1276 8375/1010/1277 8376/1212/992 
f 8376/1212/992 8375/1010/1277 8377/1012/1278 8378/1213/992 
f 8379/1214/989 8380/1016/1279 8381/1015/1280 8382/1215/992 
f 8382/1215/992 8381/1015/1280 8383/1018/1281 8384/1216/992 
f 8384/1216/992 8383/1018/1281 8385/1020/1282 8386/1217/992 
f 8386/1217/992 8385/1020/1282 8387/1022/1283 8388/1218/992 
f 8388/1218/992 8387/1022/1283 8389/1024/1284 8390/1219/992 
f 8390/1219/992 8389/1024/1284 8391/1026/1285 8392/1220/989 
f 8364/1206/989 8363/998/1271 8350/984/1264 8349/1199/992 
f 8378/1213/992 8377/1012/1278 8352/988/1265 8351/1200/989 
f 8392/1220/989 8391/1026/1285 8366/1002/1272 8365/1207/989 
f 8340/1194/989 8339/973/1259 8380/1016/1279 8379/1214/989 
f 8393/1016/953 8380/1016/1279 8339/973/1259 8394/973/954 
f 8395/974/955 8338/974/1258 8342/976/1260 8396/976/956 
f 6575/979/957 8397/979/1286 8398/977/1287 6576/977/958 
f 8396/976/956 8342/976/1260 8344/978/1261 8399/978/959 
f 6579/981/960 8400/981/1288 8397/979/1286 6575/979/957 
f 8399/978/959 8344/978/1261 8346/980/1262 8401/980/961 
f 6582/983/962 8402/983/1289 8400/981/1288 6579/981/960 
f 8401/980/961 8346/980/1262 8348/982/1263 8403/982/963 
f 6585/985/953 8404/985/1290 8405/986/1291 6586/986/964 
f 8403/982/963 8348/982/1263 8350/984/1264 8406/984/965 
f 6586/986/964 8405/986/1291 8407/989/1292 6589/989/966 
f 8408/987/967 8353/987/1266 8352/988/1265 8409/988/968 
f 6589/989/966 8407/989/1292 8410/991/1293 6594/991/969 
f 8411/990/970 8355/990/1267 8353/987/1266 8408/987/967 
f 6594/991/969 8410/991/1293 8412/993/1294 6597/993/971 
f 8413/992/972 8357/992/1268 8355/990/1267 8411/990/970 
f 6597/993/971 8412/993/1294 8414/995/1295 6600/995/973 
f 8415/994/974 8359/994/1269 8357/992/1268 8413/992/972 
f 6600/995/973 8414/995/1295 8416/997/1296 6603/997/975 
f 8417/996/976 8361/996/1270 8359/994/1269 8415/994/974 
f 6606/999/965 8418/999/1297 8419/1000/1437 6607/1000/963 
f 8420/998/977 8363/998/1271 8361/996/1270 8417/996/976 
f 6607/1000/963 8419/1000/1437 8421/1003/1299 6610/1003/961 
f 8422/1001/960 8367/1001/1273 8366/1002/1272 8423/1002/962 
f 6610/1003/961 8421/1003/1299 8424/1005/1300 6615/1005/959 
f 8425/1004/957 8369/1004/1274 8367/1001/1273 8422/1001/960 
f 6615/1005/959 8424/1005/1300 8426/1007/1301 6618/1007/956 
f 8427/1006/958 8371/1006/1275 8369/1004/1274 8425/1004/957 
f 6618/1007/956 8426/1007/1301 8428/1009/1302 6621/1009/955 
f 8429/1008/978 8373/1008/1276 8371/1006/1275 8427/1006/958 
f 6621/1009/955 8428/1009/1302 8430/1011/1303 6624/1011/954 
f 8431/1010/979 8375/1010/1277 8373/1008/1276 8429/1008/978 
f 6627/1013/968 8432/1013/1304 8433/1014/1305 6628/1014/967 
f 8434/1012/980 8377/1012/1278 8375/1010/1277 8431/1010/979 
f 6628/1014/967 8433/1014/1305 8435/1017/1306 6631/1017/970 
f 8436/1015/964 8381/1015/1280 8380/1016/1279 8393/1016/953 
f 6631/1017/970 8435/1017/1306 8437/1019/1307 6634/1019/972 
f 8438/1018/966 8383/1018/1281 8381/1015/1280 8436/1015/964 
f 6634/1019/972 8437/1019/1307 8439/1021/1308 6637/1021/974 
f 8440/1020/969 8385/1020/1282 8383/1018/1281 8438/1018/966 
f 6637/1021/974 8439/1021/1308 8441/1023/1309 6640/1023/976 
f 8442/1022/971 8387/1022/1283 8385/1020/1282 8440/1020/969 
f 6640/1023/976 8441/1023/1309 8443/1025/1310 6643/1025/977 
f 8444/1024/973 8389/1024/1284 8387/1022/1283 8442/1022/971 
f 6603/997/975 8416/997/1296 8402/983/1289 6582/983/962 
f 8445/1026/975 8391/1026/1285 8389/1024/1284 8444/1024/973 
f 6624/1011/954 8430/1011/1303 8404/985/1290 6585/985/953 
f 8406/984/965 8350/984/1264 8363/998/1271 8420/998/977 
f 6643/1025/977 8443/1025/1310 8418/999/1297 6606/999/965 
f 6648/971/979 8446/971/1311 8447/972/1312 6649/972/980 
f 8409/988/968 8352/988/1265 8377/1012/1278 8434/1012/980 
f 6649/972/980 8447/972/1312 8432/1013/1304 6627/1013/968 
f 6650/975/978 8448/975/1313 8446/971/1311 6648/971/979 
f 8423/1002/962 8366/1002/1272 8391/1026/1285 8445/1026/975 
f 8394/973/954 8339/973/1259 8338/974/1258 8395/974/955 
f 6576/977/958 8398/977/1287 8448/975/1313 6650/975/978 
f 8449/1069/1314 8450/1070/1315 8451/1071/1316 8452/1072/1317 
f 8452/1072/1317 8451/1071/1316 8453/1073/1318 8454/1074/1319 
f 8454/1074/1319 8453/1073/1318 8455/1075/1320 8456/1076/1321 
f 8456/1076/1321 8455/1075/1320 8457/1077/1322 8458/1039/1323 
f 8458/1039/1323 8457/1077/1322 8459/1078/1324 8460/1079/1325 
f 8460/1079/1325 8459/1078/1324 8461/1080/1326 8462/1081/1327 
f 8462/1081/1327 8461/1080/1326 8463/1082/1328 8464/1083/1329 
f 8464/1083/1329 8463/1082/1328 8465/1084/1330 8466/1085/1331 
f 8466/1085/1331 8465/1084/1330 8467/1086/1332 8468/1087/1333 
f 8468/1087/1333 8467/1086/1332 8469/1088/1334 8470/1089/1335 
f 8470/1089/1335 8469/1088/1334 8471/1090/1336 8472/1091/1337 
f 8472/1091/1337 8471/1090/1336 8473/1035/1338 8474/1031/1339 
f 8474/1031/1339 8473/1035/1338 8475/1092/1340 8476/1093/1341 
f 8476/1093/1341 8475/1092/1340 8477/1094/1342 8478/1095/1343 
f 8478/1095/1343 8477/1094/1342 8479/1096/1344 8480/1097/1345 
f 8480/1097/1345 8479/1096/1344 8481/1098/1346 8482/1099/1347 
f 8482/1099/1347 8481/1098/1346 8483/1100/1348 8484/1101/1349 
f 8484/1101/1349 8483/1100/1348 8485/1102/1350 8486/1103/1351 
f 8486/1103/1351 8485/1102/1350 8487/1104/1352 8488/1105/1353 
f 8488/1105/1353 8487/1104/1352 8489/1036/1354 8490/1032/1355 
f 8490/1032/1355 8489/1036/1354 8491/1106/1356 8492/1107/1357 
f 8492/1107/1357 8491/1106/1356 8493/1108/1358 8494/1109/1359 
f 8494/1109/1359 8493/1108/1358 8495/1110/1360 8496/1111/1361 
f 8496/1111/1361 8495/1110/1360 8497/1112/1362 8498/1113/1363 
f 8498/1113/1363 8497/1112/1362 8499/1114/1364 8500/1115/1365 
f 8500/1115/1365 8499/1114/1364 8501/1116/1366 8502/1117/1367 
f 8502/1117/1367 8501/1116/1366 8503/1118/1368 8504/1119/1369 
f 8504/1119/1369 8503/1118/1368 8505/1120/1370 8506/1037/1371 
f 8506/1037/1371 8505/1120/1370 8507/1121/1372 8508/1122/1373 
f 8508/1122/1373 8507/1121/1372 8509/1123/1374 8510/1124/1375 
f 8451/1125/1316 8450/1126/1315 8511/1127/1376 8509/1128/1374 8507/1129/1372 8505/1130/1370 8503/1131/1368 8501/1132/1366 8499/1133/1364 8497/1134/1362 8495/1135/1360 8493/1136/1358 8491/1137/1356 8489/1138/1354 8487/1139/1352 8485/1140/1350 8483/1141/1348 8481/1142/1346 8479/1143/1344 8477/1144/1342 8475/1145/1340 8473/1146/1338 8471/1147/1336 8469/1148/1334 8467/1149/1332 8465/1150/1330 8463/1151/1328 8461/1152/1326 8459/1153/1324 8457/1154/1322 8455/1155/1320 8453/1156/1318 
f 8510/1124/1375 8509/1123/1374 8511/1157/1376 8512/1158/1377 
f 8512/1158/1377 8511/1157/1376 8450/1159/1315 8449/1160/1314 
f 8449/1161/1314 8452/1162/1317 8454/1163/1319 8456/1164/1321 8458/1165/1323 8460/1166/1325 8462/1167/1327 8464/1168/1329 8466/1169/1331 8468/1170/1333 8470/1171/1335 8472/1172/1337 8474/1173/1339 8476/1174/1341 8478/1175/1343 8480/1176/1345 8482/1177/1347 8484/1178/1349 8486/1179/1351 8488/1180/1353 8490/1181/1355 8492/1182/1357 8494/1183/1359 8496/1184/1361 8498/1185/1363 8500/1186/1365 8502/1187/1367 8504/1188/1369 8506/1189/1371 8508/1190/1373 8510/1191/1375 8512/1192/1377 
f 8513/1069/1314 8514/1070/1315 8515/1071/1316 8516/1072/1317 
f 8516/1072/1317 8515/1071/1316 8517/1073/1318 8518/1074/1319 
f 8518/1074/1319 8517/1073/1318 8519/1075/1320 8520/1076/1321 
f 8520/1076/1321 8519/1075/1320 8521/1077/1322 8522/1039/1323 
f 8522/1039/1323 8521/1077/1322 8523/1078/1324 8524/1079/1325 
f 8524/1079/1325 8523/1078/1324 8525/1080/1378 8526/1081/1379 
f 8526/1081/1379 8525/1080/1378 8527/1082/1328 8528/1083/1329 
f 8528/1083/1329 8527/1082/1328 8529/1084/1330 8530/1085/1331 
f 8530/1085/1331 8529/1084/1330 8531/1086/1332 8532/1087/1333 
f 8532/1087/1333 8531/1086/1332 8533/1088/1380 8534/1089/1381 
f 8534/1089/1381 8533/1088/1380 8535/1090/1336 8536/1091/1337 
f 8536/1091/1337 8535/1090/1336 8537/1035/1338 8538/1031/1339 
f 8538/1031/1339 8537/1035/1338 8539/1092/1340 8540/1093/1341 
f 8540/1093/1341 8539/1092/1340 8541/1094/1382 8542/1095/1383 
f 8542/1095/1383 8541/1094/1382 8543/1096/1344 8544/1097/1345 
f 8544/1097/1345 8543/1096/1344 8545/1098/1346 8546/1099/1347 
f 8546/1099/1347 8545/1098/1346 8547/1100/1348 8548/1101/1349 
f 8548/1101/1349 8547/1100/1348 8549/1102/1384 8550/1103/1385 
f 8550/1103/1385 8549/1102/1384 8551/1104/1352 8552/1105/1353 
f 8552/1105/1353 8551/1104/1352 8553/1036/1354 8554/1032/1355 
f 8554/1032/1355 8553/1036/1354 8555/1106/1356 8556/1107/1357 
f 8556/1107/1357 8555/1106/1356 8557/1108/1358 8558/1109/1359 
f 8558/1109/1359 8557/1108/1358 8559/1110/1360 8560/1111/1361 
f 8560/1111/1361 8559/1110/1360 8561/1112/1362 8562/1113/1363 
f 8562/1113/1363 8561/1112/1362 8563/1114/1364 8564/1115/1365 
f 8564/1115/1365 8563/1114/1364 8565/1116/1366 8566/1117/1367 
f 8566/1117/1367 8565/1116/1366 8567/1118/1368 8568/1119/1369 
f 8568/1119/1369 8567/1118/1368 8569/1120/1370 8570/1037/1371 
f 8570/1037/1371 8569/1120/1370 8571/1121/1372 8572/1122/1373 
f 8572/1122/1373 8571/1121/1372 8573/1123/1374 8574/1124/1375 
f 8515/1125/1316 8514/1126/1315 8575/1127/1376 8573/1128/1374 8571/1129/1372 8569/1130/1370 8567/1131/1368 8565/1132/1366 8563/1133/1364 8561/1134/1362 8559/1135/1360 8557/1136/1358 8555/1137/1356 8553/1138/1354 8551/1139/1352 8549/1140/1384 8547/1141/1348 8545/1142/1346 8543/1143/1344 8541/1144/1382 8539/1145/1340 8537/1146/1338 8535/1147/1336 8533/1148/1380 8531/1149/1332 8529/1150/1330 8527/1151/1328 8525/1152/1378 8523/1153/1324 8521/1154/1322 8519/1155/1320 8517/1156/1318 
f 8574/1124/1375 8573/1123/1374 8575/1157/1376 8576/1158/1377 
f 8576/1158/1377 8575/1157/1376 8514/1159/1315 8513/1160/1314 
f 8513/1161/1314 8516/1162/1317 8518/1163/1319 8520/1164/1321 8522/1165/1323 8524/1166/1325 8526/1167/1379 8528/1168/1329 8530/1169/1331 8532/1170/1333 8534/1171/1381 8536/1172/1337 8538/1173/1339 8540/1174/1341 8542/1175/1383 8544/1176/1345 8546/1177/1347 8548/1178/1349 8550/1179/1385 8552/1180/1353 8554/1181/1355 8556/1182/1357 8558/1183/1359 8560/1184/1361 8562/1185/1363 8564/1186/1365 8566/1187/1367 8568/1188/1369 8570/1189/1371 8572/1190/1373 8574/1191/1375 8576/1192/1377 
f 8577/1069/1314 8578/1070/1315 8579/1071/1316 8580/1072/1317 
f 8580/1072/1317 8579/1071/1316 8581/1073/1386 8582/1074/1387 
f 8582/1074/1387 8581/1073/1386 8583/1075/1320 8584/1076/1321 
f 8584/1076/1321 8583/1075/1320 8585/1077/1322 8586/1039/1323 
f 8586/1039/1323 8585/1077/1322 8587/1078/1324 8588/1079/1325 
f 8588/1079/1325 8587/1078/1324 8589/1080/1326 8590/1081/1327 
f 8590/1081/1327 8589/1080/1326 8591/1082/1328 8592/1083/1329 
f 8592/1083/1329 8591/1082/1328 8593/1084/1330 8594/1085/1331 
f 8594/1085/1331 8593/1084/1330 8595/1086/1332 8596/1087/1333 
f 8596/1087/1333 8595/1086/1332 8597/1088/1334 8598/1089/1335 
f 8598/1089/1335 8597/1088/1334 8599/1090/1336 8600/1091/1337 
f 8600/1091/1337 8599/1090/1336 8601/1035/1338 8602/1031/1339 
f 8602/1031/1339 8601/1035/1338 8603/1092/1340 8604/1093/1341 
f 8604/1093/1341 8603/1092/1340 8605/1094/1342 8606/1095/1343 
f 8606/1095/1343 8605/1094/1342 8607/1096/1344 8608/1097/1345 
f 8608/1097/1345 8607/1096/1344 8609/1098/1346 8610/1099/1347 
f 8610/1099/1347 8609/1098/1346 8611/1100/1348 8612/1101/1349 
f 8612/1101/1349 8611/1100/1348 8613/1102/1384 8614/1103/1385 
f 8614/1103/1385 8613/1102/1384 8615/1104/1352 8616/1105/1353 
f 8616/1105/1353 8615/1104/1352 8617/1036/1354 8618/1032/1355 
f 8618/1032/1355 8617/1036/1354 8619/1106/1356 8620/1107/1357 
f 8620/1107/1357 8619/1106/1356 8621/1108/1388 8622/1109/1389 
f 8622/1109/1389 8621/1108/1388 8623/1110/1360 8624/1111/1361 
f 8624/1111/1361 8623/1110/1360 8625/1112/1362 8626/1113/1363 
f 8626/1113/1363 8625/1112/1362 8627/1114/1364 8628/1115/1365 
f 8628/1115/1365 8627/1114/1364 8629/1116/1390 8630/1117/1391 
f 8630/1117/1391 8629/1116/1390 8631/1118/1368 8632/1119/1369 
f 8632/1119/1369 8631/1118/1368 8633/1120/1370 8634/1037/1371 
f 8634/1037/1371 8633/1120/1370 8635/1121/1372 8636/1122/1373 
f 8636/1122/1373 8635/1121/1372 8637/1123/1374 8638/1124/1375 
f 8579/1125/1316 8578/1126/1315 8639/1127/1376 8637/1128/1374 8635/1129/1372 8633/1130/1370 8631/1131/1368 8629/1132/1390 8627/1133/1364 8625/1134/1362 8623/1135/1360 8621/1136/1388 8619/1137/1356 8617/1138/1354 8615/1139/1352 8613/1140/1384 8611/1141/1348 8609/1142/1346 8607/1143/1344 8605/1144/1342 8603/1145/1340 8601/1146/1338 8599/1147/1336 8597/1148/1334 8595/1149/1332 8593/1150/1330 8591/1151/1328 8589/1152/1326 8587/1153/1324 8585/1154/1322 8583/1155/1320 8581/1156/1386 
f 8638/1124/1375 8637/1123/1374 8639/1157/1376 8640/1158/1377 
f 8640/1158/1377 8639/1157/1376 8578/1159/1315 8577/1160/1314 
f 8577/1161/1314 8580/1162/1317 8582/1163/1387 8584/1164/1321 8586/1165/1323 8588/1166/1325 8590/1167/1327 8592/1168/1329 8594/1169/1331 8596/1170/1333 8598/1171/1335 8600/1172/1337 8602/1173/1339 8604/1174/1341 8606/1175/1343 8608/1176/1345 8610/1177/1347 8612/1178/1349 8614/1179/1385 8616/1180/1353 8618/1181/1355 8620/1182/1357 8622/1183/1389 8624/1184/1361 8626/1185/1363 8628/1186/1365 8630/1187/1391 8632/1188/1369 8634/1189/1371 8636/1190/1373 8638/1191/1375 8640/1192/1377 
f 8641/1069/1392 8642/1070/1393 8643/1071/1316 8644/1072/1317 
f 8644/1072/1317 8643/1071/1316 8645/1073/1318 8646/1074/1319 
f 8646/1074/1319 8645/1073/1318 8647/1075/1320 8648/1076/1321 
f 8648/1076/1321 8647/1075/1320 8649/1077/1322 8650/1039/1323 
f 8650/1039/1323 8649/1077/1322 8651/1078/1324 8652/1079/1325 
f 8652/1079/1325 8651/1078/1324 8653/1080/1326 8654/1081/1327 
f 8654/1081/1327 8653/1080/1326 8655/1082/1328 8656/1083/1329 
f 8656/1083/1329 8655/1082/1328 8657/1084/1330 8658/1085/1331 
f 8658/1085/1331 8657/1084/1330 8659/1086/1332 8660/1087/1333 
f 8660/1087/1333 8659/1086/1332 8661/1088/1334 8662/1089/1335 
f 8662/1089/1335 8661/1088/1334 8663/1090/1336 8664/1091/1337 
f 8664/1091/1337 8663/1090/1336 8665/1035/1338 8666/1031/1339 
f 8666/1031/1339 8665/1035/1338 8667/1092/1340 8668/1093/1341 
f 8668/1093/1341 8667/1092/1340 8669/1094/1382 8670/1095/1383 
f 8670/1095/1383 8669/1094/1382 8671/1096/1344 8672/1097/1345 
f 8672/1097/1345 8671/1096/1344 8673/1098/1346 8674/1099/1347 
f 8674/1099/1347 8673/1098/1346 8675/1100/1348 8676/1101/1349 
f 8676/1101/1349 8675/1100/1348 8677/1102/1384 8678/1103/1351 
f 8678/1103/1351 8677/1102/1384 8679/1104/1352 8680/1105/1353 
f 8680/1105/1353 8679/1104/1352 8681/1036/1354 8682/1032/1355 
f 8682/1032/1355 8681/1036/1354 8683/1106/1356 8684/1107/1357 
f 8684/1107/1357 8683/1106/1356 8685/1108/1358 8686/1109/1359 
f 8686/1109/1359 8685/1108/1358 8687/1110/1360 8688/1111/1361 
f 8688/1111/1361 8687/1110/1360 8689/1112/1362 8690/1113/1363 
f 8690/1113/1363 8689/1112/1362 8691/1114/1364 8692/1115/1365 
f 8692/1115/1365 8691/1114/1364 8693/1116/1366 8694/1117/1367 
f 8694/1117/1367 8693/1116/1366 8695/1118/1368 8696/1119/1369 
f 8696/1119/1369 8695/1118/1368 8697/1120/1370 8698/1037/1371 
f 8698/1037/1371 8697/1120/1370 8699/1121/1372 8700/1122/1373 
f 8700/1122/1373 8699/1121/1372 8701/1123/1394 8702/1124/1395 
f 8643/1125/1316 8642/1126/1393 8703/1127/1376 8701/1128/1394 8699/1129/1372 8697/1130/1370 8695/1131/1368 8693/1132/1366 8691/1133/1364 8689/1134/1362 8687/1135/1360 8685/1136/1358 8683/1137/1356 8681/1138/1354 8679/1139/1352 8677/1140/1384 8675/1141/1348 8673/1142/1346 8671/1143/1344 8669/1144/1382 8667/1145/1340 8665/1146/1338 8663/1147/1336 8661/1148/1334 8659/1149/1332 8657/1150/1330 8655/1151/1328 8653/1152/1326 8651/1153/1324 8649/1154/1322 8647/1155/1320 8645/1156/1318 
f 8702/1124/1395 8701/1123/1394 8703/1157/1376 8704/1158/1377 
f 8704/1158/1377 8703/1157/1376 8642/1159/1393 8641/1160/1392 
f 8641/1161/1392 8644/1162/1317 8646/1163/1319 8648/1164/1321 8650/1165/1323 8652/1166/1325 8654/1167/1327 8656/1168/1329 8658/1169/1331 8660/1170/1333 8662/1171/1335 8664/1172/1337 8666/1173/1339 8668/1174/1341 8670/1175/1383 8672/1176/1345 8674/1177/1347 8676/1178/1349 8678/1179/1351 8680/1180/1353 8682/1181/1355 8684/1182/1357 8686/1183/1359 8688/1184/1361 8690/1185/1363 8692/1186/1365 8694/1187/1367 8696/1188/1369 8698/1189/1371 8700/1190/1373 8702/1191/1395 8704/1192/1377 
f 8705/1027/1396 8706/1028/1397 8707/1029/1398 8708/1030/1399 
f 8708/1030/1399 8707/1029/1398 8709/1031/1400 8710/1032/1401 
f 8710/1032/1401 8709/1031/1400 8711/1033/1402 8712/1034/1403 
f 8712/1034/1403 8711/1033/1402 8706/1035/1397 8705/1036/1396 
f 8708/1037/1399 8710/1032/1401 8712/1034/1403 8705/1038/1396 
f 8709/1031/1400 8707/1039/1398 8706/1040/1397 8711/1033/1402 
f 8713/1027/1404 8714/1028/1438 8715/1029/1439 8716/1030/1407 
f 8716/1030/1407 8715/1029/1439 8717/1031/1408 8718/1032/1409 
f 8718/1032/1409 8717/1031/1408 8719/1033/1410 8720/1034/1411 
f 8720/1034/1411 8719/1033/1410 8714/1035/1438 8713/1036/1404 
f 8716/1037/1407 8718/1032/1409 8720/1034/1411 8713/1038/1404 
f 8717/1031/1408 8715/1039/1439 8714/1040/1438 8719/1033/1410 
f 8721/1027/1412 8722/1028/1413 8723/1029/1414 8724/1030/1415 
f 8724/1030/1415 8723/1029/1414 8725/1031/1416 8726/1032/1417 
f 8726/1032/1417 8725/1031/1416 8727/1033/1418 8728/1034/1419 
f 8728/1034/1419 8727/1033/1418 8722/1035/1413 8721/1036/1412 
f 8724/1037/1415 8726/1032/1417 8728/1034/1419 8721/1038/1412 
f 8725/1031/1416 8723/1039/1414 8722/1040/1413 8727/1033/1418 
f 8321/973/1242 7882/973/1020 7883/974/1021 8320/974/1241 
f 8307/1002/1228 7925/1002/1063 7958/1026/1096 8314/1026/1235 
f 8322/988/1243 7904/988/1042 7942/1012/1080 8246/1012/1216 
f 8315/984/1236 7900/984/1038 7921/998/1059 8328/998/1249 
f 8314/1026/1235 7958/1026/1096 7957/1024/1095 8313/1024/1234 
f 8313/1024/1234 7957/1024/1095 7954/1022/1092 8312/1022/1233 
f 8312/1022/1233 7954/1022/1092 7951/1020/1431 8311/1020/1436 
f 8311/1020/1436 7951/1020/1431 7948/1018/1086 8310/1018/1231 
f 8310/1018/1231 7948/1018/1086 7945/1015/1083 8309/1015/1230 
f 8309/1015/1230 7945/1015/1083 7881/1016/1019 8308/1016/1229 
f 8246/1012/1216 7942/1012/1080 7937/1010/1075 8245/1010/1215 
f 8245/1010/1215 7937/1010/1075 7934/1008/1072 8303/1008/1224 
f 8303/1008/1224 7934/1008/1072 7931/1006/1069 8304/1006/1225 
f 8304/1006/1225 7931/1006/1069 7928/1004/1066 8305/1004/1226 
f 8305/1004/1226 7928/1004/1066 7924/1001/1062 8306/1001/1227 
f 8306/1001/1227 7924/1001/1062 7925/1002/1063 8307/1002/1228 
f 8328/998/1249 7921/998/1059 7916/996/1054 8327/996/1248 
f 8327/996/1248 7916/996/1054 7913/994/1051 8326/994/1247 
f 8326/994/1247 7913/994/1051 7910/992/1048 8325/992/1246 
f 8325/992/1246 7910/992/1048 7907/990/1045 8324/990/1245 
f 8324/990/1245 7907/990/1045 7903/987/1041 8323/987/1244 
f 8323/987/1244 7903/987/1041 7904/988/1042 8322/988/1243 
f 8316/982/1237 7895/982/1033 7900/984/1038 8315/984/1236 
f 8317/980/1238 7892/980/1420 7895/982/1033 8316/982/1237 
f 8318/978/1239 7889/978/1027 7892/980/1420 8317/980/1238 
f 8319/976/1240 7884/976/1022 7889/978/1027 8318/978/1239 
f 8320/974/1241 7883/974/1021 7884/976/1022 8319/976/1240 
f 8308/1016/1229 7881/1016/1019 7882/973/1020 8321/973/1242 
f 7961/972/1099 8729/1221/989 8730/1222/989 7939/1013/1077 
f 7955/1025/1093 8731/1223/989 8732/1224/992 7918/999/1056 
f 7935/1011/1073 8733/1225/989 8734/1226/989 7897/985/1035 
f 7914/997/1052 8735/1227/992 8736/1228/989 7894/983/1032 
f 7952/1023/1090 8737/1229/992 8731/1223/989 7955/1025/1093 
f 7949/1021/1087 8738/1230/989 8737/1229/992 7952/1023/1090 
f 7946/1019/1084 8739/1231/989 8738/1230/989 7949/1021/1087 
f 7943/1017/1081 8740/1232/992 8739/1231/989 7946/1019/1084 
f 7940/1014/1078 8741/1233/992 8740/1232/992 7943/1017/1081 
f 7939/1013/1077 8730/1222/989 8741/1233/992 7940/1014/1078 
f 7932/1009/1070 8742/1234/989 8733/1225/989 7935/1011/1073 
f 7929/1007/1067 8743/1235/989 8742/1234/989 7932/1009/1070 
f 7926/1005/1064 8744/1236/989 8743/1235/989 7929/1007/1067 
f 7922/1003/1060 8745/1237/992 8744/1236/989 7926/1005/1064 
f 7919/1000/1057 8746/1238/989 8745/1237/992 7922/1003/1060 
f 7918/999/1056 8732/1224/992 8746/1238/989 7919/1000/1057 
f 7911/995/1049 8747/1239/992 8735/1227/992 7914/997/1052 
f 7908/993/1046 8748/1240/989 8747/1239/992 7911/995/1049 
f 7905/991/1043 8749/1241/989 8748/1240/989 7908/993/1046 
f 7901/989/1421 8750/1242/989 8749/1241/989 7905/991/1043 
f 7898/986/1036 8751/1243/989 8750/1242/989 7901/989/1421 
f 7897/985/1035 8734/1226/989 8751/1243/989 7898/986/1036 
f 7894/983/1032 8736/1228/989 8752/1244/992 7891/981/1029 
f 7891/981/1029 8752/1244/992 8753/1245/989 7886/979/1024 
f 7886/979/1024 8753/1245/989 8754/1246/989 7887/977/1025 
f 7887/977/1025 8754/1246/989 8755/1247/989 7964/975/1102 
f 7964/975/1102 8755/1247/989 8756/1248/992 7960/971/1098 
f 7960/971/1098 8756/1248/992 8729/1221/989 7961/972/1099 
f 8729/1221/989 7828/1042/992 7867/1062/992 8730/1222/989 
f 8731/1223/989 7880/1068/992 7853/1055/989 8732/1224/992 
f 8733/1225/989 7866/1061/992 7839/1048/992 8734/1226/989 
f 8735/1227/992 7852/1054/989 7837/1047/992 8736/1228/989 
f 8737/1229/992 7878/1067/992 7880/1068/992 8731/1223/989 
f 8738/1230/989 7876/1066/992 7878/1067/992 8737/1229/992 
f 8739/1231/989 7874/1065/989 7876/1066/992 8738/1230/989 
f 8740/1232/992 7872/1064/992 7874/1065/989 8739/1231/989 
f 8741/1233/992 7870/1063/992 7872/1064/992 8740/1232/992 
f 8730/1222/989 7867/1062/992 7870/1063/992 8741/1233/992 
f 8742/1234/989 7864/1060/989 7866/1061/992 8733/1225/989 
f 8743/1235/989 7862/1059/989 7864/1060/989 8742/1234/989 
f 8744/1236/989 7860/1058/989 7862/1059/989 8743/1235/989 
f 8745/1237/992 7858/1057/992 7860/1058/989 8744/1236/989 
f 8746/1238/989 7856/1056/989 7858/1057/992 8745/1237/992 
f 8732/1224/992 7853/1055/989 7856/1056/989 8746/1238/989 
f 8747/1239/992 7850/1053/989 7852/1054/989 8735/1227/992 
f 8748/1240/989 7848/1052/989 7850/1053/989 8747/1239/992 
f 8749/1241/989 7846/1051/989 7848/1052/989 8748/1240/989 
f 8750/1242/989 7844/1050/992 7846/1051/989 8749/1241/989 
f 8751/1243/989 7842/1049/992 7844/1050/992 8750/1242/989 
f 8734/1226/989 7839/1048/992 7842/1049/992 8751/1243/989 
f 8736/1228/989 7837/1047/992 7835/1046/989 8752/1244/992 
f 8752/1244/992 7835/1046/989 7833/1045/989 8753/1245/989 
f 8753/1245/989 7833/1045/989 7831/1044/992 8754/1246/989 
f 8754/1246/989 7831/1044/992 7829/1043/992 8755/1247/989 
f 8755/1247/989 7829/1043/992 7825/1041/992 8756/1248/992 
f 8756/1248/992 7825/1041/992 7828/1042/992 8729/1221/989 
f 8757/973/954 8394/973/954 8395/974/955 8758/974/955 
f 8759/1002/962 8423/1002/962 8445/1026/975 8760/1026/975 
f 8761/988/968 8409/988/968 8434/1012/980 8762/1012/980 
f 8763/984/965 8406/984/965 8420/998/977 8764/998/977 
f 8760/1026/975 8445/1026/975 8444/1024/973 8765/1024/973 
f 8765/1024/973 8444/1024/973 8442/1022/971 8766/1022/971 
f 8766/1022/971 8442/1022/971 8440/1020/969 8767/1020/969 
f 8767/1020/969 8440/1020/969 8438/1018/966 8768/1018/966 
f 8768/1018/966 8438/1018/966 8436/1015/964 8769/1015/964 
f 8769/1015/964 8436/1015/964 8393/1016/953 8770/1016/953 
f 8762/1012/980 8434/1012/980 8431/1010/979 8771/1010/979 
f 8771/1010/979 8431/1010/979 8429/1008/978 8772/1008/978 
f 8772/1008/978 8429/1008/978 8427/1006/958 8773/1006/958 
f 8773/1006/958 8427/1006/958 8425/1004/957 8774/1004/957 
f 8774/1004/957 8425/1004/957 8422/1001/960 8775/1001/960 
f 8775/1001/960 8422/1001/960 8423/1002/962 8759/1002/962 
f 8764/998/977 8420/998/977 8417/996/976 8776/996/976 
f 8776/996/976 8417/996/976 8415/994/974 8777/994/974 
f 8777/994/974 8415/994/974 8413/992/972 8778/992/972 
f 8778/992/972 8413/992/972 8411/990/970 8779/990/970 
f 8779/990/970 8411/990/970 8408/987/967 8780/987/967 
f 8780/987/967 8408/987/967 8409/988/968 8761/988/968 
f 8781/982/963 8403/982/963 8406/984/965 8763/984/965 
f 8782/980/961 8401/980/961 8403/982/963 8781/982/963 
f 8783/978/959 8399/978/959 8401/980/961 8782/980/961 
f 8784/976/956 8396/976/956 8399/978/959 8783/978/959 
f 8758/974/955 8395/974/955 8396/976/956 8784/976/956 
f 8770/1016/953 8393/1016/953 8394/973/954 8757/973/954 
f 6568/1016/953 8770/1016/953 8757/973/954 6569/973/954 
f 6572/974/955 8758/974/955 8784/976/956 6573/976/956 
f 6573/976/956 8784/976/956 8783/978/959 6577/978/959 
f 6577/978/959 8783/978/959 8782/980/961 8785/980/961 
f 8785/980/961 8782/980/961 8781/982/963 6583/982/963 
f 6583/982/963 8781/982/963 8763/984/965 6587/984/965 
f 6591/987/967 8780/987/967 8761/988/968 6592/988/968 
f 6596/990/970 8779/990/970 8780/987/967 6591/987/967 
f 6599/992/972 8778/992/972 8779/990/970 6596/990/970 
f 8786/994/974 8777/994/974 8778/992/972 6599/992/972 
f 6605/996/976 8776/996/976 8777/994/974 8786/994/974 
f 6609/998/977 8764/998/977 8776/996/976 6605/996/976 
f 6612/1001/960 8775/1001/960 8759/1002/962 6613/1002/962 
f 6617/1004/957 8774/1004/957 8775/1001/960 6612/1001/960 
f 6620/1006/958 8773/1006/958 8774/1004/957 6617/1004/957 
f 6623/1008/978 8772/1008/978 8773/1006/958 6620/1006/958 
f 6626/1010/979 8771/1010/979 8772/1008/978 6623/1008/978 
f 6630/1012/980 8762/1012/980 8771/1010/979 6626/1010/979 
f 6633/1015/964 8769/1015/964 8770/1016/953 6568/1016/953 
f 6636/1018/966 8768/1018/966 8769/1015/964 6633/1015/964 
f 6639/1020/969 8767/1020/969 8768/1018/966 6636/1018/966 
f 6642/1022/971 8766/1022/971 8767/1020/969 6639/1020/969 
f 6645/1024/973 8765/1024/973 8766/1022/971 6642/1022/971 
f 6647/1026/975 8760/1026/975 8765/1024/973 6645/1024/973 
f 6587/984/965 8763/984/965 8764/998/977 6609/998/977 
f 6592/988/968 8761/988/968 8762/1012/980 6630/1012/980 
f 6613/1002/962 8759/1002/962 8760/1026/975 6647/1026/975 
f 6569/973/954 8757/973/954 8758/974/955 6572/974/955 
f 8787/1249/989 8340/1194/989 8379/1214/989 8788/1250/989 
f 8789/1251/989 8392/1220/989 8365/1207/989 8790/1252/992 
f 8791/1253/989 8378/1213/992 8351/1200/989 8792/1254/989 
f 8793/1255/992 8364/1206/989 8349/1199/992 8794/1256/992 
f 8795/1257/992 8390/1219/992 8392/1220/989 8789/1251/989 
f 8796/1258/989 8388/1218/992 8390/1219/992 8795/1257/992 
f 8797/1259/989 8386/1217/992 8388/1218/992 8796/1258/989 
f 8798/1260/992 8384/1216/992 8386/1217/992 8797/1259/989 
f 8799/1261/992 8382/1215/992 8384/1216/992 8798/1260/992 
f 8788/1250/989 8379/1214/989 8382/1215/992 8799/1261/992 
f 8800/1262/989 8376/1212/992 8378/1213/992 8791/1253/989 
f 8801/1263/989 8374/1211/992 8376/1212/992 8800/1262/989 
f 8802/1264/989 8372/1210/989 8374/1211/992 8801/1263/989 
f 8803/1265/989 8370/1209/992 8372/1210/989 8802/1264/989 
f 8804/1266/992 8368/1208/989 8370/1209/992 8803/1265/989 
f 8790/1252/992 8365/1207/989 8368/1208/989 8804/1266/992 
f 8805/1267/992 8362/1205/989 8364/1206/989 8793/1255/992 
f 8806/1268/992 8360/1204/992 8362/1205/989 8805/1267/992 
f 8807/1269/989 8358/1203/989 8360/1204/992 8806/1268/992 
f 8808/1270/989 8356/1202/992 8358/1203/989 8807/1269/989 
f 8809/1271/989 8354/1201/992 8356/1202/992 8808/1270/989 
f 8792/1254/989 8351/1200/989 8354/1201/992 8809/1271/989 
f 8794/1256/992 8349/1199/992 8347/1198/992 8810/1272/989 
f 8810/1272/989 8347/1198/992 8345/1197/989 8811/1273/992 
f 8811/1273/992 8345/1197/989 8343/1196/989 8812/1274/992 
f 8812/1274/992 8343/1196/989 8341/1195/992 8813/1275/992 
f 8813/1275/992 8341/1195/992 8337/1193/989 8814/1276/992 
f 8814/1276/992 8337/1193/989 8340/1194/989 8787/1249/989 
f 8446/971/1311 8814/1276/992 8787/1249/989 8447/972/1312 
f 8448/975/1313 8813/1275/992 8814/1276/992 8446/971/1311 
f 8398/977/1287 8812/1274/992 8813/1275/992 8448/975/1313 
f 8397/979/1286 8811/1273/992 8812/1274/992 8398/977/1287 
f 8400/981/1288 8810/1272/989 8811/1273/992 8397/979/1286 
f 8402/983/1289 8794/1256/992 8810/1272/989 8400/981/1288 
f 8404/985/1290 8792/1254/989 8809/1271/989 8405/986/1291 
f 8405/986/1291 8809/1271/989 8808/1270/989 8407/989/1292 
f 8407/989/1292 8808/1270/989 8807/1269/989 8410/991/1293 
f 8410/991/1293 8807/1269/989 8806/1268/992 8412/993/1294 
f 8412/993/1294 8806/1268/992 8805/1267/992 8414/995/1295 
f 8414/995/1295 8805/1267/992 8793/1255/992 8416/997/1296 
f 8418/999/1297 8790/1252/992 8804/1266/992 8419/1000/1437 
f 8419/1000/1437 8804/1266/992 8803/1265/989 8421/1003/1299 
f 8421/1003/1299 8803/1265/989 8802/1264/989 8424/1005/1300 
f 8424/1005/1300 8802/1264/989 8801/1263/989 8426/1007/1301 
f 8426/1007/1301 8801/1263/989 8800/1262/989 8428/1009/1302 
f 8428/1009/1302 8800/1262/989 8791/1253/989 8430/1011/1303 
f 8432/1013/1304 8788/1250/989 8799/1261/992 8433/1014/1305 
f 8433/1014/1305 8799/1261/992 8798/1260/992 8435/1017/1306 
f 8435/1017/1306 8798/1260/992 8797/1259/989 8437/1019/1307 
f 8437/1019/1307 8797/1259/989 8796/1258/989 8439/1021/1308 
f 8439/1021/1308 8796/1258/989 8795/1257/992 8441/1023/1309 
f 8441/1023/1309 8795/1257/992 8789/1251/989 8443/1025/1310 
f 8416/997/1296 8793/1255/992 8794/1256/992 8402/983/1289 
f 8430/1011/1303 8791/1253/989 8792/1254/989 8404/985/1290 
f 8443/1025/1310 8789/1251/989 8790/1252/992 8418/999/1297 
f 8447/972/1312 8787/1249/989 8788/1250/989 8432/1013/1304 
f 8815/973/954 7736/973/954 7737/974/955 8816/974/955 
f 8817/1002/962 7780/1002/962 7812/1026/975 8818/1026/975 
f 8819/988/968 7759/988/968 7795/1012/980 8820/1012/980 
f 8821/984/965 7754/984/965 7774/998/977 8822/998/977 
f 8818/1026/975 7812/1026/975 7810/1024/973 8823/1024/973 
f 8823/1024/973 7810/1024/973 7807/1022/971 8824/1022/971 
f 8824/1022/971 7807/1022/971 7804/1020/969 8825/1020/969 
f 8825/1020/969 7804/1020/969 7801/1018/966 8826/1018/966 
f 8826/1018/966 7801/1018/966 7798/1015/964 8827/1015/964 
f 8827/1015/964 7798/1015/964 7733/1016/953 8828/1016/953 
f 8820/1012/980 7795/1012/980 7791/1010/979 8829/1010/979 
f 8829/1010/979 7791/1010/979 7788/1008/978 8830/1008/978 
f 8830/1008/978 7788/1008/978 7785/1006/958 8831/1006/958 
f 8831/1006/958 7785/1006/958 7782/1004/957 8832/1004/957 
f 8832/1004/957 7782/1004/957 7777/1001/960 8833/1001/960 
f 8833/1001/960 7777/1001/960 7780/1002/962 8817/1002/962 
f 8822/998/977 7774/998/977 7770/996/976 8834/996/976 
f 8834/996/976 7770/996/976 7767/994/974 8835/994/974 
f 8835/994/974 7767/994/974 7764/992/972 8836/992/972 
f 8836/992/972 7764/992/972 7761/990/970 8837/990/970 
f 8837/990/970 7761/990/970 7756/987/967 8838/987/967 
f 8838/987/967 7756/987/967 7759/988/968 8819/988/968 
f 8839/982/963 7750/982/963 7754/984/965 8821/984/965 
f 8840/980/961 7747/980/961 7750/982/963 8839/982/963 
f 8841/978/959 7744/978/959 7747/980/961 8840/980/961 
f 8842/976/956 7740/976/956 7744/978/959 8841/978/959 
f 8816/974/955 7737/974/955 7740/976/956 8842/976/956 
f 8828/1016/953 7733/1016/953 7736/973/954 8815/973/954 
f 7722/1016/942 8828/1016/953 8815/973/954 7679/973/899 
f 7680/974/900 8816/974/955 8842/976/956 7682/976/902 
f 7682/976/902 8842/976/956 8841/978/959 7684/978/904 
f 7684/978/904 8841/978/959 8840/980/961 7686/980/906 
f 7686/980/906 8840/980/961 8839/982/963 7688/982/908 
f 7688/982/908 8839/982/963 8821/984/965 7690/984/910 
f 7693/987/913 8838/987/967 8819/988/968 7694/988/914 
f 7696/990/916 8837/990/970 8838/987/967 7693/987/913 
f 7698/992/918 8836/992/972 8837/990/970 7696/990/916 
f 7700/994/920 8835/994/974 8836/992/972 7698/992/918 
f 7702/996/922 8834/996/976 8835/994/974 7700/994/920 
f 7704/998/924 8822/998/977 8834/996/976 7702/996/922 
f 7707/1001/927 8833/1001/960 8817/1002/962 7708/1002/928 
f 7710/1004/930 8832/1004/957 8833/1001/960 7707/1001/927 
f 7712/1006/932 8831/1006/958 8832/1004/957 7710/1004/930 
f 7714/1008/934 8830/1008/978 8831/1006/958 7712/1006/932 
f 7716/1010/936 8829/1010/979 8830/1008/978 7714/1008/934 
f 7718/1012/938 8820/1012/980 8829/1010/979 7716/1010/936 
f 7721/1015/941 8827/1015/964 8828/1016/953 7722/1016/942 
f 7724/1018/944 8826/1018/966 8827/1015/964 7721/1015/941 
f 7726/1020/946 8825/1020/969 8826/1018/966 7724/1018/944 
f 7728/1022/948 8824/1022/971 8825/1020/969 7726/1020/946 
f 7730/1024/950 8823/1024/973 8824/1022/971 7728/1022/948 
f 7732/1026/952 8818/1026/975 8823/1024/973 7730/1024/950 
f 7690/984/910 8821/984/965 8822/998/977 7704/998/924 
f 7694/988/914 8819/988/968 8820/1012/980 7718/1012/938 
f 7708/1002/928 8817/1002/962 8818/1026/975 7732/1026/952 
f 7679/973/899 8815/973/954 8816/974/955 7680/974/900 
f 8843/971/897 8844/972/898 8845/973/899 8846/974/900 
f 8847/975/901 8843/971/897 8846/974/900 8848/976/902 
f 8849/977/903 8847/975/901 8848/976/902 8850/978/904 
f 8851/979/905 8849/977/903 8850/978/904 8852/980/906 
f 8853/981/907 8851/979/905 8852/980/906 8854/982/908 
f 8855/983/909 8853/981/907 8854/982/908 8856/984/910 
f 8857/985/911 8858/986/912 8859/987/913 8860/988/914 
f 8858/986/912 8861/989/915 8862/990/916 8859/987/913 
f 8861/989/915 8863/991/917 8864/992/918 8862/990/916 
f 8863/991/917 8865/993/919 8866/994/920 8864/992/918 
f 8865/993/919 8867/995/921 8868/996/922 8866/994/920 
f 8867/995/921 8869/997/923 8870/998/924 8868/996/922 
f 8871/999/925 8872/1000/926 8873/1001/927 8874/1002/928 
f 8872/1000/926 8875/1003/929 8876/1004/930 8873/1001/927 
f 8875/1003/929 8877/1005/931 8878/1006/932 8876/1004/930 
f 8877/1005/931 8879/1007/933 8880/1008/934 8878/1006/932 
f 8879/1007/933 8881/1009/935 8882/1010/936 8880/1008/934 
f 8881/1009/935 8883/1011/937 8884/1012/938 8882/1010/936 
f 8885/1013/939 8886/1014/940 8887/1015/941 8888/1016/942 
f 8886/1014/940 8889/1017/943 8890/1018/944 8887/1015/941 
f 8889/1017/943 8891/1019/945 8892/1020/946 8890/1018/944 
f 8891/1019/945 8893/1021/947 8894/1022/948 8892/1020/946 
f 8893/1021/947 8895/1023/949 8896/1024/950 8894/1022/948 
f 8895/1023/949 8897/1025/951 8898/1026/952 8896/1024/950 
f 8869/997/923 8855/983/909 8856/984/910 8870/998/924 
f 8883/1011/937 8857/985/911 8860/988/914 8884/1012/938 
f 8897/1025/951 8871/999/925 8874/1002/928 8898/1026/952 
f 8844/972/898 8885/1013/939 8888/1016/942 8845/973/899 
f 8899/1016/953 8900/1016/953 8901/973/954 8902/973/954 
f 8903/974/955 8904/974/955 8905/976/956 8906/976/956 
f 8851/979/905 8907/979/957 8908/977/958 8849/977/903 
f 8906/976/956 8905/976/956 8909/978/959 8910/978/959 
f 8853/981/907 8911/981/960 8907/979/957 8851/979/905 
f 8910/978/959 8909/978/959 8912/980/961 8913/980/961 
f 8855/983/909 8914/983/962 8911/981/960 8853/981/907 
f 8913/980/961 8912/980/961 8915/982/963 8916/982/963 
f 8857/985/911 8917/985/953 8918/986/964 8858/986/912 
f 8916/982/963 8915/982/963 8919/984/965 8920/984/965 
f 8858/986/912 8918/986/964 8921/989/966 8861/989/915 
f 8922/987/967 8923/987/967 8924/988/968 8925/988/968 
f 8861/989/915 8921/989/966 8926/991/969 8863/991/917 
f 8927/990/970 8928/990/970 8923/987/967 8922/987/967 
f 8863/991/917 8926/991/969 8929/993/971 8865/993/919 
f 8930/992/972 8931/992/972 8928/990/970 8927/990/970 
f 8865/993/919 8929/993/971 8932/995/973 8867/995/921 
f 8933/994/974 8934/994/974 8931/992/972 8930/992/972 
f 8867/995/921 8932/995/973 8935/997/975 8869/997/923 
f 8936/996/976 8937/996/976 8934/994/974 8933/994/974 
f 8871/999/925 8938/999/965 8939/1000/963 8872/1000/926 
f 8940/998/977 8941/998/977 8937/996/976 8936/996/976 
f 8872/1000/926 8939/1000/963 8942/1003/961 8875/1003/929 
f 8943/1001/960 8944/1001/960 8945/1002/962 8946/1002/962 
f 8875/1003/929 8942/1003/961 8947/1005/959 8877/1005/931 
f 8948/1004/957 8949/1004/957 8944/1001/960 8943/1001/960 
f 8877/1005/931 8947/1005/959 8950/1007/956 8879/1007/933 
f 8951/1006/958 8952/1006/958 8949/1004/957 8948/1004/957 
f 8879/1007/933 8950/1007/956 8953/1009/955 8881/1009/935 
f 8954/1008/978 8955/1008/978 8952/1006/958 8951/1006/958 
f 8881/1009/935 8953/1009/955 8956/1011/954 8883/1011/937 
f 8957/1010/979 8958/1010/979 8955/1008/978 8954/1008/978 
f 8885/1013/939 8959/1013/968 8960/1014/967 8886/1014/940 
f 8961/1012/980 8962/1012/980 8958/1010/979 8957/1010/979 
f 8886/1014/940 8960/1014/967 8963/1017/970 8889/1017/943 
f 8964/1015/964 8965/1015/964 8900/1016/953 8899/1016/953 
f 8889/1017/943 8963/1017/970 8966/1019/972 8891/1019/945 
f 8967/1018/966 8968/1018/966 8965/1015/964 8964/1015/964 
f 8891/1019/945 8966/1019/972 8969/1021/974 8893/1021/947 
f 8970/1020/969 8971/1020/969 8968/1018/966 8967/1018/966 
f 8893/1021/947 8969/1021/974 8972/1023/976 8895/1023/949 
f 8973/1022/971 8974/1022/971 8971/1020/969 8970/1020/969 
f 8895/1023/949 8972/1023/976 8975/1025/977 8897/1025/951 
f 8976/1024/973 8977/1024/973 8974/1022/971 8973/1022/971 
f 8869/997/923 8935/997/975 8914/983/962 8855/983/909 
f 8978/1026/975 8979/1026/975 8977/1024/973 8976/1024/973 
f 8883/1011/937 8956/1011/954 8917/985/953 8857/985/911 
f 8920/984/965 8919/984/965 8941/998/977 8940/998/977 
f 8897/1025/951 8975/1025/977 8938/999/965 8871/999/925 
f 8843/971/897 8980/971/979 8981/972/980 8844/972/898 
f 8925/988/968 8924/988/968 8962/1012/980 8961/1012/980 
f 8844/972/898 8981/972/980 8959/1013/968 8885/1013/939 
f 8847/975/901 8982/975/978 8980/971/979 8843/971/897 
f 8946/1002/962 8945/1002/962 8979/1026/975 8978/1026/975 
f 8902/973/954 8901/973/954 8904/974/955 8903/974/955 
f 8849/977/903 8908/977/958 8982/975/978 8847/975/901 
f 8983/1027/981 8984/1028/982 8985/1029/983 8986/1030/984 
f 8986/1030/984 8985/1029/983 8987/1031/985 8988/1032/986 
f 8988/1032/986 8987/1031/985 8989/1033/987 8990/1034/988 
f 8990/1034/988 8989/1033/987 8984/1035/982 8983/1036/981 
f 8986/1037/984 8988/1032/986 8990/1034/988 8983/1038/981 
f 8987/1031/985 8985/1039/983 8984/1040/982 8989/1033/987 
f 8991/1041/989 8992/974/990 8993/973/991 8994/1042/989 
f 8995/1043/992 8996/976/993 8992/974/990 8991/1041/989 
f 8997/1044/992 8998/978/994 8996/976/993 8995/1043/992 
f 8999/1045/992 9000/980/995 8998/978/994 8997/1044/992 
f 9001/1046/992 9002/982/996 9000/980/995 8999/1045/992 
f 9003/1047/992 9004/984/997 9002/982/996 9001/1046/992 
f 9005/1048/992 9006/988/998 9007/987/999 9008/1049/989 
f 9008/1049/989 9007/987/999 9009/990/1000 9010/1050/992 
f 9010/1050/992 9009/990/1000 9011/992/1001 9012/1051/992 
f 9012/1051/992 9011/992/1001 9013/994/1002 9014/1052/989 
f 9014/1052/989 9013/994/1002 9015/996/1003 9016/1053/989 
f 9016/1053/989 9015/996/1003 9017/998/1004 9018/1054/989 
f 9019/1055/989 9020/1002/1427 9021/1001/1006 9022/1056/989 
f 9022/1056/989 9021/1001/1006 9023/1004/1007 9024/1057/989 
f 9024/1057/989 9023/1004/1007 9025/1006/1008 9026/1058/992 
f 9026/1058/992 9025/1006/1008 9027/1008/1440 9028/1059/989 
f 9028/1059/989 9027/1008/1440 9029/1010/1010 9030/1060/992 
f 9030/1060/992 9029/1010/1010 9031/1012/1011 9032/1061/992 
f 9033/1062/989 9034/1016/1012 9035/1015/1013 9036/1063/992 
f 9036/1063/992 9035/1015/1013 9037/1018/1014 9038/1064/992 
f 9038/1064/992 9037/1018/1014 9039/1020/1015 9040/1065/989 
f 9040/1065/989 9039/1020/1015 9041/1022/1016 9042/1066/989 
f 9042/1066/989 9041/1022/1016 9043/1024/1017 9044/1067/992 
f 9044/1067/992 9043/1024/1017 9045/1026/1429 9046/1068/992 
f 9018/1054/989 9017/998/1004 9004/984/997 9003/1047/992 
f 9032/1061/992 9031/1012/1011 9006/988/998 9005/1048/992 
f 9046/1068/992 9045/1026/1429 9020/1002/1427 9019/1055/989 
f 8994/1042/989 8993/973/991 9034/1016/1012 9033/1062/989 
f 9047/1016/1019 9034/1016/1012 8993/973/991 9048/973/1020 
f 9049/974/1021 8992/974/990 8996/976/993 9050/976/1022 
f 9051/979/1441 9052/979/1024 9053/977/1025 9054/977/1026 
f 9050/976/1022 8996/976/993 8998/978/994 9055/978/1027 
f 9056/981/1028 9057/981/1029 9052/979/1024 9051/979/1441 
f 9055/978/1027 8998/978/994 9000/980/995 9058/980/1030 
f 9059/983/1031 9060/983/1442 9057/981/1029 9056/981/1028 
f 9058/980/1030 9000/980/995 9002/982/996 9061/982/1033 
f 9062/985/1034 9063/985/1035 9064/986/1036 9065/986/1037 
f 9061/982/1033 9002/982/996 9004/984/997 9066/984/1038 
f 9065/986/1037 9064/986/1036 9067/989/1443 9068/989/1040 
f 9069/987/1041 9007/987/999 9006/988/998 9070/988/1042 
f 9068/989/1040 9067/989/1443 9071/991/1043 9072/991/1044 
f 9073/990/1045 9009/990/1000 9007/987/999 9069/987/1041 
f 9072/991/1044 9071/991/1043 9074/993/1444 9075/993/1047 
f 9076/992/1048 9011/992/1001 9009/990/1000 9073/990/1045 
f 9075/993/1047 9074/993/1444 9077/995/1049 9078/995/1050 
f 9079/994/1051 9013/994/1002 9011/992/1001 9076/992/1048 
f 9078/995/1050 9077/995/1049 9080/997/1052 9081/997/1053 
f 9082/996/1054 9015/996/1003 9013/994/1002 9079/994/1051 
f 9083/999/1055 9084/999/1056 9085/1000/1445 9086/1000/1058 
f 9087/998/1059 9017/998/1004 9015/996/1003 9082/996/1054 
f 9086/1000/1058 9085/1000/1445 9088/1003/1060 9089/1003/1061 
f 9090/1001/1062 9021/1001/1006 9020/1002/1427 9091/1002/1063 
f 9089/1003/1061 9088/1003/1060 9092/1005/1064 9093/1005/1065 
f 9094/1004/1066 9023/1004/1007 9021/1001/1006 9090/1001/1062 
f 9093/1005/1065 9092/1005/1064 9095/1007/1446 9096/1007/1068 
f 9097/1006/1069 9025/1006/1008 9023/1004/1007 9094/1004/1066 
f 9096/1007/1068 9095/1007/1446 9098/1009/1070 9099/1009/1071 
f 9100/1008/1072 9027/1008/1440 9025/1006/1008 9097/1006/1069 
f 9099/1009/1071 9098/1009/1070 9101/1011/1073 9102/1011/1074 
f 9103/1010/1075 9029/1010/1010 9027/1008/1440 9100/1008/1072 
f 9104/1013/1076 9105/1013/1077 9106/1014/1078 9107/1014/1079 
f 9108/1012/1080 9031/1012/1011 9029/1010/1010 9103/1010/1075 
f 9107/1014/1079 9106/1014/1078 9109/1017/1081 9110/1017/1082 
f 9111/1015/1083 9035/1015/1013 9034/1016/1012 9047/1016/1019 
f 9110/1017/1082 9109/1017/1081 9112/1019/1084 9113/1019/1085 
f 9114/1018/1086 9037/1018/1014 9035/1015/1013 9111/1015/1083 
f 9113/1019/1085 9112/1019/1084 9115/1021/1087 9116/1021/1088 
f 9117/1020/1089 9039/1020/1015 9037/1018/1014 9114/1018/1086 
f 9116/1021/1088 9115/1021/1087 9118/1023/1090 9119/1023/1091 
f 9120/1022/1092 9041/1022/1016 9039/1020/1015 9117/1020/1089 
f 9119/1023/1091 9118/1023/1090 9121/1025/1093 9122/1025/1094 
f 9123/1024/1095 9043/1024/1017 9041/1022/1016 9120/1022/1092 
f 9081/997/1053 9080/997/1052 9060/983/1442 9059/983/1031 
f 9124/1026/1096 9045/1026/1429 9043/1024/1017 9123/1024/1095 
f 9102/1011/1074 9101/1011/1073 9063/985/1035 9062/985/1034 
f 9066/984/1038 9004/984/997 9017/998/1004 9087/998/1059 
f 9122/1025/1094 9121/1025/1093 9084/999/1056 9083/999/1055 
f 9125/971/1097 9126/971/1098 9127/972/1099 9128/972/1100 
f 9070/988/1042 9006/988/998 9031/1012/1011 9108/1012/1080 
f 9128/972/1100 9127/972/1099 9105/1013/1077 9104/1013/1076 
f 9129/975/1101 9130/975/1447 9126/971/1098 9125/971/1097 
f 9091/1002/1063 9020/1002/1427 9045/1026/1429 9124/1026/1096 
f 9048/973/1020 8993/973/991 8992/974/990 9049/974/1021 
f 9054/977/1026 9053/977/1025 9130/975/1447 9129/975/1101 
f 9131/1069/1103 9132/1070/1104 9133/1071/1105 9134/1072/1106 
f 9134/1072/1106 9133/1071/1105 9135/1073/1107 9136/1074/1108 
f 9136/1074/1108 9135/1073/1107 9137/1075/1109 9138/1076/1110 
f 9138/1076/1110 9137/1075/1109 9139/1077/1111 9140/1039/1112 
f 9140/1039/1112 9139/1077/1111 9141/1078/1422 9142/1079/1114 
f 9142/1079/1114 9141/1078/1422 9143/1080/1115 9144/1081/1116 
f 9144/1081/1116 9143/1080/1115 9145/1082/1117 9146/1083/1118 
f 9146/1083/1118 9145/1082/1117 9147/1084/1119 9148/1085/1120 
f 9148/1085/1120 9147/1084/1119 9149/1086/1121 9150/1087/1122 
f 9150/1087/1122 9149/1086/1121 9151/1088/1123 9152/1089/1124 
f 9152/1089/1124 9151/1088/1123 9153/1090/1125 9154/1091/1126 
f 9154/1091/1126 9153/1090/1125 9155/1035/1127 9156/1031/1128 
f 9156/1031/1128 9155/1035/1127 9157/1092/1129 9158/1093/1130 
f 9158/1093/1130 9157/1092/1129 9159/1094/1131 9160/1095/1132 
f 9160/1095/1132 9159/1094/1131 9161/1096/1133 9162/1097/1171 
f 9162/1097/1171 9161/1096/1133 9163/1098/1135 9164/1099/1136 
f 9164/1099/1136 9163/1098/1135 9165/1100/1137 9166/1101/1174 
f 9166/1101/1174 9165/1100/1137 9167/1102/1139 9168/1103/1140 
f 9168/1103/1140 9167/1102/1139 9169/1104/1141 9170/1105/1142 
f 9170/1105/1142 9169/1104/1141 9171/1036/1143 9172/1032/1144 
f 9172/1032/1144 9171/1036/1143 9173/1106/1145 9174/1107/1146 
f 9174/1107/1146 9173/1106/1145 9175/1108/1147 9176/1109/1148 
f 9176/1109/1148 9175/1108/1147 9177/1110/1149 9178/1111/1150 
f 9178/1111/1150 9177/1110/1149 9179/1112/1151 9180/1113/1152 
f 9180/1113/1152 9179/1112/1151 9181/1114/1153 9182/1115/1154 
f 9182/1115/1154 9181/1114/1153 9183/1116/1155 9184/1117/1156 
f 9184/1117/1156 9183/1116/1155 9185/1118/1157 9186/1119/1158 
f 9186/1119/1158 9185/1118/1157 9187/1120/1159 9188/1037/1160 
f 9188/1037/1160 9187/1120/1159 9189/1121/1161 9190/1122/1162 
f 9190/1122/1162 9189/1121/1161 9191/1123/1163 9192/1124/1164 
f 9133/1125/1105 9132/1126/1104 9193/1127/1165 9191/1128/1163 9189/1129/1161 9187/1130/1159 9185/1131/1157 9183/1132/1155 9181/1133/1153 9179/1134/1151 9177/1135/1149 9175/1136/1147 9173/1137/1145 9171/1138/1143 9169/1139/1141 9167/1140/1139 9165/1141/1137 9163/1142/1135 9161/1143/1133 9159/1144/1131 9157/1145/1129 9155/1146/1127 9153/1147/1125 9151/1148/1123 9149/1149/1121 9147/1150/1119 9145/1151/1117 9143/1152/1115 9141/1153/1422 9139/1154/1111 9137/1155/1109 9135/1156/1107 
f 9192/1124/1164 9191/1123/1163 9193/1157/1165 9194/1158/1166 
f 9194/1158/1166 9193/1157/1165 9132/1159/1104 9131/1160/1103 
f 9131/1161/1103 9134/1162/1106 9136/1163/1108 9138/1164/1110 9140/1165/1112 9142/1166/1114 9144/1167/1116 9146/1168/1118 9148/1169/1120 9150/1170/1122 9152/1171/1124 9154/1172/1126 9156/1173/1128 9158/1174/1130 9160/1175/1132 9162/1176/1171 9164/1177/1136 9166/1178/1174 9168/1179/1140 9170/1180/1142 9172/1181/1144 9174/1182/1146 9176/1183/1148 9178/1184/1150 9180/1185/1152 9182/1186/1154 9184/1187/1156 9186/1188/1158 9188/1189/1160 9190/1190/1162 9192/1191/1164 9194/1192/1166 
f 9195/1069/1167 9196/1070/1168 9197/1071/1105 9198/1072/1106 
f 9198/1072/1106 9197/1071/1105 9199/1073/1107 9200/1074/1108 
f 9200/1074/1108 9199/1073/1107 9201/1075/1109 9202/1076/1110 
f 9202/1076/1110 9201/1075/1109 9203/1077/1111 9204/1039/1169 
f 9204/1039/1169 9203/1077/1111 9205/1078/1113 9206/1079/1114 
f 9206/1079/1114 9205/1078/1113 9207/1080/1115 9208/1081/1116 
f 9208/1081/1116 9207/1080/1115 9209/1082/1117 9210/1083/1118 
f 9210/1083/1118 9209/1082/1117 9211/1084/1119 9212/1085/1120 
f 9212/1085/1120 9211/1084/1119 9213/1086/1121 9214/1087/1122 
f 9214/1087/1122 9213/1086/1121 9215/1088/1123 9216/1089/1124 
f 9216/1089/1124 9215/1088/1123 9217/1090/1125 9218/1091/1126 
f 9218/1091/1126 9217/1090/1125 9219/1035/1127 9220/1031/1170 
f 9220/1031/1170 9219/1035/1127 9221/1092/1129 9222/1093/1130 
f 9222/1093/1130 9221/1092/1129 9223/1094/1131 9224/1095/1132 
f 9224/1095/1132 9223/1094/1131 9225/1096/1133 9226/1097/1171 
f 9226/1097/1171 9225/1096/1133 9227/1098/1172 9228/1099/1173 
f 9228/1099/1173 9227/1098/1172 9229/1100/1137 9230/1101/1174 
f 9230/1101/1174 9229/1100/1137 9231/1102/1139 9232/1103/1140 
f 9232/1103/1140 9231/1102/1139 9233/1104/1141 9234/1105/1142 
f 9234/1105/1142 9233/1104/1141 9235/1036/1175 9236/1032/1176 
f 9236/1032/1176 9235/1036/1175 9237/1106/1145 9238/1107/1146 
f 9238/1107/1146 9237/1106/1145 9239/1108/1147 9240/1109/1148 
f 9240/1109/1148 9239/1108/1147 9241/1110/1149 9242/1111/1150 
f 9242/1111/1150 9241/1110/1149 9243/1112/1151 9244/1113/1152 
f 9244/1113/1152 9243/1112/1151 9245/1114/1153 9246/1115/1154 
f 9246/1115/1154 9245/1114/1153 9247/1116/1155 9248/1117/1156 
f 9248/1117/1156 9247/1116/1155 9249/1118/1157 9250/1119/1158 
f 9250/1119/1158 9249/1118/1157 9251/1120/1423 9252/1037/1177 
f 9252/1037/1177 9251/1120/1423 9253/1121/1161 9254/1122/1162 
f 9254/1122/1162 9253/1121/1161 9255/1123/1163 9256/1124/1164 
f 9197/1125/1105 9196/1126/1168 9257/1127/1165 9255/1128/1163 9253/1129/1161 9251/1130/1423 9249/1131/1157 9247/1132/1155 9245/1133/1153 9243/1134/1151 9241/1135/1149 9239/1136/1147 9237/1137/1145 9235/1138/1175 9233/1139/1141 9231/1140/1139 9229/1141/1137 9227/1142/1172 9225/1143/1133 9223/1144/1131 9221/1145/1129 9219/1146/1127 9217/1147/1125 9215/1148/1123 9213/1149/1121 9211/1150/1119 9209/1151/1117 9207/1152/1115 9205/1153/1113 9203/1154/1111 9201/1155/1109 9199/1156/1107 
f 9256/1124/1164 9255/1123/1163 9257/1157/1165 9258/1158/1166 
f 9258/1158/1166 9257/1157/1165 9196/1159/1168 9195/1160/1167 
f 9195/1161/1167 9198/1162/1106 9200/1163/1108 9202/1164/1110 9204/1165/1169 9206/1166/1114 9208/1167/1116 9210/1168/1118 9212/1169/1120 9214/1170/1122 9216/1171/1124 9218/1172/1126 9220/1173/1170 9222/1174/1130 9224/1175/1132 9226/1176/1171 9228/1177/1173 9230/1178/1174 9232/1179/1140 9234/1180/1142 9236/1181/1176 9238/1182/1146 9240/1183/1148 9242/1184/1150 9244/1185/1152 9246/1186/1154 9248/1187/1156 9250/1188/1158 9252/1189/1177 9254/1190/1162 9256/1191/1164 9258/1192/1166 
f 9259/1069/1178 9260/1070/1168 9261/1071/1105 9262/1072/1106 
f 9262/1072/1106 9261/1071/1105 9263/1073/1107 9264/1074/1108 
f 9264/1074/1108 9263/1073/1107 9265/1075/1109 9266/1076/1110 
f 9266/1076/1110 9265/1075/1109 9267/1077/1111 9268/1039/1112 
f 9268/1039/1112 9267/1077/1111 9269/1078/1113 9270/1079/1114 
f 9270/1079/1114 9269/1078/1113 9271/1080/1115 9272/1081/1116 
f 9272/1081/1116 9271/1080/1115 9273/1082/1117 9274/1083/1118 
f 9274/1083/1118 9273/1082/1117 9275/1084/1119 9276/1085/1120 
f 9276/1085/1120 9275/1084/1119 9277/1086/1121 9278/1087/1122 
f 9278/1087/1122 9277/1086/1121 9279/1088/1123 9280/1089/1124 
f 9280/1089/1124 9279/1088/1123 9281/1090/1125 9282/1091/1126 
f 9282/1091/1126 9281/1090/1125 9283/1035/1179 9284/1031/1128 
f 9284/1031/1128 9283/1035/1179 9285/1092/1180 9286/1093/1130 
f 9286/1093/1130 9285/1092/1180 9287/1094/1131 9288/1095/1132 
f 9288/1095/1132 9287/1094/1131 9289/1096/1133 9290/1097/1171 
f 9290/1097/1171 9289/1096/1133 9291/1098/1181 9292/1099/1173 
f 9292/1099/1173 9291/1098/1181 9293/1100/1137 9294/1101/1174 
f 9294/1101/1174 9293/1100/1137 9295/1102/1139 9296/1103/1140 
f 9296/1103/1140 9295/1102/1139 9297/1104/1182 9298/1105/1142 
f 9298/1105/1142 9297/1104/1182 9299/1036/1143 9300/1032/1144 
f 9300/1032/1144 9299/1036/1143 9301/1106/1145 9302/1107/1146 
f 9302/1107/1146 9301/1106/1145 9303/1108/1147 9304/1109/1148 
f 9304/1109/1148 9303/1108/1147 9305/1110/1149 9306/1111/1150 
f 9306/1111/1150 9305/1110/1149 9307/1112/1151 9308/1113/1152 
f 9308/1113/1152 9307/1112/1151 9309/1114/1153 9310/1115/1154 
f 9310/1115/1154 9309/1114/1153 9311/1116/1155 9312/1117/1156 
f 9312/1117/1156 9311/1116/1155 9313/1118/1157 9314/1119/1158 
f 9314/1119/1158 9313/1118/1157 9315/1120/1423 9316/1037/1160 
f 9316/1037/1160 9315/1120/1423 9317/1121/1161 9318/1122/1162 
f 9318/1122/1162 9317/1121/1161 9319/1123/1163 9320/1124/1164 
f 9261/1125/1105 9260/1126/1168 9321/1127/1165 9319/1128/1163 9317/1129/1161 9315/1130/1423 9313/1131/1157 9311/1132/1155 9309/1133/1153 9307/1134/1151 9305/1135/1149 9303/1136/1147 9301/1137/1145 9299/1138/1143 9297/1139/1182 9295/1140/1139 9293/1141/1137 9291/1142/1181 9289/1143/1133 9287/1144/1131 9285/1145/1180 9283/1146/1179 9281/1147/1125 9279/1148/1123 9277/1149/1121 9275/1150/1119 9273/1151/1117 9271/1152/1115 9269/1153/1113 9267/1154/1111 9265/1155/1109 9263/1156/1107 
f 9320/1124/1164 9319/1123/1163 9321/1157/1165 9322/1158/1166 
f 9322/1158/1166 9321/1157/1165 9260/1159/1168 9259/1160/1178 
f 9259/1161/1178 9262/1162/1106 9264/1163/1108 9266/1164/1110 9268/1165/1112 9270/1166/1114 9272/1167/1116 9274/1168/1118 9276/1169/1120 9278/1170/1122 9280/1171/1124 9282/1172/1126 9284/1173/1128 9286/1174/1130 9288/1175/1132 9290/1176/1171 9292/1177/1173 9294/1178/1174 9296/1179/1140 9298/1180/1142 9300/1181/1144 9302/1182/1146 9304/1183/1148 9306/1184/1150 9308/1185/1152 9310/1186/1154 9312/1187/1156 9314/1188/1158 9316/1189/1160 9318/1190/1162 9320/1191/1164 9322/1192/1166 
f 9323/1069/1103 9324/1070/1104 9325/1071/1183 9326/1072/1184 
f 9326/1072/1184 9325/1071/1183 9327/1073/1107 9328/1074/1108 
f 9328/1074/1108 9327/1073/1107 9329/1075/1109 9330/1076/1185 
f 9330/1076/1185 9329/1075/1109 9331/1077/1111 9332/1039/1169 
f 9332/1039/1169 9331/1077/1111 9333/1078/1113 9334/1079/1114 
f 9334/1079/1114 9333/1078/1113 9335/1080/1115 9336/1081/1116 
f 9336/1081/1116 9335/1080/1115 9337/1082/1117 9338/1083/1118 
f 9338/1083/1118 9337/1082/1117 9339/1084/1119 9340/1085/1120 
f 9340/1085/1120 9339/1084/1119 9341/1086/1121 9342/1087/1122 
f 9342/1087/1122 9341/1086/1121 9343/1088/1123 9344/1089/1124 
f 9344/1089/1124 9343/1088/1123 9345/1090/1125 9346/1091/1126 
f 9346/1091/1126 9345/1090/1125 9347/1035/1186 9348/1031/1128 
f 9348/1031/1128 9347/1035/1186 9349/1092/1129 9350/1093/1130 
f 9350/1093/1130 9349/1092/1129 9351/1094/1131 9352/1095/1132 
f 9352/1095/1132 9351/1094/1131 9353/1096/1133 9354/1097/1171 
f 9354/1097/1171 9353/1096/1133 9355/1098/1172 9356/1099/1173 
f 9356/1099/1173 9355/1098/1172 9357/1100/1137 9358/1101/1174 
f 9358/1101/1174 9357/1100/1137 9359/1102/1139 9360/1103/1140 
f 9360/1103/1140 9359/1102/1139 9361/1104/1141 9362/1105/1142 
f 9362/1105/1142 9361/1104/1141 9363/1036/1187 9364/1032/1144 
f 9364/1032/1144 9363/1036/1187 9365/1106/1145 9366/1107/1146 
f 9366/1107/1146 9365/1106/1145 9367/1108/1147 9368/1109/1148 
f 9368/1109/1148 9367/1108/1147 9369/1110/1149 9370/1111/1150 
f 9370/1111/1150 9369/1110/1149 9371/1112/1151 9372/1113/1152 
f 9372/1113/1152 9371/1112/1151 9373/1114/1153 9374/1115/1154 
f 9374/1115/1154 9373/1114/1153 9375/1116/1155 9376/1117/1156 
f 9376/1117/1156 9375/1116/1155 9377/1118/1157 9378/1119/1158 
f 9378/1119/1158 9377/1118/1157 9379/1120/1159 9380/1037/1188 
f 9380/1037/1188 9379/1120/1159 9381/1121/1161 9382/1122/1189 
f 9382/1122/1189 9381/1121/1161 9383/1123/1163 9384/1124/1164 
f 9325/1125/1183 9324/1126/1104 9385/1127/1165 9383/1128/1163 9381/1129/1161 9379/1130/1159 9377/1131/1157 9375/1132/1155 9373/1133/1153 9371/1134/1151 9369/1135/1149 9367/1136/1147 9365/1137/1145 9363/1138/1187 9361/1139/1141 9359/1140/1139 9357/1141/1137 9355/1142/1172 9353/1143/1133 9351/1144/1131 9349/1145/1129 9347/1146/1186 9345/1147/1125 9343/1148/1123 9341/1149/1121 9339/1150/1119 9337/1151/1117 9335/1152/1115 9333/1153/1113 9331/1154/1111 9329/1155/1109 9327/1156/1107 
f 9384/1124/1164 9383/1123/1163 9385/1157/1165 9386/1158/1190 
f 9386/1158/1190 9385/1157/1165 9324/1159/1104 9323/1160/1103 
f 9323/1161/1103 9326/1162/1184 9328/1163/1108 9330/1164/1185 9332/1165/1169 9334/1166/1114 9336/1167/1116 9338/1168/1118 9340/1169/1120 9342/1170/1122 9344/1171/1124 9346/1172/1126 9348/1173/1128 9350/1174/1130 9352/1175/1132 9354/1176/1171 9356/1177/1173 9358/1178/1174 9360/1179/1140 9362/1180/1142 9364/1181/1144 9366/1182/1146 9368/1183/1148 9370/1184/1150 9372/1185/1152 9374/1186/1154 9376/1187/1156 9378/1188/1158 9380/1189/1188 9382/1190/1189 9384/1191/1164 9386/1192/1190 
f 9387/1027/1191 9388/1028/1192 9389/1029/1193 9390/1030/1194 
f 9390/1030/1194 9389/1029/1193 9391/1031/1448 9392/1032/1196 
f 9392/1032/1196 9391/1031/1448 9393/1033/1449 9394/1034/1198 
f 9394/1034/1198 9393/1033/1449 9388/1035/1192 9387/1036/1191 
f 9390/1037/1194 9392/1032/1196 9394/1034/1198 9387/1038/1191 
f 9391/1031/1448 9389/1039/1193 9388/1040/1192 9393/1033/1449 
f 9395/1027/1199 9396/1028/1200 9397/1029/1201 9398/1030/1202 
f 9398/1030/1202 9397/1029/1201 9399/1031/1203 9400/1032/1204 
f 9400/1032/1204 9399/1031/1203 9401/1033/1205 9402/1034/1206 
f 9402/1034/1206 9401/1033/1205 9396/1035/1200 9395/1036/1199 
f 9398/1037/1202 9400/1032/1204 9402/1034/1206 9395/1038/1199 
f 9399/1031/1203 9397/1039/1201 9396/1040/1200 9401/1033/1205 
f 9403/1027/1207 9404/1028/1208 9405/1029/1209 9406/1030/1210 
f 9406/1030/1210 9405/1029/1209 9407/1031/1211 9408/1032/1212 
f 9408/1032/1212 9407/1031/1211 9409/1033/1213 9410/1034/1214 
f 9410/1034/1214 9409/1033/1213 9404/1035/1208 9403/1036/1207 
f 9406/1037/1210 9408/1032/1212 9410/1034/1214 9403/1038/1207 
f 9407/1031/1211 9405/1039/1209 9404/1040/1208 9409/1033/1213 
f 9099/971/1071 9411/974/1215 9412/973/1216 9102/972/1074 
f 9413/971/921 9414/972/1217 9415/973/924 9416/974/922 
f 9417/975/1218 9413/971/921 9416/974/922 9418/976/920 
f 9419/977/917 9417/975/1218 9418/976/920 9420/978/918 
f 9421/979/915 9419/977/917 9420/978/918 9422/980/916 
f 9423/981/912 9421/979/915 9422/980/916 9424/982/913 
f 9425/983/911 9423/981/912 9424/982/913 9426/984/914 
f 9427/985/1219 9428/986/926 9429/987/927 9430/988/928 
f 9428/986/926 9431/989/929 9432/990/930 9429/987/927 
f 9431/989/929 9433/991/931 9434/992/932 9432/990/930 
f 9433/991/931 9435/993/933 9436/994/934 9434/992/932 
f 9435/993/933 9437/995/935 9438/996/936 9436/994/934 
f 9437/995/935 9439/997/937 9440/998/938 9438/996/936 
f 9441/999/939 9442/1000/940 9443/1001/941 9444/1002/942 
f 9442/1000/940 9445/1003/943 9446/1004/944 9443/1001/941 
f 9445/1003/943 9447/1005/945 9448/1006/946 9446/1004/944 
f 9447/1005/945 9449/1007/947 9450/1008/948 9448/1006/946 
f 9449/1007/947 9451/1009/1220 9452/1010/950 9450/1008/948 
f 9451/1009/1220 9453/1011/1221 9454/1012/952 9452/1010/950 
f 9455/1013/1222 9456/1014/907 9457/1015/908 9458/1016/910 
f 9456/1014/907 9459/1017/1223 9460/1018/906 9457/1015/908 
f 9459/1017/1223 9461/1019/903 9462/1020/904 9460/1018/906 
f 9461/1019/903 9463/1021/901 9464/1022/902 9462/1020/904 
f 9463/1021/901 9465/1023/897 9466/1024/900 9464/1022/902 
f 9465/1023/897 9467/1025/898 9468/1026/899 9466/1024/900 
f 9439/997/937 9425/983/911 9426/984/914 9440/998/938 
f 9453/1011/1221 9427/985/1219 9430/988/928 9454/1012/952 
f 9467/1025/898 9441/999/939 9444/1002/942 9468/1026/899 
f 9414/972/1217 9455/1013/1222 9458/1016/910 9415/973/924 
f 9096/975/1068 9469/976/1224 9411/974/1215 9099/971/1071 
f 9093/977/1065 9470/978/1450 9469/976/1224 9096/975/1068 
f 9089/979/1061 9471/980/1226 9470/978/1450 9093/977/1065 
f 9086/981/1058 9472/982/1227 9471/980/1226 9089/979/1061 
f 9083/983/1055 9473/984/1228 9472/982/1227 9086/981/1058 
f 9104/985/1076 9474/988/1229 9475/987/1230 9107/986/1079 
f 9107/986/1079 9475/987/1230 9476/990/1231 9110/989/1082 
f 9110/989/1082 9476/990/1231 9477/992/1232 9113/991/1085 
f 9113/991/1085 9477/992/1232 9478/994/1233 9116/993/1088 
f 9116/993/1088 9478/994/1233 9479/996/1234 9119/995/1091 
f 9119/995/1091 9479/996/1234 9480/998/1235 9122/997/1094 
f 9059/999/1031 9481/1002/1236 9482/1001/1237 9056/1000/1028 
f 9056/1000/1028 9482/1001/1237 9483/1004/1238 9051/1003/1441 
f 9051/1003/1441 9483/1004/1238 9484/1006/1239 9054/1005/1026 
f 9054/1005/1026 9484/1006/1239 9485/1008/1240 9129/1007/1101 
f 9129/1007/1101 9485/1008/1240 9486/1010/1241 9125/1009/1097 
f 9125/1009/1097 9486/1010/1241 9487/1012/1242 9128/1011/1100 
f 9062/1013/1034 9488/1016/1243 9489/1015/1244 9065/1014/1037 
f 9065/1014/1037 9489/1015/1244 9490/1018/1245 9068/1017/1040 
f 9068/1017/1040 9490/1018/1245 9491/1020/1246 9072/1019/1044 
f 9072/1019/1044 9491/1020/1246 9492/1022/1247 9075/1021/1047 
f 9075/1021/1047 9492/1022/1247 9493/1024/1248 9078/1023/1050 
f 9078/1023/1050 9493/1024/1248 9494/1026/1249 9081/1025/1053 
f 9122/997/1094 9480/998/1235 9473/984/1228 9083/983/1055 
f 9128/1011/1100 9487/1012/1242 9474/988/1229 9104/985/1076 
f 9081/1025/1053 9494/1026/1249 9481/1002/1236 9059/999/1031 
f 9102/972/1074 9412/973/1216 9488/1016/1243 9062/1013/1034 
f 9458/1016/910 9488/1016/1243 9412/973/1216 9415/973/924 
f 9416/974/922 9411/974/1215 9469/976/1224 9418/976/920 
f 9421/979/915 9089/979/1061 9093/977/1065 9419/977/917 
f 9418/976/920 9469/976/1224 9470/978/1450 9420/978/918 
f 9423/981/912 9086/981/1058 9089/979/1061 9421/979/915 
f 9420/978/918 9470/978/1450 9471/980/1226 9422/980/916 
f 9425/983/911 9083/983/1055 9086/981/1058 9423/981/912 
f 9422/980/916 9471/980/1226 9472/982/1227 9424/982/913 
f 9427/985/1219 9104/985/1076 9107/986/1079 9428/986/926 
f 9424/982/913 9472/982/1227 9473/984/1228 9426/984/914 
f 9428/986/926 9107/986/1079 9110/989/1082 9431/989/929 
f 9429/987/927 9475/987/1230 9474/988/1229 9430/988/928 
f 9431/989/929 9110/989/1082 9113/991/1085 9433/991/931 
f 9432/990/930 9476/990/1231 9475/987/1230 9429/987/927 
f 9433/991/931 9113/991/1085 9116/993/1088 9435/993/933 
f 9434/992/932 9477/992/1232 9476/990/1231 9432/990/930 
f 9435/993/933 9116/993/1088 9119/995/1091 9437/995/935 
f 9436/994/934 9478/994/1233 9477/992/1232 9434/992/932 
f 9437/995/935 9119/995/1091 9122/997/1094 9439/997/937 
f 9438/996/936 9479/996/1234 9478/994/1233 9436/994/934 
f 9441/999/939 9059/999/1031 9056/1000/1028 9442/1000/940 
f 9440/998/938 9480/998/1235 9479/996/1234 9438/996/936 
f 9442/1000/940 9056/1000/1028 9051/1003/1441 9445/1003/943 
f 9443/1001/941 9482/1001/1237 9481/1002/1236 9444/1002/942 
f 9445/1003/943 9051/1003/1441 9054/1005/1026 9447/1005/945 
f 9446/1004/944 9483/1004/1238 9482/1001/1237 9443/1001/941 
f 9447/1005/945 9054/1005/1026 9129/1007/1101 9449/1007/947 
f 9448/1006/946 9484/1006/1239 9483/1004/1238 9446/1004/944 
f 9449/1007/947 9129/1007/1101 9125/1009/1097 9451/1009/1220 
f 9450/1008/948 9485/1008/1240 9484/1006/1239 9448/1006/946 
f 9451/1009/1220 9125/1009/1097 9128/1011/1100 9453/1011/1221 
f 9452/1010/950 9486/1010/1241 9485/1008/1240 9450/1008/948 
f 9455/1013/1222 9062/1013/1034 9065/1014/1037 9456/1014/907 
f 9454/1012/952 9487/1012/1242 9486/1010/1241 9452/1010/950 
f 9456/1014/907 9065/1014/1037 9068/1017/1040 9459/1017/1223 
f 9457/1015/908 9489/1015/1244 9488/1016/1243 9458/1016/910 
f 9459/1017/1223 9068/1017/1040 9072/1019/1044 9461/1019/903 
f 9460/1018/906 9490/1018/1245 9489/1015/1244 9457/1015/908 
f 9461/1019/903 9072/1019/1044 9075/1021/1047 9463/1021/901 
f 9462/1020/904 9491/1020/1246 9490/1018/1245 9460/1018/906 
f 9463/1021/901 9075/1021/1047 9078/1023/1050 9465/1023/897 
f 9464/1022/902 9492/1022/1247 9491/1020/1246 9462/1020/904 
f 9465/1023/897 9078/1023/1050 9081/1025/1053 9467/1025/898 
f 9466/1024/900 9493/1024/1248 9492/1022/1247 9464/1022/902 
f 9439/997/937 9122/997/1094 9083/983/1055 9425/983/911 
f 9468/1026/899 9494/1026/1249 9493/1024/1248 9466/1024/900 
f 9453/1011/1221 9128/1011/1100 9104/985/1076 9427/985/1219 
f 9426/984/914 9473/984/1228 9480/998/1235 9440/998/938 
f 9467/1025/898 9081/1025/1053 9059/999/1031 9441/999/939 
f 9413/971/921 9099/971/1071 9102/972/1074 9414/972/1217 
f 9430/988/928 9474/988/1229 9487/1012/1242 9454/1012/952 
f 9414/972/1217 9102/972/1074 9062/1013/1034 9455/1013/1222 
f 9417/975/1218 9096/975/1068 9099/971/1071 9413/971/921 
f 9444/1002/942 9481/1002/1236 9494/1026/1249 9468/1026/899 
f 9415/973/924 9412/973/1216 9411/974/1215 9416/974/922 
f 9419/977/917 9093/977/1065 9096/975/1068 9417/975/1218 
f 9495/1027/1250 9496/1028/1251 9497/1029/1252 9498/1030/1253 
f 9498/1030/1253 9497/1029/1252 9499/1031/1254 9500/1032/1255 
f 9500/1032/1255 9499/1031/1254 9501/1033/1256 9502/1034/1257 
f 9502/1034/1257 9501/1033/1256 9496/1035/1251 9495/1036/1250 
f 9498/1037/1253 9500/1032/1255 9502/1034/1257 9495/1038/1250 
f 9499/1031/1254 9497/1039/1252 9496/1040/1251 9501/1033/1256 
f 9503/1193/989 9504/974/1258 9505/973/1259 9506/1194/989 
f 9507/1195/989 9508/976/1260 9504/974/1258 9503/1193/989 
f 9509/1196/992 9510/978/1261 9508/976/1260 9507/1195/989 
f 9511/1197/992 9512/980/1262 9510/978/1261 9509/1196/992 
f 9513/1198/989 9514/982/1263 9512/980/1262 9511/1197/992 
f 9515/1199/989 9516/984/1264 9514/982/1263 9513/1198/989 
f 9517/1200/989 9518/988/1265 9519/987/1266 9520/1201/992 
f 9520/1201/992 9519/987/1266 9521/990/1267 9522/1202/992 
f 9522/1202/992 9521/990/1267 9523/992/1268 9524/1203/989 
f 9524/1203/989 9523/992/1268 9525/994/1269 9526/1204/989 
f 9526/1204/989 9525/994/1269 9527/996/1270 9528/1205/989 
f 9528/1205/989 9527/996/1270 9529/998/1271 9530/1206/989 
f 9531/1207/989 9532/1002/1272 9533/1001/1273 9534/1208/989 
f 9534/1208/989 9533/1001/1273 9535/1004/1274 9536/1209/989 
f 9536/1209/989 9535/1004/1274 9537/1006/1275 9538/1210/989 
f 9538/1210/989 9537/1006/1275 9539/1008/1276 9540/1211/992 
f 9540/1211/992 9539/1008/1276 9541/1010/1277 9542/1212/989 
f 9542/1212/989 9541/1010/1277 9543/1012/1278 9544/1213/989 
f 9545/1214/989 9546/1016/1279 9547/1015/1280 9548/1215/992 
f 9548/1215/992 9547/1015/1280 9549/1018/1281 9550/1216/992 
f 9550/1216/992 9549/1018/1281 9551/1020/1282 9552/1217/992 
f 9552/1217/992 9551/1020/1282 9553/1022/1283 9554/1218/992 
f 9554/1218/992 9553/1022/1283 9555/1024/1284 9556/1219/992 
f 9556/1219/992 9555/1024/1284 9557/1026/1285 9558/1220/992 
f 9530/1206/989 9529/998/1271 9516/984/1264 9515/1199/989 
f 9544/1213/989 9543/1012/1278 9518/988/1265 9517/1200/989 
f 9558/1220/992 9557/1026/1285 9532/1002/1272 9531/1207/989 
f 9506/1194/989 9505/973/1259 9546/1016/1279 9545/1214/989 
f 9559/1016/953 9546/1016/1279 9505/973/1259 9560/973/954 
f 9561/974/955 9504/974/1258 9508/976/1260 9562/976/956 
f 7741/979/957 9563/979/1286 9564/977/1287 7742/977/958 
f 9562/976/956 9508/976/1260 9510/978/1261 9565/978/959 
f 7745/981/960 9566/981/1288 9563/979/1286 7741/979/957 
f 9565/978/959 9510/978/1261 9512/980/1262 9567/980/961 
f 7748/983/962 9568/983/1289 9566/981/1288 7745/981/960 
f 9567/980/961 9512/980/1262 9514/982/1263 9569/982/963 
f 7751/985/953 9570/985/1290 9571/986/1291 7752/986/964 
f 9569/982/963 9514/982/1263 9516/984/1264 9572/984/965 
f 7752/986/964 9571/986/1291 9573/989/1292 7755/989/966 
f 9574/987/967 9519/987/1266 9518/988/1265 9575/988/968 
f 7755/989/966 9573/989/1292 9576/991/1293 7760/991/969 
f 9577/990/970 9521/990/1267 9519/987/1266 9574/987/967 
f 7760/991/969 9576/991/1293 9578/993/1294 7763/993/971 
f 9579/992/972 9523/992/1268 9521/990/1267 9577/990/970 
f 7763/993/971 9578/993/1294 9580/995/1295 7766/995/973 
f 9581/994/974 9525/994/1269 9523/992/1268 9579/992/972 
f 7766/995/973 9580/995/1295 9582/997/1296 7769/997/975 
f 9583/996/976 9527/996/1270 9525/994/1269 9581/994/974 
f 7772/999/965 9584/999/1297 9585/1000/1298 7773/1000/963 
f 9586/998/977 9529/998/1271 9527/996/1270 9583/996/976 
f 7773/1000/963 9585/1000/1298 9587/1003/1299 7776/1003/961 
f 9588/1001/960 9533/1001/1273 9532/1002/1272 9589/1002/962 
f 7776/1003/961 9587/1003/1299 9590/1005/1300 7781/1005/959 
f 9591/1004/957 9535/1004/1274 9533/1001/1273 9588/1001/960 
f 7781/1005/959 9590/1005/1300 9592/1007/1301 7784/1007/956 
f 9593/1006/958 9537/1006/1275 9535/1004/1274 9591/1004/957 
f 7784/1007/956 9592/1007/1301 9594/1009/1302 7787/1009/955 
f 9595/1008/978 9539/1008/1276 9537/1006/1275 9593/1006/958 
f 7787/1009/955 9594/1009/1302 9596/1011/1303 7790/1011/954 
f 9597/1010/979 9541/1010/1277 9539/1008/1276 9595/1008/978 
f 7793/1013/968 9598/1013/1451 9599/1014/1305 7794/1014/967 
f 9600/1012/980 9543/1012/1278 9541/1010/1277 9597/1010/979 
f 7794/1014/967 9599/1014/1305 9601/1017/1306 7797/1017/970 
f 9602/1015/964 9547/1015/1280 9546/1016/1279 9559/1016/953 
f 7797/1017/970 9601/1017/1306 9603/1019/1307 7800/1019/972 
f 9604/1018/966 9549/1018/1281 9547/1015/1280 9602/1015/964 
f 7800/1019/972 9603/1019/1307 9605/1021/1308 7803/1021/974 
f 9606/1020/969 9551/1020/1282 9549/1018/1281 9604/1018/966 
f 7803/1021/974 9605/1021/1308 9607/1023/1309 7806/1023/976 
f 9608/1022/971 9553/1022/1283 9551/1020/1282 9606/1020/969 
f 7806/1023/976 9607/1023/1309 9609/1025/1310 7809/1025/977 
f 9610/1024/973 9555/1024/1284 9553/1022/1283 9608/1022/971 
f 7769/997/975 9582/997/1296 9568/983/1289 7748/983/962 
f 9611/1026/975 9557/1026/1285 9555/1024/1284 9610/1024/973 
f 7790/1011/954 9596/1011/1303 9570/985/1290 7751/985/953 
f 9572/984/965 9516/984/1264 9529/998/1271 9586/998/977 
f 7809/1025/977 9609/1025/1310 9584/999/1297 7772/999/965 
f 7814/971/979 9612/971/1311 9613/972/1312 7815/972/980 
f 9575/988/968 9518/988/1265 9543/1012/1278 9600/1012/980 
f 7815/972/980 9613/972/1312 9598/1013/1451 7793/1013/968 
f 7816/975/978 9614/975/1313 9612/971/1311 7814/971/979 
f 9589/1002/962 9532/1002/1272 9557/1026/1285 9611/1026/975 
f 9560/973/954 9505/973/1259 9504/974/1258 9561/974/955 
f 7742/977/958 9564/977/1287 9614/975/1313 7816/975/978 
f 9615/1069/1314 9616/1070/1315 9617/1071/1316 9618/1072/1317 
f 9618/1072/1317 9617/1071/1316 9619/1073/1318 9620/1074/1319 
f 9620/1074/1319 9619/1073/1318 9621/1075/1320 9622/1076/1321 
f 9622/1076/1321 9621/1075/1320 9623/1077/1322 9624/1039/1323 
f 9624/1039/1323 9623/1077/1322 9625/1078/1324 9626/1079/1325 
f 9626/1079/1325 9625/1078/1324 9627/1080/1326 9628/1081/1327 
f 9628/1081/1327 9627/1080/1326 9629/1082/1328 9630/1083/1329 
f 9630/1083/1329 9629/1082/1328 9631/1084/1330 9632/1085/1331 
f 9632/1085/1331 9631/1084/1330 9633/1086/1332 9634/1087/1333 
f 9634/1087/1333 9633/1086/1332 9635/1088/1334 9636/1089/1335 
f 9636/1089/1335 9635/1088/1334 9637/1090/1336 9638/1091/1337 
f 9638/1091/1337 9637/1090/1336 9639/1035/1338 9640/1031/1339 
f 9640/1031/1339 9639/1035/1338 9641/1092/1340 9642/1093/1341 
f 9642/1093/1341 9641/1092/1340 9643/1094/1342 9644/1095/1343 
f 9644/1095/1343 9643/1094/1342 9645/1096/1344 9646/1097/1345 
f 9646/1097/1345 9645/1096/1344 9647/1098/1346 9648/1099/1347 
f 9648/1099/1347 9647/1098/1346 9649/1100/1348 9650/1101/1349 
f 9650/1101/1349 9649/1100/1348 9651/1102/1350 9652/1103/1351 
f 9652/1103/1351 9651/1102/1350 9653/1104/1352 9654/1105/1353 
f 9654/1105/1353 9653/1104/1352 9655/1036/1354 9656/1032/1355 
f 9656/1032/1355 9655/1036/1354 9657/1106/1356 9658/1107/1357 
f 9658/1107/1357 9657/1106/1356 9659/1108/1358 9660/1109/1359 
f 9660/1109/1359 9659/1108/1358 9661/1110/1360 9662/1111/1361 
f 9662/1111/1361 9661/1110/1360 9663/1112/1362 9664/1113/1363 
f 9664/1113/1363 9663/1112/1362 9665/1114/1364 9666/1115/1365 
f 9666/1115/1365 9665/1114/1364 9667/1116/1366 9668/1117/1367 
f 9668/1117/1367 9667/1116/1366 9669/1118/1368 9670/1119/1369 
f 9670/1119/1369 9669/1118/1368 9671/1120/1370 9672/1037/1371 
f 9672/1037/1371 9671/1120/1370 9673/1121/1372 9674/1122/1373 
f 9674/1122/1373 9673/1121/1372 9675/1123/1374 9676/1124/1375 
f 9617/1125/1316 9616/1126/1315 9677/1127/1376 9675/1128/1374 9673/1129/1372 9671/1130/1370 9669/1131/1368 9667/1132/1366 9665/1133/1364 9663/1134/1362 9661/1135/1360 9659/1136/1358 9657/1137/1356 9655/1138/1354 9653/1139/1352 9651/1140/1350 9649/1141/1348 9647/1142/1346 9645/1143/1344 9643/1144/1342 9641/1145/1340 9639/1146/1338 9637/1147/1336 9635/1148/1334 9633/1149/1332 9631/1150/1330 9629/1151/1328 9627/1152/1326 9625/1153/1324 9623/1154/1322 9621/1155/1320 9619/1156/1318 
f 9676/1124/1375 9675/1123/1374 9677/1157/1376 9678/1158/1377 
f 9678/1158/1377 9677/1157/1376 9616/1159/1315 9615/1160/1314 
f 9615/1161/1314 9618/1162/1317 9620/1163/1319 9622/1164/1321 9624/1165/1323 9626/1166/1325 9628/1167/1327 9630/1168/1329 9632/1169/1331 9634/1170/1333 9636/1171/1335 9638/1172/1337 9640/1173/1339 9642/1174/1341 9644/1175/1343 9646/1176/1345 9648/1177/1347 9650/1178/1349 9652/1179/1351 9654/1180/1353 9656/1181/1355 9658/1182/1357 9660/1183/1359 9662/1184/1361 9664/1185/1363 9666/1186/1365 9668/1187/1367 9670/1188/1369 9672/1189/1371 9674/1190/1373 9676/1191/1375 9678/1192/1377 
f 9679/1069/1314 9680/1070/1393 9681/1071/1316 9682/1072/1317 
f 9682/1072/1317 9681/1071/1316 9683/1073/1318 9684/1074/1319 
f 9684/1074/1319 9683/1073/1318 9685/1075/1320 9686/1076/1321 
f 9686/1076/1321 9685/1075/1320 9687/1077/1322 9688/1039/1323 
f 9688/1039/1323 9687/1077/1322 9689/1078/1324 9690/1079/1325 
f 9690/1079/1325 9689/1078/1324 9691/1080/1378 9692/1081/1379 
f 9692/1081/1379 9691/1080/1378 9693/1082/1328 9694/1083/1329 
f 9694/1083/1329 9693/1082/1328 9695/1084/1330 9696/1085/1331 
f 9696/1085/1331 9695/1084/1330 9697/1086/1332 9698/1087/1333 
f 9698/1087/1333 9697/1086/1332 9699/1088/1380 9700/1089/1381 
f 9700/1089/1381 9699/1088/1380 9701/1090/1336 9702/1091/1337 
f 9702/1091/1337 9701/1090/1336 9703/1035/1338 9704/1031/1339 
f 9704/1031/1339 9703/1035/1338 9705/1092/1340 9706/1093/1341 
f 9706/1093/1341 9705/1092/1340 9707/1094/1342 9708/1095/1383 
f 9708/1095/1383 9707/1094/1342 9709/1096/1344 9710/1097/1345 
f 9710/1097/1345 9709/1096/1344 9711/1098/1346 9712/1099/1347 
f 9712/1099/1347 9711/1098/1346 9713/1100/1348 9714/1101/1349 
f 9714/1101/1349 9713/1100/1348 9715/1102/1384 9716/1103/1385 
f 9716/1103/1385 9715/1102/1384 9717/1104/1352 9718/1105/1353 
f 9718/1105/1353 9717/1104/1352 9719/1036/1354 9720/1032/1355 
f 9720/1032/1355 9719/1036/1354 9721/1106/1356 9722/1107/1357 
f 9722/1107/1357 9721/1106/1356 9723/1108/1358 9724/1109/1359 
f 9724/1109/1359 9723/1108/1358 9725/1110/1360 9726/1111/1361 
f 9726/1111/1361 9725/1110/1360 9727/1112/1362 9728/1113/1363 
f 9728/1113/1363 9727/1112/1362 9729/1114/1364 9730/1115/1365 
f 9730/1115/1365 9729/1114/1364 9731/1116/1366 9732/1117/1367 
f 9732/1117/1367 9731/1116/1366 9733/1118/1368 9734/1119/1369 
f 9734/1119/1369 9733/1118/1368 9735/1120/1370 9736/1037/1371 
f 9736/1037/1371 9735/1120/1370 9737/1121/1372 9738/1122/1373 
f 9738/1122/1373 9737/1121/1372 9739/1123/1374 9740/1124/1375 
f 9681/1125/1316 9680/1126/1393 9741/1127/1376 9739/1128/1374 9737/1129/1372 9735/1130/1370 9733/1131/1368 9731/1132/1366 9729/1133/1364 9727/1134/1362 9725/1135/1360 9723/1136/1358 9721/1137/1356 9719/1138/1354 9717/1139/1352 9715/1140/1384 9713/1141/1348 9711/1142/1346 9709/1143/1344 9707/1144/1342 9705/1145/1340 9703/1146/1338 9701/1147/1336 9699/1148/1380 9697/1149/1332 9695/1150/1330 9693/1151/1328 9691/1152/1378 9689/1153/1324 9687/1154/1322 9685/1155/1320 9683/1156/1318 
f 9740/1124/1375 9739/1123/1374 9741/1157/1376 9742/1158/1377 
f 9742/1158/1377 9741/1157/1376 9680/1159/1393 9679/1160/1314 
f 9679/1161/1314 9682/1162/1317 9684/1163/1319 9686/1164/1321 9688/1165/1323 9690/1166/1325 9692/1167/1379 9694/1168/1329 9696/1169/1331 9698/1170/1333 9700/1171/1381 9702/1172/1337 9704/1173/1339 9706/1174/1341 9708/1175/1383 9710/1176/1345 9712/1177/1347 9714/1178/1349 9716/1179/1385 9718/1180/1353 9720/1181/1355 9722/1182/1357 9724/1183/1359 9726/1184/1361 9728/1185/1363 9730/1186/1365 9732/1187/1367 9734/1188/1369 9736/1189/1371 9738/1190/1373 9740/1191/1375 9742/1192/1377 
f 9743/1069/1314 9744/1070/1315 9745/1071/1316 9746/1072/1317 
f 9746/1072/1317 9745/1071/1316 9747/1073/1386 9748/1074/1387 
f 9748/1074/1387 9747/1073/1386 9749/1075/1320 9750/1076/1321 
f 9750/1076/1321 9749/1075/1320 9751/1077/1322 9752/1039/1323 
f 9752/1039/1323 9751/1077/1322 9753/1078/1324 9754/1079/1325 
f 9754/1079/1325 9753/1078/1324 9755/1080/1326 9756/1081/1327 
f 9756/1081/1327 9755/1080/1326 9757/1082/1328 9758/1083/1329 
f 9758/1083/1329 9757/1082/1328 9759/1084/1330 9760/1085/1331 
f 9760/1085/1331 9759/1084/1330 9761/1086/1332 9762/1087/1333 
f 9762/1087/1333 9761/1086/1332 9763/1088/1334 9764/1089/1335 
f 9764/1089/1335 9763/1088/1334 9765/1090/1336 9766/1091/1337 
f 9766/1091/1337 9765/1090/1336 9767/1035/1338 9768/1031/1339 
f 9768/1031/1339 9767/1035/1338 9769/1092/1340 9770/1093/1341 
f 9770/1093/1341 9769/1092/1340 9771/1094/1342 9772/1095/1343 
f 9772/1095/1343 9771/1094/1342 9773/1096/1344 9774/1097/1345 
f 9774/1097/1345 9773/1096/1344 9775/1098/1346 9776/1099/1347 
f 9776/1099/1347 9775/1098/1346 9777/1100/1348 9778/1101/1349 
f 9778/1101/1349 9777/1100/1348 9779/1102/1384 9780/1103/1385 
f 9780/1103/1385 9779/1102/1384 9781/1104/1352 9782/1105/1353 
f 9782/1105/1353 9781/1104/1352 9783/1036/1354 9784/1032/1355 
f 9784/1032/1355 9783/1036/1354 9785/1106/1356 9786/1107/1357 
f 9786/1107/1357 9785/1106/1356 9787/1108/1388 9788/1109/1389 
f 9788/1109/1389 9787/1108/1388 9789/1110/1360 9790/1111/1361 
f 9790/1111/1361 9789/1110/1360 9791/1112/1362 9792/1113/1363 
f 9792/1113/1363 9791/1112/1362 9793/1114/1364 9794/1115/1365 
f 9794/1115/1365 9793/1114/1364 9795/1116/1390 9796/1117/1391 
f 9796/1117/1391 9795/1116/1390 9797/1118/1368 9798/1119/1369 
f 9798/1119/1369 9797/1118/1368 9799/1120/1370 9800/1037/1371 
f 9800/1037/1371 9799/1120/1370 9801/1121/1372 9802/1122/1373 
f 9802/1122/1373 9801/1121/1372 9803/1123/1374 9804/1124/1375 
f 9745/1125/1316 9744/1126/1315 9805/1127/1376 9803/1128/1374 9801/1129/1372 9799/1130/1370 9797/1131/1368 9795/1132/1390 9793/1133/1364 9791/1134/1362 9789/1135/1360 9787/1136/1388 9785/1137/1356 9783/1138/1354 9781/1139/1352 9779/1140/1384 9777/1141/1348 9775/1142/1346 9773/1143/1344 9771/1144/1342 9769/1145/1340 9767/1146/1338 9765/1147/1336 9763/1148/1334 9761/1149/1332 9759/1150/1330 9757/1151/1328 9755/1152/1326 9753/1153/1324 9751/1154/1322 9749/1155/1320 9747/1156/1386 
f 9804/1124/1375 9803/1123/1374 9805/1157/1376 9806/1158/1377 
f 9806/1158/1377 9805/1157/1376 9744/1159/1315 9743/1160/1314 
f 9743/1161/1314 9746/1162/1317 9748/1163/1387 9750/1164/1321 9752/1165/1323 9754/1166/1325 9756/1167/1327 9758/1168/1329 9760/1169/1331 9762/1170/1333 9764/1171/1335 9766/1172/1337 9768/1173/1339 9770/1174/1341 9772/1175/1343 9774/1176/1345 9776/1177/1347 9778/1178/1349 9780/1179/1385 9782/1180/1353 9784/1181/1355 9786/1182/1357 9788/1183/1389 9790/1184/1361 9792/1185/1363 9794/1186/1365 9796/1187/1391 9798/1188/1369 9800/1189/1371 9802/1190/1373 9804/1191/1375 9806/1192/1377 
f 9807/1069/1392 9808/1070/1393 9809/1071/1316 9810/1072/1317 
f 9810/1072/1317 9809/1071/1316 9811/1073/1318 9812/1074/1319 
f 9812/1074/1319 9811/1073/1318 9813/1075/1320 9814/1076/1321 
f 9814/1076/1321 9813/1075/1320 9815/1077/1322 9816/1039/1323 
f 9816/1039/1323 9815/1077/1322 9817/1078/1324 9818/1079/1325 
f 9818/1079/1325 9817/1078/1324 9819/1080/1326 9820/1081/1327 
f 9820/1081/1327 9819/1080/1326 9821/1082/1328 9822/1083/1329 
f 9822/1083/1329 9821/1082/1328 9823/1084/1330 9824/1085/1331 
f 9824/1085/1331 9823/1084/1330 9825/1086/1332 9826/1087/1333 
f 9826/1087/1333 9825/1086/1332 9827/1088/1334 9828/1089/1335 
f 9828/1089/1335 9827/1088/1334 9829/1090/1336 9830/1091/1337 
f 9830/1091/1337 9829/1090/1336 9831/1035/1338 9832/1031/1339 
f 9832/1031/1339 9831/1035/1338 9833/1092/1340 9834/1093/1341 
f 9834/1093/1341 9833/1092/1340 9835/1094/1382 9836/1095/1383 
f 9836/1095/1383 9835/1094/1382 9837/1096/1344 9838/1097/1345 
f 9838/1097/1345 9837/1096/1344 9839/1098/1346 9840/1099/1347 
f 9840/1099/1347 9839/1098/1346 9841/1100/1348 9842/1101/1349 
f 9842/1101/1349 9841/1100/1348 9843/1102/1384 9844/1103/1385 
f 9844/1103/1385 9843/1102/1384 9845/1104/1352 9846/1105/1353 
f 9846/1105/1353 9845/1104/1352 9847/1036/1354 9848/1032/1355 
f 9848/1032/1355 9847/1036/1354 9849/1106/1356 9850/1107/1357 
f 9850/1107/1357 9849/1106/1356 9851/1108/1358 9852/1109/1359 
f 9852/1109/1359 9851/1108/1358 9853/1110/1360 9854/1111/1361 
f 9854/1111/1361 9853/1110/1360 9855/1112/1362 9856/1113/1363 
f 9856/1113/1363 9855/1112/1362 9857/1114/1364 9858/1115/1365 
f 9858/1115/1365 9857/1114/1364 9859/1116/1366 9860/1117/1367 
f 9860/1117/1367 9859/1116/1366 9861/1118/1368 9862/1119/1369 
f 9862/1119/1369 9861/1118/1368 9863/1120/1370 9864/1037/1371 
f 9864/1037/1371 9863/1120/1370 9865/1121/1372 9866/1122/1373 
f 9866/1122/1373 9865/1121/1372 9867/1123/1394 9868/1124/1395 
f 9809/1125/1316 9808/1126/1393 9869/1127/1376 9867/1128/1394 9865/1129/1372 9863/1130/1370 9861/1131/1368 9859/1132/1366 9857/1133/1364 9855/1134/1362 9853/1135/1360 9851/1136/1358 9849/1137/1356 9847/1138/1354 9845/1139/1352 9843/1140/1384 9841/1141/1348 9839/1142/1346 9837/1143/1344 9835/1144/1382 9833/1145/1340 9831/1146/1338 9829/1147/1336 9827/1148/1334 9825/1149/1332 9823/1150/1330 9821/1151/1328 9819/1152/1326 9817/1153/1324 9815/1154/1322 9813/1155/1320 9811/1156/1318 
f 9868/1124/1395 9867/1123/1394 9869/1157/1376 9870/1158/1377 
f 9870/1158/1377 9869/1157/1376 9808/1159/1393 9807/1160/1392 
f 9807/1161/1392 9810/1162/1317 9812/1163/1319 9814/1164/1321 9816/1165/1323 9818/1166/1325 9820/1167/1327 9822/1168/1329 9824/1169/1331 9826/1170/1333 9828/1171/1335 9830/1172/1337 9832/1173/1339 9834/1174/1341 9836/1175/1383 9838/1176/1345 9840/1177/1347 9842/1178/1349 9844/1179/1385 9846/1180/1353 9848/1181/1355 9850/1182/1357 9852/1183/1359 9854/1184/1361 9856/1185/1363 9858/1186/1365 9860/1187/1367 9862/1188/1369 9864/1189/1371 9866/1190/1373 9868/1191/1395 9870/1192/1377 
f 9871/1027/1396 9872/1028/1397 9873/1029/1398 9874/1030/1399 
f 9874/1030/1399 9873/1029/1398 9875/1031/1400 9876/1032/1401 
f 9876/1032/1401 9875/1031/1400 9877/1033/1402 9878/1034/1403 
f 9878/1034/1403 9877/1033/1402 9872/1035/1397 9871/1036/1396 
f 9874/1037/1399 9876/1032/1401 9878/1034/1403 9871/1038/1396 
f 9875/1031/1400 9873/1039/1398 9872/1040/1397 9877/1033/1402 
f 9879/1027/1404 9880/1028/1405 9881/1029/1406 9882/1030/1407 
f 9882/1030/1407 9881/1029/1406 9883/1031/1408 9884/1032/1409 
f 9884/1032/1409 9883/1031/1408 9885/1033/1410 9886/1034/1411 
f 9886/1034/1411 9885/1033/1410 9880/1035/1405 9879/1036/1404 
f 9882/1037/1407 9884/1032/1409 9886/1034/1411 9879/1038/1404 
f 9883/1031/1408 9881/1039/1406 9880/1040/1405 9885/1033/1410 
f 9887/1027/1412 9888/1028/1413 9889/1029/1414 9890/1030/1415 
f 9890/1030/1415 9889/1029/1414 9891/1031/1416 9892/1032/1417 
f 9892/1032/1417 9891/1031/1416 9893/1033/1418 9894/1034/1419 
f 9894/1034/1419 9893/1033/1418 9888/1035/1413 9887/1036/1412 
f 9890/1037/1415 9892/1032/1417 9894/1034/1419 9887/1038/1412 
f 9891/1031/1416 9889/1039/1414 9888/1040/1413 9893/1033/1418 
f 9487/973/1242 9048/973/1020 9049/974/1021 9486/974/1241 
f 9473/1002/1228 9091/1002/1063 9124/1026/1096 9480/1026/1235 
f 9488/988/1243 9070/988/1042 9108/1012/1080 9412/1012/1216 
f 9481/984/1236 9066/984/1038 9087/998/1059 9494/998/1249 
f 9480/1026/1235 9124/1026/1096 9123/1024/1095 9479/1024/1234 
f 9479/1024/1234 9123/1024/1095 9120/1022/1092 9478/1022/1233 
f 9478/1022/1233 9120/1022/1092 9117/1020/1089 9477/1020/1232 
f 9477/1020/1232 9117/1020/1089 9114/1018/1086 9476/1018/1231 
f 9476/1018/1231 9114/1018/1086 9111/1015/1083 9475/1015/1230 
f 9475/1015/1230 9111/1015/1083 9047/1016/1019 9474/1016/1229 
f 9412/1012/1216 9108/1012/1080 9103/1010/1075 9411/1010/1215 
f 9411/1010/1215 9103/1010/1075 9100/1008/1072 9469/1008/1224 
f 9469/1008/1224 9100/1008/1072 9097/1006/1069 9470/1006/1450 
f 9470/1006/1450 9097/1006/1069 9094/1004/1066 9471/1004/1226 
f 9471/1004/1226 9094/1004/1066 9090/1001/1062 9472/1001/1227 
f 9472/1001/1227 9090/1001/1062 9091/1002/1063 9473/1002/1228 
f 9494/998/1249 9087/998/1059 9082/996/1054 9493/996/1248 
f 9493/996/1248 9082/996/1054 9079/994/1051 9492/994/1247 
f 9492/994/1247 9079/994/1051 9076/992/1048 9491/992/1246 
f 9491/992/1246 9076/992/1048 9073/990/1045 9490/990/1245 
f 9490/990/1245 9073/990/1045 9069/987/1041 9489/987/1244 
f 9489/987/1244 9069/987/1041 9070/988/1042 9488/988/1243 
f 9482/982/1237 9061/982/1033 9066/984/1038 9481/984/1236 
f 9483/980/1238 9058/980/1030 9061/982/1033 9482/982/1237 
f 9484/978/1239 9055/978/1027 9058/980/1030 9483/980/1238 
f 9485/976/1240 9050/976/1022 9055/978/1027 9484/978/1239 
f 9486/974/1241 9049/974/1021 9050/976/1022 9485/976/1240 
f 9474/1016/1229 9047/1016/1019 9048/973/1020 9487/973/1242 
f 9127/972/1099 9895/1221/992 9896/1222/992 9105/1013/1077 
f 9121/1025/1093 9897/1223/989 9898/1224/992 9084/999/1056 
f 9101/1011/1073 9899/1225/992 9900/1226/992 9063/985/1035 
f 9080/997/1052 9901/1227/989 9902/1228/989 9060/983/1442 
f 9118/1023/1090 9903/1229/989 9897/1223/989 9121/1025/1093 
f 9115/1021/1087 9904/1230/989 9903/1229/989 9118/1023/1090 
f 9112/1019/1084 9905/1231/989 9904/1230/989 9115/1021/1087 
f 9109/1017/1081 9906/1232/989 9905/1231/989 9112/1019/1084 
f 9106/1014/1078 9907/1233/992 9906/1232/989 9109/1017/1081 
f 9105/1013/1077 9896/1222/992 9907/1233/992 9106/1014/1078 
f 9098/1009/1070 9908/1234/992 9899/1225/992 9101/1011/1073 
f 9095/1007/1446 9909/1235/992 9908/1234/992 9098/1009/1070 
f 9092/1005/1064 9910/1236/992 9909/1235/992 9095/1007/1446 
f 9088/1003/1060 9911/1237/992 9910/1236/992 9092/1005/1064 
f 9085/1000/1445 9912/1238/992 9911/1237/992 9088/1003/1060 
f 9084/999/1056 9898/1224/992 9912/1238/992 9085/1000/1445 
f 9077/995/1049 9913/1239/989 9901/1227/989 9080/997/1052 
f 9074/993/1444 9914/1240/989 9913/1239/989 9077/995/1049 
f 9071/991/1043 9915/1241/989 9914/1240/989 9074/993/1444 
f 9067/989/1443 9916/1242/992 9915/1241/989 9071/991/1043 
f 9064/986/1036 9917/1243/992 9916/1242/992 9067/989/1443 
f 9063/985/1035 9900/1226/992 9917/1243/992 9064/986/1036 
f 9060/983/1442 9902/1228/989 9918/1244/992 9057/981/1029 
f 9057/981/1029 9918/1244/992 9919/1245/989 9052/979/1024 
f 9052/979/1024 9919/1245/989 9920/1246/989 9053/977/1025 
f 9053/977/1025 9920/1246/989 9921/1247/989 9130/975/1447 
f 9130/975/1447 9921/1247/989 9922/1248/989 9126/971/1098 
f 9126/971/1098 9922/1248/989 9895/1221/992 9127/972/1099 
f 9895/1221/992 8994/1042/989 9033/1062/989 9896/1222/992 
f 9897/1223/989 9046/1068/992 9019/1055/989 9898/1224/992 
f 9899/1225/992 9032/1061/992 9005/1048/992 9900/1226/992 
f 9901/1227/989 9018/1054/989 9003/1047/992 9902/1228/989 
f 9903/1229/989 9044/1067/992 9046/1068/992 9897/1223/989 
f 9904/1230/989 9042/1066/989 9044/1067/992 9903/1229/989 
f 9905/1231/989 9040/1065/989 9042/1066/989 9904/1230/989 
f 9906/1232/989 9038/1064/992 9040/1065/989 9905/1231/989 
f 9907/1233/992 9036/1063/992 9038/1064/992 9906/1232/989 
f 9896/1222/992 9033/1062/989 9036/1063/992 9907/1233/992 
f 9908/1234/992 9030/1060/992 9032/1061/992 9899/1225/992 
f 9909/1235/992 9028/1059/989 9030/1060/992 9908/1234/992 
f 9910/1236/992 9026/1058/992 9028/1059/989 9909/1235/992 
f 9911/1237/992 9024/1057/989 9026/1058/992 9910/1236/992 
f 9912/1238/992 9022/1056/989 9024/1057/989 9911/1237/992 
f 9898/1224/992 9019/1055/989 9022/1056/989 9912/1238/992 
f 9913/1239/989 9016/1053/989 9018/1054/989 9901/1227/989 
f 9914/1240/989 9014/1052/989 9016/1053/989 9913/1239/989 
f 9915/1241/989 9012/1051/992 9014/1052/989 9914/1240/989 
f 9916/1242/992 9010/1050/992 9012/1051/992 9915/1241/989 
f 9917/1243/992 9008/1049/989 9010/1050/992 9916/1242/992 
f 9900/1226/992 9005/1048/992 9008/1049/989 9917/1243/992 
f 9902/1228/989 9003/1047/992 9001/1046/992 9918/1244/992 
f 9918/1244/992 9001/1046/992 8999/1045/992 9919/1245/989 
f 9919/1245/989 8999/1045/992 8997/1044/992 9920/1246/989 
f 9920/1246/989 8997/1044/992 8995/1043/992 9921/1247/989 
f 9921/1247/989 8995/1043/992 8991/1041/989 9922/1248/989 
f 9922/1248/989 8991/1041/989 8994/1042/989 9895/1221/992 
f 9923/973/954 9560/973/954 9561/974/955 9924/974/955 
f 9925/1002/962 9589/1002/962 9611/1026/975 9926/1026/975 
f 9927/988/968 9575/988/968 9600/1012/980 9928/1012/980 
f 9929/984/965 9572/984/965 9586/998/977 9930/998/977 
f 9926/1026/975 9611/1026/975 9610/1024/973 9931/1024/973 
f 9931/1024/973 9610/1024/973 9608/1022/971 9932/1022/971 
f 9932/1022/971 9608/1022/971 9606/1020/969 9933/1020/969 
f 9933/1020/969 9606/1020/969 9604/1018/966 9934/1018/966 
f 9934/1018/966 9604/1018/966 9602/1015/964 9935/1015/964 
f 9935/1015/964 9602/1015/964 9559/1016/953 9936/1016/953 
f 9928/1012/980 9600/1012/980 9597/1010/979 9937/1010/979 
f 9937/1010/979 9597/1010/979 9595/1008/978 9938/1008/978 
f 9938/1008/978 9595/1008/978 9593/1006/958 9939/1006/958 
f 9939/1006/958 9593/1006/958 9591/1004/957 9940/1004/957 
f 9940/1004/957 9591/1004/957 9588/1001/960 9941/1001/960 
f 9941/1001/960 9588/1001/960 9589/1002/962 9925/1002/962 
f 9930/998/977 9586/998/977 9583/996/976 9942/996/976 
f 9942/996/976 9583/996/976 9581/994/974 9943/994/974 
f 9943/994/974 9581/994/974 9579/992/972 9944/992/972 
f 9944/992/972 9579/992/972 9577/990/970 9945/990/970 
f 9945/990/970 9577/990/970 9574/987/967 9946/987/967 
f 9946/987/967 9574/987/967 9575/988/968 9927/988/968 
f 9947/982/963 9569/982/963 9572/984/965 9929/984/965 
f 9948/980/961 9567/980/961 9569/982/963 9947/982/963 
f 9949/978/959 9565/978/959 9567/980/961 9948/980/961 
f 9950/976/956 9562/976/956 9565/978/959 9949/978/959 
f 9924/974/955 9561/974/955 9562/976/956 9950/976/956 
f 9936/1016/953 9559/1016/953 9560/973/954 9923/973/954 
f 7734/1016/953 9936/1016/953 9923/973/954 7735/973/954 
f 7738/974/955 9924/974/955 9950/976/956 7739/976/956 
f 7739/976/956 9950/976/956 9949/978/959 7743/978/959 
f 7743/978/959 9949/978/959 9948/980/961 9951/980/961 
f 9951/980/961 9948/980/961 9947/982/963 7749/982/963 
f 7749/982/963 9947/982/963 9929/984/965 7753/984/965 
f 7757/987/967 9946/987/967 9927/988/968 7758/988/968 
f 7762/990/970 9945/990/970 9946/987/967 7757/987/967 
f 7765/992/972 9944/992/972 9945/990/970 7762/990/970 
f 9952/994/974 9943/994/974 9944/992/972 7765/992/972 
f 7771/996/976 9942/996/976 9943/994/974 9952/994/974 
f 7775/998/977 9930/998/977 9942/996/976 7771/996/976 
f 7778/1001/960 9941/1001/960 9925/1002/962 7779/1002/962 
f 7783/1004/957 9940/1004/957 9941/1001/960 7778/1001/960 
f 7786/1006/958 9939/1006/958 9940/1004/957 7783/1004/957 
f 7789/1008/978 9938/1008/978 9939/1006/958 7786/1006/958 
f 7792/1010/979 9937/1010/979 9938/1008/978 7789/1008/978 
f 7796/1012/980 9928/1012/980 9937/1010/979 7792/1010/979 
f 7799/1015/964 9935/1015/964 9936/1016/953 7734/1016/953 
f 7802/1018/966 9934/1018/966 9935/1015/964 7799/1015/964 
f 7805/1020/969 9933/1020/969 9934/1018/966 7802/1018/966 
f 7808/1022/971 9932/1022/971 9933/1020/969 7805/1020/969 
f 7811/1024/973 9931/1024/973 9932/1022/971 7808/1022/971 
f 7813/1026/975 9926/1026/975 9931/1024/973 7811/1024/973 
f 7753/984/965 9929/984/965 9930/998/977 7775/998/977 
f 7758/988/968 9927/988/968 9928/1012/980 7796/1012/980 
f 7779/1002/962 9925/1002/962 9926/1026/975 7813/1026/975 
f 7735/973/954 9923/973/954 9924/974/955 7738/974/955 
f 9953/1249/989 9506/1194/989 9545/1214/989 9954/1250/992 
f 9955/1251/992 9558/1220/992 9531/1207/989 9956/1252/989 
f 9957/1253/989 9544/1213/989 9517/1200/989 9958/1254/989 
f 9959/1255/992 9530/1206/989 9515/1199/989 9960/1256/992 
f 9961/1257/992 9556/1219/992 9558/1220/992 9955/1251/992 
f 9962/1258/992 9554/1218/992 9556/1219/992 9961/1257/992 
f 9963/1259/989 9552/1217/992 9554/1218/992 9962/1258/992 
f 9964/1260/989 9550/1216/992 9552/1217/992 9963/1259/989 
f 9965/1261/992 9548/1215/992 9550/1216/992 9964/1260/989 
f 9954/1250/992 9545/1214/989 9548/1215/992 9965/1261/992 
f 9966/1262/989 9542/1212/989 9544/1213/989 9957/1253/989 
f 9967/1263/992 9540/1211/992 9542/1212/989 9966/1262/989 
f 9968/1264/989 9538/1210/989 9540/1211/992 9967/1263/992 
f 9969/1265/989 9536/1209/989 9538/1210/989 9968/1264/989 
f 9970/1266/989 9534/1208/989 9536/1209/989 9969/1265/989 
f 9956/1252/989 9531/1207/989 9534/1208/989 9970/1266/989 
f 9971/1267/992 9528/1205/989 9530/1206/989 9959/1255/992 
f 9972/1268/992 9526/1204/989 9528/1205/989 9971/1267/992 
f 9973/1269/989 9524/1203/989 9526/1204/989 9972/1268/992 
f 9974/1270/989 9522/1202/992 9524/1203/989 9973/1269/989 
f 9975/1271/992 9520/1201/992 9522/1202/992 9974/1270/989 
f 9958/1254/989 9517/1200/989 9520/1201/992 9975/1271/992 
f 9960/1256/992 9515/1199/989 9513/1198/989 9976/1272/992 
f 9976/1272/992 9513/1198/989 9511/1197/992 9977/1273/992 
f 9977/1273/992 9511/1197/992 9509/1196/992 9978/1274/989 
f 9978/1274/989 9509/1196/992 9507/1195/989 9979/1275/992 
f 9979/1275/992 9507/1195/989 9503/1193/989 9980/1276/992 
f 9980/1276/992 9503/1193/989 9506/1194/989 9953/1249/989 
f 9612/971/1311 9980/1276/992 9953/1249/989 9613/972/1312 
f 9614/975/1313 9979/1275/992 9980/1276/992 9612/971/1311 
f 9564/977/1287 9978/1274/989 9979/1275/992 9614/975/1313 
f 9563/979/1286 9977/1273/992 9978/1274/989 9564/977/1287 
f 9566/981/1288 9976/1272/992 9977/1273/992 9563/979/1286 
f 9568/983/1289 9960/1256/992 9976/1272/992 9566/981/1288 
f 9570/985/1290 9958/1254/989 9975/1271/992 9571/986/1291 
f 9571/986/1291 9975/1271/992 9974/1270/989 9573/989/1292 
f 9573/989/1292 9974/1270/989 9973/1269/989 9576/991/1293 
f 9576/991/1293 9973/1269/989 9972/1268/992 9578/993/1294 
f 9578/993/1294 9972/1268/992 9971/1267/992 9580/995/1295 
f 9580/995/1295 9971/1267/992 9959/1255/992 9582/997/1296 
f 9584/999/1297 9956/1252/989 9970/1266/989 9585/1000/1298 
f 9585/1000/1298 9970/1266/989 9969/1265/989 9587/1003/1299 
f 9587/1003/1299 9969/1265/989 9968/1264/989 9590/1005/1300 
f 9590/1005/1300 9968/1264/989 9967/1263/992 9592/1007/1301 
f 9592/1007/1301 9967/1263/992 9966/1262/989 9594/1009/1302 
f 9594/1009/1302 9966/1262/989 9957/1253/989 9596/1011/1303 
f 9598/1013/1451 9954/1250/992 9965/1261/992 9599/1014/1305 
f 9599/1014/1305 9965/1261/992 9964/1260/989 9601/1017/1306 
f 9601/1017/1306 9964/1260/989 9963/1259/989 9603/1019/1307 
f 9603/1019/1307 9963/1259/989 9962/1258/992 9605/1021/1308 
f 9605/1021/1308 9962/1258/992 9961/1257/992 9607/1023/1309 
f 9607/1023/1309 9961/1257/992 9955/1251/992 9609/1025/1310 
f 9582/997/1296 9959/1255/992 9960/1256/992 9568/983/1289 
f 9596/1011/1303 9957/1253/989 9958/1254/989 9570/985/1290 
f 9609/1025/1310 9955/1251/992 9956/1252/989 9584/999/1297 
f 9613/972/1312 9953/1249/989 9954/1250/992 9598/1013/1451 
f 9981/973/954 8902/973/954 8903/974/955 9982/974/955 
f 9983/1002/962 8946/1002/962 8978/1026/975 9984/1026/975 
f 9985/988/968 8925/988/968 8961/1012/980 9986/1012/980 
f 9987/984/965 8920/984/965 8940/998/977 9988/998/977 
f 9984/1026/975 8978/1026/975 8976/1024/973 9989/1024/973 
f 9989/1024/973 8976/1024/973 8973/1022/971 9990/1022/971 
f 9990/1022/971 8973/1022/971 8970/1020/969 9991/1020/969 
f 9991/1020/969 8970/1020/969 8967/1018/966 9992/1018/966 
f 9992/1018/966 8967/1018/966 8964/1015/964 9993/1015/964 
f 9993/1015/964 8964/1015/964 8899/1016/953 9994/1016/953 
f 9986/1012/980 8961/1012/980 8957/1010/979 9995/1010/979 
f 9995/1010/979 8957/1010/979 8954/1008/978 9996/1008/978 
f 9996/1008/978 8954/1008/978 8951/1006/958 9997/1006/958 
f 9997/1006/958 8951/1006/958 8948/1004/957 9998/1004/957 
f 9998/1004/957 8948/1004/957 8943/1001/960 9999/1001/960 
f 9999/1001/960 8943/1001/960 8946/1002/962 9983/1002/962 
f 9988/998/977 8940/998/977 8936/996/976 10000/996/976 
f 10000/996/976 8936/996/976 8933/994/974 10001/994/974 
f 10001/994/974 8933/994/974 8930/992/972 10002/992/972 
f 10002/992/972 8930/992/972 8927/990/970 10003/990/970 
f 10003/990/970 8927/990/970 8922/987/967 10004/987/967 
f 10004/987/967 8922/987/967 8925/988/968 9985/988/968 
f 10005/982/963 8916/982/963 8920/984/965 9987/984/965 
f 10006/980/961 8913/980/961 8916/982/963 10005/982/963 
f 10007/978/959 8910/978/959 8913/980/961 10006/980/961 
f 10008/976/956 8906/976/956 8910/978/959 10007/978/959 
f 9982/974/955 8903/974/955 8906/976/956 10008/976/956 
f 9994/1016/953 8899/1016/953 8902/973/954 9981/973/954 
f 8888/1016/942 9994/1016/953 9981/973/954 8845/973/899 
f 8846/974/900 9982/974/955 10008/976/956 8848/976/902 
f 8848/976/902 10008/976/956 10007/978/959 8850/978/904 
f 8850/978/904 10007/978/959 10006/980/961 8852/980/906 
f 8852/980/906 10006/980/961 10005/982/963 8854/982/908 
f 8854/982/908 10005/982/963 9987/984/965 8856/984/910 
f 8859/987/913 10004/987/967 9985/988/968 8860/988/914 
f 8862/990/916 10003/990/970 10004/987/967 8859/987/913 
f 8864/992/918 10002/992/972 10003/990/970 8862/990/916 
f 8866/994/920 10001/994/974 10002/992/972 8864/992/918 
f 8868/996/922 10000/996/976 10001/994/974 8866/994/920 
f 8870/998/924 9988/998/977 10000/996/976 8868/996/922 
f 8873/1001/927 9999/1001/960 9983/1002/962 8874/1002/928 
f 8876/1004/930 9998/1004/957 9999/1001/960 8873/1001/927 
f 8878/1006/932 9997/1006/958 9998/1004/957 8876/1004/930 
f 8880/1008/934 9996/1008/978 9997/1006/958 8878/1006/932 
f 8882/1010/936 9995/1010/979 9996/1008/978 8880/1008/934 
f 8884/1012/938 9986/1012/980 9995/1010/979 8882/1010/936 
f 8887/1015/941 9993/1015/964 9994/1016/953 8888/1016/942 
f 8890/1018/944 9992/1018/966 9993/1015/964 8887/1015/941 
f 8892/1020/946 9991/1020/969 9992/1018/966 8890/1018/944 
f 8894/1022/948 9990/1022/971 9991/1020/969 8892/1020/946 
f 8896/1024/950 9989/1024/973 9990/1022/971 8894/1022/948 
f 8898/1026/952 9984/1026/975 9989/1024/973 8896/1024/950 
f 8856/984/910 9987/984/965 9988/998/977 8870/998/924 
f 8860/988/914 9985/988/968 9986/1012/980 8884/1012/938 
f 8874/1002/928 9983/1002/962 9984/1026/975 8898/1026/952 
f 8845/973/899 9981/973/954 9982/974/955 8846/974/900 
# 3744 polygons

